timestamp,open,high,low,close,volume
2025-05-05 23:00:00,599.8,599.8,597.49,597.61,3526.467
2025-05-06 00:00:00,597.61,600.41,597.43,599.39,14003.641
2025-05-06 01:00:00,599.38,599.5,597.75,597.77,5114.393
2025-05-06 02:00:00,597.76,599.1,596.36,599.01,7507.666
2025-05-06 03:00:00,599.0,599.6,597.83,599.22,5465.515
2025-05-06 04:00:00,599.21,599.77,598.23,599.77,4279.549
2025-05-06 05:00:00,599.77,599.86,597.8,597.91,6059.586
2025-05-06 06:00:00,597.91,599.46,597.83,599.44,6972.912
2025-05-06 07:00:00,599.45,599.71,598.5,599.04,11451.334
2025-05-06 08:00:00,599.03,599.04,597.13,598.25,13540.337
2025-05-06 09:00:00,598.24,598.69,595.96,596.7,14000.332
2025-05-06 10:00:00,596.7,597.78,594.93,595.85,25935.176
2025-05-06 11:00:00,595.86,596.5,593.23,594.39,8453.324
2025-05-06 12:00:00,594.39,595.86,593.76,595.75,6871.391
2025-05-06 13:00:00,595.76,596.38,593.97,595.38,9570.249
2025-05-06 14:00:00,595.39,598.4,595.34,596.9,11416.979
2025-05-06 15:00:00,596.89,599.0,596.81,598.54,6356.881
2025-05-06 16:00:00,598.54,598.99,596.69,596.69,8123.085
2025-05-06 17:00:00,596.69,599.76,596.69,599.11,9859.697
2025-05-06 18:00:00,599.1,601.5,599.1,601.43,4919.215
2025-05-06 19:00:00,601.43,602.56,599.5,599.52,7057.389
2025-05-06 20:00:00,599.52,601.0,598.05,598.36,3567.565
2025-05-06 21:00:00,598.35,599.74,596.83,597.55,6736.492
2025-05-06 22:00:00,597.56,602.98,597.55,602.1,10166.045
2025-05-06 23:00:00,602.1,603.18,601.0,602.57,7184.354
2025-05-07 00:00:00,602.57,607.0,602.5,603.84,13334.564
2025-05-07 01:00:00,603.85,605.97,602.9,603.26,7328.509
2025-05-07 02:00:00,603.26,603.9,601.62,601.91,6126.338
2025-05-07 03:00:00,601.91,603.08,601.44,602.01,5323.119
2025-05-07 04:00:00,602.0,604.62,601.98,604.33,7927.961
2025-05-07 05:00:00,604.33,604.63,603.56,603.97,6638.173
2025-05-07 06:00:00,603.96,605.6,602.63,605.0,12040.049
2025-05-07 07:00:00,605.0,606.64,604.67,606.6,8356.792
2025-05-07 08:00:00,606.59,606.96,604.99,605.96,8703.306
2025-05-07 09:00:00,605.96,606.9,605.76,606.0,5264.437
2025-05-07 10:00:00,606.01,606.09,603.85,604.6,8278.211
2025-05-07 11:00:00,604.6,606.5,604.2,606.49,8986.925
2025-05-07 12:00:00,606.49,609.07,606.49,608.0,15166.758
2025-05-07 13:00:00,607.99,608.0,604.42,604.9,9084.233
2025-05-07 14:00:00,604.91,605.35,602.69,602.96,7502.87
2025-05-07 15:00:00,602.96,603.17,600.51,600.82,15448.613
2025-05-07 16:00:00,600.81,600.97,598.0,600.11,10064.71
2025-05-07 17:00:00,600.11,600.18,598.17,599.1,5479.836
2025-05-07 18:00:00,599.1,602.07,598.1,601.05,7942.487
2025-05-07 19:00:00,601.05,601.13,598.51,599.04,6146.07
2025-05-07 20:00:00,599.04,599.1,597.89,599.1,4366.918
2025-05-07 21:00:00,599.09,601.0,598.43,600.66,5140.57
2025-05-07 22:00:00,600.66,602.37,600.45,601.94,4813.016
2025-05-07 23:00:00,601.94,603.98,601.85,602.7,4624.126
2025-05-08 00:00:00,602.7,603.66,600.89,603.4,11601.309
2025-05-08 01:00:00,603.39,605.1,600.8,601.1,17228.772
2025-05-08 02:00:00,601.1,608.24,601.1,606.9,14469.214
2025-05-08 03:00:00,606.91,611.0,606.41,610.99,15741.833
2025-05-08 04:00:00,611.0,612.0,608.19,609.13,19518.415
2025-05-08 05:00:00,609.12,610.1,608.4,609.41,8566.033
2025-05-08 06:00:00,609.4,611.75,609.4,611.33,11389.237
2025-05-08 07:00:00,611.34,614.5,611.34,612.75,19102.506
2025-05-08 08:00:00,612.74,617.88,612.69,616.3,18344.781
2025-05-08 09:00:00,616.3,617.21,615.39,616.78,8331.343
2025-05-08 10:00:00,616.78,617.49,614.5,616.46,11912.068
2025-05-08 11:00:00,616.46,616.46,612.78,613.62,11980.992
2025-05-08 12:00:00,613.62,615.1,613.25,613.3,12902.844
2025-05-08 13:00:00,613.3,617.74,613.29,616.26,15568.816
2025-05-08 14:00:00,616.25,618.98,614.9,617.24,24048.512
2025-05-08 15:00:00,617.24,623.49,617.05,621.01,41430.981
2025-05-08 16:00:00,621.0,622.9,620.1,621.57,13810.762
2025-05-08 17:00:00,621.57,621.57,614.84,616.6,22270.523
2025-05-08 18:00:00,616.6,618.37,616.55,617.66,9268.721
2025-05-08 19:00:00,617.66,619.5,616.03,619.4,13570.322
2025-05-08 20:00:00,619.41,626.76,619.13,626.27,21953.904
2025-05-08 21:00:00,626.26,628.34,622.41,624.71,16713.227
2025-05-08 22:00:00,624.71,624.73,621.74,623.96,7619.731
2025-05-08 23:00:00,623.97,629.33,622.65,629.17,16922.679
2025-05-09 00:00:00,629.17,629.37,625.39,626.72,13156.523
2025-05-09 01:00:00,626.71,628.8,623.12,625.85,18607.266
2025-05-09 02:00:00,625.84,625.84,623.61,624.71,12095.902
2025-05-09 03:00:00,624.71,628.0,624.08,624.7,13940.16
2025-05-09 04:00:00,624.71,626.29,624.5,625.29,5987.358
2025-05-09 05:00:00,625.29,627.36,624.87,627.36,5575.92
2025-05-09 06:00:00,627.36,630.2,627.32,630.19,20011.35
2025-05-09 07:00:00,630.18,635.87,630.07,631.53,34051.235
2025-05-09 08:00:00,631.53,640.96,630.75,633.79,50737.778
2025-05-09 09:00:00,633.79,637.83,628.83,631.29,26756.589
2025-05-09 10:00:00,631.29,636.53,630.26,636.39,15429.548
2025-05-09 11:00:00,636.4,641.16,635.27,636.66,31844.127
2025-05-09 12:00:00,636.65,639.51,635.0,637.08,16691.197
2025-05-09 13:00:00,637.09,643.94,636.84,643.05,22180.267
2025-05-09 14:00:00,643.05,643.05,631.55,634.55,32578.303
2025-05-09 15:00:00,634.56,636.52,632.24,635.9,16601.651
2025-05-09 16:00:00,635.89,636.29,631.15,632.01,14673.682
2025-05-09 17:00:00,632.0,636.8,631.35,635.9,8295.574
2025-05-09 18:00:00,635.91,636.52,634.7,635.69,5139.114
2025-05-09 19:00:00,635.69,636.81,634.81,635.24,3792.991
2025-05-09 20:00:00,635.24,639.33,635.0,639.32,10010.067
2025-05-09 21:00:00,639.33,640.1,637.45,640.1,5108.377
2025-05-09 22:00:00,640.09,644.2,639.72,643.6,8608.634
2025-05-09 23:00:00,643.6,671.15,643.57,666.29,88861.256
2025-05-10 00:00:00,666.29,678.95,665.3,667.48,82371.857
2025-05-10 01:00:00,667.49,673.38,667.35,672.83,27967.258
2025-05-10 02:00:00,672.83,674.78,670.4,670.94,16714.478
2025-05-10 03:00:00,670.94,670.95,659.29,661.72,33741.875
2025-05-10 04:00:00,661.72,661.73,655.0,658.32,30870.173
2025-05-10 05:00:00,658.32,660.0,656.69,659.86,10300.005
2025-05-10 06:00:00,659.86,663.39,659.73,663.38,9217.622
2025-05-10 07:00:00,663.39,664.39,660.92,661.86,15730.629
2025-05-10 08:00:00,661.87,663.5,657.06,659.91,22004.317
2025-05-10 09:00:00,659.92,661.09,656.38,660.06,10768.808
2025-05-10 10:00:00,660.07,661.18,655.5,655.51,11528.644
2025-05-10 11:00:00,655.5,657.15,648.84,649.25,21911.74
2025-05-10 12:00:00,649.27,654.85,648.83,652.19,13028.02
2025-05-10 13:00:00,652.2,655.52,651.06,653.85,13547.984
2025-05-10 14:00:00,653.85,654.43,650.58,651.8,11277.119
2025-05-10 15:00:00,651.8,652.69,649.16,651.44,13389.985
2025-05-10 16:00:00,651.45,657.19,650.85,656.52,12365.781
2025-05-10 17:00:00,656.52,658.5,653.72,655.2,12406.94
2025-05-10 18:00:00,655.2,655.7,652.3,653.12,9742.48
2025-05-10 19:00:00,653.13,654.72,651.03,652.36,7967.584
2025-05-10 20:00:00,652.36,655.05,649.5,654.81,8998.329
2025-05-10 21:00:00,654.81,658.36,652.58,657.02,8278.827
2025-05-10 22:00:00,657.02,657.18,653.8,656.36,9769.791
2025-05-10 23:00:00,656.35,664.0,656.15,663.9,30695.184
2025-05-11 00:00:00,663.9,668.49,656.17,663.77,52224.818
2025-05-11 01:00:00,663.77,664.3,655.91,658.49,26289.106
2025-05-11 02:00:00,658.5,663.9,658.09,660.33,17378.564
2025-05-11 03:00:00,660.33,663.9,659.23,662.31,10688.476
2025-05-11 04:00:00,662.3,667.29,662.2,665.5,14757.209
2025-05-11 05:00:00,665.49,667.29,664.12,664.16,10821.137
2025-05-11 06:00:00,664.17,664.27,657.6,659.98,14735.807
2025-05-11 07:00:00,659.98,659.98,654.42,655.54,27068.286
2025-05-11 08:00:00,655.54,658.4,654.49,654.71,16164.174
2025-05-11 09:00:00,654.7,658.64,654.7,657.62,8791.296
2025-05-11 10:00:00,657.61,659.0,656.35,659.0,5495.779
2025-05-11 11:00:00,659.0,659.83,657.77,659.1,5134.112
2025-05-11 12:00:00,659.11,659.76,656.8,657.53,11989.762
2025-05-11 13:00:00,657.54,658.39,649.81,649.81,33378.894
2025-05-11 14:00:00,649.82,654.0,649.82,653.09,8850.557
2025-05-11 15:00:00,653.09,655.27,649.6,651.41,10971.814
2025-05-11 16:00:00,651.41,651.96,647.83,650.53,9548.359
2025-05-11 17:00:00,650.52,653.22,649.75,652.9,6723.826
2025-05-11 18:00:00,652.89,655.16,650.83,654.44,5597.741
2025-05-11 19:00:00,654.45,654.6,652.98,653.43,3548.873
2025-05-11 20:00:00,653.42,653.59,650.59,651.31,3235.413
2025-05-11 21:00:00,651.3,652.13,649.26,651.99,4012.783
2025-05-11 22:00:00,651.99,653.49,648.8,650.7,7770.989
2025-05-11 23:00:00,650.69,652.5,649.68,651.15,4821.184
2025-05-12 00:00:00,651.15,656.65,650.33,655.07,14346.391
2025-05-12 01:00:00,655.06,657.42,647.31,651.48,11544.236
2025-05-12 02:00:00,651.49,654.6,651.28,653.19,8771.521
2025-05-12 03:00:00,653.2,655.7,651.83,655.7,8244.371
2025-05-12 04:00:00,655.7,657.5,654.72,655.99,10830.366
2025-05-12 05:00:00,655.99,657.0,652.3,654.17,9166.608
2025-05-12 06:00:00,654.17,658.99,653.33,658.8,8512.958
2025-05-12 07:00:00,658.81,668.17,655.96,661.29,48906.581
2025-05-12 08:00:00,661.3,671.0,657.67,668.7,40565.788
2025-05-12 09:00:00,668.71,673.0,666.76,667.98,31095.649
2025-05-12 10:00:00,667.98,676.62,667.84,676.61,27132.999
2025-05-12 11:00:00,676.61,693.0,676.16,678.1,89387.669
2025-05-12 12:00:00,678.09,691.88,677.34,688.7,37172.731
2025-05-12 13:00:00,688.71,689.38,679.9,680.66,30813.1
2025-05-12 14:00:00,680.66,681.09,664.66,666.09,60927.52
2025-05-12 15:00:00,666.1,668.71,661.0,663.68,30044.224
2025-05-12 16:00:00,663.69,670.02,661.26,668.17,19479.154
2025-05-12 17:00:00,668.17,671.0,660.69,661.71,15650.176
2025-05-12 18:00:00,661.71,663.81,649.55,655.96,39542.348
2025-05-12 19:00:00,655.97,661.7,655.33,659.83,13402.902
2025-05-12 20:00:00,659.83,663.29,658.0,661.7,8383.554
2025-05-12 21:00:00,661.7,663.74,660.6,662.91,4511.996
2025-05-12 22:00:00,662.92,663.74,661.26,662.91,7138.386
2025-05-12 23:00:00,662.9,663.06,659.92,660.07,10815.717
2025-05-13 00:00:00,660.08,660.13,654.3,655.34,14472.421
2025-05-13 01:00:00,655.34,657.4,650.01,652.72,17685.209
2025-05-13 02:00:00,652.73,653.7,644.0,646.31,36472.332
2025-05-13 03:00:00,646.31,647.49,640.8,641.93,16416.3
2025-05-13 04:00:00,641.92,648.29,640.66,648.17,11438.992
2025-05-13 05:00:00,648.17,648.48,645.97,647.89,8448.862
2025-05-13 06:00:00,647.89,649.61,647.22,648.77,8746.613
2025-05-13 07:00:00,648.78,652.54,648.55,649.48,13953.145
2025-05-13 08:00:00,649.48,650.86,648.0,648.76,7311.367
2025-05-13 09:00:00,648.77,653.44,648.5,652.71,17580.641
2025-05-13 10:00:00,652.71,652.9,649.46,650.42,12995.45
2025-05-13 11:00:00,650.41,654.49,650.24,653.12,11665.624
2025-05-13 12:00:00,653.13,657.01,649.84,653.75,31422.527
2025-05-13 13:00:00,653.75,659.01,653.0,656.75,34402.41
2025-05-13 14:00:00,656.75,657.13,649.94,651.94,26066.708
2025-05-13 15:00:00,651.94,655.71,651.76,655.54,14796.256
2025-05-13 16:00:00,655.54,662.59,655.3,660.1,23748.915
2025-05-13 17:00:00,660.1,666.29,659.74,661.64,30344.511
2025-05-13 18:00:00,661.64,666.99,661.48,666.67,17154.492
2025-05-13 19:00:00,666.67,672.0,664.04,666.66,24932.428
2025-05-13 20:00:00,666.65,667.13,663.82,665.32,13280.395
2025-05-13 21:00:00,665.32,666.52,663.92,665.41,6884.333
2025-05-13 22:00:00,665.41,666.9,664.23,664.67,7041.147
2025-05-13 23:00:00,664.67,666.72,662.37,664.13,9048.672
2025-05-14 00:00:00,664.12,665.2,660.41,662.62,10622.43
2025-05-14 01:00:00,662.61,667.33,661.03,662.3,27760.106
2025-05-14 02:00:00,662.31,662.64,657.74,660.31,15480.423
2025-05-14 03:00:00,660.31,663.5,658.42,661.8,16661.154
2025-05-14 04:00:00,661.8,663.3,659.03,663.05,7413.427
2025-05-14 05:00:00,663.05,664.39,661.22,663.48,8928.624
2025-05-14 06:00:00,663.48,663.63,661.27,662.67,7142.747
2025-05-14 07:00:00,662.67,662.68,656.57,658.29,19058.364
2025-05-14 08:00:00,658.28,659.5,650.91,651.18,35486.704
2025-05-14 09:00:00,651.19,655.5,650.08,655.42,15220.904
2025-05-14 10:00:00,655.42,657.1,654.61,655.65,10546.929
2025-05-14 11:00:00,655.65,661.05,655.65,659.7,11209.987
2025-05-14 12:00:00,659.71,659.85,654.88,655.4,17546.109
2025-05-14 13:00:00,655.4,657.39,651.67,654.59,15287.811
2025-05-14 14:00:00,654.6,655.2,651.12,654.34,9645.099
2025-05-14 15:00:00,654.34,654.59,648.3,651.92,21596.921
2025-05-14 16:00:00,651.93,653.56,649.72,651.19,9047.401
2025-05-14 17:00:00,651.2,652.0,647.15,651.67,7169.901
2025-05-14 18:00:00,651.66,654.68,651.66,653.56,4416.214
2025-05-14 19:00:00,653.55,654.12,652.27,652.62,3432.917
2025-05-14 20:00:00,652.62,653.36,651.32,651.32,3300.812
2025-05-14 21:00:00,651.32,652.6,649.7,652.43,3365.614
2025-05-14 22:00:00,652.43,652.6,650.4,651.07,3465.813
2025-05-14 23:00:00,651.07,652.66,649.5,652.47,6223.583
2025-05-15 00:00:00,652.47,654.97,652.11,654.4,5050.488
2025-05-15 01:00:00,654.4,654.83,645.04,646.62,13667.112
2025-05-15 02:00:00,646.62,650.07,645.92,648.9,6828.539
2025-05-15 03:00:00,648.9,649.76,646.93,647.72,8709.677
2025-05-15 04:00:00,647.71,651.88,647.32,651.83,6781.148
2025-05-15 05:00:00,651.84,652.52,648.52,648.61,14335.998
2025-05-15 06:00:00,648.6,650.9,645.62,647.85,23421.208
2025-05-15 07:00:00,647.85,648.84,642.29,644.53,23604.293
2025-05-15 08:00:00,644.54,654.26,644.44,652.63,28597.532
2025-05-15 09:00:00,652.63,653.38,647.2,650.04,13615.431
2025-05-15 10:00:00,650.04,650.59,647.83,650.4,10888.835
2025-05-15 11:00:00,650.4,654.37,650.06,653.38,9615.938
2025-05-15 12:00:00,653.37,656.13,652.63,653.61,13576.05
2025-05-15 13:00:00,653.6,654.82,646.24,649.78,11136.196
2025-05-15 14:00:00,649.79,652.93,643.21,646.78,21918.072
2025-05-15 15:00:00,646.77,656.04,646.49,655.4,18862.222
2025-05-15 16:00:00,655.39,659.85,653.9,659.77,14264.091
2025-05-15 17:00:00,659.76,661.0,656.6,657.24,12676.535
2025-05-15 18:00:00,657.24,658.66,648.79,649.61,19883.588
2025-05-15 19:00:00,649.62,653.33,648.51,651.93,8079.853
2025-05-15 20:00:00,651.93,653.58,649.5,652.85,6238.175
2025-05-15 21:00:00,652.84,653.82,648.79,653.29,5834.374
2025-05-15 22:00:00,653.29,654.9,651.27,651.35,5337.675
2025-05-15 23:00:00,651.35,651.88,645.75,651.88,10637.783
2025-05-16 00:00:00,651.88,654.0,650.6,651.09,8030.685
2025-05-16 01:00:00,651.1,652.82,646.7,652.59,10097.53
2025-05-16 02:00:00,652.6,658.14,651.38,657.44,14315.85
2025-05-16 03:00:00,657.45,659.97,656.7,657.89,11490.225
2025-05-16 04:00:00,657.89,659.28,655.28,656.78,8986.147
2025-05-16 05:00:00,656.79,658.82,656.78,658.24,5493.94
2025-05-16 06:00:00,658.24,658.99,656.73,658.37,9535.103
2025-05-16 07:00:00,658.37,658.83,655.2,655.48,13652.947
2025-05-16 08:00:00,655.49,656.65,651.65,653.0,15518.271
2025-05-16 09:00:00,653.0,655.79,652.23,655.65,12697.927
2025-05-16 10:00:00,655.65,657.39,655.15,656.71,9713.321
2025-05-16 11:00:00,656.71,657.24,653.27,654.37,6005.301
2025-05-16 12:00:00,654.36,654.6,652.4,652.51,4729.607
2025-05-16 13:00:00,652.51,655.16,652.02,654.67,8946.796
2025-05-16 14:00:00,654.67,654.67,650.11,650.69,10611.68
2025-05-16 15:00:00,650.69,653.5,650.51,651.99,6308.894
2025-05-16 16:00:00,652.0,654.51,650.05,652.4,6947.655
2025-05-16 17:00:00,652.4,653.2,648.14,648.95,7646.832
2025-05-16 18:00:00,648.96,650.09,648.07,648.67,4071.43
2025-05-16 19:00:00,648.66,650.45,648.25,649.8,3600.225
2025-05-16 20:00:00,649.8,650.42,645.83,646.63,7541.558
2025-05-16 21:00:00,646.64,649.1,646.2,646.71,4016.425
2025-05-16 22:00:00,646.71,646.71,644.0,644.89,6867.989
2025-05-16 23:00:00,644.88,647.68,644.88,646.76,3967.269
2025-05-17 00:00:00,646.76,646.9,641.0,642.44,13959.675
2025-05-17 01:00:00,642.44,642.44,635.05,637.92,19398.134
2025-05-17 02:00:00,637.93,641.51,636.15,640.88,9190.671
2025-05-17 03:00:00,640.89,643.98,639.55,643.47,6114.167
2025-05-17 04:00:00,643.46,645.84,642.72,644.73,5628.308
2025-05-17 05:00:00,644.73,645.56,642.28,642.58,3268.964
2025-05-17 06:00:00,642.58,644.55,642.58,644.33,4168.89
2025-05-17 07:00:00,644.33,645.66,642.6,643.05,8318.131
2025-05-17 08:00:00,643.04,644.22,641.24,641.24,6538.971
2025-05-17 09:00:00,641.24,642.48,639.57,641.49,5750.734
2025-05-17 10:00:00,641.49,642.71,640.55,641.71,3373.671
2025-05-17 11:00:00,641.71,642.55,640.0,641.52,4874.52
2025-05-17 12:00:00,641.52,642.04,640.39,640.95,4224.533
2025-05-17 13:00:00,640.95,641.45,636.61,638.08,7922.073
2025-05-17 14:00:00,638.08,642.78,638.0,642.73,4502.22
2025-05-17 15:00:00,642.74,642.99,640.28,640.56,4532.19
2025-05-17 16:00:00,640.57,641.98,636.01,638.96,6571.012
2025-05-17 17:00:00,638.96,642.16,638.59,640.45,4357.004
2025-05-17 18:00:00,640.45,642.74,639.6,639.69,3433.918
2025-05-17 19:00:00,639.68,641.66,639.17,640.42,2178.699
2025-05-17 20:00:00,640.41,642.64,638.44,641.81,4158.883
2025-05-17 21:00:00,641.81,642.6,640.6,642.11,1978.871
2025-05-17 22:00:00,642.1,642.11,637.77,638.94,4816.076
2025-05-17 23:00:00,638.94,640.39,638.16,639.51,2517.396
2025-05-18 00:00:00,639.5,641.97,639.0,641.41,4525.289
2025-05-18 01:00:00,641.42,643.11,640.41,642.57,3173.348
2025-05-18 02:00:00,642.58,643.14,641.54,642.01,3228.952
2025-05-18 03:00:00,642.02,643.4,641.0,642.4,2712.837
2025-05-18 04:00:00,642.41,644.0,642.41,643.07,4276.694
2025-05-18 05:00:00,643.08,646.33,643.07,645.86,7491.077
2025-05-18 06:00:00,645.85,646.05,643.07,643.82,3286.82
2025-05-18 07:00:00,643.83,645.66,643.14,645.59,4901.061
2025-05-18 08:00:00,645.59,648.97,645.58,647.21,7629.347
2025-05-18 09:00:00,647.21,648.55,645.0,645.19,6294.816
2025-05-18 10:00:00,645.2,646.1,644.99,646.02,4655.252
2025-05-18 11:00:00,646.01,646.4,644.95,645.19,3015.148
2025-05-18 12:00:00,645.2,646.22,643.9,646.22,3089.755
2025-05-18 13:00:00,646.22,649.16,645.6,648.95,6524.948
2025-05-18 14:00:00,648.95,652.29,647.86,651.21,12673.258
2025-05-18 15:00:00,651.21,655.19,650.25,653.98,15193.462
2025-05-18 16:00:00,653.98,655.06,651.62,653.78,10288.106
2025-05-18 17:00:00,653.78,654.61,647.32,647.57,14831.067
2025-05-18 18:00:00,647.58,647.69,641.35,644.01,17288.145
2025-05-18 19:00:00,644.01,645.34,638.1,638.13,8474.634
2025-05-18 20:00:00,638.12,640.99,634.39,640.05,24407.362
2025-05-18 21:00:00,640.09,645.09,640.09,642.22,5124.886
2025-05-18 22:00:00,642.22,648.23,640.23,648.15,6625.465
2025-05-18 23:00:00,648.15,652.5,645.71,651.53,9763.567
2025-05-19 00:00:00,651.54,653.53,646.5,647.39,14068.736
2025-05-19 01:00:00,647.38,648.16,642.32,643.71,12046.422
2025-05-19 02:00:00,643.71,644.7,640.59,641.79,7964.722
2025-05-19 03:00:00,641.79,642.06,638.29,638.93,10641.343
2025-05-19 04:00:00,638.94,640.99,634.34,636.21,12774.613
2025-05-19 05:00:00,636.21,638.97,635.25,638.57,10066.032
2025-05-19 06:00:00,638.57,640.33,633.67,633.78,10277.944
2025-05-19 07:00:00,633.78,639.73,633.51,638.62,8679.608
2025-05-19 08:00:00,638.61,640.3,637.11,638.65,8121.232
2025-05-19 09:00:00,638.66,641.0,637.69,639.71,5432.836
2025-05-19 10:00:00,639.71,641.2,638.29,640.39,6310.813
2025-05-19 11:00:00,640.38,640.64,638.9,639.96,4513.675
2025-05-19 12:00:00,639.95,640.05,635.93,636.7,7384.336
2025-05-19 13:00:00,636.7,641.68,636.61,640.51,12793.101
2025-05-19 14:00:00,640.51,644.28,640.1,643.7,9150.398
2025-05-19 15:00:00,643.69,647.5,643.6,645.2,12505.922
2025-05-19 16:00:00,645.21,647.3,644.4,647.3,12591.918
2025-05-19 17:00:00,647.29,649.5,645.7,646.68,11800.395
2025-05-19 18:00:00,646.68,648.2,644.72,646.39,4230.097
2025-05-19 19:00:00,646.39,649.55,646.31,648.44,6156.779
2025-05-19 20:00:00,648.43,649.67,647.41,649.12,3821.598
2025-05-19 21:00:00,649.12,649.8,647.52,649.73,3504.162
2025-05-19 22:00:00,649.73,651.0,649.0,650.08,8051.412
2025-05-19 23:00:00,650.09,652.01,648.99,649.62,8013.426
2025-05-20 00:00:00,649.62,653.38,648.5,649.24,8365.369
2025-05-20 01:00:00,649.23,652.76,649.03,651.33,6144.688
2025-05-20 02:00:00,651.33,653.75,650.5,650.82,7159.036
2025-05-20 03:00:00,650.83,651.99,649.75,650.53,6759.028
2025-05-20 04:00:00,650.53,651.57,648.63,651.21,4009.667
2025-05-20 05:00:00,651.21,652.38,650.4,651.79,7548.161
2025-05-20 06:00:00,651.79,652.18,649.33,650.41,6802.875
2025-05-20 07:00:00,650.41,650.65,646.35,647.34,8961.02
2025-05-20 08:00:00,647.33,648.13,645.43,648.02,8729.856
2025-05-20 09:00:00,648.03,648.43,646.46,648.19,5395.981
2025-05-20 10:00:00,648.2,648.36,644.58,645.57,5594.777
2025-05-20 11:00:00,645.58,645.68,641.72,643.82,8642.682
2025-05-20 12:00:00,643.81,643.81,641.09,642.54,11532.435
2025-05-20 13:00:00,642.55,642.93,640.44,641.44,9414.73
2025-05-20 14:00:00,641.44,643.73,640.14,642.49,8421.567
2025-05-20 15:00:00,642.49,645.73,642.44,644.8,6284.039
2025-05-20 16:00:00,644.8,646.51,643.48,645.09,7191.672
2025-05-20 17:00:00,645.1,648.21,645.1,646.74,6962.537
2025-05-20 18:00:00,646.73,647.69,642.88,643.81,6065.056
2025-05-20 19:00:00,643.8,649.0,643.61,648.05,6430.74
2025-05-20 20:00:00,648.05,649.62,647.07,649.59,6865.277
2025-05-20 21:00:00,649.6,650.68,647.82,650.0,4588.784
2025-05-20 22:00:00,650.0,650.68,648.37,650.58,2991.331
2025-05-20 23:00:00,650.57,652.67,649.82,650.0,8722.983
2025-05-21 00:00:00,650.0,651.78,649.1,649.78,8495.939
2025-05-21 01:00:00,649.78,652.0,648.85,649.4,8878.362
2025-05-21 02:00:00,649.4,651.44,648.49,651.32,6966.795
2025-05-21 03:00:00,651.32,657.98,651.32,656.59,21160.845
2025-05-21 04:00:00,656.6,669.0,656.53,660.98,39054.606
2025-05-21 05:00:00,660.98,662.38,659.48,660.92,11903.67
2025-05-21 06:00:00,660.93,662.19,659.37,660.13,10301.386
2025-05-21 07:00:00,660.13,660.5,652.51,652.89,16941.506
2025-05-21 08:00:00,652.9,654.67,651.02,651.24,9175.477
2025-05-21 09:00:00,651.24,651.99,650.03,651.51,9675.149
2025-05-21 10:00:00,651.51,653.5,650.11,653.1,8984.693
2025-05-21 11:00:00,653.11,655.2,652.73,654.86,5445.065
2025-05-21 12:00:00,654.86,656.31,652.68,654.5,12637.319
2025-05-21 13:00:00,654.49,657.74,652.18,656.09,10708.523
2025-05-21 14:00:00,656.1,659.35,653.97,658.99,11171.355
2025-05-21 15:00:00,658.99,665.33,656.53,663.62,67462.679
2025-05-21 16:00:00,663.62,672.57,662.54,670.17,66282.764
2025-05-21 17:00:00,670.17,672.21,660.32,662.59,78292.778
2025-05-21 18:00:00,662.6,670.81,662.52,666.9,17259.733
2025-05-21 19:00:00,666.9,672.5,666.9,670.96,10005.848
2025-05-21 20:00:00,670.96,672.72,668.26,669.55,5386.755
2025-05-21 21:00:00,669.56,674.38,669.51,674.38,5428.488
2025-05-21 22:00:00,674.37,675.0,671.5,673.2,9981.384
2025-05-21 23:00:00,673.21,678.0,672.47,673.31,18930.776
2025-05-22 00:00:00,673.31,677.0,673.0,676.63,15156.005
2025-05-22 01:00:00,676.62,678.57,674.34,676.43,10920.353
2025-05-22 02:00:00,676.42,686.67,676.42,681.79,57444.898
2025-05-22 03:00:00,681.8,690.02,681.25,685.34,40012.969
2025-05-22 04:00:00,685.34,687.5,681.48,683.05,20021.291
2025-05-22 05:00:00,683.04,684.5,681.01,681.36,9457.259
2025-05-22 06:00:00,681.37,682.02,679.34,679.51,10407.778
2025-05-22 07:00:00,679.51,684.36,678.69,682.64,20422.491
2025-05-22 08:00:00,682.63,684.84,681.33,683.07,15942.062
2025-05-22 09:00:00,683.08,686.36,682.09,685.6,19275.962
2025-05-22 10:00:00,685.61,685.84,681.23,684.3,21305.62
2025-05-22 11:00:00,684.3,687.99,681.88,687.11,18403.281
2025-05-22 12:00:00,687.1,688.0,685.26,687.58,12171.116
2025-05-22 13:00:00,687.59,687.99,684.38,685.58,17959.201
2025-05-22 14:00:00,685.57,687.1,684.5,685.95,12912.005
2025-05-22 15:00:00,685.95,685.98,681.29,681.94,16307.553
2025-05-22 16:00:00,681.94,686.01,679.8,680.23,28287.247
2025-05-22 17:00:00,680.23,681.86,679.5,680.4,6508.424
2025-05-22 18:00:00,680.4,681.82,679.26,681.13,5303.679
2025-05-22 19:00:00,681.14,681.5,679.7,680.99,4321.377
2025-05-22 20:00:00,681.0,682.3,679.2,680.36,5844.38
2025-05-22 21:00:00,680.37,682.1,680.03,681.76,4448.506
2025-05-22 22:00:00,681.77,684.36,681.7,683.62,9236.266
2025-05-22 23:00:00,683.62,687.18,683.62,686.57,7938.273
2025-05-23 00:00:00,686.57,686.71,683.9,685.38,7403.928
2025-05-23 01:00:00,685.38,688.54,684.46,688.01,8773.75
2025-05-23 02:00:00,688.01,691.35,687.43,689.0,17414.588
2025-05-23 03:00:00,689.0,691.34,687.85,688.01,9301.485
2025-05-23 04:00:00,688.01,689.41,683.8,686.73,9295.569
2025-05-23 05:00:00,686.74,688.96,685.82,688.53,7443.35
2025-05-23 06:00:00,688.52,689.94,682.31,684.13,13056.309
2025-05-23 07:00:00,684.14,687.79,682.03,682.29,12852.13
2025-05-23 08:00:00,682.29,684.99,681.94,684.74,7291.646
2025-05-23 09:00:00,684.74,687.2,684.25,687.05,6728.669
2025-05-23 10:00:00,687.06,687.24,683.1,683.73,6855.717
2025-05-23 11:00:00,683.73,683.87,670.01,672.0,39930.76
2025-05-23 12:00:00,672.0,672.26,652.19,664.83,81286.816
2025-05-23 13:00:00,664.84,673.04,663.5,672.79,24769.024
2025-05-23 14:00:00,672.8,675.0,671.41,673.1,13925.603
2025-05-23 15:00:00,673.1,674.2,670.45,670.56,10043.021
2025-05-23 16:00:00,670.56,671.07,665.89,669.44,14085.241
2025-05-23 17:00:00,669.45,671.0,667.8,669.03,5798.268
2025-05-23 18:00:00,669.03,669.03,666.39,667.08,7761.452
2025-05-23 19:00:00,667.08,667.71,665.24,665.61,5267.669
2025-05-23 20:00:00,665.61,665.61,662.13,662.86,7101.305
2025-05-23 21:00:00,662.86,664.1,660.72,662.23,5970.423
2025-05-23 22:00:00,662.24,664.08,659.41,660.0,7164.791
2025-05-23 23:00:00,660.01,660.44,654.0,656.98,14147.193
2025-05-24 00:00:00,656.99,661.82,655.4,659.49,12655.426
2025-05-24 01:00:00,659.48,663.65,659.43,660.35,8760.566
2025-05-24 02:00:00,660.36,663.89,659.82,663.89,7194.718
2025-05-24 03:00:00,663.89,666.42,662.86,664.46,7018.904
2025-05-24 04:00:00,664.47,668.0,664.24,667.7,6629.557
2025-05-24 05:00:00,667.7,669.09,666.02,668.23,7989.774
2025-05-24 06:00:00,668.23,670.76,666.49,668.68,9466.678
2025-05-24 07:00:00,668.68,671.62,667.76,668.17,8109.7
2025-05-24 08:00:00,668.16,672.56,668.15,671.5,8283.561
2025-05-24 09:00:00,671.51,673.54,670.6,671.37,9403.584
2025-05-24 10:00:00,671.37,677.47,671.2,676.41,14685.33
2025-05-24 11:00:00,676.4,676.69,673.62,674.69,6846.389
2025-05-24 12:00:00,674.69,675.82,674.0,675.8,5382.516
2025-05-24 13:00:00,675.79,676.21,671.56,672.0,9708.276
2025-05-24 14:00:00,672.01,674.28,671.53,673.96,4547.978
2025-05-24 15:00:00,673.96,674.38,672.1,674.09,3965.334
2025-05-24 16:00:00,674.09,675.39,672.7,675.3,3862.066
2025-05-24 17:00:00,675.31,676.47,673.9,675.63,4190.938
2025-05-24 18:00:00,675.63,676.75,674.61,675.29,3661.2
2025-05-24 19:00:00,675.29,676.66,674.94,676.58,3270.778
2025-05-24 20:00:00,676.58,676.8,671.0,672.65,5179.123
2025-05-24 21:00:00,672.64,673.18,669.45,671.59,5527.971
2025-05-24 22:00:00,671.6,671.6,669.01,669.29,3749.818
2025-05-24 23:00:00,669.3,669.45,666.17,668.01,5051.854
2025-05-25 00:00:00,668.0,668.36,662.0,663.12,10765.952
2025-05-25 01:00:00,663.11,665.7,660.07,663.7,7900.062
2025-05-25 02:00:00,663.7,666.38,661.84,666.25,5435.357
2025-05-25 03:00:00,666.26,667.16,665.7,665.91,5175.567
2025-05-25 04:00:00,665.91,666.4,664.0,666.3,3100.388
2025-05-25 05:00:00,666.29,666.4,663.89,664.62,3238.557
2025-05-25 06:00:00,664.62,664.8,662.84,662.88,3953.009
2025-05-25 07:00:00,662.89,662.95,660.1,661.96,8444.455
2025-05-25 08:00:00,661.96,661.98,657.1,658.86,14465.317
2025-05-25 09:00:00,658.85,661.1,658.0,660.18,13979.013
2025-05-25 10:00:00,660.19,662.0,660.11,660.84,9590.917
2025-05-25 11:00:00,660.84,662.9,660.5,661.88,9854.885
2025-05-25 12:00:00,661.89,664.79,661.73,664.32,6800.733
2025-05-25 13:00:00,664.33,667.35,664.2,666.74,9600.441
2025-05-25 14:00:00,666.73,668.13,663.78,665.02,7001.259
2025-05-25 15:00:00,665.02,665.71,661.17,663.2,9250.881
2025-05-25 16:00:00,663.21,666.25,661.81,665.9,7033.783
2025-05-25 17:00:00,665.9,666.7,664.17,665.06,7579.484
2025-05-25 18:00:00,665.06,666.11,664.8,664.93,3488.731
2025-05-25 19:00:00,664.94,668.24,664.93,667.27,4514.82
2025-05-25 20:00:00,667.27,667.98,666.55,667.06,2302.569
2025-05-25 21:00:00,667.06,668.82,665.7,666.31,2352.736
2025-05-25 22:00:00,666.31,671.67,666.14,670.84,8537.641
2025-05-25 23:00:00,670.84,671.42,669.23,669.44,4841.765
2025-05-26 00:00:00,669.45,671.65,668.22,671.51,6612.257
2025-05-26 01:00:00,671.51,672.49,669.85,671.69,6150.835
2025-05-26 02:00:00,671.69,671.75,669.76,671.17,5261.017
2025-05-26 03:00:00,671.18,677.47,670.03,674.28,14598.105
2025-05-26 04:00:00,674.27,674.49,673.5,673.51,5620.079
2025-05-26 05:00:00,673.51,674.61,671.8,673.87,5363.555
2025-05-26 06:00:00,673.87,674.22,671.99,674.11,10505.346
2025-05-26 07:00:00,674.1,675.53,673.2,674.74,6862.936
2025-05-26 08:00:00,674.74,675.93,672.82,672.99,8459.828
2025-05-26 09:00:00,673.0,674.49,672.37,673.01,6463.125
2025-05-26 10:00:00,673.01,675.15,673.0,674.9,7918.116
2025-05-26 11:00:00,674.9,675.38,673.14,674.17,8744.134
2025-05-26 12:00:00,674.18,675.93,673.38,675.86,11036.559
2025-05-26 13:00:00,675.86,676.38,671.76,672.1,21025.095
2025-05-26 14:00:00,672.1,674.34,671.11,673.77,12073.133
2025-05-26 15:00:00,673.78,675.83,672.92,675.41,6650.618
2025-05-26 16:00:00,675.41,678.33,672.74,676.0,13272.851
2025-05-26 17:00:00,676.0,676.38,671.0,672.78,8303.689
2025-05-26 18:00:00,672.79,673.75,671.4,671.55,3181.893
2025-05-26 19:00:00,671.55,673.47,670.99,672.32,2857.667
2025-05-26 20:00:00,672.32,674.54,671.4,673.93,2466.533
2025-05-26 21:00:00,673.92,674.29,671.98,672.71,2089.077
2025-05-26 22:00:00,672.71,675.08,672.71,673.24,2570.739
2025-05-26 23:00:00,673.24,674.4,672.38,674.29,2061.065
2025-05-27 00:00:00,674.3,674.49,672.63,672.8,4119.171
2025-05-27 01:00:00,672.8,672.86,666.56,668.96,18650.937
2025-05-27 02:00:00,668.97,673.13,668.71,672.93,10463.228
2025-05-27 03:00:00,672.93,674.81,671.69,674.13,8795.432
2025-05-27 04:00:00,674.14,675.25,673.37,674.13,4660.778
2025-05-27 05:00:00,674.12,675.2,672.72,675.03,7066.488
2025-05-27 06:00:00,675.03,681.56,675.02,677.8,20260.734
2025-05-27 07:00:00,677.81,681.51,677.8,681.01,12983.206
2025-05-27 08:00:00,681.01,684.39,681.0,681.46,16871.23
2025-05-27 09:00:00,681.47,684.24,681.25,682.61,15956.003
2025-05-27 10:00:00,682.61,683.24,679.64,680.25,15726.794
2025-05-27 11:00:00,680.26,682.37,679.81,682.2,8167.384
2025-05-27 12:00:00,682.2,684.0,682.18,683.69,7990.928
2025-05-27 13:00:00,683.7,689.44,683.69,689.06,33594.233
2025-05-27 14:00:00,689.07,697.73,687.17,688.82,54064.978
2025-05-27 15:00:00,688.82,693.75,686.46,691.02,21945.336
2025-05-27 16:00:00,691.02,694.5,690.0,692.53,15491.454
2025-05-27 17:00:00,692.53,694.52,690.0,690.54,9380.279
2025-05-27 18:00:00,690.54,691.84,688.1,689.06,8289.735
2025-05-27 19:00:00,689.06,691.3,688.5,689.6,6668.016
2025-05-27 20:00:00,689.6,689.8,688.07,688.3,3850.539
2025-05-27 21:00:00,688.3,689.9,686.83,688.19,4765.253
2025-05-27 22:00:00,688.2,689.33,686.4,687.72,4917.412
2025-05-27 23:00:00,687.73,688.81,685.92,686.91,11483.943
2025-05-28 00:00:00,686.9,687.15,683.89,685.8,7884.49
2025-05-28 01:00:00,685.79,686.41,683.39,683.48,4422.033
2025-05-28 02:00:00,683.48,685.65,682.25,683.6,10939.681
2025-05-28 03:00:00,683.61,684.84,681.43,684.34,9970.93
2025-05-28 04:00:00,684.34,685.12,681.35,684.2,7980.186
2025-05-28 05:00:00,684.19,684.53,681.53,683.64,4179.748
2025-05-28 06:00:00,683.63,683.63,680.04,680.74,8879.456
2025-05-28 07:00:00,680.74,682.71,680.23,681.97,8320.018
2025-05-28 08:00:00,681.97,683.69,681.2,683.51,8699.377
2025-05-28 09:00:00,683.51,683.89,681.31,683.67,9980.104
2025-05-28 10:00:00,683.67,687.0,682.0,686.43,11898.0
2025-05-28 11:00:00,686.44,687.48,684.73,687.44,8849.56
2025-05-28 12:00:00,687.44,689.22,687.02,688.78,10584.675
2025-05-28 13:00:00,688.79,689.0,683.85,683.92,13153.997
2025-05-28 14:00:00,683.92,686.06,681.35,681.6,23261.472
2025-05-28 15:00:00,681.59,684.15,681.01,681.88,12388.657
2025-05-28 16:00:00,681.88,684.39,681.88,684.05,7181.42
2025-05-28 17:00:00,684.04,688.0,683.9,686.08,8998.592
2025-05-28 18:00:00,686.09,687.45,685.81,685.95,4267.035
2025-05-28 19:00:00,685.95,688.87,682.99,683.21,8769.698
2025-05-28 20:00:00,683.2,688.91,683.11,687.4,8613.948
2025-05-28 21:00:00,687.41,687.9,685.89,687.75,3419.25
2025-05-28 22:00:00,687.75,687.92,685.18,687.03,3688.861
2025-05-28 23:00:00,687.03,688.75,686.61,686.89,5544.555
2025-05-29 00:00:00,686.89,691.24,686.37,691.07,8921.148
2025-05-29 01:00:00,691.07,691.07,688.54,688.95,5857.807
2025-05-29 02:00:00,688.95,691.15,687.37,689.3,16803.353
2025-05-29 03:00:00,689.31,689.5,685.71,686.3,6151.726
2025-05-29 04:00:00,686.3,687.23,680.31,682.22,20488.089
2025-05-29 05:00:00,682.23,683.45,680.89,682.47,9117.605
2025-05-29 06:00:00,682.46,683.76,680.93,683.76,7039.534
2025-05-29 07:00:00,683.76,685.45,682.55,685.29,8895.556
2025-05-29 08:00:00,685.3,688.38,684.39,688.37,12145.56
2025-05-29 09:00:00,688.37,690.06,686.4,688.2,14579.73
2025-05-29 10:00:00,688.2,688.69,684.8,685.05,18194.733
2025-05-29 11:00:00,685.05,685.98,684.4,685.79,5558.535
2025-05-29 12:00:00,685.79,685.98,682.92,683.86,8968.0
2025-05-29 13:00:00,683.87,685.92,683.4,684.21,11906.666
2025-05-29 14:00:00,684.22,684.62,679.11,683.6,15776.558
2025-05-29 15:00:00,683.6,683.8,680.64,681.19,5205.675
2025-05-29 16:00:00,681.19,681.26,678.23,678.91,10043.684
2025-05-29 17:00:00,678.9,680.72,677.88,678.72,6942.891
2025-05-29 18:00:00,678.73,680.01,676.31,676.63,4700.736
2025-05-29 19:00:00,676.64,678.06,673.33,674.87,10109.86
2025-05-29 20:00:00,674.88,682.84,674.87,677.08,13373.615
2025-05-29 21:00:00,677.08,682.0,675.29,678.74,20527.461
2025-05-29 22:00:00,678.74,681.98,676.15,676.89,11654.386
2025-05-29 23:00:00,676.9,677.64,673.56,675.02,8022.228
2025-05-30 00:00:00,675.02,678.5,665.7,667.66,25523.239
2025-05-30 01:00:00,667.65,673.69,666.92,670.55,18270.582
2025-05-30 02:00:00,670.56,674.19,670.46,672.64,6155.658
2025-05-30 03:00:00,672.63,674.09,672.23,673.14,4320.54
2025-05-30 04:00:00,673.14,673.2,670.0,672.18,9867.036
2025-05-30 05:00:00,672.18,674.4,672.16,674.06,6196.076
2025-05-30 06:00:00,674.07,674.14,669.24,670.09,9516.885
2025-05-30 07:00:00,670.09,671.7,667.0,667.27,13320.356
2025-05-30 08:00:00,667.27,669.87,666.71,668.66,9372.223
2025-05-30 09:00:00,668.66,669.6,665.95,669.37,10264.054
2025-05-30 10:00:00,669.37,671.0,668.16,670.75,5563.911
2025-05-30 11:00:00,670.75,671.76,669.62,671.19,5460.313
2025-05-30 12:00:00,671.18,672.37,668.09,671.54,7380.68
2025-05-30 13:00:00,671.54,672.31,667.75,668.13,7277.299
2025-05-30 14:00:00,668.13,670.16,666.77,669.31,7918.303
2025-05-30 15:00:00,669.31,671.76,668.22,668.54,6314.481
2025-05-30 16:00:00,668.53,669.54,660.37,661.58,21405.919
2025-05-30 17:00:00,661.58,664.54,660.81,662.2,7543.143
2025-05-30 18:00:00,662.2,666.57,661.74,666.32,4704.715
2025-05-30 19:00:00,666.31,666.9,664.94,666.32,2582.742
2025-05-30 20:00:00,666.33,666.78,664.84,665.24,2444.099
2025-05-30 21:00:00,665.24,666.61,663.8,664.1,2135.992
2025-05-30 22:00:00,664.1,664.55,656.03,656.03,10338.503
2025-05-30 23:00:00,656.03,657.52,653.22,655.36,14846.76
2025-05-31 00:00:00,655.36,656.04,649.21,650.35,24503.198
2025-05-31 01:00:00,650.36,653.12,645.04,648.49,21578.487
2025-05-31 02:00:00,648.49,651.97,646.35,647.97,9542.431
2025-05-31 03:00:00,647.98,651.1,646.03,650.69,10422.273
2025-05-31 04:00:00,650.69,653.23,647.71,653.13,6367.431
2025-05-31 05:00:00,653.13,654.78,652.02,653.11,4233.547
2025-05-31 06:00:00,653.11,655.47,652.75,653.91,5246.562
2025-05-31 07:00:00,653.91,654.6,652.4,653.85,4600.802
2025-05-31 08:00:00,653.84,654.64,652.1,654.2,6027.061
2025-05-31 09:00:00,654.19,654.87,653.3,654.46,4263.392
2025-05-31 10:00:00,654.45,656.51,652.38,654.17,6738.884
2025-05-31 11:00:00,654.18,654.4,652.8,654.06,2436.433
2025-05-31 12:00:00,654.07,656.84,653.9,656.84,4299.795
2025-05-31 13:00:00,656.83,659.0,656.11,656.52,7941.048
2025-05-31 14:00:00,656.52,659.21,656.1,658.48,10179.156
2025-05-31 15:00:00,658.48,659.53,655.97,656.34,6790.912
2025-05-31 16:00:00,656.35,658.29,655.87,656.98,4240.806
2025-05-31 17:00:00,656.99,657.54,655.63,655.78,2752.21
2025-05-31 18:00:00,655.79,657.82,655.69,657.33,2399.995
2025-05-31 19:00:00,657.33,660.36,657.32,658.53,3205.035
2025-05-31 20:00:00,658.53,660.39,658.52,660.28,2120.186
2025-05-31 21:00:00,660.29,661.42,659.56,659.93,2724.567
2025-05-31 22:00:00,659.94,660.95,658.59,658.59,2459.723
2025-05-31 23:00:00,658.59,659.43,657.81,658.01,3305.456
2025-06-01 00:00:00,658.01,658.08,656.1,656.67,4679.292
2025-06-01 01:00:00,656.67,657.1,654.47,654.92,6576.312
2025-06-01 02:00:00,654.92,656.43,652.7,655.82,4986.296
2025-06-01 03:00:00,655.82,656.11,653.33,655.58,4784.485
2025-06-01 04:00:00,655.58,657.12,653.7,656.93,4237.562
2025-06-01 05:00:00,656.92,657.03,655.22,656.36,4663.054
2025-06-01 06:00:00,656.35,656.35,653.47,654.33,3874.56
2025-06-01 07:00:00,654.33,654.33,652.4,653.61,4498.884
2025-06-01 08:00:00,653.61,653.61,651.73,652.37,5985.163
2025-06-01 09:00:00,652.37,653.15,648.09,650.0,10956.342
2025-06-01 10:00:00,649.99,651.1,648.27,649.11,5723.359
2025-06-01 11:00:00,649.11,650.81,648.2,650.5,4488.92
2025-06-01 12:00:00,650.5,650.83,647.58,649.1,5340.26
2025-06-01 13:00:00,649.1,651.13,648.81,650.0,4976.447
2025-06-01 14:00:00,650.0,654.42,650.0,652.67,12717.611
2025-06-01 15:00:00,652.67,654.78,651.81,654.72,5170.266
2025-06-01 16:00:00,654.72,657.99,654.62,657.13,9415.224
2025-06-01 17:00:00,657.14,657.7,655.6,655.8,5360.789
2025-06-01 18:00:00,655.81,655.86,650.8,653.26,6025.969
2025-06-01 19:00:00,653.27,655.1,653.1,655.04,2668.597
2025-06-01 20:00:00,655.03,656.92,654.98,656.09,2971.471
2025-06-01 21:00:00,656.1,658.96,656.0,658.22,3713.29
2025-06-01 22:00:00,658.22,660.57,658.19,659.15,3783.673
2025-06-01 23:00:00,659.15,662.48,659.15,660.77,4209.622
2025-06-02 00:00:00,660.77,662.89,659.86,660.71,3771.253
2025-06-02 01:00:00,660.72,664.24,660.49,660.49,5731.232
2025-06-02 02:00:00,660.5,662.39,658.76,659.05,5039.491
2025-06-02 03:00:00,659.05,659.32,656.46,656.68,7287.587
2025-06-02 04:00:00,656.69,658.55,655.18,657.63,5664.961
2025-06-02 05:00:00,657.62,658.48,655.71,657.22,2922.537
2025-06-02 06:00:00,657.23,658.88,656.3,657.84,4882.567
2025-06-02 07:00:00,657.84,659.4,657.73,658.16,8241.973
2025-06-02 08:00:00,658.16,658.57,655.36,655.83,4895.569
2025-06-02 09:00:00,655.83,655.89,653.0,653.14,7982.574
2025-06-02 10:00:00,653.14,653.4,651.42,652.48,7081.288
2025-06-02 11:00:00,652.47,652.6,650.45,651.32,5871.845
2025-06-02 12:00:00,651.33,653.05,650.05,653.0,6764.545
2025-06-02 13:00:00,653.0,655.77,651.94,653.4,10985.065
2025-06-02 14:00:00,653.4,657.06,652.57,655.44,8203.701
2025-06-02 15:00:00,655.44,658.24,654.14,657.23,5534.307
2025-06-02 16:00:00,657.23,658.6,655.7,658.55,5329.027
2025-06-02 17:00:00,658.56,660.81,658.2,660.81,6803.241
2025-06-02 18:00:00,660.82,662.0,659.5,660.19,4441.611
2025-06-02 19:00:00,660.2,661.61,658.88,661.1,3569.865
2025-06-02 20:00:00,661.1,662.8,660.35,661.04,3634.456
2025-06-02 21:00:00,661.05,664.42,660.93,662.8,4514.262
2025-06-02 22:00:00,662.8,665.33,662.8,664.69,6091.111
2025-06-02 23:00:00,664.7,667.0,664.5,665.93,8541.537
2025-06-03 00:00:00,665.93,670.0,665.81,668.4,10460.852
2025-06-03 01:00:00,668.4,672.83,668.39,671.14,15166.291
2025-06-03 02:00:00,671.14,673.43,668.78,669.86,11171.126
2025-06-03 03:00:00,669.85,670.38,666.6,667.65,6518.179
2025-06-03 04:00:00,667.65,668.16,666.23,666.85,3176.832
2025-06-03 05:00:00,666.84,668.43,666.38,667.34,5205.229
2025-06-03 06:00:00,667.33,667.5,665.25,667.05,4088.061
2025-06-03 07:00:00,667.05,667.3,665.1,665.1,5212.595
2025-06-03 08:00:00,665.11,665.65,663.66,665.47,6705.253
2025-06-03 09:00:00,665.46,668.1,665.12,667.11,9151.073
2025-06-03 10:00:00,667.11,667.38,665.78,666.44,5781.642
2025-06-03 11:00:00,666.44,666.8,664.65,665.2,6658.648
2025-06-03 12:00:00,665.2,665.29,662.66,664.0,7375.744
2025-06-03 13:00:00,664.0,665.68,662.66,664.43,7188.787
2025-06-03 14:00:00,664.43,668.33,662.07,667.5,12451.314
2025-06-03 15:00:00,667.49,668.55,666.66,667.19,7375.202
2025-06-03 16:00:00,667.19,667.89,664.78,665.04,7807.495
2025-06-03 17:00:00,665.03,666.9,664.8,665.87,3904.344
2025-06-03 18:00:00,665.86,666.0,663.16,664.27,3372.182
2025-06-03 19:00:00,664.27,665.7,663.95,665.2,2402.388
2025-06-03 20:00:00,665.2,665.27,658.8,661.46,6831.506
2025-06-03 21:00:00,661.47,661.8,657.11,658.31,3838.409
2025-06-03 22:00:00,658.3,661.97,658.0,661.34,3560.092
2025-06-03 23:00:00,661.35,661.84,660.4,661.59,2974.215
2025-06-04 00:00:00,661.6,663.4,660.84,663.26,3781.431
2025-06-04 01:00:00,663.26,667.2,663.24,666.95,7840.192
2025-06-04 02:00:00,666.95,668.52,666.27,666.28,4736.593
2025-06-04 03:00:00,666.28,669.99,666.28,668.41,5597.729
2025-06-04 04:00:00,668.41,670.0,668.04,668.22,5606.203
2025-06-04 05:00:00,668.23,669.8,668.13,668.82,4764.517
2025-06-04 06:00:00,668.83,669.77,668.17,669.1,5424.579
2025-06-04 07:00:00,669.1,671.01,668.95,670.86,8362.294
2025-06-04 08:00:00,670.86,671.76,670.0,670.18,5866.654
2025-06-04 09:00:00,670.18,670.8,669.0,670.47,4270.278
2025-06-04 10:00:00,670.47,670.73,669.01,669.6,3082.897
2025-06-04 11:00:00,669.61,670.25,667.6,667.8,5449.577
2025-06-04 12:00:00,667.81,669.15,666.99,667.5,4219.871
2025-06-04 13:00:00,667.5,668.99,666.11,667.69,5210.135
2025-06-04 14:00:00,667.69,668.54,665.15,668.49,7053.443
2025-06-04 15:00:00,668.48,670.99,667.2,669.47,7983.9
2025-06-04 16:00:00,669.47,670.1,667.99,670.0,8594.059
2025-06-04 17:00:00,670.0,670.1,666.42,667.5,5865.869
2025-06-04 18:00:00,667.49,669.08,666.28,667.99,1867.615
2025-06-04 19:00:00,667.99,668.77,666.7,667.42,3054.158
2025-06-04 20:00:00,667.42,667.49,663.84,664.34,4982.239
2025-06-04 21:00:00,664.34,666.7,661.95,665.6,4434.241
2025-06-04 22:00:00,665.61,665.61,662.24,662.83,3456.789
2025-06-04 23:00:00,662.82,664.1,661.92,663.23,2968.539
2025-06-05 00:00:00,663.24,665.86,662.94,664.87,4588.606
2025-06-05 01:00:00,664.88,666.65,664.62,666.24,4539.178
2025-06-05 02:00:00,666.25,666.62,665.03,665.03,3208.793
2025-06-05 03:00:00,665.04,665.91,664.49,665.78,2417.281
2025-06-05 04:00:00,665.78,667.79,665.72,667.7,4747.417
2025-06-05 05:00:00,667.69,668.54,665.12,666.55,4509.155
2025-06-05 06:00:00,666.56,667.8,666.0,666.62,4175.718
2025-06-05 07:00:00,666.62,668.5,666.61,668.49,6341.45
2025-06-05 08:00:00,668.5,670.29,668.45,668.95,8498.549
2025-06-05 09:00:00,668.95,670.92,668.66,668.73,12755.897
2025-06-05 10:00:00,668.72,669.12,663.33,663.6,19277.237
2025-06-05 11:00:00,663.61,664.15,661.88,661.99,10209.786
2025-06-05 12:00:00,661.98,665.5,661.71,662.75,8417.856
2025-06-05 13:00:00,662.75,664.45,661.0,661.15,11005.979
2025-06-05 14:00:00,661.15,661.46,656.57,660.09,15138.504
2025-06-05 15:00:00,660.09,660.36,658.03,659.3,6105.365
2025-06-05 16:00:00,659.3,659.3,653.72,654.29,8891.615
2025-06-05 17:00:00,654.3,656.05,653.17,654.22,6116.007
2025-06-05 18:00:00,654.21,654.5,650.49,650.6,10465.785
2025-06-05 19:00:00,650.6,651.0,641.36,644.49,25414.946
2025-06-05 20:00:00,644.5,644.56,625.44,625.94,57802.283
2025-06-05 21:00:00,625.94,635.12,625.65,634.26,18262.869
2025-06-05 22:00:00,634.26,635.6,629.57,634.48,11375.938
2025-06-05 23:00:00,634.49,635.75,632.67,633.32,7276.935
2025-06-06 00:00:00,633.33,634.22,629.38,633.96,10695.958
2025-06-06 01:00:00,633.95,634.67,632.06,633.32,9117.191
2025-06-06 02:00:00,633.31,636.7,632.89,636.7,5094.462
2025-06-06 03:00:00,636.7,641.65,636.13,641.38,6082.982
2025-06-06 04:00:00,641.38,641.5,638.91,639.0,7149.704
2025-06-06 05:00:00,639.01,639.2,635.01,638.25,14643.58
2025-06-06 06:00:00,638.25,640.74,637.6,639.99,7218.899
2025-06-06 07:00:00,640.0,642.48,640.0,641.46,13456.483
2025-06-06 08:00:00,641.46,642.5,640.81,641.43,6774.239
2025-06-06 09:00:00,641.44,644.2,641.44,641.83,5979.692
2025-06-06 10:00:00,641.82,644.27,641.82,643.7,4334.141
2025-06-06 11:00:00,643.7,646.88,643.7,646.32,7424.65
2025-06-06 12:00:00,646.33,649.13,646.33,647.53,11363.067
2025-06-06 13:00:00,647.53,650.83,647.53,649.3,8245.349
2025-06-06 14:00:00,649.3,651.51,648.71,649.86,12806.922
2025-06-06 15:00:00,649.86,650.68,645.54,647.61,10008.764
2025-06-06 16:00:00,647.61,648.66,645.95,646.22,4674.315
2025-06-06 17:00:00,646.23,647.0,644.92,646.91,4623.35
2025-06-06 18:00:00,646.91,647.0,644.01,644.22,4380.711
2025-06-06 19:00:00,644.23,645.7,644.2,645.11,2853.521
2025-06-06 20:00:00,645.11,646.62,644.3,645.3,2607.418
2025-06-06 21:00:00,645.3,646.4,644.51,645.99,2103.993
2025-06-06 22:00:00,646.0,646.14,642.37,644.65,3801.564
2025-06-06 23:00:00,644.65,644.65,641.21,642.7,4095.002
2025-06-07 00:00:00,642.71,644.36,639.69,644.3,7369.005
2025-06-07 01:00:00,644.29,644.76,642.27,643.28,3658.338
2025-06-07 02:00:00,643.28,645.58,642.74,645.32,4139.496
2025-06-07 03:00:00,645.33,647.28,645.2,647.09,4734.187
2025-06-07 04:00:00,647.1,647.1,645.46,646.51,3939.931
2025-06-07 05:00:00,646.51,648.02,646.3,647.9,2509.816
2025-06-07 06:00:00,647.9,649.99,646.55,649.63,4588.896
2025-06-07 07:00:00,649.63,649.7,648.41,648.62,3460.156
2025-06-07 08:00:00,648.61,649.08,647.05,647.33,3728.993
2025-06-07 09:00:00,647.34,647.84,646.46,646.6,2371.721
2025-06-07 10:00:00,646.6,648.36,646.51,648.25,3356.177
2025-06-07 11:00:00,648.25,648.78,647.7,648.35,3546.092
2025-06-07 12:00:00,648.35,650.19,648.22,649.3,3098.071
2025-06-07 13:00:00,649.3,651.01,648.94,650.53,4821.065
2025-06-07 14:00:00,650.53,651.41,650.23,650.53,5888.758
2025-06-07 15:00:00,650.53,651.09,648.75,650.7,5306.0
2025-06-07 16:00:00,650.7,652.67,649.8,649.97,5661.959
2025-06-07 17:00:00,649.98,652.16,649.23,649.46,2480.999
2025-06-07 18:00:00,649.45,652.0,649.28,651.08,3559.709
2025-06-07 19:00:00,651.09,652.36,651.08,652.04,2055.371
2025-06-07 20:00:00,652.04,652.65,651.31,652.1,2449.242
2025-06-07 21:00:00,652.1,653.58,652.06,653.31,2120.158
2025-06-07 22:00:00,653.32,653.81,652.3,652.41,1572.245
2025-06-07 23:00:00,652.41,652.41,650.4,650.82,4249.985
2025-06-08 00:00:00,650.82,650.84,649.54,650.14,3401.729
2025-06-08 01:00:00,650.14,650.4,648.7,650.39,2238.919
2025-06-08 02:00:00,650.4,650.4,648.76,649.61,1616.476
2025-06-08 03:00:00,649.6,649.73,648.6,649.35,2268.013
2025-06-08 04:00:00,649.36,650.58,648.82,650.26,2315.2
2025-06-08 05:00:00,650.27,650.28,648.7,649.25,4407.215
2025-06-08 06:00:00,649.26,650.62,649.25,649.81,2144.698
2025-06-08 07:00:00,649.82,650.17,649.13,649.27,1976.347
2025-06-08 08:00:00,649.27,650.4,649.27,650.09,1950.737
2025-06-08 09:00:00,650.09,650.09,647.01,647.12,6367.259
2025-06-08 10:00:00,647.12,649.14,646.49,649.03,5978.149
2025-06-08 11:00:00,649.04,650.48,649.04,650.47,2359.32
2025-06-08 12:00:00,650.47,650.68,649.71,650.56,3736.992
2025-06-08 13:00:00,650.56,652.0,649.62,649.76,3045.053
2025-06-08 14:00:00,649.76,651.45,649.72,650.9,3569.843
2025-06-08 15:00:00,650.9,652.08,650.7,651.83,4114.488
2025-06-08 16:00:00,651.84,653.85,651.83,653.0,4305.795
2025-06-08 17:00:00,653.01,653.61,652.0,652.02,3073.973
2025-06-08 18:00:00,652.02,653.3,651.9,652.97,1845.46
2025-06-08 19:00:00,652.97,654.94,652.96,654.6,2156.485
2025-06-08 20:00:00,654.61,656.25,654.05,654.3,3022.403
2025-06-08 21:00:00,654.3,656.39,654.29,655.2,1335.844
2025-06-08 22:00:00,655.21,655.36,652.05,652.64,3144.527
2025-06-08 23:00:00,652.64,652.7,651.55,652.0,1925.389
2025-06-09 00:00:00,652.0,653.5,651.43,652.56,2499.496
2025-06-09 01:00:00,652.57,652.84,650.49,650.74,2600.889
2025-06-09 02:00:00,650.75,651.52,649.49,650.15,5375.246
2025-06-09 03:00:00,650.15,651.6,648.53,651.59,3667.583
2025-06-09 04:00:00,651.6,651.6,649.7,649.79,2787.445
2025-06-09 05:00:00,649.8,649.87,648.6,648.66,2422.506
2025-06-09 06:00:00,648.67,650.24,648.01,650.17,3371.875
2025-06-09 07:00:00,650.17,650.17,648.7,649.4,2829.62
2025-06-09 08:00:00,649.4,650.41,648.29,650.29,3888.095
2025-06-09 09:00:00,650.29,653.18,650.04,652.42,5807.714
2025-06-09 10:00:00,652.42,655.19,652.3,654.27,8767.166
2025-06-09 11:00:00,654.28,656.42,654.28,655.51,6295.764
2025-06-09 12:00:00,655.51,656.29,654.85,656.2,3954.245
2025-06-09 13:00:00,656.19,656.73,653.26,653.61,6073.976
2025-06-09 14:00:00,653.61,656.08,653.01,655.29,7032.427
2025-06-09 15:00:00,655.3,657.3,655.24,656.58,5747.328
2025-06-09 16:00:00,656.58,659.0,656.57,657.87,5608.662
2025-06-09 17:00:00,657.88,660.0,657.84,658.98,4355.642
2025-06-09 18:00:00,658.99,660.09,658.22,659.7,2779.085
2025-06-09 19:00:00,659.69,660.96,659.26,659.7,2622.859
2025-06-09 20:00:00,659.71,663.0,659.71,661.64,4945.257
2025-06-09 21:00:00,661.63,666.15,661.62,665.5,11420.092
2025-06-09 22:00:00,665.5,667.74,663.63,666.07,14367.932
2025-06-09 23:00:00,666.07,666.85,664.15,665.58,8051.254
2025-06-10 00:00:00,665.58,667.97,665.57,666.97,8310.479
2025-06-10 01:00:00,666.96,667.3,666.02,666.36,5242.405
2025-06-10 02:00:00,666.36,666.36,664.62,665.66,4852.218
2025-06-10 03:00:00,665.67,665.98,663.42,664.01,5640.08
2025-06-10 04:00:00,664.01,664.4,662.9,663.81,3029.269
2025-06-10 05:00:00,663.82,664.38,661.66,662.18,5127.936
2025-06-10 06:00:00,662.17,662.99,660.18,662.4,5406.69
2025-06-10 07:00:00,662.4,662.85,660.33,660.71,4470.308
2025-06-10 08:00:00,660.71,661.5,657.71,658.13,6192.412
2025-06-10 09:00:00,658.12,662.11,657.26,661.53,9807.214
2025-06-10 10:00:00,661.53,661.54,659.26,660.79,5046.843
2025-06-10 11:00:00,660.79,665.76,659.0,665.19,20560.533
2025-06-10 12:00:00,665.19,667.45,663.47,667.32,9063.548
2025-06-10 13:00:00,667.31,667.71,661.64,663.63,11644.892
2025-06-10 14:00:00,663.63,663.8,658.57,659.71,9537.482
2025-06-10 15:00:00,659.7,662.41,658.33,661.3,7839.304
2025-06-10 16:00:00,661.29,665.11,661.2,664.06,9547.749
2025-06-10 17:00:00,664.06,666.8,663.64,664.49,4954.344
2025-06-10 18:00:00,664.49,667.17,663.41,666.76,4467.728
2025-06-10 19:00:00,666.77,669.2,666.6,667.54,6987.34
2025-06-10 20:00:00,667.54,670.42,667.33,670.04,5113.047
2025-06-10 21:00:00,670.04,671.8,668.45,669.12,7047.638
2025-06-10 22:00:00,669.13,673.4,669.02,669.91,9530.934
2025-06-10 23:00:00,669.92,674.0,669.92,673.51,7224.663
2025-06-11 00:00:00,673.51,674.14,669.75,670.89,10862.975
2025-06-11 01:00:00,670.89,671.65,668.4,668.93,5603.169
2025-06-11 02:00:00,668.92,670.25,668.3,669.07,2804.183
2025-06-11 03:00:00,669.08,670.78,669.07,670.57,4177.902
2025-06-11 04:00:00,670.58,670.58,668.75,669.31,3042.195
2025-06-11 05:00:00,669.3,669.66,668.51,669.25,2519.615
2025-06-11 06:00:00,669.24,674.8,669.2,671.99,12190.849
2025-06-11 07:00:00,672.0,672.08,669.0,670.39,9291.215
2025-06-11 08:00:00,670.39,672.79,670.32,671.8,8433.804
2025-06-11 09:00:00,671.79,672.25,670.33,670.61,10044.769
2025-06-11 10:00:00,670.62,670.9,667.66,668.08,13554.697
2025-06-11 11:00:00,668.08,668.15,666.1,667.39,6470.78
2025-06-11 12:00:00,667.4,670.27,665.9,668.88,11434.739
2025-06-11 13:00:00,668.89,670.1,667.23,668.84,7835.916
2025-06-11 14:00:00,668.85,672.13,668.34,670.87,10203.631
2025-06-11 15:00:00,670.88,672.16,667.72,669.66,15681.515
2025-06-11 16:00:00,669.66,669.94,667.34,668.55,8064.604
2025-06-11 17:00:00,668.55,669.49,665.77,666.63,8107.021
2025-06-11 18:00:00,666.63,668.43,665.4,667.56,5745.977
2025-06-11 19:00:00,667.56,668.26,665.63,667.25,3169.794
2025-06-11 20:00:00,667.24,668.08,665.58,667.79,2515.719
2025-06-11 21:00:00,667.79,669.12,663.05,663.41,5319.272
2025-06-11 22:00:00,663.41,665.39,662.2,664.69,5911.562
2025-06-11 23:00:00,664.69,667.92,664.27,667.43,4948.182
2025-06-12 00:00:00,667.42,668.52,665.4,668.11,3548.464
2025-06-12 01:00:00,668.11,669.1,666.48,668.99,4993.937
2025-06-12 02:00:00,668.99,669.93,667.0,667.2,4289.781
2025-06-12 03:00:00,667.2,667.55,663.76,665.76,7728.6
2025-06-12 04:00:00,665.76,666.55,664.31,665.17,4629.586
2025-06-12 05:00:00,665.17,667.26,663.99,667.18,3226.076
2025-06-12 06:00:00,667.18,668.4,667.03,667.84,5353.972
2025-06-12 07:00:00,667.85,668.1,666.03,667.05,5381.238
2025-06-12 08:00:00,667.04,668.0,665.42,667.86,5691.692
2025-06-12 09:00:00,667.87,668.76,667.38,668.58,5436.63
2025-06-12 10:00:00,668.57,668.66,664.98,666.0,8196.23
2025-06-12 11:00:00,666.01,666.3,663.3,663.45,8010.3
2025-06-12 12:00:00,663.45,664.8,661.3,662.13,8513.97
2025-06-12 13:00:00,662.14,663.77,661.19,663.68,9358.998
2025-06-12 14:00:00,663.69,665.27,663.5,664.68,7325.961
2025-06-12 15:00:00,664.69,665.21,659.92,660.21,8013.465
2025-06-12 16:00:00,660.2,666.87,659.92,665.17,10139.526
2025-06-12 17:00:00,665.17,667.0,664.07,666.69,4900.164
2025-06-12 18:00:00,666.7,666.89,661.48,662.81,4701.954
2025-06-12 19:00:00,662.81,663.19,657.89,658.46,6279.977
2025-06-12 20:00:00,658.46,659.27,651.91,653.83,12462.385
2025-06-12 21:00:00,653.82,656.42,652.71,653.96,6076.747
2025-06-12 22:00:00,653.95,655.54,653.82,654.31,3650.431
2025-06-12 23:00:00,654.3,657.0,654.16,654.75,4883.891
2025-06-13 00:00:00,654.76,654.81,642.28,647.7,39035.216
2025-06-13 01:00:00,647.7,647.7,639.01,645.53,28528.728
2025-06-13 02:00:00,645.54,645.54,639.91,642.59,15062.827
2025-06-13 03:00:00,642.6,649.52,642.06,649.33,12298.823
2025-06-13 04:00:00,649.33,649.34,646.01,648.67,5921.941
2025-06-13 05:00:00,648.68,648.98,647.71,647.76,4352.014
2025-06-13 06:00:00,647.77,651.98,646.6,651.97,6619.664
2025-06-13 07:00:00,651.98,655.13,651.13,655.01,9227.968
2025-06-13 08:00:00,655.01,659.42,653.99,657.1,17696.084
2025-06-13 09:00:00,657.09,658.1,654.0,654.84,16883.149
2025-06-13 10:00:00,654.84,655.3,652.28,655.21,13795.216
2025-06-13 11:00:00,655.22,655.55,652.31,654.51,4603.389
2025-06-13 12:00:00,654.51,654.75,650.81,651.19,6407.221
2025-06-13 13:00:00,651.2,653.56,650.53,651.71,4753.059
2025-06-13 14:00:00,651.72,653.2,649.38,652.5,8078.572
2025-06-13 15:00:00,652.5,654.42,651.64,653.5,6648.35
2025-06-13 16:00:00,653.49,655.41,652.34,654.29,5038.205
2025-06-13 17:00:00,654.3,654.3,650.9,652.49,3671.102
2025-06-13 18:00:00,652.49,653.0,649.59,651.02,3677.325
2025-06-13 19:00:00,651.02,652.0,650.0,651.3,2426.351
2025-06-13 20:00:00,651.3,653.2,650.4,652.88,2195.192
2025-06-13 21:00:00,652.87,653.61,652.2,653.29,1787.6
2025-06-13 22:00:00,653.29,654.47,653.12,654.2,2369.734
2025-06-13 23:00:00,654.2,655.47,653.8,655.35,2226.187
2025-06-14 00:00:00,655.35,655.36,653.28,654.1,3492.896
2025-06-14 01:00:00,654.1,654.17,650.12,650.94,3613.923
2025-06-14 02:00:00,650.94,652.08,650.76,651.8,2153.585
2025-06-14 03:00:00,651.8,652.2,650.9,651.34,2422.518
2025-06-14 04:00:00,651.35,652.33,650.68,651.59,2239.013
2025-06-14 05:00:00,651.59,652.54,651.1,652.48,2028.067
2025-06-14 06:00:00,652.48,652.55,651.31,651.89,3461.124
2025-06-14 07:00:00,651.9,652.19,650.1,651.84,2914.545
2025-06-14 08:00:00,651.84,651.84,649.75,650.56,3942.562
2025-06-14 09:00:00,650.55,650.57,649.18,649.32,2710.486
2025-06-14 10:00:00,649.31,650.65,649.24,650.39,3288.28
2025-06-14 11:00:00,650.4,650.9,650.19,650.71,2484.442
2025-06-14 12:00:00,650.7,650.79,648.87,649.86,3091.355
2025-06-14 13:00:00,649.86,650.59,647.81,648.37,3192.913
2025-06-14 14:00:00,648.37,648.6,646.4,646.6,4755.685
2025-06-14 15:00:00,646.61,646.8,644.31,645.43,9346.778
2025-06-14 16:00:00,645.42,646.12,640.5,641.52,10573.717
2025-06-14 17:00:00,641.51,644.29,641.1,643.51,3213.335
2025-06-14 18:00:00,643.51,644.19,639.01,641.79,8154.835
2025-06-14 19:00:00,641.78,642.49,640.66,640.73,5453.609
2025-06-14 20:00:00,640.73,641.49,639.0,640.99,4221.374
2025-06-14 21:00:00,641.0,643.98,640.72,643.73,2917.143
2025-06-14 22:00:00,643.73,644.37,642.77,644.09,1748.333
2025-06-14 23:00:00,644.09,646.41,644.04,645.61,2269.625
2025-06-15 00:00:00,645.61,646.66,645.04,646.37,2337.465
2025-06-15 01:00:00,646.38,647.06,645.65,646.28,1904.082
2025-06-15 02:00:00,646.27,647.65,646.27,647.21,3354.245
2025-06-15 03:00:00,647.22,647.93,647.11,647.54,1990.211
2025-06-15 04:00:00,647.55,649.21,647.55,649.19,2591.118
2025-06-15 05:00:00,649.2,650.2,648.45,649.96,3197.363
2025-06-15 06:00:00,649.97,652.0,648.29,650.74,7262.316
2025-06-15 07:00:00,650.75,650.84,648.75,649.02,2857.784
2025-06-15 08:00:00,649.02,649.25,646.66,647.69,4371.963
2025-06-15 09:00:00,647.7,647.7,645.9,646.25,4776.078
2025-06-15 10:00:00,646.25,648.9,646.19,648.61,2505.124
2025-06-15 11:00:00,648.61,649.26,647.81,648.23,2767.068
2025-06-15 12:00:00,648.23,650.45,648.22,650.22,3543.115
2025-06-15 13:00:00,650.21,650.99,648.19,648.69,4032.524
2025-06-15 14:00:00,648.7,648.99,646.83,648.52,5663.814
2025-06-15 15:00:00,648.52,648.59,647.1,647.69,3876.501
2025-06-15 16:00:00,647.69,648.0,646.1,647.77,2996.731
2025-06-15 17:00:00,647.78,649.1,647.43,648.43,2743.913
2025-06-15 18:00:00,648.44,648.63,647.4,647.56,2083.796
2025-06-15 19:00:00,647.56,647.6,645.81,646.75,2134.857
2025-06-15 20:00:00,646.75,646.76,642.78,643.6,3392.961
2025-06-15 21:00:00,643.59,645.43,642.77,645.36,3072.058
2025-06-15 22:00:00,645.35,647.94,644.7,647.36,3618.771
2025-06-15 23:00:00,647.35,648.48,647.3,648.19,2250.788
2025-06-16 00:00:00,648.19,648.46,646.76,647.87,2182.424
2025-06-16 01:00:00,647.87,650.45,646.26,650.24,6432.714
2025-06-16 02:00:00,650.24,652.47,650.21,651.57,6340.771
2025-06-16 03:00:00,651.58,651.93,650.76,651.53,2976.661
2025-06-16 04:00:00,651.53,653.05,651.1,652.12,4036.99
2025-06-16 05:00:00,652.12,655.0,652.11,654.59,5995.336
2025-06-16 06:00:00,654.59,654.97,653.62,653.63,3983.403
2025-06-16 07:00:00,653.63,656.6,653.62,655.83,9223.373
2025-06-16 08:00:00,655.83,656.64,655.0,656.09,4040.801
2025-06-16 09:00:00,656.09,656.22,655.09,655.79,5755.102
2025-06-16 10:00:00,655.79,656.18,653.74,653.89,4428.522
2025-06-16 11:00:00,653.9,654.48,652.92,654.43,4242.528
2025-06-16 12:00:00,654.43,655.56,653.64,654.96,6102.041
2025-06-16 13:00:00,654.96,656.49,654.8,656.42,4482.858
2025-06-16 14:00:00,656.41,659.46,655.97,657.3,8354.921
2025-06-16 15:00:00,657.3,658.62,656.97,657.47,4047.361
2025-06-16 16:00:00,657.47,658.76,657.08,657.78,3151.972
2025-06-16 17:00:00,657.78,657.78,655.4,655.69,8205.062
2025-06-16 18:00:00,655.69,657.5,655.65,657.49,2880.072
2025-06-16 19:00:00,657.49,659.28,657.33,659.03,4561.565
2025-06-16 20:00:00,659.03,659.04,657.2,658.94,3464.299
2025-06-16 21:00:00,658.95,658.95,656.64,657.96,4108.453
2025-06-16 22:00:00,657.96,658.86,651.25,653.32,8452.055
2025-06-16 23:00:00,653.32,654.72,650.01,650.74,6754.503
2025-06-17 00:00:00,650.74,654.0,647.3,653.94,12389.98
2025-06-17 01:00:00,653.95,655.51,653.2,654.88,3340.721
2025-06-17 02:00:00,654.89,655.54,652.51,655.48,3909.964
2025-06-17 03:00:00,655.49,656.59,655.07,656.4,2960.465
2025-06-17 04:00:00,656.4,656.44,655.05,655.88,3025.919
2025-06-17 05:00:00,655.87,656.26,655.08,656.09,3977.509
2025-06-17 06:00:00,656.08,659.0,655.59,658.1,8740.929
2025-06-17 07:00:00,658.1,658.55,655.73,657.84,9971.147
2025-06-17 08:00:00,657.84,658.97,656.31,656.81,17943.935
2025-06-17 09:00:00,656.82,658.39,656.7,657.25,15394.316
2025-06-17 10:00:00,657.24,657.33,653.33,654.84,22526.316
2025-06-17 11:00:00,654.84,654.84,652.31,653.49,5737.78
2025-06-17 12:00:00,653.48,654.2,652.9,653.55,4145.043
2025-06-17 13:00:00,653.55,656.0,652.2,652.2,5831.202
2025-06-17 14:00:00,652.2,653.72,650.5,650.76,8827.204
2025-06-17 15:00:00,650.77,650.77,645.08,646.28,13916.518
2025-06-17 16:00:00,646.28,646.56,640.84,640.9,10856.022
2025-06-17 17:00:00,640.9,644.72,640.11,642.41,7558.152
2025-06-17 18:00:00,642.4,646.16,642.24,646.12,5327.466
2025-06-17 19:00:00,646.12,649.9,646.01,648.44,5200.682
2025-06-17 20:00:00,648.44,649.02,646.68,646.92,3164.534
2025-06-17 21:00:00,646.91,648.69,645.74,647.57,3881.254
2025-06-17 22:00:00,647.57,648.1,645.54,645.73,2237.081
2025-06-17 23:00:00,645.73,648.88,645.72,648.08,2118.124
2025-06-18 00:00:00,648.09,650.87,647.98,650.82,3164.115
2025-06-18 01:00:00,650.82,654.31,650.58,650.59,6726.12
2025-06-18 02:00:00,650.6,653.41,649.56,652.22,4963.188
2025-06-18 03:00:00,652.23,653.2,651.68,651.9,5375.17
2025-06-18 04:00:00,651.89,653.47,651.4,652.6,3581.978
2025-06-18 05:00:00,652.61,653.44,652.47,652.79,2524.478
2025-06-18 06:00:00,652.78,653.29,651.03,651.16,3686.133
2025-06-18 07:00:00,651.17,651.55,650.45,651.45,3864.334
2025-06-18 08:00:00,651.45,652.4,649.77,649.94,6851.08
2025-06-18 09:00:00,649.95,650.9,648.01,648.01,7779.872
2025-06-18 10:00:00,648.02,648.22,641.7,642.56,13796.193
2025-06-18 11:00:00,642.56,645.81,641.8,645.1,5279.828
2025-06-18 12:00:00,645.1,645.1,642.18,642.39,4290.335
2025-06-18 13:00:00,642.39,642.49,637.35,640.67,14697.678
2025-06-18 14:00:00,640.67,644.6,639.84,642.72,8542.967
2025-06-18 15:00:00,642.71,643.64,639.3,642.32,7200.383
2025-06-18 16:00:00,642.32,642.7,640.0,641.09,8828.764
2025-06-18 17:00:00,641.08,641.98,637.72,641.65,6763.919
2025-06-18 18:00:00,641.65,643.21,638.61,638.7,6476.037
2025-06-18 19:00:00,638.7,641.44,638.23,639.53,5512.222
2025-06-18 20:00:00,639.55,644.79,638.7,644.5,4404.349
2025-06-18 21:00:00,644.5,645.41,642.72,644.85,3901.074
2025-06-18 22:00:00,644.85,645.29,643.71,644.89,2998.268
2025-06-18 23:00:00,644.89,645.48,643.26,644.77,2517.189
2025-06-19 00:00:00,644.77,645.89,643.62,644.88,4085.735
2025-06-19 01:00:00,644.88,644.89,641.35,642.03,5329.354
2025-06-19 02:00:00,642.02,643.78,641.49,642.73,1837.587
2025-06-19 03:00:00,642.73,645.3,642.72,645.3,2140.78
2025-06-19 04:00:00,645.3,646.0,644.59,645.7,3985.625
2025-06-19 05:00:00,645.69,646.5,645.33,645.5,2926.373
2025-06-19 06:00:00,645.5,646.43,643.83,644.7,4820.912
2025-06-19 07:00:00,644.71,645.56,644.44,644.55,3944.548
2025-06-19 08:00:00,644.54,645.61,644.25,644.3,3846.378
2025-06-19 09:00:00,644.3,645.84,643.85,644.6,3556.847
2025-06-19 10:00:00,644.6,645.29,644.0,644.16,2611.187
2025-06-19 11:00:00,644.16,644.19,642.34,642.39,2676.0
2025-06-19 12:00:00,642.4,642.8,641.41,642.1,5785.203
2025-06-19 13:00:00,642.09,642.82,640.78,640.9,4552.917
2025-06-19 14:00:00,640.89,642.1,640.0,640.41,5139.254
2025-06-19 15:00:00,640.41,641.49,639.41,639.66,3300.9
2025-06-19 16:00:00,639.67,640.4,638.66,638.78,2880.299
2025-06-19 17:00:00,638.78,642.8,638.67,642.25,4020.064
2025-06-19 18:00:00,642.25,642.95,641.64,642.49,2847.758
2025-06-19 19:00:00,642.48,642.86,641.79,642.65,1996.943
2025-06-19 20:00:00,642.65,643.35,641.93,642.83,2132.084
2025-06-19 21:00:00,642.84,643.51,642.5,643.3,1985.836
2025-06-19 22:00:00,643.3,644.86,643.3,644.35,2347.181
2025-06-19 23:00:00,644.35,645.0,643.82,644.65,1655.22
2025-06-20 00:00:00,644.65,645.2,643.84,644.69,3005.824
2025-06-20 01:00:00,644.7,645.3,643.66,645.29,3008.044
2025-06-20 02:00:00,645.3,645.55,644.24,644.62,2601.801
2025-06-20 03:00:00,644.63,644.93,644.11,644.81,2291.813
2025-06-20 04:00:00,644.81,644.94,641.64,641.98,4788.257
2025-06-20 05:00:00,641.98,644.31,641.97,644.31,3487.584
2025-06-20 06:00:00,644.3,645.32,644.21,645.31,4676.187
2025-06-20 07:00:00,645.32,647.85,644.92,647.82,7199.488
2025-06-20 08:00:00,647.83,649.73,647.83,648.81,10731.016
2025-06-20 09:00:00,648.8,649.34,647.3,647.3,7262.815
2025-06-20 10:00:00,647.31,648.44,646.49,647.42,9340.187
2025-06-20 11:00:00,647.42,648.24,646.67,647.34,4110.199
2025-06-20 12:00:00,647.33,647.9,647.0,647.58,3016.774
2025-06-20 13:00:00,647.59,651.02,646.31,647.42,10293.285
2025-06-20 14:00:00,647.42,648.38,642.93,643.22,9092.828
2025-06-20 15:00:00,643.22,646.42,643.06,645.46,6469.25
2025-06-20 16:00:00,645.45,645.59,643.36,643.98,6807.877
2025-06-20 17:00:00,643.98,644.57,638.0,642.05,22104.535
2025-06-20 18:00:00,642.04,642.65,639.94,641.79,6303.987
2025-06-20 19:00:00,641.8,642.85,639.55,642.69,3834.658
2025-06-20 20:00:00,642.68,645.27,642.65,644.58,3670.777
2025-06-20 21:00:00,644.58,644.58,642.86,642.87,2237.12
2025-06-20 22:00:00,642.87,642.88,640.22,640.7,3956.368
2025-06-20 23:00:00,640.71,641.79,639.59,641.61,2988.948
2025-06-21 00:00:00,641.61,642.73,641.03,641.97,3301.854
2025-06-21 01:00:00,641.97,644.29,641.9,644.16,3211.7
2025-06-21 02:00:00,644.16,644.23,643.03,644.17,2352.887
2025-06-21 03:00:00,644.17,644.84,644.17,644.2,2214.355
2025-06-21 04:00:00,644.21,644.41,642.42,642.54,2708.624
2025-06-21 05:00:00,642.54,643.02,642.2,642.9,1670.205
2025-06-21 06:00:00,642.91,643.5,642.47,643.3,2538.433
2025-06-21 07:00:00,643.31,643.35,639.27,641.38,8115.715
2025-06-21 08:00:00,641.38,641.77,640.56,641.48,3475.972
2025-06-21 09:00:00,641.48,641.49,639.36,640.88,4855.602
2025-06-21 10:00:00,640.87,641.87,639.61,640.58,2956.529
2025-06-21 11:00:00,640.57,643.01,640.48,642.44,2531.597
2025-06-21 12:00:00,642.43,642.78,639.27,639.91,3987.661
2025-06-21 13:00:00,639.91,640.08,636.44,636.69,10612.466
2025-06-21 14:00:00,636.7,638.96,636.0,636.0,6280.404
2025-06-21 15:00:00,636.0,637.09,634.58,636.85,6373.506
2025-06-21 16:00:00,636.85,637.23,634.0,634.38,4561.861
2025-06-21 17:00:00,634.37,635.79,632.25,632.69,10017.215
2025-06-21 18:00:00,632.69,634.34,631.51,631.64,6567.614
2025-06-21 19:00:00,631.65,632.66,630.85,631.09,5194.308
2025-06-21 20:00:00,631.08,633.3,631.06,632.98,4232.547
2025-06-21 21:00:00,632.98,633.3,621.94,625.01,24547.017
2025-06-21 22:00:00,625.01,629.61,624.81,627.61,9270.035
2025-06-21 23:00:00,627.61,629.62,623.49,628.97,11930.009
2025-06-22 00:00:00,628.98,633.3,627.0,631.8,12081.791
2025-06-22 01:00:00,631.79,632.78,629.0,629.29,4064.975
2025-06-22 02:00:00,629.3,631.21,627.09,630.1,6101.44
2025-06-22 03:00:00,630.11,631.5,628.18,629.5,4373.71
2025-06-22 04:00:00,629.49,631.77,629.42,631.41,3728.648
2025-06-22 05:00:00,631.42,633.58,631.36,633.52,5083.055
2025-06-22 06:00:00,633.51,635.51,633.3,634.14,6651.371
2025-06-22 07:00:00,634.15,634.19,631.99,632.61,4032.152
2025-06-22 08:00:00,632.62,633.0,631.54,632.18,4330.035
2025-06-22 09:00:00,632.17,633.0,627.92,628.01,6240.839
2025-06-22 10:00:00,628.0,630.0,627.44,628.96,4090.69
2025-06-22 11:00:00,628.95,631.45,628.7,630.39,7406.338
2025-06-22 12:00:00,630.39,631.13,626.75,628.62,7028.946
2025-06-22 13:00:00,628.63,629.0,614.01,616.41,40216.533
2025-06-22 14:00:00,616.41,618.69,608.8,614.01,34013.742
2025-06-22 15:00:00,614.01,614.16,606.69,607.62,33805.376
2025-06-22 16:00:00,607.62,609.31,606.6,609.06,10588.318
2025-06-22 17:00:00,609.06,612.66,607.79,610.62,8574.322
2025-06-22 18:00:00,610.61,611.19,607.41,607.58,4656.851
2025-06-22 19:00:00,607.58,608.0,604.5,605.53,5678.494
2025-06-22 20:00:00,605.53,610.01,601.25,609.65,13398.127
2025-06-22 21:00:00,609.65,610.25,606.4,606.79,5247.136
2025-06-22 22:00:00,606.8,615.94,606.74,615.94,7465.642
2025-06-22 23:00:00,615.94,616.8,615.0,615.81,4656.502
2025-06-23 00:00:00,615.81,619.48,615.05,616.87,6633.99
2025-06-23 01:00:00,616.88,620.5,615.88,620.49,5692.735
2025-06-23 02:00:00,620.5,620.82,619.2,619.86,3693.259
2025-06-23 03:00:00,619.85,620.82,618.3,619.99,5093.388
2025-06-23 04:00:00,620.0,621.74,620.0,621.21,6488.371
2025-06-23 05:00:00,621.21,622.7,621.21,622.41,4644.088
2025-06-23 06:00:00,622.41,623.61,622.19,623.48,5833.165
2025-06-23 07:00:00,623.48,624.62,622.67,623.86,5369.145
2025-06-23 08:00:00,623.87,624.84,623.52,624.09,4248.149
2025-06-23 09:00:00,624.08,624.1,620.65,621.02,5180.549
2025-06-23 10:00:00,621.02,621.38,618.36,618.62,5695.404
2025-06-23 11:00:00,618.62,619.3,616.11,617.28,4600.73
2025-06-23 12:00:00,617.27,620.07,616.35,620.04,4177.968
2025-06-23 13:00:00,620.03,627.49,616.0,626.63,17236.827
2025-06-23 14:00:00,626.64,627.89,621.1,621.45,13098.598
2025-06-23 15:00:00,621.45,623.31,619.69,622.99,10024.003
2025-06-23 16:00:00,622.99,626.46,617.02,620.52,40167.542
2025-06-23 17:00:00,620.52,629.18,619.73,627.17,15549.904
2025-06-23 18:00:00,627.17,629.96,627.17,629.74,7604.587
2025-06-23 19:00:00,629.74,630.84,628.28,629.8,5286.864
2025-06-23 20:00:00,629.8,634.96,628.61,632.51,8545.947
2025-06-23 21:00:00,632.51,634.0,631.76,632.81,5689.987
2025-06-23 22:00:00,632.82,642.79,632.81,641.34,20407.472
2025-06-23 23:00:00,641.34,641.88,639.67,640.49,8711.657
2025-06-24 00:00:00,640.5,641.28,638.28,638.61,6027.265
2025-06-24 01:00:00,638.62,640.19,637.72,639.58,4619.678
2025-06-24 02:00:00,639.57,639.99,636.67,638.35,7746.036
2025-06-24 03:00:00,638.35,640.13,638.13,639.76,7610.457
2025-06-24 04:00:00,639.77,640.32,638.72,640.3,6150.825
2025-06-24 05:00:00,640.29,642.3,640.29,642.23,7255.109
2025-06-24 06:00:00,642.24,642.71,640.97,640.97,5734.57
2025-06-24 07:00:00,640.97,641.71,638.6,639.15,5207.824
2025-06-24 08:00:00,639.15,639.65,637.19,639.08,8119.163
2025-06-24 09:00:00,639.08,641.84,638.67,638.74,6304.419
2025-06-24 10:00:00,638.73,639.28,636.66,637.05,8812.565
2025-06-24 11:00:00,637.05,638.5,636.17,638.5,6394.172
2025-06-24 12:00:00,638.49,639.82,637.86,639.82,3833.978
2025-06-24 13:00:00,639.83,640.51,638.1,640.17,7364.197
2025-06-24 14:00:00,640.16,641.55,639.71,640.29,7260.401
2025-06-24 15:00:00,640.3,641.46,638.5,639.58,6017.295
2025-06-24 16:00:00,639.58,643.99,639.57,643.98,7650.072
2025-06-24 17:00:00,643.98,644.0,641.24,643.12,6278.696
2025-06-24 18:00:00,643.12,643.44,641.63,642.41,2555.229
2025-06-24 19:00:00,642.41,642.91,641.14,642.4,2607.995
2025-06-24 20:00:00,642.39,644.0,642.21,644.0,2086.782
2025-06-24 21:00:00,644.0,644.09,642.96,643.37,2094.796
2025-06-24 22:00:00,643.36,643.36,641.97,643.21,2115.826
2025-06-24 23:00:00,643.2,643.62,642.15,643.53,1759.881
2025-06-25 00:00:00,643.53,644.78,642.6,644.45,2736.164
2025-06-25 01:00:00,644.45,646.4,642.93,645.05,7923.72
2025-06-25 02:00:00,645.05,645.94,643.92,644.89,4153.755
2025-06-25 03:00:00,644.88,650.37,641.85,648.2,33647.111
2025-06-25 04:00:00,648.2,652.64,644.3,644.84,17878.215
2025-06-25 05:00:00,644.84,646.24,643.1,643.83,6496.735
2025-06-25 06:00:00,643.83,645.78,643.48,645.78,5461.467
2025-06-25 07:00:00,645.78,646.61,644.75,645.15,5682.445
2025-06-25 08:00:00,645.15,645.32,643.01,644.5,4216.814
2025-06-25 09:00:00,644.5,645.25,641.99,643.39,6872.177
2025-06-25 10:00:00,643.38,646.0,643.15,645.99,5279.916
2025-06-25 11:00:00,645.99,648.53,645.34,647.41,8706.132
2025-06-25 12:00:00,647.41,647.75,646.33,646.78,6864.046
2025-06-25 13:00:00,646.77,647.9,644.99,647.14,13888.493
2025-06-25 14:00:00,647.14,647.85,644.41,646.21,9244.202
2025-06-25 15:00:00,646.21,646.21,642.25,642.49,6954.412
2025-06-25 16:00:00,642.49,644.54,642.01,642.55,3615.401
2025-06-25 17:00:00,642.55,645.48,642.55,644.91,2464.942
2025-06-25 18:00:00,644.92,645.89,644.15,645.66,2382.349
2025-06-25 19:00:00,645.66,647.67,645.65,647.6,3765.664
2025-06-25 20:00:00,647.59,647.68,646.65,647.53,2139.118
2025-06-25 21:00:00,647.53,648.39,646.4,647.05,4194.345
2025-06-25 22:00:00,647.05,647.06,644.2,645.27,2759.241
2025-06-25 23:00:00,645.26,646.17,644.0,646.07,2106.29
2025-06-26 00:00:00,646.06,648.0,646.0,647.2,3660.719
2025-06-26 01:00:00,647.19,648.64,645.41,648.0,3880.302
2025-06-26 02:00:00,648.0,649.58,647.5,649.11,3989.364
2025-06-26 03:00:00,649.12,650.0,647.41,648.59,5404.725
2025-06-26 04:00:00,648.59,649.63,646.3,647.63,5543.228
2025-06-26 05:00:00,647.64,647.7,646.16,647.0,2123.816
2025-06-26 06:00:00,647.0,647.91,645.11,645.53,4124.908
2025-06-26 07:00:00,645.53,647.6,644.55,647.53,5147.987
2025-06-26 08:00:00,647.52,648.55,646.83,648.08,5930.481
2025-06-26 09:00:00,648.09,648.48,646.0,646.1,5111.997
2025-06-26 10:00:00,646.09,647.09,645.15,645.71,4244.299
2025-06-26 11:00:00,645.71,646.09,644.41,644.48,3850.775
2025-06-26 12:00:00,644.49,644.99,642.6,643.45,8890.134
2025-06-26 13:00:00,643.45,644.55,641.44,642.31,6231.924
2025-06-26 14:00:00,642.3,645.85,641.12,644.5,5318.478
2025-06-26 15:00:00,644.5,645.29,641.76,645.0,4405.119
2025-06-26 16:00:00,645.0,646.6,644.25,646.49,3990.488
2025-06-26 17:00:00,646.49,647.58,645.03,645.2,3847.184
2025-06-26 18:00:00,645.19,646.8,644.44,645.6,3634.694
2025-06-26 19:00:00,645.6,646.3,644.92,645.19,2340.396
2025-06-26 20:00:00,645.19,646.56,644.81,644.93,2803.235
2025-06-26 21:00:00,644.92,645.2,642.56,644.73,2775.557
2025-06-26 22:00:00,644.72,645.28,642.31,642.76,2958.416
2025-06-26 23:00:00,642.76,642.89,641.35,642.3,2849.06
2025-06-27 00:00:00,642.3,643.13,640.42,640.59,2941.774
2025-06-27 01:00:00,640.6,644.64,639.16,644.11,5791.679
2025-06-27 02:00:00,644.11,645.34,643.92,645.01,2524.808
2025-06-27 03:00:00,645.0,645.94,644.31,645.88,4170.782
2025-06-27 04:00:00,645.88,646.21,645.3,645.77,3472.535
2025-06-27 05:00:00,645.77,646.57,644.54,644.62,2335.321
2025-06-27 06:00:00,644.63,646.63,644.25,646.52,3180.327
2025-06-27 07:00:00,646.52,646.87,643.01,643.69,3346.088
2025-06-27 08:00:00,643.7,645.62,643.6,644.8,3114.179
2025-06-27 09:00:00,644.8,645.1,643.21,644.89,3750.183
2025-06-27 10:00:00,644.88,645.2,644.02,644.84,3809.435
2025-06-27 11:00:00,644.83,645.64,644.49,645.53,2611.346
2025-06-27 12:00:00,645.53,648.0,643.8,644.18,8391.851
2025-06-27 13:00:00,644.18,645.99,643.85,645.57,4295.012
2025-06-27 14:00:00,645.56,646.88,644.24,645.23,4059.966
2025-06-27 15:00:00,645.22,647.22,644.71,646.61,3507.959
2025-06-27 16:00:00,646.61,648.44,646.0,646.01,3690.562
2025-06-27 17:00:00,646.0,646.09,643.12,644.14,3460.185
2025-06-27 18:00:00,644.14,644.38,642.6,642.99,3128.645
2025-06-27 19:00:00,642.99,645.56,642.47,645.3,2113.793
2025-06-27 20:00:00,645.31,646.34,645.01,646.29,1948.264
2025-06-27 21:00:00,646.3,647.0,646.09,646.46,1932.194
2025-06-27 22:00:00,646.47,646.9,646.03,646.37,1444.407
2025-06-27 23:00:00,646.37,646.38,645.29,645.71,2281.66
2025-06-28 00:00:00,645.72,646.1,645.14,645.34,1474.749
2025-06-28 01:00:00,645.34,646.03,644.25,645.91,1604.018
2025-06-28 02:00:00,645.92,646.04,645.01,645.18,1386.381
2025-06-28 03:00:00,645.18,645.33,644.3,644.47,1922.854
2025-06-28 04:00:00,644.47,645.19,644.4,645.06,1151.445
2025-06-28 05:00:00,645.06,645.39,644.6,644.77,1748.859
2025-06-28 06:00:00,644.77,647.0,644.76,646.36,4705.484
2025-06-28 07:00:00,646.36,647.05,646.23,647.01,4526.129
2025-06-28 08:00:00,647.01,647.04,645.3,645.56,1620.757
2025-06-28 09:00:00,645.56,646.94,645.32,646.76,1799.642
2025-06-28 10:00:00,646.76,646.82,646.38,646.66,1728.175
2025-06-28 11:00:00,646.66,647.0,646.3,646.36,2173.163
2025-06-28 12:00:00,646.37,646.74,646.04,646.23,1699.227
2025-06-28 13:00:00,646.24,646.29,645.34,645.38,3086.695
2025-06-28 14:00:00,645.39,646.61,645.2,646.27,5050.824
2025-06-28 15:00:00,646.27,646.87,645.48,646.62,2590.855
2025-06-28 16:00:00,646.62,647.2,645.5,645.8,3072.607
2025-06-28 17:00:00,645.8,647.53,645.78,647.23,2066.302
2025-06-28 18:00:00,647.22,647.35,646.3,646.98,1474.028
2025-06-28 19:00:00,646.98,648.01,646.63,647.56,4339.418
2025-06-28 20:00:00,647.57,648.29,647.45,647.87,2218.37
2025-06-28 21:00:00,647.86,648.38,647.32,648.31,2353.56
2025-06-28 22:00:00,648.32,649.0,648.01,648.81,2385.954
2025-06-28 23:00:00,648.8,649.18,648.33,648.6,1535.469
2025-06-29 00:00:00,648.61,648.81,647.76,648.21,2127.024
2025-06-29 01:00:00,648.2,648.36,647.34,647.36,1649.87
2025-06-29 02:00:00,647.36,648.54,646.94,648.53,1160.106
2025-06-29 03:00:00,648.54,648.84,648.25,648.67,1795.881
2025-06-29 04:00:00,648.67,649.16,648.6,649.09,3260.894
2025-06-29 05:00:00,649.1,649.61,648.76,649.61,1546.203
2025-06-29 06:00:00,649.61,649.7,648.96,649.4,3027.384
2025-06-29 07:00:00,649.41,650.32,648.91,649.29,3950.599
2025-06-29 08:00:00,649.3,650.0,649.2,649.73,3199.099
2025-06-29 09:00:00,649.72,650.62,649.46,649.6,4932.407
2025-06-29 10:00:00,649.61,650.19,649.6,650.03,2943.422
2025-06-29 11:00:00,650.04,651.86,649.7,651.12,3809.978
2025-06-29 12:00:00,651.13,651.24,650.2,650.5,3198.033
2025-06-29 13:00:00,650.5,650.96,650.0,650.1,3084.659
2025-06-29 14:00:00,650.1,650.52,648.6,648.99,3465.209
2025-06-29 15:00:00,649.0,649.43,648.4,649.0,3942.795
2025-06-29 16:00:00,649.0,649.29,648.0,648.88,2280.889
2025-06-29 17:00:00,648.88,649.3,648.12,648.76,1590.912
2025-06-29 18:00:00,648.76,649.61,648.15,649.3,2470.804
2025-06-29 19:00:00,649.3,649.37,648.31,648.65,1094.503
2025-06-29 20:00:00,648.66,648.79,647.97,647.98,1638.377
2025-06-29 21:00:00,647.98,648.99,646.72,648.88,2240.235
2025-06-29 22:00:00,648.89,655.5,648.64,654.24,10265.574
2025-06-29 23:00:00,654.24,656.0,653.98,654.9,4560.939
2025-06-30 00:00:00,654.9,657.12,654.19,654.67,5481.301
2025-06-30 01:00:00,654.67,655.1,653.45,653.59,3217.45
2025-06-30 02:00:00,653.6,655.36,653.6,653.98,3911.862
2025-06-30 03:00:00,653.98,655.72,653.82,655.41,3044.444
2025-06-30 04:00:00,655.42,656.61,654.22,654.95,3563.375
2025-06-30 05:00:00,654.95,656.19,654.32,655.18,3205.067
2025-06-30 06:00:00,655.19,655.38,652.48,653.47,4808.064
2025-06-30 07:00:00,653.48,654.89,652.7,654.6,3681.627
2025-06-30 08:00:00,654.6,655.2,652.99,653.51,5227.329
2025-06-30 09:00:00,653.51,654.29,652.0,652.17,8874.193
2025-06-30 10:00:00,652.17,653.43,651.63,653.11,8674.421
2025-06-30 11:00:00,653.1,654.5,652.97,654.16,3478.445
2025-06-30 12:00:00,654.15,654.67,653.18,653.48,2646.143
2025-06-30 13:00:00,653.48,655.21,652.5,652.93,5434.247
2025-06-30 14:00:00,652.94,654.0,651.17,651.41,6151.959
2025-06-30 15:00:00,651.41,656.79,651.41,656.52,10166.07
2025-06-30 16:00:00,656.52,659.01,655.24,658.34,9173.154
2025-06-30 17:00:00,658.34,658.72,657.6,658.0,3491.965
2025-06-30 18:00:00,658.0,658.77,656.5,657.51,3411.052
2025-06-30 19:00:00,657.51,659.42,657.25,659.36,3909.597
2025-06-30 20:00:00,659.37,660.0,658.62,658.75,3962.794
2025-06-30 21:00:00,658.75,658.99,656.52,656.91,2097.747
2025-06-30 22:00:00,656.91,657.96,656.58,657.12,1620.096
2025-06-30 23:00:00,657.12,657.69,656.61,656.9,1469.794
2025-07-01 00:00:00,656.9,659.1,656.7,658.15,3378.494
2025-07-01 01:00:00,658.15,658.89,657.61,658.02,1874.582
2025-07-01 02:00:00,658.02,658.86,656.68,656.92,2918.625
2025-07-01 03:00:00,656.93,657.0,654.76,655.77,4299.236
2025-07-01 04:00:00,655.77,655.78,652.38,652.5,4560.286
2025-07-01 05:00:00,652.5,653.16,651.5,652.37,6375.929
2025-07-01 06:00:00,652.37,653.8,651.74,653.53,2781.149
2025-07-01 07:00:00,653.53,654.44,652.5,653.92,3843.354
2025-07-01 08:00:00,653.93,653.93,651.9,652.3,2911.22
2025-07-01 09:00:00,652.31,653.22,652.25,652.93,3719.26
2025-07-01 10:00:00,652.94,653.26,652.08,653.1,3758.113
2025-07-01 11:00:00,653.11,653.11,651.56,652.27,3711.706
2025-07-01 12:00:00,652.28,652.59,650.8,650.81,4237.503
2025-07-01 13:00:00,650.81,651.68,649.39,651.18,4988.126
2025-07-01 14:00:00,651.18,652.4,646.14,647.18,9330.77
2025-07-01 15:00:00,647.17,647.5,645.64,645.98,4113.696
2025-07-01 16:00:00,645.98,647.0,645.74,646.19,2114.762
2025-07-01 17:00:00,646.2,646.75,645.7,646.37,2535.469
2025-07-01 18:00:00,646.36,646.37,644.5,645.0,3541.432
2025-07-01 19:00:00,645.0,646.7,644.75,645.65,2344.742
2025-07-01 20:00:00,645.65,646.4,644.0,646.03,2481.323
2025-07-01 21:00:00,646.03,647.4,645.23,646.56,2580.595
2025-07-01 22:00:00,646.56,647.17,645.41,645.51,1836.775
2025-07-01 23:00:00,645.5,646.34,644.12,646.33,1565.908
2025-07-02 00:00:00,646.34,646.59,645.37,645.55,1827.852
2025-07-02 01:00:00,645.55,647.8,643.71,647.14,3551.876
2025-07-02 02:00:00,647.14,648.87,646.71,648.8,3353.174
2025-07-02 03:00:00,648.81,650.0,648.3,649.6,4300.834
2025-07-02 04:00:00,649.59,650.34,649.5,650.28,2273.871
2025-07-02 05:00:00,650.28,650.92,649.86,650.67,1956.906
2025-07-02 06:00:00,650.68,655.91,650.6,655.79,7312.504
2025-07-02 07:00:00,655.8,657.44,654.51,657.33,6226.64
2025-07-02 08:00:00,657.33,659.85,657.33,659.43,8043.294
2025-07-02 09:00:00,659.44,659.58,658.0,658.28,3558.569
2025-07-02 10:00:00,658.29,658.49,657.43,657.64,3787.005
2025-07-02 11:00:00,657.64,658.09,656.75,657.11,3250.132
2025-07-02 12:00:00,657.11,657.18,655.29,656.22,3972.488
2025-07-02 13:00:00,656.22,658.3,656.22,657.89,3269.096
2025-07-02 14:00:00,657.9,659.5,657.3,659.29,4104.231
2025-07-02 15:00:00,659.3,661.99,658.77,661.64,8339.517
2025-07-02 16:00:00,661.65,664.62,661.43,664.13,12123.616
2025-07-02 17:00:00,664.12,664.8,662.6,663.17,8366.295
2025-07-02 18:00:00,663.16,664.15,662.61,663.56,3471.788
2025-07-02 19:00:00,663.55,663.9,662.6,663.85,2297.98
2025-07-02 20:00:00,663.85,664.85,662.82,662.87,4964.34
2025-07-02 21:00:00,662.88,663.1,661.72,662.05,4302.705
2025-07-02 22:00:00,662.05,663.73,661.36,661.94,4871.772
2025-07-02 23:00:00,661.95,662.19,659.2,659.71,3281.47
2025-07-03 00:00:00,659.7,660.69,658.06,659.88,3528.01
2025-07-03 01:00:00,659.87,661.14,659.32,660.78,1918.185
2025-07-03 02:00:00,660.78,660.78,658.31,659.17,2743.737
2025-07-03 03:00:00,659.18,659.99,658.5,659.36,2253.803
2025-07-03 04:00:00,659.36,660.16,659.0,659.49,4159.091
2025-07-03 05:00:00,659.49,662.58,659.4,660.76,6355.425
2025-07-03 06:00:00,660.76,661.6,660.25,661.24,2979.495
2025-07-03 07:00:00,661.24,663.0,660.83,662.77,4753.647
2025-07-03 08:00:00,662.77,662.99,660.99,661.5,8083.9
2025-07-03 09:00:00,661.51,664.5,661.44,663.59,4121.847
2025-07-03 10:00:00,663.58,663.72,662.04,662.84,3980.594
2025-07-03 11:00:00,662.84,663.04,661.05,661.91,2939.409
2025-07-03 12:00:00,661.92,664.17,658.74,660.74,7875.651
2025-07-03 13:00:00,660.75,664.39,660.45,663.89,7279.01
2025-07-03 14:00:00,663.89,664.4,660.62,662.47,6388.669
2025-07-03 15:00:00,662.48,662.74,656.7,657.07,6315.313
2025-07-03 16:00:00,657.07,659.39,657.06,658.49,3772.256
2025-07-03 17:00:00,658.48,659.47,658.41,659.11,2333.679
2025-07-03 18:00:00,659.1,660.53,658.69,660.53,2139.524
2025-07-03 19:00:00,660.52,661.9,660.52,661.57,1556.974
2025-07-03 20:00:00,661.57,662.5,661.56,661.75,1978.408
2025-07-03 21:00:00,661.76,663.38,661.13,662.99,4973.075
2025-07-03 22:00:00,662.99,664.57,662.82,663.68,3171.966
2025-07-03 23:00:00,663.68,664.22,662.47,663.59,3399.768
2025-07-04 00:00:00,663.58,664.17,661.6,662.28,2416.635
2025-07-04 01:00:00,662.28,663.55,661.9,662.03,1952.901
2025-07-04 02:00:00,662.03,663.71,660.57,660.81,7071.422
2025-07-04 03:00:00,660.81,662.79,660.2,662.04,3318.829
2025-07-04 04:00:00,662.04,662.09,659.81,659.98,2832.062
2025-07-04 05:00:00,659.98,661.0,659.27,660.31,4238.224
2025-07-04 06:00:00,660.32,660.32,658.0,658.2,3645.475
2025-07-04 07:00:00,658.2,659.05,655.92,655.93,5384.325
2025-07-04 08:00:00,655.93,657.79,654.69,657.75,5475.244
2025-07-04 09:00:00,657.75,658.55,657.3,657.8,2331.535
2025-07-04 10:00:00,657.8,659.7,657.31,659.13,2552.186
2025-07-04 11:00:00,659.12,659.86,659.08,659.62,1889.671
2025-07-04 12:00:00,659.63,660.1,658.3,658.73,3906.554
2025-07-04 13:00:00,658.74,659.75,655.67,655.68,5406.89
2025-07-04 14:00:00,655.67,656.0,653.0,655.5,7900.367
2025-07-04 15:00:00,655.51,655.59,652.09,652.78,7264.007
2025-07-04 16:00:00,652.79,653.01,650.21,652.08,6648.706
2025-07-04 17:00:00,652.08,653.41,651.8,653.39,2913.432
2025-07-04 18:00:00,653.38,653.39,650.91,651.34,3696.407
2025-07-04 19:00:00,651.33,652.49,650.76,651.52,1482.022
2025-07-04 20:00:00,651.52,652.58,650.65,652.55,2168.866
2025-07-04 21:00:00,652.56,652.86,652.0,652.86,1605.729
2025-07-04 22:00:00,652.86,654.11,652.44,654.08,1818.615
2025-07-04 23:00:00,654.07,654.08,653.05,653.6,1107.308
2025-07-05 00:00:00,653.6,655.01,653.41,654.73,2819.388
2025-07-05 01:00:00,654.73,654.75,654.01,654.7,3967.728
2025-07-05 02:00:00,654.7,654.86,652.8,654.75,1622.175
2025-07-05 03:00:00,654.75,656.13,654.7,656.0,2924.175
2025-07-05 04:00:00,656.0,656.2,654.91,655.31,1099.419
2025-07-05 05:00:00,655.3,656.75,655.14,655.71,2037.066
2025-07-05 06:00:00,655.71,656.5,655.08,655.98,2921.499
2025-07-05 07:00:00,655.98,656.16,654.27,654.46,2639.046
2025-07-05 08:00:00,654.47,655.47,653.88,654.28,2835.107
2025-07-05 09:00:00,654.29,655.51,654.0,655.29,3667.569
2025-07-05 10:00:00,655.28,655.5,654.74,654.95,1707.625
2025-07-05 11:00:00,654.96,655.9,654.95,655.35,1626.095
2025-07-05 12:00:00,655.34,655.52,654.34,655.14,1359.83
2025-07-05 13:00:00,655.14,655.53,654.69,654.69,2164.98
2025-07-05 14:00:00,654.69,655.2,654.24,655.0,1379.303
2025-07-05 15:00:00,655.01,655.25,654.17,654.36,1777.793
2025-07-05 16:00:00,654.36,654.82,652.63,653.69,2084.045
2025-07-05 17:00:00,653.7,654.18,652.0,653.62,4155.046
2025-07-05 18:00:00,653.62,653.62,652.32,652.68,2703.524
2025-07-05 19:00:00,652.69,654.11,652.04,654.1,1059.738
2025-07-05 20:00:00,654.1,654.89,653.85,654.89,1373.985
2025-07-05 21:00:00,654.89,655.84,654.48,655.77,1364.507
2025-07-05 22:00:00,655.77,656.31,655.23,656.23,1354.396
2025-07-05 23:00:00,656.24,656.4,655.85,656.16,1004.25
2025-07-06 00:00:00,656.17,656.67,655.93,656.61,2093.522
2025-07-06 01:00:00,656.61,656.8,655.59,655.78,1247.254
2025-07-06 02:00:00,655.78,656.11,654.83,654.83,1625.76
2025-07-06 03:00:00,654.83,654.9,654.46,654.84,1132.701
2025-07-06 04:00:00,654.84,655.4,653.79,653.96,1234.527
2025-07-06 05:00:00,653.97,654.25,653.61,654.18,1015.782
2025-07-06 06:00:00,654.18,656.13,653.9,655.29,1938.336
2025-07-06 07:00:00,655.3,655.42,654.71,654.76,2076.651
2025-07-06 08:00:00,654.76,655.07,653.54,654.79,3462.074
2025-07-06 09:00:00,654.8,654.84,654.0,654.0,3100.972
2025-07-06 10:00:00,654.01,654.96,653.91,654.77,1314.026
2025-07-06 11:00:00,654.76,656.48,654.52,656.46,2075.201
2025-07-06 12:00:00,656.46,657.62,655.49,657.53,2821.403
2025-07-06 13:00:00,657.54,662.05,657.33,661.43,9082.961
2025-07-06 14:00:00,661.44,662.62,659.63,661.16,6701.505
2025-07-06 15:00:00,661.17,663.5,661.16,662.85,7987.642
2025-07-06 16:00:00,662.86,663.4,662.52,663.36,4199.753
2025-07-06 17:00:00,663.36,663.7,662.59,662.85,2856.823
2025-07-06 18:00:00,662.84,663.42,661.2,662.25,5001.025
2025-07-06 19:00:00,662.25,663.58,662.18,663.07,3286.722
2025-07-06 20:00:00,663.06,663.57,660.92,661.0,4040.461
2025-07-06 21:00:00,661.0,664.99,660.99,662.77,5415.621
2025-07-06 22:00:00,662.77,664.81,662.77,663.72,5093.747
2025-07-06 23:00:00,663.73,663.85,662.02,663.13,3594.65
2025-07-07 00:00:00,663.13,663.2,660.74,661.36,3353.478
2025-07-07 01:00:00,661.36,661.64,660.38,661.16,2040.868
2025-07-07 02:00:00,661.15,663.23,661.15,661.9,2920.918
2025-07-07 03:00:00,661.9,663.14,660.8,660.84,2667.745
2025-07-07 04:00:00,660.84,661.45,660.62,661.18,1562.962
2025-07-07 05:00:00,661.18,661.59,661.0,661.3,2037.408
2025-07-07 06:00:00,661.3,661.94,661.02,661.36,2625.751
2025-07-07 07:00:00,661.36,662.79,660.87,662.78,3742.634
2025-07-07 08:00:00,662.79,663.42,661.84,663.41,5382.887
2025-07-07 09:00:00,663.42,663.5,662.12,662.48,6230.513
2025-07-07 10:00:00,662.48,663.15,661.71,661.81,5702.629
2025-07-07 11:00:00,661.81,662.56,661.43,662.31,3001.537
2025-07-07 12:00:00,662.31,662.31,660.7,661.48,3412.589
2025-07-07 13:00:00,661.49,662.6,660.21,662.46,4283.878
2025-07-07 14:00:00,662.46,662.7,659.15,659.78,5277.509
2025-07-07 15:00:00,659.78,660.7,658.87,659.02,2491.81
2025-07-07 16:00:00,659.02,659.62,656.77,657.37,5380.506
2025-07-07 17:00:00,657.38,659.8,656.88,659.11,4021.82
2025-07-07 18:00:00,659.11,660.9,658.5,660.9,5379.952
2025-07-07 19:00:00,660.9,661.87,660.6,661.45,2796.079
2025-07-07 20:00:00,661.44,661.45,658.9,659.28,2839.123
2025-07-07 21:00:00,659.29,660.5,658.0,660.26,1817.166
2025-07-07 22:00:00,660.25,660.44,659.61,660.19,1714.946
2025-07-07 23:00:00,660.2,661.24,660.19,661.06,2548.276
2025-07-08 00:00:00,661.06,662.6,660.95,661.27,3951.192
2025-07-08 01:00:00,661.28,661.28,658.35,658.55,3452.329
2025-07-08 02:00:00,658.55,659.86,657.5,658.22,4900.333
2025-07-08 03:00:00,658.22,659.87,658.1,659.75,1879.701
2025-07-08 04:00:00,659.76,659.8,658.64,659.49,2313.364
2025-07-08 05:00:00,659.5,660.1,658.76,659.44,3932.339
2025-07-08 06:00:00,659.45,660.38,659.28,660.0,2908.547
2025-07-08 07:00:00,660.0,660.43,658.95,659.81,4220.209
2025-07-08 08:00:00,659.8,661.0,659.78,660.61,5288.247
2025-07-08 09:00:00,660.6,661.42,660.08,660.37,8163.63
2025-07-08 10:00:00,660.37,661.0,659.26,659.99,7579.134
2025-07-08 11:00:00,659.99,661.69,659.99,661.11,3458.97
2025-07-08 12:00:00,661.11,661.5,660.06,661.21,2753.009
2025-07-08 13:00:00,661.21,661.83,660.1,661.61,3766.722
2025-07-08 14:00:00,661.61,661.61,658.11,658.34,3904.128
2025-07-08 15:00:00,658.34,659.4,657.64,658.18,3034.384
2025-07-08 16:00:00,658.17,659.61,657.36,658.68,3045.647
2025-07-08 17:00:00,658.69,661.61,658.65,660.83,5005.651
2025-07-08 18:00:00,660.84,662.0,660.83,661.76,3068.149
2025-07-08 19:00:00,661.77,661.98,660.36,660.96,2042.986
2025-07-08 20:00:00,660.96,660.98,658.8,658.81,2007.852
2025-07-08 21:00:00,658.81,659.9,657.75,659.85,2741.224
2025-07-08 22:00:00,659.84,660.12,658.73,660.07,1101.729
2025-07-08 23:00:00,660.06,660.78,659.51,660.63,1854.566
2025-07-09 00:00:00,660.63,661.58,660.06,661.58,2211.954
2025-07-09 01:00:00,661.58,662.43,660.15,660.67,3223.339
2025-07-09 02:00:00,660.67,662.18,660.52,661.53,4199.196
2025-07-09 03:00:00,661.54,661.84,660.83,661.61,2901.106
2025-07-09 04:00:00,661.61,662.11,661.27,662.1,2552.345
2025-07-09 05:00:00,662.1,664.13,662.1,664.12,4432.382
2025-07-09 06:00:00,664.13,664.55,663.09,663.57,3003.218
2025-07-09 07:00:00,663.57,663.64,662.37,662.61,2244.205
2025-07-09 08:00:00,662.6,662.87,660.94,660.96,3424.384
2025-07-09 09:00:00,660.96,660.96,659.96,660.19,3505.268
2025-07-09 10:00:00,660.19,660.65,659.05,660.65,3989.514
2025-07-09 11:00:00,660.65,662.27,660.64,661.35,3463.387
2025-07-09 12:00:00,661.35,662.6,660.68,662.23,6569.879
2025-07-09 13:00:00,662.23,663.02,661.9,662.06,5283.41
2025-07-09 14:00:00,662.06,663.46,660.26,661.85,6379.328
2025-07-09 15:00:00,661.85,663.06,660.11,662.46,7641.005
2025-07-09 16:00:00,662.46,663.44,662.0,662.81,5232.463
2025-07-09 17:00:00,662.82,662.89,662.0,662.71,2478.933
2025-07-09 18:00:00,662.71,665.66,662.4,664.96,8475.054
2025-07-09 19:00:00,664.96,670.0,664.92,669.26,15676.469
2025-07-09 20:00:00,669.26,671.5,666.41,666.42,11643.598
2025-07-09 21:00:00,666.43,668.91,666.2,667.37,5834.444
2025-07-09 22:00:00,667.36,670.53,667.35,670.08,4896.468
2025-07-09 23:00:00,670.08,670.08,668.31,668.68,4290.246
2025-07-10 00:00:00,668.69,670.55,668.45,669.86,4048.115
2025-07-10 01:00:00,669.86,669.97,668.15,669.39,4497.553
2025-07-10 02:00:00,669.39,670.94,669.3,670.64,6073.962
2025-07-10 03:00:00,670.65,671.47,670.0,670.5,6163.525
2025-07-10 04:00:00,670.5,672.9,670.1,672.44,4241.165
2025-07-10 05:00:00,672.44,673.21,672.17,673.06,4015.048
2025-07-10 06:00:00,673.07,673.09,670.0,670.35,6164.386
2025-07-10 07:00:00,670.36,672.36,670.25,671.66,7077.606
2025-07-10 08:00:00,671.65,674.0,671.6,672.18,14322.113
2025-07-10 09:00:00,672.18,672.88,670.91,671.28,8473.424
2025-07-10 10:00:00,671.28,671.33,669.29,670.22,8389.517
2025-07-10 11:00:00,670.22,672.0,669.62,670.01,6020.797
2025-07-10 12:00:00,670.0,671.0,669.29,670.97,3942.542
2025-07-10 13:00:00,670.96,671.78,669.77,670.09,5744.976
2025-07-10 14:00:00,670.1,670.4,667.88,669.5,5353.669
2025-07-10 15:00:00,669.51,669.51,667.25,668.17,4242.584
2025-07-10 16:00:00,668.16,672.37,667.85,672.04,10771.717
2025-07-10 17:00:00,672.05,675.5,671.23,675.31,10334.667
2025-07-10 18:00:00,675.32,677.12,673.47,675.58,16894.068
2025-07-10 19:00:00,675.57,679.0,675.57,675.92,9277.78
2025-07-10 20:00:00,675.92,677.1,675.6,676.4,5050.831
2025-07-10 21:00:00,676.4,686.84,676.05,684.69,39181.92
2025-07-10 22:00:00,684.68,687.7,684.2,687.0,13775.544
2025-07-10 23:00:00,687.01,687.46,683.69,685.8,10910.027
2025-07-11 00:00:00,685.8,690.0,683.81,687.93,14886.523
2025-07-11 01:00:00,687.94,692.0,687.57,689.29,17839.472
2025-07-11 02:00:00,689.29,690.74,688.1,690.23,9090.251
2025-07-11 03:00:00,690.23,691.21,689.22,689.45,7891.676
2025-07-11 04:00:00,689.44,689.58,687.5,689.39,8172.188
2025-07-11 05:00:00,689.38,695.0,689.38,693.24,22672.792
2025-07-11 06:00:00,693.24,694.88,687.86,688.18,13900.159
2025-07-11 07:00:00,688.19,688.19,684.64,684.89,15212.523
2025-07-11 08:00:00,684.89,688.13,684.57,688.1,8561.597
2025-07-11 09:00:00,688.11,690.82,687.9,689.2,12219.557
2025-07-11 10:00:00,689.2,689.99,688.63,689.3,12424.359
2025-07-11 11:00:00,689.31,689.8,687.36,688.31,13523.245
2025-07-11 12:00:00,688.3,689.85,687.5,689.7,4483.634
2025-07-11 13:00:00,689.71,691.38,688.41,690.81,9967.885
2025-07-11 14:00:00,690.81,694.26,689.76,692.18,11501.074
2025-07-11 15:00:00,692.17,693.11,686.18,687.26,15250.088
2025-07-11 16:00:00,687.26,694.0,686.1,693.99,14526.574
2025-07-11 17:00:00,694.0,696.4,693.31,695.56,19331.285
2025-07-11 18:00:00,695.56,697.24,694.9,695.89,8412.584
2025-07-11 19:00:00,695.89,695.97,692.78,694.0,4575.273
2025-07-11 20:00:00,694.0,694.18,691.03,691.28,4262.507
2025-07-11 21:00:00,691.28,692.2,686.92,688.8,7216.24
2025-07-11 22:00:00,688.8,689.52,682.83,686.21,7834.067
2025-07-11 23:00:00,686.21,690.0,686.09,689.99,4598.351
2025-07-12 00:00:00,689.98,692.04,688.06,691.63,8728.786
2025-07-12 01:00:00,691.64,694.98,691.64,693.78,7160.37
2025-07-12 02:00:00,693.78,694.77,692.75,692.98,3823.333
2025-07-12 03:00:00,692.98,695.33,692.98,695.28,5294.805
2025-07-12 04:00:00,695.29,697.0,691.55,692.06,8423.636
2025-07-12 05:00:00,692.05,692.67,690.14,692.23,4120.763
2025-07-12 06:00:00,692.24,694.8,691.18,693.86,4258.572
2025-07-12 07:00:00,693.87,694.47,691.22,694.22,8280.932
2025-07-12 08:00:00,694.22,694.45,690.37,691.93,6756.814
2025-07-12 09:00:00,691.94,693.97,691.4,693.9,4967.446
2025-07-12 10:00:00,693.89,694.17,693.16,693.89,6544.446
2025-07-12 11:00:00,693.88,693.98,691.6,691.84,4455.845
2025-07-12 12:00:00,691.84,692.0,685.14,688.0,11979.182
2025-07-12 13:00:00,687.99,688.13,683.7,687.0,8780.071
2025-07-12 14:00:00,687.0,687.61,685.17,685.17,5908.733
2025-07-12 15:00:00,685.16,685.4,679.63,681.19,12359.029
2025-07-12 16:00:00,681.2,685.01,680.0,683.86,4928.037
2025-07-12 17:00:00,683.87,686.5,683.84,686.38,3566.97
2025-07-12 18:00:00,686.37,686.61,684.6,685.92,3399.834
2025-07-12 19:00:00,685.92,685.92,683.76,684.5,2357.976
2025-07-12 20:00:00,684.5,684.6,680.85,680.86,2523.414
2025-07-12 21:00:00,680.86,684.04,680.41,684.04,2574.318
2025-07-12 22:00:00,684.04,685.0,682.24,685.0,1603.582
2025-07-12 23:00:00,684.99,686.27,684.34,685.86,1988.291
2025-07-13 00:00:00,685.86,687.4,685.12,687.06,2877.844
2025-07-13 01:00:00,687.06,687.61,686.17,687.37,3450.901
2025-07-13 02:00:00,687.37,687.8,685.65,687.56,2216.929
2025-07-13 03:00:00,687.56,687.66,686.5,686.88,1731.764
2025-07-13 04:00:00,686.89,687.59,686.76,687.58,1986.182
2025-07-13 05:00:00,687.59,688.73,687.44,688.26,3001.426
2025-07-13 06:00:00,688.26,690.1,688.08,689.08,2729.253
2025-07-13 07:00:00,689.08,690.1,688.37,690.1,2344.669
2025-07-13 08:00:00,690.1,690.71,689.46,689.97,4542.856
2025-07-13 09:00:00,689.98,690.16,688.07,688.7,2280.614
2025-07-13 10:00:00,688.7,690.44,688.69,689.98,2626.076
2025-07-13 11:00:00,689.97,691.22,689.33,691.15,3485.313
2025-07-13 12:00:00,691.15,693.0,691.14,691.97,4812.968
2025-07-13 13:00:00,691.97,692.5,690.95,692.09,3752.817
2025-07-13 14:00:00,692.1,694.12,690.95,691.84,10641.182
2025-07-13 15:00:00,691.83,693.5,689.8,691.21,6427.689
2025-07-13 16:00:00,691.21,692.2,688.56,688.73,4424.649
2025-07-13 17:00:00,688.74,690.95,688.1,690.57,2708.857
2025-07-13 18:00:00,690.56,692.0,690.05,691.8,2635.1
2025-07-13 19:00:00,691.81,693.5,691.38,691.61,3299.354
2025-07-13 20:00:00,691.61,693.19,690.79,692.49,1898.664
2025-07-13 21:00:00,692.5,692.98,688.46,691.47,4956.795
2025-07-13 22:00:00,691.46,692.4,689.4,690.31,4050.22
2025-07-13 23:00:00,690.3,692.38,690.0,692.0,2043.601
2025-07-14 00:00:00,692.01,694.1,689.79,691.13,9966.354
2025-07-14 01:00:00,691.12,691.7,689.94,690.12,4779.945
2025-07-14 02:00:00,690.11,694.0,689.91,692.56,5967.926
2025-07-14 03:00:00,692.56,699.0,692.33,697.15,20083.085
2025-07-14 04:00:00,697.15,699.64,696.76,699.34,13575.805
2025-07-14 05:00:00,699.34,703.3,693.2,697.49,35859.032
2025-07-14 06:00:00,697.49,699.11,695.72,697.25,10883.166
2025-07-14 07:00:00,697.25,707.54,697.24,706.42,28230.165
2025-07-14 08:00:00,706.43,706.7,702.93,704.53,11696.897
2025-07-14 09:00:00,704.53,706.2,703.65,704.38,13055.088
2025-07-14 10:00:00,704.39,706.04,700.84,705.64,12968.016
2025-07-14 11:00:00,705.64,705.69,702.76,704.42,8815.689
2025-07-14 12:00:00,704.42,705.24,703.1,704.05,6800.498
2025-07-14 13:00:00,704.06,704.5,701.02,703.45,6913.195
2025-07-14 14:00:00,703.46,704.39,696.54,698.7,12237.387
2025-07-14 15:00:00,698.71,698.81,690.3,692.57,14023.183
2025-07-14 16:00:00,692.57,694.35,689.8,693.5,7638.541
2025-07-14 17:00:00,693.49,693.96,691.22,692.29,4315.504
2025-07-14 18:00:00,692.3,692.85,689.23,689.26,5008.296
2025-07-14 19:00:00,689.25,691.2,687.87,690.06,4324.307
2025-07-14 20:00:00,690.07,691.8,686.05,690.99,5463.343
2025-07-14 21:00:00,690.98,692.39,690.04,691.76,4360.938
2025-07-14 22:00:00,691.76,691.77,689.9,690.89,3523.002
2025-07-14 23:00:00,690.88,691.37,688.8,689.12,3145.634
2025-07-15 00:00:00,689.13,691.1,686.74,687.56,5150.914
2025-07-15 01:00:00,687.56,688.8,683.0,685.7,9522.588
2025-07-15 02:00:00,685.71,687.03,680.87,683.23,10895.01
2025-07-15 03:00:00,683.23,683.28,675.3,679.77,25382.684
2025-07-15 04:00:00,679.78,683.0,676.77,682.56,9630.904
2025-07-15 05:00:00,682.56,683.67,680.77,681.6,4181.004
2025-07-15 06:00:00,681.59,682.49,680.52,682.19,5121.726
2025-07-15 07:00:00,682.19,682.99,679.14,679.2,7805.893
2025-07-15 08:00:00,679.2,681.05,677.66,679.28,6070.18
2025-07-15 09:00:00,679.29,680.33,676.48,676.6,5575.458
2025-07-15 10:00:00,676.6,679.84,676.37,679.28,5067.902
2025-07-15 11:00:00,679.28,680.8,677.2,680.49,4572.22
2025-07-15 12:00:00,680.49,683.2,677.7,681.51,10094.985
2025-07-15 13:00:00,681.5,686.64,681.34,685.51,10179.087
2025-07-15 14:00:00,685.52,687.75,676.81,678.49,14091.618
2025-07-15 15:00:00,678.49,684.2,677.45,683.1,8953.117
2025-07-15 16:00:00,683.1,685.97,682.74,684.7,6713.122
2025-07-15 17:00:00,684.7,688.25,683.44,688.06,5289.888
2025-07-15 18:00:00,688.07,688.55,683.24,685.46,6870.328
2025-07-15 19:00:00,685.45,687.95,683.34,684.59,4499.699
2025-07-15 20:00:00,684.6,686.32,683.5,684.82,3329.99
2025-07-15 21:00:00,684.83,689.25,684.68,689.23,3271.291
2025-07-15 22:00:00,689.23,690.99,687.68,690.94,3605.609
2025-07-15 23:00:00,690.94,693.21,689.36,689.92,13087.274
2025-07-16 00:00:00,689.93,693.64,688.27,692.7,5184.841
2025-07-16 01:00:00,692.71,692.71,689.78,690.46,3652.094
2025-07-16 02:00:00,690.46,690.73,685.93,687.64,3907.993
2025-07-16 03:00:00,687.64,688.7,686.7,687.88,3168.411
2025-07-16 04:00:00,687.87,688.15,685.2,687.22,3800.372
2025-07-16 05:00:00,687.22,689.76,687.11,689.1,5599.555
2025-07-16 06:00:00,689.1,691.12,688.04,691.07,4335.005
2025-07-16 07:00:00,691.06,693.84,690.03,692.08,9142.9
2025-07-16 08:00:00,692.09,693.53,690.79,693.09,4948.558
2025-07-16 09:00:00,693.1,695.71,692.85,694.99,7431.388
2025-07-16 10:00:00,695.0,695.0,693.11,693.31,5243.013
2025-07-16 11:00:00,693.31,694.75,691.9,694.38,5717.536
2025-07-16 12:00:00,694.38,695.85,692.7,692.78,8923.521
2025-07-16 13:00:00,692.79,694.0,691.0,692.77,12325.196
2025-07-16 14:00:00,692.77,703.6,692.0,703.3,22920.598
2025-07-16 15:00:00,703.31,706.34,696.63,700.2,24034.366
2025-07-16 16:00:00,700.21,702.22,698.81,701.04,10856.297
2025-07-16 17:00:00,701.05,706.11,700.01,705.8,15261.436
2025-07-16 18:00:00,705.8,711.0,705.5,707.65,25565.073
2025-07-16 19:00:00,707.65,709.4,704.71,706.83,9873.557
2025-07-16 20:00:00,706.84,713.68,706.84,712.79,14730.103
2025-07-16 21:00:00,712.79,715.56,711.06,712.58,13797.019
2025-07-16 22:00:00,712.59,715.03,709.33,710.69,8940.7
2025-07-16 23:00:00,710.69,711.42,706.38,708.61,8975.406
2025-07-17 00:00:00,708.61,717.9,708.31,717.19,23353.774
2025-07-17 01:00:00,717.19,720.88,707.87,713.98,32442.005
2025-07-17 02:00:00,713.97,723.4,712.31,718.48,25027.466
2025-07-17 03:00:00,718.49,718.8,707.94,709.62,13064.381
2025-07-17 04:00:00,709.62,711.29,708.13,711.29,10076.204
2025-07-17 05:00:00,711.29,713.12,706.14,712.75,11827.387
2025-07-17 06:00:00,712.76,723.47,710.17,721.03,40659.886
2025-07-17 07:00:00,721.04,721.45,715.5,720.9,15852.988
2025-07-17 08:00:00,720.91,721.45,713.96,717.95,32150.047
2025-07-17 09:00:00,717.94,721.8,714.0,720.62,13826.73
2025-07-17 10:00:00,720.62,720.8,715.03,715.97,12833.577
2025-07-17 11:00:00,715.97,719.6,715.35,717.65,8396.898
2025-07-17 12:00:00,717.64,719.7,713.98,719.08,11620.787
2025-07-17 13:00:00,719.08,722.42,711.96,720.03,19480.567
2025-07-17 14:00:00,720.02,727.85,719.96,724.55,30681.338
2025-07-17 15:00:00,724.55,726.17,720.79,721.36,17433.235
2025-07-17 16:00:00,721.37,722.0,713.74,715.73,21634.434
2025-07-17 17:00:00,715.74,719.55,713.96,718.99,12653.736
2025-07-17 18:00:00,719.0,720.51,717.27,720.21,5040.256
2025-07-17 19:00:00,720.21,720.65,715.07,715.61,6204.908
2025-07-17 20:00:00,715.61,716.2,709.98,716.01,13525.365
2025-07-17 21:00:00,716.02,723.82,715.91,723.03,12470.307
2025-07-17 22:00:00,723.04,725.49,722.02,723.33,9375.311
2025-07-17 23:00:00,723.33,724.9,720.15,720.65,9941.088
2025-07-18 00:00:00,720.64,728.39,719.83,728.38,12186.275
2025-07-18 01:00:00,728.37,733.0,727.89,732.49,25433.169
2025-07-18 02:00:00,732.5,732.6,726.62,731.81,16010.527
2025-07-18 03:00:00,731.8,736.47,730.84,736.43,15876.608
2025-07-18 04:00:00,736.44,744.0,733.55,743.55,31856.802
2025-07-18 05:00:00,743.55,748.3,740.71,747.8,30144.913
2025-07-18 06:00:00,747.82,748.4,744.64,745.47,19752.665
2025-07-18 07:00:00,745.46,747.13,740.0,740.28,28080.849
2025-07-18 08:00:00,740.28,742.08,734.36,735.87,28473.657
2025-07-18 09:00:00,735.88,739.45,733.13,738.91,22268.51
2025-07-18 10:00:00,738.91,739.92,734.76,739.42,12757.579
2025-07-18 11:00:00,739.41,739.69,733.05,736.95,8579.728
2025-07-18 12:00:00,736.95,749.96,736.87,749.79,17905.29
2025-07-18 13:00:00,749.78,765.56,749.21,756.44,84558.19
2025-07-18 14:00:00,756.44,759.3,739.21,747.41,43316.968
2025-07-18 15:00:00,747.41,747.41,731.32,737.81,28535.181
2025-07-18 16:00:00,737.81,744.75,735.72,743.4,14946.797
2025-07-18 17:00:00,743.41,748.28,737.41,741.08,35755.468
2025-07-18 18:00:00,741.08,741.28,735.36,735.65,8767.441
2025-07-18 19:00:00,735.65,736.04,729.27,731.85,12537.368
2025-07-18 20:00:00,731.84,732.52,718.73,725.33,23030.549
2025-07-18 21:00:00,725.36,734.73,724.71,732.88,10523.08
2025-07-18 22:00:00,732.88,734.08,724.16,731.48,14570.806
2025-07-18 23:00:00,731.48,731.75,723.75,729.92,10561.665
2025-07-19 00:00:00,729.92,731.45,721.96,722.33,13144.696
2025-07-19 01:00:00,722.34,728.03,718.76,726.01,14367.491
2025-07-19 02:00:00,726.01,730.8,722.95,730.07,9085.169
2025-07-19 03:00:00,730.07,735.1,729.6,734.9,7551.415
2025-07-19 04:00:00,734.89,739.3,734.41,737.01,8895.573
2025-07-19 05:00:00,737.01,737.25,733.96,734.71,4283.457
2025-07-19 06:00:00,734.7,735.46,731.8,731.99,4083.737
2025-07-19 07:00:00,731.99,734.4,731.6,732.36,6097.753
2025-07-19 08:00:00,732.37,733.2,728.18,730.6,9502.784
2025-07-19 09:00:00,730.61,734.88,730.02,732.7,5226.942
2025-07-19 10:00:00,732.7,738.66,730.95,736.0,11028.723
2025-07-19 11:00:00,736.0,738.31,733.1,736.7,5447.116
2025-07-19 12:00:00,736.71,742.0,735.71,741.93,13122.911
2025-07-19 13:00:00,741.93,742.5,734.23,735.81,8294.201
2025-07-19 14:00:00,735.81,736.14,728.31,728.86,11490.148
2025-07-19 15:00:00,728.85,732.09,727.3,730.81,20301.622
2025-07-19 16:00:00,730.81,733.18,728.34,732.11,6038.711
2025-07-19 17:00:00,732.12,732.2,728.06,729.05,3884.315
2025-07-19 18:00:00,729.06,732.22,728.62,730.59,3909.291
2025-07-19 19:00:00,730.6,735.08,728.55,734.47,4297.269
2025-07-19 20:00:00,734.46,735.71,732.77,732.77,3762.888
2025-07-19 21:00:00,732.76,733.3,725.1,730.37,8750.468
2025-07-19 22:00:00,730.38,732.53,729.05,732.53,2991.109
2025-07-19 23:00:00,732.52,733.5,731.02,733.2,2538.021
2025-07-20 00:00:00,733.2,734.26,731.5,734.14,4006.889
2025-07-20 01:00:00,734.15,741.49,734.14,738.67,11008.583
2025-07-20 02:00:00,738.66,741.79,737.5,741.73,7530.304
2025-07-20 03:00:00,741.72,746.15,740.54,742.92,11924.03
2025-07-20 04:00:00,742.92,744.17,740.98,741.9,6152.122
2025-07-20 05:00:00,741.9,744.29,738.92,743.66,6703.217
2025-07-20 06:00:00,743.66,743.91,741.46,742.16,3463.431
2025-07-20 07:00:00,742.17,745.54,741.68,744.69,6218.128
2025-07-20 08:00:00,744.68,750.89,744.65,750.8,12500.649
2025-07-20 09:00:00,750.79,750.79,747.2,748.91,11745.789
2025-07-20 10:00:00,748.9,749.7,745.06,745.18,12661.896
2025-07-20 11:00:00,745.17,750.3,744.58,748.76,10383.094
2025-07-20 12:00:00,748.76,749.0,745.95,747.5,7367.379
2025-07-20 13:00:00,747.49,749.7,747.15,749.27,5149.056
2025-07-20 14:00:00,749.28,749.65,743.55,746.5,21191.117
2025-07-20 15:00:00,746.5,751.85,745.88,751.0,9563.56
2025-07-20 16:00:00,751.01,756.36,750.74,754.99,20130.015
2025-07-20 17:00:00,755.0,755.13,747.01,747.56,13351.085
2025-07-20 18:00:00,747.57,749.98,745.92,749.69,9021.976
2025-07-20 19:00:00,749.69,755.1,749.56,753.1,9205.477
2025-07-20 20:00:00,753.09,757.27,749.61,753.0,6581.622
2025-07-20 21:00:00,753.01,759.98,747.85,759.18,10102.086
2025-07-20 22:00:00,759.19,761.29,744.73,755.44,26723.766
2025-07-20 23:00:00,755.45,760.47,752.77,756.82,10569.932
2025-07-21 00:00:00,756.82,758.2,746.06,755.69,18144.221
2025-07-21 01:00:00,755.69,755.84,746.88,750.46,8798.066
2025-07-21 02:00:00,750.46,758.5,750.45,757.81,8175.19
2025-07-21 03:00:00,757.81,764.13,757.58,763.21,20346.549
2025-07-21 04:00:00,763.2,763.94,760.58,760.59,8442.969
2025-07-21 05:00:00,760.58,762.0,759.36,761.76,5854.348
2025-07-21 06:00:00,761.76,766.94,761.08,764.01,13302.537
2025-07-21 07:00:00,764.01,765.94,759.34,760.39,14204.208
2025-07-21 08:00:00,760.4,764.45,760.05,763.78,10114.728
2025-07-21 09:00:00,763.77,765.62,761.1,765.23,8232.322
2025-07-21 10:00:00,765.22,776.4,762.82,776.39,24678.976
2025-07-21 11:00:00,776.39,778.69,767.81,768.98,24809.21
2025-07-21 12:00:00,768.98,773.2,765.84,772.45,13393.197
2025-07-21 13:00:00,772.46,777.0,766.91,775.23,22190.943
2025-07-21 14:00:00,775.23,781.99,773.16,778.76,25250.798
2025-07-21 15:00:00,778.75,780.5,773.3,774.35,20633.037
2025-07-21 16:00:00,774.35,775.23,760.62,764.04,28596.922
2025-07-21 17:00:00,764.04,768.35,762.57,764.65,14983.14
2025-07-21 18:00:00,764.66,768.0,758.47,759.45,12306.911
2025-07-21 19:00:00,759.44,763.61,755.44,757.14,10895.452
2025-07-21 20:00:00,757.14,760.3,754.72,757.21,8751.2
2025-07-21 21:00:00,757.21,762.66,755.61,761.9,5802.522
2025-07-21 22:00:00,761.89,765.15,760.88,764.05,5055.617
2025-07-21 23:00:00,764.04,767.43,762.61,766.22,5456.889
2025-07-22 00:00:00,766.22,770.0,763.23,763.71,9002.484
2025-07-22 01:00:00,763.7,770.3,753.13,769.89,23346.414
2025-07-22 02:00:00,769.9,772.0,764.28,766.18,13609.537
2025-07-22 03:00:00,766.16,767.82,755.0,760.13,19216.177
2025-07-22 04:00:00,760.13,761.7,745.0,745.25,27145.633
2025-07-22 05:00:00,745.24,754.16,745.24,751.51,12442.348
2025-07-22 06:00:00,751.52,760.5,750.06,757.96,11446.205
2025-07-22 07:00:00,757.97,763.98,756.35,758.14,15670.768
2025-07-22 08:00:00,758.14,759.45,749.53,759.15,20920.209
2025-07-22 09:00:00,759.14,763.07,754.58,760.52,22138.079
2025-07-22 10:00:00,760.52,762.5,756.72,762.35,18949.316
2025-07-22 11:00:00,762.35,765.58,760.62,765.57,8900.766
2025-07-22 12:00:00,765.58,766.36,763.4,763.81,7477.006
2025-07-22 13:00:00,763.82,766.84,759.26,759.83,19150.644
2025-07-22 14:00:00,759.83,764.14,755.72,764.13,17998.575
2025-07-22 15:00:00,764.13,767.25,763.28,763.79,15526.346
2025-07-22 16:00:00,763.8,771.62,763.56,768.52,11707.833
2025-07-22 17:00:00,768.52,769.28,764.46,767.6,9482.182
2025-07-22 18:00:00,767.6,775.6,767.1,773.86,10388.802
2025-07-22 19:00:00,773.86,775.64,769.36,772.08,12920.917
2025-07-22 20:00:00,772.07,778.38,771.5,777.35,10971.348
2025-07-22 21:00:00,777.34,778.09,775.48,776.68,6296.93
2025-07-22 22:00:00,776.68,778.0,774.62,777.21,5490.536
2025-07-22 23:00:00,777.21,788.35,776.72,786.68,28875.001
2025-07-23 00:00:00,786.69,804.7,785.07,799.58,98568.0896
2025-07-23 01:00:00,799.58,802.5,794.6,794.94,32545.47
2025-07-23 02:00:00,794.94,796.01,786.75,795.55,31038.056
2025-07-23 03:00:00,795.56,797.09,790.33,797.09,14706.017
2025-07-23 04:00:00,797.09,801.18,794.47,799.69,22587.305
2025-07-23 05:00:00,799.69,801.65,795.89,796.13,21615.641
2025-07-23 06:00:00,796.13,797.69,792.44,794.34,15134.082
2025-07-23 07:00:00,794.35,799.14,792.23,794.42,15154.018
2025-07-23 08:00:00,794.42,796.95,790.76,793.46,13472.408
2025-07-23 09:00:00,793.46,794.71,790.61,791.53,14248.279
2025-07-23 10:00:00,791.53,799.9,788.24,799.4,28119.86
2025-07-23 11:00:00,799.4,808.81,797.03,808.46,43622.728
2025-07-23 12:00:00,808.47,809.84,794.12,795.3,39028.455
2025-07-23 13:00:00,795.3,798.1,775.3,780.99,99133.128
2025-07-23 14:00:00,780.99,790.14,779.57,787.18,30173.099
2025-07-23 15:00:00,787.18,789.24,779.72,784.43,24243.996
2025-07-23 16:00:00,784.43,784.56,765.58,765.77,43030.974
2025-07-23 17:00:00,765.77,771.2,761.0,770.86,31817.535
2025-07-23 18:00:00,770.88,776.09,768.75,775.84,12518.859
2025-07-23 19:00:00,775.84,776.98,770.3,770.83,9401.997
2025-07-23 20:00:00,770.82,773.4,756.3,763.0,27571.8
2025-07-23 21:00:00,763.02,771.0,752.47,768.61,22005.26
2025-07-23 22:00:00,768.61,774.71,763.54,773.91,11862.716
2025-07-23 23:00:00,773.92,777.24,773.64,776.74,7487.384
2025-07-24 00:00:00,776.74,784.54,772.68,784.15,13501.528
2025-07-24 01:00:00,784.15,784.17,781.37,783.98,10369.692
2025-07-24 02:00:00,783.98,786.16,780.5,782.51,9410.958
2025-07-24 03:00:00,782.52,784.08,778.72,779.44,9661.206
2025-07-24 04:00:00,779.44,780.1,766.26,767.39,14241.258
2025-07-24 05:00:00,767.38,767.71,751.5,751.58,30992.319
2025-07-24 06:00:00,751.6,757.43,743.73,749.47,44307.644
2025-07-24 07:00:00,749.47,759.2,742.62,759.09,31734.242
2025-07-24 08:00:00,759.09,767.34,756.35,766.33,12596.57
2025-07-24 09:00:00,766.33,767.81,763.0,765.83,11403.248
2025-07-24 10:00:00,765.84,768.56,755.54,762.98,13811.07
2025-07-24 11:00:00,762.97,772.31,762.63,770.21,13577.005
2025-07-24 12:00:00,770.2,772.01,764.22,768.94,13461.782
2025-07-24 13:00:00,768.95,771.12,764.3,764.99,15229.232
2025-07-24 14:00:00,764.99,776.68,760.72,776.4,21390.88
2025-07-24 15:00:00,776.41,781.05,772.86,778.21,24305.73
2025-07-24 16:00:00,778.21,778.81,769.78,774.57,16487.096
2025-07-24 17:00:00,774.57,785.79,774.13,781.5,15739.706
2025-07-24 18:00:00,781.49,785.6,780.03,781.49,7848.958
2025-07-24 19:00:00,781.49,783.3,778.91,778.95,7478.169
2025-07-24 20:00:00,778.95,781.26,777.01,780.81,5092.357
2025-07-24 21:00:00,780.81,781.55,775.48,776.68,4103.854
2025-07-24 22:00:00,776.67,779.9,774.16,777.71,6286.062
2025-07-24 23:00:00,777.7,777.7,769.69,770.74,10406.171
2025-07-25 00:00:00,770.74,771.38,765.0,766.87,11732.886
2025-07-25 01:00:00,766.88,770.4,761.98,769.13,14510.736
2025-07-25 02:00:00,769.13,771.1,758.54,758.54,12121.56
2025-07-25 03:00:00,758.54,763.53,753.12,756.81,21205.6
2025-07-25 04:00:00,756.8,765.29,752.22,764.88,17563.843
2025-07-25 05:00:00,764.88,764.88,759.37,760.36,8784.863
2025-07-25 06:00:00,760.36,763.63,756.11,761.81,9137.582
2025-07-25 07:00:00,761.81,766.65,757.36,761.4,21341.552
2025-07-25 08:00:00,761.4,767.72,761.22,764.99,10910.356
2025-07-25 09:00:00,765.0,772.44,762.62,771.29,15192.816
2025-07-25 10:00:00,771.3,773.25,766.92,769.44,9461.625
2025-07-25 11:00:00,769.44,772.83,769.43,771.67,6324.168
2025-07-25 12:00:00,771.67,780.0,771.22,774.24,22147.476
2025-07-25 13:00:00,774.25,775.8,769.8,774.2,11162.638
2025-07-25 14:00:00,774.2,774.53,760.88,761.03,18820.525
2025-07-25 15:00:00,761.03,767.99,760.12,765.63,13939.533
2025-07-25 16:00:00,765.64,773.28,763.3,772.86,13039.99
2025-07-25 17:00:00,772.86,776.95,772.44,775.84,9491.018
2025-07-25 18:00:00,775.85,777.09,774.16,775.74,6791.18
2025-07-25 19:00:00,775.74,777.35,773.88,774.31,5023.604
2025-07-25 20:00:00,774.32,779.0,773.7,777.32,4163.431
2025-07-25 21:00:00,777.33,781.13,777.32,778.9,6555.842
2025-07-25 22:00:00,778.91,784.28,778.36,783.44,5264.782
2025-07-25 23:00:00,783.43,786.0,782.47,785.45,9380.515
2025-07-26 00:00:00,785.44,785.7,781.59,782.35,6539.804
2025-07-26 01:00:00,782.35,783.97,778.28,778.55,5551.672
2025-07-26 02:00:00,778.56,784.52,778.55,783.57,7566.521
2025-07-26 03:00:00,783.57,784.2,782.26,783.52,3548.045
2025-07-26 04:00:00,783.53,784.18,780.83,781.94,4340.429
2025-07-26 05:00:00,781.95,782.05,780.5,780.71,2142.759
2025-07-26 06:00:00,780.72,783.1,780.54,782.69,2572.601
2025-07-26 07:00:00,782.69,783.81,781.99,782.55,3738.979
2025-07-26 08:00:00,782.55,784.4,781.64,784.03,3558.504
2025-07-26 09:00:00,784.03,784.39,782.88,783.95,3784.303
2025-07-26 10:00:00,783.95,785.6,782.0,782.01,5511.97
2025-07-26 11:00:00,782.0,783.46,780.11,781.7,6216.949
2025-07-26 12:00:00,781.7,782.99,780.54,782.51,3085.855
2025-07-26 13:00:00,782.51,783.16,781.78,781.96,4287.516
2025-07-26 14:00:00,781.97,782.2,780.37,780.4,3821.525
2025-07-26 15:00:00,780.39,781.7,779.33,781.32,3147.691
2025-07-26 16:00:00,781.31,781.81,779.35,779.9,4032.699
2025-07-26 17:00:00,779.9,780.05,778.51,779.52,2907.925
2025-07-26 18:00:00,779.53,782.73,779.06,781.98,3089.623
2025-07-26 19:00:00,781.98,784.92,781.83,784.87,2872.186
2025-07-26 20:00:00,784.88,785.59,783.61,784.88,2418.777
2025-07-26 21:00:00,784.88,789.42,784.43,789.17,6472.907
2025-07-26 22:00:00,789.17,798.0,789.16,791.45,22554.663
2025-07-26 23:00:00,791.45,796.23,791.44,793.29,15000.488
2025-07-27 00:00:00,793.3,799.0,791.04,797.19,13852.345
2025-07-27 01:00:00,797.2,799.25,795.54,795.98,12395.078
2025-07-27 02:00:00,795.97,797.8,793.96,794.88,5182.603
2025-07-27 03:00:00,794.89,796.49,793.84,794.28,4229.218
2025-07-27 04:00:00,794.29,798.12,793.44,796.3,9770.239
2025-07-27 05:00:00,796.3,797.33,794.36,797.11,5689.625
2025-07-27 06:00:00,797.12,799.0,795.1,795.72,5757.86
2025-07-27 07:00:00,795.73,797.86,795.0,796.41,3480.967
2025-07-27 08:00:00,796.41,798.0,793.85,797.58,6782.274
2025-07-27 09:00:00,797.58,797.8,792.12,793.4,4823.934
2025-07-27 10:00:00,793.4,798.71,793.3,797.75,5089.124
2025-07-27 11:00:00,797.76,799.4,796.0,796.7,7301.471
2025-07-27 12:00:00,796.71,797.69,793.6,795.39,5916.088
2025-07-27 13:00:00,795.39,796.13,793.4,794.28,4116.824
2025-07-27 14:00:00,794.27,799.1,794.1,797.31,6899.929
2025-07-27 15:00:00,797.32,816.6,795.0,814.98,53074.4129
2025-07-27 16:00:00,814.98,827.25,812.55,818.65,78167.7432
2025-07-27 17:00:00,818.65,825.72,816.55,822.79,21365.212
2025-07-27 18:00:00,822.78,828.0,822.54,826.94,13419.636
2025-07-27 19:00:00,826.94,831.0,824.88,830.35,21553.584
2025-07-27 20:00:00,830.35,830.7,827.42,830.49,13589.213
2025-07-27 21:00:00,830.48,839.9,820.11,838.42,45802.7281
2025-07-27 22:00:00,838.42,847.12,837.4,839.84,31132.1233
2025-07-27 23:00:00,839.84,845.41,838.71,844.0,17904.024
2025-07-28 00:00:00,844.0,847.96,841.36,842.3,30299.513
2025-07-28 01:00:00,842.32,847.3,841.06,845.31,18287.283
2025-07-28 02:00:00,845.31,855.01,842.5,843.16,45938.1885
2025-07-28 03:00:00,843.16,845.73,839.74,841.67,20735.356
2025-07-28 04:00:00,841.67,844.84,839.93,841.02,11766.265
2025-07-28 05:00:00,841.03,850.43,841.02,849.22,20365.958
2025-07-28 06:00:00,849.23,854.94,848.89,850.48,27083.514
2025-07-28 07:00:00,850.48,860.0,846.66,855.77,38088.8247
2025-07-28 08:00:00,855.77,860.0,853.79,857.57,26640.124
2025-07-28 09:00:00,857.56,861.1,852.27,853.94,25826.21
2025-07-28 10:00:00,853.9,853.9,845.09,846.54,24457.751
2025-07-28 11:00:00,846.54,851.88,845.0,850.59,11701.016
2025-07-28 12:00:00,850.59,857.5,847.34,849.86,23707.67
2025-07-28 13:00:00,849.86,851.55,839.14,842.9,28532.08
2025-07-28 14:00:00,842.89,848.12,831.81,832.86,29660.588
2025-07-28 15:00:00,832.85,841.46,830.74,836.18,21211.921
2025-07-28 16:00:00,836.18,841.1,833.46,838.25,17000.821
2025-07-28 17:00:00,838.25,839.18,832.07,832.67,13455.266
2025-07-28 18:00:00,832.67,833.52,825.61,829.87,21623.862
2025-07-28 19:00:00,829.87,835.82,827.38,831.74,9043.56
2025-07-28 20:00:00,831.73,832.45,822.99,824.04,10520.011
2025-07-28 21:00:00,824.03,829.08,821.05,825.65,9988.556
2025-07-28 22:00:00,825.65,830.28,821.04,824.96,16672.403
2025-07-28 23:00:00,824.96,829.76,820.64,824.07,15127.95
2025-07-29 00:00:00,824.07,833.33,821.58,831.01,20223.887
2025-07-29 01:00:00,831.01,835.06,826.14,826.4,12605.492
2025-07-29 02:00:00,826.4,828.36,815.0,817.12,29285.501
2025-07-29 03:00:00,817.13,830.21,817.12,829.09,14972.009
2025-07-29 04:00:00,829.08,833.41,826.45,827.35,10766.347
2025-07-29 05:00:00,827.35,834.14,825.57,832.68,9311.867
2025-07-29 06:00:00,832.68,833.62,828.63,830.04,13673.493
2025-07-29 07:00:00,830.05,831.38,825.07,825.3,22041.429
2025-07-29 08:00:00,825.29,831.05,824.89,826.94,13235.693
2025-07-29 09:00:00,826.94,832.82,824.29,832.79,21884.486
2025-07-29 10:00:00,832.8,833.81,821.0,822.06,16805.646
2025-07-29 11:00:00,822.06,829.06,821.4,826.3,12997.695
2025-07-29 12:00:00,826.3,830.3,822.41,822.61,13341.793
2025-07-29 13:00:00,822.61,824.05,814.03,815.12,18971.764
2025-07-29 14:00:00,815.13,816.7,808.36,811.62,29067.504
2025-07-29 15:00:00,811.62,811.78,801.91,805.28,29496.543
2025-07-29 16:00:00,805.28,808.05,800.33,806.84,41713.766
2025-07-29 17:00:00,806.83,815.8,806.44,815.5,36048.82
2025-07-29 18:00:00,815.49,815.5,806.28,807.64,10643.855
2025-07-29 19:00:00,807.64,808.01,803.31,803.61,10481.282
2025-07-29 20:00:00,803.61,806.51,800.12,802.75,10312.039
2025-07-29 21:00:00,802.76,809.26,800.66,806.69,8909.054
2025-07-29 22:00:00,806.69,807.56,801.34,806.25,9891.6
2025-07-29 23:00:00,806.25,808.26,803.86,805.1,10684.567
2025-07-30 00:00:00,805.11,805.86,796.1,805.75,16990.003
2025-07-30 01:00:00,805.74,809.83,800.91,808.57,9564.557
2025-07-30 02:00:00,808.57,811.64,807.0,807.54,8682.6
2025-07-30 03:00:00,807.54,807.95,803.44,804.6,6480.95
2025-07-30 04:00:00,804.61,806.81,798.91,799.68,7538.959
2025-07-30 05:00:00,799.69,802.21,795.81,800.7,8654.974
2025-07-30 06:00:00,800.71,806.26,800.36,804.65,17114.366
2025-07-30 07:00:00,804.65,806.5,799.14,800.44,9734.875
2025-07-30 08:00:00,800.45,807.34,800.1,803.69,26888.789
2025-07-30 09:00:00,803.69,804.75,796.4,799.31,11315.86
2025-07-30 10:00:00,799.31,801.09,793.45,794.2,18557.546
2025-07-30 11:00:00,794.2,795.91,786.23,788.52,39827.055
2025-07-30 12:00:00,788.52,789.23,779.63,782.61,28370.778
2025-07-30 13:00:00,782.62,785.13,779.01,784.31,22036.693
2025-07-30 14:00:00,784.31,795.83,783.9,795.47,17309.913
2025-07-30 15:00:00,795.47,795.75,787.11,790.8,12265.892
2025-07-30 16:00:00,790.8,793.3,789.2,791.26,7550.805
2025-07-30 17:00:00,791.27,792.29,788.2,792.15,4495.52
2025-07-30 18:00:00,792.15,794.75,780.57,780.58,23719.373
2025-07-30 19:00:00,780.57,786.55,766.21,785.31,46517.247
2025-07-30 20:00:00,785.3,788.37,783.92,785.3,11166.803
2025-07-30 21:00:00,785.31,788.8,783.01,786.77,5211.575
2025-07-30 22:00:00,786.76,788.84,785.06,787.78,4436.215
2025-07-30 23:00:00,787.77,793.68,787.58,793.51,5167.388
2025-07-31 00:00:00,793.51,797.44,791.14,796.7,16296.704
2025-07-31 01:00:00,796.71,797.64,794.9,795.73,6218.128
2025-07-31 02:00:00,795.73,797.56,794.4,796.8,8288.198
2025-07-31 03:00:00,796.79,800.0,796.68,798.9,6707.259
2025-07-31 04:00:00,798.89,803.72,796.86,802.51,9496.387
2025-07-31 05:00:00,802.51,803.29,800.69,801.26,7668.198
2025-07-31 06:00:00,801.26,803.66,800.01,803.37,6227.978
2025-07-31 07:00:00,803.38,805.28,802.92,803.69,6843.939
2025-07-31 08:00:00,803.69,810.14,803.69,809.92,13455.689
2025-07-31 09:00:00,809.92,813.4,809.0,813.4,11010.953
2025-07-31 10:00:00,813.4,814.8,804.24,804.66,27615.815
2025-07-31 11:00:00,804.66,806.48,799.15,800.59,14074.954
2025-07-31 12:00:00,800.59,801.17,796.54,799.01,12021.284
2025-07-31 13:00:00,799.0,799.25,792.42,796.76,12886.782
2025-07-31 14:00:00,796.76,798.7,787.4,789.65,16411.039
2025-07-31 15:00:00,789.66,801.27,789.57,799.79,21998.109
2025-07-31 16:00:00,799.79,814.0,799.2,813.3,36406.241
2025-07-31 17:00:00,813.3,814.0,801.9,803.58,21758.544
2025-07-31 18:00:00,803.57,808.87,798.38,801.26,17033.58
2025-07-31 19:00:00,801.27,802.8,793.75,796.18,8774.81
2025-07-31 20:00:00,796.18,798.76,792.58,794.56,9585.126
2025-07-31 21:00:00,794.57,797.1,789.32,793.59,7683.437
2025-07-31 22:00:00,793.6,795.31,786.52,787.11,12591.041
2025-07-31 23:00:00,787.11,791.89,781.38,783.14,23971.95
2025-08-01 00:00:00,783.13,789.07,774.68,788.48,24978.624
2025-08-01 01:00:00,788.47,790.6,781.2,787.3,17960.858
2025-08-01 02:00:00,787.3,795.4,786.05,788.12,24831.355
2025-08-01 03:00:00,788.13,789.04,782.08,783.88,14203.387
2025-08-01 04:00:00,783.88,784.18,778.5,779.9,10677.719
2025-08-01 05:00:00,779.9,782.2,775.78,777.51,9434.592
2025-08-01 06:00:00,777.5,777.97,770.16,775.8,20593.426
2025-08-01 07:00:00,775.81,777.53,770.87,773.6,20865.395
2025-08-01 08:00:00,773.59,773.59,762.84,766.03,46537.046
2025-08-01 09:00:00,766.02,772.51,765.73,768.1,11486.705
2025-08-01 10:00:00,768.11,771.61,767.6,767.81,8158.946
2025-08-01 11:00:00,767.81,771.75,764.61,771.55,9152.125
2025-08-01 12:00:00,771.54,775.98,768.2,773.13,15162.195
2025-08-01 13:00:00,773.13,775.0,756.0,761.79,23855.821
2025-08-01 14:00:00,761.79,773.4,758.58,766.65,23025.743
2025-08-01 15:00:00,766.65,767.4,758.12,763.96,15253.202
2025-08-01 16:00:00,763.95,767.9,759.0,761.01,12060.94
2025-08-01 17:00:00,761.0,764.64,757.29,758.48,12914.531
2025-08-01 18:00:00,758.48,763.39,754.0,759.84,12631.453
2025-08-01 19:00:00,759.83,763.33,757.1,761.25,7851.599
2025-08-01 20:00:00,761.26,762.73,752.36,759.24,10907.62
2025-08-01 21:00:00,759.25,761.97,758.2,758.54,4144.679
2025-08-01 22:00:00,758.55,759.05,744.69,749.95,29701.208
2025-08-01 23:00:00,749.95,757.8,749.16,757.08,7442.389
2025-08-02 00:00:00,757.08,765.84,755.47,765.75,10975.854
2025-08-02 01:00:00,765.75,765.76,762.37,764.59,4266.454
2025-08-02 02:00:00,764.59,768.64,763.79,764.36,7099.889
2025-08-02 03:00:00,764.37,765.62,762.36,764.29,4306.003
2025-08-02 04:00:00,764.3,770.11,764.0,769.87,12035.495
2025-08-02 05:00:00,769.87,770.1,765.82,766.16,3775.761
2025-08-02 06:00:00,766.17,766.17,751.0,753.22,24976.975
2025-08-02 07:00:00,753.21,759.52,750.0,758.93,8230.863
2025-08-02 08:00:00,758.93,759.34,753.0,753.55,5070.846
2025-08-02 09:00:00,753.55,756.2,751.8,754.48,5988.004
2025-08-02 10:00:00,754.49,754.7,750.75,754.59,5606.647
2025-08-02 11:00:00,754.58,758.79,752.2,756.29,6564.587
2025-08-02 12:00:00,756.28,756.28,751.52,754.91,4286.941
2025-08-02 13:00:00,754.91,756.25,751.66,754.74,3849.969
2025-08-02 14:00:00,754.74,755.6,746.07,748.02,7881.043
2025-08-02 15:00:00,748.02,750.81,741.3,743.22,11746.307
2025-08-02 16:00:00,743.21,748.8,740.88,747.64,11494.787
2025-08-02 17:00:00,747.65,750.04,739.0,741.12,12536.489
2025-08-02 18:00:00,741.12,743.17,734.25,737.07,18643.274
2025-08-02 19:00:00,737.07,743.62,734.6,737.31,15441.364
2025-08-02 20:00:00,737.31,742.85,737.02,742.85,4619.148
2025-08-02 21:00:00,742.85,745.23,739.65,739.65,3774.37
2025-08-02 22:00:00,739.64,741.99,734.01,738.5,6973.353
2025-08-02 23:00:00,738.49,739.2,732.36,736.42,9138.569
2025-08-03 00:00:00,736.43,741.4,730.01,740.83,15752.734
2025-08-03 01:00:00,740.83,742.2,738.31,739.41,5668.681
2025-08-03 02:00:00,739.41,744.2,739.41,744.0,9098.663
2025-08-03 03:00:00,744.0,744.71,742.1,744.09,4242.802
2025-08-03 04:00:00,744.09,744.94,741.37,743.0,3428.846
2025-08-03 05:00:00,743.0,745.1,742.63,744.79,4066.661
2025-08-03 06:00:00,744.79,745.5,743.12,745.21,3465.894
2025-08-03 07:00:00,745.22,749.09,745.21,748.06,7667.939
2025-08-03 08:00:00,748.07,749.21,746.6,748.66,7165.076
2025-08-03 09:00:00,748.66,749.01,746.41,747.85,5062.195
2025-08-03 10:00:00,747.86,750.63,747.83,750.0,4169.182
2025-08-03 11:00:00,750.0,753.71,748.33,748.44,9939.534
2025-08-03 12:00:00,748.44,750.75,746.66,749.81,6505.836
2025-08-03 13:00:00,749.8,751.33,749.0,750.78,6751.822
2025-08-03 14:00:00,750.78,750.9,746.48,747.91,6143.363
2025-08-03 15:00:00,747.92,748.7,745.57,748.62,3303.05
2025-08-03 16:00:00,748.62,752.04,747.2,751.48,6116.27
2025-08-03 17:00:00,751.47,752.4,749.78,751.68,5777.268
2025-08-03 18:00:00,751.69,752.24,749.5,752.21,4720.619
2025-08-03 19:00:00,752.2,755.53,751.7,752.8,7862.347
2025-08-03 20:00:00,752.79,752.81,750.37,751.31,2621.498
2025-08-03 21:00:00,751.3,753.7,751.0,753.21,3611.47
2025-08-03 22:00:00,753.21,754.25,751.15,752.27,4243.896
2025-08-03 23:00:00,752.27,754.6,750.92,751.21,5315.319
2025-08-04 00:00:00,751.21,759.01,750.47,758.43,9653.993
2025-08-04 01:00:00,758.42,758.54,754.0,754.28,8207.93
2025-08-04 02:00:00,754.28,756.61,752.14,756.37,4683.698
2025-08-04 03:00:00,756.37,756.8,753.49,754.04,5378.657
2025-08-04 04:00:00,754.04,755.0,752.84,754.09,4114.145
2025-08-04 05:00:00,754.09,754.46,752.1,754.44,4624.644
2025-08-04 06:00:00,754.44,755.0,752.15,754.82,3266.495
2025-08-04 07:00:00,754.83,758.06,754.77,757.11,4306.935
2025-08-04 08:00:00,757.11,759.54,756.22,758.5,8811.704
2025-08-04 09:00:00,758.5,760.25,756.82,757.04,6065.225
2025-08-04 10:00:00,757.04,759.05,756.29,757.2,6854.763
2025-08-04 11:00:00,757.19,757.25,754.65,755.36,4120.888
2025-08-04 12:00:00,755.36,757.93,755.06,757.92,3808.977
2025-08-04 13:00:00,757.93,763.96,755.57,762.1,17830.706
2025-08-04 14:00:00,762.09,765.84,759.4,761.14,20565.644
2025-08-04 15:00:00,761.14,763.23,758.37,760.44,8685.687
2025-08-04 16:00:00,760.44,768.9,760.44,768.07,11616.055
2025-08-04 17:00:00,768.07,769.7,765.12,766.21,10008.328
2025-08-04 18:00:00,766.21,767.31,763.33,764.03,3995.615
2025-08-04 19:00:00,764.02,764.1,760.0,760.99,3775.444
2025-08-04 20:00:00,761.0,765.5,760.2,764.73,3850.078
2025-08-04 21:00:00,764.74,767.44,764.67,766.21,8338.092
2025-08-04 22:00:00,766.21,767.46,765.19,767.44,3721.733
2025-08-04 23:00:00,767.45,770.0,767.36,768.63,5219.97
2025-08-05 00:00:00,768.62,769.79,766.24,766.97,5348.946
2025-08-05 01:00:00,766.98,768.22,762.96,763.38,4788.994
2025-08-05 02:00:00,763.37,766.61,763.35,766.6,3692.729
2025-08-05 03:00:00,766.6,766.71,760.35,760.77,5236.499
2025-08-05 04:00:00,760.78,762.87,760.0,761.61,5222.714
2025-08-05 05:00:00,761.6,764.24,761.38,763.97,4245.287
2025-08-05 06:00:00,763.98,767.06,762.82,763.77,6279.338
2025-08-05 07:00:00,763.78,763.78,755.15,757.44,9860.613
2025-08-05 08:00:00,757.43,759.4,755.56,757.79,7893.694
2025-08-05 09:00:00,757.8,761.96,757.43,761.9,5361.18
2025-08-05 10:00:00,761.91,765.55,761.1,764.13,6752.777
2025-08-05 11:00:00,764.14,766.23,763.73,765.21,5963.685
2025-08-05 12:00:00,765.2,765.57,757.6,758.3,8431.374
2025-08-05 13:00:00,758.29,760.39,756.13,757.19,6895.478
2025-08-05 14:00:00,757.19,757.33,746.15,748.07,25105.589
2025-08-05 15:00:00,748.06,753.58,746.57,748.96,13871.423
2025-08-05 16:00:00,748.96,753.22,747.49,751.2,5942.551
2025-08-05 17:00:00,751.2,753.06,747.94,752.74,15328.328
2025-08-05 18:00:00,752.73,754.19,749.1,751.75,5200.805
2025-08-05 19:00:00,751.77,753.0,747.21,748.36,4904.295
2025-08-05 20:00:00,748.35,752.36,747.3,747.67,4297.369
2025-08-05 21:00:00,747.67,750.81,746.52,749.02,6669.553
2025-08-05 22:00:00,749.01,753.38,745.11,753.16,8016.934
2025-08-05 23:00:00,753.16,756.27,753.08,755.13,4148.805
2025-08-06 00:00:00,755.13,756.03,751.07,751.72,4098.777
2025-08-06 01:00:00,751.73,752.73,747.23,750.29,5747.332
2025-08-06 02:00:00,750.28,750.43,746.26,750.3,5365.827
2025-08-06 03:00:00,750.3,750.66,747.18,748.65,5329.951
2025-08-06 04:00:00,748.65,753.04,747.33,752.01,10834.621
2025-08-06 05:00:00,752.01,761.99,751.2,760.15,9526.747
2025-08-06 06:00:00,760.15,761.53,758.03,760.29,3995.256
2025-08-06 07:00:00,760.3,763.43,759.7,763.1,5091.742
2025-08-06 08:00:00,763.1,764.9,758.82,759.85,9828.649
2025-08-06 09:00:00,759.85,764.41,758.86,763.0,5994.074
2025-08-06 10:00:00,762.99,764.3,761.01,762.62,5988.921
2025-08-06 11:00:00,762.63,764.42,761.55,762.11,4034.244
2025-08-06 12:00:00,762.12,764.1,758.63,759.19,5073.642
2025-08-06 13:00:00,759.2,763.35,757.74,762.51,6310.731
2025-08-06 14:00:00,762.52,769.0,761.2,768.82,10226.194
2025-08-06 15:00:00,768.82,769.67,765.87,769.22,15277.876
2025-08-06 16:00:00,769.22,769.88,765.75,767.62,7126.901
2025-08-06 17:00:00,767.61,773.68,767.01,773.68,8615.425
2025-08-06 18:00:00,773.67,774.84,771.56,773.03,10056.638
2025-08-06 19:00:00,773.02,773.39,771.9,773.2,7030.708
2025-08-06 20:00:00,773.2,773.34,769.26,771.52,6955.986
2025-08-06 21:00:00,771.52,772.73,768.48,769.75,3846.573
2025-08-06 22:00:00,769.75,770.18,768.63,768.95,4426.772
2025-08-06 23:00:00,768.95,770.19,767.84,769.55,2901.123
2025-08-07 00:00:00,769.55,772.89,768.87,772.34,3815.93
2025-08-07 01:00:00,772.35,774.6,769.61,770.11,5886.009
2025-08-07 02:00:00,770.1,770.95,767.01,767.8,5302.596
2025-08-07 03:00:00,767.8,768.0,765.86,766.48,3732.13
2025-08-07 04:00:00,766.47,767.58,765.0,766.03,5882.541
2025-08-07 05:00:00,766.03,768.48,765.0,767.2,9322.412
2025-08-07 06:00:00,767.19,769.51,766.3,766.54,9247.264
2025-08-07 07:00:00,766.55,768.58,765.66,768.05,8995.312
2025-08-07 08:00:00,768.05,769.3,764.17,766.13,13159.13
2025-08-07 09:00:00,766.12,766.72,764.92,766.43,4513.255
2025-08-07 10:00:00,766.44,778.5,765.96,777.31,18606.933
2025-08-07 11:00:00,777.31,779.67,776.03,776.95,10937.358
2025-08-07 12:00:00,776.96,777.9,772.76,775.98,10858.447
2025-08-07 13:00:00,775.98,777.23,773.89,776.5,6968.021
2025-08-07 14:00:00,776.51,776.64,770.69,771.32,7850.744
2025-08-07 15:00:00,771.33,775.84,770.38,775.66,5957.394
2025-08-07 16:00:00,775.65,776.1,768.02,773.12,7164.617
2025-08-07 17:00:00,773.11,776.06,772.26,775.9,4767.091
2025-08-07 18:00:00,775.9,778.16,774.4,778.08,5669.64
2025-08-07 19:00:00,778.08,780.75,776.7,780.66,6378.791
2025-08-07 20:00:00,780.66,781.8,780.2,781.3,6503.687
2025-08-07 21:00:00,781.3,783.64,781.23,783.17,9490.808
2025-08-07 22:00:00,783.18,787.3,782.86,787.06,9431.282
2025-08-07 23:00:00,787.06,788.68,784.6,788.67,7665.41
2025-08-08 00:00:00,788.67,793.0,783.59,786.36,26014.175
2025-08-08 01:00:00,786.37,787.98,781.53,782.61,15592.81
2025-08-08 02:00:00,782.61,784.85,780.74,784.28,5660.458
2025-08-08 03:00:00,784.29,788.45,783.37,786.48,7790.34
2025-08-08 04:00:00,786.48,787.52,784.51,787.34,4315.931
2025-08-08 05:00:00,787.35,787.35,784.08,785.41,4536.358
2025-08-08 06:00:00,785.41,791.0,784.1,791.0,5566.213
2025-08-08 07:00:00,791.0,791.67,788.16,789.67,8145.527
2025-08-08 08:00:00,789.66,790.81,785.63,786.71,10361.327
2025-08-08 09:00:00,786.71,787.05,784.03,786.26,5626.308
2025-08-08 10:00:00,786.26,788.14,785.2,788.01,5045.056
2025-08-08 11:00:00,788.0,789.69,787.85,789.22,4577.845
2025-08-08 12:00:00,789.23,789.23,784.87,785.46,5015.847
2025-08-08 13:00:00,785.46,793.9,785.45,793.26,14902.442
2025-08-08 14:00:00,793.26,796.77,786.2,789.22,12831.795
2025-08-08 15:00:00,789.22,789.71,781.7,784.96,11829.109
2025-08-08 16:00:00,784.96,787.0,784.54,786.3,6262.361
2025-08-08 17:00:00,786.3,794.77,786.3,794.68,7577.879
2025-08-08 18:00:00,794.68,796.48,791.8,793.18,7232.658
2025-08-08 19:00:00,793.19,795.56,792.03,795.46,6238.75
2025-08-08 20:00:00,795.47,796.54,793.76,796.2,4394.311
2025-08-08 21:00:00,796.2,796.74,795.08,796.21,3556.131
2025-08-08 22:00:00,796.2,798.5,794.7,794.85,6051.922
2025-08-08 23:00:00,794.84,796.1,791.9,793.5,6184.165
2025-08-09 00:00:00,793.5,796.0,793.08,793.9,4841.956
2025-08-09 01:00:00,793.9,797.6,792.81,796.96,4775.274
2025-08-09 02:00:00,796.96,797.3,795.42,796.11,2837.825
2025-08-09 03:00:00,796.1,797.47,794.75,797.11,4489.7
2025-08-09 04:00:00,797.12,801.46,796.82,801.26,11111.091
2025-08-09 05:00:00,801.26,810.0,800.85,809.0,21910.413
2025-08-09 06:00:00,809.01,809.17,804.0,804.91,9750.674
2025-08-09 07:00:00,804.91,809.51,804.18,809.5,6626.338
2025-08-09 08:00:00,809.51,809.86,805.91,807.87,9628.984
2025-08-09 09:00:00,807.87,813.86,807.43,813.55,12224.759
2025-08-09 10:00:00,813.54,819.44,813.36,816.11,18265.087
2025-08-09 11:00:00,816.12,816.34,811.2,811.59,7850.387
2025-08-09 12:00:00,811.6,814.95,811.13,814.76,6301.887
2025-08-09 13:00:00,814.76,815.5,807.2,807.29,11669.609
2025-08-09 14:00:00,807.28,809.73,804.79,809.06,9398.774
2025-08-09 15:00:00,809.05,810.25,805.0,806.47,6436.272
2025-08-09 16:00:00,806.48,808.1,802.88,803.79,6944.791
2025-08-09 17:00:00,803.79,806.19,803.2,804.69,8446.407
2025-08-09 18:00:00,804.69,806.6,803.51,806.3,4143.296
2025-08-09 19:00:00,806.29,809.15,804.22,804.73,5554.921
2025-08-09 20:00:00,804.72,807.45,803.4,807.21,5588.042
2025-08-09 21:00:00,807.21,807.72,800.39,802.44,7265.28
2025-08-09 22:00:00,802.43,805.1,798.18,798.43,11615.955
2025-08-09 23:00:00,798.44,799.66,797.9,798.83,4707.031
2025-08-10 00:00:00,798.83,805.42,798.83,805.24,6629.211
2025-08-10 01:00:00,805.23,808.8,803.16,808.65,7727.034
2025-08-10 02:00:00,808.65,810.0,806.86,808.02,6493.644
2025-08-10 03:00:00,808.01,813.11,807.45,811.21,16094.126
2025-08-10 04:00:00,811.21,815.5,810.17,815.25,5873.452
2025-08-10 05:00:00,815.25,815.49,810.0,812.44,7814.714
2025-08-10 06:00:00,812.44,812.67,804.62,808.09,9559.952
2025-08-10 07:00:00,808.09,810.99,798.25,799.29,12013.958
2025-08-10 08:00:00,799.3,804.15,793.68,803.88,13050.544
2025-08-10 09:00:00,803.89,804.69,801.3,803.2,3658.77
2025-08-10 10:00:00,803.2,804.6,798.07,798.51,5498.105
2025-08-10 11:00:00,798.51,801.84,797.0,798.98,5662.93
2025-08-10 12:00:00,798.97,803.15,797.8,802.91,7310.058
2025-08-10 13:00:00,802.92,803.79,797.04,797.5,4552.782
2025-08-10 14:00:00,797.5,802.32,795.33,801.57,6436.332
2025-08-10 15:00:00,801.56,803.71,800.54,802.09,6483.008
2025-08-10 16:00:00,802.08,802.64,800.71,801.5,4271.403
2025-08-10 17:00:00,801.49,802.88,800.38,802.14,3579.138
2025-08-10 18:00:00,802.14,803.0,801.17,802.78,2464.037
2025-08-10 19:00:00,802.78,805.22,802.54,803.0,4945.435
2025-08-10 20:00:00,803.0,803.6,800.7,802.3,4923.416
2025-08-10 21:00:00,802.3,802.3,799.2,802.03,6713.978
2025-08-10 22:00:00,802.04,805.73,800.28,805.73,5732.553
2025-08-10 23:00:00,805.73,807.33,802.91,807.22,5246.723
2025-08-11 00:00:00,807.22,812.05,806.6,806.6,13551.009
2025-08-11 01:00:00,806.6,813.6,806.12,811.67,8139.046
2025-08-11 02:00:00,811.66,827.59,811.38,825.27,39506.127
2025-08-11 03:00:00,825.27,825.4,818.08,821.19,12286.519
2025-08-11 04:00:00,821.19,824.39,820.44,820.45,8687.822
2025-08-11 05:00:00,820.45,824.57,819.03,820.61,11310.427
2025-08-11 06:00:00,820.61,823.9,818.28,821.19,13094.955
2025-08-11 07:00:00,821.19,821.37,809.77,811.82,16843.127
2025-08-11 08:00:00,811.81,816.59,808.97,815.86,11277.414
2025-08-11 09:00:00,815.87,816.03,810.05,811.18,5341.798
2025-08-11 10:00:00,811.19,811.33,806.01,806.89,8969.473
2025-08-11 11:00:00,806.89,807.2,794.0,796.23,24985.757
2025-08-11 12:00:00,796.22,799.85,794.14,797.34,14111.959
2025-08-11 13:00:00,797.37,804.04,792.0,799.49,25553.069
2025-08-11 14:00:00,799.5,805.59,798.8,803.35,15821.942
2025-08-11 15:00:00,803.35,807.5,800.28,807.43,10139.487
2025-08-11 16:00:00,807.42,812.41,803.85,808.46,20112.242
2025-08-11 17:00:00,808.47,810.48,804.01,805.02,10919.669
2025-08-11 18:00:00,805.02,810.13,801.14,810.01,7512.33
2025-08-11 19:00:00,810.02,810.97,802.28,806.32,7078.928
2025-08-11 20:00:00,806.32,807.6,803.77,807.3,4958.253
2025-08-11 21:00:00,807.3,809.28,798.22,802.96,10462.511
2025-08-11 22:00:00,802.96,803.74,797.56,802.74,6278.87
2025-08-11 23:00:00,802.75,810.99,802.26,805.09,9277.838
2025-08-12 00:00:00,805.09,815.0,803.79,813.99,8561.812
2025-08-12 01:00:00,813.99,814.9,809.43,810.06,7635.818
2025-08-12 02:00:00,810.06,814.75,809.7,812.72,6327.72
2025-08-12 03:00:00,812.72,814.0,808.12,808.38,5897.001
2025-08-12 04:00:00,808.38,813.38,808.04,812.52,3467.961
2025-08-12 05:00:00,812.53,812.53,803.99,806.55,8074.383
2025-08-12 06:00:00,806.55,809.3,803.22,807.1,6247.838
2025-08-12 07:00:00,807.1,811.22,806.83,807.89,7395.288
2025-08-12 08:00:00,807.9,809.01,805.38,805.4,7194.104
2025-08-12 09:00:00,805.39,805.85,801.04,801.29,8027.428
2025-08-12 10:00:00,801.29,802.1,797.99,800.68,10688.327
2025-08-12 11:00:00,800.68,803.48,797.73,803.19,7110.71
2025-08-12 12:00:00,803.19,814.66,800.0,814.19,23571.979
2025-08-12 13:00:00,814.19,814.38,807.06,811.32,19908.519
2025-08-12 14:00:00,811.31,816.0,810.62,814.27,15436.821
2025-08-12 15:00:00,814.27,820.78,813.4,820.68,16954.824
2025-08-12 16:00:00,820.69,826.98,820.68,826.11,23165.838
2025-08-12 17:00:00,826.12,829.88,824.64,825.58,13838.823
2025-08-12 18:00:00,825.59,831.68,825.43,828.44,12790.716
2025-08-12 19:00:00,828.44,832.76,828.17,831.76,10566.012
2025-08-12 20:00:00,831.76,839.9,831.16,837.45,16681.815
2025-08-12 21:00:00,837.44,838.51,831.29,831.82,13524.917
2025-08-12 22:00:00,831.82,836.0,830.6,834.87,8301.403
2025-08-12 23:00:00,834.87,836.16,832.37,832.47,7392.202
2025-08-13 00:00:00,832.48,838.57,831.81,835.31,9745.759
2025-08-13 01:00:00,835.31,835.31,828.96,830.63,13136.99
2025-08-13 02:00:00,830.63,837.76,828.23,836.63,10367.161
2025-08-13 03:00:00,836.63,840.79,834.4,836.3,12753.038
2025-08-13 04:00:00,836.31,839.87,835.96,837.31,8617.83
2025-08-13 05:00:00,837.3,839.72,834.55,836.28,10563.577
2025-08-13 06:00:00,836.28,837.58,831.75,834.81,22532.427
2025-08-13 07:00:00,834.81,854.44,834.52,846.74,77374.935
2025-08-13 08:00:00,846.73,852.66,844.52,852.01,19368.366
2025-08-13 09:00:00,852.0,858.48,850.5,852.76,28719.165
2025-08-13 10:00:00,852.77,856.6,849.0,853.95,20007.271
2025-08-13 11:00:00,853.95,855.88,851.23,854.89,11729.359
2025-08-13 12:00:00,854.89,857.3,851.05,852.6,12540.475
2025-08-13 13:00:00,852.59,858.89,848.67,853.3,24087.031
2025-08-13 14:00:00,853.3,853.47,845.74,846.07,22912.977
2025-08-13 15:00:00,846.07,848.46,838.72,841.44,29624.506
2025-08-13 16:00:00,841.44,848.61,841.43,843.54,10882.967
2025-08-13 17:00:00,843.54,845.96,841.96,843.71,6824.701
2025-08-13 18:00:00,843.7,844.74,837.56,839.89,9236.963
2025-08-13 19:00:00,839.88,845.53,839.64,845.21,7016.235
2025-08-13 20:00:00,845.21,845.4,840.0,841.01,6019.893
2025-08-13 21:00:00,841.0,845.26,840.6,843.69,5462.424
2025-08-13 22:00:00,843.69,849.27,842.96,846.4,9037.745
2025-08-13 23:00:00,846.4,850.0,846.3,848.01,7299.518
2025-08-14 00:00:00,848.02,851.48,844.51,845.49,13549.362
2025-08-14 01:00:00,845.48,853.4,843.57,846.78,17826.319
2025-08-14 02:00:00,846.79,853.15,846.48,852.78,8238.703
2025-08-14 03:00:00,852.78,857.0,850.68,855.11,15320.802
2025-08-14 04:00:00,855.11,856.08,852.11,854.6,8186.608
2025-08-14 05:00:00,854.6,857.52,850.0,851.41,12582.969
2025-08-14 06:00:00,851.4,865.68,850.0,864.05,77498.3653
2025-08-14 07:00:00,864.04,864.71,855.34,858.01,20937.805
2025-08-14 08:00:00,858.01,860.22,855.71,858.9,14443.937
2025-08-14 09:00:00,858.9,868.79,855.76,866.08,26101.565
2025-08-14 10:00:00,866.07,869.4,857.3,859.32,31185.561
2025-08-14 11:00:00,859.31,864.19,858.0,862.23,16643.386
2025-08-14 12:00:00,862.23,865.5,830.44,834.66,94585.433
2025-08-14 13:00:00,834.66,847.05,820.6,844.12,74666.208
2025-08-14 14:00:00,844.12,856.58,839.88,852.97,31060.781
2025-08-14 15:00:00,852.97,855.47,844.75,846.97,16032.435
2025-08-14 16:00:00,846.97,848.06,833.36,834.96,42038.903
2025-08-14 17:00:00,834.96,841.96,831.2,833.6,17785.895
2025-08-14 18:00:00,833.6,840.66,828.0,838.81,12192.701
2025-08-14 19:00:00,838.82,843.48,837.0,838.12,6064.433
2025-08-14 20:00:00,838.11,838.47,830.91,833.8,11209.166
2025-08-14 21:00:00,833.79,838.22,824.8,830.12,11030.089
2025-08-14 22:00:00,830.12,839.82,826.21,839.3,7373.011
2025-08-14 23:00:00,839.29,842.94,837.84,840.42,6102.542
2025-08-15 00:00:00,840.42,843.2,835.1,837.53,11389.104
2025-08-15 01:00:00,837.53,845.0,833.6,844.22,10950.347
2025-08-15 02:00:00,844.22,844.9,840.88,840.93,6650.015
2025-08-15 03:00:00,840.94,849.3,839.81,848.59,9744.937
2025-08-15 04:00:00,848.58,852.79,847.21,849.3,8139.342
2025-08-15 05:00:00,849.29,850.99,845.22,848.93,9476.848
2025-08-15 06:00:00,848.93,853.53,848.79,852.16,9562.641
2025-08-15 07:00:00,852.16,853.0,846.22,848.07,7161.221
2025-08-15 08:00:00,848.06,852.64,848.01,850.34,5007.688
2025-08-15 09:00:00,850.33,852.56,844.03,846.09,7641.317
2025-08-15 10:00:00,846.1,848.11,841.26,845.8,11421.118
2025-08-15 11:00:00,845.79,847.69,843.35,843.73,4556.67
2025-08-15 12:00:00,843.72,847.56,837.84,843.42,13482.191
2025-08-15 13:00:00,843.43,845.42,830.25,832.12,17613.875
2025-08-15 14:00:00,832.11,836.55,826.36,827.22,20562.984
2025-08-15 15:00:00,827.23,828.4,815.52,818.65,37655.298
2025-08-15 16:00:00,818.65,820.2,812.57,818.67,17658.773
2025-08-15 17:00:00,818.68,826.0,816.97,824.47,9351.462
2025-08-15 18:00:00,824.47,825.71,819.08,821.1,5565.38
2025-08-15 19:00:00,821.1,825.08,819.02,820.71,4263.676
2025-08-15 20:00:00,820.71,826.56,819.2,826.36,5001.194
2025-08-15 21:00:00,826.36,827.29,822.6,825.89,5143.734
2025-08-15 22:00:00,825.9,831.56,823.65,830.99,6514.311
2025-08-15 23:00:00,830.98,832.0,825.02,827.81,7576.982
2025-08-16 00:00:00,827.8,834.93,826.0,834.07,8207.094
2025-08-16 01:00:00,834.06,836.72,832.25,836.17,7313.289
2025-08-16 02:00:00,836.18,836.18,831.16,831.86,5557.361
2025-08-16 03:00:00,831.85,834.2,830.75,831.8,5423.424
2025-08-16 04:00:00,831.8,837.0,831.61,836.94,5470.859
2025-08-16 05:00:00,836.93,836.93,832.5,832.54,3638.379
2025-08-16 06:00:00,832.54,833.51,830.26,832.33,3836.139
2025-08-16 07:00:00,832.33,836.32,832.1,835.4,6077.254
2025-08-16 08:00:00,835.4,836.29,834.0,835.41,2984.931
2025-08-16 09:00:00,835.4,836.21,829.26,829.63,6313.702
2025-08-16 10:00:00,829.63,831.5,826.47,828.0,8174.376
2025-08-16 11:00:00,828.01,832.7,826.23,826.45,8410.221
2025-08-16 12:00:00,826.46,830.37,825.06,830.37,4977.725
2025-08-16 13:00:00,830.37,833.08,828.0,828.69,4117.667
2025-08-16 14:00:00,828.7,834.97,828.23,834.64,5160.775
2025-08-16 15:00:00,834.64,835.48,831.44,831.67,6149.725
2025-08-16 16:00:00,831.68,834.78,831.48,834.03,3466.559
2025-08-16 17:00:00,834.04,834.07,831.2,833.77,2156.567
2025-08-16 18:00:00,833.77,835.24,832.92,834.66,3303.799
2025-08-16 19:00:00,834.66,836.32,834.35,834.41,2187.368
2025-08-16 20:00:00,834.41,836.1,833.5,836.1,2099.227
2025-08-16 21:00:00,836.1,836.12,834.78,834.88,1659.656
2025-08-16 22:00:00,834.88,837.22,833.84,836.59,4112.277
2025-08-16 23:00:00,836.6,839.79,835.41,838.71,3713.726
2025-08-17 00:00:00,838.71,849.99,838.04,847.15,12445.866
2025-08-17 01:00:00,847.15,851.41,843.14,848.4,13694.039
2025-08-17 02:00:00,848.39,849.79,844.1,846.4,6760.226
2025-08-17 03:00:00,846.41,847.01,843.59,844.57,3924.244
2025-08-17 04:00:00,844.56,848.88,844.51,848.7,6149.342
2025-08-17 05:00:00,848.7,850.23,847.41,847.67,6148.583
2025-08-17 06:00:00,847.67,851.79,847.52,849.28,5349.956
2025-08-17 07:00:00,849.29,855.68,848.4,854.22,10188.727
2025-08-17 08:00:00,854.21,856.95,851.65,856.77,6318.994
2025-08-17 09:00:00,856.76,864.0,856.62,861.7,16223.909
2025-08-17 10:00:00,861.7,862.49,859.1,860.0,8559.53
2025-08-17 11:00:00,860.0,863.22,859.57,861.55,6702.957
2025-08-17 12:00:00,861.56,862.16,857.67,858.57,4902.468
2025-08-17 13:00:00,858.56,859.4,855.2,857.94,5458.118
2025-08-17 14:00:00,857.94,859.18,856.29,858.04,5418.306
2025-08-17 15:00:00,858.04,861.87,857.01,860.03,8035.509
2025-08-17 16:00:00,860.03,861.34,854.79,856.07,7760.354
2025-08-17 17:00:00,856.06,856.46,853.04,855.32,5169.812
2025-08-17 18:00:00,855.33,856.0,848.46,852.05,6628.981
2025-08-17 19:00:00,852.05,854.86,851.05,851.12,3765.897
2025-08-17 20:00:00,851.13,853.45,850.59,852.26,3745.232
2025-08-17 21:00:00,852.25,854.59,851.06,854.03,2485.688
2025-08-17 22:00:00,854.03,858.1,853.95,857.9,4840.676
2025-08-17 23:00:00,857.9,858.94,854.91,855.38,4276.442
2025-08-18 00:00:00,855.38,858.0,850.92,857.05,8946.44
2025-08-18 01:00:00,857.05,858.51,843.87,844.05,19977.592
2025-08-18 02:00:00,844.04,845.0,836.13,837.26,25184.329
2025-08-18 03:00:00,837.24,838.61,831.7,835.71,13364.545
2025-08-18 04:00:00,835.7,839.39,832.83,837.58,8892.887
2025-08-18 05:00:00,837.58,839.92,828.5,835.36,17868.671
2025-08-18 06:00:00,835.36,835.37,825.0,828.88,11953.228
2025-08-18 07:00:00,828.88,830.73,826.99,830.22,8429.169
2025-08-18 08:00:00,830.21,833.64,828.5,831.78,11205.733
2025-08-18 09:00:00,831.78,837.51,829.54,832.36,18000.379
2025-08-18 10:00:00,832.37,833.25,829.96,831.14,11346.242
2025-08-18 11:00:00,831.14,832.28,830.23,831.55,4217.668
2025-08-18 12:00:00,831.54,839.76,830.57,839.76,8825.835
2025-08-18 13:00:00,839.75,840.29,832.06,832.1,10020.723
2025-08-18 14:00:00,832.11,838.86,832.11,838.69,10976.069
2025-08-18 15:00:00,838.69,842.39,835.89,841.85,8924.55
2025-08-18 16:00:00,841.84,843.68,838.35,839.41,5379.258
2025-08-18 17:00:00,839.41,848.11,838.67,845.72,6124.576
2025-08-18 18:00:00,845.72,846.3,842.75,845.64,3157.117
2025-08-18 19:00:00,845.64,846.66,842.4,844.9,3462.936
2025-08-18 20:00:00,844.91,846.99,842.62,845.24,2384.903
2025-08-18 21:00:00,845.24,846.72,843.56,845.98,2318.236
2025-08-18 22:00:00,846.0,855.84,846.0,854.14,6889.896
2025-08-18 23:00:00,854.14,854.87,846.38,846.99,5890.621
2025-08-19 00:00:00,847.0,850.26,840.06,849.23,8101.445
2025-08-19 01:00:00,849.22,850.0,842.18,842.68,6767.803
2025-08-19 02:00:00,842.68,851.95,840.52,850.48,7934.266
2025-08-19 03:00:00,850.49,851.92,841.34,842.01,14967.734
2025-08-19 04:00:00,842.0,849.3,837.26,849.0,13665.038
2025-08-19 05:00:00,849.0,849.82,842.38,843.71,9636.281
2025-08-19 06:00:00,843.71,844.1,840.6,841.47,5325.653
2025-08-19 07:00:00,841.47,841.96,834.98,838.34,11285.177
2025-08-19 08:00:00,838.35,842.08,835.9,841.0,6457.691
2025-08-19 09:00:00,841.0,845.5,840.52,844.48,5375.038
2025-08-19 10:00:00,844.49,846.6,843.43,844.31,5051.614
2025-08-19 11:00:00,844.32,848.38,844.32,846.46,5400.858
2025-08-19 12:00:00,846.46,846.55,843.17,845.1,3866.348
2025-08-19 13:00:00,845.1,847.85,840.01,842.67,9415.421
2025-08-19 14:00:00,842.67,845.9,830.09,830.54,27084.791
2025-08-19 15:00:00,830.54,837.95,829.55,832.19,14765.858
2025-08-19 16:00:00,832.2,832.8,826.56,827.62,10282.652
2025-08-19 17:00:00,827.62,833.98,825.45,833.61,6271.241
2025-08-19 18:00:00,833.61,834.2,826.0,827.6,6003.766
2025-08-19 19:00:00,827.6,835.23,825.01,832.88,8575.552
2025-08-19 20:00:00,832.89,836.38,829.48,835.62,4348.791
2025-08-19 21:00:00,835.63,837.11,834.44,836.79,3865.188
2025-08-19 22:00:00,836.8,836.82,833.25,835.21,3700.916
2025-08-19 23:00:00,835.21,835.21,823.0,824.11,13652.904
2025-08-20 00:00:00,824.1,829.55,823.6,825.45,8526.721
2025-08-20 01:00:00,825.45,831.0,818.57,828.4,23905.184
2025-08-20 02:00:00,828.4,831.2,826.72,830.41,5753.885
2025-08-20 03:00:00,830.4,837.11,829.3,836.55,7887.481
2025-08-20 04:00:00,836.55,837.11,834.55,835.85,7600.382
2025-08-20 05:00:00,835.85,836.28,832.42,834.33,3955.776
2025-08-20 06:00:00,834.32,837.0,832.53,836.38,3599.058
2025-08-20 07:00:00,836.38,837.32,833.58,834.35,8087.995
2025-08-20 08:00:00,834.36,834.79,832.73,834.2,30096.732
2025-08-20 09:00:00,834.2,834.48,828.51,829.31,12284.624
2025-08-20 10:00:00,829.31,834.0,829.31,833.61,3910.93
2025-08-20 11:00:00,833.6,834.32,826.18,831.03,6029.382
2025-08-20 12:00:00,831.03,834.3,829.76,832.65,6538.403
2025-08-20 13:00:00,832.64,832.65,823.0,824.46,9218.12
2025-08-20 14:00:00,824.45,830.8,818.88,828.7,15810.432
2025-08-20 15:00:00,828.7,837.32,828.11,832.83,28868.543
2025-08-20 16:00:00,832.84,843.8,832.84,840.23,18871.936
2025-08-20 17:00:00,840.23,847.55,839.02,845.25,11084.942
2025-08-20 18:00:00,845.26,853.68,842.84,853.41,25677.946
2025-08-20 19:00:00,853.41,869.99,853.04,869.11,58727.414
2025-08-20 20:00:00,869.11,874.99,866.6,872.7,35201.963
2025-08-20 21:00:00,872.71,881.02,871.39,877.27,26403.0055
2025-08-20 22:00:00,877.28,879.9,873.22,875.53,14729.29
2025-08-20 23:00:00,875.53,876.86,867.99,869.05,19389.717
2025-08-21 00:00:00,869.05,876.25,867.22,874.76,14113.971
2025-08-21 01:00:00,874.77,883.86,870.35,882.63,19206.19
2025-08-21 02:00:00,882.62,882.97,866.8,869.04,17108.628
2025-08-21 03:00:00,869.03,873.61,866.11,866.21,10351.281
2025-08-21 04:00:00,866.21,866.43,862.74,863.78,8811.789
2025-08-21 05:00:00,863.79,864.65,858.04,863.37,11666.942
2025-08-21 06:00:00,863.38,866.59,861.3,864.77,10285.65
2025-08-21 07:00:00,864.77,864.8,858.03,862.48,12636.831
2025-08-21 08:00:00,862.48,864.34,856.72,856.73,15455.664
2025-08-21 09:00:00,856.73,856.84,849.02,851.47,32439.0
2025-08-21 10:00:00,851.47,852.05,849.63,850.6,11326.636
2025-08-21 11:00:00,850.6,854.99,850.01,851.24,14559.772
2025-08-21 12:00:00,851.24,853.68,846.51,848.04,11723.477
2025-08-21 13:00:00,848.03,853.87,847.25,850.66,11060.523
2025-08-21 14:00:00,850.66,856.88,847.18,850.38,15426.466
2025-08-21 15:00:00,850.38,850.9,841.1,841.85,13473.96
2025-08-21 16:00:00,841.84,844.68,838.38,838.46,7294.26
2025-08-21 17:00:00,838.45,843.5,837.96,842.08,4753.44
2025-08-21 18:00:00,842.1,842.76,836.8,840.12,5584.063
2025-08-21 19:00:00,840.11,841.9,834.52,836.4,10412.976
2025-08-21 20:00:00,836.4,841.06,833.46,838.51,6141.848
2025-08-21 21:00:00,838.5,840.75,835.48,839.6,5181.364
2025-08-21 22:00:00,839.6,842.83,838.7,842.13,4223.074
2025-08-21 23:00:00,842.14,842.14,837.53,839.49,4651.871
2025-08-22 00:00:00,839.49,843.99,839.43,842.15,4063.854
2025-08-22 01:00:00,842.16,846.3,839.23,846.29,7673.358
2025-08-22 02:00:00,846.3,853.34,845.94,849.01,17973.993
2025-08-22 03:00:00,849.0,851.4,844.9,845.69,5305.784
2025-08-22 04:00:00,845.7,850.93,845.66,849.34,5680.834
2025-08-22 05:00:00,849.34,852.0,848.8,850.21,4711.459
2025-08-22 06:00:00,850.2,850.93,845.69,850.16,8346.334
2025-08-22 07:00:00,850.18,854.45,849.06,851.02,9472.649
2025-08-22 08:00:00,851.02,855.18,851.01,851.67,6710.439
2025-08-22 09:00:00,851.67,852.77,846.64,848.89,18402.463
2025-08-22 10:00:00,848.89,848.97,844.24,847.1,6933.415
2025-08-22 11:00:00,847.1,850.32,844.29,848.99,9688.663
2025-08-22 12:00:00,849.0,850.45,842.7,848.55,17698.966
2025-08-22 13:00:00,848.55,854.38,846.16,850.51,17272.759
2025-08-22 14:00:00,850.51,874.88,850.51,872.33,79446.374
2025-08-22 15:00:00,872.33,882.0,872.26,876.22,43678.746
2025-08-22 16:00:00,876.22,885.81,876.22,884.55,26296.306
2025-08-22 17:00:00,884.55,897.99,884.55,894.73,47751.5139
2025-08-22 18:00:00,894.73,898.54,890.16,892.69,19054.491
2025-08-22 19:00:00,892.68,896.94,891.5,894.6,15454.179
2025-08-22 20:00:00,894.6,896.0,892.66,896.0,10086.15
2025-08-22 21:00:00,896.0,900.0,895.56,897.32,21828.1794
2025-08-22 22:00:00,897.32,898.12,894.0,896.02,11091.617
2025-08-22 23:00:00,896.02,900.71,895.96,900.21,16220.0054
2025-08-23 00:00:00,900.2,900.21,890.23,890.52,15268.117
2025-08-23 01:00:00,890.53,891.0,881.42,888.33,14832.313
2025-08-23 02:00:00,888.33,888.96,875.71,884.03,15550.002
2025-08-23 03:00:00,884.03,884.73,879.78,882.78,6787.047
2025-08-23 04:00:00,882.77,887.65,882.57,887.41,8251.072
2025-08-23 05:00:00,887.41,893.23,886.51,891.13,13858.885
2025-08-23 06:00:00,891.13,891.74,887.91,889.42,5450.3
2025-08-23 07:00:00,889.42,891.75,886.69,887.32,5434.881
2025-08-23 08:00:00,887.33,891.53,884.3,890.32,9971.454
2025-08-23 09:00:00,890.31,897.11,888.35,893.63,20856.486
2025-08-23 10:00:00,893.64,893.64,885.97,886.61,7718.286
2025-08-23 11:00:00,886.61,891.94,885.89,888.41,7982.593
2025-08-23 12:00:00,888.42,891.9,885.32,890.84,7596.865
2025-08-23 13:00:00,890.83,894.12,889.1,892.41,6984.93
2025-08-23 14:00:00,892.4,893.12,887.51,888.7,8446.263
2025-08-23 15:00:00,888.7,890.9,888.23,888.64,5173.178
2025-08-23 16:00:00,888.64,889.77,881.82,883.95,10791.027
2025-08-23 17:00:00,883.94,885.25,879.1,881.12,5759.885
2025-08-23 18:00:00,881.12,882.74,880.81,881.96,3515.113
2025-08-23 19:00:00,881.96,884.12,881.51,883.38,3367.262
2025-08-23 20:00:00,883.37,883.37,880.82,882.16,2409.364
2025-08-23 21:00:00,882.16,882.23,875.55,880.26,12400.078
2025-08-23 22:00:00,880.26,882.81,880.0,882.32,3706.839
2025-08-23 23:00:00,882.32,883.93,880.0,880.42,7167.632
2025-08-24 00:00:00,880.42,886.66,880.3,885.59,7049.962
2025-08-24 01:00:00,885.58,885.59,880.51,882.27,7999.91
2025-08-24 02:00:00,882.28,884.02,876.3,877.09,18629.067
2025-08-24 03:00:00,877.08,879.44,874.51,878.64,9806.18
2025-08-24 04:00:00,878.64,882.22,878.64,880.82,3769.818
2025-08-24 05:00:00,880.83,881.15,875.36,877.93,13604.24
2025-08-24 06:00:00,877.93,877.93,870.66,871.26,12118.469
2025-08-24 07:00:00,871.26,874.56,870.24,870.36,6183.431
2025-08-24 08:00:00,870.36,872.06,867.91,869.47,10536.651
2025-08-24 09:00:00,869.48,871.28,868.11,868.71,6867.487
2025-08-24 10:00:00,868.7,868.71,861.64,862.41,18263.309
2025-08-24 11:00:00,862.41,863.92,860.49,861.5,10152.336
2025-08-24 12:00:00,861.49,862.3,860.0,861.2,6461.345
2025-08-24 13:00:00,861.2,865.67,861.01,863.09,9306.118
2025-08-24 14:00:00,863.08,869.0,861.33,868.34,12711.548
2025-08-24 15:00:00,868.34,872.37,865.42,867.43,14979.455
2025-08-24 16:00:00,867.43,869.14,865.97,867.37,8846.879
2025-08-24 17:00:00,867.37,876.0,867.36,873.97,14960.75
2025-08-24 18:00:00,873.97,883.46,872.39,879.71,13218.021
2025-08-24 19:00:00,879.71,881.61,859.34,869.52,39435.837
2025-08-24 20:00:00,869.51,872.33,860.35,868.98,20949.265
2025-08-24 21:00:00,868.97,878.99,866.39,876.07,11224.193
2025-08-24 22:00:00,876.08,878.8,871.78,877.61,6702.277
2025-08-24 23:00:00,877.6,880.24,875.46,876.51,5715.769
2025-08-25 00:00:00,876.51,878.37,865.73,873.11,15013.206
2025-08-25 01:00:00,873.11,877.38,871.84,874.93,6844.799
2025-08-25 02:00:00,874.93,879.65,874.8,879.01,8161.883
2025-08-25 03:00:00,879.0,880.75,875.04,876.2,8027.441
2025-08-25 04:00:00,876.2,877.98,874.14,877.32,6920.381
2025-08-25 05:00:00,877.33,880.0,874.01,874.38,12770.064
2025-08-25 06:00:00,874.38,875.08,863.0,863.53,18623.3
2025-08-25 07:00:00,863.53,867.88,857.0,858.54,19017.396
2025-08-25 08:00:00,858.53,864.0,853.9,860.64,16335.833
2025-08-25 09:00:00,860.63,861.1,857.42,860.99,5839.341
2025-08-25 10:00:00,860.99,860.99,850.58,851.83,14261.467
2025-08-25 11:00:00,851.82,855.96,850.92,854.52,9209.731
2025-08-25 12:00:00,854.53,864.46,854.0,862.95,17118.535
2025-08-25 13:00:00,862.95,863.04,854.51,860.53,12328.813
2025-08-25 14:00:00,860.54,871.72,859.15,870.46,17859.604
2025-08-25 15:00:00,870.46,871.11,862.2,863.52,7922.087
2025-08-25 16:00:00,863.52,870.25,861.24,866.12,7398.999
2025-08-25 17:00:00,866.12,867.0,861.79,863.96,7559.96
2025-08-25 18:00:00,863.96,867.21,862.71,865.35,5414.972
2025-08-25 19:00:00,865.35,865.96,853.08,853.88,16799.256
2025-08-25 20:00:00,853.88,857.5,837.77,837.87,37339.372
2025-08-25 21:00:00,837.9,843.16,832.76,838.76,29266.639
2025-08-25 22:00:00,838.76,846.1,838.22,842.13,11153.786
2025-08-25 23:00:00,842.13,842.13,836.87,839.32,9383.29
2025-08-26 00:00:00,839.32,842.23,829.59,833.05,32185.217
2025-08-26 01:00:00,833.05,845.44,831.04,844.96,11379.225
2025-08-26 02:00:00,844.95,849.71,844.08,847.21,14316.898
2025-08-26 03:00:00,847.21,848.0,843.12,844.58,3958.88
2025-08-26 04:00:00,844.58,847.7,844.48,845.81,4702.031
2025-08-26 05:00:00,845.81,847.38,843.72,845.02,6577.105
2025-08-26 06:00:00,845.02,846.83,840.31,841.26,5219.289
2025-08-26 07:00:00,841.26,846.64,839.16,842.73,9956.873
2025-08-26 08:00:00,842.72,845.1,841.03,842.91,5831.933
2025-08-26 09:00:00,842.91,844.39,841.31,844.1,3144.073
2025-08-26 10:00:00,844.1,844.83,842.22,843.01,4654.631
2025-08-26 11:00:00,843.01,844.57,839.39,841.7,4926.107
2025-08-26 12:00:00,841.7,850.86,839.0,847.07,15560.268
2025-08-26 13:00:00,847.06,849.1,839.01,846.3,13914.791
2025-08-26 14:00:00,846.3,853.3,843.63,852.32,10265.235
2025-08-26 15:00:00,852.32,853.84,848.21,849.67,8615.423
2025-08-26 16:00:00,849.67,857.0,849.25,855.92,8754.196
2025-08-26 17:00:00,855.91,856.29,850.11,851.7,4970.939
2025-08-26 18:00:00,851.7,856.77,851.22,855.33,3350.434
2025-08-26 19:00:00,855.32,861.13,853.7,860.72,5152.192
2025-08-26 20:00:00,860.72,863.76,859.83,863.75,4305.341
2025-08-26 21:00:00,863.76,863.76,861.04,862.63,3486.881
2025-08-26 22:00:00,862.63,865.28,862.02,865.0,4681.531
2025-08-26 23:00:00,865.0,868.0,862.53,863.7,4972.596
2025-08-27 00:00:00,863.7,864.0,859.76,860.83,4484.628
2025-08-27 01:00:00,860.83,861.78,858.03,860.86,5196.785
2025-08-27 02:00:00,860.87,864.37,858.68,862.86,3967.824
2025-08-27 03:00:00,862.86,864.5,857.35,862.13,7558.088
2025-08-27 04:00:00,862.14,866.84,861.68,864.22,7315.137
2025-08-27 05:00:00,864.23,864.84,860.65,861.24,3455.049
2025-08-27 06:00:00,861.24,861.5,858.18,858.76,3687.615
2025-08-27 07:00:00,858.77,859.5,856.4,857.32,4172.648
2025-08-27 08:00:00,857.33,858.6,852.9,857.23,7936.401
2025-08-27 09:00:00,857.22,860.0,856.7,857.61,3067.736
2025-08-27 10:00:00,857.6,859.5,856.32,856.76,3596.601
2025-08-27 11:00:00,856.76,860.0,856.48,859.31,4887.015
2025-08-27 12:00:00,859.31,860.73,856.23,859.5,4182.522
2025-08-27 13:00:00,859.5,862.34,856.08,859.17,7388.892
2025-08-27 14:00:00,859.17,865.67,857.61,862.33,11292.475
2025-08-27 15:00:00,862.33,866.0,861.29,864.83,6188.55
2025-08-27 16:00:00,864.83,866.42,861.13,864.26,4649.465
2025-08-27 17:00:00,864.25,866.86,862.03,866.09,3233.539
2025-08-27 18:00:00,866.09,867.1,862.95,862.95,3600.771
2025-08-27 19:00:00,862.96,864.13,858.5,860.71,4753.852
2025-08-27 20:00:00,860.71,865.45,855.42,864.84,13524.503
2025-08-27 21:00:00,864.84,865.86,858.11,860.0,6281.136
2025-08-27 22:00:00,860.0,860.15,854.02,857.92,7869.909
2025-08-27 23:00:00,857.92,859.49,854.85,855.18,2952.316
2025-08-28 00:00:00,855.18,858.8,850.85,853.87,11536.411
2025-08-28 01:00:00,853.87,857.44,853.76,856.38,6154.913
2025-08-28 02:00:00,856.38,857.94,854.91,856.62,5272.683
2025-08-28 03:00:00,856.62,865.0,856.23,864.32,13710.097
2025-08-28 04:00:00,864.32,868.85,862.91,868.66,8000.709
2025-08-28 05:00:00,868.66,872.81,866.83,868.62,10618.792
2025-08-28 06:00:00,868.61,871.65,868.4,871.42,6870.011
2025-08-28 07:00:00,871.43,872.5,868.39,869.25,6054.509
2025-08-28 08:00:00,869.25,873.03,869.03,869.95,7016.363
2025-08-28 09:00:00,869.94,869.94,865.59,865.95,6069.551
2025-08-28 10:00:00,865.95,870.68,865.25,870.65,5649.207
2025-08-28 11:00:00,870.66,874.37,869.3,874.27,8041.512
2025-08-28 12:00:00,874.27,877.2,871.44,876.87,11792.997
2025-08-28 13:00:00,876.88,879.32,872.88,874.13,20111.197
2025-08-28 14:00:00,874.14,875.5,867.74,874.49,24990.306
2025-08-28 15:00:00,874.48,874.59,866.56,869.67,10220.136
2025-08-28 16:00:00,869.66,871.9,863.48,864.72,5690.599
2025-08-28 17:00:00,864.72,881.36,864.13,875.8,34853.018
2025-08-28 18:00:00,875.79,878.65,869.06,870.48,11999.488
2025-08-28 19:00:00,870.48,873.12,868.37,868.69,4298.59
2025-08-28 20:00:00,868.69,870.83,868.0,869.62,2687.398
2025-08-28 21:00:00,869.61,873.83,869.3,873.54,3283.138
2025-08-28 22:00:00,873.54,877.11,873.54,877.04,3464.772
2025-08-28 23:00:00,877.04,877.15,873.41,873.47,4028.525
2025-08-29 00:00:00,873.48,878.0,873.39,875.15,4470.782
2025-08-29 01:00:00,875.15,876.9,872.03,873.83,7166.473
2025-08-29 02:00:00,873.83,876.62,872.32,872.97,6488.294
2025-08-29 03:00:00,872.96,874.64,872.21,873.25,4588.486
2025-08-29 04:00:00,873.25,873.77,870.02,870.08,3352.193
2025-08-29 05:00:00,870.09,870.99,868.25,870.46,3735.212
2025-08-29 06:00:00,870.45,871.24,864.48,865.8,12118.9
2025-08-29 07:00:00,865.8,865.8,856.0,857.2,16662.028
2025-08-29 08:00:00,857.19,860.61,852.6,852.87,13231.06
2025-08-29 09:00:00,852.87,856.53,850.19,856.2,8101.488
2025-08-29 10:00:00,856.2,858.7,855.4,855.63,5144.163
2025-08-29 11:00:00,855.63,857.9,853.63,854.61,4759.27
2025-08-29 12:00:00,854.62,865.32,854.61,864.37,13541.647
2025-08-29 13:00:00,864.37,865.01,855.04,857.23,12878.47
2025-08-29 14:00:00,857.23,862.69,852.13,857.95,14378.85
2025-08-29 15:00:00,857.95,861.75,857.17,858.32,9437.952
2025-08-29 16:00:00,858.32,860.1,854.18,858.71,8661.663
2025-08-29 17:00:00,858.7,858.9,853.9,856.3,5185.787
2025-08-29 18:00:00,856.29,858.22,853.6,854.34,8218.014
2025-08-29 19:00:00,854.33,861.03,852.86,858.27,4169.146
2025-08-29 20:00:00,858.27,858.7,854.82,855.77,4009.259
2025-08-29 21:00:00,855.77,859.6,853.28,859.03,4300.678
2025-08-29 22:00:00,859.03,859.57,856.96,859.45,1728.802
2025-08-29 23:00:00,859.45,864.0,859.03,862.3,4195.602
2025-08-30 00:00:00,862.3,862.32,857.06,859.45,7389.927
2025-08-30 01:00:00,859.45,860.54,852.39,852.88,4672.609
2025-08-30 02:00:00,852.88,859.4,852.27,856.54,6376.927
2025-08-30 03:00:00,856.55,861.78,856.4,860.48,5735.823
2025-08-30 04:00:00,860.48,861.54,857.28,857.66,4665.89
2025-08-30 05:00:00,857.65,860.05,857.14,858.67,3269.217
2025-08-30 06:00:00,858.68,862.36,858.68,860.92,4238.595
2025-08-30 07:00:00,860.91,861.4,859.9,860.35,3298.46
2025-08-30 08:00:00,860.36,861.1,859.39,859.42,2615.762
2025-08-30 09:00:00,859.42,860.1,858.15,859.33,2658.743
2025-08-30 10:00:00,859.34,861.0,859.0,860.11,2662.645
2025-08-30 11:00:00,860.11,861.36,859.0,860.3,3569.131
2025-08-30 12:00:00,860.3,860.37,852.7,855.03,7478.411
2025-08-30 13:00:00,855.02,855.62,851.61,855.13,6462.562
2025-08-30 14:00:00,855.13,857.6,853.01,857.1,4820.503
2025-08-30 15:00:00,857.1,859.7,855.79,859.2,5622.169
2025-08-30 16:00:00,859.2,859.2,856.25,857.56,4349.649
2025-08-30 17:00:00,857.56,859.0,856.9,858.29,3175.24
2025-08-30 18:00:00,858.28,859.29,857.31,858.88,2876.104
2025-08-30 19:00:00,858.87,858.95,857.07,858.95,3022.068
2025-08-30 20:00:00,858.95,858.99,857.06,858.99,2083.058
2025-08-30 21:00:00,858.99,860.75,858.48,860.58,3188.56
2025-08-30 22:00:00,860.58,861.77,859.64,861.69,2743.167
2025-08-30 23:00:00,861.69,864.0,861.69,862.0,4064.761
2025-08-31 00:00:00,862.0,863.85,859.39,863.35,5737.046
2025-08-31 01:00:00,863.35,863.61,861.0,862.91,4067.56
2025-08-31 02:00:00,862.91,863.84,862.3,862.68,3604.326
2025-08-31 03:00:00,862.68,864.5,861.83,863.12,3431.468
2025-08-31 04:00:00,863.11,863.31,859.23,860.04,3090.779
2025-08-31 05:00:00,860.04,860.53,858.88,860.53,3556.106
2025-08-31 06:00:00,860.53,860.74,857.99,858.03,6413.867
2025-08-31 07:00:00,858.03,859.24,857.91,858.6,2339.356
2025-08-31 08:00:00,858.6,861.13,858.4,861.1,3927.722
2025-08-31 09:00:00,861.1,861.4,859.45,859.54,4512.323
2025-08-31 10:00:00,859.54,859.75,857.0,858.6,4378.569
2025-08-31 11:00:00,858.6,860.31,858.24,860.07,3164.023
2025-08-31 12:00:00,860.06,860.88,859.11,860.47,2681.063
2025-08-31 13:00:00,860.47,861.4,859.58,860.6,3858.476
2025-08-31 14:00:00,860.6,861.9,859.22,860.04,3641.654
2025-08-31 15:00:00,860.04,862.12,859.78,861.91,3041.544
2025-08-31 16:00:00,861.91,867.19,861.2,865.78,10878.104
2025-08-31 17:00:00,865.79,866.2,864.14,864.68,3408.54
2025-08-31 18:00:00,864.67,865.65,864.2,865.57,1781.696
2025-08-31 19:00:00,865.56,866.09,864.52,864.77,2879.984
2025-08-31 20:00:00,864.78,867.16,864.6,866.91,1970.226
2025-08-31 21:00:00,866.9,867.7,866.46,867.2,2419.428
2025-08-31 22:00:00,867.21,867.3,862.68,864.2,2513.014
2025-08-31 23:00:00,864.19,864.2,857.26,857.65,6944.319
2025-09-01 00:00:00,857.66,862.43,854.2,861.18,10933.665
2025-09-01 01:00:00,861.18,866.01,859.29,861.61,9238.512
2025-09-01 02:00:00,861.61,862.65,854.4,856.18,11003.521
2025-09-01 03:00:00,856.17,857.09,853.77,856.58,7319.33
2025-09-01 04:00:00,856.57,856.57,849.38,851.99,10742.531
2025-09-01 05:00:00,851.99,854.92,849.37,853.27,7646.147
2025-09-01 06:00:00,853.27,855.04,850.44,854.71,9041.892
2025-09-01 07:00:00,854.71,867.24,854.5,865.56,16947.913
2025-09-01 08:00:00,865.57,869.15,862.81,863.41,27552.529
2025-09-01 09:00:00,863.41,864.47,858.09,858.19,15260.136
2025-09-01 10:00:00,858.19,858.23,851.0,853.78,16839.367
2025-09-01 11:00:00,853.78,856.03,851.66,852.2,9043.113
2025-09-01 12:00:00,852.2,853.72,851.21,853.06,7722.792
2025-09-01 13:00:00,853.05,855.18,851.12,852.09,8509.354
2025-09-01 14:00:00,852.09,854.07,850.74,852.48,7671.649
2025-09-01 15:00:00,852.47,852.5,844.22,847.2,19681.099
2025-09-01 16:00:00,847.19,849.03,845.52,847.88,4927.786
2025-09-01 17:00:00,847.88,847.99,843.82,845.76,8090.115
2025-09-01 18:00:00,845.76,847.57,845.24,847.41,3312.622
2025-09-01 19:00:00,847.41,849.4,846.97,849.38,3607.812
2025-09-01 20:00:00,849.39,849.44,840.0,845.67,13253.255
2025-09-01 21:00:00,845.68,846.09,840.0,843.9,11481.312
2025-09-01 22:00:00,843.9,845.79,841.6,844.67,7421.055
2025-09-01 23:00:00,844.66,847.61,844.27,845.68,6938.208
2025-09-02 00:00:00,845.68,846.02,843.29,845.58,9093.405
2025-09-02 01:00:00,845.58,850.31,845.48,848.86,4650.923
2025-09-02 02:00:00,848.87,853.79,848.53,853.63,5055.364
2025-09-02 03:00:00,853.64,854.28,850.29,852.4,6155.806
2025-09-02 04:00:00,852.41,853.55,850.61,853.55,4468.515
2025-09-02 05:00:00,853.55,853.88,851.26,852.38,4244.296
2025-09-02 06:00:00,852.39,855.76,852.04,855.1,4729.809
2025-09-02 07:00:00,855.1,855.81,853.2,855.2,8855.17
2025-09-02 08:00:00,855.2,856.68,854.5,855.31,9507.31
2025-09-02 09:00:00,855.31,855.93,851.31,852.14,12761.319
2025-09-02 10:00:00,852.14,852.6,848.48,851.46,12856.435
2025-09-02 11:00:00,851.45,851.7,846.72,847.71,6572.763
2025-09-02 12:00:00,847.7,848.35,840.77,841.36,12706.119
2025-09-02 13:00:00,841.36,851.75,840.71,850.89,15794.48
2025-09-02 14:00:00,850.9,852.58,847.59,850.31,11352.045
2025-09-02 15:00:00,850.3,850.95,845.3,846.84,6647.122
2025-09-02 16:00:00,846.84,849.77,845.72,846.97,5364.638
2025-09-02 17:00:00,846.97,851.0,846.9,850.92,6541.777
2025-09-02 18:00:00,850.91,851.0,846.84,849.84,2437.911
2025-09-02 19:00:00,849.84,851.35,848.0,849.84,2888.377
2025-09-02 20:00:00,849.84,853.96,849.4,851.81,3442.725
2025-09-02 21:00:00,851.81,853.7,851.58,853.51,3163.928
2025-09-02 22:00:00,853.5,853.5,850.4,852.62,3212.307
2025-09-02 23:00:00,852.62,853.11,851.18,851.8,1830.625
2025-09-03 00:00:00,851.8,854.0,850.0,850.68,5007.449
2025-09-03 01:00:00,850.68,852.16,848.91,852.1,4009.47
2025-09-03 02:00:00,852.1,853.63,850.75,853.1,3445.38
2025-09-03 03:00:00,853.1,853.7,851.12,851.57,2456.835
2025-09-03 04:00:00,851.56,852.8,851.03,852.49,2794.038
2025-09-03 05:00:00,852.5,852.5,850.4,850.61,1899.301
2025-09-03 06:00:00,850.61,852.56,849.45,851.9,3427.316
2025-09-03 07:00:00,851.9,854.69,850.84,854.65,4766.536
2025-09-03 08:00:00,854.64,855.21,852.9,853.35,3908.484
2025-09-03 09:00:00,853.35,854.5,852.07,854.31,3425.358
2025-09-03 10:00:00,854.32,854.57,853.23,853.63,4117.905
2025-09-03 11:00:00,853.63,855.0,853.4,854.01,3633.679
2025-09-03 12:00:00,854.01,854.44,852.1,852.27,6026.203
2025-09-03 13:00:00,852.27,858.1,852.27,856.96,8721.028
2025-09-03 14:00:00,856.96,864.06,856.45,861.24,13955.968
2025-09-03 15:00:00,861.24,862.0,858.43,860.31,8190.831
2025-09-03 16:00:00,860.3,861.44,857.59,858.67,3465.547
2025-09-03 17:00:00,858.68,862.36,858.68,860.1,5829.275
2025-09-03 18:00:00,860.1,861.18,858.49,858.49,3703.579
2025-09-03 19:00:00,858.48,861.0,856.62,857.01,6421.784
2025-09-03 20:00:00,857.01,857.22,852.4,854.47,9500.917
2025-09-03 21:00:00,854.47,856.17,853.3,854.63,3352.889
2025-09-03 22:00:00,854.62,855.61,853.71,855.47,2345.929
2025-09-03 23:00:00,855.47,855.66,853.96,854.76,2047.321
2025-09-04 00:00:00,854.76,856.72,854.31,856.33,2631.256
2025-09-04 01:00:00,856.33,856.44,854.04,855.0,2203.117
2025-09-04 02:00:00,855.0,855.38,850.5,850.6,5357.721
2025-09-04 03:00:00,850.6,851.83,848.01,848.68,6075.294
2025-09-04 04:00:00,848.68,849.74,845.08,847.28,6531.373
2025-09-04 05:00:00,847.28,848.03,844.36,846.95,7840.809
2025-09-04 06:00:00,846.95,848.11,845.83,846.88,3724.532
2025-09-04 07:00:00,846.88,848.5,846.56,847.71,4642.006
2025-09-04 08:00:00,847.7,849.37,847.15,847.75,4387.402
2025-09-04 09:00:00,847.75,849.12,847.11,847.84,4262.713
2025-09-04 10:00:00,847.84,849.52,847.0,848.0,5096.122
2025-09-04 11:00:00,848.0,849.84,847.32,847.78,3639.511
2025-09-04 12:00:00,847.78,849.79,846.67,848.79,3827.485
2025-09-04 13:00:00,848.8,849.35,846.63,847.85,5529.381
2025-09-04 14:00:00,847.84,848.4,844.5,846.33,6672.822
2025-09-04 15:00:00,846.33,846.33,842.81,844.26,7726.531
2025-09-04 16:00:00,844.25,845.65,843.5,845.0,4810.858
2025-09-04 17:00:00,845.0,846.75,844.15,844.6,3767.482
2025-09-04 18:00:00,844.6,846.39,841.1,841.85,5621.419
2025-09-04 19:00:00,841.85,844.6,841.1,843.53,3605.455
2025-09-04 20:00:00,843.54,846.48,843.3,845.73,2931.941
2025-09-04 21:00:00,845.73,848.15,845.31,848.03,2621.538
2025-09-04 22:00:00,848.04,849.47,847.3,848.94,2045.161
2025-09-04 23:00:00,848.93,849.73,843.24,843.63,2643.973
2025-09-05 00:00:00,843.62,845.32,842.22,844.0,3702.829
2025-09-05 01:00:00,844.0,846.93,843.56,846.56,2251.334
2025-09-05 02:00:00,846.56,847.75,845.44,847.34,3167.854
2025-09-05 03:00:00,847.34,847.34,844.48,845.78,2104.771
2025-09-05 04:00:00,845.78,846.36,843.61,846.01,3111.302
2025-09-05 05:00:00,846.0,847.53,845.35,846.76,3068.125
2025-09-05 06:00:00,846.77,847.02,845.1,846.7,2886.664
2025-09-05 07:00:00,846.7,851.17,846.69,850.68,8712.803
2025-09-05 08:00:00,850.67,850.92,847.53,849.6,5326.378
2025-09-05 09:00:00,849.6,850.34,847.56,849.6,3418.531
2025-09-05 10:00:00,849.59,850.54,848.8,850.15,3448.329
2025-09-05 11:00:00,850.14,851.0,849.46,850.9,2353.568
2025-09-05 12:00:00,850.89,854.62,849.15,854.41,13734.2
2025-09-05 13:00:00,854.41,857.73,853.77,856.12,10976.149
2025-09-05 14:00:00,856.12,856.12,844.71,847.91,25192.253
2025-09-05 15:00:00,847.91,850.0,846.71,848.81,6592.438
2025-09-05 16:00:00,848.81,850.04,848.44,849.43,3826.004
2025-09-05 17:00:00,849.44,849.89,848.58,849.71,2529.075
2025-09-05 18:00:00,849.7,850.97,848.8,850.65,2294.888
2025-09-05 19:00:00,850.65,851.65,850.4,850.96,2220.653
2025-09-05 20:00:00,850.96,852.53,850.12,852.27,2582.758
2025-09-05 21:00:00,852.28,852.4,848.5,850.06,3633.308
2025-09-05 22:00:00,850.05,852.18,849.72,851.36,1660.029
2025-09-05 23:00:00,851.37,851.37,849.25,850.14,2062.708
2025-09-06 00:00:00,850.14,852.08,849.55,852.08,3493.963
2025-09-06 01:00:00,852.07,855.54,851.7,855.29,5307.127
2025-09-06 02:00:00,855.3,856.25,853.0,855.42,5376.738
2025-09-06 03:00:00,855.42,859.61,854.98,858.2,9316.877
2025-09-06 04:00:00,858.2,859.96,855.99,857.93,8824.759
2025-09-06 05:00:00,857.93,858.55,856.04,856.04,3253.855
2025-09-06 06:00:00,856.05,859.79,856.05,858.27,5885.713
2025-09-06 07:00:00,858.28,859.54,857.6,859.42,5940.73
2025-09-06 08:00:00,859.42,859.92,858.62,859.39,5670.737
2025-09-06 09:00:00,859.39,859.44,856.66,856.9,9407.259
2025-09-06 10:00:00,856.91,859.81,856.43,859.81,11795.777
2025-09-06 11:00:00,859.81,862.0,859.16,861.07,11451.257
2025-09-06 12:00:00,861.07,865.0,860.87,861.79,12021.903
2025-09-06 13:00:00,861.8,863.26,859.43,861.43,7765.502
2025-09-06 14:00:00,861.43,863.37,860.42,863.21,4567.488
2025-09-06 15:00:00,863.2,863.39,858.95,859.51,4917.766
2025-09-06 16:00:00,859.52,861.74,857.49,860.93,6766.05
2025-09-06 17:00:00,860.93,861.24,858.94,859.35,4148.471
2025-09-06 18:00:00,859.34,860.3,858.29,859.55,5912.621
2025-09-06 19:00:00,859.56,859.85,857.5,857.79,2733.73
2025-09-06 20:00:00,857.8,858.64,856.59,858.49,1688.924
2025-09-06 21:00:00,858.5,860.02,858.2,858.89,2464.68
2025-09-06 22:00:00,858.88,859.68,857.93,859.59,1768.188
2025-09-06 23:00:00,859.6,863.29,859.05,860.85,3753.939
2025-09-07 00:00:00,860.86,863.08,860.55,861.63,4223.092
2025-09-07 01:00:00,861.64,863.3,861.42,861.99,2896.095
2025-09-07 02:00:00,861.99,866.33,861.27,866.15,4881.155
2025-09-07 03:00:00,866.16,868.25,864.61,866.12,12826.428
2025-09-07 04:00:00,866.12,866.94,864.65,865.51,3015.099
2025-09-07 05:00:00,865.51,868.0,865.02,867.56,2859.939
2025-09-07 06:00:00,867.57,867.71,864.82,867.37,6748.886
2025-09-07 07:00:00,867.36,868.0,867.04,867.64,4819.849
2025-09-07 08:00:00,867.64,873.8,867.31,872.26,13883.481
2025-09-07 09:00:00,872.26,873.6,869.52,870.98,4781.636
2025-09-07 10:00:00,870.99,874.44,870.98,873.0,6108.434
2025-09-07 11:00:00,872.99,873.79,871.45,873.64,4498.861
2025-09-07 12:00:00,873.63,873.88,869.51,869.95,9557.672
2025-09-07 13:00:00,869.96,872.66,869.95,872.6,3536.401
2025-09-07 14:00:00,872.6,874.92,872.59,874.27,5934.677
2025-09-07 15:00:00,874.28,875.48,872.99,874.68,4791.874
2025-09-07 16:00:00,874.68,875.67,873.16,873.33,5135.992
2025-09-07 17:00:00,873.32,874.65,872.4,873.86,3702.175
2025-09-07 18:00:00,873.86,875.51,872.9,875.21,4097.067
2025-09-07 19:00:00,875.21,876.6,874.84,875.28,4636.234
2025-09-07 20:00:00,875.28,875.74,873.3,874.65,2405.552
2025-09-07 21:00:00,874.65,874.65,873.76,873.8,1657.147
2025-09-07 22:00:00,873.79,876.42,873.34,876.33,3124.376
2025-09-07 23:00:00,876.33,884.05,875.81,880.05,16415.936
2025-09-08 00:00:00,880.05,885.85,878.68,882.95,11239.776
2025-09-08 01:00:00,882.95,884.6,877.89,878.16,9717.653
2025-09-08 02:00:00,878.17,883.03,877.77,882.03,10939.446
2025-09-08 03:00:00,882.03,884.92,881.84,882.14,10497.122
2025-09-08 04:00:00,882.15,882.4,878.08,878.49,9316.991
2025-09-08 05:00:00,878.48,879.3,871.66,874.72,10049.56
2025-09-08 06:00:00,874.73,875.32,872.28,873.21,6024.884
2025-09-08 07:00:00,873.21,876.14,873.15,874.18,7980.061
2025-09-08 08:00:00,874.19,877.58,870.01,872.24,13350.606
2025-09-08 09:00:00,872.25,876.49,871.72,876.2,8104.516
2025-09-08 10:00:00,876.2,879.37,875.44,877.59,7625.88
2025-09-08 11:00:00,877.59,879.0,875.35,878.72,5216.068
2025-09-08 12:00:00,878.72,879.32,877.2,877.9,5291.058
2025-09-08 13:00:00,877.91,881.65,877.9,878.91,12422.312
2025-09-08 14:00:00,878.91,881.96,878.53,880.7,5491.052
2025-09-08 15:00:00,880.7,882.92,878.92,880.18,9795.231
2025-09-08 16:00:00,880.18,880.5,878.52,880.07,6024.373
2025-09-08 17:00:00,880.07,882.16,878.07,878.5,4045.926
2025-09-08 18:00:00,878.51,880.72,877.65,880.65,4310.252
2025-09-08 19:00:00,880.65,880.65,876.1,877.63,5754.825
2025-09-08 20:00:00,877.64,878.79,877.03,878.79,3124.083
2025-09-08 21:00:00,878.79,882.56,878.05,882.0,3807.948
2025-09-08 22:00:00,882.01,882.4,878.32,879.04,3707.871
2025-09-08 23:00:00,879.04,880.0,877.8,878.08,3737.287
2025-09-09 00:00:00,878.08,879.98,875.54,876.01,5780.209
2025-09-09 01:00:00,876.01,876.86,872.0,873.16,6990.367
2025-09-09 02:00:00,873.15,875.0,872.0,874.29,6492.013
2025-09-09 03:00:00,874.29,875.5,873.71,875.14,4397.949
2025-09-09 04:00:00,875.13,876.82,874.1,876.29,4013.77
2025-09-09 05:00:00,876.29,877.19,875.08,877.07,2666.446
2025-09-09 06:00:00,877.07,883.2,877.0,881.03,13894.627
2025-09-09 07:00:00,881.03,884.45,880.55,881.12,7313.455
2025-09-09 08:00:00,881.13,884.83,881.12,883.65,6319.649
2025-09-09 09:00:00,883.65,883.94,880.84,881.19,4544.633
2025-09-09 10:00:00,881.19,883.34,881.19,883.04,4307.498
2025-09-09 11:00:00,883.03,883.04,880.21,880.22,5266.813
2025-09-09 12:00:00,880.22,882.29,879.02,879.13,5062.869
2025-09-09 13:00:00,879.13,880.7,876.68,879.9,6684.485
2025-09-09 14:00:00,879.89,881.57,872.84,875.44,14328.549
2025-09-09 15:00:00,875.43,875.73,871.38,873.35,13355.294
2025-09-09 16:00:00,873.35,874.92,872.73,874.73,8111.182
2025-09-09 17:00:00,874.72,876.08,873.72,873.9,2861.047
2025-09-09 18:00:00,873.9,875.71,873.76,875.57,2787.52
2025-09-09 19:00:00,875.57,877.43,875.32,877.1,2284.194
2025-09-09 20:00:00,877.11,877.11,874.55,876.55,2061.811
2025-09-09 21:00:00,876.56,878.69,876.0,877.76,1832.006
2025-09-09 22:00:00,877.77,883.53,877.62,882.6,12250.93
2025-09-09 23:00:00,882.6,883.36,878.64,880.01,7002.714
2025-09-10 00:00:00,880.0,880.79,877.04,877.42,5508.657
2025-09-10 01:00:00,877.41,880.44,877.04,878.5,5819.609
2025-09-10 02:00:00,878.5,882.27,878.22,881.24,4034.032
2025-09-10 03:00:00,881.24,882.6,879.72,880.4,4751.437
2025-09-10 04:00:00,880.4,881.47,880.0,880.16,1861.898
2025-09-10 05:00:00,880.16,882.16,878.82,881.31,5210.571
2025-09-10 06:00:00,881.32,885.76,880.64,884.6,8763.664
2025-09-10 07:00:00,884.6,885.54,881.73,883.43,13845.07
2025-09-10 08:00:00,883.43,885.2,881.33,882.85,6602.562
2025-09-10 09:00:00,882.85,883.13,881.06,881.68,6188.356
2025-09-10 10:00:00,881.67,884.89,881.22,883.76,7196.998
2025-09-10 11:00:00,883.75,884.79,883.21,884.68,5543.605
2025-09-10 12:00:00,884.67,889.58,884.36,889.13,21031.447
2025-09-10 13:00:00,889.13,907.38,889.12,903.21,78813.724
2025-09-10 14:00:00,903.21,905.29,899.0,903.59,40087.608
2025-09-10 15:00:00,903.59,904.15,893.81,895.5,23384.929
2025-09-10 16:00:00,895.5,899.23,894.37,898.84,11357.113
2025-09-10 17:00:00,898.85,899.55,893.62,897.46,15568.531
2025-09-10 18:00:00,897.47,897.77,893.6,895.07,7114.178
2025-09-10 19:00:00,895.07,895.12,888.66,890.79,10564.107
2025-09-10 20:00:00,890.79,891.52,890.0,890.32,4108.011
2025-09-10 21:00:00,890.33,891.69,889.64,891.53,5632.979
2025-09-10 22:00:00,891.52,895.24,888.33,892.2,8666.85
2025-09-10 23:00:00,892.2,895.01,892.02,893.77,5174.242
2025-09-11 00:00:00,893.77,893.77,888.38,891.0,8820.549
2025-09-11 01:00:00,891.01,893.56,890.47,891.34,5284.04
2025-09-11 02:00:00,891.33,892.49,890.0,890.22,3625.95
2025-09-11 03:00:00,890.21,895.16,890.0,894.55,6039.466
2025-09-11 04:00:00,894.55,895.22,892.6,894.61,4450.93
2025-09-11 05:00:00,894.61,896.2,892.9,896.0,4898.502
2025-09-11 06:00:00,896.0,898.56,894.6,896.72,7870.395
2025-09-11 07:00:00,896.73,897.99,894.91,896.58,7025.392
2025-09-11 08:00:00,896.57,898.51,894.89,898.02,5874.047
2025-09-11 09:00:00,898.02,899.81,896.01,899.71,7829.812
2025-09-11 10:00:00,899.7,901.5,897.88,900.24,11104.245
2025-09-11 11:00:00,900.23,902.37,898.6,899.07,8440.974
2025-09-11 12:00:00,899.08,904.53,892.89,900.88,32895.208
2025-09-11 13:00:00,900.88,901.38,896.07,901.14,10407.508
2025-09-11 14:00:00,901.14,901.25,896.36,899.09,7407.362
2025-09-11 15:00:00,899.09,899.5,891.27,893.31,13541.828
2025-09-11 16:00:00,893.31,895.95,893.3,894.56,5394.355
2025-09-11 17:00:00,894.56,897.65,894.21,897.5,3872.568
2025-09-11 18:00:00,897.49,897.92,894.3,894.91,2687.366
2025-09-11 19:00:00,894.92,897.18,894.66,896.81,2350.287
2025-09-11 20:00:00,896.81,897.58,895.86,897.29,2144.05
2025-09-11 21:00:00,897.29,897.45,895.33,896.89,2042.215
2025-09-11 22:00:00,896.88,902.37,896.37,901.65,6673.423
2025-09-11 23:00:00,901.64,903.67,900.55,902.77,9232.71
2025-09-12 00:00:00,902.77,908.93,901.41,905.45,13623.644
2025-09-12 01:00:00,905.45,907.06,904.09,904.76,6317.246
2025-09-12 02:00:00,904.75,906.33,903.08,904.0,4643.513
2025-09-12 03:00:00,904.0,906.22,901.8,904.7,6929.311
2025-09-12 04:00:00,904.69,908.52,903.74,908.0,11320.64
2025-09-12 05:00:00,908.01,909.69,906.66,908.9,9965.421
2025-09-12 06:00:00,908.9,909.66,907.58,908.66,7344.08
2025-09-12 07:00:00,908.66,908.75,903.14,903.45,9613.404
2025-09-12 08:00:00,903.45,905.47,902.34,905.1,6758.456
2025-09-12 09:00:00,905.11,909.51,904.99,907.67,12886.392
2025-09-12 10:00:00,907.67,909.28,905.98,906.91,11071.297
2025-09-12 11:00:00,906.9,907.2,904.62,905.44,5065.993
2025-09-12 12:00:00,905.45,909.88,904.0,908.35,8436.455
2025-09-12 13:00:00,908.35,909.64,907.1,908.91,4963.557
2025-09-12 14:00:00,908.91,909.7,907.15,908.57,8579.946
2025-09-12 15:00:00,908.56,908.56,905.53,907.01,6162.915
2025-09-12 16:00:00,907.01,909.5,906.96,909.41,5149.369
2025-09-12 17:00:00,909.42,918.99,908.32,917.36,30946.7535
2025-09-12 18:00:00,917.35,925.78,915.4,923.01,27329.1882
2025-09-12 19:00:00,923.01,924.9,920.9,924.2,9012.374
2025-09-12 20:00:00,924.19,927.24,922.48,925.01,8982.649
2025-09-12 21:00:00,925.0,925.73,922.16,923.34,7104.664
2025-09-12 22:00:00,923.34,929.9,923.34,925.18,8373.3195
2025-09-12 23:00:00,925.18,925.39,922.46,924.8,9687.35
2025-09-13 00:00:00,924.81,927.83,923.64,927.01,8173.051
2025-09-13 01:00:00,927.01,929.25,926.7,926.84,9275.108
2025-09-13 02:00:00,926.85,929.33,925.22,927.37,7022.049
2025-09-13 03:00:00,927.37,929.33,926.17,927.73,7702.288
2025-09-13 04:00:00,927.72,927.75,924.7,926.05,6343.132
2025-09-13 05:00:00,926.06,927.98,925.02,925.17,5201.358
2025-09-13 06:00:00,925.16,925.94,924.0,924.84,4550.468
2025-09-13 07:00:00,924.84,925.49,924.33,925.29,5975.149
2025-09-13 08:00:00,925.29,927.56,924.27,927.11,5362.477
2025-09-13 09:00:00,927.11,940.58,926.35,938.41,31161.6724
2025-09-13 10:00:00,938.41,943.46,936.53,940.96,24317.689
2025-09-13 11:00:00,940.95,942.3,938.0,941.16,10962.466
2025-09-13 12:00:00,941.16,941.51,938.0,939.18,6903.112
2025-09-13 13:00:00,939.18,942.16,932.2,936.46,14716.597
2025-09-13 14:00:00,936.46,938.46,931.6,935.96,13650.056
2025-09-13 15:00:00,935.96,943.86,935.6,936.59,19673.618
2025-09-13 16:00:00,936.6,937.98,924.5,925.36,28433.728
2025-09-13 17:00:00,925.36,930.46,922.11,929.09,12935.729
2025-09-13 18:00:00,929.09,930.66,927.4,930.44,6209.279
2025-09-13 19:00:00,930.45,930.98,928.5,930.14,5515.945
2025-09-13 20:00:00,930.14,932.01,928.56,929.61,4325.836
2025-09-13 21:00:00,929.6,934.35,929.31,932.76,5238.151
2025-09-13 22:00:00,932.76,934.2,930.25,931.19,2726.901
2025-09-13 23:00:00,931.2,934.0,931.19,933.68,5375.373
2025-09-14 00:00:00,933.68,934.19,931.64,933.58,3658.198
2025-09-14 01:00:00,933.58,936.69,929.34,934.46,8627.544
2025-09-14 02:00:00,934.46,937.5,934.3,936.63,6504.809
2025-09-14 03:00:00,936.64,938.12,931.05,931.06,6605.22
2025-09-14 04:00:00,931.05,934.85,927.8,933.52,8225.835
2025-09-14 05:00:00,933.53,943.11,933.53,942.38,12208.846
2025-09-14 06:00:00,942.39,944.95,938.63,939.28,9186.252
2025-09-14 07:00:00,939.28,940.11,936.94,937.47,6776.982
2025-09-14 08:00:00,937.48,940.0,936.46,938.8,4997.0
2025-09-14 09:00:00,938.79,941.39,937.75,941.0,4724.22
2025-09-14 10:00:00,941.0,941.0,936.0,936.85,5147.374
2025-09-14 11:00:00,936.86,937.85,930.99,931.64,7294.212
2025-09-14 12:00:00,931.65,936.68,931.41,933.69,7307.857
2025-09-14 13:00:00,933.7,934.89,928.1,929.83,8778.88
2025-09-14 14:00:00,929.83,932.04,921.91,925.99,17824.998
2025-09-14 15:00:00,925.98,928.1,922.93,924.3,7994.374
2025-09-14 16:00:00,924.31,928.0,923.1,924.62,9280.482
2025-09-14 17:00:00,924.62,929.0,923.6,928.04,5347.49
2025-09-14 18:00:00,928.03,928.03,925.36,926.6,2384.714
2025-09-14 19:00:00,926.6,929.05,925.5,927.59,2805.111
2025-09-14 20:00:00,927.58,929.93,927.31,929.31,1857.115
2025-09-14 21:00:00,929.3,933.72,927.0,933.5,4436.507
2025-09-14 22:00:00,933.5,934.19,931.94,933.11,3557.136
2025-09-14 23:00:00,933.11,933.11,925.24,926.51,4283.819
2025-09-15 00:00:00,926.51,930.01,924.66,924.77,7046.32
2025-09-15 01:00:00,924.78,929.74,922.0,928.0,12456.132
2025-09-15 02:00:00,927.99,930.57,927.99,929.39,3384.371
2025-09-15 03:00:00,929.39,932.95,929.2,932.31,3791.943
2025-09-15 04:00:00,932.31,935.72,931.8,933.53,4578.463
2025-09-15 05:00:00,933.53,935.25,933.02,934.17,5016.69
2025-09-15 06:00:00,934.16,934.24,926.0,926.84,7156.603
2025-09-15 07:00:00,926.85,929.84,922.28,923.43,14337.503
2025-09-15 08:00:00,923.42,923.42,910.71,911.02,24914.228
2025-09-15 09:00:00,911.03,918.25,910.64,918.02,14985.308
2025-09-15 10:00:00,918.03,920.4,914.62,919.22,5807.792
2025-09-15 11:00:00,919.23,921.78,918.02,920.12,6452.2
2025-09-15 12:00:00,920.11,921.21,917.15,917.79,10442.815
2025-09-15 13:00:00,917.78,923.16,916.13,917.45,11237.779
2025-09-15 14:00:00,917.45,920.1,914.99,917.42,10376.763
2025-09-15 15:00:00,917.42,918.55,912.27,916.5,10048.9
2025-09-15 16:00:00,916.51,919.2,912.73,916.99,6448.363
2025-09-15 17:00:00,916.99,919.7,915.7,919.7,3918.688
2025-09-15 18:00:00,919.7,921.05,917.57,920.63,2297.837
2025-09-15 19:00:00,920.63,922.08,917.7,919.5,2781.313
2025-09-15 20:00:00,919.5,920.61,918.58,919.9,1880.696
2025-09-15 21:00:00,919.9,922.28,918.71,922.02,1700.211
2025-09-15 22:00:00,922.02,922.4,919.2,919.81,2263.826
2025-09-15 23:00:00,919.8,920.19,918.24,919.68,1924.343
2025-09-16 00:00:00,919.68,919.68,916.66,919.09,2963.429
2025-09-16 01:00:00,919.1,922.49,919.09,920.69,3646.691
2025-09-16 02:00:00,920.7,922.68,919.5,919.77,4302.935
2025-09-16 03:00:00,919.77,922.35,918.88,921.16,4061.046
2025-09-16 04:00:00,921.15,924.15,916.77,923.92,10593.008
2025-09-16 05:00:00,923.92,929.94,923.4,929.73,13018.307
2025-09-16 06:00:00,929.74,932.36,926.73,927.7,9711.83
2025-09-16 07:00:00,927.7,932.21,927.69,930.89,12967.641
2025-09-16 08:00:00,930.9,933.55,928.44,931.6,8208.997
2025-09-16 09:00:00,931.61,931.61,927.69,928.78,7115.138
2025-09-16 10:00:00,928.77,929.4,925.4,925.49,6013.951
2025-09-16 11:00:00,925.49,928.54,924.81,927.48,5071.715
2025-09-16 12:00:00,927.49,929.0,926.23,928.5,6803.118
2025-09-16 13:00:00,928.5,932.54,922.72,927.21,17847.222
2025-09-16 14:00:00,927.22,927.64,921.94,927.08,9543.049
2025-09-16 15:00:00,927.07,937.89,925.12,937.64,19264.931
2025-09-16 16:00:00,937.64,937.99,932.49,934.8,8881.417
2025-09-16 17:00:00,934.8,955.5,934.79,952.41,62843.3545
2025-09-16 18:00:00,952.42,955.33,950.41,951.37,14516.14
2025-09-16 19:00:00,951.37,957.17,951.07,954.66,20450.343
2025-09-16 20:00:00,954.65,959.0,954.1,955.21,14438.115
2025-09-16 21:00:00,955.21,957.64,953.28,956.49,6008.809
2025-09-16 22:00:00,956.49,958.01,955.36,957.1,8675.926
2025-09-16 23:00:00,957.1,957.83,953.46,955.65,7971.726
2025-09-17 00:00:00,955.65,963.0,954.31,959.75,19997.9175
2025-09-17 01:00:00,959.75,960.0,956.46,956.85,8362.74
2025-09-17 02:00:00,956.85,962.6,956.1,959.91,12478.807
2025-09-17 03:00:00,959.91,961.39,956.48,957.0,14553.963
2025-09-17 04:00:00,957.0,959.28,950.8,951.8,10513.976
2025-09-17 05:00:00,951.81,952.75,946.69,951.76,18953.728
2025-09-17 06:00:00,951.76,955.47,949.69,954.44,10445.707
2025-09-17 07:00:00,954.45,958.0,952.7,954.7,8303.287
2025-09-17 08:00:00,954.7,957.0,951.16,956.55,8071.47
2025-09-17 09:00:00,956.55,956.6,953.63,955.01,8271.276
2025-09-17 10:00:00,955.01,956.72,951.72,952.84,6526.929
2025-09-17 11:00:00,952.83,957.19,952.0,953.24,9618.785
2025-09-17 12:00:00,953.25,953.7,950.44,951.73,7181.071
2025-09-17 13:00:00,951.74,954.81,949.18,950.0,10788.888
2025-09-17 14:00:00,950.01,952.41,947.11,948.55,8824.821
2025-09-17 15:00:00,948.56,953.23,948.0,951.15,6098.75
2025-09-17 16:00:00,951.14,952.71,946.1,950.5,8945.368
2025-09-17 17:00:00,950.49,955.01,949.39,949.61,10325.64
2025-09-17 18:00:00,949.61,962.68,947.39,954.1,36785.297
2025-09-17 19:00:00,954.1,957.65,953.25,956.46,15292.713
2025-09-17 20:00:00,956.46,966.69,953.2,953.68,17385.4169
2025-09-17 21:00:00,953.68,962.56,951.7,961.1,8999.122
2025-09-17 22:00:00,961.11,994.64,961.1,991.89,55816.1644
2025-09-17 23:00:00,991.89,995.44,982.78,989.98,39651.359
2025-09-18 00:00:00,989.97,993.5,982.75,983.24,18169.762
2025-09-18 01:00:00,983.25,992.48,983.1,988.17,22271.439
2025-09-18 02:00:00,988.18,990.95,984.37,990.77,11867.175
2025-09-18 03:00:00,990.77,997.0,989.31,995.52,18900.865
2025-09-18 04:00:00,995.52,995.6,991.23,994.07,13761.624
2025-09-18 05:00:00,994.07,995.0,987.14,991.16,12230.707
2025-09-18 06:00:00,991.17,994.93,989.3,994.32,16594.198
2025-09-18 07:00:00,994.32,999.72,993.5,998.22,26590.437
2025-09-18 08:00:00,998.23,1006.88,998.11,1000.66,63184.4037
2025-09-18 09:00:00,1000.67,1002.71,994.6,1001.05,33053.575
2025-09-18 10:00:00,1001.04,1002.66,991.02,993.31,21315.947
2025-09-18 11:00:00,993.31,994.86,990.48,991.71,19861.479
2025-09-18 12:00:00,991.72,997.0,990.8,996.61,10500.607
2025-09-18 13:00:00,996.61,998.89,992.14,994.76,12914.758
2025-09-18 14:00:00,994.75,995.84,993.0,995.14,13234.496
2025-09-18 15:00:00,995.14,996.94,993.0,993.45,13371.032
2025-09-18 16:00:00,993.44,995.48,991.0,994.0,14088.957
2025-09-18 17:00:00,993.99,994.22,990.71,991.61,10858.661
2025-09-18 18:00:00,991.61,992.1,986.0,987.5,11208.555
2025-09-18 19:00:00,987.5,988.77,985.6,988.01,6648.669
2025-09-18 20:00:00,988.0,989.03,987.6,987.88,3792.828
2025-09-18 21:00:00,987.88,988.9,986.57,987.86,3605.631
2025-09-18 22:00:00,987.86,988.18,982.0,982.74,9905.334
2025-09-18 23:00:00,982.73,983.23,979.48,981.04,14741.422
2025-09-19 00:00:00,981.05,985.86,980.7,985.85,9339.951
2025-09-19 01:00:00,985.86,987.9,983.71,985.81,8119.185
2025-09-19 02:00:00,985.8,987.11,984.08,985.99,6247.632
2025-09-19 03:00:00,985.99,988.67,982.62,984.96,17148.944
2025-09-19 04:00:00,984.96,992.29,982.12,991.84,20749.049
2025-09-19 05:00:00,991.84,996.77,988.96,994.1,18339.167
2025-09-19 06:00:00,994.11,995.61,992.04,993.55,19629.424
2025-09-19 07:00:00,993.55,997.7,991.94,994.76,25622.356
2025-09-19 08:00:00,994.75,1002.99,994.7,1000.66,26996.924
2025-09-19 09:00:00,1000.66,1002.27,993.7,994.87,17688.654
2025-09-19 10:00:00,994.87,996.48,989.24,991.47,16922.286
2025-09-19 11:00:00,991.46,992.27,984.64,985.75,27511.854
2025-09-19 12:00:00,985.74,989.08,985.4,987.5,11998.522
2025-09-19 13:00:00,987.5,992.41,986.75,991.45,13820.829
2025-09-19 14:00:00,991.46,992.4,982.51,983.49,12945.235
2025-09-19 15:00:00,983.5,984.17,973.9,982.64,26533.504
2025-09-19 16:00:00,982.63,985.2,981.2,982.4,10168.021
2025-09-19 17:00:00,982.41,983.85,977.87,978.25,7251.541
2025-09-19 18:00:00,978.24,980.5,975.0,978.93,8691.706
2025-09-19 19:00:00,978.93,981.65,978.1,978.3,5518.417
2025-09-19 20:00:00,978.3,981.92,977.15,979.63,4483.837
2025-09-19 21:00:00,979.62,984.05,979.08,983.0,4591.9
2025-09-19 22:00:00,983.0,985.45,982.82,984.36,3994.155
2025-09-19 23:00:00,984.36,984.67,978.42,984.1,9269.668
2025-09-20 00:00:00,984.1,988.0,983.59,986.62,9972.944
2025-09-20 01:00:00,986.62,987.17,984.07,985.87,6409.572
2025-09-20 02:00:00,985.87,990.87,982.9,990.61,8470.771
2025-09-20 03:00:00,990.61,993.11,987.73,991.61,10765.075
2025-09-20 04:00:00,991.61,999.76,990.79,999.69,13238.555
2025-09-20 05:00:00,999.7,1001.65,995.49,997.26,14848.628
2025-09-20 06:00:00,997.27,998.21,995.21,996.76,4419.585
2025-09-20 07:00:00,996.76,999.85,995.07,999.46,6278.097
2025-09-20 08:00:00,999.48,1005.32,995.51,996.53,22762.626
2025-09-20 09:00:00,996.52,998.86,993.79,995.88,10413.052
2025-09-20 10:00:00,995.89,1000.62,995.89,997.33,10364.473
2025-09-20 11:00:00,997.33,1002.79,997.32,1001.77,19968.928
2025-09-20 12:00:00,1001.77,1001.98,998.51,1000.44,11755.11
2025-09-20 13:00:00,1000.44,1001.88,999.03,1000.44,10646.075
2025-09-20 14:00:00,1000.45,1014.71,999.55,1011.59,30482.0548
2025-09-20 15:00:00,1011.59,1028.01,1011.59,1021.1,49973.6268
2025-09-20 16:00:00,1021.09,1025.6,1018.48,1025.3,24853.386
2025-09-20 17:00:00,1025.29,1029.12,1021.51,1026.1,17590.537
2025-09-20 18:00:00,1026.11,1026.68,1020.75,1021.78,12077.408
2025-09-20 19:00:00,1021.78,1024.86,1017.0,1019.16,13774.778
2025-09-20 20:00:00,1019.15,1021.21,1018.23,1020.0,6108.921
2025-09-20 21:00:00,1020.0,1048.0,1019.82,1040.4,31166.721
2025-09-20 22:00:00,1040.42,1040.57,1033.96,1039.93,16890.84
2025-09-20 23:00:00,1039.93,1044.18,1035.57,1043.77,17734.313
2025-09-21 00:00:00,1043.77,1066.03,1039.41,1061.54,53338.1829
2025-09-21 01:00:00,1061.5,1076.14,1054.0,1072.08,44756.059
2025-09-21 02:00:00,1072.09,1083.47,1070.15,1074.28,50090.3004
2025-09-21 03:00:00,1074.27,1075.52,1067.5,1069.46,21212.395
2025-09-21 04:00:00,1069.46,1070.71,1058.91,1067.97,20944.034
2025-09-21 05:00:00,1067.96,1068.65,1063.45,1067.72,10135.102
2025-09-21 06:00:00,1067.73,1077.85,1066.01,1076.01,21746.373
2025-09-21 07:00:00,1076.01,1080.79,1071.99,1073.73,22007.758
2025-09-21 08:00:00,1073.73,1075.25,1066.6,1071.96,16790.701
2025-09-21 09:00:00,1071.96,1072.5,1052.15,1058.56,29932.804
2025-09-21 10:00:00,1058.55,1064.2,1057.63,1060.68,13996.962
2025-09-21 11:00:00,1060.69,1063.68,1050.32,1051.11,16807.591
2025-09-21 12:00:00,1051.12,1057.97,1044.0,1046.5,19985.707
2025-09-21 13:00:00,1046.5,1054.87,1046.02,1052.28,12608.533
2025-09-21 14:00:00,1052.29,1056.91,1048.36,1050.26,10831.754
2025-09-21 15:00:00,1050.25,1056.35,1049.74,1056.31,11516.043
2025-09-21 16:00:00,1056.32,1058.0,1039.2,1043.0,23206.255
2025-09-21 17:00:00,1042.99,1049.25,1040.91,1049.1,14183.523
2025-09-21 18:00:00,1049.1,1052.57,1046.98,1051.83,9617.986
2025-09-21 19:00:00,1051.84,1052.06,1045.12,1047.85,5098.759
2025-09-21 20:00:00,1047.85,1047.85,1040.98,1045.0,9222.015
2025-09-21 21:00:00,1045.01,1052.43,1044.63,1049.33,8150.757
2025-09-21 22:00:00,1049.33,1054.99,1046.83,1052.69,11754.88
2025-09-21 23:00:00,1052.69,1052.69,1045.31,1047.8,6476.808
2025-09-22 00:00:00,1047.8,1050.55,1024.86,1029.73,39923.643
2025-09-22 01:00:00,1029.73,1044.68,1027.63,1036.68,22918.381
2025-09-22 02:00:00,1036.68,1039.36,1027.22,1031.61,21832.872
2025-09-22 03:00:00,1031.62,1034.4,1024.99,1029.95,21523.188
2025-09-22 04:00:00,1029.94,1038.37,1027.05,1033.07,26678.007
2025-09-22 05:00:00,1033.08,1035.36,1018.41,1019.07,16528.068
2025-09-22 06:00:00,1019.06,1024.2,993.31,1023.98,91395.679
2025-09-22 07:00:00,1023.97,1028.0,1019.01,1023.76,31568.552
2025-09-22 08:00:00,1023.75,1035.81,1023.29,1028.28,27277.238
2025-09-22 09:00:00,1028.27,1028.28,1013.36,1017.33,20142.961
2025-09-22 10:00:00,1017.33,1024.52,1012.52,1022.78,13604.007
2025-09-22 11:00:00,1022.77,1023.8,1017.41,1018.36,15892.55
2025-09-22 12:00:00,1018.36,1023.68,1017.01,1021.3,15817.176
2025-09-22 13:00:00,1021.3,1027.82,1014.05,1022.25,24763.139
2025-09-22 14:00:00,1022.26,1022.26,1001.98,1003.25,34158.505
2025-09-22 15:00:00,1003.24,1005.58,993.9,997.61,31870.438
2025-09-22 16:00:00,997.61,998.3,990.0,992.46,29437.86
2025-09-22 17:00:00,992.46,994.52,983.44,993.87,34638.511
2025-09-22 18:00:00,993.87,994.27,985.64,987.0,9191.47
2025-09-22 19:00:00,987.0,988.18,976.89,981.04,23285.67
2025-09-22 20:00:00,981.03,989.56,978.6,987.81,9899.001
2025-09-22 21:00:00,987.8,997.68,984.28,992.09,12926.586
2025-09-22 22:00:00,992.09,993.6,989.6,992.11,6779.169
2025-09-22 23:00:00,992.1,994.43,989.77,992.9,6677.725
2025-09-23 00:00:00,992.9,997.4,990.8,991.3,8978.232
2025-09-23 01:00:00,991.29,991.8,983.41,983.41,9035.975
2025-09-23 02:00:00,983.41,986.7,970.5,970.58,25559.561
2025-09-23 03:00:00,970.59,984.38,962.38,982.49,34989.479
2025-09-23 04:00:00,982.49,985.5,976.48,981.93,9658.546
2025-09-23 05:00:00,981.93,989.28,979.8,988.62,10943.817
2025-09-23 06:00:00,988.62,997.98,987.61,996.9,27287.201
2025-09-23 07:00:00,996.9,1007.67,994.56,1001.69,38879.415
2025-09-23 08:00:00,1001.7,1020.0,1001.2,1004.23,36464.843
2025-09-23 09:00:00,1004.23,1008.74,997.28,999.31,17913.917
2025-09-23 10:00:00,999.31,1006.27,997.0,1004.87,11352.664
2025-09-23 11:00:00,1004.87,1011.14,1001.62,1010.75,8883.13
2025-09-23 12:00:00,1010.74,1022.77,1009.48,1018.51,29866.534
2025-09-23 13:00:00,1018.51,1022.37,1014.35,1016.71,27493.046
2025-09-23 14:00:00,1016.71,1022.21,1011.57,1012.74,19351.59
2025-09-23 15:00:00,1012.74,1026.47,1008.87,1022.67,24805.503
2025-09-23 16:00:00,1022.68,1027.37,1017.62,1023.92,15932.236
2025-09-23 17:00:00,1023.92,1024.23,1011.18,1014.11,16317.604
2025-09-23 18:00:00,1014.11,1016.44,1006.83,1011.2,13449.337
2025-09-23 19:00:00,1011.2,1015.76,1006.11,1009.25,9734.547
2025-09-23 20:00:00,1009.25,1014.57,1008.32,1014.18,4926.43
2025-09-23 21:00:00,1014.18,1021.0,1012.99,1020.74,6196.415
2025-09-23 22:00:00,1020.74,1020.74,1015.05,1016.21,6133.726
2025-09-23 23:00:00,1016.2,1018.84,1011.42,1015.98,5917.322
2025-09-24 00:00:00,1015.98,1024.36,1013.51,1017.31,14058.551
2025-09-24 01:00:00,1017.31,1026.79,1015.82,1024.17,9296.976
2025-09-24 02:00:00,1024.12,1024.66,1015.35,1019.38,15129.863
2025-09-24 03:00:00,1019.38,1022.2,1002.01,1002.56,25741.459
2025-09-24 04:00:00,1002.56,1011.76,991.46,1008.14,24956.736
2025-09-24 05:00:00,1008.14,1016.82,1007.41,1014.46,16807.125
2025-09-24 06:00:00,1014.47,1018.5,1010.87,1017.84,13423.032
2025-09-24 07:00:00,1017.84,1019.1,1013.64,1018.08,12665.666
2025-09-24 08:00:00,1018.09,1026.76,1013.92,1025.11,29258.98
2025-09-24 09:00:00,1025.11,1034.5,1022.38,1032.61,23196.597
2025-09-24 10:00:00,1032.61,1032.7,1020.0,1023.37,28602.843
2025-09-24 11:00:00,1023.37,1023.5,1012.5,1015.99,22462.81
2025-09-24 12:00:00,1016.0,1019.0,1014.49,1017.0,12592.271
2025-09-24 13:00:00,1017.01,1018.48,1003.35,1008.82,22447.958
2025-09-24 14:00:00,1008.84,1021.17,1008.81,1017.08,21622.768
2025-09-24 15:00:00,1017.08,1019.9,1008.89,1009.2,13921.066
2025-09-24 16:00:00,1009.2,1015.87,1007.93,1013.5,17233.21
2025-09-24 17:00:00,1013.51,1019.63,1013.05,1016.68,8041.737
2025-09-24 18:00:00,1016.69,1017.66,1013.57,1015.61,4927.045
2025-09-24 19:00:00,1015.61,1017.89,1014.13,1015.65,3662.309
2025-09-24 20:00:00,1015.64,1018.61,1012.92,1018.03,3546.939
2025-09-24 21:00:00,1018.03,1018.95,1012.0,1012.94,3511.007
2025-09-24 22:00:00,1012.95,1019.7,1012.94,1019.21,8039.907
2025-09-24 23:00:00,1019.21,1019.85,1015.71,1018.49,7903.027
2025-09-25 00:00:00,1018.49,1019.9,1015.3,1016.5,9536.572
2025-09-25 01:00:00,1016.49,1016.74,1002.48,1004.91,30585.126
2025-09-25 02:00:00,1004.91,1015.0,1002.89,1009.75,16748.916
2025-09-25 03:00:00,1009.75,1009.79,995.14,999.41,22392.353
2025-09-25 04:00:00,999.41,1000.0,985.6,990.3,30740.607
2025-09-25 05:00:00,990.3,997.99,987.52,996.81,14413.296
2025-09-25 06:00:00,996.8,998.58,988.21,989.05,15266.999
2025-09-25 07:00:00,989.06,994.38,986.35,992.0,13417.591
2025-09-25 08:00:00,991.99,996.34,988.08,991.05,8394.842
2025-09-25 09:00:00,991.05,996.1,988.9,989.69,9399.997
2025-09-25 10:00:00,989.69,990.42,981.8,983.41,13185.438
2025-09-25 11:00:00,983.41,987.62,981.03,986.09,15138.38
2025-09-25 12:00:00,986.09,995.97,980.0,989.4,24510.135
2025-09-25 13:00:00,989.4,996.0,985.85,990.0,31417.8
2025-09-25 14:00:00,990.0,1000.39,989.93,995.9,18342.54
2025-09-25 15:00:00,995.91,996.86,988.75,995.3,16395.034
2025-09-25 16:00:00,995.29,997.26,977.0,980.93,43608.446
2025-09-25 17:00:00,980.92,980.92,949.0,955.8,191143.572
2025-09-25 18:00:00,955.8,968.76,955.5,968.19,22482.801
2025-09-25 19:00:00,968.18,969.26,955.53,958.65,15683.828
2025-09-25 20:00:00,958.65,961.12,951.57,952.71,15179.802
2025-09-25 21:00:00,952.71,960.01,948.23,953.01,14379.04
2025-09-25 22:00:00,953.01,957.98,945.16,945.52,17255.497
2025-09-25 23:00:00,945.52,951.47,939.55,945.9,25502.642
2025-09-26 00:00:00,945.9,956.25,944.48,955.07,19493.985
2025-09-26 01:00:00,955.06,959.0,951.46,952.69,12874.735
2025-09-26 02:00:00,952.7,956.6,944.3,945.33,28948.347
2025-09-26 03:00:00,945.33,947.51,941.03,945.61,14872.868
2025-09-26 04:00:00,945.6,947.47,936.4,938.4,14915.08
2025-09-26 05:00:00,938.4,943.59,936.0,939.58,13872.106
2025-09-26 06:00:00,939.58,947.83,936.11,943.6,14712.143
2025-09-26 07:00:00,943.6,949.98,943.29,949.46,15532.963
2025-09-26 08:00:00,949.46,951.12,946.82,947.51,10854.402
2025-09-26 09:00:00,947.51,949.62,936.0,944.82,27058.857
2025-09-26 10:00:00,944.81,945.17,935.01,937.46,19481.263
2025-09-26 11:00:00,937.46,940.73,932.04,937.29,18982.74
2025-09-26 12:00:00,937.3,949.29,932.01,947.15,28435.509
2025-09-26 13:00:00,947.16,951.87,941.8,949.35,25402.181
2025-09-26 14:00:00,949.34,950.04,935.51,937.84,16545.728
2025-09-26 15:00:00,937.84,944.76,937.45,942.42,11628.434
2025-09-26 16:00:00,942.42,955.51,941.41,954.65,15608.36
2025-09-26 17:00:00,954.65,964.01,953.85,964.01,23384.511
2025-09-26 18:00:00,964.0,966.23,956.89,959.99,19026.856
2025-09-26 19:00:00,959.99,960.1,951.34,954.81,9370.114
2025-09-26 20:00:00,954.81,957.49,951.65,953.8,7052.17
2025-09-26 21:00:00,953.79,956.5,951.52,956.4,4369.861
2025-09-26 22:00:00,956.4,960.0,954.24,956.66,7391.206
2025-09-26 23:00:00,956.66,960.85,953.88,960.8,4943.095
2025-09-27 00:00:00,960.81,962.92,958.0,962.84,7660.902
2025-09-27 01:00:00,962.83,963.4,955.56,959.14,7750.004
2025-09-27 02:00:00,959.14,963.31,957.54,962.19,10693.911
2025-09-27 03:00:00,962.19,967.47,960.49,966.41,7458.846
2025-09-27 04:00:00,966.4,972.53,965.23,972.21,12744.622
2025-09-27 05:00:00,972.21,972.49,966.75,968.9,13497.533
2025-09-27 06:00:00,968.91,970.0,965.4,968.94,11047.534
2025-09-27 07:00:00,968.95,974.01,968.94,972.29,11332.64
2025-09-27 08:00:00,972.28,972.34,965.8,966.81,14847.776
2025-09-27 09:00:00,966.8,971.42,964.95,968.69,10944.403
2025-09-27 10:00:00,968.69,975.13,966.5,972.99,10134.592
2025-09-27 11:00:00,972.99,973.08,969.81,970.41,7026.825
2025-09-27 12:00:00,970.41,973.93,968.39,972.98,9730.561
2025-09-27 13:00:00,972.98,979.93,972.16,978.29,14481.842
2025-09-27 14:00:00,978.29,985.79,977.95,981.5,17633.597
2025-09-27 15:00:00,981.49,982.34,976.16,976.23,12812.081
2025-09-27 16:00:00,976.23,976.98,972.59,973.2,8200.718
2025-09-27 17:00:00,973.2,973.33,965.0,971.31,11594.852
2025-09-27 18:00:00,971.31,971.31,966.03,968.93,5064.466
2025-09-27 19:00:00,968.93,970.59,967.2,969.61,2862.931
2025-09-27 20:00:00,969.6,970.5,967.6,968.44,3082.439
2025-09-27 21:00:00,968.43,973.06,967.2,972.26,2989.681
2025-09-27 22:00:00,972.27,978.0,970.7,972.24,16576.48
2025-09-27 23:00:00,972.23,974.1,967.36,968.45,15077.179
2025-09-28 00:00:00,968.46,971.38,965.38,967.95,11394.762
2025-09-28 01:00:00,967.96,971.48,967.01,967.23,8916.252
2025-09-28 02:00:00,967.23,973.32,967.01,972.4,7675.333
2025-09-28 03:00:00,972.4,974.93,971.11,974.25,7727.008
2025-09-28 04:00:00,974.25,975.26,971.4,973.57,5385.004
2025-09-28 05:00:00,973.56,974.85,971.0,971.41,3790.159
2025-09-28 06:00:00,971.42,973.68,968.6,971.54,5874.064
2025-09-28 07:00:00,971.54,972.72,968.6,969.5,6704.58
2025-09-28 08:00:00,969.49,970.9,963.0,964.75,17112.787
2025-09-28 09:00:00,964.76,968.85,962.68,968.39,4860.359
2025-09-28 10:00:00,968.38,971.01,965.0,969.9,5541.661
2025-09-28 11:00:00,969.9,973.23,967.6,973.22,12366.608
2025-09-28 12:00:00,973.23,975.0,966.31,968.92,10336.647
2025-09-28 13:00:00,968.92,975.48,968.6,973.92,8818.655
2025-09-28 14:00:00,973.92,979.26,972.64,975.49,11553.677
2025-09-28 15:00:00,975.49,976.4,973.42,976.0,5386.484
2025-09-28 16:00:00,976.0,980.55,975.99,977.41,9222.573
2025-09-28 17:00:00,977.41,979.87,976.0,977.72,6835.333
2025-09-28 18:00:00,977.72,979.23,977.0,979.14,2772.099
2025-09-28 19:00:00,979.14,979.79,975.53,978.22,3299.603
2025-09-28 20:00:00,978.23,984.0,977.8,982.44,7543.926
2025-09-28 21:00:00,982.44,984.35,980.78,981.99,4418.795
2025-09-28 22:00:00,982.0,989.93,981.86,988.89,9364.347
2025-09-28 23:00:00,988.89,993.65,988.1,993.01,11585.764
2025-09-29 00:00:00,993.01,995.96,991.12,994.51,8201.042
2025-09-29 01:00:00,994.51,1001.14,993.53,994.17,17148.703
2025-09-29 02:00:00,994.17,1000.0,992.26,999.89,6234.596
2025-09-29 03:00:00,999.9,1011.41,998.43,1010.26,14168.172
2025-09-29 04:00:00,1010.26,1013.73,1006.62,1007.63,8647.191
2025-09-29 05:00:00,1007.63,1011.73,1005.44,1010.23,9664.448
2025-09-29 06:00:00,1010.23,1011.6,1005.5,1009.53,7024.952
2025-09-29 07:00:00,1009.54,1010.94,1007.24,1009.87,10069.977
2025-09-29 08:00:00,1009.86,1012.75,1007.04,1007.15,11223.776
2025-09-29 09:00:00,1007.14,1007.15,1002.11,1007.15,13547.921
2025-09-29 10:00:00,1007.14,1010.45,1005.8,1008.21,13673.32
2025-09-29 11:00:00,1008.21,1008.21,1003.17,1004.94,12693.287
2025-09-29 12:00:00,1004.94,1008.0,1000.57,1001.45,13083.535
2025-09-29 13:00:00,1001.45,1013.29,1000.0,1012.16,18091.15
2025-09-29 14:00:00,1012.16,1023.16,1012.0,1018.4,33373.495
2025-09-29 15:00:00,1018.4,1018.9,1008.1,1011.08,16353.97
2025-09-29 16:00:00,1011.07,1014.55,1005.0,1005.39,13419.743
2025-09-29 17:00:00,1005.4,1014.45,1003.53,1012.14,11810.003
2025-09-29 18:00:00,1012.14,1017.64,1010.4,1017.22,6569.613
2025-09-29 19:00:00,1017.22,1021.31,1017.16,1020.23,7348.743
2025-09-29 20:00:00,1020.23,1030.0,1019.02,1027.71,11091.568
2025-09-29 21:00:00,1027.71,1030.64,1025.99,1030.37,8090.262
2025-09-29 22:00:00,1030.37,1036.0,1029.26,1034.41,11710.336
2025-09-29 23:00:00,1034.41,1034.41,1028.1,1029.79,8742.697
2025-09-30 00:00:00,1029.79,1034.01,1026.77,1027.9,9798.472
2025-09-30 01:00:00,1027.9,1031.07,1023.88,1025.63,8104.006
2025-09-30 02:00:00,1025.63,1027.72,1020.87,1021.87,12092.296
2025-09-30 03:00:00,1021.88,1026.19,1021.0,1023.2,5687.077
2025-09-30 04:00:00,1023.19,1027.79,1023.0,1025.45,6842.878
2025-09-30 05:00:00,1025.46,1026.22,1019.68,1023.97,12039.835
2025-09-30 06:00:00,1023.98,1026.84,1022.03,1026.0,7073.01
2025-09-30 07:00:00,1026.0,1027.98,1016.76,1020.13,12654.932
2025-09-30 08:00:00,1020.12,1021.65,1019.06,1020.0,8845.685
2025-09-30 09:00:00,1020.0,1020.81,1007.57,1008.24,29666.87
2025-09-30 10:00:00,1008.23,1010.85,1003.13,1009.9,26359.518
2025-09-30 11:00:00,1009.9,1016.65,1008.61,1014.36,10937.574
2025-09-30 12:00:00,1014.36,1014.66,1008.48,1008.49,8191.632
2025-09-30 13:00:00,1008.48,1013.68,1005.57,1008.25,11110.46
2025-09-30 14:00:00,1008.25,1009.4,1001.45,1005.57,20052.023
2025-09-30 15:00:00,1005.57,1005.61,992.93,998.19,19173.338
2025-09-30 16:00:00,998.2,1002.57,996.78,998.25,10739.221
2025-09-30 17:00:00,998.25,1004.45,997.0,1001.34,8250.258
2025-09-30 18:00:00,1001.34,1004.12,999.41,1003.19,4051.731
2025-09-30 19:00:00,1003.2,1009.49,1003.0,1007.29,7243.888
2025-09-30 20:00:00,1007.29,1009.5,1003.31,1008.71,5015.313
2025-09-30 21:00:00,1008.72,1010.5,1002.38,1002.63,4511.598
2025-09-30 22:00:00,1002.63,1005.56,1001.3,1003.17,5501.132
2025-09-30 23:00:00,1003.17,1009.71,1001.4,1008.51,4888.224
2025-10-01 00:00:00,1008.51,1013.41,1008.25,1012.4,6505.277
2025-10-01 01:00:00,1012.41,1016.0,1011.1,1014.58,8328.616
2025-10-01 02:00:00,1014.57,1014.7,1009.05,1009.11,5329.855
2025-10-01 03:00:00,1009.1,1013.92,1003.35,1004.81,13056.054
2025-10-01 04:00:00,1004.8,1013.1,1004.54,1009.97,8776.585
2025-10-01 05:00:00,1009.96,1013.32,1009.5,1011.23,5760.877
2025-10-01 06:00:00,1011.24,1011.87,1007.75,1008.59,6432.059
2025-10-01 07:00:00,1008.59,1012.62,1008.25,1010.03,5614.472
2025-10-01 08:00:00,1010.03,1030.11,1009.5,1027.62,34475.779
2025-10-01 09:00:00,1027.62,1036.2,1026.02,1032.8,26843.394
2025-10-01 10:00:00,1032.79,1033.45,1025.04,1028.13,12172.737
2025-10-01 11:00:00,1028.13,1030.66,1021.15,1023.42,11671.889
2025-10-01 12:00:00,1023.42,1025.18,1015.24,1018.21,19123.706
2025-10-01 13:00:00,1018.22,1025.1,1018.19,1023.3,11909.028
2025-10-01 14:00:00,1023.31,1028.6,1020.86,1021.96,16754.705
2025-10-01 15:00:00,1021.96,1022.47,1015.93,1019.31,16224.116
2025-10-01 16:00:00,1019.32,1022.12,1016.49,1020.9,15939.779
2025-10-01 17:00:00,1020.9,1025.36,1019.62,1020.15,8671.287
2025-10-01 18:00:00,1020.15,1023.35,1019.74,1020.09,5759.564
2025-10-01 19:00:00,1020.09,1022.63,1019.26,1019.7,4609.259
2025-10-01 20:00:00,1019.71,1022.0,1017.46,1022.0,4672.747
2025-10-01 21:00:00,1022.0,1022.49,1019.62,1019.68,4176.11
2025-10-01 22:00:00,1019.68,1023.19,1019.02,1021.8,4751.051
2025-10-01 23:00:00,1021.8,1026.59,1020.0,1026.5,11448.865
2025-10-02 00:00:00,1026.5,1032.31,1022.01,1024.68,19086.388
2025-10-02 01:00:00,1024.69,1037.6,1023.25,1035.34,17122.882
2025-10-02 02:00:00,1035.35,1037.6,1030.58,1035.5,13664.575
2025-10-02 03:00:00,1035.49,1035.9,1030.25,1031.04,7427.668
2025-10-02 04:00:00,1031.04,1034.08,1026.93,1030.43,7052.615
2025-10-02 05:00:00,1030.43,1033.89,1028.34,1031.0,8240.078
2025-10-02 06:00:00,1030.99,1041.18,1030.59,1036.45,19243.602
2025-10-02 07:00:00,1036.45,1039.69,1035.0,1036.1,7158.975
2025-10-02 08:00:00,1036.11,1038.38,1033.61,1034.49,6741.614
2025-10-02 09:00:00,1034.49,1041.95,1034.0,1040.57,8348.248
2025-10-02 10:00:00,1040.56,1045.96,1037.33,1044.05,14146.742
2025-10-02 11:00:00,1044.05,1050.0,1044.0,1047.81,14152.779
2025-10-02 12:00:00,1047.81,1063.45,1047.23,1060.05,33802.361
2025-10-02 13:00:00,1060.05,1061.47,1052.07,1054.61,25179.341
2025-10-02 14:00:00,1054.61,1056.64,1043.88,1045.82,16079.777
2025-10-02 15:00:00,1045.82,1056.33,1041.09,1055.68,19535.338
2025-10-02 16:00:00,1055.68,1062.5,1054.96,1061.24,19166.262
2025-10-02 17:00:00,1061.25,1061.88,1058.1,1059.21,8690.894
2025-10-02 18:00:00,1059.2,1068.39,1059.17,1068.0,13709.191
2025-10-02 19:00:00,1068.0,1076.71,1066.9,1073.81,12808.095
2025-10-02 20:00:00,1073.82,1085.98,1073.01,1081.66,28074.215
2025-10-02 21:00:00,1081.66,1088.51,1077.58,1078.8,17483.483
2025-10-02 22:00:00,1078.79,1093.89,1077.99,1092.6,20167.847
2025-10-02 23:00:00,1092.6,1099.22,1087.0,1090.22,23596.475
2025-10-03 00:00:00,1090.22,1093.88,1084.02,1085.8,15065.613
2025-10-03 01:00:00,1085.81,1096.81,1085.8,1088.39,18011.481
2025-10-03 02:00:00,1088.39,1098.0,1086.6,1096.46,17527.648
2025-10-03 03:00:00,1096.46,1112.57,1096.22,1108.0,57427.5174
2025-10-03 04:00:00,1107.99,1112.68,1093.33,1099.08,27707.812
2025-10-03 05:00:00,1099.1,1101.12,1093.0,1094.22,18524.531
2025-10-03 06:00:00,1094.22,1099.71,1090.0,1091.8,23304.727
2025-10-03 07:00:00,1091.8,1092.82,1084.66,1086.24,18522.024
2025-10-03 08:00:00,1086.25,1100.0,1083.84,1096.26,22805.911
2025-10-03 09:00:00,1096.26,1114.95,1096.11,1108.65,34801.503
2025-10-03 10:00:00,1108.64,1110.0,1105.37,1107.21,11490.778
2025-10-03 11:00:00,1107.2,1107.97,1101.67,1106.39,9726.089
2025-10-03 12:00:00,1106.4,1110.0,1105.87,1106.97,13341.752
2025-10-03 13:00:00,1106.97,1147.02,1102.48,1137.52,79791.6344
2025-10-03 14:00:00,1137.51,1143.0,1119.04,1142.01,40547.319
2025-10-03 15:00:00,1142.0,1168.0,1136.47,1165.3,70490.8199
2025-10-03 16:00:00,1165.3,1168.0,1149.61,1155.77,52887.812
2025-10-03 17:00:00,1155.77,1155.77,1120.1,1136.05,60696.577
2025-10-03 18:00:00,1136.05,1178.65,1132.88,1172.49,41292.2353
2025-10-03 19:00:00,1172.49,1173.86,1163.8,1170.39,17962.934
2025-10-03 20:00:00,1170.39,1183.32,1164.82,1181.38,23155.684
2025-10-03 21:00:00,1181.38,1182.29,1171.32,1177.18,23243.598
2025-10-03 22:00:00,1177.18,1192.42,1177.03,1182.83,28629.5806
2025-10-03 23:00:00,1182.83,1190.0,1172.17,1189.4,18041.14
2025-10-04 00:00:00,1189.4,1190.47,1174.35,1177.34,24717.252
2025-10-04 01:00:00,1177.34,1179.95,1164.0,1171.03,21468.392
2025-10-04 02:00:00,1171.04,1177.44,1165.0,1176.39,16983.132
2025-10-04 03:00:00,1176.38,1180.82,1169.12,1170.39,11967.389
2025-10-04 04:00:00,1170.39,1175.3,1167.3,1174.05,11057.118
2025-10-04 05:00:00,1174.05,1182.39,1173.43,1176.66,13849.025
2025-10-04 06:00:00,1176.66,1177.4,1170.11,1171.85,12367.124
2025-10-04 07:00:00,1171.85,1174.26,1165.15,1166.82,10958.345
2025-10-04 08:00:00,1166.82,1168.86,1154.7,1155.86,24315.605
2025-10-04 09:00:00,1155.8,1162.54,1149.28,1150.51,15016.384
2025-10-04 10:00:00,1150.51,1156.48,1147.06,1149.17,10535.379
2025-10-04 11:00:00,1149.17,1155.0,1145.0,1151.69,13093.603
2025-10-04 12:00:00,1151.69,1154.18,1143.66,1144.01,10301.678
2025-10-04 13:00:00,1144.02,1150.94,1143.06,1146.99,15463.989
2025-10-04 14:00:00,1147.0,1154.17,1144.42,1146.47,10839.134
2025-10-04 15:00:00,1146.47,1151.11,1139.77,1144.44,19627.576
2025-10-04 16:00:00,1144.42,1147.03,1134.93,1142.77,32085.722
2025-10-04 17:00:00,1142.78,1158.52,1141.36,1149.88,16171.534
2025-10-04 18:00:00,1149.89,1150.2,1142.31,1143.67,6776.357
2025-10-04 19:00:00,1143.66,1147.41,1143.44,1146.99,3328.052
2025-10-04 20:00:00,1146.98,1150.85,1146.48,1146.6,6158.507
2025-10-04 21:00:00,1146.59,1156.35,1146.59,1152.2,13873.137
2025-10-04 22:00:00,1152.2,1155.25,1146.93,1147.22,10591.676
2025-10-04 23:00:00,1147.22,1150.75,1144.44,1150.75,5892.399
2025-10-05 00:00:00,1150.75,1153.74,1145.0,1146.65,9749.65
2025-10-05 01:00:00,1146.65,1152.23,1143.14,1149.58,9967.008
2025-10-05 02:00:00,1149.57,1165.4,1148.14,1162.78,20671.143
2025-10-05 03:00:00,1162.78,1169.55,1161.33,1163.22,21129.005
2025-10-05 04:00:00,1163.23,1186.05,1163.09,1181.98,28165.696
2025-10-05 05:00:00,1181.98,1189.0,1177.0,1178.27,23840.521
2025-10-05 06:00:00,1178.28,1180.17,1167.0,1169.39,13042.264
2025-10-05 07:00:00,1169.4,1180.18,1167.73,1178.03,17662.466
2025-10-05 08:00:00,1178.02,1180.17,1173.01,1174.43,8720.763
2025-10-05 09:00:00,1174.44,1175.0,1156.76,1161.49,23297.039
2025-10-05 10:00:00,1161.49,1164.72,1153.84,1162.8,20958.016
2025-10-05 11:00:00,1162.8,1168.27,1158.01,1167.85,9867.84
2025-10-05 12:00:00,1167.85,1171.2,1161.35,1168.75,8696.353
2025-10-05 13:00:00,1168.74,1169.31,1162.04,1163.43,10796.484
2025-10-05 14:00:00,1163.43,1168.14,1157.54,1161.36,10934.778
2025-10-05 15:00:00,1161.36,1163.71,1156.99,1158.57,7735.252
2025-10-05 16:00:00,1158.57,1169.6,1156.04,1167.64,10832.9
2025-10-05 17:00:00,1167.63,1169.73,1160.02,1163.61,6743.137
2025-10-05 18:00:00,1163.6,1164.88,1156.25,1158.99,8627.719
2025-10-05 19:00:00,1159.0,1159.12,1148.25,1149.82,8660.488
2025-10-05 20:00:00,1149.82,1157.96,1147.84,1156.2,11043.03
2025-10-05 21:00:00,1156.19,1161.11,1154.62,1161.11,4669.223
2025-10-05 22:00:00,1161.11,1164.88,1159.81,1161.88,4858.472
2025-10-05 23:00:00,1161.87,1167.38,1159.9,1167.38,6060.931
2025-10-06 00:00:00,1167.38,1174.35,1161.85,1167.98,18313.172
2025-10-06 01:00:00,1167.98,1183.99,1166.35,1179.1,23106.028
2025-10-06 02:00:00,1179.09,1182.38,1171.62,1179.75,13732.113
2025-10-06 03:00:00,1179.75,1183.0,1176.77,1182.33,9768.17
2025-10-06 04:00:00,1182.32,1185.8,1178.93,1183.85,10795.218
2025-10-06 05:00:00,1183.84,1195.76,1178.51,1190.0,26283.88
2025-10-06 06:00:00,1190.0,1223.9,1189.2,1209.48,86952.6342
2025-10-06 07:00:00,1209.48,1216.13,1196.1,1198.26,34744.584
2025-10-06 08:00:00,1198.26,1212.95,1198.26,1208.56,22578.262
2025-10-06 09:00:00,1208.57,1219.17,1208.15,1218.29,21996.558
2025-10-06 10:00:00,1218.28,1221.0,1212.97,1215.79,21125.019
2025-10-06 11:00:00,1215.78,1222.71,1212.15,1222.19,16424.749
2025-10-06 12:00:00,1222.19,1239.94,1221.39,1236.09,51771.4459
2025-10-06 13:00:00,1236.09,1238.09,1224.38,1225.11,33787.288
2025-10-06 14:00:00,1225.11,1228.69,1209.22,1217.48,44590.352
2025-10-06 15:00:00,1217.49,1225.76,1215.26,1221.5,22244.994
2025-10-06 16:00:00,1221.49,1226.29,1213.91,1222.35,19837.361
2025-10-06 17:00:00,1222.34,1222.79,1215.79,1220.84,27447.84
2025-10-06 18:00:00,1220.83,1222.01,1215.84,1219.84,14091.914
2025-10-06 19:00:00,1219.84,1227.85,1218.85,1225.53,20941.165
2025-10-06 20:00:00,1225.52,1226.57,1219.94,1222.84,10593.345
2025-10-06 21:00:00,1222.83,1230.44,1218.66,1227.0,14906.488
2025-10-06 22:00:00,1227.0,1229.78,1222.25,1224.86,10358.611
2025-10-06 23:00:00,1224.86,1226.75,1218.01,1223.19,11086.369
2025-10-07 00:00:00,1223.17,1229.56,1221.52,1222.34,10801.504
2025-10-07 01:00:00,1222.34,1224.2,1204.61,1213.14,26981.0
2025-10-07 02:00:00,1213.14,1224.43,1213.13,1223.46,14579.426
2025-10-07 03:00:00,1223.46,1228.66,1223.16,1223.34,18348.771
2025-10-07 04:00:00,1223.35,1246.45,1220.43,1245.17,43122.418
2025-10-07 05:00:00,1245.18,1263.99,1238.72,1257.08,59439.4173
2025-10-07 06:00:00,1257.07,1258.36,1238.84,1242.52,40200.164
2025-10-07 07:00:00,1242.52,1257.99,1240.32,1250.04,31496.438
2025-10-07 08:00:00,1250.04,1274.0,1232.72,1264.67,65152.671
2025-10-07 09:00:00,1264.67,1284.34,1262.56,1280.73,66146.3548
2025-10-07 10:00:00,1280.72,1297.64,1273.29,1292.01,61565.6131
2025-10-07 11:00:00,1292.02,1317.45,1286.56,1313.15,81843.892
2025-10-07 12:00:00,1313.14,1349.99,1300.07,1320.09,132175.0945
2025-10-07 13:00:00,1320.09,1332.53,1300.0,1315.71,107424.609
2025-10-07 14:00:00,1315.7,1319.08,1290.25,1294.46,103053.748
2025-10-07 15:00:00,1294.46,1304.28,1260.68,1280.97,170116.164
2025-10-07 16:00:00,1280.96,1303.0,1265.4,1286.4,87411.665
2025-10-07 17:00:00,1286.4,1293.59,1275.38,1285.14,35296.97
2025-10-07 18:00:00,1285.14,1286.5,1271.21,1276.26,24276.572
2025-10-07 19:00:00,1276.26,1299.91,1275.46,1296.99,34525.726
2025-10-07 20:00:00,1296.98,1316.38,1295.5,1312.45,37891.598
2025-10-07 21:00:00,1312.44,1328.2,1304.65,1310.39,45187.783
2025-10-07 22:00:00,1310.39,1322.58,1305.77,1307.68,29113.751
2025-10-07 23:00:00,1307.68,1317.23,1302.24,1304.43,25527.139
2025-10-08 00:00:00,1304.43,1334.19,1302.73,1315.47,60336.06
2025-10-08 01:00:00,1315.47,1318.01,1304.0,1311.54,46539.838
2025-10-08 02:00:00,1311.54,1311.85,1281.5,1289.72,63868.493
2025-10-08 03:00:00,1289.71,1289.71,1271.04,1276.22,52120.577
2025-10-08 04:00:00,1276.22,1287.29,1264.32,1285.73,48478.6
2025-10-08 05:00:00,1285.73,1286.04,1271.35,1285.1,32714.602
2025-10-08 06:00:00,1285.1,1310.8,1279.88,1307.02,44527.76
2025-10-08 07:00:00,1307.02,1313.83,1299.79,1312.47,36827.157
2025-10-08 08:00:00,1312.47,1327.74,1308.74,1321.81,38079.595
2025-10-08 09:00:00,1321.8,1325.44,1302.56,1315.2,40540.095
2025-10-08 10:00:00,1315.19,1322.41,1310.71,1313.2,30282.247
2025-10-08 11:00:00,1313.2,1317.78,1304.02,1313.37,21468.555
2025-10-08 12:00:00,1313.37,1319.46,1303.53,1305.56,26304.668
2025-10-08 13:00:00,1305.57,1314.58,1292.39,1312.45,38075.868
2025-10-08 14:00:00,1312.44,1320.0,1293.88,1299.32,41745.346
2025-10-08 15:00:00,1299.32,1305.76,1285.0,1293.96,34783.168
2025-10-08 16:00:00,1293.96,1303.86,1289.0,1302.89,21662.307
2025-10-08 17:00:00,1302.89,1314.01,1300.55,1313.57,25890.756
2025-10-08 18:00:00,1313.58,1322.79,1311.76,1318.37,27767.468
2025-10-08 19:00:00,1318.37,1320.27,1311.9,1315.71,15369.693
2025-10-08 20:00:00,1315.71,1324.74,1309.6,1313.05,14961.179
2025-10-08 21:00:00,1313.05,1314.0,1300.95,1306.01,20305.862
2025-10-08 22:00:00,1306.01,1312.02,1300.6,1300.99,16324.372
2025-10-08 23:00:00,1300.99,1307.93,1295.0,1307.4,27580.857
2025-10-09 00:00:00,1307.4,1318.24,1299.0,1310.47,25887.799
2025-10-09 01:00:00,1310.48,1311.74,1301.0,1307.69,16019.597
2025-10-09 02:00:00,1307.68,1308.62,1252.92,1259.53,100842.894
2025-10-09 03:00:00,1259.52,1279.3,1259.52,1278.88,41757.421
2025-10-09 04:00:00,1278.88,1288.93,1274.68,1276.7,25711.87
2025-10-09 05:00:00,1276.7,1300.99,1272.31,1295.73,33672.374
2025-10-09 06:00:00,1295.73,1317.18,1294.21,1310.26,60693.654
2025-10-09 07:00:00,1310.26,1320.0,1304.72,1309.9,67308.625
2025-10-09 08:00:00,1309.89,1310.49,1279.68,1281.65,70326.752
2025-10-09 09:00:00,1281.66,1289.33,1272.1,1281.82,43266.339
2025-10-09 10:00:00,1281.82,1286.78,1267.67,1281.34,35407.816
2025-10-09 11:00:00,1281.33,1288.59,1277.77,1281.23,26998.533
2025-10-09 12:00:00,1281.22,1290.89,1277.8,1282.52,37820.105
2025-10-09 13:00:00,1282.53,1284.3,1255.86,1256.46,49731.813
2025-10-09 14:00:00,1256.46,1259.5,1227.32,1237.27,115307.837
2025-10-09 15:00:00,1237.26,1248.23,1231.45,1239.64,36030.953
2025-10-09 16:00:00,1239.65,1243.54,1224.38,1227.93,40448.916
2025-10-09 17:00:00,1227.93,1247.43,1226.91,1246.8,30784.593
2025-10-09 18:00:00,1246.81,1247.2,1236.56,1238.15,14615.738
2025-10-09 19:00:00,1238.14,1243.86,1237.82,1241.46,6924.153
2025-10-09 20:00:00,1241.47,1248.25,1239.97,1247.43,7753.182
2025-10-09 21:00:00,1247.43,1255.96,1245.14,1254.49,12789.019
2025-10-09 22:00:00,1254.49,1260.64,1251.7,1260.6,13574.819
2025-10-09 23:00:00,1260.6,1260.6,1250.4,1255.35,11952.802
2025-10-10 00:00:00,1255.35,1269.19,1254.64,1257.58,21524.015
2025-10-10 01:00:00,1257.59,1260.32,1247.74,1249.45,17012.954
2025-10-10 02:00:00,1249.45,1254.83,1244.1,1246.28,16461.611
2025-10-10 03:00:00,1246.28,1266.47,1245.06,1259.62,24560.911
2025-10-10 04:00:00,1259.62,1274.81,1259.46,1265.4,31512.807
2025-10-10 05:00:00,1265.39,1274.0,1258.04,1271.1,19000.793
2025-10-10 06:00:00,1271.1,1278.52,1268.17,1268.31,17277.331
2025-10-10 07:00:00,1268.32,1273.44,1261.33,1263.75,17247.602
2025-10-10 08:00:00,1263.76,1269.49,1261.95,1267.01,10987.236
2025-10-10 09:00:00,1267.0,1267.61,1248.0,1248.96,27547.527
2025-10-10 10:00:00,1248.96,1252.36,1245.81,1251.41,12729.181
2025-10-10 11:00:00,1251.41,1273.67,1250.62,1270.71,35752.862
2025-10-10 12:00:00,1270.72,1274.16,1266.26,1270.05,20388.482
2025-10-10 13:00:00,1270.05,1272.0,1248.04,1251.92,39520.419
2025-10-10 14:00:00,1251.93,1256.64,1240.0,1241.54,29978.038
2025-10-10 15:00:00,1241.52,1241.67,1205.23,1215.49,132259.029
2025-10-10 16:00:00,1215.49,1242.71,1213.41,1227.15,51753.335
2025-10-10 17:00:00,1227.15,1232.81,1222.51,1228.19,30467.694
2025-10-10 18:00:00,1228.19,1234.16,1222.21,1222.22,16534.206
2025-10-10 19:00:00,1222.22,1247.04,1210.06,1235.58,53838.627
2025-10-10 20:00:00,1235.58,1243.42,1190.0,1198.33,61619.609
2025-10-10 21:00:00,1198.32,1203.26,860.11,1107.3,407660.915
2025-10-10 22:00:00,1107.31,1145.66,1050.0,1110.8,261663.453
2025-10-10 23:00:00,1110.94,1140.52,1092.38,1102.47,147727.036
2025-10-11 00:00:00,1102.57,1130.89,1073.0,1117.25,102382.212
2025-10-11 01:00:00,1117.24,1118.56,1075.11,1083.74,88213.625
2025-10-11 02:00:00,1083.74,1143.33,1083.18,1139.7,91978.594
2025-10-11 03:00:00,1139.7,1143.0,1118.52,1128.42,63611.635
2025-10-11 04:00:00,1128.36,1140.0,1125.76,1137.11,33815.766
2025-10-11 05:00:00,1137.12,1139.35,1108.0,1108.86,43886.973
2025-10-11 06:00:00,1108.85,1116.4,1095.76,1097.99,36822.364
2025-10-11 07:00:00,1098.0,1099.72,1084.47,1094.02,64859.157
2025-10-11 08:00:00,1094.03,1115.38,1090.0,1114.88,41613.214
2025-10-11 09:00:00,1114.85,1131.43,1113.31,1123.08,41491.607
2025-10-11 10:00:00,1123.07,1140.11,1122.54,1131.36,35756.512
2025-10-11 11:00:00,1131.36,1132.99,1121.93,1129.79,28460.475
2025-10-11 12:00:00,1129.78,1131.0,1118.4,1124.87,24565.736
2025-10-11 13:00:00,1124.87,1135.55,1115.02,1134.99,29187.206
2025-10-11 14:00:00,1134.99,1138.0,1128.14,1128.89,18535.161
2025-10-11 15:00:00,1128.88,1158.28,1128.66,1142.71,47023.015
2025-10-11 16:00:00,1142.71,1154.49,1136.4,1152.73,27392.497
2025-10-11 17:00:00,1152.73,1182.76,1147.16,1179.04,54732.402
2025-10-11 18:00:00,1179.05,1180.73,1170.8,1173.0,19314.615
2025-10-11 19:00:00,1173.01,1174.13,1135.32,1141.14,46207.612
2025-10-11 20:00:00,1141.14,1143.4,1116.23,1123.47,31744.675
2025-10-11 21:00:00,1123.47,1142.26,1106.24,1137.36,40962.525
2025-10-11 22:00:00,1137.36,1147.26,1130.01,1145.15,21572.003
2025-10-11 23:00:00,1145.12,1147.64,1134.27,1135.07,16775.664
2025-10-12 00:00:00,1135.07,1137.97,1111.27,1112.51,27309.218
2025-10-12 01:00:00,1112.51,1122.64,1107.43,1110.39,32793.3
2025-10-12 02:00:00,1110.39,1124.15,1108.47,1115.29,17156.326
2025-10-12 03:00:00,1115.28,1130.0,1111.08,1121.3,22234.65
2025-10-12 04:00:00,1121.3,1134.05,1117.58,1133.34,17695.518
2025-10-12 05:00:00,1133.34,1152.81,1128.41,1145.75,23823.169
2025-10-12 06:00:00,1145.75,1157.05,1144.03,1155.37,26348.61
2025-10-12 07:00:00,1155.41,1170.39,1153.48,1160.83,32080.11
2025-10-12 08:00:00,1160.82,1185.33,1154.73,1178.24,62980.674
2025-10-12 09:00:00,1178.25,1222.12,1166.78,1218.84,74639.637
2025-10-12 10:00:00,1218.83,1228.0,1209.21,1214.32,75676.994
2025-10-12 11:00:00,1214.32,1231.0,1214.31,1230.12,39760.795
2025-10-12 12:00:00,1230.11,1260.21,1229.49,1241.61,92529.643
2025-10-12 13:00:00,1241.61,1245.97,1220.0,1224.0,61226.012
2025-10-12 14:00:00,1224.0,1275.05,1221.83,1260.52,93080.85
2025-10-12 15:00:00,1260.52,1307.98,1254.91,1302.29,128314.33
2025-10-12 16:00:00,1302.29,1312.31,1272.11,1296.27,128084.941
2025-10-12 17:00:00,1296.27,1302.9,1289.49,1298.5,51734.56
2025-10-12 18:00:00,1298.5,1303.0,1285.07,1299.03,38497.67
2025-10-12 19:00:00,1299.03,1301.89,1291.5,1296.19,16653.165
2025-10-12 20:00:00,1296.23,1319.8,1292.53,1303.54,40099.251
2025-10-12 21:00:00,1303.54,1309.07,1280.0,1292.04,32287.455
2025-10-12 22:00:00,1292.04,1301.21,1276.24,1287.39,43156.454
2025-10-12 23:00:00,1287.4,1304.72,1281.56,1302.65,27084.684
2025-10-13 00:00:00,1302.65,1322.0,1298.11,1312.8,58172.474
2025-10-13 01:00:00,1312.8,1315.0,1296.0,1307.68,34151.473
2025-10-13 02:00:00,1307.67,1311.92,1292.02,1302.49,27722.777
2025-10-13 03:00:00,1302.49,1314.41,1295.0,1296.29,31861.867
2025-10-13 04:00:00,1296.3,1298.66,1283.44,1292.51,29626.604
2025-10-13 05:00:00,1292.51,1301.4,1289.94,1297.87,22298.208
2025-10-13 06:00:00,1297.88,1345.0,1296.81,1324.24,108170.097
2025-10-13 07:00:00,1324.24,1353.55,1324.24,1343.95,115231.573
2025-10-13 08:00:00,1343.95,1375.11,1343.5,1368.76,109800.6759
2025-10-13 09:00:00,1368.76,1369.0,1341.01,1352.52,117111.422
2025-10-13 10:00:00,1352.52,1357.02,1307.33,1314.09,206553.541
2025-10-13 11:00:00,1314.09,1314.09,1266.0,1294.2,130908.84
2025-10-13 12:00:00,1294.2,1304.69,1281.39,1285.01,61699.408
2025-10-13 13:00:00,1285.0,1304.98,1276.11,1298.55,97783.182
2025-10-13 14:00:00,1298.55,1300.93,1251.28,1259.37,97891.69
2025-10-13 15:00:00,1259.37,1281.39,1257.73,1274.15,39944.73
2025-10-13 16:00:00,1274.15,1287.4,1271.72,1278.46,42732.045
2025-10-13 17:00:00,1278.45,1288.92,1267.47,1285.87,30499.588
2025-10-13 18:00:00,1285.83,1286.15,1261.61,1267.4,27673.09
2025-10-13 19:00:00,1267.4,1279.69,1265.43,1271.56,24760.965
2025-10-13 20:00:00,1271.56,1286.51,1271.46,1285.16,13947.573
2025-10-13 21:00:00,1285.15,1290.0,1277.57,1287.81,13282.617
2025-10-13 22:00:00,1287.84,1299.0,1284.8,1293.08,25355.915
2025-10-13 23:00:00,1293.08,1299.0,1289.0,1294.55,15896.617
2025-10-14 00:00:00,1294.54,1318.26,1292.8,1302.5,37307.009
2025-10-14 01:00:00,1302.49,1302.49,1285.02,1290.42,24576.386
2025-10-14 02:00:00,1290.42,1295.24,1281.21,1282.48,22765.561
2025-10-14 03:00:00,1282.49,1284.21,1271.28,1278.14,31575.386
2025-10-14 04:00:00,1278.14,1280.16,1236.0,1240.36,58653.989
2025-10-14 05:00:00,1240.36,1249.75,1230.0,1236.85,66290.512
2025-10-14 06:00:00,1236.85,1243.42,1179.4,1202.82,126696.736
2025-10-14 07:00:00,1202.83,1216.75,1188.27,1195.36,68030.999
2025-10-14 08:00:00,1195.35,1208.99,1189.39,1197.53,41295.75
2025-10-14 09:00:00,1197.53,1213.03,1196.58,1199.32,35426.032
2025-10-14 10:00:00,1199.32,1199.59,1164.6,1183.15,104716.168
2025-10-14 11:00:00,1183.16,1197.08,1168.35,1170.35,65287.908
2025-10-14 12:00:00,1170.35,1173.67,1143.01,1149.74,79319.193
2025-10-14 13:00:00,1149.74,1200.0,1146.14,1180.05,133055.155
2025-10-14 14:00:00,1180.05,1199.76,1177.46,1182.07,75723.517
2025-10-14 15:00:00,1182.07,1216.47,1173.38,1213.75,66035.804
2025-10-14 16:00:00,1213.76,1250.65,1207.64,1215.41,124322.919
2025-10-14 17:00:00,1215.4,1225.86,1193.36,1215.66,56187.73
2025-10-14 18:00:00,1215.66,1228.68,1209.09,1214.61,28443.64
2025-10-14 19:00:00,1214.61,1224.96,1191.66,1206.54,40143.821
2025-10-14 20:00:00,1206.55,1219.72,1203.45,1218.13,18448.125
2025-10-14 21:00:00,1218.14,1222.71,1212.87,1217.14,16471.823
2025-10-14 22:00:00,1217.15,1221.16,1206.66,1208.26,39030.93
2025-10-14 23:00:00,1208.26,1220.76,1207.36,1208.52,38854.689
2025-10-15 00:00:00,1208.55,1213.01,1200.0,1209.65,22120.505
2025-10-15 01:00:00,1209.66,1212.0,1199.79,1206.48,18559.844
2025-10-15 02:00:00,1206.48,1222.76,1206.34,1217.28,22001.358
2025-10-15 03:00:00,1217.28,1219.14,1202.6,1206.66,18718.025
2025-10-15 04:00:00,1206.66,1216.36,1203.34,1210.07,14320.165
2025-10-15 05:00:00,1210.08,1214.0,1183.28,1192.53,49287.103
2025-10-15 06:00:00,1192.53,1194.41,1176.14,1190.16,44907.066
2025-10-15 07:00:00,1190.14,1191.54,1181.0,1189.77,24797.003
2025-10-15 08:00:00,1189.76,1215.24,1187.82,1203.01,53735.714
2025-10-15 09:00:00,1203.01,1203.01,1186.6,1188.21,29195.311
2025-10-15 10:00:00,1188.21,1192.25,1180.55,1182.27,22227.211
2025-10-15 11:00:00,1182.26,1187.43,1177.14,1185.02,22751.445
2025-10-15 12:00:00,1185.01,1191.29,1177.94,1178.27,36476.621
2025-10-15 13:00:00,1178.27,1184.68,1165.85,1176.05,50546.927
2025-10-15 14:00:00,1176.05,1187.16,1165.8,1171.35,34816.887
2025-10-15 15:00:00,1171.36,1176.07,1164.5,1168.53,45373.717
2025-10-15 16:00:00,1168.54,1187.88,1158.48,1181.42,55322.8
2025-10-15 17:00:00,1181.42,1181.85,1156.13,1167.2,36399.791
2025-10-15 18:00:00,1167.19,1173.13,1161.77,1171.61,18259.727
2025-10-15 19:00:00,1171.6,1171.77,1162.87,1164.3,7888.888
2025-10-15 20:00:00,1164.3,1170.4,1151.24,1155.73,26256.633
2025-10-15 21:00:00,1155.74,1162.05,1148.92,1153.32,24197.17
2025-10-15 22:00:00,1153.32,1165.41,1151.64,1153.97,17235.932
2025-10-15 23:00:00,1153.96,1165.22,1151.73,1162.57,11931.904
2025-10-16 00:00:00,1162.57,1171.54,1158.69,1171.02,16568.083
2025-10-16 01:00:00,1171.01,1185.62,1169.51,1182.83,26102.005
2025-10-16 02:00:00,1182.84,1195.0,1181.34,1191.67,27860.218
2025-10-16 03:00:00,1191.67,1194.61,1180.5,1183.82,23394.345
2025-10-16 04:00:00,1183.83,1191.09,1173.87,1179.0,23172.434
2025-10-16 05:00:00,1179.0,1189.01,1175.4,1182.71,23321.948
2025-10-16 06:00:00,1182.7,1192.37,1180.69,1188.61,21350.089
2025-10-16 07:00:00,1188.61,1189.14,1178.59,1184.47,20925.95
2025-10-16 08:00:00,1184.48,1189.27,1177.77,1187.18,25511.335
2025-10-16 09:00:00,1187.18,1194.21,1170.11,1179.75,60781.785
2025-10-16 10:00:00,1179.74,1188.49,1176.45,1180.33,35501.994
2025-10-16 11:00:00,1180.32,1182.13,1170.27,1181.67,15117.155
2025-10-16 12:00:00,1181.68,1189.0,1177.27,1186.57,20400.651
2025-10-16 13:00:00,1186.56,1191.27,1180.95,1181.65,21283.258
2025-10-16 14:00:00,1181.65,1184.09,1164.2,1173.29,39970.168
2025-10-16 15:00:00,1173.28,1175.48,1132.36,1135.2,70579.078
2025-10-16 16:00:00,1135.2,1156.53,1122.31,1154.91,94481.432
2025-10-16 17:00:00,1154.91,1156.44,1145.31,1150.14,29541.243
2025-10-16 18:00:00,1150.14,1151.92,1136.53,1151.3,32980.019
2025-10-16 19:00:00,1151.31,1154.0,1134.37,1145.3,26544.945
2025-10-16 20:00:00,1145.31,1151.67,1141.29,1145.36,20091.602
2025-10-16 21:00:00,1145.36,1164.09,1145.32,1163.01,14296.529
2025-10-16 22:00:00,1163.01,1164.62,1152.28,1152.49,10181.766
2025-10-16 23:00:00,1152.49,1157.39,1142.09,1144.83,16868.465
2025-10-17 00:00:00,1144.83,1153.42,1142.96,1149.9,14206.713
2025-10-17 01:00:00,1149.9,1156.3,1143.37,1146.51,16025.27
2025-10-17 02:00:00,1146.51,1149.86,1137.42,1147.35,14777.785
2025-10-17 03:00:00,1147.36,1151.91,1146.28,1150.54,15181.161
2025-10-17 04:00:00,1150.54,1154.09,1143.72,1144.02,9174.962
2025-10-17 05:00:00,1144.03,1146.72,1126.44,1128.96,21388.035
2025-10-17 06:00:00,1128.96,1133.58,1093.33,1095.3,94154.872
2025-10-17 07:00:00,1095.34,1099.41,1059.53,1062.67,122838.617
2025-10-17 08:00:00,1062.68,1063.37,1021.0,1043.41,202562.446
2025-10-17 09:00:00,1043.41,1061.08,1038.31,1038.97,68152.172
2025-10-17 10:00:00,1038.96,1046.31,1027.38,1043.66,57660.998
2025-10-17 11:00:00,1043.66,1080.0,1041.25,1072.28,84061.169
2025-10-17 12:00:00,1072.28,1075.77,1060.08,1064.15,37170.895
2025-10-17 13:00:00,1064.16,1077.31,1056.74,1069.53,53452.947
2025-10-17 14:00:00,1069.52,1070.8,1046.99,1055.99,49363.04
2025-10-17 15:00:00,1055.99,1074.26,1050.85,1074.01,38919.295
2025-10-17 16:00:00,1074.01,1093.0,1067.6,1071.56,63594.539
2025-10-17 17:00:00,1071.56,1076.8,1066.06,1075.83,23284.572
2025-10-17 18:00:00,1075.81,1081.21,1070.59,1072.3,19712.452
2025-10-17 19:00:00,1072.3,1075.6,1063.21,1066.84,11778.453
2025-10-17 20:00:00,1066.85,1079.11,1064.56,1078.08,9199.468
2025-10-17 21:00:00,1078.07,1089.59,1076.71,1088.26,14484.262
2025-10-17 22:00:00,1088.27,1090.36,1075.84,1076.82,12100.452
2025-10-17 23:00:00,1076.83,1078.0,1070.29,1071.15,12977.196
2025-10-18 00:00:00,1071.15,1082.56,1069.41,1078.92,16717.438
2025-10-18 01:00:00,1078.93,1090.05,1078.93,1087.14,18124.45
2025-10-18 02:00:00,1087.14,1094.8,1082.56,1084.42,18305.619
2025-10-18 03:00:00,1084.42,1092.78,1084.28,1090.19,11841.375
2025-10-18 04:00:00,1090.18,1090.18,1082.25,1082.82,10539.481
2025-10-18 05:00:00,1082.82,1088.17,1080.08,1087.79,11745.617
2025-10-18 06:00:00,1087.79,1110.07,1087.78,1107.84,31333.73
2025-10-18 07:00:00,1107.85,1131.05,1107.73,1119.34,67026.795
2025-10-18 08:00:00,1119.33,1125.5,1107.42,1107.88,29271.228
2025-10-18 09:00:00,1107.89,1113.1,1103.17,1109.08,21024.481
2025-10-18 10:00:00,1109.08,1115.21,1101.39,1104.12,20163.016
2025-10-18 11:00:00,1104.11,1106.22,1096.48,1103.58,19737.446
2025-10-18 12:00:00,1103.59,1105.8,1096.55,1100.96,13141.93
2025-10-18 13:00:00,1100.95,1101.03,1085.48,1086.77,21318.302
2025-10-18 14:00:00,1086.76,1096.96,1082.7,1093.4,18044.643
2025-10-18 15:00:00,1093.4,1095.7,1086.99,1091.24,11247.759
2025-10-18 16:00:00,1091.24,1094.69,1081.67,1089.59,13590.226
2025-10-18 17:00:00,1089.58,1097.77,1086.92,1096.6,12555.617
2025-10-18 18:00:00,1096.61,1098.95,1093.45,1098.86,5822.399
2025-10-18 19:00:00,1098.86,1103.84,1095.32,1103.09,9070.782
2025-10-18 20:00:00,1103.08,1105.38,1097.93,1099.23,7731.357
2025-10-18 21:00:00,1099.23,1101.35,1083.8,1093.61,21344.523
2025-10-18 22:00:00,1093.6,1097.84,1090.94,1092.75,6531.144
2025-10-18 23:00:00,1092.74,1094.36,1089.98,1092.43,3767.159
2025-10-19 00:00:00,1092.42,1094.18,1077.0,1081.47,13379.344
2025-10-19 01:00:00,1081.47,1085.38,1077.2,1083.3,7930.521
2025-10-19 02:00:00,1083.3,1084.72,1080.7,1084.46,5102.454
2025-10-19 03:00:00,1084.46,1094.16,1083.01,1091.71,9500.425
2025-10-19 04:00:00,1091.72,1092.02,1086.15,1090.91,7288.851
2025-10-19 05:00:00,1090.91,1097.5,1087.72,1090.51,11625.391
2025-10-19 06:00:00,1090.51,1093.02,1083.11,1085.59,9638.649
2025-10-19 07:00:00,1085.6,1089.48,1081.92,1084.38,9216.801
2025-10-19 08:00:00,1084.39,1093.45,1073.92,1076.46,26807.91
2025-10-19 09:00:00,1076.46,1097.05,1068.04,1091.86,50098.346
2025-10-19 10:00:00,1091.85,1104.46,1086.59,1100.83,31106.774
2025-10-19 11:00:00,1100.83,1110.0,1096.99,1100.55,26755.631
2025-10-19 12:00:00,1100.55,1103.36,1092.97,1097.42,14074.818
2025-10-19 13:00:00,1097.37,1116.12,1091.27,1112.86,26158.824
2025-10-19 14:00:00,1112.86,1121.94,1104.4,1120.25,47682.725
2025-10-19 15:00:00,1120.23,1122.98,1115.23,1118.94,25939.466
2025-10-19 16:00:00,1118.94,1128.79,1117.72,1122.6,15833.837
2025-10-19 17:00:00,1122.61,1133.76,1120.06,1121.88,23927.034
2025-10-19 18:00:00,1121.88,1127.01,1120.07,1123.07,8939.427
2025-10-19 19:00:00,1123.07,1123.79,1115.43,1117.11,9443.497
2025-10-19 20:00:00,1117.11,1120.23,1115.87,1119.9,4781.47
2025-10-19 21:00:00,1119.89,1120.76,1113.0,1115.98,7175.226
2025-10-19 22:00:00,1115.99,1121.82,1115.99,1119.05,7234.446
2025-10-19 23:00:00,1119.05,1119.09,1107.6,1109.88,10345.705
2025-10-20 00:00:00,1109.88,1109.88,1088.19,1101.41,28938.241
2025-10-20 01:00:00,1101.41,1105.19,1098.15,1104.1,12988.054
2025-10-20 02:00:00,1104.1,1111.82,1096.65,1109.82,18568.436
2025-10-20 03:00:00,1109.82,1130.27,1106.77,1128.17,24929.063
2025-10-20 04:00:00,1128.17,1131.77,1123.15,1127.31,18561.756
2025-10-20 05:00:00,1127.32,1134.2,1123.02,1132.88,16699.888
2025-10-20 06:00:00,1132.88,1143.2,1131.45,1132.96,31405.63
2025-10-20 07:00:00,1132.97,1134.75,1121.27,1125.08,29161.259
2025-10-20 08:00:00,1125.07,1129.88,1119.59,1122.18,20311.527
2025-10-20 09:00:00,1122.18,1123.11,1116.63,1122.53,22070.827
2025-10-20 10:00:00,1122.53,1128.67,1113.36,1114.67,24344.748
2025-10-20 11:00:00,1114.67,1116.78,1109.84,1115.44,17377.638
2025-10-20 12:00:00,1115.45,1117.03,1111.6,1114.5,16022.882
2025-10-20 13:00:00,1114.51,1115.58,1106.79,1111.09,20588.77
2025-10-20 14:00:00,1111.1,1112.16,1099.49,1106.26,33783.424
2025-10-20 15:00:00,1106.25,1117.0,1105.49,1110.6,24151.688
2025-10-20 16:00:00,1110.61,1110.61,1089.02,1094.15,55258.952
2025-10-20 17:00:00,1094.14,1100.52,1088.33,1094.71,16790.971
2025-10-20 18:00:00,1094.72,1099.64,1093.15,1098.51,12032.253
2025-10-20 19:00:00,1098.5,1103.56,1094.53,1100.91,10371.13
2025-10-20 20:00:00,1100.91,1102.98,1098.2,1101.88,5543.606
2025-10-20 21:00:00,1101.89,1104.28,1093.87,1095.29,8503.419
2025-10-20 22:00:00,1095.29,1101.89,1092.56,1100.16,6804.407
2025-10-20 23:00:00,1100.16,1102.68,1096.7,1100.19,6102.486
2025-10-21 00:00:00,1100.2,1102.16,1096.56,1098.75,6492.918
2025-10-21 01:00:00,1098.75,1099.6,1088.88,1091.72,10946.586
2025-10-21 02:00:00,1091.72,1091.95,1077.0,1080.31,30303.615
2025-10-21 03:00:00,1080.31,1086.55,1079.52,1081.63,10851.952
2025-10-21 04:00:00,1081.62,1081.99,1062.0,1063.04,40596.11
2025-10-21 05:00:00,1063.05,1071.18,1062.0,1068.99,18514.309
2025-10-21 06:00:00,1068.99,1075.11,1067.49,1073.35,12958.143
2025-10-21 07:00:00,1073.35,1075.3,1066.06,1072.25,19060.715
2025-10-21 08:00:00,1072.24,1072.93,1065.63,1069.53,13728.488
2025-10-21 09:00:00,1069.53,1069.54,1065.61,1069.0,17255.399
2025-10-21 10:00:00,1069.0,1077.91,1066.01,1075.37,13329.388
2025-10-21 11:00:00,1075.37,1079.68,1072.97,1076.54,11027.719
2025-10-21 12:00:00,1076.54,1084.31,1075.64,1076.99,19658.3
2025-10-21 13:00:00,1076.98,1079.44,1068.39,1071.63,19840.498
2025-10-21 14:00:00,1071.63,1101.91,1071.24,1100.89,48545.861
2025-10-21 15:00:00,1100.89,1114.53,1092.42,1111.97,60056.503
2025-10-21 16:00:00,1111.96,1113.27,1089.05,1091.24,59220.87
2025-10-21 17:00:00,1091.25,1096.85,1080.27,1091.04,41687.12
2025-10-21 18:00:00,1091.03,1093.93,1085.87,1092.47,12227.157
2025-10-21 19:00:00,1092.47,1095.84,1089.48,1089.64,7603.042
2025-10-21 20:00:00,1089.65,1091.0,1078.4,1081.55,13451.783
2025-10-21 21:00:00,1081.56,1084.2,1071.11,1080.74,11726.296
2025-10-21 22:00:00,1080.74,1081.74,1062.5,1065.9,17657.295
2025-10-21 23:00:00,1065.9,1071.08,1052.46,1057.16,24784.434
2025-10-22 00:00:00,1057.16,1063.43,1053.57,1059.23,17106.911
2025-10-22 01:00:00,1059.23,1068.83,1059.05,1067.53,11639.191
2025-10-22 02:00:00,1067.53,1071.0,1066.53,1070.16,9299.062
2025-10-22 03:00:00,1070.16,1071.01,1065.34,1067.99,23254.704
2025-10-22 04:00:00,1067.99,1074.79,1067.71,1073.8,7792.087
2025-10-22 05:00:00,1073.8,1073.8,1061.5,1068.47,12539.231
2025-10-22 06:00:00,1068.47,1072.29,1066.38,1070.33,7356.44
2025-10-22 07:00:00,1070.34,1071.99,1065.04,1071.14,14232.687
2025-10-22 08:00:00,1071.13,1071.13,1066.54,1069.87,6467.935
2025-10-22 09:00:00,1069.88,1070.84,1059.52,1062.13,14015.001
2025-10-22 10:00:00,1062.13,1065.04,1058.85,1063.5,9474.844
2025-10-22 11:00:00,1063.5,1075.15,1059.25,1069.46,33201.511
2025-10-22 12:00:00,1069.46,1079.28,1065.61,1076.56,21881.986
2025-10-22 13:00:00,1076.56,1083.8,1073.2,1082.81,34024.479
2025-10-22 14:00:00,1082.8,1083.04,1065.64,1080.88,45916.1
2025-10-22 15:00:00,1080.88,1082.85,1072.36,1080.99,25205.163
2025-10-22 16:00:00,1080.99,1081.69,1071.7,1075.38,18878.763
2025-10-22 17:00:00,1075.38,1076.89,1065.45,1067.39,11222.595
2025-10-22 18:00:00,1067.38,1070.91,1063.42,1067.36,10637.555
2025-10-22 19:00:00,1067.35,1073.68,1065.27,1069.95,8841.552
2025-10-22 20:00:00,1069.96,1070.96,1063.48,1065.47,10833.783
2025-10-22 21:00:00,1065.47,1066.13,1053.25,1058.86,21938.908
2025-10-22 22:00:00,1058.85,1064.68,1058.25,1060.01,10316.282
2025-10-22 23:00:00,1060.0,1073.72,1059.78,1071.82,11172.292
2025-10-23 00:00:00,1071.83,1081.49,1071.83,1080.06,13965.502
2025-10-23 01:00:00,1080.06,1085.49,1079.27,1083.83,14934.979
2025-10-23 02:00:00,1083.83,1085.0,1079.56,1085.0,9310.878
2025-10-23 03:00:00,1085.0,1091.56,1084.73,1087.01,11360.288
2025-10-23 04:00:00,1087.02,1089.96,1083.75,1083.86,11435.124
2025-10-23 05:00:00,1083.85,1096.96,1083.17,1096.91,13457.294
2025-10-23 06:00:00,1096.91,1110.44,1095.6,1110.2,39178.357
2025-10-23 07:00:00,1110.2,1112.12,1102.03,1109.98,35059.99
2025-10-23 08:00:00,1109.97,1123.32,1109.2,1115.36,47311.851
2025-10-23 09:00:00,1115.36,1116.95,1098.64,1099.33,41853.867
2025-10-23 10:00:00,1099.33,1104.71,1094.77,1097.77,53850.416
2025-10-23 11:00:00,1097.77,1099.48,1092.93,1094.55,13273.796
2025-10-23 12:00:00,1094.55,1094.58,1088.16,1093.19,18152.552
2025-10-23 13:00:00,1093.19,1096.79,1087.86,1091.06,25048.068
2025-10-23 14:00:00,1091.07,1091.56,1076.54,1085.63,26215.278
2025-10-23 15:00:00,1085.64,1161.9,1083.68,1129.95,243066.137
2025-10-23 16:00:00,1129.95,1140.5,1124.4,1135.94,37674.279
2025-10-23 17:00:00,1135.94,1136.63,1123.39,1132.4,30479.531
2025-10-23 18:00:00,1132.4,1132.67,1108.0,1112.0,27299.633
2025-10-23 19:00:00,1112.0,1119.24,1107.37,1117.8,11570.48
2025-10-23 20:00:00,1117.81,1118.28,1111.04,1113.73,11114.669
2025-10-23 21:00:00,1113.73,1119.99,1111.95,1116.65,8638.875
2025-10-23 22:00:00,1116.64,1120.2,1113.15,1118.35,8833.924
2025-10-23 23:00:00,1118.29,1131.02,1117.31,1126.72,21860.95
2025-10-24 00:00:00,1126.71,1139.03,1126.55,1136.53,16992.679
2025-10-24 01:00:00,1136.54,1140.94,1126.88,1131.65,17247.712
2025-10-24 02:00:00,1131.65,1137.36,1127.78,1135.48,11380.386
2025-10-24 03:00:00,1135.49,1140.17,1130.64,1135.59,15089.673
2025-10-24 04:00:00,1135.58,1144.17,1133.63,1140.24,21566.815
2025-10-24 05:00:00,1140.23,1141.82,1136.58,1140.19,13367.556
2025-10-24 06:00:00,1140.19,1140.6,1133.77,1137.92,10812.676
2025-10-24 07:00:00,1137.93,1139.78,1121.8,1125.25,22869.575
2025-10-24 08:00:00,1125.24,1130.32,1121.04,1128.06,13845.683
2025-10-24 09:00:00,1128.06,1135.85,1126.65,1130.2,18750.878
2025-10-24 10:00:00,1130.19,1130.58,1123.94,1126.72,13569.955
2025-10-24 11:00:00,1126.71,1126.8,1120.27,1125.37,11219.799
2025-10-24 12:00:00,1125.37,1137.78,1123.03,1127.55,24362.052
2025-10-24 13:00:00,1127.56,1130.16,1115.63,1121.57,19664.463
2025-10-24 14:00:00,1121.57,1121.57,1103.93,1108.34,26995.311
2025-10-24 15:00:00,1108.34,1113.52,1103.04,1104.42,18337.46
2025-10-24 16:00:00,1104.41,1104.91,1097.39,1101.31,15715.958
2025-10-24 17:00:00,1101.3,1107.67,1101.05,1103.47,10805.819
2025-10-24 18:00:00,1103.47,1109.56,1102.89,1108.24,5780.025
2025-10-24 19:00:00,1108.24,1114.4,1108.23,1109.86,11157.741
2025-10-24 20:00:00,1109.86,1113.75,1108.32,1110.81,7613.326
2025-10-24 21:00:00,1110.81,1112.43,1109.3,1110.72,4327.13
2025-10-24 22:00:00,1110.71,1112.47,1108.15,1109.41,7809.172
2025-10-24 23:00:00,1109.4,1109.46,1106.76,1109.01,3430.798
2025-10-25 00:00:00,1109.0,1109.5,1100.96,1102.85,8945.127
2025-10-25 01:00:00,1102.86,1110.72,1101.5,1110.0,5935.732
2025-10-25 02:00:00,1110.0,1113.36,1107.2,1111.7,6074.781
2025-10-25 03:00:00,1111.71,1119.34,1110.71,1117.17,13706.636
2025-10-25 04:00:00,1117.17,1119.15,1112.22,1112.5,8915.591
2025-10-25 05:00:00,1112.5,1118.08,1111.63,1117.87,5695.144
2025-10-25 06:00:00,1117.87,1118.75,1113.48,1114.45,7363.563
2025-10-25 07:00:00,1114.44,1118.0,1110.69,1112.72,9084.552
2025-10-25 08:00:00,1112.71,1117.85,1112.21,1117.68,5391.214
2025-10-25 09:00:00,1117.68,1118.23,1112.26,1113.48,6676.243
2025-10-25 10:00:00,1113.48,1115.87,1110.0,1115.67,6474.435
2025-10-25 11:00:00,1115.67,1117.89,1113.79,1115.76,6533.25
2025-10-25 12:00:00,1115.76,1118.0,1114.22,1117.13,5716.506
2025-10-25 13:00:00,1117.13,1117.52,1111.34,1113.5,7368.526
2025-10-25 14:00:00,1113.5,1114.11,1111.36,1113.54,6537.214
2025-10-25 15:00:00,1113.53,1113.54,1105.0,1108.61,14571.212
2025-10-25 16:00:00,1108.61,1112.36,1107.68,1112.04,5342.351
2025-10-25 17:00:00,1112.03,1115.0,1110.61,1111.61,3731.008
2025-10-25 18:00:00,1111.61,1115.51,1110.0,1114.51,3689.263
2025-10-25 19:00:00,1114.51,1117.05,1113.51,1116.33,4455.348
2025-10-25 20:00:00,1116.34,1116.87,1112.87,1113.43,2906.397
2025-10-25 21:00:00,1113.43,1116.71,1113.17,1116.71,2551.184
2025-10-25 22:00:00,1116.71,1120.89,1115.13,1119.77,11526.523
2025-10-25 23:00:00,1119.77,1120.13,1115.46,1116.53,3524.783
2025-10-26 00:00:00,1116.53,1121.73,1114.48,1117.32,8494.222
2025-10-26 01:00:00,1117.33,1124.37,1117.24,1119.57,10492.414
2025-10-26 02:00:00,1119.57,1123.79,1117.47,1121.58,10256.819
2025-10-26 03:00:00,1121.59,1122.35,1115.28,1116.98,6789.054
2025-10-26 04:00:00,1116.98,1119.64,1116.61,1118.18,4449.254
2025-10-26 05:00:00,1118.18,1121.77,1116.02,1120.33,4847.11
2025-10-26 06:00:00,1120.32,1122.0,1119.28,1120.87,4004.297
2025-10-26 07:00:00,1120.88,1122.24,1119.3,1120.39,4754.874
2025-10-26 08:00:00,1120.39,1125.04,1120.39,1122.57,8734.507
2025-10-26 09:00:00,1122.57,1133.0,1121.04,1125.21,20668.998
2025-10-26 10:00:00,1125.21,1125.54,1120.38,1125.43,7690.401
2025-10-26 11:00:00,1125.42,1136.36,1123.31,1135.28,19619.052
2025-10-26 12:00:00,1135.39,1139.2,1131.75,1138.19,16040.351
2025-10-26 13:00:00,1138.2,1139.25,1133.03,1135.46,14348.12
2025-10-26 14:00:00,1135.47,1136.72,1126.77,1127.93,19823.488
2025-10-26 15:00:00,1127.93,1134.0,1126.77,1133.43,9662.921
2025-10-26 16:00:00,1133.42,1133.8,1124.67,1125.18,10030.204
2025-10-26 17:00:00,1125.18,1128.0,1123.18,1126.95,6157.441
2025-10-26 18:00:00,1126.95,1130.8,1125.32,1129.59,5708.101
2025-10-26 19:00:00,1129.59,1129.59,1124.54,1126.58,4759.058
2025-10-26 20:00:00,1126.58,1126.96,1123.05,1124.5,3374.483
2025-10-26 21:00:00,1124.5,1132.02,1124.0,1131.27,4544.375
2025-10-26 22:00:00,1131.28,1142.9,1131.28,1140.76,23933.726
2025-10-26 23:00:00,1140.77,1143.35,1136.68,1138.19,11756.275
2025-10-27 00:00:00,1138.19,1146.0,1137.28,1139.08,17218.755
2025-10-27 01:00:00,1139.08,1153.1,1136.96,1150.69,22237.492
2025-10-27 02:00:00,1150.69,1164.54,1148.51,1154.51,31749.904
2025-10-27 03:00:00,1154.52,1158.81,1150.42,1151.18,13740.205
2025-10-27 04:00:00,1151.18,1152.34,1135.76,1144.08,34527.251
2025-10-27 05:00:00,1144.08,1154.72,1142.38,1149.64,18585.035
2025-10-27 06:00:00,1149.64,1153.0,1145.34,1152.99,19360.993
2025-10-27 07:00:00,1152.99,1161.0,1151.41,1156.48,25689.535
2025-10-27 08:00:00,1156.49,1158.36,1149.0,1152.4,25408.716
2025-10-27 09:00:00,1152.38,1158.5,1147.32,1156.3,22731.062
2025-10-27 10:00:00,1156.3,1156.73,1150.03,1155.89,11951.052
2025-10-27 11:00:00,1155.89,1179.98,1153.0,1179.7,40792.299
2025-10-27 12:00:00,1179.69,1182.6,1164.81,1166.81,29150.737
2025-10-27 13:00:00,1166.81,1174.71,1140.56,1152.47,41041.358
2025-10-27 14:00:00,1152.47,1155.66,1131.44,1134.91,33465.227
2025-10-27 15:00:00,1134.92,1145.24,1134.77,1143.86,17429.83
2025-10-27 16:00:00,1143.85,1151.58,1143.78,1147.0,18625.37
2025-10-27 17:00:00,1147.0,1151.37,1146.0,1150.67,10529.459
2025-10-27 18:00:00,1150.66,1153.88,1145.11,1147.37,11999.803
2025-10-27 19:00:00,1147.36,1149.36,1142.1,1145.17,7801.141
2025-10-27 20:00:00,1145.18,1147.15,1141.34,1142.91,7563.454
2025-10-27 21:00:00,1142.91,1147.41,1135.36,1140.85,13896.929
2025-10-27 22:00:00,1140.86,1144.71,1135.61,1136.47,6790.956
2025-10-27 23:00:00,1136.47,1141.99,1132.85,1138.88,12181.132
2025-10-28 00:00:00,1138.88,1142.81,1136.23,1139.43,8617.188
2025-10-28 01:00:00,1139.44,1147.57,1139.44,1145.71,6755.952
2025-10-28 02:00:00,1145.72,1146.65,1131.5,1134.32,11692.816
2025-10-28 03:00:00,1134.32,1139.01,1132.3,1138.51,10867.76
2025-10-28 04:00:00,1138.52,1143.73,1135.14,1141.72,5336.56
2025-10-28 05:00:00,1141.73,1142.42,1121.14,1122.33,26326.903
2025-10-28 06:00:00,1122.33,1131.49,1122.33,1131.04,11346.601
2025-10-28 07:00:00,1131.05,1135.25,1130.07,1132.46,9006.759
2025-10-28 08:00:00,1132.46,1137.83,1130.1,1134.99,7378.649
2025-10-28 09:00:00,1134.99,1136.97,1131.37,1136.1,7373.271
2025-10-28 10:00:00,1136.09,1139.0,1133.17,1136.44,6637.867
2025-10-28 11:00:00,1136.44,1137.87,1131.57,1132.16,8563.331
2025-10-28 12:00:00,1132.16,1141.66,1132.14,1140.41,9142.986
2025-10-28 13:00:00,1140.41,1147.19,1140.41,1144.46,15684.423
2025-10-28 14:00:00,1144.46,1146.43,1127.0,1136.95,33179.97
2025-10-28 15:00:00,1136.95,1140.56,1131.28,1135.62,11237.492
2025-10-28 16:00:00,1135.62,1146.63,1134.75,1144.22,12499.094
2025-10-28 17:00:00,1144.21,1148.94,1143.04,1147.4,10071.631
2025-10-28 18:00:00,1147.39,1147.39,1140.02,1144.37,6366.661
2025-10-28 19:00:00,1144.37,1145.13,1126.61,1128.92,14068.508
2025-10-28 20:00:00,1128.92,1129.3,1074.0,1091.34,76963.616
2025-10-28 21:00:00,1091.35,1103.59,1083.8,1101.41,23287.943
2025-10-28 22:00:00,1101.41,1106.97,1095.37,1106.62,11417.734
2025-10-28 23:00:00,1106.61,1107.2,1100.0,1103.45,7755.455
2025-10-29 00:00:00,1103.45,1108.41,1100.76,1101.34,12587.7
2025-10-29 01:00:00,1101.34,1108.54,1098.33,1104.67,10910.688
2025-10-29 02:00:00,1104.66,1107.39,1102.16,1106.23,7456.135
2025-10-29 03:00:00,1106.24,1106.29,1101.66,1104.61,6516.542
2025-10-29 04:00:00,1104.6,1110.56,1103.92,1110.01,8026.861
2025-10-29 05:00:00,1110.0,1113.81,1109.03,1110.74,9809.516
2025-10-29 06:00:00,1110.74,1121.35,1108.33,1121.01,21288.737
2025-10-29 07:00:00,1121.01,1121.01,1113.0,1117.28,22037.362
2025-10-29 08:00:00,1117.29,1120.16,1112.53,1115.18,27784.379
2025-10-29 09:00:00,1115.17,1116.99,1112.18,1116.14,30468.695
2025-10-29 10:00:00,1116.13,1119.31,1110.68,1111.86,49761.641
2025-10-29 11:00:00,1111.86,1116.65,1111.16,1113.66,27876.427
2025-10-29 12:00:00,1113.67,1115.55,1110.95,1113.72,15409.907
2025-10-29 13:00:00,1113.73,1118.8,1108.75,1110.8,20004.091
2025-10-29 14:00:00,1110.79,1111.6,1102.69,1108.09,14739.519
2025-10-29 15:00:00,1108.09,1109.5,1096.0,1099.23,21301.337
2025-10-29 16:00:00,1099.24,1103.0,1093.77,1100.12,18016.151
2025-10-29 17:00:00,1100.12,1110.8,1099.85,1110.52,12300.113
2025-10-29 18:00:00,1110.55,1114.16,1082.59,1107.21,67894.228
2025-10-29 19:00:00,1107.22,1113.52,1102.09,1107.24,18579.989
2025-10-29 20:00:00,1107.24,1118.23,1105.64,1117.53,13222.273
2025-10-29 21:00:00,1117.52,1119.42,1114.62,1116.29,6240.486
2025-10-29 22:00:00,1116.28,1116.75,1112.51,1114.25,7134.063
2025-10-29 23:00:00,1114.24,1114.85,1103.4,1107.7,10346.656
2025-10-30 00:00:00,1107.7,1117.44,1104.47,1117.35,19097.237
2025-10-30 01:00:00,1117.35,1120.15,1114.14,1114.49,14890.96
2025-10-30 02:00:00,1114.49,1118.51,1112.63,1118.38,7367.911
2025-10-30 03:00:00,1118.38,1119.38,1116.31,1118.97,6481.336
2025-10-30 04:00:00,1118.97,1118.97,1090.0,1101.84,53753.725
2025-10-30 05:00:00,1101.84,1115.0,1100.34,1112.71,16274.47
2025-10-30 06:00:00,1112.7,1115.99,1108.88,1113.18,10152.051
2025-10-30 07:00:00,1113.19,1118.63,1112.29,1118.24,11551.158
2025-10-30 08:00:00,1118.25,1118.45,1112.64,1113.19,7947.714
2025-10-30 09:00:00,1113.18,1114.31,1107.81,1109.82,11610.478
2025-10-30 10:00:00,1109.82,1129.55,1108.36,1121.49,40307.407
2025-10-30 11:00:00,1121.5,1122.22,1111.06,1111.56,17126.16
2025-10-30 12:00:00,1111.56,1114.19,1093.57,1098.8,29692.582
2025-10-30 13:00:00,1098.8,1104.71,1080.0,1080.61,41233.522
2025-10-30 14:00:00,1080.6,1090.58,1080.29,1088.93,29176.771
2025-10-30 15:00:00,1088.92,1089.77,1075.4,1077.13,24669.118
2025-10-30 16:00:00,1077.13,1084.25,1071.35,1081.86,19066.583
2025-10-30 17:00:00,1081.86,1082.09,1062.56,1071.15,27505.766
2025-10-30 18:00:00,1071.16,1072.02,1063.91,1066.12,9189.081
2025-10-30 19:00:00,1066.13,1068.03,1058.8,1061.76,19571.956
2025-10-30 20:00:00,1061.76,1065.29,1043.48,1065.2,57032.26
2025-10-30 21:00:00,1065.19,1070.85,1061.81,1070.66,11019.609
2025-10-30 22:00:00,1070.66,1071.24,1064.8,1069.88,9201.924
2025-10-30 23:00:00,1069.89,1079.56,1065.38,1079.05,14371.878
2025-10-31 00:00:00,1079.06,1084.81,1074.83,1081.8,16819.629
2025-10-31 01:00:00,1081.8,1089.11,1081.1,1085.49,18199.291
2025-10-31 02:00:00,1085.5,1086.83,1075.08,1078.3,15317.74
2025-10-31 03:00:00,1078.3,1086.49,1077.07,1086.2,9349.038
2025-10-31 04:00:00,1086.2,1100.0,1085.44,1098.85,21173.522
2025-10-31 05:00:00,1098.85,1098.85,1092.66,1095.87,13606.787
2025-10-31 06:00:00,1095.87,1103.4,1091.56,1096.07,28051.295
2025-10-31 07:00:00,1096.08,1099.31,1092.68,1099.03,18645.564
2025-10-31 08:00:00,1099.04,1104.93,1098.0,1104.31,34770.468
2025-10-31 09:00:00,1104.3,1104.92,1088.5,1090.65,59319.668
2025-10-31 10:00:00,1090.65,1093.8,1085.67,1086.04,49141.299
2025-10-31 11:00:00,1086.04,1091.56,1077.82,1088.19,103767.932
2025-10-31 12:00:00,1088.19,1092.41,1078.09,1078.77,31742.379
2025-10-31 13:00:00,1078.77,1084.63,1077.19,1083.05,17386.536
2025-10-31 14:00:00,1083.06,1088.49,1078.18,1087.42,19159.543
2025-10-31 15:00:00,1087.42,1090.23,1082.16,1084.53,14762.346
2025-10-31 16:00:00,1084.52,1086.43,1072.23,1074.07,15223.821
2025-10-31 17:00:00,1074.06,1080.29,1071.43,1078.76,12887.394
2025-10-31 18:00:00,1078.76,1083.03,1075.3,1081.85,7902.285
2025-10-31 19:00:00,1081.85,1092.23,1079.24,1090.0,11278.216
2025-10-31 20:00:00,1090.0,1090.09,1085.0,1086.06,6890.639
2025-10-31 21:00:00,1086.05,1088.26,1084.01,1087.43,4173.522
2025-10-31 22:00:00,1087.43,1089.66,1086.45,1088.81,3345.41
2025-10-31 23:00:00,1088.8,1091.0,1088.0,1088.9,4755.322
2025-11-01 00:00:00,1088.9,1093.31,1086.25,1093.14,16961.88
2025-11-01 01:00:00,1093.14,1095.0,1085.52,1085.68,19857.521
2025-11-01 02:00:00,1085.68,1086.0,1082.02,1085.71,7544.26
2025-11-01 03:00:00,1085.71,1091.16,1085.7,1090.0,8042.695
2025-11-01 04:00:00,1089.99,1091.37,1088.31,1090.01,5523.803
2025-11-01 05:00:00,1090.0,1090.47,1085.48,1086.4,5125.503
2025-11-01 06:00:00,1086.4,1086.95,1084.28,1085.95,5597.65
2025-11-01 07:00:00,1085.95,1088.92,1085.06,1086.46,5357.832
2025-11-01 08:00:00,1086.47,1088.66,1085.58,1088.41,5341.869
2025-11-01 09:00:00,1088.41,1089.52,1085.52,1088.06,6888.656
2025-11-01 10:00:00,1088.07,1089.29,1086.92,1087.89,3571.302
2025-11-01 11:00:00,1087.88,1089.23,1087.56,1089.11,3349.22
2025-11-01 12:00:00,1089.11,1091.58,1089.02,1089.65,7827.759
2025-11-01 13:00:00,1089.65,1089.99,1082.5,1085.0,9423.657
2025-11-01 14:00:00,1085.0,1086.44,1081.8,1085.08,5990.154
2025-11-01 15:00:00,1085.07,1096.42,1084.77,1092.6,18130.736
2025-11-01 16:00:00,1092.6,1094.96,1090.52,1093.59,6023.779
2025-11-01 17:00:00,1093.58,1096.7,1092.18,1092.78,6115.004
2025-11-01 18:00:00,1092.78,1094.7,1092.36,1094.22,2294.15
2025-11-01 19:00:00,1094.22,1094.62,1092.49,1094.52,2518.82
2025-11-01 20:00:00,1094.51,1096.93,1093.81,1095.76,3763.36
2025-11-01 21:00:00,1095.75,1096.43,1090.37,1090.77,3344.618
2025-11-01 22:00:00,1090.77,1094.57,1090.22,1094.38,2379.296
2025-11-01 23:00:00,1094.39,1095.9,1093.79,1094.53,2520.024
2025-11-02 00:00:00,1094.54,1094.76,1091.1,1092.17,3683.033
2025-11-02 01:00:00,1092.17,1093.86,1090.88,1091.8,4835.923
2025-11-02 02:00:00,1091.79,1091.79,1087.7,1090.45,5412.998
2025-11-02 03:00:00,1090.44,1090.84,1088.5,1089.61,3321.798
2025-11-02 04:00:00,1089.62,1094.87,1088.38,1094.48,4898.088
2025-11-02 05:00:00,1094.49,1094.49,1090.26,1091.32,3787.434
2025-11-02 06:00:00,1091.31,1092.6,1088.51,1091.71,5433.401
2025-11-02 07:00:00,1091.72,1094.92,1090.91,1093.8,4728.489
2025-11-02 08:00:00,1093.8,1094.73,1091.56,1092.0,3687.338
2025-11-02 09:00:00,1091.99,1093.62,1086.66,1087.84,6058.811
2025-11-02 10:00:00,1087.84,1088.14,1080.79,1084.15,10686.895
2025-11-02 11:00:00,1084.15,1088.15,1083.84,1087.91,5700.346
2025-11-02 12:00:00,1087.91,1087.91,1084.45,1085.53,3706.069
2025-11-02 13:00:00,1085.54,1085.8,1081.63,1083.06,3291.058
2025-11-02 14:00:00,1083.06,1085.23,1080.22,1082.23,10288.507
2025-11-02 15:00:00,1082.23,1084.9,1077.82,1080.4,12340.255
2025-11-02 16:00:00,1080.41,1080.41,1071.74,1079.58,15419.191
2025-11-02 17:00:00,1079.58,1080.29,1077.42,1078.74,4823.69
2025-11-02 18:00:00,1078.74,1080.32,1077.55,1078.81,3740.862
2025-11-02 19:00:00,1078.81,1079.18,1075.01,1078.65,3338.539
2025-11-02 20:00:00,1078.64,1081.04,1077.73,1080.67,1940.62
2025-11-02 21:00:00,1080.68,1081.84,1079.54,1080.97,1701.89
2025-11-02 22:00:00,1080.97,1081.24,1076.61,1079.32,3408.16
2025-11-02 23:00:00,1079.35,1085.6,1079.35,1083.25,6169.153
2025-11-03 00:00:00,1083.25,1087.24,1077.25,1077.58,7111.363
2025-11-03 01:00:00,1077.57,1078.38,1070.54,1072.17,12253.779
2025-11-03 02:00:00,1072.16,1072.68,1054.14,1060.6,30282.928
2025-11-03 03:00:00,1060.6,1065.18,1041.14,1043.7,38958.485
2025-11-03 04:00:00,1043.7,1045.0,1032.45,1043.64,33573.545
2025-11-03 05:00:00,1043.63,1049.4,1036.88,1037.72,20585.299
2025-11-03 06:00:00,1037.71,1041.69,1024.19,1031.04,30711.385
2025-11-03 07:00:00,1031.04,1035.96,1027.84,1028.85,26833.378
2025-11-03 08:00:00,1028.85,1030.52,1016.9,1024.81,34810.797
2025-11-03 09:00:00,1024.81,1031.48,1016.42,1017.77,19679.529
2025-11-03 10:00:00,1017.77,1024.0,1008.71,1011.19,29855.136
2025-11-03 11:00:00,1011.2,1021.14,1008.81,1015.95,37768.596
2025-11-03 12:00:00,1015.95,1024.11,1015.94,1016.7,14630.61
2025-11-03 13:00:00,1016.7,1020.36,1009.1,1017.77,23652.018
2025-11-03 14:00:00,1017.78,1026.49,1016.52,1021.01,24840.405
2025-11-03 15:00:00,1021.01,1023.3,960.18,980.28,142779.718
2025-11-03 16:00:00,980.28,998.26,976.66,996.81,54412.264
2025-11-03 17:00:00,996.82,1010.48,996.16,1008.7,25248.197
2025-11-03 18:00:00,1008.7,1008.82,996.39,998.08,11057.212
2025-11-03 19:00:00,998.08,1002.6,994.23,996.34,12020.081
2025-11-03 20:00:00,996.34,997.62,981.25,986.19,18333.481
2025-11-03 21:00:00,986.18,995.4,982.99,995.39,14954.633
2025-11-03 22:00:00,995.4,995.43,982.5,988.5,13001.084
2025-11-03 23:00:00,988.5,994.2,982.2,993.54,7844.962
2025-11-04 00:00:00,993.54,997.97,982.22,992.76,19094.376
2025-11-04 01:00:00,992.75,1000.98,989.8,999.16,14472.602
2025-11-04 02:00:00,999.15,1000.45,992.1,993.07,10137.126
2025-11-04 03:00:00,993.08,1000.47,990.7,999.21,9405.921
2025-11-04 04:00:00,999.22,1002.12,988.0,988.7,11155.888
2025-11-04 05:00:00,988.7,990.98,947.63,947.63,83776.728
2025-11-04 06:00:00,947.62,966.89,947.4,953.19,49607.243
2025-11-04 07:00:00,953.18,955.35,940.0,944.63,51935.738
2025-11-04 08:00:00,944.63,959.4,939.6,949.19,45690.467
2025-11-04 09:00:00,949.2,953.64,943.71,951.95,24713.016
2025-11-04 10:00:00,951.95,958.72,951.08,953.1,20382.84
2025-11-04 11:00:00,953.1,963.16,951.89,958.0,19907.788
2025-11-04 12:00:00,958.0,958.01,947.61,949.4,13717.582
2025-11-04 13:00:00,949.39,951.5,941.37,947.66,24573.342
2025-11-04 14:00:00,947.65,964.87,934.64,962.03,55035.595
2025-11-04 15:00:00,962.03,966.94,947.92,949.85,32067.147
2025-11-04 16:00:00,949.88,953.2,928.62,930.2,38784.478
2025-11-04 17:00:00,930.2,937.45,910.73,926.86,83521.277
2025-11-04 18:00:00,926.86,934.42,908.17,932.89,60103.684
2025-11-04 19:00:00,932.88,935.72,918.0,919.52,30092.285
2025-11-04 20:00:00,919.51,927.32,889.0,920.92,115808.161
2025-11-04 21:00:00,920.92,922.82,880.8,918.55,99613.138
2025-11-04 22:00:00,918.56,939.56,914.31,936.88,51941.732
2025-11-04 23:00:00,936.87,941.61,933.06,936.77,19737.364
2025-11-05 00:00:00,936.79,939.61,923.4,929.76,23325.222
2025-11-05 01:00:00,929.76,930.2,900.39,923.73,60335.416
2025-11-05 02:00:00,923.66,955.9,923.66,950.39,81889.119
2025-11-05 03:00:00,950.39,954.67,944.0,949.19,24628.983
2025-11-05 04:00:00,949.2,953.75,943.02,945.98,17568.908
2025-11-05 05:00:00,945.97,951.32,943.76,946.64,11815.118
2025-11-05 06:00:00,946.64,949.44,941.05,949.1,16800.874
2025-11-05 07:00:00,949.11,957.28,943.46,953.84,20328.14
2025-11-05 08:00:00,953.83,953.88,937.14,943.03,24252.684
2025-11-05 09:00:00,943.02,949.69,942.0,945.94,15700.381
2025-11-05 10:00:00,945.94,945.94,937.0,937.44,16833.496
2025-11-05 11:00:00,937.45,946.66,937.35,945.37,12283.1
2025-11-05 12:00:00,945.37,954.21,944.07,953.02,19414.742
2025-11-05 13:00:00,953.01,962.0,951.24,959.21,20908.67
2025-11-05 14:00:00,959.21,962.11,949.16,956.9,27237.383
2025-11-05 15:00:00,956.9,965.68,952.53,965.68,23957.487
2025-11-05 16:00:00,965.68,967.97,957.21,967.16,23971.622
2025-11-05 17:00:00,967.16,967.29,959.7,962.55,19371.64
2025-11-05 18:00:00,962.56,969.27,958.68,965.6,16767.535
2025-11-05 19:00:00,965.61,965.98,958.6,959.5,10057.542
2025-11-05 20:00:00,959.49,964.55,954.69,957.33,12396.416
2025-11-05 21:00:00,957.32,957.32,951.7,954.47,10843.681
2025-11-05 22:00:00,954.47,959.31,952.35,958.9,6733.405
2025-11-05 23:00:00,958.9,960.98,955.39,959.33,8722.463
2025-11-06 00:00:00,959.32,959.32,950.9,955.0,11557.711
2025-11-06 01:00:00,954.99,955.09,943.75,951.4,15930.664
2025-11-06 02:00:00,951.41,958.73,947.0,956.4,10139.833
2025-11-06 03:00:00,956.39,964.0,956.3,963.02,11904.168
2025-11-06 04:00:00,963.02,965.23,959.03,960.22,9273.254
2025-11-06 05:00:00,960.21,960.66,948.91,949.58,10588.871
2025-11-06 06:00:00,949.58,955.25,949.54,949.85,7816.34
2025-11-06 07:00:00,949.85,954.6,946.02,951.41,8321.566
2025-11-06 08:00:00,951.4,957.29,948.5,952.56,8337.834
2025-11-06 09:00:00,952.56,957.06,950.07,952.43,6999.1
2025-11-06 10:00:00,952.44,958.4,949.43,955.25,11552.152
2025-11-06 11:00:00,955.26,957.22,951.5,955.29,9736.606
2025-11-06 12:00:00,955.29,955.6,943.21,943.22,13211.385
2025-11-06 13:00:00,943.21,951.0,942.32,946.39,16392.58
2025-11-06 14:00:00,946.4,949.05,934.88,936.9,24698.947
2025-11-06 15:00:00,936.9,943.87,927.63,933.71,36517.784
2025-11-06 16:00:00,933.71,938.51,925.07,932.17,24360.99
2025-11-06 17:00:00,932.18,945.99,931.91,944.45,16947.112
2025-11-06 18:00:00,944.45,955.45,938.8,951.03,18353.218
2025-11-06 19:00:00,951.02,953.15,944.1,948.1,9935.821
2025-11-06 20:00:00,948.09,951.34,944.26,948.02,8627.6
2025-11-06 21:00:00,948.02,954.02,945.37,953.15,6292.644
2025-11-06 22:00:00,953.15,954.46,948.16,952.19,6531.692
2025-11-06 23:00:00,952.19,952.19,944.6,950.4,8594.553
2025-11-07 00:00:00,950.4,954.43,944.9,953.3,14495.74
2025-11-07 01:00:00,953.31,955.8,945.09,952.79,16136.844
2025-11-07 02:00:00,952.8,958.9,948.96,958.6,12222.448
2025-11-07 03:00:00,958.6,976.33,957.67,967.09,33379.75
2025-11-07 04:00:00,967.09,968.58,957.81,961.34,14974.986
2025-11-07 05:00:00,961.34,968.82,961.25,968.75,12325.177
2025-11-07 06:00:00,968.75,970.3,964.52,964.81,9520.672
2025-11-07 07:00:00,964.82,971.44,963.41,970.06,12069.212
2025-11-07 08:00:00,970.05,970.85,964.02,966.98,9579.118
2025-11-07 09:00:00,966.99,966.99,954.0,956.96,12921.187
2025-11-07 10:00:00,956.95,959.96,948.03,950.36,11563.051
2025-11-07 11:00:00,950.35,950.37,937.0,942.57,25284.826
2025-11-07 12:00:00,942.57,944.54,929.29,933.11,19976.544
2025-11-07 13:00:00,933.11,939.74,931.47,936.08,17632.181
2025-11-07 14:00:00,936.07,945.32,925.7,943.97,30200.855
2025-11-07 15:00:00,944.0,949.78,938.34,944.73,26291.749
2025-11-07 16:00:00,944.73,955.13,939.9,951.68,24727.807
2025-11-07 17:00:00,951.68,970.41,948.08,968.65,31486.596
2025-11-07 18:00:00,968.65,981.76,966.6,980.71,31769.825
2025-11-07 19:00:00,980.71,985.49,977.38,981.81,20998.344
2025-11-07 20:00:00,981.8,988.55,974.27,987.87,20267.022
2025-11-07 21:00:00,987.87,994.49,987.43,994.49,13016.448
2025-11-07 22:00:00,994.48,995.6,987.76,990.6,12267.547
2025-11-07 23:00:00,990.61,992.75,985.8,991.15,19605.575
2025-11-08 00:00:00,991.14,995.88,980.45,980.63,21542.221
2025-11-08 01:00:00,980.63,993.5,980.05,990.92,13333.997
2025-11-08 02:00:00,990.92,1005.15,990.3,997.45,30114.455
2025-11-08 03:00:00,997.45,1007.41,995.48,996.72,21677.206
2025-11-08 04:00:00,996.71,1002.08,994.0,994.0,18286.955
2025-11-08 05:00:00,994.01,997.86,988.4,989.3,14704.973
2025-11-08 06:00:00,989.31,995.55,984.92,994.49,15522.456
2025-11-08 07:00:00,994.49,997.0,988.66,995.38,11669.686
2025-11-08 08:00:00,995.38,1003.15,995.1,999.77,18647.751
2025-11-08 09:00:00,999.77,1001.38,994.19,995.09,11004.913
2025-11-08 10:00:00,995.09,996.82,992.01,995.99,9020.028
2025-11-08 11:00:00,995.98,999.05,987.1,989.6,12658.789
2025-11-08 12:00:00,989.61,994.53,988.4,994.53,6787.311
2025-11-08 13:00:00,994.53,994.91,988.02,988.2,8555.079
2025-11-08 14:00:00,988.22,995.29,983.34,993.94,13645.448
2025-11-08 15:00:00,993.95,998.29,988.0,990.8,9281.261
2025-11-08 16:00:00,990.79,994.24,985.9,988.11,11979.088
2025-11-08 17:00:00,988.11,995.38,985.01,995.38,9028.596
2025-11-08 18:00:00,995.38,1004.8,991.88,1004.09,9191.053
2025-11-08 19:00:00,1004.09,1005.77,992.2,996.32,16523.011
2025-11-08 20:00:00,996.33,999.76,995.09,997.24,4332.03
2025-11-08 21:00:00,997.24,998.96,994.49,997.89,3607.159
2025-11-08 22:00:00,997.88,998.4,994.7,996.0,5507.906
2025-11-08 23:00:00,996.0,996.0,989.65,991.03,5084.317
2025-11-09 00:00:00,991.01,991.01,985.26,989.8,7520.467
2025-11-09 01:00:00,989.79,994.24,988.76,994.03,4142.472
2025-11-09 02:00:00,994.03,994.2,982.03,983.19,9729.543
2025-11-09 03:00:00,983.2,985.91,975.84,981.07,15147.191
2025-11-09 04:00:00,981.07,988.7,980.81,987.0,5861.211
2025-11-09 05:00:00,987.0,990.71,985.08,989.1,8093.623
2025-11-09 06:00:00,989.1,993.3,986.73,987.82,6945.791
2025-11-09 07:00:00,987.82,990.1,986.65,989.6,4784.314
2025-11-09 08:00:00,989.59,989.97,985.63,988.26,8481.28
2025-11-09 09:00:00,988.26,995.6,987.02,987.06,12289.927
2025-11-09 10:00:00,987.06,987.7,982.2,987.69,10640.003
2025-11-09 11:00:00,987.7,992.18,987.17,990.3,8218.922
2025-11-09 12:00:00,990.3,994.34,987.7,988.24,9213.728
2025-11-09 13:00:00,988.24,988.35,977.35,986.44,18304.765
2025-11-09 14:00:00,986.43,999.0,983.44,987.5,31543.123
2025-11-09 15:00:00,987.49,998.42,987.35,994.46,15408.179
2025-11-09 16:00:00,994.46,1002.74,991.36,1002.36,13587.023
2025-11-09 17:00:00,1002.37,1003.76,992.7,993.46,9228.495
2025-11-09 18:00:00,993.46,1000.09,992.14,999.65,7503.681
2025-11-09 19:00:00,999.64,1005.0,996.98,1004.96,10974.567
2025-11-09 20:00:00,1004.96,1007.16,997.18,998.9,13446.937
2025-11-09 21:00:00,998.91,1000.75,996.1,997.39,5936.059
2025-11-09 22:00:00,997.4,999.06,990.6,997.0,7644.065
2025-11-09 23:00:00,997.02,1003.99,993.6,996.63,12015.382
2025-11-10 00:00:00,996.63,1019.56,991.6,1013.09,26613.755
2025-11-10 01:00:00,1013.09,1015.47,1007.77,1011.17,19488.115
2025-11-10 02:00:00,1011.17,1015.6,1008.57,1015.48,12989.096
2025-11-10 03:00:00,1015.48,1017.85,1011.72,1013.16,10707.287
2025-11-10 04:00:00,1013.16,1014.69,1009.01,1011.3,9794.693
2025-11-10 05:00:00,1011.31,1011.8,1004.02,1006.97,9027.69
2025-11-10 06:00:00,1006.96,1008.93,1004.21,1008.25,6226.742
2025-11-10 07:00:00,1008.25,1011.82,1004.9,1005.98,7084.4
2025-11-10 08:00:00,1005.99,1006.24,996.02,998.28,14744.537
2025-11-10 09:00:00,998.27,1006.46,996.9,1004.93,12962.762
2025-11-10 10:00:00,1004.92,1005.53,998.2,998.9,11312.931
2025-11-10 11:00:00,998.91,1002.22,998.69,999.49,5396.376
2025-11-10 12:00:00,999.5,1000.2,994.04,996.71,10678.015
2025-11-10 13:00:00,996.71,1004.28,996.23,1003.07,12318.862
2025-11-10 14:00:00,1003.07,1003.07,981.65,984.3,29043.672
2025-11-10 15:00:00,984.29,988.95,976.7,980.04,25511.123
2025-11-10 16:00:00,980.04,982.72,976.22,980.41,11936.524
2025-11-10 17:00:00,980.4,988.44,979.4,987.27,10463.924
2025-11-10 18:00:00,987.27,987.9,982.33,982.48,5364.752
2025-11-10 19:00:00,982.49,989.45,981.99,987.89,5628.889
2025-11-10 20:00:00,987.89,992.61,987.7,989.29,5655.383
2025-11-10 21:00:00,989.28,989.4,983.59,986.68,7053.577
2025-11-10 22:00:00,986.68,996.0,985.07,994.98,5209.278
2025-11-10 23:00:00,994.99,996.3,990.96,991.98,5916.413
2025-11-11 00:00:00,991.99,994.0,986.96,993.94,7665.72
2025-11-11 01:00:00,993.95,1008.6,992.68,997.68,20849.953
2025-11-11 02:00:00,997.68,1008.4,992.14,1003.83,15944.623
2025-11-11 03:00:00,1003.84,1005.71,1000.28,1000.92,7443.285
2025-11-11 04:00:00,1000.92,1003.82,986.47,988.74,15479.451
2025-11-11 05:00:00,988.74,989.07,981.32,983.17,13202.401
2025-11-11 06:00:00,983.16,985.73,979.54,984.09,10912.625
2025-11-11 07:00:00,984.1,985.46,972.24,974.63,15399.688
2025-11-11 08:00:00,974.62,978.82,973.19,977.63,8855.152
2025-11-11 09:00:00,977.63,980.6,975.0,975.56,8930.36
2025-11-11 10:00:00,975.54,979.49,974.52,978.69,7062.833
2025-11-11 11:00:00,978.7,983.42,978.7,980.75,7822.202
2025-11-11 12:00:00,980.75,984.84,977.48,980.08,9404.924
2025-11-11 13:00:00,980.09,983.5,977.27,977.55,6905.357
2025-11-11 14:00:00,977.56,984.5,975.15,983.75,15544.646
2025-11-11 15:00:00,983.76,983.76,972.0,975.7,19041.744
2025-11-11 16:00:00,975.7,977.81,972.5,975.19,8843.277
2025-11-11 17:00:00,975.2,977.7,961.9,967.25,36730.476
2025-11-11 18:00:00,967.25,969.7,964.57,968.0,7284.537
2025-11-11 19:00:00,967.99,967.99,960.8,961.27,7222.868
2025-11-11 20:00:00,961.28,963.9,957.0,960.29,10732.989
2025-11-11 21:00:00,960.3,962.85,957.27,958.92,5456.369
2025-11-11 22:00:00,958.91,965.7,956.08,964.6,8464.998
2025-11-11 23:00:00,964.61,965.22,956.81,958.08,8751.391
2025-11-12 00:00:00,958.08,962.51,955.41,956.33,12335.11
2025-11-12 01:00:00,956.33,965.64,955.31,963.8,7242.341
2025-11-12 02:00:00,963.8,964.87,958.27,961.19,7446.213
2025-11-12 03:00:00,961.2,962.85,960.4,961.4,3219.38
2025-11-12 04:00:00,961.39,962.56,957.8,960.0,3782.289
2025-11-12 05:00:00,960.01,962.81,957.76,958.25,5237.62
2025-11-12 06:00:00,958.25,961.9,957.77,957.96,5337.1
2025-11-12 07:00:00,957.96,959.4,951.8,953.13,8392.033
2025-11-12 08:00:00,953.12,964.62,953.12,963.76,11546.293
2025-11-12 09:00:00,963.75,969.21,963.64,966.64,9206.63
2025-11-12 10:00:00,966.65,973.2,966.5,972.41,7611.309
2025-11-12 11:00:00,972.41,975.36,968.57,971.43,7112.778
2025-11-12 12:00:00,971.44,975.0,970.11,973.31,6106.358
2025-11-12 13:00:00,973.32,978.61,970.26,976.85,7622.26
2025-11-12 14:00:00,976.85,976.85,959.39,966.22,17281.674
2025-11-12 15:00:00,966.21,969.4,946.23,949.1,26281.033
2025-11-12 16:00:00,949.11,952.84,937.9,942.59,26640.978
2025-11-12 17:00:00,942.6,952.32,941.17,950.44,13173.247
2025-11-12 18:00:00,950.43,955.0,949.49,951.1,5972.46
2025-11-12 19:00:00,951.11,951.68,943.21,948.68,8151.071
2025-11-12 20:00:00,948.68,955.66,946.8,953.39,5032.118
2025-11-12 21:00:00,953.39,957.79,953.35,955.81,4360.867
2025-11-12 22:00:00,955.8,957.2,952.2,957.14,3232.198
2025-11-12 23:00:00,957.14,957.15,951.31,952.86,4663.756
2025-11-13 00:00:00,952.87,956.9,952.0,953.09,5005.575
2025-11-13 01:00:00,953.09,959.96,952.8,955.9,9844.726
2025-11-13 02:00:00,955.9,957.09,953.42,955.76,3317.463
2025-11-13 03:00:00,955.76,963.9,946.52,959.7,13573.244
2025-11-13 04:00:00,959.7,962.96,957.4,962.12,7840.232
2025-11-13 05:00:00,962.11,972.2,959.38,968.85,8585.799
2025-11-13 06:00:00,968.85,971.08,966.63,967.93,7356.859
2025-11-13 07:00:00,967.94,969.79,962.99,964.89,9938.559
2025-11-13 08:00:00,964.9,968.05,964.12,965.99,4718.069
2025-11-13 09:00:00,965.98,966.62,959.74,960.58,9151.815
2025-11-13 10:00:00,960.59,966.13,960.59,964.0,5613.051
2025-11-13 11:00:00,964.01,967.88,963.39,967.07,4381.205
2025-11-13 12:00:00,967.07,968.17,964.77,965.79,5072.464
2025-11-13 13:00:00,965.79,966.6,957.0,959.83,9611.824
2025-11-13 14:00:00,959.84,967.88,952.55,964.28,18343.294
2025-11-13 15:00:00,964.28,966.23,953.9,957.36,13932.171
2025-11-13 16:00:00,957.36,959.43,945.16,946.2,18372.94
2025-11-13 17:00:00,946.2,946.66,930.41,931.01,28903.518
2025-11-13 18:00:00,931.0,933.01,913.78,916.92,46718.947
2025-11-13 19:00:00,916.92,924.33,911.14,913.54,39905.547
2025-11-13 20:00:00,913.54,918.86,905.72,914.26,26159.09
2025-11-13 21:00:00,914.27,919.61,909.79,914.85,12072.513
2025-11-13 22:00:00,914.86,925.14,912.0,923.22,12416.691
2025-11-13 23:00:00,923.22,932.68,920.48,927.15,13509.482
2025-11-14 00:00:00,927.15,929.47,919.39,921.6,10722.62
2025-11-14 01:00:00,921.61,926.42,919.11,921.44,11292.791
2025-11-14 02:00:00,921.45,934.04,921.2,930.3,16373.407
2025-11-14 03:00:00,930.31,931.99,918.63,924.03,18904.534
2025-11-14 04:00:00,924.02,924.29,900.0,914.24,38346.803
2025-11-14 05:00:00,914.24,920.16,911.59,919.23,20726.1
2025-11-14 06:00:00,919.24,923.76,906.91,923.12,17870.308
2025-11-14 07:00:00,923.12,926.9,918.49,923.08,13348.367
2025-11-14 08:00:00,923.07,923.07,915.34,919.35,11984.521
2025-11-14 09:00:00,919.35,922.13,909.4,910.65,14203.201
2025-11-14 10:00:00,910.66,917.86,910.22,913.0,14165.632
2025-11-14 11:00:00,913.0,915.2,904.56,909.17,17184.119
2025-11-14 12:00:00,909.16,909.16,887.88,906.13,49513.632
2025-11-14 13:00:00,906.13,909.74,896.49,905.9,33576.413
2025-11-14 14:00:00,905.89,927.85,904.78,924.8,50685.771
2025-11-14 15:00:00,924.8,931.04,918.17,925.5,21205.191
2025-11-14 16:00:00,925.51,933.37,921.65,931.25,13358.747
2025-11-14 17:00:00,931.25,932.25,920.55,922.93,11661.942
2025-11-14 18:00:00,922.93,927.31,918.61,920.97,8330.934
2025-11-14 19:00:00,920.96,933.1,919.85,931.81,9142.062
2025-11-14 20:00:00,931.81,933.56,913.97,919.5,11576.55
2025-11-14 21:00:00,919.51,928.2,917.16,925.53,7836.234
2025-11-14 22:00:00,925.53,929.02,920.0,922.8,6506.871
2025-11-14 23:00:00,922.79,922.79,908.0,915.25,9676.258
2025-11-15 00:00:00,915.26,926.41,914.91,922.36,8464.598
2025-11-15 01:00:00,922.36,929.99,919.22,928.46,7934.697
2025-11-15 02:00:00,928.46,936.13,926.6,936.13,15188.18
2025-11-15 03:00:00,936.13,936.13,929.39,931.85,8540.571
2025-11-15 04:00:00,931.85,933.77,927.01,928.03,8504.707
2025-11-15 05:00:00,928.03,932.45,927.04,932.01,5621.563
2025-11-15 06:00:00,932.02,935.38,930.42,932.51,6311.459
2025-11-15 07:00:00,932.51,936.79,931.35,936.19,6821.994
2025-11-15 08:00:00,936.2,939.19,930.61,932.97,12648.904
2025-11-15 09:00:00,932.97,938.81,930.8,934.81,7436.368
2025-11-15 10:00:00,934.81,937.1,929.74,936.42,8172.794
2025-11-15 11:00:00,936.41,937.61,929.0,930.73,5637.732
2025-11-15 12:00:00,930.73,934.92,929.1,934.67,4234.735
2025-11-15 13:00:00,934.67,938.07,933.31,936.78,5536.784
2025-11-15 14:00:00,936.78,937.85,934.3,936.41,4855.931
2025-11-15 15:00:00,936.41,938.11,934.93,936.57,3891.364
2025-11-15 16:00:00,936.57,937.25,931.1,937.24,4900.941
2025-11-15 17:00:00,937.25,941.49,936.0,940.98,7904.468
2025-11-15 18:00:00,940.98,943.0,940.01,941.27,5371.996
2025-11-15 19:00:00,941.27,945.22,941.11,941.33,4743.183
2025-11-15 20:00:00,941.33,941.57,931.41,932.82,5421.201
2025-11-15 21:00:00,932.81,934.58,926.01,927.34,5926.022
2025-11-15 22:00:00,927.35,932.96,926.5,932.2,4472.143
2025-11-15 23:00:00,932.2,936.6,931.05,932.28,3442.37
2025-11-16 00:00:00,932.27,933.4,927.8,930.0,5599.221
2025-11-16 01:00:00,930.0,930.03,921.49,928.19,8452.714
2025-11-16 02:00:00,928.19,940.0,925.2,939.79,7940.081
2025-11-16 03:00:00,939.8,941.61,936.52,941.21,6131.207
2025-11-16 04:00:00,941.2,941.69,937.89,941.24,5748.161
2025-11-16 05:00:00,941.24,945.1,940.92,944.0,6078.708
2025-11-16 06:00:00,944.0,948.23,942.68,943.24,6888.845
2025-11-16 07:00:00,943.24,943.7,940.53,943.47,3018.2
2025-11-16 08:00:00,943.48,945.38,941.65,944.69,3816.958
2025-11-16 09:00:00,944.69,949.77,941.9,949.3,8976.508
2025-11-16 10:00:00,949.29,949.76,946.78,947.46,6535.811
2025-11-16 11:00:00,947.47,948.23,930.32,931.79,12366.539
2025-11-16 12:00:00,931.8,937.99,928.41,933.01,10234.194
2025-11-16 13:00:00,933.01,934.25,925.86,930.1,12348.194
2025-11-16 14:00:00,930.1,939.23,929.0,936.36,12516.513
2025-11-16 15:00:00,936.36,936.43,922.2,923.62,10454.087
2025-11-16 16:00:00,923.62,927.9,913.16,914.51,26852.082
2025-11-16 17:00:00,914.51,919.52,908.16,915.68,19123.992
2025-11-16 18:00:00,915.68,930.45,913.05,916.05,22402.562
2025-11-16 19:00:00,916.05,926.45,915.7,919.93,8027.772
2025-11-16 20:00:00,919.94,926.06,918.89,919.82,5756.278
2025-11-16 21:00:00,919.82,920.3,911.13,915.38,10111.439
2025-11-16 22:00:00,915.37,924.23,911.01,922.68,12141.746
2025-11-16 23:00:00,922.68,931.82,910.15,926.56,20636.065
2025-11-17 00:00:00,926.59,938.31,919.61,935.79,21641.237
2025-11-17 01:00:00,935.8,936.27,928.75,928.86,7180.012
2025-11-17 02:00:00,928.86,935.0,927.55,930.5,8165.087
2025-11-17 03:00:00,930.5,939.55,930.27,934.52,10013.522
2025-11-17 04:00:00,934.52,936.97,930.01,932.87,8687.274
2025-11-17 05:00:00,932.88,935.27,931.43,934.3,4961.965
2025-11-17 06:00:00,934.31,935.0,930.11,934.02,5249.048
2025-11-17 07:00:00,934.02,937.79,933.4,935.28,7251.446
2025-11-17 08:00:00,935.28,938.29,934.6,935.6,5915.055
2025-11-17 09:00:00,935.6,937.66,933.56,936.48,4850.282
2025-11-17 10:00:00,936.47,936.47,932.34,934.16,4388.96
2025-11-17 11:00:00,934.16,938.65,931.3,933.45,6111.158
2025-11-17 12:00:00,933.45,934.63,929.45,930.6,4734.128
2025-11-17 13:00:00,930.6,931.5,899.95,907.19,39638.079
2025-11-17 14:00:00,907.2,934.0,901.97,919.08,41067.103
2025-11-17 15:00:00,919.09,923.33,908.7,911.89,18172.663
2025-11-17 16:00:00,911.9,922.01,900.65,920.96,29331.357
2025-11-17 17:00:00,920.96,921.96,908.07,910.54,13588.815
2025-11-17 18:00:00,910.55,915.76,905.0,908.17,17204.879
2025-11-17 19:00:00,908.16,909.82,893.39,897.39,23353.973
2025-11-17 20:00:00,897.39,905.78,891.72,902.16,21096.864
2025-11-17 21:00:00,902.22,906.23,897.7,902.71,9690.512
2025-11-17 22:00:00,902.72,911.03,900.81,907.31,12851.373
2025-11-17 23:00:00,907.32,908.71,903.21,907.36,7747.064
2025-11-18 00:00:00,907.36,915.15,897.89,914.53,29156.744
2025-11-18 01:00:00,914.53,918.75,909.39,912.22,15653.357
2025-11-18 02:00:00,912.21,918.2,900.76,903.27,24873.763
2025-11-18 03:00:00,903.26,904.96,884.4,903.4,50877.151
2025-11-18 04:00:00,903.4,908.4,892.75,906.56,22443.716
2025-11-18 05:00:00,906.56,913.61,901.73,910.89,17382.442
2025-11-18 06:00:00,910.9,911.79,903.02,903.2,12620.68
2025-11-18 07:00:00,903.21,913.0,900.33,910.33,15502.233
2025-11-18 08:00:00,910.33,917.41,909.93,915.33,11939.618
2025-11-18 09:00:00,915.33,925.0,912.1,920.64,18939.776
2025-11-18 10:00:00,920.64,923.8,917.34,919.7,8411.57
2025-11-18 11:00:00,919.69,920.2,914.0,915.46,7219.318
2025-11-18 12:00:00,915.47,919.65,912.5,917.4,6428.509
2025-11-18 13:00:00,917.39,917.76,910.42,915.89,7312.38
2025-11-18 14:00:00,915.89,924.96,914.59,915.0,15414.441
2025-11-18 15:00:00,915.01,927.44,912.1,926.11,20146.179
2025-11-18 16:00:00,926.1,939.99,924.18,936.99,30224.625
2025-11-18 17:00:00,936.99,937.42,930.44,933.96,10977.026
2025-11-18 18:00:00,933.96,938.57,933.96,934.86,8314.518
2025-11-18 19:00:00,934.86,938.75,933.68,935.8,4924.604
2025-11-18 20:00:00,935.8,937.2,933.59,933.73,3641.309
2025-11-18 21:00:00,933.74,934.8,928.9,928.9,6120.066
2025-11-18 22:00:00,928.91,935.67,928.5,934.37,5191.37
2025-11-18 23:00:00,934.37,935.0,931.81,932.79,3560.063
2025-11-19 00:00:00,932.79,933.0,924.78,931.44,8678.784
2025-11-19 01:00:00,931.45,935.87,929.02,934.9,7245.411
2025-11-19 02:00:00,934.9,941.06,933.68,938.67,9136.613
2025-11-19 03:00:00,938.67,939.0,930.0,932.26,8800.384
2025-11-19 04:00:00,932.27,932.88,923.82,925.49,9034.93
2025-11-19 05:00:00,925.5,926.5,912.9,918.55,14863.448
2025-11-19 06:00:00,918.55,926.37,917.2,924.69,10052.467
2025-11-19 07:00:00,924.69,932.81,924.16,931.12,7570.71
2025-11-19 08:00:00,931.12,934.0,924.42,925.78,7950.434
2025-11-19 09:00:00,925.77,925.78,919.32,923.78,9520.893
2025-11-19 10:00:00,923.77,926.13,921.79,922.31,4674.543
2025-11-19 11:00:00,922.32,925.2,920.36,921.62,3921.638
2025-11-19 12:00:00,921.61,925.44,920.31,924.49,4327.05
2025-11-19 13:00:00,924.49,924.59,916.14,917.24,5354.579
2025-11-19 14:00:00,917.24,920.04,910.8,916.89,13076.056
2025-11-19 15:00:00,916.88,923.73,892.68,894.73,39342.319
2025-11-19 16:00:00,894.72,899.56,884.27,887.89,28793.433
2025-11-19 17:00:00,887.9,891.0,877.1,884.62,26677.438
2025-11-19 18:00:00,884.61,885.0,872.38,877.09,16387.847
2025-11-19 19:00:00,877.1,880.42,874.13,878.9,12441.868
2025-11-19 20:00:00,878.9,888.9,876.4,887.2,11795.74
2025-11-19 21:00:00,887.21,899.65,885.52,897.39,14565.808
2025-11-19 22:00:00,897.43,897.6,889.35,893.11,8038.939
2025-11-19 23:00:00,893.11,901.41,891.69,897.77,14106.942
2025-11-20 00:00:00,897.78,906.87,893.8,900.79,13121.363
2025-11-20 01:00:00,900.79,909.49,899.8,908.41,9242.511
2025-11-20 02:00:00,908.41,917.0,907.73,911.58,19420.449
2025-11-20 03:00:00,911.57,914.0,908.6,910.06,9574.645
2025-11-20 04:00:00,910.06,912.2,905.04,912.18,8850.89
2025-11-20 05:00:00,912.19,914.6,907.86,908.16,7006.032
2025-11-20 06:00:00,908.17,909.9,899.39,903.47,12393.848
2025-11-20 07:00:00,903.47,908.8,902.53,907.85,6292.628
2025-11-20 08:00:00,907.85,908.87,904.35,906.38,4006.187
2025-11-20 09:00:00,906.38,906.59,898.26,901.21,8445.288
2025-11-20 10:00:00,901.22,901.84,896.67,900.9,6164.715
2025-11-20 11:00:00,900.9,903.49,899.6,902.31,4341.624
2025-11-20 12:00:00,902.3,904.6,899.17,903.44,7692.502
2025-11-20 13:00:00,903.45,909.0,897.0,899.3,13536.069
2025-11-20 14:00:00,899.3,903.44,890.68,898.26,19984.982
2025-11-20 15:00:00,898.27,898.77,888.95,889.96,11366.218
2025-11-20 16:00:00,889.97,890.56,876.9,880.15,33449.053
2025-11-20 17:00:00,880.15,882.57,869.4,878.95,27815.939
2025-11-20 18:00:00,878.94,882.91,872.78,873.41,18449.873
2025-11-20 19:00:00,873.4,881.99,868.3,880.44,13214.128
2025-11-20 20:00:00,880.44,882.61,874.1,874.59,10132.83
2025-11-20 21:00:00,874.6,882.19,874.37,877.18,14179.581
2025-11-20 22:00:00,877.18,883.61,875.7,880.63,11648.047
2025-11-20 23:00:00,880.62,880.62,865.57,866.51,11473.579
2025-11-21 00:00:00,866.51,872.9,864.27,868.8,14206.794
2025-11-21 01:00:00,868.79,877.33,867.1,871.89,10579.397
2025-11-21 02:00:00,871.89,872.0,856.01,858.15,26119.352
2025-11-21 03:00:00,858.11,867.51,855.45,863.36,14140.096
2025-11-21 04:00:00,863.35,866.4,855.0,864.46,19630.81
2025-11-21 05:00:00,864.47,867.0,860.31,861.98,11958.912
2025-11-21 06:00:00,861.99,862.95,851.36,852.41,20277.422
2025-11-21 07:00:00,852.4,854.28,807.24,832.03,109436.02
2025-11-21 08:00:00,832.03,839.92,828.05,830.01,34400.537
2025-11-21 09:00:00,830.0,835.5,812.5,812.5,47495.049
2025-11-21 10:00:00,812.5,818.42,802.55,812.41,56201.714
2025-11-21 11:00:00,812.42,822.21,808.05,809.08,23041.912
2025-11-21 12:00:00,809.08,822.9,790.79,818.55,70474.984
2025-11-21 13:00:00,818.55,828.55,815.5,822.87,28546.91
2025-11-21 14:00:00,822.87,831.47,817.2,828.51,26049.715
2025-11-21 15:00:00,828.51,830.27,811.04,813.67,26255.735
2025-11-21 16:00:00,813.67,828.9,808.03,828.31,23851.502
2025-11-21 17:00:00,828.32,836.36,826.7,831.65,23402.345
2025-11-21 18:00:00,831.65,832.51,814.85,828.0,19894.651
2025-11-21 19:00:00,828.0,830.01,823.38,825.55,7622.647
2025-11-21 20:00:00,825.54,826.56,816.3,823.45,10502.496
2025-11-21 21:00:00,823.48,836.08,820.17,833.81,11510.843
2025-11-21 22:00:00,833.8,836.27,817.0,817.01,8169.644
2025-11-21 23:00:00,817.0,833.57,813.85,830.46,10716.562
2025-11-22 00:00:00,830.47,839.81,830.1,835.53,12971.614
2025-11-22 01:00:00,835.52,842.22,834.07,842.21,8149.218
2025-11-22 02:00:00,842.2,842.93,831.8,836.37,8190.252
2025-11-22 03:00:00,836.37,838.39,833.59,836.41,4771.159
2025-11-22 04:00:00,836.41,837.47,825.26,829.83,8881.333
2025-11-22 05:00:00,829.84,830.57,819.58,824.3,12723.144
2025-11-22 06:00:00,824.3,833.44,820.91,831.54,6816.067
2025-11-22 07:00:00,831.54,834.59,829.86,831.79,4645.662
2025-11-22 08:00:00,831.8,831.8,814.01,815.73,14329.619
2025-11-22 09:00:00,815.73,822.69,813.77,816.71,8621.855
2025-11-22 10:00:00,816.71,821.21,814.54,820.39,8653.554
2025-11-22 11:00:00,820.38,832.66,818.89,825.6,10074.637
2025-11-22 12:00:00,825.6,825.92,819.0,820.56,4356.859
2025-11-22 13:00:00,820.58,823.53,815.26,818.39,7150.086
2025-11-22 14:00:00,818.39,828.88,818.26,824.4,6991.89
2025-11-22 15:00:00,824.4,826.52,818.97,823.22,5480.217
2025-11-22 16:00:00,823.21,830.89,822.91,829.65,6188.127
2025-11-22 17:00:00,829.65,829.95,826.66,828.74,3401.858
2025-11-22 18:00:00,828.74,833.99,827.1,832.71,4667.957
2025-11-22 19:00:00,832.71,834.18,831.17,832.91,2916.572
2025-11-22 20:00:00,832.91,834.34,825.92,827.82,2588.491
2025-11-22 21:00:00,827.83,830.24,827.0,829.89,2033.815
2025-11-22 22:00:00,829.89,841.86,827.8,837.74,7965.404
2025-11-22 23:00:00,837.74,839.65,833.01,833.78,4656.23
2025-11-23 00:00:00,833.78,839.76,833.28,835.77,6880.301
2025-11-23 01:00:00,835.77,843.68,835.0,841.49,9930.528
2025-11-23 02:00:00,841.5,850.2,841.12,846.27,18506.369
2025-11-23 03:00:00,846.27,846.87,841.74,846.85,6291.123
2025-11-23 04:00:00,846.85,854.49,845.75,848.81,13004.002
2025-11-23 05:00:00,848.81,848.91,845.0,846.79,8291.453
2025-11-23 06:00:00,846.79,848.51,842.46,843.52,5388.647
2025-11-23 07:00:00,843.53,843.89,836.62,841.18,9648.515
2025-11-23 08:00:00,841.19,844.08,840.7,843.53,4471.368
2025-11-23 09:00:00,843.52,846.87,842.3,844.06,5486.949
2025-11-23 10:00:00,844.07,844.07,840.08,842.02,4108.706
2025-11-23 11:00:00,842.02,843.4,838.83,842.58,3778.794
2025-11-23 12:00:00,842.59,849.45,842.35,847.31,7265.365
2025-11-23 13:00:00,847.3,849.8,845.05,849.39,3983.371
2025-11-23 14:00:00,849.39,851.86,843.18,843.99,6638.112
2025-11-23 15:00:00,844.0,851.0,843.31,849.9,6613.464
2025-11-23 16:00:00,849.9,853.2,845.0,845.17,11902.418
2025-11-23 17:00:00,845.17,847.16,843.15,844.75,8315.494
2025-11-23 18:00:00,844.75,849.68,844.74,848.0,3438.54
2025-11-23 19:00:00,848.01,852.33,847.2,849.79,4605.156
2025-11-23 20:00:00,849.78,852.44,848.86,851.16,2751.531
2025-11-23 21:00:00,851.16,855.46,848.3,854.92,4112.851
2025-11-23 22:00:00,854.91,855.34,850.61,853.69,4422.162
2025-11-23 23:00:00,853.7,854.8,842.26,843.6,7688.958
2025-11-24 00:00:00,843.6,844.5,836.5,837.08,12531.412
2025-11-24 01:00:00,837.07,843.0,836.08,842.55,7588.552
2025-11-24 02:00:00,842.56,853.08,841.02,848.24,17617.549
2025-11-24 03:00:00,848.24,851.68,842.71,849.51,9732.441
2025-11-24 04:00:00,849.51,852.56,838.73,844.75,9787.748
2025-11-24 05:00:00,844.75,858.4,844.22,853.82,11643.337
2025-11-24 06:00:00,853.83,854.2,847.8,853.56,12253.604
2025-11-24 07:00:00,853.57,857.75,851.6,853.88,8713.098
2025-11-24 08:00:00,853.88,856.7,852.51,855.62,6748.621
2025-11-24 09:00:00,855.61,855.61,840.89,842.12,13853.132
2025-11-24 10:00:00,842.16,845.45,841.8,843.21,4802.901
2025-11-24 11:00:00,843.2,844.57,840.5,842.64,3889.34
2025-11-24 12:00:00,842.63,842.97,836.61,837.7,8831.479
2025-11-24 13:00:00,837.69,843.4,837.0,838.49,7619.78
2025-11-24 14:00:00,838.49,843.09,830.01,838.23,17325.075
2025-11-24 15:00:00,838.23,848.31,836.16,844.5,14357.672
2025-11-24 16:00:00,844.49,852.74,844.21,848.41,8533.9
2025-11-24 17:00:00,848.4,867.32,847.51,866.65,21955.967
2025-11-24 18:00:00,866.65,868.3,862.84,866.5,12114.536
2025-11-24 19:00:00,866.49,871.24,866.08,868.58,8185.863
2025-11-24 20:00:00,868.58,876.3,868.58,873.36,10288.702
2025-11-24 21:00:00,873.36,873.36,865.6,867.4,6651.496
2025-11-24 22:00:00,867.4,870.9,863.86,865.22,5967.643
2025-11-24 23:00:00,865.22,866.7,863.24,864.92,7470.954
2025-11-25 00:00:00,864.9,866.24,860.37,864.76,9386.047
2025-11-25 01:00:00,864.77,867.0,860.8,861.04,4501.535
2025-11-25 02:00:00,861.07,862.7,856.6,862.29,6316.644
2025-11-25 03:00:00,862.3,864.59,859.23,860.74,4833.23
2025-11-25 04:00:00,860.74,865.0,857.02,863.46,6624.724
2025-11-25 05:00:00,863.46,864.34,859.84,862.96,9417.807
2025-11-25 06:00:00,862.96,864.73,858.28,860.56,5886.791
2025-11-25 07:00:00,860.56,862.74,855.49,855.82,6219.211
2025-11-25 08:00:00,855.82,859.59,852.41,852.72,6022.706
2025-11-25 09:00:00,852.72,853.33,846.81,852.74,10771.193
2025-11-25 10:00:00,852.73,855.89,851.14,854.1,6716.239
2025-11-25 11:00:00,854.11,854.8,850.1,850.65,4597.094
2025-11-25 12:00:00,850.65,856.2,849.93,853.69,7371.223
2025-11-25 13:00:00,853.69,856.0,845.93,847.88,7121.328
2025-11-25 14:00:00,847.88,850.32,837.47,842.15,10785.04
2025-11-25 15:00:00,842.14,849.12,837.58,846.3,9708.834
2025-11-25 16:00:00,846.31,855.7,845.44,853.31,6848.759
2025-11-25 17:00:00,853.31,861.83,852.1,857.82,7495.24
2025-11-25 18:00:00,857.82,861.0,855.32,855.36,4510.656
2025-11-25 19:00:00,855.37,856.4,845.53,855.28,7046.055
2025-11-25 20:00:00,855.29,859.94,853.61,858.11,3471.188
2025-11-25 21:00:00,858.12,859.0,856.31,856.4,2489.715
2025-11-25 22:00:00,856.4,863.88,851.1,862.25,5306.227
2025-11-25 23:00:00,862.24,867.66,860.96,862.57,5303.373
2025-11-26 00:00:00,862.58,866.35,861.9,863.74,3829.454
2025-11-26 01:00:00,863.74,868.62,861.47,867.79,4409.478
2025-11-26 02:00:00,867.79,869.98,865.16,865.24,4476.873
2025-11-26 03:00:00,865.24,867.0,859.14,860.11,4453.05
2025-11-26 04:00:00,860.11,861.59,857.43,858.84,4063.195
2025-11-26 05:00:00,858.83,862.74,858.54,860.85,3615.561
2025-11-26 06:00:00,860.84,862.86,858.82,862.26,3311.403
2025-11-26 07:00:00,862.26,862.72,858.81,860.44,3141.837
2025-11-26 08:00:00,860.45,860.85,856.3,856.67,4982.002
2025-11-26 09:00:00,856.68,858.36,852.72,853.33,6276.647
2025-11-26 10:00:00,853.33,858.67,853.33,858.48,3610.762
2025-11-26 11:00:00,858.48,858.56,856.33,857.77,2839.008
2025-11-26 12:00:00,857.78,858.39,851.72,855.71,4956.582
2025-11-26 13:00:00,855.7,864.45,855.2,864.1,7100.391
2025-11-26 14:00:00,864.1,865.35,857.7,859.57,8332.176
2025-11-26 15:00:00,859.57,868.21,859.06,865.0,10096.735
2025-11-26 16:00:00,865.0,872.82,864.96,871.97,10665.574
2025-11-26 17:00:00,871.97,890.38,871.97,888.14,24037.834
2025-11-26 18:00:00,888.14,894.82,888.14,894.6,15736.824
2025-11-26 19:00:00,894.59,897.25,891.41,896.55,7148.678
2025-11-26 20:00:00,896.55,897.0,890.59,892.22,4652.609
2025-11-26 21:00:00,892.21,893.52,889.29,890.93,4812.735
2025-11-26 22:00:00,890.93,894.02,890.93,893.02,5180.851
2025-11-26 23:00:00,893.02,895.83,889.63,891.78,7919.133
2025-11-27 00:00:00,891.77,895.44,889.25,893.45,10041.391
2025-11-27 01:00:00,893.44,898.5,892.56,897.9,9494.148
2025-11-27 02:00:00,897.9,904.86,896.24,897.48,16479.49
2025-11-27 03:00:00,897.47,899.0,893.84,895.64,8611.588
2025-11-27 04:00:00,895.63,899.21,895.4,895.88,5869.012
2025-11-27 05:00:00,895.89,896.79,890.81,891.99,6119.771
2025-11-27 06:00:00,891.99,895.24,891.99,894.42,2836.239
2025-11-27 07:00:00,894.42,894.7,891.75,893.72,7846.239
2025-11-27 08:00:00,893.72,893.93,889.71,892.69,7447.181
2025-11-27 09:00:00,892.69,895.1,891.8,893.2,5912.3
2025-11-27 10:00:00,893.21,895.98,891.31,894.46,4028.679
2025-11-27 11:00:00,894.46,894.46,890.8,892.58,3885.063
2025-11-27 12:00:00,892.58,894.06,885.22,885.32,7829.986
2025-11-27 13:00:00,885.31,889.17,883.8,887.63,8610.979
2025-11-27 14:00:00,887.64,890.9,886.57,889.51,5629.156
2025-11-27 15:00:00,889.5,894.22,888.22,893.2,4001.286
2025-11-27 16:00:00,893.21,894.76,890.17,894.4,5117.655
2025-11-27 17:00:00,894.41,894.6,891.9,893.2,2347.194
2025-11-27 18:00:00,893.2,898.67,892.29,897.96,5064.697
2025-11-27 19:00:00,897.95,897.95,894.37,896.39,3187.914
2025-11-27 20:00:00,896.39,898.31,895.93,897.79,2040.085
2025-11-27 21:00:00,897.79,898.71,895.4,896.5,2098.218
2025-11-27 22:00:00,896.5,898.0,890.77,893.4,4214.628
2025-11-27 23:00:00,893.4,896.79,892.79,895.74,2536.185
2025-11-28 00:00:00,895.75,899.44,893.97,899.11,4231.289
2025-11-28 01:00:00,899.11,899.8,889.84,891.61,7979.829
2025-11-28 02:00:00,891.6,896.88,889.04,895.65,5427.198
2025-11-28 03:00:00,895.68,896.17,891.0,892.59,6316.956
2025-11-28 04:00:00,892.6,896.36,892.08,894.97,3193.31
2025-11-28 05:00:00,894.96,898.11,893.97,895.4,5850.163
2025-11-28 06:00:00,895.41,895.68,888.23,889.0,5553.995
2025-11-28 07:00:00,889.01,890.08,881.6,882.47,9631.672
2025-11-28 08:00:00,882.46,896.3,882.42,892.51,10080.076
2025-11-28 09:00:00,892.52,896.4,890.76,894.96,7246.27
2025-11-28 10:00:00,894.97,898.52,893.0,897.92,5831.858
2025-11-28 11:00:00,897.92,897.92,888.16,891.81,7364.384
2025-11-28 12:00:00,891.8,893.2,889.5,889.64,2533.805
2025-11-28 13:00:00,889.63,899.48,887.2,898.87,9218.411
2025-11-28 14:00:00,898.87,903.7,893.25,898.79,15907.438
2025-11-28 15:00:00,898.8,906.5,896.16,902.0,11432.698
2025-11-28 16:00:00,902.0,902.33,884.14,884.59,12648.023
2025-11-28 17:00:00,884.6,885.59,876.15,881.12,15676.746
2025-11-28 18:00:00,881.11,884.05,877.0,882.48,8298.141
2025-11-28 19:00:00,882.48,887.4,882.13,886.29,4310.101
2025-11-28 20:00:00,886.28,890.3,883.1,889.81,3598.964
2025-11-28 21:00:00,889.8,890.46,885.11,885.81,5313.981
2025-11-28 22:00:00,885.81,889.0,883.99,888.32,4302.664
2025-11-28 23:00:00,888.33,889.49,887.19,887.19,2895.705
2025-11-29 00:00:00,887.2,887.87,884.23,885.9,1975.706
2025-11-29 01:00:00,885.9,889.0,885.4,886.01,3303.73
2025-11-29 02:00:00,886.01,887.39,883.47,885.28,1934.996
2025-11-29 03:00:00,885.29,886.54,883.58,884.14,2052.206
2025-11-29 04:00:00,884.13,884.84,882.79,884.47,4508.329
2025-11-29 05:00:00,884.47,884.48,881.1,881.3,4327.374
2025-11-29 06:00:00,881.29,882.8,876.46,878.9,6775.794
2025-11-29 07:00:00,878.91,880.55,878.1,879.06,4438.056
2025-11-29 08:00:00,879.07,880.72,878.0,880.0,2930.714
2025-11-29 09:00:00,880.0,881.52,879.39,881.21,2804.322
2025-11-29 10:00:00,881.2,882.25,878.15,879.07,2289.992
2025-11-29 11:00:00,879.07,879.77,877.49,878.56,3387.721
2025-11-29 12:00:00,878.56,879.6,875.97,877.19,4347.107
2025-11-29 13:00:00,877.19,878.7,875.22,878.09,2906.864
2025-11-29 14:00:00,878.1,878.24,875.51,875.76,2072.749
2025-11-29 15:00:00,875.76,882.0,875.75,880.93,4531.382
2025-11-29 16:00:00,880.92,881.76,879.12,881.29,2236.304
2025-11-29 17:00:00,881.29,881.65,872.79,872.93,6826.738
2025-11-29 18:00:00,872.93,874.27,868.25,874.01,9661.032
2025-11-29 19:00:00,874.01,874.59,872.6,873.1,1360.896
2025-11-29 20:00:00,873.09,874.68,870.6,874.53,1361.704
2025-11-29 21:00:00,874.53,875.66,872.0,875.4,1344.721
2025-11-29 22:00:00,875.4,875.4,872.73,873.5,1286.02
2025-11-29 23:00:00,873.5,875.21,871.59,872.9,1395.475
2025-11-30 00:00:00,872.9,875.3,872.8,875.3,1642.967
2025-11-30 01:00:00,875.29,878.58,874.9,876.86,1782.82
2025-11-30 02:00:00,876.86,878.94,873.89,873.96,1593.936
2025-11-30 03:00:00,873.97,876.2,869.56,875.59,3779.914
2025-11-30 04:00:00,875.6,876.95,873.85,874.2,1596.962
2025-11-30 05:00:00,874.2,874.26,870.13,871.45,2782.138
2025-11-30 06:00:00,871.45,874.29,870.8,872.44,1910.122
2025-11-30 07:00:00,872.44,875.6,872.21,874.78,1820.671
2025-11-30 08:00:00,874.79,878.6,874.4,877.34,3527.914
2025-11-30 09:00:00,877.35,879.53,876.8,879.17,2991.592
2025-11-30 10:00:00,879.18,879.69,876.52,877.14,2140.05
2025-11-30 11:00:00,877.14,878.92,875.76,876.72,3086.432
2025-11-30 12:00:00,876.72,883.66,875.7,882.58,5510.09
2025-11-30 13:00:00,882.59,896.5,882.58,896.45,20608.706
2025-11-30 14:00:00,896.45,897.89,890.23,893.91,10627.812
2025-11-30 15:00:00,893.91,895.38,890.26,893.99,4584.642
2025-11-30 16:00:00,894.0,899.75,893.87,899.12,5951.702
2025-11-30 17:00:00,899.11,899.12,895.32,897.46,3402.523
2025-11-30 18:00:00,897.46,897.48,892.85,895.9,4437.434
2025-11-30 19:00:00,895.91,896.63,893.94,894.99,1427.337
2025-11-30 20:00:00,895.0,897.0,892.4,895.32,3463.89
2025-11-30 21:00:00,895.33,895.55,886.79,889.06,6305.191
2025-11-30 22:00:00,889.07,890.11,885.61,888.37,3028.241
2025-11-30 23:00:00,888.38,888.53,874.2,875.31,8227.501
2025-12-01 00:00:00,875.3,877.12,834.3,834.5,60097.061
2025-12-01 01:00:00,834.5,845.47,834.21,837.79,18317.468
2025-12-01 02:00:00,837.82,842.51,834.04,836.01,15731.694
2025-12-01 03:00:00,836.0,836.99,827.59,829.4,19324.312
2025-12-01 04:00:00,829.39,829.66,821.88,823.17,13363.091
2025-12-01 05:00:00,823.17,824.63,820.73,823.29,9081.19
2025-12-01 06:00:00,823.3,829.98,822.55,828.03,14200.254
2025-12-01 07:00:00,828.03,832.97,825.33,832.43,8150.424
2025-12-01 08:00:00,832.44,833.39,827.7,829.91,12399.729
2025-12-01 09:00:00,829.9,832.18,823.0,823.63,18815.782
2025-12-01 10:00:00,823.63,828.04,823.63,828.0,10176.391
2025-12-01 11:00:00,828.01,828.01,823.8,824.86,12511.916
2025-12-01 12:00:00,824.86,824.95,814.42,821.43,18343.349
2025-12-01 13:00:00,821.43,826.39,815.33,816.48,14808.655
2025-12-01 14:00:00,816.48,824.99,815.9,819.86,14599.003
2025-12-01 15:00:00,819.87,820.41,801.7,811.85,30112.213
2025-12-01 16:00:00,811.86,816.51,808.41,810.11,10719.249
2025-12-01 17:00:00,810.11,816.22,810.11,812.52,6325.425
2025-12-01 18:00:00,812.53,818.86,812.05,817.31,5860.778
2025-12-01 19:00:00,817.31,817.56,811.6,814.7,3367.567
2025-12-01 20:00:00,814.69,821.11,814.61,817.31,7187.521
2025-12-01 21:00:00,817.31,824.73,817.17,822.99,7677.172
2025-12-01 22:00:00,823.0,830.22,823.0,826.9,6088.03
2025-12-01 23:00:00,826.89,832.32,826.61,826.61,5488.111
2025-12-02 00:00:00,826.6,827.8,823.8,826.3,3778.991
2025-12-02 01:00:00,826.29,834.0,825.6,828.96,6853.851
2025-12-02 02:00:00,828.96,833.57,826.58,827.62,7853.369
2025-12-02 03:00:00,827.61,830.06,820.46,828.38,9503.685
2025-12-02 04:00:00,828.39,832.69,828.2,832.58,5251.483
2025-12-02 05:00:00,832.58,833.0,828.59,831.72,6001.319
2025-12-02 06:00:00,831.71,832.94,829.25,831.74,3634.617
2025-12-02 07:00:00,831.74,831.9,828.7,830.94,5082.404
2025-12-02 08:00:00,830.93,831.24,825.25,829.05,11556.778
2025-12-02 09:00:00,829.05,837.4,828.84,836.2,11612.192
2025-12-02 10:00:00,836.2,843.21,834.02,840.97,12476.025
2025-12-02 11:00:00,840.96,845.3,839.42,843.23,7008.01
2025-12-02 12:00:00,843.23,843.7,839.74,841.6,7251.05
2025-12-02 13:00:00,841.59,846.85,839.81,845.77,8655.925
2025-12-02 14:00:00,845.77,860.22,845.14,859.59,22987.062
2025-12-02 15:00:00,859.59,875.6,858.61,871.4,33633.946
2025-12-02 16:00:00,871.39,875.93,865.23,872.8,15420.783
2025-12-02 17:00:00,872.8,881.03,870.83,876.93,11128.197
2025-12-02 18:00:00,876.92,884.99,876.7,880.89,10106.328
2025-12-02 19:00:00,880.88,885.0,879.15,882.58,7949.679
2025-12-02 20:00:00,882.57,882.9,872.6,875.8,13837.945
2025-12-02 21:00:00,875.8,879.3,875.33,877.91,3174.507
2025-12-02 22:00:00,877.9,881.96,877.87,880.3,4138.224
2025-12-02 23:00:00,880.3,881.36,875.98,876.61,4253.31
2025-12-03 00:00:00,876.6,879.0,873.6,878.51,5017.967
2025-12-03 01:00:00,878.51,886.57,878.25,883.42,9370.87
2025-12-03 02:00:00,883.41,889.56,881.4,887.14,11404.507
2025-12-03 03:00:00,887.15,889.51,885.62,887.82,6601.743
2025-12-03 04:00:00,887.81,895.0,887.37,894.86,7880.445
2025-12-03 05:00:00,894.87,902.07,894.01,901.8,15309.365
2025-12-03 06:00:00,901.8,910.57,896.3,898.83,23867.384
2025-12-03 07:00:00,898.83,899.79,894.17,896.55,9625.667
2025-12-03 08:00:00,896.55,897.57,893.6,896.05,4894.031
2025-12-03 09:00:00,896.05,901.59,894.48,900.15,5374.378
2025-12-03 10:00:00,900.15,901.0,895.01,896.84,5337.79
2025-12-03 11:00:00,896.85,899.3,893.57,898.92,5684.628
2025-12-03 12:00:00,898.92,903.48,898.13,901.33,7897.043
2025-12-03 13:00:00,901.34,905.48,900.57,900.95,6966.147
2025-12-03 14:00:00,900.95,906.19,887.79,895.58,28831.747
2025-12-03 15:00:00,895.58,901.5,891.34,897.2,11075.637
2025-12-03 16:00:00,897.2,903.36,892.85,899.06,8104.221
2025-12-03 17:00:00,899.07,907.74,898.37,907.07,8369.653
2025-12-03 18:00:00,907.06,908.0,900.81,902.5,5411.183
2025-12-03 19:00:00,902.51,907.21,902.0,906.99,2534.884
2025-12-03 20:00:00,906.99,911.82,905.0,907.99,6783.656
2025-12-03 21:00:00,908.0,917.06,907.11,916.61,7113.484
2025-12-03 22:00:00,916.61,920.0,911.9,918.83,10432.992
2025-12-03 23:00:00,918.83,922.63,916.8,920.76,13420.507
2025-12-04 00:00:00,920.77,925.9,914.89,922.48,16473.388
2025-12-04 01:00:00,922.48,928.24,919.6,919.9,10509.896
2025-12-04 02:00:00,919.9,925.88,918.8,921.86,8200.753
2025-12-04 03:00:00,921.85,922.82,915.94,916.8,6574.693
2025-12-04 04:00:00,916.81,919.12,912.61,913.17,6282.047
2025-12-04 05:00:00,913.17,913.45,906.3,908.07,9632.598
2025-12-04 06:00:00,908.08,915.34,908.0,913.41,7202.53
2025-12-04 07:00:00,913.42,913.78,909.58,910.79,5713.269
2025-12-04 08:00:00,910.79,911.9,907.36,908.5,4783.496
2025-12-04 09:00:00,908.5,913.17,908.4,911.01,4816.915
2025-12-04 10:00:00,911.0,912.0,908.78,909.93,3528.407
2025-12-04 11:00:00,909.93,910.89,907.07,908.88,3076.613
2025-12-04 12:00:00,908.88,910.23,907.6,908.7,2515.581
2025-12-04 13:00:00,908.7,909.42,902.48,903.13,6473.29
2025-12-04 14:00:00,903.13,910.53,901.78,902.69,8056.077
2025-12-04 15:00:00,902.69,916.13,902.47,910.76,10519.731
2025-12-04 16:00:00,910.76,912.43,904.9,906.08,7714.242
2025-12-04 17:00:00,906.07,906.98,898.09,905.69,7951.242
2025-12-04 18:00:00,905.7,905.9,898.53,899.69,5964.06
2025-12-04 19:00:00,899.69,900.26,886.79,898.52,14593.082
2025-12-04 20:00:00,898.52,901.8,896.0,901.45,6402.783
2025-12-04 21:00:00,901.46,902.91,897.15,897.4,4090.877
2025-12-04 22:00:00,897.4,904.18,897.4,902.19,2717.993
2025-12-04 23:00:00,902.19,902.65,899.43,899.92,1986.0
2025-12-05 00:00:00,899.92,904.4,899.4,902.77,2369.988
2025-12-05 01:00:00,902.77,907.06,901.72,903.64,3144.446
2025-12-05 02:00:00,903.64,906.6,901.8,904.64,2810.705
2025-12-05 03:00:00,904.65,906.72,900.22,901.81,2806.288
2025-12-05 04:00:00,901.8,905.6,900.29,902.2,3910.692
2025-12-05 05:00:00,902.2,903.92,898.37,899.82,3852.128
2025-12-05 06:00:00,899.82,904.46,899.81,904.38,3048.098
2025-12-05 07:00:00,904.38,907.92,901.19,901.65,4871.614
2025-12-05 08:00:00,901.64,902.32,897.43,899.49,3866.895
2025-12-05 09:00:00,899.49,899.5,889.53,890.94,9199.364
2025-12-05 10:00:00,890.93,896.39,890.83,894.64,4827.413
2025-12-05 11:00:00,894.65,895.92,890.41,894.09,3921.042
2025-12-05 12:00:00,894.09,894.1,891.46,892.8,3277.237
2025-12-05 13:00:00,892.8,894.5,884.88,886.58,10644.131
2025-12-05 14:00:00,886.58,890.8,884.59,887.73,7582.016
2025-12-05 15:00:00,887.73,900.18,887.49,888.87,15037.657
2025-12-05 16:00:00,888.86,889.39,870.18,878.92,22584.472
2025-12-05 17:00:00,878.92,884.14,876.0,882.96,7787.523
2025-12-05 18:00:00,882.96,887.27,877.11,877.64,6417.805
2025-12-05 19:00:00,877.64,885.54,874.9,883.69,6144.456
2025-12-05 20:00:00,883.69,885.15,879.87,880.41,3258.891
2025-12-05 21:00:00,880.41,883.1,879.37,880.69,2434.99
2025-12-05 22:00:00,880.7,884.39,878.5,882.7,1888.478
2025-12-05 23:00:00,882.71,884.56,878.7,883.57,1807.67
2025-12-06 00:00:00,883.57,885.68,881.11,885.41,2773.697
2025-12-06 01:00:00,885.42,886.74,883.15,884.61,2413.746
2025-12-06 02:00:00,884.62,884.87,881.7,884.82,2544.307
2025-12-06 03:00:00,884.82,888.52,884.71,887.54,3737.721
2025-12-06 04:00:00,887.53,888.1,883.84,884.3,1775.542
2025-12-06 05:00:00,884.31,885.1,882.23,883.39,2252.998
2025-12-06 06:00:00,883.39,884.69,881.8,884.69,2727.472
2025-12-06 07:00:00,884.7,886.53,883.15,884.76,2452.48
2025-12-06 08:00:00,884.76,884.76,878.01,878.4,3684.356
2025-12-06 09:00:00,878.4,883.56,878.24,882.83,2967.115
2025-12-06 10:00:00,882.83,884.79,882.12,883.38,2894.631
2025-12-06 11:00:00,883.38,885.1,883.03,883.58,2431.888
2025-12-06 12:00:00,883.58,885.37,883.17,883.75,4003.406
2025-12-06 13:00:00,883.74,889.97,883.51,889.59,3744.809
2025-12-06 14:00:00,889.6,896.91,887.31,894.61,9066.185
2025-12-06 15:00:00,894.61,894.99,888.31,890.28,4325.02
2025-12-06 16:00:00,890.29,897.9,889.41,895.21,5862.851
2025-12-06 17:00:00,895.21,895.39,891.79,893.75,3759.122
2025-12-06 18:00:00,893.75,893.84,890.33,891.2,2490.602
2025-12-06 19:00:00,891.19,892.17,888.15,889.57,4801.069
2025-12-06 20:00:00,889.57,894.95,889.57,894.21,3325.287
2025-12-06 21:00:00,894.2,895.73,893.0,894.36,2781.2
2025-12-06 22:00:00,894.35,895.2,891.17,891.72,2508.352
2025-12-06 23:00:00,891.73,892.77,889.3,890.38,1966.125
2025-12-07 00:00:00,890.38,893.71,889.84,893.26,2145.159
2025-12-07 01:00:00,893.26,894.32,892.2,893.01,1188.373
2025-12-07 02:00:00,893.01,896.85,893.0,896.4,3682.798
2025-12-07 03:00:00,896.4,898.22,894.79,897.92,3445.838
2025-12-07 04:00:00,897.92,898.0,895.21,895.91,1976.002
2025-12-07 05:00:00,895.9,896.5,893.11,894.13,2310.91
2025-12-07 06:00:00,894.14,896.82,893.93,895.21,2431.399
2025-12-07 07:00:00,895.21,895.56,891.0,891.52,3376.79
2025-12-07 08:00:00,891.52,893.39,888.97,891.13,3651.31
2025-12-07 09:00:00,891.13,891.69,886.79,887.04,3946.16
2025-12-07 10:00:00,887.05,891.69,886.57,889.62,3293.481
2025-12-07 11:00:00,889.62,891.0,887.4,887.88,3274.013
2025-12-07 12:00:00,887.88,893.89,887.65,892.99,2951.396
2025-12-07 13:00:00,892.99,893.36,884.8,886.8,5215.433
2025-12-07 14:00:00,886.79,887.5,870.23,873.66,20077.36
2025-12-07 15:00:00,873.66,892.58,870.7,890.3,17416.84
2025-12-07 16:00:00,890.3,894.83,886.6,894.32,6080.666
2025-12-07 17:00:00,894.32,903.84,890.81,899.3,17599.127
2025-12-07 18:00:00,899.31,906.0,899.3,901.72,5127.265
2025-12-07 19:00:00,901.73,903.8,900.18,903.8,2359.453
2025-12-07 20:00:00,903.8,905.21,902.96,903.75,2047.684
2025-12-07 21:00:00,903.74,903.74,893.23,896.25,5074.602
2025-12-07 22:00:00,896.24,896.24,881.08,889.03,10193.986
2025-12-07 23:00:00,889.01,895.1,886.94,894.37,3022.769
2025-12-08 00:00:00,894.38,898.62,891.12,896.36,4185.896
2025-12-08 01:00:00,896.37,909.68,895.72,902.39,8149.315
2025-12-08 02:00:00,902.4,903.49,899.44,902.66,4091.916
2025-12-08 03:00:00,902.67,903.2,899.9,902.01,3930.174
2025-12-08 04:00:00,902.02,905.8,900.57,903.34,4471.387
2025-12-08 05:00:00,903.34,903.46,900.42,902.26,3354.286
2025-12-08 06:00:00,902.26,904.4,902.0,902.76,2476.894
2025-12-08 07:00:00,902.76,905.84,900.9,903.1,4970.077
2025-12-08 08:00:00,903.1,907.2,902.62,906.5,3081.19
2025-12-08 09:00:00,906.5,912.65,906.31,909.85,7010.452
2025-12-08 10:00:00,909.84,910.95,907.97,909.89,3315.228
2025-12-08 11:00:00,909.89,910.12,904.79,905.93,4527.341
2025-12-08 12:00:00,905.93,908.56,904.22,908.24,4039.223
2025-12-08 13:00:00,908.24,911.44,906.49,910.36,5691.768
2025-12-08 14:00:00,910.37,913.29,904.15,904.46,11444.465
2025-12-08 15:00:00,904.47,906.97,896.33,896.56,12790.577
2025-12-08 16:00:00,896.57,900.81,892.77,894.32,7755.602
2025-12-08 17:00:00,894.31,897.76,891.75,896.59,4851.477
2025-12-08 18:00:00,896.6,898.36,888.93,891.1,5513.559
2025-12-08 19:00:00,891.1,897.18,891.02,894.78,2777.731
2025-12-08 20:00:00,894.78,902.0,894.75,900.94,3503.516
2025-12-08 21:00:00,900.95,905.0,898.93,904.3,4044.148
2025-12-08 22:00:00,904.3,904.6,897.95,899.52,2691.61
2025-12-08 23:00:00,899.52,900.61,896.31,897.12,2686.228
2025-12-09 00:00:00,897.13,899.74,895.82,896.12,2447.244
2025-12-09 01:00:00,896.12,896.86,890.77,892.19,4729.304
2025-12-09 02:00:00,892.2,895.06,891.23,891.7,3956.032
2025-12-09 03:00:00,891.71,894.93,888.16,894.04,5323.148
2025-12-09 04:00:00,894.05,896.26,890.21,891.01,4722.119
2025-12-09 05:00:00,891.01,892.38,888.77,889.09,4140.122
2025-12-09 06:00:00,889.09,890.49,884.54,887.61,11645.861
2025-12-09 07:00:00,887.61,890.13,887.2,889.16,2915.151
2025-12-09 08:00:00,889.18,889.19,886.16,887.75,7620.287
2025-12-09 09:00:00,887.75,887.89,884.81,885.78,4778.06
2025-12-09 10:00:00,885.78,888.39,883.58,886.88,4968.792
2025-12-09 11:00:00,886.88,887.75,884.87,887.16,3113.568
2025-12-09 12:00:00,887.17,889.21,885.73,888.3,4736.158
2025-12-09 13:00:00,888.3,889.18,881.78,883.99,7454.745
2025-12-09 14:00:00,884.0,886.03,882.15,885.4,5082.977
2025-12-09 15:00:00,885.4,908.9,885.01,907.67,26421.578
2025-12-09 16:00:00,907.67,926.96,907.67,923.02,41510.488
2025-12-09 17:00:00,923.02,928.0,915.65,918.29,20901.758
2025-12-09 18:00:00,918.3,920.53,914.61,916.73,8668.856
2025-12-09 19:00:00,916.73,917.19,913.15,914.21,5586.048
2025-12-09 20:00:00,914.21,914.4,904.13,908.5,8122.992
2025-12-09 21:00:00,908.5,909.59,893.97,899.45,10223.641
2025-12-09 22:00:00,899.45,904.47,899.42,902.91,5416.297
2025-12-09 23:00:00,902.9,903.04,897.16,897.3,5160.347
2025-12-10 00:00:00,897.3,898.96,891.2,891.33,11716.636
2025-12-10 01:00:00,891.33,892.66,887.26,890.64,12086.904
2025-12-10 02:00:00,890.63,893.21,888.34,890.85,4486.359
2025-12-10 03:00:00,890.84,891.8,889.5,890.51,5729.148
2025-12-10 04:00:00,890.51,893.0,889.1,890.28,4643.093
2025-12-10 05:00:00,890.27,893.43,889.22,892.98,5905.366
2025-12-10 06:00:00,893.0,897.05,892.1,894.31,6479.964
2025-12-10 07:00:00,894.31,894.31,891.14,894.19,3159.81
2025-12-10 08:00:00,894.2,895.1,892.17,892.17,2764.495
2025-12-10 09:00:00,892.18,894.1,889.02,892.86,7333.134
2025-12-10 10:00:00,892.86,896.16,886.98,887.8,11702.958
2025-12-10 11:00:00,887.8,889.31,884.53,886.67,6094.007
2025-12-10 12:00:00,886.67,888.16,884.27,887.86,6583.345
2025-12-10 13:00:00,887.85,892.12,887.69,891.6,7508.44
2025-12-10 14:00:00,891.59,892.09,887.55,890.05,6589.275
2025-12-10 15:00:00,890.05,892.6,887.34,891.4,6128.308
2025-12-10 16:00:00,891.39,897.8,889.73,896.48,10813.008
2025-12-10 17:00:00,896.47,897.74,893.65,896.3,5419.137
2025-12-10 18:00:00,896.29,902.92,894.19,898.63,8988.388
2025-12-10 19:00:00,898.64,905.17,892.52,901.95,17011.665
2025-12-10 20:00:00,901.96,915.0,897.25,898.84,17439.139
2025-12-10 21:00:00,898.88,902.32,894.13,896.94,8050.254
2025-12-10 22:00:00,896.94,900.47,890.72,898.3,6218.788
2025-12-10 23:00:00,898.3,901.2,892.72,893.43,3481.4
2025-12-11 00:00:00,893.43,894.7,881.13,883.61,8894.253
2025-12-11 01:00:00,883.6,884.12,873.57,876.6,14011.673
2025-12-11 02:00:00,876.6,876.8,863.47,866.99,20572.537
2025-12-11 03:00:00,866.99,869.69,861.46,868.19,10044.435
2025-12-11 04:00:00,868.19,871.99,864.84,870.99,7787.833
2025-12-11 05:00:00,871.0,873.86,867.0,872.27,7092.097
2025-12-11 06:00:00,872.26,873.08,868.4,869.98,6853.443
2025-12-11 07:00:00,869.98,870.99,866.29,866.88,5206.789
2025-12-11 08:00:00,866.87,867.18,862.25,865.12,11030.077
2025-12-11 09:00:00,865.12,868.36,864.7,866.88,4725.39
2025-12-11 10:00:00,866.89,867.79,864.93,865.91,2980.662
2025-12-11 11:00:00,865.91,869.0,865.42,866.61,3407.878
2025-12-11 12:00:00,866.6,868.79,864.6,866.32,5400.176
2025-12-11 13:00:00,866.32,868.66,866.11,867.84,4833.061
2025-12-11 14:00:00,867.84,869.0,859.54,861.62,12277.68
2025-12-11 15:00:00,861.62,870.9,860.7,865.91,10045.304
2025-12-11 16:00:00,865.9,869.54,861.09,866.48,5482.284
2025-12-11 17:00:00,866.48,871.55,865.67,869.2,4720.15
2025-12-11 18:00:00,869.21,881.21,868.5,875.4,7286.457
2025-12-11 19:00:00,875.4,881.1,873.7,876.05,5278.248
2025-12-11 20:00:00,876.05,880.95,875.83,880.49,5039.497
2025-12-11 21:00:00,880.49,891.5,879.7,888.42,9692.086
2025-12-11 22:00:00,888.43,890.53,883.36,884.21,5143.064
2025-12-11 23:00:00,884.21,889.1,883.1,885.91,4671.79
2025-12-12 00:00:00,885.92,888.0,880.0,880.24,5403.267
2025-12-12 01:00:00,880.25,889.08,880.25,886.51,5322.699
2025-12-12 02:00:00,886.51,892.91,885.88,892.65,4144.495
2025-12-12 03:00:00,892.66,896.07,889.71,892.42,5431.084
2025-12-12 04:00:00,892.41,892.67,888.56,888.96,3562.335
2025-12-12 05:00:00,888.96,891.42,886.27,891.08,4290.433
2025-12-12 06:00:00,891.08,894.15,891.03,891.24,4197.829
2025-12-12 07:00:00,891.23,891.53,888.6,889.25,4307.013
2025-12-12 08:00:00,889.26,889.48,885.24,886.79,5237.2
2025-12-12 09:00:00,886.8,887.8,885.16,887.51,2803.026
2025-12-12 10:00:00,887.51,888.2,885.0,885.07,3894.584
2025-12-12 11:00:00,885.07,886.23,883.5,886.09,4857.645
2025-12-12 12:00:00,886.08,887.99,885.16,887.92,2450.179
2025-12-12 13:00:00,887.91,888.86,886.31,887.79,2876.619
2025-12-12 14:00:00,887.8,892.31,887.3,891.35,6926.202
2025-12-12 15:00:00,891.35,891.35,872.37,874.18,17123.497
2025-12-12 16:00:00,874.18,879.49,870.58,875.94,10914.056
2025-12-12 17:00:00,875.94,880.3,873.85,875.3,4390.256
2025-12-12 18:00:00,875.3,882.11,874.5,879.95,4130.682
2025-12-12 19:00:00,879.96,880.0,875.2,877.35,2088.205
2025-12-12 20:00:00,877.35,878.1,875.2,877.09,1779.433
2025-12-12 21:00:00,877.1,879.7,876.44,878.6,1364.815
2025-12-12 22:00:00,878.61,881.81,878.47,881.59,2024.978
2025-12-12 23:00:00,881.6,882.66,881.4,881.58,1119.934
2025-12-13 00:00:00,881.59,883.51,880.7,881.07,3634.504
2025-12-13 01:00:00,881.06,882.18,880.32,881.91,3071.622
2025-12-13 02:00:00,881.91,885.4,881.91,883.84,2020.134
2025-12-13 03:00:00,883.85,887.63,883.71,887.35,2435.922
2025-12-13 04:00:00,887.34,887.8,885.37,886.3,2602.602
2025-12-13 05:00:00,886.31,887.2,884.8,885.71,2120.699
2025-12-13 06:00:00,885.72,888.08,883.7,888.07,3614.435
2025-12-13 07:00:00,888.07,889.2,885.79,886.21,2736.514
2025-12-13 08:00:00,886.2,889.91,885.8,888.92,4395.393
2025-12-13 09:00:00,888.93,889.99,887.9,889.42,3676.499
2025-12-13 10:00:00,889.42,894.26,888.77,892.92,5783.481
2025-12-13 11:00:00,892.93,893.3,891.04,892.11,3468.01
2025-12-13 12:00:00,892.1,894.11,891.05,891.49,3180.99
2025-12-13 13:00:00,891.49,893.59,891.01,891.98,3596.327
2025-12-13 14:00:00,891.99,893.05,886.94,891.29,6461.987
2025-12-13 15:00:00,891.3,899.99,891.29,898.92,12522.062
2025-12-13 16:00:00,898.92,904.22,897.01,897.49,10181.456
2025-12-13 17:00:00,897.5,898.56,894.8,895.59,4275.785
2025-12-13 18:00:00,895.6,896.89,891.2,892.13,3162.342
2025-12-13 19:00:00,892.13,895.04,891.87,893.49,1663.851
2025-12-13 20:00:00,893.48,896.0,893.43,893.67,1852.441
2025-12-13 21:00:00,893.67,894.69,889.49,894.29,1993.805
2025-12-13 22:00:00,894.28,896.75,893.17,895.69,2099.873
2025-12-13 23:00:00,895.68,897.36,894.9,896.82,1850.32
2025-12-14 00:00:00,896.82,899.5,895.4,896.65,3244.534
2025-12-14 01:00:00,896.64,898.72,895.45,895.99,2311.298
2025-12-14 02:00:00,896.0,896.75,894.26,896.4,2487.384
2025-12-14 03:00:00,896.4,897.0,895.05,895.55,1983.603
2025-12-14 04:00:00,895.55,896.77,893.97,894.76,3188.021
2025-12-14 05:00:00,894.77,894.77,892.11,894.07,2731.376
2025-12-14 06:00:00,894.08,894.56,892.49,893.32,2257.764
2025-12-14 07:00:00,893.34,896.54,892.52,896.18,2587.41
2025-12-14 08:00:00,896.19,898.68,896.18,896.91,3061.669
2025-12-14 09:00:00,896.91,897.29,894.68,894.69,3457.189
2025-12-14 10:00:00,894.69,894.7,890.06,893.09,4973.475
2025-12-14 11:00:00,893.09,893.09,884.12,888.77,9406.618
2025-12-14 12:00:00,888.78,894.1,886.5,892.0,6326.056
2025-12-14 13:00:00,892.01,892.01,887.34,891.52,7531.526
2025-12-14 14:00:00,891.51,894.73,885.61,888.06,5447.47
2025-12-14 15:00:00,888.05,888.18,883.04,886.51,4686.904
2025-12-14 16:00:00,886.52,888.5,883.59,886.18,3993.372
2025-12-14 17:00:00,886.18,887.36,880.77,882.88,6590.244
2025-12-14 18:00:00,882.88,886.0,881.94,885.89,2996.905
2025-12-14 19:00:00,885.88,885.92,881.12,883.31,4405.922
2025-12-14 20:00:00,883.31,884.9,880.01,882.11,5603.145
2025-12-14 21:00:00,882.11,884.03,878.51,879.71,5445.62
2025-12-14 22:00:00,879.71,882.11,874.7,878.54,9242.497
2025-12-14 23:00:00,878.54,880.23,870.11,877.27,6954.026
2025-12-15 00:00:00,877.27,883.15,876.31,882.7,4940.166
2025-12-15 01:00:00,882.7,888.72,880.24,887.8,8868.291
2025-12-15 02:00:00,887.8,895.42,887.51,888.81,7418.054
2025-12-15 03:00:00,888.82,890.54,887.66,888.96,3790.057
2025-12-15 04:00:00,888.95,890.49,886.76,889.31,3793.888
2025-12-15 05:00:00,889.32,890.36,887.52,888.09,3242.72
2025-12-15 06:00:00,888.1,891.42,886.6,890.34,5218.385
2025-12-15 07:00:00,890.35,891.6,887.52,889.38,4044.875
2025-12-15 08:00:00,889.38,890.28,887.7,889.27,4441.784
2025-12-15 09:00:00,889.27,892.41,889.26,891.05,4165.815
2025-12-15 10:00:00,891.06,893.32,889.76,890.21,7706.724
2025-12-15 11:00:00,890.2,890.56,887.12,887.76,3313.311
2025-12-15 12:00:00,887.75,889.2,885.84,888.57,4796.824
2025-12-15 13:00:00,888.57,889.08,885.14,886.92,4652.862
2025-12-15 14:00:00,886.92,890.2,869.19,871.64,17143.988
2025-12-15 15:00:00,871.64,871.64,852.0,859.14,44449.302
2025-12-15 16:00:00,859.13,859.95,848.48,852.22,21699.292
2025-12-15 17:00:00,852.21,853.29,842.36,844.54,15353.269
2025-12-15 18:00:00,844.54,851.65,840.75,851.19,10926.412
2025-12-15 19:00:00,851.19,855.05,848.6,849.95,7544.883
2025-12-15 20:00:00,849.95,850.0,844.7,846.24,5156.016
2025-12-15 21:00:00,846.24,853.47,845.61,853.21,4752.679
2025-12-15 22:00:00,853.22,853.94,850.47,853.89,4522.523
2025-12-15 23:00:00,853.9,859.09,853.9,858.6,8925.751
2025-12-16 00:00:00,858.61,858.75,852.35,852.76,6347.027
2025-12-16 01:00:00,852.77,856.9,851.65,854.57,6370.252
2025-12-16 02:00:00,854.57,858.3,851.7,856.02,4438.026
2025-12-16 03:00:00,856.01,857.0,850.57,855.45,5635.468
2025-12-16 04:00:00,855.46,856.73,847.0,854.6,10554.476
2025-12-16 05:00:00,854.59,856.79,853.29,856.46,11338.425
2025-12-16 06:00:00,856.47,865.72,856.46,865.32,5948.259
2025-12-16 07:00:00,865.33,865.9,858.79,859.57,6046.758
2025-12-16 08:00:00,859.58,861.8,857.03,858.34,5820.691
2025-12-16 09:00:00,858.33,862.2,857.72,859.86,6478.312
2025-12-16 10:00:00,859.86,865.5,858.91,862.1,6157.064
2025-12-16 11:00:00,862.1,866.25,861.7,865.8,6124.932
2025-12-16 12:00:00,865.8,870.0,865.48,868.16,18308.509
2025-12-16 13:00:00,868.15,872.06,861.46,861.72,21281.477
2025-12-16 14:00:00,861.71,874.39,858.56,872.18,16919.866
2025-12-16 15:00:00,872.18,878.44,868.12,876.65,17244.318
2025-12-16 16:00:00,876.64,876.66,870.07,870.91,18419.476
2025-12-16 17:00:00,870.91,872.79,866.89,867.2,11644.321
2025-12-16 18:00:00,867.19,873.51,866.26,871.49,11740.084
2025-12-16 19:00:00,871.48,872.0,866.99,870.37,8685.399
2025-12-16 20:00:00,870.36,872.25,869.1,870.41,7429.402
2025-12-16 21:00:00,870.42,873.48,869.25,872.48,10650.372
2025-12-16 22:00:00,872.47,874.96,871.67,873.66,7820.915
2025-12-16 23:00:00,873.66,875.78,872.3,875.63,9431.507
2025-12-17 00:00:00,875.64,875.75,870.44,871.13,10565.944
2025-12-17 01:00:00,871.13,874.96,870.01,870.99,3961.03
2025-12-17 02:00:00,870.99,871.16,865.11,867.33,8566.172
2025-12-17 03:00:00,867.34,868.34,862.0,863.43,12718.22
2025-12-17 04:00:00,863.44,863.5,858.88,859.0,15226.156
2025-12-17 05:00:00,858.99,860.32,855.55,858.86,10363.114
2025-12-17 06:00:00,858.86,868.13,858.42,865.88,19769.18
2025-12-17 07:00:00,865.89,871.13,865.01,868.06,17764.553
2025-12-17 08:00:00,868.07,868.07,862.38,862.61,18580.623
2025-12-17 09:00:00,862.6,864.89,860.67,860.7,11982.674
2025-12-17 10:00:00,860.71,861.19,855.41,856.55,20036.291
2025-12-17 11:00:00,856.56,860.86,856.1,859.82,13628.429
2025-12-17 12:00:00,859.84,861.06,857.3,860.59,18829.489
2025-12-17 13:00:00,860.59,864.9,857.7,862.44,15648.962
2025-12-17 14:00:00,862.44,869.4,855.0,869.26,40022.015
2025-12-17 15:00:00,869.26,876.16,852.74,853.78,47157.466
2025-12-17 16:00:00,853.77,857.96,840.07,847.39,32314.289
2025-12-17 17:00:00,847.39,849.61,842.19,843.73,14005.586
2025-12-17 18:00:00,843.73,847.04,836.7,837.85,16008.588
2025-12-17 19:00:00,837.86,841.45,833.39,840.8,13977.057
2025-12-17 20:00:00,840.8,844.9,838.75,842.35,4504.571
2025-12-17 21:00:00,842.33,843.2,837.68,838.72,2977.417
2025-12-17 22:00:00,838.72,843.71,836.74,843.69,4368.763
2025-12-17 23:00:00,843.69,843.8,840.6,843.07,5096.62
2025-12-18 00:00:00,843.07,845.94,840.7,845.6,5871.865
2025-12-18 01:00:00,845.6,845.6,839.06,841.24,6324.275
2025-12-18 02:00:00,841.24,846.76,839.91,845.43,8838.051
2025-12-18 03:00:00,845.43,845.43,833.2,836.7,14682.19
2025-12-18 04:00:00,836.69,839.5,836.09,836.41,9140.448
2025-12-18 05:00:00,836.41,836.84,830.12,831.49,15099.918
2025-12-18 06:00:00,831.5,835.0,830.49,834.74,7015.112
2025-12-18 07:00:00,834.75,835.96,832.76,833.72,13867.422
2025-12-18 08:00:00,833.72,837.73,832.78,836.13,16794.089
2025-12-18 09:00:00,836.13,839.84,834.31,839.03,20646.848
2025-12-18 10:00:00,839.04,841.73,837.82,840.12,10224.495
2025-12-18 11:00:00,840.13,840.26,837.0,839.72,10023.256
2025-12-18 12:00:00,839.73,841.04,837.31,838.98,20588.396
2025-12-18 13:00:00,838.99,852.4,838.99,848.88,38882.986
2025-12-18 14:00:00,848.87,853.49,838.17,843.74,32404.006
2025-12-18 15:00:00,843.75,851.34,840.03,848.22,26875.962
2025-12-18 16:00:00,848.22,848.93,843.93,845.45,14810.787
2025-12-18 17:00:00,845.44,845.53,819.1,831.91,43627.075
2025-12-18 18:00:00,831.91,839.0,830.26,832.09,31578.632
2025-12-18 19:00:00,832.1,832.72,818.39,820.53,35238.14
2025-12-18 20:00:00,820.52,826.81,820.19,820.73,15118.023
2025-12-18 21:00:00,820.73,830.57,820.73,830.27,11334.146
2025-12-18 22:00:00,830.28,831.91,828.13,831.7,11268.228
2025-12-18 23:00:00,831.7,831.86,828.33,830.07,11770.528
2025-12-19 00:00:00,830.08,832.47,827.95,831.08,7122.539
2025-12-19 01:00:00,831.08,831.17,823.12,825.18,13301.633
2025-12-19 02:00:00,825.17,828.82,822.38,826.68,21414.688
2025-12-19 03:00:00,826.68,841.93,826.45,837.66,29709.502
2025-12-19 04:00:00,837.67,841.04,835.76,837.21,27066.415
2025-12-19 05:00:00,837.2,839.58,835.51,839.35,31679.798
2025-12-19 06:00:00,839.35,843.9,838.19,843.72,38909.801
2025-12-19 07:00:00,843.73,850.22,842.25,843.15,69226.278
2025-12-19 08:00:00,843.15,845.94,842.15,844.88,155315.557
2025-12-19 09:00:00,844.89,847.48,843.36,845.58,226157.229
2025-12-19 10:00:00,845.58,847.07,843.12,845.4,513571.226
2025-12-19 11:00:00,845.4,849.48,844.7,849.1,6712.74
2025-12-19 12:00:00,849.11,849.41,845.54,845.57,6188.103
2025-12-19 13:00:00,845.57,848.36,845.57,847.78,4463.901
2025-12-19 14:00:00,847.78,850.73,843.6,848.29,10851.461
2025-12-19 15:00:00,848.28,855.0,844.44,846.6,12945.329
2025-12-19 16:00:00,846.61,853.35,845.95,848.28,7512.327
2025-12-19 17:00:00,848.28,850.59,843.6,844.95,10445.651
2025-12-19 18:00:00,844.96,851.0,844.96,849.33,6083.714
2025-12-19 19:00:00,849.33,857.99,849.33,856.15,7328.311
2025-12-19 20:00:00,856.15,862.33,854.23,860.44,8835.808
2025-12-19 21:00:00,860.44,860.49,854.24,854.84,6609.23
2025-12-19 22:00:00,854.84,857.19,854.83,856.28,3761.151
2025-12-19 23:00:00,856.28,857.13,854.71,856.17,2134.565
2025-12-20 00:00:00,856.17,857.1,853.76,854.26,2255.2
2025-12-20 01:00:00,854.26,854.31,852.39,852.78,2003.857
2025-12-20 02:00:00,852.78,856.9,852.59,855.8,2253.646
2025-12-20 03:00:00,855.8,859.7,855.79,858.41,4247.37
2025-12-20 04:00:00,858.41,858.59,854.11,854.36,3985.254
2025-12-20 05:00:00,854.36,856.03,852.18,854.15,5620.354
2025-12-20 06:00:00,854.15,855.08,852.43,853.8,2648.285
2025-12-20 07:00:00,853.8,854.29,852.26,853.85,2482.158
2025-12-20 08:00:00,853.84,856.33,853.4,853.61,2073.518
2025-12-20 09:00:00,853.62,854.09,853.07,853.25,2659.07
2025-12-20 10:00:00,853.24,853.26,850.95,852.48,2777.734
2025-12-20 11:00:00,852.48,853.76,851.2,853.57,2529.672
2025-12-20 12:00:00,853.56,853.76,852.75,853.14,1996.81
2025-12-20 13:00:00,853.13,853.77,850.9,853.1,3729.168
2025-12-20 14:00:00,853.1,853.15,851.0,853.05,2210.418
2025-12-20 15:00:00,853.04,853.97,851.6,853.97,2975.485
2025-12-20 16:00:00,853.97,854.35,853.05,854.26,1519.876
2025-12-20 17:00:00,854.27,854.6,853.11,853.47,1036.293
2025-12-20 18:00:00,853.47,854.16,852.54,853.29,1034.234
2025-12-20 19:00:00,853.28,853.6,852.68,853.05,569.098
2025-12-20 20:00:00,853.05,853.63,852.62,853.29,1547.351
2025-12-20 21:00:00,853.3,853.67,852.5,852.5,925.683
2025-12-20 22:00:00,852.51,853.05,851.01,852.83,1512.694
2025-12-20 23:00:00,852.83,855.12,851.93,854.17,2421.904
2025-12-21 00:00:00,854.17,855.21,853.36,854.29,1272.276
2025-12-21 01:00:00,854.29,854.29,851.62,851.8,1933.274
2025-12-21 02:00:00,851.81,852.8,846.84,847.67,4136.755
2025-12-21 03:00:00,847.67,851.21,847.34,850.3,1894.885
2025-12-21 04:00:00,850.31,850.81,848.5,848.63,1819.609
2025-12-21 05:00:00,848.63,849.87,848.2,848.4,1162.086
2025-12-21 06:00:00,848.41,850.53,848.24,849.81,2072.859
2025-12-21 07:00:00,849.82,850.37,848.58,849.89,2995.004
2025-12-21 08:00:00,849.88,856.13,848.99,854.0,3707.307
2025-12-21 09:00:00,854.0,858.28,852.53,857.21,4457.018
2025-12-21 10:00:00,857.21,859.91,855.0,856.21,3479.758
2025-12-21 11:00:00,856.2,857.98,855.6,856.79,2073.687
2025-12-21 12:00:00,856.78,859.5,855.81,858.5,3647.441
2025-12-21 13:00:00,858.49,858.66,845.57,846.71,9725.596
2025-12-21 14:00:00,846.7,850.69,845.95,850.31,3664.142
2025-12-21 15:00:00,850.31,850.31,845.5,848.59,4389.025
2025-12-21 16:00:00,848.59,852.37,846.4,852.25,3342.615
2025-12-21 17:00:00,852.25,856.29,851.8,853.4,3615.208
2025-12-21 18:00:00,853.4,853.52,850.87,852.97,1473.577
2025-12-21 19:00:00,852.97,856.66,852.97,855.69,2702.413
2025-12-21 20:00:00,855.7,856.63,853.73,853.93,951.632
2025-12-21 21:00:00,853.93,855.0,851.2,851.82,995.105
2025-12-21 22:00:00,851.84,857.0,851.46,856.78,1840.259
2025-12-21 23:00:00,856.78,859.63,855.64,858.64,2635.286
2025-12-22 00:00:00,858.63,867.84,858.63,859.3,7895.456
2025-12-22 01:00:00,859.3,863.88,857.55,857.66,3974.819
2025-12-22 02:00:00,857.71,858.13,850.85,855.7,6127.502
2025-12-22 03:00:00,855.69,857.88,853.8,856.0,3364.32
2025-12-22 04:00:00,856.01,859.73,855.14,859.41,2594.385
2025-12-22 05:00:00,859.42,859.73,855.92,856.95,4337.743
2025-12-22 06:00:00,856.95,860.71,856.4,859.04,4113.788
2025-12-22 07:00:00,859.03,861.04,858.2,858.69,6967.471
2025-12-22 08:00:00,858.69,868.22,858.5,863.88,15153.558
2025-12-22 09:00:00,863.88,867.66,861.98,862.21,10780.396
2025-12-22 10:00:00,862.2,867.0,860.0,866.25,15309.123
2025-12-22 11:00:00,866.25,866.58,864.13,865.4,5384.32
2025-12-22 12:00:00,865.4,871.0,864.79,866.52,9515.098
2025-12-22 13:00:00,866.51,867.39,862.84,864.41,4630.847
2025-12-22 14:00:00,864.4,869.55,863.4,867.93,6504.197
2025-12-22 15:00:00,867.93,869.91,861.77,867.75,5902.458
2025-12-22 16:00:00,867.76,868.94,865.59,866.98,5585.359
2025-12-22 17:00:00,866.97,868.18,864.87,867.56,3347.099
2025-12-22 18:00:00,867.55,869.16,865.62,866.55,3213.747
2025-12-22 19:00:00,866.55,866.55,857.0,857.6,8413.074
2025-12-22 20:00:00,857.6,858.67,853.5,855.63,6832.896
2025-12-22 21:00:00,855.63,858.74,855.4,856.15,2856.958
2025-12-22 22:00:00,856.15,861.18,855.5,860.38,2557.126
2025-12-22 23:00:00,860.39,860.46,857.26,858.66,1914.248
2025-12-23 00:00:00,858.67,861.46,858.0,860.14,2631.628
2025-12-23 01:00:00,860.14,860.64,857.19,858.4,2070.581
2025-12-23 02:00:00,858.41,859.7,854.65,855.43,3516.044
2025-12-23 03:00:00,855.44,857.7,852.23,857.27,4010.24
2025-12-23 04:00:00,857.27,857.8,854.47,855.07,2559.881
2025-12-23 05:00:00,855.07,855.49,851.36,852.9,4458.592
2025-12-23 06:00:00,852.91,852.91,847.06,849.14,7867.611
2025-12-23 07:00:00,849.15,850.47,847.76,848.61,4881.918
2025-12-23 08:00:00,848.6,850.38,847.97,848.68,2536.656
2025-12-23 09:00:00,848.68,850.22,848.04,849.33,4239.279
2025-12-23 10:00:00,849.34,851.89,849.33,851.33,2291.287
2025-12-23 11:00:00,851.32,853.29,851.0,852.97,2695.163
2025-12-23 12:00:00,852.97,852.98,849.04,850.0,3156.39
2025-12-23 13:00:00,850.01,851.04,846.37,848.44,5218.242
2025-12-23 14:00:00,848.43,850.2,838.24,840.78,12695.205
2025-12-23 15:00:00,840.78,844.85,838.44,844.17,8554.166
2025-12-23 16:00:00,844.17,850.23,842.4,848.88,6846.354
2025-12-23 17:00:00,848.88,849.62,839.0,839.02,5367.191
2025-12-23 18:00:00,839.02,846.12,839.01,845.22,4684.644
2025-12-23 19:00:00,845.23,846.11,840.38,841.44,4188.902
2025-12-23 20:00:00,841.43,847.66,840.2,843.4,3011.971
2025-12-23 21:00:00,843.4,845.44,842.6,845.05,1366.866
2025-12-23 22:00:00,845.06,845.91,841.19,843.13,2882.367
2025-12-23 23:00:00,843.13,845.12,841.7,844.3,2163.696
2025-12-24 00:00:00,844.3,846.81,843.68,846.68,1714.509
2025-12-24 01:00:00,846.69,847.8,843.22,843.91,1641.549
2025-12-24 02:00:00,843.91,844.0,836.46,838.85,6413.122
2025-12-24 03:00:00,838.84,841.66,836.29,840.75,3334.124
2025-12-24 04:00:00,840.75,842.52,839.37,839.48,3730.122
2025-12-24 05:00:00,839.48,840.65,836.77,838.1,5588.095
2025-12-24 06:00:00,838.11,839.04,836.21,838.9,3542.417
2025-12-24 07:00:00,838.9,840.62,838.0,838.0,4995.729
2025-12-24 08:00:00,838.0,838.33,835.5,836.37,4532.363
2025-12-24 09:00:00,836.38,837.66,835.21,836.08,6222.08
2025-12-24 10:00:00,836.08,839.26,835.97,837.42,4433.486
2025-12-24 11:00:00,837.41,839.63,837.41,837.99,2477.832
2025-12-24 12:00:00,837.99,840.9,837.12,840.77,3270.972
2025-12-24 13:00:00,840.77,841.72,838.7,840.87,3001.116
2025-12-24 14:00:00,840.87,843.26,835.63,838.66,4526.648
2025-12-24 15:00:00,838.66,842.66,836.78,841.2,4320.29
2025-12-24 16:00:00,841.2,845.36,839.9,844.43,4882.107
2025-12-24 17:00:00,844.43,846.9,843.25,844.8,3164.8
2025-12-24 18:00:00,844.8,849.0,843.77,846.24,4022.029
2025-12-24 19:00:00,846.23,847.87,845.71,847.78,1407.445
2025-12-24 20:00:00,847.79,850.0,847.79,848.81,1602.115
2025-12-24 21:00:00,848.8,849.43,847.25,847.61,1874.378
2025-12-24 22:00:00,847.61,849.68,846.19,849.26,3099.876
2025-12-24 23:00:00,849.27,849.35,846.56,846.58,1120.577
2025-12-25 00:00:00,846.57,847.92,845.0,845.59,1723.229
2025-12-25 01:00:00,845.6,847.84,845.6,847.21,1002.542
2025-12-25 02:00:00,847.22,847.99,845.76,846.38,1573.326
2025-12-25 03:00:00,846.37,846.42,843.94,844.95,2096.436
2025-12-25 04:00:00,844.96,845.28,843.47,843.63,1981.127
2025-12-25 05:00:00,843.63,843.63,842.0,843.22,2330.046
2025-12-25 06:00:00,843.22,844.04,842.16,843.7,1980.882
2025-12-25 07:00:00,843.7,843.71,842.19,843.29,1868.392
2025-12-25 08:00:00,843.29,844.53,839.09,840.91,4172.078
2025-12-25 09:00:00,840.91,841.4,839.72,840.98,2229.282
2025-12-25 10:00:00,840.98,841.12,835.3,836.75,4507.684
2025-12-25 11:00:00,836.76,838.51,836.6,837.6,2319.076
2025-12-25 12:00:00,837.6,838.07,836.63,838.07,2299.254
2025-12-25 13:00:00,838.07,838.88,835.11,836.95,3569.921
2025-12-25 14:00:00,836.95,838.3,836.29,838.0,2797.617
2025-12-25 15:00:00,838.0,844.69,837.4,842.53,6313.492
2025-12-25 16:00:00,842.52,842.96,839.75,840.95,3586.266
2025-12-25 17:00:00,840.95,841.91,840.0,841.21,1886.57
2025-12-25 18:00:00,841.2,842.85,840.08,841.95,3702.925
2025-12-25 19:00:00,841.95,842.31,840.54,841.35,1011.128
2025-12-25 20:00:00,841.35,841.5,839.59,840.74,982.557
2025-12-25 21:00:00,840.74,843.5,840.65,842.4,1753.683
2025-12-25 22:00:00,842.41,842.61,835.39,837.11,3390.051
2025-12-25 23:00:00,837.12,838.7,826.81,829.64,13699.523
2025-12-26 00:00:00,829.63,831.64,828.0,830.29,8310.973
2025-12-26 01:00:00,830.29,833.19,829.87,832.52,3384.946
2025-12-26 02:00:00,832.52,844.8,831.76,842.37,12563.52
2025-12-26 03:00:00,842.38,843.13,838.2,840.77,4717.836
2025-12-26 04:00:00,840.77,841.64,837.44,841.31,2696.509
2025-12-26 05:00:00,841.32,841.66,839.67,841.08,2009.867
2025-12-26 06:00:00,841.09,844.62,841.09,843.89,3540.168
2025-12-26 07:00:00,843.89,847.16,839.73,840.88,6584.176
2025-12-26 08:00:00,840.89,842.83,840.49,841.8,6007.499
2025-12-26 09:00:00,841.8,843.16,840.49,842.32,4413.265
2025-12-26 10:00:00,842.32,842.83,840.52,840.67,2357.846
2025-12-26 11:00:00,840.67,840.68,838.86,839.26,2508.214
2025-12-26 12:00:00,839.27,842.1,839.26,841.67,2852.815
2025-12-26 13:00:00,841.67,843.4,841.03,843.11,2822.401
2025-12-26 14:00:00,843.11,843.4,830.05,830.22,9718.538
2025-12-26 15:00:00,830.21,830.21,821.21,828.93,20974.186
2025-12-26 16:00:00,828.94,832.01,827.96,828.6,4485.711
2025-12-26 17:00:00,828.59,833.5,828.57,831.47,3669.104
2025-12-26 18:00:00,831.47,834.9,831.25,833.45,2813.997
2025-12-26 19:00:00,833.45,834.77,831.16,832.83,5088.819
2025-12-26 20:00:00,832.83,838.19,832.02,836.46,3645.882
2025-12-26 21:00:00,836.45,837.44,834.76,834.76,1640.194
2025-12-26 22:00:00,834.76,835.56,833.76,835.5,2194.677
2025-12-26 23:00:00,835.49,835.6,834.17,834.72,1231.643
2025-12-27 00:00:00,834.72,836.42,834.71,835.57,1640.298
2025-12-27 01:00:00,835.57,836.5,834.56,836.24,1453.56
2025-12-27 02:00:00,836.25,836.42,834.0,835.27,2323.652
2025-12-27 03:00:00,835.27,836.48,834.75,836.2,1882.755
2025-12-27 04:00:00,836.2,836.39,834.15,835.75,2179.445
2025-12-27 05:00:00,835.75,837.25,835.01,837.24,2101.252
2025-12-27 06:00:00,837.24,840.2,836.6,839.53,4063.4
2025-12-27 07:00:00,839.54,843.09,839.3,840.57,6978.256
2025-12-27 08:00:00,840.56,843.22,840.06,840.25,7446.436
2025-12-27 09:00:00,840.25,841.98,838.39,838.69,9438.928
2025-12-27 10:00:00,838.7,843.42,837.62,841.65,17019.164
2025-12-27 11:00:00,841.65,841.72,840.1,840.96,3497.016
2025-12-27 12:00:00,840.97,841.46,839.52,840.03,4329.62
2025-12-27 13:00:00,840.03,841.15,839.31,840.31,3224.286
2025-12-27 14:00:00,840.31,840.59,838.59,839.4,3370.87
2025-12-27 15:00:00,839.4,841.53,838.47,840.9,3069.213
2025-12-27 16:00:00,840.9,841.77,840.25,840.58,1923.641
2025-12-27 17:00:00,840.59,841.4,839.44,840.14,2557.367
2025-12-27 18:00:00,840.14,840.45,839.7,839.88,1051.313
2025-12-27 19:00:00,839.89,840.95,839.65,840.95,792.855
2025-12-27 20:00:00,840.95,841.92,839.79,840.29,1638.927
2025-12-27 21:00:00,840.3,842.49,840.29,842.37,1127.18
2025-12-27 22:00:00,842.37,846.54,841.08,842.12,4027.918
2025-12-27 23:00:00,842.13,846.38,842.12,845.04,2745.014
2025-12-28 00:00:00,845.05,845.68,842.59,842.61,2878.654
2025-12-28 01:00:00,842.61,843.3,839.2,840.29,2988.333
2025-12-28 02:00:00,840.3,842.59,840.05,841.5,2043.44
2025-12-28 03:00:00,841.49,842.0,840.5,841.6,1602.35
2025-12-28 04:00:00,841.61,844.05,841.4,843.03,1714.135
2025-12-28 05:00:00,843.03,844.07,842.12,843.07,4384.29
2025-12-28 06:00:00,843.07,844.2,842.79,843.7,1520.836
2025-12-28 07:00:00,843.71,844.1,843.3,843.92,1343.865
2025-12-28 08:00:00,843.92,846.97,843.92,845.63,2459.88
2025-12-28 09:00:00,845.64,846.38,844.14,845.59,3171.733
2025-12-28 10:00:00,845.58,849.87,845.58,848.08,4871.973
2025-12-28 11:00:00,848.08,857.0,847.99,854.6,11597.189
2025-12-28 12:00:00,854.61,857.22,854.6,855.54,4485.923
2025-12-28 13:00:00,855.55,858.7,855.32,858.05,5493.008
2025-12-28 14:00:00,858.05,859.33,856.37,857.52,4877.177
2025-12-28 15:00:00,857.52,863.4,857.37,860.58,6622.997
2025-12-28 16:00:00,860.57,865.09,860.12,864.0,7197.74
2025-12-28 17:00:00,864.01,866.4,863.14,866.26,4561.638
2025-12-28 18:00:00,866.27,867.22,858.84,859.0,6166.716
2025-12-28 19:00:00,859.0,862.51,858.81,859.68,2426.258
2025-12-28 20:00:00,859.68,862.37,858.69,860.66,1783.7
2025-12-28 21:00:00,860.65,860.81,856.84,858.2,2657.287
2025-12-28 22:00:00,858.2,860.9,857.0,860.06,2199.911
2025-12-28 23:00:00,860.05,860.64,857.0,859.32,2552.953
2025-12-29 00:00:00,859.32,864.85,858.71,862.52,4778.319
2025-12-29 01:00:00,862.52,865.31,859.3,864.54,4859.829
2025-12-29 02:00:00,864.55,872.12,864.54,866.84,12779.676
2025-12-29 03:00:00,866.84,871.13,866.19,869.19,6612.938
2025-12-29 04:00:00,869.2,871.66,867.8,868.77,4282.723
2025-12-29 05:00:00,868.77,868.9,864.03,864.57,5380.248
2025-12-29 06:00:00,864.56,865.95,863.52,863.84,2912.967
2025-12-29 07:00:00,863.84,864.0,858.8,860.58,10496.673
2025-12-29 08:00:00,860.58,861.79,858.6,858.84,6130.692
2025-12-29 09:00:00,858.83,858.91,847.55,851.49,11049.053
2025-12-29 10:00:00,851.48,854.69,850.93,853.95,5967.69
2025-12-29 11:00:00,853.96,855.58,852.75,853.04,4151.624
2025-12-29 12:00:00,853.05,853.9,846.0,851.86,10556.448
2025-12-29 13:00:00,851.87,853.25,848.64,849.99,4209.552
2025-12-29 14:00:00,849.99,855.4,848.56,851.09,5765.29
2025-12-29 15:00:00,851.1,855.06,850.25,853.6,6869.173
2025-12-29 16:00:00,853.59,855.26,850.0,853.81,5148.627
2025-12-29 17:00:00,853.82,854.76,852.0,854.52,2141.8
2025-12-29 18:00:00,854.53,855.69,851.11,851.86,4376.045
2025-12-29 19:00:00,851.87,853.47,851.27,853.03,2334.689
2025-12-29 20:00:00,853.03,855.04,851.43,852.72,2729.977
2025-12-29 21:00:00,852.73,854.9,852.5,854.74,948.661
2025-12-29 22:00:00,854.75,854.75,852.9,853.57,990.136
2025-12-29 23:00:00,853.57,853.8,852.02,852.46,1678.617
2025-12-30 00:00:00,852.46,853.5,850.68,851.59,1273.107
2025-12-30 01:00:00,851.6,853.19,850.28,852.51,1607.643
2025-12-30 02:00:00,852.51,852.68,848.9,849.74,2425.436
2025-12-30 03:00:00,849.75,853.18,848.7,852.5,2703.345
2025-12-30 04:00:00,852.5,853.2,851.07,852.41,2062.181
2025-12-30 05:00:00,852.42,853.1,850.38,850.93,2079.393
2025-12-30 06:00:00,850.94,854.89,850.77,853.54,2660.394
2025-12-30 07:00:00,853.54,854.85,853.09,853.75,2123.143
2025-12-30 08:00:00,853.75,859.76,853.75,856.51,6952.818
2025-12-30 09:00:00,856.51,857.35,854.67,856.61,2633.026
2025-12-30 10:00:00,856.62,856.94,854.89,855.33,3147.253
2025-12-30 11:00:00,855.34,856.09,853.79,854.8,2541.566
2025-12-30 12:00:00,854.8,856.57,854.61,856.55,2539.984
2025-12-30 13:00:00,856.55,863.22,856.41,862.62,6120.052
2025-12-30 14:00:00,862.63,864.05,857.82,861.91,7246.669
2025-12-30 15:00:00,861.91,863.59,857.77,862.78,5695.642
2025-12-30 16:00:00,862.79,863.06,858.4,860.44,3431.874
2025-12-30 17:00:00,860.45,861.66,858.45,860.19,2825.199
2025-12-30 18:00:00,860.19,861.71,858.67,860.31,2099.528
2025-12-30 19:00:00,860.32,860.32,857.35,859.79,3729.2
2025-12-30 20:00:00,859.79,860.29,858.5,858.7,1951.285
2025-12-30 21:00:00,858.7,861.24,858.33,861.23,1851.502
2025-12-30 22:00:00,861.23,862.81,860.61,861.59,1431.85
2025-12-30 23:00:00,861.58,863.06,861.1,861.65,2100.957
2025-12-31 00:00:00,861.66,862.47,859.09,859.4,2216.032
2025-12-31 01:00:00,859.41,863.0,858.8,861.47,1959.723
2025-12-31 02:00:00,861.48,861.48,859.05,860.13,1535.972
2025-12-31 03:00:00,860.13,860.79,857.69,859.29,1871.754
2025-12-31 04:00:00,859.29,861.23,858.99,861.23,5825.711
2025-12-31 05:00:00,861.23,864.0,860.38,863.19,11047.131
2025-12-31 06:00:00,863.2,866.65,862.92,866.12,10971.165
2025-12-31 07:00:00,866.12,868.0,864.84,867.99,8591.912
2025-12-31 08:00:00,867.99,869.04,864.95,866.31,6056.41
2025-12-31 09:00:00,866.31,866.78,865.22,865.34,3228.309
2025-12-31 10:00:00,865.35,869.15,865.2,868.14,6740.79
2025-12-31 11:00:00,868.14,869.35,867.68,869.2,5026.007
2025-12-31 12:00:00,869.19,869.34,866.08,866.85,4241.386
2025-12-31 13:00:00,866.85,869.0,866.3,868.44,5081.43
2025-12-31 14:00:00,868.44,877.29,864.9,866.09,21670.845
2025-12-31 15:00:00,866.09,866.8,860.53,863.3,14334.411
2025-12-31 16:00:00,863.3,864.5,857.88,861.58,8299.666
2025-12-31 17:00:00,861.58,863.65,861.25,862.61,4605.214
2025-12-31 18:00:00,862.62,864.48,861.72,862.01,4701.912
2025-12-31 19:00:00,862.01,864.81,862.01,864.32,5782.264
2025-12-31 20:00:00,864.31,864.48,860.84,863.49,8788.477
2025-12-31 21:00:00,863.49,866.38,863.48,866.0,2182.315
2025-12-31 22:00:00,866.0,866.56,864.0,864.48,2852.081
2025-12-31 23:00:00,864.48,865.56,864.17,864.3,2383.701
2026-01-01 00:00:00,864.31,866.6,863.79,866.35,2739.965
2026-01-01 01:00:00,866.34,873.77,866.19,872.83,9777.181
2026-01-01 02:00:00,872.83,874.51,870.67,871.58,5451.704
2026-01-01 03:00:00,871.58,873.4,868.73,869.16,3076.003
2026-01-01 04:00:00,869.15,869.21,862.0,863.4,6806.683
2026-01-01 05:00:00,863.4,865.03,862.49,862.74,5098.225
2026-01-01 06:00:00,862.73,864.5,861.64,861.78,3676.353
2026-01-01 07:00:00,861.79,861.79,859.2,859.52,3658.995
2026-01-01 08:00:00,859.52,861.65,858.98,861.37,2336.521
2026-01-01 09:00:00,861.37,861.7,859.99,860.15,2542.983
2026-01-01 10:00:00,860.15,861.75,860.15,861.21,2015.61
2026-01-01 11:00:00,861.21,861.97,860.59,861.59,2136.944
2026-01-01 12:00:00,861.6,861.6,856.14,859.12,4775.03
2026-01-01 13:00:00,859.12,860.8,858.48,858.71,2617.26
2026-01-01 14:00:00,858.72,859.63,857.14,857.94,2352.254
2026-01-01 15:00:00,857.95,860.54,856.34,859.36,3682.496
2026-01-01 16:00:00,859.36,859.92,857.41,858.1,2155.104
2026-01-01 17:00:00,858.1,861.08,857.22,859.99,2900.099
2026-01-01 18:00:00,859.99,860.33,858.91,860.09,1842.991
2026-01-01 19:00:00,860.09,861.77,859.15,861.56,2061.039
2026-01-01 20:00:00,861.57,862.14,860.16,861.02,2678.485
2026-01-01 21:00:00,861.02,862.76,860.89,862.38,1161.908
2026-01-01 22:00:00,862.38,863.94,861.41,863.49,2680.264
2026-01-01 23:00:00,863.5,864.65,862.33,864.39,2489.565
2026-01-02 00:00:00,864.4,865.0,861.46,864.43,3578.328
2026-01-02 01:00:00,864.43,864.84,862.0,862.53,2088.444
2026-01-02 02:00:00,862.54,863.18,859.64,863.18,2601.28
2026-01-02 03:00:00,863.18,867.17,862.67,865.79,5646.967
2026-01-02 04:00:00,865.8,866.32,863.96,864.9,4309.182
2026-01-02 05:00:00,864.9,867.11,863.08,866.15,3307.58
2026-01-02 06:00:00,866.16,867.97,865.65,866.33,2783.09
2026-01-02 07:00:00,866.33,866.94,864.56,864.9,4759.689
2026-01-02 08:00:00,864.89,869.35,864.89,867.93,4888.883
2026-01-02 09:00:00,867.93,872.0,867.6,871.22,5777.89
2026-01-02 10:00:00,871.22,874.38,870.92,871.83,6815.703
2026-01-02 11:00:00,871.84,871.85,866.52,869.51,4611.015
2026-01-02 12:00:00,869.52,871.29,869.06,869.55,2334.889
2026-01-02 13:00:00,869.55,872.18,869.04,870.36,3744.673
2026-01-02 14:00:00,870.37,878.0,865.26,875.32,13734.236
2026-01-02 15:00:00,875.32,882.37,870.34,877.99,13810.328
2026-01-02 16:00:00,878.0,887.17,877.47,886.51,15293.983
2026-01-02 17:00:00,886.52,891.14,884.03,886.95,12427.297
2026-01-02 18:00:00,886.96,888.13,878.98,880.75,4669.546
2026-01-02 19:00:00,880.76,883.23,880.14,880.55,2514.686
2026-01-02 20:00:00,880.55,883.26,878.53,879.31,2097.031
2026-01-02 21:00:00,879.32,882.99,879.03,882.35,1964.724
2026-01-02 22:00:00,882.34,885.35,882.0,884.97,2730.045
2026-01-02 23:00:00,884.97,885.63,880.49,881.25,2582.253
2026-01-03 00:00:00,881.25,884.24,880.62,881.53,3085.013
2026-01-03 01:00:00,881.52,881.77,879.15,879.75,2386.905
2026-01-03 02:00:00,879.75,879.75,875.14,878.0,7221.893
2026-01-03 03:00:00,878.01,879.28,877.0,879.2,2450.443
2026-01-03 04:00:00,879.2,880.12,877.7,879.23,4421.888
2026-01-03 05:00:00,879.24,879.32,874.39,876.63,2806.876
2026-01-03 06:00:00,876.63,877.06,872.99,874.13,5732.296
2026-01-03 07:00:00,874.13,875.18,868.65,873.0,6905.311
2026-01-03 08:00:00,873.0,875.6,871.58,874.24,3382.955
2026-01-03 09:00:00,874.23,875.62,873.72,874.74,3666.225
2026-01-03 10:00:00,874.75,874.9,872.94,873.56,2515.42
2026-01-03 11:00:00,873.56,874.29,872.54,874.24,2940.065
2026-01-03 12:00:00,874.24,875.92,873.57,875.26,3737.306
2026-01-03 13:00:00,875.27,877.54,875.01,877.07,3559.495
2026-01-03 14:00:00,877.07,877.07,873.46,874.22,7085.217
2026-01-03 15:00:00,874.23,875.03,871.6,873.44,3595.197
2026-01-03 16:00:00,873.44,876.45,873.43,875.82,2760.148
2026-01-03 17:00:00,875.82,877.3,875.3,876.77,1525.669
2026-01-03 18:00:00,876.77,877.2,875.42,876.96,2604.77
2026-01-03 19:00:00,876.96,877.17,876.28,876.4,1030.742
2026-01-03 20:00:00,876.41,877.36,875.5,877.32,1397.511
2026-01-03 21:00:00,877.31,879.45,876.9,879.2,2283.73
2026-01-03 22:00:00,879.2,880.0,878.03,878.5,1546.179
2026-01-03 23:00:00,878.5,879.63,878.12,878.63,1323.951
2026-01-04 00:00:00,878.64,883.3,878.47,881.03,7692.474
2026-01-04 01:00:00,881.03,883.71,880.59,882.54,3273.741
2026-01-04 02:00:00,882.55,882.55,880.2,880.69,2063.527
2026-01-04 03:00:00,880.68,883.57,880.68,883.14,2313.907
2026-01-04 04:00:00,883.13,890.84,882.84,888.81,10181.68
2026-01-04 05:00:00,888.81,888.95,885.67,888.21,4079.379
2026-01-04 06:00:00,888.21,889.85,884.0,884.67,7920.15
2026-01-04 07:00:00,884.67,885.66,883.1,884.66,4171.042
2026-01-04 08:00:00,884.67,886.66,882.58,886.0,3653.377
2026-01-04 09:00:00,886.0,886.71,884.44,886.2,3596.789
2026-01-04 10:00:00,886.2,887.39,885.7,887.2,2110.625
2026-01-04 11:00:00,887.2,887.2,884.5,884.88,3801.942
2026-01-04 12:00:00,884.88,887.86,883.59,887.09,3047.619
2026-01-04 13:00:00,887.1,890.0,886.42,888.7,3365.577
2026-01-04 14:00:00,888.71,888.71,884.87,887.0,4156.094
2026-01-04 15:00:00,887.0,889.43,885.1,889.3,3758.501
2026-01-04 16:00:00,889.3,897.59,889.29,897.3,12924.602
2026-01-04 17:00:00,897.3,902.85,896.36,900.9,13794.785
2026-01-04 18:00:00,900.91,900.91,894.72,895.07,6658.622
2026-01-04 19:00:00,895.07,895.34,890.7,892.53,5356.439
2026-01-04 20:00:00,892.52,897.65,892.52,896.21,2432.55
2026-01-04 21:00:00,896.21,897.52,894.9,897.01,1994.25
2026-01-04 22:00:00,897.0,897.5,892.41,893.64,3133.292
2026-01-04 23:00:00,893.65,896.47,892.88,895.43,3206.143
2026-01-05 00:00:00,895.43,901.17,894.73,900.22,6902.313
2026-01-05 01:00:00,900.22,906.91,899.2,903.25,14621.45
2026-01-05 02:00:00,903.26,904.23,899.02,901.28,6245.493
2026-01-05 03:00:00,901.29,902.1,899.09,900.02,4508.191
2026-01-05 04:00:00,900.02,900.68,890.59,895.42,10473.997
2026-01-05 05:00:00,895.42,895.42,892.71,892.75,2888.401
2026-01-05 06:00:00,892.76,900.17,892.26,899.88,4642.587
2026-01-05 07:00:00,899.89,900.49,898.07,899.2,3707.675
2026-01-05 08:00:00,899.2,900.82,897.23,898.45,5131.085
2026-01-05 09:00:00,898.46,899.97,895.6,897.75,3874.559
2026-01-05 10:00:00,897.74,905.6,897.74,903.62,7151.795
2026-01-05 11:00:00,903.62,909.0,902.52,908.89,7764.215
2026-01-05 12:00:00,908.89,908.91,903.85,906.21,5422.588
2026-01-05 13:00:00,906.22,907.1,901.17,903.77,5309.393
2026-01-05 14:00:00,903.78,906.95,900.49,904.51,5969.244
2026-01-05 15:00:00,904.52,907.5,901.11,906.46,7613.13
2026-01-05 16:00:00,906.46,907.44,903.44,904.97,5652.48
2026-01-05 17:00:00,904.97,907.28,901.31,906.75,5967.446
2026-01-05 18:00:00,906.74,908.68,903.67,908.45,4442.255
2026-01-05 19:00:00,908.46,914.0,906.96,911.12,6212.849
2026-01-05 20:00:00,911.12,916.55,910.79,912.23,7098.405
2026-01-05 21:00:00,912.23,913.37,908.96,912.17,4179.207
2026-01-05 22:00:00,912.17,914.65,911.64,913.07,2116.858
2026-01-05 23:00:00,913.07,913.23,910.3,910.31,2457.169
2026-01-06 00:00:00,910.31,911.63,904.83,908.87,5297.685
2026-01-06 01:00:00,908.87,911.35,906.21,907.03,3995.792
2026-01-06 02:00:00,907.03,908.25,904.89,905.1,3591.679
2026-01-06 03:00:00,905.11,908.93,905.1,908.14,2956.099
2026-01-06 04:00:00,908.15,910.11,906.66,907.81,4089.985
2026-01-06 05:00:00,907.8,908.09,903.79,905.64,4171.407
2026-01-06 06:00:00,905.65,910.0,904.83,907.84,4950.086
2026-01-06 07:00:00,907.84,907.88,902.96,904.71,6164.287
2026-01-06 08:00:00,904.71,908.37,904.52,907.58,3348.218
2026-01-06 09:00:00,907.58,914.08,907.57,912.76,6508.685
2026-01-06 10:00:00,912.76,914.92,911.02,911.69,2930.625
2026-01-06 11:00:00,911.68,914.41,911.03,913.13,2771.612
2026-01-06 12:00:00,913.13,913.69,911.54,912.92,2628.28
2026-01-06 13:00:00,912.92,914.82,912.3,914.14,3702.615
2026-01-06 14:00:00,914.15,922.79,914.14,920.52,27193.59
2026-01-06 15:00:00,920.53,923.93,915.85,919.1,19889.329
2026-01-06 16:00:00,919.1,920.68,905.11,908.04,14173.73
2026-01-06 17:00:00,908.03,909.29,892.33,893.93,16156.078
2026-01-06 18:00:00,893.93,902.99,891.66,900.93,6216.244
2026-01-06 19:00:00,900.93,902.76,900.34,901.2,2218.978
2026-01-06 20:00:00,901.19,907.11,901.03,905.58,3465.921
2026-01-06 21:00:00,905.58,915.13,904.44,912.46,9250.759
2026-01-06 22:00:00,912.45,915.29,911.55,913.38,6423.178
2026-01-06 23:00:00,913.38,919.78,913.37,917.64,4802.327
2026-01-07 00:00:00,917.64,919.25,908.55,908.86,5096.446
2026-01-07 01:00:00,908.86,911.41,905.28,906.86,6245.947
2026-01-07 02:00:00,906.85,912.27,904.58,911.54,4492.691
2026-01-07 03:00:00,911.54,913.0,909.67,909.84,3017.006
2026-01-07 04:00:00,909.85,911.22,909.07,910.54,2634.652
2026-01-07 05:00:00,910.54,915.08,910.14,912.65,3290.845
2026-01-07 06:00:00,912.65,917.0,912.39,914.14,5788.925
2026-01-07 07:00:00,914.14,918.99,914.13,918.82,7444.458
2026-01-07 08:00:00,918.81,920.27,915.5,917.53,14361.421
2026-01-07 09:00:00,917.52,918.12,909.0,910.18,15114.782
2026-01-07 10:00:00,910.18,912.0,908.2,910.78,19590.636
2026-01-07 11:00:00,910.78,912.75,909.6,910.44,7219.678
2026-01-07 12:00:00,910.44,910.99,905.11,905.14,5764.779
2026-01-07 13:00:00,905.15,907.61,902.57,904.31,6427.756
2026-01-07 14:00:00,904.3,905.3,898.18,903.72,11331.947
2026-01-07 15:00:00,903.72,903.89,895.11,899.43,8138.406
2026-01-07 16:00:00,899.44,901.68,897.51,898.67,4075.167
2026-01-07 17:00:00,898.67,901.95,896.56,897.74,3201.734
2026-01-07 18:00:00,897.74,899.75,895.33,896.75,2828.888
2026-01-07 19:00:00,896.74,898.53,892.64,897.12,3973.185
2026-01-07 20:00:00,897.12,898.07,894.01,896.03,1622.294
2026-01-07 21:00:00,896.01,898.52,895.7,897.83,1363.205
2026-01-07 22:00:00,897.83,900.46,896.34,897.98,1524.456
2026-01-07 23:00:00,897.98,901.05,895.33,900.3,4102.486
2026-01-08 00:00:00,900.31,902.57,897.01,902.14,4644.452
2026-01-08 01:00:00,902.14,905.0,900.95,901.34,2790.212
2026-01-08 02:00:00,901.34,902.2,893.68,895.64,4657.204
2026-01-08 03:00:00,895.64,898.43,892.38,893.61,3104.425
2026-01-08 04:00:00,893.62,896.65,891.45,894.56,3762.347
2026-01-08 05:00:00,894.56,897.68,894.23,894.45,3141.822
2026-01-08 06:00:00,894.44,895.0,880.41,880.42,19780.754
2026-01-08 07:00:00,880.42,885.77,875.1,885.02,15626.904
2026-01-08 08:00:00,885.02,887.71,882.84,883.48,5027.62
2026-01-08 09:00:00,883.49,885.5,881.12,882.39,4985.988
2026-01-08 10:00:00,882.39,887.61,879.28,886.8,6600.588
2026-01-08 11:00:00,886.81,887.89,883.9,886.77,5636.279
2026-01-08 12:00:00,886.77,886.9,882.21,884.15,7145.223
2026-01-08 13:00:00,884.15,886.26,883.45,885.08,3944.744
2026-01-08 14:00:00,885.08,885.38,877.7,883.9,9995.404
2026-01-08 15:00:00,883.88,889.24,882.02,888.92,5789.178
2026-01-08 16:00:00,888.92,890.28,885.69,890.15,5694.926
2026-01-08 17:00:00,890.15,891.52,887.88,891.52,4034.065
2026-01-08 18:00:00,891.51,891.71,887.45,888.62,3908.872
2026-01-08 19:00:00,888.62,890.51,887.14,888.32,2736.861
2026-01-08 20:00:00,888.32,891.21,885.32,890.71,4090.825
2026-01-08 21:00:00,890.71,892.33,889.64,892.22,3366.286
2026-01-08 22:00:00,892.23,894.14,890.32,892.14,2082.616
2026-01-08 23:00:00,892.15,894.63,891.94,892.26,1975.16
2026-01-09 00:00:00,892.27,894.25,891.94,894.21,1709.105
2026-01-09 01:00:00,894.22,896.17,887.91,890.43,5551.732
2026-01-09 02:00:00,890.44,893.96,890.14,891.92,3000.214
2026-01-09 03:00:00,891.92,896.56,891.41,895.8,3271.917
2026-01-09 04:00:00,895.81,896.72,894.65,895.83,2703.307
2026-01-09 05:00:00,895.83,898.25,895.74,898.25,2079.878
2026-01-09 06:00:00,898.25,899.0,895.58,896.67,1992.528
2026-01-09 07:00:00,896.67,896.67,893.66,893.66,2143.442
2026-01-09 08:00:00,893.67,894.5,886.2,889.85,5659.362
2026-01-09 09:00:00,889.85,891.72,888.05,888.41,4175.8
2026-01-09 10:00:00,888.4,890.5,887.78,890.24,1919.986
2026-01-09 11:00:00,890.24,891.85,889.49,889.64,2464.085
2026-01-09 12:00:00,889.63,890.4,888.0,889.33,2325.194
2026-01-09 13:00:00,889.33,894.06,887.94,890.52,6362.318
2026-01-09 14:00:00,890.52,890.54,886.05,887.52,5922.689
2026-01-09 15:00:00,887.52,900.22,885.28,894.77,10112.583
2026-01-09 16:00:00,894.77,901.06,894.72,899.06,5402.056
2026-01-09 17:00:00,899.06,899.79,895.43,898.9,3220.606
2026-01-09 18:00:00,898.9,899.77,891.6,895.54,3225.62
2026-01-09 19:00:00,895.54,895.55,890.94,893.34,2094.159
2026-01-09 20:00:00,893.33,896.0,892.7,893.18,1284.264
2026-01-09 21:00:00,893.18,896.36,891.94,896.33,1720.054
2026-01-09 22:00:00,896.34,897.08,894.52,896.55,1869.569
2026-01-09 23:00:00,896.55,898.25,896.25,896.86,1370.899
2026-01-10 00:00:00,896.87,899.73,896.81,897.88,1959.117
2026-01-10 01:00:00,897.89,900.08,897.68,899.4,1870.208
2026-01-10 02:00:00,899.4,901.28,899.01,900.06,3437.073
2026-01-10 03:00:00,900.06,908.0,898.92,907.31,13302.51
2026-01-10 04:00:00,907.31,908.64,903.05,906.29,5992.51
2026-01-10 05:00:00,906.29,910.22,905.21,907.36,5368.189
2026-01-10 06:00:00,907.37,909.53,905.78,906.22,4122.172
2026-01-10 07:00:00,906.23,908.65,905.22,905.37,3667.139
2026-01-10 08:00:00,905.38,906.43,902.66,903.8,4586.278
2026-01-10 09:00:00,903.79,903.92,898.98,900.95,7500.672
2026-01-10 10:00:00,900.96,903.09,900.25,902.68,4121.027
2026-01-10 11:00:00,902.68,902.68,900.46,900.47,3064.158
2026-01-10 12:00:00,900.47,900.76,899.39,899.64,4487.065
2026-01-10 13:00:00,899.64,903.17,899.13,902.75,3400.599
2026-01-10 14:00:00,902.75,905.93,901.51,905.02,4666.24
2026-01-10 15:00:00,905.02,910.82,904.28,908.78,9648.346
2026-01-10 16:00:00,908.79,909.66,906.89,909.4,8102.59
2026-01-10 17:00:00,909.4,910.55,907.55,908.04,5385.749
2026-01-10 18:00:00,908.04,913.34,908.04,912.14,5657.71
2026-01-10 19:00:00,912.15,915.86,911.45,913.93,6494.827
2026-01-10 20:00:00,913.94,915.91,909.27,909.48,5403.697
2026-01-10 21:00:00,909.48,909.84,903.34,904.49,6032.566
2026-01-10 22:00:00,904.49,904.94,902.23,903.5,4017.315
2026-01-10 23:00:00,903.51,908.09,903.44,907.93,2624.736
2026-01-11 00:00:00,907.93,909.3,905.22,906.25,2723.793
2026-01-11 01:00:00,906.25,908.41,904.3,908.05,2626.444
2026-01-11 02:00:00,908.06,911.05,907.87,910.44,4329.23
2026-01-11 03:00:00,910.43,914.11,908.95,913.2,4133.447
2026-01-11 04:00:00,913.21,915.0,911.5,913.1,4622.908
2026-01-11 05:00:00,913.11,914.67,910.75,913.38,5320.564
2026-01-11 06:00:00,913.39,914.4,910.69,913.87,2836.656
2026-01-11 07:00:00,913.87,916.3,912.36,913.55,5155.601
2026-01-11 08:00:00,913.55,917.33,912.8,916.81,4032.863
2026-01-11 09:00:00,916.82,917.06,912.02,913.33,6756.885
2026-01-11 10:00:00,913.33,913.51,911.77,912.75,3126.785
2026-01-11 11:00:00,912.75,913.46,911.62,912.05,1930.489
2026-01-11 12:00:00,912.06,914.41,912.06,913.41,2420.57
2026-01-11 13:00:00,913.42,914.0,911.91,913.87,3833.563
2026-01-11 14:00:00,913.87,915.38,910.52,911.26,7504.37
2026-01-11 15:00:00,911.26,911.69,906.29,908.64,10458.207
2026-01-11 16:00:00,908.64,911.17,907.57,907.74,6977.942
2026-01-11 17:00:00,907.75,908.92,906.18,907.32,2286.4
2026-01-11 18:00:00,907.33,907.6,905.2,906.22,3419.85
2026-01-11 19:00:00,906.23,906.79,903.5,904.45,2142.435
2026-01-11 20:00:00,904.45,904.59,900.58,902.28,3734.658
2026-01-11 21:00:00,902.29,905.31,900.02,904.8,2339.501
2026-01-11 22:00:00,904.81,904.81,901.28,902.68,2169.579
2026-01-11 23:00:00,902.69,904.65,898.75,904.32,3738.341
2026-01-12 00:00:00,904.32,906.13,896.85,901.85,6215.899
2026-01-12 01:00:00,901.85,905.48,900.43,903.29,4421.309
2026-01-12 02:00:00,903.29,909.78,901.9,908.99,9208.531
2026-01-12 03:00:00,908.98,910.81,905.08,905.27,9493.742
2026-01-12 04:00:00,905.28,910.21,905.08,909.49,4224.111
2026-01-12 05:00:00,909.49,909.94,906.99,907.94,3999.833
2026-01-12 06:00:00,907.95,909.31,906.57,907.34,3790.657
2026-01-12 07:00:00,907.34,908.5,903.97,904.81,4434.906
2026-01-12 08:00:00,904.82,908.3,899.44,903.24,7591.193
2026-01-12 09:00:00,903.24,903.69,900.37,900.76,4612.95
2026-01-12 10:00:00,900.77,902.0,898.67,899.06,3063.721
2026-01-12 11:00:00,899.06,902.0,898.26,901.28,2877.025
2026-01-12 12:00:00,901.27,903.71,900.24,901.93,3616.148
2026-01-12 13:00:00,901.94,902.0,898.35,900.12,4244.937
2026-01-12 14:00:00,900.12,902.06,894.0,899.86,8667.689
2026-01-12 15:00:00,899.86,905.22,898.97,904.28,5059.731
2026-01-12 16:00:00,904.28,908.2,904.27,905.67,5216.451
2026-01-12 17:00:00,905.67,907.03,900.0,904.51,3405.301
2026-01-12 18:00:00,904.51,907.98,904.3,907.78,2223.442
2026-01-12 19:00:00,907.78,909.11,905.36,907.79,2529.707
2026-01-12 20:00:00,907.78,908.31,905.09,905.22,1701.775
2026-01-12 21:00:00,905.21,906.28,901.22,902.59,2479.527
2026-01-12 22:00:00,902.59,907.0,902.59,905.8,2836.206
2026-01-12 23:00:00,905.81,907.43,904.05,905.78,2607.382
2026-01-13 00:00:00,905.79,907.86,904.3,906.31,4810.722
2026-01-13 01:00:00,906.31,907.37,902.35,903.35,3398.714
2026-01-13 02:00:00,903.35,905.87,902.25,904.8,4119.665
2026-01-13 03:00:00,904.8,906.84,903.42,906.36,2799.19
2026-01-13 04:00:00,906.36,909.47,906.35,909.42,4765.536
2026-01-13 05:00:00,909.41,911.98,908.74,909.13,7578.522
2026-01-13 06:00:00,909.13,912.24,908.0,911.75,4876.648
2026-01-13 07:00:00,911.75,914.98,910.04,910.05,14321.547
2026-01-13 08:00:00,910.05,912.08,908.34,910.48,22173.587
2026-01-13 09:00:00,910.48,912.2,908.29,909.14,28643.608
2026-01-13 10:00:00,909.14,910.67,907.93,908.9,36898.692
2026-01-13 11:00:00,908.91,909.5,907.52,907.68,6416.641
2026-01-13 12:00:00,907.69,909.87,906.18,909.37,5227.039
2026-01-13 13:00:00,909.36,913.2,908.22,909.73,9771.672
2026-01-13 14:00:00,909.74,914.0,908.27,910.49,9531.581
2026-01-13 15:00:00,910.48,916.6,908.6,916.47,11481.839
2026-01-13 16:00:00,916.47,923.44,916.38,919.95,19319.302
2026-01-13 17:00:00,919.96,922.14,916.99,920.58,6147.395
2026-01-13 18:00:00,920.57,939.59,920.17,939.5,35337.039
2026-01-13 19:00:00,939.5,945.55,938.7,941.5,17516.317
2026-01-13 20:00:00,941.5,945.87,940.0,943.3,7573.41
2026-01-13 21:00:00,943.3,943.97,940.85,941.79,4941.276
2026-01-13 22:00:00,941.8,952.96,940.43,946.2,34173.38
2026-01-13 23:00:00,946.2,948.7,941.3,943.73,10091.675
2026-01-14 00:00:00,943.73,950.24,943.64,947.8,10833.901
2026-01-14 01:00:00,947.79,951.7,946.42,947.53,6559.912
2026-01-14 02:00:00,947.53,954.68,947.29,948.23,15235.585
2026-01-14 03:00:00,948.23,950.57,945.91,950.13,7268.594
2026-01-14 04:00:00,950.14,952.2,943.04,944.31,11596.641
2026-01-14 05:00:00,944.31,944.31,939.89,940.51,6634.553
2026-01-14 06:00:00,940.52,940.52,934.67,938.7,10189.277
2026-01-14 07:00:00,938.7,940.36,935.4,937.45,4633.166
2026-01-14 08:00:00,937.45,938.61,935.0,936.17,3878.186
2026-01-14 09:00:00,936.16,938.92,936.06,937.71,4188.856
2026-01-14 10:00:00,937.71,938.76,934.53,936.01,6145.979
2026-01-14 11:00:00,936.01,936.15,928.5,928.79,10587.881
2026-01-14 12:00:00,928.78,935.37,928.53,934.33,6792.464
2026-01-14 13:00:00,934.32,935.34,931.12,932.4,4452.143
2026-01-14 14:00:00,932.41,943.81,932.31,941.68,10721.365
2026-01-14 15:00:00,941.68,946.24,938.5,942.03,13960.396
2026-01-14 16:00:00,942.03,947.54,942.03,943.98,9067.217
2026-01-14 17:00:00,943.97,946.41,940.1,942.37,9190.25
2026-01-14 18:00:00,942.37,944.9,938.25,943.18,6428.815
2026-01-14 19:00:00,943.18,947.57,942.36,943.78,6206.307
2026-01-14 20:00:00,943.79,947.91,943.26,944.56,4127.336
2026-01-14 21:00:00,944.56,946.68,943.2,945.69,2134.247
2026-01-14 22:00:00,945.68,948.6,943.59,945.21,5675.95
2026-01-14 23:00:00,945.21,949.85,945.21,948.47,6699.677
2026-01-15 00:00:00,948.48,948.85,939.76,940.86,6766.301
2026-01-15 01:00:00,940.87,942.75,934.54,936.87,10810.544
2026-01-15 02:00:00,936.87,938.82,932.12,934.04,8471.196
2026-01-15 03:00:00,934.05,935.27,929.05,931.89,9631.003
2026-01-15 04:00:00,931.9,937.12,931.41,936.0,5557.848
2026-01-15 05:00:00,935.99,938.15,935.6,936.29,3590.517
2026-01-15 06:00:00,936.28,937.38,933.68,933.7,4147.965
2026-01-15 07:00:00,933.7,940.09,933.63,939.14,4383.446
2026-01-15 08:00:00,939.13,942.81,938.12,942.69,5079.708
2026-01-15 09:00:00,942.69,942.96,939.51,941.08,4263.903
2026-01-15 10:00:00,941.07,941.51,939.11,939.16,2916.68
2026-01-15 11:00:00,939.16,940.7,937.66,938.09,1997.463
2026-01-15 12:00:00,938.1,941.28,937.24,940.7,3007.144
2026-01-15 13:00:00,940.7,944.88,940.0,943.24,3932.83
2026-01-15 14:00:00,943.24,945.71,933.51,938.58,11562.518
2026-01-15 15:00:00,938.57,940.0,930.23,937.64,11600.416
2026-01-15 16:00:00,937.63,940.67,934.64,940.17,4451.631
2026-01-15 17:00:00,940.17,942.62,937.28,938.12,3715.061
2026-01-15 18:00:00,938.13,938.43,931.02,931.75,4780.267
2026-01-15 19:00:00,931.74,931.74,925.01,928.07,9842.176
2026-01-15 20:00:00,928.07,929.0,924.05,925.44,3851.478
2026-01-15 21:00:00,925.45,930.6,925.11,929.74,2649.604
2026-01-15 22:00:00,929.73,933.55,929.32,931.97,2275.078
2026-01-15 23:00:00,931.98,932.69,929.69,931.2,1916.691
2026-01-16 00:00:00,931.21,933.98,929.78,933.18,3057.528
2026-01-16 01:00:00,933.18,933.42,929.22,932.62,2555.225
2026-01-16 02:00:00,932.63,933.17,929.23,931.91,1961.653
2026-01-16 03:00:00,931.91,932.75,929.52,929.59,1944.149
2026-01-16 04:00:00,929.6,931.27,927.16,928.58,4453.596
2026-01-16 05:00:00,928.59,934.04,927.69,933.56,4197.831
2026-01-16 06:00:00,933.57,935.94,932.46,935.94,3189.303
2026-01-16 07:00:00,935.95,936.13,932.6,934.04,4158.711
2026-01-16 08:00:00,934.05,938.56,934.05,937.16,4177.787
2026-01-16 09:00:00,937.17,937.74,934.81,935.43,3149.143
2026-01-16 10:00:00,935.42,935.88,933.2,933.77,2163.194
2026-01-16 11:00:00,933.77,935.6,931.99,935.38,3348.427
2026-01-16 12:00:00,935.38,937.46,934.27,934.76,2556.208
2026-01-16 13:00:00,934.76,935.11,931.53,934.7,3819.231
2026-01-16 14:00:00,934.7,935.96,930.44,930.79,4637.277
2026-01-16 15:00:00,930.79,933.78,923.69,926.97,9873.95
2026-01-16 16:00:00,926.97,931.0,926.53,930.01,3717.801
2026-01-16 17:00:00,930.01,931.69,927.28,931.35,2991.349
2026-01-16 18:00:00,931.35,932.36,930.58,931.39,1723.288
2026-01-16 19:00:00,931.39,932.1,929.4,931.36,1027.435
2026-01-16 20:00:00,931.36,934.49,928.71,934.46,1800.653
2026-01-16 21:00:00,934.45,935.9,933.12,935.25,1212.25
2026-01-16 22:00:00,935.25,938.3,933.77,937.86,2387.063
2026-01-16 23:00:00,937.86,939.43,937.18,938.16,3367.331
2026-01-17 00:00:00,938.17,938.65,935.72,936.07,2034.616
2026-01-17 01:00:00,936.07,940.03,935.72,938.47,4287.289
2026-01-17 02:00:00,938.48,938.56,935.54,937.63,1445.557
2026-01-17 03:00:00,937.63,937.78,936.0,937.65,1616.35
2026-01-17 04:00:00,937.65,938.39,936.13,938.04,2444.47
2026-01-17 05:00:00,938.04,939.08,936.8,938.4,1576.116
2026-01-17 06:00:00,938.4,938.4,936.25,937.27,1639.073
2026-01-17 07:00:00,937.26,937.51,935.5,935.9,2732.959
2026-01-17 08:00:00,935.9,938.34,935.65,938.21,2107.373
2026-01-17 09:00:00,938.22,942.38,937.12,942.15,3364.016
2026-01-17 10:00:00,942.15,943.48,941.0,941.51,3800.091
2026-01-17 11:00:00,941.51,944.51,940.08,942.93,3584.271
2026-01-17 12:00:00,942.92,944.44,942.37,942.4,2033.134
2026-01-17 13:00:00,942.41,943.56,941.43,943.56,1467.435
2026-01-17 14:00:00,943.56,944.24,941.59,943.65,2366.22
2026-01-17 15:00:00,943.64,959.52,942.64,955.37,22779.787
2026-01-17 16:00:00,955.37,956.0,949.1,950.52,8338.42
2026-01-17 17:00:00,950.52,953.88,949.98,952.6,3434.184
2026-01-17 18:00:00,952.6,953.81,951.58,953.12,1867.525
2026-01-17 19:00:00,953.11,953.67,951.64,952.5,2178.75
2026-01-17 20:00:00,952.5,953.24,950.0,952.05,2071.681
2026-01-17 21:00:00,952.05,954.0,951.19,951.7,1303.102
2026-01-17 22:00:00,951.69,952.75,945.37,946.68,4728.467
2026-01-17 23:00:00,946.69,948.73,946.36,947.12,2986.445
2026-01-18 00:00:00,947.11,950.42,945.53,945.58,3602.53
2026-01-18 01:00:00,945.59,946.17,943.14,945.04,2852.737
2026-01-18 02:00:00,945.04,947.57,944.75,946.38,2076.17
2026-01-18 03:00:00,946.38,951.13,946.35,950.4,4371.061
2026-01-18 04:00:00,950.41,950.41,947.84,948.63,1462.591
2026-01-18 05:00:00,948.63,949.46,947.22,947.53,1606.956
2026-01-18 06:00:00,947.53,948.13,946.03,947.05,2610.422
2026-01-18 07:00:00,947.05,947.96,944.73,944.74,2821.211
2026-01-18 08:00:00,944.73,947.2,943.81,946.18,3436.83
2026-01-18 09:00:00,946.18,947.38,945.34,945.69,2702.624
2026-01-18 10:00:00,945.69,945.75,943.95,944.7,1923.718
2026-01-18 11:00:00,944.7,947.34,944.1,946.79,2158.199
2026-01-18 12:00:00,946.8,948.5,945.8,948.12,2979.295
2026-01-18 13:00:00,948.12,948.44,945.45,946.98,3307.576
2026-01-18 14:00:00,946.98,948.97,945.07,945.37,3153.461
2026-01-18 15:00:00,945.37,950.75,944.44,950.13,4862.021
2026-01-18 16:00:00,950.14,951.08,948.68,950.5,2353.931
2026-01-18 17:00:00,950.51,952.01,948.95,951.68,2149.097
2026-01-18 18:00:00,951.68,953.33,950.36,951.67,3014.395
2026-01-18 19:00:00,951.67,952.39,949.02,949.7,1347.776
2026-01-18 20:00:00,949.7,953.24,949.2,952.39,1939.764
2026-01-18 21:00:00,952.38,952.5,950.61,951.33,997.587
2026-01-18 22:00:00,951.32,951.78,950.0,951.16,1435.141
2026-01-18 23:00:00,951.16,951.16,931.7,932.51,17683.157
2026-01-19 00:00:00,932.51,932.51,901.0,918.88,65922.388
2026-01-19 01:00:00,918.88,922.1,916.39,919.86,11528.834
2026-01-19 02:00:00,919.87,922.17,917.44,921.0,8473.821
2026-01-19 03:00:00,921.0,925.62,920.68,925.18,6755.089
2026-01-19 04:00:00,925.17,927.58,922.89,926.38,5656.234
2026-01-19 05:00:00,926.38,927.84,923.03,925.0,6113.207
2026-01-19 06:00:00,925.0,926.23,923.0,925.19,5140.736
2026-01-19 07:00:00,925.19,927.87,923.44,927.29,5296.59
2026-01-19 08:00:00,927.29,928.86,925.15,926.94,6733.514
2026-01-19 09:00:00,926.93,928.4,924.49,928.35,5087.469
2026-01-19 10:00:00,928.35,929.8,926.39,926.76,4698.947
2026-01-19 11:00:00,926.77,928.98,925.61,928.23,6499.023
2026-01-19 12:00:00,928.23,928.45,925.33,927.91,11673.157
2026-01-19 13:00:00,927.91,930.0,925.75,928.99,15240.262
2026-01-19 14:00:00,928.99,929.53,923.12,924.18,21205.776
2026-01-19 15:00:00,924.19,926.3,923.67,925.21,4418.594
2026-01-19 16:00:00,925.22,928.88,924.86,928.56,3878.031
2026-01-19 17:00:00,928.57,928.57,926.63,927.63,1957.204
2026-01-19 18:00:00,927.64,927.7,925.25,927.09,1718.564
2026-01-19 19:00:00,927.09,929.03,926.29,926.56,1490.161
2026-01-19 20:00:00,926.56,927.6,925.33,926.25,2336.847
2026-01-19 21:00:00,926.26,927.26,924.72,924.97,1291.793
2026-01-19 22:00:00,924.98,926.45,921.5,921.61,2863.794
2026-01-19 23:00:00,921.61,925.48,919.32,923.6,3460.525
2026-01-20 00:00:00,923.6,931.0,923.5,929.37,8685.578
2026-01-20 01:00:00,929.38,933.13,928.0,932.38,4510.771
2026-01-20 02:00:00,932.38,932.5,926.95,928.37,4264.728
2026-01-20 03:00:00,928.37,929.28,926.66,927.63,3416.014
2026-01-20 04:00:00,927.63,928.62,926.16,926.67,2800.213
2026-01-20 05:00:00,926.66,926.67,919.7,922.22,19164.509
2026-01-20 06:00:00,922.22,922.27,914.27,915.32,9406.536
2026-01-20 07:00:00,915.33,919.49,914.62,917.77,4371.957
2026-01-20 08:00:00,917.77,917.89,908.66,914.32,9570.921
2026-01-20 09:00:00,914.32,914.45,912.62,913.08,3405.309
2026-01-20 10:00:00,913.08,915.8,912.49,914.46,3328.969
2026-01-20 11:00:00,914.46,915.35,912.0,912.68,2929.369
2026-01-20 12:00:00,912.69,915.99,912.41,913.84,2362.615
2026-01-20 13:00:00,913.83,913.95,905.8,906.16,6944.248
2026-01-20 14:00:00,906.17,911.03,902.0,903.41,13267.732
2026-01-20 15:00:00,903.42,905.56,896.66,905.33,14311.223
2026-01-20 16:00:00,905.33,908.5,896.54,896.7,6555.449
2026-01-20 17:00:00,896.7,900.0,887.24,890.39,10552.522
2026-01-20 18:00:00,890.38,894.98,890.24,892.03,5123.273
2026-01-20 19:00:00,892.04,896.47,891.6,895.7,3293.833
2026-01-20 20:00:00,895.7,898.0,894.2,895.98,1859.622
2026-01-20 21:00:00,895.97,896.67,893.71,894.68,923.449
2026-01-20 22:00:00,894.68,897.22,885.21,891.12,11378.365
2026-01-20 23:00:00,891.13,891.22,884.0,884.2,11333.024
2026-01-21 00:00:00,884.19,884.2,867.0,881.01,26794.628
2026-01-21 01:00:00,881.01,883.81,878.46,879.66,7226.44
2026-01-21 02:00:00,879.66,882.0,876.66,877.21,4595.379
2026-01-21 03:00:00,877.2,882.13,875.4,881.44,4597.651
2026-01-21 04:00:00,881.44,882.78,879.32,879.68,3058.705
2026-01-21 05:00:00,879.67,885.92,879.0,884.07,5750.75
2026-01-21 06:00:00,884.08,884.74,877.82,878.31,5192.439
2026-01-21 07:00:00,878.31,879.79,874.36,875.36,5893.216
2026-01-21 08:00:00,875.36,875.36,870.0,873.0,15102.474
2026-01-21 09:00:00,872.99,875.56,872.21,872.81,6138.617
2026-01-21 10:00:00,872.8,876.2,872.25,873.47,4647.368
2026-01-21 11:00:00,873.47,875.1,870.01,870.78,5418.243
2026-01-21 12:00:00,870.77,871.7,864.54,871.54,11016.581
2026-01-21 13:00:00,871.55,876.0,871.29,874.09,4382.518
2026-01-21 14:00:00,874.08,884.64,873.46,883.96,13681.957
2026-01-21 15:00:00,883.96,893.69,883.66,892.66,14169.211
2026-01-21 16:00:00,892.67,892.94,867.66,868.0,18072.4
2026-01-21 17:00:00,868.0,874.39,865.75,869.73,11947.989
2026-01-21 18:00:00,869.73,875.52,867.36,873.49,5053.851
2026-01-21 19:00:00,873.49,889.92,871.44,889.83,8522.769
2026-01-21 20:00:00,889.83,890.13,882.28,888.46,7840.105
2026-01-21 21:00:00,888.47,890.79,887.15,889.45,3942.594
2026-01-21 22:00:00,889.45,892.45,886.34,887.74,4131.932
2026-01-21 23:00:00,887.74,890.47,882.25,883.36,4440.404
2026-01-22 00:00:00,883.35,890.57,883.35,889.33,3808.797
2026-01-22 01:00:00,889.33,892.62,888.83,892.18,3722.6
2026-01-22 02:00:00,892.18,894.28,889.41,889.61,4283.085
2026-01-22 03:00:00,889.6,892.67,888.89,891.43,4260.826
2026-01-22 04:00:00,891.42,893.0,890.91,892.11,3415.397
2026-01-22 05:00:00,892.11,893.05,890.08,891.28,1791.313
2026-01-22 06:00:00,891.28,893.05,889.35,890.81,2514.22
2026-01-22 07:00:00,890.82,891.12,887.79,888.83,2859.457
2026-01-22 08:00:00,888.82,892.39,888.69,891.88,3189.702
2026-01-22 09:00:00,891.88,896.46,891.45,895.33,4734.601
2026-01-22 10:00:00,895.33,897.58,894.82,896.4,7780.747
2026-01-22 11:00:00,896.41,897.04,892.12,892.93,9008.257
2026-01-22 12:00:00,892.93,894.03,892.11,892.58,3941.037
2026-01-22 13:00:00,892.58,895.04,886.44,888.21,5793.383
2026-01-22 14:00:00,888.21,888.82,881.23,883.07,8395.518
2026-01-22 15:00:00,883.07,887.07,878.18,883.03,7518.525
2026-01-22 16:00:00,883.03,887.76,881.81,885.09,4410.951
2026-01-22 17:00:00,885.09,888.43,883.45,887.91,2417.615
2026-01-22 18:00:00,887.91,888.53,883.85,884.2,2084.687
2026-01-22 19:00:00,884.2,888.95,883.04,888.35,1940.815
2026-01-22 20:00:00,888.34,889.67,886.34,887.48,2563.796
2026-01-22 21:00:00,887.48,890.0,887.01,888.15,1258.294
2026-01-22 22:00:00,888.15,892.0,886.29,887.55,5633.742
2026-01-22 23:00:00,887.55,888.2,885.34,888.06,1459.107
2026-01-23 00:00:00,888.06,890.39,887.63,889.52,2384.084
2026-01-23 01:00:00,889.54,892.0,889.02,891.99,2622.795
2026-01-23 02:00:00,892.0,892.37,888.45,888.85,4541.74
2026-01-23 03:00:00,888.85,892.31,888.7,891.55,3992.886
2026-01-23 04:00:00,891.56,893.42,891.0,892.08,2429.516
2026-01-23 05:00:00,892.09,892.1,889.38,891.31,2127.88
2026-01-23 06:00:00,891.31,892.89,889.15,890.4,1900.917
2026-01-23 07:00:00,890.41,892.38,890.21,891.32,2324.749
2026-01-23 08:00:00,891.33,891.76,888.05,888.77,5690.091
2026-01-23 09:00:00,888.76,890.34,886.82,887.36,4211.613
2026-01-23 10:00:00,887.37,889.51,885.69,888.61,4609.833
2026-01-23 11:00:00,888.61,890.05,886.93,887.36,3179.22
2026-01-23 12:00:00,887.35,888.26,886.39,887.44,2355.609
2026-01-23 13:00:00,887.44,888.65,886.24,887.94,2206.05
2026-01-23 14:00:00,887.94,891.0,883.1,886.96,7443.848
2026-01-23 15:00:00,886.96,892.43,883.89,892.0,5793.025
2026-01-23 16:00:00,892.01,898.75,891.89,895.96,8220.721
2026-01-23 17:00:00,895.96,904.99,894.31,899.25,7226.163
2026-01-23 18:00:00,899.25,903.03,898.33,899.93,3901.824
2026-01-23 19:00:00,899.92,899.99,889.98,893.72,10640.831
2026-01-23 20:00:00,893.72,894.91,888.49,890.86,3660.989
2026-01-23 21:00:00,890.86,892.44,889.86,889.94,1467.266
2026-01-23 22:00:00,889.95,893.16,889.82,892.79,1776.085
2026-01-23 23:00:00,892.79,892.79,890.53,891.63,1427.875
2026-01-24 00:00:00,891.62,892.32,889.33,889.84,3697.415
2026-01-24 01:00:00,889.85,890.76,889.35,890.35,3410.025
2026-01-24 02:00:00,890.35,893.32,890.18,892.68,1991.422
2026-01-24 03:00:00,892.68,894.24,891.8,892.9,2070.585
2026-01-24 04:00:00,892.9,894.16,892.18,892.76,1342.987
2026-01-24 05:00:00,892.76,893.62,892.44,892.88,1658.233
2026-01-24 06:00:00,892.89,893.45,892.04,892.24,1224.34
2026-01-24 07:00:00,892.25,893.01,891.46,892.06,3151.496
2026-01-24 08:00:00,892.06,892.5,891.2,892.33,2412.515
2026-01-24 09:00:00,892.33,892.59,891.73,892.18,1212.337
2026-01-24 10:00:00,892.18,892.76,891.52,892.06,1981.127
2026-01-24 11:00:00,892.06,893.98,892.05,892.57,1870.509
2026-01-24 12:00:00,892.58,892.68,891.73,892.14,2007.738
2026-01-24 13:00:00,892.14,892.4,890.75,890.76,1674.303
2026-01-24 14:00:00,890.76,892.88,890.6,891.52,2615.6
2026-01-24 15:00:00,891.52,892.55,888.69,888.7,6799.05
2026-01-24 16:00:00,888.7,888.7,886.53,887.7,4733.079
2026-01-24 17:00:00,887.71,889.64,887.32,889.33,1369.362
2026-01-24 18:00:00,889.34,890.34,888.75,888.92,1486.918
2026-01-24 19:00:00,888.92,888.96,888.0,888.12,1071.382
2026-01-24 20:00:00,888.13,888.85,887.42,887.82,680.197
2026-01-24 21:00:00,887.83,888.64,887.21,888.64,615.067
2026-01-24 22:00:00,888.64,889.79,888.06,888.78,1157.505
2026-01-24 23:00:00,888.78,889.21,887.01,887.17,1039.371
2026-01-25 00:00:00,887.18,887.75,885.47,885.94,2213.106
2026-01-25 01:00:00,885.93,886.29,883.75,884.63,3262.444
2026-01-25 02:00:00,884.64,885.12,883.64,883.88,3728.013
2026-01-25 03:00:00,883.88,884.42,880.1,881.24,3349.333
2026-01-25 04:00:00,881.24,883.67,881.0,882.27,2073.685
2026-01-25 05:00:00,882.27,882.91,880.48,882.12,2639.982
2026-01-25 06:00:00,882.13,882.47,879.77,881.8,3098.854
2026-01-25 07:00:00,881.8,881.8,879.32,879.4,2354.996
2026-01-25 08:00:00,879.4,881.86,877.14,878.36,4297.914
2026-01-25 09:00:00,878.36,882.22,878.05,881.18,3679.124
2026-01-25 10:00:00,881.18,883.25,880.4,882.15,4464.815
2026-01-25 11:00:00,882.16,882.83,879.78,880.52,1749.554
2026-01-25 12:00:00,880.51,881.06,879.41,881.02,2292.0
2026-01-25 13:00:00,881.02,881.49,878.72,880.51,2500.614
2026-01-25 14:00:00,880.51,880.86,876.87,878.82,4144.363
2026-01-25 15:00:00,878.82,880.0,876.77,877.55,1474.113
2026-01-25 16:00:00,877.55,877.69,868.0,870.64,17991.92
2026-01-25 17:00:00,870.65,871.16,867.36,869.47,3556.109
2026-01-25 18:00:00,869.47,870.02,862.0,866.54,12682.987
2026-01-25 19:00:00,866.54,867.51,856.0,858.86,15882.604
2026-01-25 20:00:00,858.86,861.54,856.01,860.84,7987.364
2026-01-25 21:00:00,860.84,864.85,860.06,863.94,5107.901
2026-01-25 22:00:00,863.94,864.08,859.8,861.99,5224.393
2026-01-25 23:00:00,861.99,866.66,859.19,866.02,5024.038
2026-01-26 00:00:00,866.02,869.7,864.91,867.48,7377.95
2026-01-26 01:00:00,867.48,875.98,867.34,874.12,9285.648
2026-01-26 02:00:00,874.12,874.99,870.39,871.69,6388.824
2026-01-26 03:00:00,871.69,872.81,867.0,868.21,3801.684
2026-01-26 04:00:00,868.2,873.8,868.0,872.21,2593.144
2026-01-26 05:00:00,872.21,872.89,871.15,871.93,1469.008
2026-01-26 06:00:00,871.93,873.7,870.24,872.93,2467.03
2026-01-26 07:00:00,872.94,874.68,871.2,874.64,2896.864
2026-01-26 08:00:00,874.63,877.83,872.95,873.36,6404.782
2026-01-26 09:00:00,873.36,873.4,869.4,870.15,4421.436
2026-01-26 10:00:00,870.15,872.86,870.15,872.21,2487.943
2026-01-26 11:00:00,872.22,873.28,871.42,873.12,2238.637
2026-01-26 12:00:00,873.12,875.67,871.6,872.64,4263.747
2026-01-26 13:00:00,872.64,874.63,872.08,874.45,3254.796
2026-01-26 14:00:00,874.45,876.67,869.63,874.32,8414.977
2026-01-26 15:00:00,874.33,878.34,869.63,871.93,7879.728
2026-01-26 16:00:00,871.94,875.06,869.85,873.04,4782.546
2026-01-26 17:00:00,873.04,874.7,868.68,873.96,5721.877
2026-01-26 18:00:00,873.96,879.13,873.53,878.07,4559.964
2026-01-26 19:00:00,878.07,878.72,874.1,874.4,2136.019
2026-01-26 20:00:00,874.4,875.47,871.66,872.78,1858.596
2026-01-26 21:00:00,872.78,879.0,872.23,876.61,2189.109
2026-01-26 22:00:00,876.61,879.65,876.19,878.01,3394.603
2026-01-26 23:00:00,878.01,881.44,876.73,879.41,2411.792
2026-01-27 00:00:00,879.41,879.57,876.53,877.68,2083.836
2026-01-27 01:00:00,877.67,881.76,876.2,881.32,3617.441
2026-01-27 02:00:00,881.31,885.42,881.18,885.09,8816.74
2026-01-27 03:00:00,885.09,886.08,884.22,884.92,5570.304
2026-01-27 04:00:00,884.91,888.25,884.48,885.32,7088.721
2026-01-27 05:00:00,885.32,885.54,882.14,884.65,4078.162
2026-01-27 06:00:00,884.66,885.53,882.35,883.37,4913.076
2026-01-27 07:00:00,883.38,885.61,883.2,883.54,6620.805
2026-01-27 08:00:00,883.54,885.11,883.26,884.59,5032.811
2026-01-27 09:00:00,884.58,884.58,881.36,881.36,5943.826
2026-01-27 10:00:00,881.37,882.0,877.17,877.45,7311.81
2026-01-27 11:00:00,877.46,880.55,876.88,880.43,5013.562
2026-01-27 12:00:00,880.44,881.95,880.31,880.77,4019.818
2026-01-27 13:00:00,880.78,883.14,879.31,882.3,4875.293
2026-01-27 14:00:00,882.31,885.29,880.6,881.79,10237.14
2026-01-27 15:00:00,881.8,886.27,881.1,885.73,7877.238
2026-01-27 16:00:00,885.73,896.71,885.73,894.95,16479.844
2026-01-27 17:00:00,894.96,897.72,884.9,887.1,8518.398
2026-01-27 18:00:00,887.11,894.65,886.41,892.44,3938.413
2026-01-27 19:00:00,892.45,893.65,889.98,891.88,3196.641
2026-01-27 20:00:00,891.89,898.88,891.59,898.61,3432.296
2026-01-27 21:00:00,898.61,899.28,895.0,895.73,2982.282
2026-01-27 22:00:00,895.73,899.98,895.72,899.16,3038.557
2026-01-27 23:00:00,899.17,901.22,897.99,898.36,3842.625
2026-01-28 00:00:00,898.35,900.99,897.77,900.03,2638.543
2026-01-28 01:00:00,900.04,900.93,895.22,896.48,6341.767
2026-01-28 02:00:00,896.47,896.93,894.41,896.93,2747.457
2026-01-28 03:00:00,896.92,897.69,894.81,896.84,4348.976
2026-01-28 04:00:00,896.84,899.19,895.34,898.89,4464.936
2026-01-28 05:00:00,898.89,901.0,897.99,900.84,5390.382
2026-01-28 06:00:00,900.85,904.72,899.7,903.65,4149.121
2026-01-28 07:00:00,903.66,904.18,901.93,903.34,4708.713
2026-01-28 08:00:00,903.34,905.94,902.27,902.49,5116.766
2026-01-28 09:00:00,902.49,908.67,902.49,908.55,8566.163
2026-01-28 10:00:00,908.55,909.43,905.26,905.54,3579.259
2026-01-28 11:00:00,905.54,908.0,902.98,907.69,3558.654
2026-01-28 12:00:00,907.68,907.76,903.97,905.27,4894.129
2026-01-28 13:00:00,905.27,908.31,905.22,906.04,3018.813
2026-01-28 14:00:00,906.03,906.05,900.82,901.99,8427.384
2026-01-28 15:00:00,901.99,904.0,897.18,902.92,7719.054
2026-01-28 16:00:00,902.91,903.83,897.83,900.0,7981.575
2026-01-28 17:00:00,900.0,907.06,898.32,904.48,6089.864
2026-01-28 18:00:00,904.48,904.65,900.42,902.52,3974.117
2026-01-28 19:00:00,902.51,905.26,900.16,904.0,4104.581
2026-01-28 20:00:00,904.01,907.71,902.32,902.75,2718.541
2026-01-28 21:00:00,902.75,904.7,899.68,904.32,2875.029
2026-01-28 22:00:00,904.32,905.33,902.61,904.35,1447.57
2026-01-28 23:00:00,904.34,905.28,901.69,902.91,1411.846
2026-01-29 00:00:00,902.92,904.24,900.37,903.56,2551.998
2026-01-29 01:00:00,903.57,904.98,898.78,899.54,3748.038
2026-01-29 02:00:00,899.54,901.24,893.2,894.67,6670.947
2026-01-29 03:00:00,894.67,898.97,893.87,896.54,4943.888
2026-01-29 04:00:00,896.55,901.42,895.2,900.52,5187.099
2026-01-29 05:00:00,900.53,902.65,898.0,898.55,7454.507
2026-01-29 06:00:00,898.55,901.47,898.55,901.41,2734.128
2026-01-29 07:00:00,901.41,906.67,901.4,904.8,12770.36
2026-01-29 08:00:00,904.8,905.41,902.09,903.78,16318.01
2026-01-29 09:00:00,903.78,905.8,902.66,903.86,22386.502
2026-01-29 10:00:00,903.86,904.59,894.93,895.0,31077.48
2026-01-29 11:00:00,895.0,896.5,893.23,894.28,5912.498
2026-01-29 12:00:00,894.28,894.43,889.88,891.17,7093.585
2026-01-29 13:00:00,891.17,892.42,889.89,890.18,4107.488
2026-01-29 14:00:00,890.18,891.35,877.69,877.76,15714.1
2026-01-29 15:00:00,877.76,878.07,856.9,864.15,37858.809
2026-01-29 16:00:00,864.15,865.87,856.82,865.55,19717.543
2026-01-29 17:00:00,865.55,870.36,862.72,863.47,11643.858
2026-01-29 18:00:00,863.47,867.73,856.5,858.26,13311.979
2026-01-29 19:00:00,858.26,862.84,852.81,860.4,15962.679
2026-01-29 20:00:00,860.4,865.62,859.61,864.51,4843.15
2026-01-29 21:00:00,864.51,867.28,862.95,865.47,9325.444
2026-01-29 22:00:00,865.47,867.35,863.11,867.35,5095.895
2026-01-29 23:00:00,867.35,869.48,865.21,868.69,3798.701
2026-01-30 00:00:00,868.69,869.77,864.24,865.49,5639.545
2026-01-30 01:00:00,865.49,865.55,837.65,847.84,57514.467
2026-01-30 02:00:00,847.84,847.84,835.55,842.5,22140.437
2026-01-30 03:00:00,842.5,846.77,842.31,845.7,8659.588
2026-01-30 04:00:00,845.69,854.36,845.6,850.42,10033.31
2026-01-30 05:00:00,850.42,851.66,847.36,847.39,5189.196
2026-01-30 06:00:00,847.4,847.45,836.14,840.23,8851.792
2026-01-30 07:00:00,840.23,848.45,840.23,847.55,7863.779
2026-01-30 08:00:00,847.56,848.05,840.25,841.94,6984.896
2026-01-30 09:00:00,841.95,843.5,833.08,834.56,10749.656
2026-01-30 10:00:00,834.56,839.0,833.32,838.95,5711.049
2026-01-30 11:00:00,838.94,845.0,837.0,842.79,8062.028
2026-01-30 12:00:00,842.79,843.36,836.45,838.01,8130.926
2026-01-30 13:00:00,838.01,852.09,837.73,845.34,26285.171
2026-01-30 14:00:00,845.33,855.87,845.33,850.57,9659.103
2026-01-30 15:00:00,850.58,855.56,845.15,850.11,12439.257
2026-01-30 16:00:00,850.1,854.34,848.0,850.85,8934.981
2026-01-30 17:00:00,850.85,853.0,847.5,848.61,8161.14
2026-01-30 18:00:00,848.61,852.16,831.83,850.34,24301.109
2026-01-30 19:00:00,850.35,855.9,850.34,854.24,8398.682
2026-01-30 20:00:00,854.24,862.09,846.38,859.54,18545.674
2026-01-30 21:00:00,859.55,860.04,853.59,858.96,6161.766
2026-01-30 22:00:00,858.96,860.3,856.92,860.06,2933.349
2026-01-30 23:00:00,860.07,861.58,856.4,858.81,4600.453
2026-01-31 00:00:00,858.81,860.85,856.47,856.68,4093.056
2026-01-31 01:00:00,856.67,858.84,853.89,854.46,7182.321
2026-01-31 02:00:00,854.47,855.48,851.93,854.49,2381.277
2026-01-31 03:00:00,854.5,856.38,852.68,853.22,2476.95
2026-01-31 04:00:00,853.22,854.6,851.23,851.76,2231.892
2026-01-31 05:00:00,851.77,853.46,850.39,851.18,4694.772
2026-01-31 06:00:00,851.18,852.38,849.0,851.23,3725.891
2026-01-31 07:00:00,851.23,851.44,845.89,847.75,8453.551
2026-01-31 08:00:00,847.75,847.75,833.0,836.19,17901.617
2026-01-31 09:00:00,836.19,841.5,835.8,839.03,4203.813
2026-01-31 10:00:00,839.04,840.48,836.78,838.97,2859.083
2026-01-31 11:00:00,838.98,838.98,835.78,836.85,6190.979
2026-01-31 12:00:00,836.85,837.65,833.05,833.72,6063.306
2026-01-31 13:00:00,833.72,834.3,828.75,830.14,9464.508
2026-01-31 14:00:00,830.15,831.92,805.0,812.18,65897.476
2026-01-31 15:00:00,812.18,816.8,801.66,803.1,21793.15
2026-01-31 16:00:00,803.1,810.21,790.11,793.23,46178.529
2026-01-31 17:00:00,793.24,796.0,774.0,781.35,56493.899
2026-01-31 18:00:00,781.35,783.89,750.0,772.35,73859.463
2026-01-31 19:00:00,772.35,781.31,767.64,771.0,19300.587
2026-01-31 20:00:00,771.05,775.84,766.14,770.64,10807.451
2026-01-31 21:00:00,770.63,777.64,766.6,776.19,13224.468
2026-01-31 22:00:00,776.2,778.3,771.94,774.36,6069.014
2026-01-31 23:00:00,774.36,785.94,773.31,781.38,11759.098
2026-02-01 00:00:00,781.39,786.6,779.68,785.29,8194.051
2026-02-01 01:00:00,785.29,785.83,779.22,784.99,6446.933
2026-02-01 02:00:00,785.0,789.72,783.86,786.99,8327.181
2026-02-01 03:00:00,787.0,787.34,779.8,783.63,10472.66
2026-02-01 04:00:00,783.64,785.0,781.71,781.93,6714.696
2026-02-01 05:00:00,781.94,784.0,779.08,780.6,7118.609
2026-02-01 06:00:00,780.61,783.28,777.37,777.39,4603.089
2026-02-01 07:00:00,777.39,782.56,773.84,778.01,7818.758
2026-02-01 08:00:00,778.0,782.79,775.07,779.0,5806.146
2026-02-01 09:00:00,779.01,782.48,777.0,781.64,3293.927
2026-02-01 10:00:00,781.64,782.48,769.44,769.85,8627.559
2026-02-01 11:00:00,769.85,775.61,768.29,774.07,6203.767
2026-02-01 12:00:00,774.07,774.19,766.92,769.3,6901.547
2026-02-01 13:00:00,769.3,773.64,763.71,765.6,8497.207
2026-02-01 14:00:00,765.6,767.4,746.0,762.84,42155.31
2026-02-01 15:00:00,762.85,763.0,742.7,749.98,31443.308
2026-02-01 16:00:00,749.98,757.16,745.83,753.48,17624.949
2026-02-01 17:00:00,753.48,756.42,749.49,756.13,7680.466
2026-02-01 18:00:00,756.13,766.8,756.09,763.25,8539.861
2026-02-01 19:00:00,763.26,764.44,753.94,757.15,4767.721
2026-02-01 20:00:00,757.14,763.7,751.81,757.64,6527.879
2026-02-01 21:00:00,757.64,758.45,750.53,753.68,5669.298
2026-02-01 22:00:00,753.67,765.51,753.67,761.81,5670.996
2026-02-01 23:00:00,761.8,766.39,739.63,758.54,30019.602
2026-02-02 00:00:00,758.54,770.61,753.81,764.19,11146.96
2026-02-02 01:00:00,764.18,769.35,753.6,765.13,9595.908
2026-02-02 02:00:00,765.13,766.9,757.45,758.52,7273.421
2026-02-02 03:00:00,758.53,759.04,728.44,751.57,51210.002
2026-02-02 04:00:00,751.58,760.39,743.49,751.38,18095.14
2026-02-02 05:00:00,751.38,753.19,735.55,738.09,25463.794
2026-02-02 06:00:00,738.09,754.77,728.88,747.95,42985.755
2026-02-02 07:00:00,747.96,756.94,747.0,752.5,16362.91
2026-02-02 08:00:00,752.58,760.33,752.57,758.4,6266.631
2026-02-02 09:00:00,758.41,767.35,755.32,764.03,11185.822
2026-02-02 10:00:00,764.03,765.47,759.52,760.16,8009.204
2026-02-02 11:00:00,760.17,766.19,760.17,762.36,6824.228
2026-02-02 12:00:00,762.37,769.57,762.37,766.46,7078.144
2026-02-02 13:00:00,766.46,769.44,763.71,767.74,6176.408
2026-02-02 14:00:00,767.74,775.31,761.86,769.4,21156.879
2026-02-02 15:00:00,769.41,781.09,767.46,777.86,13939.651
2026-02-02 16:00:00,777.87,781.58,774.52,775.31,8539.288
2026-02-02 17:00:00,775.32,778.3,772.53,774.93,7236.997
2026-02-02 18:00:00,774.93,777.75,772.22,774.7,6648.634
2026-02-02 19:00:00,774.7,776.09,769.72,770.39,3648.925
2026-02-02 20:00:00,770.38,773.75,767.6,769.66,6912.912
2026-02-02 21:00:00,769.67,774.6,769.52,773.91,4442.201
2026-02-02 22:00:00,773.9,776.0,773.5,775.95,3745.858
2026-02-02 23:00:00,775.95,776.95,773.64,773.94,2717.812
2026-02-03 00:00:00,773.94,774.69,769.9,774.56,4257.449
2026-02-03 01:00:00,774.56,775.25,770.33,773.92,2411.773
2026-02-03 02:00:00,773.92,774.0,763.7,764.24,6380.677
2026-02-03 03:00:00,764.24,773.32,762.7,772.3,6560.819
2026-02-03 04:00:00,772.3,779.01,770.98,777.77,5191.56
2026-02-03 05:00:00,777.77,778.53,773.61,774.05,3321.565
2026-02-03 06:00:00,774.06,779.08,771.12,777.98,6246.236
2026-02-03 07:00:00,777.98,783.57,777.02,782.08,7854.183
2026-02-03 08:00:00,782.09,782.7,777.88,779.65,6846.381
2026-02-03 09:00:00,779.66,780.71,769.48,772.08,10959.776
2026-02-03 10:00:00,772.08,773.63,765.97,767.84,6050.47
2026-02-03 11:00:00,767.84,770.86,767.3,768.87,4922.683
2026-02-03 12:00:00,768.87,775.71,767.99,774.45,5255.172
2026-02-03 13:00:00,774.45,776.54,773.08,775.24,4524.974
2026-02-03 14:00:00,775.24,776.4,765.32,765.45,8153.871
2026-02-03 15:00:00,765.44,778.22,764.29,776.75,14475.821
2026-02-03 16:00:00,776.75,776.76,763.3,763.69,13280.68
2026-02-03 17:00:00,763.69,764.75,750.57,750.86,20804.838
2026-02-03 18:00:00,750.86,753.13,736.19,736.69,40218.037
2026-02-03 19:00:00,736.69,759.81,736.08,757.88,21329.952
2026-02-03 20:00:00,757.87,775.41,752.28,771.49,21876.788
2026-02-03 21:00:00,771.49,775.17,764.0,764.51,8302.697
2026-02-03 22:00:00,764.52,765.02,755.01,757.05,7839.633
2026-02-03 23:00:00,757.04,759.74,752.3,754.78,6882.788
2026-02-04 00:00:00,754.78,757.39,751.61,753.92,6156.12
2026-02-04 01:00:00,753.92,762.69,753.92,759.56,4485.343
2026-02-04 02:00:00,759.57,761.2,751.95,754.87,4823.937
2026-02-04 03:00:00,754.87,764.31,754.28,761.71,6247.922
2026-02-04 04:00:00,761.7,763.1,758.07,758.54,5102.435
2026-02-04 05:00:00,758.55,759.16,754.21,756.0,4937.955
2026-02-04 06:00:00,756.0,763.76,755.6,762.44,3655.143
2026-02-04 07:00:00,762.45,765.33,759.82,764.19,5351.531
2026-02-04 08:00:00,764.19,764.36,758.5,762.22,4079.831
2026-02-04 09:00:00,762.21,762.27,755.15,755.69,6183.823
2026-02-04 10:00:00,755.69,757.0,754.85,756.01,4004.882
2026-02-04 11:00:00,756.02,756.11,747.37,750.34,17833.523
2026-02-04 12:00:00,750.35,752.38,747.96,752.03,7725.375
2026-02-04 13:00:00,752.02,752.42,740.48,740.48,12489.083
2026-02-04 14:00:00,740.48,747.75,733.7,735.8,26481.904
2026-02-04 15:00:00,735.81,740.23,727.5,733.9,47446.537
2026-02-04 16:00:00,733.91,736.7,726.44,729.31,31050.122
2026-02-04 17:00:00,729.3,732.04,715.0,715.75,48317.626
2026-02-04 18:00:00,715.75,723.03,707.0,711.08,60451.629
2026-02-04 19:00:00,711.08,719.43,709.29,717.95,18653.726
2026-02-04 20:00:00,717.95,718.75,711.7,712.72,7378.773
2026-02-04 21:00:00,712.72,714.28,700.01,702.12,21873.829
2026-02-04 22:00:00,702.11,703.35,687.3,691.24,47360.451
2026-02-04 23:00:00,691.24,702.43,690.09,697.27,22380.667
2026-02-05 00:00:00,697.27,700.0,694.32,695.91,9558.618
2026-02-05 01:00:00,695.91,703.0,691.01,698.52,20789.537
2026-02-05 02:00:00,698.53,702.45,692.65,694.64,24849.943
2026-02-05 03:00:00,694.64,699.39,692.33,694.19,14745.403
2026-02-05 04:00:00,694.19,697.34,690.01,692.8,21654.961
2026-02-05 05:00:00,692.8,699.15,686.0,692.49,26726.025
2026-02-05 06:00:00,692.5,694.07,688.47,691.74,16252.662
2026-02-05 07:00:00,691.74,700.24,690.4,691.49,21648.048
2026-02-05 08:00:00,691.5,697.38,690.84,691.57,8321.656
2026-02-05 09:00:00,691.58,700.37,691.58,697.87,8188.723
2026-02-05 10:00:00,697.88,699.52,689.13,691.43,7817.583
2026-02-05 11:00:00,691.43,691.67,674.71,683.49,46852.429
2026-02-05 12:00:00,683.49,688.05,672.7,676.96,25878.867
2026-02-05 13:00:00,676.97,679.42,669.39,674.51,17382.587
2026-02-05 14:00:00,674.52,688.53,674.03,676.18,19086.546
2026-02-05 15:00:00,676.19,678.03,646.66,658.56,89978.009
2026-02-05 16:00:00,658.56,673.96,656.01,669.91,31427.565
2026-02-05 17:00:00,669.92,671.36,652.15,654.74,21514.057
2026-02-05 18:00:00,654.75,658.46,631.09,653.68,61513.385
2026-02-05 19:00:00,653.68,654.62,638.11,641.19,16224.117
2026-02-05 20:00:00,641.28,645.15,611.35,617.21,123296.082
2026-02-05 21:00:00,617.22,631.48,606.01,610.83,103743.591
2026-02-05 22:00:00,610.83,624.39,602.17,617.03,39855.094
2026-02-05 23:00:00,617.04,628.1,604.52,608.3,21873.182
2026-02-06 00:00:00,608.3,620.59,570.06,614.51,162002.892
2026-02-06 01:00:00,614.52,630.0,613.43,629.91,31447.594
2026-02-06 02:00:00,629.92,634.0,618.99,622.53,24518.232
2026-02-06 03:00:00,622.53,625.33,611.57,615.11,21821.952
2026-02-06 04:00:00,615.1,624.66,613.1,620.43,21023.431
2026-02-06 05:00:00,620.43,642.49,619.77,639.38,30848.787
2026-02-06 06:00:00,639.39,642.04,625.93,626.48,19672.786
2026-02-06 07:00:00,626.48,629.1,620.75,623.05,15986.649
2026-02-06 08:00:00,623.06,625.79,617.0,619.61,17712.808
2026-02-06 09:00:00,619.61,631.49,617.15,629.46,19816.67
2026-02-06 10:00:00,629.47,636.12,627.24,633.58,10138.35
2026-02-06 11:00:00,633.58,638.48,632.13,636.17,9425.777
2026-02-06 12:00:00,636.16,637.13,632.45,636.73,6093.875
2026-02-06 13:00:00,636.73,647.76,636.09,643.75,15941.573
2026-02-06 14:00:00,643.75,654.76,638.01,650.45,29410.48
2026-02-06 15:00:00,650.45,654.54,644.33,651.2,21472.741
2026-02-06 16:00:00,651.19,663.0,649.06,659.46,27586.566
2026-02-06 17:00:00,659.46,669.65,657.11,661.95,33213.151
2026-02-06 18:00:00,661.95,662.6,648.94,654.02,19489.641
2026-02-06 19:00:00,654.02,660.22,652.33,658.82,11278.361
2026-02-06 20:00:00,658.83,665.47,655.82,657.14,13296.008
2026-02-06 21:00:00,657.15,664.64,654.87,662.35,12815.617
2026-02-06 22:00:00,662.35,667.41,660.44,665.53,9306.0
2026-02-06 23:00:00,665.53,668.57,657.11,657.21,9002.652
2026-02-07 00:00:00,657.21,657.23,651.71,653.1,11003.834
2026-02-07 01:00:00,653.1,658.06,650.18,657.7,6834.197
2026-02-07 02:00:00,657.71,658.04,654.49,656.94,4480.042
2026-02-07 03:00:00,656.94,661.87,656.53,659.14,7170.41
2026-02-07 04:00:00,659.14,663.88,654.23,656.76,8298.539
2026-02-07 05:00:00,656.76,659.19,652.96,654.38,9025.351
2026-02-07 06:00:00,654.39,656.16,643.02,643.21,10547.191
2026-02-07 07:00:00,643.22,645.28,632.11,638.48,24858.974
2026-02-07 08:00:00,638.49,641.56,636.17,640.14,7390.479
2026-02-07 09:00:00,640.14,641.19,634.53,636.23,5051.207
2026-02-07 10:00:00,636.24,637.25,630.83,634.33,5305.399
2026-02-07 11:00:00,634.33,636.52,633.54,635.7,3665.831
2026-02-07 12:00:00,635.71,646.9,635.09,639.08,12830.007
2026-02-07 13:00:00,639.08,640.63,635.72,638.42,4684.19
2026-02-07 14:00:00,638.42,639.99,633.82,634.5,5905.357
2026-02-07 15:00:00,634.51,644.14,633.64,642.29,6341.686
2026-02-07 16:00:00,642.28,650.0,639.11,643.29,59227.277
2026-02-07 17:00:00,643.29,648.66,640.07,647.49,3824.275
2026-02-07 18:00:00,647.49,655.51,646.28,652.34,6587.962
2026-02-07 19:00:00,652.34,653.42,649.56,650.22,4319.836
2026-02-07 20:00:00,650.21,654.0,649.25,653.16,2891.883
2026-02-07 21:00:00,653.2,653.9,649.2,650.08,2447.199
2026-02-07 22:00:00,650.08,651.88,647.82,648.97,1928.545
2026-02-07 23:00:00,648.97,649.13,644.08,647.0,2900.93
2026-02-08 00:00:00,647.01,648.66,645.78,647.28,2877.771
2026-02-08 01:00:00,647.28,650.73,647.05,649.56,2405.048
2026-02-08 02:00:00,649.56,651.3,645.16,646.85,3705.451
2026-02-08 03:00:00,646.85,647.51,642.53,642.77,3027.548
2026-02-08 04:00:00,642.77,643.85,640.18,643.85,3058.591
2026-02-08 05:00:00,643.84,644.8,641.9,642.96,1641.556
2026-02-08 06:00:00,642.97,644.18,640.36,640.58,3332.683
2026-02-08 07:00:00,640.58,643.41,639.11,643.22,5563.029
2026-02-08 08:00:00,643.22,650.84,640.82,650.08,6342.14
2026-02-08 09:00:00,650.09,650.72,640.57,641.73,11904.829
2026-02-08 10:00:00,641.74,645.11,637.61,639.62,6206.434
2026-02-08 11:00:00,639.62,646.27,639.25,645.67,5674.426
2026-02-08 12:00:00,645.67,646.12,642.48,645.25,6495.359
2026-02-08 13:00:00,645.18,646.54,641.57,644.98,7317.572
2026-02-08 14:00:00,644.99,647.17,643.37,646.95,6853.196
2026-02-08 15:00:00,646.94,648.34,641.04,643.85,5909.888
2026-02-08 16:00:00,643.85,645.46,632.3,634.94,7179.118
2026-02-08 17:00:00,634.85,639.92,634.79,639.15,5484.828
2026-02-08 18:00:00,639.15,649.99,638.95,646.54,6134.385
2026-02-08 19:00:00,646.54,649.5,645.65,648.58,2638.43
2026-02-08 20:00:00,648.58,648.76,643.21,643.82,2072.764
2026-02-08 21:00:00,643.82,646.49,640.23,641.74,1996.372
2026-02-08 22:00:00,641.74,644.71,641.62,643.98,2217.8
2026-02-08 23:00:00,643.97,653.0,636.27,639.93,14132.874
2026-02-09 00:00:00,639.93,643.2,635.87,639.95,5146.635
2026-02-09 01:00:00,639.94,643.44,633.81,636.89,6000.325
2026-02-09 02:00:00,636.89,643.78,635.61,640.3,5561.634
2026-02-09 03:00:00,640.31,646.15,640.31,645.03,4958.283
2026-02-09 04:00:00,645.02,645.36,641.59,642.46,2867.616
2026-02-09 05:00:00,642.46,642.46,640.32,641.76,2000.35
2026-02-09 06:00:00,641.77,641.77,633.93,636.0,5840.601
2026-02-09 07:00:00,636.0,637.48,631.16,632.05,8471.906
2026-02-09 08:00:00,632.05,633.62,622.29,625.94,12916.953
2026-02-09 09:00:00,625.94,628.45,623.91,625.22,7109.577
2026-02-09 10:00:00,625.22,626.66,616.01,618.48,10426.079
2026-02-09 11:00:00,618.48,623.09,618.47,621.83,8507.069
2026-02-09 12:00:00,621.84,627.8,621.72,626.98,4710.89
2026-02-09 13:00:00,626.98,631.25,625.2,625.34,6342.803
2026-02-09 14:00:00,625.34,631.7,622.0,628.18,10919.931
2026-02-09 15:00:00,628.14,632.5,625.01,631.08,9166.664
2026-02-09 16:00:00,630.98,638.5,627.18,635.58,8934.254
2026-02-09 17:00:00,635.59,642.78,632.06,640.3,7893.203
2026-02-09 18:00:00,640.3,643.47,636.31,640.35,4216.097
2026-02-09 19:00:00,640.35,642.97,639.11,642.48,3429.481
2026-02-09 20:00:00,642.48,644.07,638.21,640.92,4094.886
2026-02-09 21:00:00,640.92,641.28,633.44,638.34,4764.164
2026-02-09 22:00:00,638.34,640.29,637.16,637.94,2596.418
2026-02-09 23:00:00,637.95,639.96,635.87,636.39,1875.422
2026-02-10 00:00:00,636.38,638.3,635.68,636.49,2521.442
2026-02-10 01:00:00,636.49,642.0,636.36,640.85,3856.601
2026-02-10 02:00:00,640.85,641.0,637.28,638.23,2270.46
2026-02-10 03:00:00,638.24,638.84,630.01,633.21,6404.342
2026-02-10 04:00:00,633.2,638.0,632.93,637.64,3424.698
2026-02-10 05:00:00,637.64,639.51,635.57,637.62,3773.65
2026-02-10 06:00:00,637.61,638.05,628.4,629.77,9134.74
2026-02-10 07:00:00,629.77,633.75,629.49,631.75,4979.652
2026-02-10 08:00:00,631.74,634.05,629.16,633.55,6281.747
2026-02-10 09:00:00,633.56,635.38,628.02,629.95,19180.137
2026-02-10 10:00:00,629.95,630.3,626.61,627.14,5224.056
2026-02-10 11:00:00,627.14,630.46,625.05,626.46,6903.145
2026-02-10 12:00:00,626.47,628.99,624.66,624.81,9116.154
2026-02-10 13:00:00,624.82,627.41,623.0,624.95,9959.68
2026-02-10 14:00:00,624.95,627.19,613.8,617.48,22467.89
2026-02-10 15:00:00,617.49,622.58,615.33,619.4,11372.394
2026-02-10 16:00:00,619.39,623.49,616.81,621.22,4877.888
2026-02-10 17:00:00,621.23,625.58,619.14,623.75,4440.802
2026-02-10 18:00:00,623.75,624.24,613.98,615.85,4693.13
2026-02-10 19:00:00,615.84,619.28,614.12,617.29,4204.144
2026-02-10 20:00:00,617.28,618.95,615.5,617.92,1820.663
2026-02-10 21:00:00,617.93,619.47,614.43,616.06,2669.385
2026-02-10 22:00:00,616.06,619.87,616.06,619.23,1971.902
2026-02-10 23:00:00,619.23,620.47,617.89,619.85,2000.568
2026-02-11 00:00:00,619.85,623.35,619.49,622.75,2781.676
2026-02-11 01:00:00,622.74,623.23,620.23,620.73,2050.996
2026-02-11 02:00:00,620.73,624.14,620.01,620.03,2329.447
2026-02-11 03:00:00,620.04,620.63,615.34,617.49,3947.836
2026-02-11 04:00:00,617.49,618.69,609.37,610.68,11236.124
2026-02-11 05:00:00,610.69,612.79,607.49,608.3,5739.735
2026-02-11 06:00:00,608.31,608.92,597.61,599.32,23925.581
2026-02-11 07:00:00,599.33,603.07,598.75,600.77,6921.336
2026-02-11 08:00:00,600.76,602.15,594.09,595.88,20658.658
2026-02-11 09:00:00,595.88,599.1,592.56,593.58,7514.604
2026-02-11 10:00:00,593.58,593.82,587.14,587.77,28689.835
2026-02-11 11:00:00,587.78,593.42,587.54,592.82,5977.921
2026-02-11 12:00:00,592.82,594.39,591.09,591.77,6687.502
2026-02-11 13:00:00,591.77,598.59,590.08,597.91,14802.776
2026-02-11 14:00:00,597.92,611.85,596.14,597.48,24121.721
2026-02-11 15:00:00,597.49,600.08,588.87,593.79,20005.488
2026-02-11 16:00:00,593.75,602.76,592.89,593.86,10758.541
2026-02-11 17:00:00,593.87,606.08,592.22,603.33,9530.595
2026-02-11 18:00:00,603.32,610.46,599.68,610.05,6137.284
2026-02-11 19:00:00,610.06,613.45,609.2,610.47,4859.686
2026-02-11 20:00:00,610.46,611.33,606.36,609.9,4027.764
2026-02-11 21:00:00,609.91,617.9,609.13,613.73,6389.728
2026-02-11 22:00:00,613.74,613.8,608.46,608.97,3337.027
2026-02-11 23:00:00,608.98,610.26,604.51,608.11,3919.678
2026-02-12 00:00:00,608.11,612.85,608.11,611.48,5687.273
2026-02-12 01:00:00,611.48,614.16,611.28,611.68,3311.584
2026-02-12 02:00:00,611.69,616.07,610.78,613.01,4370.168
2026-02-12 03:00:00,613.01,617.3,612.49,616.6,3079.518
2026-02-12 04:00:00,616.61,618.25,613.49,613.58,6066.469
2026-02-12 05:00:00,613.57,615.85,611.21,615.66,3782.953
2026-02-12 06:00:00,615.65,618.08,615.0,615.84,2690.613
2026-02-12 07:00:00,615.84,617.92,614.25,615.25,9019.134
2026-02-12 08:00:00,615.25,616.04,610.85,611.53,3840.484
2026-02-12 09:00:00,611.54,617.45,610.53,614.45,9726.729
2026-02-12 10:00:00,614.45,619.06,613.64,619.06,5018.293
2026-02-12 11:00:00,619.06,620.87,616.35,617.69,4061.323
2026-02-12 12:00:00,617.69,618.15,614.16,615.41,2455.402
2026-02-12 13:00:00,615.4,618.27,613.44,618.24,5990.044
2026-02-12 14:00:00,618.24,618.28,611.0,612.24,5571.415
2026-02-12 15:00:00,612.23,614.39,607.72,609.2,9255.732
2026-02-12 16:00:00,609.21,610.15,600.6,604.23,12592.77
2026-02-12 17:00:00,604.24,609.02,603.14,603.45,5653.198
2026-02-12 18:00:00,603.45,607.73,602.03,606.95,3433.773
2026-02-12 19:00:00,606.95,612.32,604.99,608.13,3615.284
2026-02-12 20:00:00,608.17,609.83,604.0,604.95,2450.507
2026-02-12 21:00:00,604.94,608.26,604.82,607.34,2396.26
2026-02-12 22:00:00,607.36,612.55,605.95,612.24,2910.189
2026-02-12 23:00:00,612.24,616.0,611.62,614.29,4319.342
2026-02-13 00:00:00,614.29,616.64,609.8,611.0,4341.642
2026-02-13 01:00:00,610.99,616.37,610.84,615.5,3433.389
2026-02-13 02:00:00,615.5,616.3,609.0,610.18,22011.486
2026-02-13 03:00:00,610.18,612.0,607.5,608.85,8110.514
2026-02-13 04:00:00,608.86,609.5,605.71,605.9,5840.706
2026-02-13 05:00:00,605.9,606.17,598.46,598.87,8776.701
2026-02-13 06:00:00,598.87,598.92,592.49,597.83,11512.603
2026-02-13 07:00:00,597.84,601.12,596.16,598.11,8394.021
2026-02-13 08:00:00,598.12,604.36,597.68,602.39,5881.864
2026-02-13 09:00:00,602.39,603.3,599.48,602.15,4605.377
2026-02-13 10:00:00,602.16,602.81,599.28,601.37,5284.79
2026-02-13 11:00:00,601.36,601.67,598.24,601.58,4562.536
2026-02-13 12:00:00,601.58,601.64,596.84,599.06,6504.047
2026-02-13 13:00:00,599.06,603.1,596.51,598.65,10840.91
2026-02-13 14:00:00,598.65,605.36,595.38,602.62,21415.837
2026-02-13 15:00:00,602.63,615.38,600.7,610.33,27337.861
2026-02-13 16:00:00,610.33,619.39,609.04,615.98,17576.096
2026-02-13 17:00:00,615.98,618.72,613.41,615.99,7441.868
2026-02-13 18:00:00,615.98,618.8,614.01,617.65,7209.494
2026-02-13 19:00:00,617.66,621.29,617.07,618.14,6147.007
2026-02-13 20:00:00,618.14,618.88,615.65,618.34,3218.529
2026-02-13 21:00:00,618.33,622.81,618.09,621.15,5012.609
2026-02-13 22:00:00,621.14,621.39,617.88,620.1,3132.968
2026-02-13 23:00:00,620.09,620.88,618.28,618.94,2826.959
2026-02-14 00:00:00,618.93,623.77,618.45,623.18,4889.616
2026-02-14 01:00:00,623.18,625.63,622.82,624.07,6375.902
2026-02-14 02:00:00,624.06,624.06,620.36,620.92,3622.523
2026-02-14 03:00:00,620.91,621.57,616.72,617.5,6921.136
2026-02-14 04:00:00,617.5,617.68,616.01,617.17,2947.755
2026-02-14 05:00:00,617.17,618.45,615.7,616.57,2503.698
2026-02-14 06:00:00,616.57,619.36,615.97,619.35,2725.714
2026-02-14 07:00:00,619.36,622.39,618.9,622.35,4646.304
2026-02-14 08:00:00,622.35,627.7,622.01,627.08,10017.079
2026-02-14 09:00:00,627.08,629.33,626.18,628.96,5362.02
2026-02-14 10:00:00,628.96,628.99,626.32,627.45,4411.346
2026-02-14 11:00:00,627.45,633.79,627.28,633.37,8451.2
2026-02-14 12:00:00,633.37,634.2,626.86,627.6,6803.523
2026-02-14 13:00:00,627.6,630.62,626.76,629.98,5560.33
2026-02-14 14:00:00,629.98,637.24,629.4,635.85,6252.04
2026-02-14 15:00:00,635.86,636.74,633.5,634.73,5800.04
2026-02-14 16:00:00,634.74,634.74,629.19,633.28,7699.894
2026-02-14 17:00:00,633.28,634.48,631.21,632.03,2753.57
2026-02-14 18:00:00,632.03,632.9,631.05,631.77,2039.356
2026-02-14 19:00:00,631.78,633.31,629.97,632.84,2384.362
2026-02-14 20:00:00,632.84,633.93,630.42,632.42,2401.469
2026-02-14 21:00:00,632.42,634.61,628.58,631.12,3881.534
2026-02-14 22:00:00,631.11,633.69,630.8,632.4,2141.319
2026-02-14 23:00:00,632.39,634.48,631.4,632.77,3254.194
2026-02-15 00:00:00,632.77,633.49,629.76,631.89,4421.747
2026-02-15 01:00:00,631.88,633.97,629.0,632.82,3935.785
2026-02-15 02:00:00,632.82,633.93,627.0,630.46,7827.319
2026-02-15 03:00:00,630.45,633.8,627.13,633.4,5956.709
2026-02-15 04:00:00,633.39,639.18,633.39,635.62,6681.442
2026-02-15 05:00:00,635.64,638.5,635.4,636.44,3433.18
2026-02-15 06:00:00,636.45,638.41,634.8,636.44,3765.524
2026-02-15 07:00:00,636.44,642.49,635.78,639.86,5814.263
2026-02-15 08:00:00,639.86,641.28,628.22,631.6,7498.188
2026-02-15 09:00:00,631.6,633.57,629.65,630.66,4566.406
2026-02-15 10:00:00,630.67,630.91,626.21,629.81,5111.479
2026-02-15 11:00:00,629.81,631.11,628.79,629.26,2598.958
2026-02-15 12:00:00,629.27,630.06,619.33,619.38,10577.918
2026-02-15 13:00:00,619.38,624.29,615.71,617.57,10872.572
2026-02-15 14:00:00,617.57,622.04,617.07,621.02,5291.427
2026-02-15 15:00:00,621.02,623.4,619.58,621.52,3712.822
2026-02-15 16:00:00,621.53,621.54,617.68,619.84,4007.884
2026-02-15 17:00:00,619.84,620.78,610.17,613.91,12321.247
2026-02-15 18:00:00,613.91,615.31,610.78,611.53,5711.403
2026-02-15 19:00:00,611.52,613.46,608.82,611.79,8368.369
2026-02-15 20:00:00,611.79,614.47,609.86,613.74,3061.673
2026-02-15 21:00:00,613.74,617.44,613.5,615.82,2270.792
2026-02-15 22:00:00,615.82,617.04,614.41,616.57,1871.329
2026-02-15 23:00:00,616.57,616.67,611.66,615.16,2748.155
2026-02-16 00:00:00,615.17,616.89,613.8,616.23,2500.319
2026-02-16 01:00:00,616.23,618.37,612.68,614.94,2000.644
2026-02-16 02:00:00,614.94,616.48,611.69,612.35,2148.484
2026-02-16 03:00:00,612.35,613.57,611.38,613.46,1614.707
2026-02-16 04:00:00,613.46,618.22,613.44,618.21,2163.966
2026-02-16 05:00:00,618.22,618.75,610.7,612.42,3367.206
2026-02-16 06:00:00,612.42,614.0,610.4,612.81,2521.827
2026-02-16 07:00:00,612.81,615.06,611.52,613.39,2828.581
2026-02-16 08:00:00,613.39,615.09,612.6,614.78,2534.282
2026-02-16 09:00:00,614.78,619.87,614.77,618.57,4862.934
2026-02-16 10:00:00,618.57,619.37,616.73,618.76,2628.045
2026-02-16 11:00:00,618.76,620.0,613.53,618.75,3456.643
2026-02-16 12:00:00,618.74,629.16,618.74,628.12,9841.4
2026-02-16 13:00:00,628.13,631.24,614.61,616.21,12361.898
2026-02-16 14:00:00,616.2,618.22,612.43,613.75,8134.337
2026-02-16 15:00:00,613.75,616.51,604.49,607.51,14806.426
2026-02-16 16:00:00,607.51,613.22,607.23,613.05,7178.981
2026-02-16 17:00:00,613.05,617.14,612.08,615.64,4104.041
2026-02-16 18:00:00,615.64,618.31,614.24,614.59,2748.392
2026-02-16 19:00:00,614.59,617.91,614.24,616.73,1771.578
2026-02-16 20:00:00,616.74,622.53,616.04,622.35,2991.89
2026-02-16 21:00:00,622.34,626.48,621.3,626.43,3372.147
2026-02-16 22:00:00,626.42,628.2,625.12,626.21,3792.989
2026-02-16 23:00:00,626.2,628.09,625.3,627.19,1929.166
2026-02-17 00:00:00,627.19,628.4,625.92,626.63,1873.56
2026-02-17 01:00:00,626.63,628.39,624.24,624.57,1708.497
2026-02-17 02:00:00,624.57,631.86,621.25,629.07,12890.326
2026-02-17 03:00:00,629.06,629.53,626.17,626.99,3240.882
2026-02-17 04:00:00,627.0,628.28,625.0,626.24,2350.112
2026-02-17 05:00:00,626.25,627.27,620.3,623.02,3290.92
2026-02-17 06:00:00,623.01,625.08,623.01,624.82,1432.055
2026-02-17 07:00:00,624.82,624.82,622.02,622.74,4078.389
2026-02-17 08:00:00,622.74,623.89,619.51,619.95,2517.551
2026-02-17 09:00:00,619.94,620.67,618.05,619.5,2130.945
2026-02-17 10:00:00,619.5,620.0,615.17,616.54,3162.503
2026-02-17 11:00:00,616.54,618.57,615.85,618.34,1701.732
2026-02-17 12:00:00,618.33,621.65,617.99,619.43,2061.538
2026-02-17 13:00:00,619.43,625.34,618.36,623.87,4397.713
2026-02-17 14:00:00,623.87,626.08,609.73,611.93,12214.177
2026-02-17 15:00:00,611.92,615.33,609.3,615.24,9877.196
2026-02-17 16:00:00,615.25,622.34,614.32,618.29,7322.309
2026-02-17 17:00:00,618.29,619.66,612.12,614.94,3373.772
2026-02-17 18:00:00,614.94,623.98,614.3,622.17,3660.176
2026-02-17 19:00:00,622.18,624.28,619.53,620.1,2852.099
2026-02-17 20:00:00,620.1,620.82,616.74,618.62,1673.645
2026-02-17 21:00:00,618.62,620.41,616.59,618.79,1580.395
2026-02-17 22:00:00,618.78,619.68,617.71,617.91,967.713
2026-02-17 23:00:00,617.9,618.29,616.06,617.74,1575.879
2026-02-18 00:00:00,617.76,619.24,616.32,616.48,1706.601
2026-02-18 01:00:00,616.49,616.62,613.33,614.75,2517.953
2026-02-18 02:00:00,614.76,617.91,614.56,617.13,1198.966
2026-02-18 03:00:00,617.13,619.67,616.68,618.86,1686.732
2026-02-18 04:00:00,618.86,619.04,616.56,617.38,1581.014
2026-02-18 05:00:00,617.39,618.12,615.93,616.09,1606.236
2026-02-18 06:00:00,616.08,618.27,616.07,616.55,1527.167
2026-02-18 07:00:00,616.55,621.42,614.8,620.91,3059.427
2026-02-18 08:00:00,620.9,626.57,620.11,623.35,6531.87
2026-02-18 09:00:00,623.35,624.3,622.63,622.87,2411.151
2026-02-18 10:00:00,622.88,623.86,618.7,619.1,2152.214
2026-02-18 11:00:00,619.11,619.48,613.56,614.18,4223.623
2026-02-18 12:00:00,614.18,616.77,613.77,615.84,3076.545
2026-02-18 13:00:00,615.85,616.98,608.75,610.97,6048.109
2026-02-18 14:00:00,610.97,612.8,607.97,612.29,8016.446
2026-02-18 15:00:00,612.28,623.17,612.06,618.25,10187.601
2026-02-18 16:00:00,618.25,618.56,613.6,616.55,5824.176
2026-02-18 17:00:00,616.55,620.59,616.14,616.48,2995.72
2026-02-18 18:00:00,616.48,617.16,609.21,610.76,4794.914
2026-02-18 19:00:00,610.76,612.27,601.3,603.23,11904.091
2026-02-18 20:00:00,603.23,606.51,602.86,603.65,4540.571
2026-02-18 21:00:00,603.65,606.07,602.0,604.27,3395.717
2026-02-18 22:00:00,604.27,605.74,602.47,604.79,4107.809
2026-02-18 23:00:00,604.79,605.5,603.66,604.8,2161.357
2026-02-19 00:00:00,604.8,605.59,602.84,602.85,3430.94
2026-02-19 01:00:00,602.84,606.99,602.84,606.94,3529.913
2026-02-19 02:00:00,606.95,607.43,604.06,606.2,5327.328
2026-02-19 03:00:00,606.21,608.15,604.77,607.86,2100.698
2026-02-19 04:00:00,607.87,610.56,607.55,609.0,5633.39
2026-02-19 05:00:00,608.99,609.87,606.66,608.51,3969.53
2026-02-19 06:00:00,608.51,614.8,608.35,613.48,4325.787
2026-02-19 07:00:00,613.48,614.0,610.33,610.78,2818.444
2026-02-19 08:00:00,610.78,610.9,605.55,606.68,5654.871
2026-02-19 09:00:00,606.68,608.86,604.83,606.51,6148.183
2026-02-19 10:00:00,606.51,607.99,605.53,606.22,4212.322
2026-02-19 11:00:00,606.22,607.11,603.9,604.24,4568.625
2026-02-19 12:00:00,604.24,606.49,603.45,605.66,2758.592
2026-02-19 13:00:00,605.67,606.21,596.0,598.54,11842.41
2026-02-19 14:00:00,598.53,604.15,597.65,602.17,9347.525
2026-02-19 15:00:00,602.19,604.9,597.72,600.39,6660.021
2026-02-19 16:00:00,600.4,601.84,596.07,600.01,6377.717
2026-02-19 17:00:00,600.01,604.93,597.28,599.12,4390.307
2026-02-19 18:00:00,599.11,606.8,598.65,605.86,4003.023
2026-02-19 19:00:00,605.87,606.95,601.95,604.58,3245.746
2026-02-19 20:00:00,604.58,607.91,603.02,607.29,3274.169
2026-02-19 21:00:00,607.27,609.24,606.71,607.9,2633.409
2026-02-19 22:00:00,607.9,607.95,605.08,606.6,1856.088
2026-02-19 23:00:00,606.59,608.02,605.81,607.83,1245.325
2026-02-20 00:00:00,607.82,610.53,607.12,608.38,3840.968
2026-02-20 01:00:00,608.38,608.8,606.58,607.5,6130.198
2026-02-20 02:00:00,607.52,608.38,606.16,606.73,2983.738
2026-02-20 03:00:00,606.72,608.66,606.23,607.89,2932.94
2026-02-20 04:00:00,607.89,609.34,605.29,608.65,5344.349
2026-02-20 05:00:00,608.65,613.94,608.2,611.93,3432.807
2026-02-20 06:00:00,611.93,612.75,610.23,612.08,4310.985
2026-02-20 07:00:00,612.08,612.71,610.95,612.1,3884.677
2026-02-20 08:00:00,612.1,613.5,610.91,611.85,4364.524
2026-02-20 09:00:00,611.84,614.39,611.77,613.31,9273.589
2026-02-20 10:00:00,613.31,615.24,611.75,612.21,6484.214
2026-02-20 11:00:00,612.21,612.21,606.87,608.53,10159.663
2026-02-20 12:00:00,608.53,610.44,607.45,609.56,4963.74
2026-02-20 13:00:00,609.55,609.56,601.23,604.38,14902.362
2026-02-20 14:00:00,604.39,610.98,603.87,609.36,8219.6
2026-02-20 15:00:00,609.37,618.3,609.04,616.83,16439.328
2026-02-20 16:00:00,616.83,620.78,616.53,620.0,8983.909
2026-02-20 17:00:00,620.01,623.71,616.08,623.41,10920.473
2026-02-20 18:00:00,623.42,627.5,621.9,627.23,12152.925
2026-02-20 19:00:00,627.23,628.26,624.73,626.14,5220.796
2026-02-20 20:00:00,626.13,629.0,625.52,628.84,6318.902
2026-02-20 21:00:00,628.83,629.74,626.76,627.0,3330.066
2026-02-20 22:00:00,627.0,627.6,624.9,627.1,2641.456
2026-02-20 23:00:00,627.09,627.7,624.92,625.91,2354.597
2026-02-21 00:00:00,625.9,628.23,624.0,624.65,2616.979
2026-02-21 01:00:00,624.66,628.21,624.66,627.93,5367.063
2026-02-21 02:00:00,627.93,628.67,627.06,627.64,2984.003
2026-02-21 03:00:00,627.64,627.67,624.67,625.25,2129.582
2026-02-21 04:00:00,625.25,627.28,624.93,627.19,1580.439
2026-02-21 05:00:00,627.2,628.0,626.79,627.2,1811.816
2026-02-21 06:00:00,627.2,627.51,625.27,625.8,2270.353
2026-02-21 07:00:00,625.81,627.91,625.22,625.88,4128.413
2026-02-21 08:00:00,625.87,628.2,625.72,627.78,3050.324
2026-02-21 09:00:00,627.78,630.61,627.64,628.65,4846.864
2026-02-21 10:00:00,628.65,630.16,628.62,629.82,1504.158
2026-02-21 11:00:00,629.82,631.63,629.6,630.18,2395.111
2026-02-21 12:00:00,630.18,630.87,628.76,630.62,4032.103
2026-02-21 13:00:00,630.62,633.8,630.21,633.52,5885.663
2026-02-21 14:00:00,633.53,634.8,632.11,632.75,5061.09
2026-02-21 15:00:00,632.74,633.27,627.51,627.66,11396.799
2026-02-21 16:00:00,627.65,628.27,624.02,625.87,7118.045
2026-02-21 17:00:00,625.87,628.23,625.3,627.55,1658.684
2026-02-21 18:00:00,627.55,629.51,627.06,628.58,2180.904
2026-02-21 19:00:00,628.59,628.59,626.61,626.9,1523.633
2026-02-21 20:00:00,626.91,627.62,624.83,625.07,2123.996
2026-02-21 21:00:00,625.07,626.71,624.25,626.71,1351.116
2026-02-21 22:00:00,626.71,627.26,625.3,625.83,1751.867
2026-02-21 23:00:00,625.83,626.52,624.6,625.61,2887.56
2026-02-22 00:00:00,625.61,625.9,622.85,624.33,2994.928
2026-02-22 01:00:00,624.33,626.71,624.32,626.37,1717.887
2026-02-22 02:00:00,626.38,626.87,623.35,623.61,1871.085
2026-02-22 03:00:00,623.61,624.25,620.54,621.36,3283.427
2026-02-22 04:00:00,621.36,622.26,620.59,621.03,2427.823
2026-02-22 05:00:00,621.03,621.25,618.72,619.51,2434.562
2026-02-22 06:00:00,619.52,622.06,619.45,621.88,1583.058
2026-02-22 07:00:00,621.88,623.59,621.3,622.46,3738.021
2026-02-22 08:00:00,622.47,623.01,621.15,621.8,1384.794
2026-02-22 09:00:00,621.8,624.15,621.53,623.82,1024.235
2026-02-22 10:00:00,623.83,624.79,623.38,623.55,1531.388
2026-02-22 11:00:00,623.54,624.8,623.32,624.55,1718.257
2026-02-22 12:00:00,624.55,624.62,620.48,620.82,2859.392
2026-02-22 13:00:00,620.83,622.07,618.04,619.49,4335.542
2026-02-22 14:00:00,619.49,620.0,617.01,618.04,3913.83
2026-02-22 15:00:00,618.03,618.56,613.39,615.91,13711.981
2026-02-22 16:00:00,615.91,616.09,612.32,613.81,4788.872
2026-02-22 17:00:00,613.82,613.86,610.02,611.03,4298.195
2026-02-22 18:00:00,611.03,612.96,610.71,611.44,2144.609
2026-02-22 19:00:00,611.43,612.68,610.5,612.46,1293.45
2026-02-22 20:00:00,612.47,612.49,611.0,611.28,951.333
2026-02-22 21:00:00,611.29,614.47,611.29,614.02,1197.496
2026-02-22 22:00:00,614.03,616.28,613.7,615.71,1988.9
2026-02-22 23:00:00,615.71,615.99,613.56,614.8,1375.814
2026-02-23 00:00:00,614.8,616.0,606.16,606.22,6464.66
2026-02-23 01:00:00,606.22,606.48,583.13,586.32,58517.517
2026-02-23 02:00:00,586.32,589.56,584.58,587.25,14959.647
2026-02-23 03:00:00,587.26,591.01,586.0,590.03,7954.911
2026-02-23 04:00:00,590.04,590.39,585.1,587.31,10207.392
2026-02-23 05:00:00,587.32,601.16,587.32,593.76,21651.163
2026-02-23 06:00:00,593.75,599.91,593.65,598.75,8382.608
2026-02-23 07:00:00,598.75,600.0,596.58,599.31,6483.065
2026-02-23 08:00:00,599.31,599.54,596.53,599.37,4230.472
2026-02-23 09:00:00,599.37,610.47,599.37,609.2,11451.361
2026-02-23 10:00:00,609.21,610.38,606.42,607.43,5578.113
2026-02-23 11:00:00,607.43,608.94,606.0,606.49,3372.332
2026-02-23 12:00:00,606.49,612.49,604.76,610.66,11738.6
2026-02-23 13:00:00,610.67,612.07,608.43,610.18,16338.31
2026-02-23 14:00:00,610.19,611.25,606.2,608.58,7939.014
2026-02-23 15:00:00,608.61,610.49,604.33,604.64,7655.903
2026-02-23 16:00:00,604.64,606.33,601.19,602.32,6760.945
2026-02-23 17:00:00,602.33,603.71,591.54,597.4,9903.901
2026-02-23 18:00:00,597.41,601.19,595.46,597.58,5083.712
2026-02-23 19:00:00,597.58,598.4,591.84,592.18,5418.076
2026-02-23 20:00:00,592.18,595.72,590.2,595.3,5070.618
2026-02-23 21:00:00,595.3,597.5,594.88,596.13,4362.927
2026-02-23 22:00:00,596.14,598.71,595.66,596.84,3324.173
2026-02-23 23:00:00,596.84,598.42,595.5,596.41,2213.541
2026-02-24 00:00:00,596.4,602.9,596.2,602.45,4211.561
2026-02-24 01:00:00,602.46,602.46,589.9,597.89,12804.28
2026-02-24 02:00:00,597.89,601.51,597.0,598.31,4689.754
2026-02-24 03:00:00,598.31,598.31,591.24,593.33,6424.974
2026-02-24 04:00:00,593.34,593.89,589.15,592.19,7489.355
2026-02-24 05:00:00,592.2,594.28,588.65,590.75,8423.312
2026-02-24 06:00:00,590.76,591.52,586.68,587.19,6071.337
2026-02-24 07:00:00,587.19,590.47,586.15,589.79,5938.056
2026-02-24 08:00:00,589.78,592.93,588.58,592.27,3633.635
2026-02-24 09:00:00,592.26,592.75,586.91,589.22,3937.926
2026-02-24 10:00:00,589.22,589.73,587.41,588.82,3306.818
2026-02-24 11:00:00,588.82,589.24,585.77,587.01,4420.497
2026-02-24 12:00:00,587.01,588.43,585.66,586.09,4371.847
2026-02-24 13:00:00,586.09,586.7,580.01,582.72,17556.8
2026-02-24 14:00:00,582.72,585.77,577.06,581.94,30097.396
2026-02-24 15:00:00,581.94,587.38,580.51,586.1,9022.826
2026-02-24 16:00:00,586.09,589.69,583.87,587.86,8149.965
2026-02-24 17:00:00,587.86,589.72,585.84,586.59,6388.355
2026-02-24 18:00:00,586.59,589.58,584.89,588.12,4685.483
2026-02-24 19:00:00,588.13,590.17,586.66,588.73,2801.125
2026-02-24 20:00:00,588.73,590.43,587.96,588.47,2643.591
2026-02-24 21:00:00,588.48,588.48,583.33,584.59,2507.934
2026-02-24 22:00:00,584.59,586.74,584.04,585.62,2023.037
2026-02-24 23:00:00,585.61,585.75,582.57,583.6,6685.986
2026-02-25 00:00:00,583.61,585.09,581.51,584.36,4334.478
2026-02-25 01:00:00,584.36,600.36,583.82,597.53,20463.649
2026-02-25 02:00:00,597.53,602.31,597.44,598.21,9446.078
2026-02-25 03:00:00,598.21,598.99,593.15,594.07,5928.916
2026-02-25 04:00:00,594.07,596.4,591.0,595.44,6798.779
2026-02-25 05:00:00,595.44,595.83,589.89,592.48,5627.18
2026-02-25 06:00:00,592.47,595.48,592.29,593.61,2991.624
2026-02-25 07:00:00,593.61,596.66,593.11,596.09,4687.746
2026-02-25 08:00:00,596.1,600.68,595.86,600.31,5662.152
2026-02-25 09:00:00,600.31,603.37,600.02,603.08,5232.497
2026-02-25 10:00:00,603.09,603.91,600.6,602.8,4350.262
2026-02-25 11:00:00,602.8,605.43,601.88,604.99,4709.63
2026-02-25 12:00:00,605.0,612.42,604.58,610.98,9242.482
2026-02-25 13:00:00,610.98,616.47,610.98,614.18,11626.871
2026-02-25 14:00:00,614.18,619.01,613.2,618.69,17317.485
2026-02-25 15:00:00,618.69,623.15,616.0,621.38,13779.01
2026-02-25 16:00:00,621.39,625.89,620.93,625.52,15376.764
2026-02-25 17:00:00,625.53,629.42,625.05,629.04,11361.097
2026-02-25 18:00:00,629.05,634.32,626.56,632.67,12466.481
2026-02-25 19:00:00,632.67,633.29,628.39,632.21,10288.879
2026-02-25 20:00:00,632.21,633.2,629.9,631.7,5502.982
2026-02-25 21:00:00,631.7,640.55,629.61,634.94,14210.849
2026-02-25 22:00:00,634.94,637.0,628.04,631.89,10454.656
2026-02-25 23:00:00,631.89,634.94,624.33,629.42,9784.763
2026-02-26 00:00:00,629.42,633.83,627.54,630.08,7746.187
2026-02-26 01:00:00,630.09,632.26,627.04,627.54,7020.549
2026-02-26 02:00:00,627.53,628.8,625.37,628.01,6278.693
2026-02-26 03:00:00,628.01,628.6,626.35,627.87,4216.263
2026-02-26 04:00:00,627.88,632.47,627.45,630.52,3661.567
2026-02-26 05:00:00,630.53,630.75,626.24,628.52,4271.653
2026-02-26 06:00:00,628.52,629.64,625.84,626.61,3877.935
2026-02-26 07:00:00,626.61,628.4,625.3,625.6,2825.215
2026-02-26 08:00:00,625.61,629.08,625.61,626.24,3136.263
2026-02-26 09:00:00,626.24,630.29,625.87,629.45,4593.264
2026-02-26 10:00:00,629.46,630.22,625.03,626.02,4728.061
2026-02-26 11:00:00,626.01,626.78,622.89,622.96,3918.451
2026-02-26 12:00:00,622.97,626.78,622.82,626.6,3104.331
2026-02-26 13:00:00,626.6,628.16,625.12,626.48,2461.886
2026-02-26 14:00:00,626.47,628.52,621.0,625.43,11323.099
2026-02-26 15:00:00,625.43,626.08,618.68,623.2,12962.427
2026-02-26 16:00:00,623.2,624.72,614.2,614.73,13715.118
2026-02-26 17:00:00,614.73,619.09,614.42,616.69,6114.348
2026-02-26 18:00:00,616.69,620.91,614.31,620.05,4916.049
2026-02-26 19:00:00,620.05,625.38,619.85,624.56,6380.434
2026-02-26 20:00:00,624.57,626.31,621.29,621.99,3136.12
2026-02-26 21:00:00,621.99,624.07,620.89,623.58,2136.98
2026-02-26 22:00:00,623.57,626.27,623.19,626.14,2178.832
2026-02-26 23:00:00,626.14,626.9,624.35,625.74,1971.619
2026-02-27 00:00:00,625.74,626.3,623.29,625.22,3296.682
2026-02-27 01:00:00,625.22,626.27,622.5,625.75,3329.546
2026-02-27 02:00:00,625.76,630.27,625.51,629.63,5379.099
2026-02-27 03:00:00,629.63,630.0,627.85,629.17,5447.662
2026-02-27 04:00:00,629.17,633.43,628.8,631.71,8980.168
2026-02-27 05:00:00,631.72,633.65,629.92,631.73,4575.355
2026-02-27 06:00:00,631.72,631.75,628.28,628.7,5157.239
2026-02-27 07:00:00,628.7,628.75,624.94,627.06,6762.389
2026-02-27 08:00:00,627.06,629.28,626.34,628.35,3736.996
2026-02-27 09:00:00,628.35,630.0,624.06,624.33,3704.074
2026-02-27 10:00:00,624.32,624.8,616.34,616.74,9261.836
2026-02-27 11:00:00,616.73,619.28,613.22,614.85,7713.581
2026-02-27 12:00:00,614.86,616.85,613.28,614.62,6320.653
2026-02-27 13:00:00,614.62,616.42,609.67,614.24,11350.863
2026-02-27 14:00:00,614.24,615.5,610.68,611.65,9082.323
2026-02-27 15:00:00,611.64,615.48,610.56,614.4,4821.641
2026-02-27 16:00:00,614.41,614.73,610.0,610.0,5814.197
2026-02-27 17:00:00,610.01,612.42,606.68,612.28,8714.187
2026-02-27 18:00:00,612.28,612.9,609.84,610.17,2522.804
2026-02-27 19:00:00,610.16,610.42,607.67,609.8,2937.019
2026-02-27 20:00:00,609.8,611.81,609.59,611.09,1393.667
2026-02-27 21:00:00,611.09,612.88,609.91,611.13,1522.139
2026-02-27 22:00:00,611.13,611.91,605.25,611.82,4111.397
2026-02-27 23:00:00,611.82,614.27,611.75,614.03,2232.203
2026-02-28 00:00:00,614.03,615.3,612.27,614.49,2157.841
2026-02-28 01:00:00,614.49,614.9,612.12,612.5,2720.26
2026-02-28 02:00:00,612.51,615.23,612.2,615.08,3700.811
2026-02-28 03:00:00,615.08,615.6,613.25,614.94,5028.817
2026-02-28 04:00:00,614.95,615.44,610.64,612.53,4074.149
2026-02-28 05:00:00,612.53,613.33,610.26,611.18,4235.804
2026-02-28 06:00:00,611.17,611.17,590.88,592.66,25777.942
2026-02-28 07:00:00,592.66,601.46,590.75,597.5,14668.605
2026-02-28 08:00:00,597.49,597.49,590.6,591.42,8822.552
2026-02-28 09:00:00,591.42,594.74,589.3,591.62,9017.804
2026-02-28 10:00:00,591.63,595.08,588.64,594.46,10167.245
2026-02-28 11:00:00,594.45,598.57,594.15,594.56,8556.625
2026-02-28 12:00:00,594.57,598.3,594.12,597.0,4390.307
2026-02-28 13:00:00,597.0,603.75,595.15,603.2,10683.08
2026-02-28 14:00:00,603.2,605.75,599.45,600.55,11647.237
2026-02-28 15:00:00,600.55,604.75,598.36,603.99,6968.798
2026-02-28 16:00:00,604.0,605.17,602.15,603.75,4837.091
2026-02-28 17:00:00,603.74,606.2,600.95,605.75,4293.546
2026-02-28 18:00:00,605.74,613.52,604.42,611.88,6266.899
2026-02-28 19:00:00,611.87,614.77,608.3,613.2,6150.951
2026-02-28 20:00:00,613.2,619.72,611.98,618.15,5715.92
2026-02-28 21:00:00,618.15,618.4,613.99,616.19,4504.844
2026-02-28 22:00:00,616.19,621.49,615.97,617.92,4880.462
2026-02-28 23:00:00,617.91,618.28,615.3,617.14,2837.51
2026-03-01 00:00:00,617.14,618.2,615.43,617.96,2774.37
2026-03-01 01:00:00,617.97,628.1,614.52,625.07,11847.841
2026-03-01 02:00:00,625.08,631.6,624.97,629.81,19103.217
2026-03-01 03:00:00,629.82,632.16,627.8,628.53,7201.062
2026-03-01 04:00:00,628.54,631.31,625.74,629.74,9872.819
2026-03-01 05:00:00,629.74,631.01,627.66,627.75,3656.44
2026-03-01 06:00:00,627.76,628.14,623.0,625.11,7928.977
2026-03-01 07:00:00,625.12,626.0,623.35,625.35,3730.854
2026-03-01 08:00:00,625.36,626.42,619.13,620.15,5648.631
2026-03-01 09:00:00,620.15,623.35,618.71,620.02,4572.772
2026-03-01 10:00:00,620.02,623.46,618.99,623.14,3682.261
2026-03-01 11:00:00,623.15,624.43,622.46,622.81,3017.101
2026-03-01 12:00:00,622.8,623.28,620.51,620.52,4858.864
2026-03-01 13:00:00,620.52,628.81,619.74,625.92,10447.886
2026-03-01 14:00:00,625.93,629.51,625.68,627.84,5804.381
2026-03-01 15:00:00,627.84,629.8,626.3,626.6,5382.353
2026-03-01 16:00:00,626.6,629.6,619.95,622.96,9282.602
2026-03-01 17:00:00,622.97,623.79,617.39,619.51,5303.939
2026-03-01 18:00:00,619.51,625.4,619.31,622.99,5120.706
2026-03-01 19:00:00,622.99,623.32,618.65,619.77,5845.158
2026-03-01 20:00:00,619.77,620.57,611.37,612.53,5898.815
2026-03-01 21:00:00,612.52,617.5,611.83,611.93,7318.987
2026-03-01 22:00:00,611.93,618.92,610.89,615.32,9893.045
2026-03-01 23:00:00,615.31,621.03,614.5,617.96,11767.846
2026-03-02 00:00:00,617.96,622.37,614.43,619.89,9949.921
2026-03-02 01:00:00,619.89,624.3,618.55,621.68,6035.065
2026-03-02 02:00:00,621.69,624.95,617.37,622.19,5709.156
2026-03-02 03:00:00,622.2,625.66,620.65,624.41,4348.985
2026-03-02 04:00:00,624.42,624.85,622.15,623.25,3293.205
2026-03-02 05:00:00,623.26,625.79,621.31,623.55,3344.562
2026-03-02 06:00:00,623.55,623.67,616.59,617.25,4726.219
2026-03-02 07:00:00,617.26,617.53,613.02,616.67,4619.164
2026-03-02 08:00:00,616.67,619.36,612.96,618.57,5130.157
2026-03-02 09:00:00,618.57,622.15,617.96,618.92,4076.453
2026-03-02 10:00:00,618.91,621.02,617.42,621.01,3186.751
2026-03-02 11:00:00,621.01,623.05,618.69,622.13,3601.076
2026-03-02 12:00:00,622.14,623.08,619.75,622.01,5083.452
2026-03-02 13:00:00,622.0,624.5,619.6,620.3,9646.201
2026-03-02 14:00:00,620.3,634.95,618.81,633.97,15223.458
2026-03-02 15:00:00,633.96,649.7,633.73,646.25,42019.465
2026-03-02 16:00:00,646.25,652.87,645.63,649.13,19442.258
2026-03-02 17:00:00,649.13,650.0,640.84,644.44,9528.273
2026-03-02 18:00:00,644.44,644.59,638.79,639.78,7303.926
2026-03-02 19:00:00,639.78,639.99,635.84,636.48,10702.443
2026-03-02 20:00:00,636.48,637.46,632.43,634.72,9285.442
2026-03-02 21:00:00,634.72,636.25,632.74,635.67,6464.692
2026-03-02 22:00:00,635.67,640.8,635.67,639.84,4199.591
2026-03-02 23:00:00,639.85,640.47,636.42,637.79,5661.235
2026-03-03 00:00:00,637.79,641.43,636.69,640.68,8570.253
2026-03-03 01:00:00,640.67,643.29,635.7,635.73,10068.837
2026-03-03 02:00:00,635.73,637.89,633.46,635.71,8705.01
2026-03-03 03:00:00,635.71,636.22,634.0,635.63,2562.271
2026-03-03 04:00:00,635.63,637.36,634.0,634.34,2983.647
2026-03-03 05:00:00,634.34,638.47,628.94,632.18,10566.124
2026-03-03 06:00:00,632.19,633.9,630.36,633.33,7419.006
2026-03-03 07:00:00,633.33,635.89,632.78,633.32,5870.234
2026-03-03 08:00:00,633.32,634.14,622.56,623.9,11024.277
2026-03-03 09:00:00,623.9,626.93,621.0,622.58,8541.468
2026-03-03 10:00:00,622.58,626.74,621.5,625.65,8128.163
2026-03-03 11:00:00,625.66,627.54,624.67,626.53,3676.455
2026-03-03 12:00:00,626.52,631.89,626.03,627.52,6446.797
2026-03-03 13:00:00,627.52,627.86,623.44,624.56,4774.1
2026-03-03 14:00:00,624.56,629.15,621.0,623.64,9284.806
2026-03-03 15:00:00,623.64,630.73,622.39,630.57,7224.446
2026-03-03 16:00:00,630.56,638.92,628.56,634.56,10143.065
2026-03-03 17:00:00,634.61,635.08,629.38,633.85,7142.745
2026-03-03 18:00:00,633.85,638.01,631.73,634.52,3021.636
2026-03-03 19:00:00,634.54,635.34,631.53,633.04,3634.083
2026-03-03 20:00:00,633.04,633.73,630.37,631.66,2716.325
2026-03-03 21:00:00,631.66,631.66,628.43,630.07,2169.092
2026-03-03 22:00:00,630.06,634.52,630.06,634.0,2043.389
2026-03-03 23:00:00,633.99,636.92,632.78,633.56,3474.827
2026-03-04 00:00:00,633.57,634.57,629.52,631.87,4499.688
2026-03-04 01:00:00,631.89,636.65,630.55,634.04,3360.275
2026-03-04 02:00:00,634.04,634.6,630.58,634.11,2822.312
2026-03-04 03:00:00,634.12,634.4,626.2,629.3,6660.076
2026-03-04 04:00:00,629.29,630.54,627.12,629.99,3370.78
2026-03-04 05:00:00,629.99,633.73,628.82,632.58,3711.58
2026-03-04 06:00:00,632.57,635.69,631.36,634.93,3618.692
2026-03-04 07:00:00,634.94,640.9,634.01,640.01,6537.161
2026-03-04 08:00:00,640.01,652.51,638.89,651.25,16468.879
2026-03-04 09:00:00,651.25,654.83,649.4,651.75,17628.101
2026-03-04 10:00:00,651.75,654.22,650.5,651.27,11980.932
2026-03-04 11:00:00,651.27,652.53,647.52,650.51,12640.613
2026-03-04 12:00:00,650.51,651.3,645.94,650.65,7778.985
2026-03-04 13:00:00,650.65,654.2,650.37,653.44,6314.455
2026-03-04 14:00:00,653.44,657.51,648.83,651.89,18114.412
2026-03-04 15:00:00,651.9,661.82,651.32,661.17,21324.399
2026-03-04 16:00:00,661.17,662.7,655.93,659.52,11452.963
2026-03-04 17:00:00,659.52,660.72,655.22,658.34,6589.793
2026-03-04 18:00:00,658.34,662.0,656.13,661.55,5040.459
2026-03-04 19:00:00,661.56,666.16,661.02,662.66,10967.92
2026-03-04 20:00:00,662.66,663.12,660.21,660.6,3031.788
2026-03-04 21:00:00,660.61,661.11,658.65,660.12,3319.078
2026-03-04 22:00:00,660.13,662.47,657.0,657.26,6091.001
2026-03-04 23:00:00,657.26,659.22,656.55,657.99,6595.341
2026-03-05 00:00:00,658.0,660.03,656.36,657.85,4925.859
2026-03-05 01:00:00,657.85,660.99,652.38,653.1,6154.402
2026-03-05 02:00:00,653.11,657.02,652.72,654.03,6295.421
2026-03-05 03:00:00,654.03,655.36,652.73,654.31,3412.975
2026-03-05 04:00:00,654.31,657.42,653.93,655.39,6662.718
2026-03-05 05:00:00,655.39,656.19,652.61,653.25,4536.248
2026-03-05 06:00:00,653.26,655.33,650.27,654.4,5617.276
2026-03-05 07:00:00,654.4,655.06,648.79,650.39,6374.496
2026-03-05 08:00:00,650.4,652.87,649.61,652.69,3983.349
2026-03-05 09:00:00,652.69,657.13,652.64,655.9,4962.426
2026-03-05 10:00:00,655.9,665.42,655.46,663.95,7818.407
2026-03-05 11:00:00,663.95,664.41,658.79,659.15,4923.234
2026-03-05 12:00:00,659.15,660.81,655.08,660.01,5653.74
2026-03-05 13:00:00,660.0,660.34,653.49,657.29,8262.32
2026-03-05 14:00:00,657.29,658.56,652.62,656.68,8026.211
2026-03-05 15:00:00,656.69,657.41,648.46,652.94,10959.019
2026-03-05 16:00:00,652.95,653.67,646.26,652.61,8606.35
2026-03-05 17:00:00,652.61,654.49,646.69,647.45,4453.48
2026-03-05 18:00:00,647.44,650.54,646.14,650.12,4656.431
2026-03-05 19:00:00,650.13,653.36,647.84,648.54,3721.741
2026-03-05 20:00:00,648.54,651.54,647.86,650.82,2017.935
2026-03-05 21:00:00,650.8,652.38,646.72,647.59,2163.972
2026-03-05 22:00:00,647.58,649.73,646.47,648.59,2108.329
2026-03-05 23:00:00,648.59,649.93,647.08,647.85,1741.285
2026-03-06 00:00:00,647.85,649.73,646.56,647.67,1873.911
2026-03-06 01:00:00,647.67,651.62,645.53,651.05,3716.747
2026-03-06 02:00:00,651.05,651.56,649.3,649.98,2478.526
2026-03-06 03:00:00,649.98,650.52,648.08,649.7,4705.969
2026-03-06 04:00:00,649.7,649.99,641.22,644.15,5158.397
2026-03-06 05:00:00,644.15,646.42,642.65,644.89,5723.854
2026-03-06 06:00:00,644.89,646.41,643.73,645.15,3104.804
2026-03-06 07:00:00,645.15,647.99,643.83,646.89,5246.94
2026-03-06 08:00:00,646.88,646.89,644.1,644.49,2837.664
2026-03-06 09:00:00,644.49,645.39,639.23,640.88,7235.132
2026-03-06 10:00:00,640.87,641.86,639.53,639.83,4370.232
2026-03-06 11:00:00,639.82,640.1,637.17,637.45,3354.1
2026-03-06 12:00:00,637.45,638.28,634.75,637.58,5404.638
2026-03-06 13:00:00,637.59,640.96,633.42,633.62,13367.696
2026-03-06 14:00:00,633.62,634.23,624.77,626.54,16402.765
2026-03-06 15:00:00,626.54,632.21,625.0,628.02,9159.854
2026-03-06 16:00:00,628.02,631.29,626.67,629.2,5100.736
2026-03-06 17:00:00,629.2,630.6,625.9,628.27,4142.456
2026-03-06 18:00:00,628.27,632.0,628.12,630.75,2270.929
2026-03-06 19:00:00,630.75,632.98,630.22,630.71,1290.354
2026-03-06 20:00:00,630.71,631.5,627.59,629.18,3345.25
2026-03-06 21:00:00,629.19,629.96,627.9,629.74,1433.245
2026-03-06 22:00:00,629.74,630.84,629.0,630.06,1162.507
2026-03-06 23:00:00,630.06,630.21,626.97,627.31,2145.03
2026-03-07 00:00:00,627.31,629.84,626.49,629.14,1502.954
2026-03-07 01:00:00,629.13,629.67,628.06,628.5,1260.44
2026-03-07 02:00:00,628.51,628.79,626.36,627.66,2721.786
2026-03-07 03:00:00,627.66,629.83,626.78,627.13,3357.226
2026-03-07 04:00:00,627.13,627.73,624.63,627.29,3641.387
2026-03-07 05:00:00,627.3,628.63,626.71,627.48,3179.818
2026-03-07 06:00:00,627.48,627.79,626.17,626.49,1642.87
2026-03-07 07:00:00,626.49,628.17,625.42,627.87,2022.274
2026-03-07 08:00:00,627.87,629.42,627.6,628.24,2561.042
2026-03-07 09:00:00,628.24,630.19,627.4,629.86,3023.548
2026-03-07 10:00:00,629.86,630.06,626.71,626.86,1882.215
2026-03-07 11:00:00,626.86,629.02,626.5,627.78,1796.448
2026-03-07 12:00:00,627.79,628.27,626.37,626.84,2348.597
2026-03-07 13:00:00,626.84,627.6,626.26,626.71,2365.588
2026-03-07 14:00:00,626.71,627.81,623.8,627.5,3945.446
2026-03-07 15:00:00,627.49,627.73,624.01,625.22,2438.548
2026-03-07 16:00:00,625.22,625.23,622.66,624.29,2780.238
2026-03-07 17:00:00,624.29,625.15,623.46,623.6,2267.514
2026-03-07 18:00:00,623.61,623.83,620.51,622.61,3348.027
2026-03-07 19:00:00,622.61,622.61,618.5,619.84,6393.482
2026-03-07 20:00:00,619.84,622.0,619.83,620.96,3297.202
2026-03-07 21:00:00,620.96,622.41,620.31,621.24,2158.807
2026-03-07 22:00:00,621.24,621.49,617.8,619.95,2215.667
2026-03-07 23:00:00,619.95,620.81,619.74,620.26,967.69
2026-03-08 00:00:00,620.27,621.97,618.91,619.21,1467.143
2026-03-08 01:00:00,619.21,620.38,618.01,619.94,1617.942
2026-03-08 02:00:00,619.94,620.0,615.32,616.12,3363.304
2026-03-08 03:00:00,616.12,617.77,615.95,617.0,2318.456
2026-03-08 04:00:00,617.01,617.84,614.34,615.22,3090.234
2026-03-08 05:00:00,615.23,618.92,615.21,618.06,4040.795
2026-03-08 06:00:00,618.07,619.51,617.54,619.12,3552.73
2026-03-08 07:00:00,619.12,622.33,618.91,619.94,4097.897
2026-03-08 08:00:00,619.94,620.16,617.99,619.53,2251.599
2026-03-08 09:00:00,619.53,621.78,618.87,620.21,4321.085
2026-03-08 10:00:00,620.21,624.27,620.2,623.02,3355.214
2026-03-08 11:00:00,623.02,623.02,619.01,620.33,2148.397
2026-03-08 12:00:00,620.32,621.21,616.08,619.39,4428.834
2026-03-08 13:00:00,619.4,619.85,613.05,616.49,6534.636
2026-03-08 14:00:00,616.5,618.08,615.57,617.94,2896.353
2026-03-08 15:00:00,617.94,618.16,615.4,616.18,2113.67
2026-03-08 16:00:00,616.18,616.55,611.82,612.94,5515.353
2026-03-08 17:00:00,612.94,615.0,612.62,613.16,4928.192
2026-03-08 18:00:00,613.17,614.26,612.1,613.56,1334.91
2026-03-08 19:00:00,613.56,619.76,613.31,618.95,2622.38
2026-03-08 20:00:00,618.94,620.11,616.9,617.64,2064.125
2026-03-08 21:00:00,617.65,618.14,615.15,617.4,1446.688
2026-03-08 22:00:00,617.39,617.39,607.86,614.57,9340.31
2026-03-08 23:00:00,614.58,616.12,611.44,611.98,3089.307
2026-03-09 00:00:00,611.99,618.71,611.01,615.53,3577.398
2026-03-09 01:00:00,615.53,618.57,614.05,614.57,3915.999
2026-03-09 02:00:00,614.58,619.68,613.57,617.97,4210.278
2026-03-09 03:00:00,617.97,628.24,617.72,623.51,8364.965
2026-03-09 04:00:00,623.51,626.2,622.52,622.75,2535.936
2026-03-09 05:00:00,622.76,630.0,622.52,629.42,6787.602
2026-03-09 06:00:00,629.43,629.87,622.85,623.78,5764.995
2026-03-09 07:00:00,623.78,623.81,618.43,621.96,4953.685
2026-03-09 08:00:00,621.96,626.62,621.83,625.77,4408.916
2026-03-09 09:00:00,625.77,630.4,623.93,627.3,4779.691
2026-03-09 10:00:00,627.31,628.84,626.5,627.32,5547.539
2026-03-09 11:00:00,627.33,628.26,624.57,627.53,2722.772
2026-03-09 12:00:00,627.53,632.85,627.52,630.98,7102.146
2026-03-09 13:00:00,630.99,638.6,630.89,636.39,8284.729
2026-03-09 14:00:00,636.38,638.71,633.21,635.83,6288.476
2026-03-09 15:00:00,635.84,640.43,635.11,639.21,10183.515
2026-03-09 16:00:00,639.22,641.71,638.07,639.44,4344.792
2026-03-09 17:00:00,639.45,640.49,635.1,636.79,4152.955
2026-03-09 18:00:00,636.8,637.58,634.19,634.73,3028.657
2026-03-09 19:00:00,634.73,643.0,634.06,638.18,5564.65
2026-03-09 20:00:00,638.19,638.83,636.61,638.31,2857.845
2026-03-09 21:00:00,638.3,640.62,638.1,640.13,1917.437
2026-03-09 22:00:00,640.14,640.65,636.12,636.88,7104.02
2026-03-09 23:00:00,636.89,637.86,633.83,634.64,2942.378
2026-03-10 00:00:00,634.64,640.52,634.38,639.05,3792.15
2026-03-10 01:00:00,639.06,640.04,636.06,638.74,2714.713
2026-03-10 02:00:00,638.73,646.0,637.68,644.1,6163.094
2026-03-10 03:00:00,644.11,645.19,639.18,639.77,4947.213
2026-03-10 04:00:00,639.77,644.6,639.4,644.05,3454.855
2026-03-10 05:00:00,644.05,646.16,643.68,644.12,4174.906
2026-03-10 06:00:00,644.12,645.38,642.42,644.11,2557.993
2026-03-10 07:00:00,644.11,646.98,643.36,644.48,3597.079
2026-03-10 08:00:00,644.48,649.0,644.12,646.05,5033.663
2026-03-10 09:00:00,646.05,648.45,644.66,647.52,5744.713
2026-03-10 10:00:00,647.52,648.0,645.35,647.55,3258.004
2026-03-10 11:00:00,647.54,647.99,645.01,645.54,3906.641
2026-03-10 12:00:00,645.53,646.8,644.6,646.59,3046.607
2026-03-10 13:00:00,646.59,648.03,641.24,642.37,5589.777
2026-03-10 14:00:00,642.37,651.81,638.29,650.89,9294.529
2026-03-10 15:00:00,650.89,652.23,646.1,649.23,7930.078
2026-03-10 16:00:00,649.24,652.36,647.5,649.74,4586.571
2026-03-10 17:00:00,649.75,650.18,644.58,646.57,4696.655
2026-03-10 18:00:00,646.57,646.57,640.6,641.4,4473.728
2026-03-10 19:00:00,641.41,642.81,640.06,641.79,4300.69
2026-03-10 20:00:00,641.78,644.29,641.7,644.08,1384.615
2026-03-10 21:00:00,644.09,645.29,639.68,641.52,2617.731
2026-03-10 22:00:00,641.52,642.47,639.6,642.02,2099.878
2026-03-10 23:00:00,642.01,643.03,641.17,642.0,1417.563
2026-03-11 00:00:00,642.01,643.95,641.16,643.38,2305.506
2026-03-11 01:00:00,643.38,644.42,642.46,644.28,1463.82
2026-03-11 02:00:00,644.28,644.38,638.77,641.02,2754.225
2026-03-11 03:00:00,641.02,642.59,639.64,639.88,2303.041
2026-03-11 04:00:00,639.87,644.87,639.26,644.67,2732.537
2026-03-11 05:00:00,644.67,644.92,637.77,638.01,3339.535
2026-03-11 06:00:00,638.0,643.72,638.0,643.03,3424.915
2026-03-11 07:00:00,643.03,643.25,640.01,640.5,4942.274
2026-03-11 08:00:00,640.5,642.73,639.83,642.46,3461.149
2026-03-11 09:00:00,642.47,642.5,639.51,639.94,2658.643
2026-03-11 10:00:00,639.94,644.37,639.78,643.79,3592.084
2026-03-11 11:00:00,643.79,643.79,635.02,638.2,18872.69
2026-03-11 12:00:00,638.2,642.73,636.74,641.76,6382.073
2026-03-11 13:00:00,641.76,652.19,641.58,646.55,13111.288
2026-03-11 14:00:00,646.55,651.26,644.59,648.41,9995.774
2026-03-11 15:00:00,648.42,649.38,642.05,645.98,7103.307
2026-03-11 16:00:00,645.99,649.71,645.24,648.11,5532.254
2026-03-11 17:00:00,648.11,655.73,648.11,651.76,10037.57
2026-03-11 18:00:00,651.75,654.18,650.73,652.68,3560.693
2026-03-11 19:00:00,652.68,653.74,651.08,653.15,2255.839
2026-03-11 20:00:00,653.14,653.18,651.59,652.78,1425.046
2026-03-11 21:00:00,652.78,654.36,651.73,654.19,2028.392
2026-03-11 22:00:00,654.2,656.29,651.55,652.35,4097.394
2026-03-11 23:00:00,652.36,653.21,650.4,651.46,2765.765
2026-03-12 00:00:00,651.47,652.25,650.52,652.08,1785.658
2026-03-12 01:00:00,652.07,652.09,646.69,646.75,5033.32
2026-03-12 02:00:00,646.74,647.73,642.52,643.17,4894.524
2026-03-12 03:00:00,643.17,645.17,642.25,643.26,3235.238
2026-03-12 04:00:00,643.26,644.32,641.63,643.08,2835.774
2026-03-12 05:00:00,643.08,645.03,642.97,644.36,2577.726
2026-03-12 06:00:00,644.37,645.48,643.53,644.64,2241.145
2026-03-12 07:00:00,644.64,647.16,644.07,645.85,3414.348
2026-03-12 08:00:00,645.86,648.9,645.75,647.76,4056.619
2026-03-12 09:00:00,647.75,651.26,646.0,650.1,4647.862
2026-03-12 10:00:00,650.1,652.81,649.41,652.07,4601.453
2026-03-12 11:00:00,652.06,654.09,651.08,652.46,3535.763
2026-03-12 12:00:00,652.47,657.7,651.35,655.55,5644.6
2026-03-12 13:00:00,655.56,656.16,650.6,652.68,8529.908
2026-03-12 14:00:00,652.69,656.16,645.64,646.84,10387.9
2026-03-12 15:00:00,646.84,653.76,646.02,650.03,13062.625
2026-03-12 16:00:00,650.03,652.5,648.0,651.53,5118.156
2026-03-12 17:00:00,651.53,652.52,649.46,650.5,2180.223
2026-03-12 18:00:00,650.5,651.49,647.82,647.95,2412.603
2026-03-12 19:00:00,647.95,651.54,646.42,651.03,3522.512
2026-03-12 20:00:00,651.03,651.55,648.98,649.62,1862.47
2026-03-12 21:00:00,649.63,652.35,649.63,651.86,1362.453
2026-03-12 22:00:00,651.85,652.04,649.85,651.26,1090.337
2026-03-12 23:00:00,651.26,654.92,651.24,651.72,3500.839
2026-03-13 00:00:00,651.72,664.0,650.34,658.7,18076.881
2026-03-13 01:00:00,658.71,662.15,658.06,661.9,4683.4
2026-03-13 02:00:00,661.91,662.4,659.06,659.43,5624.749
2026-03-13 03:00:00,659.43,662.05,657.43,661.58,5126.152
2026-03-13 04:00:00,661.57,661.9,659.32,660.67,3505.06
2026-03-13 05:00:00,660.67,662.0,659.24,660.68,3640.93
2026-03-13 06:00:00,660.67,661.7,658.88,660.84,8255.416
2026-03-13 07:00:00,660.84,664.5,660.01,661.29,10567.686
2026-03-13 08:00:00,661.29,668.0,660.65,665.9,12687.14
2026-03-13 09:00:00,665.9,667.97,664.22,667.02,10846.913
2026-03-13 10:00:00,667.01,668.67,665.99,666.98,16021.128
2026-03-13 11:00:00,666.99,668.21,665.88,666.64,4429.662
2026-03-13 12:00:00,666.64,673.63,666.56,671.21,10084.039
2026-03-13 13:00:00,671.21,679.0,670.63,674.54,16188.602
2026-03-13 14:00:00,674.55,678.36,667.3,667.98,17852.117
2026-03-13 15:00:00,667.99,671.62,661.09,662.21,18686.399
2026-03-13 16:00:00,662.21,663.57,658.21,661.84,17048.078
2026-03-13 17:00:00,661.84,664.48,654.0,655.86,13929.816
2026-03-13 18:00:00,655.86,658.52,654.07,656.83,21267.659
2026-03-13 19:00:00,656.83,658.06,656.03,657.25,2072.084
2026-03-13 20:00:00,657.25,658.6,656.24,657.34,3089.779
2026-03-13 21:00:00,657.35,658.78,656.2,656.86,2425.743
2026-03-13 22:00:00,656.87,657.45,653.55,655.53,3579.399
2026-03-13 23:00:00,655.53,656.2,654.5,655.73,2292.168
2026-03-14 00:00:00,655.72,656.27,652.52,653.08,3664.962
2026-03-14 01:00:00,653.08,656.82,652.93,656.43,2762.649
2026-03-14 02:00:00,656.43,656.73,655.08,655.48,1787.374
2026-03-14 03:00:00,655.49,657.26,655.27,656.89,2070.278
2026-03-14 04:00:00,656.88,658.27,655.22,655.49,3422.734
2026-03-14 05:00:00,655.5,656.74,654.65,655.62,2926.298
2026-03-14 06:00:00,655.61,655.61,651.0,653.32,4304.943
2026-03-14 07:00:00,653.31,654.66,652.0,652.19,3105.768
2026-03-14 08:00:00,652.19,653.99,651.8,652.05,3664.645
2026-03-14 09:00:00,652.05,653.33,650.54,651.22,2570.497
2026-03-14 10:00:00,651.21,651.37,650.11,651.02,1624.181
2026-03-14 11:00:00,651.02,653.91,650.91,653.52,2055.606
2026-03-14 12:00:00,653.51,654.6,652.54,653.4,2099.421
2026-03-14 13:00:00,653.4,654.52,652.99,654.06,4846.017
2026-03-14 14:00:00,654.07,654.98,651.85,652.34,2852.64
2026-03-14 15:00:00,652.35,653.64,651.91,653.4,1352.247
2026-03-14 16:00:00,653.4,654.5,652.34,654.11,1593.985
2026-03-14 17:00:00,654.1,654.15,652.59,653.1,1093.139
2026-03-14 18:00:00,653.09,653.67,652.24,653.33,1273.113
2026-03-14 19:00:00,653.33,654.14,652.78,653.7,762.661
2026-03-14 20:00:00,653.7,654.62,653.24,654.06,655.561
2026-03-14 21:00:00,654.06,655.0,653.12,654.86,844.363
2026-03-14 22:00:00,654.86,655.52,654.35,655.01,1078.283
2026-03-14 23:00:00,655.01,658.0,655.01,657.7,2828.9
2026-03-15 00:00:00,657.7,658.0,655.56,655.91,1356.322
2026-03-15 01:00:00,655.92,656.15,654.46,655.41,1509.225
2026-03-15 02:00:00,655.42,660.57,655.42,659.41,2724.58
2026-03-15 03:00:00,659.42,661.16,658.0,658.89,2241.495
2026-03-15 04:00:00,658.89,660.64,658.33,659.34,2004.218
2026-03-15 05:00:00,659.35,661.0,658.61,659.53,4074.299
2026-03-15 06:00:00,659.53,660.19,657.79,658.56,2968.587
2026-03-15 07:00:00,658.56,660.64,658.36,660.02,2313.814
2026-03-15 08:00:00,660.02,664.25,659.74,664.24,3482.559
2026-03-15 09:00:00,664.25,666.55,662.86,663.6,3994.774
2026-03-15 10:00:00,663.6,663.88,662.12,662.86,2318.627
2026-03-15 11:00:00,662.86,662.97,659.75,661.64,4499.908
2026-03-15 12:00:00,661.65,661.89,659.78,661.89,5472.871
2026-03-15 13:00:00,661.89,662.52,656.83,659.97,7072.23
2026-03-15 14:00:00,659.97,660.51,658.41,660.33,2369.296
2026-03-15 15:00:00,660.33,661.23,659.52,659.69,2271.923
2026-03-15 16:00:00,659.69,660.98,658.53,658.96,2403.585
2026-03-15 17:00:00,658.96,663.2,658.96,661.95,1979.508
2026-03-15 18:00:00,661.95,662.54,658.08,658.37,2441.634
2026-03-15 19:00:00,658.37,660.55,658.12,660.49,1106.292
2026-03-15 20:00:00,660.49,665.29,659.74,663.88,4031.538
2026-03-15 21:00:00,663.89,669.09,662.71,667.41,4568.472
2026-03-15 22:00:00,667.41,679.0,665.56,676.51,14804.754
2026-03-15 23:00:00,676.52,678.99,671.83,673.77,10988.583
2026-03-16 00:00:00,673.77,676.66,670.89,671.97,5003.808
2026-03-16 01:00:00,671.97,677.0,670.22,675.96,6042.938
2026-03-16 02:00:00,675.96,676.79,670.68,672.97,3771.343
2026-03-16 03:00:00,672.98,685.93,672.25,680.47,20268.076
2026-03-16 04:00:00,680.47,687.82,680.46,683.44,14849.907
2026-03-16 05:00:00,683.44,686.43,682.13,685.47,10560.577
2026-03-16 06:00:00,685.47,685.48,679.41,679.41,8520.06
2026-03-16 07:00:00,679.41,681.03,677.27,678.13,9542.818
2026-03-16 08:00:00,678.13,681.06,673.83,675.21,7939.927
2026-03-16 09:00:00,675.21,677.72,674.64,676.52,6133.242
2026-03-16 10:00:00,676.52,679.12,675.22,679.08,11043.24
2026-03-16 11:00:00,679.08,679.5,676.34,677.2,6648.051
2026-03-16 12:00:00,677.19,680.95,677.19,678.55,12037.242
2026-03-16 13:00:00,678.55,683.68,677.78,681.04,15555.412
2026-03-16 14:00:00,681.04,682.17,670.13,674.66,22722.533
2026-03-16 15:00:00,674.65,677.15,671.0,671.67,8769.673
2026-03-16 16:00:00,671.67,676.27,671.22,675.31,9235.241
2026-03-16 17:00:00,675.31,678.71,674.6,678.37,8828.968
2026-03-16 18:00:00,678.37,680.51,676.9,677.11,9805.139
2026-03-16 19:00:00,677.11,681.37,676.19,678.55,4944.314
2026-03-16 20:00:00,678.55,678.63,673.79,677.01,4260.527
2026-03-16 21:00:00,677.0,682.59,676.3,679.57,8166.928
2026-03-16 22:00:00,679.56,684.66,679.56,681.4,5413.942
2026-03-16 23:00:00,681.41,681.41,675.73,679.71,6851.35
2026-03-17 00:00:00,679.7,684.13,677.66,682.58,9628.906
2026-03-17 01:00:00,682.59,686.53,680.69,684.01,16161.724
2026-03-17 02:00:00,684.01,684.63,680.43,682.73,6284.196
2026-03-17 03:00:00,682.73,683.1,675.0,676.11,9441.2
2026-03-17 04:00:00,676.11,677.39,671.81,674.89,10414.573
2026-03-17 05:00:00,674.89,677.16,673.55,675.09,5370.053
2026-03-17 06:00:00,675.09,676.99,672.87,673.37,4517.474
2026-03-17 07:00:00,673.37,675.6,673.36,674.28,4736.443
2026-03-17 08:00:00,674.28,676.77,673.23,673.67,6495.596
2026-03-17 09:00:00,673.67,675.63,672.1,672.77,6287.729
2026-03-17 10:00:00,672.77,673.53,667.88,669.36,9686.089
2026-03-17 11:00:00,669.35,670.6,667.36,667.66,7848.604
2026-03-17 12:00:00,667.66,669.69,665.01,665.55,7125.285
2026-03-17 13:00:00,665.56,668.83,663.57,665.23,8929.252
2026-03-17 14:00:00,665.23,670.45,663.4,670.21,7275.406
2026-03-17 15:00:00,670.2,673.33,665.21,668.49,6661.568
2026-03-17 16:00:00,668.5,671.57,667.71,670.84,3277.912
2026-03-17 17:00:00,670.85,672.84,669.91,672.76,2917.582
2026-03-17 18:00:00,672.76,674.85,672.3,673.86,2964.171
2026-03-17 19:00:00,673.86,674.62,671.62,672.03,2609.605
2026-03-17 20:00:00,672.03,672.9,670.65,672.07,1382.254
2026-03-17 21:00:00,672.07,674.48,672.01,673.56,1687.385
2026-03-17 22:00:00,673.57,674.48,669.22,671.38,2020.74
2026-03-17 23:00:00,671.37,671.98,668.01,668.61,3393.286
2026-03-18 00:00:00,668.62,669.33,665.52,668.35,4560.412
2026-03-18 01:00:00,668.35,670.74,668.35,669.68,1905.647
2026-03-18 02:00:00,669.68,672.7,669.64,671.68,2608.71
2026-03-18 03:00:00,671.68,675.18,671.24,673.49,3535.757
2026-03-18 04:00:00,673.49,673.8,670.6,671.96,4673.61
2026-03-18 05:00:00,671.96,673.6,670.13,671.27,3489.441
2026-03-18 06:00:00,671.27,675.06,671.26,672.84,4056.76
2026-03-18 07:00:00,672.84,674.08,671.66,673.98,3133.315
2026-03-18 08:00:00,673.98,676.1,673.89,674.39,4318.603
2026-03-18 09:00:00,674.4,676.14,674.0,675.97,4529.094
2026-03-18 10:00:00,675.97,676.47,671.38,672.44,4225.369
2026-03-18 11:00:00,672.47,673.26,661.55,662.89,13929.236
2026-03-18 12:00:00,662.89,662.89,656.04,657.74,12156.018
2026-03-18 13:00:00,657.75,659.22,654.87,657.49,7600.937
2026-03-18 14:00:00,657.49,657.78,647.77,648.13,13468.429
2026-03-18 15:00:00,648.14,650.66,645.3,648.82,10884.211
2026-03-18 16:00:00,648.82,649.99,645.47,648.5,8662.396
2026-03-18 17:00:00,648.5,651.83,647.0,650.14,9043.487
2026-03-18 18:00:00,650.14,653.01,647.03,647.84,5813.716
2026-03-18 19:00:00,647.84,650.28,647.0,648.08,4197.856
2026-03-18 20:00:00,648.09,651.09,644.43,650.24,11640.827
2026-03-18 21:00:00,650.23,652.86,649.96,652.61,2503.487
2026-03-18 22:00:00,652.6,652.64,650.46,651.66,1874.315
2026-03-18 23:00:00,651.66,652.98,650.91,652.27,1693.553
2026-03-19 00:00:00,652.28,652.9,650.68,651.48,3078.073
2026-03-19 01:00:00,651.48,652.55,650.51,651.41,3715.41
2026-03-19 02:00:00,651.4,652.34,649.05,650.63,2045.825
2026-03-19 03:00:00,650.63,656.4,650.41,652.53,5819.462
2026-03-19 04:00:00,652.53,652.66,648.28,649.53,3065.603
2026-03-19 05:00:00,649.53,650.52,648.35,649.46,1899.012
2026-03-19 06:00:00,649.45,650.84,648.12,648.67,4253.506
2026-03-19 07:00:00,648.68,648.79,641.04,645.39,10512.031
2026-03-19 08:00:00,645.39,646.31,643.73,644.43,6885.189
2026-03-19 09:00:00,644.43,648.89,643.85,648.28,7044.016
2026-03-19 10:00:00,648.29,648.71,645.83,645.86,2738.995
2026-03-19 11:00:00,645.87,646.43,643.69,644.08,3690.15
2026-03-19 12:00:00,644.09,644.09,638.14,638.67,7836.624
2026-03-19 13:00:00,638.67,642.06,636.47,641.21,8200.56
2026-03-19 14:00:00,641.22,642.74,635.66,638.12,8129.179
2026-03-19 15:00:00,638.13,640.41,634.35,637.87,6283.878
2026-03-19 16:00:00,637.88,637.93,634.43,635.96,8580.364
2026-03-19 17:00:00,635.97,639.06,633.32,638.25,4887.266
2026-03-19 18:00:00,638.24,638.27,636.23,637.86,1607.204
2026-03-19 19:00:00,637.86,642.5,637.78,640.04,5912.406
2026-03-19 20:00:00,640.04,642.97,639.57,642.05,2976.873
2026-03-19 21:00:00,642.05,644.06,641.52,642.25,2548.687
2026-03-19 22:00:00,642.25,642.49,639.0,640.45,1676.627
2026-03-19 23:00:00,640.44,641.68,638.22,639.15,4292.718
2026-03-20 00:00:00,639.16,642.08,638.51,641.04,3299.076
2026-03-20 01:00:00,641.04,644.0,640.94,642.06,3715.223
2026-03-20 02:00:00,642.07,643.27,639.33,642.75,2688.709
2026-03-20 03:00:00,642.76,645.18,642.57,644.41,2946.466
2026-03-20 04:00:00,644.42,645.95,641.7,644.23,2929.921
2026-03-20 05:00:00,644.23,644.91,642.06,643.22,2712.527
2026-03-20 06:00:00,643.22,643.22,641.22,642.33,2548.604
2026-03-20 07:00:00,642.34,644.65,639.68,644.1,4707.232
2026-03-20 08:00:00,644.1,647.65,643.76,646.57,5812.327
2026-03-20 09:00:00,646.57,646.57,641.13,641.96,5526.109
2026-03-20 10:00:00,641.96,643.95,640.32,643.21,2940.48
2026-03-20 11:00:00,643.22,644.36,640.6,641.62,4258.947
2026-03-20 12:00:00,641.62,643.59,640.5,641.33,4761.808
2026-03-20 13:00:00,641.34,643.08,637.56,637.99,8809.949
2026-03-20 14:00:00,637.99,642.16,636.61,638.84,11027.733
2026-03-20 15:00:00,638.84,641.44,637.81,640.42,5978.98
2026-03-20 16:00:00,640.41,641.92,639.04,640.41,2620.581
2026-03-20 17:00:00,640.41,641.3,636.91,640.24,3984.342
2026-03-20 18:00:00,640.24,640.74,636.38,637.99,3679.641
2026-03-20 19:00:00,637.99,640.5,636.44,640.26,2291.721
2026-03-20 20:00:00,640.26,640.77,637.58,639.73,1940.06
2026-03-20 21:00:00,639.73,643.17,639.02,641.74,2825.83
2026-03-20 22:00:00,641.75,644.57,641.74,643.7,2386.537
2026-03-20 23:00:00,643.7,643.88,641.47,642.11,2295.199
2026-03-21 00:00:00,642.11,643.22,641.34,642.06,2417.25
2026-03-21 01:00:00,642.07,642.97,640.2,640.61,1273.734
2026-03-21 02:00:00,640.61,642.42,640.15,642.41,964.405
2026-03-21 03:00:00,642.41,642.62,641.58,642.32,1132.718
2026-03-21 04:00:00,642.32,643.37,641.8,641.8,1396.118
2026-03-21 05:00:00,641.81,643.37,641.8,642.22,1437.373
2026-03-21 06:00:00,642.23,643.45,642.12,643.23,1306.044
2026-03-21 07:00:00,643.24,644.46,642.97,643.11,2471.464
2026-03-21 08:00:00,643.11,643.57,642.14,643.16,2318.563
2026-03-21 09:00:00,643.17,644.46,643.09,643.2,2460.633
2026-03-21 10:00:00,643.21,643.27,641.99,642.82,2771.831
2026-03-21 11:00:00,642.83,644.06,642.82,643.81,1510.242
2026-03-21 12:00:00,643.81,644.39,643.66,643.89,1993.03
2026-03-21 13:00:00,643.9,644.21,643.19,644.04,2684.393
2026-03-21 14:00:00,644.05,646.38,642.09,642.22,4230.629
2026-03-21 15:00:00,642.22,643.26,641.39,642.82,2947.252
2026-03-21 16:00:00,642.82,643.24,640.86,641.35,2117.32
2026-03-21 17:00:00,641.35,641.94,640.62,641.34,1185.981
2026-03-21 18:00:00,641.34,642.49,641.0,641.56,888.815
2026-03-21 19:00:00,641.56,641.97,641.26,641.61,497.564
2026-03-21 20:00:00,641.61,642.51,641.52,642.47,657.511
2026-03-21 21:00:00,642.46,642.68,641.59,641.72,756.758
2026-03-21 22:00:00,641.72,642.67,641.13,642.27,1091.498
2026-03-21 23:00:00,642.27,642.27,627.76,630.7,13725.573
2026-03-22 00:00:00,630.7,632.63,622.72,630.38,14195.251
2026-03-22 01:00:00,630.37,632.0,629.09,631.09,3980.928
2026-03-22 02:00:00,631.1,635.13,631.1,634.33,3010.634
2026-03-22 03:00:00,634.34,637.7,632.8,634.84,4635.001
2026-03-22 04:00:00,634.84,636.57,632.42,635.15,4969.433
2026-03-22 05:00:00,635.16,635.16,632.76,633.56,3370.07
2026-03-22 06:00:00,633.56,634.24,632.41,633.62,1787.755
2026-03-22 07:00:00,633.63,634.63,631.9,631.99,3169.534
2026-03-22 08:00:00,631.98,632.1,628.84,630.85,4630.467
2026-03-22 09:00:00,630.86,631.86,629.92,631.11,2162.136
2026-03-22 10:00:00,631.12,631.52,629.29,629.61,2815.532
2026-03-22 11:00:00,629.62,630.05,627.61,627.9,4601.963
2026-03-22 12:00:00,627.9,630.97,627.9,629.48,3856.732
2026-03-22 13:00:00,629.48,631.71,629.0,630.24,5964.501
2026-03-22 14:00:00,630.25,631.76,628.86,629.98,1780.443
2026-03-22 15:00:00,629.97,631.76,629.25,629.7,3247.25
2026-03-22 16:00:00,629.7,630.86,629.42,630.55,4806.247
2026-03-22 17:00:00,630.55,632.26,629.9,630.64,4957.827
2026-03-22 18:00:00,630.65,631.45,627.61,629.6,3293.062
2026-03-22 19:00:00,629.6,629.6,626.57,627.44,3343.302
2026-03-22 20:00:00,627.45,630.0,627.45,628.07,2764.941
2026-03-22 21:00:00,628.06,628.6,622.16,625.91,7014.817
2026-03-22 22:00:00,625.92,630.11,623.06,629.92,4984.829
2026-03-22 23:00:00,629.92,631.35,626.19,626.41,3010.924
2026-03-23 00:00:00,626.41,628.0,622.0,624.77,8335.621
2026-03-23 01:00:00,624.78,628.18,623.72,626.43,5508.617
2026-03-23 02:00:00,626.43,630.29,625.49,628.74,3300.208
2026-03-23 03:00:00,628.73,630.71,626.19,626.47,3106.283
2026-03-23 04:00:00,626.46,629.8,626.46,629.57,1985.722
2026-03-23 05:00:00,629.58,632.0,629.58,631.92,3132.074
2026-03-23 06:00:00,631.91,631.91,621.4,622.87,8527.604
2026-03-23 07:00:00,622.88,625.62,620.33,624.33,6563.385
2026-03-23 08:00:00,624.34,626.35,623.55,624.38,3901.083
2026-03-23 09:00:00,624.39,626.1,621.59,625.78,4527.114
2026-03-23 10:00:00,625.78,628.1,625.1,626.62,6237.242
2026-03-23 11:00:00,626.62,650.85,626.62,638.4,60562.376
2026-03-23 12:00:00,638.4,645.65,635.81,645.17,11939.896
2026-03-23 13:00:00,645.17,649.55,642.94,647.81,13750.718
2026-03-23 14:00:00,647.82,649.37,644.25,646.21,26031.423
2026-03-23 15:00:00,646.22,647.77,636.73,637.25,27579.329
2026-03-23 16:00:00,637.25,638.98,633.76,635.7,24931.13
2026-03-23 17:00:00,635.71,638.12,632.49,637.98,22206.83
2026-03-23 18:00:00,637.98,639.62,636.12,639.52,3776.331
2026-03-23 19:00:00,639.53,640.76,637.09,637.62,3423.121
2026-03-23 20:00:00,637.62,639.68,636.5,639.23,1544.247
2026-03-23 21:00:00,639.24,641.09,639.2,639.59,2531.472
2026-03-23 22:00:00,639.59,639.88,637.13,638.53,2078.602
2026-03-23 23:00:00,638.53,639.38,636.24,639.11,2076.446
2026-03-24 00:00:00,639.12,640.17,634.8,636.69,3992.686
2026-03-24 01:00:00,636.69,636.84,632.43,633.67,3719.038
2026-03-24 02:00:00,633.67,635.43,632.0,632.81,3654.025
2026-03-24 03:00:00,632.82,633.57,632.35,632.7,2014.524
2026-03-24 04:00:00,632.7,633.96,628.93,629.34,6259.479
2026-03-24 05:00:00,629.34,629.68,627.21,629.29,4550.631
2026-03-24 06:00:00,629.28,631.29,628.95,631.0,4000.751
2026-03-24 07:00:00,631.0,638.44,630.76,637.86,6120.301
2026-03-24 08:00:00,637.87,638.31,634.45,634.78,4975.875
2026-03-24 09:00:00,634.77,638.84,634.0,638.56,3989.154
2026-03-24 10:00:00,638.57,638.57,636.44,638.12,3923.627
2026-03-24 11:00:00,638.12,639.81,635.85,638.88,4702.821
2026-03-24 12:00:00,638.88,639.35,636.62,637.48,2860.868
2026-03-24 13:00:00,637.48,638.31,631.18,632.17,8231.734
2026-03-24 14:00:00,632.17,634.26,627.2,629.91,10983.385
2026-03-24 15:00:00,629.91,633.29,629.81,630.98,4687.399
2026-03-24 16:00:00,630.97,632.02,628.19,629.27,3384.992
2026-03-24 17:00:00,629.28,629.71,626.99,628.85,4201.924
2026-03-24 18:00:00,628.84,632.46,628.69,630.69,2168.132
2026-03-24 19:00:00,630.69,632.16,629.58,630.29,1193.496
2026-03-24 20:00:00,630.29,637.56,629.85,636.79,4915.66
2026-03-24 21:00:00,636.79,637.7,635.06,637.62,2057.004
2026-03-24 22:00:00,637.63,638.74,635.8,636.75,1966.873
2026-03-24 23:00:00,636.76,639.79,636.41,638.3,2619.92
2026-03-25 00:00:00,638.31,641.7,637.5,640.08,4241.533
2026-03-25 01:00:00,640.08,641.27,638.24,638.99,6265.516
2026-03-25 02:00:00,638.99,640.2,638.4,639.37,2467.855
2026-03-25 03:00:00,639.36,643.0,638.48,642.22,3445.67
2026-03-25 04:00:00,642.22,643.19,641.59,642.82,2618.709
2026-03-25 05:00:00,642.82,645.86,642.46,643.83,3833.441
2026-03-25 06:00:00,643.82,647.19,643.73,644.86,5217.029
2026-03-25 07:00:00,644.86,646.2,643.09,643.57,6210.973
2026-03-25 08:00:00,643.57,648.74,643.41,647.17,8500.907
2026-03-25 09:00:00,647.18,650.16,646.88,649.28,11042.712
2026-03-25 10:00:00,649.28,649.48,646.0,646.87,10518.14
2026-03-25 11:00:00,646.87,650.92,646.74,648.36,6122.313
2026-03-25 12:00:00,648.36,650.75,645.83,648.99,6716.081
2026-03-25 13:00:00,648.99,652.8,648.17,649.5,5329.622
2026-03-25 14:00:00,649.5,650.29,647.0,647.12,4483.501
2026-03-25 15:00:00,647.13,647.49,641.92,645.65,7820.671
2026-03-25 16:00:00,645.64,651.15,645.08,647.56,7256.313
2026-03-25 17:00:00,647.57,648.24,645.04,645.3,2689.079
2026-03-25 18:00:00,645.3,646.61,644.09,645.43,3189.219
2026-03-25 19:00:00,645.42,647.32,645.1,646.03,1508.232
2026-03-25 20:00:00,646.03,646.85,644.04,646.81,1660.454
2026-03-25 21:00:00,646.81,648.65,646.3,647.17,1653.922
2026-03-25 22:00:00,647.17,650.26,645.96,649.05,2169.979
2026-03-25 23:00:00,649.06,649.12,646.71,647.66,2557.069
2026-03-26 00:00:00,647.67,648.47,646.29,647.2,1407.29
2026-03-26 01:00:00,647.2,647.8,645.84,646.61,1538.291
2026-03-26 02:00:00,646.6,646.66,642.54,643.67,2987.55
2026-03-26 03:00:00,643.66,643.85,641.33,642.9,3824.571
2026-03-26 04:00:00,642.91,643.3,641.11,642.27,3500.177
2026-03-26 05:00:00,642.28,642.48,634.53,635.19,6806.882
2026-03-26 06:00:00,635.19,635.96,633.44,635.24,4614.781
2026-03-26 07:00:00,635.24,635.89,633.85,635.37,3041.103
2026-03-26 08:00:00,635.38,635.44,632.5,633.54,4249.276
2026-03-26 09:00:00,633.55,633.92,628.1,630.08,7161.329
2026-03-26 10:00:00,630.07,631.64,628.82,630.73,3653.653
2026-03-26 11:00:00,630.73,630.97,628.18,629.17,3241.901
2026-03-26 12:00:00,629.17,629.99,628.46,629.68,2785.96
2026-03-26 13:00:00,629.67,632.7,628.5,631.54,5241.256
2026-03-26 14:00:00,631.53,632.49,628.2,629.65,4307.135
2026-03-26 15:00:00,629.65,629.78,625.11,626.82,7767.721
2026-03-26 16:00:00,626.83,627.57,626.0,627.05,3079.384
2026-03-26 17:00:00,627.05,628.89,624.89,625.69,3688.454
2026-03-26 18:00:00,625.69,626.42,623.01,625.74,4457.394
2026-03-26 19:00:00,625.73,626.76,625.0,625.68,3555.788
2026-03-26 20:00:00,625.67,631.52,625.24,629.9,5717.588
2026-03-26 21:00:00,629.9,631.51,628.68,630.78,2684.679
2026-03-26 22:00:00,630.78,631.27,627.87,629.73,1785.838
2026-03-26 23:00:00,629.73,630.47,627.74,628.86,3620.072
2026-03-27 00:00:00,628.86,629.67,627.38,629.13,3514.961
2026-03-27 01:00:00,629.13,631.51,628.59,631.35,2856.858
2026-03-27 02:00:00,631.36,631.87,630.12,630.45,2799.503
2026-03-27 03:00:00,630.45,630.6,628.04,628.3,2360.423
2026-03-27 04:00:00,628.31,628.31,625.11,627.36,4086.465
2026-03-27 05:00:00,627.37,630.0,626.66,627.83,2312.425
2026-03-27 06:00:00,627.84,628.87,627.59,628.1,2385.556
2026-03-27 07:00:00,628.1,630.02,627.4,628.45,3596.413
2026-03-27 08:00:00,628.46,629.15,617.88,620.6,13606.782
2026-03-27 09:00:00,620.59,621.51,618.0,619.97,5017.861
2026-03-27 10:00:00,619.98,620.27,607.77,609.1,22105.288
2026-03-27 11:00:00,609.11,612.33,607.18,611.07,11283.294
2026-03-27 12:00:00,611.07,611.94,609.9,611.28,4918.478
2026-03-27 13:00:00,611.28,612.31,607.23,608.22,8332.605
2026-03-27 14:00:00,608.21,610.42,605.86,609.56,7505.12
2026-03-27 15:00:00,609.56,614.03,609.27,610.66,9263.804
2026-03-27 16:00:00,610.66,610.76,607.77,609.37,5348.257
2026-03-27 17:00:00,609.38,611.96,607.0,607.46,4019.621
2026-03-27 18:00:00,607.45,609.69,606.67,609.37,3102.644
2026-03-27 19:00:00,609.36,610.84,608.27,610.17,2153.521
2026-03-27 20:00:00,610.16,611.4,608.66,611.23,4649.04
2026-03-27 21:00:00,611.22,612.2,610.73,611.01,1308.455
2026-03-27 22:00:00,611.0,611.07,609.86,610.63,2018.301
2026-03-27 23:00:00,610.63,614.18,609.89,613.95,3188.955
2026-03-28 00:00:00,613.95,614.07,612.17,612.43,3174.043
2026-03-28 01:00:00,612.43,612.59,609.9,611.37,2873.621
2026-03-28 02:00:00,611.38,612.77,610.63,610.87,2650.902
2026-03-28 03:00:00,610.87,611.85,610.68,611.14,2079.434
2026-03-28 04:00:00,611.15,611.89,610.53,611.08,2939.561
2026-03-28 05:00:00,611.08,612.34,610.5,612.34,1931.173
2026-03-28 06:00:00,612.34,614.61,611.88,613.81,5490.639
2026-03-28 07:00:00,613.82,614.36,612.9,613.9,2954.099
2026-03-28 08:00:00,613.9,614.27,612.53,612.53,5905.541
2026-03-28 09:00:00,612.54,612.54,611.45,612.25,2529.789
2026-03-28 10:00:00,612.25,613.47,610.46,611.54,2090.756
2026-03-28 11:00:00,611.55,613.14,611.31,613.0,1574.395
2026-03-28 12:00:00,612.99,614.0,611.59,612.57,2293.037
2026-03-28 13:00:00,612.58,618.53,612.2,615.89,7673.265
2026-03-28 14:00:00,615.89,617.56,614.67,615.13,4131.901
2026-03-28 15:00:00,615.13,619.0,614.68,617.28,3782.635
2026-03-28 16:00:00,617.29,617.51,616.46,616.94,2063.238
2026-03-28 17:00:00,616.95,617.69,615.4,616.21,1493.076
2026-03-28 18:00:00,616.21,617.14,616.2,616.67,1293.499
2026-03-28 19:00:00,616.66,616.75,615.67,616.67,1332.702
2026-03-28 20:00:00,616.67,618.1,616.66,617.9,1409.867
2026-03-28 21:00:00,617.91,618.06,614.68,615.55,1754.283
2026-03-28 22:00:00,615.54,616.45,615.03,615.7,2276.872
2026-03-28 23:00:00,615.69,615.69,610.71,611.08,4389.554
2026-03-29 00:00:00,611.08,611.89,609.89,611.88,2252.65
2026-03-29 01:00:00,611.89,613.7,611.26,612.7,3004.525
2026-03-29 02:00:00,612.7,613.84,612.56,613.54,1616.054
2026-03-29 03:00:00,613.55,615.3,613.09,614.05,4373.684
2026-03-29 04:00:00,614.06,614.31,612.99,613.05,2723.79
2026-03-29 05:00:00,613.06,614.11,612.0,613.67,1671.557
2026-03-29 06:00:00,613.66,614.7,613.3,613.95,1381.741
2026-03-29 07:00:00,613.95,614.26,612.84,613.68,1817.907
2026-03-29 08:00:00,613.68,614.35,613.41,613.84,2908.099
2026-03-29 09:00:00,613.84,614.24,612.51,613.37,2260.58
2026-03-29 10:00:00,613.37,613.37,610.95,612.0,3470.367
2026-03-29 11:00:00,612.0,614.63,612.0,613.69,2027.142
2026-03-29 12:00:00,613.69,613.75,611.86,612.77,1424.786
2026-03-29 13:00:00,612.78,612.89,610.0,610.24,4097.448
2026-03-29 14:00:00,610.24,612.46,609.03,609.28,4733.956
2026-03-29 15:00:00,609.28,610.18,607.46,609.64,5538.017
2026-03-29 16:00:00,609.63,611.06,609.16,609.54,1818.088
2026-03-29 17:00:00,609.55,610.0,607.59,609.07,2088.157
2026-03-29 18:00:00,609.07,610.03,608.49,609.51,1724.355
2026-03-29 19:00:00,609.51,609.84,609.0,609.23,950.283
2026-03-29 20:00:00,609.23,612.26,609.19,609.47,3658.402
2026-03-29 21:00:00,609.47,611.1,609.17,610.99,1314.219
2026-03-29 22:00:00,610.99,610.99,596.42,604.32,20615.166
2026-03-29 23:00:00,604.31,607.93,604.05,606.09,5940.746
2026-03-30 00:00:00,606.09,614.5,605.09,609.64,6380.106
2026-03-30 01:00:00,609.64,614.93,609.64,614.01,4486.819
2026-03-30 02:00:00,614.02,619.08,612.51,616.62,7729.771
2026-03-30 03:00:00,616.62,616.97,614.69,615.67,6296.399
2026-03-30 04:00:00,615.68,618.02,615.68,617.08,5782.226
2026-03-30 05:00:00,617.09,618.75,616.13,616.88,4886.194
2026-03-30 06:00:00,616.88,617.99,615.51,615.61,3513.46
2026-03-30 07:00:00,615.61,619.15,615.35,618.21,4748.318
2026-03-30 08:00:00,618.22,621.4,617.1,619.95,11564.991
2026-03-30 09:00:00,619.96,619.96,617.5,617.85,5117.087
2026-03-30 10:00:00,617.85,618.28,616.29,618.13,3372.09
2026-03-30 11:00:00,618.13,621.21,617.48,617.79,9034.706
2026-03-30 12:00:00,617.79,620.0,617.57,619.57,4953.367
2026-03-30 13:00:00,619.57,620.94,616.37,616.81,7300.643
2026-03-30 14:00:00,616.81,618.25,613.4,617.22,5940.104
2026-03-30 15:00:00,617.22,619.46,615.46,618.48,3758.993
2026-03-30 16:00:00,618.48,618.66,615.29,616.69,3289.694
2026-03-30 17:00:00,616.69,617.63,611.71,613.2,3378.62
2026-03-30 18:00:00,613.2,613.6,610.11,610.8,3778.685
2026-03-30 19:00:00,610.79,610.96,608.11,610.6,4624.557
2026-03-30 20:00:00,610.61,611.63,608.79,610.08,3651.262
2026-03-30 21:00:00,610.08,613.33,609.6,612.33,3266.861
2026-03-30 22:00:00,612.33,613.63,610.63,611.05,2521.605
2026-03-30 23:00:00,611.04,611.04,607.27,609.29,3503.525
2026-03-31 00:00:00,609.29,612.46,608.2,611.38,4159.174
2026-03-31 01:00:00,611.4,619.76,610.5,616.62,5847.763
2026-03-31 02:00:00,616.63,617.61,614.93,614.93,5208.762
2026-03-31 03:00:00,614.93,615.12,612.58,613.6,3610.766
2026-03-31 04:00:00,613.61,614.56,611.68,612.36,4282.171
2026-03-31 05:00:00,612.36,613.81,611.18,613.27,3654.088
2026-03-31 06:00:00,613.26,613.38,610.97,612.14,2328.618
2026-03-31 07:00:00,612.14,612.49,609.3,611.01,5249.741
2026-03-31 08:00:00,611.02,611.21,606.4,607.2,9218.886
2026-03-31 09:00:00,607.2,608.26,598.82,600.43,13751.913
2026-03-31 10:00:00,600.44,603.46,599.99,602.79,6606.971
2026-03-31 11:00:00,602.79,606.5,602.37,605.22,6390.532
2026-03-31 12:00:00,605.23,607.86,604.3,606.21,4314.147
2026-03-31 13:00:00,606.22,613.75,606.15,612.37,8295.729
2026-03-31 14:00:00,612.36,615.98,606.52,608.34,10675.229
2026-03-31 15:00:00,608.35,611.68,607.6,607.9,7554.322
2026-03-31 16:00:00,607.9,616.59,607.8,614.29,8152.04
2026-03-31 17:00:00,614.3,619.77,613.7,613.88,10770.632
2026-03-31 18:00:00,613.88,617.2,613.88,615.95,4576.782
2026-03-31 19:00:00,615.96,617.07,615.04,615.77,3208.41
2026-03-31 20:00:00,615.76,619.32,615.76,619.18,3469.109
2026-03-31 21:00:00,619.19,619.38,616.92,618.0,2017.55
2026-03-31 22:00:00,618.0,618.43,615.09,616.92,2824.396
2026-03-31 23:00:00,616.91,618.11,616.19,617.43,2962.884
2026-04-01 00:00:00,617.42,619.85,616.0,619.2,4208.205
2026-04-01 01:00:00,619.21,619.5,615.36,615.52,3319.431
2026-04-01 02:00:00,615.53,616.5,613.92,614.7,3455.326
2026-04-01 03:00:00,614.71,617.33,614.71,616.76,4456.068
2026-04-01 04:00:00,616.76,617.17,615.47,615.88,2809.117
2026-04-01 05:00:00,615.89,619.44,614.96,617.35,9364.437
2026-04-01 06:00:00,617.36,621.9,617.2,619.22,13379.454
2026-04-01 07:00:00,619.22,621.05,616.14,616.32,5961.127
2026-04-01 08:00:00,616.33,617.43,614.85,615.45,4666.735
2026-04-01 09:00:00,615.46,616.11,613.89,615.61,5145.619
2026-04-01 10:00:00,615.61,616.6,613.71,614.77,7035.878
2026-04-01 11:00:00,614.77,615.79,614.04,615.34,4010.113
2026-04-01 12:00:00,615.34,617.91,613.3,614.65,6346.962
2026-04-01 13:00:00,614.66,616.51,609.87,610.91,10226.562
2026-04-01 14:00:00,610.91,614.71,610.69,613.75,5095.251
2026-04-01 15:00:00,613.75,615.21,612.05,614.82,4637.449
2026-04-01 16:00:00,614.82,617.31,611.44,616.4,6722.573
2026-04-01 17:00:00,616.39,619.5,613.76,614.1,4473.66
2026-04-01 18:00:00,614.1,614.88,612.36,613.04,3521.866
2026-04-01 19:00:00,613.05,614.63,612.59,613.76,3125.268
2026-04-01 20:00:00,613.76,613.99,610.83,613.48,3268.0
2026-04-01 21:00:00,613.48,616.0,613.39,614.42,3682.099
2026-04-01 22:00:00,614.42,614.47,609.58,610.84,5514.349
2026-04-01 23:00:00,610.85,611.5,609.88,610.81,2132.016
2026-04-02 00:00:00,610.81,613.6,610.0,613.6,4159.206
2026-04-02 01:00:00,613.59,613.59,602.56,604.14,19624.929
2026-04-02 02:00:00,604.13,604.17,596.16,597.09,17334.793
2026-04-02 03:00:00,597.1,598.04,591.69,592.06,19768.636
2026-04-02 04:00:00,592.06,592.51,587.34,587.91,17542.95
2026-04-02 05:00:00,587.91,591.4,587.91,590.79,11572.732
2026-04-02 06:00:00,590.79,591.76,588.55,590.03,9495.647
2026-04-02 07:00:00,590.03,592.5,589.15,591.82,5688.566
2026-04-02 08:00:00,591.82,591.82,587.57,587.91,9061.382
2026-04-02 09:00:00,587.91,588.15,585.2,585.74,11356.572
2026-04-02 10:00:00,585.74,586.32,581.04,581.39,12233.486
2026-04-02 11:00:00,581.39,581.89,577.25,581.23,20899.172
2026-04-02 12:00:00,581.23,581.4,575.0,575.4,26958.838
2026-04-02 13:00:00,575.4,576.04,570.31,573.22,37110.971
2026-04-02 14:00:00,573.23,579.2,571.56,576.05,17486.753
2026-04-02 15:00:00,576.05,576.7,571.47,574.13,15905.237
2026-04-02 16:00:00,574.12,581.27,573.82,579.89,14704.368
2026-04-02 17:00:00,579.9,582.98,578.25,578.53,8276.295
2026-04-02 18:00:00,578.52,582.69,578.31,581.95,3432.038
2026-04-02 19:00:00,581.95,583.72,580.33,583.51,3498.814
2026-04-02 20:00:00,583.5,584.83,582.74,583.64,2924.46
2026-04-02 21:00:00,583.64,584.53,582.03,584.25,2764.541
2026-04-02 22:00:00,584.24,584.78,581.14,583.26,3823.761
2026-04-02 23:00:00,583.26,584.12,582.4,583.52,1994.172
2026-04-03 00:00:00,583.52,585.65,582.86,584.03,4311.2
2026-04-03 01:00:00,584.03,587.06,583.66,584.43,5652.629
2026-04-03 02:00:00,584.44,586.02,581.93,584.81,5477.562
2026-04-03 03:00:00,584.81,586.39,584.48,585.82,3812.815
2026-04-03 04:00:00,585.82,587.03,585.01,586.62,2836.27
2026-04-03 05:00:00,586.62,588.16,584.98,586.79,3224.276
2026-04-03 06:00:00,586.79,587.73,585.42,586.21,2798.432
2026-04-03 07:00:00,586.22,589.0,585.99,586.49,3422.097
2026-04-03 08:00:00,586.5,588.31,584.0,585.75,4201.556
2026-04-03 09:00:00,585.75,586.04,583.16,585.26,5832.141
2026-04-03 10:00:00,585.25,585.96,583.58,585.88,2357.653
2026-04-03 11:00:00,585.89,587.71,585.51,587.34,3284.532
2026-04-03 12:00:00,587.34,590.31,584.58,585.4,6066.251
2026-04-03 13:00:00,585.4,586.66,584.08,586.49,3355.842
2026-04-03 14:00:00,586.5,588.35,585.72,587.75,3506.662
2026-04-03 15:00:00,587.74,588.95,586.3,586.99,5069.582
2026-04-03 16:00:00,586.99,588.96,586.98,588.81,2237.597
2026-04-03 17:00:00,588.81,589.33,587.1,588.41,1713.244
2026-04-03 18:00:00,588.42,589.0,587.54,588.02,1480.419
2026-04-03 19:00:00,588.03,588.83,586.63,588.66,1343.177
2026-04-03 20:00:00,588.66,589.21,588.1,588.46,998.364
2026-04-03 21:00:00,588.47,589.1,587.61,588.75,1541.992
2026-04-03 22:00:00,588.75,588.9,587.0,587.26,930.531
2026-04-03 23:00:00,587.26,588.65,587.09,588.31,1051.551
2026-04-04 00:00:00,588.32,588.65,587.24,587.68,1446.3
2026-04-04 01:00:00,587.68,588.36,587.1,587.69,1599.178
2026-04-04 02:00:00,587.68,588.72,587.51,588.28,1723.044
2026-04-04 03:00:00,588.27,589.26,588.25,589.12,1661.249
2026-04-04 04:00:00,589.12,589.33,588.53,588.75,1389.511
2026-04-04 05:00:00,588.74,589.66,588.33,589.66,1946.692
2026-04-04 06:00:00,589.66,592.25,589.66,591.57,4173.441
2026-04-04 07:00:00,591.57,591.57,589.23,590.0,5751.677
2026-04-04 08:00:00,590.0,591.73,589.24,589.44,4019.703
2026-04-04 09:00:00,589.45,590.31,589.03,590.16,1831.925
2026-04-04 10:00:00,590.16,590.58,589.11,590.19,2400.679
2026-04-04 11:00:00,590.2,590.45,589.2,589.49,2150.619
2026-04-04 12:00:00,589.5,589.79,589.14,589.68,1859.584
2026-04-04 13:00:00,589.68,590.89,589.67,590.2,2036.091
2026-04-04 14:00:00,590.2,590.53,588.11,590.22,3605.692
2026-04-04 15:00:00,590.22,591.82,589.81,591.11,4416.459
2026-04-04 16:00:00,591.12,593.54,590.46,591.34,3486.562
2026-04-04 17:00:00,591.35,592.92,590.7,592.69,2781.306
2026-04-04 18:00:00,592.69,593.5,592.39,593.36,1977.608
2026-04-04 19:00:00,593.35,596.58,593.02,593.46,3735.075
2026-04-04 20:00:00,593.46,593.72,592.71,593.57,1221.799
2026-04-04 21:00:00,593.57,595.16,593.23,594.46,1714.191
2026-04-04 22:00:00,594.47,594.88,593.8,594.25,1298.838
2026-04-04 23:00:00,594.24,594.29,592.54,593.36,1438.211
2026-04-05 00:00:00,593.36,594.05,592.21,592.45,1839.142
2026-04-05 01:00:00,592.46,593.65,591.71,591.92,2285.195
2026-04-05 02:00:00,591.92,593.23,591.12,593.22,2703.795
2026-04-05 03:00:00,593.23,593.66,592.69,593.43,1460.413
2026-04-05 04:00:00,593.42,593.55,592.82,593.12,1026.408
2026-04-05 05:00:00,593.11,594.0,592.0,592.25,2377.338
2026-04-05 06:00:00,592.25,592.31,587.71,590.51,5096.998
2026-04-05 07:00:00,590.52,591.42,589.63,590.46,3633.493
2026-04-05 08:00:00,590.46,593.14,590.15,592.44,3379.177
2026-04-05 09:00:00,592.44,593.79,592.44,593.39,1997.195
2026-04-05 10:00:00,593.39,594.97,592.93,593.86,2525.994
2026-04-05 11:00:00,593.86,594.32,593.0,593.98,1500.39
2026-04-05 12:00:00,593.97,593.98,589.05,589.58,5189.572
2026-04-05 13:00:00,589.57,589.64,587.13,589.1,4954.615
2026-04-05 14:00:00,589.09,590.95,588.88,589.5,3064.53
2026-04-05 15:00:00,589.5,596.42,588.53,593.13,7573.79
2026-04-05 16:00:00,593.13,593.69,592.3,592.9,1982.135
2026-04-05 17:00:00,592.91,593.49,591.77,592.99,1974.572
2026-04-05 18:00:00,593.0,593.63,591.84,592.2,1903.232
2026-04-05 19:00:00,592.2,593.59,591.67,592.53,1846.734
2026-04-05 20:00:00,592.53,593.62,591.33,593.47,2163.679
2026-04-05 21:00:00,593.47,593.48,590.51,591.27,3024.132
2026-04-05 22:00:00,591.27,597.72,590.81,597.1,4412.642
2026-04-05 23:00:00,597.11,604.06,596.79,601.5,10116.779
2026-04-06 00:00:00,601.5,607.66,601.5,603.44,9666.655
2026-04-06 01:00:00,603.45,603.76,600.43,600.73,4655.743
2026-04-06 02:00:00,600.73,605.02,600.6,602.98,4083.23
2026-04-06 03:00:00,602.98,603.09,600.1,600.61,3402.072
2026-04-06 04:00:00,600.62,601.45,598.63,599.99,5003.166
2026-04-06 05:00:00,599.99,602.96,599.86,601.99,3316.983
2026-04-06 06:00:00,601.99,604.19,600.0,601.36,5209.948
2026-04-06 07:00:00,601.36,604.47,600.13,603.8,5310.643
2026-04-06 08:00:00,603.81,605.32,603.78,604.18,3530.64
2026-04-06 09:00:00,604.19,610.29,604.05,606.98,7673.589
2026-04-06 10:00:00,606.99,607.9,605.59,606.61,3295.162
2026-04-06 11:00:00,606.61,606.61,605.01,605.36,2921.378
2026-04-06 12:00:00,605.36,605.63,604.11,604.33,3134.974
2026-04-06 13:00:00,604.34,606.96,604.13,605.57,4410.984
2026-04-06 14:00:00,605.57,608.5,604.86,607.09,6716.29
2026-04-06 15:00:00,607.09,608.74,606.71,608.45,3371.725
2026-04-06 16:00:00,608.45,609.0,605.61,605.65,4649.323
2026-04-06 17:00:00,605.65,605.65,602.95,604.46,4427.354
2026-04-06 18:00:00,604.46,607.27,603.56,606.93,2384.723
2026-04-06 19:00:00,606.92,607.0,605.06,606.67,1825.547
2026-04-06 20:00:00,606.68,607.96,605.82,606.48,2995.426
2026-04-06 21:00:00,606.49,606.57,604.84,605.27,2344.132
2026-04-06 22:00:00,605.27,605.95,600.0,600.04,4569.136
2026-04-06 23:00:00,600.05,600.78,596.25,600.11,6060.726
2026-04-07 00:00:00,600.1,601.32,598.69,599.14,3358.321
2026-04-07 01:00:00,599.14,600.74,597.12,597.22,2937.454
2026-04-07 02:00:00,597.22,599.52,596.38,598.47,3008.275
2026-04-07 03:00:00,598.47,599.47,597.98,599.16,2147.136
2026-04-07 04:00:00,599.15,601.88,598.18,600.2,2868.809
2026-04-07 05:00:00,600.21,600.21,597.13,597.81,2681.13
2026-04-07 06:00:00,597.8,599.07,596.78,598.84,2792.52
2026-04-07 07:00:00,598.84,599.45,597.5,599.3,2835.124
2026-04-07 08:00:00,599.29,602.95,599.21,602.36,5856.899
2026-04-07 09:00:00,602.37,606.51,602.36,605.19,7391.204
2026-04-07 10:00:00,605.19,605.37,597.17,597.66,12204.875
2026-04-07 11:00:00,597.66,598.24,596.4,597.1,4381.657
2026-04-07 12:00:00,597.1,599.76,592.2,598.4,9928.754
2026-04-07 13:00:00,598.4,600.0,596.46,596.53,5675.784
2026-04-07 14:00:00,596.52,596.94,593.33,594.51,7819.479
2026-04-07 15:00:00,594.51,599.26,593.98,598.53,7194.726
2026-04-07 16:00:00,598.53,602.74,598.53,601.23,8090.682
2026-04-07 17:00:00,601.23,607.07,601.0,604.6,5100.759
2026-04-07 18:00:00,604.59,604.83,602.64,603.35,2429.151
2026-04-07 19:00:00,603.35,609.05,603.11,608.41,8373.676
2026-04-07 20:00:00,608.41,609.9,607.23,607.86,3968.341
2026-04-07 21:00:00,607.87,613.83,607.87,611.9,7716.247
2026-04-07 22:00:00,611.9,619.5,611.9,619.46,22764.299
2026-04-07 23:00:00,619.46,624.85,617.03,620.1,22001.59
2026-04-08 00:00:00,620.11,621.46,615.02,617.5,11720.388
2026-04-08 01:00:00,617.5,618.92,615.63,616.0,6353.992
2026-04-08 02:00:00,616.01,617.44,614.86,615.28,6943.3
2026-04-08 03:00:00,615.29,615.83,612.92,613.29,7379.178
2026-04-08 04:00:00,613.29,616.0,613.21,615.22,9192.386
2026-04-08 05:00:00,615.22,616.8,615.21,615.93,5184.911
2026-04-08 06:00:00,615.93,617.4,613.9,614.0,4937.889
2026-04-08 07:00:00,614.0,614.96,612.02,613.24,6443.178
2026-04-08 08:00:00,613.24,613.86,611.35,612.8,8246.774
2026-04-08 09:00:00,612.8,614.54,611.4,611.75,5108.278
2026-04-08 10:00:00,611.76,612.97,611.2,611.93,4554.667
2026-04-08 11:00:00,611.92,612.97,610.89,612.83,3937.742
2026-04-08 12:00:00,612.83,614.78,611.53,613.48,14240.766
2026-04-08 13:00:00,613.48,615.85,606.25,607.31,19153.086
2026-04-08 14:00:00,607.3,608.23,601.16,602.59,13514.993
2026-04-08 15:00:00,602.6,605.8,601.69,605.35,6540.077
2026-04-08 16:00:00,605.34,607.19,604.83,605.2,7010.059
2026-04-08 17:00:00,605.2,607.79,604.63,606.94,2595.382
2026-04-08 18:00:00,606.95,607.01,602.75,603.03,3656.733
2026-04-08 19:00:00,603.04,604.63,602.76,604.28,1883.844
2026-04-08 20:00:00,604.28,604.93,603.58,604.86,1683.882
2026-04-08 21:00:00,604.86,607.38,604.86,606.49,1941.477
2026-04-08 22:00:00,606.5,606.75,604.1,604.34,2516.325
2026-04-08 23:00:00,604.34,604.34,599.45,601.16,7375.379
2026-04-09 00:00:00,601.15,601.51,598.51,599.5,7729.302
2026-04-09 01:00:00,599.49,601.51,596.94,601.51,5220.276
2026-04-09 02:00:00,601.52,603.06,601.05,601.68,3298.581
2026-04-09 03:00:00,601.69,601.69,600.0,600.16,1927.09
2026-04-09 04:00:00,600.16,600.3,598.86,598.97,2430.701
2026-04-09 05:00:00,598.97,601.19,598.64,600.18,2775.27
2026-04-09 06:00:00,600.18,600.74,598.67,600.5,1966.465
2026-04-09 07:00:00,600.5,601.01,599.82,600.01,3049.536
2026-04-09 08:00:00,600.01,601.98,599.3,600.82,4597.788
2026-04-09 09:00:00,600.82,603.04,599.88,602.76,4155.335
2026-04-09 10:00:00,602.76,603.41,601.14,602.57,4317.381
2026-04-09 11:00:00,602.57,603.13,601.26,602.44,2899.165
2026-04-09 12:00:00,602.45,603.73,601.35,603.29,3001.827
2026-04-09 13:00:00,603.29,603.65,600.0,600.65,4222.683
2026-04-09 14:00:00,600.66,601.41,598.2,600.85,5050.359
2026-04-09 15:00:00,600.85,607.34,599.7,606.01,9239.941
2026-04-09 16:00:00,606.01,607.41,603.63,605.96,5305.155
2026-04-09 17:00:00,605.96,608.77,605.48,608.45,5650.797
2026-04-09 18:00:00,608.45,608.65,605.39,606.67,3783.184
2026-04-09 19:00:00,606.66,609.5,606.32,608.76,5380.665
2026-04-09 20:00:00,608.76,609.65,607.81,608.45,2240.328
2026-04-09 21:00:00,608.46,610.26,606.69,606.9,4274.367
2026-04-09 22:00:00,606.9,612.1,605.62,605.62,7953.82
2026-04-09 23:00:00,605.63,606.0,601.9,603.03,6835.16
2026-04-10 00:00:00,603.03,603.59,601.1,603.42,3054.599
2026-04-10 01:00:00,603.42,605.4,601.04,603.01,5049.061
2026-04-10 02:00:00,603.01,603.51,601.0,601.6,5355.755
2026-04-10 03:00:00,601.61,601.62,599.79,601.14,4307.255
2026-04-10 04:00:00,601.14,602.58,600.88,601.04,5705.208
2026-04-10 05:00:00,601.04,602.61,600.57,601.79,2129.111
2026-04-10 06:00:00,601.8,601.93,599.42,600.5,2889.688
2026-04-10 07:00:00,600.51,601.32,599.04,599.29,3477.753
2026-04-10 08:00:00,599.29,600.84,597.4,600.53,6939.382
2026-04-10 09:00:00,600.53,602.17,600.23,601.71,3515.247
2026-04-10 10:00:00,601.72,601.86,599.79,600.72,2772.154
2026-04-10 11:00:00,600.71,603.49,600.43,602.57,6001.349
2026-04-10 12:00:00,602.57,604.54,601.5,602.75,3723.965
2026-04-10 13:00:00,602.75,603.27,601.04,602.3,3653.249
2026-04-10 14:00:00,602.3,607.48,602.0,606.93,9845.701
2026-04-10 15:00:00,606.93,608.76,602.81,603.27,10385.332
2026-04-10 16:00:00,603.27,606.1,603.2,605.82,3744.805
2026-04-10 17:00:00,605.83,607.37,605.33,607.28,2588.584
2026-04-10 18:00:00,607.28,609.34,606.52,609.05,3162.095
2026-04-10 19:00:00,609.06,609.99,608.31,609.6,3029.416
2026-04-10 20:00:00,609.61,610.34,607.81,609.99,3508.093
2026-04-10 21:00:00,609.99,610.12,606.37,607.51,4587.504
2026-04-10 22:00:00,607.51,608.05,605.92,606.69,2825.409
2026-04-10 23:00:00,606.7,606.7,605.29,605.54,2015.217
2026-04-11 00:00:00,605.54,605.76,604.34,604.54,2656.845
2026-04-11 01:00:00,604.53,605.43,603.4,605.08,3165.285
2026-04-11 02:00:00,605.08,606.56,604.45,605.71,4389.568
2026-04-11 03:00:00,605.71,607.73,605.7,606.76,3804.752
2026-04-11 04:00:00,606.77,607.62,605.54,605.91,2773.043
2026-04-11 05:00:00,605.91,606.85,604.82,605.57,3372.965
2026-04-11 06:00:00,605.58,606.05,604.41,605.87,2241.824
2026-04-11 07:00:00,605.87,606.56,605.49,606.09,2468.736
2026-04-11 08:00:00,606.09,607.32,605.07,605.84,11835.304
2026-04-11 09:00:00,605.85,607.25,605.63,606.69,3577.819
2026-04-11 10:00:00,606.69,606.81,605.2,605.51,3347.763
2026-04-11 11:00:00,605.52,605.79,604.31,605.36,4710.099
2026-04-11 12:00:00,605.37,606.92,605.09,606.52,3057.691
2026-04-11 13:00:00,606.52,606.53,603.76,604.73,3905.507
2026-04-11 14:00:00,604.73,605.59,604.17,604.67,3217.344
2026-04-11 15:00:00,604.67,606.67,604.24,605.74,4218.397
2026-04-11 16:00:00,605.74,608.86,605.7,607.46,3061.597
2026-04-11 17:00:00,607.47,608.4,606.43,607.89,2268.877
2026-04-11 18:00:00,607.89,611.7,607.15,611.01,6088.572
2026-04-11 19:00:00,611.01,614.12,611.01,612.92,6192.207
2026-04-11 20:00:00,612.93,613.02,609.14,610.17,3679.963
2026-04-11 21:00:00,610.17,611.24,609.87,610.02,2842.284
2026-04-11 22:00:00,610.01,612.16,609.93,610.99,3145.522
2026-04-11 23:00:00,610.98,610.98,605.94,607.05,4245.506
2026-04-12 00:00:00,607.06,607.31,605.86,606.91,2847.237
2026-04-12 01:00:00,606.92,607.44,590.21,593.61,18330.103
2026-04-12 02:00:00,593.61,597.86,592.1,597.3,5742.468
2026-04-12 03:00:00,597.29,597.84,595.03,595.5,4158.706
2026-04-12 04:00:00,595.5,595.69,594.37,594.78,3535.616
2026-04-12 05:00:00,594.79,596.0,594.1,595.71,3585.279
2026-04-12 06:00:00,595.71,596.0,594.04,594.77,4577.933
2026-04-12 07:00:00,594.78,594.78,592.87,594.3,3160.989
2026-04-12 08:00:00,594.3,594.82,593.43,593.63,2305.075
2026-04-12 09:00:00,593.64,594.41,593.09,593.5,2462.236
2026-04-12 10:00:00,593.5,595.59,592.91,593.64,3620.674
2026-04-12 11:00:00,593.64,595.48,593.46,595.42,4634.653
2026-04-12 12:00:00,595.41,595.78,592.51,592.82,3949.694
2026-04-12 13:00:00,592.82,593.01,590.77,591.25,5681.515
2026-04-12 14:00:00,591.24,592.59,589.1,589.87,6867.439
2026-04-12 15:00:00,589.87,592.1,589.87,591.65,3570.798
2026-04-12 16:00:00,591.66,592.43,591.0,591.92,2543.941
2026-04-12 17:00:00,591.92,593.36,591.37,592.7,3402.142
2026-04-12 18:00:00,592.7,593.02,591.42,592.48,2967.508
2026-04-12 19:00:00,592.49,593.09,592.31,592.36,2357.624
2026-04-12 20:00:00,592.36,596.91,591.76,595.7,4250.349
2026-04-12 21:00:00,595.7,596.85,594.3,595.39,1970.055
2026-04-12 22:00:00,595.38,595.39,591.11,593.92,4465.973
2026-04-12 23:00:00,593.91,593.91,590.95,592.19,2786.244
2026-04-13 00:00:00,592.19,596.35,591.6,596.06,3282.743
2026-04-13 01:00:00,596.07,596.75,594.94,596.46,2873.819
2026-04-13 02:00:00,596.47,597.94,595.58,596.3,2774.113
2026-04-13 03:00:00,596.3,596.63,594.55,594.68,2326.243
2026-04-13 04:00:00,594.68,597.05,594.6,595.47,2398.863
2026-04-13 05:00:00,595.47,597.86,595.22,597.79,2900.974
2026-04-13 06:00:00,597.8,599.67,597.62,598.23,5702.173
2026-04-13 07:00:00,598.22,598.46,596.09,597.26,5486.514
2026-04-13 08:00:00,597.27,597.33,595.19,596.59,2951.231
2026-04-13 09:00:00,596.59,598.12,596.59,597.31,4423.154
2026-04-13 10:00:00,597.32,598.12,596.75,597.42,2900.359
2026-04-13 11:00:00,597.43,598.71,597.13,597.2,2855.777
2026-04-13 12:00:00,597.2,599.21,596.48,598.57,5349.08
2026-04-13 13:00:00,598.56,599.93,595.58,599.78,6747.617
2026-04-13 14:00:00,599.79,603.41,597.83,603.4,8874.389
2026-04-13 15:00:00,603.41,605.0,600.05,603.4,10021.631
2026-04-13 16:00:00,603.39,607.94,602.15,606.14,11995.029
2026-04-13 17:00:00,606.14,607.86,604.45,604.78,5803.999
2026-04-13 18:00:00,604.78,605.4,603.2,604.84,3802.824
2026-04-13 19:00:00,604.83,609.17,603.88,608.59,6230.109
2026-04-13 20:00:00,608.59,608.98,607.11,607.41,4170.792
2026-04-13 21:00:00,607.42,609.36,607.21,607.97,3043.064
2026-04-13 22:00:00,607.97,616.49,607.89,615.46,16447.962
2026-04-13 23:00:00,615.46,617.97,614.09,614.71,15142.041
2026-04-14 00:00:00,614.71,615.9,612.0,612.28,9249.096
2026-04-14 01:00:00,612.28,614.19,610.86,613.81,4524.697
2026-04-14 02:00:00,613.81,615.43,612.88,615.2,8158.524
2026-04-14 03:00:00,615.2,616.14,614.51,616.13,6183.332
2026-04-14 04:00:00,616.14,616.15,614.58,614.69,3812.896
2026-04-14 05:00:00,614.69,614.77,611.88,612.81,7309.735
2026-04-14 06:00:00,612.81,615.19,612.81,614.84,3471.802
2026-04-14 07:00:00,614.84,615.63,613.33,613.55,5121.003
2026-04-14 08:00:00,613.54,618.37,613.43,617.5,10494.58
2026-04-14 09:00:00,617.51,619.15,617.25,617.9,6991.139
2026-04-14 10:00:00,617.9,619.4,617.25,617.9,5316.745
2026-04-14 11:00:00,617.89,617.89,615.53,616.41,5329.565
2026-04-14 12:00:00,616.42,616.65,615.18,615.55,4192.995
2026-04-14 13:00:00,615.55,622.53,615.49,622.24,13999.04
2026-04-14 14:00:00,622.24,622.85,618.33,619.11,15149.936
2026-04-14 15:00:00,619.12,625.38,618.41,623.45,14598.642
2026-04-14 16:00:00,623.45,625.12,618.07,618.96,10217.808
2026-04-14 17:00:00,618.96,620.27,615.72,617.04,17577.652
2026-04-14 18:00:00,617.04,618.42,613.11,613.92,6577.478
2026-04-14 19:00:00,613.92,615.3,611.94,613.95,3467.487
2026-04-14 20:00:00,613.95,615.0,613.13,613.69,2009.374
2026-04-14 21:00:00,613.7,616.2,613.64,615.79,2007.67
2026-04-14 22:00:00,615.79,617.16,613.98,614.14,3260.834
2026-04-14 23:00:00,614.15,614.74,613.38,613.75,4360.001
2026-04-15 00:00:00,613.75,617.06,613.75,616.85,4624.626
2026-04-15 01:00:00,616.85,620.0,615.96,619.45,5946.496
2026-04-15 02:00:00,619.45,619.8,615.46,616.05,4619.903
2026-04-15 03:00:00,616.05,616.58,615.11,616.14,2036.708
2026-04-15 04:00:00,616.14,617.27,614.27,615.33,2877.529
2026-04-15 05:00:00,615.34,616.39,613.02,613.42,3296.564
2026-04-15 06:00:00,613.43,615.15,612.81,614.09,2643.126
2026-04-15 07:00:00,614.09,614.57,610.71,611.54,7443.81
2026-04-15 08:00:00,611.55,614.82,610.45,614.41,8063.772
2026-04-15 09:00:00,614.42,615.82,613.74,615.55,4830.521
2026-04-15 10:00:00,615.56,618.55,615.49,617.01,6676.293
2026-04-15 11:00:00,617.02,620.66,617.02,619.7,5806.256
2026-04-15 12:00:00,619.71,619.71,617.22,618.06,9220.505
2026-04-15 13:00:00,618.07,619.24,616.58,618.97,4950.7
2026-04-15 14:00:00,618.98,620.42,616.99,618.49,5082.054
2026-04-15 15:00:00,618.49,619.77,616.0,619.04,5419.447
2026-04-15 16:00:00,619.05,621.42,618.57,620.72,5325.247
2026-04-15 17:00:00,620.72,621.77,619.95,621.44,3549.374
2026-04-15 18:00:00,621.44,622.94,621.0,622.38,2784.265
2026-04-15 19:00:00,622.39,627.64,622.26,625.38,5608.231
2026-04-15 20:00:00,625.38,625.53,622.13,623.5,3473.033
2026-04-15 21:00:00,623.49,623.8,622.13,623.28,1992.809
2026-04-15 22:00:00,623.28,626.8,622.85,624.28,5208.464
2026-04-15 23:00:00,624.28,624.28,621.42,622.59,3463.487
2026-04-16 00:00:00,622.58,623.25,620.38,623.24,4832.833
2026-04-16 01:00:00,623.23,623.24,620.84,622.37,2737.218
2026-04-16 02:00:00,622.38,626.16,622.15,624.2,3759.276
2026-04-16 03:00:00,624.19,625.69,623.95,624.25,4712.053
2026-04-16 04:00:00,624.25,625.17,622.31,623.36,3980.913
2026-04-16 05:00:00,623.35,625.26,622.57,625.09,4383.426
2026-04-16 06:00:00,625.1,626.08,624.04,624.8,3088.508
2026-04-16 07:00:00,624.8,625.36,621.86,622.69,4219.481
2026-04-16 08:00:00,622.69,623.22,621.0,622.51,4380.804
2026-04-16 09:00:00,622.51,623.95,621.81,622.75,4091.872
2026-04-16 10:00:00,622.76,623.36,619.16,619.72,6215.787
2026-04-16 11:00:00,619.72,621.16,618.86,620.95,2804.01
2026-04-16 12:00:00,620.95,622.04,620.68,621.58,3261.114
2026-04-16 13:00:00,621.58,623.98,614.89,617.63,10046.41
2026-04-16 14:00:00,617.62,620.6,615.3,619.35,9094.038
2026-04-16 15:00:00,619.35,626.38,618.64,624.89,8652.426
2026-04-16 16:00:00,624.89,627.99,623.94,625.52,8474.081
2026-04-16 17:00:00,625.52,627.63,623.6,627.44,4448.705
2026-04-16 18:00:00,627.44,637.31,626.48,635.85,14635.829
2026-04-16 19:00:00,635.85,637.0,633.92,636.55,7244.874
2026-04-16 20:00:00,636.55,637.4,633.2,634.6,3497.795
2026-04-16 21:00:00,634.61,635.08,631.71,632.63,3650.829
2026-04-16 22:00:00,632.63,634.36,631.89,633.41,3047.206
2026-04-16 23:00:00,633.42,636.65,633.01,635.77,6287.213
2026-04-17 00:00:00,635.77,636.55,633.03,633.49,3492.362
2026-04-17 01:00:00,633.5,634.41,629.44,631.28,3987.094
2026-04-17 02:00:00,631.28,631.82,628.18,629.66,3523.408
2026-04-17 03:00:00,629.65,631.22,628.99,629.26,4170.86
2026-04-17 04:00:00,629.26,630.22,628.73,629.52,3363.605
2026-04-17 05:00:00,629.53,629.83,627.14,627.87,4511.536
2026-04-17 06:00:00,627.87,629.09,627.59,628.32,5193.469
2026-04-17 07:00:00,628.33,629.72,626.66,627.21,6590.644
2026-04-17 08:00:00,627.21,631.34,626.89,631.0,9413.96
2026-04-17 09:00:00,631.0,635.0,629.57,632.75,10753.904
2026-04-17 10:00:00,632.76,633.39,628.92,630.52,6519.334
2026-04-17 11:00:00,630.52,633.97,630.28,632.5,3596.081
2026-04-17 12:00:00,632.5,636.62,631.76,635.9,6659.145
2026-04-17 13:00:00,635.91,643.4,635.43,643.04,23864.745
2026-04-17 14:00:00,643.05,645.67,640.86,643.86,13825.651
2026-04-17 15:00:00,643.86,643.86,641.0,643.34,6700.124
2026-04-17 16:00:00,643.33,645.6,643.16,645.6,6226.093
2026-04-17 17:00:00,645.59,645.6,640.03,641.84,5387.971
2026-04-17 18:00:00,641.84,642.16,638.83,639.78,5401.195
2026-04-17 19:00:00,639.78,642.04,638.88,641.36,2413.1
2026-04-17 20:00:00,641.36,642.25,639.26,640.88,2713.571
2026-04-17 21:00:00,640.88,642.62,640.86,642.4,3174.435
2026-04-17 22:00:00,642.39,644.72,641.58,644.04,5754.871
2026-04-17 23:00:00,644.04,644.77,641.76,643.12,6249.68
2026-04-18 00:00:00,643.12,645.5,641.64,644.0,3537.586
2026-04-18 01:00:00,644.0,646.88,643.19,644.98,7491.983
2026-04-18 02:00:00,644.99,645.95,643.75,644.16,8183.573
2026-04-18 03:00:00,644.16,644.16,640.06,640.2,9726.175
2026-04-18 04:00:00,640.21,644.99,640.08,644.33,4435.583
2026-04-18 05:00:00,644.33,648.79,644.18,645.08,9964.432
2026-04-18 06:00:00,645.09,645.82,643.21,643.8,5396.04
2026-04-18 07:00:00,643.81,644.53,642.76,643.35,7287.064
2026-04-18 08:00:00,643.35,643.55,634.81,637.1,11006.258
2026-04-18 09:00:00,637.1,637.1,633.58,635.87,4393.796
2026-04-18 10:00:00,635.87,635.93,632.0,634.01,5010.051
2026-04-18 11:00:00,634.01,634.63,631.52,633.37,6264.954
2026-04-18 12:00:00,633.38,634.73,631.61,634.11,4021.582
2026-04-18 13:00:00,634.1,634.54,631.42,633.57,3152.118
2026-04-18 14:00:00,633.57,634.51,632.22,634.2,2920.756
2026-04-18 15:00:00,634.2,635.0,632.44,633.37,3281.589
2026-04-18 16:00:00,633.37,634.59,631.21,633.34,4794.005
2026-04-18 17:00:00,633.34,634.12,631.82,633.51,2204.509
2026-04-18 18:00:00,633.51,634.05,629.09,629.56,5208.461
2026-04-18 19:00:00,629.57,631.28,628.03,630.39,3117.549
2026-04-18 20:00:00,630.39,631.55,629.71,630.22,2054.142
2026-04-18 21:00:00,630.23,631.84,629.7,631.79,1787.644
2026-04-18 22:00:00,631.79,631.79,629.69,630.89,3065.429
2026-04-18 23:00:00,630.88,631.66,629.73,629.9,1360.08
2026-04-19 00:00:00,629.9,630.36,628.36,629.31,2345.629
2026-04-19 01:00:00,629.32,630.43,627.47,628.07,3684.046
2026-04-19 02:00:00,628.06,628.07,623.55,625.04,6121.484
2026-04-19 03:00:00,625.03,625.3,621.08,623.26,4225.906
2026-04-19 04:00:00,623.26,624.72,620.48,622.06,3836.211
2026-04-19 05:00:00,622.06,623.49,621.84,622.65,3652.345
2026-04-19 06:00:00,622.65,623.55,619.77,622.81,5173.484
2026-04-19 07:00:00,622.81,622.82,618.1,620.32,5159.057
2026-04-19 08:00:00,620.32,621.47,618.0,621.23,4504.501
2026-04-19 09:00:00,621.23,621.6,619.08,619.89,3477.162
2026-04-19 10:00:00,619.89,620.86,619.17,620.35,2915.049
2026-04-19 11:00:00,620.35,623.33,620.16,622.4,3595.78
2026-04-19 12:00:00,622.4,623.92,622.06,623.23,3311.745
2026-04-19 13:00:00,623.23,626.23,623.1,625.16,5557.272
2026-04-19 14:00:00,625.15,628.36,623.68,627.06,3665.167
2026-04-19 15:00:00,627.07,627.56,623.33,626.07,6146.471
2026-04-19 16:00:00,626.07,626.64,622.96,623.53,3971.69
2026-04-19 17:00:00,623.53,625.05,620.31,620.42,4497.516
2026-04-19 18:00:00,620.43,622.2,619.39,622.09,3486.747
2026-04-19 19:00:00,622.09,623.51,622.09,622.93,1935.327
2026-04-19 20:00:00,622.93,622.93,620.0,621.02,3412.058
2026-04-19 21:00:00,621.03,623.36,620.12,620.46,2618.488
2026-04-19 22:00:00,620.45,620.45,615.0,617.01,9738.242
2026-04-19 23:00:00,617.01,617.79,615.1,616.06,3559.365
2026-04-20 00:00:00,616.07,621.1,615.97,619.84,4610.905
2026-04-20 01:00:00,619.85,622.8,619.66,621.93,2273.968
2026-04-20 02:00:00,621.92,622.0,620.07,621.24,2624.054
2026-04-20 03:00:00,621.24,622.04,621.0,621.69,2174.671
2026-04-20 04:00:00,621.7,621.7,620.31,621.02,2068.294
2026-04-20 05:00:00,621.01,621.01,617.0,618.74,3123.144
2026-04-20 06:00:00,618.75,624.38,618.51,624.24,3785.144
2026-04-20 07:00:00,624.23,629.48,623.21,624.69,6643.15
2026-04-20 08:00:00,624.69,625.56,622.71,623.82,5345.832
2026-04-20 09:00:00,623.81,627.03,623.47,626.71,4677.187
2026-04-20 10:00:00,626.72,628.14,626.01,626.05,4118.23
2026-04-20 11:00:00,626.04,626.8,625.15,625.5,3411.239
2026-04-20 12:00:00,625.49,627.94,624.3,625.05,4920.4
2026-04-20 13:00:00,625.05,626.6,623.4,625.82,7676.973
2026-04-20 14:00:00,625.82,628.06,622.81,623.58,6928.703
2026-04-20 15:00:00,623.59,628.36,620.87,628.31,4312.986
2026-04-20 16:00:00,628.31,629.42,626.89,627.11,2987.224
2026-04-20 17:00:00,627.12,630.0,626.71,629.48,3168.79
2026-04-20 18:00:00,629.48,631.8,629.28,630.97,4669.74
2026-04-20 19:00:00,630.97,631.7,630.0,630.56,1762.862
2026-04-20 20:00:00,630.57,631.9,629.56,631.01,4047.982
2026-04-20 21:00:00,631.01,632.08,629.17,630.42,3443.092
2026-04-20 22:00:00,630.42,631.5,628.75,628.94,1483.617
2026-04-20 23:00:00,628.93,629.4,628.0,629.26,1889.524
2026-04-21 00:00:00,629.26,631.99,629.26,631.52,3330.319
2026-04-21 01:00:00,631.52,632.46,630.12,630.47,2210.166
2026-04-21 02:00:00,630.47,630.69,628.42,628.64,2730.461
2026-04-21 03:00:00,628.63,630.19,628.1,629.87,2824.533
2026-04-21 04:00:00,629.87,630.76,628.81,630.61,1885.044
2026-04-21 05:00:00,630.61,632.06,630.55,630.91,2394.992
2026-04-21 06:00:00,630.9,633.08,630.04,632.46,2410.782
2026-04-21 07:00:00,632.46,633.93,631.78,632.88,4448.528
2026-04-21 08:00:00,632.89,637.51,632.2,635.2,7499.125
2026-04-21 09:00:00,635.21,636.88,634.69,636.75,8379.993
2026-04-21 10:00:00,636.76,640.7,636.76,638.55,10904.39
2026-04-21 11:00:00,638.56,638.63,633.44,634.14,14905.16
2026-04-21 12:00:00,634.14,634.87,629.9,631.96,6353.037
2026-04-21 13:00:00,631.96,633.14,630.69,632.27,3734.742
2026-04-21 14:00:00,632.28,635.17,630.12,630.39,5402.492
2026-04-21 15:00:00,630.39,632.83,629.37,631.81,3819.154
2026-04-21 16:00:00,631.82,633.66,631.24,631.88,3520.441
2026-04-21 17:00:00,631.88,632.15,627.04,629.74,4209.655
2026-04-21 18:00:00,629.74,630.49,628.31,630.3,2183.635
2026-04-21 19:00:00,630.31,631.58,625.0,626.6,3082.909
2026-04-21 20:00:00,626.59,630.7,625.56,629.8,3578.825
2026-04-21 21:00:00,629.81,630.11,628.68,629.19,1530.739
2026-04-21 22:00:00,629.19,629.71,627.71,628.9,1298.75
2026-04-21 23:00:00,628.89,632.45,628.8,631.72,2735.367
2026-04-22 00:00:00,631.73,633.34,631.73,632.84,2196.356
2026-04-22 01:00:00,632.85,633.1,631.19,632.68,1606.108
2026-04-22 02:00:00,632.68,640.82,632.44,640.08,11139.423
2026-04-22 03:00:00,640.08,641.4,639.12,639.57,5626.561
2026-04-22 04:00:00,639.57,640.58,638.66,639.74,2983.534
2026-04-22 05:00:00,639.75,644.95,639.65,642.84,16398.539
2026-04-22 06:00:00,642.83,643.2,641.46,642.3,3660.383
2026-04-22 07:00:00,642.3,642.82,641.26,641.99,2917.39
2026-04-22 08:00:00,642.0,642.96,641.0,642.17,4271.833
2026-04-22 09:00:00,642.17,643.81,641.75,642.13,2477.283
2026-04-22 10:00:00,642.13,643.17,641.0,642.07,5359.626
2026-04-22 11:00:00,642.07,642.97,641.13,642.77,3225.857
2026-04-22 12:00:00,642.78,643.93,642.14,643.45,3365.515
2026-04-22 13:00:00,643.45,654.19,643.11,650.59,17645.769
2026-04-22 14:00:00,650.6,653.4,647.7,650.26,11826.154
2026-04-22 15:00:00,650.27,650.45,648.29,649.1,6171.514
2026-04-22 16:00:00,649.1,650.96,642.89,644.4,8093.459
2026-04-22 17:00:00,644.4,645.78,643.72,644.68,4425.562
2026-04-22 18:00:00,644.69,646.85,644.68,645.08,3357.954
2026-04-22 19:00:00,645.08,646.49,643.93,644.1,2421.601
2026-04-22 20:00:00,644.1,644.18,640.46,641.06,7782.11
2026-04-22 21:00:00,641.07,643.41,640.23,641.47,2592.139
2026-04-22 22:00:00,641.47,642.43,639.42,640.0,2015.469
2026-04-22 23:00:00,639.99,640.57,637.33,637.47,3426.2
2026-04-23 00:00:00,637.47,639.5,633.95,638.57,7572.807
2026-04-23 01:00:00,638.58,639.11,636.82,637.76,2992.97
2026-04-23 02:00:00,637.76,638.16,633.79,634.87,4894.421
2026-04-23 03:00:00,634.86,635.88,633.23,635.6,7106.479
2026-04-23 04:00:00,635.61,636.38,635.01,636.18,2689.391
2026-04-23 05:00:00,636.17,637.19,635.47,636.96,1859.158
2026-04-23 06:00:00,636.96,638.43,636.58,636.94,3931.349
2026-04-23 07:00:00,636.95,637.2,635.3,635.7,4703.614
2026-04-23 08:00:00,635.7,636.29,634.17,635.37,3223.64
2026-04-23 09:00:00,635.38,635.45,632.12,632.85,4305.627
2026-04-23 10:00:00,632.86,633.33,631.0,631.62,5066.76
2026-04-23 11:00:00,631.63,634.14,631.24,633.56,4291.687
2026-04-23 12:00:00,633.56,634.98,632.0,634.7,5474.271
2026-04-23 13:00:00,634.69,635.99,634.33,635.99,3608.782
2026-04-23 14:00:00,636.0,637.33,635.33,637.01,3196.107
2026-04-23 15:00:00,637.01,640.0,635.85,639.74,6122.711
2026-04-23 16:00:00,639.74,640.38,638.41,638.54,4028.96
2026-04-23 17:00:00,638.54,638.92,631.14,633.88,8471.805
2026-04-23 18:00:00,633.89,636.66,633.62,634.11,3418.58
2026-04-23 19:00:00,634.11,636.55,633.65,635.91,2106.695
2026-04-23 20:00:00,635.9,638.55,635.6,637.8,3226.126
2026-04-23 21:00:00,637.8,638.96,636.86,637.81,2115.811
2026-04-23 22:00:00,637.81,639.79,637.8,638.57,1561.743
2026-04-23 23:00:00,638.56,638.86,637.56,638.54,2439.762
2026-04-24 00:00:00,638.55,640.42,638.08,639.92,2009.003
2026-04-24 01:00:00,639.93,639.93,637.43,639.6,1772.705
2026-04-24 02:00:00,639.6,639.76,636.6,636.77,2348.855
2026-04-24 03:00:00,636.77,636.82,633.6,634.61,3401.037
2026-04-24 04:00:00,634.61,634.61,632.45,633.87,3519.305
2026-04-24 05:00:00,633.87,634.66,632.04,634.11,3629.088
2026-04-24 06:00:00,634.11,635.36,633.38,634.56,3000.424
2026-04-24 07:00:00,634.57,637.17,634.33,635.0,3460.321
2026-04-24 08:00:00,634.99,637.87,634.54,637.04,3998.343
2026-04-24 09:00:00,637.04,637.19,633.33,633.97,4751.51
2026-04-24 10:00:00,633.97,635.55,633.6,634.88,2611.252
2026-04-24 11:00:00,634.89,638.75,634.89,638.1,4605.173
2026-04-24 12:00:00,638.1,638.82,636.48,638.56,2481.986
2026-04-24 13:00:00,638.57,640.49,637.42,638.45,4329.815
2026-04-24 14:00:00,638.44,639.11,636.05,638.23,4988.325
2026-04-24 15:00:00,638.23,639.78,635.95,639.6,5154.399
2026-04-24 16:00:00,639.6,639.97,636.75,637.9,3575.124
2026-04-24 17:00:00,637.91,638.49,636.54,637.76,2544.083
2026-04-24 18:00:00,637.77,637.86,635.34,637.48,1395.245
2026-04-24 19:00:00,637.48,638.9,636.76,638.24,1375.004
2026-04-24 20:00:00,638.24,638.3,636.46,637.99,1665.686
2026-04-24 21:00:00,638.0,638.37,636.89,637.47,2026.913
2026-04-24 22:00:00,637.47,637.71,635.43,636.11,1207.361
2026-04-24 23:00:00,636.12,636.68,635.94,636.21,774.861
2026-04-25 00:00:00,636.21,636.66,635.49,635.97,2530.278
2026-04-25 01:00:00,635.97,637.34,635.75,637.04,1648.716
2026-04-25 02:00:00,637.04,637.69,636.56,637.68,2301.189
2026-04-25 03:00:00,637.69,637.69,636.91,637.45,2412.311
2026-04-25 04:00:00,637.45,637.89,636.92,637.73,1051.799
2026-04-25 05:00:00,637.72,637.72,636.41,636.7,1098.403
2026-04-25 06:00:00,636.7,638.08,636.29,637.45,1496.898
2026-04-25 07:00:00,637.46,637.61,636.7,636.7,1808.404
2026-04-25 08:00:00,636.71,638.5,636.47,638.07,2755.457
2026-04-25 09:00:00,638.08,638.34,637.16,637.65,2863.479
2026-04-25 10:00:00,637.64,638.3,637.46,637.99,1182.141
2026-04-25 11:00:00,637.99,637.99,634.2,634.66,2987.149
2026-04-25 12:00:00,634.66,635.15,632.85,632.93,2782.914
2026-04-25 13:00:00,632.94,633.9,632.73,632.74,4020.019
2026-04-25 14:00:00,632.74,632.9,630.92,630.92,5414.339
2026-04-25 15:00:00,630.92,631.67,629.11,629.91,7505.676
2026-04-25 16:00:00,629.9,630.41,627.36,629.52,3821.678
2026-04-25 17:00:00,629.52,629.99,627.32,627.41,2797.847
2026-04-25 18:00:00,627.41,629.13,627.15,628.71,1665.064
2026-04-25 19:00:00,628.71,629.4,628.17,628.66,1086.961
2026-04-25 20:00:00,628.67,629.41,628.34,629.33,816.69
2026-04-25 21:00:00,629.32,629.75,628.92,629.4,1704.993
2026-04-25 22:00:00,629.41,630.43,629.01,629.57,1040.631
2026-04-25 23:00:00,629.57,629.67,628.4,628.53,2125.301
2026-04-26 00:00:00,628.52,629.34,627.5,628.81,2487.504
2026-04-26 01:00:00,628.82,630.35,628.24,629.77,2323.55
2026-04-26 02:00:00,629.77,630.11,629.18,629.94,1329.357
2026-04-26 03:00:00,629.95,629.99,627.0,628.63,1773.533
2026-04-26 04:00:00,628.63,630.72,628.27,630.09,1965.918
2026-04-26 05:00:00,630.09,632.79,630.01,631.62,2962.866
2026-04-26 06:00:00,631.62,632.46,630.76,631.04,2165.518
2026-04-26 07:00:00,631.05,632.61,630.96,632.52,2718.101
2026-04-26 08:00:00,632.52,632.75,629.9,630.6,3854.853
2026-04-26 09:00:00,630.61,632.31,630.0,631.7,3126.565
2026-04-26 10:00:00,631.7,631.84,631.19,631.44,1371.693
2026-04-26 11:00:00,631.44,632.7,631.44,632.54,1459.701
2026-04-26 12:00:00,632.55,632.55,630.6,630.97,1960.955
2026-04-26 13:00:00,630.98,631.86,630.64,631.37,1905.487
2026-04-26 14:00:00,631.38,633.03,630.88,632.14,3605.979
2026-04-26 15:00:00,632.14,632.88,631.62,632.29,1904.968
2026-04-26 16:00:00,632.29,632.54,631.08,631.15,1188.989
2026-04-26 17:00:00,631.14,632.0,630.59,631.99,787.617
2026-04-26 18:00:00,631.99,634.4,631.72,633.87,2853.772
2026-04-26 19:00:00,633.86,636.74,633.5,635.89,4110.5
2026-04-26 20:00:00,635.9,636.28,634.54,634.62,1181.827
2026-04-26 21:00:00,634.62,636.84,633.0,635.7,2625.484
2026-04-26 22:00:00,635.7,638.06,633.69,635.02,1879.351
2026-04-26 23:00:00,635.03,636.79,633.84,635.76,2902.252
2026-04-27 00:00:00,635.77,638.39,633.74,638.29,3026.52
2026-04-27 01:00:00,638.3,639.81,635.73,638.49,5661.45
2026-04-27 02:00:00,638.49,639.65,637.21,638.47,6653.152
2026-04-27 03:00:00,638.48,639.78,638.18,638.27,2702.991
2026-04-27 04:00:00,638.27,638.64,636.4,636.87,3931.953
2026-04-27 05:00:00,636.88,637.11,627.88,629.2,11427.828
2026-04-27 06:00:00,629.2,629.67,625.15,627.31,8870.59
2026-04-27 07:00:00,627.32,627.59,625.5,625.87,4179.681
2026-04-27 08:00:00,625.87,628.27,625.4,628.04,4345.813
2026-04-27 09:00:00,628.04,628.94,627.3,628.49,2774.062
2026-04-27 10:00:00,628.49,628.62,627.62,627.8,1619.312
2026-04-27 11:00:00,627.8,627.92,626.57,627.4,2197.544
2026-04-27 12:00:00,627.39,627.39,625.2,625.79,3674.327
2026-04-27 13:00:00,625.79,627.02,624.17,625.49,4835.465
2026-04-27 14:00:00,625.49,628.56,625.0,626.29,5291.122
2026-04-27 15:00:00,626.3,626.45,618.38,620.94,11576.961
2026-04-27 16:00:00,620.93,622.3,620.5,621.5,4483.678
2026-04-27 17:00:00,621.5,624.02,621.49,623.06,4400.113
2026-04-27 18:00:00,623.05,623.8,622.25,623.49,2511.359
2026-04-27 19:00:00,623.49,623.58,621.01,623.53,2251.739
2026-04-27 20:00:00,623.53,624.36,623.52,623.95,1240.727
2026-04-27 21:00:00,623.96,624.68,623.33,623.34,2093.592
2026-04-27 22:00:00,623.34,625.12,623.13,624.78,1378.746
2026-04-27 23:00:00,624.78,627.31,624.3,626.83,2816.763
2026-04-28 00:00:00,626.83,627.58,626.01,627.08,1550.845
2026-04-28 01:00:00,627.07,627.1,625.5,625.82,1700.772
2026-04-28 02:00:00,625.83,626.64,623.28,624.43,2348.921
2026-04-28 03:00:00,624.42,624.66,623.44,624.52,1525.969
2026-04-28 04:00:00,624.52,625.99,623.87,625.51,3005.751
2026-04-28 05:00:00,625.51,626.62,624.43,624.75,2731.955
2026-04-28 06:00:00,624.75,625.96,623.09,623.16,5546.394
2026-04-28 07:00:00,623.16,624.5,621.86,624.26,5223.99
2026-04-28 08:00:00,624.26,625.47,623.76,624.54,2067.307
2026-04-28 09:00:00,624.55,624.91,622.4,622.97,2458.514
2026-04-28 10:00:00,622.97,623.83,622.41,622.71,2359.953
2026-04-28 11:00:00,622.7,622.96,621.21,621.85,2790.751
2026-04-28 12:00:00,621.86,623.54,621.13,623.26,3280.393
2026-04-28 13:00:00,623.26,623.63,620.54,622.22,4927.969
2026-04-28 14:00:00,622.22,622.29,619.0,622.29,5463.353
2026-04-28 15:00:00,622.3,623.0,621.81,622.82,3209.095
2026-04-28 16:00:00,622.82,623.59,621.82,623.48,2351.294
2026-04-28 17:00:00,623.48,624.0,622.43,623.52,2139.001
2026-04-28 18:00:00,623.52,624.01,623.05,623.73,1294.775
2026-04-28 19:00:00,623.73,624.3,622.97,624.17,1352.801
2026-04-28 20:00:00,624.17,624.46,623.74,624.28,1865.94
2026-04-28 21:00:00,624.29,624.66,623.0,623.61,1262.259
2026-04-28 22:00:00,623.61,624.38,622.87,623.24,947.531
2026-04-28 23:00:00,623.24,624.64,622.95,624.55,942.209
2026-04-29 00:00:00,624.56,624.91,623.57,624.6,1524.91
2026-04-29 01:00:00,624.61,625.33,622.56,624.72,2042.124
2026-04-29 02:00:00,624.73,625.3,623.61,624.18,1881.419
2026-04-29 03:00:00,624.19,626.73,624.11,626.05,4232.689
2026-04-29 04:00:00,626.05,628.5,625.0,627.86,5066.669
2026-04-29 05:00:00,627.86,628.23,627.05,627.35,3185.836
2026-04-29 06:00:00,627.35,627.61,625.49,626.06,3185.459
2026-04-29 07:00:00,626.06,626.73,625.0,625.13,5208.463
2026-04-29 08:00:00,625.13,625.86,624.54,625.62,4525.758
2026-04-29 09:00:00,625.62,629.45,625.25,629.05,5079.587
2026-04-29 10:00:00,629.06,629.61,627.46,627.85,3873.105
2026-04-29 11:00:00,627.85,628.0,625.92,626.02,6000.836
2026-04-29 12:00:00,626.01,626.06,622.19,623.88,4988.261
2026-04-29 13:00:00,623.88,624.2,620.02,622.17,4039.956
2026-04-29 14:00:00,622.16,622.86,620.63,621.13,3858.497
2026-04-29 15:00:00,621.14,621.33,615.48,616.51,8198.364
2026-04-29 16:00:00,616.52,618.01,616.21,617.73,4088.9
2026-04-29 17:00:00,617.73,620.01,617.73,619.92,3826.145
2026-04-29 18:00:00,619.92,620.28,610.26,613.76,15726.037
2026-04-29 19:00:00,613.76,614.46,612.37,613.31,2913.086
2026-04-29 20:00:00,613.32,616.15,613.02,615.39,2991.729
2026-04-29 21:00:00,615.38,618.58,615.03,617.19,2498.511
2026-04-29 22:00:00,617.18,618.14,616.56,618.03,1278.418
2026-04-29 23:00:00,618.03,618.24,616.72,617.39,1598.413
2026-04-30 00:00:00,617.39,620.41,616.33,620.28,4532.131
2026-04-30 01:00:00,620.27,620.53,619.22,619.23,2057.651
2026-04-30 02:00:00,619.23,620.18,616.03,617.43,3999.705
2026-04-30 03:00:00,617.42,618.48,616.99,617.88,1976.605
2026-04-30 04:00:00,617.88,618.0,614.53,614.66,2812.091
2026-04-30 05:00:00,614.66,616.51,613.47,616.35,5333.219
2026-04-30 06:00:00,616.34,616.8,615.52,615.64,4085.447
2026-04-30 07:00:00,615.65,618.26,615.52,617.5,6566.304
2026-04-30 08:00:00,617.5,618.29,616.6,616.61,3506.393
2026-04-30 09:00:00,616.61,618.75,616.57,616.9,2324.812
2026-04-30 10:00:00,616.9,617.28,615.62,615.84,2833.008
2026-04-30 11:00:00,615.85,617.33,614.38,615.63,5077.119
2026-04-30 12:00:00,615.64,616.8,615.0,615.28,4345.726
2026-04-30 13:00:00,615.29,616.7,614.14,615.6,4067.245
2026-04-30 14:00:00,615.61,616.51,613.58,616.43,6486.738
2026-04-30 15:00:00,616.42,618.13,615.76,617.1,4235.352
2026-04-30 16:00:00,617.09,617.15,616.0,616.33,2402.697
2026-04-30 17:00:00,616.33,617.36,615.75,617.11,2126.601
2026-04-30 18:00:00,617.11,618.69,617.1,617.56,1601.471
2026-04-30 19:00:00,617.57,618.84,617.23,618.45,1891.523
2026-04-30 20:00:00,618.44,618.61,617.73,617.74,1528.017
2026-04-30 21:00:00,617.73,617.79,616.0,616.01,1540.678
2026-04-30 22:00:00,616.01,616.41,614.91,615.08,1793.655
2026-04-30 23:00:00,615.08,615.63,614.79,615.38,1488.257
2026-05-01 00:00:00,615.38,616.8,615.28,615.57,2894.365
2026-05-01 01:00:00,615.57,617.54,615.5,617.51,1918.189
2026-05-01 02:00:00,617.51,617.54,616.5,617.18,3678.681
2026-05-01 03:00:00,617.18,621.29,616.9,618.5,5867.57
2026-05-01 04:00:00,618.5,619.08,616.99,617.1,3437.91
2026-05-01 05:00:00,617.11,618.29,616.99,617.9,1881.068
2026-05-01 06:00:00,617.9,618.37,616.03,616.66,2140.455
2026-05-01 07:00:00,616.67,617.61,616.13,617.42,2934.677
2026-05-01 08:00:00,617.42,619.56,617.13,618.67,2320.242
2026-05-01 09:00:00,618.66,618.7,616.44,616.87,2813.9
2026-05-01 10:00:00,616.87,617.41,615.94,617.4,4370.999
2026-05-01 11:00:00,617.41,619.0,617.41,618.92,3728.483
2026-05-01 12:00:00,618.92,620.84,618.44,619.14,7659.518
2026-05-01 13:00:00,619.14,622.84,619.14,622.48,7664.283
2026-05-01 14:00:00,622.47,622.82,619.56,620.7,5312.87
2026-05-01 15:00:00,620.71,622.62,619.74,620.83,4811.647
2026-05-01 16:00:00,620.83,621.79,619.35,619.55,3583.013
2026-05-01 17:00:00,619.55,620.5,618.98,620.36,2074.056
2026-05-01 18:00:00,620.36,620.78,619.0,619.26,1754.886
2026-05-01 19:00:00,619.26,620.38,618.9,619.24,1465.188
2026-05-01 20:00:00,619.24,619.37,616.4,616.94,3082.45
2026-05-01 21:00:00,616.94,617.69,616.73,617.32,1848.359
2026-05-01 22:00:00,617.33,617.88,614.94,615.13,7672.397
2026-05-01 23:00:00,615.12,615.66,613.79,615.34,3138.534
2026-05-02 00:00:00,615.34,616.13,614.78,615.86,2589.412
2026-05-02 01:00:00,615.86,616.58,615.59,615.81,1561.132
2026-05-02 02:00:00,615.82,617.26,615.61,616.11,1684.156
2026-05-02 03:00:00,616.11,616.87,615.4,616.19,1766.26
2026-05-02 04:00:00,616.19,616.22,614.48,615.01,3363.201
2026-05-02 05:00:00,615.01,615.67,614.15,615.21,1700.763
2026-05-02 06:00:00,615.21,616.3,614.86,616.21,1376.908
2026-05-02 07:00:00,616.21,616.4,615.25,615.91,1312.023
2026-05-02 08:00:00,615.9,616.2,615.24,615.73,2066.39
2026-05-02 09:00:00,615.74,615.93,615.22,615.64,1543.401
2026-05-02 10:00:00,615.63,615.86,615.16,615.76,1436.752
2026-05-02 11:00:00,615.76,615.76,614.71,615.66,1613.307
2026-05-02 12:00:00,615.67,616.45,615.38,615.89,2966.674
2026-05-02 13:00:00,615.89,617.19,615.89,617.18,2842.743
2026-05-02 14:00:00,617.18,617.62,616.65,616.77,3751.839
2026-05-02 15:00:00,616.77,618.27,616.69,618.22,2639.992
2026-05-02 16:00:00,618.22,619.38,617.73,618.63,3447.533
2026-05-02 17:00:00,618.63,618.89,618.02,618.33,2070.724
2026-05-02 18:00:00,618.32,619.21,617.71,618.63,1678.539
2026-05-02 19:00:00,618.63,618.97,618.23,618.83,1378.044
2026-05-02 20:00:00,618.84,618.85,618.26,618.56,1506.933
2026-05-02 21:00:00,618.57,621.81,618.56,619.57,3686.958
2026-05-02 22:00:00,619.57,619.88,618.34,619.72,1730.131
2026-05-02 23:00:00,619.71,619.71,617.77,618.03,2260.179
2026-05-03 00:00:00,618.03,618.49,617.0,617.7,2163.222
2026-05-03 01:00:00,617.7,617.77,615.55,616.02,2674.024
2026-05-03 02:00:00,616.02,616.23,615.09,615.67,3621.007
2026-05-03 03:00:00,615.67,616.56,615.35,616.22,2207.243
2026-05-03 04:00:00,616.22,616.29,615.42,615.58,1697.096
2026-05-03 05:00:00,615.58,617.6,615.57,617.09,2424.961
2026-05-03 06:00:00,617.09,617.22,615.31,616.88,3716.314
2026-05-03 07:00:00,616.88,618.35,616.49,616.96,1911.708
2026-05-03 08:00:00,616.97,617.84,616.68,617.57,2568.151
2026-05-03 09:00:00,617.58,619.4,617.55,618.64,3449.374
2026-05-03 10:00:00,618.65,618.72,617.64,617.64,2947.455
2026-05-03 11:00:00,617.64,619.54,617.14,618.81,3991.357
2026-05-03 12:00:00,618.81,619.8,618.81,619.05,2808.033
2026-05-03 13:00:00,619.06,619.25,618.14,619.0,3138.185
2026-05-03 14:00:00,619.0,620.21,618.9,620.0,4112.627
2026-05-03 15:00:00,619.99,620.57,619.59,619.87,3597.366
2026-05-03 16:00:00,619.87,620.34,618.78,619.88,2334.978
2026-05-03 17:00:00,619.88,620.78,618.95,619.78,3632.142
2026-05-03 18:00:00,619.78,619.96,619.1,619.49,1799.882
2026-05-03 19:00:00,619.5,619.96,618.91,619.26,1831.314
2026-05-03 20:00:00,619.26,620.93,618.8,619.58,2935.306
2026-05-03 21:00:00,619.59,619.95,617.9,618.88,3141.565
2026-05-03 22:00:00,618.88,622.0,618.88,620.82,6399.603
2026-05-03 23:00:00,620.83,622.27,617.0,617.27,3747.217
2026-05-04 00:00:00,617.28,617.54,615.61,617.18,5142.093
2026-05-04 01:00:00,617.18,623.2,616.33,622.21,5446.488
2026-05-04 02:00:00,622.22,626.66,621.81,624.76,17256.271
2026-05-04 03:00:00,624.76,626.58,623.88,626.57,9575.08
2026-05-04 04:00:00,626.58,639.0,626.58,632.65,30948.662
2026-05-04 05:00:00,632.65,634.63,631.84,633.26,13842.205
2026-05-04 06:00:00,633.26,634.13,626.88,628.45,11387.357
2026-05-04 07:00:00,628.46,629.58,627.68,628.4,4659.311
2026-05-04 08:00:00,628.4,628.99,627.51,628.08,5494.794
2026-05-04 09:00:00,628.09,631.01,627.73,630.55,4071.681
2026-05-04 10:00:00,630.55,630.6,620.0,623.72,20388.276
2026-05-04 11:00:00,623.71,624.57,622.36,622.9,4574.808
2026-05-04 12:00:00,622.91,623.48,622.02,622.26,6629.273
2026-05-04 13:00:00,622.27,624.5,621.19,623.36,9042.742
2026-05-04 14:00:00,623.36,628.44,621.45,627.19,12256.113
2026-05-04 15:00:00,627.19,628.43,623.48,625.47,15590.551
2026-05-04 16:00:00,625.47,626.84,623.5,625.84,7400.547
2026-05-04 17:00:00,625.84,628.8,625.71,627.74,5776.413
2026-05-04 18:00:00,627.75,628.0,625.44,625.8,3495.096
2026-05-04 19:00:00,625.8,625.86,624.72,624.93,2607.588
2026-05-04 20:00:00,624.93,625.63,622.71,623.14,4832.665
2026-05-04 21:00:00,623.15,625.41,623.14,625.03,2384.139
2026-05-04 22:00:00,625.02,625.91,624.14,624.3,1892.089
2026-05-04 23:00:00,624.31,624.31,622.6,622.63,1954.759
2026-05-05 00:00:00,622.64,624.97,622.58,624.8,3454.31
2026-05-05 01:00:00,624.8,625.68,624.14,624.65,3394.784
2026-05-05 02:00:00,624.64,626.86,624.35,625.2,5106.271
2026-05-05 03:00:00,625.21,628.86,624.8,627.81,7243.939
2026-05-05 04:00:00,627.8,627.96,625.89,626.19,5115.396
2026-05-05 05:00:00,626.19,628.6,625.73,628.21,4093.023
2026-05-05 06:00:00,628.2,628.34,626.17,627.04,5711.079
2026-05-05 07:00:00,627.04,628.81,626.78,627.54,7659.56
2026-05-05 08:00:00,627.54,628.9,627.15,627.32,6116.396
2026-05-05 09:00:00,627.32,627.47,625.94,626.99,5171.365
2026-05-05 10:00:00,626.99,628.63,626.58,628.33,3840.331
2026-05-05 11:00:00,628.32,628.94,627.93,628.59,8855.598
2026-05-05 12:00:00,628.6,630.43,628.05,629.92,6350.758
2026-05-05 13:00:00,629.92,634.0,629.91,631.04,13809.903
2026-05-05 14:00:00,631.05,631.46,628.51,630.65,9406.747
2026-05-05 15:00:00,630.65,632.34,630.23,631.01,5542.858
2026-05-05 16:00:00,631.01,631.95,628.79,629.29,7200.006
2026-05-05 17:00:00,629.3,629.42,627.81,628.97,7648.194
2026-05-05 18:00:00,628.98,630.44,628.97,630.33,2745.516
2026-05-05 19:00:00,630.33,632.38,630.18,631.72,5789.886
2026-05-05 20:00:00,631.73,634.5,631.59,633.24,5975.417
2026-05-05 21:00:00,633.24,635.0,631.7,633.28,5875.355
2026-05-05 22:00:00,633.3,634.67,630.18,631.89,6975.854
2026-05-05 23:00:00,631.88,632.31,629.71,630.42,3939.249
2026-05-06 00:00:00,630.41,631.69,628.97,630.94,5027.862
2026-05-06 01:00:00,630.93,634.46,630.53,634.35,4402.838
2026-05-06 02:00:00,634.36,635.0,632.65,634.16,5154.551
2026-05-06 03:00:00,634.16,636.01,631.16,635.17,8780.128
2026-05-06 04:00:00,635.18,636.19,633.51,634.65,4657.171
2026-05-06 05:00:00,634.65,634.94,632.85,634.85,3546.008
2026-05-06 06:00:00,634.86,636.17,634.5,635.87,4027.874
2026-05-06 07:00:00,635.88,640.43,635.69,637.99,13222.488
2026-05-06 08:00:00,637.98,646.59,637.95,646.18,18204.554
2026-05-06 09:00:00,646.18,647.7,643.44,646.96,15236.711
2026-05-06 10:00:00,646.97,648.33,644.97,645.51,16548.52
2026-05-06 11:00:00,645.51,652.66,645.39,652.56,28136.788
2026-05-06 12:00:00,652.56,664.26,651.12,657.08,49770.698
2026-05-06 13:00:00,657.08,657.09,645.86,647.41,15639.212
2026-05-06 14:00:00,647.41,650.3,643.58,647.33,10650.277
2026-05-06 15:00:00,647.34,649.54,646.71,648.51,5741.237
2026-05-06 16:00:00,648.51,650.73,646.29,649.5,5950.472
2026-05-06 17:00:00,649.5,650.41,647.8,648.59,4856.925
2026-05-06 18:00:00,648.6,650.49,647.32,649.77,5875.308
2026-05-06 19:00:00,649.77,650.93,648.78,650.45,3312.538
2026-05-06 20:00:00,650.44,651.49,647.66,648.87,3055.02
2026-05-06 21:00:00,648.87,650.51,647.38,649.78,1950.729
2026-05-06 22:00:00,649.79,650.16,646.61,646.86,3583.751
2026-05-06 23:00:00,646.86,647.76,644.46,647.74,4363.596
2026-05-07 00:00:00,647.74,649.81,644.7,644.88,4766.74
2026-05-07 01:00:00,644.88,645.46,641.94,645.11,11514.502
2026-05-07 02:00:00,645.12,645.33,642.01,643.93,5883.638
2026-05-07 03:00:00,643.94,644.51,641.64,642.53,7666.116
2026-05-07 04:00:00,642.54,644.18,642.1,644.18,3731.792
2026-05-07 05:00:00,644.18,647.08,644.13,647.08,4086.093
2026-05-07 06:00:00,647.08,648.18,644.91,648.18,4855.548
2026-05-07 07:00:00,648.18,653.49,647.62,651.91,6642.01
2026-05-07 08:00:00,651.92,653.1,649.15,651.04,5158.696
2026-05-07 09:00:00,651.05,651.07,647.48,648.91,7708.641
2026-05-07 10:00:00,648.91,649.65,646.15,647.66,3866.919
2026-05-07 11:00:00,647.66,649.23,646.51,648.01,4867.844
2026-05-07 12:00:00,648.01,651.0,647.28,650.8,3966.895
2026-05-07 13:00:00,650.8,650.8,645.36,646.82,7082.231
2026-05-07 14:00:00,646.83,647.08,640.6,642.37,9140.019
2026-05-07 15:00:00,642.37,644.02,639.41,642.45,9280.918
2026-05-07 16:00:00,642.46,643.59,639.33,641.45,7909.232
2026-05-07 17:00:00,641.45,643.65,639.75,643.63,4914.54
2026-05-07 18:00:00,643.63,644.7,642.2,643.35,2673.188
2026-05-07 19:00:00,643.35,644.19,641.92,643.71,2202.615
2026-05-07 20:00:00,643.71,645.65,643.36,643.4,5723.42
2026-05-07 21:00:00,643.41,643.92,641.22,642.48,2749.542
2026-05-07 22:00:00,642.47,642.47,633.68,635.57,15114.031
2026-05-07 23:00:00,635.57,637.5,634.35,637.02,2668.639
2026-05-08 00:00:00,637.02,639.12,636.67,637.85,4557.393
2026-05-08 01:00:00,637.85,638.53,636.0,638.1,2470.019
2026-05-08 02:00:00,638.1,639.87,635.46,638.69,4681.681
2026-05-08 03:00:00,638.69,640.54,636.81,639.44,3703.024
2026-05-08 04:00:00,639.44,641.0,638.19,639.82,3288.616
2026-05-08 05:00:00,639.83,640.13,638.0,638.0,3162.671
2026-05-08 06:00:00,638.01,638.38,634.76,636.64,9441.31
2026-05-08 07:00:00,636.64,637.07,634.91,636.91,8400.311
2026-05-08 08:00:00,636.91,638.22,635.89,638.22,9632.427
2026-05-08 09:00:00,638.22,639.66,637.54,638.38,3782.002
2026-05-08 10:00:00,638.39,640.1,637.82,639.55,3831.669
2026-05-08 11:00:00,639.55,641.56,639.55,641.02,4306.931
2026-05-08 12:00:00,641.03,641.26,639.16,639.72,4182.501
2026-05-08 13:00:00,639.72,640.09,637.54,638.96,3838.372
2026-05-08 14:00:00,638.97,642.77,638.91,642.26,4532.975
2026-05-08 15:00:00,642.26,644.0,639.42,643.92,5925.312
2026-05-08 16:00:00,643.92,644.15,642.36,642.47,2523.88
2026-05-08 17:00:00,642.47,647.08,642.38,645.75,4934.115
2026-05-08 18:00:00,645.76,649.5,645.76,647.7,4763.448
2026-05-08 19:00:00,647.71,648.77,646.89,648.09,2833.688
2026-05-08 20:00:00,648.1,648.94,645.86,646.66,4486.012
2026-05-08 21:00:00,646.67,650.01,646.19,650.01,2636.474
2026-05-08 22:00:00,650.02,651.53,649.99,650.07,3484.235
2026-05-08 23:00:00,650.07,650.5,647.81,649.36,2353.61
2026-05-09 00:00:00,649.37,652.41,649.01,651.9,4427.702
2026-05-09 01:00:00,651.9,655.88,651.87,654.41,6373.98
2026-05-09 02:00:00,654.41,655.17,653.7,654.26,4306.747
2026-05-09 03:00:00,654.26,654.92,652.98,653.66,3344.886
2026-05-09 04:00:00,653.67,656.0,652.96,653.17,7758.841
2026-05-09 05:00:00,653.17,653.17,650.91,651.15,14679.748
2026-05-09 06:00:00,651.16,651.93,649.88,651.6,6798.258
2026-05-09 07:00:00,651.6,651.6,648.95,649.77,3369.149
2026-05-09 08:00:00,649.77,650.96,649.66,650.63,1954.073
2026-05-09 09:00:00,650.63,651.03,648.55,649.8,2443.213
2026-05-09 10:00:00,649.8,649.91,648.43,649.18,2669.912
2026-05-09 11:00:00,649.19,650.61,649.07,650.04,2755.429
2026-05-09 12:00:00,650.05,650.67,649.07,649.83,2516.72
2026-05-09 13:00:00,649.84,649.96,648.42,649.46,2857.323
2026-05-09 14:00:00,649.46,649.51,646.85,647.0,3317.145
2026-05-09 15:00:00,647.0,648.5,646.23,647.66,2677.538
2026-05-09 16:00:00,647.67,649.79,647.01,648.35,5753.775
2026-05-09 17:00:00,648.35,650.62,648.34,649.9,6760.881
2026-05-09 18:00:00,649.9,651.84,649.87,651.08,1857.939
2026-05-09 19:00:00,651.09,651.27,650.46,651.01,1236.501
2026-05-09 20:00:00,651.01,651.38,650.0,650.62,2647.714
2026-05-09 21:00:00,650.63,652.33,650.61,651.48,4837.196
2026-05-09 22:00:00,651.49,652.36,650.49,651.0,1773.34
2026-05-09 23:00:00,650.99,651.59,649.53,649.75,1234.882
2026-05-10 00:00:00,649.76,650.5,646.49,646.9,7885.408
2026-05-10 01:00:00,646.9,646.9,644.84,646.69,4043.912
2026-05-10 02:00:00,646.69,647.86,645.63,647.69,2478.35
2026-05-10 03:00:00,647.7,648.89,646.95,647.7,3616.464
2026-05-10 04:00:00,647.71,648.68,647.34,648.01,1281.783
2026-05-10 05:00:00,648.0,648.79,647.58,648.39,1810.672
2026-05-10 06:00:00,648.39,648.95,647.28,648.51,2809.221
2026-05-10 07:00:00,648.51,649.29,647.83,648.28,2697.372
2026-05-10 08:00:00,648.29,650.72,648.0,650.37,3265.296
2026-05-10 09:00:00,650.37,651.9,649.64,651.37,6704.574
2026-05-10 10:00:00,651.37,651.63,649.82,650.9,2560.84
2026-05-10 11:00:00,650.91,651.41,647.71,649.59,3531.255
2026-05-10 12:00:00,649.59,649.64,648.47,649.61,2186.297
2026-05-10 13:00:00,649.62,651.52,649.18,651.09,3861.152
2026-05-10 14:00:00,651.1,652.49,649.99,651.7,3921.31
2026-05-10 15:00:00,651.71,656.2,651.7,655.5,7514.226
2026-05-10 16:00:00,655.51,657.54,654.4,657.12,5192.061
2026-05-10 17:00:00,657.13,661.0,656.16,660.6,6627.967
2026-05-10 18:00:00,660.61,662.0,659.46,660.65,5202.078
2026-05-10 19:00:00,660.66,662.38,658.8,661.14,2633.706
2026-05-10 20:00:00,661.14,662.68,648.71,651.68,10292.33
2026-05-10 21:00:00,651.68,654.66,650.77,652.53,6042.285
2026-05-10 22:00:00,652.52,666.5,651.8,665.79,16892.653
2026-05-10 23:00:00,665.79,666.66,663.24,663.55,6226.005
2026-05-11 00:00:00,663.56,664.85,656.46,657.82,6733.129
2026-05-11 01:00:00,657.82,660.54,655.76,657.2,7393.923
2026-05-11 02:00:00,657.2,657.95,654.03,655.34,6930.179
2026-05-11 03:00:00,655.35,655.35,650.07,651.79,9632.18
2026-05-11 04:00:00,651.8,653.29,650.63,652.04,7741.232
2026-05-11 05:00:00,652.05,653.84,651.04,652.99,6231.34
2026-05-11 06:00:00,652.99,654.17,650.78,651.5,6268.152
2026-05-11 07:00:00,651.5,651.5,650.03,650.61,6626.85
2026-05-11 08:00:00,650.61,651.98,649.46,651.06,6694.325
2026-05-11 09:00:00,651.06,653.22,650.91,653.07,7488.571
2026-05-11 10:00:00,653.06,654.64,652.88,653.89,6908.955
2026-05-11 11:00:00,653.89,655.92,653.2,655.92,6638.856
2026-05-11 12:00:00,655.92,656.52,654.17,654.75,6077.356
2026-05-11 13:00:00,654.75,656.72,651.49,654.5,7710.361
2026-05-11 14:00:00,654.51,656.46,651.8,656.24,7434.147
2026-05-11 15:00:00,656.24,661.51,655.71,661.5,9835.205
2026-05-11 16:00:00,661.51,663.31,659.87,661.51,8591.558
2026-05-11 17:00:00,661.52,663.0,659.5,662.54,5348.272
2026-05-11 18:00:00,662.54,663.4,661.28,661.53,6192.67
2026-05-11 19:00:00,661.54,663.56,660.98,663.32,7006.306
2026-05-11 20:00:00,663.31,663.9,661.02,662.66,4717.593
2026-05-11 21:00:00,662.66,664.36,662.46,663.94,4115.559
2026-05-11 22:00:00,663.94,671.46,663.15,670.06,20457.094
2026-05-11 23:00:00,670.07,673.0,668.14,670.6,10891.432
2026-05-12 00:00:00,670.6,671.47,667.54,668.71,8667.849
2026-05-12 01:00:00,668.71,669.7,659.09,663.45,17387.456
2026-05-12 02:00:00,663.44,665.12,661.18,662.88,5417.198
2026-05-12 03:00:00,662.89,663.65,661.04,662.02,2863.558
2026-05-12 04:00:00,662.02,664.31,661.14,662.58,5215.846
2026-05-12 05:00:00,662.58,664.18,662.37,662.37,3902.347
2026-05-12 06:00:00,662.38,663.52,659.89,660.16,4846.778
2026-05-12 07:00:00,660.17,660.86,657.76,658.59,5579.73
2026-05-12 08:00:00,658.6,660.3,657.55,659.38,4607.493
2026-05-12 09:00:00,659.38,662.0,658.62,661.86,3843.417
2026-05-12 10:00:00,661.85,662.48,660.24,661.54,4040.643
2026-05-12 11:00:00,661.55,663.4,660.76,663.4,5813.318
2026-05-12 12:00:00,663.4,664.75,661.17,661.51,7608.403
2026-05-12 13:00:00,661.52,662.87,656.4,657.14,9603.634
2026-05-12 14:00:00,657.15,658.74,652.78,654.06,14974.178
2026-05-12 15:00:00,654.07,656.32,650.49,652.26,12962.888
2026-05-12 16:00:00,652.26,654.0,650.56,651.85,4493.719
2026-05-12 17:00:00,651.86,656.8,651.86,656.45,4589.458
2026-05-12 18:00:00,656.45,660.84,656.25,660.38,6850.442
2026-05-12 19:00:00,660.39,663.38,660.38,663.07,5620.546
2026-05-12 20:00:00,663.07,665.69,663.06,665.42,5537.278
2026-05-12 21:00:00,665.42,667.29,664.48,665.26,6494.576
2026-05-12 22:00:00,665.26,668.0,665.26,666.27,5108.961
2026-05-12 23:00:00,666.27,666.68,664.1,664.95,5587.373
2026-05-13 00:00:00,664.95,668.14,664.36,667.57,6216.016
2026-05-13 01:00:00,667.57,679.87,666.99,678.34,31170.066
2026-05-13 02:00:00,678.35,680.81,677.67,680.44,13214.823
2026-05-13 03:00:00,680.44,682.95,679.66,681.28,12880.164
2026-05-13 04:00:00,681.28,682.18,676.6,679.81,9762.272
2026-05-13 05:00:00,679.81,681.3,677.7,678.15,10407.904
2026-05-13 06:00:00,678.16,678.87,675.94,676.36,5831.064
2026-05-13 07:00:00,676.37,679.03,676.02,679.02,5686.465
2026-05-13 08:00:00,679.02,683.0,678.41,683.0,9785.858
2026-05-13 09:00:00,683.0,685.68,681.79,685.18,11549.832
2026-05-13 10:00:00,685.19,685.44,680.38,680.38,7476.421
2026-05-13 11:00:00,680.39,680.9,677.41,678.42,7334.719
2026-05-13 12:00:00,678.42,680.3,668.89,672.76,19908.391
2026-05-13 13:00:00,672.76,674.8,667.17,667.67,13681.378
2026-05-13 14:00:00,667.67,673.41,665.5,672.1,14319.073
2026-05-13 15:00:00,672.11,673.87,663.77,664.19,13891.595
2026-05-13 16:00:00,664.19,670.45,664.17,670.24,8432.823
2026-05-13 17:00:00,670.24,671.4,669.08,670.76,5082.0
2026-05-13 18:00:00,670.77,674.71,670.77,671.75,4125.281
2026-05-13 19:00:00,671.74,672.05,669.1,671.32,3389.17
2026-05-13 20:00:00,671.33,672.5,670.77,672.47,2684.248
2026-05-13 21:00:00,672.47,672.5,669.07,669.28,2931.105
2026-05-13 22:00:00,669.28,672.25,668.2,672.08,2829.462
2026-05-13 23:00:00,672.09,673.84,671.15,671.68,3472.638
2026-05-14 00:00:00,671.68,677.52,671.51,675.18,9694.164
2026-05-14 01:00:00,675.18,676.39,673.86,675.5,4853.945
2026-05-14 02:00:00,675.5,675.69,669.34,669.93,4115.397
2026-05-14 03:00:00,669.94,671.64,665.42,665.92,6888.812
2026-05-14 04:00:00,665.91,668.53,665.47,667.47,5541.643
2026-05-14 05:00:00,667.47,671.5,667.05,669.75,6766.685
2026-05-14 06:00:00,669.75,671.49,668.8,670.11,5589.752
2026-05-14 07:00:00,670.11,672.06,668.2,669.34,6346.653
2026-05-14 08:00:00,669.33,673.45,668.55,673.02,5586.126
2026-05-14 09:00:00,673.02,673.39,669.33,670.63,5811.41
2026-05-14 10:00:00,670.63,673.34,670.46,673.2,4702.751
2026-05-14 11:00:00,673.21,673.96,670.84,670.85,4787.91
2026-05-14 12:00:00,670.85,678.56,670.62,678.25,11877.128
2026-05-14 13:00:00,678.25,678.64,673.79,674.36,8359.154
2026-05-14 14:00:00,674.37,680.36,673.89,678.29,12136.988
2026-05-14 15:00:00,678.29,680.58,676.4,679.98,10891.433
2026-05-14 16:00:00,679.98,682.74,678.48,682.51,8495.615
2026-05-14 17:00:00,682.51,687.66,680.67,682.0,12991.006
2026-05-14 18:00:00,682.01,685.11,680.47,682.51,8836.665
2026-05-14 19:00:00,682.51,683.06,679.18,680.2,4189.792
2026-05-14 20:00:00,680.21,680.55,677.84,680.55,3658.797
2026-05-14 21:00:00,680.54,681.3,679.33,681.13,2530.387
2026-05-14 22:00:00,681.14,681.99,680.3,680.75,2004.445
2026-05-14 23:00:00,680.75,680.75,677.2,678.27,3143.372
2026-05-15 00:00:00,678.28,686.0,677.98,683.43,10947.224
2026-05-15 01:00:00,683.43,685.04,679.56,679.82,6118.282
2026-05-15 02:00:00,679.83,680.63,677.24,679.83,8477.249
2026-05-15 03:00:00,679.84,683.8,678.67,681.95,6048.032
2026-05-15 04:00:00,681.95,681.95,678.25,678.38,3103.505
2026-05-15 05:00:00,678.38,679.68,673.79,676.36,7709.472
2026-05-15 06:00:00,676.36,683.57,675.82,683.06,6801.311
2026-05-15 07:00:00,683.07,689.14,681.29,684.3,17240.806
2026-05-15 08:00:00,684.31,687.24,682.69,685.81,9857.393
2026-05-15 09:00:00,685.82,686.17,681.63,683.03,8038.876
2026-05-15 10:00:00,683.04,689.98,682.24,689.11,7127.836
2026-05-15 11:00:00,689.12,689.67,685.4,686.47,6917.469
2026-05-15 12:00:00,686.47,686.74,682.15,682.74,9412.363
2026-05-15 13:00:00,682.75,682.75,670.65,671.51,18900.497
2026-05-15 14:00:00,671.51,676.73,670.0,676.04,9644.948
2026-05-15 15:00:00,676.03,676.5,669.16,671.73,8287.86
2026-05-15 16:00:00,671.73,675.24,671.16,674.66,3406.597
2026-05-15 17:00:00,674.67,676.72,674.44,675.31,2985.079
2026-05-15 18:00:00,675.32,676.59,673.13,674.41,2132.772
2026-05-15 19:00:00,674.4,675.31,672.42,674.04,1891.43
2026-05-15 20:00:00,674.04,674.46,671.92,673.69,2122.954
2026-05-15 21:00:00,673.69,674.56,671.68,672.1,4261.595
2026-05-15 22:00:00,672.1,673.67,671.89,673.55,2522.184
2026-05-15 23:00:00,673.54,673.59,671.21,672.38,2548.637
2026-05-16 00:00:00,672.37,674.92,671.87,672.26,2742.209
2026-05-16 01:00:00,672.27,673.68,670.44,670.46,3614.52
2026-05-16 02:00:00,670.47,671.17,667.0,668.69,4504.025
2026-05-16 03:00:00,668.69,668.91,664.9,665.29,7387.447
2026-05-16 04:00:00,665.29,665.29,660.51,662.74,10775.312
2026-05-16 05:00:00,662.73,665.04,661.59,664.48,5574.851
2026-05-16 06:00:00,664.48,665.06,659.29,660.4,8232.783
2026-05-16 07:00:00,660.4,661.32,656.2,660.68,15480.441
2026-05-16 08:00:00,660.68,661.84,659.64,661.74,5644.244
2026-05-16 09:00:00,661.74,661.97,651.21,652.49,18817.327
2026-05-16 10:00:00,652.49,655.59,650.7,654.12,9706.976
2026-05-16 11:00:00,654.13,656.2,654.12,654.28,4323.165
2026-05-16 12:00:00,654.28,654.62,652.96,653.54,4630.365
2026-05-16 13:00:00,653.54,653.62,651.95,652.28,3655.441
2026-05-16 14:00:00,652.28,655.09,651.1,653.21,6065.412
2026-05-16 15:00:00,653.2,658.0,653.11,655.2,4904.965
2026-05-16 16:00:00,655.19,657.0,654.92,656.85,2932.385
2026-05-16 17:00:00,656.86,657.47,655.2,655.78,2214.518
2026-05-16 18:00:00,655.78,658.34,655.47,657.82,2277.304
2026-05-16 19:00:00,657.82,657.89,655.9,656.16,1408.328
2026-05-16 20:00:00,656.16,657.51,656.04,656.67,1303.568
2026-05-16 21:00:00,656.67,657.62,656.2,657.4,1296.581
2026-05-16 22:00:00,657.39,657.44,656.34,656.47,767.459
2026-05-16 23:00:00,656.47,657.13,655.73,656.2,1518.71
2026-05-17 00:00:00,656.2,657.28,651.14,652.0,7138.043
2026-05-17 01:00:00,652.0,654.02,650.0,650.68,5365.333
2026-05-17 02:00:00,650.68,652.51,650.67,651.36,3310.043
2026-05-17 03:00:00,651.36,653.88,651.36,652.77,2524.614
2026-05-17 04:00:00,652.77,654.91,652.41,654.74,2455.685
2026-05-17 05:00:00,654.74,656.35,654.66,655.16,3311.555
2026-05-17 06:00:00,655.16,656.06,654.45,655.26,2305.544
2026-05-17 07:00:00,655.26,655.89,654.47,655.31,1842.571
2026-05-17 08:00:00,655.31,655.39,653.64,653.83,2240.036
2026-05-17 09:00:00,653.84,654.47,650.0,653.21,10620.711
2026-05-17 10:00:00,653.21,655.44,653.21,654.81,3981.816
2026-05-17 11:00:00,654.81,655.45,653.65,655.07,3250.843
2026-05-17 12:00:00,655.07,657.51,654.63,656.5,3357.966
2026-05-17 13:00:00,656.49,656.5,653.0,653.63,4035.602
2026-05-17 14:00:00,653.64,653.77,650.57,652.11,4503.24
2026-05-17 15:00:00,652.11,653.0,651.09,652.4,2566.47
2026-05-17 16:00:00,652.41,653.56,651.36,651.71,2113.895
2026-05-17 17:00:00,651.7,652.07,650.22,651.74,2269.568
2026-05-17 18:00:00,651.75,653.46,650.87,653.46,2258.338
2026-05-17 19:00:00,653.47,656.35,653.47,656.04,1484.697
2026-05-17 20:00:00,656.04,656.27,653.87,654.59,1269.624
2026-05-17 21:00:00,654.59,657.6,654.27,657.0,2352.223
2026-05-17 22:00:00,657.0,657.0,653.06,653.77,2221.008
2026-05-17 23:00:00,653.77,653.84,640.01,649.48,19032.527
2026-05-18 00:00:00,649.48,649.7,644.86,646.24,9471.044
2026-05-18 01:00:00,646.25,646.66,642.13,646.38,5666.936
2026-05-18 02:00:00,646.37,648.07,644.0,644.5,5366.753
2026-05-18 03:00:00,644.5,645.72,643.13,643.44,3565.387
2026-05-18 04:00:00,643.44,644.53,640.96,643.74,5489.751
2026-05-18 05:00:00,643.75,644.58,641.6,641.84,3495.885
2026-05-18 06:00:00,641.85,642.72,637.54,640.62,8953.74
2026-05-18 07:00:00,640.62,642.36,639.0,641.85,4169.67
2026-05-18 08:00:00,641.86,642.14,638.74,640.21,4494.243
2026-05-18 09:00:00,640.21,640.63,638.8,639.36,4317.78
2026-05-18 10:00:00,639.36,639.46,637.54,638.34,3453.508
2026-05-18 11:00:00,638.35,643.69,637.64,641.75,3999.973
2026-05-18 12:00:00,641.75,645.54,641.67,643.28,6425.742
2026-05-18 13:00:00,643.29,643.34,637.77,640.06,6242.88
2026-05-18 14:00:00,640.05,640.05,635.11,636.89,9282.81
2026-05-18 15:00:00,636.89,637.63,634.3,637.03,6847.297
2026-05-18 16:00:00,637.04,640.19,635.74,639.49,11370.24
2026-05-18 17:00:00,639.49,641.06,638.85,640.45,2109.492
2026-05-18 18:00:00,640.45,640.49,636.08,637.78,2827.363
2026-05-18 19:00:00,637.79,644.92,637.47,644.78,9105.763
2026-05-18 20:00:00,644.79,645.51,642.19,642.7,2224.343
2026-05-18 21:00:00,642.71,646.05,641.89,645.54,2323.409
2026-05-18 22:00:00,645.54,646.4,644.0,645.02,3050.464
2026-05-18 23:00:00,645.02,645.85,642.97,643.53,1926.747
2026-05-19 00:00:00,643.53,647.19,643.42,645.73,2592.654
2026-05-19 01:00:00,645.73,645.99,642.99,642.99,2961.477
2026-05-19 02:00:00,642.99,644.64,641.17,641.96,4070.303
2026-05-19 03:00:00,641.96,644.78,641.32,642.88,5457.332
2026-05-19 04:00:00,642.87,644.53,641.71,643.38,2419.53
2026-05-19 05:00:00,643.37,643.93,640.95,643.84,2463.012
2026-05-19 06:00:00,643.84,645.33,643.12,644.45,3525.525
2026-05-19 07:00:00,644.46,646.34,643.25,645.93,4470.698
2026-05-19 08:00:00,645.93,646.02,641.83,642.33,4568.733
2026-05-19 09:00:00,642.33,642.57,639.8,640.5,3891.078
2026-05-19 10:00:00,640.5,641.17,637.98,640.07,5575.471
2026-05-19 11:00:00,640.08,640.86,638.34,639.88,4196.234
2026-05-19 12:00:00,639.87,641.57,639.32,641.47,4185.825
2026-05-19 13:00:00,641.46,642.05,638.71,640.19,5694.384
2026-05-19 14:00:00,640.18,641.29,636.1,638.19,7158.846
2026-05-19 15:00:00,638.2,640.57,637.76,638.73,5115.45
2026-05-19 16:00:00,638.74,640.74,637.87,640.61,2663.235
2026-05-19 17:00:00,640.62,641.54,639.6,640.62,1488.172
2026-05-19 18:00:00,640.63,641.19,639.24,640.38,1650.25
2026-05-19 19:00:00,640.38,641.88,639.33,639.99,1157.632
2026-05-19 20:00:00,639.98,641.3,639.89,641.24,1168.046
2026-05-19 21:00:00,641.23,641.66,640.29,640.42,830.749
2026-05-19 22:00:00,640.42,640.42,637.87,638.63,2037.889
2026-05-19 23:00:00,638.64,641.41,638.18,640.02,1611.412
2026-05-20 00:00:00,640.03,640.12,637.52,639.49,2219.108
2026-05-20 01:00:00,639.48,640.95,637.8,640.32,2257.127
2026-05-20 02:00:00,640.33,640.64,638.11,639.13,4559.955
2026-05-20 03:00:00,639.14,640.52,638.13,640.12,1962.22
2026-05-20 04:00:00,640.13,640.73,638.38,639.84,1632.705
2026-05-20 05:00:00,639.84,643.6,639.83,642.63,6421.933
2026-05-20 06:00:00,642.63,644.0,641.28,643.88,6060.946
2026-05-20 07:00:00,643.89,645.0,643.07,643.41,2911.231
2026-05-20 08:00:00,643.41,645.31,643.23,644.4,2923.177
2026-05-20 09:00:00,644.4,645.18,643.69,644.43,2425.786
2026-05-20 10:00:00,644.43,645.3,643.71,643.9,3204.666
2026-05-20 11:00:00,643.91,644.11,642.3,643.33,2375.555
2026-05-20 12:00:00,643.33,646.0,642.92,644.95,2968.01
2026-05-20 13:00:00,644.96,645.17,641.75,643.19,3643.008
2026-05-20 14:00:00,643.19,649.46,641.34,647.92,8075.515
2026-05-20 15:00:00,647.93,649.97,646.85,648.8,6491.732
2026-05-20 16:00:00,648.81,649.77,646.01,648.71,2802.244
2026-05-20 17:00:00,648.72,651.19,647.75,649.64,3999.765
2026-05-20 18:00:00,649.63,649.99,648.5,648.81,2425.06
2026-05-20 19:00:00,648.81,651.0,648.0,650.57,2845.564
2026-05-20 20:00:00,650.56,651.5,648.8,651.26,2271.431
2026-05-20 21:00:00,651.27,651.77,649.39,649.41,4342.773
2026-05-20 22:00:00,649.41,649.41,647.17,648.7,2136.563
2026-05-20 23:00:00,648.69,649.73,647.43,649.5,1986.579
2026-05-21 00:00:00,649.5,653.84,649.31,653.71,4136.092
2026-05-21 01:00:00,653.71,654.78,652.31,653.07,3952.962
2026-05-21 02:00:00,653.07,655.42,652.45,653.88,4403.658
2026-05-21 03:00:00,653.87,656.0,653.0,654.81,3934.114
2026-05-21 04:00:00,654.81,655.31,653.37,654.39,2392.599
2026-05-21 05:00:00,654.39,655.33,651.91,652.83,4586.379
2026-05-21 06:00:00,652.82,652.97,650.13,651.38,3815.55
2026-05-21 07:00:00,651.38,653.14,651.02,652.93,4379.777
2026-05-21 08:00:00,652.93,656.0,652.83,654.92,3632.874
2026-05-21 09:00:00,654.93,655.47,652.96,653.31,2721.692
2026-05-21 10:00:00,653.31,653.99,648.05,648.38,7296.958
2026-05-21 11:00:00,648.38,649.56,647.36,647.77,2745.555
2026-05-21 12:00:00,647.78,650.89,647.54,649.67,4315.368
2026-05-21 13:00:00,649.67,650.89,646.33,649.6,5709.375
2026-05-21 14:00:00,649.61,651.3,647.81,648.9,5386.741
2026-05-21 15:00:00,648.9,653.08,648.75,652.39,6872.674
2026-05-21 16:00:00,652.39,653.33,650.23,651.1,3531.286
2026-05-21 17:00:00,651.1,659.82,651.0,657.79,10461.071
2026-05-21 18:00:00,657.79,659.41,654.46,655.95,8368.706
2026-05-21 19:00:00,655.94,658.53,655.82,657.87,2988.173
2026-05-21 20:00:00,657.88,658.51,657.05,657.36,1676.941
2026-05-21 21:00:00,657.35,659.0,657.35,657.51,1314.895
2026-05-21 22:00:00,657.52,658.08,656.11,656.9,1067.439
2026-05-21 23:00:00,656.9,658.66,656.35,658.58,3364.799
2026-05-22 00:00:00,658.58,659.33,656.92,656.98,3576.462
2026-05-22 01:00:00,656.98,660.2,656.14,659.34,3596.275
2026-05-22 02:00:00,659.34,661.0,658.69,660.31,8892.205
2026-05-22 03:00:00,660.31,661.42,659.34,659.61,3892.985
2026-05-22 04:00:00,659.62,660.59,658.43,659.13,4930.88
2026-05-22 05:00:00,659.13,659.23,656.56,657.15,7782.628
2026-05-22 06:00:00,657.15,657.75,655.81,656.12,2950.529
2026-05-22 07:00:00,656.13,659.72,655.48,659.49,3381.942
2026-05-22 08:00:00,659.49,661.1,658.82,659.16,4093.517
2026-05-22 09:00:00,659.16,659.16,656.2,657.25,8595.136
2026-05-22 10:00:00,657.25,657.26,654.79,656.08,4676.383
2026-05-22 11:00:00,656.08,657.95,655.31,657.94,2055.315
2026-05-22 12:00:00,657.95,660.62,657.77,660.62,4904.05
2026-05-22 13:00:00,660.62,664.0,660.21,663.99,8517.528
2026-05-22 14:00:00,664.0,664.2,656.61,657.39,9619.78
2026-05-22 15:00:00,657.39,659.83,656.45,658.51,4599.402
2026-05-22 16:00:00,658.51,660.84,657.93,660.52,4660.485
2026-05-22 17:00:00,660.53,661.58,658.72,659.83,5089.263
2026-05-22 18:00:00,659.83,659.89,648.55,653.53,9200.437
2026-05-22 19:00:00,653.53,654.11,648.31,652.48,7946.716
2026-05-22 20:00:00,652.48,654.03,651.84,653.22,3223.788
2026-05-22 21:00:00,653.22,654.03,652.36,653.23,1903.233
2026-05-22 22:00:00,653.23,653.53,650.75,652.53,2149.759
2026-05-22 23:00:00,652.53,653.37,648.7,650.44,3668.922
2026-05-23 00:00:00,650.45,652.15,648.07,650.99,5169.201
2026-05-23 01:00:00,651.0,652.31,649.57,650.36,1971.199
2026-05-23 02:00:00,650.36,651.7,649.66,651.51,2214.625
2026-05-23 03:00:00,651.51,653.0,650.16,652.34,3506.46
2026-05-23 04:00:00,652.33,652.78,649.85,650.18,3086.519
2026-05-23 05:00:00,650.19,650.31,648.33,648.97,5051.792
2026-05-23 06:00:00,648.97,649.69,648.21,648.68,3481.915
2026-05-23 07:00:00,648.69,648.98,635.29,636.76,18338.892
2026-05-23 08:00:00,636.76,640.53,635.64,640.32,8255.882
2026-05-23 09:00:00,640.33,640.76,638.63,638.63,3915.51
2026-05-23 10:00:00,638.64,640.72,638.64,640.2,2808.929
2026-05-23 11:00:00,640.2,641.27,639.76,640.22,4274.001
2026-05-23 12:00:00,640.23,640.89,639.28,640.68,1734.393
2026-05-23 13:00:00,640.67,643.43,640.51,643.06,5146.33
2026-05-23 14:00:00,643.07,647.85,642.24,647.36,4863.707
2026-05-23 15:00:00,647.36,648.8,646.35,647.49,4359.683
2026-05-23 16:00:00,647.49,648.24,646.27,646.76,2897.53
2026-05-23 17:00:00,646.76,649.54,646.76,649.12,2477.783
2026-05-23 18:00:00,649.12,653.0,648.97,651.61,3407.319
2026-05-23 19:00:00,651.62,653.17,650.77,652.34,2139.432
2026-05-23 20:00:00,652.34,661.44,651.73,661.43,9260.169
2026-05-23 21:00:00,661.43,663.93,655.12,657.66,9359.984
2026-05-23 22:00:00,657.66,658.5,654.44,656.67,2736.627
2026-05-23 23:00:00,656.66,657.53,655.99,656.26,2551.756
2026-05-24 00:00:00,656.26,657.89,655.47,656.59,2660.753
2026-05-24 01:00:00,656.59,658.17,656.36,657.4,2196.557
2026-05-24 02:00:00,657.4,658.75,656.13,657.89,3068.899
2026-05-24 03:00:00,657.9,658.91,656.36,657.14,2304.746
2026-05-24 04:00:00,657.14,658.05,656.33,656.36,1535.085
2026-05-24 05:00:00,656.36,656.36,654.01,655.35,3363.01
2026-05-24 06:00:00,655.34,657.93,654.89,657.43,5205.179
2026-05-24 07:00:00,657.43,657.65,655.93,656.64,1386.673
2026-05-24 08:00:00,656.64,659.0,656.22,658.68,2857.685
2026-05-24 09:00:00,658.69,660.17,658.08,659.79,4822.435
2026-05-24 10:00:00,659.79,662.6,659.01,660.85,5312.81
2026-05-24 11:00:00,660.86,662.6,660.51,661.27,4101.909
2026-05-24 12:00:00,661.27,661.31,658.47,660.13,4153.103
2026-05-24 13:00:00,660.13,660.8,656.46,657.45,3730.34
2026-05-24 14:00:00,657.45,658.4,652.07,655.62,7580.183
2026-05-24 15:00:00,655.61,656.65,655.16,655.51,2181.257
2026-05-24 16:00:00,655.54,657.71,655.24,656.79,2114.362
2026-05-24 17:00:00,656.78,657.54,656.29,656.29,1584.369
2026-05-24 18:00:00,656.29,656.38,655.0,655.38,1842.356
2026-05-24 19:00:00,655.39,656.45,655.21,656.16,802.786
2026-05-24 20:00:00,656.16,656.28,655.0,655.16,1083.983
2026-05-24 21:00:00,655.16,655.93,649.68,650.2,3854.275
2026-05-24 22:00:00,650.2,656.0,650.19,654.68,4157.786
2026-05-24 23:00:00,654.68,657.65,654.68,656.57,1767.636
2026-05-25 00:00:00,656.58,659.71,656.58,658.91,2545.87
2026-05-25 01:00:00,658.92,659.85,655.76,655.89,1894.746
2026-05-25 02:00:00,655.9,659.98,655.9,657.01,2720.107
2026-05-25 03:00:00,657.01,657.46,655.96,657.07,1795.948
2026-05-25 04:00:00,657.08,659.88,656.4,659.36,2363.772
2026-05-25 05:00:00,659.37,661.29,659.16,660.77,3758.661
2026-05-25 06:00:00,660.77,661.98,659.14,660.81,3088.407
2026-05-25 07:00:00,660.81,661.98,660.08,661.92,4186.963
2026-05-25 08:00:00,661.92,662.74,660.86,662.1,3953.317
2026-05-25 09:00:00,662.11,663.38,661.13,661.51,3070.477
2026-05-25 10:00:00,661.51,662.5,661.23,661.69,2558.38
2026-05-25 11:00:00,661.69,662.48,660.86,662.25,5015.127
2026-05-25 12:00:00,662.25,671.16,662.13,669.61,16610.642
2026-05-25 13:00:00,669.61,671.98,669.04,671.97,9600.425
2026-05-25 14:00:00,671.98,673.07,670.5,671.39,7926.228
2026-05-25 15:00:00,671.39,671.62,666.74,667.78,8992.831
2026-05-25 16:00:00,667.78,668.25,666.48,667.07,3262.061
2026-05-25 17:00:00,667.07,667.4,660.87,661.06,8477.457
2026-05-25 18:00:00,661.07,664.02,660.95,662.98,6215.01
2026-05-25 19:00:00,662.98,663.05,661.07,662.37,2378.375
2026-05-25 20:00:00,662.37,663.0,660.43,661.37,3677.656
2026-05-25 21:00:00,661.37,662.4,661.35,661.82,1753.367
2026-05-25 22:00:00,661.82,663.09,660.38,660.72,4452.373
2026-05-25 23:00:00,660.72,663.29,660.49,663.15,3946.553
2026-05-26 00:00:00,663.15,663.75,657.2,659.52,14244.001
2026-05-26 01:00:00,659.52,659.79,656.04,657.7,4419.569
2026-05-26 02:00:00,657.7,659.71,656.99,659.34,6019.346
2026-05-26 03:00:00,659.34,659.49,657.12,658.05,4313.21
2026-05-26 04:00:00,658.06,659.59,656.95,658.83,4487.465
2026-05-26 05:00:00,658.84,659.8,658.18,659.27,3059.651
2026-05-26 06:00:00,659.27,659.82,657.56,658.11,3812.654
2026-05-26 07:00:00,658.12,658.96,655.34,657.73,8803.963
2026-05-26 08:00:00,657.73,658.12,656.43,657.14,3174.403
2026-05-26 09:00:00,657.14,657.91,656.3,656.83,2830.33
2026-05-26 10:00:00,656.82,664.6,656.44,662.78,7049.514
2026-05-26 11:00:00,662.78,663.76,661.66,662.48,3697.955
2026-05-26 12:00:00,662.48,662.95,660.21,662.48,3728.328
2026-05-26 13:00:00,662.47,665.1,660.71,663.35,8024.959
2026-05-26 14:00:00,663.36,668.01,660.88,662.89,10641.857
2026-05-26 15:00:00,662.89,663.5,657.28,660.28,10706.226
2026-05-26 16:00:00,660.29,661.05,657.67,659.77,6664.316
2026-05-26 17:00:00,659.77,660.3,653.45,655.77,6095.138
2026-05-26 18:00:00,655.77,657.75,655.04,655.53,1908.024
2026-05-26 19:00:00,655.54,657.81,654.92,657.2,1293.741
2026-05-26 20:00:00,657.21,657.85,656.6,657.3,1728.28
2026-05-26 21:00:00,657.31,657.6,655.14,656.48,1642.835
2026-05-26 22:00:00,656.49,657.5,655.31,655.98,2604.784
2026-05-26 23:00:00,655.99,657.84,655.99,656.43,1382.733
2026-05-27 00:00:00,656.43,658.62,656.32,658.54,1842.709
2026-05-27 01:00:00,658.55,659.11,656.85,657.32,2987.309
2026-05-27 02:00:00,657.33,657.44,654.63,656.66,3159.574
2026-05-27 03:00:00,656.66,656.86,654.0,654.38,3614.368
2026-05-27 04:00:00,654.39,654.47,650.75,654.31,5262.499
2026-05-27 05:00:00,654.32,654.71,653.0,653.25,3337.474
2026-05-27 06:00:00,653.25,653.8,652.08,652.92,5401.037
2026-05-27 07:00:00,652.92,653.54,651.52,653.5,8096.622
2026-05-27 08:00:00,653.47,654.94,652.31,653.72,5048.767
2026-05-27 09:00:00,653.72,654.68,652.94,654.09,2453.614
2026-05-27 10:00:00,654.09,655.77,652.76,654.62,4005.948
2026-05-27 11:00:00,654.63,655.64,653.73,653.84,3352.581
2026-05-27 12:00:00,653.85,657.22,653.18,655.21,4677.41
2026-05-27 13:00:00,655.22,655.51,650.14,652.43,5882.576
2026-05-27 14:00:00,652.43,654.38,651.42,654.12,5539.24
2026-05-27 15:00:00,654.12,658.27,653.94,657.66,6706.702
2026-05-27 16:00:00,657.67,659.9,654.78,655.99,3456.198
2026-05-27 17:00:00,656.0,656.1,650.32,651.05,4390.995
2026-05-27 18:00:00,651.06,653.82,650.27,653.74,2030.921
2026-05-27 19:00:00,653.74,654.28,652.78,653.39,2023.685
2026-05-27 20:00:00,653.4,654.97,653.15,653.92,2289.359
2026-05-27 21:00:00,653.92,654.26,646.87,648.7,9293.997
2026-05-27 22:00:00,648.7,650.13,647.0,647.01,3173.192
2026-05-27 23:00:00,647.01,649.45,646.57,648.84,3710.817
2026-05-28 00:00:00,648.83,649.03,646.99,648.95,2876.567
2026-05-28 01:00:00,648.96,649.38,645.35,646.66,3893.907
2026-05-28 02:00:00,646.67,647.01,644.0,644.91,3150.93
2026-05-28 03:00:00,644.91,645.67,636.76,637.81,17259.522
2026-05-28 04:00:00,637.81,637.91,633.11,636.59,15645.911
2026-05-28 05:00:00,636.6,636.6,632.99,634.7,6681.177
2026-05-28 06:00:00,634.7,635.27,631.47,634.03,7780.098
2026-05-28 07:00:00,634.04,636.7,633.63,634.98,7504.294
2026-05-28 08:00:00,634.99,635.36,633.65,634.74,4469.875
2026-05-28 09:00:00,634.74,635.28,632.3,634.25,6795.113
2026-05-28 10:00:00,634.25,635.13,632.59,633.42,5409.716
2026-05-28 11:00:00,633.42,633.59,631.35,632.9,5915.538
2026-05-28 12:00:00,632.9,633.54,630.42,633.16,5661.179
2026-05-28 13:00:00,633.15,633.8,629.36,631.45,7891.517
2026-05-28 14:00:00,631.45,636.66,628.22,635.21,10275.415
2026-05-28 15:00:00,635.21,635.9,631.47,634.79,5794.953
2026-05-28 16:00:00,634.79,640.61,633.45,640.23,8468.177
2026-05-28 17:00:00,640.24,641.9,639.0,640.21,5508.127
2026-05-28 18:00:00,640.22,642.59,640.14,641.83,2643.742
2026-05-28 19:00:00,641.84,641.98,639.71,639.71,1896.972
2026-05-28 20:00:00,639.72,641.52,638.44,640.92,2290.501
2026-05-28 21:00:00,640.93,642.53,640.59,641.88,2160.82
2026-05-28 22:00:00,641.89,642.43,638.46,638.87,1881.431
2026-05-28 23:00:00,638.87,639.79,637.56,638.24,3402.203
2026-05-29 00:00:00,638.23,639.47,638.23,638.49,2752.769
2026-05-29 01:00:00,638.5,639.22,635.78,636.96,2224.797
2026-05-29 02:00:00,636.97,637.53,633.79,634.27,3354.625
2026-05-29 03:00:00,634.27,636.78,634.27,635.61,2484.846
2026-05-29 04:00:00,635.6,636.75,634.56,636.57,2955.211
2026-05-29 05:00:00,636.57,638.49,636.4,638.44,3739.956
2026-05-29 06:00:00,638.43,639.49,637.48,638.16,4565.996
2026-05-29 07:00:00,638.17,638.56,635.82,637.04,7305.062
2026-05-29 08:00:00,637.04,638.27,636.68,636.75,3024.807
2026-05-29 09:00:00,636.75,640.95,636.71,640.73,5717.114
2026-05-29 10:00:00,640.73,641.19,638.98,639.13,4637.029
2026-05-29 11:00:00,639.13,639.34,635.25,637.14,3455.81
2026-05-29 12:00:00,637.14,637.17,635.2,635.91,2799.425
2026-05-29 13:00:00,635.91,636.79,634.01,635.58,6162.533
2026-05-29 14:00:00,635.58,636.83,630.86,634.9,11820.038
2026-05-29 15:00:00,634.91,643.04,634.45,639.74,13874.095
2026-05-29 16:00:00,639.75,644.08,638.16,644.0,11092.212
2026-05-29 17:00:00,644.01,645.0,641.95,642.42,6554.289
2026-05-29 18:00:00,642.43,643.0,638.32,639.64,4498.26
2026-05-29 19:00:00,639.65,642.93,639.17,641.45,3007.155
2026-05-29 20:00:00,641.46,643.33,641.45,642.21,2565.297
2026-05-29 21:00:00,642.21,643.87,641.48,641.73,2410.816
2026-05-29 22:00:00,641.73,643.5,641.66,642.8,1906.324
2026-05-29 23:00:00,642.79,643.38,641.36,643.1,2346.797
2026-05-30 00:00:00,643.11,647.36,642.66,646.89,9524.458
2026-05-30 01:00:00,646.89,653.73,646.17,653.24,11845.799
2026-05-30 02:00:00,653.25,658.67,651.99,658.01,25983.38
2026-05-30 03:00:00,658.02,661.01,657.03,658.19,12759.123
2026-05-30 04:00:00,658.2,660.62,656.52,658.91,8749.24
2026-05-30 05:00:00,658.91,666.84,658.4,666.43,14419.016
2026-05-30 06:00:00,666.43,668.94,665.09,667.54,16333.502
2026-05-30 07:00:00,667.54,674.25,667.02,672.92,17876.4
2026-05-30 08:00:00,672.93,675.47,669.5,673.3,12916.165
2026-05-30 09:00:00,673.31,677.34,670.68,674.77,10038.917
2026-05-30 10:00:00,674.78,676.01,674.2,675.19,6105.436
2026-05-30 11:00:00,675.18,675.18,669.97,673.82,11687.941
2026-05-30 12:00:00,673.82,674.07,671.72,673.13,4524.107
2026-05-30 13:00:00,673.13,674.93,671.11,674.86,5845.697
2026-05-30 14:00:00,674.87,687.58,674.3,686.67,36539.362
2026-05-30 15:00:00,686.67,695.0,685.32,694.53,35930.681
2026-05-30 16:00:00,694.53,710.38,694.4,708.57,53548.832
2026-05-30 17:00:00,708.56,717.22,700.43,713.09,48845.445
2026-05-30 18:00:00,713.09,717.0,708.89,716.55,20330.412
2026-05-30 19:00:00,716.56,724.56,712.61,721.12,71297.115
2026-05-30 20:00:00,721.13,723.67,717.83,719.65,53131.002
2026-05-30 21:00:00,719.65,729.0,717.74,719.35,46271.81
2026-05-30 22:00:00,719.35,720.06,707.31,715.97,22045.425
2026-05-30 23:00:00,715.97,720.4,715.81,718.74,9831.701
2026-05-31 00:00:00,718.74,727.37,718.74,723.32,19558.115
2026-05-31 01:00:00,723.32,729.69,722.47,728.14,18793.642
2026-05-31 02:00:00,728.14,743.57,727.27,739.89,47396.307
2026-05-31 03:00:00,739.88,745.74,734.7,740.03,27951.386
2026-05-31 04:00:00,740.02,742.28,731.29,734.32,18319.454
2026-05-31 05:00:00,734.32,741.33,732.23,737.47,13442.505
2026-05-31 06:00:00,737.47,737.57,731.85,735.94,17094.861
2026-05-31 07:00:00,735.94,735.94,716.67,719.71,35886.456
2026-05-31 08:00:00,719.71,725.23,718.78,723.41,16033.979
2026-05-31 09:00:00,723.42,725.44,717.56,720.04,12556.904
2026-05-31 10:00:00,720.04,724.39,719.39,721.06,9682.311
2026-05-31 11:00:00,721.05,724.61,720.0,722.89,5745.385
2026-05-31 12:00:00,722.89,726.16,721.77,724.88,9188.735
2026-05-31 13:00:00,724.89,733.8,724.03,727.46,15363.148
2026-05-31 14:00:00,727.46,730.0,718.36,719.79,20013.354
2026-05-31 15:00:00,719.79,725.0,719.38,720.84,8609.066
2026-05-31 16:00:00,720.84,722.0,703.0,709.19,30004.128
2026-05-31 17:00:00,709.19,717.61,708.96,713.92,11116.678
2026-05-31 18:00:00,713.92,713.92,708.43,709.62,10507.819
2026-05-31 19:00:00,709.63,710.77,707.18,708.55,5790.24
2026-05-31 20:00:00,708.55,711.32,708.55,710.22,5803.308
2026-05-31 21:00:00,710.22,711.89,707.0,711.01,6273.48
2026-05-31 22:00:00,711.02,714.83,707.66,711.46,7695.841
2026-05-31 23:00:00,711.46,713.12,706.26,710.55,7338.63
2026-06-01 00:00:00,710.54,717.32,708.93,710.63,29105.51
2026-06-01 01:00:00,710.63,710.89,693.05,695.09,47977.626
2026-06-01 02:00:00,695.1,708.87,693.97,707.54,20850.722
2026-06-01 03:00:00,707.55,710.15,702.96,703.65,13764.893
2026-06-01 04:00:00,703.65,705.57,696.0,698.01,16725.351
2026-06-01 05:00:00,698.01,698.44,694.3,695.78,9020.714
2026-06-01 06:00:00,695.78,696.26,691.09,693.39,21323.943
2026-06-01 07:00:00,693.4,694.25,684.72,686.08,24125.391
2026-06-01 08:00:00,686.08,689.78,685.25,689.61,10912.673
2026-06-01 09:00:00,689.61,729.57,688.58,711.01,87825.457
2026-06-01 10:00:00,711.01,714.53,695.05,702.27,49420.42
2026-06-01 11:00:00,702.28,708.29,695.09,697.14,20847.708
2026-06-01 12:00:00,697.14,698.38,686.16,692.7,23548.991
2026-06-01 13:00:00,692.71,693.19,679.3,686.7,31962.241
2026-06-01 14:00:00,686.71,686.74,674.51,678.58,23904.407
2026-06-01 15:00:00,678.59,685.5,677.23,677.58,15760.334
2026-06-01 16:00:00,677.59,685.93,674.07,684.66,14820.431
2026-06-01 17:00:00,684.66,689.39,683.6,687.69,14717.025
2026-06-01 18:00:00,687.69,695.68,686.48,691.28,14434.614
2026-06-01 19:00:00,691.29,696.33,690.68,696.15,6111.513
2026-06-01 20:00:00,696.14,701.73,694.82,695.81,12304.099
2026-06-01 21:00:00,695.82,695.92,689.1,690.09,12453.69
2026-06-01 22:00:00,690.09,694.5,688.42,693.52,8349.245
2026-06-01 23:00:00,693.53,695.94,692.15,693.1,3075.528
2026-06-02 00:00:00,693.1,693.97,690.01,690.47,5964.701
2026-06-02 01:00:00,690.48,692.43,684.5,684.81,7434.745
2026-06-02 02:00:00,684.82,693.3,681.18,691.12,17230.742
2026-06-02 03:00:00,691.13,695.51,690.11,693.68,7352.91
2026-06-02 04:00:00,693.68,694.24,686.0,686.61,9613.466
2026-06-02 05:00:00,686.61,689.08,683.16,683.74,6482.114
2026-06-02 06:00:00,683.74,685.39,680.47,683.3,8813.342
2026-06-02 07:00:00,683.31,686.39,680.54,681.84,8335.776
2026-06-02 08:00:00,681.84,685.57,680.75,681.81,6129.649
2026-06-02 09:00:00,681.82,682.34,676.09,677.77,15926.033
2026-06-02 10:00:00,677.77,681.15,675.58,680.11,8478.129
2026-06-02 11:00:00,680.12,680.18,676.73,678.13,6630.375
2026-06-02 12:00:00,678.13,680.21,675.05,676.12,10507.614
2026-06-02 13:00:00,676.12,676.97,671.72,674.72,16530.859
2026-06-02 14:00:00,674.73,677.5,666.67,673.35,27174.848
2026-06-02 15:00:00,673.36,673.51,658.0,663.13,38112.735
2026-06-02 16:00:00,663.14,671.5,660.5,663.95,14395.13
2026-06-02 17:00:00,663.95,667.43,663.38,666.38,10879.126
2026-06-02 18:00:00,666.38,667.59,659.15,659.76,13136.112
2026-06-02 19:00:00,659.76,662.23,652.36,660.31,12545.936
2026-06-02 20:00:00,660.31,662.88,656.19,661.6,6024.03
2026-06-02 21:00:00,661.61,663.45,658.88,659.81,9403.993
2026-06-02 22:00:00,659.8,659.8,642.47,648.39,24461.097
2026-06-02 23:00:00,648.39,651.86,645.26,650.69,18573.878
2026-06-03 00:00:00,650.7,657.51,650.22,654.63,11520.21
2026-06-03 01:00:00,654.63,655.0,646.61,649.97,20527.582
2026-06-03 02:00:00,649.98,650.49,644.04,644.77,14952.097
2026-06-03 03:00:00,644.78,646.71,630.35,633.99,29370.222
2026-06-03 04:00:00,633.97,640.11,632.81,636.66,18020.121
2026-06-03 05:00:00,636.67,646.3,636.02,645.99,20929.44
2026-06-03 06:00:00,646.0,646.78,640.34,640.63,7045.676
2026-06-03 07:00:00,640.64,645.34,640.11,644.1,6121.829
2026-06-03 08:00:00,644.1,645.9,640.91,644.7,5398.884
2026-06-03 09:00:00,644.7,646.06,638.81,641.84,7009.915
2026-06-03 10:00:00,641.84,646.01,640.9,641.7,5371.914
2026-06-03 11:00:00,641.7,645.0,637.04,637.38,9225.307
2026-06-03 12:00:00,637.38,637.53,633.12,635.43,13516.348
2026-06-03 13:00:00,635.43,637.24,630.05,633.11,12653.366
2026-06-03 14:00:00,633.11,637.64,630.18,637.02,8149.294
2026-06-03 15:00:00,637.04,639.31,632.85,632.99,7974.219
2026-06-03 16:00:00,633.0,633.6,620.0,628.25,26014.288
2026-06-03 17:00:00,628.26,629.33,623.8,627.16,8781.307
2026-06-03 18:00:00,627.16,629.0,625.23,628.13,3931.318
2026-06-03 19:00:00,628.13,628.98,621.74,622.77,7868.897
2026-06-03 20:00:00,622.77,625.78,616.21,619.8,16410.68
2026-06-03 21:00:00,619.8,629.63,618.88,629.43,14405.889
2026-06-03 22:00:00,629.44,630.0,625.83,627.43,16222.802
2026-06-03 23:00:00,627.43,627.94,620.32,620.63,9491.838
2026-06-04 00:00:00,620.63,624.57,612.93,616.23,18380.52
2026-06-04 01:00:00,616.23,617.72,599.14,602.49,47294.911
2026-06-04 02:00:00,602.5,609.99,590.46,608.05,48303.274
2026-06-04 03:00:00,608.05,621.4,608.04,618.99,18063.028
2026-06-04 04:00:00,618.99,621.36,613.87,614.63,10211.687
2026-06-04 05:00:00,614.63,614.63,600.61,604.23,73980.682
2026-06-04 06:00:00,604.24,610.98,603.49,605.4,11243.987
2026-06-04 07:00:00,605.4,605.84,599.22,600.2,19246.776
2026-06-04 08:00:00,600.2,603.7,596.45,602.28,10079.18
2026-06-04 09:00:00,602.29,602.48,591.16,597.99,17195.49
2026-06-04 10:00:00,597.99,598.09,588.1,590.47,18887.637
2026-06-04 11:00:00,590.48,595.52,588.95,595.3,12611.737
2026-06-04 12:00:00,595.31,604.98,593.94,603.55,14518.418
2026-06-04 13:00:00,603.56,606.04,597.01,604.81,12780.278
2026-06-04 14:00:00,604.82,606.56,602.17,604.75,12557.308
2026-06-04 15:00:00,604.74,609.5,603.85,606.4,10729.259
2026-06-04 16:00:00,606.4,607.46,603.03,603.74,10994.111
2026-06-04 17:00:00,603.73,605.37,599.31,604.54,6651.581
2026-06-04 18:00:00,604.54,610.35,602.87,609.17,5099.781
2026-06-04 19:00:00,609.17,610.19,605.15,606.35,2597.667
2026-06-04 20:00:00,606.35,606.56,603.1,605.42,2684.951
2026-06-04 21:00:00,605.42,607.59,597.99,599.29,7755.48
2026-06-04 22:00:00,599.29,603.71,598.15,603.0,5477.928
2026-06-04 23:00:00,602.97,605.32,599.16,604.53,4086.094
2026-06-05 00:00:00,604.5,608.0,601.72,602.09,7177.332
2026-06-05 01:00:00,602.09,602.99,595.75,602.47,8235.02
2026-06-05 02:00:00,602.47,603.12,594.56,595.92,9098.769
2026-06-05 03:00:00,595.95,598.0,591.4,595.76,17604.833
2026-06-05 04:00:00,595.76,602.74,593.47,602.01,16393.805
2026-06-05 05:00:00,602.02,602.85,583.27,584.55,26109.986
2026-06-05 06:00:00,584.55,585.42,570.61,580.62,52962.803
2026-06-05 07:00:00,580.62,593.56,574.36,593.26,27976.015
2026-06-05 08:00:00,593.26,593.26,585.6,587.02,10783.034
2026-06-05 09:00:00,587.02,597.0,586.68,596.14,11893.822
2026-06-05 10:00:00,596.14,596.72,590.88,592.89,7426.394
2026-06-05 11:00:00,592.89,595.51,589.37,590.11,9080.901
2026-06-05 12:00:00,590.12,593.75,586.74,591.15,16505.212
2026-06-05 13:00:00,591.16,596.27,580.58,581.02,17282.295
2026-06-05 14:00:00,581.02,589.96,580.0,582.93,24271.971
2026-06-05 15:00:00,582.94,583.93,574.66,578.75,29111.598
2026-06-05 16:00:00,578.75,583.0,567.79,577.76,100817.633
2026-06-05 17:00:00,577.76,579.96,572.73,576.06,13599.092
2026-06-05 18:00:00,576.09,576.9,560.83,561.32,35231.746
2026-06-05 19:00:00,561.32,570.0,556.46,567.33,27872.222
2026-06-05 20:00:00,567.28,578.37,563.19,577.54,12872.822
2026-06-05 21:00:00,577.53,579.4,575.65,576.5,13318.714
2026-06-05 22:00:00,576.5,578.1,572.23,577.01,18470.745
2026-06-05 23:00:00,577.01,578.0,566.89,572.22,20741.271
2026-06-06 00:00:00,572.17,577.8,571.99,576.52,12610.792
2026-06-06 01:00:00,576.52,579.7,574.57,576.4,19109.922
2026-06-06 02:00:00,576.39,579.0,573.65,576.4,19832.74
2026-06-06 03:00:00,576.41,576.82,570.6,573.13,8924.167
2026-06-06 04:00:00,573.13,575.67,559.68,565.47,20625.621
2026-06-06 05:00:00,565.47,576.89,560.41,576.28,14502.955
2026-06-06 06:00:00,576.27,579.09,574.8,576.39,22140.385
2026-06-06 07:00:00,576.39,581.58,575.9,579.06,15575.801
2026-06-06 08:00:00,579.06,584.43,578.0,580.78,6495.908
2026-06-06 09:00:00,580.79,582.62,575.0,576.55,7235.734
2026-06-06 10:00:00,576.55,576.57,571.05,573.81,17131.733
2026-06-06 11:00:00,573.8,576.69,573.37,574.06,7736.105
2026-06-06 12:00:00,574.07,577.4,571.89,575.91,5963.982
2026-06-06 13:00:00,575.91,577.2,573.19,574.49,6537.79
2026-06-06 14:00:00,574.5,577.2,574.03,574.95,5664.941
2026-06-06 15:00:00,574.95,576.87,571.04,575.86,5683.404
2026-06-06 16:00:00,575.86,577.66,571.25,574.11,7438.343
2026-06-06 17:00:00,574.12,575.32,572.66,573.92,4356.598
2026-06-06 18:00:00,573.92,576.08,573.06,574.38,2410.229
2026-06-06 19:00:00,574.37,576.01,573.48,573.73,3221.19
2026-06-06 20:00:00,573.74,575.61,572.65,574.8,3257.067
2026-06-06 21:00:00,574.81,576.86,574.56,575.02,1971.547
2026-06-06 22:00:00,575.01,575.01,570.93,572.46,4040.901
2026-06-06 23:00:00,572.46,575.5,572.16,574.53,3722.668
2026-06-07 00:00:00,574.54,576.1,573.9,574.13,4566.595
2026-06-07 01:00:00,574.14,581.64,573.6,579.74,19320.52
2026-06-07 02:00:00,579.73,581.28,577.0,579.08,8265.839
2026-06-07 03:00:00,579.08,581.34,578.0,581.1,3817.049
2026-06-07 04:00:00,581.09,582.95,578.0,582.79,6438.264
2026-06-07 05:00:00,582.79,587.0,581.65,585.24,15959.061
2026-06-07 06:00:00,585.24,589.0,583.85,588.4,11341.396
2026-06-07 07:00:00,588.4,590.0,587.33,589.67,6330.935
2026-06-07 08:00:00,589.67,599.0,587.45,597.94,15790.879
2026-06-07 09:00:00,597.94,598.24,592.0,592.94,8499.454
2026-06-07 10:00:00,592.95,594.0,590.04,592.82,6731.516
2026-06-07 11:00:00,592.82,595.48,592.48,593.38,4790.134
2026-06-07 12:00:00,593.37,593.99,585.73,588.51,13356.85
2026-06-07 13:00:00,588.51,589.88,587.0,588.89,4585.182
2026-06-07 14:00:00,588.89,593.91,588.67,591.4,5370.88
2026-06-07 15:00:00,591.4,593.16,589.08,591.52,5310.96
2026-06-07 16:00:00,591.53,595.28,590.04,594.05,5442.74
2026-06-07 17:00:00,594.06,597.39,593.56,596.14,3506.591
2026-06-07 18:00:00,596.16,597.65,594.88,595.1,1619.632
2026-06-07 19:00:00,595.11,595.4,586.7,588.62,7149.261
2026-06-07 20:00:00,588.64,594.55,587.8,593.92,3859.871
2026-06-07 21:00:00,593.92,595.1,592.44,594.08,2114.588
2026-06-07 22:00:00,594.09,610.54,592.93,603.45,21554.285
2026-06-07 23:00:00,603.36,605.99,602.88,604.44,7121.88
2026-06-08 00:00:00,604.44,608.39,603.0,605.65,7292.648
2026-06-08 01:00:00,605.65,605.92,599.0,604.04,5783.484
2026-06-08 02:00:00,604.05,604.47,601.45,601.93,3223.282
2026-06-08 03:00:00,601.92,604.41,601.01,603.35,2348.288
2026-06-08 04:00:00,603.36,603.7,596.0,596.4,6493.418
2026-06-08 05:00:00,596.41,597.36,591.55,595.12,6226.674
2026-06-08 06:00:00,595.12,597.54,594.86,595.88,5250.665
2026-06-08 07:00:00,595.89,597.57,593.58,596.39,6961.08
2026-06-08 08:00:00,596.4,596.44,593.43,595.33,5122.891
2026-06-08 09:00:00,595.33,601.0,595.27,599.72,7089.155
2026-06-08 10:00:00,599.72,600.02,596.86,598.02,4059.521
2026-06-08 11:00:00,598.02,604.39,597.09,602.29,5979.227
2026-06-08 12:00:00,602.29,603.59,597.86,603.36,7471.719
2026-06-08 13:00:00,603.38,603.6,598.2,600.34,9166.896
2026-06-08 14:00:00,600.35,603.48,599.49,603.29,5770.866
2026-06-08 15:00:00,603.29,606.28,603.21,604.2,7552.279
2026-06-08 16:00:00,604.21,607.75,603.33,603.84,4133.447
2026-06-08 17:00:00,603.85,607.99,602.38,607.95,3831.349
2026-06-08 18:00:00,607.95,609.98,606.61,607.77,5409.863
2026-06-08 19:00:00,607.76,608.6,606.35,607.66,2308.146
2026-06-08 20:00:00,607.67,608.19,605.48,606.83,1786.031
2026-06-08 21:00:00,606.83,610.44,606.63,607.6,2894.178
2026-06-08 22:00:00,607.59,607.59,604.24,606.27,2297.501
2026-06-08 23:00:00,606.3,607.54,601.09,601.86,3022.898
2026-06-09 00:00:00,601.86,602.92,593.1,595.72,10253.258
2026-06-09 01:00:00,595.72,599.02,594.84,597.69,4160.447
2026-06-09 02:00:00,597.69,598.34,594.59,598.32,3453.276
2026-06-09 03:00:00,598.32,599.96,597.35,599.14,4210.245
2026-06-09 04:00:00,599.14,603.25,596.5,602.4,4959.328
2026-06-09 05:00:00,602.41,605.68,600.64,603.54,4351.209
2026-06-09 06:00:00,603.55,605.2,602.81,604.04,3625.314
2026-06-09 07:00:00,604.04,605.0,601.15,604.23,6961.752
2026-06-09 08:00:00,604.24,604.58,601.24,601.95,4081.935
2026-06-09 09:00:00,601.94,603.74,599.46,600.19,4416.256
2026-06-09 10:00:00,600.19,601.09,597.05,600.09,4955.379
2026-06-09 11:00:00,600.08,600.23,596.22,596.94,5236.143
2026-06-09 12:00:00,596.93,599.68,596.1,597.46,6945.041
2026-06-09 13:00:00,597.46,598.51,593.43,594.58,8779.7
2026-06-09 14:00:00,594.58,595.5,584.63,588.79,14919.23
2026-06-09 15:00:00,588.8,591.58,586.04,586.91,7890.546
2026-06-09 16:00:00,586.91,589.53,583.84,588.6,10721.041
2026-06-09 17:00:00,588.61,593.26,588.44,591.65,6167.06
2026-06-09 18:00:00,591.65,595.15,591.25,594.34,3292.087
2026-06-09 19:00:00,594.34,596.97,593.36,596.76,3690.354
2026-06-09 20:00:00,596.76,598.62,596.06,597.04,2454.203
2026-06-09 21:00:00,597.04,597.39,594.04,594.56,2731.966
2026-06-09 22:00:00,594.56,596.02,592.44,592.89,2512.87
2026-06-09 23:00:00,592.88,593.96,590.9,593.44,3868.085
2026-06-10 00:00:00,593.44,594.83,590.03,593.43,4191.966
2026-06-10 01:00:00,593.43,594.23,590.62,591.76,2952.233
2026-06-10 02:00:00,591.77,592.77,586.48,586.86,4615.666
2026-06-10 03:00:00,586.85,589.33,586.52,587.87,2497.383
2026-06-10 04:00:00,587.88,588.24,584.15,585.39,4612.596
2026-06-10 05:00:00,585.39,586.83,583.58,585.52,5544.872
2026-06-10 06:00:00,585.53,586.79,583.99,586.1,6187.952
2026-06-10 07:00:00,586.1,589.46,585.86,588.63,3930.983
2026-06-10 08:00:00,588.63,588.64,583.96,584.68,4414.356
2026-06-10 09:00:00,584.69,585.56,581.26,584.89,5412.589
2026-06-10 10:00:00,584.89,585.82,583.0,584.49,2798.142
2026-06-10 11:00:00,584.5,584.93,580.68,583.0,6007.418
2026-06-10 12:00:00,583.01,591.32,582.4,589.0,7449.608
2026-06-10 13:00:00,589.01,596.63,587.68,592.87,8888.926
2026-06-10 14:00:00,592.88,594.36,590.42,592.99,5021.477
2026-06-10 15:00:00,593.0,598.52,591.3,596.9,9136.195
2026-06-10 16:00:00,596.9,597.16,590.75,592.45,5389.124
2026-06-10 17:00:00,592.48,594.02,587.58,590.1,6085.064
2026-06-10 18:00:00,590.1,590.8,587.05,589.84,2543.365
2026-06-10 19:00:00,589.84,590.52,587.15,588.06,2598.04
2026-06-10 20:00:00,588.05,589.22,586.24,587.25,3583.476
2026-06-10 21:00:00,587.23,587.23,582.1,583.35,4635.12
2026-06-10 22:00:00,583.35,585.96,582.31,584.0,3409.445
2026-06-10 23:00:00,584.01,587.18,582.86,586.53,2940.006
2026-06-11 00:00:00,586.51,590.0,586.51,589.02,2519.615
2026-06-11 01:00:00,589.04,594.2,589.04,593.01,3956.463
2026-06-11 02:00:00,593.02,593.25,589.51,592.35,3700.234
2026-06-11 03:00:00,592.36,597.75,591.43,596.43,6778.777
2026-06-11 04:00:00,596.43,596.57,594.04,595.14,4571.761
2026-06-11 05:00:00,595.14,595.7,593.72,594.35,4579.745
2026-06-11 06:00:00,594.35,597.63,594.0,596.08,3478.289
2026-06-11 07:00:00,596.09,598.26,595.11,598.21,3219.63
2026-06-11 08:00:00,598.21,603.77,598.15,601.2,11637.765
2026-06-11 09:00:00,601.2,601.51,598.8,600.57,4094.615
2026-06-11 10:00:00,600.58,600.83,598.5,599.86,5730.153
2026-06-11 11:00:00,599.86,602.74,598.5,600.63,4743.227
2026-06-11 12:00:00,600.64,601.08,597.28,599.88,6923.989
2026-06-11 13:00:00,599.88,602.99,598.22,601.64,4408.499
2026-06-11 14:00:00,601.65,602.2,598.04,598.85,3888.624
2026-06-11 15:00:00,598.84,600.0,597.2,598.48,4278.553
2026-06-11 16:00:00,598.48,600.52,598.0,598.39,3947.074
2026-06-11 17:00:00,598.39,606.0,596.03,605.82,12343.012
2026-06-11 18:00:00,605.77,607.33,603.33,604.67,3852.249
2026-06-11 19:00:00,604.67,606.57,602.66,604.46,5158.555
2026-06-11 20:00:00,604.44,604.68,600.8,602.5,2696.736
2026-06-11 21:00:00,602.5,604.91,602.5,603.28,3757.339
2026-06-11 22:00:00,603.29,604.9,603.18,603.5,1598.726
2026-06-11 23:00:00,603.51,606.32,602.3,605.76,3942.299
2026-06-12 00:00:00,605.77,606.0,603.77,604.19,2970.362
2026-06-12 01:00:00,604.2,604.2,601.22,601.8,2328.301
2026-06-12 02:00:00,601.8,606.15,601.8,604.8,5357.388
2026-06-12 03:00:00,604.79,604.84,602.07,602.24,3446.3
2026-06-12 04:00:00,602.24,604.9,601.79,603.53,4026.965
2026-06-12 05:00:00,603.54,603.67,600.47,600.61,2801.628
2026-06-12 06:00:00,600.6,601.95,596.58,598.15,5056.863
2026-06-12 07:00:00,598.16,601.41,598.11,599.82,4888.443
2026-06-12 08:00:00,599.83,606.0,599.78,605.23,5240.886
2026-06-12 09:00:00,605.23,607.94,604.5,606.96,4680.722
2026-06-12 10:00:00,606.96,607.83,604.56,605.98,3301.277
2026-06-12 11:00:00,605.99,608.68,605.89,606.65,5340.86
2026-06-12 12:00:00,606.64,606.64,604.87,606.36,5257.553
2026-06-12 13:00:00,606.37,607.33,603.48,605.29,5616.089
2026-06-12 14:00:00,605.3,610.19,604.93,609.54,8846.308
2026-06-12 15:00:00,609.54,613.39,605.03,605.34,15771.959
2026-06-12 16:00:00,605.34,609.04,604.7,608.51,4625.638
2026-06-12 17:00:00,608.52,609.47,605.83,606.87,2874.278
2026-06-12 18:00:00,606.87,607.95,605.59,605.86,2659.111
2026-06-12 19:00:00,605.85,606.55,602.74,603.45,2711.527
2026-06-12 20:00:00,603.46,604.61,602.74,602.85,1907.453
2026-06-12 21:00:00,602.84,604.52,602.33,603.56,2092.796
2026-06-12 22:00:00,603.57,604.08,602.38,602.97,1764.038
2026-06-12 23:00:00,602.97,604.02,602.11,603.83,1769.582
2026-06-13 00:00:00,603.84,605.27,603.42,604.88,2261.272
2026-06-13 01:00:00,604.89,606.27,603.83,606.08,1651.112
2026-06-13 02:00:00,606.09,606.15,603.33,603.72,3198.626
2026-06-13 03:00:00,603.72,604.62,599.33,600.37,11330.855
2026-06-13 04:00:00,600.37,601.27,599.5,599.55,3869.357
2026-06-13 05:00:00,599.56,600.6,599.48,600.56,3064.593
2026-06-13 06:00:00,600.56,602.93,600.41,602.7,4201.673
2026-06-13 07:00:00,602.71,604.0,601.85,603.27,2179.231
2026-06-13 08:00:00,603.28,604.5,602.72,603.88,3498.012
2026-06-13 09:00:00,603.88,604.3,603.07,603.77,3757.141
2026-06-13 10:00:00,603.78,605.62,603.58,604.97,1863.182
2026-06-13 11:00:00,604.97,607.49,604.83,606.67,2621.935
2026-06-13 12:00:00,606.67,609.0,606.16,608.9,5598.02
2026-06-13 13:00:00,608.91,610.16,608.01,608.61,5023.707
2026-06-13 14:00:00,608.61,610.57,607.87,610.45,3730.709
2026-06-13 15:00:00,610.46,611.08,609.35,610.37,2597.504
2026-06-13 16:00:00,610.38,610.49,607.49,608.9,2921.867
2026-06-13 17:00:00,608.91,609.24,606.69,607.09,1984.364
2026-06-13 18:00:00,607.09,608.69,607.09,607.81,709.304
2026-06-13 19:00:00,607.81,608.79,607.35,608.48,877.877
2026-06-13 20:00:00,608.49,609.47,607.68,608.99,1018.195
2026-06-13 21:00:00,608.99,612.33,608.6,609.77,2521.059
2026-06-13 22:00:00,609.78,609.87,608.42,609.09,1437.295
2026-06-13 23:00:00,609.08,610.76,608.8,609.65,1574.263
2026-06-14 00:00:00,609.66,610.13,608.88,609.47,1331.438
2026-06-14 01:00:00,609.47,611.01,609.0,609.26,2482.222
2026-06-14 02:00:00,609.26,610.62,609.08,609.33,1774.651
2026-06-14 03:00:00,609.33,610.21,608.51,610.04,2868.001
2026-06-14 04:00:00,610.04,610.21,608.0,608.81,3743.107
2026-06-14 05:00:00,608.82,610.16,608.7,610.15,2975.207
2026-06-14 06:00:00,610.14,612.1,610.14,611.32,2218.754
2026-06-14 07:00:00,611.31,611.61,609.8,610.31,3248.748
2026-06-14 08:00:00,610.32,611.63,610.13,610.54,2147.507
2026-06-14 09:00:00,610.54,612.98,609.73,611.86,4484.276
2026-06-14 10:00:00,611.87,613.03,610.9,611.09,4477.128
2026-06-14 11:00:00,611.09,612.9,611.09,612.26,3309.89
2026-06-14 12:00:00,612.26,612.5,610.01,611.26,7754.359
2026-06-14 13:00:00,611.26,612.16,611.1,611.31,6213.0
2026-06-14 14:00:00,611.31,611.83,605.34,605.85,11146.852
2026-06-14 15:00:00,605.85,608.38,605.73,608.15,6191.044
2026-06-14 16:00:00,608.16,608.76,606.0,606.2,4319.321
2026-06-14 17:00:00,606.2,607.63,604.0,604.19,4045.542
2026-06-14 18:00:00,604.2,605.49,603.57,604.4,4702.116
2026-06-14 19:00:00,604.39,604.95,602.88,603.28,4326.182
2026-06-14 20:00:00,603.27,605.86,602.79,604.92,2435.715
2026-06-14 21:00:00,604.92,617.24,604.73,614.58,14779.085
2026-06-14 22:00:00,614.59,616.57,611.68,614.11,16503.997
2026-06-14 23:00:00,614.11,616.92,612.76,616.79,4549.469
2026-06-15 00:00:00,616.79,618.08,614.7,615.51,5805.464
2026-06-15 01:00:00,615.51,616.13,613.08,613.56,4810.278
2026-06-15 02:00:00,613.56,616.81,612.66,615.62,2672.036
2026-06-15 03:00:00,615.62,618.3,615.3,617.83,3272.408
2026-06-15 04:00:00,617.84,617.99,615.97,616.67,3023.893
2026-06-15 05:00:00,616.68,618.29,616.0,617.64,5594.48
2026-06-15 06:00:00,617.64,619.0,616.5,617.44,5311.199
2026-06-15 07:00:00,617.44,617.66,615.49,615.58,4369.195
2026-06-15 08:00:00,615.59,617.15,615.32,616.13,2444.22
2026-06-15 09:00:00,616.14,616.22,612.74,614.23,5109.253
2026-06-15 10:00:00,614.24,618.42,614.14,617.53,4761.34
2026-06-15 11:00:00,617.53,622.88,616.53,620.65,13777.468
2026-06-15 12:00:00,620.65,624.5,619.34,624.5,9418.086
2026-06-15 13:00:00,624.5,632.9,623.52,626.33,31812.211
2026-06-15 14:00:00,626.33,629.35,625.37,627.9,9348.556
2026-06-15 15:00:00,627.91,630.28,624.26,629.07,18979.725
2026-06-15 16:00:00,629.07,629.68,627.2,627.71,8772.508
2026-06-15 17:00:00,627.71,627.71,623.96,625.18,5777.82
2026-06-15 18:00:00,625.19,625.19,621.92,622.02,4376.446
2026-06-15 19:00:00,622.01,624.18,618.69,620.91,6926.054
2026-06-15 20:00:00,620.91,621.77,619.33,619.68,3327.616
2026-06-15 21:00:00,619.67,621.0,618.05,619.32,2669.503
2026-06-15 22:00:00,619.32,620.25,615.66,615.67,4813.536
2026-06-15 23:00:00,615.67,618.0,615.3,617.87,3364.347
2026-06-16 00:00:00,617.87,619.13,615.48,615.94,5167.777
2026-06-16 01:00:00,615.94,618.0,615.54,615.8,3582.804
2026-06-16 02:00:00,615.79,615.92,611.1,612.44,8520.74
2026-06-16 03:00:00,612.44,615.36,611.8,615.06,4869.397
2026-06-16 04:00:00,615.07,615.88,611.8,612.9,7012.989
2026-06-16 05:00:00,612.91,615.08,612.9,613.65,4430.334
2026-06-16 06:00:00,613.66,616.5,613.66,615.38,5816.952
2026-06-16 07:00:00,615.38,619.21,615.31,615.77,17125.616
2026-06-16 08:00:00,615.77,619.5,615.48,619.06,8839.632
2026-06-16 09:00:00,619.06,619.32,614.7,615.15,7144.441
2026-06-16 10:00:00,615.16,616.32,613.6,613.87,6862.066
2026-06-16 11:00:00,613.87,614.83,613.3,614.28,6789.64
2026-06-16 12:00:00,614.29,617.94,613.36,614.54,9250.022
2026-06-16 13:00:00,614.54,614.59,601.33,606.35,42955.524
2026-06-16 14:00:00,606.36,608.15,602.3,605.72,16884.501
2026-06-16 15:00:00,605.72,607.93,604.98,606.47,4985.293
2026-06-16 16:00:00,606.48,608.0,604.05,604.26,6569.836
2026-06-16 17:00:00,604.27,608.74,604.01,607.94,4493.534
2026-06-16 18:00:00,607.94,610.76,607.17,607.98,3245.051
2026-06-16 19:00:00,607.97,608.12,605.97,607.05,4171.372
2026-06-16 20:00:00,607.06,608.93,606.42,608.32,2520.581
2026-06-16 21:00:00,608.32,608.55,606.04,607.28,2741.623
2026-06-16 22:00:00,607.29,608.0,605.28,606.15,3687.97
2026-06-16 23:00:00,606.16,607.18,604.56,604.94,4521.722
2026-06-17 00:00:00,604.94,606.54,604.73,605.09,4049.601
2026-06-17 01:00:00,605.09,607.79,603.1,607.49,3899.288
2026-06-17 02:00:00,607.5,608.4,604.19,605.23,4782.996
2026-06-17 03:00:00,605.23,605.71,604.0,604.77,3668.928
2026-06-17 04:00:00,604.78,609.4,604.3,607.59,6417.098
2026-06-17 05:00:00,607.59,609.7,606.52,607.89,4542.543
2026-06-17 06:00:00,607.89,608.31,605.55,607.15,4696.29
2026-06-17 07:00:00,607.15,607.95,605.02,606.62,6216.177
2026-06-17 08:00:00,606.63,606.69,601.42,602.43,7990.251
2026-06-17 09:00:00,602.42,603.21,600.9,601.38,5415.079
2026-06-17 10:00:00,601.38,603.14,600.99,602.05,3438.142
2026-06-17 11:00:00,602.05,604.86,600.9,604.07,5455.24
2026-06-17 12:00:00,604.07,609.6,603.74,609.47,11013.021
2026-06-17 13:00:00,609.48,612.5,608.5,608.59,15477.512
2026-06-17 14:00:00,608.59,608.59,601.01,601.6,26451.604
2026-06-17 15:00:00,601.61,606.27,601.61,605.55,5073.338
2026-06-17 16:00:00,605.56,609.4,602.35,605.69,9183.961
2026-06-17 17:00:00,605.69,609.19,605.05,608.66,3745.51
2026-06-17 18:00:00,608.67,609.75,600.39,607.76,10384.797
2026-06-17 19:00:00,607.77,609.39,597.03,598.62,13434.642
2026-06-17 20:00:00,598.6,601.02,597.6,600.86,5686.18
2026-06-17 21:00:00,600.86,602.0,599.09,599.45,2215.811
2026-06-17 22:00:00,599.45,601.11,595.11,599.52,4324.503
2026-06-17 23:00:00,599.52,602.29,599.48,601.63,1821.677
2026-06-18 00:00:00,601.63,603.35,601.36,602.32,3485.876
2026-06-18 01:00:00,602.33,604.31,600.66,601.72,2384.519
2026-06-18 02:00:00,601.73,603.47,600.74,601.8,4652.618
2026-06-18 03:00:00,601.81,602.02,596.25,596.6,7121.608
2026-06-18 04:00:00,596.6,597.04,590.75,591.23,10544.339
2026-06-18 05:00:00,591.24,591.35,587.5,589.58,11594.667
2026-06-18 06:00:00,589.58,590.51,587.38,589.37,7059.724
2026-06-18 07:00:00,589.38,590.77,587.97,589.57,7251.356
2026-06-18 08:00:00,589.56,592.8,589.13,591.59,4427.17
2026-06-18 09:00:00,591.58,592.71,590.28,590.66,2307.893
2026-06-18 10:00:00,590.67,591.2,588.84,590.36,3579.292
2026-06-18 11:00:00,590.36,591.12,588.49,589.64,2770.87
2026-06-18 12:00:00,589.64,591.96,589.02,591.51,6095.473
2026-06-18 13:00:00,591.52,592.5,587.67,589.55,5272.913
2026-06-18 14:00:00,589.56,592.4,588.1,589.55,3811.957
2026-06-18 15:00:00,589.54,589.54,573.0,573.74,28972.473
2026-06-18 16:00:00,573.75,579.83,573.48,577.66,12013.715
2026-06-18 17:00:00,577.67,578.29,574.5,576.07,5597.307
2026-06-18 18:00:00,576.08,577.87,575.0,576.19,6065.077
2026-06-18 19:00:00,576.19,579.37,575.62,578.88,3761.011
2026-06-18 20:00:00,578.88,581.12,578.88,579.88,3152.192
2026-06-18 21:00:00,579.89,580.08,578.07,579.57,3137.54
2026-06-18 22:00:00,579.57,580.64,577.45,578.23,4260.999
2026-06-18 23:00:00,578.22,578.89,576.94,578.48,2248.223
2026-06-19 00:00:00,578.48,579.89,577.62,579.38,2661.672
2026-06-19 01:00:00,579.39,582.52,579.39,581.95,2999.775
2026-06-19 02:00:00,581.96,582.84,580.56,582.49,2646.896
2026-06-19 03:00:00,582.5,583.29,575.9,578.19,6380.178
2026-06-19 04:00:00,578.19,578.89,570.82,572.61,8363.381
2026-06-19 05:00:00,572.61,576.11,572.47,575.87,2280.633
2026-06-19 06:00:00,575.87,577.16,573.49,574.5,5113.429
2026-06-19 07:00:00,574.51,575.59,572.82,574.97,5594.452
2026-06-19 08:00:00,574.97,575.28,573.26,574.17,4771.961
2026-06-19 09:00:00,574.17,574.46,571.07,571.44,5475.482
2026-06-19 10:00:00,571.44,573.42,571.0,573.04,4164.732
2026-06-19 11:00:00,573.04,573.86,571.81,573.28,2797.88
2026-06-19 12:00:00,573.29,576.17,572.12,575.55,4986.353
2026-06-19 13:00:00,575.56,578.5,573.22,577.73,7096.902
2026-06-19 14:00:00,577.73,579.24,576.47,577.61,4494.793
2026-06-19 15:00:00,577.6,579.73,576.47,578.77,4777.955
2026-06-19 16:00:00,578.77,580.7,577.2,577.46,3956.177
2026-06-19 17:00:00,577.47,580.26,577.2,579.92,2277.959
2026-06-19 18:00:00,579.93,580.16,578.26,579.25,1000.851
2026-06-19 19:00:00,579.25,582.0,577.87,579.93,2394.813
2026-06-19 20:00:00,579.94,581.86,578.97,581.7,3396.254
2026-06-19 21:00:00,581.7,582.47,579.86,580.14,1761.259
2026-06-19 22:00:00,580.13,581.5,579.83,580.57,1968.427
2026-06-19 23:00:00,580.57,582.4,580.08,581.42,2980.977
2026-06-20 00:00:00,581.41,582.75,580.7,580.91,5547.493
2026-06-20 01:00:00,580.91,581.77,580.42,581.25,4133.62
2026-06-20 02:00:00,581.25,581.48,580.13,580.18,2973.671
2026-06-20 03:00:00,580.19,581.1,580.12,580.6,2670.22
2026-06-20 04:00:00,580.6,581.2,580.24,581.0,5001.391
2026-06-20 05:00:00,581.0,584.2,580.87,582.83,10503.437
2026-06-20 06:00:00,582.83,588.5,582.83,587.25,5281.292
2026-06-20 07:00:00,587.25,589.43,585.27,587.69,3879.368
2026-06-20 08:00:00,587.7,587.87,585.38,585.67,4614.454
2026-06-20 09:00:00,585.68,588.3,585.61,587.81,4007.031
2026-06-20 10:00:00,587.81,587.92,585.68,586.98,2658.455
2026-06-20 11:00:00,586.98,587.76,586.15,586.38,2964.67
2026-06-20 12:00:00,586.37,587.15,585.71,586.42,1931.269
2026-06-20 13:00:00,586.42,586.77,583.13,584.73,4301.904
2026-06-20 14:00:00,584.73,588.27,582.0,586.04,6330.072
2026-06-20 15:00:00,586.04,589.0,585.09,587.2,5669.861
2026-06-20 16:00:00,587.21,587.4,585.47,586.8,2356.798
2026-06-20 17:00:00,586.8,586.8,584.0,585.34,1648.486
2026-06-20 18:00:00,585.34,587.04,585.3,585.37,1152.557
2026-06-20 19:00:00,585.37,586.53,585.3,585.92,1086.004
2026-06-20 20:00:00,585.92,586.55,585.0,586.39,1092.27
2026-06-20 21:00:00,586.4,587.37,585.64,586.46,1027.673
2026-06-20 22:00:00,586.46,588.5,585.99,587.91,2124.503
2026-06-20 23:00:00,587.91,588.5,587.38,588.03,1583.671
2026-06-21 00:00:00,588.03,588.65,587.32,587.49,2336.639
2026-06-21 01:00:00,587.48,590.22,587.0,589.44,2145.182
2026-06-21 02:00:00,589.44,589.7,588.41,589.52,1499.512
2026-06-21 03:00:00,589.53,591.0,589.02,590.36,4386.66
2026-06-21 04:00:00,590.37,590.86,589.1,589.24,3040.479
2026-06-21 05:00:00,589.24,590.63,588.81,589.76,1478.677
2026-06-21 06:00:00,589.76,591.65,589.07,590.27,3073.473
2026-06-21 07:00:00,590.28,591.83,589.58,590.94,1834.521
2026-06-21 08:00:00,590.94,591.01,587.51,588.88,3718.675
2026-06-21 09:00:00,588.89,590.44,588.19,589.97,2337.992
2026-06-21 10:00:00,589.97,591.78,589.76,590.21,2133.017
2026-06-21 11:00:00,590.22,590.79,588.0,588.45,2413.046
2026-06-21 12:00:00,588.44,588.56,585.15,587.08,8919.259
2026-06-21 13:00:00,587.09,589.16,586.77,588.42,2358.935
2026-06-21 14:00:00,588.43,589.83,587.84,589.82,1923.123
2026-06-21 15:00:00,589.82,590.5,589.32,589.88,1969.77
2026-06-21 16:00:00,589.88,590.39,588.58,589.8,1650.267
2026-06-21 17:00:00,589.8,591.44,589.74,590.86,1976.196
2026-06-21 18:00:00,590.85,591.78,589.14,591.68,1700.309
2026-06-21 19:00:00,591.68,592.56,591.33,591.85,1556.075
2026-06-21 20:00:00,591.85,591.89,587.4,588.46,1672.693
2026-06-21 21:00:00,588.48,588.66,585.14,587.68,2494.854
2026-06-21 22:00:00,587.67,588.9,585.58,587.49,3004.929
2026-06-21 23:00:00,587.5,587.5,583.6,584.23,3736.969
2026-06-22 00:00:00,584.23,589.43,584.07,587.88,3019.695
2026-06-22 01:00:00,587.88,596.31,587.11,594.51,10651.335
2026-06-22 02:00:00,594.52,594.72,591.32,591.33,5398.402
2026-06-22 03:00:00,591.32,592.7,589.07,590.05,3536.436
2026-06-22 04:00:00,590.05,590.67,589.31,590.57,3441.164
2026-06-22 05:00:00,590.56,592.99,590.11,592.99,2003.415
2026-06-22 06:00:00,593.0,594.12,590.46,590.82,3656.235
2026-06-22 07:00:00,590.83,595.03,590.59,593.96,5770.683
2026-06-22 08:00:00,593.97,594.9,592.41,593.18,2854.063
2026-06-22 09:00:00,593.18,593.66,592.38,593.12,2822.643
2026-06-22 10:00:00,593.11,593.33,591.23,592.07,2510.369
2026-06-22 11:00:00,592.07,598.0,591.88,597.17,6219.059
2026-06-22 12:00:00,597.17,601.0,597.17,600.63,7927.901
2026-06-22 13:00:00,600.64,602.31,599.21,602.1,6136.855
2026-06-22 14:00:00,602.11,602.3,596.12,597.96,11432.055
2026-06-22 15:00:00,597.95,599.38,595.5,596.25,4992.024
2026-06-22 16:00:00,596.25,596.43,592.58,594.79,4302.818
2026-06-22 17:00:00,594.79,595.73,593.01,595.44,2515.29
2026-06-22 18:00:00,595.44,597.0,593.17,593.35,2442.622
2026-06-22 19:00:00,593.34,593.96,590.23,592.29,4947.445
2026-06-22 20:00:00,592.29,593.15,589.92,591.56,2918.295
2026-06-22 21:00:00,591.56,592.07,589.17,591.17,1354.201
2026-06-22 22:00:00,591.16,591.94,587.88,589.97,2716.246
2026-06-22 23:00:00,589.97,591.19,589.0,590.15,1862.379
2026-06-23 00:00:00,590.14,591.77,588.8,591.4,3291.913
2026-06-23 01:00:00,591.4,592.27,588.03,590.38,2804.639
2026-06-23 02:00:00,590.38,592.83,589.85,592.62,2578.666
2026-06-23 03:00:00,592.63,592.67,589.76,591.96,2973.224
2026-06-23 04:00:00,591.97,592.31,587.1,587.21,2560.556
2026-06-23 05:00:00,587.21,588.03,585.0,585.6,3695.872
2026-06-23 06:00:00,585.61,585.97,577.46,581.14,10166.262
2026-06-23 07:00:00,581.14,582.66,580.74,580.88,3828.884
2026-06-23 08:00:00,580.87,581.43,570.57,574.08,14856.344
2026-06-23 09:00:00,574.08,574.83,571.51,571.92,9033.779
2026-06-23 10:00:00,571.92,573.61,570.86,572.11,7952.015
2026-06-23 11:00:00,572.11,574.68,571.71,574.07,7108.936
2026-06-23 12:00:00,574.07,575.6,573.0,573.76,5043.462
2026-06-23 13:00:00,573.75,575.46,571.21,575.28,6484.265
2026-06-23 14:00:00,575.27,577.02,573.21,573.84,4879.017
2026-06-23 15:00:00,573.84,574.96,572.07,574.67,3133.828
2026-06-23 16:00:00,574.67,577.25,574.12,574.72,2958.17
2026-06-23 17:00:00,574.71,575.92,573.48,574.08,2498.201
2026-06-23 18:00:00,574.07,575.19,572.7,573.82,1908.633
2026-06-23 19:00:00,573.81,576.81,573.78,576.2,4047.805
2026-06-23 20:00:00,576.2,577.11,575.51,576.25,1485.504
2026-06-23 21:00:00,576.25,577.83,576.09,577.0,2129.481
2026-06-23 22:00:00,577.01,578.4,576.48,577.99,1742.953
2026-06-23 23:00:00,577.98,579.24,576.6,578.08,1692.473
2026-06-24 00:00:00,578.09,581.11,577.95,579.82,2631.981
2026-06-24 01:00:00,579.82,581.63,578.77,579.54,2489.814
2026-06-24 02:00:00,579.54,579.75,577.33,577.49,1521.066
2026-06-24 03:00:00,577.48,578.59,575.38,577.85,1952.54
2026-06-24 04:00:00,577.85,578.81,574.24,577.45,2238.545
2026-06-24 05:00:00,577.46,581.4,577.24,579.93,1649.201
2026-06-24 06:00:00,579.92,580.58,578.84,579.0,1356.045
2026-06-24 07:00:00,579.0,579.17,576.3,576.92,3357.405
2026-06-24 08:00:00,576.93,578.13,576.53,577.88,3287.134
2026-06-24 09:00:00,577.89,577.89,576.07,577.01,2045.99
2026-06-24 10:00:00,577.0,577.05,575.22,575.52,3447.24
2026-06-24 11:00:00,575.53,582.21,573.84,579.79,5068.222
2026-06-24 12:00:00,579.79,580.33,576.54,576.75,4607.773
2026-06-24 13:00:00,576.75,576.97,568.29,570.11,15787.258
2026-06-24 14:00:00,570.14,571.76,567.59,570.45,9240.693
2026-06-24 15:00:00,570.46,570.46,561.02,561.41,13788.594
2026-06-24 16:00:00,561.4,563.79,552.0,554.75,24694.074
2026-06-24 17:00:00,554.74,557.15,546.6,549.04,26835.278
2026-06-24 18:00:00,549.05,556.0,548.14,553.59,8267.779
2026-06-24 19:00:00,553.6,555.61,552.25,555.57,3791.253
2026-06-24 20:00:00,555.57,564.61,554.67,563.2,10971.396
2026-06-24 21:00:00,563.22,564.24,559.94,564.21,3833.835
2026-06-24 22:00:00,564.21,566.26,562.92,563.35,4982.786
2026-06-24 23:00:00,563.35,565.0,562.73,564.67,3062.096
2026-06-25 00:00:00,564.66,565.98,563.09,564.05,3609.003
2026-06-25 01:00:00,564.05,566.76,563.48,566.21,2442.141
2026-06-25 02:00:00,566.2,567.11,565.32,565.82,3485.979
2026-06-25 03:00:00,565.81,566.91,564.56,565.79,2178.241
2026-06-25 04:00:00,565.78,568.96,563.79,568.46,2922.785
2026-06-25 05:00:00,568.46,571.18,567.98,570.19,9522.894
2026-06-25 06:00:00,570.19,572.72,570.18,571.3,4083.878
2026-06-25 07:00:00,571.31,572.06,569.88,570.47,3701.724
2026-06-25 08:00:00,570.47,570.61,568.99,569.56,4649.173
2026-06-25 09:00:00,569.56,570.29,568.31,568.68,5185.723
2026-06-25 10:00:00,568.67,568.87,562.44,563.7,5714.046
2026-06-25 11:00:00,563.71,564.25,560.46,562.7,5992.075
2026-06-25 12:00:00,562.71,566.9,561.07,563.06,6658.667
2026-06-25 13:00:00,563.06,568.58,540.6,542.2,29723.13
2026-06-25 14:00:00,542.2,559.47,542.2,553.16,30936.515
2026-06-25 15:00:00,553.16,554.56,548.24,554.04,9318.825
2026-06-25 16:00:00,554.04,557.35,552.46,554.17,4781.419
2026-06-25 17:00:00,554.17,559.63,553.23,559.63,3899.467
2026-06-25 18:00:00,559.63,560.24,554.72,555.52,4765.994
2026-06-25 19:00:00,555.52,555.54,552.55,554.27,2473.806
2026-06-25 20:00:00,554.28,557.2,554.27,555.47,2064.457
2026-06-25 21:00:00,555.46,561.63,555.42,561.41,2718.751
2026-06-25 22:00:00,561.4,561.4,559.51,560.37,2666.306
2026-06-25 23:00:00,560.37,563.0,559.27,560.62,2772.917
2026-06-26 00:00:00,560.63,564.98,559.6,560.8,13649.187
2026-06-26 01:00:00,560.8,561.49,557.03,558.53,3799.224
2026-06-26 02:00:00,558.53,558.63,550.37,552.43,12133.474
2026-06-26 03:00:00,552.44,563.63,551.01,562.99,9672.76
2026-06-26 04:00:00,562.99,563.31,559.52,560.28,5299.198
2026-06-26 05:00:00,560.29,561.83,559.19,561.09,6750.559
2026-06-26 06:00:00,561.1,565.32,559.04,564.14,6738.741
2026-06-26 07:00:00,564.14,570.34,564.1,569.48,11913.636
2026-06-26 08:00:00,569.49,569.96,566.7,568.58,6891.743
2026-06-26 09:00:00,568.58,568.68,563.43,564.21,8875.516
2026-06-26 10:00:00,564.21,566.49,563.03,564.17,9495.74
2026-06-26 11:00:00,564.16,565.64,558.82,558.99,11503.368
2026-06-26 12:00:00,558.99,561.41,554.36,556.27,18016.881
2026-06-26 13:00:00,556.27,564.21,551.92,563.88,11062.196
2026-06-26 14:00:00,563.9,564.9,559.15,559.8,12443.805
2026-06-26 15:00:00,559.81,567.2,559.6,565.28,9102.192
2026-06-26 16:00:00,565.28,568.98,562.77,566.83,9004.921
2026-06-26 17:00:00,566.83,568.32,566.21,567.45,4057.055
2026-06-26 18:00:00,567.45,568.57,564.8,565.3,3331.001
2026-06-26 19:00:00,565.3,568.68,564.85,565.82,3773.224
2026-06-26 20:00:00,565.85,568.59,564.63,565.05,2871.733
2026-06-26 21:00:00,565.06,568.26,564.46,568.0,2166.127
2026-06-26 22:00:00,568.01,568.5,565.72,568.23,2153.759
2026-06-26 23:00:00,568.23,568.68,567.12,567.64,1497.367
2026-06-27 00:00:00,567.65,568.66,565.8,567.72,1909.337
2026-06-27 01:00:00,567.72,567.75,565.62,565.76,1666.719
2026-06-27 02:00:00,565.75,568.44,565.23,567.88,4020.274
2026-06-27 03:00:00,567.87,568.12,566.04,566.96,3071.858
2026-06-27 04:00:00,566.96,567.95,564.34,564.54,3183.326
2026-06-27 05:00:00,564.54,566.34,563.93,565.46,6619.128
2026-06-27 06:00:00,565.45,566.7,564.41,565.43,2889.803
2026-06-27 07:00:00,565.43,565.78,564.93,565.53,3093.826
2026-06-27 08:00:00,565.53,565.72,564.3,565.41,4964.33
2026-06-27 09:00:00,565.4,565.69,564.17,564.63,2268.188
2026-06-27 10:00:00,564.62,564.77,563.63,564.64,3828.931
2026-06-27 11:00:00,564.64,564.69,562.53,563.16,2146.586
2026-06-27 12:00:00,563.16,564.67,562.47,564.3,1869.398
2026-06-27 13:00:00,564.29,565.49,563.68,564.18,3913.198
2026-06-27 14:00:00,564.18,565.29,563.18,564.5,3631.456
2026-06-27 15:00:00,564.5,567.04,564.22,565.46,5628.729
2026-06-27 16:00:00,565.47,566.6,565.0,566.51,2922.639
2026-06-27 17:00:00,566.5,566.76,563.29,563.3,3819.059
2026-06-27 18:00:00,563.3,563.51,561.8,562.24,2163.074
2026-06-27 19:00:00,562.24,562.9,557.95,559.12,3238.301
2026-06-27 20:00:00,559.11,559.99,559.03,559.73,2017.971
2026-06-27 21:00:00,559.75,563.28,556.25,557.41,5795.87
2026-06-27 22:00:00,557.4,559.07,554.53,559.0,5627.361
2026-06-27 23:00:00,558.99,559.12,556.98,557.2,1122.548
2026-06-28 00:00:00,557.19,558.48,556.85,557.87,1728.57
2026-06-28 01:00:00,557.88,558.31,556.46,558.03,1371.058
2026-06-28 02:00:00,558.03,558.8,556.78,557.57,1711.57
2026-06-28 03:00:00,557.56,558.85,557.56,558.74,1056.064
2026-06-28 04:00:00,558.74,558.74,556.78,556.92,1374.681
2026-06-28 05:00:00,556.92,557.3,554.66,556.05,2517.44
2026-06-28 06:00:00,556.06,556.37,554.03,554.94,2802.624
2026-06-28 07:00:00,554.94,556.8,554.93,556.45,2072.333
2026-06-28 08:00:00,556.46,558.89,555.3,557.37,2768.924
2026-06-28 09:00:00,557.4,558.03,555.16,555.25,3901.51
2026-06-28 10:00:00,555.26,556.24,554.35,555.16,2385.579
2026-06-28 11:00:00,555.17,557.41,555.02,557.29,5715.843
2026-06-28 12:00:00,557.29,558.0,555.5,556.63,2741.0
2026-06-28 13:00:00,556.63,556.71,554.14,555.28,2921.332
2026-06-28 14:00:00,555.28,557.09,554.94,554.95,2670.956
2026-06-28 15:00:00,554.95,556.09,553.8,554.55,2687.264
2026-06-28 16:00:00,554.56,554.84,551.48,552.42,3221.495
2026-06-28 17:00:00,552.42,553.43,550.0,551.98,3946.316
2026-06-28 18:00:00,551.98,553.94,551.32,553.86,2314.493
2026-06-28 19:00:00,553.86,553.86,547.23,548.45,7821.897
2026-06-28 20:00:00,548.44,555.28,548.33,550.1,9253.371
2026-06-28 21:00:00,550.1,551.67,548.44,548.94,1368.308
2026-06-28 22:00:00,548.94,553.13,545.62,547.29,5020.206
2026-06-28 23:00:00,547.28,553.26,546.9,551.07,3495.023
2026-06-29 00:00:00,551.07,553.09,546.67,552.84,3164.292
2026-06-29 01:00:00,552.83,553.07,549.64,552.27,2362.648
2026-06-29 02:00:00,552.28,554.8,547.42,553.78,3297.47
2026-06-29 03:00:00,553.78,556.69,553.55,555.19,4093.218
2026-06-29 04:00:00,555.2,555.26,550.91,551.33,2640.212
2026-06-29 05:00:00,551.33,553.33,548.37,553.33,3819.279
2026-06-29 06:00:00,553.33,555.53,553.01,554.0,4337.857
2026-06-29 07:00:00,554.0,554.66,552.73,553.6,3558.863
2026-06-29 08:00:00,553.6,554.48,551.52,552.94,4013.762
2026-06-29 09:00:00,552.95,554.62,552.32,553.6,5032.163
2026-06-29 10:00:00,553.59,555.78,553.51,553.8,3512.013
2026-06-29 11:00:00,553.81,554.69,550.51,551.87,3898.734
2026-06-29 12:00:00,551.86,558.42,549.68,553.3,7307.813
2026-06-29 13:00:00,553.3,555.94,549.0,550.7,7584.574
2026-06-29 14:00:00,550.71,552.04,546.17,550.98,7730.211
2026-06-29 15:00:00,551.0,552.62,547.5,551.97,4146.023
2026-06-29 16:00:00,551.97,559.04,550.34,556.15,14936.307
2026-06-29 17:00:00,556.15,562.96,556.05,561.12,7657.348
2026-06-29 18:00:00,561.13,562.4,560.34,561.14,2710.692
2026-06-29 19:00:00,561.14,563.16,559.94,561.78,3657.287
2026-06-29 20:00:00,561.78,562.21,559.98,560.08,1845.765
2026-06-29 21:00:00,560.08,561.84,559.42,561.2,2031.71
2026-06-29 22:00:00,561.2,561.88,560.01,560.12,1398.13
2026-06-29 23:00:00,560.12,560.55,559.28,559.52,1057.753
2026-06-30 00:00:00,559.51,560.4,555.27,555.71,2840.083
2026-06-30 01:00:00,555.72,557.16,555.0,555.8,2265.45
2026-06-30 02:00:00,555.8,557.38,554.53,556.59,2167.568
2026-06-30 03:00:00,556.59,556.91,553.76,553.77,6410.792
2026-06-30 04:00:00,553.76,554.73,551.62,553.17,3679.173
2026-06-30 05:00:00,553.17,554.14,552.0,554.12,4697.823
2026-06-30 06:00:00,554.13,554.19,552.48,553.3,2113.612
2026-06-30 07:00:00,553.31,553.59,551.83,552.42,2549.116
2026-06-30 08:00:00,552.42,553.06,549.53,550.16,5435.183
2026-06-30 09:00:00,550.16,551.37,549.14,549.83,9552.218
2026-06-30 10:00:00,549.83,550.6,549.16,549.45,4257.424
2026-06-30 11:00:00,549.44,549.6,547.0,547.7,4055.732
2026-06-30 12:00:00,547.71,547.77,543.79,543.8,10641.249
2026-06-30 13:00:00,543.8,548.8,543.68,548.56,7193.052
2026-06-30 14:00:00,548.56,551.56,544.94,545.57,8452.867
2026-06-30 15:00:00,545.57,547.49,543.68,544.96,5562.831
2026-06-30 16:00:00,544.96,547.94,544.86,546.76,4532.844
2026-06-30 17:00:00,546.76,548.66,545.87,546.82,3421.891
2026-06-30 18:00:00,546.83,548.55,545.52,546.94,2938.033
2026-06-30 19:00:00,546.94,547.92,545.88,547.4,1845.96
2026-06-30 20:00:00,547.38,547.7,545.22,545.52,3762.485
2026-06-30 21:00:00,545.52,545.82,544.13,545.02,2952.696
2026-06-30 22:00:00,545.03,545.97,544.41,544.87,3294.816
2026-06-30 23:00:00,544.87,546.8,544.85,546.52,1692.622
2026-07-01 00:00:00,546.52,548.56,545.25,547.86,5761.521
2026-07-01 01:00:00,547.87,549.76,540.0,547.85,10504.27
2026-07-01 02:00:00,547.85,550.5,547.12,549.78,5945.623
2026-07-01 03:00:00,549.78,552.83,548.73,551.52,4062.827
2026-07-01 04:00:00,551.52,552.65,550.67,551.09,4767.399
2026-07-01 05:00:00,551.09,551.64,549.81,551.01,2970.736
2026-07-01 06:00:00,551.01,551.12,545.08,545.91,5155.97
2026-07-01 07:00:00,545.92,547.74,545.22,546.89,3091.276
2026-07-01 08:00:00,546.88,547.31,544.06,547.25,5693.328
2026-07-01 09:00:00,547.25,547.69,544.79,545.26,5607.393
2026-07-01 10:00:00,545.26,545.73,542.0,542.21,6623.979
2026-07-01 11:00:00,542.21,544.44,537.25,542.64,16438.388
2026-07-01 12:00:00,542.64,543.72,541.32,542.66,4932.404
2026-07-01 13:00:00,542.65,550.74,542.65,549.13,17753.922
2026-07-01 14:00:00,549.13,552.53,547.37,549.48,9010.574
2026-07-01 15:00:00,549.49,555.68,549.42,554.36,12303.441
2026-07-01 16:00:00,554.36,554.96,550.79,551.66,8308.606
2026-07-01 17:00:00,551.66,554.47,550.15,554.25,4932.036
2026-07-01 18:00:00,554.25,554.35,552.23,552.92,4003.511
2026-07-01 19:00:00,552.92,554.02,550.43,551.25,8065.95
2026-07-01 20:00:00,551.26,552.48,550.03,552.47,2024.842
2026-07-01 21:00:00,552.48,557.12,552.47,556.26,5175.652
2026-07-01 22:00:00,556.25,559.55,553.2,553.7,6928.258
2026-07-01 23:00:00,553.7,553.74,550.14,550.44,2011.266
2026-07-02 00:00:00,550.45,550.56,546.21,547.78,3147.814
2026-07-02 01:00:00,547.79,551.84,547.74,550.44,2917.629
2026-07-02 02:00:00,550.44,551.89,549.0,551.05,3494.703
2026-07-02 03:00:00,551.05,561.19,550.16,556.94,13729.155
2026-07-02 04:00:00,556.93,556.93,552.8,554.33,5159.397
2026-07-02 05:00:00,554.33,554.33,551.94,552.09,6769.328
2026-07-02 06:00:00,552.09,552.27,549.0,549.03,5028.411
2026-07-02 07:00:00,549.03,549.99,548.74,549.4,3803.362
2026-07-02 08:00:00,549.4,551.13,549.25,550.87,3646.765
2026-07-02 09:00:00,550.87,555.99,550.16,554.56,7117.477
2026-07-02 10:00:00,554.56,556.83,553.87,555.95,10259.27
2026-07-02 11:00:00,555.95,561.73,555.64,559.93,14037.64
2026-07-02 12:00:00,559.94,563.3,559.14,563.05,9819.103
2026-07-02 13:00:00,563.05,567.17,561.49,565.15,25043.083
2026-07-02 14:00:00,565.15,566.41,560.02,561.99,10739.772
2026-07-02 15:00:00,562.0,563.55,560.33,562.54,3629.86
2026-07-02 16:00:00,562.54,564.16,559.44,561.89,4014.238
2026-07-02 17:00:00,561.89,563.59,559.87,560.68,5678.457
2026-07-02 18:00:00,560.69,561.82,559.88,560.16,1835.063
2026-07-02 19:00:00,560.16,560.35,558.0,558.14,3222.09
2026-07-02 20:00:00,558.14,558.88,557.39,558.42,1741.963
2026-07-02 21:00:00,558.42,558.49,557.22,557.52,2292.607
2026-07-02 22:00:00,557.52,558.33,556.16,557.37,3213.824
2026-07-02 23:00:00,557.36,559.6,556.66,558.96,1975.803
2026-07-03 00:00:00,558.95,559.26,556.99,557.69,3362.504
2026-07-03 01:00:00,557.69,562.12,557.22,561.58,4077.478
2026-07-03 02:00:00,561.58,562.01,559.14,561.52,2465.884
2026-07-03 03:00:00,561.52,561.82,559.54,561.03,2313.14
2026-07-03 04:00:00,561.03,561.71,560.04,560.74,2402.773
2026-07-03 05:00:00,560.74,563.31,560.4,562.56,2587.482
2026-07-03 06:00:00,562.56,563.97,561.34,561.54,3503.188
2026-07-03 07:00:00,561.54,562.47,561.14,561.69,3879.416
2026-07-03 08:00:00,561.68,564.0,561.34,562.29,4887.897
2026-07-03 09:00:00,562.29,564.39,561.71,562.86,5726.675
2026-07-03 10:00:00,562.87,566.5,562.66,565.91,6880.748
2026-07-03 11:00:00,565.91,567.58,565.14,566.77,8853.931
2026-07-03 12:00:00,566.78,567.84,564.38,564.97,5403.957
2026-07-03 13:00:00,564.98,567.78,564.74,566.92,6165.148
2026-07-03 14:00:00,566.91,566.91,563.23,565.89,6734.727
2026-07-03 15:00:00,565.9,568.45,564.82,565.65,6584.534
2026-07-03 16:00:00,565.66,567.24,564.6,566.74,2315.176
2026-07-03 17:00:00,566.74,568.26,566.37,567.86,4276.499
2026-07-03 18:00:00,567.87,568.77,567.67,568.42,3398.32
2026-07-03 19:00:00,568.43,571.5,567.7,569.69,4537.071
2026-07-03 20:00:00,569.69,574.73,569.51,573.17,5540.143
2026-07-03 21:00:00,573.17,574.94,571.85,573.94,3040.867
2026-07-03 22:00:00,573.94,574.37,572.34,573.14,2041.942
2026-07-03 23:00:00,573.14,575.21,572.61,573.81,3679.491
2026-07-04 00:00:00,573.81,575.71,573.46,574.08,3271.843
2026-07-04 01:00:00,574.08,574.08,570.93,571.84,3613.278
2026-07-04 02:00:00,571.84,572.56,571.16,571.91,3063.148
2026-07-04 03:00:00,571.9,573.0,571.45,572.23,2743.027
2026-07-04 04:00:00,572.23,573.36,571.46,573.18,2707.637
2026-07-04 05:00:00,573.17,573.17,569.9,571.35,5447.094
2026-07-04 06:00:00,571.36,572.38,568.74,569.96,5339.758
2026-07-04 07:00:00,569.96,570.1,568.7,569.7,5855.275
2026-07-04 08:00:00,569.71,576.24,569.21,575.21,9135.473
2026-07-04 09:00:00,575.21,575.37,572.2,572.61,3658.428
2026-07-04 10:00:00,572.62,573.0,571.36,572.01,5345.156
2026-07-04 11:00:00,572.0,572.76,571.24,571.91,1842.2
2026-07-04 12:00:00,571.91,573.66,571.9,573.28,1666.429
2026-07-04 13:00:00,573.28,574.5,572.21,573.3,2262.093
2026-07-04 14:00:00,573.29,576.0,573.19,574.63,3879.364
2026-07-04 15:00:00,574.64,578.23,574.0,576.74,10571.117
2026-07-04 16:00:00,576.74,576.82,574.84,575.78,6165.224
2026-07-04 17:00:00,575.78,578.79,574.46,578.48,4266.459
2026-07-04 18:00:00,578.48,578.82,576.46,576.87,1903.581
2026-07-04 19:00:00,576.88,577.22,575.51,575.52,1719.754
2026-07-04 20:00:00,575.52,575.95,573.16,573.21,3048.389
2026-07-04 21:00:00,573.21,575.47,572.57,574.68,2820.62
2026-07-04 22:00:00,574.68,578.27,574.49,576.67,3193.494
2026-07-04 23:00:00,576.68,576.8,573.7,575.37,3195.293
2026-07-05 00:00:00,575.38,575.43,572.15,573.26,2964.556
2026-07-05 01:00:00,573.25,573.9,569.89,572.0,4179.775
2026-07-05 02:00:00,571.99,572.28,568.19,569.38,4375.016
2026-07-05 03:00:00,569.37,571.09,569.37,570.44,2272.27
2026-07-05 04:00:00,570.44,572.14,569.88,571.48,2831.606
2026-07-05 05:00:00,571.47,572.14,570.36,571.61,6229.72
2026-07-05 06:00:00,571.62,572.4,570.58,571.61,3007.981
2026-07-05 07:00:00,571.61,575.83,571.44,575.64,3489.995
2026-07-05 08:00:00,575.65,579.0,574.84,578.32,6996.715
2026-07-05 09:00:00,578.32,578.36,572.48,574.61,8037.239
2026-07-05 10:00:00,574.6,576.39,573.8,576.13,5310.199
2026-07-05 11:00:00,576.13,578.28,574.49,577.05,5766.8
2026-07-05 12:00:00,577.06,586.54,576.19,583.72,10621.304
2026-07-05 13:00:00,583.72,587.73,582.25,586.88,13009.758
2026-07-05 14:00:00,586.87,589.82,586.29,587.29,9867.42
2026-07-05 15:00:00,587.29,589.85,586.59,587.34,6167.397
2026-07-05 16:00:00,587.34,588.95,584.87,585.76,5660.867
2026-07-05 17:00:00,585.76,587.21,584.48,585.35,2588.311
2026-07-05 18:00:00,585.34,591.8,583.49,590.59,7889.258
2026-07-05 19:00:00,590.59,591.11,588.84,589.45,4439.499
2026-07-05 20:00:00,589.44,590.6,587.62,588.07,2679.992
2026-07-05 21:00:00,588.07,591.27,585.84,589.65,3903.627
2026-07-05 22:00:00,589.65,593.47,588.9,591.55,6074.121
2026-07-05 23:00:00,591.55,593.1,589.03,589.87,4473.408
2026-07-06 00:00:00,589.88,591.87,587.01,591.77,4249.57
2026-07-06 01:00:00,591.77,593.1,587.89,588.53,5955.818
2026-07-06 02:00:00,588.53,589.32,585.47,586.41,4584.888
2026-07-06 03:00:00,586.4,586.64,582.67,585.41,6864.786
2026-07-06 04:00:00,585.41,585.68,583.43,584.07,2673.329
2026-07-06 05:00:00,584.08,584.66,581.13,583.17,6444.833
2026-07-06 06:00:00,583.17,583.39,581.62,582.39,3482.682
2026-07-06 07:00:00,582.38,582.88,581.03,582.08,4264.398
2026-07-06 08:00:00,582.07,582.9,579.9,580.63,6123.926
2026-07-06 09:00:00,580.63,580.63,576.1,577.43,6703.417
2026-07-06 10:00:00,577.44,581.0,577.3,580.18,2848.862
2026-07-06 11:00:00,580.19,581.13,577.81,577.81,3421.051
2026-07-06 12:00:00,577.81,577.86,571.85,571.95,13817.583
2026-07-06 13:00:00,571.96,575.18,570.12,573.04,8725.602
2026-07-06 14:00:00,573.05,578.93,572.95,577.1,11497.681
2026-07-06 15:00:00,577.1,585.0,576.95,584.74,11087.27
2026-07-06 16:00:00,584.75,586.71,583.32,585.31,10371.241
2026-07-06 17:00:00,585.31,586.13,582.85,583.06,7435.421
2026-07-06 18:00:00,583.07,585.19,582.85,584.4,1894.982
2026-07-06 19:00:00,584.39,585.98,584.01,585.15,2507.85
2026-07-06 20:00:00,585.15,586.29,583.55,585.72,2588.604
2026-07-06 21:00:00,585.72,592.1,585.72,589.51,7134.471
2026-07-06 22:00:00,589.52,589.71,587.47,588.11,3537.328
2026-07-06 23:00:00,588.11,588.91,585.54,586.01,2589.902
2026-07-07 00:00:00,586.02,587.92,585.57,586.91,3254.594
2026-07-07 01:00:00,586.91,586.91,582.48,582.93,3667.711
2026-07-07 02:00:00,582.94,583.5,580.24,580.98,3117.29
2026-07-07 03:00:00,580.98,581.92,578.22,579.18,3572.446
2026-07-07 04:00:00,579.18,579.41,577.61,578.84,2497.571
2026-07-07 05:00:00,578.85,579.84,576.39,579.04,3173.882
2026-07-07 06:00:00,579.04,580.79,578.06,579.98,4676.857
2026-07-07 07:00:00,579.98,580.4,578.28,578.33,3979.503
2026-07-07 08:00:00,578.32,578.56,576.52,577.22,3627.702
2026-07-07 09:00:00,577.22,578.58,576.82,577.93,3215.671
2026-07-07 10:00:00,577.94,580.0,577.82,578.47,3240.515
2026-07-07 11:00:00,578.46,580.4,577.27,580.23,3702.431
2026-07-07 12:00:00,580.23,582.4,579.98,581.09,4598.24
2026-07-07 13:00:00,581.08,581.28,576.85,577.48,4490.299
2026-07-07 14:00:00,577.5,581.52,575.28,581.01,6211.707
2026-07-07 15:00:00,581.01,585.61,579.5,584.74,6826.746
2026-07-07 16:00:00,584.73,587.16,583.41,585.28,4804.602
2026-07-07 17:00:00,585.28,586.49,584.2,585.97,4903.827
2026-07-07 18:00:00,585.98,585.98,582.28,582.38,3597.613
2026-07-07 19:00:00,582.38,584.29,580.01,583.29,4385.155
2026-07-07 20:00:00,583.29,583.8,580.18,580.71,2862.778
2026-07-07 21:00:00,580.72,581.54,577.82,578.04,4540.947
2026-07-07 22:00:00,578.05,579.63,576.69,578.59,2222.802
2026-07-07 23:00:00,578.58,579.25,576.4,576.82,1897.6
2026-07-08 00:00:00,576.83,578.94,576.16,578.62,3099.067
2026-07-08 01:00:00,578.63,579.0,571.39,572.06,7098.01
2026-07-08 02:00:00,572.07,572.07,567.45,571.14,8698.686
2026-07-08 03:00:00,571.15,572.47,568.55,569.05,3654.818
2026-07-08 04:00:00,569.06,569.87,568.19,569.54,3034.575
2026-07-08 05:00:00,569.55,570.31,567.52,568.2,2408.679
2026-07-08 06:00:00,568.21,568.37,565.98,566.56,5992.601
2026-07-08 07:00:00,566.56,568.1,565.23,567.94,4031.619
2026-07-08 08:00:00,567.94,568.76,560.73,561.55,9116.358
2026-07-08 09:00:00,561.56,563.38,560.4,561.5,4525.845
2026-07-08 10:00:00,561.51,563.36,560.61,562.83,4648.185
2026-07-08 11:00:00,562.83,568.78,562.28,566.13,5834.56
2026-07-08 12:00:00,566.14,566.72,563.76,563.93,2974.309
2026-07-08 13:00:00,563.94,566.05,562.73,565.36,4455.721
2026-07-08 14:00:00,565.37,567.38,563.31,564.48,6452.047
2026-07-08 15:00:00,564.48,564.62,560.94,562.36,3692.874
2026-07-08 16:00:00,562.36,566.8,561.64,566.59,4743.146
2026-07-08 17:00:00,566.59,567.87,564.46,564.71,4013.949
2026-07-08 18:00:00,564.71,566.92,564.3,566.29,2170.609
2026-07-08 19:00:00,566.3,567.5,565.63,566.94,1400.539
2026-07-08 20:00:00,566.95,567.72,565.83,566.25,2202.713
2026-07-08 21:00:00,566.26,567.02,564.77,566.86,1680.149
2026-07-08 22:00:00,566.87,568.35,566.51,568.03,1938.058
2026-07-08 23:00:00,568.03,568.98,567.15,568.66,1549.871
2026-07-09 00:00:00,568.66,569.36,567.65,568.67,2331.028
2026-07-09 01:00:00,568.68,572.81,566.97,567.25,4242.216
2026-07-09 02:00:00,567.25,569.44,566.05,566.11,2475.918
2026-07-09 03:00:00,566.11,568.5,565.48,568.26,2157.856
2026-07-09 04:00:00,568.26,570.51,567.66,570.5,2790.507
2026-07-09 05:00:00,570.51,573.73,569.42,573.67,4704.288
2026-07-09 06:00:00,573.67,575.21,572.43,574.75,4821.148
2026-07-09 07:00:00,574.75,577.15,572.27,572.74,7477.494
2026-07-09 08:00:00,572.74,573.52,571.93,572.2,7618.414
2026-07-09 09:00:00,572.2,573.5,570.67,573.06,9199.192
2026-07-09 10:00:00,573.07,573.27,569.45,569.94,4022.895
2026-07-09 11:00:00,569.94,570.59,568.93,569.77,3200.15
2026-07-09 12:00:00,569.77,570.73,568.12,569.04,4957.602
2026-07-09 13:00:00,569.05,572.29,568.07,570.99,4193.802
2026-07-09 14:00:00,570.99,572.11,568.81,572.07,3598.847
2026-07-09 15:00:00,572.07,573.0,570.62,571.03,2300.148
2026-07-09 16:00:00,571.02,571.59,569.3,569.9,3028.827
2026-07-09 17:00:00,569.91,572.58,569.46,571.57,2112.279
2026-07-09 18:00:00,571.58,573.67,571.04,571.86,2560.509
2026-07-09 19:00:00,571.87,571.95,570.09,570.26,1837.876
2026-07-09 20:00:00,570.26,570.75,569.47,570.08,1268.799
2026-07-09 21:00:00,570.08,571.21,570.01,570.36,1244.871
2026-07-09 22:00:00,570.36,571.06,569.76,570.43,1723.122
2026-07-09 23:00:00,570.43,570.54,568.62,568.72,1753.821
2026-07-10 00:00:00,568.73,570.8,568.02,570.8,2038.102
2026-07-10 01:00:00,570.8,576.69,569.66,574.95,6068.86
2026-07-10 02:00:00,574.95,575.7,574.0,575.41,5549.363
2026-07-10 03:00:00,575.42,575.88,574.44,575.52,4047.581
2026-07-10 04:00:00,575.52,577.34,575.01,576.19,2718.335
2026-07-10 05:00:00,576.2,578.14,575.39,577.42,2842.355
2026-07-10 06:00:00,577.42,577.66,575.91,576.57,6605.7
2026-07-10 07:00:00,576.58,577.18,573.86,574.0,8386.584
2026-07-10 08:00:00,574.0,577.16,573.93,576.05,5184.896
2026-07-10 09:00:00,576.06,577.16,574.79,576.62,3585.472
2026-07-10 10:00:00,576.63,577.66,575.45,576.33,4607.298
2026-07-10 11:00:00,576.34,577.32,574.75,575.59,4452.252
2026-07-10 12:00:00,575.6,577.0,573.56,573.63,4777.024
2026-07-10 13:00:00,573.63,576.69,573.0,575.59,3298.743
2026-07-10 14:00:00,575.59,575.7,569.63,572.22,4641.864
2026-07-10 15:00:00,572.22,574.54,572.12,573.86,3500.025
2026-07-10 16:00:00,573.86,577.5,573.86,577.17,3323.316
2026-07-10 17:00:00,577.17,578.31,575.92,575.93,2214.577
2026-07-10 18:00:00,575.93,577.58,574.75,575.28,1794.955
2026-07-10 19:00:00,575.29,576.78,573.87,575.99,2764.175
2026-07-10 20:00:00,575.99,576.37,574.73,575.23,1518.344
2026-07-10 21:00:00,575.23,577.01,574.69,575.85,1497.286
2026-07-10 22:00:00,575.86,576.57,575.65,576.04,1009.738
2026-07-10 23:00:00,576.05,576.42,575.16,575.43,1079.529
2026-07-11 00:00:00,575.44,575.76,574.42,574.73,1429.647
2026-07-11 01:00:00,574.73,576.07,573.27,573.32,1582.114
2026-07-11 02:00:00,573.32,575.1,573.06,575.0,1289.265
2026-07-11 03:00:00,575.01,576.0,574.15,574.91,10090.681
2026-07-11 04:00:00,574.92,576.0,574.31,575.27,3456.664
2026-07-11 05:00:00,575.27,576.33,574.9,575.23,3218.498
2026-07-11 06:00:00,575.24,576.33,574.88,576.2,1938.67
2026-07-11 07:00:00,576.21,577.72,575.99,576.92,2805.19
2026-07-11 08:00:00,576.92,579.28,576.61,579.26,2715.187
2026-07-11 09:00:00,579.26,579.84,577.36,577.72,2448.249
2026-07-11 10:00:00,577.72,578.91,577.04,578.91,2546.985
2026-07-11 11:00:00,578.9,579.39,577.76,579.39,2596.269
2026-07-11 12:00:00,579.39,580.36,578.76,579.49,2542.181
2026-07-11 13:00:00,579.48,582.18,579.29,581.21,3452.98
2026-07-11 14:00:00,581.21,583.01,580.91,581.7,6564.328
2026-07-11 15:00:00,581.71,582.17,577.81,579.86,4505.554
2026-07-11 16:00:00,579.87,580.45,579.23,579.89,1743.103
2026-07-11 17:00:00,579.88,581.18,579.62,580.66,1559.989
2026-07-11 18:00:00,580.65,581.31,580.41,580.92,1155.951
2026-07-11 19:00:00,580.93,581.52,580.29,580.56,1174.774
2026-07-11 20:00:00,580.57,581.51,580.57,580.99,701.382
2026-07-11 21:00:00,581.0,581.52,580.86,581.18,1118.175
2026-07-11 22:00:00,581.18,582.08,579.73,580.23,1626.798
2026-07-11 23:00:00,580.23,580.71,574.65,574.65,3453.705
2026-07-12 00:00:00,574.65,575.28,570.3,571.29,4723.759
2026-07-12 01:00:00,571.3,574.28,570.78,574.04,3131.661
2026-07-12 02:00:00,574.05,574.51,572.93,574.28,1907.398
2026-07-12 03:00:00,574.28,575.89,574.0,575.39,1614.122
2026-07-12 04:00:00,575.4,575.89,573.89,574.4,2342.037
2026-07-12 05:00:00,574.41,574.48,572.68,573.09,2458.515
2026-07-12 06:00:00,573.09,573.09,570.13,571.89,4632.923
2026-07-12 07:00:00,571.89,572.72,571.67,572.37,2559.961
2026-07-12 08:00:00,572.37,573.99,572.26,573.69,5808.471
2026-07-12 09:00:00,573.68,575.05,572.33,574.41,3697.219
2026-07-12 10:00:00,574.41,574.8,573.73,574.42,1725.818
2026-07-12 11:00:00,574.43,580.53,573.71,580.17,5956.989
2026-07-12 12:00:00,580.18,584.63,580.11,582.3,10661.57
2026-07-12 13:00:00,582.3,582.45,580.48,581.02,3931.09
2026-07-12 14:00:00,581.02,582.82,579.36,581.55,3334.308
2026-07-12 15:00:00,581.54,581.54,580.12,581.1,3489.158
2026-07-12 16:00:00,581.09,582.07,580.81,581.12,2790.46
2026-07-12 17:00:00,581.12,581.22,578.88,579.3,3972.015
2026-07-12 18:00:00,579.3,579.75,579.05,579.45,1330.638
2026-07-12 19:00:00,579.45,579.88,578.88,579.86,1471.066
2026-07-12 20:00:00,579.87,579.96,578.28,578.84,2034.183
2026-07-12 21:00:00,578.85,579.43,575.69,575.75,1964.739
2026-07-12 22:00:00,575.75,575.75,572.89,574.16,4872.073
2026-07-12 23:00:00,574.16,574.99,573.15,573.91,1305.879
2026-07-13 00:00:00,573.91,579.89,573.08,577.93,4729.911
2026-07-13 01:00:00,577.93,579.08,572.19,572.3,3585.615
2026-07-13 02:00:00,572.31,573.77,570.87,572.04,5065.513
2026-07-13 03:00:00,572.05,572.05,566.67,569.04,7761.951
2026-07-13 04:00:00,569.05,569.63,567.28,567.31,2553.159
2026-07-13 05:00:00,567.32,569.53,566.28,568.59,3718.242
2026-07-13 06:00:00,568.6,569.34,567.69,568.57,1503.616
2026-07-13 07:00:00,568.57,570.58,567.88,570.11,3094.072
2026-07-13 08:00:00,570.11,571.1,569.43,570.37,3498.008
2026-07-13 09:00:00,570.37,570.4,569.29,569.62,3286.706
2026-07-13 10:00:00,569.62,570.39,568.45,569.65,2646.892
2026-07-13 11:00:00,569.65,570.92,569.31,569.66,2955.447
2026-07-13 12:00:00,569.67,569.77,567.56,568.41,2631.442
2026-07-13 13:00:00,568.41,569.57,566.41,568.05,3483.733
2026-07-13 14:00:00,568.06,570.73,565.61,570.7,5148.813
2026-07-13 15:00:00,570.71,571.78,568.31,568.72,2479.323
2026-07-13 16:00:00,568.72,568.88,565.67,566.07,2806.812
2026-07-13 17:00:00,566.07,566.7,562.4,562.62,3718.629
2026-07-13 18:00:00,562.62,565.33,562.37,564.44,3059.842
2026-07-13 19:00:00,564.44,566.35,564.04,566.29,2431.992
2026-07-13 20:00:00,566.29,566.7,564.45,565.34,1830.03
2026-07-13 21:00:00,565.35,565.59,563.31,564.86,2072.815
2026-07-13 22:00:00,564.86,566.64,564.69,565.31,1036.458
2026-07-13 23:00:00,565.31,567.5,565.09,567.49,1626.102
2026-07-14 00:00:00,567.5,569.9,566.74,569.28,2561.083
2026-07-14 01:00:00,569.27,570.57,568.61,569.95,2594.72
2026-07-14 02:00:00,569.95,570.42,567.57,570.0,3181.588
2026-07-14 03:00:00,570.0,570.54,568.02,569.98,3562.601
2026-07-14 04:00:00,569.99,571.5,569.81,571.16,4747.849
2026-07-14 05:00:00,571.17,571.68,570.0,570.45,3889.637
2026-07-14 06:00:00,570.44,570.45,568.93,569.28,2513.924
2026-07-14 07:00:00,569.29,570.46,568.93,570.15,2227.677
2026-07-14 08:00:00,570.16,571.74,569.14,570.68,2904.441
2026-07-14 09:00:00,570.68,571.24,569.48,569.99,2814.807
2026-07-14 10:00:00,569.99,571.18,569.32,570.95,3489.782
2026-07-14 11:00:00,570.96,571.46,570.45,570.96,3113.989
2026-07-14 12:00:00,570.96,577.94,570.21,577.41,13080.212
2026-07-14 13:00:00,577.42,582.0,576.24,578.97,18673.096
2026-07-14 14:00:00,578.97,582.29,577.57,581.48,12856.061
2026-07-14 15:00:00,581.48,584.64,581.09,582.87,9581.247
2026-07-14 16:00:00,582.87,583.41,581.54,581.63,5159.056
2026-07-14 17:00:00,581.63,581.67,579.1,580.84,9200.64
2026-07-14 18:00:00,580.85,581.12,579.7,579.89,2747.314
2026-07-14 19:00:00,579.88,581.56,579.88,580.64,2705.634
2026-07-14 20:00:00,580.65,580.97,579.5,579.9,1894.474
2026-07-14 21:00:00,579.91,581.25,579.56,580.68,1490.117
2026-07-14 22:00:00,580.68,582.91,579.27,581.67,4001.901
2026-07-14 23:00:00,581.75,582.9,581.11,581.87,4243.336
2026-07-15 00:00:00,581.88,583.17,581.44,582.22,4543.826
2026-07-15 01:00:00,582.23,582.23,579.95,580.09,3751.022
2026-07-15 02:00:00,580.08,581.11,579.2,579.94,3220.098
2026-07-15 03:00:00,579.95,581.29,579.67,580.71,3290.735
2026-07-15 04:00:00,580.72,581.24,577.29,579.66,3858.444
2026-07-15 05:00:00,579.67,580.77,578.71,580.6,3261.538
2026-07-15 06:00:00,580.6,582.28,579.78,579.78,3779.461
2026-07-15 07:00:00,579.79,580.19,576.49,576.49,9743.3
2026-07-15 08:00:00,576.5,577.7,575.8,577.13,5287.453
2026-07-15 09:00:00,577.12,577.98,576.56,577.14,4011.443
2026-07-15 10:00:00,577.14,578.86,576.99,578.82,5247.953
2026-07-15 11:00:00,578.82,579.1,577.83,579.01,3709.241
2026-07-15 12:00:00,579.02,584.52,577.22,582.59,9320.893
2026-07-15 13:00:00,582.6,585.3,580.99,582.47,12170.854
2026-07-15 14:00:00,582.48,583.72,580.21,581.62,6402.896
2026-07-15 15:00:00,581.62,582.33,580.4,581.73,6796.062
2026-07-15 16:00:00,581.74,581.79,576.63,578.64,7227.608
2026-07-15 17:00:00,578.65,580.83,578.35,580.09,3701.86
2026-07-15 18:00:00,580.1,581.91,579.51,579.74,2267.169
2026-07-15 19:00:00,579.75,580.37,578.55,579.48,1732.744
2026-07-15 20:00:00,579.5,581.32,579.3,580.78,1734.464
2026-07-15 21:00:00,580.78,581.49,580.48,581.09,2571.616
2026-07-15 22:00:00,581.1,581.97,580.53,581.06,2800.784
2026-07-15 23:00:00,581.07,581.66,579.9,580.55,2464.393
2026-07-16 00:00:00,580.56,582.4,578.0,579.51,5371.393
2026-07-16 01:00:00,579.51,580.49,577.85,579.91,4703.799
2026-07-16 02:00:00,579.91,580.68,579.45,580.36,1819.519
2026-07-16 03:00:00,580.36,581.52,580.15,581.46,2839.049
2026-07-16 04:00:00,581.47,582.25,580.53,580.76,2044.482
2026-07-16 05:00:00,580.76,585.87,580.76,583.6,6071.449
2026-07-16 06:00:00,583.61,584.64,581.63,582.97,2783.551
2026-07-16 07:00:00,582.98,583.12,578.88,579.86,3294.067
2026-07-16 08:00:00,579.86,580.07,574.57,577.01,6999.322
2026-07-16 09:00:00,577.01,578.09,576.7,577.58,2926.164
2026-07-16 10:00:00,577.58,578.25,577.2,577.61,2139.317
2026-07-16 11:00:00,577.61,578.48,576.31,578.09,2438.1
2026-07-16 12:00:00,578.09,578.09,575.66,576.68,2939.109
2026-07-16 13:00:00,576.67,579.57,576.15,578.31,2921.514
2026-07-16 14:00:00,578.31,581.21,578.0,579.8,3962.756
2026-07-16 15:00:00,579.8,580.97,577.15,579.48,5413.22
2026-07-16 16:00:00,579.49,579.56,576.81,576.98,6944.992
2026-07-16 17:00:00,576.99,576.99,574.28,575.22,5908.675
2026-07-16 18:00:00,575.23,576.65,575.0,576.07,2735.853
2026-07-16 19:00:00,576.07,576.38,575.16,575.8,2547.41
2026-07-16 20:00:00,575.81,576.0,574.74,574.85,2260.388
2026-07-16 21:00:00,574.85,576.86,574.68,576.23,1589.095
2026-07-16 22:00:00,576.23,577.0,573.58,573.69,2322.848
2026-07-16 23:00:00,573.7,573.91,571.69,572.45,3373.171
2026-07-17 00:00:00,572.45,573.88,570.65,573.88,5360.268
2026-07-17 01:00:00,573.88,574.84,571.21,571.62,3840.665
2026-07-17 02:00:00,571.61,572.43,570.32,570.94,3726.981
2026-07-17 03:00:00,570.94,573.47,570.69,572.36,4012.312
2026-07-17 04:00:00,572.37,572.74,570.42,571.93,3042.199
2026-07-17 05:00:00,571.94,571.94,567.27,567.8,8126.651
2026-07-17 06:00:00,567.8,570.0,567.32,570.0,3952.693
2026-07-17 07:00:00,570.0,570.15,566.0,566.0,5099.317
2026-07-17 08:00:00,566.01,566.01,562.86,564.64,8083.401
2026-07-17 09:00:00,564.64,565.61,564.17,564.36,10477.206
2026-07-17 10:00:00,564.36,565.59,563.81,564.19,14166.865
2026-07-17 11:00:00,564.18,564.82,563.0,564.78,16345.039
2026-07-17 12:00:00,564.78,565.13,561.27,561.37,11933.671
2026-07-17 13:00:00,561.38,561.38,555.59,560.54,13436.466
2026-07-17 14:00:00,560.54,563.06,560.28,561.86,4624.29
2026-07-17 15:00:00,561.87,562.97,559.29,562.97,5495.521
2026-07-17 16:00:00,562.97,565.02,562.19,564.19,5805.251
2026-07-17 17:00:00,564.2,567.77,564.19,566.19,6074.924
2026-07-17 18:00:00,566.2,568.0,565.82,567.31,2479.93
2026-07-17 19:00:00,567.31,568.05,565.66,568.05,1861.423
2026-07-17 20:00:00,568.05,568.3,567.03,567.85,1464.569
2026-07-17 21:00:00,567.85,569.16,567.84,568.62,1146.803
2026-07-17 22:00:00,568.62,568.78,567.13,567.51,1103.388
2026-07-17 23:00:00,567.51,568.61,566.62,568.09,1005.358
2026-07-18 00:00:00,568.09,569.21,567.51,567.91,1636.719
