timestamp,open,high,low,close,volume
2022-07-18 20:00:00,1472.3,1597.47,1461.43,1581.04,323949.5611
2022-07-19 00:00:00,1581.03,1631.0,1510.94,1516.24,539046.0327
2022-07-19 04:00:00,1516.24,1542.68,1493.11,1510.58,276184.728
2022-07-19 08:00:00,1510.59,1561.45,1505.75,1541.82,226801.2291
2022-07-19 12:00:00,1541.82,1577.28,1506.41,1540.44,386838.5844
2022-07-19 16:00:00,1540.52,1589.76,1534.79,1560.79,272483.8004
2022-07-19 20:00:00,1560.78,1588.1,1526.01,1542.32,144694.307
2022-07-20 00:00:00,1542.33,1568.42,1510.47,1561.72,166067.992
2022-07-20 04:00:00,1561.72,1579.8,1528.76,1531.06,172354.4303
2022-07-20 08:00:00,1531.05,1614.0,1526.67,1602.91,280370.9474
2022-07-20 12:00:00,1602.9,1620.4,1583.0,1596.53,258643.1199
2022-07-20 16:00:00,1596.52,1597.58,1538.0,1551.79,201299.3274
2022-07-20 20:00:00,1551.79,1567.09,1484.23,1521.58,272441.6077
2022-07-21 00:00:00,1521.63,1554.7,1482.23,1487.96,198535.8104
2022-07-21 04:00:00,1487.96,1497.74,1463.56,1488.01,188299.6905
2022-07-21 08:00:00,1488.01,1520.95,1477.01,1489.19,225384.2561
2022-07-21 12:00:00,1489.19,1515.66,1481.11,1511.01,206855.8599
2022-07-21 16:00:00,1511.01,1580.0,1508.99,1578.85,259205.7457
2022-07-21 20:00:00,1578.84,1605.98,1565.09,1575.45,169046.1337
2022-07-22 00:00:00,1575.45,1595.92,1553.1,1561.45,113192.8483
2022-07-22 04:00:00,1561.45,1614.02,1555.87,1601.69,167980.8594
2022-07-22 08:00:00,1601.69,1650.05,1595.12,1639.08,306124.8898
2022-07-22 12:00:00,1639.08,1644.5,1569.05,1574.91,286637.9576
2022-07-22 16:00:00,1574.9,1591.99,1519.65,1526.2,199606.11
2022-07-22 20:00:00,1526.21,1544.54,1516.11,1535.27,97180.4222
2022-07-23 00:00:00,1535.27,1580.0,1523.45,1571.0,112331.3469
2022-07-23 04:00:00,1571.01,1596.51,1564.28,1578.35,124844.7131
2022-07-23 08:00:00,1578.35,1588.35,1519.0,1522.19,184858.7387
2022-07-23 12:00:00,1522.19,1537.3,1501.65,1523.67,142349.8844
2022-07-23 16:00:00,1523.67,1532.99,1488.0,1513.33,186605.5231
2022-07-23 20:00:00,1513.25,1555.26,1511.56,1548.67,100294.5277
2022-07-24 00:00:00,1548.66,1577.24,1545.67,1551.51,108044.0686
2022-07-24 04:00:00,1551.51,1619.99,1546.9,1604.44,209318.751
2022-07-24 08:00:00,1604.44,1628.86,1580.0,1615.85,165371.2689
2022-07-24 12:00:00,1615.84,1621.42,1573.0,1612.61,188316.0209
2022-07-24 16:00:00,1612.61,1615.38,1583.51,1602.76,116376.0563
2022-07-24 20:00:00,1602.75,1664.34,1589.01,1597.7,222509.734
2022-07-25 00:00:00,1597.7,1609.55,1498.95,1511.51,321802.8622
2022-07-25 04:00:00,1511.51,1529.84,1499.45,1522.12,151357.4575
2022-07-25 08:00:00,1522.12,1553.79,1510.7,1537.5,151747.8745
2022-07-25 12:00:00,1537.49,1538.65,1502.21,1526.03,238151.5504
2022-07-25 16:00:00,1526.02,1534.94,1455.17,1495.0,228960.8992
2022-07-25 20:00:00,1495.0,1538.51,1435.58,1440.79,326370.3371
2022-07-26 00:00:00,1440.79,1450.0,1400.46,1433.05,290515.8395
2022-07-26 04:00:00,1433.04,1438.3,1406.68,1409.46,164620.3735
2022-07-26 08:00:00,1409.46,1423.97,1385.08,1406.33,119648.9608
2022-07-26 12:00:00,1406.33,1420.39,1363.87,1368.68,254885.8894
2022-07-26 16:00:00,1368.67,1396.0,1356.86,1366.02,152127.9014
2022-07-26 20:00:00,1366.09,1454.11,1356.17,1449.12,217844.7762
2022-07-27 00:00:00,1449.12,1458.88,1420.83,1424.76,151529.5523
2022-07-27 04:00:00,1424.75,1472.0,1422.53,1464.47,154535.7859
2022-07-27 08:00:00,1464.47,1474.96,1446.93,1452.68,132656.9585
2022-07-27 12:00:00,1452.68,1496.99,1444.91,1489.2,191261.2824
2022-07-27 16:00:00,1489.2,1615.0,1477.4,1587.96,640486.4584
2022-07-27 20:00:00,1587.96,1644.44,1585.0,1635.74,242956.0038
2022-07-28 00:00:00,1635.74,1677.0,1605.29,1648.64,254233.381
2022-07-28 04:00:00,1648.64,1654.47,1614.0,1618.44,161111.9854
2022-07-28 08:00:00,1618.44,1645.04,1601.23,1641.52,158773.5459
2022-07-28 12:00:00,1641.52,1755.0,1593.27,1728.31,535052.55925
2022-07-28 16:00:00,1728.32,1750.0,1713.35,1725.98,244552.9865
2022-07-28 20:00:00,1725.98,1784.79,1712.61,1724.52,224420.6175
2022-07-29 00:00:00,1724.52,1733.98,1696.0,1727.02,144740.1656
2022-07-29 04:00:00,1727.02,1752.03,1706.14,1715.36,146530.842
2022-07-29 08:00:00,1715.35,1733.11,1664.27,1681.39,189275.7295
2022-07-29 12:00:00,1681.4,1744.0,1655.02,1721.66,315424.7364
2022-07-29 16:00:00,1721.66,1736.23,1663.44,1723.84,246227.3858
2022-07-29 20:00:00,1723.83,1765.99,1703.01,1721.68,163067.711
2022-07-30 00:00:00,1721.68,1735.31,1686.84,1707.14,145133.6224
2022-07-30 04:00:00,1707.15,1720.0,1688.69,1715.5,68455.1486
2022-07-30 08:00:00,1715.5,1723.54,1678.25,1704.77,108839.8589
2022-07-30 12:00:00,1704.77,1744.85,1696.01,1736.84,183779.0205
2022-07-30 16:00:00,1736.84,1737.49,1689.07,1691.93,103836.7588
2022-07-30 20:00:00,1691.92,1710.02,1673.01,1697.0,125088.1194
2022-07-31 00:00:00,1697.0,1712.77,1686.4,1693.74,83340.8994
2022-07-31 04:00:00,1693.75,1708.29,1689.36,1697.93,53767.3941
2022-07-31 08:00:00,1697.93,1724.19,1686.06,1718.57,95325.0782
2022-07-31 12:00:00,1718.56,1722.32,1692.42,1712.04,81433.339
2022-07-31 16:00:00,1712.05,1754.69,1687.01,1717.37,210334.3835
2022-07-31 20:00:00,1717.37,1724.93,1666.0,1678.12,172125.7137
2022-08-01 00:00:00,1678.12,1704.68,1672.63,1691.77,80181.8036
2022-08-01 04:00:00,1691.78,1697.22,1672.79,1692.87,74921.7213
2022-08-01 08:00:00,1692.88,1695.36,1641.09,1668.21,112901.8504
2022-08-01 12:00:00,1668.21,1690.59,1636.47,1672.6,192661.1554
2022-08-01 16:00:00,1672.59,1673.59,1615.99,1622.27,219598.8947
2022-08-01 20:00:00,1622.28,1644.14,1606.12,1630.28,121301.1394
2022-08-02 00:00:00,1630.28,1657.11,1568.35,1577.35,200194.5793
2022-08-02 04:00:00,1577.3,1599.99,1566.17,1593.52,121271.6683
2022-08-02 08:00:00,1593.52,1598.99,1559.28,1587.36,137174.3835
2022-08-02 12:00:00,1587.36,1637.99,1564.17,1629.93,283969.1275
2022-08-02 16:00:00,1629.92,1678.0,1622.02,1637.14,243088.0096
2022-08-02 20:00:00,1637.14,1661.04,1628.2,1630.91,96266.7422
2022-08-03 00:00:00,1630.91,1639.25,1589.71,1619.95,149046.2077
2022-08-03 04:00:00,1619.95,1643.99,1613.2,1629.09,111273.6863
2022-08-03 08:00:00,1629.08,1672.99,1628.66,1665.54,132080.6179
2022-08-03 12:00:00,1665.55,1685.03,1645.3,1655.86,164441.7162
2022-08-03 16:00:00,1655.87,1671.74,1647.24,1654.38,110664.2336
2022-08-03 20:00:00,1654.38,1657.34,1607.42,1618.16,110218.2796
2022-08-04 00:00:00,1618.16,1659.28,1615.57,1651.14,111612.711
2022-08-04 04:00:00,1651.15,1662.79,1615.15,1625.93,116602.9023
2022-08-04 08:00:00,1625.92,1630.99,1606.27,1615.71,107309.7791
2022-08-04 12:00:00,1615.72,1644.0,1596.84,1615.59,177224.3038
2022-08-04 16:00:00,1615.6,1624.44,1580.39,1590.96,147951.9275
2022-08-04 20:00:00,1590.97,1613.29,1581.09,1607.96,74850.5573
2022-08-05 00:00:00,1607.97,1669.83,1605.64,1659.65,181922.1703
2022-08-05 04:00:00,1659.66,1679.6,1646.63,1662.87,105665.7858
2022-08-05 08:00:00,1662.87,1717.87,1652.13,1713.43,152209.4
2022-08-05 12:00:00,1713.43,1725.0,1660.01,1670.05,315073.2673
2022-08-05 16:00:00,1670.06,1684.45,1656.77,1681.36,116571.9268
2022-08-05 20:00:00,1681.35,1742.07,1666.34,1736.81,134403.921
2022-08-06 00:00:00,1736.81,1749.93,1725.87,1734.47,124612.8786
2022-08-06 04:00:00,1734.47,1737.98,1713.99,1720.73,67956.0182
2022-08-06 08:00:00,1720.73,1724.41,1702.62,1712.11,93621.3898
2022-08-06 12:00:00,1712.1,1720.97,1706.6,1715.53,74418.2648
2022-08-06 16:00:00,1715.53,1720.92,1685.26,1714.73,104881.3581
2022-08-06 20:00:00,1714.73,1724.27,1687.29,1690.6,57824.7349
2022-08-07 00:00:00,1690.6,1698.49,1668.0,1684.07,101183.7146
2022-08-07 04:00:00,1684.07,1689.35,1672.71,1686.24,53709.2951
2022-08-07 08:00:00,1686.23,1694.13,1673.02,1692.6,50276.855
2022-08-07 12:00:00,1692.59,1715.18,1691.16,1698.89,87108.2785
2022-08-07 16:00:00,1698.89,1717.0,1695.18,1708.45,69471.2147
2022-08-07 20:00:00,1708.44,1729.79,1690.0,1700.19,78155.4061
2022-08-08 00:00:00,1700.2,1720.0,1693.87,1709.77,76003.8281
2022-08-08 04:00:00,1709.76,1740.0,1708.3,1732.79,102742.9922
2022-08-08 08:00:00,1732.78,1792.65,1728.28,1789.37,176964.2384
2022-08-08 12:00:00,1789.37,1818.0,1767.0,1775.31,201012.2651
2022-08-08 16:00:00,1775.31,1787.0,1755.6,1783.13,114974.7704
2022-08-08 20:00:00,1783.12,1799.32,1757.99,1777.05,109922.4501
2022-08-09 00:00:00,1777.05,1786.81,1761.44,1778.53,65393.3133
2022-08-09 04:00:00,1778.53,1790.83,1766.71,1782.02,71572.3883
2022-08-09 08:00:00,1782.01,1783.0,1692.2,1704.04,227871.3486
2022-08-09 12:00:00,1704.04,1718.0,1667.93,1684.63,231200.1821
2022-08-09 16:00:00,1684.64,1698.52,1674.58,1688.0,122767.6364
2022-08-09 20:00:00,1688.01,1716.74,1687.4,1702.76,99366.2332
2022-08-10 00:00:00,1702.76,1702.76,1656.78,1669.49,170656.0031
2022-08-10 04:00:00,1669.5,1691.49,1667.33,1686.0,90997.6447
2022-08-10 08:00:00,1686.01,1713.53,1684.22,1707.2,116768.612
2022-08-10 12:00:00,1707.2,1853.55,1703.6,1837.5,618189.3307
2022-08-10 16:00:00,1837.49,1849.66,1804.08,1818.24,179365.1269
2022-08-10 20:00:00,1818.24,1885.0,1817.72,1853.57,141790.7953
2022-08-11 00:00:00,1853.58,1918.19,1850.32,1880.37,277052.5989
2022-08-11 04:00:00,1880.38,1906.0,1870.0,1878.88,174689.2112
2022-08-11 08:00:00,1878.87,1913.49,1873.72,1903.58,123834.9538
2022-08-11 12:00:00,1903.58,1942.0,1883.78,1890.48,309919.6603
2022-08-11 16:00:00,1890.48,1908.39,1875.56,1899.16,120832.7541
2022-08-11 20:00:00,1899.16,1905.38,1867.27,1880.19,98932.7226
2022-08-12 00:00:00,1880.19,1913.9,1857.67,1903.98,118378.5432
2022-08-12 04:00:00,1903.99,1909.49,1882.56,1888.44,71772.0144
2022-08-12 08:00:00,1888.44,1904.54,1853.06,1868.61,130058.0941
2022-08-12 12:00:00,1868.61,1903.79,1867.4,1897.69,123167.1637
2022-08-12 16:00:00,1897.68,1931.19,1891.0,1926.21,123240.1195
2022-08-12 20:00:00,1926.21,1964.71,1916.67,1958.28,151012.1666
2022-08-13 00:00:00,1958.28,1998.88,1946.5,1996.57,151731.2592
2022-08-13 04:00:00,1996.57,2020.0,1986.05,1995.78,164250.8939
2022-08-13 08:00:00,1995.78,2007.64,1973.21,1985.99,119010.7334
2022-08-13 12:00:00,1986.0,1995.0,1961.99,1988.51,103793.4229
2022-08-13 16:00:00,1988.51,2004.27,1972.24,1975.62,100294.6755
2022-08-13 20:00:00,1975.63,1994.8,1967.61,1983.55,56795.0444
2022-08-14 00:00:00,1983.55,1996.0,1970.96,1985.82,57239.7978
2022-08-14 04:00:00,1985.83,2030.0,1981.0,2016.75,98390.7614
2022-08-14 08:00:00,2016.75,2017.41,1981.0,1990.15,86341.6161
2022-08-14 12:00:00,1990.16,1991.64,1970.13,1984.17,82431.1726
2022-08-14 16:00:00,1984.18,1984.81,1906.0,1931.42,161727.9001
2022-08-14 20:00:00,1931.42,1960.23,1917.0,1935.31,83452.2372
2022-08-15 00:00:00,1935.32,2012.47,1923.0,1986.33,171447.8016
2022-08-15 04:00:00,1986.33,1992.81,1884.46,1899.87,243908.1567
2022-08-15 08:00:00,1899.88,1913.1,1875.01,1891.23,150439.5942
2022-08-15 12:00:00,1891.23,1922.0,1872.31,1917.7,173982.0757
2022-08-15 16:00:00,1917.71,1933.42,1885.01,1889.57,109153.8076
2022-08-15 20:00:00,1889.57,1917.7,1875.5,1899.06,100230.8947
2022-08-16 00:00:00,1899.05,1914.95,1861.15,1887.71,129310.2591
2022-08-16 04:00:00,1887.71,1893.38,1856.98,1886.59,92398.8248
2022-08-16 08:00:00,1886.58,1915.0,1874.45,1906.64,95754.2049
2022-08-16 12:00:00,1906.64,1914.97,1863.34,1887.38,136207.7596
2022-08-16 16:00:00,1887.38,1897.96,1853.0,1879.34,117478.5269
2022-08-16 20:00:00,1879.33,1886.89,1866.6,1876.67,51579.5746
2022-08-17 00:00:00,1876.67,1904.71,1874.85,1896.0,104577.3565
2022-08-17 04:00:00,1895.99,1959.43,1888.37,1890.39,217566.7139
2022-08-17 08:00:00,1890.38,1902.6,1869.06,1876.85,102346.2368
2022-08-17 12:00:00,1876.85,1886.46,1818.74,1830.92,265662.2907
2022-08-17 16:00:00,1830.92,1870.69,1824.0,1838.51,183420.8657
2022-08-17 20:00:00,1838.51,1853.98,1824.15,1834.25,78251.4339
2022-08-18 00:00:00,1834.24,1865.63,1821.25,1848.65,95663.6377
2022-08-18 04:00:00,1848.65,1853.0,1836.22,1845.01,54457.9893
2022-08-18 08:00:00,1845.01,1866.54,1834.62,1859.49,80317.2065
2022-08-18 12:00:00,1859.49,1882.37,1848.99,1873.11,167584.0268
2022-08-18 16:00:00,1873.12,1879.0,1856.01,1870.43,112438.2899
2022-08-18 20:00:00,1870.42,1879.73,1838.0,1846.39,95792.8738
2022-08-19 00:00:00,1846.39,1848.0,1806.16,1818.02,195637.3277
2022-08-19 04:00:00,1818.02,1825.26,1723.0,1744.63,277278.6978
2022-08-19 08:00:00,1744.63,1745.0,1683.0,1707.73,284130.444
2022-08-19 12:00:00,1707.72,1707.91,1675.3,1698.17,205240.4748
2022-08-19 16:00:00,1698.17,1726.49,1680.8,1701.18,190329.1014
2022-08-19 20:00:00,1701.18,1706.39,1602.37,1609.01,267210.9058
2022-08-20 00:00:00,1609.0,1640.0,1607.89,1627.65,177688.4341
2022-08-20 04:00:00,1627.65,1657.08,1625.34,1647.76,125601.13
2022-08-20 08:00:00,1647.75,1649.82,1617.99,1631.0,84159.5326
2022-08-20 12:00:00,1631.01,1644.04,1624.19,1634.69,82096.4553
2022-08-20 16:00:00,1634.7,1639.43,1555.0,1564.23,235287.6084
2022-08-20 20:00:00,1564.23,1588.8,1523.67,1576.04,209782.7622
2022-08-21 00:00:00,1576.03,1604.23,1573.19,1585.57,124705.3136
2022-08-21 04:00:00,1585.56,1595.41,1562.34,1585.45,95989.2595
2022-08-21 08:00:00,1585.45,1629.99,1584.87,1626.75,190990.959
2022-08-21 12:00:00,1626.76,1640.8,1600.4,1621.12,112920.9034
2022-08-21 16:00:00,1621.11,1635.0,1609.9,1624.18,80709.6472
2022-08-21 20:00:00,1624.17,1646.52,1580.6,1618.13,175346.5235
2022-08-22 00:00:00,1618.13,1621.97,1593.77,1594.95,109489.0161
2022-08-22 04:00:00,1594.95,1610.5,1551.59,1556.62,147768.9863
2022-08-22 08:00:00,1556.62,1580.82,1529.92,1567.78,216485.3332
2022-08-22 12:00:00,1567.77,1595.0,1547.99,1589.78,215845.9922
2022-08-22 16:00:00,1589.77,1601.28,1549.25,1567.72,123092.224
2022-08-22 20:00:00,1567.72,1629.72,1564.55,1624.66,128511.3436
2022-08-23 00:00:00,1624.65,1638.87,1607.73,1609.26,121805.8333
2022-08-23 04:00:00,1609.26,1617.7,1563.76,1602.24,138381.9966
2022-08-23 08:00:00,1602.24,1625.1,1588.08,1620.49,185869.9781
2022-08-23 12:00:00,1620.48,1655.44,1606.68,1640.5,241992.1365
2022-08-23 16:00:00,1640.5,1676.07,1623.81,1650.62,154965.004
2022-08-23 20:00:00,1650.63,1673.0,1641.42,1665.41,97231.9835
2022-08-24 00:00:00,1665.4,1666.47,1604.92,1614.44,174982.8246
2022-08-24 04:00:00,1614.44,1649.63,1610.53,1627.06,108838.8577
2022-08-24 08:00:00,1627.06,1654.11,1626.14,1650.92,90082.179
2022-08-24 12:00:00,1650.91,1688.0,1642.44,1683.5,168398.5454
2022-08-24 16:00:00,1683.49,1694.13,1664.0,1678.59,112378.9826
2022-08-24 20:00:00,1678.59,1686.41,1651.82,1656.56,89986.2185
2022-08-25 00:00:00,1656.56,1684.99,1653.68,1669.73,87774.7737
2022-08-25 04:00:00,1669.73,1712.74,1669.28,1708.92,133966.2365
2022-08-25 08:00:00,1708.92,1716.56,1693.71,1710.11,93234.8205
2022-08-25 12:00:00,1710.11,1722.0,1688.44,1701.19,143810.628
2022-08-25 16:00:00,1701.2,1713.16,1689.53,1707.1,80521.7319
2022-08-25 20:00:00,1707.1,1712.85,1682.13,1695.11,63782.5224
2022-08-26 00:00:00,1695.11,1695.23,1671.7,1687.15,78668.8195
2022-08-26 04:00:00,1687.16,1687.69,1641.67,1660.56,116688.6567
2022-08-26 08:00:00,1660.56,1667.42,1620.5,1629.13,110359.3204
2022-08-26 12:00:00,1629.13,1706.45,1585.21,1593.53,467259.6092
2022-08-26 16:00:00,1593.53,1599.56,1538.23,1559.78,208407.6905
2022-08-26 20:00:00,1559.78,1568.72,1486.85,1508.18,168528.7329
2022-08-27 00:00:00,1508.18,1518.42,1483.2,1501.86,134000.3707
2022-08-27 04:00:00,1501.85,1509.74,1469.19,1508.02,145279.5977
2022-08-27 08:00:00,1508.02,1511.82,1494.81,1505.32,106527.4325
2022-08-27 12:00:00,1505.32,1509.15,1453.85,1469.93,150170.0088
2022-08-27 16:00:00,1469.92,1484.32,1447.52,1479.63,131885.374
2022-08-27 20:00:00,1479.62,1498.75,1457.66,1491.06,88273.8931
2022-08-28 00:00:00,1491.06,1511.0,1475.27,1491.48,70105.8237
2022-08-28 04:00:00,1491.48,1502.72,1481.59,1496.99,55840.6308
2022-08-28 08:00:00,1496.99,1504.07,1475.21,1485.72,69037.4318
2022-08-28 12:00:00,1485.72,1488.98,1458.99,1486.84,108692.5789
2022-08-28 16:00:00,1486.84,1498.0,1478.41,1483.27,84903.0319
2022-08-28 20:00:00,1483.28,1492.57,1424.0,1426.76,156266.9515
2022-08-29 00:00:00,1426.76,1463.03,1422.08,1456.88,156710.1932
2022-08-29 04:00:00,1456.88,1462.21,1439.35,1454.74,90376.4767
2022-08-29 08:00:00,1454.74,1456.39,1442.0,1449.04,75623.0013
2022-08-29 12:00:00,1449.05,1531.37,1447.01,1521.89,272964.9776
2022-08-29 16:00:00,1521.88,1545.0,1519.97,1531.36,133687.8484
2022-08-29 20:00:00,1531.36,1559.99,1529.21,1551.8,96889.5859
2022-08-30 00:00:00,1551.79,1552.66,1523.56,1544.2,92145.7571
2022-08-30 04:00:00,1544.19,1600.84,1542.73,1586.98,171149.3866
2022-08-30 08:00:00,1586.98,1606.13,1576.5,1584.88,98855.4353
2022-08-30 12:00:00,1584.89,1594.77,1509.61,1524.69,271442.965
2022-08-30 16:00:00,1524.68,1569.41,1473.61,1543.3,241181.3074
2022-08-30 20:00:00,1543.31,1565.63,1516.93,1524.59,128300.1658
2022-08-31 00:00:00,1524.59,1618.0,1524.59,1606.54,183899.8628
2022-08-31 04:00:00,1606.55,1619.78,1576.92,1584.83,149194.7551
2022-08-31 08:00:00,1584.82,1608.08,1560.0,1594.89,170367.5202
2022-08-31 12:00:00,1594.9,1610.0,1535.38,1560.68,208901.8001
2022-08-31 16:00:00,1560.68,1588.78,1528.0,1575.33,156700.7553
2022-08-31 20:00:00,1575.33,1584.66,1542.23,1554.1,80162.984
2022-09-01 00:00:00,1554.11,1573.98,1533.92,1549.91,134790.1897
2022-09-01 04:00:00,1549.92,1562.88,1531.08,1544.6,84155.5639
2022-09-01 08:00:00,1544.59,1586.34,1533.04,1577.99,110436.2039
2022-09-01 12:00:00,1577.99,1581.37,1512.77,1536.03,200258.9294
2022-09-01 16:00:00,1536.02,1572.76,1523.6,1564.64,105436.9943
2022-09-01 20:00:00,1564.65,1599.0,1561.7,1586.16,93632.6008
2022-09-02 00:00:00,1586.17,1606.19,1567.15,1595.82,108764.5461
2022-09-02 04:00:00,1595.82,1611.9,1577.94,1594.29,85051.2341
2022-09-02 08:00:00,1594.28,1603.0,1582.15,1593.63,75269.3809
2022-09-02 12:00:00,1593.62,1650.0,1580.0,1636.32,356701.2715
2022-09-02 16:00:00,1636.33,1639.42,1546.41,1561.47,214995.4822
2022-09-02 20:00:00,1561.47,1586.6,1551.0,1575.35,78227.745
2022-09-03 00:00:00,1575.35,1582.71,1554.65,1561.54,65693.0326
2022-09-03 04:00:00,1561.53,1573.12,1534.28,1544.07,61892.1953
2022-09-03 08:00:00,1544.07,1559.74,1540.0,1548.66,61461.6651
2022-09-03 12:00:00,1548.66,1565.89,1543.58,1548.24,52055.4348
2022-09-03 16:00:00,1548.24,1564.0,1535.63,1549.31,47958.8714
2022-09-03 20:00:00,1549.31,1561.91,1546.7,1557.46,32336.0197
2022-09-04 00:00:00,1557.45,1561.55,1547.45,1552.16,29994.8222
2022-09-04 04:00:00,1552.16,1556.91,1543.56,1545.44,35430.8883
2022-09-04 08:00:00,1545.44,1564.83,1540.66,1564.55,44261.31
2022-09-04 12:00:00,1564.54,1583.66,1544.82,1560.55,85584.7837
2022-09-04 16:00:00,1560.55,1576.49,1555.67,1567.1,46862.9999
2022-09-04 20:00:00,1567.1,1582.87,1563.27,1579.28,54456.3125
2022-09-05 00:00:00,1579.29,1592.87,1568.68,1575.48,72959.3499
2022-09-05 04:00:00,1575.47,1580.2,1556.56,1562.49,68182.5922
2022-09-05 08:00:00,1562.5,1569.34,1557.93,1566.86,59749.2737
2022-09-05 12:00:00,1566.85,1606.43,1562.41,1600.82,119103.8015
2022-09-05 16:00:00,1600.82,1610.0,1576.37,1586.01,100183.0365
2022-09-05 20:00:00,1586.02,1631.99,1585.51,1617.8,83314.8832
2022-09-06 00:00:00,1617.8,1676.0,1615.27,1640.38,203634.8199
2022-09-06 04:00:00,1640.37,1678.7,1637.0,1658.77,141769.0403
2022-09-06 08:00:00,1658.76,1678.58,1646.91,1668.49,91409.8646
2022-09-06 12:00:00,1668.48,1687.4,1633.31,1669.85,194320.1429
2022-09-06 16:00:00,1669.85,1674.71,1562.5,1576.67,276264.8854
2022-09-06 20:00:00,1576.67,1588.91,1555.0,1559.01,103324.1047
2022-09-07 00:00:00,1559.01,1568.32,1490.66,1510.37,175691.3751
2022-09-07 04:00:00,1510.37,1527.89,1499.29,1518.32,103464.0326
2022-09-07 08:00:00,1518.31,1525.26,1503.82,1513.79,75728.6939
2022-09-07 12:00:00,1513.79,1551.0,1500.0,1544.17,155947.7013
2022-09-07 16:00:00,1544.18,1581.36,1536.43,1570.15,111872.3125
2022-09-07 20:00:00,1570.14,1657.5,1568.8,1630.0,228287.3089
2022-09-08 00:00:00,1630.0,1637.23,1613.13,1629.79,75487.5716
2022-09-08 04:00:00,1629.78,1647.66,1595.06,1613.55,113479.9574
2022-09-08 08:00:00,1613.54,1645.0,1606.19,1635.99,91880.7676
2022-09-08 12:00:00,1635.99,1654.99,1597.88,1629.56,212200.3483
2022-09-08 16:00:00,1629.57,1650.0,1609.0,1649.6,90735.255
2022-09-08 20:00:00,1649.6,1663.56,1626.31,1635.37,61340.1086
2022-09-09 00:00:00,1635.37,1676.96,1630.51,1672.96,95528.0834
2022-09-09 04:00:00,1672.97,1717.98,1669.75,1704.93,238877.7841
2022-09-09 08:00:00,1704.93,1715.78,1684.4,1700.08,160082.1618
2022-09-09 12:00:00,1700.07,1746.13,1698.61,1719.34,168007.0276
2022-09-09 16:00:00,1719.34,1726.59,1696.0,1720.08,93990.9345
2022-09-09 20:00:00,1720.07,1731.94,1706.82,1718.23,80972.2212
2022-09-10 00:00:00,1718.24,1743.56,1706.03,1733.5,73670.4625
2022-09-10 04:00:00,1733.5,1745.46,1708.0,1711.0,68418.3568
2022-09-10 08:00:00,1711.0,1728.49,1709.5,1723.96,40265.4816
2022-09-10 12:00:00,1723.97,1734.0,1712.53,1715.77,50515.2744
2022-09-10 16:00:00,1715.76,1744.2,1709.49,1741.05,59895.8293
2022-09-10 20:00:00,1741.04,1789.0,1729.19,1774.12,118280.842
2022-09-11 00:00:00,1774.12,1779.46,1757.0,1760.87,61890.7616
2022-09-11 04:00:00,1760.87,1768.68,1743.67,1761.61,54649.8825
2022-09-11 08:00:00,1761.6,1780.0,1757.27,1770.14,60537.9929
2022-09-11 12:00:00,1770.13,1779.0,1753.37,1768.8,65047.9626
2022-09-11 16:00:00,1768.8,1789.0,1756.29,1763.55,57236.4283
2022-09-11 20:00:00,1763.55,1768.3,1720.1,1766.11,109924.6984
2022-09-12 00:00:00,1766.12,1783.0,1711.75,1726.8,127950.4715
2022-09-12 04:00:00,1726.81,1761.45,1717.45,1758.6,73889.148
2022-09-12 08:00:00,1758.61,1765.97,1729.46,1748.92,105690.9287
2022-09-12 12:00:00,1748.92,1754.99,1695.37,1706.4,136176.1987
2022-09-12 16:00:00,1706.38,1733.76,1693.0,1726.28,116216.9888
2022-09-12 20:00:00,1726.27,1731.15,1701.59,1716.37,70850.8675
2022-09-13 00:00:00,1716.37,1718.31,1675.1,1716.12,111213.5613
2022-09-13 04:00:00,1716.12,1731.66,1699.32,1715.99,109863.0017
2022-09-13 08:00:00,1715.99,1746.72,1708.3,1737.63,104066.5122
2022-09-13 12:00:00,1737.64,1760.51,1572.91,1594.45,506486.302
2022-09-13 16:00:00,1594.44,1632.11,1569.94,1605.25,180483.6721
2022-09-13 20:00:00,1605.25,1624.4,1560.54,1574.4,122436.6763
2022-09-14 00:00:00,1574.4,1611.65,1552.38,1602.92,119213.9309
2022-09-14 04:00:00,1602.91,1623.84,1596.47,1612.14,92924.775
2022-09-14 08:00:00,1612.15,1612.48,1583.2,1595.28,99930.6762
2022-09-14 12:00:00,1595.27,1613.41,1586.13,1594.94,191016.6962
2022-09-14 16:00:00,1594.94,1602.93,1560.0,1599.81,152034.112
2022-09-14 20:00:00,1599.82,1647.01,1592.63,1638.39,109442.349
2022-09-15 00:00:00,1638.4,1655.2,1583.5,1605.53,218112.9737
2022-09-15 04:00:00,1605.53,1655.0,1571.5,1636.65,374405.7664
2022-09-15 08:00:00,1636.65,1636.66,1574.46,1591.53,191046.1698
2022-09-15 12:00:00,1591.54,1600.0,1458.0,1492.94,313880.8583
2022-09-15 16:00:00,1492.95,1519.11,1483.46,1497.63,122117.7458
2022-09-15 20:00:00,1497.64,1509.62,1459.14,1472.75,115936.2907
2022-09-16 00:00:00,1472.76,1483.35,1446.7,1473.56,112039.6987
2022-09-16 04:00:00,1473.56,1480.44,1467.19,1471.7,61596.194
2022-09-16 08:00:00,1471.7,1482.18,1442.2,1478.64,123337.8908
2022-09-16 12:00:00,1478.64,1478.98,1424.28,1452.31,191434.9059
2022-09-16 16:00:00,1452.31,1452.31,1405.52,1427.6,142195.0776
2022-09-16 20:00:00,1427.6,1448.41,1423.04,1433.9,62993.4755
2022-09-17 00:00:00,1433.9,1456.6,1430.81,1440.57,75904.1048
2022-09-17 04:00:00,1440.57,1447.92,1425.0,1432.37,70809.7474
2022-09-17 08:00:00,1432.37,1435.32,1416.0,1419.64,50768.7007
2022-09-17 12:00:00,1419.64,1450.64,1409.12,1444.34,73941.6076
2022-09-17 16:00:00,1444.34,1476.13,1442.34,1464.66,87199.8916
2022-09-17 20:00:00,1464.67,1473.29,1446.52,1468.83,62767.3222
2022-09-18 00:00:00,1468.82,1469.63,1446.66,1451.81,52416.5202
2022-09-18 04:00:00,1451.8,1460.51,1448.89,1453.45,38849.7366
2022-09-18 08:00:00,1453.45,1459.55,1417.38,1434.01,90550.8417
2022-09-18 12:00:00,1434.02,1439.84,1410.1,1417.43,100673.143
2022-09-18 16:00:00,1417.44,1424.68,1367.0,1380.78,244528.0361
2022-09-18 20:00:00,1380.78,1381.62,1325.55,1334.51,277095.1904
2022-09-19 00:00:00,1334.51,1354.0,1287.71,1294.55,207107.9315
2022-09-19 04:00:00,1294.55,1313.43,1280.0,1302.21,176077.6879
2022-09-19 08:00:00,1302.22,1320.04,1289.41,1307.9,137034.2164
2022-09-19 12:00:00,1307.91,1372.33,1306.75,1341.53,221348.1172
2022-09-19 16:00:00,1341.52,1367.46,1321.84,1362.37,135309.8474
2022-09-19 20:00:00,1362.38,1393.35,1356.62,1375.98,97977.3976
2022-09-20 00:00:00,1375.98,1384.78,1342.24,1355.0,91667.9857
2022-09-20 04:00:00,1355.01,1378.51,1351.07,1358.54,87957.6267
2022-09-20 08:00:00,1358.55,1366.74,1345.14,1356.26,82740.4024
2022-09-20 12:00:00,1356.25,1381.56,1329.01,1377.18,170818.1122
2022-09-20 16:00:00,1377.17,1384.1,1331.92,1352.1,138132.3842
2022-09-20 20:00:00,1352.09,1356.36,1312.71,1322.93,86710.6353
2022-09-21 00:00:00,1322.94,1345.96,1317.52,1337.21,64352.5168
2022-09-21 04:00:00,1337.21,1344.8,1316.12,1331.97,84256.5407
2022-09-21 08:00:00,1331.98,1353.8,1323.14,1350.92,75857.8517
2022-09-21 12:00:00,1350.93,1360.76,1334.01,1343.05,112605.7023
2022-09-21 16:00:00,1343.06,1408.9,1302.95,1323.47,585257.3432
2022-09-21 20:00:00,1323.47,1327.35,1220.0,1245.78,269936.7832
2022-09-22 00:00:00,1245.79,1271.58,1237.32,1262.91,122189.6124
2022-09-22 04:00:00,1262.92,1280.73,1254.61,1278.59,103144.1211
2022-09-22 08:00:00,1278.59,1313.02,1276.5,1308.5,136852.1019
2022-09-22 12:00:00,1308.51,1313.7,1256.69,1271.25,208151.17
2022-09-22 16:00:00,1271.24,1337.4,1252.12,1323.87,188001.1119
2022-09-22 20:00:00,1323.88,1350.08,1307.07,1326.46,145944.1552
2022-09-23 00:00:00,1326.47,1345.4,1314.42,1340.77,106234.5377
2022-09-23 04:00:00,1340.77,1360.0,1328.58,1331.82,113842.7941
2022-09-23 08:00:00,1331.82,1335.57,1282.14,1287.74,155927.4599
2022-09-23 12:00:00,1287.75,1319.13,1262.15,1293.94,279148.2059
2022-09-23 16:00:00,1293.95,1307.42,1274.32,1292.26,197550.3816
2022-09-23 20:00:00,1292.26,1339.93,1292.24,1327.25,121348.9852
2022-09-24 00:00:00,1327.24,1330.41,1311.36,1321.65,99590.0068
2022-09-24 04:00:00,1321.66,1337.8,1316.9,1322.41,63956.6344
2022-09-24 08:00:00,1322.4,1332.74,1317.03,1326.99,89795.9589
2022-09-24 12:00:00,1326.99,1349.33,1326.15,1339.78,105334.1794
2022-09-24 16:00:00,1339.77,1348.35,1333.69,1342.31,72169.0831
2022-09-24 20:00:00,1342.3,1344.07,1306.52,1317.13,86711.4871
2022-09-25 00:00:00,1317.13,1329.44,1314.4,1329.38,69878.4302
2022-09-25 04:00:00,1329.37,1337.0,1319.58,1332.84,46647.2027
2022-09-25 08:00:00,1332.83,1334.45,1316.74,1329.33,63701.494
2022-09-25 12:00:00,1329.33,1331.49,1298.15,1310.79,112537.6146
2022-09-25 16:00:00,1310.78,1321.03,1281.91,1299.82,110731.0456
2022-09-25 20:00:00,1299.81,1303.1,1269.27,1294.63,112038.0538
2022-09-26 00:00:00,1294.62,1314.55,1286.88,1303.23,132985.756
2022-09-26 04:00:00,1303.24,1306.35,1277.85,1295.44,124992.1313
2022-09-26 08:00:00,1295.43,1325.06,1289.32,1297.22,133683.3531
2022-09-26 12:00:00,1297.22,1338.51,1293.7,1325.17,183403.3967
2022-09-26 16:00:00,1325.18,1340.42,1311.27,1330.38,142096.6041
2022-09-26 20:00:00,1330.37,1337.73,1315.29,1336.17,82005.1921
2022-09-27 00:00:00,1336.17,1389.77,1332.28,1385.66,179832.5447
2022-09-27 04:00:00,1385.66,1394.56,1375.04,1382.33,113119.9102
2022-09-27 08:00:00,1382.34,1399.06,1375.6,1388.81,94526.2143
2022-09-27 12:00:00,1388.82,1400.0,1364.62,1365.18,166230.4644
2022-09-27 16:00:00,1365.19,1367.68,1303.75,1324.6,228566.6208
2022-09-27 20:00:00,1324.6,1335.16,1316.69,1328.02,78309.14
2022-09-28 00:00:00,1328.01,1340.44,1267.13,1287.23,192168.2559
2022-09-28 04:00:00,1287.24,1293.45,1266.52,1285.53,123414.9743
2022-09-28 08:00:00,1285.52,1311.74,1253.2,1295.31,207216.5656
2022-09-28 12:00:00,1295.31,1332.9,1293.69,1331.78,173133.5085
2022-09-28 16:00:00,1331.78,1343.75,1310.54,1334.12,131414.6832
2022-09-28 20:00:00,1334.13,1355.7,1333.1,1337.2,91966.9256
2022-09-29 00:00:00,1337.2,1352.02,1327.37,1342.0,97858.0842
2022-09-29 04:00:00,1342.01,1345.92,1313.55,1322.0,113167.1526
2022-09-29 08:00:00,1321.99,1345.24,1314.0,1336.56,114222.9268
2022-09-29 12:00:00,1336.57,1337.73,1288.52,1326.8,256324.7254
2022-09-29 16:00:00,1326.81,1348.25,1314.64,1333.31,129587.0756
2022-09-29 20:00:00,1333.3,1340.95,1324.07,1335.7,59431.7249
2022-09-30 00:00:00,1335.69,1352.3,1320.12,1327.49,108948.4869
2022-09-30 04:00:00,1327.5,1346.1,1325.8,1339.88,69816.321
2022-09-30 08:00:00,1339.89,1349.36,1326.01,1330.8,88900.8388
2022-09-30 12:00:00,1330.79,1373.19,1313.35,1351.09,279683.7755
2022-09-30 16:00:00,1351.09,1361.72,1333.0,1337.56,111409.0051
2022-09-30 20:00:00,1337.54,1344.98,1316.41,1328.72,81995.1837
2022-10-01 00:00:00,1328.71,1333.69,1324.36,1329.61,36114.4547
2022-10-01 04:00:00,1329.61,1331.31,1323.28,1328.81,37537.3308
2022-10-01 08:00:00,1328.81,1333.0,1317.24,1325.42,37237.5563
2022-10-01 12:00:00,1325.41,1330.0,1319.2,1322.63,39268.9479
2022-10-01 16:00:00,1322.62,1324.22,1305.53,1311.96,64389.9194
2022-10-01 20:00:00,1311.95,1316.27,1302.68,1311.79,37533.6965
2022-10-02 00:00:00,1311.79,1315.94,1305.23,1309.55,32336.563
2022-10-02 04:00:00,1309.56,1317.93,1307.72,1311.14,51497.9007
2022-10-02 08:00:00,1311.14,1312.99,1280.63,1297.87,87055.1071
2022-10-02 12:00:00,1297.87,1301.24,1286.52,1293.32,51766.0837
2022-10-02 16:00:00,1293.33,1313.87,1291.41,1304.83,56073.6701
2022-10-02 20:00:00,1304.82,1307.5,1270.0,1276.72,93010.7161
2022-10-03 00:00:00,1276.72,1300.75,1263.04,1291.8,89902.6474
2022-10-03 04:00:00,1291.8,1301.94,1284.11,1291.96,64526.0955
2022-10-03 08:00:00,1291.96,1299.38,1286.25,1299.01,49358.2861
2022-10-03 12:00:00,1299.02,1327.57,1294.44,1318.77,142799.5848
2022-10-03 16:00:00,1318.76,1329.9,1309.38,1317.9,86344.8639
2022-10-03 20:00:00,1317.89,1328.0,1314.75,1323.09,50843.7658
2022-10-04 00:00:00,1323.1,1330.38,1318.66,1329.0,41626.8585
2022-10-04 04:00:00,1329.01,1350.2,1324.35,1350.0,97949.1018
2022-10-04 08:00:00,1349.99,1359.67,1342.01,1349.74,95089.6005
2022-10-04 12:00:00,1349.74,1364.31,1345.64,1353.93,108059.1708
2022-10-04 16:00:00,1353.93,1357.38,1338.12,1354.72,69184.5049
2022-10-04 20:00:00,1354.72,1369.55,1351.09,1361.49,64298.4337
2022-10-05 00:00:00,1361.5,1363.53,1352.17,1353.95,42848.8421
2022-10-05 04:00:00,1353.95,1358.86,1348.37,1353.19,50495.8015
2022-10-05 08:00:00,1353.18,1353.75,1331.41,1335.05,75946.9889
2022-10-05 12:00:00,1335.05,1336.72,1316.29,1330.35,119076.8997
2022-10-05 16:00:00,1330.35,1364.77,1327.26,1350.63,136896.5408
2022-10-05 20:00:00,1350.63,1357.96,1345.01,1352.2,58243.7052
2022-10-06 00:00:00,1352.2,1383.99,1351.5,1372.56,116891.5045
2022-10-06 04:00:00,1372.55,1381.69,1362.0,1368.36,88184.0573
2022-10-06 08:00:00,1368.37,1370.5,1354.84,1368.75,68751.4408
2022-10-06 12:00:00,1368.75,1380.3,1348.69,1361.38,156151.3286
2022-10-06 16:00:00,1361.37,1372.92,1353.92,1358.91,90179.614
2022-10-06 20:00:00,1358.91,1364.0,1345.01,1352.06,53817.3788
2022-10-07 00:00:00,1352.07,1361.75,1350.23,1355.19,45337.1193
2022-10-07 04:00:00,1355.19,1359.21,1346.01,1356.05,59215.4336
2022-10-07 08:00:00,1356.04,1360.8,1352.0,1354.76,54102.1343
2022-10-07 12:00:00,1354.76,1358.73,1324.5,1334.11,195168.01
2022-10-07 16:00:00,1334.12,1337.02,1317.26,1327.49,105002.1907
2022-10-07 20:00:00,1327.48,1336.34,1325.0,1331.1,33174.9897
2022-10-08 00:00:00,1331.1,1337.35,1330.01,1331.05,27826.115
2022-10-08 04:00:00,1331.06,1333.25,1326.05,1330.47,32594.917
2022-10-08 08:00:00,1330.48,1330.72,1323.44,1329.8,27543.2568
2022-10-08 12:00:00,1329.8,1330.18,1318.0,1324.31,42404.5726
2022-10-08 16:00:00,1324.3,1329.99,1322.25,1324.54,26641.6426
2022-10-08 20:00:00,1324.54,1326.5,1303.51,1315.48,46381.1572
2022-10-09 00:00:00,1315.48,1316.48,1307.26,1310.69,27203.0172
2022-10-09 04:00:00,1310.68,1317.89,1308.62,1314.88,21725.9087
2022-10-09 08:00:00,1314.89,1327.99,1313.44,1323.09,34938.0743
2022-10-09 12:00:00,1323.1,1329.0,1320.97,1326.52,26383.9814
2022-10-09 16:00:00,1326.52,1327.68,1310.0,1319.82,41428.9209
2022-10-09 20:00:00,1319.81,1323.5,1314.35,1323.13,34522.016
2022-10-10 00:00:00,1323.13,1338.0,1320.29,1323.18,44860.1453
2022-10-10 04:00:00,1323.18,1325.39,1312.16,1316.7,41018.096
2022-10-10 08:00:00,1316.7,1317.64,1296.36,1315.0,91265.6083
2022-10-10 12:00:00,1315.01,1319.68,1303.39,1308.27,84173.7024
2022-10-10 16:00:00,1308.26,1315.0,1298.99,1307.59,66859.6431
2022-10-10 20:00:00,1307.6,1309.97,1288.0,1290.03,65485.8163
2022-10-11 00:00:00,1290.03,1290.03,1267.01,1278.37,108773.429
2022-10-11 04:00:00,1278.36,1284.51,1272.05,1284.19,57589.7809
2022-10-11 08:00:00,1284.19,1288.93,1277.82,1286.72,49216.8415
2022-10-11 12:00:00,1286.72,1297.68,1268.85,1293.56,107886.1958
2022-10-11 16:00:00,1293.56,1298.0,1275.64,1282.51,73980.036
2022-10-11 20:00:00,1282.5,1287.22,1273.8,1280.11,31984.1109
2022-10-12 00:00:00,1280.11,1288.93,1275.25,1283.71,43775.6705
2022-10-12 04:00:00,1283.71,1301.74,1283.25,1293.88,54801.2958
2022-10-12 08:00:00,1293.88,1306.87,1292.73,1297.68,63049.0101
2022-10-12 12:00:00,1297.67,1305.59,1285.51,1299.24,99642.1407
2022-10-12 16:00:00,1299.23,1301.0,1287.53,1297.05,71058.8201
2022-10-12 20:00:00,1297.05,1302.97,1292.68,1294.44,37385.6387
2022-10-13 00:00:00,1294.44,1299.15,1282.05,1286.47,52819.037
2022-10-13 04:00:00,1286.48,1289.25,1271.64,1277.43,69667.4917
2022-10-13 08:00:00,1277.44,1280.49,1220.41,1243.09,211033.6305
2022-10-13 12:00:00,1243.09,1275.06,1190.0,1256.9,380859.715
2022-10-13 16:00:00,1256.9,1294.89,1251.23,1287.03,164955.7824
2022-10-13 20:00:00,1287.04,1301.58,1285.59,1287.08,66282.6597
2022-10-14 00:00:00,1287.08,1342.0,1283.39,1329.76,155601.4611
2022-10-14 04:00:00,1329.75,1332.2,1316.36,1321.74,82842.6352
2022-10-14 08:00:00,1321.75,1336.5,1316.55,1325.87,82926.192
2022-10-14 12:00:00,1325.87,1343.12,1305.89,1310.04,194553.2538
2022-10-14 16:00:00,1310.04,1313.22,1294.0,1298.72,106953.5546
2022-10-14 20:00:00,1298.71,1304.07,1290.0,1296.27,46865.7126
2022-10-15 00:00:00,1296.26,1301.69,1293.52,1300.26,33463.7431
2022-10-15 04:00:00,1300.27,1301.15,1290.54,1294.99,36400.0588
2022-10-15 08:00:00,1294.99,1295.24,1277.01,1287.42,68014.9455
2022-10-15 12:00:00,1287.41,1291.8,1279.1,1286.08,44231.7716
2022-10-15 16:00:00,1286.09,1289.92,1278.31,1282.47,40397.5502
2022-10-15 20:00:00,1282.46,1283.69,1263.64,1274.92,64592.8837
2022-10-16 00:00:00,1274.93,1286.69,1274.67,1283.63,32092.6562
2022-10-16 04:00:00,1283.63,1288.99,1281.12,1283.24,28686.7044
2022-10-16 08:00:00,1283.24,1290.27,1279.31,1284.03,41763.0301
2022-10-16 12:00:00,1284.03,1287.79,1279.3,1286.35,34832.1755
2022-10-16 16:00:00,1286.36,1308.93,1281.57,1308.09,63057.7831
2022-10-16 20:00:00,1308.09,1315.35,1290.62,1305.95,92889.0139
2022-10-17 00:00:00,1305.96,1308.25,1295.64,1301.59,49094.1931
2022-10-17 04:00:00,1301.58,1314.6,1298.35,1312.22,55832.2266
2022-10-17 08:00:00,1312.22,1325.91,1307.52,1317.41,83170.9793
2022-10-17 12:00:00,1317.41,1337.67,1313.73,1329.18,134005.7386
2022-10-17 16:00:00,1329.18,1331.0,1315.31,1325.54,77890.0367
2022-10-17 20:00:00,1325.55,1338.57,1324.19,1331.4,59855.3198
2022-10-18 00:00:00,1331.39,1341.73,1327.6,1333.31,74617.1913
2022-10-18 04:00:00,1333.3,1340.37,1330.29,1336.74,75581.8149
2022-10-18 08:00:00,1336.74,1337.25,1318.15,1325.89,76341.0151
2022-10-18 12:00:00,1325.89,1334.59,1298.08,1307.61,172767.2954
2022-10-18 16:00:00,1307.62,1312.35,1286.72,1300.85,95950.4851
2022-10-18 20:00:00,1300.84,1320.0,1298.51,1310.71,77471.1171
2022-10-19 00:00:00,1310.71,1313.5,1298.33,1305.16,54325.1583
2022-10-19 04:00:00,1305.25,1306.25,1291.93,1299.77,62574.0817
2022-10-19 08:00:00,1299.77,1308.09,1293.95,1300.25,55889.783
2022-10-19 12:00:00,1300.24,1308.39,1290.0,1304.76,84040.8319
2022-10-19 16:00:00,1304.76,1305.48,1292.52,1296.94,48077.1592
2022-10-19 20:00:00,1296.95,1298.93,1280.31,1285.09,63730.4964
2022-10-20 00:00:00,1285.09,1288.14,1270.36,1279.98,76788.6873
2022-10-20 04:00:00,1279.98,1296.07,1279.72,1292.43,61528.6161
2022-10-20 08:00:00,1292.42,1302.36,1289.47,1299.64,52066.7922
2022-10-20 12:00:00,1299.65,1310.87,1290.65,1299.83,102324.0194
2022-10-20 16:00:00,1299.84,1299.84,1277.55,1284.56,83767.9283
2022-10-20 20:00:00,1284.57,1288.01,1271.96,1282.57,52055.567
2022-10-21 00:00:00,1282.57,1292.5,1278.81,1287.54,42415.2238
2022-10-21 04:00:00,1287.53,1291.05,1282.64,1284.59,40495.8417
2022-10-21 08:00:00,1284.6,1285.0,1272.73,1275.52,67375.525
2022-10-21 12:00:00,1275.53,1297.91,1252.65,1297.47,198433.7671
2022-10-21 16:00:00,1297.46,1305.66,1294.84,1303.3,86255.4301
2022-10-21 20:00:00,1303.29,1306.97,1297.25,1299.75,33101.0109
2022-10-22 00:00:00,1299.76,1304.68,1294.32,1298.81,27984.1627
2022-10-22 04:00:00,1298.82,1300.55,1294.98,1299.69,22442.5719
2022-10-22 08:00:00,1299.69,1307.98,1299.57,1305.67,34797.5582
2022-10-22 12:00:00,1305.67,1318.97,1302.93,1316.38,73445.2863
2022-10-22 16:00:00,1316.38,1320.2,1306.72,1314.19,41516.5199
2022-10-22 20:00:00,1314.19,1318.51,1312.14,1313.61,21590.6017
2022-10-23 00:00:00,1313.62,1314.81,1304.63,1313.22,28327.9959
2022-10-23 04:00:00,1313.22,1314.72,1306.82,1309.57,25232.2118
2022-10-23 08:00:00,1309.57,1311.95,1301.3,1304.14,46521.9038
2022-10-23 12:00:00,1304.13,1316.5,1299.44,1313.6,56155.317
2022-10-23 16:00:00,1313.6,1335.0,1311.19,1330.85,83053.2549
2022-10-23 20:00:00,1330.85,1371.55,1328.72,1364.2,192978.7766
2022-10-24 00:00:00,1364.19,1370.6,1344.18,1348.08,96959.7424
2022-10-24 04:00:00,1348.07,1348.09,1332.33,1336.8,132043.0892
2022-10-24 08:00:00,1336.79,1354.5,1332.46,1353.41,90235.3022
2022-10-24 12:00:00,1353.4,1353.98,1324.17,1341.62,173337.7086
2022-10-24 16:00:00,1341.63,1352.79,1330.72,1344.95,62743.3378
2022-10-24 20:00:00,1344.96,1359.43,1341.07,1343.61,56511.6168
2022-10-25 00:00:00,1343.61,1349.31,1334.94,1347.62,57869.5372
2022-10-25 04:00:00,1347.61,1351.81,1343.72,1347.18,36288.9182
2022-10-25 08:00:00,1347.19,1349.94,1339.22,1347.48,47270.5412
2022-10-25 12:00:00,1347.48,1418.72,1346.5,1408.3,322646.7094
2022-10-25 16:00:00,1408.29,1525.16,1405.09,1493.34,461749.9163
2022-10-25 20:00:00,1493.34,1495.23,1446.46,1459.74,202107.2789
2022-10-26 00:00:00,1459.74,1499.21,1457.44,1487.03,154347.6635
2022-10-26 04:00:00,1487.02,1524.5,1476.83,1515.65,172975.3943
2022-10-26 08:00:00,1515.59,1556.0,1508.56,1528.49,244055.321
2022-10-26 12:00:00,1528.49,1594.99,1509.43,1567.54,341153.6456
2022-10-26 16:00:00,1567.54,1572.33,1541.27,1564.28,156641.9359
2022-10-26 20:00:00,1564.27,1584.62,1542.85,1566.1,166870.742
2022-10-27 00:00:00,1566.11,1577.62,1532.06,1555.07,134830.8566
2022-10-27 04:00:00,1555.06,1571.43,1549.67,1556.53,69796.3825
2022-10-27 08:00:00,1556.53,1559.86,1534.73,1550.98,109637.9471
2022-10-27 12:00:00,1550.97,1578.58,1533.96,1544.21,255990.8085
2022-10-27 16:00:00,1544.22,1565.73,1539.34,1562.36,73364.8843
2022-10-27 20:00:00,1562.36,1563.68,1503.2,1514.05,225833.6061
2022-10-28 00:00:00,1514.04,1525.32,1496.4,1507.76,193661.1789
2022-10-28 04:00:00,1507.76,1520.13,1488.4,1493.67,104889.5502
2022-10-28 08:00:00,1493.68,1510.01,1484.61,1498.19,100248.4815
2022-10-28 12:00:00,1498.19,1549.94,1479.82,1537.87,239723.7725
2022-10-28 16:00:00,1537.87,1573.1,1533.63,1557.36,156095.4587
2022-10-28 20:00:00,1557.37,1574.9,1551.79,1554.41,64336.0007
2022-10-29 00:00:00,1554.4,1594.0,1547.66,1589.52,104337.6908
2022-10-29 04:00:00,1589.53,1604.9,1574.62,1594.77,111834.9608
2022-10-29 08:00:00,1594.78,1652.11,1590.66,1615.42,263693.0996
2022-10-29 12:00:00,1615.41,1643.99,1608.68,1632.4,170308.8296
2022-10-29 16:00:00,1632.41,1663.06,1617.65,1623.44,186866.0314
2022-10-29 20:00:00,1623.43,1631.96,1604.02,1619.55,77120.4724
2022-10-30 00:00:00,1619.55,1624.41,1605.74,1622.18,57257.6922
2022-10-30 04:00:00,1622.19,1640.06,1618.48,1629.06,71596.3182
2022-10-30 08:00:00,1629.05,1630.0,1591.64,1605.0,111009.6803
2022-10-30 12:00:00,1605.01,1607.61,1578.45,1587.22,101448.6439
2022-10-30 16:00:00,1587.21,1596.65,1576.56,1587.34,71893.3477
2022-10-30 20:00:00,1587.35,1598.46,1577.07,1590.44,62830.742
2022-10-31 00:00:00,1590.45,1596.69,1561.52,1582.74,135904.5957
2022-10-31 04:00:00,1582.75,1596.21,1578.41,1591.17,58035.4297
2022-10-31 08:00:00,1591.16,1635.8,1578.6,1621.27,144837.5669
2022-10-31 12:00:00,1621.27,1625.42,1545.43,1569.44,273718.8228
2022-10-31 16:00:00,1569.43,1583.89,1555.51,1563.69,124526.4048
2022-10-31 20:00:00,1563.69,1577.75,1550.54,1572.69,73311.4215
2022-11-01 00:00:00,1572.69,1604.73,1568.8,1586.81,87964.4315
2022-11-01 04:00:00,1586.81,1602.85,1580.32,1591.11,72848.9691
2022-11-01 08:00:00,1591.12,1612.92,1582.49,1590.28,116223.6529
2022-11-01 12:00:00,1590.28,1598.39,1563.69,1574.28,147797.2015
2022-11-01 16:00:00,1574.29,1586.79,1568.43,1576.76,60689.1878
2022-11-01 20:00:00,1576.76,1583.02,1569.03,1578.48,42015.8537
2022-11-02 00:00:00,1578.47,1595.79,1572.09,1590.74,70313.1974
2022-11-02 04:00:00,1590.75,1600.2,1554.09,1564.76,149714.9416
2022-11-02 08:00:00,1564.76,1578.67,1536.25,1555.94,101621.6934
2022-11-02 12:00:00,1555.95,1567.13,1546.02,1558.5,85136.0941
2022-11-02 16:00:00,1558.51,1621.68,1524.0,1535.92,440529.6148
2022-11-02 20:00:00,1535.93,1537.51,1502.32,1518.34,134079.8235
2022-11-03 00:00:00,1518.33,1556.19,1515.17,1547.35,110124.6747
2022-11-03 04:00:00,1547.35,1559.01,1542.0,1544.04,73267.5526
2022-11-03 08:00:00,1544.04,1556.74,1523.1,1531.95,98072.0357
2022-11-03 12:00:00,1531.95,1556.0,1522.05,1542.46,162656.0111
2022-11-03 16:00:00,1542.47,1549.14,1538.34,1544.13,48207.5261
2022-11-03 20:00:00,1544.14,1544.42,1524.11,1531.01,67875.0811
2022-11-04 00:00:00,1531.01,1549.89,1528.4,1548.92,68392.1825
2022-11-04 04:00:00,1548.93,1588.19,1546.53,1587.43,122215.2313
2022-11-04 08:00:00,1587.43,1600.28,1575.3,1577.24,117513.4247
2022-11-04 12:00:00,1577.24,1680.0,1556.2,1624.97,368850.4447
2022-11-04 16:00:00,1624.97,1649.84,1607.8,1648.29,185653.4665
2022-11-04 20:00:00,1648.28,1654.77,1639.84,1644.78,72906.7284
2022-11-05 00:00:00,1644.78,1666.97,1635.15,1646.75,95282.3612
2022-11-05 04:00:00,1646.76,1658.72,1643.58,1651.36,43209.2618
2022-11-05 08:00:00,1651.37,1651.9,1636.47,1649.58,57559.3833
2022-11-05 12:00:00,1649.58,1650.23,1623.53,1635.87,64576.5414
2022-11-05 16:00:00,1635.87,1642.91,1624.89,1633.24,50814.2919
2022-11-05 20:00:00,1633.24,1635.22,1621.42,1626.98,39943.6966
2022-11-06 00:00:00,1626.98,1633.51,1612.3,1621.24,59304.613
2022-11-06 04:00:00,1621.23,1623.77,1613.95,1622.88,33627.1912
2022-11-06 08:00:00,1622.88,1639.02,1608.84,1620.35,64606.0226
2022-11-06 12:00:00,1620.34,1634.96,1615.81,1623.77,47048.1681
2022-11-06 16:00:00,1623.77,1625.93,1603.25,1610.41,80682.2351
2022-11-06 20:00:00,1610.41,1612.91,1564.39,1568.29,129595.7225
2022-11-07 00:00:00,1568.25,1595.3,1564.21,1587.5,99273.2403
2022-11-07 04:00:00,1587.5,1594.63,1546.3,1550.01,121788.7885
2022-11-07 08:00:00,1550.0,1584.56,1546.29,1580.0,112526.3751
2022-11-07 12:00:00,1579.99,1592.93,1567.58,1592.03,99382.6285
2022-11-07 16:00:00,1592.02,1608.04,1577.02,1600.52,82281.729
2022-11-07 20:00:00,1600.53,1607.28,1545.03,1568.1,127156.688
2022-11-08 00:00:00,1568.09,1576.79,1503.0,1507.07,219801.4954
2022-11-08 04:00:00,1507.06,1514.25,1431.82,1492.0,397923.2974
2022-11-08 08:00:00,1492.0,1494.49,1468.99,1476.87,115189.2468
2022-11-08 12:00:00,1476.87,1487.22,1422.94,1462.48,332243.0933
2022-11-08 16:00:00,1462.48,1579.98,1233.0,1315.39,1001671.6207
2022-11-08 20:00:00,1315.39,1344.83,1280.0,1334.77,273087.7553
2022-11-09 00:00:00,1334.78,1337.16,1283.37,1312.39,267660.3852
2022-11-09 04:00:00,1312.38,1319.38,1266.43,1274.35,246133.7601
2022-11-09 08:00:00,1274.36,1276.59,1136.13,1220.04,734537.3043
2022-11-09 12:00:00,1220.05,1248.55,1150.0,1163.02,503012.3581
2022-11-09 16:00:00,1163.02,1206.0,1143.43,1195.47,347512.1251
2022-11-09 20:00:00,1195.46,1200.0,1073.53,1102.73,395942.0029
2022-11-10 00:00:00,1102.73,1184.8,1085.93,1174.16,336892.7226
2022-11-10 04:00:00,1174.15,1206.13,1159.3,1189.72,251338.0312
2022-11-10 08:00:00,1189.54,1219.62,1175.13,1187.04,285702.3006
2022-11-10 12:00:00,1187.05,1350.0,1185.52,1321.61,635062.7326
2022-11-10 16:00:00,1321.64,1350.0,1247.4,1292.31,291051.4864
2022-11-10 20:00:00,1292.3,1344.66,1284.28,1299.28,175908.4033
2022-11-11 00:00:00,1299.28,1309.29,1221.08,1239.11,224826.0557
2022-11-11 04:00:00,1239.12,1289.26,1227.0,1278.33,201468.1674
2022-11-11 08:00:00,1278.34,1294.35,1264.07,1275.85,139755.1932
2022-11-11 12:00:00,1275.91,1310.0,1201.26,1260.18,422314.5436
2022-11-11 16:00:00,1260.18,1287.0,1233.24,1274.04,198559.5869
2022-11-11 20:00:00,1274.18,1295.0,1237.0,1289.28,121163.603
2022-11-12 00:00:00,1289.35,1292.16,1254.0,1259.34,111318.5446
2022-11-12 04:00:00,1259.34,1277.57,1238.7,1266.39,160399.3938
2022-11-12 08:00:00,1266.39,1275.0,1250.0,1260.5,89641.07
2022-11-12 12:00:00,1260.5,1285.52,1253.06,1274.8,92740.861
2022-11-12 16:00:00,1274.81,1278.88,1263.0,1268.45,50382.896
2022-11-12 20:00:00,1268.45,1268.95,1247.31,1257.25,43290.1518
2022-11-13 00:00:00,1257.25,1274.03,1253.45,1272.15,43686.0217
2022-11-13 04:00:00,1272.14,1274.23,1230.33,1250.93,111909.8724
2022-11-13 08:00:00,1250.94,1253.22,1212.0,1240.44,133139.1685
2022-11-13 12:00:00,1240.43,1248.45,1223.9,1231.36,73850.2652
2022-11-13 16:00:00,1231.36,1237.34,1215.8,1229.03,79226.1337
2022-11-13 20:00:00,1229.04,1237.0,1200.66,1221.49,105599.0689
2022-11-14 00:00:00,1221.5,1230.54,1171.13,1193.03,156252.2094
2022-11-14 04:00:00,1193.02,1262.0,1175.43,1260.07,202533.2688
2022-11-14 08:00:00,1260.06,1276.26,1252.0,1252.33,136608.4291
2022-11-14 12:00:00,1252.34,1291.2,1235.0,1245.32,232779.1898
2022-11-14 16:00:00,1245.32,1249.76,1210.03,1216.27,112608.2643
2022-11-14 20:00:00,1216.26,1249.97,1210.09,1243.28,93960.6445
2022-11-15 00:00:00,1243.29,1266.57,1236.15,1256.54,96455.9056
2022-11-15 04:00:00,1256.53,1273.89,1247.39,1266.33,90352.4569
2022-11-15 08:00:00,1266.33,1279.3,1255.0,1260.37,100514.125
2022-11-15 12:00:00,1260.37,1291.0,1257.79,1264.36,150039.9122
2022-11-15 16:00:00,1264.36,1274.25,1234.01,1257.28,133264.2939
2022-11-15 20:00:00,1257.29,1265.4,1241.46,1253.23,62198.8744
2022-11-16 00:00:00,1253.22,1268.67,1248.23,1264.86,55268.0975
2022-11-16 04:00:00,1264.86,1265.4,1243.0,1245.56,114561.9878
2022-11-16 08:00:00,1245.55,1254.25,1215.0,1222.28,152804.2701
2022-11-16 12:00:00,1222.29,1232.66,1187.06,1192.29,202233.6409
2022-11-16 16:00:00,1192.28,1221.57,1187.27,1208.71,93396.776
2022-11-16 20:00:00,1208.7,1221.73,1201.17,1216.17,55074.9492
2022-11-17 00:00:00,1216.16,1228.22,1201.92,1204.05,69439.0372
2022-11-17 04:00:00,1204.05,1218.05,1193.07,1204.88,121734.1096
2022-11-17 08:00:00,1204.88,1208.36,1181.05,1203.78,82881.1943
2022-11-17 12:00:00,1203.79,1217.89,1184.0,1192.8,131491.2536
2022-11-17 16:00:00,1192.8,1217.33,1189.0,1202.72,75457.5356
2022-11-17 20:00:00,1202.72,1210.0,1196.27,1200.43,49534.2185
2022-11-18 00:00:00,1200.42,1234.0,1199.18,1219.79,99508.9755
2022-11-18 04:00:00,1219.8,1224.43,1213.01,1214.65,51942.9344
2022-11-18 08:00:00,1214.65,1226.01,1205.05,1217.23,54979.0795
2022-11-18 12:00:00,1217.23,1227.81,1206.0,1211.13,65178.6506
2022-11-18 16:00:00,1211.14,1214.47,1200.36,1209.71,57070.8442
2022-11-18 20:00:00,1209.71,1214.97,1206.03,1212.58,31538.0495
2022-11-19 00:00:00,1212.58,1213.48,1201.0,1208.54,26543.4487
2022-11-19 04:00:00,1208.55,1209.72,1197.67,1206.81,47258.7136
2022-11-19 08:00:00,1206.81,1212.41,1204.16,1211.44,27341.4069
2022-11-19 12:00:00,1211.45,1212.09,1205.83,1209.58,26020.1506
2022-11-19 16:00:00,1209.58,1211.7,1206.95,1208.6,22181.4834
2022-11-19 20:00:00,1208.59,1235.0,1208.59,1217.67,60444.3856
2022-11-20 00:00:00,1217.67,1227.07,1215.33,1218.99,36439.2416
2022-11-20 04:00:00,1218.99,1223.26,1217.55,1220.39,24017.1082
2022-11-20 08:00:00,1220.38,1220.65,1160.0,1167.76,146271.2629
2022-11-20 12:00:00,1167.76,1180.47,1153.0,1177.13,128723.3629
2022-11-20 16:00:00,1177.12,1190.0,1169.53,1185.46,53829.1957
2022-11-20 20:00:00,1185.47,1186.72,1132.65,1142.21,141828.5894
2022-11-21 00:00:00,1142.21,1144.12,1111.11,1125.12,150635.5811
2022-11-21 04:00:00,1125.12,1140.0,1117.01,1123.48,104322.9868
2022-11-21 08:00:00,1123.49,1131.81,1105.65,1125.0,145405.1679
2022-11-21 12:00:00,1125.0,1146.99,1115.1,1130.33,145452.8918
2022-11-21 16:00:00,1130.34,1133.1,1079.76,1091.22,236304.9905
2022-11-21 20:00:00,1091.22,1123.27,1082.36,1107.34,140526.3273
2022-11-22 00:00:00,1107.34,1117.29,1097.02,1104.41,106939.2304
2022-11-22 04:00:00,1104.41,1107.33,1079.54,1093.31,105284.2307
2022-11-22 08:00:00,1093.31,1095.0,1075.0,1085.44,114261.6261
2022-11-22 12:00:00,1085.44,1143.96,1079.0,1135.37,250563.4331
2022-11-22 16:00:00,1135.36,1146.13,1114.27,1127.25,113257.3026
2022-11-22 20:00:00,1127.26,1142.36,1122.96,1139.6,58578.7562
2022-11-23 00:00:00,1139.59,1170.87,1127.75,1170.8,157084.7864
2022-11-23 04:00:00,1170.81,1171.45,1157.48,1166.71,76477.2577
2022-11-23 08:00:00,1166.71,1184.25,1160.51,1174.98,107520.8154
2022-11-23 12:00:00,1174.98,1178.0,1153.67,1161.28,101411.1896
2022-11-23 16:00:00,1161.28,1189.75,1150.6,1168.92,124518.2088
2022-11-23 20:00:00,1168.91,1190.0,1159.99,1184.52,69914.9015
2022-11-24 00:00:00,1184.52,1210.0,1180.6,1201.92,125886.675
2022-11-24 04:00:00,1201.93,1217.71,1198.74,1206.72,109438.5621
2022-11-24 08:00:00,1206.72,1208.35,1191.52,1195.75,74519.499
2022-11-24 12:00:00,1195.76,1203.92,1185.96,1195.24,65973.082
2022-11-24 16:00:00,1195.24,1208.22,1192.69,1203.1,63166.2485
2022-11-24 20:00:00,1203.1,1206.17,1193.78,1203.73,47096.5457
2022-11-25 00:00:00,1203.72,1204.98,1180.0,1186.16,71146.1579
2022-11-25 04:00:00,1186.15,1187.92,1171.2,1185.01,84113.433
2022-11-25 08:00:00,1185.01,1198.98,1175.6,1193.26,71084.0954
2022-11-25 12:00:00,1193.27,1200.12,1181.09,1189.8,74631.9989
2022-11-25 16:00:00,1189.8,1199.0,1183.0,1197.22,40751.3605
2022-11-25 20:00:00,1197.23,1207.77,1195.71,1199.3,49703.1201
2022-11-26 00:00:00,1199.29,1228.67,1196.81,1215.71,96215.679
2022-11-26 04:00:00,1215.71,1225.78,1212.35,1218.97,67459.3967
2022-11-26 08:00:00,1218.96,1227.76,1215.12,1221.71,56703.3101
2022-11-26 12:00:00,1221.71,1235.66,1206.27,1210.9,74739.26
2022-11-26 16:00:00,1210.9,1215.48,1201.88,1207.34,50260.0416
2022-11-26 20:00:00,1207.33,1212.71,1196.2,1205.6,34463.1242
2022-11-27 00:00:00,1205.61,1218.76,1204.31,1216.51,38910.6929
2022-11-27 04:00:00,1216.5,1223.33,1214.32,1216.9,41691.7021
2022-11-27 08:00:00,1216.9,1220.99,1209.58,1215.31,62409.6216
2022-11-27 12:00:00,1215.31,1219.59,1207.47,1217.92,36606.0177
2022-11-27 16:00:00,1217.91,1220.8,1211.11,1213.19,36418.3811
2022-11-27 20:00:00,1213.19,1218.51,1188.65,1193.88,70350.3832
2022-11-28 00:00:00,1193.88,1199.25,1158.12,1172.54,160151.8578
2022-11-28 04:00:00,1172.55,1179.01,1166.6,1174.03,61489.5795
2022-11-28 08:00:00,1174.02,1176.5,1164.02,1170.36,48570.3701
2022-11-28 12:00:00,1170.36,1182.71,1155.0,1163.49,90435.693
2022-11-28 16:00:00,1163.5,1184.98,1151.02,1171.59,87923.0128
2022-11-28 20:00:00,1171.59,1175.47,1167.0,1167.77,30225.0961
2022-11-29 00:00:00,1167.77,1189.99,1158.27,1184.67,68919.7664
2022-11-29 04:00:00,1184.68,1215.0,1184.22,1207.08,118417.9621
2022-11-29 08:00:00,1207.08,1223.0,1205.01,1217.32,109677.0334
2022-11-29 12:00:00,1217.32,1218.83,1202.96,1208.72,88427.9236
2022-11-29 16:00:00,1208.72,1220.0,1202.97,1215.75,69553.7715
2022-11-29 20:00:00,1215.75,1228.37,1215.36,1216.49,57147.1291
2022-11-30 00:00:00,1216.49,1283.47,1212.5,1265.09,242253.9476
2022-11-30 04:00:00,1265.09,1274.8,1265.08,1272.62,70827.9186
2022-11-30 08:00:00,1272.62,1277.34,1261.2,1266.72,56901.3303
2022-11-30 12:00:00,1266.73,1272.5,1255.1,1267.4,108235.4278
2022-11-30 16:00:00,1267.39,1300.0,1258.57,1287.2,228085.4857
2022-11-30 20:00:00,1287.2,1309.77,1285.0,1294.46,109375.1617
2022-12-01 00:00:00,1294.46,1295.88,1281.2,1288.02,72869.3843
2022-12-01 04:00:00,1288.02,1289.42,1276.13,1278.76,59241.5294
2022-12-01 08:00:00,1278.76,1286.33,1277.28,1282.94,73405.7923
2022-12-01 12:00:00,1282.94,1299.9,1262.77,1271.54,147851.2987
2022-12-01 16:00:00,1271.54,1278.69,1265.52,1275.91,42048.026
2022-12-01 20:00:00,1275.91,1283.94,1267.06,1276.41,34602.7084
2022-12-02 00:00:00,1276.4,1284.75,1265.24,1271.69,57962.0693
2022-12-02 04:00:00,1271.69,1278.26,1268.0,1275.68,44700.4939
2022-12-02 08:00:00,1275.68,1294.53,1273.56,1288.83,60903.5216
2022-12-02 12:00:00,1288.82,1297.18,1268.0,1278.96,130620.7071
2022-12-02 16:00:00,1278.97,1288.32,1274.29,1287.32,36847.0331
2022-12-02 20:00:00,1287.31,1296.97,1286.38,1295.59,40525.76
2022-12-03 00:00:00,1295.58,1309.0,1282.43,1285.85,59188.2305
2022-12-03 04:00:00,1285.84,1290.56,1273.36,1276.08,66488.2787
2022-12-03 08:00:00,1276.08,1277.15,1260.54,1269.39,74686.5961
2022-12-03 12:00:00,1269.4,1275.2,1266.52,1271.04,33670.5507
2022-12-03 16:00:00,1271.04,1271.48,1262.34,1266.19,33390.9841
2022-12-03 20:00:00,1266.2,1266.64,1236.26,1240.51,79723.6187
2022-12-04 00:00:00,1240.5,1263.73,1240.1,1257.04,63085.5932
2022-12-04 04:00:00,1257.03,1267.35,1253.5,1257.03,47005.2007
2022-12-04 08:00:00,1257.02,1263.65,1251.64,1254.94,41971.9514
2022-12-04 12:00:00,1254.94,1262.48,1249.65,1259.83,49018.0787
2022-12-04 16:00:00,1259.84,1282.76,1256.65,1278.5,83156.2171
2022-12-04 20:00:00,1278.49,1287.19,1272.31,1279.41,39892.5055
2022-12-05 00:00:00,1279.4,1297.58,1276.68,1290.85,75240.9027
2022-12-05 04:00:00,1290.86,1304.77,1289.75,1297.08,58770.0782
2022-12-05 08:00:00,1297.09,1305.11,1291.86,1295.13,57149.3202
2022-12-05 12:00:00,1295.13,1295.13,1259.19,1266.59,85596.9268
2022-12-05 16:00:00,1266.59,1270.24,1246.61,1253.67,82465.213
2022-12-05 20:00:00,1253.67,1260.64,1251.76,1259.41,32406.0757
2022-12-06 00:00:00,1259.41,1270.08,1259.38,1261.82,43289.604
2022-12-06 04:00:00,1261.81,1263.1,1254.4,1260.39,27907.4723
2022-12-06 08:00:00,1260.39,1264.97,1242.0,1256.08,61454.433
2022-12-06 12:00:00,1256.09,1262.16,1244.92,1254.4,63911.6553
2022-12-06 16:00:00,1254.39,1259.24,1241.56,1250.13,54916.1265
2022-12-06 20:00:00,1250.12,1274.76,1247.71,1271.32,50152.5479
2022-12-07 00:00:00,1271.31,1278.69,1259.08,1262.27,41068.835
2022-12-07 04:00:00,1262.28,1264.81,1219.0,1224.63,115599.4182
2022-12-07 08:00:00,1224.63,1230.8,1218.01,1224.97,75458.9968
2022-12-07 12:00:00,1224.96,1239.94,1219.21,1233.85,87584.399
2022-12-07 16:00:00,1233.85,1237.48,1227.0,1232.11,43085.1723
2022-12-07 20:00:00,1232.12,1235.0,1222.1,1231.18,35762.6953
2022-12-08 00:00:00,1231.18,1238.93,1222.01,1231.86,49350.3494
2022-12-08 04:00:00,1231.87,1235.78,1224.64,1232.73,37389.8481
2022-12-08 08:00:00,1232.73,1245.41,1228.2,1240.4,63643.191
2022-12-08 12:00:00,1240.4,1253.65,1235.97,1249.91,75358.8037
2022-12-08 16:00:00,1249.91,1292.58,1248.71,1283.9,117291.5485
2022-12-08 20:00:00,1283.9,1286.44,1275.78,1280.18,63619.804
2022-12-09 00:00:00,1280.18,1290.91,1273.13,1283.98,83686.6376
2022-12-09 04:00:00,1283.97,1285.83,1277.5,1282.43,43358.9031
2022-12-09 08:00:00,1282.44,1292.95,1278.89,1287.83,60071.1507
2022-12-09 12:00:00,1287.84,1296.64,1250.0,1277.6,130921.4629
2022-12-09 16:00:00,1277.6,1278.0,1263.4,1269.05,40336.1771
2022-12-09 20:00:00,1269.06,1269.25,1255.83,1263.1,47633.6718
2022-12-10 00:00:00,1263.11,1268.6,1261.52,1265.2,27288.0141
2022-12-10 04:00:00,1265.2,1266.67,1262.55,1264.57,15929.5889
2022-12-10 08:00:00,1264.58,1267.67,1259.6,1266.18,26684.8089
2022-12-10 12:00:00,1266.19,1279.26,1263.61,1278.26,46724.0712
2022-12-10 16:00:00,1278.26,1283.61,1266.48,1272.2,39801.9138
2022-12-10 20:00:00,1272.21,1273.68,1261.95,1266.35,25850.2427
2022-12-11 00:00:00,1266.35,1273.37,1265.4,1272.68,20583.556
2022-12-11 04:00:00,1272.67,1278.13,1272.36,1276.49,24072.6232
2022-12-11 08:00:00,1276.49,1277.17,1270.82,1273.45,17478.1676
2022-12-11 12:00:00,1273.44,1275.98,1269.1,1273.38,22179.8749
2022-12-11 16:00:00,1273.38,1284.75,1271.0,1274.39,40624.2311
2022-12-11 20:00:00,1274.38,1274.39,1255.85,1263.01,55556.4492
2022-12-12 00:00:00,1263.0,1263.01,1240.55,1243.83,96732.6584
2022-12-12 04:00:00,1243.83,1247.86,1240.03,1246.46,39637.4607
2022-12-12 08:00:00,1246.45,1257.29,1242.02,1254.4,49979.9331
2022-12-12 12:00:00,1254.4,1256.46,1243.58,1249.35,59850.2935
2022-12-12 16:00:00,1249.34,1255.94,1248.72,1254.58,35497.4915
2022-12-12 20:00:00,1254.57,1278.9,1253.72,1275.4,82052.7109
2022-12-13 00:00:00,1275.41,1278.47,1265.84,1269.65,41158.8933
2022-12-13 04:00:00,1269.64,1275.2,1255.1,1266.41,76207.0819
2022-12-13 08:00:00,1266.42,1290.0,1264.01,1286.93,127212.8297
2022-12-13 12:00:00,1286.92,1349.0,1286.53,1323.78,280950.6387
2022-12-13 16:00:00,1323.78,1328.93,1305.17,1316.41,92265.4801
2022-12-13 20:00:00,1316.41,1323.67,1311.61,1320.69,41598.9588
2022-12-14 00:00:00,1320.69,1327.0,1317.35,1319.79,44978.8938
2022-12-14 04:00:00,1319.78,1325.09,1315.72,1322.5,36196.1124
2022-12-14 08:00:00,1322.51,1329.0,1319.32,1326.49,45699.7231
2022-12-14 12:00:00,1326.5,1344.51,1324.76,1338.32,115294.6346
2022-12-14 16:00:00,1338.31,1352.72,1301.0,1307.54,245034.6102
2022-12-14 20:00:00,1307.54,1318.49,1301.16,1307.44,67261.5976
2022-12-15 00:00:00,1307.45,1311.14,1281.12,1292.04,90697.0721
2022-12-15 04:00:00,1292.05,1292.64,1286.75,1287.27,32432.3273
2022-12-15 08:00:00,1287.26,1291.35,1282.79,1291.27,41951.0634
2022-12-15 12:00:00,1291.28,1291.28,1263.44,1270.32,112089.6304
2022-12-15 16:00:00,1270.31,1276.07,1264.76,1275.04,60828.5096
2022-12-15 20:00:00,1275.03,1275.49,1259.27,1266.54,52052.6419
2022-12-16 00:00:00,1266.53,1273.87,1265.65,1271.79,30822.464
2022-12-16 04:00:00,1271.78,1280.06,1267.13,1277.77,31886.4981
2022-12-16 08:00:00,1277.77,1279.27,1205.5,1212.83,223337.3695
2022-12-16 12:00:00,1212.84,1218.23,1195.04,1203.63,139890.4411
2022-12-16 16:00:00,1203.64,1204.58,1183.37,1202.5,128099.8937
2022-12-16 20:00:00,1202.5,1211.99,1155.32,1166.83,197385.6115
2022-12-17 00:00:00,1166.82,1179.27,1161.92,1175.3,84729.0128
2022-12-17 04:00:00,1175.3,1185.46,1173.48,1183.72,79310.9172
2022-12-17 08:00:00,1183.71,1188.62,1173.89,1180.05,48341.1195
2022-12-17 12:00:00,1180.05,1182.68,1174.19,1180.09,47135.6248
2022-12-17 16:00:00,1180.09,1180.1,1171.36,1176.79,32072.3402
2022-12-17 20:00:00,1176.79,1190.03,1175.39,1187.16,37292.6136
2022-12-18 00:00:00,1187.16,1188.8,1180.32,1187.54,24539.4972
2022-12-18 04:00:00,1187.55,1199.54,1183.16,1186.89,51568.4862
2022-12-18 08:00:00,1186.89,1188.4,1170.32,1182.28,51788.8227
2022-12-18 12:00:00,1182.27,1183.96,1173.39,1174.39,39943.87
2022-12-18 16:00:00,1174.39,1191.08,1173.76,1183.56,44442.1201
2022-12-18 20:00:00,1183.55,1194.5,1180.64,1183.06,39977.3478
2022-12-19 00:00:00,1183.06,1195.0,1174.0,1179.27,53884.8013
2022-12-19 04:00:00,1179.27,1184.41,1177.62,1179.86,26246.1013
2022-12-19 08:00:00,1179.86,1188.38,1179.16,1183.28,31345.8323
2022-12-19 12:00:00,1183.27,1189.54,1177.56,1179.79,43939.2757
2022-12-19 16:00:00,1179.8,1182.21,1164.98,1170.8,71135.6417
2022-12-19 20:00:00,1170.79,1181.34,1150.51,1167.82,70281.0705
2022-12-20 00:00:00,1167.82,1198.96,1163.12,1192.57,110538.5552
2022-12-20 04:00:00,1192.57,1215.28,1190.68,1208.31,84905.4779
2022-12-20 08:00:00,1208.31,1219.08,1205.91,1212.31,58594.5601
2022-12-20 12:00:00,1212.31,1230.47,1204.16,1217.04,114896.9698
2022-12-20 16:00:00,1217.05,1218.58,1198.2,1216.78,59608.7665
2022-12-20 20:00:00,1216.79,1221.0,1211.59,1216.94,36639.8648
2022-12-21 00:00:00,1216.95,1218.96,1205.93,1210.53,36700.3971
2022-12-21 04:00:00,1210.52,1214.08,1203.02,1210.93,50021.1448
2022-12-21 08:00:00,1210.93,1219.17,1207.46,1216.61,37728.0833
2022-12-21 12:00:00,1216.62,1223.39,1205.16,1215.6,58492.3241
2022-12-21 16:00:00,1215.6,1216.11,1206.42,1208.58,35429.8052
2022-12-21 20:00:00,1208.59,1215.07,1207.05,1213.78,27352.0832
2022-12-22 00:00:00,1213.78,1218.21,1211.83,1214.81,23272.577
2022-12-22 04:00:00,1214.8,1215.05,1209.52,1213.86,29859.4012
2022-12-22 08:00:00,1213.86,1221.63,1212.11,1217.49,42310.86
2022-12-22 12:00:00,1217.49,1218.56,1184.21,1186.59,109199.6318
2022-12-22 16:00:00,1186.58,1194.92,1182.54,1194.91,44390.4141
2022-12-22 20:00:00,1194.92,1237.99,1194.08,1217.71,87728.7757
2022-12-23 00:00:00,1217.72,1229.35,1214.74,1223.99,40644.9047
2022-12-23 04:00:00,1223.98,1225.18,1219.76,1221.84,30091.0725
2022-12-23 08:00:00,1221.84,1226.37,1215.78,1223.0,44859.7204
2022-12-23 12:00:00,1222.99,1231.99,1210.0,1219.15,115923.6929
2022-12-23 16:00:00,1219.15,1221.21,1216.04,1219.98,24245.3792
2022-12-23 20:00:00,1219.99,1222.49,1216.92,1219.99,22839.5185
2022-12-24 00:00:00,1219.98,1221.2,1215.15,1218.83,17936.9689
2022-12-24 04:00:00,1218.84,1220.97,1214.69,1220.44,19885.8383
2022-12-24 08:00:00,1220.45,1221.01,1216.79,1219.54,22114.73
2022-12-24 12:00:00,1219.54,1219.54,1217.78,1219.15,13117.4503
2022-12-24 16:00:00,1219.14,1227.99,1217.63,1223.6,28334.1826
2022-12-24 20:00:00,1223.6,1223.87,1218.02,1220.41,22312.36
2022-12-25 00:00:00,1220.42,1224.31,1219.77,1221.37,12598.4076
2022-12-25 04:00:00,1221.36,1221.37,1215.69,1219.8,17578.2895
2022-12-25 08:00:00,1219.81,1222.34,1217.34,1217.54,19000.024
2022-12-25 12:00:00,1217.55,1219.07,1193.18,1210.91,79161.2508
2022-12-25 16:00:00,1210.91,1212.68,1195.22,1209.51,47312.4905
2022-12-25 20:00:00,1209.52,1225.0,1204.15,1218.51,56001.5988
2022-12-26 00:00:00,1218.52,1224.2,1216.81,1220.91,27108.2607
2022-12-26 04:00:00,1220.92,1223.43,1218.12,1220.69,21175.6551
2022-12-26 08:00:00,1220.68,1223.06,1218.23,1220.42,21601.2534
2022-12-26 12:00:00,1220.42,1220.82,1211.67,1215.37,35298.8383
2022-12-26 16:00:00,1215.38,1220.66,1212.79,1217.52,23705.9369
2022-12-26 20:00:00,1217.53,1231.09,1215.54,1228.11,33833.1413
2022-12-27 00:00:00,1228.12,1233.73,1221.7,1223.69,45237.5572
2022-12-27 04:00:00,1223.7,1224.7,1220.66,1222.16,20513.9954
2022-12-27 08:00:00,1222.16,1223.51,1215.0,1219.38,42744.3644
2022-12-27 12:00:00,1219.38,1219.44,1205.25,1211.22,75987.0943
2022-12-27 16:00:00,1211.22,1212.95,1200.58,1211.1,52760.5345
2022-12-27 20:00:00,1211.11,1214.41,1208.49,1211.55,25194.094
2022-12-28 00:00:00,1211.55,1215.78,1186.69,1197.72,80961.0372
2022-12-28 04:00:00,1197.72,1199.78,1188.5,1194.59,44280.3607
2022-12-28 08:00:00,1194.58,1198.32,1193.8,1196.3,30039.5608
2022-12-28 12:00:00,1196.31,1208.15,1186.32,1189.24,98285.3978
2022-12-28 16:00:00,1189.23,1201.01,1187.9,1193.04,45317.1992
2022-12-28 20:00:00,1193.05,1195.06,1181.06,1190.15,68945.3357
2022-12-29 00:00:00,1190.15,1195.45,1186.77,1194.95,49260.903
2022-12-29 04:00:00,1194.96,1199.0,1192.12,1194.97,27040.7829
2022-12-29 08:00:00,1194.96,1202.99,1190.19,1198.84,40401.1367
2022-12-29 12:00:00,1198.84,1206.57,1197.71,1201.17,52580.0513
2022-12-29 16:00:00,1201.18,1202.9,1195.03,1198.44,35568.3716
2022-12-29 20:00:00,1198.44,1204.18,1191.48,1200.49,44279.2414
2022-12-30 00:00:00,1200.48,1202.15,1195.18,1197.59,29084.281
2022-12-30 04:00:00,1197.59,1197.99,1184.59,1188.26,65018.7448
2022-12-30 08:00:00,1188.26,1194.84,1188.16,1190.7,35878.8287
2022-12-30 12:00:00,1190.69,1198.71,1181.08,1195.07,72423.6937
2022-12-30 16:00:00,1195.07,1198.3,1192.77,1194.89,25877.8942
2022-12-30 20:00:00,1194.88,1201.63,1194.88,1199.99,37730.7691
2022-12-31 00:00:00,1199.98,1200.49,1193.83,1194.42,17265.6303
2022-12-31 04:00:00,1194.42,1197.26,1191.66,1196.84,16420.725
2022-12-31 08:00:00,1196.84,1200.23,1195.55,1197.2,19335.5874
2022-12-31 12:00:00,1197.2,1208.46,1196.0,1202.86,40840.1918
2022-12-31 16:00:00,1202.85,1205.61,1198.9,1202.65,22617.4018
2022-12-31 20:00:00,1202.66,1203.71,1193.08,1196.13,22899.7448
2023-01-01 00:00:00,1196.13,1196.74,1191.71,1194.04,20292.0602
2023-01-01 04:00:00,1194.05,1195.75,1190.57,1195.06,18654.4594
2023-01-01 08:00:00,1195.07,1197.41,1193.98,1196.34,10749.1851
2023-01-01 12:00:00,1196.35,1198.5,1193.54,1196.81,15490.8573
2023-01-01 16:00:00,1196.81,1204.51,1195.88,1201.78,31016.5151
2023-01-01 20:00:00,1201.77,1204.67,1199.36,1200.34,21558.9914
2023-01-02 00:00:00,1200.33,1203.53,1193.0,1201.94,32154.2478
2023-01-02 04:00:00,1201.94,1220.0,1199.87,1213.09,66008.5222
2023-01-02 08:00:00,1213.08,1224.29,1212.74,1217.35,66284.4263
2023-01-02 12:00:00,1217.35,1220.98,1214.04,1219.0,36928.9083
2023-01-02 16:00:00,1219.0,1220.29,1215.74,1218.87,19161.1508
2023-01-02 20:00:00,1218.88,1223.85,1211.22,1214.0,32256.8846
2023-01-03 00:00:00,1213.99,1216.81,1211.5,1215.59,24749.0492
2023-01-03 04:00:00,1215.58,1219.89,1213.41,1216.61,21528.6796
2023-01-03 08:00:00,1216.61,1218.57,1213.99,1214.98,29878.862
2023-01-03 12:00:00,1214.98,1219.24,1206.0,1211.76,58325.5432
2023-01-03 16:00:00,1211.77,1212.76,1204.93,1209.5,34435.0998
2023-01-03 20:00:00,1209.51,1216.39,1209.44,1214.55,36602.2606
2023-01-04 00:00:00,1214.56,1254.96,1212.71,1250.74,139538.0914
2023-01-04 04:00:00,1250.73,1254.54,1247.3,1252.0,68736.3706
2023-01-04 08:00:00,1252.0,1264.0,1248.59,1251.58,46922.3247
2023-01-04 12:00:00,1251.59,1258.09,1241.89,1255.88,71909.5254
2023-01-04 16:00:00,1255.89,1272.6,1251.12,1254.38,94491.386
2023-01-04 20:00:00,1254.39,1257.7,1245.44,1256.9,36201.9667
2023-01-05 00:00:00,1256.91,1259.95,1252.19,1252.77,44218.6322
2023-01-05 04:00:00,1252.77,1255.0,1247.48,1251.03,39603.8474
2023-01-05 08:00:00,1251.03,1256.14,1245.3,1255.91,51362.3283
2023-01-05 12:00:00,1255.9,1256.01,1242.81,1249.11,74344.8435
2023-01-05 16:00:00,1249.11,1254.98,1246.71,1253.62,27613.9471
2023-01-05 20:00:00,1253.62,1254.31,1248.19,1251.24,35661.7315
2023-01-06 00:00:00,1251.25,1257.98,1248.17,1251.02,36134.6253
2023-01-06 04:00:00,1251.01,1252.3,1246.0,1247.7,36517.4347
2023-01-06 08:00:00,1247.69,1250.0,1237.98,1243.4,43029.3828
2023-01-06 12:00:00,1243.4,1265.0,1236.0,1263.01,115164.3871
2023-01-06 16:00:00,1263.01,1276.7,1260.22,1273.13,74675.9477
2023-01-06 20:00:00,1273.12,1276.36,1265.17,1269.14,36822.4247
2023-01-07 00:00:00,1269.13,1271.09,1265.22,1266.54,20304.6899
2023-01-07 04:00:00,1266.53,1267.0,1262.24,1266.8,19896.1791
2023-01-07 08:00:00,1266.8,1267.11,1262.89,1263.79,20714.8241
2023-01-07 12:00:00,1263.79,1265.76,1261.3,1265.07,20223.1474
2023-01-07 16:00:00,1265.07,1266.0,1261.87,1265.38,14637.7041
2023-01-07 20:00:00,1265.39,1266.61,1261.87,1264.07,33697.7438
2023-01-08 00:00:00,1264.06,1264.61,1257.77,1262.84,30603.3252
2023-01-08 04:00:00,1262.84,1264.55,1262.2,1263.64,9805.3628
2023-01-08 08:00:00,1263.65,1266.22,1261.65,1261.67,19946.6609
2023-01-08 12:00:00,1261.68,1275.54,1261.27,1274.25,32142.49
2023-01-08 16:00:00,1274.25,1280.0,1261.91,1265.09,40483.9396
2023-01-08 20:00:00,1265.09,1296.0,1264.39,1290.16,80655.0063
2023-01-09 00:00:00,1290.15,1313.61,1285.44,1310.37,152374.4224
2023-01-09 04:00:00,1310.37,1314.73,1307.58,1311.92,60588.9468
2023-01-09 08:00:00,1311.93,1327.5,1308.34,1318.27,93762.7738
2023-01-09 12:00:00,1318.28,1341.86,1315.44,1335.68,113559.729
2023-01-09 16:00:00,1335.69,1344.91,1330.11,1330.12,94295.3534
2023-01-09 20:00:00,1330.11,1331.62,1315.08,1320.39,67146.4714
2023-01-10 00:00:00,1320.4,1329.45,1316.8,1324.71,86084.1504
2023-01-10 04:00:00,1324.71,1328.68,1322.49,1323.23,70803.2399
2023-01-10 08:00:00,1323.22,1334.73,1321.7,1329.32,53075.2166
2023-01-10 12:00:00,1329.32,1340.9,1323.07,1333.97,90717.9053
2023-01-10 16:00:00,1333.97,1344.04,1328.0,1339.48,94451.0665
2023-01-10 20:00:00,1339.48,1347.69,1333.8,1335.62,64528.652
2023-01-11 00:00:00,1335.63,1341.5,1327.29,1331.07,60339.7436
2023-01-11 04:00:00,1331.07,1335.7,1327.19,1335.52,41489.9617
2023-01-11 08:00:00,1335.53,1338.2,1331.39,1336.45,41252.3676
2023-01-11 12:00:00,1336.44,1336.45,1321.04,1323.04,59602.2869
2023-01-11 16:00:00,1323.05,1345.0,1321.86,1342.92,83148.8081
2023-01-11 20:00:00,1342.91,1398.0,1339.43,1389.39,186632.7877
2023-01-12 00:00:00,1389.4,1418.77,1386.0,1400.99,197850.4438
2023-01-12 04:00:00,1400.99,1405.12,1393.45,1398.45,69844.9954
2023-01-12 08:00:00,1398.44,1403.11,1394.86,1397.78,81416.3452
2023-01-12 12:00:00,1397.78,1408.0,1361.92,1386.07,254028.2723
2023-01-12 16:00:00,1386.07,1437.6,1383.25,1425.86,178938.8557
2023-01-12 20:00:00,1425.86,1438.0,1414.06,1415.92,95633.5368
2023-01-13 00:00:00,1415.91,1418.14,1401.03,1415.01,79837.8118
2023-01-13 04:00:00,1415.0,1415.64,1405.4,1408.12,34175.0075
2023-01-13 08:00:00,1408.11,1419.5,1404.0,1409.71,68242.215
2023-01-13 12:00:00,1409.71,1424.48,1401.61,1421.98,85384.1463
2023-01-13 16:00:00,1421.98,1425.28,1406.96,1420.23,84526.8179
2023-01-13 20:00:00,1420.23,1464.0,1417.35,1451.2,147211.8664
2023-01-14 00:00:00,1451.21,1599.98,1449.14,1556.08,366877.6818
2023-01-14 04:00:00,1556.08,1557.62,1541.28,1553.43,94028.4335
2023-01-14 08:00:00,1553.43,1564.69,1503.34,1530.09,202259.8239
2023-01-14 12:00:00,1530.08,1546.88,1507.15,1525.18,151341.1521
2023-01-14 16:00:00,1525.19,1538.2,1523.18,1529.49,69728.5418
2023-01-14 20:00:00,1529.49,1559.91,1527.12,1549.9,56456.1443
2023-01-15 00:00:00,1549.91,1552.22,1516.03,1525.4,86113.6232
2023-01-15 04:00:00,1525.4,1530.25,1521.54,1529.16,27575.1463
2023-01-15 08:00:00,1529.16,1535.04,1518.76,1533.35,55517.1734
2023-01-15 12:00:00,1533.36,1560.16,1528.93,1556.35,74621.4045
2023-01-15 16:00:00,1556.35,1566.66,1533.0,1550.15,103013.8094
2023-01-15 20:00:00,1550.14,1560.93,1542.29,1552.52,40991.557
2023-01-16 00:00:00,1552.52,1584.58,1540.54,1569.19,127804.625
2023-01-16 04:00:00,1569.19,1578.54,1562.25,1565.95,64318.8813
2023-01-16 08:00:00,1565.96,1566.25,1523.2,1542.32,97848.0626
2023-01-16 12:00:00,1542.31,1553.38,1521.31,1549.97,89195.2216
2023-01-16 16:00:00,1549.97,1604.5,1545.71,1591.23,118760.1296
2023-01-16 20:00:00,1591.22,1599.26,1572.95,1576.94,76695.9752
2023-01-17 00:00:00,1576.94,1582.6,1541.15,1563.59,93745.183
2023-01-17 04:00:00,1563.59,1577.55,1558.16,1563.35,42850.0712
2023-01-17 08:00:00,1563.35,1572.03,1558.2,1569.07,47569.9673
2023-01-17 12:00:00,1569.08,1609.0,1560.97,1571.4,181172.1767
2023-01-17 16:00:00,1571.41,1599.14,1565.0,1588.85,87978.2339
2023-01-17 20:00:00,1588.86,1592.64,1563.69,1565.57,53456.0898
2023-01-18 00:00:00,1565.56,1592.01,1562.93,1582.01,72696.9906
2023-01-18 04:00:00,1582.0,1588.72,1578.86,1583.14,48192.2009
2023-01-18 08:00:00,1583.14,1583.77,1570.67,1575.9,50015.5475
2023-01-18 12:00:00,1575.9,1610.0,1533.02,1549.75,231844.5513
2023-01-18 16:00:00,1549.63,1566.88,1501.39,1541.96,271354.3553
2023-01-18 20:00:00,1541.96,1544.78,1507.9,1511.43,78431.2401
2023-01-19 00:00:00,1511.44,1528.0,1509.15,1524.82,44384.0335
2023-01-19 04:00:00,1524.82,1532.5,1524.82,1528.65,23973.4407
2023-01-19 08:00:00,1528.65,1531.64,1516.17,1519.61,35634.261
2023-01-19 12:00:00,1519.6,1547.86,1513.33,1533.09,93954.57
2023-01-19 16:00:00,1533.09,1554.52,1522.65,1551.95,62818.4117
2023-01-19 20:00:00,1551.95,1564.43,1544.27,1551.09,47914.7476
2023-01-20 00:00:00,1551.09,1563.88,1545.51,1554.54,35353.6363
2023-01-20 04:00:00,1554.55,1556.66,1542.02,1550.33,39956.0861
2023-01-20 08:00:00,1550.32,1555.85,1545.26,1549.49,36014.1284
2023-01-20 12:00:00,1549.48,1569.9,1549.02,1563.69,55431.9961
2023-01-20 16:00:00,1563.69,1601.53,1561.61,1600.49,107459.9806
2023-01-20 20:00:00,1600.49,1669.9,1600.48,1658.52,166355.1699
2023-01-21 00:00:00,1658.53,1676.61,1642.6,1648.8,83760.1883
2023-01-21 04:00:00,1648.81,1654.92,1645.04,1651.19,35708.0895
2023-01-21 08:00:00,1651.2,1679.26,1616.21,1647.04,163142.8732
2023-01-21 12:00:00,1647.04,1667.29,1643.29,1647.26,81077.8213
2023-01-21 16:00:00,1647.27,1668.88,1645.84,1663.19,60480.18
2023-01-21 20:00:00,1663.18,1667.97,1622.09,1626.66,70079.4486
2023-01-22 00:00:00,1626.65,1636.49,1604.0,1622.5,66559.4086
2023-01-22 04:00:00,1622.51,1631.15,1620.77,1627.08,41253.7608
2023-01-22 08:00:00,1627.07,1631.85,1618.47,1624.57,48766.0259
2023-01-22 12:00:00,1624.57,1650.51,1617.54,1635.51,97096.8894
2023-01-22 16:00:00,1635.5,1663.89,1629.61,1635.1,78374.6576
2023-01-22 20:00:00,1635.11,1636.34,1607.06,1627.44,99678.9486
2023-01-23 00:00:00,1627.43,1642.58,1625.68,1630.41,49293.585
2023-01-23 04:00:00,1630.41,1638.0,1627.88,1633.3,34571.3836
2023-01-23 08:00:00,1633.31,1640.0,1630.3,1636.67,41781.9039
2023-01-23 12:00:00,1636.66,1648.09,1585.29,1620.85,146655.2153
2023-01-23 16:00:00,1620.84,1640.49,1610.04,1619.88,96326.615
2023-01-23 20:00:00,1619.89,1635.75,1618.65,1626.29,38638.4128
2023-01-24 00:00:00,1626.28,1641.46,1622.8,1639.01,48038.2925
2023-01-24 04:00:00,1639.02,1640.78,1633.25,1635.77,37018.3382
2023-01-24 08:00:00,1635.77,1637.28,1614.39,1625.6,65525.1506
2023-01-24 12:00:00,1625.59,1632.12,1604.0,1620.58,87666.0861
2023-01-24 16:00:00,1620.57,1624.31,1606.48,1622.41,55114.1003
2023-01-24 20:00:00,1622.42,1624.45,1535.0,1555.97,168913.3566
2023-01-25 00:00:00,1555.97,1557.0,1518.0,1546.63,135818.9948
2023-01-25 04:00:00,1546.63,1558.91,1545.2,1553.81,50024.0799
2023-01-25 08:00:00,1553.82,1556.8,1538.59,1545.49,57062.7222
2023-01-25 12:00:00,1545.5,1566.58,1525.0,1543.95,129267.8692
2023-01-25 16:00:00,1543.95,1562.18,1541.39,1561.48,61308.4279
2023-01-25 20:00:00,1561.49,1641.0,1561.48,1611.94,212992.8226
2023-01-26 00:00:00,1611.95,1632.84,1610.14,1614.87,87545.7972
2023-01-26 04:00:00,1614.87,1621.9,1597.3,1604.68,83638.5053
2023-01-26 08:00:00,1604.69,1610.45,1590.0,1604.33,66723.6521
2023-01-26 12:00:00,1604.33,1621.06,1584.12,1589.79,167389.2157
2023-01-26 16:00:00,1589.71,1607.27,1577.43,1603.77,75532.7685
2023-01-26 20:00:00,1603.78,1611.26,1594.38,1601.09,51947.9078
2023-01-27 00:00:00,1601.08,1606.53,1552.54,1565.73,138443.5824
2023-01-27 04:00:00,1565.74,1589.9,1563.08,1585.4,57728.6346
2023-01-27 08:00:00,1585.4,1586.06,1573.33,1578.84,44895.7526
2023-01-27 12:00:00,1578.84,1594.55,1561.0,1574.86,109611.9593
2023-01-27 16:00:00,1574.86,1611.79,1573.98,1609.7,81893.9082
2023-01-27 20:00:00,1609.7,1621.0,1586.75,1597.62,79519.5504
2023-01-28 00:00:00,1597.61,1606.83,1592.49,1598.96,43914.0457
2023-01-28 04:00:00,1598.96,1603.39,1585.81,1592.68,38368.729
2023-01-28 08:00:00,1592.68,1594.0,1578.63,1586.18,52293.1251
2023-01-28 12:00:00,1586.19,1586.19,1561.76,1578.43,96820.7641
2023-01-28 16:00:00,1578.42,1580.55,1569.69,1577.12,33277.803
2023-01-28 20:00:00,1577.12,1577.59,1555.99,1572.1,49001.1905
2023-01-29 00:00:00,1572.1,1618.99,1566.33,1594.36,128896.1779
2023-01-29 04:00:00,1594.36,1599.39,1588.45,1592.58,31529.0588
2023-01-29 08:00:00,1592.59,1619.79,1588.97,1609.08,86101.0116
2023-01-29 12:00:00,1609.08,1626.64,1603.52,1611.44,84247.4996
2023-01-29 16:00:00,1611.44,1660.0,1605.46,1653.86,138764.8587
2023-01-29 20:00:00,1653.86,1655.37,1627.57,1644.72,82229.3068
2023-01-30 00:00:00,1644.73,1647.53,1631.48,1637.98,59988.6404
2023-01-30 04:00:00,1637.97,1641.37,1621.8,1627.45,45983.8463
2023-01-30 08:00:00,1627.44,1630.11,1577.0,1581.55,178527.6324
2023-01-30 12:00:00,1581.55,1597.03,1567.68,1585.18,116663.7369
2023-01-30 16:00:00,1585.18,1590.46,1535.0,1554.24,117753.3279
2023-01-30 20:00:00,1554.25,1567.87,1536.84,1566.2,76138.1442
2023-01-31 00:00:00,1566.21,1576.2,1561.82,1568.87,57990.4165
2023-01-31 04:00:00,1568.87,1581.08,1561.63,1580.04,48459.5084
2023-01-31 08:00:00,1580.03,1583.98,1565.82,1570.91,42392.7065
2023-01-31 12:00:00,1570.91,1596.13,1570.9,1588.99,79887.4742
2023-01-31 16:00:00,1589.0,1605.18,1586.97,1597.34,48827.9726
2023-01-31 20:00:00,1597.34,1600.77,1564.02,1585.33,71298.5969
2023-02-01 00:00:00,1585.32,1592.94,1576.43,1584.61,47072.9126
2023-02-01 04:00:00,1584.62,1585.7,1569.67,1575.36,35080.6863
2023-02-01 08:00:00,1575.37,1583.68,1566.24,1580.87,45956.6822
2023-02-01 12:00:00,1580.87,1589.8,1572.13,1575.53,65048.6042
2023-02-01 16:00:00,1575.53,1627.06,1555.18,1617.48,156430.7014
2023-02-01 20:00:00,1617.47,1647.77,1613.63,1641.68,125027.5842
2023-02-02 00:00:00,1641.67,1696.38,1639.32,1671.13,152356.3293
2023-02-02 04:00:00,1671.13,1676.76,1660.17,1664.21,56920.8668
2023-02-02 08:00:00,1664.21,1674.76,1662.13,1671.99,43598.3364
2023-02-02 12:00:00,1671.98,1690.0,1650.0,1678.14,138740.9718
2023-02-02 16:00:00,1678.15,1714.68,1666.21,1675.15,129916.0065
2023-02-02 20:00:00,1675.14,1686.3,1626.85,1643.12,107656.3766
2023-02-03 00:00:00,1643.12,1650.43,1630.67,1642.17,58931.9128
2023-02-03 04:00:00,1642.17,1647.24,1636.07,1637.49,43227.7897
2023-02-03 08:00:00,1637.5,1650.83,1629.96,1649.2,48770.2062
2023-02-03 12:00:00,1649.2,1675.0,1625.93,1663.93,196967.2599
2023-02-03 16:00:00,1663.93,1676.0,1650.74,1652.91,74883.0824
2023-02-03 20:00:00,1652.9,1672.13,1642.4,1663.52,42034.781
2023-02-04 00:00:00,1663.52,1665.95,1650.0,1654.36,40869.0458
2023-02-04 04:00:00,1654.37,1660.0,1645.43,1658.17,32396.6649
2023-02-04 08:00:00,1658.17,1662.73,1651.39,1661.92,41122.4928
2023-02-04 12:00:00,1661.92,1695.29,1660.74,1679.97,97898.1066
2023-02-04 16:00:00,1679.97,1685.46,1672.32,1675.93,41699.4712
2023-02-04 20:00:00,1675.92,1689.0,1658.53,1666.38,54241.3482
2023-02-05 00:00:00,1666.39,1671.0,1656.68,1660.7,53870.5984
2023-02-05 04:00:00,1660.69,1671.2,1659.35,1668.14,30797.5803
2023-02-05 08:00:00,1668.15,1673.81,1660.86,1662.6,35024.2264
2023-02-05 12:00:00,1662.6,1664.58,1635.93,1644.18,118585.9148
2023-02-05 16:00:00,1644.18,1647.45,1609.3,1619.48,124909.5187
2023-02-05 20:00:00,1619.48,1639.6,1611.8,1629.02,50391.8362
2023-02-06 00:00:00,1629.01,1642.53,1617.85,1626.6,49349.3505
2023-02-06 04:00:00,1626.6,1635.69,1608.53,1635.41,58408.6268
2023-02-06 08:00:00,1635.41,1637.89,1622.45,1634.81,54930.3228
2023-02-06 12:00:00,1634.81,1649.3,1619.86,1649.01,80008.4692
2023-02-06 16:00:00,1649.0,1658.56,1639.81,1648.29,70038.9336
2023-02-06 20:00:00,1648.3,1649.34,1605.01,1614.29,71383.7168
2023-02-07 00:00:00,1614.28,1635.27,1613.14,1633.47,48943.1609
2023-02-07 04:00:00,1633.46,1638.06,1631.06,1632.29,42464.565
2023-02-07 08:00:00,1632.3,1647.87,1628.84,1640.71,62573.2993
2023-02-07 12:00:00,1640.71,1644.92,1626.63,1630.59,56353.3535
2023-02-07 16:00:00,1630.58,1678.37,1624.39,1656.35,167906.2309
2023-02-07 20:00:00,1656.34,1677.82,1650.56,1671.03,73681.7904
2023-02-08 00:00:00,1671.03,1697.91,1668.08,1680.97,87471.6302
2023-02-08 04:00:00,1680.97,1682.94,1671.93,1677.67,36816.012
2023-02-08 08:00:00,1677.67,1677.91,1667.9,1673.9,45690.4287
2023-02-08 12:00:00,1673.9,1681.98,1649.51,1653.08,100371.9502
2023-02-08 16:00:00,1653.08,1660.0,1630.47,1647.69,106521.5395
2023-02-08 20:00:00,1647.69,1656.1,1637.76,1650.43,41094.6933
2023-02-09 00:00:00,1650.42,1656.17,1608.8,1619.05,141939.1224
2023-02-09 04:00:00,1619.05,1636.65,1610.22,1629.87,70568.6349
2023-02-09 08:00:00,1629.88,1640.24,1629.87,1633.15,37754.6443
2023-02-09 12:00:00,1633.16,1649.24,1625.7,1632.08,69181.5061
2023-02-09 16:00:00,1632.07,1633.67,1560.47,1579.81,160350.0742
2023-02-09 20:00:00,1579.8,1582.45,1524.4,1545.35,178217.7145
2023-02-10 00:00:00,1545.35,1555.01,1541.8,1543.22,82716.8675
2023-02-10 04:00:00,1543.23,1552.88,1529.36,1551.7,71259.2263
2023-02-10 08:00:00,1551.7,1554.46,1534.04,1537.03,51695.2483
2023-02-10 12:00:00,1537.04,1548.01,1506.0,1522.36,95651.2501
2023-02-10 16:00:00,1522.35,1539.19,1514.62,1534.28,95043.3294
2023-02-10 20:00:00,1534.29,1535.39,1490.0,1513.06,88288.2983
2023-02-11 00:00:00,1513.05,1523.58,1507.53,1520.38,49102.8351
2023-02-11 04:00:00,1520.38,1523.29,1514.96,1520.81,24378.857
2023-02-11 08:00:00,1520.8,1526.8,1515.0,1520.16,70128.8231
2023-02-11 12:00:00,1520.16,1526.71,1515.0,1522.83,47354.6365
2023-02-11 16:00:00,1522.83,1522.99,1505.0,1518.58,44555.4125
2023-02-11 20:00:00,1518.58,1543.0,1516.65,1538.51,54171.0066
2023-02-12 00:00:00,1538.5,1539.27,1530.05,1531.15,28969.1358
2023-02-12 04:00:00,1531.15,1534.56,1528.97,1530.83,19762.6742
2023-02-12 08:00:00,1530.84,1540.06,1530.83,1533.48,30285.5587
2023-02-12 12:00:00,1533.47,1541.0,1521.12,1536.09,57057.7624
2023-02-12 16:00:00,1536.09,1548.02,1534.23,1539.23,54560.353
2023-02-12 20:00:00,1539.23,1541.96,1493.08,1514.83,96122.8899
2023-02-13 00:00:00,1514.82,1524.62,1496.67,1516.81,83792.8908
2023-02-13 04:00:00,1516.82,1526.1,1516.02,1522.39,47546.0944
2023-02-13 08:00:00,1522.39,1522.83,1466.0,1486.07,234692.6663
2023-02-13 12:00:00,1486.07,1491.89,1475.4,1475.71,99489.7265
2023-02-13 16:00:00,1475.71,1493.91,1461.93,1490.78,112485.4779
2023-02-13 20:00:00,1490.78,1510.43,1482.18,1505.24,65145.5345
2023-02-14 00:00:00,1505.25,1508.72,1494.09,1498.23,49719.7263
2023-02-14 04:00:00,1498.24,1507.62,1496.81,1506.0,40866.6507
2023-02-14 08:00:00,1506.01,1519.82,1497.09,1507.7,59730.9177
2023-02-14 12:00:00,1507.7,1569.0,1482.66,1544.83,349248.2929
2023-02-14 16:00:00,1544.84,1564.69,1534.02,1560.31,112254.1388
2023-02-14 20:00:00,1560.31,1564.07,1549.3,1555.71,57144.6504
2023-02-15 00:00:00,1555.7,1557.43,1542.55,1549.22,45473.5936
2023-02-15 04:00:00,1549.22,1552.09,1544.65,1547.56,33276.874
2023-02-15 08:00:00,1547.56,1580.0,1544.5,1572.26,72855.7368
2023-02-15 12:00:00,1572.26,1593.67,1566.86,1579.5,165174.8506
2023-02-15 16:00:00,1579.5,1629.32,1573.47,1628.54,118580.7072
2023-02-15 20:00:00,1628.54,1680.0,1624.25,1674.92,145846.0964
2023-02-16 00:00:00,1674.92,1712.24,1672.53,1691.42,143365.1322
2023-02-16 04:00:00,1691.41,1697.51,1675.0,1681.89,98041.4638
2023-02-16 08:00:00,1681.9,1692.62,1678.25,1682.82,71321.679
2023-02-16 12:00:00,1682.82,1728.69,1665.24,1724.14,181737.0678
2023-02-16 16:00:00,1724.14,1742.97,1686.76,1710.85,171997.9076
2023-02-16 20:00:00,1710.85,1711.11,1633.72,1637.84,166260.4227
2023-02-17 00:00:00,1637.83,1670.05,1630.51,1663.77,94217.8133
2023-02-17 04:00:00,1663.77,1665.46,1651.67,1653.45,65273.4116
2023-02-17 08:00:00,1653.46,1674.75,1648.4,1666.2,66844.4889
2023-02-17 12:00:00,1666.2,1683.55,1646.09,1673.11,127730.5885
2023-02-17 16:00:00,1673.11,1709.25,1662.27,1706.03,125807.6426
2023-02-17 20:00:00,1706.04,1722.0,1669.72,1693.87,100060.7181
2023-02-18 00:00:00,1693.81,1704.46,1692.14,1699.46,57665.5895
2023-02-18 04:00:00,1699.45,1703.99,1686.11,1690.72,45228.2181
2023-02-18 08:00:00,1690.71,1695.58,1685.69,1691.47,33369.4325
2023-02-18 12:00:00,1691.47,1699.49,1686.64,1695.5,43871.7356
2023-02-18 16:00:00,1695.5,1713.13,1682.8,1687.85,60728.9081
2023-02-18 20:00:00,1687.85,1693.71,1679.77,1691.62,26441.8975
2023-02-19 00:00:00,1691.62,1700.62,1689.5,1695.42,36297.5119
2023-02-19 04:00:00,1695.42,1709.63,1692.19,1693.15,62303.3671
2023-02-19 08:00:00,1693.15,1700.85,1690.8,1695.36,31584.3172
2023-02-19 12:00:00,1695.36,1723.85,1694.42,1711.3,85465.4661
2023-02-19 16:00:00,1711.3,1726.59,1675.96,1684.8,116322.6792
2023-02-19 20:00:00,1684.8,1688.85,1666.14,1679.75,69049.7062
2023-02-20 00:00:00,1679.74,1687.02,1650.56,1684.38,98018.5403
2023-02-20 04:00:00,1684.39,1698.34,1683.64,1695.79,54668.5251
2023-02-20 08:00:00,1695.79,1719.89,1688.5,1713.77,99450.4244
2023-02-20 12:00:00,1713.78,1716.53,1696.97,1707.23,83845.8682
2023-02-20 16:00:00,1707.24,1711.22,1684.32,1709.76,78013.3102
2023-02-20 20:00:00,1709.77,1711.99,1691.77,1703.27,37318.1653
2023-02-21 00:00:00,1703.27,1716.66,1698.06,1703.03,72408.4749
2023-02-21 04:00:00,1703.04,1709.78,1695.01,1704.05,51309.7578
2023-02-21 08:00:00,1704.05,1715.0,1666.17,1669.5,139354.5322
2023-02-21 12:00:00,1669.51,1684.97,1658.74,1671.97,99854.0969
2023-02-21 16:00:00,1671.97,1686.69,1655.46,1672.0,72140.2024
2023-02-21 20:00:00,1672.0,1674.32,1636.3,1659.76,85287.4046
2023-02-22 00:00:00,1659.77,1666.95,1621.59,1649.25,102043.3438
2023-02-22 04:00:00,1649.26,1649.97,1631.31,1643.86,54847.0296
2023-02-22 08:00:00,1643.85,1646.11,1625.01,1644.49,64918.044
2023-02-22 12:00:00,1644.5,1650.62,1604.5,1613.73,123348.2453
2023-02-22 16:00:00,1613.72,1630.0,1595.07,1616.1,127562.793
2023-02-22 20:00:00,1616.1,1645.0,1610.16,1643.14,56156.0252
2023-02-23 00:00:00,1643.15,1679.0,1637.19,1667.44,95468.1237
2023-02-23 04:00:00,1667.44,1671.87,1659.35,1666.7,49501.9457
2023-02-23 08:00:00,1666.7,1673.21,1631.11,1637.48,91923.3626
2023-02-23 12:00:00,1637.49,1671.31,1628.75,1656.0,133931.4052
2023-02-23 16:00:00,1655.99,1661.7,1635.0,1653.13,92018.4265
2023-02-23 20:00:00,1653.14,1658.76,1638.85,1650.53,38462.708
2023-02-24 00:00:00,1650.52,1664.66,1646.04,1649.14,54406.2239
2023-02-24 04:00:00,1649.15,1656.57,1641.08,1651.7,49529.2696
2023-02-24 08:00:00,1651.69,1657.65,1642.6,1647.43,51576.7496
2023-02-24 12:00:00,1647.43,1654.76,1599.43,1602.94,136029.5659
2023-02-24 16:00:00,1602.94,1611.66,1575.64,1610.84,149177.8472
2023-02-24 20:00:00,1610.83,1622.87,1594.0,1607.8,71795.842
2023-02-25 00:00:00,1607.8,1608.98,1595.15,1598.52,39512.1876
2023-02-25 04:00:00,1598.53,1604.37,1593.95,1603.99,35713.541
2023-02-25 08:00:00,1603.99,1607.56,1596.0,1600.05,48107.5707
2023-02-25 12:00:00,1600.05,1603.84,1592.46,1597.06,43575.0461
2023-02-25 16:00:00,1597.06,1600.92,1576.02,1584.61,51407.2802
2023-02-25 20:00:00,1584.62,1597.32,1557.33,1594.58,71872.4135
2023-02-26 00:00:00,1594.58,1606.21,1587.76,1602.75,42470.7038
2023-02-26 04:00:00,1602.75,1603.31,1595.61,1599.84,25524.0311
2023-02-26 08:00:00,1599.85,1607.0,1597.19,1603.9,30366.9846
2023-02-26 12:00:00,1603.9,1614.96,1595.02,1605.09,47306.3226
2023-02-26 16:00:00,1605.09,1636.0,1598.54,1633.11,68158.4265
2023-02-26 20:00:00,1633.12,1651.26,1622.17,1641.36,94781.5255
2023-02-27 00:00:00,1641.37,1650.91,1632.06,1640.67,53773.9233
2023-02-27 04:00:00,1640.68,1641.08,1631.15,1636.33,42094.2049
2023-02-27 08:00:00,1636.32,1643.57,1632.13,1641.23,44713.7861
2023-02-27 12:00:00,1641.24,1665.22,1635.89,1644.26,128296.5284
2023-02-27 16:00:00,1644.27,1646.65,1615.16,1622.12,103806.5865
2023-02-27 20:00:00,1622.12,1636.44,1608.0,1633.45,59176.3837
2023-02-28 00:00:00,1633.45,1636.23,1626.79,1632.89,45361.046
2023-02-28 04:00:00,1632.89,1632.96,1617.87,1619.24,41219.2892
2023-02-28 08:00:00,1619.23,1631.87,1616.34,1629.53,46295.2908
2023-02-28 12:00:00,1629.52,1647.52,1628.81,1641.3,85830.8307
2023-02-28 16:00:00,1641.29,1646.38,1622.46,1628.01,65272.7667
2023-02-28 20:00:00,1628.01,1633.35,1596.66,1605.23,109543.9413
2023-03-01 00:00:00,1605.24,1640.72,1595.0,1638.38,97924.756
2023-03-01 04:00:00,1638.39,1661.56,1635.62,1650.91,86020.33
2023-03-01 08:00:00,1650.91,1669.72,1649.0,1656.33,55572.7014
2023-03-01 12:00:00,1656.33,1669.65,1646.06,1657.47,92830.6415
2023-03-01 16:00:00,1657.46,1660.34,1631.03,1634.79,68263.4578
2023-03-01 20:00:00,1634.79,1666.19,1631.44,1665.22,73844.9368
2023-03-02 00:00:00,1665.23,1677.86,1644.12,1647.94,72136.6238
2023-03-02 04:00:00,1647.95,1651.47,1639.08,1644.22,45754.0072
2023-03-02 08:00:00,1644.21,1648.69,1637.57,1644.49,57593.9354
2023-03-02 12:00:00,1644.49,1645.26,1619.18,1628.31,108333.6961
2023-03-02 16:00:00,1628.31,1652.48,1621.45,1648.48,78007.6497
2023-03-02 20:00:00,1648.47,1658.0,1640.51,1647.86,61197.896
2023-03-03 00:00:00,1647.86,1649.25,1544.39,1565.44,317798.3416
2023-03-03 04:00:00,1565.43,1576.52,1562.39,1568.08,83045.5363
2023-03-03 08:00:00,1568.09,1574.42,1563.91,1564.57,60186.8989
2023-03-03 12:00:00,1564.57,1580.87,1560.56,1566.5,116030.1474
2023-03-03 16:00:00,1566.51,1574.66,1550.75,1565.39,93471.1576
2023-03-03 20:00:00,1565.4,1571.29,1547.21,1569.45,72284.5158
2023-03-04 00:00:00,1569.45,1577.53,1568.19,1570.84,37221.821
2023-03-04 04:00:00,1570.85,1572.91,1562.71,1568.83,29596.5247
2023-03-04 08:00:00,1568.83,1571.23,1566.62,1569.24,25569.6062
2023-03-04 12:00:00,1569.24,1572.12,1561.64,1561.87,33605.2696
2023-03-04 16:00:00,1561.88,1565.64,1557.1,1559.47,39571.3643
2023-03-04 20:00:00,1559.48,1568.67,1549.12,1566.73,72075.6748
2023-03-05 00:00:00,1566.74,1588.77,1553.05,1567.85,97695.9395
2023-03-05 04:00:00,1567.86,1573.57,1567.71,1568.62,23529.6334
2023-03-05 08:00:00,1568.61,1573.07,1564.03,1568.5,32527.5642
2023-03-05 12:00:00,1568.49,1574.31,1568.0,1569.22,35841.2741
2023-03-05 16:00:00,1569.21,1571.91,1563.0,1566.22,33108.2461
2023-03-05 20:00:00,1566.22,1579.45,1556.15,1564.58,76538.0842
2023-03-06 00:00:00,1564.57,1572.8,1556.42,1562.59,60201.2756
2023-03-06 04:00:00,1562.58,1565.41,1554.44,1561.18,31575.8194
2023-03-06 08:00:00,1561.19,1568.42,1557.57,1563.33,38211.2124
2023-03-06 12:00:00,1563.32,1583.49,1561.46,1578.0,69015.8968
2023-03-06 16:00:00,1578.0,1580.83,1563.0,1566.19,55770.249
2023-03-06 20:00:00,1566.19,1572.0,1559.41,1565.84,52934.8479
2023-03-07 00:00:00,1565.84,1584.49,1561.48,1575.1,54423.8281
2023-03-07 04:00:00,1575.1,1576.66,1570.69,1571.35,26185.909
2023-03-07 08:00:00,1571.34,1571.39,1562.34,1563.42,42458.886
2023-03-07 12:00:00,1563.43,1573.0,1536.14,1560.79,154919.3735
2023-03-07 16:00:00,1560.71,1565.61,1547.59,1551.26,78449.7937
2023-03-07 20:00:00,1551.26,1563.98,1543.1,1561.96,81510.1129
2023-03-08 00:00:00,1561.95,1570.89,1557.62,1562.31,45814.9624
2023-03-08 04:00:00,1562.32,1563.48,1548.0,1551.29,51500.1529
2023-03-08 08:00:00,1551.29,1561.91,1549.67,1557.23,43206.7514
2023-03-08 12:00:00,1557.22,1566.02,1541.2,1560.39,134926.9482
2023-03-08 16:00:00,1560.39,1565.25,1548.45,1552.73,56342.0805
2023-03-08 20:00:00,1552.72,1561.29,1523.61,1532.38,128310.8704
2023-03-09 00:00:00,1532.38,1545.0,1531.03,1541.74,54712.5671
2023-03-09 04:00:00,1541.74,1541.82,1536.04,1536.91,35546.9741
2023-03-09 08:00:00,1536.92,1539.09,1522.52,1535.32,75886.2789
2023-03-09 12:00:00,1535.31,1546.45,1527.04,1534.04,78880.9529
2023-03-09 16:00:00,1534.05,1537.81,1480.8,1488.27,181593.9704
2023-03-09 20:00:00,1488.27,1490.4,1408.0,1437.32,291864.393
2023-03-10 00:00:00,1437.32,1437.5,1409.23,1426.34,154029.0848
2023-03-10 04:00:00,1426.35,1426.7,1391.56,1412.27,149074.5265
2023-03-10 08:00:00,1412.27,1413.0,1368.39,1384.6,170547.0425
2023-03-10 12:00:00,1384.61,1434.68,1382.0,1417.03,240037.3219
2023-03-10 16:00:00,1417.03,1439.43,1399.99,1423.5,123754.0718
2023-03-10 20:00:00,1423.49,1433.45,1406.46,1426.44,122820.4034
2023-03-11 00:00:00,1426.43,1476.0,1424.57,1458.31,330138.1849
2023-03-11 04:00:00,1458.32,1466.91,1414.15,1416.65,305270.2514
2023-03-11 08:00:00,1416.66,1450.51,1408.4,1427.1,296963.1958
2023-03-11 12:00:00,1427.1,1436.0,1425.55,1428.01,125084.8462
2023-03-11 16:00:00,1428.0,1457.04,1422.32,1449.22,180365.5885
2023-03-11 20:00:00,1449.22,1478.07,1449.21,1471.97,137037.5533
2023-03-12 00:00:00,1471.93,1475.05,1449.9,1467.0,139029.6636
2023-03-12 04:00:00,1467.0,1471.44,1453.64,1459.56,82241.6373
2023-03-12 08:00:00,1459.57,1467.53,1457.97,1465.17,71756.6089
2023-03-12 12:00:00,1465.18,1466.16,1448.3,1455.88,130082.5177
2023-03-12 16:00:00,1455.88,1548.8,1453.74,1512.57,321583.3477
2023-03-12 20:00:00,1512.58,1594.19,1510.72,1580.33,257661.3177
2023-03-13 00:00:00,1580.33,1622.6,1573.07,1588.43,251148.4917
2023-03-13 04:00:00,1588.42,1615.64,1587.84,1606.84,130468.1368
2023-03-13 08:00:00,1606.84,1608.33,1565.0,1581.07,176353.8496
2023-03-13 12:00:00,1581.07,1693.49,1572.54,1664.68,429174.5772
2023-03-13 16:00:00,1664.69,1685.0,1646.86,1677.68,164719.8785
2023-03-13 20:00:00,1677.69,1681.72,1660.05,1673.45,76198.6715
2023-03-14 00:00:00,1673.44,1684.0,1660.88,1677.57,115626.8464
2023-03-14 04:00:00,1677.57,1695.0,1658.54,1666.63,130252.6926
2023-03-14 08:00:00,1666.63,1689.9,1655.24,1683.65,133533.0825
2023-03-14 12:00:00,1683.65,1780.02,1671.5,1770.03,471252.5907
2023-03-14 16:00:00,1770.03,1775.21,1684.87,1720.3,255526.0935
2023-03-14 20:00:00,1720.3,1727.0,1659.29,1699.4,177129.9298
2023-03-15 00:00:00,1699.41,1716.9,1679.95,1701.76,129822.1204
2023-03-15 04:00:00,1701.76,1708.0,1692.65,1705.13,56748.2826
2023-03-15 08:00:00,1705.12,1705.5,1650.54,1679.92,142866.7967
2023-03-15 12:00:00,1679.91,1698.29,1625.56,1634.04,313571.1957
2023-03-15 16:00:00,1634.03,1655.41,1611.0,1647.99,242304.1599
2023-03-15 20:00:00,1648.0,1664.64,1637.72,1649.96,77829.928
2023-03-16 00:00:00,1649.95,1659.71,1632.18,1646.31,93348.743
2023-03-16 04:00:00,1646.3,1659.9,1636.6,1655.57,100219.985
2023-03-16 08:00:00,1655.56,1669.99,1639.22,1660.36,114932.5475
2023-03-16 12:00:00,1660.37,1666.73,1635.96,1663.06,129192.7969
2023-03-16 16:00:00,1663.06,1691.42,1652.88,1679.64,113369.5209
2023-03-16 20:00:00,1679.64,1681.78,1652.53,1673.73,76922.0186
2023-03-17 00:00:00,1673.73,1725.0,1662.65,1708.62,166034.4307
2023-03-17 04:00:00,1708.62,1730.99,1696.37,1715.59,109599.3677
2023-03-17 08:00:00,1715.59,1763.97,1710.44,1761.12,187901.2651
2023-03-17 12:00:00,1761.13,1762.1,1703.02,1717.41,165755.3264
2023-03-17 16:00:00,1717.41,1744.36,1710.0,1744.15,111856.8718
2023-03-17 20:00:00,1744.15,1800.0,1732.25,1789.27,166381.0208
2023-03-18 00:00:00,1789.26,1831.34,1767.13,1810.57,188400.9792
2023-03-18 04:00:00,1810.58,1821.4,1801.53,1814.12,67438.7513
2023-03-18 08:00:00,1814.12,1818.0,1790.92,1813.15,77563.9677
2023-03-18 12:00:00,1813.16,1841.0,1773.57,1786.0,143202.3071
2023-03-18 16:00:00,1786.0,1802.28,1747.47,1790.23,161730.6202
2023-03-18 20:00:00,1790.23,1801.17,1751.0,1758.84,73278.1055
2023-03-19 00:00:00,1758.84,1786.16,1757.92,1782.52,56059.8607
2023-03-19 04:00:00,1782.51,1786.65,1761.6,1774.8,47469.7142
2023-03-19 08:00:00,1774.8,1788.58,1765.78,1784.66,56403.2824
2023-03-19 12:00:00,1784.66,1812.86,1773.26,1793.61,105772.37
2023-03-19 16:00:00,1793.61,1841.36,1791.88,1821.22,168650.7596
2023-03-19 20:00:00,1821.23,1827.89,1773.98,1780.68,106775.9039
2023-03-20 00:00:00,1780.67,1785.46,1742.0,1751.4,119050.423
2023-03-20 04:00:00,1751.41,1793.59,1736.57,1791.5,97980.6488
2023-03-20 08:00:00,1791.5,1803.05,1766.41,1779.41,125609.0869
2023-03-20 12:00:00,1779.4,1782.54,1752.27,1763.14,120893.7269
2023-03-20 16:00:00,1763.13,1768.88,1741.07,1752.97,119526.4317
2023-03-20 20:00:00,1752.97,1761.0,1722.0,1732.78,99787.8075
2023-03-21 00:00:00,1732.77,1757.64,1728.95,1746.14,67830.2934
2023-03-21 04:00:00,1746.14,1754.17,1717.01,1730.34,78880.7521
2023-03-21 08:00:00,1730.34,1767.77,1725.0,1761.34,93035.669
2023-03-21 12:00:00,1761.34,1835.0,1758.33,1812.55,263040.4178
2023-03-21 16:00:00,1812.54,1825.98,1774.04,1791.19,170640.7035
2023-03-21 20:00:00,1791.19,1805.75,1781.92,1801.23,68920.6641
2023-03-22 00:00:00,1801.23,1807.25,1778.02,1799.59,69601.7351
2023-03-22 04:00:00,1799.58,1807.66,1787.15,1792.75,50794.2531
2023-03-22 08:00:00,1792.74,1793.85,1781.1,1785.25,72102.3484
2023-03-22 12:00:00,1785.26,1819.98,1783.23,1806.26,155015.2057
2023-03-22 16:00:00,1806.26,1810.93,1710.12,1716.84,401164.0069
2023-03-22 20:00:00,1716.84,1738.52,1710.3,1734.33,142610.0517
2023-03-23 00:00:00,1734.34,1745.0,1729.35,1737.21,60752.4725
2023-03-23 04:00:00,1737.22,1753.57,1730.17,1750.84,71880.2877
2023-03-23 08:00:00,1750.84,1759.0,1744.75,1754.8,60255.4377
2023-03-23 12:00:00,1754.79,1857.16,1741.33,1836.99,268839.0493
2023-03-23 16:00:00,1836.99,1841.15,1792.42,1820.84,198423.7519
2023-03-23 20:00:00,1820.85,1821.11,1802.55,1813.79,71910.1039
2023-03-24 00:00:00,1813.78,1818.99,1806.51,1812.34,57950.5969
2023-03-24 04:00:00,1812.35,1817.48,1803.12,1815.18,70413.3542
2023-03-24 08:00:00,1815.18,1816.61,1776.78,1789.52,96629.5041
2023-03-24 12:00:00,1789.51,1789.51,1753.0,1767.01,100702.7193
2023-03-24 16:00:00,1767.0,1770.01,1726.4,1763.86,147037.4262
2023-03-24 20:00:00,1763.86,1764.64,1728.47,1749.57,92036.541
2023-03-25 00:00:00,1749.57,1762.43,1746.48,1756.0,45288.2578
2023-03-25 04:00:00,1756.0,1759.11,1741.66,1747.25,55441.8245
2023-03-25 08:00:00,1747.26,1750.61,1736.05,1745.25,49331.5805
2023-03-25 12:00:00,1745.24,1763.23,1738.78,1754.93,64831.1853
2023-03-25 16:00:00,1754.93,1757.76,1715.19,1716.98,92021.7587
2023-03-25 20:00:00,1716.97,1743.92,1713.09,1741.88,48764.7675
2023-03-26 00:00:00,1741.88,1756.61,1739.31,1749.57,38121.9422
2023-03-26 04:00:00,1749.58,1755.72,1746.0,1752.55,27025.2643
2023-03-26 08:00:00,1752.55,1787.64,1749.8,1777.76,80137.6368
2023-03-26 12:00:00,1777.77,1801.0,1753.02,1762.81,124201.2827
2023-03-26 16:00:00,1762.81,1771.82,1754.33,1765.82,38243.2732
2023-03-26 20:00:00,1765.83,1783.7,1754.39,1773.88,47203.838
2023-03-27 00:00:00,1773.88,1780.48,1758.94,1765.0,52694.6673
2023-03-27 04:00:00,1765.01,1767.89,1746.57,1752.2,55380.2916
2023-03-27 08:00:00,1752.2,1770.2,1749.37,1765.42,45268.3924
2023-03-27 12:00:00,1765.42,1769.33,1686.13,1711.74,226262.4363
2023-03-27 16:00:00,1711.73,1732.0,1701.06,1704.58,117106.5535
2023-03-27 20:00:00,1704.59,1717.21,1696.29,1715.22,73851.1612
2023-03-28 00:00:00,1715.21,1726.94,1701.13,1711.65,64406.3708
2023-03-28 04:00:00,1711.65,1735.93,1709.53,1724.53,64638.3276
2023-03-28 08:00:00,1724.54,1754.48,1709.87,1745.48,85196.1305
2023-03-28 12:00:00,1745.48,1751.41,1730.02,1744.08,102091.5646
2023-03-28 16:00:00,1744.08,1795.73,1727.35,1785.85,155978.8309
2023-03-28 20:00:00,1785.84,1790.54,1762.0,1772.99,64200.1729
2023-03-29 00:00:00,1773.0,1788.99,1772.48,1778.07,63105.787
2023-03-29 04:00:00,1778.06,1818.0,1778.06,1804.86,126925.8954
2023-03-29 08:00:00,1804.85,1827.99,1799.66,1811.22,123599.5645
2023-03-29 12:00:00,1811.23,1816.42,1792.43,1807.68,100875.3854
2023-03-29 16:00:00,1807.67,1812.0,1791.88,1809.02,59627.0014
2023-03-29 20:00:00,1809.02,1809.6,1782.71,1793.07,62731.9635
2023-03-30 00:00:00,1793.06,1829.69,1766.5,1787.66,186718.9944
2023-03-30 04:00:00,1787.66,1813.27,1785.52,1806.47,78697.0663
2023-03-30 08:00:00,1806.46,1808.46,1793.4,1804.62,55929.3529
2023-03-30 12:00:00,1804.62,1805.88,1784.18,1789.42,90115.3684
2023-03-30 16:00:00,1789.41,1791.82,1763.0,1781.62,103564.6994
2023-03-30 20:00:00,1781.63,1800.0,1779.1,1793.61,64664.558
2023-03-31 00:00:00,1793.6,1817.99,1789.42,1803.22,76949.5233
2023-03-31 04:00:00,1803.23,1808.5,1777.91,1795.23,69473.6113
2023-03-31 08:00:00,1795.23,1799.72,1786.17,1792.89,58379.7379
2023-03-31 12:00:00,1792.9,1847.28,1790.56,1830.6,200463.5967
2023-03-31 16:00:00,1830.6,1834.64,1818.09,1829.22,80944.6188
2023-03-31 20:00:00,1829.23,1830.03,1813.95,1821.52,68314.3882
2023-04-01 00:00:00,1821.52,1842.83,1819.61,1825.99,50583.5026
2023-04-01 04:00:00,1825.99,1829.67,1812.12,1823.46,51855.7774
2023-04-01 08:00:00,1823.47,1828.66,1821.07,1824.04,44428.9687
2023-04-01 12:00:00,1824.04,1827.13,1814.22,1820.38,51049.1631
2023-04-01 16:00:00,1820.38,1824.33,1807.81,1814.76,44469.8734
2023-04-01 20:00:00,1814.76,1825.72,1814.47,1820.79,30517.6822
2023-04-02 00:00:00,1820.8,1823.61,1809.73,1817.68,37822.8585
2023-04-02 04:00:00,1817.68,1824.81,1813.42,1820.6,34491.2047
2023-04-02 08:00:00,1820.59,1823.66,1815.25,1817.42,34477.7432
2023-04-02 12:00:00,1817.42,1819.91,1789.1,1797.54,90323.3299
2023-04-02 16:00:00,1797.54,1803.92,1771.7,1781.75,70745.4606
2023-04-02 20:00:00,1781.75,1795.81,1777.35,1794.51,54262.3416
2023-04-03 00:00:00,1794.51,1794.56,1762.77,1778.34,85448.9177
2023-04-03 04:00:00,1778.33,1795.0,1772.54,1794.87,53070.1991
2023-04-03 08:00:00,1794.86,1817.5,1794.74,1807.69,103335.2198
2023-04-03 12:00:00,1807.69,1822.35,1788.64,1797.11,89894.216
2023-04-03 16:00:00,1797.12,1839.99,1791.4,1818.89,141159.7511
2023-04-03 20:00:00,1818.88,1819.86,1768.27,1810.51,155595.3582
2023-04-04 00:00:00,1810.51,1816.83,1802.01,1807.62,52200.18
2023-04-04 04:00:00,1807.61,1823.07,1803.17,1812.2,67070.1685
2023-04-04 08:00:00,1812.21,1875.0,1811.04,1864.91,206838.9972
2023-04-04 12:00:00,1864.9,1891.91,1851.95,1862.96,185460.2391
2023-04-04 16:00:00,1862.96,1873.74,1857.16,1868.92,59515.6084
2023-04-04 20:00:00,1868.92,1887.0,1859.21,1870.37,51123.4479
2023-04-05 00:00:00,1870.38,1925.0,1864.58,1912.37,135868.4296
2023-04-05 04:00:00,1912.37,1918.0,1907.19,1909.96,45967.9998
2023-04-05 08:00:00,1909.96,1921.7,1903.51,1914.56,55610.8643
2023-04-05 12:00:00,1914.56,1942.98,1882.31,1897.2,192505.1866
2023-04-05 16:00:00,1897.21,1918.0,1887.55,1909.19,80617.8353
2023-04-05 20:00:00,1909.18,1915.36,1903.0,1908.69,38025.1999
2023-04-06 00:00:00,1908.68,1909.91,1885.95,1898.88,62961.2326
2023-04-06 04:00:00,1898.87,1898.88,1876.54,1879.22,56845.6045
2023-04-06 08:00:00,1879.22,1885.5,1853.7,1868.68,93882.6832
2023-04-06 12:00:00,1868.68,1878.67,1854.66,1874.55,94411.9425
2023-04-06 16:00:00,1874.54,1882.99,1865.99,1871.29,53952.4454
2023-04-06 20:00:00,1871.3,1879.22,1860.0,1872.41,34187.527
2023-04-07 00:00:00,1872.41,1882.61,1866.0,1876.73,42006.657
2023-04-07 04:00:00,1876.73,1879.0,1841.46,1850.79,64554.7687
2023-04-07 08:00:00,1850.78,1859.2,1843.35,1849.35,59230.4396
2023-04-07 12:00:00,1849.35,1863.36,1842.7,1860.36,63311.6266
2023-04-07 16:00:00,1860.36,1861.91,1851.34,1854.72,24433.8402
2023-04-07 20:00:00,1854.72,1872.0,1851.23,1863.72,30719.1552
2023-04-08 00:00:00,1863.73,1872.21,1854.62,1868.27,41553.0597
2023-04-08 04:00:00,1868.27,1879.38,1864.02,1872.29,33882.382
2023-04-08 08:00:00,1872.3,1874.5,1865.5,1867.44,24243.0664
2023-04-08 12:00:00,1867.45,1871.22,1862.0,1866.89,27815.9926
2023-04-08 16:00:00,1866.89,1869.47,1847.33,1854.01,42315.771
2023-04-08 20:00:00,1854.01,1858.49,1847.0,1848.82,28095.269
2023-04-09 00:00:00,1848.82,1859.6,1846.97,1851.78,28168.7759
2023-04-09 04:00:00,1851.79,1855.62,1824.01,1835.49,69104.9312
2023-04-09 08:00:00,1835.49,1840.2,1827.04,1839.22,38814.6961
2023-04-09 12:00:00,1839.22,1845.53,1826.25,1837.04,48963.983
2023-04-09 16:00:00,1837.05,1866.75,1836.04,1856.39,52873.5958
2023-04-09 20:00:00,1856.39,1873.99,1852.72,1858.92,49205.3259
2023-04-10 00:00:00,1858.91,1863.46,1846.4,1857.97,43630.9572
2023-04-10 04:00:00,1857.97,1866.01,1853.62,1860.0,46796.8609
2023-04-10 08:00:00,1859.99,1862.73,1855.24,1858.0,37853.0514
2023-04-10 12:00:00,1857.99,1869.98,1847.18,1861.3,63729.5943
2023-04-10 16:00:00,1861.3,1904.99,1857.72,1888.73,162225.6051
2023-04-10 20:00:00,1888.74,1918.79,1878.16,1910.2,80503.7295
2023-04-11 00:00:00,1910.21,1937.37,1907.82,1923.22,101017.0054
2023-04-11 04:00:00,1923.22,1926.71,1906.25,1921.74,50406.3989
2023-04-11 08:00:00,1921.73,1922.99,1910.26,1915.5,42710.6506
2023-04-11 12:00:00,1915.51,1922.91,1904.0,1913.64,68745.7254
2023-04-11 16:00:00,1913.63,1917.0,1891.2,1894.19,78023.9367
2023-04-11 20:00:00,1894.18,1897.2,1881.11,1889.86,64299.7722
2023-04-12 00:00:00,1889.86,1897.13,1852.65,1862.79,104250.2586
2023-04-12 04:00:00,1862.78,1875.76,1860.32,1870.29,49509.1131
2023-04-12 08:00:00,1870.3,1874.22,1864.04,1872.68,43255.2642
2023-04-12 12:00:00,1872.67,1933.0,1867.05,1912.19,276763.2975
2023-04-12 16:00:00,1912.18,1919.45,1893.35,1901.32,80899.4694
2023-04-12 20:00:00,1901.31,1930.37,1900.12,1917.39,76167.0158
2023-04-13 00:00:00,1917.4,1920.76,1899.55,1912.43,69481.4198
2023-04-13 04:00:00,1912.43,1925.98,1907.7,1922.01,65942.483
2023-04-13 08:00:00,1922.01,1996.1,1919.65,1985.4,252280.3456
2023-04-13 12:00:00,1985.39,2008.39,1985.39,1997.15,148204.115
2023-04-13 16:00:00,1997.15,2023.0,1991.09,2011.28,86804.1937
2023-04-13 20:00:00,2011.29,2017.02,2000.78,2012.01,53451.9617
2023-04-14 00:00:00,2012.0,2128.76,2009.22,2109.0,273261.4088
2023-04-14 04:00:00,2109.0,2124.52,2102.59,2105.85,117591.6602
2023-04-14 08:00:00,2105.84,2119.89,2101.32,2115.62,78460.4705
2023-04-14 12:00:00,2115.62,2125.0,2049.87,2058.34,201605.7213
2023-04-14 16:00:00,2058.34,2092.54,2042.08,2090.81,144295.889
2023-04-14 20:00:00,2090.8,2121.47,2085.45,2099.99,81092.2436
2023-04-15 00:00:00,2099.99,2106.11,2071.13,2088.88,75992.5401
2023-04-15 04:00:00,2088.87,2105.0,2081.6,2097.62,35611.8122
2023-04-15 08:00:00,2097.63,2111.85,2092.77,2100.19,53284.9053
2023-04-15 12:00:00,2100.18,2108.01,2092.93,2097.98,49744.3287
2023-04-15 16:00:00,2097.97,2108.98,2082.75,2100.0,64731.5038
2023-04-15 20:00:00,2100.01,2102.67,2082.01,2090.6,42458.695
2023-04-16 00:00:00,2090.61,2095.32,2072.72,2086.13,38621.5399
2023-04-16 04:00:00,2086.14,2102.6,2085.64,2098.0,31125.2161
2023-04-16 08:00:00,2097.99,2099.67,2082.64,2086.43,37787.6112
2023-04-16 12:00:00,2086.43,2098.49,2076.02,2093.8,47058.4954
2023-04-16 16:00:00,2093.8,2141.54,2088.54,2114.66,98778.1246
2023-04-16 20:00:00,2114.66,2131.77,2097.01,2118.67,66509.4521
2023-04-17 00:00:00,2118.66,2120.51,2072.0,2096.9,103325.6559
2023-04-17 04:00:00,2096.89,2102.36,2088.83,2090.08,44453.0795
2023-04-17 08:00:00,2090.07,2099.01,2065.94,2076.5,73266.2335
2023-04-17 12:00:00,2076.5,2082.58,2056.25,2071.45,119080.9917
2023-04-17 16:00:00,2071.46,2088.73,2070.41,2078.14,53739.773
2023-04-17 20:00:00,2078.15,2083.75,2067.0,2074.0,33106.9735
2023-04-18 00:00:00,2073.99,2084.68,2051.0,2079.69,56756.0986
2023-04-18 04:00:00,2079.7,2110.61,2077.78,2100.28,68960.8987
2023-04-18 08:00:00,2100.28,2125.0,2094.18,2117.8,74110.1437
2023-04-18 12:00:00,2117.8,2120.98,2088.12,2095.5,87550.8429
2023-04-18 16:00:00,2095.49,2100.51,2069.91,2081.02,82196.1476
2023-04-18 20:00:00,2081.01,2107.96,2074.16,2103.5,44670.482
2023-04-19 00:00:00,2103.51,2104.6,2087.3,2091.46,34597.5523
2023-04-19 04:00:00,2091.46,2092.36,2065.15,2073.91,64789.245
2023-04-19 08:00:00,2073.91,2073.92,1962.06,1981.44,316144.5067
2023-04-19 12:00:00,1981.45,2007.2,1969.34,1983.41,153884.0932
2023-04-19 16:00:00,1983.41,1991.42,1964.84,1980.54,77087.4276
2023-04-19 20:00:00,1980.54,1987.99,1923.03,1933.73,128886.2354
2023-04-20 00:00:00,1933.74,1954.48,1923.69,1949.71,105454.6663
2023-04-20 04:00:00,1949.71,1964.56,1947.46,1948.81,67530.6669
2023-04-20 08:00:00,1948.81,1962.88,1937.68,1939.97,80533.7503
2023-04-20 12:00:00,1939.97,1982.99,1936.04,1945.91,157477.7757
2023-04-20 16:00:00,1945.92,1955.5,1914.43,1927.7,154309.8302
2023-04-20 20:00:00,1927.7,1955.02,1923.06,1942.98,60029.5601
2023-04-21 00:00:00,1942.98,1957.27,1934.5,1945.81,55948.8616
2023-04-21 04:00:00,1945.82,1947.51,1898.0,1928.44,146683.8845
2023-04-21 08:00:00,1928.44,1934.22,1902.25,1909.01,81268.3853
2023-04-21 12:00:00,1909.01,1923.61,1890.6,1903.91,118773.9304
2023-04-21 16:00:00,1903.91,1908.6,1836.61,1842.7,190049.7732
2023-04-21 20:00:00,1842.69,1855.02,1825.0,1848.78,96151.7836
2023-04-22 00:00:00,1848.77,1862.74,1846.0,1859.73,50923.5853
2023-04-22 04:00:00,1859.73,1865.15,1848.09,1850.8,61697.9187
2023-04-22 08:00:00,1850.8,1854.79,1841.64,1852.09,39087.5772
2023-04-22 12:00:00,1852.1,1872.13,1845.91,1866.81,65492.1127
2023-04-22 16:00:00,1866.81,1887.31,1865.9,1872.04,72047.0079
2023-04-22 20:00:00,1872.05,1879.37,1864.13,1874.16,41759.3861
2023-04-23 00:00:00,1874.17,1874.17,1846.45,1861.8,75665.0043
2023-04-23 04:00:00,1861.8,1876.65,1859.56,1874.3,38623.9503
2023-04-23 08:00:00,1874.29,1877.0,1863.18,1874.45,45682.9817
2023-04-23 12:00:00,1874.45,1882.01,1852.08,1859.31,64046.1545
2023-04-23 16:00:00,1859.32,1872.69,1836.37,1846.49,74923.5526
2023-04-23 20:00:00,1846.49,1868.16,1838.03,1862.0,45572.701
2023-04-24 00:00:00,1862.01,1890.0,1850.46,1868.12,65264.8694
2023-04-24 04:00:00,1868.12,1868.4,1827.23,1845.69,68211.0299
2023-04-24 08:00:00,1845.7,1855.57,1831.19,1855.26,78928.4399
2023-04-24 12:00:00,1855.26,1876.19,1830.0,1834.17,99664.1152
2023-04-24 16:00:00,1834.18,1847.62,1806.0,1831.33,101408.6325
2023-04-24 20:00:00,1831.32,1845.66,1827.77,1841.84,34386.9648
2023-04-25 00:00:00,1841.84,1851.64,1827.01,1830.23,41772.4078
2023-04-25 04:00:00,1830.22,1836.51,1812.28,1815.63,60582.7725
2023-04-25 08:00:00,1815.63,1829.56,1805.65,1826.03,82561.3736
2023-04-25 12:00:00,1826.03,1833.32,1801.66,1814.99,90279.1809
2023-04-25 16:00:00,1815.0,1847.61,1812.62,1837.66,85011.9345
2023-04-25 20:00:00,1837.66,1877.86,1837.04,1866.1,97662.9354
2023-04-26 00:00:00,1866.1,1884.36,1861.83,1862.8,85246.1539
2023-04-26 04:00:00,1862.79,1878.63,1858.25,1861.84,45394.3051
2023-04-26 08:00:00,1861.83,1920.16,1861.76,1914.58,187099.4416
2023-04-26 12:00:00,1914.58,1964.72,1914.13,1953.91,184467.1953
2023-04-26 16:00:00,1953.92,1960.31,1818.56,1828.74,202468.6328
2023-04-26 20:00:00,1828.74,1883.37,1785.0,1866.01,193034.0011
2023-04-27 00:00:00,1866.01,1940.96,1861.19,1898.41,216385.0595
2023-04-27 04:00:00,1898.42,1918.68,1871.14,1885.1,110515.011
2023-04-27 08:00:00,1885.1,1894.76,1875.04,1880.92,72358.0599
2023-04-27 12:00:00,1880.93,1916.75,1861.85,1900.19,144397.7559
2023-04-27 16:00:00,1900.2,1937.77,1889.99,1922.44,122385.8022
2023-04-27 20:00:00,1922.44,1930.0,1893.12,1908.68,61431.2581
2023-04-28 00:00:00,1908.68,1915.0,1902.16,1905.41,52389.1765
2023-04-28 04:00:00,1905.41,1923.88,1904.4,1919.08,59188.3659
2023-04-28 08:00:00,1919.07,1919.52,1895.02,1902.33,53927.0947
2023-04-28 12:00:00,1902.33,1915.31,1873.94,1886.8,136056.0646
2023-04-28 16:00:00,1886.8,1905.15,1883.21,1892.36,59311.4806
2023-04-28 20:00:00,1892.36,1900.78,1887.08,1890.94,26758.5968
2023-04-29 00:00:00,1890.93,1898.04,1886.11,1896.2,26585.2453
2023-04-29 04:00:00,1896.2,1904.51,1896.2,1902.18,27198.4058
2023-04-29 08:00:00,1902.19,1903.74,1893.33,1897.95,23839.6519
2023-04-29 12:00:00,1897.95,1918.0,1896.6,1905.54,45490.6712
2023-04-29 16:00:00,1905.54,1907.56,1883.05,1903.09,38648.2119
2023-04-29 20:00:00,1903.1,1909.37,1897.79,1907.8,20283.9545
2023-04-30 00:00:00,1907.79,1907.8,1893.0,1896.25,22112.9507
2023-04-30 04:00:00,1896.25,1905.62,1893.0,1903.06,19552.0822
2023-04-30 08:00:00,1903.06,1913.37,1899.36,1900.79,40510.1807
2023-04-30 12:00:00,1900.78,1939.0,1897.66,1920.01,99570.4643
2023-04-30 16:00:00,1920.0,1934.2,1892.97,1904.83,90747.7131
2023-04-30 20:00:00,1904.83,1904.83,1866.16,1870.09,82843.0978
2023-05-01 00:00:00,1870.08,1886.49,1823.0,1846.58,117483.7492
2023-05-01 04:00:00,1846.59,1854.4,1833.99,1849.68,45418.6484
2023-05-01 08:00:00,1849.69,1853.68,1840.96,1845.37,37201.9858
2023-05-01 12:00:00,1845.36,1852.08,1826.77,1833.66,90806.1351
2023-05-01 16:00:00,1833.65,1842.22,1808.01,1812.97,95705.8669
2023-05-01 20:00:00,1812.97,1833.46,1806.12,1830.73,58902.7925
2023-05-02 00:00:00,1830.73,1837.73,1822.94,1830.66,43750.6475
2023-05-02 04:00:00,1830.66,1841.26,1824.19,1835.68,34703.5209
2023-05-02 08:00:00,1835.68,1839.44,1825.8,1833.57,38912.361
2023-05-02 12:00:00,1833.56,1868.9,1824.25,1858.8,146315.4704
2023-05-02 16:00:00,1858.8,1881.87,1853.2,1868.37,71482.3951
2023-05-02 20:00:00,1868.37,1876.8,1867.28,1870.08,38588.8078
2023-05-03 00:00:00,1870.09,1870.84,1853.78,1862.66,36358.5957
2023-05-03 04:00:00,1862.67,1869.73,1857.37,1865.19,31956.14
2023-05-03 08:00:00,1865.2,1872.39,1858.53,1859.32,39304.0853
2023-05-03 12:00:00,1859.32,1862.89,1842.64,1853.31,85845.7924
2023-05-03 16:00:00,1853.32,1894.45,1850.9,1868.01,166381.3955
2023-05-03 20:00:00,1868.02,1916.52,1858.11,1905.12,105339.2412
2023-05-04 00:00:00,1905.12,1908.21,1895.68,1903.65,45952.8773
2023-05-04 04:00:00,1903.66,1905.55,1896.16,1898.4,41192.0828
2023-05-04 08:00:00,1898.4,1918.26,1896.4,1904.67,52437.3722
2023-05-04 12:00:00,1904.67,1908.2,1876.99,1885.66,116052.8647
2023-05-04 16:00:00,1885.66,1891.33,1866.71,1876.65,71177.1073
2023-05-04 20:00:00,1876.66,1879.6,1869.75,1877.07,27716.3101
2023-05-05 00:00:00,1877.07,1909.0,1875.65,1896.58,64586.8312
2023-05-05 04:00:00,1896.58,1907.22,1892.72,1895.1,43789.4881
2023-05-05 08:00:00,1895.1,1914.56,1894.4,1911.2,44696.8554
2023-05-05 12:00:00,1911.19,1956.04,1888.0,1953.34,189206.3739
2023-05-05 16:00:00,1953.34,1998.36,1953.34,1990.97,159923.8299
2023-05-05 20:00:00,1990.97,1996.97,1984.24,1993.3,44405.4965
2023-05-06 00:00:00,1993.3,2019.0,1963.02,1970.34,113857.9453
2023-05-06 04:00:00,1970.33,1972.36,1955.66,1958.92,53524.4821
2023-05-06 08:00:00,1958.91,1958.92,1921.25,1934.31,103372.0837
2023-05-06 12:00:00,1934.32,1934.6,1860.0,1877.32,211309.3425
2023-05-06 16:00:00,1877.32,1907.0,1875.89,1897.93,85277.6411
2023-05-06 20:00:00,1897.94,1899.54,1884.49,1896.33,40765.4968
2023-05-07 00:00:00,1896.33,1918.6,1887.45,1892.87,72216.5622
2023-05-07 04:00:00,1892.87,1908.74,1890.0,1905.56,44070.3169
2023-05-07 08:00:00,1905.55,1915.24,1895.66,1902.28,52251.9317
2023-05-07 12:00:00,1902.29,1933.33,1902.28,1916.93,88385.0252
2023-05-07 16:00:00,1916.93,1923.38,1903.38,1912.93,60723.806
2023-05-07 20:00:00,1912.93,1921.48,1867.59,1870.4,95621.1937
2023-05-08 00:00:00,1870.41,1883.97,1840.0,1865.39,142610.8508
2023-05-08 04:00:00,1865.38,1869.62,1838.34,1851.43,76680.0505
2023-05-08 08:00:00,1851.43,1865.51,1835.0,1862.78,91755.165
2023-05-08 12:00:00,1862.79,1876.99,1847.53,1864.69,102333.5843
2023-05-08 16:00:00,1864.68,1867.03,1810.73,1829.0,161502.0648
2023-05-08 20:00:00,1829.0,1849.55,1826.48,1847.56,50434.9014
2023-05-09 00:00:00,1847.55,1856.99,1837.09,1843.57,41716.2859
2023-05-09 04:00:00,1843.58,1850.79,1830.99,1848.62,52748.5857
2023-05-09 08:00:00,1848.61,1849.5,1834.06,1846.76,42045.2437
2023-05-09 12:00:00,1846.76,1854.59,1834.22,1839.49,73135.229
2023-05-09 16:00:00,1839.49,1858.0,1836.0,1852.43,60186.0846
2023-05-09 20:00:00,1852.44,1861.88,1841.33,1846.52,34564.7571
2023-05-10 00:00:00,1846.53,1858.92,1841.68,1843.73,48379.4298
2023-05-10 04:00:00,1843.72,1848.79,1834.23,1838.29,38943.0035
2023-05-10 08:00:00,1838.29,1851.0,1834.67,1850.49,41625.8224
2023-05-10 12:00:00,1850.5,1887.47,1846.84,1872.84,179357.8325
2023-05-10 16:00:00,1872.84,1880.0,1790.51,1849.4,244332.5204
2023-05-10 20:00:00,1849.41,1862.99,1826.84,1840.84,87294.7769
2023-05-11 00:00:00,1840.83,1842.02,1821.35,1827.61,66943.032
2023-05-11 04:00:00,1827.61,1835.36,1824.83,1829.41,46819.3798
2023-05-11 08:00:00,1829.41,1829.42,1808.0,1820.84,78168.1201
2023-05-11 12:00:00,1820.83,1839.0,1785.5,1807.7,155430.93
2023-05-11 16:00:00,1807.7,1810.48,1772.68,1784.46,127252.1146
2023-05-11 20:00:00,1784.47,1801.2,1782.39,1794.3,47482.496
2023-05-12 00:00:00,1794.31,1801.99,1758.21,1763.25,80804.0446
2023-05-12 04:00:00,1763.25,1770.03,1740.0,1759.47,146342.5061
2023-05-12 08:00:00,1759.48,1771.87,1755.29,1764.86,58603.2783
2023-05-12 12:00:00,1764.86,1783.23,1761.08,1765.55,75231.1442
2023-05-12 16:00:00,1765.54,1794.96,1742.69,1790.01,104492.2131
2023-05-12 20:00:00,1790.0,1818.63,1781.31,1807.45,100066.6446
2023-05-13 00:00:00,1807.45,1817.03,1801.16,1805.61,41245.3238
2023-05-13 04:00:00,1805.62,1806.84,1796.8,1802.98,30365.3283
2023-05-13 08:00:00,1802.98,1811.46,1801.24,1803.78,29164.0211
2023-05-13 12:00:00,1803.79,1809.91,1785.23,1795.9,46713.5684
2023-05-13 16:00:00,1795.91,1806.45,1786.12,1792.83,40715.0401
2023-05-13 20:00:00,1792.84,1804.89,1792.38,1795.11,24692.1556
2023-05-14 00:00:00,1795.12,1805.8,1789.82,1803.89,30429.6592
2023-05-14 04:00:00,1803.88,1809.84,1800.94,1805.21,26312.1389
2023-05-14 08:00:00,1805.21,1806.79,1799.91,1802.05,20055.3376
2023-05-14 12:00:00,1802.04,1824.0,1797.5,1819.05,59990.3235
2023-05-14 16:00:00,1819.06,1821.87,1792.4,1796.32,52934.1708
2023-05-14 20:00:00,1796.32,1802.41,1791.45,1799.21,28379.4677
2023-05-15 00:00:00,1799.2,1835.85,1785.05,1826.09,119395.323
2023-05-15 04:00:00,1826.1,1834.47,1819.21,1828.72,68539.0042
2023-05-15 08:00:00,1828.73,1836.06,1823.87,1824.39,35864.5256
2023-05-15 12:00:00,1824.39,1836.28,1812.97,1827.84,56150.2437
2023-05-15 16:00:00,1827.85,1846.7,1823.73,1828.74,77431.6616
2023-05-15 20:00:00,1828.74,1829.75,1813.0,1816.2,30791.168
2023-05-16 00:00:00,1816.21,1822.69,1796.2,1813.53,79138.1203
2023-05-16 04:00:00,1813.53,1823.61,1806.03,1822.68,44649.4695
2023-05-16 08:00:00,1822.68,1827.18,1811.67,1816.53,41678.3576
2023-05-16 12:00:00,1816.54,1823.24,1810.0,1820.2,59329.2776
2023-05-16 16:00:00,1820.2,1832.64,1814.34,1816.8,57312.2353
2023-05-16 20:00:00,1816.79,1829.34,1814.84,1824.21,29131.2183
2023-05-17 00:00:00,1824.21,1837.5,1817.71,1823.82,39572.8478
2023-05-17 04:00:00,1823.81,1826.69,1803.33,1807.75,40828.3297
2023-05-17 08:00:00,1807.74,1808.56,1788.1,1790.2,81382.9367
2023-05-17 12:00:00,1790.2,1800.35,1783.68,1797.24,61359.8798
2023-05-17 16:00:00,1797.24,1833.93,1794.68,1828.1,88023.8702
2023-05-17 20:00:00,1828.11,1835.37,1819.26,1822.12,40930.1271
2023-05-18 00:00:00,1822.12,1827.82,1818.28,1826.59,28953.3886
2023-05-18 04:00:00,1826.58,1831.92,1814.92,1827.1,34841.0183
2023-05-18 08:00:00,1827.1,1830.0,1823.24,1825.43,26110.8602
2023-05-18 12:00:00,1825.44,1827.18,1805.11,1807.99,58850.6413
2023-05-18 16:00:00,1807.99,1812.7,1771.12,1795.2,95554.8665
2023-05-18 20:00:00,1795.2,1821.36,1793.57,1800.56,49444.5361
2023-05-19 00:00:00,1800.56,1807.59,1796.81,1801.35,30749.276
2023-05-19 04:00:00,1801.35,1810.53,1799.13,1805.62,31175.6051
2023-05-19 08:00:00,1805.61,1811.87,1804.99,1807.5,31445.1914
2023-05-19 12:00:00,1807.5,1829.54,1800.81,1815.45,94220.3595
2023-05-19 16:00:00,1815.46,1822.87,1806.97,1811.44,41704.5359
2023-05-19 20:00:00,1811.44,1815.82,1809.41,1812.32,13821.4997
2023-05-20 00:00:00,1812.31,1813.7,1807.06,1813.43,15922.0207
2023-05-20 04:00:00,1813.43,1813.94,1808.41,1811.19,15035.3496
2023-05-20 08:00:00,1811.18,1815.99,1811.18,1813.39,17593.5419
2023-05-20 12:00:00,1813.38,1820.77,1812.69,1817.5,27075.7556
2023-05-20 16:00:00,1817.5,1828.87,1813.5,1821.33,35215.9291
2023-05-20 20:00:00,1821.33,1822.66,1812.07,1819.42,16911.838
2023-05-21 00:00:00,1819.42,1828.98,1816.78,1817.88,24427.0042
2023-05-21 04:00:00,1817.87,1818.13,1813.51,1817.0,17336.6135
2023-05-21 08:00:00,1816.99,1817.36,1806.54,1809.48,32181.4645
2023-05-21 12:00:00,1809.49,1817.76,1802.58,1807.33,32606.3449
2023-05-21 16:00:00,1807.34,1810.53,1802.37,1810.08,23518.069
2023-05-21 20:00:00,1810.07,1811.72,1797.21,1804.91,31448.3092
2023-05-22 00:00:00,1804.91,1806.76,1792.01,1800.98,39626.5192
2023-05-22 04:00:00,1800.98,1815.0,1800.78,1811.19,27513.1781
2023-05-22 08:00:00,1811.19,1820.17,1810.7,1814.32,37381.1985
2023-05-22 12:00:00,1814.32,1828.27,1808.54,1816.64,65449.079
2023-05-22 16:00:00,1816.64,1823.44,1813.46,1816.4,44690.7857
2023-05-22 20:00:00,1816.4,1825.17,1813.33,1817.35,22838.1818
2023-05-23 00:00:00,1817.36,1872.5,1815.24,1866.0,168539.2977
2023-05-23 04:00:00,1866.01,1869.01,1846.01,1854.05,65686.504
2023-05-23 08:00:00,1854.06,1858.32,1849.62,1854.97,37027.8713
2023-05-23 12:00:00,1854.97,1860.61,1842.37,1856.92,59328.5032
2023-05-23 16:00:00,1856.92,1857.55,1842.0,1851.52,41082.6917
2023-05-23 20:00:00,1851.52,1857.14,1846.33,1854.05,25204.7418
2023-05-24 00:00:00,1854.06,1854.09,1812.13,1821.95,69556.3537
2023-05-24 04:00:00,1821.94,1828.66,1813.82,1814.07,82839.002
2023-05-24 08:00:00,1814.07,1821.15,1811.0,1816.01,38147.2975
2023-05-24 12:00:00,1816.02,1818.27,1777.6,1793.35,137311.7887
2023-05-24 16:00:00,1793.36,1798.63,1785.0,1792.79,49413.4321
2023-05-24 20:00:00,1792.79,1809.29,1791.8,1799.89,43578.2705
2023-05-25 00:00:00,1799.89,1807.33,1761.41,1781.27,102891.9865
2023-05-25 04:00:00,1781.28,1787.52,1774.45,1778.68,37945.4766
2023-05-25 08:00:00,1778.68,1792.55,1778.68,1789.65,31079.1921
2023-05-25 12:00:00,1789.66,1812.76,1786.71,1791.56,84720.7002
2023-05-25 16:00:00,1791.56,1818.81,1791.36,1808.82,67925.2019
2023-05-25 20:00:00,1808.82,1813.76,1805.39,1805.6,26070.4516
2023-05-26 00:00:00,1805.61,1808.98,1796.99,1807.41,34854.2847
2023-05-26 04:00:00,1807.41,1817.72,1802.0,1816.71,39571.9437
2023-05-26 08:00:00,1816.7,1818.52,1811.11,1812.26,34399.6604
2023-05-26 12:00:00,1812.26,1838.2,1809.03,1830.84,103700.4686
2023-05-26 16:00:00,1830.83,1837.0,1822.49,1835.55,45307.1952
2023-05-26 20:00:00,1835.56,1837.79,1826.18,1827.79,17857.1328
2023-05-27 00:00:00,1827.8,1836.12,1825.01,1834.25,28641.3012
2023-05-27 04:00:00,1834.24,1835.45,1828.2,1829.76,20978.2514
2023-05-27 08:00:00,1829.77,1830.18,1822.45,1826.83,25103.3104
2023-05-27 12:00:00,1826.83,1832.0,1812.18,1823.6,28284.7986
2023-05-27 16:00:00,1823.6,1829.2,1817.25,1826.03,20411.7008
2023-05-27 20:00:00,1826.04,1832.06,1824.41,1829.89,15405.5782
2023-05-28 00:00:00,1829.89,1859.5,1823.6,1850.71,74735.1228
2023-05-28 04:00:00,1850.71,1859.0,1845.29,1847.79,57161.3828
2023-05-28 08:00:00,1847.8,1851.79,1843.21,1843.5,26578.031
2023-05-28 12:00:00,1843.51,1845.21,1836.69,1843.74,27261.3315
2023-05-28 16:00:00,1843.74,1858.93,1839.21,1848.77,57016.6208
2023-05-28 20:00:00,1848.77,1918.65,1848.76,1908.64,135639.9482
2023-05-29 00:00:00,1908.64,1927.62,1901.21,1903.77,99834.7525
2023-05-29 04:00:00,1903.78,1905.92,1893.0,1899.85,61632.1943
2023-05-29 08:00:00,1899.85,1905.3,1893.92,1903.26,35471.9432
2023-05-29 12:00:00,1903.26,1905.14,1885.0,1889.41,43276.392
2023-05-29 16:00:00,1889.41,1895.76,1873.65,1891.2,47797.3741
2023-05-29 20:00:00,1891.19,1903.0,1886.02,1892.6,25580.8381
2023-05-30 00:00:00,1892.6,1912.55,1881.19,1900.66,39822.0842
2023-05-30 04:00:00,1900.67,1905.0,1892.72,1898.23,33934.6206
2023-05-30 08:00:00,1898.22,1917.0,1898.22,1915.4,46926.7615
2023-05-30 12:00:00,1915.4,1915.7,1894.11,1900.56,72165.522
2023-05-30 16:00:00,1900.56,1912.64,1891.33,1907.32,47369.5726
2023-05-30 20:00:00,1907.33,1914.78,1897.35,1900.59,32447.2793
2023-05-31 00:00:00,1900.58,1907.13,1884.29,1897.71,36406.3048
2023-05-31 04:00:00,1897.71,1898.53,1857.67,1869.31,105784.1267
2023-05-31 08:00:00,1869.3,1873.46,1862.2,1865.19,38102.037
2023-05-31 12:00:00,1865.2,1875.02,1846.95,1857.94,74464.889
2023-05-31 16:00:00,1857.95,1869.75,1854.28,1863.63,37383.4737
2023-05-31 20:00:00,1863.63,1878.14,1861.48,1873.63,27114.7369
2023-06-01 00:00:00,1873.63,1889.2,1840.0,1855.5,85904.402
2023-06-01 04:00:00,1855.5,1860.38,1851.4,1854.21,29030.7844
2023-06-01 08:00:00,1854.22,1865.96,1852.02,1861.5,24114.6889
2023-06-01 12:00:00,1861.5,1866.56,1855.68,1863.36,39559.3433
2023-06-01 16:00:00,1863.36,1882.86,1857.02,1869.27,60378.5131
2023-06-01 20:00:00,1869.28,1873.6,1852.66,1861.78,31508.878
2023-06-02 00:00:00,1861.78,1880.62,1847.51,1878.64,54178.4897
2023-06-02 04:00:00,1878.64,1897.4,1875.68,1885.65,60738.6282
2023-06-02 08:00:00,1885.64,1900.64,1885.64,1894.96,44493.7855
2023-06-02 12:00:00,1894.95,1899.0,1876.65,1892.0,72235.5705
2023-06-02 16:00:00,1892.01,1910.0,1887.05,1907.6,57041.4152
2023-06-02 20:00:00,1907.61,1910.0,1902.62,1906.68,24316.1767
2023-06-03 00:00:00,1906.69,1907.92,1897.42,1899.84,29463.7252
2023-06-03 04:00:00,1899.84,1905.66,1897.44,1902.71,20066.9098
2023-06-03 08:00:00,1902.72,1906.7,1899.0,1903.72,22443.7151
2023-06-03 12:00:00,1903.72,1906.61,1891.23,1903.18,27153.3586
2023-06-03 16:00:00,1903.19,1903.71,1882.33,1886.14,32671.0887
2023-06-03 20:00:00,1886.13,1892.43,1881.6,1892.06,17019.4453
2023-06-04 00:00:00,1892.05,1895.03,1884.22,1894.09,16525.8666
2023-06-04 04:00:00,1894.09,1901.36,1890.87,1900.21,17871.4671
2023-06-04 08:00:00,1900.21,1908.61,1898.61,1903.08,21792.4081
2023-06-04 12:00:00,1903.07,1914.63,1900.0,1901.76,39093.7827
2023-06-04 16:00:00,1901.76,1905.62,1896.17,1904.66,21097.5451
2023-06-04 20:00:00,1904.66,1912.89,1885.0,1890.01,56301.9423
2023-06-05 00:00:00,1890.0,1890.63,1866.62,1869.65,69953.3202
2023-06-05 04:00:00,1869.64,1873.4,1861.76,1873.4,31988.9389
2023-06-05 08:00:00,1873.4,1873.81,1862.94,1869.51,31604.8418
2023-06-05 12:00:00,1869.5,1871.2,1820.29,1820.6,122972.3276
2023-06-05 16:00:00,1820.69,1823.9,1778.0,1806.49,244006.8812
2023-06-05 20:00:00,1806.5,1815.88,1793.01,1810.5,54834.9586
2023-06-06 00:00:00,1810.49,1813.76,1803.15,1811.8,36961.6506
2023-06-06 04:00:00,1811.8,1819.18,1811.17,1813.35,28828.9585
2023-06-06 08:00:00,1813.35,1822.6,1809.19,1813.32,33045.0498
2023-06-06 12:00:00,1813.33,1846.48,1797.18,1842.22,145517.5404
2023-06-06 16:00:00,1842.22,1898.29,1842.21,1891.82,145853.5795
2023-06-06 20:00:00,1891.82,1895.5,1874.15,1884.64,101200.4386
2023-06-07 00:00:00,1884.65,1897.8,1871.59,1877.48,66167.9314
2023-06-07 04:00:00,1877.47,1883.76,1874.62,1875.05,35424.0638
2023-06-07 08:00:00,1875.05,1878.09,1842.57,1870.23,86390.6974
2023-06-07 12:00:00,1870.23,1870.84,1835.13,1839.0,101617.5167
2023-06-07 16:00:00,1839.0,1852.5,1832.71,1850.36,77067.4355
2023-06-07 20:00:00,1850.37,1851.0,1821.18,1832.13,62529.0616
2023-06-08 00:00:00,1832.12,1841.45,1828.31,1834.96,28187.8064
2023-06-08 04:00:00,1834.97,1846.05,1833.0,1842.0,28535.9837
2023-06-08 08:00:00,1842.0,1848.99,1838.19,1843.8,25074.6428
2023-06-08 12:00:00,1843.79,1861.28,1837.86,1855.66,63069.2146
2023-06-08 16:00:00,1855.67,1856.24,1841.35,1847.73,25927.2378
2023-06-08 20:00:00,1847.73,1854.0,1844.92,1845.64,18475.6
2023-06-09 00:00:00,1845.65,1849.02,1827.0,1838.23,43969.5148
2023-06-09 04:00:00,1838.22,1842.0,1831.25,1836.37,23561.6549
2023-06-09 08:00:00,1836.37,1847.42,1834.52,1843.79,29228.24
2023-06-09 12:00:00,1843.79,1855.0,1839.75,1841.71,49696.4165
2023-06-09 16:00:00,1841.71,1843.45,1830.37,1830.86,30368.3615
2023-06-09 20:00:00,1830.86,1841.15,1828.03,1840.37,21500.1375
2023-06-10 00:00:00,1840.37,1844.99,1822.13,1827.17,50640.2301
2023-06-10 04:00:00,1827.17,1829.84,1724.43,1731.78,310231.9675
2023-06-10 08:00:00,1731.79,1749.56,1715.03,1747.95,101456.4331
2023-06-10 12:00:00,1747.95,1747.96,1732.85,1737.39,41864.4356
2023-06-10 16:00:00,1737.39,1773.03,1718.5,1744.48,119236.9659
2023-06-10 20:00:00,1744.48,1757.58,1738.59,1751.53,28894.6373
2023-06-11 00:00:00,1751.52,1752.46,1743.64,1751.55,30997.0605
2023-06-11 04:00:00,1751.55,1759.76,1743.88,1752.92,26141.8363
2023-06-11 08:00:00,1752.92,1755.54,1745.15,1752.13,25102.8579
2023-06-11 12:00:00,1752.14,1752.39,1738.72,1740.8,33875.0287
2023-06-11 16:00:00,1740.8,1768.26,1739.76,1762.27,49706.6513
2023-06-11 20:00:00,1762.27,1778.25,1741.64,1752.76,54132.8087
2023-06-12 00:00:00,1752.77,1755.35,1720.11,1735.76,70840.0702
2023-06-12 04:00:00,1735.76,1748.0,1732.77,1736.7,33548.1957
2023-06-12 08:00:00,1736.7,1759.33,1734.28,1745.6,54970.7252
2023-06-12 12:00:00,1745.61,1747.25,1728.88,1731.87,52845.906
2023-06-12 16:00:00,1731.86,1747.16,1720.0,1733.14,65402.1042
2023-06-12 20:00:00,1733.15,1746.46,1730.22,1742.57,24525.4806
2023-06-13 00:00:00,1742.57,1756.0,1728.43,1747.37,49910.0766
2023-06-13 04:00:00,1747.38,1753.26,1741.13,1748.27,21230.727
2023-06-13 08:00:00,1748.28,1759.65,1746.32,1753.81,40038.3523
2023-06-13 12:00:00,1753.8,1770.13,1724.22,1730.18,120003.5116
2023-06-13 16:00:00,1730.17,1750.85,1729.21,1740.31,32821.2772
2023-06-13 20:00:00,1740.31,1744.41,1733.36,1740.12,20264.0571
2023-06-14 00:00:00,1740.12,1748.45,1738.26,1746.12,21088.1473
2023-06-14 04:00:00,1746.11,1747.05,1737.0,1741.29,22773.5115
2023-06-14 08:00:00,1741.28,1750.03,1740.9,1745.96,24121.4579
2023-06-14 12:00:00,1745.96,1749.3,1737.38,1741.05,29973.2817
2023-06-14 16:00:00,1741.04,1747.31,1720.01,1728.33,78982.7026
2023-06-14 20:00:00,1728.34,1728.98,1630.43,1650.95,238908.226
2023-06-15 00:00:00,1650.95,1656.59,1643.73,1652.0,42833.9022
2023-06-15 04:00:00,1652.0,1653.51,1632.04,1639.95,68703.7038
2023-06-15 08:00:00,1639.96,1645.16,1626.01,1643.05,76581.5059
2023-06-15 12:00:00,1643.05,1652.14,1635.91,1642.42,54802.0459
2023-06-15 16:00:00,1642.42,1672.37,1633.79,1668.97,69902.4764
2023-06-15 20:00:00,1668.97,1680.91,1654.32,1666.96,57951.1354
2023-06-16 00:00:00,1666.96,1669.54,1660.0,1667.11,24990.3622
2023-06-16 04:00:00,1667.1,1675.0,1666.76,1671.08,34842.0621
2023-06-16 08:00:00,1671.08,1677.13,1662.97,1664.42,34464.8078
2023-06-16 12:00:00,1664.43,1688.0,1649.86,1682.31,82802.0254
2023-06-16 16:00:00,1682.32,1729.5,1677.56,1722.19,108494.3847
2023-06-16 20:00:00,1722.18,1729.0,1715.93,1717.92,26140.9482
2023-06-17 00:00:00,1717.91,1721.88,1714.26,1718.74,19310.3829
2023-06-17 04:00:00,1718.75,1770.0,1717.53,1744.63,93952.3364
2023-06-17 08:00:00,1744.62,1747.45,1734.1,1738.41,24200.4981
2023-06-17 12:00:00,1738.4,1742.22,1717.92,1727.88,37202.7411
2023-06-17 16:00:00,1727.88,1732.47,1721.65,1728.39,22321.2303
2023-06-17 20:00:00,1728.39,1732.67,1723.09,1727.76,13927.7328
2023-06-18 00:00:00,1727.75,1730.2,1720.47,1728.89,16287.0552
2023-06-18 04:00:00,1728.9,1738.32,1722.43,1730.14,24918.3151
2023-06-18 08:00:00,1730.14,1735.38,1725.78,1734.44,15884.4653
2023-06-18 12:00:00,1734.45,1742.21,1730.2,1738.11,21925.9236
2023-06-18 16:00:00,1738.12,1747.84,1736.22,1741.33,26340.0508
2023-06-18 20:00:00,1741.34,1743.67,1712.0,1720.95,51179.2028
2023-06-19 00:00:00,1720.95,1728.2,1714.32,1723.52,21220.3523
2023-06-19 04:00:00,1723.52,1727.58,1720.0,1724.49,13336.1849
2023-06-19 08:00:00,1724.48,1727.21,1720.05,1725.87,20541.0377
2023-06-19 12:00:00,1725.87,1734.04,1715.69,1721.45,42485.2381
2023-06-19 16:00:00,1721.45,1752.19,1698.0,1724.24,117978.2068
2023-06-19 20:00:00,1724.25,1737.99,1722.79,1737.11,29601.7391
2023-06-20 00:00:00,1737.1,1749.79,1730.0,1730.74,36594.6903
2023-06-20 04:00:00,1730.75,1734.63,1723.66,1729.99,23182.0441
2023-06-20 08:00:00,1729.98,1734.59,1724.1,1734.39,22974.6409
2023-06-20 12:00:00,1734.39,1738.49,1714.72,1732.48,39461.9007
2023-06-20 16:00:00,1732.49,1791.88,1728.39,1782.1,141810.2991
2023-06-20 20:00:00,1782.09,1796.99,1774.14,1791.99,64832.1095
2023-06-21 00:00:00,1791.99,1828.26,1787.38,1811.38,94834.4444
2023-06-21 04:00:00,1811.39,1823.58,1808.08,1813.08,56253.0522
2023-06-21 08:00:00,1813.07,1833.44,1807.4,1829.65,57276.854
2023-06-21 12:00:00,1829.65,1856.89,1815.05,1849.81,165135.5261
2023-06-21 16:00:00,1849.81,1900.0,1846.88,1882.35,168789.6407
2023-06-21 20:00:00,1882.35,1901.0,1872.03,1889.11,71466.3695
2023-06-22 00:00:00,1889.1,1933.17,1883.8,1918.45,113895.9015
2023-06-22 04:00:00,1918.45,1919.5,1902.83,1910.79,47550.6177
2023-06-22 08:00:00,1910.79,1912.32,1881.43,1886.76,74885.7341
2023-06-22 12:00:00,1886.76,1909.4,1865.98,1877.25,100035.2405
2023-06-22 16:00:00,1877.24,1892.46,1875.47,1889.6,45457.7931
2023-06-22 20:00:00,1889.6,1891.4,1867.07,1872.01,34889.285
2023-06-23 00:00:00,1872.0,1883.61,1862.56,1881.75,38144.057
2023-06-23 04:00:00,1881.74,1886.45,1874.8,1880.44,25303.0622
2023-06-23 08:00:00,1880.44,1888.69,1874.64,1879.76,34861.9925
2023-06-23 12:00:00,1879.75,1922.16,1861.01,1917.61,124046.6447
2023-06-23 16:00:00,1917.61,1936.42,1886.01,1900.82,132470.7116
2023-06-23 20:00:00,1900.83,1908.01,1876.0,1892.63,46321.4644
2023-06-24 00:00:00,1892.63,1896.55,1878.15,1894.0,35282.2504
2023-06-24 04:00:00,1894.01,1897.86,1882.2,1883.04,26513.8546
2023-06-24 08:00:00,1883.04,1893.08,1882.27,1890.49,25201.3843
2023-06-24 12:00:00,1890.48,1906.0,1868.43,1874.3,68530.746
2023-06-24 16:00:00,1874.31,1889.22,1867.2,1888.0,39590.9898
2023-06-24 20:00:00,1887.99,1888.0,1864.77,1874.96,31791.069
2023-06-25 00:00:00,1874.95,1896.69,1868.83,1895.08,41710.745
2023-06-25 04:00:00,1895.14,1930.0,1895.14,1911.81,94099.6922
2023-06-25 08:00:00,1911.81,1924.51,1907.49,1918.37,52799.9087
2023-06-25 12:00:00,1918.37,1919.57,1881.47,1886.51,79607.6556
2023-06-25 16:00:00,1886.51,1895.51,1881.56,1894.6,38513.1659
2023-06-25 20:00:00,1894.6,1906.3,1888.37,1898.8,32026.4484
2023-06-26 00:00:00,1898.8,1904.26,1866.0,1880.46,73479.3543
2023-06-26 04:00:00,1880.46,1904.76,1871.04,1892.32,47888.7227
2023-06-26 08:00:00,1892.32,1893.95,1872.38,1880.87,66571.0777
2023-06-26 12:00:00,1880.87,1909.1,1871.01,1889.32,94403.9806
2023-06-26 16:00:00,1889.33,1890.69,1837.18,1854.1,140563.8432
2023-06-26 20:00:00,1854.1,1860.42,1847.02,1858.97,35836.8825
2023-06-27 00:00:00,1858.97,1878.93,1855.19,1872.15,51548.1044
2023-06-27 04:00:00,1872.16,1879.2,1862.01,1875.58,37550.2836
2023-06-27 08:00:00,1875.59,1890.51,1871.61,1881.53,52245.1205
2023-06-27 12:00:00,1881.53,1896.55,1863.6,1871.6,74590.0385
2023-06-27 16:00:00,1871.6,1912.53,1869.62,1894.39,119376.1212
2023-06-27 20:00:00,1894.4,1897.39,1885.13,1889.58,31324.9025
2023-06-28 00:00:00,1889.58,1890.19,1853.7,1866.46,82712.545
2023-06-28 04:00:00,1866.46,1870.0,1848.58,1851.0,53354.3894
2023-06-28 08:00:00,1851.0,1865.2,1850.24,1861.1,30275.4003
2023-06-28 12:00:00,1861.1,1868.41,1845.06,1859.6,57396.5458
2023-06-28 16:00:00,1859.6,1864.86,1816.56,1832.45,75349.1623
2023-06-28 20:00:00,1832.46,1837.02,1825.08,1828.02,38748.5364
2023-06-29 00:00:00,1828.03,1843.08,1827.84,1838.04,24108.5426
2023-06-29 04:00:00,1838.04,1850.55,1836.57,1847.45,23524.698
2023-06-29 08:00:00,1847.45,1872.84,1846.74,1869.6,63671.9842
2023-06-29 12:00:00,1869.59,1880.0,1847.01,1851.79,73404.5558
2023-06-29 16:00:00,1851.79,1860.0,1841.38,1857.48,33223.9362
2023-06-29 20:00:00,1857.48,1859.5,1842.98,1851.99,23911.1113
2023-06-30 00:00:00,1851.99,1879.0,1841.5,1873.34,53052.3556
2023-06-30 04:00:00,1873.35,1907.99,1869.55,1887.8,104594.5161
2023-06-30 08:00:00,1887.81,1894.38,1883.44,1891.1,52089.9317
2023-06-30 12:00:00,1891.1,1913.4,1825.01,1852.32,214523.0022
2023-06-30 16:00:00,1852.32,1948.6,1849.0,1926.32,245744.2962
2023-06-30 20:00:00,1926.32,1943.68,1918.66,1933.79,46534.0017
2023-07-01 00:00:00,1933.8,1944.56,1917.28,1920.16,52121.6969
2023-07-01 04:00:00,1920.15,1922.17,1909.44,1920.05,30400.8357
2023-07-01 08:00:00,1920.04,1926.87,1911.6,1922.55,31289.1475
2023-07-01 12:00:00,1922.56,1929.87,1917.5,1922.63,33569.8465
2023-07-01 16:00:00,1922.63,1924.2,1916.6,1922.6,18792.3057
2023-07-01 20:00:00,1922.6,1927.32,1920.63,1924.5,12199.5365
2023-07-02 00:00:00,1924.5,1926.7,1911.26,1913.91,31697.9657
2023-07-02 04:00:00,1913.91,1916.77,1910.06,1914.97,20181.1865
2023-07-02 08:00:00,1914.96,1922.4,1911.83,1919.99,22339.8549
2023-07-02 12:00:00,1919.99,1927.61,1885.75,1918.61,56795.2302
2023-07-02 16:00:00,1918.6,1924.2,1901.61,1914.12,33504.3544
2023-07-02 20:00:00,1914.12,1959.2,1911.26,1937.48,91334.1915
2023-07-03 00:00:00,1937.49,1953.5,1933.55,1949.01,39170.5758
2023-07-03 04:00:00,1949.0,1973.76,1941.75,1966.83,59401.5202
2023-07-03 08:00:00,1966.83,1976.0,1954.6,1962.01,53017.1389
2023-07-03 12:00:00,1962.0,1976.16,1954.6,1968.17,69538.2147
2023-07-03 16:00:00,1968.17,1974.71,1953.26,1967.4,63204.4368
2023-07-03 20:00:00,1967.39,1968.0,1948.22,1955.54,37770.5431
2023-07-04 00:00:00,1955.55,1967.08,1950.34,1963.34,39871.459
2023-07-04 04:00:00,1963.34,1963.35,1946.39,1948.8,31316.6633
2023-07-04 08:00:00,1948.81,1961.99,1946.54,1960.53,31901.0301
2023-07-04 12:00:00,1960.53,1961.7,1950.44,1954.19,27363.1191
2023-07-04 16:00:00,1954.19,1965.57,1931.58,1934.29,57187.4738
2023-07-04 20:00:00,1934.29,1942.67,1932.12,1936.2,17885.3531
2023-07-05 00:00:00,1936.19,1942.5,1933.64,1941.28,19400.9952
2023-07-05 04:00:00,1941.28,1942.0,1932.15,1936.35,24812.611
2023-07-05 08:00:00,1936.36,1937.07,1905.0,1910.08,89042.8555
2023-07-05 12:00:00,1910.07,1913.92,1894.51,1902.96,79466.4451
2023-07-05 16:00:00,1902.97,1918.0,1901.26,1907.71,32428.3913
2023-07-05 20:00:00,1907.71,1915.59,1904.03,1910.36,22482.1802
2023-07-06 00:00:00,1910.35,1915.63,1898.8,1913.51,32525.109
2023-07-06 04:00:00,1913.5,1930.0,1909.51,1925.08,40490.5504
2023-07-06 08:00:00,1925.09,1958.0,1910.39,1917.65,106976.8268
2023-07-06 12:00:00,1917.66,1919.37,1865.08,1888.67,169027.9964
2023-07-06 16:00:00,1888.66,1894.24,1878.4,1885.21,39809.5986
2023-07-06 20:00:00,1885.21,1887.64,1846.0,1846.17,67532.6598
2023-07-07 00:00:00,1846.17,1859.89,1826.0,1858.02,71744.6908
2023-07-07 04:00:00,1858.03,1863.33,1851.56,1856.4,32690.0349
2023-07-07 08:00:00,1856.41,1865.6,1853.81,1860.17,26990.404
2023-07-07 12:00:00,1860.16,1878.0,1851.43,1872.03,57155.4499
2023-07-07 16:00:00,1872.04,1875.27,1856.29,1864.31,26375.5593
2023-07-07 20:00:00,1864.3,1871.83,1863.02,1870.91,17988.2077
2023-07-08 00:00:00,1870.92,1876.0,1862.88,1863.94,24823.0467
2023-07-08 04:00:00,1863.93,1863.94,1855.0,1861.69,19542.0913
2023-07-08 08:00:00,1861.69,1867.8,1857.2,1859.01,17175.5158
2023-07-08 12:00:00,1859.01,1862.0,1855.86,1859.44,16243.8318
2023-07-08 16:00:00,1859.43,1866.0,1843.6,1846.89,25866.2133
2023-07-08 20:00:00,1846.9,1866.5,1842.8,1865.24,22169.1284
2023-07-09 00:00:00,1865.24,1874.45,1862.71,1867.84,22297.5777
2023-07-09 04:00:00,1867.85,1870.68,1864.04,1867.42,14594.986
2023-07-09 08:00:00,1867.42,1870.04,1864.21,1868.98,14426.1524
2023-07-09 12:00:00,1868.98,1879.36,1856.66,1866.12,43748.403
2023-07-09 16:00:00,1866.13,1868.79,1861.68,1868.42,14827.2391
2023-07-09 20:00:00,1868.42,1871.66,1856.15,1862.8,25152.0161
2023-07-10 00:00:00,1862.81,1867.77,1846.63,1861.66,39810.1973
2023-07-10 04:00:00,1861.66,1863.0,1852.55,1856.19,19900.2409
2023-07-10 08:00:00,1856.2,1865.32,1849.4,1864.0,30571.8374
2023-07-10 12:00:00,1863.99,1873.75,1860.2,1871.09,34293.2246
2023-07-10 16:00:00,1871.09,1901.11,1865.54,1899.98,62902.1649
2023-07-10 20:00:00,1899.98,1905.5,1866.75,1880.4,60390.4843
2023-07-11 00:00:00,1880.41,1884.54,1875.5,1879.81,25511.3696
2023-07-11 04:00:00,1879.82,1891.99,1876.9,1883.0,29221.1137
2023-07-11 08:00:00,1883.01,1883.82,1863.99,1867.55,39895.4986
2023-07-11 12:00:00,1867.55,1882.56,1862.38,1871.69,43651.8781
2023-07-11 16:00:00,1871.68,1876.35,1866.01,1874.93,24992.4792
2023-07-11 20:00:00,1874.92,1880.0,1871.78,1878.3,14499.2725
2023-07-12 00:00:00,1878.31,1889.38,1876.51,1880.24,31244.0909
2023-07-12 04:00:00,1880.24,1895.61,1878.54,1890.6,38964.3785
2023-07-12 08:00:00,1890.59,1892.0,1886.4,1890.65,22536.9578
2023-07-12 12:00:00,1890.65,1902.0,1878.2,1883.78,100975.2748
2023-07-12 16:00:00,1883.77,1891.5,1866.98,1870.04,47730.9908
2023-07-12 20:00:00,1870.04,1874.01,1864.37,1871.82,22955.1745
2023-07-13 00:00:00,1871.82,1876.13,1866.0,1867.4,20738.9947
2023-07-13 04:00:00,1867.4,1874.5,1862.59,1870.36,29150.277
2023-07-13 08:00:00,1870.37,1885.21,1869.86,1883.72,27114.1954
2023-07-13 12:00:00,1883.72,1943.58,1876.11,1932.8,117763.5449
2023-07-13 16:00:00,1932.8,2012.63,1930.9,1995.25,295630.989
2023-07-13 20:00:00,1995.26,2009.54,1971.28,2004.49,58463.4197
2023-07-14 00:00:00,2004.49,2029.11,2002.17,2009.26,92370.2999
2023-07-14 04:00:00,2009.25,2012.0,1987.11,1991.21,43854.0085
2023-07-14 08:00:00,1991.21,2003.42,1983.81,1992.22,47920.7749
2023-07-14 12:00:00,1992.22,2007.46,1984.7,1998.51,55839.7252
2023-07-14 16:00:00,1998.52,2001.18,1898.39,1912.91,205332.2213
2023-07-14 20:00:00,1912.9,1938.35,1900.33,1937.83,53407.0061
2023-07-15 00:00:00,1937.82,1937.83,1926.23,1930.35,25232.7571
2023-07-15 04:00:00,1930.34,1943.91,1926.99,1941.86,27658.7174
2023-07-15 08:00:00,1941.86,1946.37,1936.7,1939.82,24582.0957
2023-07-15 12:00:00,1939.83,1941.23,1929.0,1934.81,24867.582
2023-07-15 16:00:00,1934.81,1939.05,1929.44,1933.68,20470.2865
2023-07-15 20:00:00,1933.67,1933.68,1926.6,1931.41,12370.3276
2023-07-16 00:00:00,1931.41,1937.72,1914.0,1923.01,37298.6642
2023-07-16 04:00:00,1923.0,1931.86,1920.61,1925.43,27077.3134
2023-07-16 08:00:00,1925.43,1936.52,1925.42,1933.01,16106.1554
2023-07-16 12:00:00,1933.02,1943.55,1928.84,1936.81,22995.0535
2023-07-16 16:00:00,1936.81,1939.43,1925.79,1927.78,17278.6165
2023-07-16 20:00:00,1927.79,1937.2,1916.73,1922.11,27911.3021
2023-07-17 00:00:00,1922.12,1932.6,1917.23,1931.23,27528.747
2023-07-17 04:00:00,1931.22,1936.18,1926.71,1928.69,22800.1935
2023-07-17 08:00:00,1928.7,1931.35,1889.36,1910.09,62445.5076
2023-07-17 12:00:00,1910.09,1917.54,1900.33,1908.81,42008.2169
2023-07-17 16:00:00,1908.81,1913.2,1873.26,1886.39,84499.4882
2023-07-17 20:00:00,1886.39,1920.2,1885.83,1911.2,37876.8817
2023-07-18 00:00:00,1911.21,1917.19,1906.25,1908.88,19832.6141
2023-07-18 04:00:00,1908.88,1911.72,1893.36,1898.99,37921.2814
2023-07-18 08:00:00,1898.99,1909.64,1890.8,1894.15,39215.5098
2023-07-18 12:00:00,1894.15,1903.66,1885.08,1897.2,49833.1236
2023-07-18 16:00:00,1897.21,1903.58,1875.73,1892.05,47300.3775
2023-07-18 20:00:00,1892.05,1902.27,1889.57,1897.21,21677.5942
2023-07-19 00:00:00,1897.21,1915.44,1895.09,1912.48,34769.6794
2023-07-19 04:00:00,1912.48,1917.98,1907.0,1908.61,24293.1506
2023-07-19 08:00:00,1908.6,1911.95,1902.28,1909.28,19800.2821
2023-07-19 12:00:00,1909.29,1922.04,1894.24,1906.31,49036.4762
2023-07-19 16:00:00,1906.21,1917.74,1900.9,1910.0,39568.3972
2023-07-19 20:00:00,1910.0,1910.37,1882.17,1888.63,50577.015
2023-07-20 00:00:00,1888.64,1899.9,1882.7,1894.33,26585.8812
2023-07-20 04:00:00,1894.32,1914.36,1893.35,1912.52,40669.3599
2023-07-20 08:00:00,1912.51,1929.05,1911.5,1921.47,64547.2427
2023-07-20 12:00:00,1921.47,1923.0,1884.45,1888.61,85310.5739
2023-07-20 16:00:00,1888.6,1893.67,1878.0,1887.98,52952.1113
2023-07-20 20:00:00,1887.97,1898.74,1882.31,1891.59,22842.3474
2023-07-21 00:00:00,1891.59,1901.76,1886.64,1896.77,26921.7996
2023-07-21 04:00:00,1896.78,1897.52,1887.6,1889.3,22884.3924
2023-07-21 08:00:00,1889.3,1894.15,1884.64,1889.25,27048.9108
2023-07-21 12:00:00,1889.24,1896.41,1886.17,1891.07,33510.7294
2023-07-21 16:00:00,1891.08,1905.74,1885.13,1894.64,41130.9797
2023-07-21 20:00:00,1894.65,1896.24,1890.59,1891.73,14057.2309
2023-07-22 00:00:00,1891.73,1897.35,1891.14,1892.85,16937.6107
2023-07-22 04:00:00,1892.84,1895.87,1890.42,1891.78,14398.5153
2023-07-22 08:00:00,1891.78,1894.53,1883.79,1888.02,17018.2964
2023-07-22 12:00:00,1888.01,1890.25,1885.0,1888.65,13733.4259
2023-07-22 16:00:00,1888.64,1890.59,1882.02,1887.28,13388.0249
2023-07-22 20:00:00,1887.28,1888.54,1851.18,1866.52,56425.7755
2023-07-23 00:00:00,1866.52,1873.4,1857.82,1869.28,32510.5202
2023-07-23 04:00:00,1869.28,1879.14,1869.27,1875.04,18561.2305
2023-07-23 08:00:00,1875.04,1878.43,1873.8,1874.69,10736.3674
2023-07-23 12:00:00,1874.68,1876.06,1872.04,1873.96,12915.7355
2023-07-23 16:00:00,1873.96,1905.25,1873.95,1889.13,54855.0153
2023-07-23 20:00:00,1889.13,1893.69,1875.23,1888.73,23922.1489
2023-07-24 00:00:00,1888.74,1890.86,1866.01,1868.36,30865.5076
2023-07-24 04:00:00,1868.35,1877.5,1862.6,1874.99,22275.8082
2023-07-24 08:00:00,1875.0,1875.0,1833.19,1853.04,88893.4155
2023-07-24 12:00:00,1853.04,1854.76,1834.66,1843.09,77063.6001
2023-07-24 16:00:00,1843.09,1851.21,1839.08,1849.38,41257.035
2023-07-24 20:00:00,1849.39,1851.82,1845.34,1850.0,16149.1883
2023-07-25 00:00:00,1850.0,1856.44,1845.45,1850.81,20879.7213
2023-07-25 04:00:00,1850.82,1853.55,1846.49,1850.73,15572.4233
2023-07-25 08:00:00,1850.73,1863.2,1849.38,1853.4,25345.0716
2023-07-25 12:00:00,1853.39,1868.71,1852.34,1858.04,44230.6063
2023-07-25 16:00:00,1858.04,1866.38,1852.92,1857.08,29212.5097
2023-07-25 20:00:00,1857.08,1864.85,1856.01,1857.66,17010.8778
2023-07-26 00:00:00,1857.66,1866.94,1851.73,1858.7,29321.2534
2023-07-26 04:00:00,1858.69,1860.99,1852.08,1853.13,20614.7723
2023-07-26 08:00:00,1853.14,1855.99,1848.35,1851.1,25739.6465
2023-07-26 12:00:00,1851.1,1861.0,1850.2,1860.71,56942.0169
2023-07-26 16:00:00,1860.71,1883.0,1855.11,1873.19,89922.0138
2023-07-26 20:00:00,1873.19,1888.0,1866.6,1872.0,49550.8304
2023-07-27 00:00:00,1871.99,1879.07,1867.05,1876.08,25910.0192
2023-07-27 04:00:00,1876.07,1882.08,1864.7,1871.88,24961.5151
2023-07-27 08:00:00,1871.88,1886.11,1869.8,1876.77,34681.7793
2023-07-27 12:00:00,1876.76,1878.71,1863.99,1868.66,32006.8941
2023-07-27 16:00:00,1868.65,1869.22,1855.0,1860.86,29128.4536
2023-07-27 20:00:00,1860.85,1862.31,1854.84,1861.28,17077.7646
2023-07-28 00:00:00,1861.29,1864.99,1860.0,1862.84,13831.2096
2023-07-28 04:00:00,1862.85,1864.72,1856.52,1859.22,25037.5056
2023-07-28 08:00:00,1859.23,1869.04,1858.88,1866.64,27404.9207
2023-07-28 12:00:00,1866.63,1883.39,1866.6,1875.22,42674.5717
2023-07-28 16:00:00,1875.21,1879.56,1866.27,1874.08,21723.5545
2023-07-28 20:00:00,1874.09,1877.7,1872.51,1874.19,8023.9526
2023-07-29 00:00:00,1874.2,1877.0,1873.06,1873.61,10394.4074
2023-07-29 04:00:00,1873.62,1877.09,1871.19,1872.19,10974.2664
2023-07-29 08:00:00,1872.2,1873.68,1869.54,1870.47,12118.1111
2023-07-29 12:00:00,1870.47,1875.79,1870.47,1872.72,12494.2857
2023-07-29 16:00:00,1872.72,1879.34,1871.25,1877.96,10934.8233
2023-07-29 20:00:00,1877.96,1886.58,1877.96,1880.46,15951.133
2023-07-30 00:00:00,1880.45,1881.52,1877.47,1878.5,9831.0191
2023-07-30 04:00:00,1878.5,1879.44,1873.44,1875.29,13824.8168
2023-07-30 08:00:00,1875.29,1876.88,1872.44,1876.18,18258.0997
2023-07-30 12:00:00,1876.18,1885.3,1871.37,1876.43,23862.1206
2023-07-30 16:00:00,1876.43,1879.21,1857.99,1862.51,39646.5646
2023-07-30 20:00:00,1862.52,1865.78,1848.17,1861.79,53234.9694
2023-07-31 00:00:00,1861.79,1877.4,1861.12,1869.14,30423.207
2023-07-31 04:00:00,1869.15,1870.01,1862.42,1865.33,25975.2834
2023-07-31 08:00:00,1865.34,1870.0,1864.73,1867.8,22294.901
2023-07-31 12:00:00,1867.8,1873.21,1856.67,1857.37,32968.3341
2023-07-31 16:00:00,1857.37,1863.12,1854.16,1856.49,32501.011
2023-07-31 20:00:00,1856.5,1860.81,1851.02,1856.14,24041.7169
2023-08-01 00:00:00,1856.13,1864.7,1815.98,1826.49,95811.9535
2023-08-01 04:00:00,1826.49,1836.23,1821.28,1834.19,42260.0404
2023-08-01 08:00:00,1834.18,1837.37,1830.2,1830.7,28479.3773
2023-08-01 12:00:00,1830.7,1836.39,1813.8,1834.58,68891.5074
2023-08-01 16:00:00,1834.59,1857.46,1829.81,1850.96,62169.256
2023-08-01 20:00:00,1850.95,1875.62,1846.71,1873.47,60863.962
2023-08-02 00:00:00,1873.48,1879.74,1863.04,1863.28,52640.0042
2023-08-02 04:00:00,1863.29,1865.0,1856.16,1857.08,25212.1182
2023-08-02 08:00:00,1857.08,1861.01,1853.66,1859.9,30559.9204
2023-08-02 12:00:00,1859.89,1861.0,1834.44,1842.42,53955.0737
2023-08-02 16:00:00,1842.42,1847.53,1821.21,1841.84,68067.3737
2023-08-02 20:00:00,1841.85,1845.58,1837.6,1839.9,23778.5651
2023-08-03 00:00:00,1839.9,1846.07,1837.2,1840.73,20507.4174
2023-08-03 04:00:00,1840.72,1840.98,1832.0,1832.16,20941.4716
2023-08-03 08:00:00,1832.16,1838.78,1826.0,1837.62,26059.807
2023-08-03 12:00:00,1837.63,1850.0,1833.7,1840.5,30375.8704
2023-08-03 16:00:00,1840.49,1859.12,1839.31,1845.48,40116.9366
2023-08-03 20:00:00,1845.47,1853.7,1831.11,1835.81,33146.549
2023-08-04 00:00:00,1835.81,1839.07,1828.35,1834.3,22375.3279
2023-08-04 04:00:00,1834.3,1838.27,1831.21,1837.8,18858.3998
2023-08-04 08:00:00,1837.81,1840.58,1833.38,1834.6,20930.5369
2023-08-04 12:00:00,1834.6,1851.31,1831.5,1847.26,53087.66
2023-08-04 16:00:00,1847.26,1848.57,1827.16,1831.33,38885.2683
2023-08-04 20:00:00,1831.34,1834.2,1815.74,1830.23,33562.2623
2023-08-05 00:00:00,1830.24,1834.02,1827.5,1832.49,18245.7254
2023-08-05 04:00:00,1832.48,1833.97,1828.69,1831.08,14574.1725
2023-08-05 08:00:00,1831.07,1835.0,1830.2,1832.74,11568.6158
2023-08-05 12:00:00,1832.74,1837.09,1830.51,1833.79,21354.1558
2023-08-05 16:00:00,1833.78,1839.0,1830.86,1835.49,18964.7125
2023-08-05 20:00:00,1835.5,1838.35,1834.28,1836.48,8949.9435
2023-08-06 00:00:00,1836.48,1838.58,1833.34,1834.77,15221.2648
2023-08-06 04:00:00,1834.78,1836.81,1832.36,1835.15,11974.2414
2023-08-06 08:00:00,1835.15,1837.86,1828.51,1832.39,18200.7575
2023-08-06 12:00:00,1832.39,1833.01,1825.86,1829.29,14999.9754
2023-08-06 16:00:00,1829.29,1836.06,1828.49,1832.0,14668.3036
2023-08-06 20:00:00,1832.01,1838.05,1828.0,1830.28,15339.4488
2023-08-07 00:00:00,1830.28,1847.0,1826.41,1838.71,31521.4171
2023-08-07 04:00:00,1838.7,1842.39,1832.02,1836.87,21548.1277
2023-08-07 08:00:00,1836.87,1837.39,1832.55,1834.22,17992.8285
2023-08-07 12:00:00,1834.21,1837.3,1813.86,1818.18,53139.2589
2023-08-07 16:00:00,1818.18,1831.33,1802.0,1825.28,82062.6536
2023-08-07 20:00:00,1825.27,1830.68,1823.2,1829.1,17828.6201
2023-08-08 00:00:00,1829.1,1835.41,1826.33,1830.0,22654.7555
2023-08-08 04:00:00,1830.0,1839.2,1829.86,1830.56,19112.8458
2023-08-08 08:00:00,1830.56,1839.31,1830.09,1839.09,20180.8621
2023-08-08 12:00:00,1839.08,1848.96,1835.48,1843.58,47912.8741
2023-08-08 16:00:00,1843.58,1871.43,1843.4,1859.07,85154.029
2023-08-08 20:00:00,1859.07,1876.51,1854.75,1856.3,41320.6635
2023-08-09 00:00:00,1856.3,1861.02,1852.18,1854.9,31722.0708
2023-08-09 04:00:00,1854.9,1863.25,1853.64,1861.1,35120.4826
2023-08-09 08:00:00,1861.11,1866.25,1858.06,1862.79,27463.4485
2023-08-09 12:00:00,1862.79,1871.99,1851.12,1853.2,52211.0296
2023-08-09 16:00:00,1853.2,1855.0,1846.28,1848.4,30829.3811
2023-08-09 20:00:00,1848.41,1858.75,1847.28,1855.35,14580.4217
2023-08-10 00:00:00,1855.36,1858.02,1852.54,1852.84,14673.0142
2023-08-10 04:00:00,1852.85,1855.48,1849.75,1851.06,17115.5282
2023-08-10 08:00:00,1851.05,1854.66,1849.78,1850.92,15849.1767
2023-08-10 12:00:00,1850.91,1865.95,1848.1,1853.76,50597.8865
2023-08-10 16:00:00,1853.77,1854.27,1845.38,1849.89,21000.8906
2023-08-10 20:00:00,1849.89,1853.25,1849.0,1852.47,8084.9591
2023-08-11 00:00:00,1852.47,1854.8,1842.81,1846.66,20347.1089
2023-08-11 04:00:00,1846.65,1851.17,1846.41,1849.38,15717.0514
2023-08-11 08:00:00,1849.38,1851.72,1845.85,1851.33,12911.1236
2023-08-11 12:00:00,1851.32,1857.26,1843.83,1845.8,31314.9901
2023-08-11 16:00:00,1845.8,1848.92,1838.05,1844.56,22951.8757
2023-08-11 20:00:00,1844.55,1850.99,1843.96,1848.84,9967.1606
2023-08-12 00:00:00,1848.84,1854.01,1847.66,1847.8,12470.6044
2023-08-12 04:00:00,1847.79,1851.46,1847.06,1850.69,10896.1887
2023-08-12 08:00:00,1850.69,1851.49,1848.63,1850.85,10880.1993
2023-08-12 12:00:00,1850.85,1853.67,1850.4,1850.83,14089.4633
2023-08-12 16:00:00,1850.84,1852.68,1847.2,1847.43,8957.5182
2023-08-12 20:00:00,1847.42,1849.94,1846.08,1849.93,5998.6737
2023-08-13 00:00:00,1849.94,1851.55,1849.1,1849.9,8711.1977
2023-08-13 04:00:00,1849.9,1850.01,1846.68,1850.0,9365.4162
2023-08-13 08:00:00,1850.0,1851.28,1849.0,1849.4,8302.8929
2023-08-13 12:00:00,1849.4,1851.85,1847.3,1848.01,11027.2417
2023-08-13 16:00:00,1848.01,1862.0,1846.0,1858.59,26140.1637
2023-08-13 20:00:00,1858.6,1860.19,1834.51,1840.73,57127.2242
2023-08-14 00:00:00,1840.73,1849.01,1835.0,1846.79,38834.8712
2023-08-14 04:00:00,1846.78,1852.2,1846.78,1849.81,21602.6608
2023-08-14 08:00:00,1849.8,1852.25,1846.4,1848.0,19944.5475
2023-08-14 12:00:00,1847.99,1856.5,1844.33,1853.41,28357.166
2023-08-14 16:00:00,1853.4,1855.68,1839.83,1842.63,28417.172
2023-08-14 20:00:00,1842.64,1846.4,1841.31,1845.5,13039.7028
2023-08-15 00:00:00,1845.5,1847.36,1843.4,1844.69,18907.5773
2023-08-15 04:00:00,1844.69,1844.91,1840.39,1843.71,25238.8351
2023-08-15 08:00:00,1843.7,1845.16,1839.0,1840.27,24539.4203
2023-08-15 12:00:00,1840.28,1846.0,1838.0,1840.4,27742.951
2023-08-15 16:00:00,1840.4,1842.28,1814.0,1827.67,70828.386
2023-08-15 20:00:00,1827.68,1832.0,1825.0,1828.98,18824.5292
2023-08-16 00:00:00,1828.98,1831.52,1827.82,1828.78,14071.8444
2023-08-16 04:00:00,1828.78,1828.97,1818.97,1827.26,38878.669
2023-08-16 08:00:00,1827.25,1827.51,1819.85,1825.3,19767.3441
2023-08-16 12:00:00,1825.31,1828.31,1818.8,1820.6,31819.0826
2023-08-16 16:00:00,1820.59,1829.22,1816.13,1820.95,31649.5667
2023-08-16 20:00:00,1820.95,1823.08,1798.17,1807.81,69244.23
2023-08-17 00:00:00,1807.81,1809.99,1780.04,1798.52,67300.8512
2023-08-17 04:00:00,1798.53,1803.52,1797.47,1799.96,18449.3869
2023-08-17 08:00:00,1799.95,1800.04,1784.49,1787.91,40723.6521
2023-08-17 12:00:00,1787.91,1793.0,1726.0,1739.61,181207.5072
2023-08-17 16:00:00,1739.62,1749.0,1726.0,1738.26,93868.6037
2023-08-17 20:00:00,1738.26,1739.6,1550.0,1681.49,410588.2148
2023-08-18 00:00:00,1681.49,1699.4,1672.86,1677.0,113563.4042
2023-08-18 04:00:00,1677.0,1697.28,1662.06,1690.6,91958.3036
2023-08-18 08:00:00,1690.6,1697.0,1678.48,1685.9,57349.8191
2023-08-18 12:00:00,1685.9,1687.19,1653.74,1660.71,103890.3529
2023-08-18 16:00:00,1660.72,1678.57,1641.02,1657.61,134302.0897
2023-08-18 20:00:00,1657.61,1670.0,1656.41,1661.59,37019.1323
2023-08-19 00:00:00,1661.6,1671.64,1656.3,1659.59,36611.7398
2023-08-19 04:00:00,1659.6,1663.55,1654.31,1661.29,28136.7061
2023-08-19 08:00:00,1661.29,1665.92,1659.22,1660.01,27730.1949
2023-08-19 12:00:00,1660.0,1683.92,1658.05,1683.38,43593.931
2023-08-19 16:00:00,1683.37,1696.72,1674.93,1677.38,63428.4039
2023-08-19 20:00:00,1677.38,1678.2,1663.6,1669.67,32418.0728
2023-08-20 00:00:00,1669.68,1675.19,1665.11,1668.22,27474.38
2023-08-20 04:00:00,1668.22,1670.33,1662.03,1665.93,21155.6519
2023-08-20 08:00:00,1665.92,1675.85,1663.4,1674.92,38478.6427
2023-08-20 12:00:00,1674.93,1679.76,1664.44,1671.14,48303.5777
2023-08-20 16:00:00,1671.14,1679.79,1665.71,1678.24,23807.0529
2023-08-20 20:00:00,1678.25,1694.75,1678.2,1685.24,36404.2211
2023-08-21 00:00:00,1685.23,1685.66,1675.41,1677.13,34392.6417
2023-08-21 04:00:00,1677.12,1688.59,1669.61,1671.92,35593.3677
2023-08-21 08:00:00,1671.92,1675.19,1660.21,1672.77,48993.3331
2023-08-21 12:00:00,1672.78,1683.95,1649.4,1657.69,78009.4237
2023-08-21 16:00:00,1657.68,1675.2,1656.91,1672.36,33758.646
2023-08-21 20:00:00,1672.36,1676.94,1666.5,1667.55,20087.7396
2023-08-22 00:00:00,1667.56,1669.38,1661.57,1664.19,19880.4187
2023-08-22 04:00:00,1664.18,1666.97,1661.05,1666.64,19864.4637
2023-08-22 08:00:00,1666.63,1668.03,1660.17,1662.58,26597.1586
2023-08-22 12:00:00,1662.58,1667.37,1645.81,1649.88,58413.1727
2023-08-22 16:00:00,1649.88,1651.29,1619.0,1625.21,145820.9987
2023-08-22 20:00:00,1625.22,1639.83,1580.0,1634.99,131435.8326
2023-08-23 00:00:00,1635.0,1642.47,1629.05,1632.01,33689.5718
2023-08-23 04:00:00,1632.0,1658.09,1630.85,1645.3,61397.9359
2023-08-23 08:00:00,1645.3,1648.95,1639.89,1642.39,27505.0454
2023-08-23 12:00:00,1642.39,1660.0,1634.46,1657.37,72245.538
2023-08-23 16:00:00,1657.37,1702.11,1655.8,1687.2,127168.7973
2023-08-23 20:00:00,1687.2,1692.78,1660.0,1679.61,52754.2204
2023-08-24 00:00:00,1679.61,1683.37,1672.36,1675.54,19916.6537
2023-08-24 04:00:00,1675.53,1679.0,1672.5,1674.69,18842.3182
2023-08-24 08:00:00,1674.69,1677.86,1666.2,1667.68,29154.192
2023-08-24 12:00:00,1667.68,1669.79,1642.02,1643.4,61799.3874
2023-08-24 16:00:00,1643.4,1656.53,1635.28,1649.99,65027.6332
2023-08-24 20:00:00,1649.99,1665.28,1643.52,1661.16,36799.596
2023-08-25 00:00:00,1661.16,1664.28,1645.66,1655.29,32157.9357
2023-08-25 04:00:00,1655.29,1655.8,1646.81,1651.3,24998.1596
2023-08-25 08:00:00,1651.3,1658.96,1651.16,1654.1,17324.5318
2023-08-25 12:00:00,1654.11,1677.22,1636.22,1646.26,96090.911
2023-08-25 16:00:00,1646.27,1655.65,1635.51,1647.01,43652.9641
2023-08-25 20:00:00,1647.0,1655.0,1645.81,1653.8,22037.1876
2023-08-26 00:00:00,1653.79,1655.59,1651.62,1654.62,12384.0083
2023-08-26 04:00:00,1654.61,1654.77,1650.83,1652.83,8318.3084
2023-08-26 08:00:00,1652.82,1654.01,1646.66,1650.5,22793.8261
2023-08-26 12:00:00,1650.5,1653.0,1646.91,1651.5,11290.1071
2023-08-26 16:00:00,1651.51,1652.0,1644.0,1646.22,16449.362
2023-08-26 20:00:00,1646.21,1650.5,1645.26,1647.04,7939.8131
2023-08-27 00:00:00,1647.03,1650.5,1646.32,1647.28,9778.2217
2023-08-27 04:00:00,1647.27,1655.28,1647.27,1648.45,15783.1396
2023-08-27 08:00:00,1648.45,1652.69,1647.38,1649.31,14745.4922
2023-08-27 12:00:00,1649.31,1659.85,1648.43,1655.44,21643.9561
2023-08-27 16:00:00,1655.44,1660.24,1650.05,1655.89,14963.4119
2023-08-27 20:00:00,1655.9,1659.0,1651.19,1658.33,10875.6981
2023-08-28 00:00:00,1658.33,1658.33,1648.06,1649.9,25731.4406
2023-08-28 04:00:00,1649.89,1651.76,1636.09,1641.47,29953.2871
2023-08-28 08:00:00,1641.47,1643.5,1621.75,1640.31,44423.502
2023-08-28 12:00:00,1640.32,1664.34,1640.03,1648.91,61959.29
2023-08-28 16:00:00,1648.92,1654.96,1637.88,1646.72,35496.2399
2023-08-28 20:00:00,1646.73,1657.26,1644.26,1653.08,16787.2547
2023-08-29 00:00:00,1653.08,1662.32,1650.75,1652.45,28608.7081
2023-08-29 04:00:00,1652.46,1653.62,1644.98,1647.48,40056.1814
2023-08-29 08:00:00,1647.48,1647.95,1640.0,1642.21,22359.7645
2023-08-29 12:00:00,1642.2,1736.5,1640.27,1714.99,219878.0481
2023-08-29 16:00:00,1715.0,1745.84,1708.91,1735.28,139154.6782
2023-08-29 20:00:00,1735.28,1742.29,1721.82,1729.42,44313.702
2023-08-30 00:00:00,1729.41,1730.93,1712.76,1718.62,37762.0389
2023-08-30 04:00:00,1718.62,1722.2,1716.13,1717.61,18620.1468
2023-08-30 08:00:00,1717.6,1720.55,1711.19,1716.2,26921.1062
2023-08-30 12:00:00,1716.2,1722.23,1694.34,1703.61,76823.1409
2023-08-30 16:00:00,1703.61,1705.21,1695.93,1701.55,27361.1572
2023-08-30 20:00:00,1701.56,1708.34,1701.27,1705.23,15353.8502
2023-08-31 00:00:00,1705.23,1705.23,1697.29,1699.16,13214.5273
2023-08-31 04:00:00,1699.17,1707.32,1699.16,1706.41,13898.3139
2023-08-31 08:00:00,1706.42,1729.0,1703.75,1713.7,43750.6782
2023-08-31 12:00:00,1713.69,1714.08,1677.51,1689.0,71295.688
2023-08-31 16:00:00,1689.0,1689.01,1643.12,1657.12,127135.5857
2023-08-31 20:00:00,1657.12,1657.36,1630.0,1645.76,61223.4737
2023-09-01 00:00:00,1645.77,1654.53,1645.23,1652.2,22943.8273
2023-09-01 04:00:00,1652.21,1653.21,1643.45,1646.26,21843.2889
2023-09-01 08:00:00,1646.27,1648.51,1641.15,1646.89,21795.4728
2023-09-01 12:00:00,1646.88,1652.3,1622.01,1634.86,94495.7066
2023-09-01 16:00:00,1634.87,1637.48,1602.33,1619.23,107711.7792
2023-09-01 20:00:00,1619.23,1638.09,1616.24,1629.12,33616.0938
2023-09-02 00:00:00,1629.13,1634.42,1628.03,1632.46,19482.3376
2023-09-02 04:00:00,1632.45,1636.56,1630.22,1631.7,13984.4709
2023-09-02 08:00:00,1631.7,1636.95,1630.18,1634.66,16540.4072
2023-09-02 12:00:00,1634.67,1645.0,1633.33,1638.79,25235.9346
2023-09-02 16:00:00,1638.8,1640.81,1628.21,1633.61,17613.4488
2023-09-02 20:00:00,1633.61,1639.67,1632.94,1637.03,9289.3485
2023-09-03 00:00:00,1637.02,1637.38,1631.72,1636.18,10997.8334
2023-09-03 04:00:00,1636.19,1639.2,1634.01,1635.59,10226.0373
2023-09-03 08:00:00,1635.58,1636.09,1631.06,1634.39,12581.3457
2023-09-03 12:00:00,1634.38,1641.08,1628.17,1633.15,29161.9686
2023-09-03 16:00:00,1633.14,1643.36,1625.14,1639.01,31378.2315
2023-09-03 20:00:00,1639.0,1647.5,1633.38,1635.84,22421.8697
2023-09-04 00:00:00,1635.84,1644.82,1632.3,1637.68,15844.7137
2023-09-04 04:00:00,1637.69,1640.41,1634.41,1638.97,19761.3998
2023-09-04 08:00:00,1638.97,1640.69,1631.14,1632.15,28151.7557
2023-09-04 12:00:00,1632.15,1635.0,1618.6,1626.21,41662.6331
2023-09-04 16:00:00,1626.21,1635.91,1625.51,1631.34,22527.6385
2023-09-04 20:00:00,1631.35,1632.8,1616.32,1630.51,40062.7648
2023-09-05 00:00:00,1630.52,1631.32,1609.69,1618.18,34842.6257
2023-09-05 04:00:00,1618.19,1627.94,1618.17,1625.01,38709.241
2023-09-05 08:00:00,1625.02,1638.74,1620.84,1635.55,31818.8372
2023-09-05 12:00:00,1635.56,1648.02,1625.96,1636.62,55115.3862
2023-09-05 16:00:00,1636.62,1643.45,1632.22,1632.37,27113.1703
2023-09-05 20:00:00,1632.36,1634.46,1626.91,1634.45,16766.2303
2023-09-06 00:00:00,1634.46,1640.31,1631.68,1633.49,19545.093
2023-09-06 04:00:00,1633.49,1633.8,1627.92,1629.41,23633.7926
2023-09-06 08:00:00,1629.41,1636.36,1628.63,1632.71,15885.4917
2023-09-06 12:00:00,1632.71,1635.65,1619.56,1623.44,38106.6007
2023-09-06 16:00:00,1623.44,1670.0,1609.2,1631.26,108660.6466
2023-09-06 20:00:00,1631.27,1635.04,1627.61,1633.15,13709.3947
2023-09-07 00:00:00,1633.15,1640.11,1631.8,1640.1,46227.3667
2023-09-07 04:00:00,1640.1,1642.47,1635.33,1635.84,20454.6866
2023-09-07 08:00:00,1635.83,1635.84,1626.1,1627.32,20154.4235
2023-09-07 12:00:00,1627.32,1633.89,1623.4,1630.52,37113.5043
2023-09-07 16:00:00,1630.52,1641.18,1629.74,1637.3,30848.4456
2023-09-07 20:00:00,1637.29,1660.0,1635.72,1648.11,73759.8515
2023-09-08 00:00:00,1648.11,1658.93,1643.88,1646.52,22896.6822
2023-09-08 04:00:00,1646.52,1654.04,1643.16,1646.88,63168.3369
2023-09-08 08:00:00,1646.88,1647.59,1616.21,1626.02,63057.3261
2023-09-08 12:00:00,1626.02,1634.72,1624.44,1628.62,27230.9709
2023-09-08 16:00:00,1628.61,1635.17,1624.65,1634.6,29490.8511
2023-09-08 20:00:00,1634.61,1639.0,1633.16,1636.44,15725.8786
2023-09-09 00:00:00,1636.43,1636.98,1633.52,1634.47,6529.6276
2023-09-09 04:00:00,1634.48,1635.8,1631.97,1634.54,8669.0616
2023-09-09 08:00:00,1634.54,1636.1,1633.46,1635.24,10678.5131
2023-09-09 12:00:00,1635.25,1637.45,1629.74,1635.17,18911.0171
2023-09-09 16:00:00,1635.18,1637.52,1632.32,1633.99,7300.1654
2023-09-09 20:00:00,1634.0,1636.91,1633.66,1635.54,6431.2381
2023-09-10 00:00:00,1635.53,1635.7,1626.8,1631.25,12199.2401
2023-09-10 04:00:00,1631.25,1631.25,1618.23,1624.87,29931.6824
2023-09-10 08:00:00,1624.87,1626.48,1619.25,1624.43,16710.0076
2023-09-10 12:00:00,1624.44,1628.35,1611.19,1619.8,33727.0762
2023-09-10 16:00:00,1619.8,1620.09,1600.0,1616.84,73942.3517
2023-09-10 20:00:00,1616.84,1628.23,1614.52,1617.42,41447.4848
2023-09-11 00:00:00,1617.42,1619.0,1603.22,1612.41,24860.0307
2023-09-11 04:00:00,1612.4,1617.96,1608.0,1612.23,22558.5104
2023-09-11 08:00:00,1612.22,1612.6,1575.53,1586.53,96932.4935
2023-09-11 12:00:00,1586.54,1598.34,1550.0,1562.65,146069.4596
2023-09-11 16:00:00,1562.64,1568.06,1536.83,1539.37,80626.9655
2023-09-11 20:00:00,1539.36,1552.03,1531.01,1551.85,46377.3592
2023-09-12 00:00:00,1551.84,1594.82,1549.67,1584.81,65173.2771
2023-09-12 04:00:00,1584.8,1593.5,1574.44,1580.05,50160.5826
2023-09-12 08:00:00,1580.04,1626.0,1576.38,1609.48,78386.1062
2023-09-12 12:00:00,1609.48,1613.55,1594.95,1603.85,56109.2894
2023-09-12 16:00:00,1603.84,1622.0,1584.57,1598.51,61764.5334
2023-09-12 20:00:00,1598.51,1604.31,1590.02,1592.97,18146.1798
2023-09-13 00:00:00,1592.97,1601.29,1586.81,1589.77,23319.9694
2023-09-13 04:00:00,1589.77,1603.6,1581.88,1584.51,45800.652
2023-09-13 08:00:00,1584.51,1607.05,1583.25,1604.59,43206.047
2023-09-13 12:00:00,1604.58,1619.3,1592.2,1608.17,55292.3238
2023-09-13 16:00:00,1608.17,1615.76,1595.43,1599.31,42279.0423
2023-09-13 20:00:00,1599.31,1609.85,1599.31,1607.62,13511.2544
2023-09-14 00:00:00,1607.61,1638.0,1607.05,1620.0,76409.7664
2023-09-14 04:00:00,1620.0,1625.74,1612.39,1621.35,25417.2053
2023-09-14 08:00:00,1621.35,1627.01,1617.32,1624.79,25648.9958
2023-09-14 12:00:00,1624.78,1644.13,1617.07,1634.62,81514.598
2023-09-14 16:00:00,1634.62,1644.29,1626.71,1635.99,42727.4508
2023-09-14 20:00:00,1635.98,1638.07,1624.27,1626.47,23583.1342
2023-09-15 00:00:00,1626.48,1635.8,1622.36,1634.61,24423.2447
2023-09-15 04:00:00,1634.6,1635.88,1627.0,1627.85,19929.2005
2023-09-15 08:00:00,1627.85,1632.07,1617.75,1620.66,24351.3404
2023-09-15 12:00:00,1620.67,1625.69,1611.42,1619.47,33794.7707
2023-09-15 16:00:00,1619.47,1623.48,1617.47,1621.21,17115.9745
2023-09-15 20:00:00,1621.22,1654.08,1619.09,1641.29,61725.4932
2023-09-16 00:00:00,1641.3,1653.17,1638.68,1641.58,27900.8988
2023-09-16 04:00:00,1641.57,1642.28,1634.29,1636.8,19517.3144
2023-09-16 08:00:00,1636.8,1638.6,1631.31,1635.75,16630.4273
2023-09-16 12:00:00,1635.74,1639.37,1631.41,1634.46,11902.6985
2023-09-16 16:00:00,1634.45,1639.42,1631.74,1633.4,13671.7848
2023-09-16 20:00:00,1633.4,1638.1,1632.76,1634.4,9932.3433
2023-09-17 00:00:00,1634.4,1634.4,1619.54,1628.98,28539.2726
2023-09-17 04:00:00,1628.97,1631.69,1627.38,1627.76,9726.2362
2023-09-17 08:00:00,1627.76,1635.0,1627.24,1629.3,16044.1817
2023-09-17 12:00:00,1629.3,1632.13,1627.33,1629.48,20038.7125
2023-09-17 16:00:00,1629.49,1629.49,1617.76,1625.71,17217.7528
2023-09-17 20:00:00,1625.71,1626.83,1612.0,1622.48,28661.2559
2023-09-18 00:00:00,1622.48,1636.54,1603.88,1630.29,50290.7712
2023-09-18 04:00:00,1630.29,1638.48,1626.92,1634.01,29817.727
2023-09-18 08:00:00,1634.01,1658.52,1630.82,1655.88,64131.5421
2023-09-18 12:00:00,1655.88,1669.5,1650.56,1655.36,67087.9566
2023-09-18 16:00:00,1655.35,1658.67,1632.97,1640.72,53287.0486
2023-09-18 20:00:00,1640.73,1642.09,1635.28,1636.66,14426.6523
2023-09-19 00:00:00,1636.66,1639.88,1626.32,1634.62,27293.7609
2023-09-19 04:00:00,1634.62,1638.56,1632.7,1636.16,14037.0087
2023-09-19 08:00:00,1636.16,1661.04,1636.15,1647.8,45426.2634
2023-09-19 12:00:00,1647.8,1659.25,1634.44,1656.81,48890.8805
2023-09-19 16:00:00,1656.8,1659.52,1640.17,1644.08,29103.5307
2023-09-19 20:00:00,1644.09,1644.57,1637.11,1643.12,19530.9816
2023-09-20 00:00:00,1643.13,1649.34,1635.54,1637.76,23277.2251
2023-09-20 04:00:00,1637.76,1639.29,1630.42,1634.52,39565.3739
2023-09-20 08:00:00,1634.53,1638.42,1618.48,1629.69,44207.5302
2023-09-20 12:00:00,1629.7,1634.39,1620.68,1629.29,38255.44
2023-09-20 16:00:00,1629.29,1640.79,1604.51,1616.16,65402.4953
2023-09-20 20:00:00,1616.16,1629.82,1615.0,1622.26,22136.1702
2023-09-21 00:00:00,1622.27,1625.3,1613.68,1623.34,29225.2423
2023-09-21 04:00:00,1623.33,1624.57,1616.85,1618.26,17243.77
2023-09-21 08:00:00,1618.25,1622.5,1588.72,1594.95,75053.1929
2023-09-21 12:00:00,1594.95,1597.1,1567.77,1583.63,73611.1724
2023-09-21 16:00:00,1583.64,1592.98,1582.03,1589.75,31285.6308
2023-09-21 20:00:00,1589.74,1590.39,1583.03,1583.94,14208.5356
2023-09-22 00:00:00,1583.94,1596.32,1576.58,1594.52,25366.6616
2023-09-22 04:00:00,1594.52,1597.37,1587.66,1595.65,19023.7625
2023-09-22 08:00:00,1595.64,1602.68,1593.05,1596.94,19641.7292
2023-09-22 12:00:00,1596.94,1600.58,1593.01,1593.43,24151.2412
2023-09-22 16:00:00,1593.44,1599.2,1586.83,1592.48,24318.4565
2023-09-22 20:00:00,1592.47,1594.99,1589.22,1593.08,12384.24
2023-09-23 00:00:00,1593.07,1598.24,1590.26,1591.01,14775.4421
2023-09-23 04:00:00,1591.0,1595.39,1589.91,1594.45,8354.509
2023-09-23 08:00:00,1594.45,1594.78,1591.06,1593.3,8570.1298
2023-09-23 12:00:00,1593.3,1595.0,1587.45,1590.47,12361.4818
2023-09-23 16:00:00,1590.48,1595.31,1588.85,1594.79,11559.6476
2023-09-23 20:00:00,1594.79,1595.46,1590.01,1593.86,8915.9238
2023-09-24 00:00:00,1593.85,1594.82,1590.9,1592.31,9268.9521
2023-09-24 04:00:00,1592.31,1593.18,1591.35,1591.91,8051.4726
2023-09-24 08:00:00,1591.9,1596.27,1591.9,1593.9,12299.0171
2023-09-24 12:00:00,1593.91,1596.47,1588.2,1590.64,17918.5984
2023-09-24 16:00:00,1590.64,1601.12,1578.17,1586.38,59134.4782
2023-09-24 20:00:00,1586.37,1591.23,1570.01,1580.71,30845.3349
2023-09-25 00:00:00,1580.71,1588.2,1563.01,1577.72,47798.9848
2023-09-25 04:00:00,1577.71,1581.84,1572.52,1581.25,18888.2395
2023-09-25 08:00:00,1581.26,1583.12,1565.81,1569.01,23091.028
2023-09-25 12:00:00,1569.0,1589.74,1564.35,1584.64,37554.2
2023-09-25 16:00:00,1584.64,1597.5,1584.63,1591.47,32676.2619
2023-09-25 20:00:00,1591.48,1596.68,1584.45,1588.33,16698.2135
2023-09-26 00:00:00,1588.34,1594.53,1586.17,1591.95,14287.4977
2023-09-26 04:00:00,1591.95,1595.11,1587.29,1588.9,14066.7128
2023-09-26 08:00:00,1588.9,1599.78,1585.8,1591.47,28147.7865
2023-09-26 12:00:00,1591.46,1593.74,1580.05,1582.99,30696.8134
2023-09-26 16:00:00,1582.99,1592.85,1582.09,1589.42,19180.6848
2023-09-26 20:00:00,1589.42,1595.67,1584.0,1594.01,19203.5209
2023-09-27 00:00:00,1594.02,1597.97,1589.65,1595.74,17756.1468
2023-09-27 04:00:00,1595.74,1597.57,1589.99,1592.47,21074.9224
2023-09-27 08:00:00,1592.47,1634.1,1590.24,1629.64,93801.1937
2023-09-27 12:00:00,1629.63,1631.5,1592.56,1601.63,83627.9447
2023-09-27 16:00:00,1601.64,1603.12,1583.5,1597.67,41368.2531
2023-09-27 20:00:00,1597.68,1599.75,1593.28,1598.64,16775.9721
2023-09-28 00:00:00,1598.63,1615.59,1598.14,1606.35,56894.617
2023-09-28 04:00:00,1606.36,1621.93,1604.61,1619.35,29338.9698
2023-09-28 08:00:00,1619.35,1637.76,1614.47,1623.7,54279.4193
2023-09-28 12:00:00,1623.71,1654.37,1621.31,1652.58,79164.4359
2023-09-28 16:00:00,1652.57,1668.21,1645.24,1658.3,87438.2819
2023-09-28 20:00:00,1658.31,1661.23,1643.51,1652.99,24293.9776
2023-09-29 00:00:00,1653.0,1658.7,1648.37,1651.62,33899.1802
2023-09-29 04:00:00,1651.61,1688.0,1648.89,1686.2,68166.4188
2023-09-29 08:00:00,1686.19,1686.6,1666.54,1668.79,39718.4607
2023-09-29 12:00:00,1668.78,1684.29,1655.0,1672.25,70791.6466
2023-09-29 16:00:00,1672.25,1673.21,1657.0,1665.19,26538.4549
2023-09-29 20:00:00,1665.19,1670.8,1663.64,1667.45,12861.5116
2023-09-30 00:00:00,1667.45,1672.56,1666.19,1670.3,15576.1657
2023-09-30 04:00:00,1670.29,1675.57,1670.01,1671.94,10957.1763
2023-09-30 08:00:00,1671.95,1679.24,1671.63,1675.96,20976.5902
2023-09-30 12:00:00,1675.95,1694.32,1673.02,1683.33,48639.1547
2023-09-30 16:00:00,1683.32,1686.22,1673.6,1679.13,24124.6022
2023-09-30 20:00:00,1679.14,1683.4,1666.33,1670.89,16651.225
2023-10-01 00:00:00,1670.89,1677.8,1670.42,1674.49,12329.343
2023-10-01 04:00:00,1674.5,1680.59,1673.49,1678.44,17488.5469
2023-10-01 08:00:00,1678.45,1692.08,1676.71,1688.84,26268.5062
2023-10-01 12:00:00,1688.84,1691.1,1678.36,1684.03,29193.9299
2023-10-01 16:00:00,1684.02,1684.43,1671.0,1676.25,23243.781
2023-10-01 20:00:00,1676.25,1751.0,1668.0,1733.79,117087.4798
2023-10-02 00:00:00,1733.8,1735.53,1718.21,1729.37,46821.9047
2023-10-02 04:00:00,1729.37,1734.13,1712.27,1730.42,47086.0771
2023-10-02 08:00:00,1730.43,1744.0,1724.91,1725.07,47461.8127
2023-10-02 12:00:00,1725.07,1734.04,1687.41,1691.6,83547.4092
2023-10-02 16:00:00,1691.61,1693.95,1640.0,1674.33,107111.1461
2023-10-02 20:00:00,1674.32,1674.33,1636.79,1662.4,46547.34
2023-10-03 00:00:00,1662.41,1668.4,1659.91,1665.74,26769.4064
2023-10-03 04:00:00,1665.75,1670.65,1662.0,1662.42,22609.9758
2023-10-03 08:00:00,1662.42,1667.68,1650.15,1656.33,36159.7651
2023-10-03 12:00:00,1656.34,1663.24,1643.0,1648.46,49977.3076
2023-10-03 16:00:00,1648.45,1658.6,1646.0,1650.28,33991.3368
2023-10-03 20:00:00,1650.27,1659.84,1645.68,1656.88,28779.3247
2023-10-04 00:00:00,1656.88,1657.66,1625.0,1641.85,63002.4117
2023-10-04 04:00:00,1641.85,1644.77,1636.06,1644.77,21212.0559
2023-10-04 08:00:00,1644.77,1652.57,1643.65,1646.6,22425.0878
2023-10-04 12:00:00,1646.6,1650.28,1627.39,1632.63,45506.9122
2023-10-04 16:00:00,1632.64,1654.81,1631.7,1643.01,48215.3838
2023-10-04 20:00:00,1643.02,1652.79,1640.6,1646.58,22499.8653
2023-10-05 00:00:00,1646.58,1655.47,1642.01,1642.23,27258.1017
2023-10-05 04:00:00,1642.22,1646.03,1631.88,1636.07,19998.0039
2023-10-05 08:00:00,1636.07,1642.0,1634.73,1636.66,19878.1567
2023-10-05 12:00:00,1636.67,1649.53,1606.73,1618.3,94190.9811
2023-10-05 16:00:00,1618.3,1621.5,1608.4,1616.51,53674.1662
2023-10-05 20:00:00,1616.51,1619.77,1610.29,1611.79,22379.3353
2023-10-06 00:00:00,1611.79,1625.35,1611.79,1624.28,20730.252
2023-10-06 04:00:00,1624.27,1632.75,1618.75,1630.89,21078.7692
2023-10-06 08:00:00,1630.88,1639.5,1628.81,1634.69,30221.3508
2023-10-06 12:00:00,1634.7,1649.71,1611.68,1642.86,79266.6426
2023-10-06 16:00:00,1642.87,1654.67,1634.43,1646.24,39470.9163
2023-10-06 20:00:00,1646.24,1662.0,1643.0,1645.03,29739.9977
2023-10-07 00:00:00,1645.03,1647.71,1640.0,1641.2,16194.6743
2023-10-07 04:00:00,1641.2,1643.19,1636.12,1636.78,13423.2056
2023-10-07 08:00:00,1636.78,1643.29,1636.13,1638.67,21807.812
2023-10-07 12:00:00,1638.68,1643.0,1635.0,1638.55,17189.2889
2023-10-07 16:00:00,1638.54,1639.37,1630.03,1630.59,18765.212
2023-10-07 20:00:00,1630.59,1636.0,1630.33,1633.57,13861.3804
2023-10-08 00:00:00,1633.56,1641.4,1633.56,1639.0,17982.4757
2023-10-08 04:00:00,1639.0,1639.85,1625.0,1628.88,25190.3573
2023-10-08 08:00:00,1628.88,1629.59,1616.17,1617.84,31891.0729
2023-10-08 12:00:00,1617.85,1637.45,1617.19,1631.2,35954.4182
2023-10-08 16:00:00,1631.2,1638.95,1629.21,1635.71,22437.5204
2023-10-08 20:00:00,1635.72,1638.32,1627.46,1632.84,15968.819
2023-10-09 00:00:00,1632.85,1636.0,1623.37,1633.65,22816.6025
2023-10-09 04:00:00,1633.65,1634.92,1617.11,1620.73,20754.051
2023-10-09 08:00:00,1620.73,1621.81,1583.32,1590.65,96411.3272
2023-10-09 12:00:00,1590.65,1597.66,1583.32,1586.29,43461.6459
2023-10-09 16:00:00,1586.28,1586.88,1546.0,1581.45,139048.1127
2023-10-09 20:00:00,1581.45,1583.91,1573.76,1580.13,17649.3595
2023-10-10 00:00:00,1580.13,1592.91,1576.03,1584.86,30657.2523
2023-10-10 04:00:00,1584.87,1594.09,1582.79,1590.23,21864.5091
2023-10-10 08:00:00,1590.22,1594.9,1577.2,1579.58,32499.245
2023-10-10 12:00:00,1579.58,1588.46,1563.77,1567.84,77031.4923
2023-10-10 16:00:00,1567.85,1572.89,1557.57,1566.01,44916.4407
2023-10-10 20:00:00,1566.0,1570.45,1550.55,1567.63,33690.3893
2023-10-11 00:00:00,1567.62,1575.75,1544.26,1556.55,50344.7614
2023-10-11 04:00:00,1556.56,1561.64,1548.24,1557.01,30523.818
2023-10-11 08:00:00,1557.02,1578.43,1556.47,1572.8,42206.6706
2023-10-11 12:00:00,1572.8,1576.64,1553.99,1559.44,55480.3814
2023-10-11 16:00:00,1559.45,1566.66,1548.92,1563.26,53267.5283
2023-10-11 20:00:00,1563.25,1569.37,1561.13,1566.87,28430.8074
2023-10-12 00:00:00,1566.86,1568.56,1556.27,1561.81,23145.9845
2023-10-12 04:00:00,1561.82,1567.03,1557.8,1559.32,20878.5988
2023-10-12 08:00:00,1559.32,1561.04,1534.55,1552.06,58020.287
2023-10-12 12:00:00,1552.06,1553.96,1539.0,1541.67,46525.2601
2023-10-12 16:00:00,1541.66,1545.19,1521.0,1531.51,66272.4477
2023-10-12 20:00:00,1531.52,1540.42,1530.61,1539.61,22378.9196
2023-10-13 00:00:00,1539.61,1547.58,1538.12,1539.1,22082.9842
2023-10-13 04:00:00,1539.1,1554.79,1538.63,1549.55,30452.9479
2023-10-13 08:00:00,1549.55,1552.39,1543.02,1546.52,20295.9729
2023-10-13 12:00:00,1546.52,1553.87,1537.76,1539.64,32842.728
2023-10-13 16:00:00,1539.63,1549.04,1539.33,1545.94,19384.0955
2023-10-13 20:00:00,1545.94,1575.36,1543.62,1552.16,67147.1451
2023-10-14 00:00:00,1552.16,1556.48,1549.43,1553.72,16502.3841
2023-10-14 04:00:00,1553.72,1554.92,1545.12,1547.78,29135.6661
2023-10-14 08:00:00,1547.78,1549.51,1544.55,1547.12,12799.1289
2023-10-14 12:00:00,1547.12,1557.94,1546.19,1556.23,16167.6244
2023-10-14 16:00:00,1556.22,1558.62,1552.73,1555.33,14037.9321
2023-10-14 20:00:00,1555.33,1561.72,1553.41,1554.94,11671.9398
2023-10-15 00:00:00,1554.94,1557.84,1549.6,1554.44,16712.1544
2023-10-15 04:00:00,1554.44,1554.98,1552.46,1554.95,7896.0358
2023-10-15 08:00:00,1554.95,1560.17,1553.95,1555.55,10205.6721
2023-10-15 12:00:00,1555.55,1560.45,1547.44,1553.89,32713.88
2023-10-15 16:00:00,1553.88,1565.38,1550.35,1560.41,20936.003
2023-10-15 20:00:00,1560.42,1567.62,1552.74,1557.77,31847.5285
2023-10-16 00:00:00,1557.78,1567.0,1555.06,1563.0,18583.0796
2023-10-16 04:00:00,1563.0,1588.97,1560.65,1578.73,72749.9268
2023-10-16 08:00:00,1578.73,1587.13,1575.0,1582.72,38298.1454
2023-10-16 12:00:00,1582.71,1639.43,1566.0,1577.6,193019.6159
2023-10-16 16:00:00,1577.61,1602.47,1573.33,1589.8,50175.2317
2023-10-16 20:00:00,1589.79,1604.85,1577.74,1599.42,45684.865
2023-10-17 00:00:00,1599.41,1600.53,1588.3,1589.3,25822.5716
2023-10-17 04:00:00,1589.31,1592.07,1582.66,1590.38,25136.9265
2023-10-17 08:00:00,1590.37,1594.05,1582.89,1584.42,27294.0568
2023-10-17 12:00:00,1584.41,1586.01,1565.0,1575.51,79464.6926
2023-10-17 16:00:00,1575.5,1580.26,1551.08,1564.15,50830.5939
2023-10-17 20:00:00,1564.14,1565.84,1557.46,1565.01,26268.2285
2023-10-18 00:00:00,1565.01,1571.94,1562.4,1568.23,17983.9215
2023-10-18 04:00:00,1568.23,1582.13,1566.66,1572.47,37417.4361
2023-10-18 08:00:00,1572.47,1585.42,1568.94,1578.76,33419.4023
2023-10-18 12:00:00,1578.77,1581.76,1568.56,1570.1,37165.0093
2023-10-18 16:00:00,1570.11,1574.86,1562.82,1562.95,26070.8467
2023-10-18 20:00:00,1562.96,1565.87,1555.88,1563.44,25693.6094
2023-10-19 00:00:00,1563.45,1567.12,1541.61,1549.07,45924.5021
2023-10-19 04:00:00,1549.06,1553.71,1545.8,1551.91,30291.5512
2023-10-19 08:00:00,1551.91,1555.36,1541.76,1553.86,29384.0665
2023-10-19 12:00:00,1553.86,1565.31,1551.0,1561.2,39291.6477
2023-10-19 16:00:00,1561.2,1574.45,1559.86,1568.0,49123.4238
2023-10-19 20:00:00,1568.0,1573.15,1563.39,1566.57,22202.4762
2023-10-20 00:00:00,1566.57,1594.99,1561.19,1586.72,54738.204
2023-10-20 04:00:00,1586.72,1589.38,1579.06,1583.5,35432.6871
2023-10-20 08:00:00,1583.49,1630.4,1583.11,1613.15,109857.5989
2023-10-20 12:00:00,1613.15,1616.49,1597.71,1605.46,67375.2994
2023-10-20 16:00:00,1605.45,1609.85,1597.15,1606.73,30934.0372
2023-10-20 20:00:00,1606.73,1610.0,1602.39,1603.89,17657.9654
2023-10-21 00:00:00,1603.88,1606.45,1592.36,1597.69,17802.1621
2023-10-21 04:00:00,1597.69,1607.15,1597.21,1606.59,19505.1173
2023-10-21 08:00:00,1606.58,1609.85,1602.95,1608.68,17410.5936
2023-10-21 12:00:00,1608.68,1629.64,1602.5,1628.7,42213.6846
2023-10-21 16:00:00,1628.7,1644.53,1620.16,1635.19,60266.8226
2023-10-21 20:00:00,1635.18,1636.09,1625.74,1628.94,19221.029
2023-10-22 00:00:00,1628.94,1641.25,1623.26,1629.73,33360.9601
2023-10-22 04:00:00,1629.74,1648.0,1624.29,1630.3,51200.0898
2023-10-22 08:00:00,1630.31,1635.98,1624.5,1628.56,26276.0955
2023-10-22 12:00:00,1628.57,1637.41,1621.1,1625.75,25976.7104
2023-10-22 16:00:00,1625.74,1640.95,1624.23,1635.0,22603.7886
2023-10-22 20:00:00,1634.99,1667.8,1634.21,1663.7,69233.2781
2023-10-23 00:00:00,1663.69,1701.43,1657.07,1694.54,115141.8556
2023-10-23 04:00:00,1694.54,1705.79,1671.39,1676.15,74570.4257
2023-10-23 08:00:00,1676.14,1684.29,1662.34,1676.78,44158.4544
2023-10-23 12:00:00,1676.77,1684.36,1663.44,1676.49,50721.2546
2023-10-23 16:00:00,1676.49,1712.62,1671.09,1708.68,99311.7036
2023-10-23 20:00:00,1708.68,1800.0,1703.7,1765.46,227028.2724
2023-10-24 00:00:00,1765.47,1850.0,1757.64,1809.26,223410.3789
2023-10-24 04:00:00,1809.26,1837.36,1800.38,1808.99,89686.518
2023-10-24 08:00:00,1808.98,1845.69,1806.24,1845.68,73754.2692
2023-10-24 12:00:00,1845.69,1854.38,1762.13,1778.19,173078.0776
2023-10-24 16:00:00,1778.18,1799.97,1756.21,1777.52,70046.9863
2023-10-24 20:00:00,1777.52,1796.38,1763.54,1784.98,44078.9075
2023-10-25 00:00:00,1784.98,1807.01,1777.21,1788.67,59650.5338
2023-10-25 04:00:00,1788.67,1795.0,1761.17,1769.23,52817.7612
2023-10-25 08:00:00,1769.24,1793.32,1760.0,1785.57,51844.8354
2023-10-25 12:00:00,1785.58,1817.69,1779.24,1806.24,96572.1468
2023-10-25 16:00:00,1806.23,1814.99,1779.29,1789.91,59960.0017
2023-10-25 20:00:00,1789.91,1796.42,1776.04,1787.15,33565.5505
2023-10-26 00:00:00,1787.15,1817.0,1779.42,1816.31,47881.4855
2023-10-26 04:00:00,1816.31,1857.87,1790.76,1849.34,94428.3846
2023-10-26 08:00:00,1849.35,1865.54,1803.77,1812.32,115737.0737
2023-10-26 12:00:00,1812.32,1825.06,1767.0,1778.24,98597.9665
2023-10-26 16:00:00,1778.23,1794.25,1762.21,1792.54,42446.7202
2023-10-26 20:00:00,1792.54,1811.55,1790.48,1803.38,32077.4148
2023-10-27 00:00:00,1803.39,1803.91,1772.83,1791.22,32947.4478
2023-10-27 04:00:00,1791.22,1796.67,1776.07,1776.77,30923.8034
2023-10-27 08:00:00,1776.78,1791.37,1775.44,1781.33,35676.4627
2023-10-27 12:00:00,1781.34,1796.84,1770.25,1782.8,75757.507
2023-10-27 16:00:00,1782.8,1784.76,1744.66,1774.34,75936.2918
2023-10-27 20:00:00,1774.33,1784.35,1773.75,1779.4,23291.1794
2023-10-28 00:00:00,1779.41,1793.46,1778.87,1789.95,24336.5915
2023-10-28 04:00:00,1789.95,1795.41,1785.51,1787.55,13996.5692
2023-10-28 08:00:00,1787.55,1803.23,1785.29,1787.86,31098.0204
2023-10-28 12:00:00,1787.87,1791.71,1775.58,1790.78,24134.0847
2023-10-28 16:00:00,1790.78,1790.96,1776.75,1777.08,14340.5046
2023-10-28 20:00:00,1777.08,1783.3,1770.0,1776.2,15013.9678
2023-10-29 00:00:00,1776.21,1781.9,1762.66,1774.98,19371.2877
2023-10-29 04:00:00,1774.98,1784.1,1772.34,1783.11,13718.005
2023-10-29 08:00:00,1783.11,1793.01,1783.02,1788.66,22082.2123
2023-10-29 12:00:00,1788.65,1800.92,1787.9,1792.19,31560.0999
2023-10-29 16:00:00,1792.2,1806.77,1786.01,1793.07,33490.4299
2023-10-29 20:00:00,1793.07,1811.3,1790.82,1795.14,23888.616
2023-10-30 00:00:00,1795.14,1798.1,1778.43,1782.9,36110.9132
2023-10-30 04:00:00,1782.91,1792.0,1777.77,1787.15,26693.8549
2023-10-30 08:00:00,1787.16,1827.45,1784.4,1814.92,92965.5439
2023-10-30 12:00:00,1814.93,1829.84,1805.4,1819.54,50555.3675
2023-10-30 16:00:00,1819.54,1819.54,1777.77,1801.51,48709.8709
2023-10-30 20:00:00,1801.51,1816.33,1796.63,1809.04,22650.6416
2023-10-31 00:00:00,1809.03,1819.41,1793.74,1795.15,42187.0072
2023-10-31 04:00:00,1795.15,1804.83,1787.0,1790.58,39081.5759
2023-10-31 08:00:00,1790.58,1813.99,1780.99,1809.41,44891.5864
2023-10-31 12:00:00,1809.42,1812.72,1781.36,1791.46,67321.8388
2023-10-31 16:00:00,1791.46,1814.86,1787.73,1811.47,37577.9971
2023-10-31 20:00:00,1811.47,1817.67,1801.97,1814.67,27014.5742
2023-11-01 00:00:00,1814.67,1829.0,1807.68,1809.73,44790.8283
2023-11-01 04:00:00,1809.73,1810.11,1797.57,1804.64,32433.3607
2023-11-01 08:00:00,1804.65,1808.27,1792.46,1799.79,39783.9576
2023-11-01 12:00:00,1799.79,1827.58,1783.19,1792.3,111859.3215
2023-11-01 16:00:00,1792.29,1850.59,1791.9,1835.9,124165.5636
2023-11-01 20:00:00,1835.89,1857.66,1835.73,1846.99,118888.5867
2023-11-02 00:00:00,1846.99,1875.0,1840.29,1858.29,83999.1311
2023-11-02 04:00:00,1858.28,1859.84,1828.01,1834.85,64719.6418
2023-11-02 08:00:00,1834.86,1840.0,1820.53,1835.97,47649.5586
2023-11-02 12:00:00,1835.97,1842.45,1800.6,1803.2,81226.0372
2023-11-02 16:00:00,1803.2,1812.37,1785.01,1812.36,64276.428
2023-11-02 20:00:00,1812.37,1813.44,1792.05,1800.8,26867.4226
2023-11-03 00:00:00,1800.79,1802.87,1777.11,1798.34,52417.9188
2023-11-03 04:00:00,1798.34,1801.64,1787.46,1798.65,30551.5399
2023-11-03 08:00:00,1798.66,1804.46,1780.61,1789.65,54111.6456
2023-11-03 12:00:00,1789.65,1813.71,1784.78,1813.01,59212.5645
2023-11-03 16:00:00,1813.0,1823.93,1799.72,1816.98,79912.4018
2023-11-03 20:00:00,1816.98,1834.58,1814.69,1832.71,38794.1972
2023-11-04 00:00:00,1832.7,1839.77,1824.03,1834.73,33837.1341
2023-11-04 04:00:00,1834.73,1839.95,1825.59,1833.94,30406.9232
2023-11-04 08:00:00,1833.94,1847.58,1830.76,1837.49,31538.2995
2023-11-04 12:00:00,1837.49,1841.03,1828.06,1831.77,23644.8907
2023-11-04 16:00:00,1831.77,1840.46,1831.16,1835.57,14718.3528
2023-11-04 20:00:00,1835.57,1869.9,1834.35,1855.54,37392.4361
2023-11-05 00:00:00,1855.54,1894.0,1846.11,1888.58,61170.6683
2023-11-05 04:00:00,1888.59,1894.18,1875.15,1884.66,65388.2048
2023-11-05 08:00:00,1884.66,1896.55,1877.5,1887.88,44844.7988
2023-11-05 12:00:00,1887.88,1900.0,1864.41,1874.35,76090.127
2023-11-05 16:00:00,1874.36,1912.67,1872.08,1888.3,69645.2251
2023-11-05 20:00:00,1888.29,1910.55,1855.45,1891.71,65967.7388
2023-11-06 00:00:00,1891.71,1899.98,1880.46,1887.21,37835.5893
2023-11-06 04:00:00,1887.2,1889.84,1868.48,1878.34,57446.1167
2023-11-06 08:00:00,1878.35,1898.99,1873.12,1898.71,38033.8774
2023-11-06 12:00:00,1898.72,1914.23,1887.98,1901.26,92273.4067
2023-11-06 16:00:00,1901.25,1904.0,1885.45,1901.73,55478.9859
2023-11-06 20:00:00,1901.73,1907.23,1881.72,1900.95,47678.2634
2023-11-07 00:00:00,1900.95,1903.84,1878.0,1890.11,53366.7471
2023-11-07 04:00:00,1890.11,1896.52,1885.54,1891.84,28861.6817
2023-11-07 08:00:00,1891.85,1894.98,1867.01,1873.39,61414.7367
2023-11-07 12:00:00,1873.4,1880.09,1858.0,1863.1,55709.1655
2023-11-07 16:00:00,1863.09,1900.0,1850.32,1894.22,79257.4744
2023-11-07 20:00:00,1894.22,1906.99,1872.72,1885.27,53809.6352
2023-11-08 00:00:00,1885.26,1893.0,1879.61,1881.98,25745.9895
2023-11-08 04:00:00,1881.97,1886.43,1872.51,1875.01,28365.068
2023-11-08 08:00:00,1875.02,1889.08,1873.52,1880.89,37061.835
2023-11-08 12:00:00,1880.88,1892.49,1880.0,1889.12,38529.7289
2023-11-08 16:00:00,1889.12,1904.69,1886.7,1899.07,54268.57
2023-11-08 20:00:00,1899.07,1904.59,1883.01,1888.12,63909.9083
2023-11-09 00:00:00,1888.11,1925.89,1882.07,1919.33,84595.584
2023-11-09 04:00:00,1919.32,1929.27,1908.84,1911.38,93050.8548
2023-11-09 08:00:00,1911.38,1919.57,1904.39,1913.09,64227.9262
2023-11-09 12:00:00,1913.09,2050.86,1907.15,2035.02,356989.3147
2023-11-09 16:00:00,2035.01,2048.0,1975.0,2018.55,266733.1274
2023-11-09 20:00:00,2018.55,2132.0,2010.95,2121.32,234733.5166
2023-11-10 00:00:00,2121.33,2128.88,2094.35,2120.99,110933.1759
2023-11-10 04:00:00,2120.99,2136.99,2100.77,2101.44,115174.5045
2023-11-10 08:00:00,2101.43,2108.99,2082.27,2097.07,111512.7784
2023-11-10 12:00:00,2097.07,2099.46,2064.61,2089.93,106670.6957
2023-11-10 16:00:00,2089.94,2103.57,2085.78,2087.98,58596.6697
2023-11-10 20:00:00,2087.99,2099.45,2070.24,2077.72,52685.8253
2023-11-11 00:00:00,2077.72,2084.95,2030.3,2046.49,100208.1357
2023-11-11 04:00:00,2046.5,2060.0,2034.66,2054.94,47671.6355
2023-11-11 08:00:00,2054.94,2066.19,2046.23,2057.51,43538.8066
2023-11-11 12:00:00,2057.51,2088.73,2052.54,2068.0,64958.4841
2023-11-11 16:00:00,2068.0,2089.6,2066.72,2075.75,54819.4755
2023-11-11 20:00:00,2075.75,2076.02,2032.37,2053.17,59769.4998
2023-11-12 00:00:00,2053.16,2054.94,2012.1,2051.42,73801.689
2023-11-12 04:00:00,2051.41,2060.0,2043.64,2057.74,36180.037
2023-11-12 08:00:00,2057.73,2058.76,2046.13,2047.52,32197.4999
2023-11-12 12:00:00,2047.52,2066.5,2035.75,2057.12,53733.227
2023-11-12 16:00:00,2057.12,2059.87,2045.0,2049.12,35438.0531
2023-11-12 20:00:00,2049.11,2065.87,2030.0,2044.68,50557.053
2023-11-13 00:00:00,2044.69,2074.4,2035.99,2039.74,89697.7927
2023-11-13 04:00:00,2039.75,2057.37,2028.49,2048.15,75600.6856
2023-11-13 08:00:00,2048.15,2061.42,2038.8,2046.73,44731.0336
2023-11-13 12:00:00,2046.73,2107.42,2039.16,2105.24,143108.4463
2023-11-13 16:00:00,2105.23,2118.0,2065.35,2100.0,93610.4606
2023-11-13 20:00:00,2100.01,2102.72,2043.47,2053.65,82395.1627
2023-11-14 00:00:00,2053.65,2058.47,2031.55,2055.54,61237.6987
2023-11-14 04:00:00,2055.55,2064.96,2047.61,2060.34,32112.6418
2023-11-14 08:00:00,2060.34,2064.8,2026.41,2031.84,53938.8052
2023-11-14 12:00:00,2031.85,2055.9,2020.0,2038.09,95923.097
2023-11-14 16:00:00,2038.1,2053.8,1936.6,1978.99,170251.2709
2023-11-14 20:00:00,1978.99,1994.65,1968.8,1979.39,68446.2194
2023-11-15 00:00:00,1979.4,1991.77,1967.01,1967.76,57930.1183
2023-11-15 04:00:00,1967.76,1987.88,1967.5,1982.88,55362.3228
2023-11-15 08:00:00,1982.87,2014.46,1980.65,2013.15,71369.8353
2023-11-15 12:00:00,2013.16,2023.21,2005.2,2021.26,61529.8454
2023-11-15 16:00:00,2021.27,2053.0,2001.83,2051.27,113863.8825
2023-11-15 20:00:00,2051.26,2062.4,2036.05,2058.48,61814.7989
2023-11-16 00:00:00,2058.49,2080.97,2050.95,2053.01,63862.4715
2023-11-16 04:00:00,2053.0,2065.0,2048.02,2053.31,37792.3487
2023-11-16 08:00:00,2053.31,2090.4,2036.07,2068.61,96984.3652
2023-11-16 12:00:00,2068.61,2069.2,1980.1,1995.67,158344.9906
2023-11-16 16:00:00,1995.67,2014.4,1939.1,1964.99,123251.9071
2023-11-16 20:00:00,1965.0,1970.43,1945.52,1961.77,65050.0466
2023-11-17 00:00:00,1961.77,1991.5,1959.4,1983.97,59412.5249
2023-11-17 04:00:00,1983.97,1987.2,1967.71,1970.0,45000.1952
2023-11-17 08:00:00,1970.0,1982.02,1954.64,1965.68,53770.7484
2023-11-17 12:00:00,1965.69,1970.86,1912.72,1918.35,109420.6922
2023-11-17 16:00:00,1918.34,1948.97,1904.0,1938.88,89130.3861
2023-11-17 20:00:00,1938.87,1967.92,1937.36,1960.82,44365.9601
2023-11-18 00:00:00,1960.82,1961.39,1939.62,1940.8,37786.4846
2023-11-18 04:00:00,1940.79,1945.47,1916.0,1935.69,68390.8712
2023-11-18 08:00:00,1935.69,1944.91,1930.81,1934.92,37399.1213
2023-11-18 12:00:00,1934.93,1955.31,1930.67,1952.8,54426.9904
2023-11-18 16:00:00,1952.8,1971.22,1952.62,1964.04,59958.4011
2023-11-18 20:00:00,1964.04,1966.4,1950.25,1962.6,21406.3522
2023-11-19 00:00:00,1962.59,1962.99,1942.89,1955.76,52435.4952
2023-11-19 04:00:00,1955.76,1966.72,1952.64,1961.93,25731.1137
2023-11-19 08:00:00,1961.93,1966.51,1946.0,1952.03,28614.6508
2023-11-19 12:00:00,1952.03,1969.0,1945.21,1966.8,32822.5292
2023-11-19 16:00:00,1966.81,1985.32,1966.06,1983.55,42762.7754
2023-11-19 20:00:00,1983.55,2015.75,1976.11,2011.47,68766.0549
2023-11-20 00:00:00,2011.47,2013.02,1995.4,1999.52,40630.2071
2023-11-20 04:00:00,1999.51,2024.5,1993.55,2019.11,41116.8378
2023-11-20 08:00:00,2019.1,2042.15,2008.55,2024.41,87005.6802
2023-11-20 12:00:00,2024.41,2050.0,1990.0,2042.22,94403.7311
2023-11-20 16:00:00,2042.21,2066.4,2011.3,2036.21,112081.9813
2023-11-20 20:00:00,2036.21,2039.28,2015.0,2021.4,46479.2415
2023-11-21 00:00:00,2021.41,2034.6,2007.38,2018.55,48239.01
2023-11-21 04:00:00,2018.56,2019.26,2003.06,2003.77,32868.0336
2023-11-21 08:00:00,2003.78,2017.59,2001.71,2004.01,43329.4228
2023-11-21 12:00:00,2004.0,2015.23,1952.01,1988.33,134469.0408
2023-11-21 16:00:00,1988.34,2020.63,1960.33,1985.6,132868.3486
2023-11-21 20:00:00,1985.59,2006.0,1931.43,1933.01,98390.1305
2023-11-22 00:00:00,1933.01,1980.0,1928.41,1978.31,69825.0434
2023-11-22 04:00:00,1978.31,2001.8,1977.24,1993.73,54252.3368
2023-11-22 08:00:00,1993.73,2029.4,1992.27,2015.13,69786.6777
2023-11-22 12:00:00,2015.13,2042.0,2011.28,2033.58,81468.2539
2023-11-22 16:00:00,2033.58,2082.78,2027.8,2076.97,116952.7075
2023-11-22 20:00:00,2076.98,2092.46,2058.0,2063.21,73835.4916
2023-11-23 00:00:00,2063.22,2071.52,2052.07,2059.53,44522.3245
2023-11-23 04:00:00,2059.52,2069.97,2057.4,2065.69,27354.5878
2023-11-23 08:00:00,2065.7,2088.94,2041.5,2062.61,72954.9487
2023-11-23 12:00:00,2062.6,2070.44,2040.35,2042.27,56365.3232
2023-11-23 16:00:00,2042.28,2067.17,2040.36,2062.19,26790.9693
2023-11-23 20:00:00,2062.19,2077.31,2059.88,2062.2,22972.5423
2023-11-24 00:00:00,2062.21,2077.88,2059.37,2064.0,42123.0496
2023-11-24 04:00:00,2064.0,2082.77,2062.04,2080.02,42869.8469
2023-11-24 08:00:00,2080.02,2127.29,2075.0,2097.01,121971.5698
2023-11-24 12:00:00,2097.01,2133.02,2096.22,2116.43,88350.8713
2023-11-24 16:00:00,2116.44,2125.6,2079.48,2087.51,83060.5583
2023-11-24 20:00:00,2087.52,2096.0,2060.0,2080.84,48556.6443
2023-11-25 00:00:00,2080.84,2089.58,2073.22,2086.77,34155.0375
2023-11-25 04:00:00,2086.76,2089.8,2080.0,2088.08,19969.1378
2023-11-25 08:00:00,2088.09,2090.54,2065.3,2070.6,31664.6407
2023-11-25 12:00:00,2070.59,2079.51,2067.47,2078.03,21599.7707
2023-11-25 16:00:00,2078.04,2084.07,2074.04,2082.51,16569.5221
2023-11-25 20:00:00,2082.5,2086.43,2080.35,2083.09,14889.2842
2023-11-26 00:00:00,2083.1,2083.63,2067.38,2075.95,20820.927
2023-11-26 04:00:00,2075.95,2092.2,2070.83,2088.9,26296.2858
2023-11-26 08:00:00,2088.89,2094.99,2081.89,2084.66,27490.5899
2023-11-26 12:00:00,2084.65,2090.0,2060.41,2064.66,60648.7052
2023-11-26 16:00:00,2064.66,2068.99,2036.42,2057.05,64457.2169
2023-11-26 20:00:00,2057.04,2081.92,2055.73,2062.33,41549.1888
2023-11-27 00:00:00,2062.34,2071.24,2038.79,2048.54,43202.3261
2023-11-27 04:00:00,2048.54,2054.89,2030.0,2045.56,42218.4395
2023-11-27 08:00:00,2045.57,2052.86,2016.84,2024.99,64044.8916
2023-11-27 12:00:00,2024.99,2029.47,2000.24,2003.09,70489.0944
2023-11-27 16:00:00,2003.08,2024.44,1985.78,1994.79,67171.6912
2023-11-27 20:00:00,1994.78,2029.99,1986.85,2027.5,38946.787
2023-11-28 00:00:00,2027.5,2040.39,2020.22,2027.22,28655.1144
2023-11-28 04:00:00,2027.22,2029.74,1995.15,2014.62,41380.7774
2023-11-28 08:00:00,2014.62,2028.93,2005.62,2028.07,37761.8381
2023-11-28 12:00:00,2028.07,2042.4,2019.37,2036.39,49254.0484
2023-11-28 16:00:00,2036.39,2075.0,2035.2,2059.0,92697.5254
2023-11-28 20:00:00,2059.0,2065.0,2043.1,2048.14,34026.6242
2023-11-29 00:00:00,2048.14,2057.8,2038.79,2053.27,38533.617
2023-11-29 04:00:00,2053.26,2063.64,2047.69,2057.61,31373.2468
2023-11-29 08:00:00,2057.62,2075.7,2045.0,2052.95,55148.4255
2023-11-29 12:00:00,2052.95,2061.8,2019.97,2031.72,65568.8416
2023-11-29 16:00:00,2031.72,2042.56,2019.31,2038.9,39774.3764
2023-11-29 20:00:00,2038.89,2040.17,2020.01,2028.81,24445.2246
2023-11-30 00:00:00,2028.8,2040.85,2022.5,2040.71,26731.0942
2023-11-30 04:00:00,2040.71,2044.19,2031.75,2035.76,60289.7631
2023-11-30 08:00:00,2035.76,2046.82,2020.85,2045.48,32746.3325
2023-11-30 12:00:00,2045.47,2052.32,2025.02,2033.05,61854.9563
2023-11-30 16:00:00,2033.04,2044.0,2028.66,2041.43,29696.0928
2023-11-30 20:00:00,2041.43,2054.75,2039.66,2051.96,32361.8532
2023-12-01 00:00:00,2051.95,2093.76,2045.04,2092.2,86608.5271
2023-12-01 04:00:00,2092.2,2107.26,2087.2,2092.75,71796.7014
2023-12-01 08:00:00,2092.74,2110.87,2086.99,2093.01,71498.2075
2023-12-01 12:00:00,2093.02,2094.79,2071.0,2080.16,49905.2682
2023-12-01 16:00:00,2080.16,2110.0,2078.2,2090.2,71989.9635
2023-12-01 20:00:00,2090.2,2095.95,2082.44,2087.24,20846.9183
2023-12-02 00:00:00,2087.24,2097.0,2086.25,2092.93,18992.7861
2023-12-02 04:00:00,2092.92,2106.63,2090.17,2095.99,21078.1769
2023-12-02 08:00:00,2095.98,2107.0,2095.98,2099.15,25943.1981
2023-12-02 12:00:00,2099.15,2109.12,2093.39,2104.17,36435.0121
2023-12-02 16:00:00,2104.18,2186.6,2097.43,2158.77,163366.8066
2023-12-02 20:00:00,2158.76,2175.8,2152.94,2164.74,55163.997
2023-12-03 00:00:00,2164.75,2177.41,2155.7,2161.74,39704.716
2023-12-03 04:00:00,2161.75,2165.44,2152.92,2164.73,28544.8552
2023-12-03 08:00:00,2164.72,2168.42,2156.47,2159.31,25754.4445
2023-12-03 12:00:00,2159.3,2165.71,2149.0,2160.48,43694.8003
2023-12-03 16:00:00,2160.48,2168.84,2150.46,2167.57,30213.9874
2023-12-03 20:00:00,2167.57,2217.27,2165.16,2192.95,89966.3102
2023-12-04 00:00:00,2192.96,2228.59,2191.0,2210.51,79585.3125
2023-12-04 04:00:00,2210.5,2265.0,2210.35,2246.3,136259.6954
2023-12-04 08:00:00,2246.31,2274.28,2213.66,2237.52,140742.9428
2023-12-04 12:00:00,2237.53,2255.86,2201.77,2211.75,101821.6887
2023-12-04 16:00:00,2211.74,2235.65,2209.83,2234.46,52657.756
2023-12-04 20:00:00,2234.47,2254.0,2220.06,2243.37,54240.318
2023-12-05 00:00:00,2243.36,2253.52,2222.77,2230.78,47514.2628
2023-12-05 04:00:00,2230.78,2237.99,2188.33,2200.27,63184.9346
2023-12-05 08:00:00,2200.26,2210.0,2190.47,2204.86,60940.3426
2023-12-05 12:00:00,2204.86,2234.18,2199.58,2228.45,70002.1478
2023-12-05 16:00:00,2228.45,2309.72,2220.0,2272.72,209501.6481
2023-12-05 20:00:00,2272.73,2298.63,2252.0,2293.33,78686.3855
2023-12-06 00:00:00,2293.33,2312.23,2273.94,2281.8,79645.061
2023-12-06 04:00:00,2281.8,2284.75,2258.38,2265.82,53391.4411
2023-12-06 08:00:00,2265.82,2287.78,2233.72,2253.15,89154.4826
2023-12-06 12:00:00,2253.15,2269.0,2247.45,2252.25,69436.0775
2023-12-06 16:00:00,2252.26,2284.6,2250.34,2262.8,55729.8781
2023-12-06 20:00:00,2262.79,2265.11,2220.0,2232.7,60981.9653
2023-12-07 00:00:00,2232.7,2250.2,2230.63,2249.07,33819.3012
2023-12-07 04:00:00,2249.07,2269.42,2247.94,2261.66,37516.7471
2023-12-07 08:00:00,2261.67,2268.96,2222.0,2236.05,86195.8044
2023-12-07 12:00:00,2236.04,2329.94,2232.05,2321.39,123345.5343
2023-12-07 16:00:00,2321.39,2356.0,2316.38,2335.62,129875.1779
2023-12-07 20:00:00,2335.62,2382.8,2335.23,2355.73,74437.496
2023-12-08 00:00:00,2355.74,2387.16,2352.31,2375.23,57423.9257
2023-12-08 04:00:00,2375.23,2392.0,2352.72,2352.81,59785.1625
2023-12-08 08:00:00,2352.81,2373.0,2345.17,2365.84,66229.2295
2023-12-08 12:00:00,2365.85,2376.8,2336.34,2346.08,99280.4778
2023-12-08 16:00:00,2346.07,2361.13,2340.65,2353.0,50363.2924
2023-12-08 20:00:00,2353.0,2376.41,2352.21,2358.72,45487.7247
2023-12-09 00:00:00,2358.71,2366.43,2349.38,2360.26,27433.8946
2023-12-09 04:00:00,2360.27,2386.73,2359.44,2383.1,44208.8015
2023-12-09 08:00:00,2383.11,2403.0,2348.12,2356.35,85911.3783
2023-12-09 12:00:00,2356.35,2369.01,2337.0,2362.72,65075.1643
2023-12-09 16:00:00,2362.73,2365.76,2342.1,2357.56,30192.1563
2023-12-09 20:00:00,2357.57,2362.79,2328.01,2340.49,34949.6714
2023-12-10 00:00:00,2340.48,2354.85,2340.0,2351.26,21354.7656
2023-12-10 04:00:00,2351.27,2358.86,2344.65,2354.0,21178.7369
2023-12-10 08:00:00,2354.0,2356.1,2320.0,2337.65,47848.6759
2023-12-10 12:00:00,2337.65,2355.96,2337.45,2352.0,39519.2229
2023-12-10 16:00:00,2351.99,2361.36,2340.16,2355.0,29726.3812
2023-12-10 20:00:00,2355.0,2377.47,2343.57,2352.39,40409.4277
2023-12-11 00:00:00,2352.39,2355.0,2161.0,2251.43,186771.4064
2023-12-11 04:00:00,2251.42,2254.41,2226.6,2237.36,84466.5938
2023-12-11 08:00:00,2237.35,2253.16,2230.5,2249.68,56064.8753
2023-12-11 12:00:00,2249.68,2252.16,2201.0,2219.34,87708.0818
2023-12-11 16:00:00,2219.35,2221.98,2156.62,2187.61,164024.2449
2023-12-11 20:00:00,2187.6,2227.0,2181.16,2225.12,61379.7144
2023-12-12 00:00:00,2225.11,2244.12,2221.19,2231.6,50957.3437
2023-12-12 04:00:00,2231.59,2239.46,2211.91,2233.46,55654.1764
2023-12-12 08:00:00,2233.45,2239.01,2207.08,2208.39,45769.2677
2023-12-12 12:00:00,2208.39,2233.26,2185.83,2192.99,81797.3444
2023-12-12 16:00:00,2193.0,2198.53,2166.98,2179.05,74579.4107
2023-12-12 20:00:00,2179.05,2206.42,2166.0,2203.46,52831.3658
2023-12-13 00:00:00,2203.47,2206.89,2150.0,2166.03,74098.3216
2023-12-13 04:00:00,2166.03,2180.0,2144.32,2172.49,83562.7481
2023-12-13 08:00:00,2172.48,2186.09,2168.16,2171.64,42821.5214
2023-12-13 12:00:00,2171.65,2225.92,2169.07,2217.7,67467.5824
2023-12-13 16:00:00,2217.69,2255.2,2201.34,2253.03,81525.8715
2023-12-13 20:00:00,2253.04,2284.02,2245.05,2260.16,69440.5704
2023-12-14 00:00:00,2260.16,2262.23,2245.97,2251.39,33443.5169
2023-12-14 04:00:00,2251.39,2283.51,2246.7,2282.84,58836.4698
2023-12-14 08:00:00,2282.84,2308.0,2271.33,2307.35,83809.4273
2023-12-14 12:00:00,2307.35,2320.21,2228.2,2275.0,129595.3201
2023-12-14 16:00:00,2275.0,2313.77,2274.59,2293.0,63313.8092
2023-12-14 20:00:00,2292.99,2332.11,2282.95,2315.32,40509.5498
2023-12-15 00:00:00,2315.32,2317.81,2273.85,2280.45,43642.7979
2023-12-15 04:00:00,2280.45,2283.6,2256.8,2271.46,69923.9141
2023-12-15 08:00:00,2271.47,2286.59,2265.43,2272.74,62114.3189
2023-12-15 12:00:00,2272.75,2273.46,2224.82,2231.77,78625.1287
2023-12-15 16:00:00,2231.76,2248.88,2228.39,2242.22,36393.4299
2023-12-15 20:00:00,2242.22,2252.18,2200.0,2220.5,42853.0433
2023-12-16 00:00:00,2220.51,2259.0,2210.0,2254.27,44290.1732
2023-12-16 04:00:00,2254.28,2255.0,2237.74,2241.45,33593.9891
2023-12-16 08:00:00,2241.44,2253.86,2239.45,2253.71,27991.9648
2023-12-16 12:00:00,2253.7,2259.3,2240.0,2256.74,31631.5968
2023-12-16 16:00:00,2256.75,2263.4,2230.6,2235.17,34560.8094
2023-12-16 20:00:00,2235.16,2241.85,2220.12,2228.96,27217.3897
2023-12-17 00:00:00,2228.96,2233.69,2210.77,2216.26,34891.2523
2023-12-17 04:00:00,2216.26,2223.92,2200.77,2208.63,33972.7258
2023-12-17 08:00:00,2208.64,2220.15,2204.92,2215.97,29442.4896
2023-12-17 12:00:00,2215.98,2226.0,2200.28,2221.71,40521.1392
2023-12-17 16:00:00,2221.7,2241.71,2210.8,2234.5,43618.254
2023-12-17 20:00:00,2234.51,2248.68,2191.5,2196.52,43479.9066
2023-12-18 00:00:00,2196.53,2204.59,2161.78,2174.8,60466.0095
2023-12-18 04:00:00,2174.8,2184.56,2165.1,2169.19,40892.8873
2023-12-18 08:00:00,2169.19,2178.0,2116.6,2142.19,100533.8876
2023-12-18 12:00:00,2142.19,2173.85,2127.4,2155.2,64003.603
2023-12-18 16:00:00,2155.2,2175.85,2149.47,2174.8,38664.5823
2023-12-18 20:00:00,2174.81,2224.0,2167.4,2219.43,59542.1484
2023-12-19 00:00:00,2219.44,2252.8,2211.75,2237.11,67968.3955
2023-12-19 04:00:00,2237.11,2253.34,2231.6,2247.99,48095.9842
2023-12-19 08:00:00,2247.98,2255.0,2234.6,2236.13,50504.9339
2023-12-19 12:00:00,2236.13,2241.27,2179.0,2191.38,85379.1111
2023-12-19 16:00:00,2191.37,2205.3,2135.55,2176.68,98518.3936
2023-12-19 20:00:00,2176.68,2186.4,2164.74,2177.91,33084.5866
2023-12-20 00:00:00,2177.9,2190.85,2170.44,2186.28,36092.8949
2023-12-20 04:00:00,2186.27,2222.8,2183.62,2216.76,51489.5107
2023-12-20 08:00:00,2216.76,2224.26,2204.49,2211.4,53161.3514
2023-12-20 12:00:00,2211.4,2266.0,2202.92,2246.96,107344.3035
2023-12-20 16:00:00,2246.96,2249.71,2193.0,2204.51,82451.6623
2023-12-20 20:00:00,2204.51,2207.13,2156.0,2202.17,86301.9044
2023-12-21 00:00:00,2202.17,2202.4,2182.98,2200.61,47050.5509
2023-12-21 04:00:00,2200.61,2219.65,2192.57,2215.11,47494.3333
2023-12-21 08:00:00,2215.11,2256.4,2204.36,2253.01,84175.0296
2023-12-21 12:00:00,2253.0,2279.31,2201.0,2232.51,138386.5801
2023-12-21 16:00:00,2232.51,2245.4,2218.32,2225.12,81671.7101
2023-12-21 20:00:00,2225.12,2262.83,2217.75,2239.61,54291.5212
2023-12-22 00:00:00,2239.6,2261.16,2230.59,2249.1,60751.6935
2023-12-22 04:00:00,2249.1,2297.75,2245.57,2273.22,130691.3503
2023-12-22 08:00:00,2273.22,2331.0,2268.0,2313.03,175476.5315
2023-12-22 12:00:00,2313.04,2343.15,2290.0,2319.74,115482.9626
2023-12-22 16:00:00,2319.74,2341.47,2305.88,2310.09,64862.7522
2023-12-22 20:00:00,2310.09,2327.58,2303.18,2324.54,44092.1979
2023-12-23 00:00:00,2324.54,2330.65,2265.97,2272.84,69777.6205
2023-12-23 04:00:00,2272.85,2295.57,2265.0,2283.54,39900.4656
2023-12-23 08:00:00,2283.55,2293.8,2281.0,2286.98,28233.8285
2023-12-23 12:00:00,2286.98,2298.13,2285.1,2285.51,36264.8084
2023-12-23 16:00:00,2285.51,2312.38,2283.21,2292.26,44279.4355
2023-12-23 20:00:00,2292.25,2315.63,2285.3,2308.2,37170.7767
2023-12-24 00:00:00,2308.2,2326.19,2294.11,2316.67,59799.7391
2023-12-24 04:00:00,2316.67,2321.8,2275.0,2295.02,63314.7866
2023-12-24 08:00:00,2295.03,2298.13,2273.57,2288.91,42020.0107
2023-12-24 12:00:00,2288.92,2306.89,2284.41,2293.03,40872.0486
2023-12-24 16:00:00,2293.02,2297.4,2282.13,2288.19,34207.3702
2023-12-24 20:00:00,2288.19,2288.72,2245.0,2264.05,67737.1208
2023-12-25 00:00:00,2264.04,2276.76,2253.1,2276.11,38928.0628
2023-12-25 04:00:00,2276.1,2290.0,2274.99,2280.54,32392.991
2023-12-25 08:00:00,2280.55,2287.0,2264.44,2278.73,42066.4523
2023-12-25 12:00:00,2278.73,2304.8,2273.28,2286.48,71325.9453
2023-12-25 16:00:00,2286.48,2288.6,2269.02,2273.19,53842.6177
2023-12-25 20:00:00,2273.18,2286.43,2256.61,2271.35,47721.0925
2023-12-26 00:00:00,2271.36,2274.99,2263.73,2268.73,34884.6894
2023-12-26 04:00:00,2268.72,2271.39,2220.0,2241.4,92239.849
2023-12-26 08:00:00,2241.41,2244.29,2218.32,2242.6,69959.8589
2023-12-26 12:00:00,2242.6,2250.66,2224.52,2228.99,70587.0422
2023-12-26 16:00:00,2228.99,2232.93,2178.45,2211.7,105415.2104
2023-12-26 20:00:00,2211.7,2232.4,2209.21,2230.88,37326.5092
2023-12-27 00:00:00,2230.88,2233.84,2211.88,2216.93,44983.1369
2023-12-27 04:00:00,2216.92,2231.2,2216.2,2228.52,35432.113
2023-12-27 08:00:00,2228.52,2291.28,2226.78,2285.93,91514.5977
2023-12-27 12:00:00,2285.92,2355.6,2275.8,2341.96,169002.6205
2023-12-27 16:00:00,2341.96,2376.59,2334.1,2346.67,123257.5106
2023-12-27 20:00:00,2346.67,2392.44,2344.66,2378.35,77347.3787
2023-12-28 00:00:00,2378.35,2445.8,2376.14,2413.65,134943.1663
2023-12-28 04:00:00,2413.65,2425.58,2364.77,2380.0,94711.878
2023-12-28 08:00:00,2379.99,2410.56,2372.17,2401.46,74101.8051
2023-12-28 12:00:00,2401.46,2413.0,2345.0,2358.85,149313.6219
2023-12-28 16:00:00,2358.85,2382.45,2348.1,2362.27,70359.9634
2023-12-28 20:00:00,2362.27,2363.56,2335.0,2344.15,57029.5473
2023-12-29 00:00:00,2344.15,2363.77,2311.16,2351.9,91120.591
2023-12-29 04:00:00,2351.89,2360.0,2331.0,2332.69,46248.8452
2023-12-29 08:00:00,2332.68,2378.2,2331.64,2372.1,60961.0733
2023-12-29 12:00:00,2372.11,2385.41,2317.12,2327.18,84182.7593
2023-12-29 16:00:00,2327.19,2332.94,2283.0,2316.88,105076.7315
2023-12-29 20:00:00,2316.87,2317.48,2255.34,2299.2,62611.2066
2023-12-30 00:00:00,2299.2,2309.79,2287.24,2298.06,27387.4567
2023-12-30 04:00:00,2298.07,2308.62,2293.14,2295.68,20712.3921
2023-12-30 08:00:00,2295.69,2296.58,2268.0,2288.14,51469.1796
2023-12-30 12:00:00,2288.14,2316.8,2282.44,2312.97,43931.6173
2023-12-30 16:00:00,2312.97,2322.84,2295.82,2299.87,40722.3301
2023-12-30 20:00:00,2299.88,2305.64,2277.0,2291.68,26316.1569
2023-12-31 00:00:00,2291.68,2304.55,2277.63,2284.02,26528.5774
2023-12-31 04:00:00,2284.02,2304.6,2279.28,2294.81,22434.1108
2023-12-31 08:00:00,2294.8,2315.74,2290.0,2308.6,45324.54
2023-12-31 12:00:00,2308.59,2321.34,2290.7,2298.99,45559.9738
2023-12-31 16:00:00,2299.0,2309.42,2290.8,2294.83,33396.2874
2023-12-31 20:00:00,2294.83,2294.83,2258.88,2281.87,48932.3885
2024-01-01 00:00:00,2281.87,2306.6,2271.0,2273.81,35739.3336
2024-01-01 04:00:00,2273.8,2287.88,2265.24,2284.67,28107.5133
2024-01-01 08:00:00,2284.68,2305.05,2280.0,2304.47,27894.1092
2024-01-01 12:00:00,2304.47,2318.34,2294.84,2314.7,32165.8522
2024-01-01 16:00:00,2314.69,2340.98,2306.48,2337.26,46802.2526
2024-01-01 20:00:00,2337.27,2352.37,2323.66,2352.04,45993.6305
2024-01-02 00:00:00,2352.05,2397.56,2346.95,2386.43,99666.5004
2024-01-02 04:00:00,2386.42,2392.4,2373.69,2385.84,50541.6586
2024-01-02 08:00:00,2385.84,2431.3,2380.09,2391.24,106170.146
2024-01-02 12:00:00,2391.24,2404.68,2352.04,2357.48,88164.7305
2024-01-02 16:00:00,2357.48,2372.75,2350.19,2369.19,56961.7444
2024-01-02 20:00:00,2369.19,2380.0,2341.0,2355.34,56536.8843
2024-01-03 00:00:00,2355.35,2384.66,2347.4,2368.51,46709.8425
2024-01-03 04:00:00,2368.51,2380.9,2356.99,2361.64,46554.4864
2024-01-03 08:00:00,2361.65,2385.45,2294.01,2307.68,108706.848
2024-01-03 12:00:00,2307.99,2308.6,2100.0,2240.4,369717.4363
2024-01-03 16:00:00,2240.39,2245.33,2188.0,2206.53,152307.7741
2024-01-03 20:00:00,2206.54,2227.87,2196.23,2209.72,74733.0996
2024-01-04 00:00:00,2209.72,2239.79,2201.91,2231.08,59330.807
2024-01-04 04:00:00,2231.07,2244.93,2220.0,2221.85,69021.4307
2024-01-04 08:00:00,2221.85,2230.71,2205.0,2228.14,61027.0652
2024-01-04 12:00:00,2228.13,2285.99,2222.7,2276.87,113391.0443
2024-01-04 16:00:00,2276.88,2294.08,2259.1,2274.27,91424.2633
2024-01-04 20:00:00,2274.27,2294.69,2261.57,2267.11,54649.4445
2024-01-05 00:00:00,2267.11,2274.76,2212.0,2242.28,76882.3448
2024-01-05 04:00:00,2242.29,2265.72,2234.3,2252.75,58488.1076
2024-01-05 08:00:00,2252.75,2269.0,2233.23,2241.97,69688.8831
2024-01-05 12:00:00,2241.97,2253.64,2218.0,2224.99,87112.2909
2024-01-05 16:00:00,2225.0,2240.67,2206.17,2234.26,56104.9998
2024-01-05 20:00:00,2234.26,2277.21,2234.18,2268.78,57291.3744
2024-01-06 00:00:00,2268.78,2270.0,2250.4,2252.99,29406.1886
2024-01-06 04:00:00,2253.0,2255.66,2216.4,2233.12,50658.6262
2024-01-06 08:00:00,2233.13,2240.0,2228.58,2238.67,27814.5757
2024-01-06 12:00:00,2238.67,2248.32,2228.37,2246.4,41078.7707
2024-01-06 16:00:00,2246.41,2254.77,2237.5,2244.63,22234.5726
2024-01-06 20:00:00,2244.64,2247.5,2230.62,2240.78,22875.1318
2024-01-07 00:00:00,2240.77,2254.03,2235.58,2242.2,27632.6356
2024-01-07 04:00:00,2242.19,2251.44,2241.0,2249.15,21360.1339
2024-01-07 08:00:00,2249.15,2253.0,2230.26,2237.04,29108.3733
2024-01-07 12:00:00,2237.05,2258.01,2222.46,2230.83,49500.438
2024-01-07 16:00:00,2230.83,2249.98,2221.0,2248.6,30625.9852
2024-01-07 20:00:00,2248.6,2251.27,2203.46,2221.42,48911.1267
2024-01-08 00:00:00,2221.42,2224.41,2166.38,2190.87,90216.8028
2024-01-08 04:00:00,2190.88,2230.0,2188.0,2224.08,62506.4396
2024-01-08 08:00:00,2224.07,2242.0,2204.47,2240.61,56230.0287
2024-01-08 12:00:00,2240.61,2283.02,2239.81,2269.59,113126.5618
2024-01-08 16:00:00,2269.59,2358.2,2259.39,2354.56,159339.9284
2024-01-08 20:00:00,2354.57,2357.79,2325.36,2330.44,57987.7934
2024-01-09 00:00:00,2330.43,2336.7,2289.98,2309.13,71375.7143
2024-01-09 04:00:00,2309.12,2319.01,2297.26,2306.05,34995.7766
2024-01-09 08:00:00,2306.05,2311.3,2285.4,2298.76,45679.4185
2024-01-09 12:00:00,2298.77,2304.21,2226.78,2257.18,111002.1449
2024-01-09 16:00:00,2257.18,2278.03,2243.41,2270.91,54245.3963
2024-01-09 20:00:00,2270.91,2371.72,2247.72,2344.29,234156.5425
2024-01-10 00:00:00,2344.3,2400.53,2339.59,2361.51,131181.1198
2024-01-10 04:00:00,2361.5,2393.22,2358.0,2368.75,74187.4767
2024-01-10 08:00:00,2368.75,2431.0,2362.64,2402.21,135704.7135
2024-01-10 12:00:00,2402.21,2456.0,2342.0,2449.3,208501.6899
2024-01-10 16:00:00,2449.3,2481.59,2400.71,2477.9,151178.7396
2024-01-10 20:00:00,2477.9,2643.1,2411.0,2584.38,337634.9265
2024-01-11 00:00:00,2584.37,2614.76,2566.01,2613.01,123879.4331
2024-01-11 04:00:00,2613.0,2630.0,2573.01,2589.15,125604.3082
2024-01-11 08:00:00,2589.15,2665.74,2586.66,2657.9,107315.6155
2024-01-11 12:00:00,2657.89,2689.39,2593.6,2613.19,266549.6639
2024-01-11 16:00:00,2613.19,2625.13,2570.0,2622.07,142383.1743
2024-01-11 20:00:00,2622.07,2632.28,2587.48,2618.01,72980.0627
2024-01-12 00:00:00,2618.01,2624.29,2580.0,2589.81,59022.5645
2024-01-12 04:00:00,2589.81,2626.43,2585.62,2595.73,77766.0906
2024-01-12 08:00:00,2595.72,2667.99,2584.11,2647.59,117234.1929
2024-01-12 12:00:00,2647.58,2717.32,2634.0,2647.02,240727.7862
2024-01-12 16:00:00,2647.02,2688.83,2560.71,2584.43,205091.027
2024-01-12 20:00:00,2584.44,2598.2,2458.0,2522.54,187616.1015
2024-01-13 00:00:00,2522.55,2557.15,2497.5,2548.53,110026.1804
2024-01-13 04:00:00,2548.53,2561.68,2539.2,2550.99,48963.4871
2024-01-13 08:00:00,2550.99,2560.55,2521.18,2542.5,69772.9872
2024-01-13 12:00:00,2542.5,2566.19,2531.15,2563.83,68807.0084
2024-01-13 16:00:00,2563.83,2580.0,2550.0,2571.91,85176.9231
2024-01-13 20:00:00,2571.91,2590.0,2562.8,2578.19,39314.6458
2024-01-14 00:00:00,2578.18,2578.69,2549.72,2550.99,47916.0221
2024-01-14 04:00:00,2551.0,2555.88,2541.8,2550.83,50188.6072
2024-01-14 08:00:00,2550.84,2553.8,2534.58,2538.0,34210.4543
2024-01-14 12:00:00,2538.01,2546.58,2524.39,2537.68,40228.5753
2024-01-14 16:00:00,2537.68,2543.97,2500.0,2501.0,51466.1801
2024-01-14 20:00:00,2500.99,2531.93,2470.0,2472.87,82197.9073
2024-01-15 00:00:00,2472.87,2513.91,2470.92,2503.32,94132.6456
2024-01-15 04:00:00,2503.32,2521.0,2502.97,2513.29,31632.2618
2024-01-15 08:00:00,2513.29,2542.86,2506.88,2539.35,37060.7093
2024-01-15 12:00:00,2539.36,2549.02,2505.8,2514.49,71124.084
2024-01-15 16:00:00,2514.49,2553.82,2514.05,2534.7,49430.7011
2024-01-15 20:00:00,2534.69,2539.38,2500.33,2511.78,31867.4801
2024-01-16 00:00:00,2511.79,2538.23,2505.0,2537.6,38349.9318
2024-01-16 04:00:00,2537.6,2542.14,2522.3,2528.26,35810.3588
2024-01-16 08:00:00,2528.25,2549.38,2521.98,2530.77,53355.1576
2024-01-16 12:00:00,2530.78,2570.79,2500.05,2559.44,109503.6633
2024-01-16 16:00:00,2559.44,2579.62,2548.63,2574.06,70677.2296
2024-01-16 20:00:00,2574.06,2614.43,2571.79,2587.4,73381.2836
2024-01-17 00:00:00,2587.41,2592.97,2571.17,2571.43,48038.2175
2024-01-17 04:00:00,2571.43,2575.57,2551.81,2552.52,45563.8461
2024-01-17 08:00:00,2552.53,2554.06,2534.4,2542.85,54881.3893
2024-01-17 12:00:00,2542.86,2574.75,2532.67,2539.46,108148.7638
2024-01-17 16:00:00,2539.47,2544.75,2517.22,2533.29,63038.6412
2024-01-17 20:00:00,2533.29,2544.81,2506.75,2530.19,46610.4898
2024-01-18 00:00:00,2530.2,2533.44,2510.03,2529.94,43878.1518
2024-01-18 04:00:00,2529.95,2540.69,2524.72,2538.99,55578.4053
2024-01-18 08:00:00,2538.99,2550.0,2514.04,2522.41,71641.1117
2024-01-18 12:00:00,2522.42,2535.27,2503.77,2525.64,58661.4467
2024-01-18 16:00:00,2525.65,2526.15,2430.0,2439.5,147653.6733
2024-01-18 20:00:00,2439.5,2472.86,2428.56,2470.81,74677.3186
2024-01-19 00:00:00,2470.81,2474.59,2443.13,2460.4,56987.9341
2024-01-19 04:00:00,2460.4,2474.82,2456.63,2465.51,39586.0535
2024-01-19 08:00:00,2465.5,2496.62,2460.44,2488.97,49510.6618
2024-01-19 12:00:00,2488.98,2499.87,2460.37,2462.98,75418.5116
2024-01-19 16:00:00,2462.98,2504.0,2415.2,2493.37,160809.6453
2024-01-19 20:00:00,2493.37,2504.2,2481.0,2492.0,41896.1966
2024-01-20 00:00:00,2491.99,2492.0,2475.0,2481.22,27693.8609
2024-01-20 04:00:00,2481.22,2486.27,2475.29,2478.47,17455.254
2024-01-20 08:00:00,2478.48,2480.07,2463.31,2470.59,26271.5669
2024-01-20 12:00:00,2470.58,2475.91,2458.33,2463.83,24490.7953
2024-01-20 16:00:00,2463.83,2467.81,2454.2,2461.52,20922.7838
2024-01-20 20:00:00,2461.52,2474.88,2460.2,2472.01,19786.6968
2024-01-21 00:00:00,2472.02,2481.0,2465.0,2475.42,19309.4476
2024-01-21 04:00:00,2475.43,2476.07,2466.64,2476.06,13416.8352
2024-01-21 08:00:00,2476.06,2482.18,2471.98,2473.65,19343.1192
2024-01-21 12:00:00,2473.65,2481.05,2464.08,2468.01,30747.8267
2024-01-21 16:00:00,2468.01,2478.49,2464.16,2474.26,18074.1371
2024-01-21 20:00:00,2474.27,2475.4,2452.13,2457.05,21680.8029
2024-01-22 00:00:00,2457.06,2466.1,2424.0,2437.56,51796.1991
2024-01-22 04:00:00,2437.56,2438.69,2402.5,2420.8,69828.4902
2024-01-22 08:00:00,2420.8,2420.8,2361.6,2381.34,112462.0915
2024-01-22 12:00:00,2381.34,2404.97,2353.61,2379.61,100569.7707
2024-01-22 16:00:00,2379.6,2385.08,2305.27,2321.87,110415.0315
2024-01-22 20:00:00,2321.88,2351.53,2303.59,2314.2,81266.0662
2024-01-23 00:00:00,2314.19,2342.95,2312.67,2339.16,50633.3738
2024-01-23 04:00:00,2339.16,2352.23,2316.12,2323.49,64102.031
2024-01-23 08:00:00,2323.49,2326.83,2203.11,2218.14,207719.5356
2024-01-23 12:00:00,2218.14,2232.98,2168.07,2219.39,186789.2874
2024-01-23 16:00:00,2219.39,2232.01,2181.0,2185.7,116348.04
2024-01-23 20:00:00,2185.69,2248.21,2183.04,2242.6,74513.0636
2024-01-24 00:00:00,2242.6,2255.66,2211.64,2213.45,74939.3684
2024-01-24 04:00:00,2213.46,2244.98,2213.15,2234.51,42061.0474
2024-01-24 08:00:00,2234.5,2264.6,2229.0,2244.16,55886.0094
2024-01-24 12:00:00,2244.16,2248.19,2218.3,2234.88,72666.9549
2024-01-24 16:00:00,2234.89,2244.52,2203.32,2213.13,62095.218
2024-01-24 20:00:00,2213.13,2239.8,2196.12,2235.02,52202.5515
2024-01-25 00:00:00,2235.02,2239.6,2206.32,2216.88,37868.1415
2024-01-25 04:00:00,2216.88,2227.71,2203.37,2227.64,29131.2277
2024-01-25 08:00:00,2227.64,2242.89,2216.75,2231.59,51727.1268
2024-01-25 12:00:00,2231.59,2234.2,2181.91,2188.0,77392.8943
2024-01-25 16:00:00,2188.0,2224.55,2171.3,2218.21,89742.5797
2024-01-25 20:00:00,2218.22,2231.65,2212.23,2218.64,44564.6361
2024-01-26 00:00:00,2218.64,2237.8,2211.12,2223.42,35294.6491
2024-01-26 04:00:00,2223.41,2229.6,2195.84,2197.47,46685.7379
2024-01-26 08:00:00,2197.46,2260.66,2195.99,2254.02,93994.3241
2024-01-26 12:00:00,2254.02,2265.19,2234.46,2257.9,71448.4567
2024-01-26 16:00:00,2257.89,2282.36,2251.07,2258.51,83899.1179
2024-01-26 20:00:00,2258.51,2272.0,2252.49,2267.68,32244.1398
2024-01-27 00:00:00,2267.67,2282.94,2265.23,2274.13,29021.002
2024-01-27 04:00:00,2274.13,2276.56,2253.41,2258.45,23564.103
2024-01-27 08:00:00,2258.45,2271.49,2251.4,2265.48,26251.635
2024-01-27 12:00:00,2265.48,2275.1,2262.13,2270.18,20075.0044
2024-01-27 16:00:00,2270.18,2277.49,2261.35,2272.69,20371.0644
2024-01-27 20:00:00,2272.7,2275.69,2261.47,2267.94,25826.5748
2024-01-28 00:00:00,2267.94,2289.0,2263.0,2287.17,33602.0418
2024-01-28 04:00:00,2287.17,2308.24,2281.81,2282.92,41971.8164
2024-01-28 08:00:00,2282.91,2301.41,2276.97,2281.08,38463.3915
2024-01-28 12:00:00,2281.08,2286.08,2261.91,2270.17,36587.2898
2024-01-28 16:00:00,2270.17,2276.0,2245.03,2253.89,31196.0233
2024-01-28 20:00:00,2253.88,2266.41,2239.89,2256.9,27506.3459
2024-01-29 00:00:00,2256.9,2278.19,2250.57,2272.11,32243.9103
2024-01-29 04:00:00,2272.11,2274.23,2258.28,2259.4,26255.5557
2024-01-29 08:00:00,2259.39,2277.0,2253.98,2264.17,35480.6721
2024-01-29 12:00:00,2264.17,2275.93,2233.8,2275.8,65353.6979
2024-01-29 16:00:00,2275.81,2315.45,2265.54,2293.46,104403.977
2024-01-29 20:00:00,2293.46,2322.34,2292.21,2317.6,41790.2646
2024-01-30 00:00:00,2317.61,2327.97,2304.0,2311.4,47782.9934
2024-01-30 04:00:00,2311.4,2314.69,2301.0,2309.29,33422.5483
2024-01-30 08:00:00,2309.3,2318.22,2302.82,2314.01,31528.5593
2024-01-30 12:00:00,2314.0,2347.55,2297.0,2340.91,105850.5005
2024-01-30 16:00:00,2340.91,2381.0,2335.73,2374.93,102121.7792
2024-01-30 20:00:00,2374.93,2391.98,2337.06,2343.01,52173.1984
2024-01-31 00:00:00,2343.0,2351.6,2327.27,2342.91,52908.7697
2024-01-31 04:00:00,2342.9,2344.55,2330.0,2340.84,33082.3567
2024-01-31 08:00:00,2340.84,2343.52,2280.77,2300.18,80945.5262
2024-01-31 12:00:00,2300.18,2333.0,2291.69,2329.42,75344.0954
2024-01-31 16:00:00,2329.42,2350.3,2309.51,2323.38,84379.6531
2024-01-31 20:00:00,2323.39,2324.67,2263.57,2283.14,70455.7848
2024-02-01 00:00:00,2283.15,2289.6,2240.0,2257.21,68099.1604
2024-02-01 04:00:00,2257.2,2277.78,2251.91,2271.96,48678.6864
2024-02-01 08:00:00,2271.95,2278.12,2265.2,2266.66,33862.5597
2024-02-01 12:00:00,2266.67,2308.45,2263.2,2288.88,71094.1048
2024-02-01 16:00:00,2288.89,2311.72,2267.54,2304.79,61350.694
2024-02-01 20:00:00,2304.79,2309.78,2287.0,2304.28,27912.2485
2024-02-02 00:00:00,2304.28,2320.48,2298.54,2301.66,33767.1517
2024-02-02 04:00:00,2301.66,2319.81,2296.87,2313.73,40604.8215
2024-02-02 08:00:00,2313.73,2319.37,2305.01,2318.36,30964.7091
2024-02-02 12:00:00,2318.36,2324.74,2281.94,2313.99,68104.1247
2024-02-02 16:00:00,2314.0,2323.88,2286.69,2301.41,46415.986
2024-02-02 20:00:00,2301.42,2310.0,2295.05,2309.06,18373.718
2024-02-03 00:00:00,2309.07,2329.98,2306.75,2321.45,33042.1771
2024-02-03 04:00:00,2321.45,2325.28,2313.46,2314.39,16058.75
2024-02-03 08:00:00,2314.38,2316.39,2300.24,2303.89,19307.6667
2024-02-03 12:00:00,2303.88,2309.65,2292.75,2303.64,23197.0303
2024-02-03 16:00:00,2303.65,2313.88,2297.0,2303.46,26479.7836
2024-02-03 20:00:00,2303.45,2305.69,2293.83,2296.49,15147.4373
2024-02-04 00:00:00,2296.5,2306.53,2291.0,2302.96,15488.8829
2024-02-04 04:00:00,2302.97,2303.61,2287.0,2290.78,22543.3432
2024-02-04 08:00:00,2290.79,2309.99,2286.71,2305.62,21035.5712
2024-02-04 12:00:00,2305.62,2309.66,2297.46,2301.68,23055.0468
2024-02-04 16:00:00,2301.67,2308.48,2266.0,2279.65,41928.864
2024-02-04 20:00:00,2279.64,2311.0,2273.73,2289.79,47180.3363
2024-02-05 00:00:00,2289.79,2297.77,2269.11,2296.27,30890.8697
2024-02-05 04:00:00,2296.28,2312.32,2289.45,2310.17,29353.0217
2024-02-05 08:00:00,2310.18,2332.9,2310.17,2329.62,47957.6175
2024-02-05 12:00:00,2329.63,2338.41,2294.21,2298.71,53343.5684
2024-02-05 16:00:00,2298.72,2312.56,2291.0,2304.48,40164.2658
2024-02-05 20:00:00,2304.49,2305.99,2283.63,2301.83,34901.0689
2024-02-06 00:00:00,2301.84,2329.78,2299.0,2316.85,36531.3539
2024-02-06 04:00:00,2316.85,2327.86,2308.19,2327.16,44988.0828
2024-02-06 08:00:00,2327.16,2344.0,2316.9,2325.49,73698.1125
2024-02-06 12:00:00,2325.49,2349.0,2311.9,2343.74,79240.6473
2024-02-06 16:00:00,2343.73,2379.95,2340.37,2379.12,75091.5387
2024-02-06 20:00:00,2379.13,2392.4,2371.91,2372.64,59393.0146
2024-02-07 00:00:00,2372.63,2390.66,2363.0,2364.75,41317.0464
2024-02-07 04:00:00,2364.75,2368.76,2357.06,2362.92,33767.0711
2024-02-07 08:00:00,2362.91,2377.42,2354.0,2361.66,39126.261
2024-02-07 12:00:00,2361.67,2385.45,2361.0,2369.66,59497.1401
2024-02-07 16:00:00,2369.66,2425.46,2368.85,2419.96,101426.198
2024-02-07 20:00:00,2419.97,2444.44,2419.96,2425.1,67657.9847
2024-02-08 00:00:00,2425.09,2444.39,2423.94,2433.48,53661.7238
2024-02-08 04:00:00,2433.48,2435.32,2411.01,2421.21,37536.9421
2024-02-08 08:00:00,2421.2,2429.58,2416.06,2425.3,36635.157
2024-02-08 12:00:00,2425.29,2463.15,2416.63,2453.88,95794.0957
2024-02-08 16:00:00,2453.88,2455.69,2413.44,2421.53,78026.8601
2024-02-08 20:00:00,2421.54,2434.23,2418.49,2419.55,36385.2752
2024-02-09 00:00:00,2419.56,2466.0,2419.16,2448.67,61649.8305
2024-02-09 04:00:00,2448.67,2463.99,2440.19,2453.61,51527.0778
2024-02-09 08:00:00,2453.6,2507.4,2453.37,2503.2,93081.9973
2024-02-09 12:00:00,2503.19,2525.0,2476.57,2495.33,146517.4401
2024-02-09 16:00:00,2495.33,2523.66,2478.07,2485.96,96732.6886
2024-02-09 20:00:00,2485.96,2506.64,2483.89,2486.56,42875.3507
2024-02-10 00:00:00,2486.56,2514.8,2483.09,2512.21,29699.4745
2024-02-10 04:00:00,2512.21,2516.0,2494.49,2495.21,22753.0451
2024-02-10 08:00:00,2495.21,2498.74,2471.57,2483.1,39453.8054
2024-02-10 12:00:00,2483.11,2496.97,2480.76,2490.45,28535.3108
2024-02-10 16:00:00,2490.45,2497.51,2483.4,2497.51,21758.4841
2024-02-10 20:00:00,2497.51,2516.45,2492.21,2500.24,42899.4701
2024-02-11 00:00:00,2500.24,2529.02,2493.8,2529.02,45682.9934
2024-02-11 04:00:00,2529.02,2537.58,2514.76,2527.52,41606.5955
2024-02-11 08:00:00,2527.53,2539.63,2511.79,2531.28,35472.7823
2024-02-11 12:00:00,2531.29,2532.31,2505.0,2508.94,36711.6375
2024-02-11 16:00:00,2508.94,2520.58,2496.8,2507.73,33492.446
2024-02-11 20:00:00,2507.74,2514.31,2493.45,2507.21,27008.6924
2024-02-12 00:00:00,2507.22,2525.0,2493.01,2500.12,42358.2185
2024-02-12 04:00:00,2500.13,2504.34,2481.05,2501.71,28980.3075
2024-02-12 08:00:00,2501.7,2505.5,2472.0,2488.16,37628.5861
2024-02-12 12:00:00,2488.16,2563.17,2481.08,2557.87,103323.9498
2024-02-12 16:00:00,2557.87,2638.91,2536.63,2610.25,159218.3706
2024-02-12 20:00:00,2610.25,2665.58,2610.24,2659.99,77992.3435
2024-02-13 00:00:00,2659.99,2686.0,2635.96,2640.47,78634.0703
2024-02-13 04:00:00,2640.46,2654.38,2638.0,2648.64,45975.4913
2024-02-13 08:00:00,2648.64,2686.06,2647.07,2681.75,72813.2591
2024-02-13 12:00:00,2681.75,2686.12,2590.0,2630.99,176828.6022
2024-02-13 16:00:00,2631.0,2640.29,2592.37,2611.42,82295.8043
2024-02-13 20:00:00,2611.42,2648.6,2610.8,2639.99,45900.5178
2024-02-14 00:00:00,2639.99,2644.0,2618.4,2636.88,35113.1108
2024-02-14 04:00:00,2636.89,2654.53,2620.76,2653.05,32031.9024
2024-02-14 08:00:00,2653.04,2760.0,2647.58,2755.87,170408.392
2024-02-14 12:00:00,2755.86,2772.28,2730.32,2749.4,108875.4562
2024-02-14 16:00:00,2749.4,2766.5,2726.54,2761.8,71444.7686
2024-02-14 20:00:00,2761.8,2786.0,2754.89,2774.81,43797.0644
2024-02-15 00:00:00,2774.8,2825.75,2771.61,2801.39,96484.3047
2024-02-15 04:00:00,2801.39,2802.33,2759.25,2772.33,53929.1635
2024-02-15 08:00:00,2772.32,2801.97,2768.34,2793.21,47946.4747
2024-02-15 12:00:00,2793.22,2867.65,2775.91,2826.27,154814.1094
2024-02-15 16:00:00,2826.27,2841.44,2802.49,2834.13,72752.9189
2024-02-15 20:00:00,2834.13,2845.59,2786.2,2822.59,55762.2162
2024-02-16 00:00:00,2822.58,2857.4,2820.35,2846.18,54911.1123
2024-02-16 04:00:00,2846.18,2852.4,2811.75,2815.05,47742.241
2024-02-16 08:00:00,2815.05,2835.4,2794.31,2823.59,61565.7137
2024-02-16 12:00:00,2823.6,2847.22,2740.0,2776.01,123265.8598
2024-02-16 16:00:00,2776.01,2807.39,2756.75,2762.91,63579.0384
2024-02-16 20:00:00,2762.92,2810.0,2758.45,2801.8,27006.8385
2024-02-17 00:00:00,2801.81,2804.21,2777.64,2793.4,25515.1071
2024-02-17 04:00:00,2793.39,2798.51,2778.99,2795.57,27088.0962
2024-02-17 08:00:00,2795.56,2795.57,2765.22,2780.57,40578.7452
2024-02-17 12:00:00,2780.58,2786.96,2719.01,2754.33,82979.8313
2024-02-17 16:00:00,2754.33,2776.74,2742.73,2774.31,36486.165
2024-02-17 20:00:00,2774.32,2801.16,2771.49,2785.93,30654.9311
2024-02-18 00:00:00,2785.92,2797.4,2764.25,2781.68,52629.066
2024-02-18 04:00:00,2781.69,2806.99,2778.9,2801.0,54935.9695
2024-02-18 08:00:00,2801.0,2822.93,2796.66,2803.4,48407.202
2024-02-18 12:00:00,2803.4,2813.2,2785.89,2807.49,50249.4761
2024-02-18 16:00:00,2807.49,2844.5,2794.33,2827.86,56713.9124
2024-02-18 20:00:00,2827.86,2895.0,2817.09,2881.2,105052.2573
2024-02-19 00:00:00,2881.2,2893.0,2856.93,2886.78,54302.8822
2024-02-19 04:00:00,2886.79,2931.0,2880.84,2926.38,83869.8806
2024-02-19 08:00:00,2926.38,2928.36,2892.25,2913.2,60928.007
2024-02-19 12:00:00,2913.2,2919.79,2886.03,2908.93,60519.2607
2024-02-19 16:00:00,2908.93,2953.84,2887.29,2934.03,107377.9313
2024-02-19 20:00:00,2934.04,2984.52,2927.0,2944.8,79453.0783
2024-02-20 00:00:00,2944.8,2955.56,2903.31,2907.0,71050.264
2024-02-20 04:00:00,2907.0,2935.38,2902.38,2921.78,43204.184
2024-02-20 08:00:00,2921.78,2941.0,2874.56,2935.31,91806.162
2024-02-20 12:00:00,2935.3,3004.6,2900.0,2925.09,231505.7114
2024-02-20 16:00:00,2925.08,2987.0,2885.47,2985.98,109550.4288
2024-02-20 20:00:00,2985.98,3033.09,2966.23,3014.81,87564.9969
2024-02-21 00:00:00,3014.81,3017.15,2988.6,3005.14,60621.901
2024-02-21 04:00:00,3005.15,3010.0,2921.9,2940.54,93330.3468
2024-02-21 08:00:00,2940.54,2956.84,2887.23,2899.1,119570.0275
2024-02-21 12:00:00,2899.11,2928.31,2868.0,2914.81,149314.7272
2024-02-21 16:00:00,2914.81,2938.0,2886.0,2913.0,92144.8947
2024-02-21 20:00:00,2912.99,2980.0,2897.46,2967.9,80973.1061
2024-02-22 00:00:00,2967.91,2968.59,2906.51,2935.51,66660.5836
2024-02-22 04:00:00,2935.52,2998.0,2920.98,2993.79,107720.5121
2024-02-22 08:00:00,2993.79,3032.86,2971.0,2990.8,121730.7802
2024-02-22 12:00:00,2990.8,3005.0,2929.39,2986.95,117091.3468
2024-02-22 16:00:00,2986.95,3002.8,2960.93,2987.96,63631.0122
2024-02-22 20:00:00,2987.96,3036.02,2969.35,2971.4,86691.7587
2024-02-23 00:00:00,2971.4,2993.8,2932.81,2955.95,69733.6425
2024-02-23 04:00:00,2955.95,2967.89,2923.26,2933.62,64531.3777
2024-02-23 08:00:00,2933.61,2948.65,2913.3,2943.63,67902.8897
2024-02-23 12:00:00,2943.63,2962.77,2913.26,2916.07,102400.6433
2024-02-23 16:00:00,2916.06,2951.7,2906.05,2945.99,73339.4494
2024-02-23 20:00:00,2946.0,2953.98,2906.87,2922.24,50918.5761
2024-02-24 00:00:00,2922.25,2937.31,2906.4,2930.19,33518.2444
2024-02-24 04:00:00,2930.2,2965.55,2929.5,2964.07,66934.9875
2024-02-24 08:00:00,2964.07,2966.53,2948.21,2961.53,29162.5517
2024-02-24 12:00:00,2961.53,2968.9,2953.43,2955.47,27172.7014
2024-02-24 16:00:00,2955.47,3007.48,2955.47,2987.1,59623.5309
2024-02-24 20:00:00,2987.1,2995.9,2979.04,2992.62,27442.0624
2024-02-25 00:00:00,2992.62,3049.0,2983.61,3025.17,75215.5646
2024-02-25 04:00:00,3025.18,3048.0,3012.68,3029.99,61190.7683
2024-02-25 08:00:00,3030.0,3040.93,3010.49,3040.36,55328.0105
2024-02-25 12:00:00,3040.36,3074.03,3025.84,3043.62,76231.989
2024-02-25 16:00:00,3043.61,3088.0,3027.88,3081.6,61607.2026
2024-02-25 20:00:00,3081.6,3122.0,3081.42,3112.59,82732.6887
2024-02-26 00:00:00,3112.6,3135.65,3085.81,3107.8,65663.7413
2024-02-26 04:00:00,3107.81,3115.4,3086.1,3087.19,48676.8165
2024-02-26 08:00:00,3087.19,3102.84,3036.59,3057.42,119474.191
2024-02-26 12:00:00,3057.41,3145.95,3038.0,3145.6,110163.5896
2024-02-26 16:00:00,3145.59,3182.98,3120.0,3179.12,138015.9044
2024-02-26 20:00:00,3179.11,3196.0,3165.51,3175.94,64728.5319
2024-02-27 00:00:00,3175.95,3270.0,3160.02,3216.56,170143.5954
2024-02-27 04:00:00,3216.55,3239.01,3202.37,3217.5,109812.2489
2024-02-27 08:00:00,3217.51,3269.0,3216.61,3254.89,81830.9854
2024-02-27 12:00:00,3254.9,3288.14,3219.9,3229.78,128765.4566
2024-02-27 16:00:00,3229.77,3260.38,3203.72,3250.72,87635.5391
2024-02-27 20:00:00,3250.72,3268.34,3233.82,3242.36,47751.2967
2024-02-28 00:00:00,3242.35,3258.39,3230.12,3248.82,32950.7248
2024-02-28 04:00:00,3248.83,3306.01,3244.16,3302.99,87355.3821
2024-02-28 08:00:00,3303.0,3369.8,3277.54,3296.13,166820.2697
2024-02-28 12:00:00,3296.13,3376.38,3287.07,3348.39,167845.0129
2024-02-28 16:00:00,3348.38,3488.0,3176.16,3299.12,394792.4683
2024-02-28 20:00:00,3299.13,3384.54,3253.46,3383.1,97774.9082
2024-02-29 00:00:00,3383.11,3467.77,3374.18,3407.15,134560.9615
2024-02-29 04:00:00,3407.15,3494.63,3397.95,3467.99,112911.7465
2024-02-29 08:00:00,3467.99,3522.81,3442.52,3513.87,140548.8542
2024-02-29 12:00:00,3513.88,3517.92,3445.42,3468.42,129449.6946
2024-02-29 16:00:00,3468.42,3470.6,3351.0,3403.26,144467.7712
2024-02-29 20:00:00,3403.27,3415.44,3300.0,3340.09,97759.0843
2024-03-01 00:00:00,3340.1,3388.82,3338.54,3367.79,66201.9036
2024-03-01 04:00:00,3367.78,3399.0,3364.32,3365.41,55423.9715
2024-03-01 08:00:00,3365.41,3437.08,3353.74,3410.9,91689.1515
2024-03-01 12:00:00,3410.89,3449.81,3379.6,3390.76,89813.1551
2024-03-01 16:00:00,3390.76,3435.9,3380.06,3427.73,63881.7445
2024-03-01 20:00:00,3427.73,3450.0,3421.28,3433.43,45778.6511
2024-03-02 00:00:00,3433.42,3460.04,3424.71,3442.34,53603.9715
2024-03-02 04:00:00,3442.33,3452.76,3390.01,3430.25,73960.5478
2024-03-02 08:00:00,3430.26,3435.68,3391.83,3403.39,46989.2405
2024-03-02 12:00:00,3403.4,3427.01,3394.47,3418.05,43485.4252
2024-03-02 16:00:00,3418.04,3431.03,3410.0,3426.19,34444.983
2024-03-02 20:00:00,3426.2,3431.31,3402.56,3421.4,31500.7768
2024-03-03 00:00:00,3421.39,3434.0,3409.1,3431.56,42198.1371
2024-03-03 04:00:00,3431.57,3446.23,3360.0,3392.76,76052.0366
2024-03-03 08:00:00,3392.76,3414.91,3375.0,3413.39,51813.7052
2024-03-03 12:00:00,3413.39,3447.53,3403.92,3422.5,60505.3203
2024-03-03 16:00:00,3422.5,3484.44,3418.22,3465.2,69628.9165
2024-03-03 20:00:00,3465.2,3491.8,3458.65,3487.81,41433.4153
2024-03-04 00:00:00,3487.8,3528.96,3423.78,3471.85,104241.127
2024-03-04 04:00:00,3471.84,3487.34,3456.36,3478.61,64931.4423
2024-03-04 08:00:00,3478.61,3544.14,3478.6,3506.91,130561.2393
2024-03-04 12:00:00,3506.92,3568.18,3459.03,3560.42,132120.4513
2024-03-04 16:00:00,3560.42,3610.0,3528.42,3593.01,184688.9321
2024-03-04 20:00:00,3593.0,3640.94,3558.3,3627.76,98817.4441
2024-03-05 00:00:00,3627.75,3697.2,3607.24,3689.81,115612.4894
2024-03-05 04:00:00,3689.81,3740.0,3641.5,3672.98,214653.2558
2024-03-05 08:00:00,3672.99,3742.0,3651.87,3731.45,96557.8615
2024-03-05 12:00:00,3731.46,3822.04,3730.8,3783.01,232303.136
2024-03-05 16:00:00,3783.0,3796.07,3200.0,3376.46,421444.8851
2024-03-05 20:00:00,3376.46,3580.6,3324.68,3553.65,312333.2362
2024-03-06 00:00:00,3553.66,3591.23,3499.4,3538.01,115820.7803
2024-03-06 04:00:00,3538.01,3789.77,3536.2,3786.6,230737.8482
2024-03-06 08:00:00,3786.61,3899.47,3778.6,3879.74,201051.8756
2024-03-06 12:00:00,3879.74,3900.0,3724.0,3790.94,234039.7964
2024-03-06 16:00:00,3790.95,3880.0,3764.25,3852.59,107005.7888
2024-03-06 20:00:00,3852.59,3892.58,3792.7,3818.59,80838.6207
2024-03-07 00:00:00,3818.58,3852.69,3764.21,3775.18,101621.8497
2024-03-07 04:00:00,3775.18,3803.36,3735.0,3789.22,71852.4759
2024-03-07 08:00:00,3789.23,3814.92,3770.36,3787.58,73348.2997
2024-03-07 12:00:00,3787.58,3855.23,3765.12,3837.16,112772.69
2024-03-07 16:00:00,3837.17,3883.77,3812.44,3870.19,78329.5525
2024-03-07 20:00:00,3870.19,3933.81,3840.0,3868.76,102855.8072
2024-03-08 00:00:00,3868.76,3940.6,3863.56,3900.85,77725.9157
2024-03-08 04:00:00,3900.85,3946.57,3880.0,3908.16,64744.9491
2024-03-08 08:00:00,3908.16,3954.98,3908.15,3950.46,79443.9638
2024-03-08 12:00:00,3950.46,3993.75,3886.0,3900.75,172241.1434
2024-03-08 16:00:00,3900.76,3978.49,3820.0,3928.82,174005.1197
2024-03-08 20:00:00,3928.82,3950.85,3871.28,3883.36,78238.1672
2024-03-09 00:00:00,3883.37,3929.0,3877.5,3923.21,42981.501
2024-03-09 04:00:00,3923.22,3942.0,3912.05,3925.47,36331.8334
2024-03-09 08:00:00,3925.46,3936.0,3887.99,3912.49,47849.7238
2024-03-09 12:00:00,3912.5,3927.05,3901.62,3916.66,40208.5626
2024-03-09 16:00:00,3916.66,3920.22,3870.01,3881.18,57453.4371
2024-03-09 20:00:00,3881.18,3912.68,3881.17,3905.21,30014.0807
2024-03-10 00:00:00,3905.2,3940.1,3899.51,3935.0,51918.0288
2024-03-10 04:00:00,3935.01,3950.0,3929.79,3944.82,38704.7462
2024-03-10 08:00:00,3944.81,3964.67,3920.02,3932.72,60457.1563
2024-03-10 12:00:00,3932.72,3947.18,3860.65,3883.69,85475.6879
2024-03-10 16:00:00,3883.7,3927.05,3882.06,3898.0,48450.6237
2024-03-10 20:00:00,3898.01,3903.89,3791.26,3878.47,71658.4371
2024-03-11 00:00:00,3878.47,3888.38,3722.95,3866.93,104660.8458
2024-03-11 04:00:00,3866.92,4011.79,3834.22,4001.4,158741.3444
2024-03-11 08:00:00,4001.4,4054.6,3986.86,4034.25,166787.8858
2024-03-11 12:00:00,4034.25,4065.8,4017.0,4018.0,128794.4803
2024-03-11 16:00:00,4018.01,4086.23,3998.92,4031.71,107913.564
2024-03-11 20:00:00,4031.7,4082.0,4027.92,4064.8,54656.3936
2024-03-12 00:00:00,4064.8,4093.92,4021.19,4028.69,82355.2843
2024-03-12 04:00:00,4028.69,4052.4,4000.02,4027.13,62019.6953
2024-03-12 08:00:00,4027.13,4065.0,3965.0,4020.83,83842.3936
2024-03-12 12:00:00,4020.84,4053.8,3950.0,3988.46,146976.2191
2024-03-12 16:00:00,3988.46,3991.62,3828.98,3980.23,199020.7718
2024-03-12 20:00:00,3980.23,3980.56,3927.18,3979.96,58573.03
2024-03-13 00:00:00,3979.97,4045.86,3973.53,4043.78,64974.9648
2024-03-13 04:00:00,4043.78,4078.38,4029.1,4038.36,70118.1647
2024-03-13 08:00:00,4038.36,4083.0,4038.09,4048.9,71500.9906
2024-03-13 12:00:00,4048.91,4053.0,3932.23,3962.8,148148.3053
2024-03-13 16:00:00,3962.8,4011.06,3952.23,4000.44,70578.3149
2024-03-13 20:00:00,4000.44,4021.0,3974.62,4004.79,56985.0363
2024-03-14 00:00:00,4004.79,4010.98,3955.0,3993.77,59083.0005
2024-03-14 04:00:00,3993.77,4005.69,3940.64,3963.46,64515.6419
2024-03-14 08:00:00,3963.45,3997.7,3943.12,3955.04,59789.1681
2024-03-14 12:00:00,3955.04,3967.4,3820.2,3845.81,180384.2757
2024-03-14 16:00:00,3845.81,3896.02,3723.0,3785.89,184658.1893
2024-03-14 20:00:00,3785.89,3892.0,3780.79,3881.7,99807.249
2024-03-15 00:00:00,3881.69,3934.02,3623.0,3722.2,208926.9893
2024-03-15 04:00:00,3722.2,3779.92,3656.49,3754.12,174978.3857
2024-03-15 08:00:00,3754.12,3761.65,3570.0,3689.33,231263.8534
2024-03-15 12:00:00,3689.33,3742.0,3670.77,3688.9,116561.5186
2024-03-15 16:00:00,3688.89,3806.62,3659.01,3689.54,128183.8655
2024-03-15 20:00:00,3689.53,3749.93,3606.65,3742.19,87622.7946
2024-03-16 00:00:00,3742.19,3781.12,3722.41,3735.52,73363.2961
2024-03-16 04:00:00,3735.52,3743.6,3690.18,3740.19,50218.9677
2024-03-16 08:00:00,3740.2,3741.1,3661.83,3692.29,62013.0313
2024-03-16 12:00:00,3692.29,3711.37,3637.73,3679.55,92942.0765
2024-03-16 16:00:00,3679.54,3679.88,3570.0,3600.6,122770.3784
2024-03-16 20:00:00,3600.6,3633.8,3468.8,3523.09,146980.4069
2024-03-17 00:00:00,3523.09,3582.4,3504.95,3571.5,90384.1792
2024-03-17 04:00:00,3571.49,3572.51,3412.0,3472.72,114120.8728
2024-03-17 08:00:00,3472.72,3606.41,3460.01,3578.99,107483.9821
2024-03-17 12:00:00,3578.99,3647.15,3528.36,3628.42,95169.7591
2024-03-17 16:00:00,3628.42,3656.45,3602.43,3651.18,62380.0184
2024-03-17 20:00:00,3651.18,3678.68,3624.19,3644.71,48252.182
2024-03-18 00:00:00,3644.7,3645.02,3557.31,3600.39,82008.4412
2024-03-18 04:00:00,3600.38,3642.52,3576.9,3626.65,65470.8897
2024-03-18 08:00:00,3626.65,3627.0,3548.99,3597.82,104156.7504
2024-03-18 12:00:00,3597.83,3613.41,3486.0,3525.18,134712.3087
2024-03-18 16:00:00,3525.17,3563.86,3454.09,3478.89,129920.707
2024-03-18 20:00:00,3478.88,3548.0,3478.88,3520.46,54632.1881
2024-03-19 00:00:00,3520.47,3548.09,3362.15,3419.17,189698.6232
2024-03-19 04:00:00,3419.18,3427.8,3306.1,3360.14,146220.9547
2024-03-19 08:00:00,3360.14,3360.16,3202.84,3276.51,265410.214
2024-03-19 12:00:00,3276.51,3325.69,3223.5,3303.16,164469.5428
2024-03-19 16:00:00,3303.16,3359.8,3280.8,3333.26,129837.4242
2024-03-19 20:00:00,3333.27,3338.84,3150.88,3158.64,153992.9347
2024-03-20 00:00:00,3158.65,3266.01,3153.26,3161.02,176684.8529
2024-03-20 04:00:00,3161.02,3226.0,3056.56,3218.48,241498.0331
2024-03-20 08:00:00,3218.47,3296.72,3205.1,3293.26,137299.3104
2024-03-20 12:00:00,3293.26,3397.0,3275.35,3292.55,226068.0678
2024-03-20 16:00:00,3292.54,3405.78,3140.71,3379.01,263906.8566
2024-03-20 20:00:00,3379.0,3535.24,3370.91,3516.53,161865.6993
2024-03-21 00:00:00,3516.53,3558.99,3493.4,3510.59,109802.7426
2024-03-21 04:00:00,3510.59,3537.2,3446.47,3516.03,89965.5165
2024-03-21 08:00:00,3516.04,3587.32,3516.03,3531.18,94844.8442
2024-03-21 12:00:00,3531.18,3574.41,3478.73,3497.6,103968.4195
2024-03-21 16:00:00,3497.59,3545.99,3412.22,3441.38,131679.5015
2024-03-21 20:00:00,3441.37,3521.91,3412.0,3492.85,72494.1829
2024-03-22 00:00:00,3492.84,3527.61,3454.01,3522.01,61088.8562
2024-03-22 04:00:00,3522.0,3542.52,3500.63,3511.4,58201.2989
2024-03-22 08:00:00,3511.39,3523.8,3394.42,3405.19,68698.234
2024-03-22 12:00:00,3405.18,3425.84,3281.0,3349.31,160395.4791
2024-03-22 16:00:00,3349.3,3362.19,3289.0,3340.46,123949.364
2024-03-22 20:00:00,3340.46,3345.59,3250.0,3336.35,86515.6558
2024-03-23 00:00:00,3336.35,3362.38,3270.08,3303.56,58618.341
2024-03-23 04:00:00,3303.55,3383.8,3298.6,3365.28,42455.7546
2024-03-23 08:00:00,3365.28,3380.57,3328.34,3364.99,43508.015
2024-03-23 12:00:00,3364.98,3423.03,3343.41,3405.5,69877.3828
2024-03-23 16:00:00,3405.49,3435.48,3384.82,3386.12,45078.0352
2024-03-23 20:00:00,3386.11,3401.6,3327.28,3329.53,64138.4162
2024-03-24 00:00:00,3329.53,3368.16,3307.0,3307.62,48041.0628
2024-03-24 04:00:00,3307.63,3343.07,3298.76,3341.8,39533.9037
2024-03-24 08:00:00,3341.81,3392.72,3335.5,3387.38,36214.3205
2024-03-24 12:00:00,3387.37,3414.46,3376.73,3397.51,36265.3185
2024-03-24 16:00:00,3397.5,3409.5,3333.0,3382.5,49572.2639
2024-03-24 20:00:00,3382.49,3471.22,3375.56,3454.98,51197.2714
2024-03-25 00:00:00,3454.99,3461.17,3420.12,3454.97,42364.5167
2024-03-25 04:00:00,3454.98,3506.49,3440.8,3444.6,84573.3282
2024-03-25 08:00:00,3444.59,3472.0,3432.15,3436.19,49155.8492
2024-03-25 12:00:00,3436.2,3587.9,3430.0,3581.49,126222.948
2024-03-25 16:00:00,3581.49,3666.0,3566.2,3638.96,184776.909
2024-03-25 20:00:00,3638.96,3646.66,3566.47,3590.42,61484.1431
2024-03-26 00:00:00,3590.43,3643.71,3580.95,3623.0,118159.5628
2024-03-26 04:00:00,3623.0,3678.86,3618.4,3635.13,83621.5109
2024-03-26 08:00:00,3635.14,3670.32,3630.0,3631.6,58958.4099
2024-03-26 12:00:00,3631.61,3654.34,3545.13,3593.35,109018.2391
2024-03-26 16:00:00,3593.35,3603.55,3542.62,3560.82,88321.8786
2024-03-26 20:00:00,3560.83,3613.5,3558.15,3587.33,40934.2371
2024-03-27 00:00:00,3587.32,3627.67,3577.0,3603.11,38078.1551
2024-03-27 04:00:00,3603.1,3616.5,3560.2,3565.21,41410.5898
2024-03-27 08:00:00,3565.21,3590.84,3532.96,3585.07,55698.9769
2024-03-27 12:00:00,3585.07,3665.84,3496.15,3514.3,191134.3058
2024-03-27 16:00:00,3514.29,3531.76,3460.02,3491.18,73658.2574
2024-03-27 20:00:00,3491.18,3521.47,3485.04,3501.19,43215.0447
2024-03-28 00:00:00,3501.2,3531.47,3465.0,3496.61,98043.3592
2024-03-28 04:00:00,3496.61,3579.95,3495.79,3573.88,73489.0492
2024-03-28 08:00:00,3573.88,3595.7,3565.81,3579.73,55528.1056
2024-03-28 12:00:00,3579.74,3611.78,3552.55,3578.7,84030.442
2024-03-28 16:00:00,3578.71,3580.75,3537.48,3563.05,60508.7819
2024-03-28 20:00:00,3563.06,3580.0,3541.37,3560.49,33054.2932
2024-03-29 00:00:00,3560.49,3584.37,3550.05,3562.39,28619.8812
2024-03-29 04:00:00,3562.39,3580.8,3512.85,3519.43,58587.0884
2024-03-29 08:00:00,3519.42,3562.71,3517.15,3549.85,55857.175
2024-03-29 12:00:00,3549.86,3558.0,3481.14,3488.53,64510.6073
2024-03-29 16:00:00,3488.52,3502.36,3445.91,3500.34,60765.2112
2024-03-29 20:00:00,3500.35,3524.55,3476.01,3509.74,54746.2159
2024-03-30 00:00:00,3509.74,3521.89,3486.58,3490.0,34193.2775
2024-03-30 04:00:00,3489.99,3532.77,3487.0,3492.64,56078.6986
2024-03-30 08:00:00,3492.65,3564.0,3492.2,3560.0,43774.3565
2024-03-30 12:00:00,3559.99,3565.81,3531.0,3536.61,28666.6175
2024-03-30 16:00:00,3536.6,3547.71,3485.0,3509.02,34164.5481
2024-03-30 20:00:00,3509.02,3519.0,3494.88,3505.64,19147.7652
2024-03-31 00:00:00,3505.65,3544.07,3505.09,3537.26,25100.8785
2024-03-31 04:00:00,3537.26,3631.99,3532.42,3625.38,75942.6382
2024-03-31 08:00:00,3625.38,3632.8,3600.38,3609.2,33243.8347
2024-03-31 12:00:00,3609.2,3638.0,3606.78,3617.68,39565.1266
2024-03-31 16:00:00,3617.69,3655.32,3613.75,3638.18,41090.3708
2024-03-31 20:00:00,3638.19,3650.6,3617.8,3645.29,28522.1389
2024-04-01 00:00:00,3645.29,3645.95,3600.74,3610.42,37328.6389
2024-04-01 04:00:00,3610.41,3613.3,3500.0,3546.88,98690.7113
2024-04-01 08:00:00,3546.88,3560.17,3520.07,3537.98,44636.9281
2024-04-01 12:00:00,3537.98,3570.58,3437.23,3444.04,112748.132
2024-04-01 16:00:00,3444.04,3489.18,3413.71,3486.33,78478.2183
2024-04-01 20:00:00,3486.33,3514.88,3471.32,3503.8,36971.4939
2024-04-02 00:00:00,3503.8,3505.6,3319.2,3366.08,124255.7376
2024-04-02 04:00:00,3366.07,3388.58,3337.25,3362.9,67274.4696
2024-04-02 08:00:00,3362.89,3371.62,3276.72,3308.64,126538.5812
2024-04-02 12:00:00,3308.63,3324.26,3232.0,3240.13,151372.6183
2024-04-02 16:00:00,3240.13,3284.46,3212.0,3277.53,93534.0462
2024-04-02 20:00:00,3277.53,3305.0,3241.69,3278.96,60289.1947
2024-04-03 00:00:00,3278.96,3324.19,3202.79,3315.41,93189.2295
2024-04-03 04:00:00,3315.4,3324.6,3280.0,3305.53,49447.1277
2024-04-03 08:00:00,3305.52,3357.58,3289.97,3317.53,73863.3134
2024-04-03 12:00:00,3317.53,3363.58,3292.8,3329.2,73373.412
2024-04-03 16:00:00,3329.21,3367.4,3281.21,3314.29,64897.7138
2024-04-03 20:00:00,3314.28,3325.64,3288.39,3310.83,55713.3969
2024-04-04 00:00:00,3310.83,3333.0,3262.86,3274.37,55991.1705
2024-04-04 04:00:00,3274.38,3334.46,3250.92,3322.79,55871.5853
2024-04-04 08:00:00,3322.8,3355.48,3319.42,3340.37,32050.7649
2024-04-04 12:00:00,3340.36,3395.19,3338.95,3364.12,59348.0128
2024-04-04 16:00:00,3364.11,3443.93,3360.68,3366.09,66511.991
2024-04-04 20:00:00,3366.09,3370.3,3278.02,3327.4,86565.0471
2024-04-05 00:00:00,3327.39,3336.0,3252.8,3308.3,64808.1215
2024-04-05 04:00:00,3308.3,3319.25,3242.01,3287.61,53002.5926
2024-04-05 08:00:00,3287.6,3312.8,3236.8,3243.51,60815.6668
2024-04-05 12:00:00,3243.52,3329.54,3210.0,3326.43,104716.2205
2024-04-05 16:00:00,3326.43,3350.0,3305.1,3320.1,42565.9659
2024-04-05 20:00:00,3320.11,3344.95,3310.46,3317.85,18648.231
2024-04-06 00:00:00,3317.85,3346.39,3306.68,3331.34,28664.5342
2024-04-06 04:00:00,3331.33,3352.81,3321.13,3330.39,26715.0374
2024-04-06 08:00:00,3330.4,3351.52,3325.0,3330.67,26159.6312
2024-04-06 12:00:00,3330.67,3361.77,3313.4,3335.37,30009.2542
2024-04-06 16:00:00,3335.37,3357.54,3331.22,3349.24,25061.7582
2024-04-06 20:00:00,3349.23,3398.42,3344.0,3351.59,46701.9973
2024-04-07 00:00:00,3351.59,3413.61,3344.08,3388.41,40788.4157
2024-04-07 04:00:00,3388.4,3406.51,3374.6,3385.19,20136.9828
2024-04-07 08:00:00,3385.19,3395.19,3376.83,3390.34,21075.8618
2024-04-07 12:00:00,3390.33,3420.0,3384.71,3390.13,40776.2129
2024-04-07 16:00:00,3390.14,3412.97,3368.0,3381.39,37069.9364
2024-04-07 20:00:00,3381.38,3459.94,3378.15,3454.2,50611.6656
2024-04-08 00:00:00,3454.2,3457.27,3406.36,3423.0,33564.1278
2024-04-08 04:00:00,3422.99,3478.34,3413.22,3473.88,52807.52
2024-04-08 08:00:00,3473.88,3640.44,3469.8,3633.08,175678.6684
2024-04-08 12:00:00,3633.07,3672.11,3612.0,3629.2,115824.0414
2024-04-08 16:00:00,3629.2,3710.45,3627.16,3702.8,76989.1136
2024-04-08 20:00:00,3702.8,3730.71,3681.06,3694.61,41977.882
2024-04-09 00:00:00,3694.61,3727.34,3665.25,3692.29,60917.2209
2024-04-09 04:00:00,3692.3,3701.94,3631.0,3641.81,78663.0304
2024-04-09 08:00:00,3641.81,3646.6,3580.57,3632.85,83751.2259
2024-04-09 12:00:00,3632.85,3643.37,3478.5,3529.92,129101.6595
2024-04-09 16:00:00,3529.93,3532.96,3450.46,3517.1,65691.7243
2024-04-09 20:00:00,3517.1,3526.63,3485.82,3506.39,39467.391
2024-04-10 00:00:00,3506.4,3537.5,3465.64,3513.0,59002.792
2024-04-10 04:00:00,3513.01,3554.19,3505.98,3536.61,36766.0514
2024-04-10 08:00:00,3536.61,3540.36,3493.07,3521.32,54638.8176
2024-04-10 12:00:00,3521.33,3527.99,3411.82,3479.41,128853.4687
2024-04-10 16:00:00,3479.41,3547.49,3469.5,3521.52,73130.5015
2024-04-10 20:00:00,3521.52,3562.95,3495.58,3545.64,37013.2743
2024-04-11 00:00:00,3545.64,3576.6,3524.27,3575.84,36473.6411
2024-04-11 04:00:00,3575.84,3605.76,3553.03,3583.4,48719.2176
2024-04-11 08:00:00,3583.4,3618.3,3514.57,3522.88,69106.2264
2024-04-11 12:00:00,3522.89,3575.0,3486.31,3508.32,108947.7602
2024-04-11 16:00:00,3508.31,3522.0,3474.52,3517.7,45872.8607
2024-04-11 20:00:00,3517.71,3532.25,3490.63,3502.52,29019.8474
2024-04-12 00:00:00,3502.52,3537.93,3501.34,3534.01,31946.1988
2024-04-12 04:00:00,3534.01,3552.4,3507.95,3516.2,36378.2
2024-04-12 08:00:00,3516.2,3541.78,3508.95,3532.22,57646.7587
2024-04-12 12:00:00,3532.22,3532.48,3439.23,3440.71,93086.5997
2024-04-12 16:00:00,3440.7,3454.56,3100.0,3206.17,368390.2385
2024-04-12 20:00:00,3206.17,3256.0,3201.07,3237.43,109879.1217
2024-04-13 00:00:00,3237.42,3237.43,3141.6,3230.91,129141.3032
2024-04-13 04:00:00,3230.91,3272.31,3223.38,3257.6,71583.8293
2024-04-13 08:00:00,3257.61,3301.9,3247.4,3268.2,49728.8016
2024-04-13 12:00:00,3268.2,3296.83,3250.7,3272.39,51783.9186
2024-04-13 16:00:00,3272.4,3279.79,3017.19,3085.2,192725.8168
2024-04-13 20:00:00,3085.2,3094.88,2852.0,3007.01,500007.5659
2024-04-14 00:00:00,3007.01,3019.46,2906.73,2970.85,158831.5163
2024-04-14 04:00:00,2970.86,3102.15,2965.18,3084.2,130082.1584
2024-04-14 08:00:00,3084.19,3099.13,3008.86,3027.01,93607.7363
2024-04-14 12:00:00,3027.0,3074.07,3006.0,3055.74,113490.806
2024-04-14 16:00:00,3055.75,3101.27,2980.0,3073.62,141984.5195
2024-04-14 20:00:00,3073.63,3174.23,3047.29,3155.11,99583.7301
2024-04-15 00:00:00,3155.11,3158.62,3100.0,3146.5,78837.1145
2024-04-15 04:00:00,3146.51,3255.43,3123.0,3242.05,112167.1509
2024-04-15 08:00:00,3242.04,3277.85,3226.75,3229.64,64554.2124
2024-04-15 12:00:00,3229.64,3246.03,3102.2,3163.21,130181.8775
2024-04-15 16:00:00,3163.2,3179.4,3023.19,3100.1,161882.7144
2024-04-15 20:00:00,3100.09,3128.44,3057.29,3101.99,57807.8166
2024-04-16 00:00:00,3102.0,3120.59,3051.35,3072.19,91301.5805
2024-04-16 04:00:00,3072.2,3128.01,2986.0,3107.29,94633.1002
2024-04-16 08:00:00,3107.3,3110.76,3003.0,3093.31,106184.5489
2024-04-16 12:00:00,3093.31,3095.37,3008.7,3009.04,108323.748
2024-04-16 16:00:00,3009.05,3084.99,2995.0,3057.64,89160.7128
2024-04-16 20:00:00,3057.65,3118.24,3049.9,3084.22,36510.1646
2024-04-17 00:00:00,3084.21,3107.24,3068.39,3095.61,45177.1765
2024-04-17 04:00:00,3095.6,3123.75,3064.05,3076.6,53048.8482
2024-04-17 08:00:00,3076.6,3087.64,3037.65,3040.2,45727.2266
2024-04-17 12:00:00,3040.19,3063.65,2925.85,2946.8,185441.1871
2024-04-17 16:00:00,2946.79,3043.73,2914.47,3001.6,113662.6669
2024-04-17 20:00:00,3001.59,3014.91,2964.35,2985.41,48840.4608
2024-04-18 00:00:00,2985.41,3035.08,2950.98,3025.68,57953.4313
2024-04-18 04:00:00,3025.67,3034.29,2956.6,2975.2,60161.4658
2024-04-18 08:00:00,2975.19,3065.56,2954.01,3046.46,78719.9921
2024-04-18 12:00:00,3046.45,3094.4,2985.69,3069.17,108069.7724
2024-04-18 16:00:00,3069.17,3083.54,3018.2,3064.19,60363.215
2024-04-18 20:00:00,3064.19,3080.82,3056.1,3064.4,23792.8367
2024-04-19 00:00:00,3064.4,3070.24,2865.18,2979.8,200205.8981
2024-04-19 04:00:00,2979.81,3128.89,2979.0,3084.41,139081.3466
2024-04-19 08:00:00,3084.41,3124.44,3077.19,3102.61,79642.8684
2024-04-19 12:00:00,3102.6,3121.0,3054.35,3080.74,74619.7035
2024-04-19 16:00:00,3080.73,3107.94,3029.72,3104.1,60560.4186
2024-04-19 20:00:00,3104.1,3105.68,3020.63,3056.46,53740.1667
2024-04-20 00:00:00,3056.45,3070.8,3018.75,3055.99,42184.1651
2024-04-20 04:00:00,3055.99,3071.03,3049.31,3060.64,27818.0665
2024-04-20 08:00:00,3060.64,3061.29,3029.99,3047.39,31576.8595
2024-04-20 12:00:00,3047.38,3114.6,3040.34,3109.86,41106.7557
2024-04-20 16:00:00,3109.86,3166.46,3087.66,3148.21,64448.8195
2024-04-20 20:00:00,3148.21,3171.88,3140.9,3155.79,35442.9708
2024-04-21 00:00:00,3155.79,3197.18,3126.87,3166.8,51393.7539
2024-04-21 04:00:00,3166.81,3191.22,3152.54,3179.55,32445.4054
2024-04-21 08:00:00,3179.54,3189.0,3153.66,3168.81,38254.6523
2024-04-21 12:00:00,3168.81,3176.7,3137.32,3158.82,32903.4112
2024-04-21 16:00:00,3158.82,3161.36,3116.49,3136.79,39846.3754
2024-04-21 20:00:00,3136.78,3169.57,3129.82,3147.67,25126.909
2024-04-22 00:00:00,3147.66,3210.75,3129.15,3190.1,64775.007
2024-04-22 04:00:00,3190.09,3235.0,3184.53,3203.6,56009.1283
2024-04-22 08:00:00,3203.59,3224.0,3187.99,3194.54,42406.1851
2024-04-22 12:00:00,3194.55,3211.64,3166.8,3183.32,52021.2321
2024-04-22 16:00:00,3183.33,3216.99,3169.3,3188.23,44346.4388
2024-04-22 20:00:00,3188.24,3224.2,3184.02,3200.2,31321.9656
2024-04-23 00:00:00,3200.19,3223.36,3181.37,3183.9,31002.9675
2024-04-23 04:00:00,3183.9,3193.49,3152.0,3160.48,38872.1329
2024-04-23 08:00:00,3160.49,3185.55,3152.45,3179.8,34675.3915
2024-04-23 12:00:00,3179.79,3263.61,3173.11,3226.13,90805.6152
2024-04-23 16:00:00,3226.12,3246.22,3213.0,3218.31,31598.2941
2024-04-23 20:00:00,3218.31,3223.05,3186.43,3219.46,26959.8251
2024-04-24 00:00:00,3219.46,3249.28,3210.4,3237.61,38187.821
2024-04-24 04:00:00,3237.61,3275.54,3236.8,3250.11,42663.5601
2024-04-24 08:00:00,3250.1,3287.0,3241.86,3281.96,52631.1212
2024-04-24 12:00:00,3281.97,3293.56,3167.23,3175.8,125225.2776
2024-04-24 16:00:00,3175.8,3193.83,3104.9,3134.67,84696.0405
2024-04-24 20:00:00,3134.67,3152.59,3112.05,3140.8,49910.521
2024-04-25 00:00:00,3140.79,3171.2,3126.6,3147.41,52224.3084
2024-04-25 04:00:00,3147.41,3167.35,3126.17,3136.39,36138.1097
2024-04-25 08:00:00,3136.39,3152.99,3072.2,3112.0,76649.9228
2024-04-25 12:00:00,3112.01,3168.0,3082.58,3160.4,104592.0248
2024-04-25 16:00:00,3160.4,3175.65,3146.24,3165.84,55227.7167
2024-04-25 20:00:00,3165.84,3191.64,3152.3,3155.8,27456.4678
2024-04-26 00:00:00,3155.81,3164.08,3124.25,3141.59,41673.6037
2024-04-26 04:00:00,3141.58,3154.13,3129.0,3135.46,43586.007
2024-04-26 08:00:00,3135.45,3157.99,3121.8,3128.63,34780.1809
2024-04-26 12:00:00,3128.63,3167.7,3102.0,3117.6,78960.3574
2024-04-26 16:00:00,3117.61,3155.0,3105.71,3133.84,31786.6302
2024-04-26 20:00:00,3133.79,3153.8,3120.77,3131.3,21735.8758
2024-04-27 00:00:00,3131.3,3138.8,3066.74,3122.18,68745.2052
2024-04-27 04:00:00,3122.18,3133.25,3107.69,3120.59,26346.987
2024-04-27 08:00:00,3120.59,3128.57,3107.8,3124.92,24825.3634
2024-04-27 12:00:00,3124.92,3167.01,3122.0,3145.05,52518.6486
2024-04-27 16:00:00,3145.05,3285.0,3142.41,3237.4,116347.8618
2024-04-27 20:00:00,3237.4,3263.3,3223.07,3255.56,35027.1259
2024-04-28 00:00:00,3255.55,3329.6,3250.45,3308.87,66495.8919
2024-04-28 04:00:00,3308.86,3339.99,3300.23,3317.6,44047.6154
2024-04-28 08:00:00,3317.59,3324.78,3275.01,3286.41,56781.1368
2024-04-28 12:00:00,3286.41,3327.79,3283.8,3321.01,50930.6869
2024-04-28 16:00:00,3321.0,3357.4,3308.17,3316.92,39141.7072
2024-04-28 20:00:00,3316.92,3321.0,3251.97,3263.45,47368.9708
2024-04-29 00:00:00,3263.44,3286.95,3168.01,3177.6,106619.9358
2024-04-29 04:00:00,3177.6,3208.28,3153.44,3189.0,89021.0329
2024-04-29 08:00:00,3188.99,3195.4,3147.54,3160.11,60914.3596
2024-04-29 12:00:00,3160.11,3186.54,3115.13,3182.45,86581.1752
2024-04-29 16:00:00,3182.45,3189.6,3155.23,3186.01,40952.1099
2024-04-29 20:00:00,3186.02,3235.43,3163.91,3216.73,37742.6778
2024-04-30 00:00:00,3216.74,3250.95,3150.0,3180.79,66756.5263
2024-04-30 04:00:00,3180.8,3185.48,3152.0,3157.35,36501.4589
2024-04-30 08:00:00,3157.35,3161.75,3003.7,3007.45,153525.6894
2024-04-30 12:00:00,3007.45,3037.42,2966.01,2994.12,120983.1612
2024-04-30 16:00:00,2994.11,2998.6,2921.0,2928.96,118100.8555
2024-04-30 20:00:00,2928.96,3029.4,2928.0,3014.05,65849.7953
2024-05-01 00:00:00,3014.04,3023.24,2960.03,3004.37,56122.3384
2024-05-01 04:00:00,3004.37,3013.87,2859.0,2869.71,123926.1965
2024-05-01 08:00:00,2869.7,2906.27,2817.0,2905.39,143421.0154
2024-05-01 12:00:00,2905.4,2934.0,2865.91,2885.45,76042.9389
2024-05-01 16:00:00,2885.46,3015.73,2868.72,2926.06,172442.9636
2024-05-01 20:00:00,2926.05,2984.89,2914.42,2972.46,53008.3245
2024-05-02 00:00:00,2972.46,2982.18,2893.26,2929.33,74444.8411
2024-05-02 04:00:00,2929.34,2938.0,2898.2,2921.22,39776.1802
2024-05-02 08:00:00,2921.22,3002.51,2916.73,2995.55,79087.6942
2024-05-02 12:00:00,2995.54,3013.0,2952.4,2990.17,88940.484
2024-05-02 16:00:00,2990.16,3006.0,2972.0,2999.81,43031.169
2024-05-02 20:00:00,2999.8,3016.72,2968.84,2986.19,40659.3506
2024-05-03 00:00:00,2986.19,3036.17,2977.7,3010.15,41019.9792
2024-05-03 04:00:00,3010.14,3017.2,2958.71,2969.0,37416.0198
2024-05-03 08:00:00,2969.0,2990.62,2958.32,2979.5,34574.5244
2024-05-03 12:00:00,2979.49,3086.0,2969.75,3075.52,152439.9324
2024-05-03 16:00:00,3075.52,3087.99,3062.61,3072.5,38249.1083
2024-05-03 20:00:00,3072.51,3126.99,3068.59,3102.61,52126.275
2024-05-04 00:00:00,3102.61,3130.85,3092.85,3112.0,31207.8168
2024-05-04 04:00:00,3112.0,3123.06,3095.37,3095.94,25653.2228
2024-05-04 08:00:00,3095.94,3168.0,3095.68,3130.45,55073.4721
2024-05-04 12:00:00,3130.45,3158.95,3115.08,3126.81,37368.8147
2024-05-04 16:00:00,3126.8,3140.0,3114.08,3137.01,23546.5398
2024-05-04 20:00:00,3137.02,3147.0,3104.34,3117.23,23414.0826
2024-05-05 00:00:00,3117.24,3126.41,3072.99,3086.91,50542.8438
2024-05-05 04:00:00,3086.9,3114.8,3080.83,3105.7,21580.7472
2024-05-05 08:00:00,3105.7,3171.93,3103.52,3138.1,66727.8936
2024-05-05 12:00:00,3138.1,3168.0,3127.04,3160.19,36839.7556
2024-05-05 16:00:00,3160.18,3166.34,3130.68,3142.45,25728.6721
2024-05-05 20:00:00,3142.45,3146.66,3122.89,3136.41,17340.3539
2024-05-06 00:00:00,3136.4,3165.97,3124.38,3134.61,26248.0382
2024-05-06 04:00:00,3134.61,3191.94,3127.94,3180.53,46060.5365
2024-05-06 08:00:00,3180.54,3221.4,3131.2,3149.23,98323.4368
2024-05-06 12:00:00,3149.23,3154.99,3056.61,3089.25,118784.4052
2024-05-06 16:00:00,3089.25,3096.36,3046.35,3069.84,42521.1903
2024-05-06 20:00:00,3069.83,3089.11,3060.98,3062.6,23197.6957
2024-05-07 00:00:00,3062.59,3096.8,3021.34,3049.19,48218.7778
2024-05-07 04:00:00,3049.19,3082.5,3044.01,3077.4,29362.3583
2024-05-07 08:00:00,3077.4,3129.85,3059.09,3063.39,79096.7131
2024-05-07 12:00:00,3063.4,3106.0,3045.7,3071.41,59771.1292
2024-05-07 16:00:00,3071.41,3079.41,3027.0,3049.62,33921.3804
2024-05-07 20:00:00,3049.61,3061.44,2998.0,3005.69,48426.3241
2024-05-08 00:00:00,3005.69,3038.15,2994.58,3032.33,31024.9074
2024-05-08 04:00:00,3032.32,3036.52,2989.56,2995.01,48324.5348
2024-05-08 08:00:00,2995.01,3011.4,2978.4,2990.31,46336.5347
2024-05-08 12:00:00,2990.31,3032.5,2985.0,3006.98,59661.6558
2024-05-08 16:00:00,3006.99,3024.11,2986.58,2999.38,26014.5888
2024-05-08 20:00:00,2999.39,3004.0,2936.48,2974.21,55572.591
2024-05-09 00:00:00,2974.2,3005.1,2972.2,2997.9,24807.7468
2024-05-09 04:00:00,2997.91,3014.96,2975.7,2983.59,45323.0638
2024-05-09 08:00:00,2983.59,2991.8,2950.77,2977.2,39630.623
2024-05-09 12:00:00,2977.2,3019.28,2955.86,3005.99,62506.4399
2024-05-09 16:00:00,3005.99,3025.98,2989.59,3021.41,34139.9401
2024-05-09 20:00:00,3021.4,3059.0,3015.66,3036.23,32153.9326
2024-05-10 00:00:00,3036.24,3044.0,3018.23,3028.95,37115.6492
2024-05-10 04:00:00,3028.95,3053.89,3021.64,3042.26,39477.4863
2024-05-10 08:00:00,3042.27,3045.23,3022.0,3037.85,29448.5225
2024-05-10 12:00:00,3037.85,3044.53,2907.79,2918.54,112704.6548
2024-05-10 16:00:00,2918.54,2935.0,2878.03,2901.6,84041.6607
2024-05-10 20:00:00,2901.6,2916.11,2887.4,2909.99,25067.9023
2024-05-11 00:00:00,2909.98,2936.59,2905.2,2911.0,27696.4544
2024-05-11 04:00:00,2911.0,2927.74,2905.9,2921.79,17063.5205
2024-05-11 08:00:00,2921.8,2925.38,2886.46,2903.4,26271.95
2024-05-11 12:00:00,2903.4,2945.67,2896.0,2925.72,34805.94
2024-05-11 16:00:00,2925.72,2940.37,2917.43,2930.61,15991.4116
2024-05-11 20:00:00,2930.61,2930.96,2906.48,2912.45,16333.8322
2024-05-12 00:00:00,2912.45,2925.33,2909.11,2921.13,11001.5881
2024-05-12 04:00:00,2921.12,2932.26,2901.17,2907.8,14180.9676
2024-05-12 08:00:00,2907.8,2943.73,2902.68,2928.0,22845.2522
2024-05-12 12:00:00,2928.0,2943.77,2925.41,2938.0,18231.319
2024-05-12 16:00:00,2937.99,2955.2,2921.25,2929.59,24224.3756
2024-05-12 20:00:00,2929.6,2936.27,2913.78,2929.29,17187.1298
2024-05-13 00:00:00,2929.3,2942.97,2864.76,2889.92,83159.2925
2024-05-13 04:00:00,2889.92,2958.0,2870.37,2953.99,56990.6181
2024-05-13 08:00:00,2953.99,2996.4,2948.4,2965.57,68334.0181
2024-05-13 12:00:00,2965.57,2987.0,2949.26,2961.22,87796.0231
2024-05-13 16:00:00,2961.21,2977.89,2928.66,2956.7,51884.7266
2024-05-13 20:00:00,2956.69,2960.0,2938.0,2950.99,20500.0864
2024-05-14 00:00:00,2950.99,2960.6,2936.66,2940.99,29749.065
2024-05-14 04:00:00,2940.99,2949.07,2882.29,2920.03,45499.3304
2024-05-14 08:00:00,2920.02,2920.03,2897.53,2907.94,24096.7151
2024-05-14 12:00:00,2907.94,2924.14,2870.25,2898.93,109974.172
2024-05-14 16:00:00,2898.94,2900.67,2862.0,2893.74,40137.7193
2024-05-14 20:00:00,2893.73,2903.0,2878.65,2881.93,20218.3019
2024-05-15 00:00:00,2881.93,2903.08,2863.75,2902.64,24110.6365
2024-05-15 04:00:00,2902.65,2922.0,2897.98,2916.51,31482.672
2024-05-15 08:00:00,2916.5,2933.8,2886.81,2898.74,51111.8661
2024-05-15 12:00:00,2898.74,2992.99,2893.02,2976.81,132869.8227
2024-05-15 16:00:00,2976.8,3025.96,2970.0,3024.56,55815.6495
2024-05-15 20:00:00,3024.55,3041.36,3009.49,3032.55,54863.672
2024-05-16 00:00:00,3032.55,3041.24,2997.0,3013.44,60840.5182
2024-05-16 04:00:00,3013.45,3021.37,3004.4,3016.31,28652.441
2024-05-16 08:00:00,3016.31,3027.85,2989.72,3006.45,43183.012
2024-05-16 12:00:00,3006.45,3009.12,2931.05,2956.57,89261.8078
2024-05-16 16:00:00,2956.57,2960.64,2925.02,2944.76,48287.9599
2024-05-16 20:00:00,2944.75,2946.1,2922.8,2944.7,23648.4124
2024-05-17 00:00:00,2944.7,2956.28,2933.06,2950.49,28995.1606
2024-05-17 04:00:00,2950.5,3033.0,2940.0,3024.67,83087.8449
2024-05-17 08:00:00,3024.66,3059.53,3017.74,3030.4,68597.6468
2024-05-17 12:00:00,3030.4,3118.54,3020.1,3111.54,108964.1229
2024-05-17 16:00:00,3111.54,3120.0,3067.16,3085.16,52451.0235
2024-05-17 20:00:00,3085.16,3095.76,3080.59,3092.01,15628.9744
2024-05-18 00:00:00,3092.0,3126.66,3083.61,3114.4,46394.7028
2024-05-18 04:00:00,3114.39,3119.94,3090.71,3101.99,30034.8165
2024-05-18 08:00:00,3102.0,3146.98,3100.27,3133.79,47870.1246
2024-05-18 12:00:00,3133.79,3135.0,3095.71,3110.89,42938.119
2024-05-18 16:00:00,3110.89,3121.2,3105.88,3119.69,17770.6644
2024-05-18 20:00:00,3119.69,3126.89,3106.05,3122.94,14968.1183
2024-05-19 00:00:00,3122.94,3136.64,3112.61,3129.36,18838.9425
2024-05-19 04:00:00,3129.35,3130.52,3103.33,3115.81,18073.4688
2024-05-19 08:00:00,3115.8,3125.0,3082.04,3102.58,42183.6904
2024-05-19 12:00:00,3102.59,3103.0,3063.26,3077.25,40766.7055
2024-05-19 16:00:00,3077.25,3083.9,3057.82,3065.2,27642.5703
2024-05-19 20:00:00,3065.2,3082.41,3053.38,3071.19,18639.6327
2024-05-20 00:00:00,3071.2,3100.67,3047.67,3087.21,38814.7129
2024-05-20 04:00:00,3087.2,3140.0,3065.0,3091.73,66673.9759
2024-05-20 08:00:00,3091.72,3113.94,3086.5,3093.8,45418.754
2024-05-20 12:00:00,3093.79,3121.0,3076.69,3118.53,43683.87
2024-05-20 16:00:00,3118.52,3457.12,3110.85,3438.87,279008.4101
2024-05-20 20:00:00,3438.86,3694.0,3420.37,3661.78,373508.1599
2024-05-21 00:00:00,3661.79,3721.0,3638.8,3695.9,176437.8446
2024-05-21 04:00:00,3695.9,3699.6,3624.28,3660.49,117372.7656
2024-05-21 08:00:00,3660.5,3823.5,3649.36,3777.97,185777.9962
2024-05-21 12:00:00,3777.98,3836.0,3748.57,3777.68,224432.9922
2024-05-21 16:00:00,3777.69,3841.54,3680.68,3712.27,169773.2141
2024-05-21 20:00:00,3712.26,3821.5,3709.13,3789.6,78642.4567
2024-05-22 00:00:00,3789.59,3813.69,3774.91,3793.43,58660.3493
2024-05-22 04:00:00,3793.42,3795.07,3720.01,3746.79,83698.9643
2024-05-22 08:00:00,3746.8,3779.8,3690.0,3690.6,65723.1063
2024-05-22 12:00:00,3690.59,3773.88,3653.15,3762.66,167446.8295
2024-05-22 16:00:00,3762.65,3798.0,3700.6,3736.61,110830.3049
2024-05-22 20:00:00,3736.61,3781.0,3723.38,3737.73,88578.7556
2024-05-23 00:00:00,3737.72,3788.86,3736.67,3782.11,51405.4772
2024-05-23 04:00:00,3782.1,3833.65,3759.41,3814.0,70165.4088
2024-05-23 08:00:00,3813.99,3925.24,3790.94,3918.46,139988.1687
2024-05-23 12:00:00,3918.45,3949.29,3723.0,3812.95,290141.6873
2024-05-23 16:00:00,3812.96,3827.77,3685.0,3791.34,156371.2119
2024-05-23 20:00:00,3791.33,3901.0,3498.0,3783.61,419794.1221
2024-05-24 00:00:00,3783.6,3829.61,3744.34,3803.82,59517.5987
2024-05-24 04:00:00,3803.82,3815.63,3651.0,3679.24,122645.0986
2024-05-24 08:00:00,3679.24,3717.67,3626.1,3712.62,81589.6453
2024-05-24 12:00:00,3712.62,3732.83,3671.15,3693.67,85395.4253
2024-05-24 16:00:00,3693.66,3759.0,3655.26,3744.4,92836.7116
2024-05-24 20:00:00,3744.4,3755.05,3723.01,3728.28,37433.9523
2024-05-25 00:00:00,3728.28,3747.72,3709.03,3745.26,25256.8427
2024-05-25 04:00:00,3745.26,3779.43,3744.4,3746.6,33903.2058
2024-05-25 08:00:00,3746.6,3775.0,3736.42,3739.39,32551.3548
2024-05-25 12:00:00,3739.39,3758.2,3719.8,3743.79,35726.8417
2024-05-25 16:00:00,3743.8,3766.02,3736.68,3757.64,16658.1948
2024-05-25 20:00:00,3757.65,3760.28,3730.12,3749.26,14615.4594
2024-05-26 00:00:00,3749.25,3772.93,3731.17,3771.59,28721.1033
2024-05-26 04:00:00,3771.59,3795.06,3741.16,3786.02,30277.312
2024-05-26 08:00:00,3786.01,3822.4,3777.22,3813.79,63831.0072
2024-05-26 12:00:00,3813.79,3875.8,3792.14,3833.05,86573.3268
2024-05-26 16:00:00,3833.06,3884.2,3831.26,3878.86,50878.426
2024-05-26 20:00:00,3878.86,3879.63,3817.39,3826.47,31927.1184
2024-05-27 00:00:00,3826.47,3939.59,3823.37,3919.58,87143.4381
2024-05-27 04:00:00,3919.59,3935.0,3888.71,3914.01,41541.5848
2024-05-27 08:00:00,3914.01,3954.35,3884.17,3900.49,58135.6201
2024-05-27 12:00:00,3900.5,3977.0,3891.81,3963.39,80810.8165
2024-05-27 16:00:00,3963.39,3974.3,3854.16,3873.25,56750.0898
2024-05-27 20:00:00,3873.26,3905.14,3860.71,3894.22,39336.098
2024-05-28 00:00:00,3894.21,3910.0,3827.41,3849.71,68416.8132
2024-05-28 04:00:00,3849.72,3864.85,3821.63,3847.29,50036.2523
2024-05-28 08:00:00,3847.3,3931.09,3839.0,3904.34,70119.748
2024-05-28 12:00:00,3904.34,3912.0,3831.29,3861.1,96245.094
2024-05-28 16:00:00,3861.1,3869.14,3773.9,3840.81,88427.4714
2024-05-28 20:00:00,3840.8,3871.76,3823.0,3844.69,43004.4555
2024-05-29 00:00:00,3844.69,3862.41,3835.15,3851.0,35975.2377
2024-05-29 04:00:00,3850.99,3888.55,3818.48,3820.0,62582.4505
2024-05-29 08:00:00,3819.99,3828.88,3781.0,3811.16,64094.1388
2024-05-29 12:00:00,3811.15,3838.83,3750.6,3759.85,87201.9645
2024-05-29 16:00:00,3759.84,3780.0,3744.41,3749.66,44445.5715
2024-05-29 20:00:00,3749.66,3792.99,3742.59,3767.43,40460.2718
2024-05-30 00:00:00,3767.44,3797.79,3750.75,3791.31,30162.3742
2024-05-30 04:00:00,3791.3,3801.65,3712.73,3720.32,56963.1566
2024-05-30 08:00:00,3720.32,3757.25,3702.58,3737.0,49744.5544
2024-05-30 12:00:00,3737.01,3798.97,3733.39,3776.12,52289.9206
2024-05-30 16:00:00,3776.12,3825.35,3752.24,3762.01,57189.8504
2024-05-30 20:00:00,3762.0,3762.4,3719.3,3747.91,30684.4332
2024-05-31 00:00:00,3747.9,3770.0,3740.45,3760.21,20559.7687
2024-05-31 04:00:00,3760.21,3766.55,3724.41,3729.11,27617.2547
2024-05-31 08:00:00,3729.11,3813.2,3726.45,3802.62,46707.6025
2024-05-31 12:00:00,3802.62,3849.94,3742.35,3744.77,89048.2576
2024-05-31 16:00:00,3744.77,3794.62,3723.75,3785.45,56610.6927
2024-05-31 20:00:00,3785.45,3800.94,3742.0,3762.29,32863.1898
2024-06-01 00:00:00,3762.29,3782.07,3752.67,3778.98,19162.466
2024-06-01 04:00:00,3778.98,3794.11,3770.31,3773.0,19843.0304
2024-06-01 08:00:00,3772.99,3809.55,3772.43,3788.28,28016.7925
2024-06-01 12:00:00,3788.28,3814.67,3787.0,3798.6,23200.5208
2024-06-01 16:00:00,3798.6,3809.81,3790.21,3804.51,18166.4278
2024-06-01 20:00:00,3804.5,3833.3,3799.0,3815.82,24297.9631
2024-06-02 00:00:00,3815.82,3838.59,3797.7,3807.13,40362.6748
2024-06-02 04:00:00,3807.13,3824.5,3792.25,3793.33,42266.6486
2024-06-02 08:00:00,3793.33,3810.0,3770.99,3805.01,40043.5712
2024-06-02 12:00:00,3805.01,3810.0,3776.86,3798.78,23979.178
2024-06-02 16:00:00,3798.79,3803.67,3752.62,3782.37,37585.3386
2024-06-02 20:00:00,3782.37,3796.44,3765.99,3780.91,26058.0295
2024-06-03 00:00:00,3780.92,3821.32,3761.05,3799.5,34542.182
2024-06-03 04:00:00,3799.51,3842.01,3795.18,3817.82,41747.9614
2024-06-03 08:00:00,3817.81,3840.16,3804.7,3809.0,37028.9177
2024-06-03 12:00:00,3809.01,3849.99,3758.43,3796.82,82479.9693
2024-06-03 16:00:00,3796.82,3798.63,3759.0,3773.4,31798.1474
2024-06-03 20:00:00,3773.39,3784.88,3759.67,3767.06,21251.5242
2024-06-04 00:00:00,3767.07,3785.19,3730.0,3773.51,37241.3776
2024-06-04 04:00:00,3773.51,3778.63,3752.1,3774.72,22170.4494
2024-06-04 08:00:00,3774.72,3782.99,3741.6,3764.65,28835.7026
2024-06-04 12:00:00,3764.65,3817.99,3753.57,3810.63,67169.5087
2024-06-04 16:00:00,3810.63,3831.65,3776.2,3800.38,52190.8252
2024-06-04 20:00:00,3800.37,3822.0,3792.0,3810.23,24455.8833
2024-06-05 00:00:00,3810.23,3839.92,3800.0,3810.45,37461.0947
2024-06-05 04:00:00,3810.45,3820.81,3777.33,3809.58,52478.4484
2024-06-05 08:00:00,3809.57,3811.03,3788.9,3804.31,31518.1002
2024-06-05 12:00:00,3804.31,3824.44,3782.0,3813.58,47557.5833
2024-06-05 16:00:00,3813.59,3878.0,3796.8,3876.54,73294.7532
2024-06-05 20:00:00,3876.53,3887.47,3842.28,3865.99,31428.6237
2024-06-06 00:00:00,3866.0,3878.6,3853.2,3861.69,26177.2594
2024-06-06 04:00:00,3861.7,3865.5,3838.53,3852.1,38537.3942
2024-06-06 08:00:00,3852.1,3856.5,3842.84,3849.51,24695.0892
2024-06-06 12:00:00,3849.51,3866.48,3820.0,3845.01,46381.6924
2024-06-06 16:00:00,3845.0,3855.6,3787.15,3791.01,62854.2034
2024-06-06 20:00:00,3791.01,3815.45,3760.0,3813.46,38858.5519
2024-06-07 00:00:00,3813.47,3813.47,3792.34,3806.3,19303.9314
2024-06-07 04:00:00,3806.3,3825.75,3806.0,3816.31,19448.3091
2024-06-07 08:00:00,3816.31,3839.98,3801.11,3835.0,24999.764
2024-06-07 12:00:00,3834.99,3841.39,3771.39,3800.73,77115.5473
2024-06-07 16:00:00,3800.73,3807.67,3600.0,3687.37,179164.1298
2024-06-07 20:00:00,3687.37,3700.0,3670.43,3678.32,42191.6778
2024-06-08 00:00:00,3678.31,3692.3,3673.82,3690.0,22188.3343
2024-06-08 04:00:00,3690.0,3709.5,3677.22,3708.98,16278.6668
2024-06-08 08:00:00,3708.98,3709.39,3678.53,3683.13,38253.4513
2024-06-08 12:00:00,3683.13,3697.47,3660.08,3688.13,30914.3498
2024-06-08 16:00:00,3688.13,3694.5,3672.18,3682.61,19917.2379
2024-06-08 20:00:00,3682.6,3684.46,3670.37,3681.57,12998.7993
2024-06-09 00:00:00,3681.58,3684.66,3666.36,3674.22,18043.8984
2024-06-09 04:00:00,3674.21,3692.0,3669.21,3685.99,16380.3084
2024-06-09 08:00:00,3685.98,3693.87,3683.02,3693.5,11187.5719
2024-06-09 12:00:00,3693.49,3712.5,3680.99,3690.59,29149.8489
2024-06-09 16:00:00,3690.6,3709.43,3689.43,3701.09,14111.4392
2024-06-09 20:00:00,3701.09,3721.52,3693.72,3706.4,14578.0352
2024-06-10 00:00:00,3706.4,3706.94,3680.97,3684.14,17242.0935
2024-06-10 04:00:00,3684.14,3692.41,3642.74,3647.79,29285.0966
2024-06-10 08:00:00,3647.8,3681.01,3646.94,3675.95,24499.1155
2024-06-10 12:00:00,3675.95,3713.67,3662.96,3702.54,36788.6562
2024-06-10 16:00:00,3702.53,3705.68,3659.81,3668.33,27095.9403
2024-06-10 20:00:00,3668.33,3677.07,3650.64,3667.85,21452.2825
2024-06-11 00:00:00,3667.85,3673.0,3567.0,3595.6,86732.2688
2024-06-11 04:00:00,3595.6,3595.61,3505.0,3534.6,83213.3547
2024-06-11 08:00:00,3534.6,3549.36,3503.4,3529.56,71505.3092
2024-06-11 12:00:00,3529.56,3546.47,3432.01,3447.75,102175.1839
2024-06-11 16:00:00,3447.75,3502.44,3432.0,3497.21,72534.3495
2024-06-11 20:00:00,3497.21,3509.65,3483.7,3497.33,23408.1317
2024-06-12 00:00:00,3497.33,3513.78,3462.07,3509.99,36109.1392
2024-06-12 04:00:00,3509.99,3532.39,3507.02,3526.71,29038.1895
2024-06-12 08:00:00,3526.7,3563.56,3516.95,3531.72,38233.539
2024-06-12 12:00:00,3531.73,3659.01,3531.4,3618.32,153722.7335
2024-06-12 16:00:00,3618.32,3625.7,3513.32,3529.01,104913.6778
2024-06-12 20:00:00,3529.01,3574.39,3521.88,3560.12,25026.495
2024-06-13 00:00:00,3560.13,3561.65,3476.21,3503.0,64329.204
2024-06-13 04:00:00,3502.99,3517.32,3484.04,3507.53,30637.8742
2024-06-13 08:00:00,3507.53,3511.86,3472.6,3497.17,36046.7782
2024-06-13 12:00:00,3497.17,3539.83,3433.0,3441.73,107443.9794
2024-06-13 16:00:00,3441.73,3491.55,3428.0,3481.43,40773.5683
2024-06-13 20:00:00,3481.43,3491.55,3461.59,3469.4,20999.4258
2024-06-14 00:00:00,3469.4,3510.53,3457.37,3490.91,33997.5513
2024-06-14 04:00:00,3490.91,3532.61,3490.46,3516.61,40530.3017
2024-06-14 08:00:00,3516.61,3530.25,3505.69,3515.8,28624.7515
2024-06-14 12:00:00,3515.8,3525.56,3460.17,3462.41,46240.8077
2024-06-14 16:00:00,3462.41,3467.4,3362.26,3406.21,103511.0856
2024-06-14 20:00:00,3406.21,3528.93,3404.19,3481.8,69411.9236
2024-06-15 00:00:00,3481.8,3505.01,3473.1,3504.4,27164.3759
2024-06-15 04:00:00,3504.4,3557.81,3498.29,3529.61,70337.7423
2024-06-15 08:00:00,3529.61,3542.3,3519.49,3539.4,29865.1365
2024-06-15 12:00:00,3539.4,3594.39,3537.75,3565.8,65751.339
2024-06-15 16:00:00,3565.8,3575.73,3552.0,3558.48,32626.8792
2024-06-15 20:00:00,3558.48,3575.36,3536.76,3568.74,20904.1165
2024-06-16 00:00:00,3568.75,3573.79,3548.04,3555.01,15279.5371
2024-06-16 04:00:00,3555.01,3574.54,3541.05,3561.93,15928.9861
2024-06-16 08:00:00,3561.93,3570.99,3546.92,3555.28,22391.2841
2024-06-16 12:00:00,3555.28,3611.98,3553.17,3591.88,40470.9591
2024-06-16 16:00:00,3591.88,3608.44,3586.69,3599.03,21795.5901
2024-06-16 20:00:00,3599.03,3653.79,3587.86,3624.41,33973.6255
2024-06-17 00:00:00,3624.41,3638.37,3573.83,3582.05,48730.6671
2024-06-17 04:00:00,3582.05,3596.0,3538.7,3552.68,48673.361
2024-06-17 08:00:00,3552.68,3561.1,3490.95,3527.63,70419.5076
2024-06-17 12:00:00,3527.63,3547.07,3485.44,3497.26,60249.8476
2024-06-17 16:00:00,3497.26,3577.77,3463.39,3554.01,80942.9401
2024-06-17 20:00:00,3554.01,3556.55,3500.8,3511.46,28789.3168
2024-06-18 00:00:00,3511.47,3517.2,3355.0,3441.53,151261.2357
2024-06-18 04:00:00,3441.52,3462.54,3428.78,3443.97,41588.3438
2024-06-18 08:00:00,3443.97,3451.84,3391.86,3414.11,50599.076
2024-06-18 12:00:00,3414.11,3440.73,3370.92,3424.01,94772.0482
2024-06-18 16:00:00,3424.02,3436.0,3386.92,3423.27,56147.0642
2024-06-18 20:00:00,3423.27,3490.0,3412.64,3483.42,55545.5335
2024-06-19 00:00:00,3483.42,3573.08,3465.65,3565.93,92263.4561
2024-06-19 04:00:00,3565.93,3585.0,3532.96,3544.3,54305.0421
2024-06-19 08:00:00,3544.31,3564.0,3518.46,3536.94,57044.7188
2024-06-19 12:00:00,3536.95,3550.61,3512.2,3529.29,39731.2801
2024-06-19 16:00:00,3529.3,3590.01,3523.43,3546.29,50877.7687
2024-06-19 20:00:00,3546.28,3576.69,3532.14,3560.51,27277.7369
2024-06-20 00:00:00,3560.51,3594.47,3533.49,3553.65,41899.1315
2024-06-20 04:00:00,3553.65,3616.06,3544.61,3607.87,57347.7784
2024-06-20 08:00:00,3607.87,3625.96,3572.24,3598.94,58174.3822
2024-06-20 12:00:00,3598.94,3611.81,3491.46,3506.61,103144.2628
2024-06-20 16:00:00,3506.61,3542.4,3486.0,3536.61,51457.987
2024-06-20 20:00:00,3536.61,3538.91,3511.0,3513.08,17094.3034
2024-06-21 00:00:00,3513.08,3536.21,3491.66,3501.2,34013.0856
2024-06-21 04:00:00,3501.2,3521.74,3467.0,3475.0,45022.5479
2024-06-21 08:00:00,3475.0,3532.83,3446.82,3503.22,84533.4256
2024-06-21 12:00:00,3503.21,3519.99,3455.1,3492.78,89030.6982
2024-06-21 16:00:00,3492.78,3537.5,3469.96,3535.45,66320.0669
2024-06-21 20:00:00,3535.44,3547.55,3500.0,3518.5,23235.2778
2024-06-22 00:00:00,3518.5,3521.19,3493.24,3506.77,21118.7164
2024-06-22 04:00:00,3506.77,3509.76,3489.73,3494.0,22707.2062
2024-06-22 08:00:00,3494.0,3498.96,3475.09,3493.2,19859.6331
2024-06-22 12:00:00,3493.19,3511.84,3486.78,3505.43,28273.381
2024-06-22 16:00:00,3505.43,3508.37,3485.56,3491.44,13959.7515
2024-06-22 20:00:00,3491.44,3507.86,3485.8,3495.75,9855.9275
2024-06-23 00:00:00,3495.76,3519.0,3494.67,3519.0,14289.8809
2024-06-23 04:00:00,3518.99,3521.45,3506.63,3512.5,9763.1021
2024-06-23 08:00:00,3512.49,3513.0,3488.2,3498.29,18175.411
2024-06-23 12:00:00,3498.29,3504.62,3471.82,3474.54,26491.4608
2024-06-23 16:00:00,3474.54,3482.4,3461.38,3479.93,18541.0352
2024-06-23 20:00:00,3479.93,3480.12,3406.38,3420.91,46150.5404
2024-06-24 00:00:00,3420.91,3435.76,3387.05,3402.81,50128.5048
2024-06-24 04:00:00,3402.82,3413.56,3354.22,3369.19,58893.4861
2024-06-24 08:00:00,3369.2,3394.36,3240.0,3321.19,160169.3219
2024-06-24 12:00:00,3321.18,3337.07,3261.72,3280.3,96661.7814
2024-06-24 16:00:00,3280.31,3314.9,3242.44,3293.07,102398.4262
2024-06-24 20:00:00,3293.06,3363.18,3256.35,3352.73,75118.9025
2024-06-25 00:00:00,3352.74,3386.25,3336.76,3371.61,40978.574
2024-06-25 04:00:00,3371.62,3394.92,3357.01,3361.0,37133.9505
2024-06-25 08:00:00,3361.0,3394.31,3345.79,3376.01,34837.6718
2024-06-25 12:00:00,3376.0,3425.37,3358.2,3419.6,72423.3215
2024-06-25 16:00:00,3419.6,3430.88,3381.68,3415.66,36920.3828
2024-06-25 20:00:00,3415.67,3418.84,3388.88,3394.91,17742.323
2024-06-26 00:00:00,3394.91,3426.75,3385.22,3395.15,26819.52
2024-06-26 04:00:00,3395.15,3406.0,3376.81,3401.8,26669.2503
2024-06-26 08:00:00,3401.8,3402.85,3366.37,3381.44,31946.3772
2024-06-26 12:00:00,3381.44,3396.53,3346.0,3361.69,38271.455
2024-06-26 16:00:00,3361.68,3410.0,3325.01,3408.08,57919.9768
2024-06-26 20:00:00,3408.08,3417.43,3367.15,3371.44,25322.7625
2024-06-27 00:00:00,3371.77,3393.0,3361.74,3383.8,21306.96
2024-06-27 04:00:00,3383.79,3388.41,3366.05,3374.98,22096.4472
2024-06-27 08:00:00,3374.98,3414.05,3368.7,3403.46,41795.5588
2024-06-27 12:00:00,3403.46,3477.0,3403.45,3452.75,73901.3411
2024-06-27 16:00:00,3452.75,3467.5,3439.0,3449.79,24220.9756
2024-06-27 20:00:00,3449.78,3455.06,3440.53,3450.44,17720.3782
2024-06-28 00:00:00,3450.44,3487.7,3435.95,3460.5,35716.2271
2024-06-28 04:00:00,3460.5,3461.07,3427.01,3431.82,26966.7465
2024-06-28 08:00:00,3431.82,3461.39,3420.24,3452.78,30450.9048
2024-06-28 12:00:00,3452.79,3476.73,3403.06,3413.61,67543.456
2024-06-28 16:00:00,3413.6,3416.6,3365.22,3379.74,44208.0751
2024-06-28 20:00:00,3379.74,3394.15,3368.73,3380.15,16748.934
2024-06-29 00:00:00,3380.15,3399.98,3380.01,3386.07,17745.9808
2024-06-29 04:00:00,3386.06,3408.32,3381.56,3399.72,18952.9595
2024-06-29 08:00:00,3399.72,3406.05,3387.2,3400.45,15348.806
2024-06-29 12:00:00,3400.45,3403.2,3383.0,3394.62,12952.0566
2024-06-29 16:00:00,3394.62,3396.53,3376.81,3387.02,9707.3365
2024-06-29 20:00:00,3387.02,3389.71,3371.86,3378.8,13622.6257
2024-06-30 00:00:00,3378.8,3389.61,3352.66,3371.28,23491.9778
2024-06-30 04:00:00,3371.28,3400.0,3358.49,3394.03,20690.4836
2024-06-30 08:00:00,3394.03,3399.38,3386.02,3389.19,16477.0951
2024-06-30 12:00:00,3389.19,3404.88,3379.81,3399.8,22547.9265
2024-06-30 16:00:00,3399.81,3434.0,3391.99,3428.41,25398.4021
2024-06-30 20:00:00,3428.4,3460.0,3408.96,3438.16,32615.7334
2024-07-01 00:00:00,3438.16,3524.94,3432.55,3498.23,68223.5035
2024-07-01 04:00:00,3498.23,3499.73,3484.44,3490.58,28424.9548
2024-07-01 08:00:00,3490.59,3495.0,3457.59,3459.6,35063.7579
2024-07-01 12:00:00,3459.61,3481.27,3453.0,3474.35,36567.9235
2024-07-01 16:00:00,3474.35,3499.0,3462.09,3471.47,31603.3766
2024-07-01 20:00:00,3471.47,3475.91,3423.78,3442.2,24389.6959
2024-07-02 00:00:00,3442.2,3464.12,3434.02,3457.03,17046.9388
2024-07-02 04:00:00,3457.03,3463.95,3434.17,3439.0,22849.472
2024-07-02 08:00:00,3439.01,3454.73,3431.6,3453.26,19840.984
2024-07-02 12:00:00,3453.26,3462.5,3402.0,3415.65,44961.2764
2024-07-02 16:00:00,3415.66,3433.65,3408.89,3415.37,18180.9348
2024-07-02 20:00:00,3415.38,3428.58,3413.39,3421.35,15053.0954
2024-07-03 00:00:00,3421.35,3432.1,3331.23,3360.33,56476.8025
2024-07-03 04:00:00,3360.34,3373.2,3352.2,3352.2,20526.974
2024-07-03 08:00:00,3352.21,3356.98,3281.63,3307.5,72972.726
2024-07-03 12:00:00,3307.51,3326.36,3275.48,3304.26,61775.2472
2024-07-03 16:00:00,3304.16,3322.09,3254.49,3266.29,70449.3809
2024-07-03 20:00:00,3266.2,3306.17,3251.0,3295.48,28207.3204
2024-07-04 00:00:00,3295.49,3313.45,3155.0,3243.2,110045.1383
2024-07-04 04:00:00,3243.2,3246.28,3170.22,3182.21,54262.3513
2024-07-04 08:00:00,3182.21,3195.99,3126.6,3159.45,85869.0158
2024-07-04 12:00:00,3159.45,3160.8,3088.25,3138.79,108884.6249
2024-07-04 16:00:00,3138.79,3152.64,3113.18,3133.82,40600.7709
2024-07-04 20:00:00,3133.83,3169.79,3050.34,3059.7,50740.668
2024-07-05 00:00:00,3059.7,3110.0,2890.0,2920.99,289984.2983
2024-07-05 04:00:00,2920.99,2928.47,2810.0,2882.21,253999.8044
2024-07-05 08:00:00,2882.21,2956.93,2820.0,2947.42,143768.5871
2024-07-05 12:00:00,2947.42,3005.42,2922.7,2990.99,115166.3226
2024-07-05 16:00:00,2990.99,3001.63,2958.15,2987.99,60768.6971
2024-07-05 20:00:00,2987.98,2993.2,2963.86,2981.78,23306.6658
2024-07-06 00:00:00,2981.79,3026.45,2955.06,2980.01,39909.0097
2024-07-06 04:00:00,2980.0,3016.37,2961.65,3004.69,33024.5438
2024-07-06 08:00:00,3004.69,3016.0,2985.06,3005.65,44828.7897
2024-07-06 12:00:00,3005.66,3030.0,2989.49,3020.0,33557.5287
2024-07-06 16:00:00,3020.0,3065.94,3016.31,3058.21,40135.8109
2024-07-06 20:00:00,3058.2,3081.78,3056.47,3066.83,23032.2885
2024-07-07 00:00:00,3066.83,3073.08,3039.4,3050.76,23898.9918
2024-07-07 04:00:00,3050.76,3050.77,2993.51,3004.42,29985.9767
2024-07-07 08:00:00,3004.42,3032.18,3004.12,3015.51,19843.9563
2024-07-07 12:00:00,3015.52,3024.05,2955.12,2970.99,41810.4444
2024-07-07 16:00:00,2970.99,3009.58,2963.89,2985.19,21260.5898
2024-07-07 20:00:00,2985.2,3000.72,2922.24,2931.0,43092.8022
2024-07-08 00:00:00,2930.99,2951.89,2822.8,2879.71,111600.3586
2024-07-08 04:00:00,2879.71,2932.79,2875.22,2927.0,40517.0278
2024-07-08 08:00:00,2927.02,3097.06,2922.71,3053.97,118196.4132
2024-07-08 12:00:00,3053.98,3064.71,2890.0,2969.21,156027.0736
2024-07-08 16:00:00,2969.21,3009.88,2945.4,3004.59,38601.6244
2024-07-08 20:00:00,3004.6,3046.0,2981.82,3019.01,35502.5129
2024-07-09 00:00:00,3019.01,3076.74,3004.0,3064.45,51172.7521
2024-07-09 04:00:00,3064.45,3090.38,3054.14,3061.93,39909.1489
2024-07-09 08:00:00,3061.94,3115.2,3054.99,3083.47,41048.4455
2024-07-09 12:00:00,3083.45,3108.72,3031.06,3067.83,72995.9956
2024-07-09 16:00:00,3067.83,3089.34,3046.99,3068.99,53707.8018
2024-07-09 20:00:00,3069.0,3079.2,3046.32,3066.65,21523.9985
2024-07-10 00:00:00,3066.65,3082.46,3024.0,3080.0,29726.4409
2024-07-10 04:00:00,3080.0,3129.89,3080.0,3097.08,54747.9557
2024-07-10 08:00:00,3097.07,3109.1,3078.43,3102.22,27639.2203
2024-07-10 12:00:00,3102.22,3129.61,3077.76,3122.76,77648.5786
2024-07-10 16:00:00,3122.76,3151.51,3090.17,3107.03,49062.5774
2024-07-10 20:00:00,3107.03,3112.1,3080.21,3101.05,32002.3115
2024-07-11 00:00:00,3101.06,3130.0,3054.76,3077.2,34911.342
2024-07-11 04:00:00,3077.2,3124.15,3073.99,3118.22,22671.2036
2024-07-11 08:00:00,3118.22,3156.93,3114.52,3147.04,40591.5006
2024-07-11 12:00:00,3147.04,3217.24,3104.52,3117.95,116955.8929
2024-07-11 16:00:00,3117.95,3148.58,3097.3,3107.11,43267.1929
2024-07-11 20:00:00,3107.11,3123.7,3086.0,3099.57,30832.188
2024-07-12 00:00:00,3099.57,3117.92,3055.11,3085.74,32384.1963
2024-07-12 04:00:00,3085.62,3098.67,3057.87,3072.3,20230.5029
2024-07-12 08:00:00,3072.3,3086.24,3045.58,3070.0,32506.8939
2024-07-12 12:00:00,3070.0,3139.74,3057.58,3131.34,42632.5813
2024-07-12 16:00:00,3131.34,3157.89,3112.47,3116.1,32682.231
2024-07-12 20:00:00,3116.1,3135.4,3090.0,3133.88,25308.7771
2024-07-13 00:00:00,3133.89,3140.4,3120.3,3120.94,14045.7686
2024-07-13 04:00:00,3120.95,3142.62,3113.37,3140.21,15588.5675
2024-07-13 08:00:00,3140.2,3171.0,3128.99,3156.84,28706.7349
2024-07-13 12:00:00,3156.84,3165.67,3140.94,3154.87,18763.0676
2024-07-13 16:00:00,3154.86,3165.32,3146.85,3163.75,11736.4726
2024-07-13 20:00:00,3163.75,3201.8,3144.26,3175.93,30461.8657
2024-07-14 00:00:00,3175.93,3193.61,3163.67,3172.75,23189.3613
2024-07-14 04:00:00,3172.74,3206.7,3171.22,3195.4,31503.902
2024-07-14 08:00:00,3195.4,3225.13,3195.4,3202.84,29415.9314
2024-07-14 12:00:00,3202.85,3204.48,3173.68,3190.48,24709.3054
2024-07-14 16:00:00,3190.47,3197.9,3183.31,3190.9,15171.9991
2024-07-14 20:00:00,3190.9,3268.72,3190.24,3245.08,41440.2724
2024-07-15 00:00:00,3245.2,3342.19,3233.22,3329.37,62167.7706
2024-07-15 04:00:00,3329.37,3369.42,3320.78,3355.95,52045.5258
2024-07-15 08:00:00,3355.96,3373.0,3328.0,3339.68,35902.2987
2024-07-15 12:00:00,3339.68,3393.69,3333.33,3367.83,41384.83
2024-07-15 16:00:00,3367.82,3431.92,3358.21,3406.0,64769.2902
2024-07-15 20:00:00,3406.0,3493.63,3403.21,3483.39,58027.1299
2024-07-16 00:00:00,3483.2,3498.59,3453.96,3469.51,43190.2791
2024-07-16 04:00:00,3469.51,3478.52,3372.2,3376.8,85385.3345
2024-07-16 08:00:00,3376.8,3425.0,3346.55,3419.79,52731.1967
2024-07-16 12:00:00,3419.78,3484.73,3375.6,3476.25,72924.2562
2024-07-16 16:00:00,3476.21,3494.38,3441.61,3474.4,75353.5961
2024-07-16 20:00:00,3474.4,3475.0,3414.31,3444.13,46544.1243
2024-07-17 00:00:00,3444.14,3517.0,3441.86,3480.25,63187.5187
2024-07-17 04:00:00,3480.25,3514.54,3471.99,3486.22,44337.3766
2024-07-17 08:00:00,3486.23,3500.0,3440.96,3449.03,56767.5254
2024-07-17 12:00:00,3449.03,3475.5,3432.49,3437.17,52698.6235
2024-07-17 16:00:00,3437.18,3438.92,3376.0,3416.79,55994.1642
2024-07-17 20:00:00,3416.79,3428.4,3385.5,3387.05,24827.3078
2024-07-18 00:00:00,3387.05,3441.49,3383.43,3431.4,37282.1827
2024-07-18 04:00:00,3431.4,3454.08,3408.95,3433.0,30323.182
2024-07-18 08:00:00,3433.0,3461.01,3431.34,3458.83,36230.4199
2024-07-18 12:00:00,3458.83,3489.98,3385.01,3389.28,71240.042
2024-07-18 16:00:00,3389.29,3424.24,3367.2,3405.6,51836.371
2024-07-18 20:00:00,3405.59,3437.3,3397.44,3426.5,15038.1481
2024-07-19 00:00:00,3426.49,3432.92,3384.04,3429.59,31002.0002
2024-07-19 04:00:00,3429.59,3450.5,3386.69,3391.59,40087.0717
2024-07-19 08:00:00,3391.59,3412.0,3377.0,3404.54,36661.6142
2024-07-19 12:00:00,3404.55,3474.99,3395.99,3465.0,76379.9615
2024-07-19 16:00:00,3465.0,3540.27,3464.99,3522.97,82209.5679
2024-07-19 20:00:00,3522.98,3525.96,3492.54,3503.53,33171.4267
2024-07-20 00:00:00,3503.53,3508.49,3480.0,3495.01,25294.795
2024-07-20 04:00:00,3495.01,3508.18,3487.39,3487.4,24381.936
2024-07-20 08:00:00,3487.39,3494.59,3480.5,3484.81,19729.9081
2024-07-20 12:00:00,3484.81,3507.84,3481.2,3503.72,24138.4776
2024-07-20 16:00:00,3503.71,3539.65,3490.53,3514.45,40940.6088
2024-07-20 20:00:00,3514.44,3526.22,3500.2,3517.5,13025.091
2024-07-21 00:00:00,3517.5,3528.8,3503.7,3510.47,13607.9347
2024-07-21 04:00:00,3510.47,3513.6,3476.6,3485.01,22407.1774
2024-07-21 08:00:00,3485.0,3507.21,3483.8,3498.79,15423.6252
2024-07-21 12:00:00,3498.79,3517.1,3482.47,3499.95,26306.5045
2024-07-21 16:00:00,3499.95,3526.12,3411.4,3490.72,90344.3959
2024-07-21 20:00:00,3490.72,3547.0,3482.6,3535.92,50801.3279
2024-07-22 00:00:00,3535.93,3562.82,3515.27,3517.33,34508.7552
2024-07-22 04:00:00,3517.34,3523.58,3459.6,3478.89,36911.2107
2024-07-22 08:00:00,3478.9,3503.85,3469.0,3500.31,20343.0402
2024-07-22 12:00:00,3500.3,3507.35,3435.6,3457.15,51488.7864
2024-07-22 16:00:00,3457.15,3498.63,3444.86,3498.14,26567.2598
2024-07-22 20:00:00,3498.18,3499.53,3422.34,3439.6,38040.452
2024-07-23 00:00:00,3439.61,3490.14,3435.43,3474.99,43702.0655
2024-07-23 04:00:00,3474.99,3483.45,3425.0,3454.84,51045.7694
2024-07-23 08:00:00,3454.85,3541.0,3452.09,3516.0,106597.3643
2024-07-23 12:00:00,3516.01,3518.8,3429.59,3454.38,125107.7628
2024-07-23 16:00:00,3454.38,3496.49,3389.0,3457.03,109045.3008
2024-07-23 20:00:00,3457.03,3500.0,3454.94,3482.51,65070.5183
2024-07-24 00:00:00,3482.51,3487.82,3427.4,3448.36,51607.5929
2024-07-24 04:00:00,3448.36,3451.74,3429.61,3446.69,22627.1401
2024-07-24 08:00:00,3446.69,3472.33,3443.17,3459.63,28795.0939
2024-07-24 12:00:00,3459.63,3471.54,3409.01,3414.87,60536.0716
2024-07-24 16:00:00,3414.87,3432.4,3357.4,3363.0,46904.3022
2024-07-24 20:00:00,3362.99,3376.48,3300.0,3335.81,65008.8499
2024-07-25 00:00:00,3335.82,3342.5,3153.04,3168.3,162147.9909
2024-07-25 04:00:00,3168.31,3194.65,3130.0,3171.84,71301.3644
2024-07-25 08:00:00,3171.84,3187.8,3152.89,3172.5,46850.1646
2024-07-25 12:00:00,3172.49,3183.79,3105.35,3142.28,92866.4623
2024-07-25 16:00:00,3142.28,3172.75,3100.9,3123.88,56723.5005
2024-07-25 20:00:00,3123.88,3198.5,3087.53,3175.48,64393.1571
2024-07-26 00:00:00,3175.47,3259.89,3171.0,3236.21,71558.0382
2024-07-26 04:00:00,3236.21,3276.0,3233.01,3251.0,53845.3085
2024-07-26 08:00:00,3251.0,3263.76,3234.43,3246.86,34743.6662
2024-07-26 12:00:00,3246.87,3271.14,3221.43,3255.02,55971.9473
2024-07-26 16:00:00,3255.02,3285.61,3242.62,3274.19,25068.6999
2024-07-26 20:00:00,3274.2,3286.36,3251.24,3274.61,19049.804
2024-07-27 00:00:00,3274.6,3275.06,3241.31,3245.0,23403.5223
2024-07-27 04:00:00,3245.0,3277.8,3243.96,3272.31,16695.5656
2024-07-27 08:00:00,3272.31,3282.98,3262.92,3278.41,18484.5109
2024-07-27 12:00:00,3278.41,3327.59,3269.68,3280.97,57472.8296
2024-07-27 16:00:00,3280.97,3291.81,3227.09,3261.0,44410.9596
2024-07-27 20:00:00,3261.0,3294.5,3191.01,3249.01,71524.5157
2024-07-28 00:00:00,3249.0,3256.36,3225.73,3237.7,18479.6243
2024-07-28 04:00:00,3237.71,3244.3,3198.11,3227.69,22571.814
2024-07-28 08:00:00,3227.69,3265.72,3215.87,3256.46,18512.5133
2024-07-28 12:00:00,3256.46,3279.93,3254.31,3268.61,20423.3467
2024-07-28 16:00:00,3268.61,3284.3,3262.2,3271.85,12981.7418
2024-07-28 20:00:00,3271.85,3273.78,3251.08,3270.16,10560.7928
2024-07-29 00:00:00,3270.16,3356.7,3267.17,3348.98,56328.9402
2024-07-29 04:00:00,3348.98,3389.0,3339.86,3366.91,47550.5766
2024-07-29 08:00:00,3366.9,3396.77,3361.82,3375.0,33297.2724
2024-07-29 12:00:00,3375.01,3386.8,3290.0,3308.67,69835.2343
2024-07-29 16:00:00,3308.66,3324.19,3258.0,3311.02,68829.5419
2024-07-29 20:00:00,3311.03,3353.38,3309.23,3317.66,42629.9401
2024-07-30 00:00:00,3317.66,3337.94,3282.3,3321.0,41748.5862
2024-07-30 04:00:00,3321.0,3353.41,3298.12,3340.9,26383.0201
2024-07-30 08:00:00,3340.9,3355.5,3327.09,3334.65,22941.9785
2024-07-30 12:00:00,3334.66,3366.4,3291.6,3321.0,40077.5343
2024-07-30 16:00:00,3321.0,3327.42,3260.0,3272.79,37527.1304
2024-07-30 20:00:00,3272.79,3285.23,3233.18,3279.21,28598.9146
2024-07-31 00:00:00,3279.2,3304.89,3262.04,3294.01,19396.1899
2024-07-31 04:00:00,3294.01,3332.04,3262.49,3317.5,41437.6447
2024-07-31 08:00:00,3317.49,3326.98,3306.81,3322.87,21979.6077
2024-07-31 12:00:00,3322.88,3350.0,3297.85,3302.36,53208.2554
2024-07-31 16:00:00,3302.35,3326.79,3245.0,3266.19,51571.4412
2024-07-31 20:00:00,3266.19,3271.87,3213.75,3232.74,46118.1963
2024-08-01 00:00:00,3232.74,3242.57,3171.65,3178.22,53390.5476
2024-08-01 04:00:00,3178.22,3189.8,3136.47,3166.81,49372.2508
2024-08-01 08:00:00,3166.82,3194.23,3165.52,3188.39,23439.8597
2024-08-01 12:00:00,3188.39,3207.0,3102.4,3117.18,75856.1791
2024-08-01 16:00:00,3117.18,3136.0,3080.02,3131.64,73912.6239
2024-08-01 20:00:00,3131.64,3219.34,3121.73,3203.4,47314.1494
2024-08-02 00:00:00,3203.4,3218.6,3136.41,3168.27,34860.9621
2024-08-02 04:00:00,3168.28,3175.52,3127.0,3147.42,29937.757
2024-08-02 08:00:00,3147.41,3166.95,3134.26,3153.73,29653.6551
2024-08-02 12:00:00,3153.73,3182.8,2985.13,3038.99,173912.4137
2024-08-02 16:00:00,3039.0,3048.59,2995.0,3011.64,55041.9854
2024-08-02 20:00:00,3011.64,3041.91,2967.0,2989.61,62297.2662
2024-08-03 00:00:00,2989.61,3003.53,2913.56,2982.5,68097.7841
2024-08-03 04:00:00,2982.49,2996.63,2961.04,2983.9,27043.971
2024-08-03 08:00:00,2983.81,3006.64,2974.5,2997.21,30768.4215
2024-08-03 12:00:00,2997.2,3018.02,2938.88,2942.4,39003.7122
2024-08-03 16:00:00,2942.4,2955.39,2878.0,2893.53,119955.4009
2024-08-03 20:00:00,2893.53,2922.41,2859.0,2903.64,59726.026
2024-08-04 00:00:00,2903.65,2935.46,2876.22,2915.78,32211.267
2024-08-04 04:00:00,2915.79,2922.0,2888.0,2893.24,25281.2304
2024-08-04 08:00:00,2893.24,2925.0,2876.93,2914.22,23191.0524
2024-08-04 12:00:00,2914.22,2925.8,2819.5,2826.98,88217.1839
2024-08-04 16:00:00,2827.0,2837.96,2630.0,2757.55,271340.6928
2024-08-04 20:00:00,2757.55,2772.74,2681.04,2688.92,71822.8347
2024-08-05 00:00:00,2688.91,2697.44,2111.0,2312.72,935014.2509
2024-08-05 04:00:00,2312.72,2386.44,2160.0,2357.55,603396.4171
2024-08-05 08:00:00,2357.54,2362.24,2224.22,2290.57,321924.8795
2024-08-05 12:00:00,2290.6,2462.9,2183.51,2450.8,511619.0657
2024-08-05 16:00:00,2450.8,2518.0,2364.14,2404.9,213856.426
2024-08-05 20:00:00,2404.89,2474.75,2401.53,2419.59,84793.0611
2024-08-06 00:00:00,2419.76,2547.43,2415.8,2491.9,124688.8145
2024-08-06 04:00:00,2491.9,2535.19,2478.53,2523.41,91242.331
2024-08-06 08:00:00,2523.42,2525.0,2440.32,2458.91,104813.2647
2024-08-06 12:00:00,2458.9,2556.23,2414.19,2527.6,166534.8948
2024-08-06 16:00:00,2527.59,2549.73,2480.99,2493.04,85929.469
2024-08-06 20:00:00,2493.04,2513.84,2446.08,2461.33,69075.0298
2024-08-07 00:00:00,2461.33,2530.0,2425.53,2507.27,89998.2153
2024-08-07 04:00:00,2507.26,2534.6,2485.12,2510.72,71252.392
2024-08-07 08:00:00,2510.79,2551.32,2470.0,2473.01,109157.3757
2024-08-07 12:00:00,2473.01,2487.64,2364.76,2412.75,177351.8683
2024-08-07 16:00:00,2412.76,2416.45,2326.95,2350.45,107767.2516
2024-08-07 20:00:00,2350.45,2370.0,2309.04,2342.8,74588.3199
2024-08-08 00:00:00,2342.79,2465.25,2320.4,2430.41,94210.6601
2024-08-08 04:00:00,2430.4,2445.32,2411.31,2414.0,47121.1834
2024-08-08 08:00:00,2414.0,2460.68,2408.6,2447.63,53930.8485
2024-08-08 12:00:00,2447.64,2525.68,2411.02,2507.2,155144.3221
2024-08-08 16:00:00,2507.21,2607.29,2504.02,2573.53,119225.8246
2024-08-08 20:00:00,2573.54,2724.1,2567.64,2682.5,116870.0367
2024-08-09 00:00:00,2682.5,2702.19,2646.4,2694.67,63994.929
2024-08-09 04:00:00,2694.66,2707.98,2649.0,2670.21,65306.4662
2024-08-09 08:00:00,2670.21,2681.28,2617.2,2634.92,59287.2414
2024-08-09 12:00:00,2634.93,2663.96,2556.4,2557.82,126842.6847
2024-08-09 16:00:00,2557.82,2609.75,2552.61,2590.8,47767.5934
2024-08-09 20:00:00,2590.8,2613.07,2562.39,2598.78,43541.0464
2024-08-10 00:00:00,2598.79,2644.7,2576.49,2602.59,41781.1559
2024-08-10 04:00:00,2602.6,2637.0,2588.4,2634.27,24360.3776
2024-08-10 08:00:00,2634.27,2642.84,2623.0,2636.58,23580.2801
2024-08-10 12:00:00,2636.58,2637.89,2597.0,2599.49,21751.9003
2024-08-10 16:00:00,2599.5,2622.84,2589.51,2603.01,42801.0115
2024-08-10 20:00:00,2603.01,2618.0,2596.21,2609.92,16737.6365
2024-08-11 00:00:00,2609.92,2668.28,2606.02,2646.38,29621.3165
2024-08-11 04:00:00,2646.39,2683.15,2634.0,2677.79,31780.3845
2024-08-11 08:00:00,2677.8,2720.0,2644.91,2652.61,59099.6587
2024-08-11 12:00:00,2652.6,2655.8,2594.46,2614.07,56736.4622
2024-08-11 16:00:00,2614.07,2645.92,2596.33,2599.06,50953.5936
2024-08-11 20:00:00,2599.06,2602.91,2540.0,2555.38,68907.499
2024-08-12 00:00:00,2555.38,2577.9,2510.05,2541.02,58146.0202
2024-08-12 04:00:00,2541.03,2582.75,2516.36,2567.27,43215.6712
2024-08-12 08:00:00,2567.27,2683.2,2558.54,2673.6,89661.5896
2024-08-12 12:00:00,2673.6,2723.7,2592.58,2689.2,160424.4042
2024-08-12 16:00:00,2689.2,2698.87,2627.89,2660.09,52993.2364
2024-08-12 20:00:00,2660.09,2750.0,2658.13,2722.3,78973.329
2024-08-13 00:00:00,2722.3,2738.4,2650.61,2656.39,75847.8786
2024-08-13 04:00:00,2656.38,2664.0,2635.13,2648.94,36317.3848
2024-08-13 08:00:00,2648.95,2658.34,2611.37,2644.65,36586.1892
2024-08-13 12:00:00,2644.66,2674.99,2630.91,2652.0,58394.3027
2024-08-13 16:00:00,2652.0,2730.28,2650.0,2711.46,80433.5472
2024-08-13 20:00:00,2711.46,2734.0,2692.85,2702.44,38089.3939
2024-08-14 00:00:00,2702.44,2725.4,2685.8,2709.39,29788.4378
2024-08-14 04:00:00,2709.4,2750.0,2707.72,2727.57,45833.5826
2024-08-14 08:00:00,2727.56,2764.05,2715.0,2750.24,57437.1613
2024-08-14 12:00:00,2750.24,2780.0,2632.2,2674.21,142243.9932
2024-08-14 16:00:00,2674.22,2674.22,2641.4,2669.06,38939.5101
2024-08-14 20:00:00,2669.06,2679.81,2641.3,2661.45,24566.0291
2024-08-15 00:00:00,2661.45,2673.57,2634.0,2652.5,35244.0635
2024-08-15 04:00:00,2652.49,2656.62,2589.0,2615.16,47768.0328
2024-08-15 08:00:00,2615.16,2644.1,2604.3,2637.73,32083.2746
2024-08-15 12:00:00,2637.73,2675.6,2633.0,2668.4,57024.9425
2024-08-15 16:00:00,2668.4,2675.0,2521.87,2549.59,130417.331
2024-08-15 20:00:00,2549.59,2589.55,2515.71,2569.89,54009.1615
2024-08-16 00:00:00,2569.9,2610.35,2552.17,2580.08,34928.8712
2024-08-16 04:00:00,2580.08,2628.83,2577.71,2617.45,36266.4295
2024-08-16 08:00:00,2617.44,2626.41,2606.55,2612.52,24004.2242
2024-08-16 12:00:00,2612.52,2619.89,2550.04,2568.97,73905.5159
2024-08-16 16:00:00,2568.96,2630.97,2564.13,2620.4,81118.3896
2024-08-16 20:00:00,2620.4,2626.19,2587.0,2592.73,20460.7069
2024-08-17 00:00:00,2592.72,2607.92,2587.5,2595.77,17799.5792
2024-08-17 04:00:00,2595.78,2603.65,2590.9,2600.24,10808.4453
2024-08-17 08:00:00,2600.24,2607.28,2593.0,2599.23,14186.2746
2024-08-17 12:00:00,2599.23,2618.65,2596.7,2606.78,19916.75
2024-08-17 16:00:00,2606.79,2629.69,2606.78,2614.94,15643.5968
2024-08-17 20:00:00,2614.95,2618.23,2600.0,2614.51,10994.0301
2024-08-18 00:00:00,2614.51,2638.22,2605.05,2606.6,25195.1998
2024-08-18 04:00:00,2606.61,2610.84,2594.53,2608.06,17655.2544
2024-08-18 08:00:00,2608.05,2669.49,2605.59,2649.4,46909.3327
2024-08-18 12:00:00,2649.4,2689.16,2643.06,2672.2,37248.2904
2024-08-18 16:00:00,2672.2,2678.38,2643.75,2667.9,19490.8698
2024-08-18 20:00:00,2667.99,2670.0,2610.05,2612.15,27575.1114
2024-08-19 00:00:00,2612.15,2647.42,2603.53,2644.41,39440.4953
2024-08-19 04:00:00,2644.41,2648.08,2612.0,2614.31,25322.1941
2024-08-19 08:00:00,2614.31,2622.26,2565.84,2587.9,47327.1464
2024-08-19 12:00:00,2587.91,2604.67,2563.58,2584.53,45893.9924
2024-08-19 16:00:00,2584.54,2629.96,2574.28,2606.63,44403.0922
2024-08-19 20:00:00,2606.63,2641.15,2604.32,2636.36,22480.2132
2024-08-20 00:00:00,2636.36,2677.0,2619.06,2661.99,44019.1489
2024-08-20 04:00:00,2662.0,2695.0,2657.63,2674.81,45897.8592
2024-08-20 08:00:00,2674.81,2676.4,2639.4,2642.45,28408.1903
2024-08-20 12:00:00,2642.46,2655.78,2555.0,2574.99,95187.741
2024-08-20 16:00:00,2575.0,2606.7,2565.8,2601.94,39842.9406
2024-08-20 20:00:00,2601.94,2609.93,2565.23,2572.82,27959.9951
2024-08-21 00:00:00,2572.81,2598.2,2557.0,2591.5,29772.4505
2024-08-21 04:00:00,2591.51,2606.6,2588.31,2600.72,20871.9622
2024-08-21 08:00:00,2600.73,2607.87,2567.35,2577.6,25994.1915
2024-08-21 12:00:00,2577.61,2618.0,2536.22,2601.89,82446.4366
2024-08-21 16:00:00,2601.88,2650.0,2592.58,2646.43,48427.2293
2024-08-21 20:00:00,2646.42,2663.74,2619.77,2630.71,37774.3517
2024-08-22 00:00:00,2630.71,2640.25,2584.2,2616.59,37855.1007
2024-08-22 04:00:00,2616.6,2642.33,2613.75,2636.29,20272.9857
2024-08-22 08:00:00,2636.3,2644.49,2619.6,2641.91,32925.1144
2024-08-22 12:00:00,2641.9,2644.69,2590.5,2599.4,60175.4528
2024-08-22 16:00:00,2599.41,2619.23,2597.4,2606.6,27850.849
2024-08-22 20:00:00,2606.61,2627.06,2606.47,2622.88,19983.617
2024-08-23 00:00:00,2622.89,2652.95,2621.4,2635.72,29172.9593
2024-08-23 04:00:00,2635.71,2689.0,2634.41,2669.23,63389.3545
2024-08-23 08:00:00,2669.24,2681.0,2650.99,2653.27,41876.3322
2024-08-23 12:00:00,2653.27,2699.0,2632.83,2671.09,91496.4468
2024-08-23 16:00:00,2671.09,2750.0,2663.0,2746.54,104960.0382
2024-08-23 20:00:00,2746.55,2799.13,2723.55,2762.48,70891.3137
2024-08-24 00:00:00,2762.49,2769.6,2742.47,2746.6,37141.1388
2024-08-24 04:00:00,2746.59,2765.3,2739.4,2758.48,38293.8238
2024-08-24 08:00:00,2758.48,2786.29,2754.82,2756.31,29140.0856
2024-08-24 12:00:00,2756.3,2764.58,2751.36,2761.07,28376.8278
2024-08-24 16:00:00,2761.06,2820.0,2760.28,2793.01,83086.7315
2024-08-24 20:00:00,2793.01,2807.61,2731.26,2768.0,47504.3366
2024-08-25 00:00:00,2768.01,2782.73,2748.9,2764.53,32309.0924
2024-08-25 04:00:00,2764.52,2770.29,2733.21,2743.4,25458.7456
2024-08-25 08:00:00,2743.39,2761.5,2737.23,2750.99,23915.8443
2024-08-25 12:00:00,2751.0,2772.9,2746.0,2763.81,21236.2074
2024-08-25 16:00:00,2763.81,2773.8,2760.15,2766.3,13737.9161
2024-08-25 20:00:00,2766.3,2792.28,2739.77,2746.13,37869.4294
2024-08-26 00:00:00,2746.12,2762.0,2718.14,2744.34,29741.3445
2024-08-26 04:00:00,2744.35,2752.2,2728.54,2733.13,20577.5855
2024-08-26 08:00:00,2733.13,2749.12,2710.01,2737.35,27380.4223
2024-08-26 12:00:00,2737.34,2742.47,2701.43,2721.69,55161.1476
2024-08-26 16:00:00,2721.69,2732.08,2675.52,2680.83,54876.0413
2024-08-26 20:00:00,2680.84,2693.23,2666.66,2680.49,23971.5835
2024-08-27 00:00:00,2680.49,2693.79,2667.12,2685.27,24222.1281
2024-08-27 04:00:00,2685.26,2699.98,2673.6,2687.9,35545.8362
2024-08-27 08:00:00,2687.9,2692.07,2619.3,2626.67,46222.7582
2024-08-27 12:00:00,2626.66,2628.91,2555.0,2579.3,99931.8544
2024-08-27 16:00:00,2579.3,2591.93,2563.49,2584.0,42186.7785
2024-08-27 20:00:00,2584.01,2588.34,2392.96,2457.33,164551.3643
2024-08-28 00:00:00,2457.33,2480.31,2418.8,2478.45,88136.9581
2024-08-28 04:00:00,2478.45,2485.99,2433.3,2437.02,56056.4456
2024-08-28 08:00:00,2437.02,2550.31,2429.14,2523.2,95664.2576
2024-08-28 12:00:00,2523.19,2539.4,2467.93,2496.05,71811.0681
2024-08-28 16:00:00,2496.05,2546.13,2456.19,2504.88,89785.8057
2024-08-28 20:00:00,2504.89,2554.6,2504.6,2528.33,49812.0989
2024-08-29 00:00:00,2528.33,2537.99,2512.2,2523.4,24672.3392
2024-08-29 04:00:00,2523.4,2559.39,2518.44,2547.53,31962.534
2024-08-29 08:00:00,2547.52,2574.22,2536.63,2555.21,33508.6029
2024-08-29 12:00:00,2555.2,2595.4,2552.14,2575.97,59653.3809
2024-08-29 16:00:00,2575.97,2585.69,2509.66,2528.54,61398.5516
2024-08-29 20:00:00,2528.55,2543.6,2505.88,2527.61,25807.5546
2024-08-30 00:00:00,2527.6,2535.4,2505.0,2516.8,28608.572
2024-08-30 04:00:00,2516.8,2533.52,2503.8,2517.41,34519.6722
2024-08-30 08:00:00,2517.42,2528.37,2507.31,2512.44,21297.5566
2024-08-30 12:00:00,2512.43,2552.17,2434.96,2448.75,103983.6261
2024-08-30 16:00:00,2448.76,2542.19,2431.14,2506.94,130701.1151
2024-08-30 20:00:00,2506.94,2530.66,2506.35,2526.0,19268.6521
2024-08-31 00:00:00,2525.99,2533.95,2518.86,2523.52,14166.9397
2024-08-31 04:00:00,2523.52,2529.86,2518.17,2521.01,14956.1787
2024-08-31 08:00:00,2521.01,2529.81,2511.47,2525.5,14773.6726
2024-08-31 12:00:00,2525.49,2527.8,2513.8,2519.19,15368.1774
2024-08-31 16:00:00,2519.18,2519.8,2491.92,2499.8,22057.3239
2024-08-31 20:00:00,2499.79,2528.22,2493.68,2513.01,16623.8224
2024-09-01 00:00:00,2513.0,2516.28,2476.44,2488.74,22040.3526
2024-09-01 04:00:00,2488.75,2491.18,2458.84,2486.82,26820.4775
2024-09-01 08:00:00,2486.82,2492.88,2459.02,2477.74,22368.1709
2024-09-01 12:00:00,2477.73,2489.31,2438.0,2480.83,47978.3656
2024-09-01 16:00:00,2480.83,2514.82,2457.16,2501.71,38784.3156
2024-09-01 20:00:00,2501.71,2516.0,2400.0,2425.72,65136.0938
2024-09-02 00:00:00,2425.71,2455.26,2423.52,2450.52,35331.6569
2024-09-02 04:00:00,2450.47,2466.2,2433.18,2441.14,37943.8673
2024-09-02 08:00:00,2441.14,2539.53,2438.39,2515.81,85893.6804
2024-09-02 12:00:00,2515.81,2528.0,2492.55,2513.2,41643.4238
2024-09-02 16:00:00,2513.2,2530.92,2505.78,2524.25,29916.1001
2024-09-02 20:00:00,2524.26,2564.83,2522.22,2538.01,31904.11
2024-09-03 00:00:00,2538.0,2553.6,2514.73,2516.0,27730.1585
2024-09-03 04:00:00,2516.0,2525.2,2512.46,2519.55,19383.1812
2024-09-03 08:00:00,2519.55,2520.54,2494.24,2509.59,20704.4681
2024-09-03 12:00:00,2509.59,2519.12,2435.79,2444.01,81518.5002
2024-09-03 16:00:00,2444.01,2469.87,2435.83,2447.6,41528.1331
2024-09-03 20:00:00,2447.6,2470.57,2411.12,2425.29,33928.6888
2024-09-04 00:00:00,2425.28,2449.22,2306.65,2373.0,144366.9266
2024-09-04 04:00:00,2372.99,2414.71,2363.56,2401.52,45719.3498
2024-09-04 08:00:00,2401.52,2410.83,2387.15,2398.77,36620.6349
2024-09-04 12:00:00,2398.77,2458.57,2393.16,2455.4,91240.017
2024-09-04 16:00:00,2455.39,2490.0,2439.2,2452.16,48221.7855
2024-09-04 20:00:00,2452.15,2469.55,2443.32,2450.71,18010.6716
2024-09-05 00:00:00,2450.71,2466.0,2404.28,2405.55,51182.1435
2024-09-05 04:00:00,2405.56,2418.47,2376.72,2412.4,42138.4727
2024-09-05 08:00:00,2412.41,2416.35,2383.16,2389.54,28448.2371
2024-09-05 12:00:00,2389.53,2415.15,2355.8,2371.43,85446.0382
2024-09-05 16:00:00,2371.43,2395.99,2348.04,2363.97,43189.7973
2024-09-05 20:00:00,2363.97,2378.33,2350.0,2368.81,28144.4081
2024-09-06 00:00:00,2368.81,2408.4,2357.6,2392.63,32980.5199
2024-09-06 04:00:00,2392.63,2397.35,2321.21,2344.45,57143.7515
2024-09-06 08:00:00,2344.44,2379.4,2338.57,2372.95,39913.21
2024-09-06 12:00:00,2372.96,2408.83,2266.0,2290.21,175343.7092
2024-09-06 16:00:00,2290.21,2293.17,2207.4,2222.56,176299.547
2024-09-06 20:00:00,2222.56,2229.89,2150.55,2225.23,161346.3734
2024-09-07 00:00:00,2225.24,2243.0,2220.98,2238.41,34327.2918
2024-09-07 04:00:00,2238.41,2293.76,2237.61,2288.11,54140.9563
2024-09-07 08:00:00,2288.11,2299.47,2275.2,2283.7,29197.2328
2024-09-07 12:00:00,2283.7,2311.27,2282.03,2300.49,35018.3105
2024-09-07 16:00:00,2300.49,2304.54,2263.4,2290.44,41600.0682
2024-09-07 20:00:00,2290.43,2291.19,2257.37,2273.58,25169.348
2024-09-08 00:00:00,2273.58,2288.33,2263.22,2286.04,19091.7911
2024-09-08 04:00:00,2286.04,2304.8,2283.75,2294.94,21958.6858
2024-09-08 08:00:00,2294.94,2309.86,2287.64,2296.6,24075.8922
2024-09-08 12:00:00,2296.6,2299.0,2240.94,2245.74,52232.089
2024-09-08 16:00:00,2245.74,2283.46,2243.26,2272.09,27008.5984
2024-09-08 20:00:00,2272.08,2333.58,2267.39,2297.3,48408.5928
2024-09-09 00:00:00,2297.3,2320.74,2288.61,2304.23,36474.1665
2024-09-09 04:00:00,2304.23,2316.51,2283.1,2314.33,31102.4478
2024-09-09 08:00:00,2314.33,2339.0,2310.06,2315.29,45191.1776
2024-09-09 12:00:00,2315.3,2325.51,2272.8,2292.55,71423.5153
2024-09-09 16:00:00,2292.56,2352.89,2291.0,2350.57,91396.0358
2024-09-09 20:00:00,2350.57,2381.41,2337.04,2359.5,46111.647
2024-09-10 00:00:00,2359.51,2360.59,2334.99,2340.84,27409.2787
2024-09-10 04:00:00,2340.85,2366.47,2328.0,2363.51,27052.9146
2024-09-10 08:00:00,2363.51,2372.0,2339.08,2351.0,33662.5301
2024-09-10 12:00:00,2351.0,2364.16,2320.41,2325.01,56700.2756
2024-09-10 16:00:00,2325.01,2391.94,2324.52,2380.73,47628.1754
2024-09-10 20:00:00,2380.73,2400.0,2372.2,2388.52,31928.9985
2024-09-11 00:00:00,2388.52,2389.32,2339.0,2348.31,39080.7694
2024-09-11 04:00:00,2348.31,2348.31,2318.66,2341.66,32934.4948
2024-09-11 08:00:00,2341.66,2341.89,2306.45,2327.59,29236.327
2024-09-11 12:00:00,2327.59,2355.32,2277.68,2325.9,110620.3982
2024-09-11 16:00:00,2325.89,2368.87,2324.48,2340.6,54352.1621
2024-09-11 20:00:00,2340.6,2351.8,2333.0,2340.55,16674.161
2024-09-12 00:00:00,2340.54,2391.93,2339.54,2368.0,44561.7461
2024-09-12 04:00:00,2368.01,2379.33,2352.74,2359.59,25955.6825
2024-09-12 08:00:00,2359.59,2365.99,2343.2,2348.55,23459.5022
2024-09-12 12:00:00,2348.56,2366.98,2315.39,2323.2,54189.4376
2024-09-12 16:00:00,2323.2,2361.54,2322.42,2361.03,32562.9832
2024-09-12 20:00:00,2361.03,2373.64,2341.5,2361.76,21881.7792
2024-09-13 00:00:00,2361.75,2364.56,2350.27,2356.04,13613.7223
2024-09-13 04:00:00,2356.04,2359.2,2337.35,2348.88,17905.2743
2024-09-13 08:00:00,2348.87,2376.22,2341.66,2354.35,27196.9041
2024-09-13 12:00:00,2354.39,2412.61,2342.41,2407.79,84151.519
2024-09-13 16:00:00,2407.79,2428.38,2396.06,2421.07,64306.4597
2024-09-13 20:00:00,2421.06,2464.82,2413.14,2439.19,46714.7366
2024-09-14 00:00:00,2439.19,2440.6,2422.28,2432.94,23620.601
2024-09-14 04:00:00,2432.94,2433.6,2413.8,2420.23,16326.8004
2024-09-14 08:00:00,2420.23,2421.76,2407.98,2417.07,19673.4027
2024-09-14 12:00:00,2417.08,2424.11,2412.17,2418.54,19119.1368
2024-09-14 16:00:00,2418.55,2421.15,2376.72,2408.71,31801.3372
2024-09-14 20:00:00,2408.71,2422.99,2407.16,2417.79,12389.9521
2024-09-15 00:00:00,2417.8,2430.32,2416.53,2420.09,14598.6023
2024-09-15 04:00:00,2420.09,2424.49,2414.1,2422.9,9048.6699
2024-09-15 08:00:00,2422.89,2423.18,2401.75,2406.86,14771.6684
2024-09-15 12:00:00,2406.86,2418.72,2396.28,2408.71,20382.7049
2024-09-15 16:00:00,2408.72,2409.12,2362.71,2372.35,41671.0716
2024-09-15 20:00:00,2372.34,2372.34,2283.75,2316.1,73891.4775
2024-09-16 00:00:00,2316.09,2322.6,2252.39,2278.38,86962.8377
2024-09-16 04:00:00,2278.38,2312.86,2276.1,2310.69,42263.8162
2024-09-16 08:00:00,2310.69,2335.7,2289.0,2307.8,45264.6371
2024-09-16 12:00:00,2307.8,2312.6,2269.52,2287.72,53576.0851
2024-09-16 16:00:00,2287.73,2311.06,2269.25,2275.22,57131.6662
2024-09-16 20:00:00,2275.22,2301.6,2267.6,2295.68,45356.1897
2024-09-17 00:00:00,2295.67,2298.91,2263.29,2284.18,28503.775
2024-09-17 04:00:00,2284.19,2310.75,2282.44,2309.18,23151.7754
2024-09-17 08:00:00,2309.18,2323.69,2302.46,2308.12,40567.8112
2024-09-17 12:00:00,2308.12,2393.63,2302.61,2383.79,100277.9426
2024-09-17 16:00:00,2383.79,2390.0,2327.9,2353.09,55350.6039
2024-09-17 20:00:00,2353.09,2361.6,2328.79,2341.8,26354.3507
2024-09-18 00:00:00,2341.79,2343.28,2309.69,2334.79,33269.0484
2024-09-18 04:00:00,2334.79,2336.24,2312.64,2330.0,24340.0227
2024-09-18 08:00:00,2330.0,2330.01,2277.34,2300.59,43998.7581
2024-09-18 12:00:00,2300.6,2318.0,2288.0,2296.0,39254.5568
2024-09-18 16:00:00,2296.0,2364.42,2288.25,2315.19,107978.8702
2024-09-18 20:00:00,2315.19,2376.14,2290.0,2374.75,44076.3446
2024-09-19 00:00:00,2374.74,2412.82,2372.6,2403.68,74063.4655
2024-09-19 04:00:00,2403.69,2442.6,2399.59,2438.06,51924.8166
2024-09-19 08:00:00,2438.07,2442.1,2423.35,2435.35,42639.8525
2024-09-19 12:00:00,2435.34,2453.0,2420.48,2440.0,57030.3325
2024-09-19 16:00:00,2439.99,2494.95,2433.41,2460.93,69471.6538
2024-09-19 20:00:00,2460.94,2478.8,2452.26,2465.21,31615.9111
2024-09-20 00:00:00,2465.21,2521.71,2437.31,2520.56,49254.4522
2024-09-20 04:00:00,2520.56,2571.93,2516.81,2561.0,103499.6359
2024-09-20 08:00:00,2561.0,2565.0,2539.34,2544.96,43297.2088
2024-09-20 12:00:00,2544.95,2570.0,2516.2,2560.27,81292.3298
2024-09-20 16:00:00,2560.27,2569.0,2525.36,2540.98,42141.6771
2024-09-20 20:00:00,2540.97,2562.4,2538.47,2561.4,21269.2874
2024-09-21 00:00:00,2561.4,2587.4,2534.17,2544.0,43762.2681
2024-09-21 04:00:00,2544.01,2558.99,2528.97,2555.77,24115.9844
2024-09-21 08:00:00,2555.77,2557.34,2545.04,2556.5,13639.3088
2024-09-21 12:00:00,2556.49,2576.47,2550.44,2560.0,26807.5925
2024-09-21 16:00:00,2560.0,2578.4,2556.21,2572.05,16053.7707
2024-09-21 20:00:00,2572.06,2623.34,2560.0,2612.4,30378.9528
2024-09-22 00:00:00,2612.4,2632.57,2588.1,2594.71,44959.9
2024-09-22 04:00:00,2594.7,2604.6,2576.01,2587.99,23704.0734
2024-09-22 08:00:00,2587.99,2595.76,2569.61,2580.59,27603.6937
2024-09-22 12:00:00,2580.59,2588.0,2554.82,2570.51,35522.7974
2024-09-22 16:00:00,2570.51,2591.69,2552.49,2578.37,36410.4297
2024-09-22 20:00:00,2578.38,2594.0,2524.58,2581.0,46065.4315
2024-09-23 00:00:00,2580.99,2687.24,2539.49,2676.71,98308.8181
2024-09-23 04:00:00,2676.71,2681.13,2636.49,2646.48,44218.2619
2024-09-23 08:00:00,2646.47,2662.47,2633.91,2646.0,36840.1003
2024-09-23 12:00:00,2646.0,2685.1,2631.45,2675.38,59269.4637
2024-09-23 16:00:00,2675.37,2702.82,2658.08,2672.97,58966.6192
2024-09-23 20:00:00,2672.97,2682.3,2639.55,2646.97,35678.7517
2024-09-24 00:00:00,2646.98,2651.39,2609.4,2627.4,52066.9646
2024-09-24 04:00:00,2627.39,2649.4,2618.28,2647.0,25605.4939
2024-09-24 08:00:00,2647.0,2667.75,2619.35,2636.85,45110.5414
2024-09-24 12:00:00,2636.86,2646.36,2591.56,2612.44,79666.7414
2024-09-24 16:00:00,2612.44,2657.0,2611.07,2650.49,44179.4142
2024-09-24 20:00:00,2650.49,2670.96,2640.14,2653.2,41970.8847
2024-09-25 00:00:00,2653.2,2673.5,2632.5,2646.6,45571.698
2024-09-25 04:00:00,2646.61,2646.87,2610.53,2621.47,36076.8035
2024-09-25 08:00:00,2621.48,2630.52,2613.99,2627.4,28484.7217
2024-09-25 12:00:00,2627.39,2629.56,2595.61,2600.81,40267.1429
2024-09-25 16:00:00,2600.81,2609.39,2564.77,2570.69,47192.8845
2024-09-25 20:00:00,2570.69,2584.75,2554.05,2579.95,22750.1787
2024-09-26 00:00:00,2580.09,2607.0,2559.2,2602.3,41277.9557
2024-09-26 04:00:00,2602.31,2634.95,2591.75,2629.8,30667.359
2024-09-26 08:00:00,2629.8,2639.5,2612.83,2628.8,46833.8007
2024-09-26 12:00:00,2628.79,2663.8,2607.92,2652.01,82796.5157
2024-09-26 16:00:00,2652.01,2666.22,2626.8,2648.99,46663.0564
2024-09-26 20:00:00,2649.0,2654.97,2617.49,2632.26,30447.6698
2024-09-27 00:00:00,2632.25,2644.9,2615.21,2638.66,26768.3738
2024-09-27 04:00:00,2638.66,2668.37,2636.8,2657.27,56713.5886
2024-09-27 08:00:00,2657.28,2677.61,2641.3,2652.0,41596.5263
2024-09-27 12:00:00,2652.0,2699.68,2642.2,2683.62,67237.2116
2024-09-27 16:00:00,2683.63,2728.6,2678.49,2701.37,71817.2564
2024-09-27 20:00:00,2701.38,2708.41,2689.99,2694.43,17694.0225
2024-09-28 00:00:00,2694.43,2704.35,2688.01,2690.31,21128.0815
2024-09-28 04:00:00,2690.31,2700.36,2674.75,2677.93,24118.7176
2024-09-28 08:00:00,2677.93,2678.42,2650.0,2675.22,29681.2006
2024-09-28 12:00:00,2675.23,2675.9,2652.2,2669.9,24672.6722
2024-09-28 16:00:00,2669.89,2684.51,2662.21,2678.34,21399.5884
2024-09-28 20:00:00,2678.33,2680.33,2655.5,2675.21,16229.7739
2024-09-29 00:00:00,2675.21,2683.7,2663.64,2674.96,13413.3075
2024-09-29 04:00:00,2674.96,2674.96,2629.73,2640.44,55180.1074
2024-09-29 08:00:00,2640.43,2655.0,2634.2,2652.49,24320.7835
2024-09-29 12:00:00,2652.49,2669.2,2641.0,2666.38,24891.9894
2024-09-29 16:00:00,2666.38,2671.8,2650.49,2666.78,20369.8117
2024-09-29 20:00:00,2666.77,2673.41,2648.0,2657.62,22378.3151
2024-09-30 00:00:00,2657.62,2663.5,2601.12,2629.89,67474.6477
2024-09-30 04:00:00,2629.89,2643.53,2623.08,2637.82,27997.402
2024-09-30 08:00:00,2637.81,2643.08,2592.42,2628.94,66786.5368
2024-09-30 12:00:00,2628.94,2638.94,2593.73,2596.0,35767.354
2024-09-30 16:00:00,2595.99,2610.01,2575.0,2595.31,45071.6506
2024-09-30 20:00:00,2595.31,2617.46,2576.58,2602.23,39378.205
2024-10-01 00:00:00,2602.24,2633.3,2591.34,2629.83,46721.4787
2024-10-01 04:00:00,2629.83,2659.0,2627.6,2645.61,41960.4537
2024-10-01 08:00:00,2645.61,2647.19,2628.47,2628.87,28094.2912
2024-10-01 12:00:00,2628.86,2633.42,2481.4,2524.81,162363.3521
2024-10-01 16:00:00,2524.81,2531.4,2428.34,2488.71,137494.6322
2024-10-01 20:00:00,2488.71,2492.4,2414.0,2447.79,86194.4725
2024-10-02 00:00:00,2447.78,2499.0,2442.13,2489.6,44750.7125
2024-10-02 04:00:00,2489.6,2492.93,2467.19,2482.04,33754.5231
2024-10-02 08:00:00,2482.03,2486.89,2441.71,2455.22,39918.2223
2024-10-02 12:00:00,2455.22,2463.67,2418.8,2460.4,69451.668
2024-10-02 16:00:00,2460.4,2478.89,2368.03,2371.77,74986.2284
2024-10-02 20:00:00,2371.77,2392.99,2352.0,2364.1,54623.3807
2024-10-03 00:00:00,2364.09,2399.6,2352.59,2399.32,42118.3821
2024-10-03 04:00:00,2399.32,2403.38,2360.0,2364.66,42369.5009
2024-10-03 08:00:00,2364.65,2370.0,2318.72,2352.34,83288.927
2024-10-03 12:00:00,2352.35,2366.09,2310.0,2340.59,87184.8993
2024-10-03 16:00:00,2340.6,2354.31,2312.0,2353.51,39550.6975
2024-10-03 20:00:00,2353.51,2357.9,2332.6,2349.8,20123.5195
2024-10-04 00:00:00,2349.8,2380.0,2339.15,2367.06,38159.3861
2024-10-04 04:00:00,2367.07,2387.58,2365.63,2381.6,29429.7729
2024-10-04 08:00:00,2381.6,2393.52,2374.11,2386.2,24944.9194
2024-10-04 12:00:00,2386.2,2418.41,2352.6,2417.05,79263.7285
2024-10-04 16:00:00,2417.1,2441.64,2409.67,2428.9,52325.0473
2024-10-04 20:00:00,2428.9,2431.74,2412.4,2414.41,15260.1628
2024-10-05 00:00:00,2414.41,2428.23,2390.26,2399.6,20356.2535
2024-10-05 04:00:00,2399.61,2427.0,2397.11,2415.1,14638.4733
2024-10-05 08:00:00,2415.11,2428.22,2415.1,2417.19,14026.2539
2024-10-05 12:00:00,2417.19,2424.15,2404.7,2415.01,20570.7141
2024-10-05 16:00:00,2415.01,2416.1,2392.8,2396.54,18796.2094
2024-10-05 20:00:00,2396.54,2419.5,2390.05,2414.66,15352.3274
2024-10-06 00:00:00,2414.66,2423.0,2407.0,2413.64,11865.5663
2024-10-06 04:00:00,2413.63,2421.0,2410.35,2417.38,10555.4611
2024-10-06 08:00:00,2417.39,2430.73,2415.4,2426.63,13919.4157
2024-10-06 12:00:00,2426.64,2457.8,2424.91,2446.62,28185.7731
2024-10-06 16:00:00,2446.62,2453.0,2435.4,2441.39,20084.9861
2024-10-06 20:00:00,2441.4,2444.6,2415.65,2440.03,21141.5073
2024-10-07 00:00:00,2440.02,2512.92,2435.84,2495.34,64906.1124
2024-10-07 04:00:00,2495.34,2498.7,2477.24,2480.53,24519.6837
2024-10-07 08:00:00,2480.54,2488.87,2437.9,2475.84,53068.404
2024-10-07 12:00:00,2475.84,2521.0,2462.67,2474.23,69983.6456
2024-10-07 16:00:00,2474.24,2481.2,2420.01,2445.62,50138.6127
2024-10-07 20:00:00,2445.62,2457.65,2403.0,2422.71,37843.0823
2024-10-08 00:00:00,2422.7,2448.1,2422.7,2438.13,23442.3811
2024-10-08 04:00:00,2438.13,2445.74,2410.51,2428.6,30639.3201
2024-10-08 08:00:00,2428.6,2441.74,2417.4,2439.71,20649.4241
2024-10-08 12:00:00,2439.71,2453.23,2401.18,2419.5,63179.4006
2024-10-08 16:00:00,2419.49,2456.62,2411.17,2440.13,43221.5315
2024-10-08 20:00:00,2440.13,2466.66,2434.06,2440.89,20226.2738
2024-10-09 00:00:00,2440.88,2473.61,2427.44,2446.78,35935.5975
2024-10-09 04:00:00,2446.78,2452.61,2431.71,2436.01,21223.492
2024-10-09 08:00:00,2436.0,2442.55,2427.79,2441.7,22985.73
2024-10-09 12:00:00,2441.69,2472.08,2423.13,2461.3,55578.003
2024-10-09 16:00:00,2461.3,2462.61,2407.43,2418.3,40763.1329
2024-10-09 20:00:00,2418.3,2418.3,2351.42,2370.47,65596.3171
2024-10-10 00:00:00,2370.47,2400.6,2366.87,2395.3,38178.3731
2024-10-10 04:00:00,2395.31,2411.38,2391.12,2395.8,20018.0731
2024-10-10 08:00:00,2395.78,2408.12,2368.55,2406.56,32497.4526
2024-10-10 12:00:00,2406.56,2408.93,2370.0,2404.63,50311.8395
2024-10-10 16:00:00,2404.62,2421.36,2330.66,2367.13,93309.876
2024-10-10 20:00:00,2367.13,2387.09,2357.07,2386.49,23547.3476
2024-10-11 00:00:00,2386.49,2416.94,2381.86,2411.1,30289.8309
2024-10-11 04:00:00,2411.18,2418.55,2403.36,2407.64,24815.734
2024-10-11 08:00:00,2407.64,2426.22,2402.65,2417.82,29077.8241
2024-10-11 12:00:00,2417.83,2453.84,2414.51,2443.81,70787.7003
2024-10-11 16:00:00,2443.8,2471.45,2433.46,2459.6,54255.9426
2024-10-11 20:00:00,2459.59,2462.31,2434.22,2439.5,26214.1878
2024-10-12 00:00:00,2439.49,2451.37,2434.35,2439.04,25581.3859
2024-10-12 04:00:00,2439.05,2451.77,2439.05,2446.69,19107.4669
2024-10-12 08:00:00,2446.68,2467.51,2442.61,2452.5,22359.2388
2024-10-12 12:00:00,2452.5,2484.0,2448.8,2473.11,38159.8719
2024-10-12 16:00:00,2473.1,2486.75,2466.66,2472.6,21868.9413
2024-10-12 20:00:00,2472.6,2490.51,2469.1,2476.4,12560.6014
2024-10-13 00:00:00,2476.4,2484.92,2452.55,2457.86,22224.4323
2024-10-13 04:00:00,2457.86,2469.84,2457.32,2465.0,11829.3096
2024-10-13 08:00:00,2465.0,2471.74,2457.52,2458.27,13286.2189
2024-10-13 12:00:00,2458.27,2470.49,2436.4,2440.51,25303.6962
2024-10-13 16:00:00,2440.51,2462.31,2437.92,2458.09,24263.4219
2024-10-13 20:00:00,2458.09,2484.6,2452.87,2468.91,23115.739
2024-10-14 00:00:00,2468.92,2526.6,2443.39,2521.11,65340.254
2024-10-14 04:00:00,2521.11,2548.43,2511.34,2535.78,90677.8823
2024-10-14 08:00:00,2535.78,2547.49,2519.65,2537.9,44684.5599
2024-10-14 12:00:00,2537.91,2642.88,2534.47,2635.47,149388.5896
2024-10-14 16:00:00,2635.47,2640.4,2615.12,2620.51,51675.6035
2024-10-14 20:00:00,2620.5,2654.0,2616.1,2629.79,34133.2726
2024-10-15 00:00:00,2629.79,2637.38,2608.52,2612.32,32699.9359
2024-10-15 04:00:00,2612.33,2623.7,2590.29,2615.66,39737.151
2024-10-15 08:00:00,2615.67,2622.5,2580.01,2586.2,46038.5745
2024-10-15 12:00:00,2586.2,2688.6,2537.36,2573.45,191312.0206
2024-10-15 16:00:00,2573.42,2619.33,2571.36,2592.11,70160.4914
2024-10-15 20:00:00,2592.11,2609.08,2563.6,2607.41,36337.4929
2024-10-16 00:00:00,2607.41,2630.6,2588.67,2617.23,41559.1494
2024-10-16 04:00:00,2617.22,2624.44,2598.77,2607.13,44954.7587
2024-10-16 08:00:00,2607.12,2642.69,2605.01,2630.4,57405.2416
2024-10-16 12:00:00,2630.41,2647.79,2595.0,2607.67,69142.741
2024-10-16 16:00:00,2607.68,2628.0,2591.58,2614.93,29249.1835
2024-10-16 20:00:00,2614.93,2628.83,2608.94,2611.1,18011.35
2024-10-17 00:00:00,2611.1,2645.6,2610.03,2640.8,42096.8727
2024-10-17 04:00:00,2640.8,2648.37,2618.99,2628.5,33833.5101
2024-10-17 08:00:00,2628.5,2630.71,2596.49,2598.01,37961.3642
2024-10-17 12:00:00,2598.01,2632.73,2583.5,2630.82,53370.1693
2024-10-17 16:00:00,2630.81,2631.43,2575.4,2595.59,36027.0507
2024-10-17 20:00:00,2595.6,2614.91,2594.8,2605.8,18335.5764
2024-10-18 00:00:00,2605.79,2651.66,2596.49,2609.99,55249.9857
2024-10-18 04:00:00,2609.98,2645.83,2608.79,2644.5,39782.9796
2024-10-18 08:00:00,2644.51,2650.0,2621.0,2621.98,34026.8825
2024-10-18 12:00:00,2621.98,2663.4,2612.2,2653.15,73294.5491
2024-10-18 16:00:00,2653.15,2675.58,2629.5,2651.31,65334.2914
2024-10-18 20:00:00,2651.38,2652.03,2633.59,2642.17,24755.427
2024-10-19 00:00:00,2642.17,2663.49,2635.22,2646.41,24351.122
2024-10-19 04:00:00,2646.41,2650.97,2638.0,2641.05,16877.9183
2024-10-19 08:00:00,2641.05,2648.6,2631.02,2631.48,17547.521
2024-10-19 12:00:00,2631.48,2654.41,2631.04,2645.7,19701.0133
2024-10-19 16:00:00,2645.69,2646.52,2637.0,2641.34,14020.3029
2024-10-19 20:00:00,2641.34,2655.5,2640.89,2648.2,12915.8871
2024-10-20 00:00:00,2648.2,2653.56,2635.54,2640.25,16860.0707
2024-10-20 04:00:00,2640.26,2652.03,2638.45,2646.1,16365.2238
2024-10-20 08:00:00,2646.1,2651.49,2643.13,2649.49,12696.1974
2024-10-20 12:00:00,2649.5,2721.0,2642.0,2706.58,100584.9476
2024-10-20 16:00:00,2706.58,2709.77,2686.25,2699.86,31714.755
2024-10-20 20:00:00,2699.87,2759.0,2697.03,2746.91,78689.5503
2024-10-21 00:00:00,2746.91,2769.48,2725.3,2733.81,65279.2393
2024-10-21 04:00:00,2733.81,2744.24,2721.62,2722.01,36486.2056
2024-10-21 08:00:00,2722.01,2729.2,2701.41,2704.77,46379.4613
2024-10-21 12:00:00,2704.77,2711.36,2659.12,2679.43,90914.2578
2024-10-21 16:00:00,2679.43,2684.79,2655.01,2680.1,46431.9384
2024-10-21 20:00:00,2680.1,2685.02,2665.69,2666.7,25183.6208
2024-10-22 00:00:00,2666.71,2671.92,2613.49,2644.56,74882.1172
2024-10-22 04:00:00,2644.56,2659.39,2635.21,2646.79,28463.0967
2024-10-22 08:00:00,2646.8,2649.19,2613.2,2632.9,45524.9314
2024-10-22 12:00:00,2632.89,2645.5,2606.56,2624.33,65580.5638
2024-10-22 16:00:00,2624.33,2633.82,2607.0,2628.01,30526.639
2024-10-22 20:00:00,2628.01,2644.1,2618.21,2622.81,20770.3649
2024-10-23 00:00:00,2622.81,2628.2,2601.18,2616.5,28370.0336
2024-10-23 04:00:00,2616.49,2624.68,2602.63,2602.81,25160.8196
2024-10-23 08:00:00,2602.81,2611.52,2563.73,2580.93,57446.364
2024-10-23 12:00:00,2580.94,2587.4,2529.66,2540.22,82536.558
2024-10-23 16:00:00,2540.21,2542.56,2450.0,2512.51,127126.4845
2024-10-23 20:00:00,2512.51,2528.49,2502.0,2524.61,32007.4489
2024-10-24 00:00:00,2524.6,2560.75,2508.98,2544.8,51444.6055
2024-10-24 04:00:00,2544.8,2562.65,2540.38,2544.76,50086.9987
2024-10-24 08:00:00,2544.76,2551.4,2508.8,2529.47,42147.9069
2024-10-24 12:00:00,2529.47,2545.75,2513.4,2525.84,72617.4411
2024-10-24 16:00:00,2525.8,2541.91,2507.31,2539.96,40463.6768
2024-10-24 20:00:00,2539.97,2560.0,2526.6,2535.82,34091.1552
2024-10-25 00:00:00,2535.82,2538.53,2509.89,2521.73,27585.145
2024-10-25 04:00:00,2521.73,2522.55,2462.06,2484.07,63749.3653
2024-10-25 08:00:00,2484.07,2547.0,2478.37,2545.13,79017.9636
2024-10-25 12:00:00,2545.13,2566.33,2508.71,2524.86,83767.1181
2024-10-25 16:00:00,2524.86,2536.7,2455.6,2476.1,114795.8392
2024-10-25 20:00:00,2476.11,2496.59,2382.59,2440.62,145884.451
2024-10-26 00:00:00,2440.63,2458.0,2430.12,2452.27,59166.402
2024-10-26 04:00:00,2452.27,2479.7,2451.4,2465.61,39515.6559
2024-10-26 08:00:00,2465.62,2478.99,2463.23,2472.98,35646.5741
2024-10-26 12:00:00,2472.98,2478.8,2442.2,2457.59,54074.5149
2024-10-26 16:00:00,2457.6,2488.14,2455.77,2486.68,35230.3821
2024-10-26 20:00:00,2486.68,2508.0,2481.9,2482.51,25091.3023
2024-10-27 00:00:00,2482.51,2484.89,2469.52,2484.64,15688.7621
2024-10-27 04:00:00,2484.65,2486.84,2477.98,2481.26,13016.3023
2024-10-27 08:00:00,2481.25,2484.4,2464.13,2469.86,20154.6201
2024-10-27 12:00:00,2469.86,2505.82,2469.75,2501.97,37377.7212
2024-10-27 16:00:00,2501.98,2511.7,2486.0,2494.59,22550.227
2024-10-27 20:00:00,2494.58,2527.99,2490.83,2507.8,28793.2509
2024-10-28 00:00:00,2507.8,2512.53,2471.67,2477.71,28902.3387
2024-10-28 04:00:00,2477.7,2527.0,2473.2,2511.77,39534.4516
2024-10-28 08:00:00,2511.77,2544.74,2505.18,2527.12,50665.782
2024-10-28 12:00:00,2527.12,2536.6,2498.46,2501.02,73780.0943
2024-10-28 16:00:00,2501.01,2524.3,2488.0,2506.7,77169.9539
2024-10-28 20:00:00,2506.7,2589.67,2505.01,2567.48,90552.7065
2024-10-29 00:00:00,2567.49,2631.66,2561.2,2607.75,113234.5153
2024-10-29 04:00:00,2607.75,2626.49,2607.75,2613.3,47598.2051
2024-10-29 08:00:00,2613.29,2638.8,2612.81,2631.59,47484.2184
2024-10-29 12:00:00,2631.59,2650.99,2611.33,2648.52,76755.787
2024-10-29 16:00:00,2648.51,2681.86,2623.22,2624.74,118181.9834
2024-10-29 20:00:00,2624.74,2648.25,2606.82,2638.8,48660.9933
2024-10-30 00:00:00,2638.8,2651.42,2599.66,2641.7,58651.4667
2024-10-30 04:00:00,2641.71,2684.21,2636.2,2668.6,56092.6306
2024-10-30 08:00:00,2668.6,2696.5,2657.09,2659.18,73414.7548
2024-10-30 12:00:00,2659.18,2722.3,2653.03,2683.08,149492.5606
2024-10-30 16:00:00,2683.07,2696.22,2653.26,2655.0,51758.8372
2024-10-30 20:00:00,2655.0,2686.13,2635.52,2659.19,71216.8761
2024-10-31 00:00:00,2659.19,2669.0,2637.63,2657.0,44745.4639
2024-10-31 04:00:00,2657.0,2657.99,2631.63,2646.8,30494.4159
2024-10-31 08:00:00,2646.79,2648.5,2625.26,2638.81,49785.3798
2024-10-31 12:00:00,2638.82,2641.0,2541.23,2562.86,138890.8756
2024-10-31 16:00:00,2562.86,2564.09,2506.3,2514.33,86177.7516
2024-10-31 20:00:00,2514.34,2530.07,2503.0,2518.61,53333.3149
2024-11-01 00:00:00,2518.61,2533.25,2467.67,2503.2,86691.3327
2024-11-01 04:00:00,2503.2,2516.2,2485.35,2504.12,43728.3342
2024-11-01 08:00:00,2504.12,2525.8,2494.55,2515.44,50334.2681
2024-11-01 12:00:00,2515.44,2586.8,2481.68,2500.03,148101.0589
2024-11-01 16:00:00,2500.02,2538.58,2495.2,2514.49,70817.1562
2024-11-01 20:00:00,2514.5,2527.46,2485.05,2511.49,30576.9572
2024-11-02 00:00:00,2511.49,2523.45,2501.0,2506.7,23860.5833
2024-11-02 04:00:00,2506.71,2513.87,2499.59,2507.35,15843.2724
2024-11-02 08:00:00,2507.34,2510.3,2491.2,2502.13,20552.6748
2024-11-02 12:00:00,2502.14,2504.5,2470.0,2488.79,55572.1722
2024-11-02 16:00:00,2488.78,2497.73,2479.3,2493.02,18610.8072
2024-11-02 20:00:00,2493.01,2497.89,2485.1,2494.23,11521.6201
2024-11-03 00:00:00,2494.23,2496.39,2421.29,2449.59,67070.7487
2024-11-03 04:00:00,2449.6,2463.83,2441.1,2450.03,24030.4785
2024-11-03 08:00:00,2450.03,2462.64,2443.94,2454.47,36799.3352
2024-11-03 12:00:00,2454.47,2460.6,2413.38,2442.63,60945.4178
2024-11-03 16:00:00,2442.63,2459.53,2411.0,2452.89,52907.215
2024-11-03 20:00:00,2452.89,2475.52,2447.4,2457.73,34255.9245
2024-11-04 00:00:00,2457.73,2491.39,2434.99,2473.76,37127.5002
2024-11-04 04:00:00,2473.77,2482.42,2457.21,2459.67,22635.0346
2024-11-04 08:00:00,2459.68,2478.0,2447.34,2470.2,28566.6765
2024-11-04 12:00:00,2470.2,2486.0,2431.51,2442.6,56215.3522
2024-11-04 16:00:00,2442.6,2446.32,2405.8,2430.43,63432.5532
2024-11-04 20:00:00,2430.42,2432.08,2357.59,2398.21,98339.8478
2024-11-05 00:00:00,2398.21,2421.4,2380.74,2420.41,47944.8664
2024-11-05 04:00:00,2420.4,2445.7,2417.21,2443.4,38943.023
2024-11-05 08:00:00,2443.41,2448.0,2430.31,2440.63,36062.5012
2024-11-05 12:00:00,2440.63,2480.0,2427.4,2441.19,89272.4654
2024-11-05 16:00:00,2441.2,2475.0,2401.3,2408.4,71328.772
2024-11-05 20:00:00,2408.39,2440.0,2401.7,2422.55,48067.6265
2024-11-06 00:00:00,2422.6,2638.0,2420.3,2579.31,273196.315
2024-11-06 04:00:00,2579.31,2643.2,2561.0,2594.0,263406.854
2024-11-06 08:00:00,2593.99,2637.0,2571.0,2629.02,130007.8482
2024-11-06 12:00:00,2629.03,2666.66,2608.0,2634.19,142673.0702
2024-11-06 16:00:00,2634.2,2687.26,2633.43,2687.25,84147.198
2024-11-06 20:00:00,2687.25,2744.7,2669.25,2721.87,108710.0764
2024-11-07 00:00:00,2721.88,2880.0,2699.49,2852.42,239110.0996
2024-11-07 04:00:00,2852.43,2855.0,2779.91,2820.29,104122.5449
2024-11-07 08:00:00,2820.3,2830.0,2790.0,2792.28,65854.3896
2024-11-07 12:00:00,2792.28,2849.0,2776.0,2847.49,100484.4486
2024-11-07 16:00:00,2847.5,2893.8,2823.75,2885.0,121819.8352
2024-11-07 20:00:00,2885.0,2916.11,2864.25,2895.47,99454.6345
2024-11-08 00:00:00,2895.47,2954.94,2886.4,2902.42,126526.9325
2024-11-08 04:00:00,2902.42,2924.2,2892.0,2911.96,70741.7346
2024-11-08 08:00:00,2911.88,2930.89,2893.33,2914.39,62192.9151
2024-11-08 12:00:00,2914.4,2956.56,2903.0,2937.04,110108.0276
2024-11-08 16:00:00,2937.03,2981.69,2890.04,2949.96,126505.7537
2024-11-08 20:00:00,2949.96,2975.45,2915.8,2961.75,72789.0715
2024-11-09 00:00:00,2961.75,2995.22,2954.56,2965.5,76958.1964
2024-11-09 04:00:00,2965.5,3058.77,2953.71,3030.38,129030.9382
2024-11-09 08:00:00,3030.37,3055.88,3021.46,3051.6,69670.2941
2024-11-09 12:00:00,3051.59,3054.17,3028.4,3040.88,53748.8853
2024-11-09 16:00:00,3040.85,3094.55,2990.58,3070.39,98531.409
2024-11-09 20:00:00,3070.4,3157.4,3065.56,3126.21,98779.6982
2024-11-10 00:00:00,3126.2,3151.41,3103.7,3134.82,92569.5686
2024-11-10 04:00:00,3134.82,3216.47,3129.97,3185.89,188145.3329
2024-11-10 08:00:00,3185.89,3230.0,3168.81,3220.0,96121.2648
2024-11-10 12:00:00,3220.01,3236.64,3167.56,3209.53,126863.0189
2024-11-10 16:00:00,3209.52,3248.52,3150.0,3164.27,167610.7179
2024-11-10 20:00:00,3164.27,3225.99,3069.0,3183.21,194226.8291
2024-11-11 00:00:00,3183.2,3221.8,3171.16,3195.07,94211.1415
2024-11-11 04:00:00,3195.08,3196.98,3105.0,3140.16,103633.8888
2024-11-11 08:00:00,3140.16,3212.49,3132.1,3197.79,91922.0003
2024-11-11 12:00:00,3197.79,3256.4,3139.5,3236.98,202264.4074
2024-11-11 16:00:00,3236.97,3346.4,3233.63,3300.2,264375.1673
2024-11-11 20:00:00,3300.21,3387.61,3280.0,3371.59,243687.3611
2024-11-12 00:00:00,3371.59,3374.78,3248.42,3335.6,175983.7872
2024-11-12 04:00:00,3335.59,3394.09,3314.98,3368.72,129963.2749
2024-11-12 08:00:00,3368.72,3442.5,3207.67,3282.42,280549.6624
2024-11-12 12:00:00,3282.41,3296.93,3208.33,3261.65,188297.4664
2024-11-12 16:00:00,3261.72,3304.57,3209.5,3272.82,117233.5137
2024-11-12 20:00:00,3272.94,3304.78,3238.63,3243.8,81188.0239
2024-11-13 00:00:00,3243.79,3285.52,3201.83,3207.99,130449.5382
2024-11-13 04:00:00,3207.99,3230.19,3116.69,3160.89,153493.6167
2024-11-13 08:00:00,3160.89,3191.74,3140.75,3168.0,83693.5545
2024-11-13 12:00:00,3168.0,3328.53,3152.15,3309.28,253124.0517
2024-11-13 16:00:00,3309.28,3331.0,3155.0,3158.81,193136.2758
2024-11-13 20:00:00,3158.8,3198.52,3118.39,3187.16,105789.3378
2024-11-14 00:00:00,3187.16,3228.35,3163.64,3217.21,85729.4181
2024-11-14 04:00:00,3217.21,3240.4,3174.37,3217.62,67360.4466
2024-11-14 08:00:00,3217.62,3230.73,3155.0,3185.23,78316.7747
2024-11-14 12:00:00,3185.22,3198.99,3060.0,3077.68,180775.9688
2024-11-14 16:00:00,3077.68,3181.0,3070.84,3145.41,97075.8204
2024-11-14 20:00:00,3145.41,3145.41,3028.56,3058.82,96522.2376
2024-11-15 00:00:00,3058.81,3092.54,3034.87,3082.44,62360.0892
2024-11-15 04:00:00,3082.43,3082.43,3014.79,3039.48,74927.4912
2024-11-15 08:00:00,3039.49,3114.0,3022.0,3104.29,72596.3179
2024-11-15 12:00:00,3104.29,3131.06,3014.5,3023.73,119823.0011
2024-11-15 16:00:00,3023.73,3059.9,3015.6,3039.58,94772.9642
2024-11-15 20:00:00,3039.58,3120.0,3038.24,3090.01,95143.7681
2024-11-16 00:00:00,3090.01,3157.71,3072.0,3154.78,69859.898
2024-11-16 04:00:00,3154.77,3165.0,3101.11,3106.66,53482.9739
2024-11-16 08:00:00,3106.67,3195.63,3103.17,3195.34,81474.3886
2024-11-16 12:00:00,3195.34,3219.97,3120.41,3141.11,120631.9141
2024-11-16 16:00:00,3141.11,3184.6,3128.0,3169.01,55018.2084
2024-11-16 20:00:00,3169.01,3175.0,3121.91,3132.87,43171.7743
2024-11-17 00:00:00,3132.88,3154.0,3034.99,3080.68,99299.4635
2024-11-17 04:00:00,3080.67,3147.72,3076.2,3136.79,85339.4369
2024-11-17 08:00:00,3136.79,3162.11,3100.81,3105.52,64426.9637
2024-11-17 12:00:00,3105.53,3126.72,3067.33,3086.21,75728.2645
2024-11-17 16:00:00,3086.2,3115.72,3071.6,3097.74,57460.056
2024-11-17 20:00:00,3097.74,3106.99,3042.93,3076.0,67564.7729
2024-11-18 00:00:00,3075.99,3124.2,3069.0,3111.96,55672.4888
2024-11-18 04:00:00,3111.95,3149.71,3096.07,3130.55,57048.834
2024-11-18 08:00:00,3130.56,3139.78,3050.01,3056.28,74634.8774
2024-11-18 12:00:00,3056.29,3157.5,3052.19,3143.41,150241.3211
2024-11-18 16:00:00,3143.41,3199.0,3090.3,3127.17,182179.47
2024-11-18 20:00:00,3127.17,3224.94,3122.22,3207.8,120881.4444
2024-11-19 00:00:00,3207.81,3221.2,3141.7,3148.5,84612.4122
2024-11-19 04:00:00,3148.5,3159.93,3107.37,3118.08,67070.5837
2024-11-19 08:00:00,3118.09,3130.0,3091.13,3126.51,63945.7633
2024-11-19 12:00:00,3126.51,3150.0,3076.0,3104.36,110206.3018
2024-11-19 16:00:00,3104.35,3145.0,3099.49,3122.19,86887.7832
2024-11-19 20:00:00,3122.2,3131.11,3065.4,3107.44,87389.1752
2024-11-20 00:00:00,3107.45,3127.64,3071.6,3096.0,61244.1217
2024-11-20 04:00:00,3095.99,3115.01,3087.51,3109.54,41876.4871
2024-11-20 08:00:00,3109.54,3135.13,3083.8,3099.82,70771.0925
2024-11-20 12:00:00,3099.82,3159.2,3081.56,3130.0,146945.8507
2024-11-20 16:00:00,3130.0,3135.0,3029.41,3058.05,130168.2034
2024-11-20 20:00:00,3058.04,3093.16,3044.38,3069.97,52602.0782
2024-11-21 00:00:00,3069.97,3101.0,3032.59,3081.98,88355.4596
2024-11-21 04:00:00,3081.99,3143.64,3080.5,3137.02,131761.453
2024-11-21 08:00:00,3137.02,3155.0,3118.37,3147.75,92439.1127
2024-11-21 12:00:00,3147.74,3372.6,3146.2,3277.03,446253.975
2024-11-21 16:00:00,3277.03,3386.73,3277.03,3347.0,144698.7196
2024-11-21 20:00:00,3347.0,3378.68,3333.54,3355.81,71414.5836
2024-11-22 00:00:00,3355.88,3380.68,3304.39,3365.8,93006.5467
2024-11-22 04:00:00,3365.8,3425.92,3355.0,3362.66,107237.9651
2024-11-22 08:00:00,3362.65,3383.84,3311.68,3344.75,91214.4542
2024-11-22 12:00:00,3344.76,3357.18,3257.54,3314.15,174597.7487
2024-11-22 16:00:00,3314.15,3321.14,3264.84,3282.4,81246.6096
2024-11-22 20:00:00,3282.39,3330.0,3273.2,3327.78,55970.385
2024-11-23 00:00:00,3327.78,3364.98,3312.72,3345.51,105265.7506
2024-11-23 04:00:00,3345.51,3361.71,3326.89,3341.34,67445.3359
2024-11-23 08:00:00,3341.34,3402.98,3335.16,3354.65,105279.0199
2024-11-23 12:00:00,3354.65,3497.51,3349.68,3460.33,229525.4046
2024-11-23 16:00:00,3460.34,3470.22,3377.0,3407.83,150136.8855
2024-11-23 20:00:00,3407.82,3427.73,3379.2,3393.91,63371.6044
2024-11-24 00:00:00,3393.91,3450.0,3389.03,3427.0,62941.932
2024-11-24 04:00:00,3427.0,3431.99,3398.12,3422.51,50148.6763
2024-11-24 08:00:00,3422.51,3428.35,3339.11,3344.22,99770.3421
2024-11-24 12:00:00,3344.22,3357.32,3281.4,3294.39,147537.1334
2024-11-24 16:00:00,3294.39,3334.19,3287.19,3326.63,63212.5803
2024-11-24 20:00:00,3326.64,3372.22,3321.51,3361.2,55487.428
2024-11-25 00:00:00,3361.21,3370.4,3300.01,3362.44,66165.1278
2024-11-25 04:00:00,3362.44,3419.81,3361.21,3399.41,63216.584
2024-11-25 08:00:00,3399.4,3527.0,3396.6,3471.84,169761.3244
2024-11-25 12:00:00,3471.84,3537.98,3348.72,3518.41,289654.5296
2024-11-25 16:00:00,3518.41,3546.66,3423.47,3464.0,190751.0262
2024-11-25 20:00:00,3464.01,3505.45,3363.62,3414.49,169781.778
2024-11-26 00:00:00,3414.49,3462.49,3395.84,3434.61,99053.4641
2024-11-26 04:00:00,3434.62,3442.72,3382.35,3394.8,72621.4969
2024-11-26 08:00:00,3394.8,3397.33,3280.1,3323.01,159770.0173
2024-11-26 12:00:00,3323.02,3362.5,3290.35,3296.32,131513.0508
2024-11-26 16:00:00,3296.33,3338.0,3252.0,3300.61,139329.9409
2024-11-26 20:00:00,3300.61,3344.31,3286.89,3324.73,70079.1803
2024-11-27 00:00:00,3324.74,3372.5,3302.4,3361.03,86102.9925
2024-11-27 04:00:00,3361.02,3445.73,3359.32,3424.11,124111.9204
2024-11-27 08:00:00,3424.12,3485.5,3402.43,3460.43,97680.7587
2024-11-27 12:00:00,3460.43,3573.17,3441.31,3552.79,192046.4261
2024-11-27 16:00:00,3552.79,3611.8,3533.83,3589.6,130252.9591
2024-11-27 20:00:00,3589.6,3684.92,3588.0,3653.28,124378.5917
2024-11-28 00:00:00,3653.27,3661.92,3564.75,3598.8,102778.5796
2024-11-28 04:00:00,3598.81,3618.4,3566.91,3592.4,81553.1306
2024-11-28 08:00:00,3592.4,3638.39,3574.23,3620.51,93409.4729
2024-11-28 12:00:00,3620.51,3642.19,3536.95,3541.78,146763.2328
2024-11-28 16:00:00,3541.78,3584.87,3529.76,3575.05,76570.5621
2024-11-28 20:00:00,3575.05,3599.2,3547.86,3578.79,59901.447
2024-11-29 00:00:00,3578.8,3602.85,3550.07,3583.82,65033.1438
2024-11-29 04:00:00,3583.82,3595.7,3534.28,3544.49,76024.4905
2024-11-29 08:00:00,3544.5,3599.66,3544.49,3594.74,55500.5568
2024-11-29 12:00:00,3594.75,3647.98,3574.0,3613.95,114108.1335
2024-11-29 16:00:00,3613.95,3620.08,3559.24,3582.79,76494.6217
2024-11-29 20:00:00,3582.78,3604.0,3575.56,3592.21,38332.2986
2024-11-30 00:00:00,3592.22,3661.0,3568.4,3657.12,92179.3342
2024-11-30 04:00:00,3657.12,3726.71,3635.42,3703.07,128826.8554
2024-11-30 08:00:00,3703.06,3718.0,3631.23,3653.69,76964.0164
2024-11-30 12:00:00,3653.68,3685.33,3651.38,3674.0,77209.8515
2024-11-30 16:00:00,3674.0,3696.78,3656.23,3689.56,61494.3031
2024-11-30 20:00:00,3689.56,3738.98,3686.58,3703.6,67010.3879
2024-12-01 00:00:00,3703.59,3732.34,3659.2,3707.0,92779.5957
2024-12-01 04:00:00,3707.0,3716.96,3682.0,3702.31,40551.5198
2024-12-01 08:00:00,3702.32,3717.0,3675.47,3692.42,61458.2739
2024-12-01 12:00:00,3692.43,3746.8,3678.61,3728.59,99717.2507
2024-12-01 16:00:00,3728.59,3744.11,3693.02,3707.96,66222.5075
2024-12-01 20:00:00,3707.95,3734.26,3679.0,3707.61,68360.1157
2024-12-02 00:00:00,3707.61,3760.0,3674.6,3685.01,114620.6485
2024-12-02 04:00:00,3685.0,3709.59,3650.0,3666.88,121775.4381
2024-12-02 08:00:00,3666.88,3672.47,3569.58,3588.99,202704.961
2024-12-02 12:00:00,3588.99,3680.37,3582.6,3672.13,109512.8056
2024-12-02 16:00:00,3672.13,3682.01,3554.32,3612.17,137683.3569
2024-12-02 20:00:00,3612.17,3644.44,3598.5,3643.42,50833.3589
2024-12-03 00:00:00,3643.43,3658.16,3607.8,3639.75,86733.4244
2024-12-03 04:00:00,3639.75,3670.0,3600.0,3616.85,73048.7319
2024-12-03 08:00:00,3616.85,3635.14,3585.0,3613.81,121073.7629
2024-12-03 12:00:00,3613.81,3617.64,3500.0,3571.79,229013.2962
2024-12-03 16:00:00,3571.8,3594.4,3538.55,3577.34,90514.4017
2024-12-03 20:00:00,3577.34,3634.81,3575.2,3614.51,78016.5861
2024-12-04 00:00:00,3614.51,3707.57,3614.51,3661.8,172948.5304
2024-12-04 04:00:00,3661.79,3721.73,3659.55,3714.99,78886.7891
2024-12-04 08:00:00,3715.0,3751.44,3696.42,3729.09,139644.0469
2024-12-04 12:00:00,3729.09,3853.38,3690.0,3821.0,242264.7224
2024-12-04 16:00:00,3820.99,3844.65,3732.98,3841.15,190852.24
2024-12-04 20:00:00,3841.15,3887.24,3822.5,3837.8,144147.7111
2024-12-05 00:00:00,3837.8,3905.0,3765.71,3832.66,218327.0792
2024-12-05 04:00:00,3832.67,3880.2,3818.61,3850.98,110887.4677
2024-12-05 08:00:00,3850.98,3943.28,3850.75,3930.98,138309.1401
2024-12-05 12:00:00,3930.98,3956.0,3861.0,3888.0,153003.626
2024-12-05 16:00:00,3888.0,3926.33,3820.01,3830.81,120866.8673
2024-12-05 20:00:00,3830.8,3862.23,3677.0,3785.2,205099.0957
2024-12-06 00:00:00,3785.21,3914.0,3777.26,3907.01,113127.0334
2024-12-06 04:00:00,3907.01,3929.0,3874.5,3893.75,80798.7601
2024-12-06 08:00:00,3893.74,3910.45,3845.3,3867.02,92340.5447
2024-12-06 12:00:00,3867.01,4041.0,3831.9,3993.02,286698.8778
2024-12-06 16:00:00,3993.01,4073.86,3980.11,4067.62,137627.0476
2024-12-06 20:00:00,4067.61,4087.73,3990.03,3998.87,93262.851
2024-12-07 00:00:00,3998.87,4024.46,3970.0,3986.87,65288.4745
2024-12-07 04:00:00,3986.87,4003.16,3968.0,3985.87,44458.0473
2024-12-07 08:00:00,3985.87,4009.0,3973.51,3998.3,44383.4721
2024-12-07 12:00:00,3998.29,4008.46,3976.2,4004.71,48658.8373
2024-12-07 16:00:00,4004.72,4020.43,3986.0,4012.19,46291.4199
2024-12-07 20:00:00,4012.2,4024.01,3993.02,3996.22,34839.7689
2024-12-08 00:00:00,3996.22,4008.99,3985.47,3989.28,27302.2303
2024-12-08 04:00:00,3989.28,3995.85,3958.87,3980.6,37262.434
2024-12-08 08:00:00,3980.6,3981.79,3923.5,3971.84,55860.2743
2024-12-08 12:00:00,3971.85,4003.4,3956.16,3990.79,60123.2278
2024-12-08 16:00:00,3990.79,3999.89,3964.4,3989.99,35630.8291
2024-12-08 20:00:00,3989.99,4015.58,3975.4,4004.15,35183.173
2024-12-09 00:00:00,4004.15,4006.17,3905.21,3929.37,74905.7169
2024-12-09 04:00:00,3929.37,3948.91,3880.44,3918.44,75191.7029
2024-12-09 08:00:00,3918.44,3920.0,3841.24,3850.88,95335.7358
2024-12-09 12:00:00,3850.88,3946.0,3804.32,3824.0,164012.5757
2024-12-09 16:00:00,3824.0,3866.35,3786.87,3795.78,108473.7508
2024-12-09 20:00:00,3795.77,3804.19,3509.0,3712.0,421722.718
2024-12-10 00:00:00,3712.0,3780.76,3615.11,3682.4,201647.552
2024-12-10 04:00:00,3682.39,3743.65,3638.0,3734.55,95140.8254
2024-12-10 08:00:00,3734.54,3773.39,3713.56,3750.11,66469.389
2024-12-10 12:00:00,3750.1,3754.5,3555.41,3567.75,260032.2239
2024-12-10 16:00:00,3567.76,3634.92,3515.89,3628.82,238385.3346
2024-12-10 20:00:00,3628.81,3673.2,3613.3,3628.25,80530.7088
2024-12-11 00:00:00,3628.24,3668.96,3562.34,3665.23,83678.45
2024-12-11 04:00:00,3665.23,3681.81,3646.0,3652.58,47088.7098
2024-12-11 08:00:00,3652.58,3728.0,3651.23,3716.84,62134.3791
2024-12-11 12:00:00,3716.84,3821.0,3709.17,3787.34,131816.234
2024-12-11 16:00:00,3787.34,3814.2,3753.5,3803.91,83844.0606
2024-12-11 20:00:00,3803.91,3848.64,3803.0,3831.81,53256.9466
2024-12-12 00:00:00,3831.82,3947.81,3796.8,3935.0,96992.9744
2024-12-12 04:00:00,3935.0,3945.67,3894.09,3905.4,75641.5407
2024-12-12 08:00:00,3905.4,3937.99,3891.32,3913.38,60232.5799
2024-12-12 12:00:00,3913.38,3987.41,3913.38,3957.67,161318.0936
2024-12-12 16:00:00,3957.77,3985.56,3853.83,3871.14,109750.4709
2024-12-12 20:00:00,3871.13,3902.04,3836.07,3881.61,68162.9748
2024-12-13 00:00:00,3881.6,3941.19,3852.94,3932.83,64542.0267
2024-12-13 04:00:00,3932.83,3936.26,3871.0,3885.64,51976.2093
2024-12-13 08:00:00,3885.64,3923.66,3872.2,3901.5,54233.1081
2024-12-13 12:00:00,3901.5,3968.47,3879.0,3886.21,107263.9583
2024-12-13 16:00:00,3886.2,3946.37,3880.07,3917.98,66342.3222
2024-12-13 20:00:00,3917.99,3936.0,3891.0,3906.8,43408.0627
2024-12-14 00:00:00,3906.8,3945.0,3895.67,3910.83,48077.2434
2024-12-14 04:00:00,3910.83,3935.71,3906.26,3920.76,23290.7886
2024-12-14 08:00:00,3920.75,3931.38,3886.2,3894.53,32599.3234
2024-12-14 12:00:00,3894.53,3898.8,3846.3,3889.01,59099.8968
2024-12-14 16:00:00,3889.0,3898.23,3827.0,3859.11,65864.5831
2024-12-14 20:00:00,3859.11,3876.87,3825.03,3870.29,36607.1126
2024-12-15 00:00:00,3870.3,3895.53,3856.02,3874.48,24783.839
2024-12-15 04:00:00,3874.49,3911.5,3831.5,3845.2,38056.0576
2024-12-15 08:00:00,3845.19,3879.01,3837.21,3877.61,25590.3833
2024-12-15 12:00:00,3877.61,3910.33,3867.99,3894.76,44614.4511
2024-12-15 16:00:00,3894.76,3919.6,3886.4,3904.09,31811.6421
2024-12-15 20:00:00,3904.09,3974.61,3844.4,3959.09,88976.841
2024-12-16 00:00:00,3959.09,4025.18,3928.88,3942.6,144630.7421
2024-12-16 04:00:00,3942.6,3983.0,3935.23,3974.01,43808.388
2024-12-16 08:00:00,3974.0,3975.91,3902.39,3909.67,63910.2867
2024-12-16 12:00:00,3909.68,3960.0,3884.0,3941.21,122284.2247
2024-12-16 16:00:00,3941.21,4107.8,3939.4,4056.88,220282.2717
2024-12-16 20:00:00,4056.89,4071.99,3980.0,3986.24,78435.1591
2024-12-17 00:00:00,3986.24,4041.82,3943.0,4035.01,73034.8936
2024-12-17 04:00:00,4035.01,4035.02,3982.77,3994.24,49961.2435
2024-12-17 08:00:00,3994.23,4031.38,3990.0,3997.14,51842.525
2024-12-17 12:00:00,3997.15,4025.6,3916.57,3939.18,118990.8486
2024-12-17 16:00:00,3939.19,3984.46,3917.2,3943.99,71693.5838
2024-12-17 20:00:00,3944.0,3952.0,3847.96,3893.01,85302.8916
2024-12-18 00:00:00,3893.01,3903.2,3834.66,3849.81,80564.7394
2024-12-18 04:00:00,3849.8,3861.7,3803.63,3847.33,83904.9284
2024-12-18 08:00:00,3847.33,3887.32,3841.6,3882.65,44754.8074
2024-12-18 12:00:00,3882.66,3891.09,3825.0,3867.98,85350.9141
2024-12-18 16:00:00,3867.99,3907.19,3770.0,3770.29,120106.5226
2024-12-18 20:00:00,3770.3,3786.23,3617.42,3626.8,307823.1499
2024-12-19 00:00:00,3626.8,3673.82,3542.22,3668.9,199888.1171
2024-12-19 04:00:00,3668.9,3699.58,3653.0,3693.79,62129.1335
2024-12-19 08:00:00,3693.79,3720.0,3664.28,3705.62,58298.6588
2024-12-19 12:00:00,3705.62,3710.2,3572.73,3613.92,138220.2184
2024-12-19 16:00:00,3613.92,3637.1,3376.2,3439.44,392538.6357
2024-12-19 20:00:00,3439.45,3465.11,3326.8,3417.01,227078.7216
2024-12-20 00:00:00,3417.01,3465.6,3370.47,3413.87,147018.6408
2024-12-20 04:00:00,3413.85,3431.16,3328.44,3390.48,145836.4031
2024-12-20 08:00:00,3390.48,3390.79,3103.0,3104.56,458522.5239
2024-12-20 12:00:00,3104.68,3396.4,3101.9,3374.61,335474.3132
2024-12-20 16:00:00,3374.62,3497.84,3366.68,3479.35,160666.9785
2024-12-20 20:00:00,3479.36,3489.99,3393.09,3472.21,85264.8715
2024-12-21 00:00:00,3472.2,3489.96,3445.35,3467.64,54575.1862
2024-12-21 04:00:00,3467.64,3555.18,3460.8,3523.46,85515.9214
2024-12-21 08:00:00,3523.45,3527.49,3423.91,3442.23,71843.6301
2024-12-21 12:00:00,3442.23,3444.24,3347.0,3390.4,121858.0815
2024-12-21 16:00:00,3390.4,3401.33,3326.59,3359.89,79490.6857
2024-12-21 20:00:00,3359.89,3388.88,3293.11,3338.92,61992.3151
2024-12-22 00:00:00,3338.92,3374.48,3318.71,3356.38,46613.1262
2024-12-22 04:00:00,3356.38,3361.75,3295.07,3332.4,40581.5308
2024-12-22 08:00:00,3332.5,3403.0,3331.19,3381.03,44270.8729
2024-12-22 12:00:00,3381.03,3397.88,3275.0,3302.38,86429.5165
2024-12-22 16:00:00,3302.38,3338.65,3238.0,3247.14,75577.8841
2024-12-22 20:00:00,3247.14,3310.93,3221.1,3281.83,68447.319
2024-12-23 00:00:00,3281.83,3357.03,3216.97,3351.0,92072.9227
2024-12-23 04:00:00,3351.0,3363.12,3260.48,3305.2,59489.045
2024-12-23 08:00:00,3305.2,3355.54,3293.5,3339.54,54542.9983
2024-12-23 12:00:00,3339.51,3361.78,3269.35,3277.2,99124.7485
2024-12-23 16:00:00,3277.19,3384.6,3270.91,3338.21,97640.678
2024-12-23 20:00:00,3338.21,3466.99,3329.66,3422.53,85383.0175
2024-12-24 00:00:00,3422.53,3426.4,3358.19,3396.94,52061.6979
2024-12-24 04:00:00,3396.95,3434.97,3385.02,3401.22,37688.0563
2024-12-24 08:00:00,3401.22,3416.65,3385.98,3414.56,34709.9812
2024-12-24 12:00:00,3414.56,3510.0,3395.59,3493.07,84727.1401
2024-12-24 16:00:00,3493.07,3539.65,3465.02,3465.52,68642.133
2024-12-24 20:00:00,3465.51,3505.0,3431.99,3493.18,37894.6678
2024-12-25 00:00:00,3493.17,3495.97,3458.0,3478.23,37452.4891
2024-12-25 04:00:00,3478.23,3509.68,3469.61,3489.22,23470.0573
2024-12-25 08:00:00,3489.21,3547.95,3465.43,3471.04,56689.0785
2024-12-25 12:00:00,3471.04,3501.05,3457.7,3472.99,43263.8038
2024-12-25 16:00:00,3473.0,3488.55,3440.93,3481.21,30283.1034
2024-12-25 20:00:00,3481.21,3500.0,3449.64,3497.0,28687.5131
2024-12-26 00:00:00,3497.0,3514.94,3450.45,3455.71,39490.1081
2024-12-26 04:00:00,3455.71,3455.71,3417.95,3422.0,37010.8253
2024-12-26 08:00:00,3422.0,3426.0,3346.87,3373.28,75705.1585
2024-12-26 12:00:00,3373.28,3374.0,3328.21,3344.13,52846.6299
2024-12-26 16:00:00,3344.14,3365.01,3313.5,3339.75,51011.9069
2024-12-26 20:00:00,3339.74,3350.0,3304.63,3335.05,54105.5432
2024-12-27 00:00:00,3335.04,3388.57,3317.27,3379.4,45630.5975
2024-12-27 04:00:00,3379.4,3398.79,3317.25,3326.02,51589.392
2024-12-27 08:00:00,3326.01,3444.16,3325.68,3419.27,84740.616
2024-12-27 12:00:00,3419.27,3423.0,3307.83,3326.32,76485.302
2024-12-27 16:00:00,3326.32,3366.62,3306.6,3355.0,51582.1218
2024-12-27 20:00:00,3354.99,3355.54,3310.0,3333.51,32501.5745
2024-12-28 00:00:00,3333.51,3353.09,3322.23,3345.51,26238.7528
2024-12-28 04:00:00,3345.51,3361.14,3332.71,3335.53,23967.6455
2024-12-28 08:00:00,3335.53,3363.53,3333.0,3359.23,26959.5805
2024-12-28 12:00:00,3359.23,3396.0,3351.02,3368.38,41263.3733
2024-12-28 16:00:00,3368.39,3413.0,3365.61,3400.87,33164.8093
2024-12-28 20:00:00,3400.87,3428.68,3389.71,3404.0,24369.4516
2024-12-29 00:00:00,3404.01,3406.6,3375.62,3382.98,20759.3469
2024-12-29 04:00:00,3382.98,3407.99,3380.0,3407.61,15629.5688
2024-12-29 08:00:00,3407.6,3413.78,3390.0,3398.36,21613.8119
2024-12-29 12:00:00,3398.37,3410.92,3354.68,3373.82,35645.2469
2024-12-29 16:00:00,3373.82,3376.21,3345.9,3362.6,25174.7717
2024-12-29 20:00:00,3362.59,3368.35,3326.17,3356.48,37434.1357
2024-12-30 00:00:00,3356.48,3437.59,3347.77,3403.76,63632.2232
2024-12-30 04:00:00,3403.75,3432.65,3388.6,3427.0,49424.5964
2024-12-30 08:00:00,3427.01,3434.35,3395.05,3424.13,41773.7823
2024-12-30 12:00:00,3424.12,3430.2,3305.0,3324.16,104004.1696
2024-12-30 16:00:00,3324.16,3408.56,3317.5,3401.93,73974.9031
2024-12-30 20:00:00,3401.93,3419.0,3308.87,3361.84,87984.973
2024-12-31 00:00:00,3361.83,3365.04,3315.59,3340.18,41362.5257
2024-12-31 04:00:00,3340.19,3363.42,3328.77,3353.64,24854.5842
2024-12-31 08:00:00,3353.64,3410.0,3352.79,3394.73,44537.3245
2024-12-31 12:00:00,3394.74,3451.0,3393.12,3412.85,95324.0163
2024-12-31 16:00:00,3412.86,3416.35,3330.0,3355.38,65968.4251
2024-12-31 20:00:00,3355.37,3364.64,3328.47,3337.78,31006.2927
2025-01-01 00:00:00,3337.78,3368.42,3335.84,3355.2,27833.8566
2025-01-01 04:00:00,3355.2,3356.61,3336.88,3347.12,20068.2829
2025-01-01 08:00:00,3347.11,3348.84,3313.88,3341.0,39620.2004
2025-01-01 12:00:00,3341.01,3359.37,3328.2,3352.93,30899.7402
2025-01-01 16:00:00,3352.93,3364.14,3323.03,3356.55,35964.8595
2025-01-01 20:00:00,3356.56,3374.85,3352.0,3360.38,35851.6465
2025-01-02 00:00:00,3360.39,3405.6,3354.5,3388.55,52198.498
2025-01-02 04:00:00,3388.54,3427.54,3388.0,3420.05,45379.1947
2025-01-02 08:00:00,3420.06,3476.0,3414.21,3471.18,51457.6321
2025-01-02 12:00:00,3471.18,3509.99,3440.38,3463.51,100117.958
2025-01-02 16:00:00,3463.52,3491.19,3428.99,3463.18,59125.0848
2025-01-02 20:00:00,3463.18,3475.28,3421.79,3455.67,30354.5198
2025-01-03 00:00:00,3455.68,3477.03,3442.62,3470.16,30377.2819
2025-01-03 04:00:00,3470.17,3470.94,3432.44,3433.27,26434.7355
2025-01-03 08:00:00,3433.27,3468.01,3423.44,3465.62,33237.3195
2025-01-03 12:00:00,3465.61,3576.0,3461.26,3565.13,113597.4343
2025-01-03 16:00:00,3565.14,3630.0,3565.14,3622.83,91647.7522
2025-01-03 20:00:00,3622.82,3624.38,3595.0,3609.01,38746.537
2025-01-04 00:00:00,3609.0,3620.86,3579.92,3597.97,32059.5521
2025-01-04 04:00:00,3597.98,3609.81,3584.16,3594.04,29387.4649
2025-01-04 08:00:00,3594.05,3605.57,3572.42,3602.01,26671.4
2025-01-04 12:00:00,3602.01,3663.25,3592.06,3607.81,74947.1675
2025-01-04 16:00:00,3607.81,3644.54,3601.62,3631.14,31618.7517
2025-01-04 20:00:00,3631.13,3671.6,3631.13,3656.88,34581.9771
2025-01-05 00:00:00,3656.88,3675.25,3629.66,3637.79,23170.7894
2025-01-05 04:00:00,3637.79,3650.44,3629.0,3631.56,14533.8551
2025-01-05 08:00:00,3631.55,3633.29,3603.33,3613.47,29089.6373
2025-01-05 12:00:00,3613.46,3638.77,3593.7,3629.6,38066.8557
2025-01-05 16:00:00,3629.6,3648.11,3613.04,3637.78,27732.354
2025-01-05 20:00:00,3637.78,3656.88,3629.5,3635.99,22850.6826
2025-01-06 00:00:00,3636.0,3684.03,3610.63,3664.92,50315.5662
2025-01-06 04:00:00,3664.92,3698.04,3642.6,3650.75,44005.3678
2025-01-06 08:00:00,3650.75,3662.73,3633.0,3654.52,35871.6086
2025-01-06 12:00:00,3654.51,3714.49,3622.1,3714.45,97690.5245
2025-01-06 16:00:00,3714.45,3744.83,3655.55,3687.44,72164.6711
2025-01-06 20:00:00,3687.44,3703.38,3666.37,3687.45,29594.6266
2025-01-07 00:00:00,3687.44,3700.86,3663.0,3682.25,27692.0794
2025-01-07 04:00:00,3682.25,3685.92,3659.0,3667.77,20773.8207
2025-01-07 08:00:00,3667.78,3679.27,3625.55,3639.27,38116.8609
2025-01-07 12:00:00,3639.28,3645.95,3413.81,3462.64,237757.3537
2025-01-07 16:00:00,3462.65,3491.7,3372.71,3385.67,137249.7913
2025-01-07 20:00:00,3385.68,3414.04,3356.31,3381.31,79953.3814
2025-01-08 00:00:00,3381.31,3415.1,3343.22,3360.31,72032.314
2025-01-08 04:00:00,3360.31,3373.14,3306.41,3354.59,96871.4444
2025-01-08 08:00:00,3354.59,3376.85,3323.0,3349.79,56107.3562
2025-01-08 12:00:00,3349.78,3386.36,3332.55,3346.73,110465.553
2025-01-08 16:00:00,3346.72,3347.68,3208.2,3280.68,202602.4597
2025-01-08 20:00:00,3280.68,3334.8,3266.08,3327.29,46670.8354
2025-01-09 00:00:00,3327.29,3357.27,3306.5,3324.74,52228.5161
2025-01-09 04:00:00,3324.71,3343.36,3281.96,3288.71,48878.5653
2025-01-09 08:00:00,3288.71,3327.75,3265.77,3301.41,68409.9459
2025-01-09 12:00:00,3301.41,3337.0,3210.28,3320.58,129495.9017
2025-01-09 16:00:00,3320.57,3327.91,3190.82,3195.63,101321.1919
2025-01-09 20:00:00,3195.63,3239.59,3158.0,3219.2,101484.3038
2025-01-10 00:00:00,3219.2,3260.47,3213.74,3254.37,38726.2671
2025-01-10 04:00:00,3254.36,3313.65,3242.4,3296.29,54266.7097
2025-01-10 08:00:00,3296.29,3321.25,3288.12,3311.65,58339.9484
2025-01-10 12:00:00,3311.64,3317.03,3193.97,3245.14,188771.5903
2025-01-10 16:00:00,3245.15,3322.49,3232.2,3295.66,87802.2684
2025-01-10 20:00:00,3295.65,3295.65,3256.9,3267.04,26235.3494
2025-01-11 00:00:00,3267.05,3270.0,3231.83,3236.8,23585.0737
2025-01-11 04:00:00,3236.8,3251.13,3222.73,3235.72,22043.9098
2025-01-11 08:00:00,3235.72,3280.5,3217.56,3273.81,33928.1666
2025-01-11 12:00:00,3273.81,3282.94,3258.3,3271.33,22576.1658
2025-01-11 16:00:00,3271.33,3283.54,3259.06,3278.45,20674.0187
2025-01-11 20:00:00,3278.46,3320.18,3275.84,3282.83,28872.4141
2025-01-12 00:00:00,3282.83,3290.91,3274.12,3286.0,16338.3838
2025-01-12 04:00:00,3286.0,3289.41,3263.49,3266.87,17101.3936
2025-01-12 08:00:00,3266.87,3271.36,3224.49,3253.02,30127.3285
2025-01-12 12:00:00,3253.03,3296.14,3247.89,3285.68,45904.0573
2025-01-12 16:00:00,3285.68,3300.0,3268.66,3280.12,25565.4361
2025-01-12 20:00:00,3280.11,3289.31,3234.38,3267.3,29843.3716
2025-01-13 00:00:00,3267.3,3339.0,3235.69,3242.72,74893.5146
2025-01-13 04:00:00,3242.73,3260.49,3181.3,3201.66,60066.4461
2025-01-13 08:00:00,3201.66,3205.9,3055.88,3057.16,168149.8731
2025-01-13 12:00:00,3057.15,3091.38,2920.0,3049.0,307651.5684
2025-01-13 16:00:00,3049.01,3060.51,2986.4,3025.07,133843.8405
2025-01-13 20:00:00,3025.06,3143.2,3011.71,3137.51,101302.3242
2025-01-14 00:00:00,3137.51,3175.51,3125.65,3158.87,49686.9686
2025-01-14 04:00:00,3158.87,3190.07,3158.18,3171.53,34578.9351
2025-01-14 08:00:00,3171.53,3256.67,3169.41,3217.62,81942.4905
2025-01-14 12:00:00,3217.61,3233.27,3178.11,3199.45,120884.5335
2025-01-14 16:00:00,3199.45,3235.99,3172.12,3214.38,56930.5399
2025-01-14 20:00:00,3214.37,3240.69,3194.86,3225.63,30284.9841
2025-01-15 00:00:00,3225.63,3245.77,3205.17,3240.79,53847.0282
2025-01-15 04:00:00,3240.8,3252.35,3215.73,3233.3,36021.9932
2025-01-15 08:00:00,3233.3,3248.55,3186.36,3199.6,41139.0192
2025-01-15 12:00:00,3199.61,3353.82,3186.73,3334.47,167086.5433
2025-01-15 16:00:00,3334.47,3442.59,3323.91,3434.99,92241.8869
2025-01-15 20:00:00,3434.99,3473.75,3418.4,3451.52,73851.5632
2025-01-16 00:00:00,3451.51,3460.79,3346.0,3363.38,80015.6264
2025-01-16 04:00:00,3363.38,3391.5,3362.0,3384.3,35612.5086
2025-01-16 08:00:00,3384.3,3385.84,3300.21,3351.27,81969.0716
2025-01-16 12:00:00,3351.26,3365.16,3265.44,3333.04,143419.3038
2025-01-16 16:00:00,3333.02,3365.95,3310.47,3344.81,66607.9866
2025-01-16 20:00:00,3344.81,3354.01,3269.0,3308.05,63658.1817
2025-01-17 00:00:00,3308.04,3397.66,3307.5,3361.01,97199.4285
2025-01-17 04:00:00,3361.01,3389.11,3347.79,3373.14,51957.9518
2025-01-17 08:00:00,3373.14,3439.0,3372.52,3423.24,70486.3322
2025-01-17 12:00:00,3423.25,3450.53,3395.14,3421.8,119276.6918
2025-01-17 16:00:00,3421.8,3448.5,3407.63,3432.11,69418.1971
2025-01-17 20:00:00,3432.1,3525.72,3425.9,3473.63,110211.5799
2025-01-18 00:00:00,3473.64,3494.39,3368.06,3384.07,72302.7289
2025-01-18 04:00:00,3384.08,3395.49,3281.09,3287.63,136100.3118
2025-01-18 08:00:00,3287.64,3324.1,3227.0,3311.62,153502.6355
2025-01-18 12:00:00,3311.63,3347.34,3274.17,3307.07,121126.2592
2025-01-18 16:00:00,3307.07,3316.62,3250.0,3290.2,102206.1472
2025-01-18 20:00:00,3290.21,3321.11,3258.37,3307.71,48959.0455
2025-01-19 00:00:00,3307.71,3378.11,3298.71,3335.47,85390.1548
2025-01-19 04:00:00,3335.47,3337.95,3259.9,3276.06,116181.1471
2025-01-19 08:00:00,3276.06,3277.53,3130.48,3149.97,255482.6912
2025-01-19 12:00:00,3149.98,3426.05,3145.0,3383.68,366843.084
2025-01-19 16:00:00,3383.68,3448.99,3378.11,3418.92,133240.277
2025-01-19 20:00:00,3418.93,3431.82,3156.7,3215.12,385164.1676
2025-01-20 00:00:00,3215.2,3280.75,3142.78,3272.34,274130.007
2025-01-20 04:00:00,3272.3,3453.69,3250.66,3382.59,232466.8507
2025-01-20 08:00:00,3382.58,3413.3,3334.32,3375.43,131468.8606
2025-01-20 12:00:00,3375.42,3379.94,3257.2,3335.9,167094.9543
2025-01-20 16:00:00,3335.91,3390.68,3205.42,3343.5,286337.6826
2025-01-20 20:00:00,3343.49,3344.5,3255.92,3284.0,66856.4262
2025-01-21 00:00:00,3283.99,3289.85,3204.6,3262.6,133473.3547
2025-01-21 04:00:00,3262.6,3266.24,3213.03,3254.7,71362.1643
2025-01-21 08:00:00,3254.7,3314.0,3234.48,3305.07,82511.5762
2025-01-21 12:00:00,3305.07,3335.44,3265.11,3295.1,121235.0686
2025-01-21 16:00:00,3295.1,3368.0,3290.5,3332.16,92024.6512
2025-01-21 20:00:00,3332.16,3347.12,3302.03,3327.54,48099.2363
2025-01-22 00:00:00,3327.55,3365.99,3321.31,3330.98,60248.4497
2025-01-22 04:00:00,3330.98,3339.59,3287.0,3288.07,50588.4786
2025-01-22 08:00:00,3288.08,3329.99,3273.83,3326.55,52580.187
2025-01-22 12:00:00,3326.55,3332.7,3267.17,3278.39,77812.8324
2025-01-22 16:00:00,3278.39,3291.3,3239.4,3261.99,61571.1565
2025-01-22 20:00:00,3262.0,3276.6,3222.85,3242.6,46439.6456
2025-01-23 00:00:00,3242.61,3261.34,3204.18,3226.92,66638.8818
2025-01-23 04:00:00,3227.0,3234.0,3185.0,3233.48,55874.4651
2025-01-23 08:00:00,3233.48,3233.65,3188.89,3213.08,54314.7039
2025-01-23 12:00:00,3213.08,3286.72,3189.69,3259.33,162299.7618
2025-01-23 16:00:00,3259.33,3297.49,3195.0,3204.98,86129.1778
2025-01-23 20:00:00,3204.98,3347.97,3196.25,3338.21,180335.7321
2025-01-24 00:00:00,3338.22,3349.6,3275.9,3302.26,79820.4869
2025-01-24 04:00:00,3302.26,3421.0,3292.23,3380.8,111035.1083
2025-01-24 08:00:00,3380.79,3416.5,3374.68,3399.22,57084.8198
2025-01-24 12:00:00,3399.21,3428.0,3355.67,3383.69,82277.9441
2025-01-24 16:00:00,3383.64,3409.4,3365.0,3368.7,54874.6628
2025-01-24 20:00:00,3368.7,3378.79,3304.11,3310.09,66431.2533
2025-01-25 00:00:00,3310.1,3325.0,3268.66,3319.44,56579.5625
2025-01-25 04:00:00,3319.43,3319.7,3283.57,3291.53,32529.0183
2025-01-25 08:00:00,3291.52,3311.5,3272.09,3306.91,26453.7694
2025-01-25 12:00:00,3306.91,3345.0,3294.24,3334.62,37205.69
2025-01-25 16:00:00,3334.62,3349.58,3330.63,3340.3,30687.7471
2025-01-25 20:00:00,3340.29,3350.68,3314.87,3318.77,25103.2542
2025-01-26 00:00:00,3318.76,3350.0,3313.9,3338.94,30620.8049
2025-01-26 04:00:00,3338.95,3362.0,3330.3,3338.56,31975.7408
2025-01-26 08:00:00,3338.57,3343.45,3292.82,3312.3,37739.2642
2025-01-26 12:00:00,3312.3,3320.68,3297.47,3315.31,35395.7128
2025-01-26 16:00:00,3315.31,3344.88,3307.96,3338.74,32638.251
2025-01-26 20:00:00,3338.73,3342.34,3230.0,3232.61,103795.6953
2025-01-27 00:00:00,3232.61,3253.91,3160.71,3183.6,143752.4038
2025-01-27 04:00:00,3183.6,3183.6,3020.01,3070.8,190988.3997
2025-01-27 08:00:00,3070.8,3090.77,3034.48,3058.94,113419.5103
2025-01-27 12:00:00,3058.94,3152.0,3053.67,3133.4,130642.8831
2025-01-27 16:00:00,3133.39,3133.39,3046.68,3075.93,91816.9296
2025-01-27 20:00:00,3075.93,3239.0,3073.13,3182.44,82384.6264
2025-01-28 00:00:00,3182.44,3218.39,3151.62,3203.15,59730.3964
2025-01-28 04:00:00,3203.15,3223.01,3188.8,3196.22,36876.4693
2025-01-28 08:00:00,3196.22,3208.0,3177.1,3186.74,29927.795
2025-01-28 12:00:00,3186.75,3214.38,3156.86,3181.36,56108.5561
2025-01-28 16:00:00,3181.37,3182.98,3120.36,3147.31,70607.8468
2025-01-28 20:00:00,3147.31,3155.37,3040.03,3077.72,97708.6537
2025-01-29 00:00:00,3077.72,3132.69,3076.31,3130.43,38565.7576
2025-01-29 04:00:00,3130.43,3160.0,3117.01,3156.89,31716.9894
2025-01-29 08:00:00,3156.88,3164.11,3119.8,3135.13,31298.1473
2025-01-29 12:00:00,3135.13,3140.38,3080.57,3101.12,63257.2553
2025-01-29 16:00:00,3101.11,3153.22,3054.06,3126.5,138822.555
2025-01-29 20:00:00,3126.49,3182.52,3091.0,3113.9,106076.553
2025-01-30 00:00:00,3113.9,3202.58,3091.06,3201.5,59767.8767
2025-01-30 04:00:00,3201.5,3215.73,3178.76,3191.04,41271.2784
2025-01-30 08:00:00,3191.04,3229.82,3181.1,3222.71,43500.7294
2025-01-30 12:00:00,3222.71,3281.0,3209.24,3255.3,115188.9076
2025-01-30 16:00:00,3255.3,3283.43,3249.06,3271.61,48762.1455
2025-01-30 20:00:00,3271.6,3273.2,3228.68,3247.39,42148.5447
2025-01-31 00:00:00,3247.38,3279.5,3221.2,3230.65,44873.3589
2025-01-31 04:00:00,3230.65,3276.93,3213.8,3241.63,50490.3334
2025-01-31 08:00:00,3241.63,3338.55,3234.05,3335.16,93861.7646
2025-01-31 12:00:00,3335.16,3436.34,3325.3,3427.66,186786.6888
2025-01-31 16:00:00,3427.65,3437.31,3294.97,3339.08,183740.9869
2025-01-31 20:00:00,3339.07,3339.07,3278.5,3300.99,88928.5235
2025-02-01 00:00:00,3300.99,3331.98,3283.01,3291.97,45386.3486
2025-02-01 04:00:00,3291.97,3307.19,3273.44,3280.1,38200.5703
2025-02-01 08:00:00,3280.11,3286.31,3224.01,3252.16,61226.0725
2025-02-01 12:00:00,3252.17,3273.15,3228.93,3250.99,42293.9961
2025-02-01 16:00:00,3251.0,3267.24,3178.07,3197.08,60538.4039
2025-02-01 20:00:00,3197.09,3197.09,3101.7,3117.54,106419.8611
2025-02-02 00:00:00,3117.54,3163.2,3069.36,3077.97,89939.3891
2025-02-02 04:00:00,3077.98,3139.0,3075.0,3101.51,79243.3375
2025-02-02 08:00:00,3101.5,3124.13,3052.19,3064.86,74238.7842
2025-02-02 12:00:00,3064.87,3101.92,3050.64,3081.19,110373.1219
2025-02-02 16:00:00,3081.18,3082.02,2894.4,2958.9,371163.2332
2025-02-02 20:00:00,2958.91,2987.68,2750.71,2869.68,325848.0641
2025-02-03 00:00:00,2869.68,2872.75,2125.01,2527.12,1114056.6473
2025-02-03 04:00:00,2527.2,2632.8,2447.25,2622.35,360415.8333
2025-02-03 08:00:00,2622.35,2622.51,2526.16,2581.41,313992.2338
2025-02-03 12:00:00,2581.41,2728.0,2529.39,2700.72,480214.163
2025-02-03 16:00:00,2700.73,2770.26,2668.06,2764.23,264479.6094
2025-02-03 20:00:00,2764.21,2921.0,2695.61,2879.9,274820.5342
2025-02-04 00:00:00,2879.89,2888.5,2792.22,2811.0,138011.8718
2025-02-04 04:00:00,2810.99,2836.68,2663.21,2703.53,263950.4571
2025-02-04 08:00:00,2703.54,2789.44,2677.0,2757.99,136242.205
2025-02-04 12:00:00,2757.99,2846.3,2730.18,2777.18,248591.0339
2025-02-04 16:00:00,2777.18,2869.39,2765.26,2770.6,197618.1804
2025-02-04 20:00:00,2770.6,2794.05,2632.6,2731.19,275180.6437
2025-02-05 00:00:00,2731.19,2767.78,2699.13,2720.38,115470.3507
2025-02-05 04:00:00,2720.38,2788.0,2709.2,2759.31,83663.9379
2025-02-05 08:00:00,2759.3,2817.89,2746.85,2800.01,97829.6017
2025-02-05 12:00:00,2800.0,2826.95,2757.46,2773.46,145221.6591
2025-02-05 16:00:00,2773.45,2787.56,2715.27,2775.49,147455.2194
2025-02-05 20:00:00,2775.5,2803.0,2739.49,2788.25,96952.2741
2025-02-06 00:00:00,2788.25,2819.51,2755.69,2806.49,90491.0279
2025-02-06 04:00:00,2806.5,2856.21,2805.87,2831.32,72823.7821
2025-02-06 08:00:00,2831.33,2857.64,2793.05,2803.92,78819.9706
2025-02-06 12:00:00,2803.92,2807.77,2683.71,2705.57,201947.9866
2025-02-06 16:00:00,2705.57,2726.75,2672.03,2689.57,178796.1312
2025-02-06 20:00:00,2689.56,2725.6,2655.28,2686.64,96581.0587
2025-02-07 00:00:00,2686.63,2739.61,2679.79,2715.58,84594.2909
2025-02-07 04:00:00,2715.58,2731.0,2668.03,2713.07,73234.0939
2025-02-07 08:00:00,2713.06,2764.78,2705.56,2762.69,54688.6634
2025-02-07 12:00:00,2762.69,2797.5,2710.97,2721.73,186449.8092
2025-02-07 16:00:00,2721.74,2727.78,2655.8,2659.3,136563.808
2025-02-07 20:00:00,2659.3,2661.85,2562.51,2622.1,159936.6958
2025-02-08 00:00:00,2622.11,2667.3,2615.88,2641.66,92979.212
2025-02-08 04:00:00,2641.67,2648.99,2594.63,2629.61,82532.5459
2025-02-08 08:00:00,2629.61,2632.5,2601.4,2613.32,46191.8863
2025-02-08 12:00:00,2613.3,2636.9,2588.8,2605.24,64882.546
2025-02-08 16:00:00,2605.24,2649.9,2589.97,2637.89,64134.2209
2025-02-08 20:00:00,2637.89,2645.6,2623.78,2632.46,28964.7398
2025-02-09 00:00:00,2632.46,2698.9,2626.63,2678.54,57303.1101
2025-02-09 04:00:00,2678.53,2678.9,2649.29,2662.59,32616.6626
2025-02-09 08:00:00,2662.59,2673.38,2650.99,2654.78,36834.7682
2025-02-09 12:00:00,2654.8,2661.81,2611.78,2653.21,62701.1928
2025-02-09 16:00:00,2653.22,2666.38,2616.81,2623.89,38288.2364
2025-02-09 20:00:00,2623.89,2649.55,2520.02,2627.18,159422.821
2025-02-10 00:00:00,2627.18,2658.6,2559.85,2625.97,124085.1172
2025-02-10 04:00:00,2625.97,2660.0,2618.4,2637.03,50659.2011
2025-02-10 08:00:00,2637.02,2662.0,2634.84,2653.16,44469.5344
2025-02-10 12:00:00,2653.16,2684.55,2631.24,2658.22,79674.8175
2025-02-10 16:00:00,2658.21,2693.79,2650.0,2672.28,64651.5219
2025-02-10 20:00:00,2672.28,2686.61,2651.74,2661.19,34633.0795
2025-02-11 00:00:00,2661.19,2725.04,2660.72,2678.89,74917.793
2025-02-11 04:00:00,2678.89,2724.98,2676.49,2712.15,56265.817
2025-02-11 08:00:00,2712.12,2720.9,2690.24,2708.8,59949.3625
2025-02-11 12:00:00,2708.8,2710.29,2626.13,2662.36,87537.4987
2025-02-11 16:00:00,2662.35,2670.8,2580.0,2589.7,103602.5891
2025-02-11 20:00:00,2589.69,2631.36,2558.24,2602.59,101923.0832
2025-02-12 00:00:00,2602.59,2624.36,2569.31,2587.24,51289.7143
2025-02-12 04:00:00,2587.23,2624.07,2577.5,2618.63,47853.4948
2025-02-12 08:00:00,2618.62,2639.49,2610.78,2627.08,58319.6511
2025-02-12 12:00:00,2627.08,2665.16,2546.92,2606.9,231775.8396
2025-02-12 16:00:00,2606.9,2683.65,2583.18,2677.95,116993.489
2025-02-12 20:00:00,2677.95,2795.45,2669.49,2738.27,140063.7071
2025-02-13 00:00:00,2738.27,2757.28,2716.0,2744.0,59978.5118
2025-02-13 04:00:00,2744.0,2745.73,2672.03,2681.5,65437.2035
2025-02-13 08:00:00,2681.51,2688.43,2650.65,2656.19,67087.393
2025-02-13 12:00:00,2656.18,2677.77,2616.04,2647.95,129821.5749
2025-02-13 16:00:00,2647.96,2662.17,2612.76,2640.94,82110.6284
2025-02-13 20:00:00,2640.94,2679.99,2640.5,2675.87,39333.9737
2025-02-14 00:00:00,2675.87,2721.4,2664.46,2715.39,46515.5177
2025-02-14 04:00:00,2715.39,2716.2,2689.43,2699.42,45766.299
2025-02-14 08:00:00,2699.41,2716.48,2682.42,2684.81,70491.0328
2025-02-14 12:00:00,2684.8,2747.39,2677.43,2734.33,88731.914
2025-02-14 16:00:00,2734.33,2791.78,2709.61,2738.0,116442.086
2025-02-14 20:00:00,2738.0,2751.1,2706.0,2725.95,51948.9367
2025-02-15 00:00:00,2725.95,2739.0,2703.99,2724.4,38406.6504
2025-02-15 04:00:00,2724.41,2733.6,2694.0,2697.66,28365.3972
2025-02-15 08:00:00,2697.65,2715.1,2695.7,2708.37,31229.706
2025-02-15 12:00:00,2708.37,2713.99,2662.28,2691.05,51483.7874
2025-02-15 16:00:00,2691.05,2707.93,2679.0,2691.59,29841.035
2025-02-15 20:00:00,2691.6,2704.0,2679.16,2693.04,23644.8535
2025-02-16 00:00:00,2693.04,2705.98,2687.71,2698.73,18133.5135
2025-02-16 04:00:00,2698.73,2727.31,2690.56,2695.59,30078.2868
2025-02-16 08:00:00,2695.59,2713.0,2689.49,2710.99,31255.4898
2025-02-16 12:00:00,2710.99,2712.49,2676.73,2694.2,36990.7167
2025-02-16 16:00:00,2694.21,2703.46,2659.1,2683.47,38553.7836
2025-02-16 20:00:00,2683.46,2689.13,2651.26,2661.41,36219.741
2025-02-17 00:00:00,2661.41,2684.0,2658.0,2671.88,34706.9905
2025-02-17 04:00:00,2671.89,2695.27,2637.71,2681.59,95908.2492
2025-02-17 08:00:00,2681.59,2774.98,2676.29,2755.2,133143.9377
2025-02-17 12:00:00,2755.2,2849.7,2746.1,2755.72,201274.6321
2025-02-17 16:00:00,2755.71,2765.79,2686.91,2717.72,124486.4926
2025-02-17 20:00:00,2717.72,2778.15,2716.54,2744.05,50219.5176
2025-02-18 00:00:00,2744.05,2756.93,2707.5,2712.08,53866.0828
2025-02-18 04:00:00,2712.07,2718.09,2652.17,2672.51,144898.4315
2025-02-18 08:00:00,2672.51,2706.12,2653.4,2679.26,88680.2452
2025-02-18 12:00:00,2679.26,2732.8,2660.0,2673.7,114342.8765
2025-02-18 16:00:00,2673.7,2684.63,2605.44,2630.37,139482.6642
2025-02-18 20:00:00,2630.38,2672.4,2618.0,2671.99,63593.5735
2025-02-19 00:00:00,2672.0,2700.0,2656.03,2694.02,48256.7103
2025-02-19 04:00:00,2694.02,2717.34,2664.54,2708.38,56191.0568
2025-02-19 08:00:00,2708.39,2736.7,2703.99,2726.93,61785.4339
2025-02-19 12:00:00,2726.93,2731.16,2677.51,2696.99,71752.3137
2025-02-19 16:00:00,2696.99,2724.29,2694.78,2712.03,47648.0995
2025-02-19 20:00:00,2712.03,2734.37,2706.02,2715.5,40520.406
2025-02-20 00:00:00,2715.51,2751.5,2709.69,2741.77,50953.0686
2025-02-20 04:00:00,2741.77,2758.68,2722.23,2730.22,50511.3938
2025-02-20 08:00:00,2730.23,2746.99,2725.28,2740.71,33327.6054
2025-02-20 12:00:00,2740.7,2770.59,2707.33,2712.6,96259.5299
2025-02-20 16:00:00,2712.6,2767.93,2707.18,2747.77,72800.2885
2025-02-20 20:00:00,2747.77,2761.06,2722.2,2738.04,32883.3682
2025-02-21 00:00:00,2738.04,2749.49,2726.0,2744.2,32255.6241
2025-02-21 04:00:00,2744.2,2769.56,2744.19,2756.32,44085.0098
2025-02-21 08:00:00,2756.31,2831.71,2747.74,2788.73,101826.5357
2025-02-21 12:00:00,2788.73,2845.32,2675.02,2723.31,273746.5973
2025-02-21 16:00:00,2723.3,2769.88,2625.94,2640.19,328655.2354
2025-02-21 20:00:00,2640.2,2664.0,2616.72,2663.0,109871.0581
2025-02-22 00:00:00,2663.0,2688.97,2653.33,2675.37,88626.3932
2025-02-22 04:00:00,2675.37,2697.1,2673.0,2684.56,35257.9596
2025-02-22 08:00:00,2684.55,2753.59,2676.8,2732.99,136897.9772
2025-02-22 12:00:00,2733.0,2785.91,2722.15,2775.68,64983.537
2025-02-22 16:00:00,2775.67,2798.07,2756.37,2770.09,89040.9675
2025-02-22 20:00:00,2770.1,2778.14,2759.39,2763.22,30182.8324
2025-02-23 00:00:00,2763.23,2775.88,2745.41,2752.77,39782.8142
2025-02-23 04:00:00,2752.76,2829.98,2746.17,2825.2,108629.0536
2025-02-23 08:00:00,2825.2,2831.58,2783.2,2797.48,98860.1041
2025-02-23 12:00:00,2797.48,2827.0,2773.48,2783.0,155759.8402
2025-02-23 16:00:00,2783.0,2824.0,2782.38,2807.97,117626.0389
2025-02-23 20:00:00,2807.97,2857.34,2784.01,2819.69,90344.2712
2025-02-24 00:00:00,2819.7,2839.95,2711.8,2718.08,132389.5642
2025-02-24 04:00:00,2718.08,2735.78,2691.49,2722.01,121962.0226
2025-02-24 08:00:00,2722.02,2722.4,2663.03,2689.99,104336.8507
2025-02-24 12:00:00,2690.0,2696.63,2636.33,2658.77,146891.4552
2025-02-24 16:00:00,2658.77,2682.42,2623.12,2641.26,112927.4368
2025-02-24 20:00:00,2641.3,2663.9,2470.33,2513.52,258369.0412
2025-02-25 00:00:00,2513.52,2530.6,2458.27,2495.21,211165.3701
2025-02-25 04:00:00,2495.22,2512.9,2313.49,2368.11,376091.6202
2025-02-25 08:00:00,2368.12,2439.5,2357.05,2433.69,255323.8198
2025-02-25 12:00:00,2433.7,2448.95,2361.89,2409.8,250071.3592
2025-02-25 16:00:00,2409.8,2473.59,2383.4,2471.91,135745.5299
2025-02-25 20:00:00,2471.9,2533.49,2457.59,2495.7,93619.1726
2025-02-26 00:00:00,2495.69,2507.5,2471.8,2490.6,62969.4729
2025-02-26 04:00:00,2490.61,2506.4,2475.2,2483.81,64151.974
2025-02-26 08:00:00,2483.81,2496.25,2457.77,2464.79,93766.3355
2025-02-26 12:00:00,2464.8,2466.81,2370.0,2428.47,166356.9374
2025-02-26 16:00:00,2428.5,2434.2,2266.1,2296.29,278352.1916
2025-02-26 20:00:00,2296.3,2383.37,2253.77,2336.37,197490.3019
2025-02-27 00:00:00,2336.38,2370.9,2315.85,2332.11,90991.5806
2025-02-27 04:00:00,2332.11,2373.2,2303.22,2356.13,111823.423
2025-02-27 08:00:00,2356.13,2381.6,2343.41,2353.82,77842.7418
2025-02-27 12:00:00,2353.83,2362.35,2290.78,2323.31,129970.0648
2025-02-27 16:00:00,2323.31,2337.5,2278.79,2292.41,105527.0794
2025-02-27 20:00:00,2292.41,2311.52,2230.57,2307.72,121429.021
2025-02-28 00:00:00,2307.72,2314.18,2123.63,2147.49,410729.0366
2025-02-28 04:00:00,2147.49,2156.0,2076.26,2106.2,304572.7663
2025-02-28 08:00:00,2106.21,2151.94,2076.26,2125.8,164223.0144
2025-02-28 12:00:00,2125.8,2228.64,2105.38,2223.01,234321.3019
2025-02-28 16:00:00,2223.0,2255.13,2193.4,2230.15,120716.9075
2025-02-28 20:00:00,2230.14,2239.69,2198.51,2237.59,56976.029
2025-03-01 00:00:00,2237.59,2275.61,2213.33,2262.98,76171.7295
2025-03-01 04:00:00,2262.98,2281.14,2224.2,2229.24,78968.1809
2025-03-01 08:00:00,2229.25,2239.77,2171.41,2184.42,76803.1109
2025-03-01 12:00:00,2184.43,2187.7,2142.73,2173.29,87634.5779
2025-03-01 16:00:00,2173.3,2234.6,2169.4,2223.31,67008.3349
2025-03-01 20:00:00,2223.31,2235.99,2191.1,2217.39,59844.793
2025-03-02 00:00:00,2217.4,2230.82,2201.1,2220.18,64784.6556
2025-03-02 04:00:00,2220.19,2235.6,2218.2,2221.4,43328.6385
2025-03-02 08:00:00,2221.4,2260.84,2208.06,2238.88,91437.409
2025-03-02 12:00:00,2238.88,2291.76,2172.04,2229.51,238909.0638
2025-03-02 16:00:00,2229.51,2518.0,2212.35,2486.42,673710.4844
2025-03-02 20:00:00,2486.42,2550.58,2480.19,2518.11,154514.5235
2025-03-03 00:00:00,2518.12,2523.56,2418.67,2441.15,126059.2499
2025-03-03 04:00:00,2441.16,2457.25,2352.79,2387.01,116668.3594
2025-03-03 08:00:00,2387.01,2388.11,2322.01,2356.16,106661.5946
2025-03-03 12:00:00,2356.15,2389.0,2266.97,2287.24,233661.8371
2025-03-03 16:00:00,2287.3,2297.0,2100.0,2109.88,321208.0472
2025-03-03 20:00:00,2109.87,2173.29,2097.91,2149.01,205306.1121
2025-03-04 00:00:00,2149.02,2167.18,2002.81,2074.89,381379.4472
2025-03-04 04:00:00,2074.89,2122.12,2068.34,2080.41,100105.7709
2025-03-04 08:00:00,2080.42,2118.0,2071.03,2101.36,83425.9767
2025-03-04 12:00:00,2101.38,2158.32,2025.62,2074.49,282620.1985
2025-03-04 16:00:00,2074.49,2174.72,1993.2,2172.65,263372.4771
2025-03-04 20:00:00,2172.63,2221.88,2126.06,2171.51,146918.4668
2025-03-05 00:00:00,2171.5,2192.75,2155.03,2160.89,75779.2625
2025-03-05 04:00:00,2160.9,2213.13,2156.15,2207.0,74065.4863
2025-03-05 08:00:00,2207.0,2273.51,2204.61,2217.72,157942.1343
2025-03-05 12:00:00,2217.72,2232.81,2166.48,2186.82,197537.5452
2025-03-05 16:00:00,2186.81,2222.99,2161.78,2218.3,119024.4928
2025-03-05 20:00:00,2218.3,2252.86,2214.12,2241.59,62781.8686
2025-03-06 00:00:00,2241.59,2296.31,2234.07,2289.79,105010.7409
2025-03-06 04:00:00,2289.79,2319.99,2275.91,2286.0,70371.8427
2025-03-06 08:00:00,2285.99,2305.68,2276.77,2297.59,52141.9558
2025-03-06 12:00:00,2297.59,2298.9,2208.6,2257.49,191161.4281
2025-03-06 16:00:00,2257.5,2265.7,2176.9,2198.34,112488.4374
2025-03-06 20:00:00,2198.35,2229.4,2192.3,2202.2,65733.9886
2025-03-07 00:00:00,2202.21,2227.39,2101.82,2147.89,241562.3974
2025-03-07 04:00:00,2147.9,2193.39,2144.59,2192.41,47011.2169
2025-03-07 08:00:00,2192.41,2210.8,2177.15,2197.49,48544.8208
2025-03-07 12:00:00,2197.49,2258.47,2165.79,2209.68,184203.3684
2025-03-07 16:00:00,2209.67,2215.49,2141.53,2178.34,137449.4887
2025-03-07 20:00:00,2178.33,2186.96,2115.0,2141.6,123615.9684
2025-03-08 00:00:00,2141.6,2156.0,2105.06,2137.8,49887.2769
2025-03-08 04:00:00,2137.8,2152.69,2131.4,2137.88,26053.3446
2025-03-08 08:00:00,2137.89,2143.5,2126.66,2141.95,32120.7156
2025-03-08 12:00:00,2141.95,2198.86,2138.1,2181.4,89601.1782
2025-03-08 16:00:00,2181.4,2234.93,2161.14,2224.6,96299.8498
2025-03-08 20:00:00,2224.61,2225.99,2193.2,2203.58,34830.7328
2025-03-09 00:00:00,2203.57,2212.0,2176.14,2186.01,31680.2767
2025-03-09 04:00:00,2186.0,2197.1,2171.84,2185.07,28504.2259
2025-03-09 08:00:00,2185.07,2187.68,2128.43,2146.7,55551.963
2025-03-09 12:00:00,2146.7,2146.9,2084.67,2097.03,121751.0614
2025-03-09 16:00:00,2097.01,2109.32,1998.0,2040.47,249511.9992
2025-03-09 20:00:00,2040.47,2056.59,1989.66,2020.41,114672.062
2025-03-10 00:00:00,2020.43,2071.0,1995.08,2057.89,102595.4967
2025-03-10 04:00:00,2057.88,2079.33,2054.19,2075.29,41834.9445
2025-03-10 08:00:00,2075.3,2152.4,2047.83,2128.12,160181.7753
2025-03-10 12:00:00,2128.11,2135.98,1997.0,2017.83,239663.5971
2025-03-10 16:00:00,2017.83,2025.3,1810.01,1869.3,566502.5453
2025-03-10 20:00:00,1869.43,1903.99,1843.23,1865.1,137966.9925
2025-03-11 00:00:00,1865.11,1890.46,1754.28,1849.78,363691.2023
2025-03-11 04:00:00,1849.78,1914.25,1845.46,1904.1,125136.8603
2025-03-11 08:00:00,1904.1,1929.68,1899.57,1914.12,121867.722
2025-03-11 12:00:00,1914.12,1962.98,1840.53,1914.49,363557.2205
2025-03-11 16:00:00,1914.49,1963.2,1886.55,1951.91,147786.786
2025-03-11 20:00:00,1951.9,1955.42,1917.17,1923.43,49388.2084
2025-03-12 00:00:00,1923.42,1932.86,1867.09,1868.9,89187.395
2025-03-12 04:00:00,1868.89,1916.66,1852.3,1911.26,110565.4119
2025-03-12 08:00:00,1911.26,1960.0,1871.11,1916.84,215120.8672
2025-03-12 12:00:00,1916.85,1947.0,1829.72,1869.85,248953.4079
2025-03-12 16:00:00,1869.86,1894.72,1862.45,1878.25,73654.1765
2025-03-12 20:00:00,1878.26,1915.95,1873.7,1908.2,51258.4178
2025-03-13 00:00:00,1908.2,1917.12,1882.01,1886.87,52279.6222
2025-03-13 04:00:00,1886.87,1891.5,1858.32,1872.23,70999.1065
2025-03-13 08:00:00,1872.23,1905.38,1853.9,1900.24,122758.5939
2025-03-13 12:00:00,1900.24,1923.09,1864.21,1875.41,175474.8446
2025-03-13 16:00:00,1875.41,1878.1,1821.81,1851.82,103269.565
2025-03-13 20:00:00,1851.73,1883.56,1839.4,1864.59,44755.53
2025-03-14 00:00:00,1864.59,1894.63,1861.31,1889.29,37433.6401
2025-03-14 04:00:00,1889.28,1905.42,1887.73,1893.07,43605.6267
2025-03-14 08:00:00,1893.08,1908.93,1889.5,1902.4,46793.3531
2025-03-14 12:00:00,1902.41,1942.48,1877.69,1922.2,143016.1201
2025-03-14 16:00:00,1922.2,1945.64,1914.19,1934.16,67614.675
2025-03-14 20:00:00,1934.16,1934.94,1908.38,1911.65,37342.3205
2025-03-15 00:00:00,1911.64,1923.37,1903.75,1920.44,30993.0842
2025-03-15 04:00:00,1920.43,1935.21,1914.65,1917.66,33333.6803
2025-03-15 08:00:00,1917.68,1931.87,1912.7,1929.0,29503.127
2025-03-15 12:00:00,1929.0,1939.6,1922.55,1937.83,35518.1072
2025-03-15 16:00:00,1937.84,1948.22,1928.76,1937.31,40092.5507
2025-03-15 20:00:00,1937.32,1957.19,1936.37,1937.17,40105.3181
2025-03-16 00:00:00,1937.18,1940.87,1916.56,1927.52,31212.3097
2025-03-16 04:00:00,1927.52,1934.0,1921.53,1925.89,22661.718
2025-03-16 08:00:00,1925.89,1926.92,1866.9,1874.0,90060.573
2025-03-16 12:00:00,1874.01,1898.33,1873.42,1895.01,53503.7716
2025-03-16 16:00:00,1895.01,1924.11,1860.38,1882.74,86543.0685
2025-03-16 20:00:00,1882.73,1898.63,1870.1,1887.0,40785.2156
2025-03-17 00:00:00,1887.01,1915.44,1886.36,1908.85,41322.9928
2025-03-17 04:00:00,1908.85,1912.99,1879.98,1900.74,38881.3235
2025-03-17 08:00:00,1900.75,1918.42,1893.0,1910.59,37499.8988
2025-03-17 12:00:00,1910.58,1939.03,1888.01,1919.47,107747.907
2025-03-17 16:00:00,1919.47,1952.4,1907.74,1942.23,71315.4844
2025-03-17 20:00:00,1942.22,1949.5,1922.2,1926.31,38072.8812
2025-03-18 00:00:00,1926.3,1930.25,1897.47,1901.17,52066.7245
2025-03-18 04:00:00,1901.17,1910.41,1893.86,1905.06,37720.0428
2025-03-18 08:00:00,1905.05,1913.09,1885.58,1892.43,55602.0709
2025-03-18 12:00:00,1892.42,1903.2,1872.31,1881.02,87278.069
2025-03-18 16:00:00,1881.03,1908.39,1873.6,1904.57,56527.7258
2025-03-18 20:00:00,1904.57,1936.2,1898.65,1931.54,43701.3825
2025-03-19 00:00:00,1931.54,1949.03,1927.58,1938.33,78297.369
2025-03-19 04:00:00,1938.33,1943.14,1930.3,1932.0,51764.9712
2025-03-19 08:00:00,1932.0,2033.79,1931.7,2027.99,177658.3462
2025-03-19 12:00:00,2028.0,2056.99,1994.65,2048.99,153084.4055
2025-03-19 16:00:00,2049.0,2064.91,1997.33,2031.06,179077.3681
2025-03-19 20:00:00,2031.07,2069.9,2028.58,2056.06,51927.0434
2025-03-20 00:00:00,2056.05,2067.9,2020.41,2022.75,55508.5588
2025-03-20 04:00:00,2022.75,2025.6,2005.2,2007.54,56313.6544
2025-03-20 08:00:00,2007.55,2021.27,1972.4,1989.08,83047.3029
2025-03-20 12:00:00,1989.09,2010.66,1965.85,1972.17,86188.1979
2025-03-20 16:00:00,1972.01,1980.26,1952.17,1974.75,92498.9104
2025-03-20 20:00:00,1974.76,1984.88,1971.33,1983.79,27962.3038
2025-03-21 00:00:00,1983.79,1996.73,1973.0,1978.17,36187.0196
2025-03-21 04:00:00,1978.16,1989.95,1966.52,1976.78,32847.9402
2025-03-21 08:00:00,1976.79,1982.33,1956.6,1966.81,43285.7076
2025-03-21 12:00:00,1966.81,1973.99,1937.1,1950.69,70931.0173
2025-03-21 16:00:00,1950.69,1977.9,1946.07,1973.93,51879.2956
2025-03-21 20:00:00,1973.92,1983.4,1962.62,1965.75,27510.6787
2025-03-22 00:00:00,1965.74,1987.23,1964.34,1986.04,30242.4857
2025-03-22 04:00:00,1986.07,1993.1,1983.23,1984.23,22032.5288
2025-03-22 08:00:00,1984.22,2006.61,1981.68,1990.41,42628.2325
2025-03-22 12:00:00,1990.41,1997.75,1981.12,1986.29,29865.6634
2025-03-22 16:00:00,1986.29,2000.0,1982.52,1995.94,21282.0684
2025-03-22 20:00:00,1995.95,2004.3,1974.78,1980.69,24731.9786
2025-03-23 00:00:00,1980.68,2008.73,1976.81,2008.31,30652.622
2025-03-23 04:00:00,2008.32,2019.8,1992.08,2008.04,84722.8166
2025-03-23 08:00:00,2008.04,2020.74,2002.9,2008.01,40446.2429
2025-03-23 12:00:00,2008.01,2020.2,2002.52,2007.06,41764.057
2025-03-23 16:00:00,2007.06,2008.23,1987.5,1996.3,37278.0699
2025-03-23 20:00:00,1996.3,2006.68,1980.77,2005.99,33843.7149
2025-03-24 00:00:00,2005.99,2021.39,1977.67,2014.48,79392.7375
2025-03-24 04:00:00,2014.49,2079.58,2014.49,2069.16,123425.724
2025-03-24 08:00:00,2069.18,2104.11,2068.77,2092.77,82706.6126
2025-03-24 12:00:00,2092.77,2102.49,2073.47,2089.77,85147.898
2025-03-24 16:00:00,2089.76,2101.3,2067.67,2088.71,69700.2774
2025-03-24 20:00:00,2088.71,2095.41,2068.33,2081.2,37539.5659
2025-03-25 00:00:00,2081.2,2097.7,2041.83,2043.26,63776.9053
2025-03-25 04:00:00,2043.25,2066.98,2037.08,2055.55,45714.9026
2025-03-25 08:00:00,2055.56,2075.36,2052.44,2068.68,58564.8607
2025-03-25 12:00:00,2068.68,2080.4,2051.88,2067.67,75513.4319
2025-03-25 16:00:00,2067.67,2083.52,2056.51,2075.64,49556.1643
2025-03-25 20:00:00,2075.64,2082.99,2053.85,2066.15,35639.0644
2025-03-26 00:00:00,2066.16,2079.21,2042.6,2049.07,47785.8977
2025-03-26 04:00:00,2049.06,2071.4,2047.55,2069.25,49512.9513
2025-03-26 08:00:00,2069.26,2075.76,2057.6,2068.51,61640.9566
2025-03-26 12:00:00,2068.52,2070.52,2006.66,2012.27,132460.4999
2025-03-26 16:00:00,2012.27,2022.13,1981.6,1999.92,100130.393
2025-03-26 20:00:00,1999.91,2017.92,1991.85,2009.52,37444.6301
2025-03-27 00:00:00,2009.52,2037.38,2006.78,2031.32,41020.331
2025-03-27 04:00:00,2031.32,2032.87,2020.95,2026.43,27996.1192
2025-03-27 08:00:00,2026.42,2035.92,2012.21,2016.21,54604.8804
2025-03-27 12:00:00,2016.21,2026.32,1987.06,2005.49,124157.286
2025-03-27 16:00:00,2005.48,2015.16,1993.65,2004.08,67723.9446
2025-03-27 20:00:00,2004.13,2020.0,1999.68,2003.66,45132.2771
2025-03-28 00:00:00,2003.67,2015.93,1991.63,1999.84,45959.3744
2025-03-28 04:00:00,1999.84,2004.7,1900.0,1910.21,204560.9423
2025-03-28 08:00:00,1910.21,1925.0,1860.0,1900.48,131084.2217
2025-03-28 12:00:00,1900.47,1903.87,1871.58,1872.13,135936.1364
2025-03-28 16:00:00,1872.13,1887.28,1862.14,1874.16,67418.3875
2025-03-28 20:00:00,1874.17,1902.0,1873.75,1896.9,41208.5209
2025-03-29 00:00:00,1896.9,1913.6,1886.27,1899.83,49911.4913
2025-03-29 04:00:00,1899.84,1904.96,1875.41,1880.14,49183.2001
2025-03-29 08:00:00,1880.14,1887.28,1833.5,1844.55,104293.8926
2025-03-29 12:00:00,1844.55,1863.75,1833.84,1840.24,49507.5742
2025-03-29 16:00:00,1840.24,1848.12,1797.2,1827.5,121732.8898
2025-03-29 20:00:00,1827.5,1830.31,1811.6,1828.08,35140.7075
2025-03-30 00:00:00,1828.09,1844.59,1812.69,1834.39,45627.2749
2025-03-30 04:00:00,1834.39,1846.85,1832.56,1837.74,25482.9237
2025-03-30 08:00:00,1837.74,1849.01,1826.49,1833.27,34404.5555
2025-03-30 12:00:00,1833.28,1839.71,1790.06,1813.75,80088.8278
2025-03-30 16:00:00,1813.76,1834.33,1785.41,1814.22,70663.6853
2025-03-30 20:00:00,1814.22,1821.68,1767.69,1807.74,71576.1804
2025-03-31 00:00:00,1807.74,1823.5,1776.75,1798.32,83766.4283
2025-03-31 04:00:00,1798.32,1813.68,1789.1,1798.92,53143.2359
2025-03-31 08:00:00,1798.91,1819.74,1777.79,1813.43,90571.4839
2025-03-31 12:00:00,1813.43,1854.22,1794.94,1842.23,158823.842
2025-03-31 16:00:00,1842.22,1847.34,1817.23,1827.71,68966.6935
2025-03-31 20:00:00,1827.71,1834.74,1816.4,1822.43,42583.2216
2025-04-01 00:00:00,1822.43,1843.0,1817.88,1835.0,55092.8255
2025-04-01 04:00:00,1835.0,1867.91,1831.95,1854.26,50598.2842
2025-04-01 08:00:00,1854.26,1892.55,1853.93,1862.36,95925.7841
2025-04-01 12:00:00,1862.37,1927.9,1842.42,1918.58,156992.8651
2025-04-01 16:00:00,1918.59,1924.17,1901.5,1910.09,53127.4709
2025-04-01 20:00:00,1910.1,1922.75,1897.13,1904.98,41251.8676
2025-04-02 00:00:00,1904.98,1908.41,1872.39,1876.39,54199.1151
2025-04-02 04:00:00,1876.4,1883.3,1852.0,1865.06,62469.3203
2025-04-02 08:00:00,1865.07,1888.05,1862.62,1868.72,46565.6618
2025-04-02 12:00:00,1868.73,1919.0,1854.27,1901.21,205643.0299
2025-04-02 16:00:00,1901.21,1916.1,1882.22,1911.45,91870.8888
2025-04-02 20:00:00,1911.45,1957.0,1781.53,1795.22,290092.7664
2025-04-03 00:00:00,1795.21,1834.88,1788.97,1824.46,86309.6716
2025-04-03 04:00:00,1824.47,1845.26,1807.13,1815.31,63173.4782
2025-04-03 08:00:00,1815.31,1824.18,1787.23,1795.13,68000.455
2025-04-03 12:00:00,1795.13,1800.52,1750.0,1782.27,183694.3886
2025-04-03 16:00:00,1782.26,1799.15,1767.23,1787.12,61798.8036
2025-04-03 20:00:00,1787.11,1821.84,1779.78,1817.23,45098.221
2025-04-04 00:00:00,1817.23,1823.12,1771.11,1792.91,71533.8066
2025-04-04 04:00:00,1792.91,1821.82,1784.17,1817.93,44350.2635
2025-04-04 08:00:00,1817.94,1835.68,1758.72,1783.88,126091.5891
2025-04-04 12:00:00,1783.88,1821.0,1769.45,1795.24,190281.9269
2025-04-04 16:00:00,1795.24,1828.9,1783.25,1810.21,99784.1323
2025-04-04 20:00:00,1810.21,1827.99,1807.52,1816.87,40692.7518
2025-04-05 00:00:00,1816.88,1827.29,1809.39,1810.01,24960.4779
2025-04-05 04:00:00,1810.01,1815.75,1803.99,1813.22,19521.7579
2025-04-05 08:00:00,1813.22,1822.04,1806.56,1807.34,27693.9316
2025-04-05 12:00:00,1807.34,1808.3,1777.93,1782.01,57339.1196
2025-04-05 16:00:00,1782.01,1795.38,1780.0,1782.17,20889.6367
2025-04-05 20:00:00,1782.17,1810.04,1764.39,1806.01,51311.3459
2025-04-06 00:00:00,1806.02,1817.0,1801.78,1809.81,24843.9304
2025-04-06 04:00:00,1809.81,1813.55,1791.49,1797.69,28106.5655
2025-04-06 08:00:00,1797.7,1798.2,1783.0,1789.19,36956.075
2025-04-06 12:00:00,1789.19,1792.09,1735.0,1759.55,126184.7151
2025-04-06 16:00:00,1759.56,1760.06,1602.0,1626.24,394747.5662
2025-04-06 20:00:00,1626.24,1631.18,1537.5,1580.76,369008.2436
2025-04-07 00:00:00,1580.77,1614.2,1520.78,1543.69,231470.3874
2025-04-07 04:00:00,1543.69,1561.41,1411.01,1460.15,606711.8104
2025-04-07 08:00:00,1460.15,1520.83,1455.63,1483.11,289167.8855
2025-04-07 12:00:00,1483.11,1639.0,1478.12,1556.56,745901.0133
2025-04-07 16:00:00,1556.56,1572.7,1526.0,1545.41,211504.8219
2025-04-07 20:00:00,1545.47,1585.5,1545.06,1553.04,84040.0882
2025-04-08 00:00:00,1553.04,1618.67,1541.04,1584.71,108270.5369
2025-04-08 04:00:00,1584.71,1602.27,1561.89,1570.83,90041.615
2025-04-08 08:00:00,1570.83,1590.08,1554.37,1588.32,79592.2855
2025-04-08 12:00:00,1588.32,1593.47,1518.29,1531.77,195381.2018
2025-04-08 16:00:00,1531.76,1533.08,1454.63,1466.67,296007.5833
2025-04-08 20:00:00,1466.67,1486.2,1441.3,1473.41,122552.9102
2025-04-09 00:00:00,1473.41,1482.28,1385.05,1418.8,348901.6501
2025-04-09 04:00:00,1418.79,1492.02,1414.77,1483.43,231481.7066
2025-04-09 08:00:00,1483.45,1496.55,1445.07,1455.33,225142.4451
2025-04-09 12:00:00,1455.33,1501.27,1440.2,1485.26,274260.0992
2025-04-09 16:00:00,1485.26,1673.29,1481.97,1640.92,728405.2382
2025-04-09 20:00:00,1640.93,1689.0,1640.56,1669.51,160339.7746
2025-04-10 00:00:00,1669.51,1669.85,1601.76,1617.01,126397.4019
2025-04-10 04:00:00,1617.0,1626.14,1583.31,1595.81,104597.0239
2025-04-10 08:00:00,1595.81,1606.86,1581.36,1594.81,87134.1256
2025-04-10 12:00:00,1594.8,1640.0,1483.6,1495.98,325823.9029
2025-04-10 16:00:00,1495.97,1532.2,1471.02,1514.67,206611.5545
2025-04-10 20:00:00,1514.6,1533.7,1514.16,1522.25,61291.3846
2025-04-11 00:00:00,1522.24,1550.6,1504.63,1544.61,94058.3669
2025-04-11 04:00:00,1544.61,1562.8,1541.04,1553.04,69184.0419
2025-04-11 08:00:00,1553.05,1585.0,1538.14,1558.79,139182.3495
2025-04-11 12:00:00,1558.8,1581.44,1541.48,1565.44,148755.5345
2025-04-11 16:00:00,1565.44,1591.47,1555.87,1565.79,83844.1242
2025-04-11 20:00:00,1565.79,1586.97,1558.7,1566.85,43459.9013
2025-04-12 00:00:00,1566.85,1569.79,1546.06,1554.4,48549.479
2025-04-12 04:00:00,1554.4,1585.23,1550.5,1582.05,48725.5648
2025-04-12 08:00:00,1582.04,1606.41,1581.0,1594.06,68189.6049
2025-04-12 12:00:00,1594.06,1669.59,1590.7,1655.87,184898.5365
2025-04-12 16:00:00,1655.88,1662.33,1628.24,1642.63,96645.472
2025-04-12 20:00:00,1642.64,1659.93,1641.24,1644.18,54859.2461
2025-04-13 00:00:00,1644.19,1649.75,1606.55,1624.53,75377.2782
2025-04-13 04:00:00,1624.52,1624.66,1597.47,1613.5,57240.2926
2025-04-13 08:00:00,1613.51,1628.2,1592.58,1604.28,72537.0065
2025-04-13 12:00:00,1604.29,1609.3,1566.11,1586.62,107308.5997
2025-04-13 16:00:00,1586.61,1649.04,1562.01,1590.25,173502.9478
2025-04-13 20:00:00,1590.25,1617.08,1572.24,1597.76,94170.4897
2025-04-14 00:00:00,1597.76,1660.32,1595.56,1629.59,126833.3588
2025-04-14 04:00:00,1629.6,1642.19,1612.63,1635.57,68892.4749
2025-04-14 08:00:00,1635.58,1691.5,1629.34,1675.32,140481.582
2025-04-14 12:00:00,1675.32,1689.59,1619.34,1627.93,157297.7459
2025-04-14 16:00:00,1627.94,1651.51,1615.0,1636.58,105039.3429
2025-04-14 20:00:00,1636.58,1638.18,1606.01,1623.77,47385.6374
2025-04-15 00:00:00,1623.78,1643.7,1614.8,1637.89,66593.4424
2025-04-15 04:00:00,1637.9,1648.47,1632.06,1644.84,49772.8016
2025-04-15 08:00:00,1644.83,1651.96,1622.47,1632.05,71974.1557
2025-04-15 12:00:00,1632.06,1661.21,1601.36,1621.02,167803.8185
2025-04-15 16:00:00,1621.01,1627.99,1597.17,1606.96,64876.56
2025-04-15 20:00:00,1606.95,1614.78,1583.12,1588.78,55158.1133
2025-04-16 00:00:00,1588.77,1604.4,1576.5,1591.04,53725.2608
2025-04-16 04:00:00,1591.04,1593.66,1551.18,1564.28,98012.8235
2025-04-16 08:00:00,1564.28,1586.1,1556.7,1584.17,61135.9591
2025-04-16 12:00:00,1584.18,1613.66,1566.28,1590.69,127938.4349
2025-04-16 16:00:00,1590.7,1612.83,1538.07,1588.6,208530.8318
2025-04-16 20:00:00,1588.61,1598.15,1570.0,1577.14,62044.5585
2025-04-17 00:00:00,1577.15,1595.57,1574.69,1584.91,59911.5347
2025-04-17 04:00:00,1584.91,1610.53,1580.99,1601.6,65643.7644
2025-04-17 08:00:00,1601.6,1604.23,1588.65,1593.27,44240.9551
2025-04-17 12:00:00,1593.27,1603.19,1563.2,1583.17,93211.0273
2025-04-17 16:00:00,1583.17,1616.96,1577.02,1581.45,147342.5624
2025-04-17 20:00:00,1581.44,1591.84,1579.0,1583.62,39520.5189
2025-04-18 00:00:00,1583.63,1589.19,1577.23,1584.15,38792.3674
2025-04-18 04:00:00,1584.14,1585.19,1573.54,1584.09,41086.5907
2025-04-18 08:00:00,1584.1,1592.82,1582.3,1590.67,30494.132
2025-04-18 12:00:00,1590.67,1597.2,1579.09,1583.17,40691.5035
2025-04-18 16:00:00,1583.17,1595.18,1581.8,1593.31,25174.1423
2025-04-18 20:00:00,1593.31,1600.64,1587.01,1588.6,24170.3
2025-04-19 00:00:00,1588.6,1600.26,1585.01,1597.76,31072.3981
2025-04-19 04:00:00,1597.75,1613.48,1595.33,1600.94,43084.6831
2025-04-19 08:00:00,1600.94,1606.4,1594.07,1596.79,30170.2623
2025-04-19 12:00:00,1596.8,1612.29,1595.05,1607.28,39041.6232
2025-04-19 16:00:00,1607.28,1631.81,1598.5,1614.79,58737.7878
2025-04-19 20:00:00,1614.8,1622.37,1611.06,1613.27,20989.6354
2025-04-20 00:00:00,1613.26,1619.19,1608.0,1611.87,27425.144
2025-04-20 04:00:00,1611.87,1617.65,1586.6,1597.46,47330.5051
2025-04-20 08:00:00,1597.46,1597.61,1565.59,1572.62,86979.4597
2025-04-20 12:00:00,1572.61,1584.04,1571.1,1573.5,41804.6085
2025-04-20 16:00:00,1573.51,1587.97,1571.49,1586.17,28189.3136
2025-04-20 20:00:00,1586.19,1600.75,1574.68,1587.36,44323.1997
2025-04-21 00:00:00,1587.36,1645.45,1586.18,1634.54,160608.8717
2025-04-21 04:00:00,1634.55,1658.75,1631.3,1645.92,114675.8872
2025-04-21 08:00:00,1645.92,1655.0,1617.85,1626.34,77595.4377
2025-04-21 12:00:00,1626.34,1641.82,1608.6,1623.3,110419.6288
2025-04-21 16:00:00,1623.3,1626.09,1564.07,1573.7,175835.5597
2025-04-21 20:00:00,1573.7,1580.75,1571.35,1579.57,52351.2816
2025-04-22 00:00:00,1579.57,1593.73,1537.26,1579.22,144649.1612
2025-04-22 04:00:00,1579.22,1624.0,1574.0,1619.21,119131.8864
2025-04-22 08:00:00,1619.2,1638.16,1613.01,1631.03,118180.9271
2025-04-22 12:00:00,1631.03,1725.81,1626.85,1703.01,390160.8683
2025-04-22 16:00:00,1703.0,1710.66,1683.08,1698.22,117017.3822
2025-04-22 20:00:00,1698.22,1778.0,1691.68,1756.26,213896.7334
2025-04-23 00:00:00,1756.25,1807.56,1744.95,1795.49,193263.6182
2025-04-23 04:00:00,1795.49,1818.18,1773.93,1792.11,180484.4026
2025-04-23 08:00:00,1792.1,1812.2,1779.2,1797.23,119675.4843
2025-04-23 12:00:00,1797.22,1834.86,1761.62,1794.6,272006.8304
2025-04-23 16:00:00,1794.6,1810.0,1774.47,1786.03,88340.4333
2025-04-23 20:00:00,1786.03,1806.91,1785.73,1795.07,33774.8628
2025-04-24 00:00:00,1795.08,1802.82,1766.52,1768.18,68766.2419
2025-04-24 04:00:00,1768.16,1776.34,1751.27,1756.25,76239.2484
2025-04-24 08:00:00,1756.25,1760.7,1722.9,1755.1,111964.6432
2025-04-24 12:00:00,1755.1,1777.77,1744.4,1764.62,106855.2798
2025-04-24 16:00:00,1764.62,1777.5,1746.04,1763.1,76360.5962
2025-04-24 20:00:00,1763.1,1774.84,1749.04,1769.65,43279.029
2025-04-25 00:00:00,1769.64,1790.5,1738.6,1760.89,91446.8365
2025-04-25 04:00:00,1760.89,1781.88,1758.14,1777.18,56655.5164
2025-04-25 08:00:00,1777.17,1793.29,1764.29,1790.49,94062.5482
2025-04-25 12:00:00,1790.49,1827.32,1757.25,1806.48,225511.8462
2025-04-25 16:00:00,1806.48,1810.89,1782.4,1802.16,81938.4927
2025-04-25 20:00:00,1802.16,1809.4,1783.85,1784.6,45995.6494
2025-04-26 00:00:00,1784.6,1815.81,1784.6,1797.48,79135.7111
2025-04-26 04:00:00,1797.48,1810.88,1789.0,1800.49,35833.049
2025-04-26 08:00:00,1800.49,1841.16,1778.94,1785.85,115929.7567
2025-04-26 12:00:00,1785.86,1804.0,1780.1,1800.2,53171.575
2025-04-26 16:00:00,1800.2,1814.89,1795.86,1813.08,28122.1042
2025-04-26 20:00:00,1813.08,1831.09,1805.51,1820.88,42875.8482
2025-04-27 00:00:00,1820.87,1857.47,1801.02,1809.75,125776.6408
2025-04-27 04:00:00,1809.75,1811.6,1790.27,1803.76,45935.8597
2025-04-27 08:00:00,1803.75,1815.52,1801.56,1805.94,32043.3556
2025-04-27 12:00:00,1805.94,1808.1,1781.9,1793.86,65995.6124
2025-04-27 16:00:00,1793.85,1808.47,1787.31,1808.01,32862.3788
2025-04-27 20:00:00,1808.01,1808.26,1784.59,1791.29,37718.7962
2025-04-28 00:00:00,1791.29,1793.83,1752.18,1784.23,110341.6608
2025-04-28 04:00:00,1784.23,1812.08,1784.23,1804.79,63071.9581
2025-04-28 08:00:00,1804.8,1827.98,1788.3,1816.2,95744.5566
2025-04-28 12:00:00,1816.2,1816.97,1753.0,1763.28,143536.7345
2025-04-28 16:00:00,1763.27,1804.79,1744.71,1797.17,119073.3187
2025-04-28 20:00:00,1797.17,1807.0,1781.16,1799.88,55501.5143
2025-04-29 00:00:00,1799.88,1811.56,1787.89,1802.08,60533.1763
2025-04-29 04:00:00,1802.07,1824.94,1788.16,1821.71,77348.4406
2025-04-29 08:00:00,1821.71,1842.99,1816.92,1829.77,104234.231
2025-04-29 12:00:00,1829.76,1833.42,1802.02,1814.99,100591.997
2025-04-29 16:00:00,1814.99,1832.49,1807.48,1821.65,64099.1139
2025-04-29 20:00:00,1821.66,1825.69,1780.47,1797.81,73649.4296
2025-04-30 00:00:00,1797.81,1813.09,1788.9,1808.91,47523.1618
2025-04-30 04:00:00,1808.92,1813.0,1791.1,1796.37,38807.935
2025-04-30 08:00:00,1796.37,1816.8,1792.8,1815.7,43373.0871
2025-04-30 12:00:00,1815.69,1816.4,1731.7,1764.74,215011.5837
2025-04-30 16:00:00,1764.73,1792.97,1756.07,1786.69,67778.2644
2025-04-30 20:00:00,1786.7,1809.72,1784.61,1793.61,61029.9557
2025-05-01 00:00:00,1793.62,1819.0,1792.52,1807.99,54356.6699
2025-05-01 04:00:00,1807.99,1816.9,1802.14,1810.6,34775.7602
2025-05-01 08:00:00,1810.59,1859.23,1808.8,1845.58,136551.2761
2025-05-01 12:00:00,1845.58,1873.17,1825.2,1852.99,206809.7762
2025-05-01 16:00:00,1853.0,1870.25,1838.49,1842.82,71303.5178
2025-05-01 20:00:00,1842.89,1851.01,1833.5,1838.11,33401.7289
2025-05-02 00:00:00,1838.1,1851.3,1835.1,1847.74,36438.5546
2025-05-02 04:00:00,1847.74,1851.79,1816.22,1816.32,77200.0537
2025-05-02 08:00:00,1816.33,1835.53,1813.0,1833.39,64205.9035
2025-05-02 12:00:00,1833.39,1854.5,1823.34,1841.12,115720.8477
2025-05-02 16:00:00,1841.11,1871.0,1831.7,1839.68,86400.4395
2025-05-02 20:00:00,1839.68,1848.5,1832.49,1842.2,30702.076
2025-05-03 00:00:00,1842.2,1843.05,1826.58,1834.8,28605.7458
2025-05-03 04:00:00,1834.8,1839.3,1824.6,1826.41,26200.2165
2025-05-03 08:00:00,1826.41,1830.51,1817.63,1824.1,38880.361
2025-05-03 12:00:00,1824.1,1840.12,1823.74,1834.53,35406.8381
2025-05-03 16:00:00,1834.53,1839.2,1810.0,1838.21,47650.4581
2025-05-03 20:00:00,1838.21,1848.6,1828.4,1833.52,37007.9784
2025-05-04 00:00:00,1833.52,1849.6,1826.44,1831.89,37409.3894
2025-05-04 04:00:00,1831.89,1849.95,1829.66,1840.98,39293.2904
2025-05-04 08:00:00,1840.98,1841.34,1822.0,1827.6,41649.5415
2025-05-04 12:00:00,1827.61,1833.99,1818.57,1830.8,34143.7207
2025-05-04 16:00:00,1830.81,1833.49,1822.08,1828.4,26733.0632
2025-05-04 20:00:00,1828.4,1842.15,1803.0,1808.86,59025.3512
2025-05-05 00:00:00,1808.86,1818.49,1781.85,1794.51,86015.2042
2025-05-05 04:00:00,1794.5,1829.84,1792.82,1826.59,49441.4363
2025-05-05 08:00:00,1826.58,1831.55,1798.3,1804.63,57907.623
2025-05-05 12:00:00,1804.64,1815.63,1794.47,1800.99,63242.5831
2025-05-05 16:00:00,1801.0,1828.5,1800.78,1816.44,43543.1002
2025-05-05 20:00:00,1816.44,1833.55,1799.52,1820.19,42191.061
2025-05-06 00:00:00,1820.19,1820.9,1792.49,1806.35,48765.2187
2025-05-06 04:00:00,1806.35,1809.26,1797.78,1806.03,24102.5412
2025-05-06 08:00:00,1806.03,1806.1,1757.34,1769.92,79861.629
2025-05-06 12:00:00,1769.92,1779.68,1752.0,1770.09,85715.8416
2025-05-06 16:00:00,1770.09,1798.8,1762.16,1784.79,59655.6448
2025-05-06 20:00:00,1784.8,1819.41,1765.5,1817.0,86483.3698
2025-05-07 00:00:00,1817.0,1850.0,1814.59,1826.48,125977.3463
2025-05-07 04:00:00,1826.48,1838.43,1824.57,1838.24,38011.0468
2025-05-07 08:00:00,1838.23,1847.05,1830.51,1836.35,56688.7297
2025-05-07 12:00:00,1836.35,1837.1,1814.29,1817.31,78534.1832
2025-05-07 16:00:00,1817.32,1818.01,1787.01,1795.82,105311.2281
2025-05-07 20:00:00,1795.83,1825.44,1789.12,1811.11,51647.5364
2025-05-08 00:00:00,1811.11,1906.77,1808.71,1901.1,182304.831
2025-05-08 04:00:00,1901.09,1943.83,1892.2,1928.4,174077.6779
2025-05-08 08:00:00,1928.4,1968.72,1925.9,1957.63,155279.6357
2025-05-08 12:00:00,1957.64,2075.65,1954.27,2051.3,369909.7122
2025-05-08 16:00:00,2051.3,2140.0,2036.64,2117.83,238215.6027
2025-05-08 20:00:00,2117.83,2226.0,2111.6,2207.39,353365.2265
2025-05-09 00:00:00,2207.39,2245.03,2184.33,2205.06,197091.8523
2025-05-09 04:00:00,2205.06,2393.0,2202.8,2364.09,322754.4291
2025-05-09 08:00:00,2364.09,2490.77,2292.12,2351.29,688883.9006
2025-05-09 12:00:00,2351.29,2388.23,2271.5,2301.3,271184.0811
2025-05-09 16:00:00,2301.28,2355.2,2274.33,2331.57,129993.1001
2025-05-09 20:00:00,2331.58,2352.0,2322.65,2345.04,57133.675
2025-05-10 00:00:00,2345.04,2380.66,2317.0,2339.89,72245.2312
2025-05-10 04:00:00,2339.89,2417.13,2326.66,2400.0,121392.4906
2025-05-10 08:00:00,2400.01,2435.72,2360.0,2384.75,221266.4512
2025-05-10 12:00:00,2384.76,2448.88,2384.76,2433.46,138173.1596
2025-05-10 16:00:00,2433.46,2512.42,2428.93,2499.48,222169.8609
2025-05-10 20:00:00,2499.49,2600.0,2469.1,2583.23,204102.9671
2025-05-11 00:00:00,2583.22,2608.13,2504.27,2537.63,191294.7124
2025-05-11 04:00:00,2537.62,2562.47,2453.92,2473.22,187762.0232
2025-05-11 08:00:00,2473.22,2535.46,2472.2,2530.67,108511.1259
2025-05-11 12:00:00,2530.67,2532.09,2435.51,2462.51,152835.3762
2025-05-11 16:00:00,2462.55,2525.4,2440.25,2508.02,123750.4647
2025-05-11 20:00:00,2508.02,2528.52,2483.33,2514.57,67430.6864
2025-05-12 00:00:00,2514.58,2548.85,2490.75,2520.0,107789.0359
2025-05-12 04:00:00,2520.01,2624.0,2486.8,2554.77,244402.2228
2025-05-12 08:00:00,2554.78,2585.83,2522.0,2530.59,153519.4558
2025-05-12 12:00:00,2530.58,2576.29,2478.0,2486.92,278494.7566
2025-05-12 16:00:00,2486.91,2512.36,2406.63,2460.36,211087.0722
2025-05-12 20:00:00,2460.35,2500.36,2452.26,2495.47,73388.4
2025-05-13 00:00:00,2495.48,2495.79,2415.3,2424.8,110339.1684
2025-05-13 04:00:00,2424.8,2480.0,2420.0,2460.72,82218.1177
2025-05-13 08:00:00,2460.73,2525.5,2451.25,2513.39,115595.9445
2025-05-13 12:00:00,2513.39,2573.87,2491.81,2566.21,215856.7475
2025-05-13 16:00:00,2566.21,2738.5,2560.01,2690.94,347310.3376
2025-05-13 20:00:00,2690.93,2707.62,2654.21,2679.71,160035.3308
2025-05-14 00:00:00,2679.71,2725.99,2622.99,2646.82,257279.4041
2025-05-14 04:00:00,2646.82,2687.75,2636.59,2640.76,107100.5467
2025-05-14 08:00:00,2640.75,2645.95,2577.48,2624.94,186139.4657
2025-05-14 12:00:00,2624.93,2636.15,2559.19,2597.49,143036.0868
2025-05-14 16:00:00,2597.49,2617.5,2547.26,2605.1,91850.496
2025-05-14 20:00:00,2605.03,2614.05,2583.99,2609.74,44641.1129
2025-05-15 00:00:00,2609.75,2647.03,2566.91,2574.93,118326.6199
2025-05-15 04:00:00,2574.93,2596.49,2515.69,2531.0,117822.453
2025-05-15 08:00:00,2530.99,2567.65,2517.53,2554.71,110523.8637
2025-05-15 12:00:00,2554.71,2579.61,2476.03,2563.76,203590.318
2025-05-15 16:00:00,2563.77,2603.59,2511.77,2530.98,143149.7719
2025-05-15 20:00:00,2531.0,2564.33,2512.06,2548.69,75541.0067
2025-05-16 00:00:00,2548.7,2584.62,2534.2,2581.35,78973.7415
2025-05-16 04:00:00,2581.4,2619.99,2564.0,2601.5,102489.8746
2025-05-16 08:00:00,2601.5,2649.31,2558.12,2620.83,145031.4625
2025-05-16 12:00:00,2620.82,2623.25,2573.8,2594.93,148721.2722
2025-05-16 16:00:00,2594.93,2602.01,2570.0,2591.8,63870.4425
2025-05-16 20:00:00,2591.89,2592.74,2529.4,2537.12,66866.8986
2025-05-17 00:00:00,2537.13,2538.16,2452.6,2496.98,179817.7157
2025-05-17 04:00:00,2497.0,2513.51,2474.93,2492.89,69826.1384
2025-05-17 08:00:00,2492.9,2496.2,2466.59,2481.67,58703.2416
2025-05-17 12:00:00,2481.67,2486.64,2446.42,2474.48,68534.1761
2025-05-17 16:00:00,2474.48,2488.69,2448.27,2470.19,62248.9258
2025-05-17 20:00:00,2470.18,2495.45,2453.26,2475.08,55203.0806
2025-05-18 00:00:00,2475.09,2487.44,2467.75,2477.2,33903.8121
2025-05-18 04:00:00,2477.2,2515.44,2477.2,2509.3,46436.55
2025-05-18 08:00:00,2509.29,2528.55,2498.11,2501.75,60946.9309
2025-05-18 12:00:00,2501.74,2587.61,2488.02,2578.99,119513.8117
2025-05-18 16:00:00,2579.0,2584.0,2403.33,2408.2,270494.374
2025-05-18 20:00:00,2408.2,2511.27,2323.21,2497.78,278807.7064
2025-05-19 00:00:00,2497.78,2513.67,2379.8,2385.31,164347.1386
2025-05-19 04:00:00,2385.32,2413.11,2348.38,2403.74,148408.0227
2025-05-19 08:00:00,2403.74,2422.69,2390.12,2417.58,86572.2101
2025-05-19 12:00:00,2417.58,2473.7,2383.8,2466.63,153649.8023
2025-05-19 16:00:00,2466.63,2547.36,2450.86,2518.82,201749.9999
2025-05-19 20:00:00,2518.81,2534.52,2492.43,2528.14,107020.3494
2025-05-20 00:00:00,2528.14,2588.63,2510.72,2553.3,153200.7856
2025-05-20 04:00:00,2553.29,2578.0,2521.9,2532.3,99367.8058
2025-05-20 08:00:00,2532.3,2540.0,2492.58,2514.2,74634.3571
2025-05-20 12:00:00,2514.2,2515.38,2464.56,2482.79,117320.7002
2025-05-20 16:00:00,2482.78,2511.46,2442.4,2501.28,132395.1503
2025-05-20 20:00:00,2501.29,2541.03,2485.1,2524.19,100070.3757
2025-05-21 00:00:00,2524.19,2554.5,2509.0,2544.98,94538.6309
2025-05-21 04:00:00,2544.98,2615.95,2534.52,2551.87,184170.6385
2025-05-21 08:00:00,2551.87,2562.15,2515.38,2536.65,101973.1883
2025-05-21 12:00:00,2536.64,2582.18,2522.22,2567.01,196379.57
2025-05-21 16:00:00,2567.02,2615.34,2452.2,2512.79,394137.9188
2025-05-21 20:00:00,2512.75,2597.92,2486.25,2550.99,124690.3437
2025-05-22 00:00:00,2551.0,2647.8,2544.83,2629.24,193398.7709
2025-05-22 04:00:00,2629.24,2647.5,2602.78,2635.19,186391.5049
2025-05-22 08:00:00,2635.19,2692.99,2627.32,2650.75,187811.6911
2025-05-22 12:00:00,2650.75,2679.99,2623.14,2664.48,143113.8209
2025-05-22 16:00:00,2664.48,2676.3,2626.37,2634.51,81782.0817
2025-05-22 20:00:00,2634.68,2665.9,2627.85,2664.82,60057.7974
2025-05-23 00:00:00,2664.83,2734.23,2645.16,2722.0,187067.1541
2025-05-23 04:00:00,2722.0,2725.96,2651.35,2655.2,136416.5241
2025-05-23 08:00:00,2655.2,2689.21,2551.0,2566.79,174275.1796
2025-05-23 12:00:00,2566.78,2591.95,2498.3,2568.53,287915.0191
2025-05-23 16:00:00,2568.53,2587.18,2545.91,2560.98,95376.1828
2025-05-23 20:00:00,2560.97,2562.4,2503.66,2526.5,90392.3935
2025-05-24 00:00:00,2526.49,2556.73,2515.08,2549.99,57804.475
2025-05-24 04:00:00,2550.0,2563.5,2535.08,2546.99,35663.2606
2025-05-24 08:00:00,2546.99,2575.85,2545.22,2563.31,43777.2332
2025-05-24 12:00:00,2563.32,2565.41,2543.51,2555.64,43615.7389
2025-05-24 16:00:00,2555.64,2567.38,2543.86,2554.47,29640.3749
2025-05-24 20:00:00,2554.48,2556.57,2517.65,2530.4,47043.1518
2025-05-25 00:00:00,2530.41,2539.5,2476.0,2512.78,94625.0126
2025-05-25 04:00:00,2512.79,2518.75,2487.22,2494.39,34574.3928
2025-05-25 08:00:00,2494.4,2502.19,2463.0,2497.91,73532.6991
2025-05-25 12:00:00,2497.91,2524.9,2479.24,2511.7,62833.3505
2025-05-25 16:00:00,2511.69,2535.66,2496.1,2526.6,35833.8594
2025-05-25 20:00:00,2526.6,2554.26,2507.65,2551.22,58490.7155
2025-05-26 00:00:00,2551.22,2577.0,2536.84,2560.3,79035.4012
2025-05-26 04:00:00,2560.29,2599.0,2557.3,2580.8,62048.7781
2025-05-26 08:00:00,2580.79,2582.7,2553.24,2568.08,50205.7588
2025-05-26 12:00:00,2568.08,2574.43,2539.23,2565.99,74983.034
2025-05-26 16:00:00,2566.0,2573.3,2525.86,2541.22,54080.3119
2025-05-26 20:00:00,2541.21,2584.65,2536.57,2563.7,42617.8342
2025-05-27 00:00:00,2563.7,2573.5,2509.46,2549.25,69713.0364
2025-05-27 04:00:00,2549.26,2619.48,2548.99,2607.59,197681.4542
2025-05-27 08:00:00,2607.6,2655.0,2607.59,2652.64,142343.8069
2025-05-27 12:00:00,2652.64,2683.87,2633.36,2668.2,187321.8228
2025-05-27 16:00:00,2668.2,2712.36,2658.36,2687.53,134840.7342
2025-05-27 20:00:00,2687.53,2694.12,2652.26,2660.81,66530.0317
2025-05-28 00:00:00,2660.81,2661.79,2618.34,2645.37,90117.4687
2025-05-28 04:00:00,2645.38,2652.57,2623.85,2636.39,53442.2005
2025-05-28 08:00:00,2636.39,2659.01,2608.5,2656.99,79915.2726
2025-05-28 12:00:00,2656.99,2689.14,2613.2,2626.9,163925.6089
2025-05-28 16:00:00,2626.9,2664.35,2615.32,2617.79,97533.2399
2025-05-28 20:00:00,2617.8,2686.4,2612.04,2681.6,75161.8927
2025-05-29 00:00:00,2681.61,2788.0,2669.01,2762.5,229259.2567
2025-05-29 04:00:00,2762.5,2766.8,2701.28,2731.28,126662.7696
2025-05-29 08:00:00,2731.29,2744.42,2707.1,2715.83,87809.0759
2025-05-29 12:00:00,2715.82,2718.6,2621.92,2643.68,199941.4085
2025-05-29 16:00:00,2643.68,2673.48,2628.99,2650.12,102620.318
2025-05-29 20:00:00,2650.12,2668.95,2619.05,2631.39,65274.4258
2025-05-30 00:00:00,2631.39,2645.23,2557.07,2631.19,155006.0398
2025-05-30 04:00:00,2631.19,2649.23,2606.8,2618.26,98621.6797
2025-05-30 08:00:00,2618.27,2628.1,2588.16,2622.04,94347.7511
2025-05-30 12:00:00,2622.04,2626.3,2572.56,2598.21,158089.2625
2025-05-30 16:00:00,2598.21,2604.28,2533.2,2574.41,150402.1797
2025-05-30 20:00:00,2574.41,2589.85,2507.35,2531.34,106578.3436
2025-05-31 00:00:00,2531.35,2539.98,2475.33,2513.98,168287.9684
2025-05-31 04:00:00,2513.98,2526.5,2504.63,2521.11,44367.3462
2025-05-31 08:00:00,2521.11,2538.45,2508.04,2519.61,49679.8374
2025-05-31 12:00:00,2519.61,2550.14,2515.95,2536.3,66920.1415
2025-05-31 16:00:00,2536.29,2547.99,2523.36,2537.4,29163.6348
2025-05-31 20:00:00,2537.39,2550.34,2524.41,2528.06,36118.3238
2025-06-01 00:00:00,2528.06,2530.38,2492.0,2513.3,70533.988
2025-06-01 04:00:00,2513.3,2527.28,2505.87,2509.0,27878.1156
2025-06-01 08:00:00,2509.0,2510.75,2477.77,2497.35,54403.224
2025-06-01 12:00:00,2497.35,2524.99,2468.56,2523.23,59879.6014
2025-06-01 16:00:00,2523.23,2547.79,2493.49,2526.38,77247.3012
2025-06-01 20:00:00,2526.38,2547.59,2519.42,2539.21,42079.4786
2025-06-02 00:00:00,2539.2,2541.71,2485.65,2496.31,62064.6801
2025-06-02 04:00:00,2496.3,2513.97,2483.37,2506.94,46755.833
2025-06-02 08:00:00,2506.94,2515.92,2475.0,2480.94,72369.9377
2025-06-02 12:00:00,2480.93,2556.74,2477.88,2544.39,117634.5723
2025-06-02 16:00:00,2544.39,2565.56,2524.8,2532.44,84111.6306
2025-06-02 20:00:00,2532.45,2615.0,2532.2,2607.41,85953.32
2025-06-03 00:00:00,2607.42,2649.91,2589.3,2603.39,131030.6321
2025-06-03 04:00:00,2603.38,2620.75,2589.91,2609.99,51167.9653
2025-06-03 08:00:00,2610.0,2620.34,2594.79,2601.78,52849.5399
2025-06-03 12:00:00,2601.78,2655.38,2598.02,2623.58,102211.9356
2025-06-03 16:00:00,2623.58,2628.57,2602.56,2625.16,59674.1095
2025-06-03 20:00:00,2625.19,2625.61,2575.0,2593.36,57448.8615
2025-06-04 00:00:00,2593.35,2640.83,2583.5,2627.9,61798.9202
2025-06-04 04:00:00,2627.89,2644.77,2619.3,2627.74,62938.1514
2025-06-04 08:00:00,2627.75,2650.0,2624.0,2624.4,63468.9201
2025-06-04 12:00:00,2624.41,2679.88,2594.49,2667.93,172701.2856
2025-06-04 16:00:00,2667.92,2669.59,2622.22,2623.72,77307.5958
2025-06-04 20:00:00,2623.72,2625.1,2599.11,2607.68,64279.9483
2025-06-05 00:00:00,2607.68,2632.47,2601.25,2624.99,40676.0642
2025-06-05 04:00:00,2625.0,2634.46,2601.08,2604.08,61524.8808
2025-06-05 08:00:00,2604.09,2613.72,2580.88,2608.01,59838.8406
2025-06-05 12:00:00,2608.01,2640.86,2562.85,2589.43,182112.4377
2025-06-05 16:00:00,2589.44,2591.59,2506.4,2528.96,157136.102
2025-06-05 20:00:00,2528.96,2535.7,2391.66,2414.01,307649.7091
2025-06-06 00:00:00,2414.02,2457.12,2381.49,2455.71,152999.571
2025-06-06 04:00:00,2455.7,2468.55,2446.68,2455.64,89808.4824
2025-06-06 08:00:00,2455.64,2493.82,2454.01,2476.15,74073.1256
2025-06-06 12:00:00,2476.15,2531.36,2466.45,2509.63,148482.2253
2025-06-06 16:00:00,2509.62,2518.38,2483.22,2484.02,70686.2465
2025-06-06 20:00:00,2484.02,2507.06,2472.71,2476.1,42793.8466
2025-06-07 00:00:00,2476.1,2493.47,2457.0,2488.98,53068.2557
2025-06-07 04:00:00,2488.99,2502.0,2480.0,2491.28,46296.7577
2025-06-07 08:00:00,2491.27,2501.4,2482.11,2495.75,29169.0092
2025-06-07 12:00:00,2495.76,2523.61,2492.81,2519.75,56362.6484
2025-06-07 16:00:00,2519.75,2525.79,2506.69,2517.31,41024.5351
2025-06-07 20:00:00,2517.3,2544.36,2517.3,2524.63,38866.4682
2025-06-08 00:00:00,2524.64,2525.92,2508.08,2511.72,37219.908
2025-06-08 04:00:00,2511.72,2519.9,2508.32,2514.45,20757.6078
2025-06-08 08:00:00,2514.45,2521.13,2490.58,2513.51,56611.4709
2025-06-08 12:00:00,2513.5,2527.35,2500.21,2514.44,40763.927
2025-06-08 16:00:00,2514.44,2540.5,2512.62,2532.56,54196.2283
2025-06-08 20:00:00,2532.56,2548.63,2500.0,2509.83,56925.5719
2025-06-09 00:00:00,2509.84,2511.79,2482.15,2496.86,64068.886
2025-06-09 04:00:00,2496.85,2496.85,2477.73,2491.77,38565.8381
2025-06-09 08:00:00,2491.77,2547.17,2484.47,2541.79,105670.6597
2025-06-09 12:00:00,2541.78,2548.9,2509.94,2534.11,85277.028
2025-06-09 16:00:00,2534.11,2590.0,2534.1,2580.59,102931.886
2025-06-09 20:00:00,2580.58,2693.99,2575.72,2680.13,172212.0047
2025-06-10 00:00:00,2680.13,2726.78,2675.16,2688.88,195206.6267
2025-06-10 04:00:00,2688.89,2699.27,2655.61,2677.35,105454.7733
2025-06-10 08:00:00,2677.36,2798.76,2670.0,2773.64,225740.6996
2025-06-10 12:00:00,2773.64,2778.7,2690.0,2732.95,268487.1119
2025-06-10 16:00:00,2732.96,2806.0,2728.75,2773.68,164966.529
2025-06-10 20:00:00,2773.69,2827.0,2734.93,2816.4,178549.737
2025-06-11 00:00:00,2816.41,2834.86,2771.8,2791.06,101757.4584
2025-06-11 04:00:00,2791.07,2804.03,2780.15,2791.59,63641.1196
2025-06-11 08:00:00,2791.6,2793.57,2754.0,2772.25,77665.6327
2025-06-11 12:00:00,2772.26,2879.22,2764.1,2865.21,303126.4741
2025-06-11 16:00:00,2865.2,2875.72,2801.5,2813.35,187028.7991
2025-06-11 20:00:00,2813.32,2831.21,2743.75,2771.61,116991.4485
2025-06-12 00:00:00,2771.6,2784.83,2746.49,2765.08,90556.9862
2025-06-12 04:00:00,2765.08,2777.21,2733.68,2741.0,83213.918
2025-06-12 08:00:00,2740.99,2762.11,2720.38,2729.8,89210.6044
2025-06-12 12:00:00,2729.8,2773.21,2711.94,2719.79,146462.3222
2025-06-12 16:00:00,2719.79,2771.0,2690.93,2695.0,116051.0025
2025-06-12 20:00:00,2695.0,2703.6,2616.24,2642.65,174098.5424
2025-06-13 00:00:00,2642.66,2645.45,2436.98,2514.33,583148.633
2025-06-13 04:00:00,2514.32,2542.26,2492.0,2526.45,161519.4877
2025-06-13 08:00:00,2526.46,2545.55,2506.84,2545.4,115082.6187
2025-06-13 12:00:00,2545.41,2563.24,2502.9,2551.27,167730.5337
2025-06-13 16:00:00,2551.28,2585.2,2510.0,2527.72,118497.7656
2025-06-13 20:00:00,2527.72,2583.24,2524.19,2579.19,56197.2585
2025-06-14 00:00:00,2579.19,2579.43,2547.03,2548.76,64282.3801
2025-06-14 04:00:00,2548.76,2556.62,2525.72,2537.5,36813.2957
2025-06-14 08:00:00,2537.5,2539.79,2518.51,2538.52,40689.0778
2025-06-14 12:00:00,2538.51,2546.19,2504.95,2519.42,56895.4673
2025-06-14 16:00:00,2519.41,2526.11,2488.72,2507.5,88407.3102
2025-06-14 20:00:00,2507.5,2540.19,2496.58,2530.76,44351.3967
2025-06-15 00:00:00,2530.77,2540.99,2524.77,2530.1,26111.501
2025-06-15 04:00:00,2530.11,2553.08,2522.54,2528.61,46103.4273
2025-06-15 08:00:00,2528.61,2529.97,2508.45,2516.1,40898.7941
2025-06-15 12:00:00,2516.1,2554.96,2516.0,2541.81,63323.117
2025-06-15 16:00:00,2541.81,2559.51,2531.09,2536.79,44829.9693
2025-06-15 20:00:00,2536.79,2549.96,2492.0,2547.61,78434.8537
2025-06-16 00:00:00,2547.62,2579.0,2514.85,2568.25,87899.7186
2025-06-16 04:00:00,2568.25,2638.5,2566.61,2628.68,125755.977
2025-06-16 08:00:00,2628.69,2633.8,2592.6,2617.01,85218.9976
2025-06-16 12:00:00,2617.01,2657.9,2604.7,2632.25,113016.5695
2025-06-16 16:00:00,2632.24,2670.56,2627.62,2660.53,79211.7335
2025-06-16 20:00:00,2660.54,2680.34,2535.0,2544.17,189326.9918
2025-06-17 00:00:00,2544.17,2618.6,2524.54,2607.4,134766.9166
2025-06-17 04:00:00,2607.4,2610.49,2570.24,2582.26,71480.3659
2025-06-17 08:00:00,2582.25,2585.47,2541.6,2552.19,94184.3788
2025-06-17 12:00:00,2552.18,2567.97,2482.53,2499.0,163583.0522
2025-06-17 16:00:00,2499.01,2543.75,2453.8,2528.36,178174.7294
2025-06-17 20:00:00,2528.36,2534.36,2492.07,2509.95,73740.9652
2025-06-18 00:00:00,2509.95,2536.82,2504.55,2527.95,53251.4578
2025-06-18 04:00:00,2527.96,2546.91,2517.82,2533.55,43397.4947
2025-06-18 08:00:00,2533.54,2548.42,2488.27,2513.86,74243.8829
2025-06-18 12:00:00,2513.86,2538.7,2465.78,2508.96,143304.8759
2025-06-18 16:00:00,2508.96,2519.37,2467.12,2492.42,125864.4019
2025-06-18 20:00:00,2492.42,2537.48,2482.7,2525.0,64470.0686
2025-06-19 00:00:00,2525.0,2546.91,2506.2,2525.43,50666.9692
2025-06-19 04:00:00,2525.44,2531.23,2514.44,2518.99,25325.6687
2025-06-19 08:00:00,2518.99,2544.81,2518.99,2531.83,42387.306
2025-06-19 12:00:00,2531.82,2536.83,2490.0,2492.97,55400.4016
2025-06-19 16:00:00,2492.97,2523.0,2485.03,2504.87,39512.2462
2025-06-19 20:00:00,2504.87,2532.0,2502.99,2521.12,39353.4673
2025-06-20 00:00:00,2521.13,2531.49,2512.45,2517.19,31393.7018
2025-06-20 04:00:00,2517.2,2550.44,2503.64,2549.64,51587.8045
2025-06-20 08:00:00,2549.64,2569.0,2541.03,2549.65,67594.7504
2025-06-20 12:00:00,2549.64,2559.55,2487.56,2493.78,121310.6626
2025-06-20 16:00:00,2493.78,2496.2,2367.36,2414.85,287925.9928
2025-06-20 20:00:00,2414.84,2437.6,2381.96,2406.49,72214.9114
2025-06-21 00:00:00,2406.49,2432.11,2395.99,2425.59,40790.6059
2025-06-21 04:00:00,2425.59,2428.41,2419.0,2426.85,20369.1082
2025-06-21 08:00:00,2426.85,2448.8,2423.51,2442.75,51774.242
2025-06-21 12:00:00,2442.75,2445.2,2412.29,2423.59,49701.538
2025-06-21 16:00:00,2423.59,2428.23,2382.25,2384.76,59605.916
2025-06-21 20:00:00,2384.76,2409.42,2216.0,2295.73,274542.4539
2025-06-22 00:00:00,2295.72,2314.48,2246.25,2264.58,166578.0486
2025-06-22 04:00:00,2264.58,2298.22,2261.93,2270.68,57009.1072
2025-06-22 08:00:00,2270.69,2280.0,2236.05,2273.0,72607.0
2025-06-22 12:00:00,2273.0,2287.0,2156.21,2174.91,292034.3633
2025-06-22 16:00:00,2174.9,2219.95,2170.8,2183.78,89014.7447
2025-06-22 20:00:00,2183.79,2237.23,2111.89,2227.7,162912.5657
2025-06-23 00:00:00,2227.7,2260.42,2222.3,2234.68,68795.3555
2025-06-23 04:00:00,2234.67,2275.67,2227.89,2258.88,70994.6973
2025-06-23 08:00:00,2258.87,2274.7,2238.68,2253.37,49645.3616
2025-06-23 12:00:00,2253.38,2313.53,2232.45,2248.54,136331.6908
2025-06-23 16:00:00,2248.53,2325.16,2188.0,2312.77,220903.2916
2025-06-23 20:00:00,2312.77,2438.68,2303.79,2411.66,197913.4035
2025-06-24 00:00:00,2411.66,2418.09,2389.31,2398.51,77312.5382
2025-06-24 04:00:00,2398.51,2434.82,2391.2,2393.31,82496.9021
2025-06-24 08:00:00,2393.31,2449.14,2376.11,2409.44,111376.6709
2025-06-24 12:00:00,2409.44,2454.73,2402.89,2438.1,105117.6792
2025-06-24 16:00:00,2438.11,2482.04,2417.22,2434.24,105632.5355
2025-06-24 20:00:00,2434.23,2450.41,2430.7,2448.45,34824.3362
2025-06-25 00:00:00,2448.46,2468.69,2436.62,2444.38,42639.6986
2025-06-25 04:00:00,2444.38,2450.66,2424.21,2444.54,44534.8769
2025-06-25 08:00:00,2444.55,2448.47,2407.63,2428.95,83084.6157
2025-06-25 12:00:00,2428.96,2446.59,2389.69,2405.68,141883.7007
2025-06-25 16:00:00,2405.69,2440.0,2401.37,2432.79,61107.3493
2025-06-25 20:00:00,2432.79,2454.98,2408.02,2418.49,41644.4975
2025-06-26 00:00:00,2418.5,2520.92,2416.99,2488.78,136035.3947
2025-06-26 04:00:00,2488.79,2500.56,2467.14,2489.89,52296.5835
2025-06-26 08:00:00,2489.88,2500.4,2440.0,2450.36,65119.1136
2025-06-26 12:00:00,2450.35,2459.49,2409.51,2433.03,111170.2777
2025-06-26 16:00:00,2433.04,2442.91,2418.2,2435.87,40389.0057
2025-06-26 20:00:00,2435.86,2457.32,2394.32,2415.96,58693.6509
2025-06-27 00:00:00,2415.96,2448.84,2382.53,2446.97,77786.3549
2025-06-27 04:00:00,2446.98,2459.53,2434.63,2442.31,73097.8158
2025-06-27 08:00:00,2442.3,2463.54,2435.25,2447.25,65938.1952
2025-06-27 12:00:00,2447.25,2456.92,2414.15,2438.25,67273.5894
2025-06-27 16:00:00,2438.26,2449.44,2388.29,2412.67,58701.6025
2025-06-27 20:00:00,2412.67,2429.47,2411.54,2423.17,38677.2082
2025-06-28 00:00:00,2423.17,2423.91,2405.81,2420.93,22573.1079
2025-06-28 04:00:00,2420.93,2433.86,2417.86,2431.76,25863.0167
2025-06-28 08:00:00,2431.77,2432.44,2419.65,2427.42,35720.7253
2025-06-28 12:00:00,2427.42,2443.0,2420.0,2436.09,23960.841
2025-06-28 16:00:00,2436.1,2447.8,2431.64,2433.22,33334.2293
2025-06-28 20:00:00,2433.21,2442.21,2427.44,2435.62,14363.0657
2025-06-29 00:00:00,2435.62,2442.77,2424.65,2427.86,21222.2303
2025-06-29 04:00:00,2427.87,2440.5,2426.64,2440.5,14615.4811
2025-06-29 08:00:00,2440.51,2463.88,2438.33,2462.25,54997.0646
2025-06-29 12:00:00,2462.24,2463.48,2432.88,2436.68,38138.631
2025-06-29 16:00:00,2436.69,2442.55,2429.58,2437.96,21035.621
2025-06-29 20:00:00,2437.97,2525.0,2412.0,2500.09,134282.7777
2025-06-30 00:00:00,2500.09,2524.3,2495.17,2499.21,79654.3745
2025-06-30 04:00:00,2499.2,2505.31,2456.37,2480.59,66271.4295
2025-06-30 08:00:00,2480.6,2486.64,2446.68,2458.52,59663.3951
2025-06-30 12:00:00,2458.51,2488.0,2431.0,2474.78,95201.2301
2025-06-30 16:00:00,2474.77,2518.49,2461.88,2515.71,85849.3761
2025-06-30 20:00:00,2515.71,2522.17,2482.54,2485.47,53815.9087
2025-07-01 00:00:00,2485.47,2500.8,2477.44,2485.42,35064.2225
2025-07-01 04:00:00,2485.43,2485.91,2445.45,2465.03,57251.4543
2025-07-01 08:00:00,2465.03,2465.04,2440.0,2449.06,59693.7098
2025-07-01 12:00:00,2449.05,2456.55,2406.7,2423.54,96182.0218
2025-07-01 16:00:00,2423.54,2434.0,2400.0,2402.87,45021.1484
2025-07-01 20:00:00,2402.87,2418.57,2386.52,2405.01,58738.53
2025-07-02 00:00:00,2405.01,2432.41,2373.0,2430.55,51415.4396
2025-07-02 04:00:00,2430.55,2454.7,2425.47,2447.03,53917.342
2025-07-02 08:00:00,2447.03,2459.99,2441.7,2445.7,51333.2834
2025-07-02 12:00:00,2445.69,2502.85,2431.56,2498.81,100535.9703
2025-07-02 16:00:00,2498.82,2607.71,2495.03,2604.73,259492.6934
2025-07-02 20:00:00,2604.73,2619.28,2569.14,2570.41,118272.305
2025-07-03 00:00:00,2570.41,2587.54,2556.12,2561.23,66739.9117
2025-07-03 04:00:00,2561.22,2605.74,2559.34,2600.18,65796.6558
2025-07-03 08:00:00,2600.19,2616.96,2581.58,2597.59,83170.9032
2025-07-03 12:00:00,2597.58,2635.5,2565.46,2570.52,191424.4306
2025-07-03 16:00:00,2570.52,2592.43,2565.31,2586.02,62365.8684
2025-07-03 20:00:00,2586.02,2603.6,2585.69,2591.25,35445.8895
2025-07-04 00:00:00,2591.26,2603.17,2571.56,2577.93,39051.4838
2025-07-04 04:00:00,2577.93,2584.64,2530.3,2534.9,78695.4357
2025-07-04 08:00:00,2534.9,2558.66,2527.37,2549.21,48106.8639
2025-07-04 12:00:00,2549.2,2555.96,2498.36,2500.52,116758.4969
2025-07-04 16:00:00,2500.52,2503.5,2474.24,2482.58,130796.5218
2025-07-04 20:00:00,2482.57,2520.85,2481.21,2508.04,39184.2179
2025-07-05 00:00:00,2508.04,2524.92,2498.63,2518.24,25534.4243
2025-07-05 04:00:00,2518.24,2529.81,2512.63,2521.31,18659.4764
2025-07-05 08:00:00,2521.32,2526.45,2508.83,2518.11,22957.673
2025-07-05 12:00:00,2518.11,2521.98,2505.35,2507.67,30633.266
2025-07-05 16:00:00,2507.67,2512.95,2487.95,2505.74,41908.6321
2025-07-05 20:00:00,2505.73,2522.52,2498.28,2516.41,17504.624
2025-07-06 00:00:00,2516.42,2520.84,2509.47,2514.77,16689.3617
2025-07-06 04:00:00,2514.78,2526.66,2508.66,2517.85,22907.8942
2025-07-06 08:00:00,2517.85,2518.44,2503.5,2516.14,24935.4266
2025-07-06 12:00:00,2516.14,2570.0,2511.94,2558.72,80738.4177
2025-07-06 16:00:00,2558.71,2560.81,2523.33,2541.06,46446.2339
2025-07-06 20:00:00,2541.05,2605.0,2540.06,2570.35,85876.2978
2025-07-07 00:00:00,2570.35,2590.57,2550.46,2577.42,43450.6801
2025-07-07 04:00:00,2577.41,2580.64,2560.0,2578.34,31939.7374
2025-07-07 08:00:00,2578.33,2588.42,2552.57,2562.99,42870.5631
2025-07-07 12:00:00,2562.99,2569.12,2527.5,2533.81,87925.5273
2025-07-07 16:00:00,2533.81,2557.49,2512.0,2543.97,82559.972
2025-07-07 20:00:00,2543.97,2545.45,2523.33,2542.29,26961.0473
2025-07-08 00:00:00,2542.3,2554.56,2523.59,2538.34,45379.9257
2025-07-08 04:00:00,2538.33,2563.8,2532.0,2553.42,41418.5715
2025-07-08 08:00:00,2553.42,2585.38,2543.33,2575.15,47897.3718
2025-07-08 12:00:00,2575.16,2600.62,2557.86,2564.68,77029.4018
2025-07-08 16:00:00,2564.68,2628.21,2559.68,2610.61,124670.1733
2025-07-08 20:00:00,2610.61,2617.7,2596.85,2615.25,34520.288
2025-07-09 00:00:00,2615.25,2626.72,2589.78,2591.75,36059.8945
2025-07-09 04:00:00,2591.74,2647.0,2590.98,2624.86,65726.3541
2025-07-09 08:00:00,2624.86,2630.31,2604.37,2626.43,48393.0511
2025-07-09 12:00:00,2626.43,2674.81,2623.95,2656.83,174568.8613
2025-07-09 16:00:00,2656.84,2795.74,2652.41,2765.01,218869.8532
2025-07-09 20:00:00,2765.01,2783.16,2731.72,2768.74,142501.363
2025-07-10 00:00:00,2768.74,2798.0,2755.5,2776.13,83700.9931
2025-07-10 04:00:00,2776.13,2823.18,2765.53,2791.09,153381.5099
2025-07-10 08:00:00,2791.08,2797.0,2772.0,2778.69,80534.4173
2025-07-10 12:00:00,2778.69,2795.0,2758.78,2769.32,104583.5693
2025-07-10 16:00:00,2769.32,2840.69,2769.03,2816.21,174872.027
2025-07-10 20:00:00,2816.21,3000.0,2813.13,2951.29,354823.5534
2025-07-11 00:00:00,2951.29,2975.0,2913.75,2969.74,129986.2632
2025-07-11 04:00:00,2969.75,3029.55,2946.02,2968.49,205429.0153
2025-07-11 08:00:00,2968.81,3040.15,2963.51,2984.0,176478.9336
2025-07-11 12:00:00,2984.01,3009.64,2939.36,2951.09,183069.2994
2025-07-11 16:00:00,2951.09,3010.39,2936.46,3007.6,121178.0576
2025-07-11 20:00:00,3007.6,3010.0,2923.32,2958.22,90697.5998
2025-07-12 00:00:00,2958.21,2970.85,2932.0,2966.09,47769.6089
2025-07-12 04:00:00,2966.1,2977.94,2937.7,2962.85,54739.0406
2025-07-12 08:00:00,2962.84,2979.78,2957.51,2963.39,48317.1794
2025-07-12 12:00:00,2963.39,2967.59,2903.85,2916.05,113763.8372
2025-07-12 16:00:00,2916.05,2945.83,2910.49,2941.18,42874.7113
2025-07-12 20:00:00,2941.18,2948.0,2915.0,2943.28,41420.5103
2025-07-13 00:00:00,2943.29,2960.7,2936.49,2955.1,32411.5886
2025-07-13 04:00:00,2955.11,2967.97,2949.64,2962.94,29321.3817
2025-07-13 08:00:00,2962.95,2965.66,2944.49,2964.58,33777.469
2025-07-13 12:00:00,2964.57,3020.31,2958.92,2992.43,129614.6883
2025-07-13 16:00:00,2992.43,3010.65,2962.65,2989.45,59449.3596
2025-07-13 20:00:00,2989.46,2998.92,2940.24,2972.03,72759.0144
2025-07-14 00:00:00,2972.03,3051.26,2962.81,3037.36,125331.2348
2025-07-14 04:00:00,3037.35,3065.57,3016.91,3045.02,176067.3527
2025-07-14 08:00:00,3045.02,3083.0,3023.08,3051.72,153682.6878
2025-07-14 12:00:00,3051.71,3068.33,2993.2,3012.49,173256.291
2025-07-14 16:00:00,3012.48,3029.96,2983.0,3000.33,121773.2371
2025-07-14 20:00:00,3000.35,3018.88,2980.97,3013.62,65441.8462
2025-07-15 00:00:00,3013.61,3023.2,2932.46,2951.8,137032.5847
2025-07-15 04:00:00,2951.79,2995.89,2934.83,2977.49,98226.7001
2025-07-15 08:00:00,2977.5,2989.25,2958.84,2981.11,60092.5512
2025-07-15 12:00:00,2981.12,3067.43,2967.0,3039.93,244113.4454
2025-07-15 16:00:00,3039.94,3097.32,3032.35,3040.88,223763.2107
2025-07-15 20:00:00,3040.87,3144.14,3029.63,3137.89,100355.2456
2025-07-16 00:00:00,3137.9,3152.53,3103.17,3115.99,107060.7869
2025-07-16 04:00:00,3116.0,3175.0,3101.0,3162.45,110053.9263
2025-07-16 08:00:00,3162.44,3173.47,3143.81,3150.5,97381.3174
2025-07-16 12:00:00,3150.49,3265.44,3147.46,3244.49,278582.4246
2025-07-16 16:00:00,3244.48,3384.23,3235.0,3384.23,329179.6876
2025-07-16 20:00:00,3384.22,3425.0,3344.0,3371.35,213692.4403
2025-07-17 00:00:00,3371.35,3398.18,3310.77,3330.14,136566.2565
2025-07-17 04:00:00,3330.13,3468.0,3320.0,3447.9,159797.002
2025-07-17 08:00:00,3447.9,3480.19,3425.49,3433.29,156281.7676
2025-07-17 12:00:00,3433.3,3439.64,3361.2,3420.49,187960.2841
2025-07-17 16:00:00,3420.49,3455.54,3364.43,3412.33,143203.4818
2025-07-17 20:00:00,3412.32,3523.44,3372.51,3476.87,190257.0344
2025-07-18 00:00:00,3476.88,3626.57,3458.68,3596.4,250277.7388
2025-07-18 04:00:00,3596.4,3673.84,3576.0,3604.1,239600.3676
2025-07-18 08:00:00,3604.1,3628.12,3582.41,3610.24,150319.7932
2025-07-18 12:00:00,3610.23,3671.5,3530.0,3563.68,278381.8867
2025-07-18 16:00:00,3563.68,3624.8,3538.0,3551.59,121323.4152
2025-07-18 20:00:00,3551.59,3576.76,3477.58,3546.92,123920.1962
2025-07-19 00:00:00,3546.92,3599.0,3506.79,3592.98,79193.0349
2025-07-19 04:00:00,3592.97,3608.3,3567.05,3571.47,53185.9792
2025-07-19 08:00:00,3571.46,3578.38,3538.07,3552.75,63369.9911
2025-07-19 12:00:00,3552.75,3572.31,3526.44,3552.0,70947.4114
2025-07-19 16:00:00,3552.0,3581.92,3532.78,3577.61,63243.4261
2025-07-19 20:00:00,3577.61,3598.31,3539.0,3592.01,51852.0786
2025-07-20 00:00:00,3592.0,3694.99,3579.13,3658.01,120180.4935
2025-07-20 04:00:00,3658.01,3689.97,3633.18,3668.49,83643.0008
2025-07-20 08:00:00,3668.5,3766.45,3668.5,3756.71,196973.3489
2025-07-20 12:00:00,3756.7,3790.0,3724.94,3786.05,132622.0181
2025-07-20 16:00:00,3786.06,3824.56,3730.72,3749.93,184914.7826
2025-07-20 20:00:00,3749.93,3772.97,3681.6,3756.69,134022.9094
2025-07-21 00:00:00,3756.69,3766.28,3701.01,3757.37,101795.1978
2025-07-21 04:00:00,3757.38,3812.49,3747.38,3787.69,112872.7327
2025-07-21 08:00:00,3787.7,3837.0,3755.32,3808.69,138350.401
2025-07-21 12:00:00,3808.69,3860.0,3775.39,3810.37,179461.8476
2025-07-21 16:00:00,3810.37,3817.28,3719.0,3736.46,214277.1512
2025-07-21 20:00:00,3736.47,3779.48,3719.7,3762.33,65316.7231
2025-07-22 00:00:00,3762.32,3798.65,3696.18,3731.14,142115.4027
2025-07-22 04:00:00,3731.13,3734.01,3646.0,3676.91,170003.3783
2025-07-22 08:00:00,3676.91,3719.99,3616.54,3705.3,161764.7815
2025-07-22 12:00:00,3705.3,3728.53,3625.42,3718.11,204142.8732
2025-07-22 16:00:00,3718.11,3748.9,3655.19,3670.14,122042.4043
2025-07-22 20:00:00,3670.13,3751.0,3662.14,3746.21,70058.5464
2025-07-23 00:00:00,3746.21,3764.2,3712.45,3728.63,94168.634
2025-07-23 04:00:00,3728.63,3737.6,3663.91,3673.33,75662.4304
2025-07-23 08:00:00,3673.33,3698.0,3639.96,3671.99,85820.92
2025-07-23 12:00:00,3671.99,3680.68,3573.47,3644.22,267456.6077
2025-07-23 16:00:00,3644.21,3644.21,3552.0,3587.75,162389.0403
2025-07-23 20:00:00,3587.74,3634.93,3527.0,3628.29,114761.7701
2025-07-24 00:00:00,3628.29,3665.31,3612.57,3641.19,55247.2289
2025-07-24 04:00:00,3641.19,3657.57,3502.85,3591.9,160457.1539
2025-07-24 08:00:00,3591.9,3660.36,3580.79,3655.12,120812.1182
2025-07-24 12:00:00,3655.12,3771.0,3612.96,3730.76,206707.6566
2025-07-24 16:00:00,3730.77,3754.17,3666.74,3732.79,135066.6564
2025-07-24 20:00:00,3732.77,3743.44,3695.32,3706.94,71168.681
2025-07-25 00:00:00,3706.95,3708.21,3573.76,3596.0,174613.3279
2025-07-25 04:00:00,3596.01,3667.59,3580.0,3631.67,138812.6314
2025-07-25 08:00:00,3631.67,3747.0,3629.1,3721.37,150331.2639
2025-07-25 12:00:00,3721.37,3735.0,3601.56,3634.2,155344.4949
2025-07-25 16:00:00,3634.21,3659.75,3615.0,3641.14,78268.9365
2025-07-25 20:00:00,3641.15,3730.0,3639.5,3724.96,67236.0715
2025-07-26 00:00:00,3724.97,3767.13,3697.66,3739.51,73919.6127
2025-07-26 04:00:00,3739.5,3756.62,3731.53,3742.21,44556.8773
2025-07-26 08:00:00,3742.2,3782.83,3730.25,3739.36,110694.4458
2025-07-26 12:00:00,3739.37,3754.2,3715.58,3735.72,64440.8109
2025-07-26 16:00:00,3735.72,3756.06,3709.39,3750.5,53501.8339
2025-07-26 20:00:00,3750.5,3793.0,3733.49,3741.1,60146.1218
2025-07-27 00:00:00,3741.11,3787.8,3731.0,3774.03,41045.2346
2025-07-27 04:00:00,3774.03,3811.0,3763.0,3768.01,60429.0286
2025-07-27 08:00:00,3768.0,3842.95,3751.0,3815.26,90831.0542
2025-07-27 12:00:00,3815.26,3836.54,3791.48,3818.53,90376.2482
2025-07-27 16:00:00,3818.53,3868.08,3809.01,3828.32,109495.5836
2025-07-27 20:00:00,3828.33,3879.82,3816.01,3872.1,65175.3113
2025-07-28 00:00:00,3872.11,3907.4,3843.0,3879.81,101123.9194
2025-07-28 04:00:00,3879.81,3941.0,3868.34,3893.0,116692.6349
2025-07-28 08:00:00,3893.01,3901.94,3860.01,3879.79,61307.7424
2025-07-28 12:00:00,3879.8,3889.99,3773.33,3808.11,175985.1258
2025-07-28 16:00:00,3808.11,3822.8,3754.0,3797.36,100389.1324
2025-07-28 20:00:00,3797.37,3803.98,3765.88,3799.0,65496.1914
2025-07-29 00:00:00,3799.0,3821.48,3731.21,3791.9,98310.4444
2025-07-29 04:00:00,3791.91,3880.0,3775.77,3877.36,85485.2262
2025-07-29 08:00:00,3877.36,3886.44,3811.78,3825.9,82993.7615
2025-07-29 12:00:00,3825.89,3874.54,3747.0,3761.57,140877.5291
2025-07-29 16:00:00,3761.56,3797.0,3716.04,3765.89,117271.5126
2025-07-29 20:00:00,3765.89,3801.77,3739.14,3793.79,59271.9655
2025-07-30 00:00:00,3793.79,3828.71,3756.0,3817.47,65329.138
2025-07-30 04:00:00,3817.46,3834.03,3786.87,3811.44,52195.7236
2025-07-30 08:00:00,3811.44,3825.73,3744.16,3758.18,74284.4796
2025-07-30 12:00:00,3758.18,3832.0,3749.74,3797.25,90460.8437
2025-07-30 16:00:00,3797.25,3822.0,3677.65,3760.68,175379.9749
2025-07-30 20:00:00,3760.67,3811.93,3742.79,3810.0,67774.7405
2025-07-31 00:00:00,3810.0,3868.0,3801.53,3863.31,100247.8735
2025-07-31 04:00:00,3863.31,3878.67,3854.77,3863.81,57223.3568
2025-07-31 08:00:00,3863.81,3873.28,3826.3,3838.46,55333.2924
2025-07-31 12:00:00,3838.45,3845.09,3762.27,3788.38,109596.7847
2025-07-31 16:00:00,3788.39,3819.0,3735.0,3737.72,99597.7602
2025-07-31 20:00:00,3737.71,3758.56,3684.33,3698.39,94089.3827
2025-08-01 00:00:00,3698.39,3724.02,3616.66,3704.98,149144.9601
2025-08-01 04:00:00,3704.98,3704.98,3624.11,3650.74,100331.0096
2025-08-01 08:00:00,3650.73,3650.73,3585.69,3642.72,106483.8433
2025-08-01 12:00:00,3642.72,3675.85,3565.0,3616.1,152982.1001
2025-08-01 16:00:00,3616.1,3634.0,3515.13,3518.4,133452.712
2025-08-01 20:00:00,3518.42,3553.21,3431.75,3488.2,141474.5266
2025-08-02 00:00:00,3488.21,3532.3,3478.42,3528.79,76611.6359
2025-08-02 04:00:00,3528.79,3537.69,3455.0,3519.16,78666.8207
2025-08-02 08:00:00,3519.17,3524.25,3474.23,3508.67,52942.9471
2025-08-02 12:00:00,3508.67,3517.56,3451.43,3459.33,61057.5545
2025-08-02 16:00:00,3459.33,3481.64,3372.47,3383.2,155907.9965
2025-08-02 20:00:00,3383.2,3441.69,3368.29,3393.94,69008.7547
2025-08-03 00:00:00,3393.94,3452.29,3354.28,3444.12,70214.7952
2025-08-03 04:00:00,3444.13,3459.62,3433.98,3456.25,33125.7736
2025-08-03 08:00:00,3456.24,3516.31,3454.11,3485.46,58025.3762
2025-08-03 12:00:00,3485.45,3504.27,3454.34,3476.49,51259.7992
2025-08-03 16:00:00,3476.49,3515.0,3467.85,3496.74,46815.2855
2025-08-03 20:00:00,3496.75,3521.79,3483.5,3496.74,36906.6461
2025-08-04 00:00:00,3496.75,3576.07,3490.73,3556.8,75541.3278
2025-08-04 04:00:00,3556.79,3565.67,3520.69,3551.99,47698.2079
2025-08-04 08:00:00,3552.0,3574.47,3542.25,3555.7,45699.2755
2025-08-04 12:00:00,3555.71,3665.6,3551.1,3648.89,135330.5801
2025-08-04 16:00:00,3648.89,3718.54,3648.85,3669.73,85223.4994
2025-08-04 20:00:00,3669.73,3736.73,3661.21,3720.99,73857.0954
2025-08-05 00:00:00,3720.99,3722.24,3648.24,3651.94,75119.4199
2025-08-05 04:00:00,3651.94,3679.69,3601.53,3613.49,70853.7586
2025-08-05 08:00:00,3613.49,3694.06,3608.1,3673.79,67427.9027
2025-08-05 12:00:00,3673.8,3680.58,3555.0,3570.43,165645.9535
2025-08-05 16:00:00,3570.43,3612.26,3559.71,3571.66,64656.721
2025-08-05 20:00:00,3571.65,3624.56,3546.0,3612.0,45367.2032
2025-08-06 00:00:00,3612.01,3614.0,3564.19,3583.66,41403.6119
2025-08-06 04:00:00,3583.67,3662.0,3569.28,3639.82,70989.2724
2025-08-06 08:00:00,3639.81,3644.6,3607.54,3619.64,48235.9133
2025-08-06 12:00:00,3619.63,3669.38,3574.05,3664.69,102539.587
2025-08-06 16:00:00,3664.7,3698.6,3638.56,3683.65,63895.5877
2025-08-06 20:00:00,3683.66,3686.17,3652.38,3683.31,38245.9482
2025-08-07 00:00:00,3683.31,3716.61,3647.63,3656.78,56122.7246
2025-08-07 04:00:00,3656.78,3711.0,3655.09,3702.4,46356.287
2025-08-07 08:00:00,3702.41,3843.66,3702.41,3827.0,183717.2969
2025-08-07 12:00:00,3827.01,3865.64,3804.27,3837.01,151206.0077
2025-08-07 16:00:00,3837.01,3876.44,3780.54,3867.6,93776.6786
2025-08-07 20:00:00,3867.6,3927.77,3851.22,3910.31,100499.9924
2025-08-08 00:00:00,3910.3,3969.06,3880.0,3939.18,130547.2077
2025-08-08 04:00:00,3939.19,3939.34,3892.47,3915.97,66893.2103
2025-08-08 08:00:00,3915.98,3927.54,3884.44,3917.97,56015.1438
2025-08-08 12:00:00,3917.97,4012.0,3891.52,3954.56,249634.108
2025-08-08 16:00:00,3954.56,4065.86,3950.0,4060.99,161157.1735
2025-08-08 20:00:00,4060.98,4071.0,4006.9,4009.5,59053.1676
2025-08-09 00:00:00,4009.51,4053.01,4006.63,4051.01,54922.1013
2025-08-09 04:00:00,4051.02,4200.0,4045.0,4170.64,209400.9758
2025-08-09 08:00:00,4170.64,4246.65,4166.22,4190.0,132401.5516
2025-08-09 12:00:00,4190.0,4226.23,4153.17,4209.57,99517.9366
2025-08-09 16:00:00,4209.57,4271.45,4192.8,4258.57,81130.8834
2025-08-09 20:00:00,4258.57,4326.2,4242.87,4260.62,114558.6561
2025-08-10 00:00:00,4260.63,4332.6,4206.55,4242.74,133032.1075
2025-08-10 04:00:00,4242.73,4264.98,4176.0,4185.12,93255.556
2025-08-10 08:00:00,4185.12,4232.73,4160.0,4180.57,87280.442
2025-08-10 12:00:00,4180.58,4237.43,4153.07,4217.94,77277.583
2025-08-10 16:00:00,4217.94,4259.36,4214.45,4248.83,40487.6252
2025-08-10 20:00:00,4248.8,4254.54,4186.16,4250.57,63510.4968
2025-08-11 00:00:00,4250.58,4343.0,4238.52,4309.64,135191.5621
2025-08-11 04:00:00,4309.65,4349.81,4266.66,4273.69,91929.6929
2025-08-11 08:00:00,4273.69,4287.17,4170.02,4185.1,109276.4312
2025-08-11 12:00:00,4185.1,4332.17,4166.77,4329.74,176788.269
2025-08-11 16:00:00,4329.74,4366.46,4233.99,4259.39,127454.6271
2025-08-11 20:00:00,4259.38,4259.38,4190.0,4223.22,82023.4577
2025-08-12 00:00:00,4223.22,4311.12,4219.04,4286.09,69103.5726
2025-08-12 04:00:00,4286.09,4321.67,4267.41,4315.57,80593.4939
2025-08-12 08:00:00,4315.57,4332.32,4256.92,4290.94,74576.0882
2025-08-12 12:00:00,4290.94,4480.66,4278.01,4472.62,319555.8459
2025-08-12 16:00:00,4472.62,4518.89,4440.38,4516.97,155770.5931
2025-08-12 20:00:00,4516.97,4639.7,4504.54,4590.52,185688.4715
2025-08-13 00:00:00,4590.52,4656.24,4564.33,4647.0,118706.8508
2025-08-13 04:00:00,4646.99,4683.0,4608.21,4625.59,121530.1824
2025-08-13 08:00:00,4625.6,4715.75,4609.04,4690.33,143405.6489
2025-08-13 12:00:00,4690.28,4736.82,4616.0,4664.38,223447.5173
2025-08-13 16:00:00,4664.38,4750.0,4661.09,4738.99,178188.5048
2025-08-13 20:00:00,4738.98,4783.85,4697.34,4749.3,140652.7946
2025-08-14 00:00:00,4749.31,4779.0,4708.35,4774.08,110355.4978
2025-08-14 04:00:00,4774.09,4788.0,4716.0,4748.37,126732.0793
2025-08-14 08:00:00,4748.37,4766.66,4675.81,4718.17,152329.8792
2025-08-14 12:00:00,4718.18,4736.0,4451.33,4618.87,554409.1566
2025-08-14 16:00:00,4618.87,4623.62,4480.63,4537.63,205989.8934
2025-08-14 20:00:00,4537.64,4572.0,4453.13,4546.84,115632.539
2025-08-15 00:00:00,4546.84,4650.0,4537.32,4634.46,107623.8843
2025-08-15 04:00:00,4634.47,4662.6,4599.01,4640.16,91121.5734
2025-08-15 08:00:00,4640.15,4666.66,4612.31,4634.16,69832.2749
2025-08-15 12:00:00,4634.17,4672.67,4395.47,4430.86,301257.0493
2025-08-15 16:00:00,4430.87,4462.26,4369.46,4383.45,168479.3926
2025-08-15 20:00:00,4383.45,4490.73,4368.0,4439.47,142095.0846
2025-08-16 00:00:00,4439.47,4490.42,4423.53,4432.24,88860.8615
2025-08-16 04:00:00,4432.25,4465.22,4407.69,4451.83,49806.4097
2025-08-16 08:00:00,4451.84,4459.12,4372.54,4387.87,81613.2986
2025-08-16 12:00:00,4387.88,4427.92,4375.63,4400.42,70316.2787
2025-08-16 16:00:00,4400.41,4440.51,4390.58,4418.53,38344.5232
2025-08-16 20:00:00,4418.53,4437.88,4402.82,4421.99,29735.2167
2025-08-17 00:00:00,4422.0,4459.3,4393.98,4452.77,48880.8973
2025-08-17 04:00:00,4452.78,4491.0,4444.44,4467.12,79637.8047
2025-08-17 08:00:00,4467.12,4576.0,4458.64,4551.68,102669.3254
2025-08-17 12:00:00,4551.69,4565.49,4519.13,4561.99,52232.2505
2025-08-17 16:00:00,4561.99,4566.17,4427.44,4459.56,92723.5258
2025-08-17 20:00:00,4459.55,4533.95,4457.02,4472.33,66317.5792
2025-08-18 00:00:00,4472.34,4481.88,4278.13,4320.22,241372.5328
2025-08-18 04:00:00,4320.22,4348.44,4230.74,4257.47,139718.9458
2025-08-18 08:00:00,4257.47,4319.77,4225.86,4274.37,122837.6062
2025-08-18 12:00:00,4274.36,4370.26,4270.77,4345.52,155521.8682
2025-08-18 16:00:00,4345.52,4384.53,4299.44,4355.09,92501.2338
2025-08-18 20:00:00,4355.08,4388.65,4303.67,4312.99,71235.9401
2025-08-19 00:00:00,4312.99,4355.0,4213.21,4218.66,118747.775
2025-08-19 04:00:00,4218.65,4250.41,4193.77,4234.36,103979.9428
2025-08-19 08:00:00,4234.35,4317.41,4218.46,4308.93,72742.7152
2025-08-19 12:00:00,4308.94,4340.15,4169.42,4192.14,237188.0218
2025-08-19 16:00:00,4192.14,4206.33,4113.63,4142.0,191723.2518
2025-08-19 20:00:00,4142.0,4164.97,4067.34,4075.59,106841.0885
2025-08-20 00:00:00,4075.58,4158.32,4060.0,4140.92,114356.889
2025-08-20 04:00:00,4140.92,4211.74,4139.51,4185.22,75847.711
2025-08-20 08:00:00,4185.22,4242.0,4150.26,4195.3,95308.3674
2025-08-20 12:00:00,4195.29,4308.49,4106.37,4255.9,215624.9806
2025-08-20 16:00:00,4255.68,4364.77,4254.72,4346.65,159841.4222
2025-08-20 20:00:00,4346.64,4378.0,4320.53,4336.16,67345.5231
2025-08-21 00:00:00,4336.16,4340.26,4278.03,4295.23,84502.7984
2025-08-21 04:00:00,4295.24,4321.36,4270.89,4310.76,44223.1556
2025-08-21 08:00:00,4310.79,4315.01,4256.34,4278.52,66951.7258
2025-08-21 12:00:00,4278.53,4328.37,4226.98,4242.66,123952.4312
2025-08-21 16:00:00,4242.66,4274.38,4208.0,4224.1,66342.3596
2025-08-21 20:00:00,4224.1,4260.86,4204.2,4225.3,47863.9286
2025-08-22 00:00:00,4225.3,4314.89,4222.25,4278.93,77390.8514
2025-08-22 04:00:00,4278.93,4345.38,4272.55,4328.14,84613.359
2025-08-22 08:00:00,4328.13,4354.19,4273.75,4274.56,96665.0938
2025-08-22 12:00:00,4274.57,4668.18,4207.39,4616.08,510799.5805
2025-08-22 16:00:00,4616.09,4859.1,4616.09,4833.0,347174.1823
2025-08-22 20:00:00,4833.0,4887.59,4796.48,4832.07,161333.56826
2025-08-23 00:00:00,4832.07,4832.07,4659.7,4694.64,183495.7612
2025-08-23 04:00:00,4694.63,4765.54,4694.33,4713.88,102546.7853
2025-08-23 08:00:00,4713.89,4746.09,4690.72,4704.93,55489.6245
2025-08-23 12:00:00,4704.95,4768.9,4692.81,4751.0,93641.4714
2025-08-23 16:00:00,4750.99,4761.97,4727.8,4758.66,37902.4266
2025-08-23 20:00:00,4758.66,4797.34,4738.0,4778.4,39366.0198
2025-08-24 00:00:00,4778.4,4817.4,4753.42,4788.59,73990.7108
2025-08-24 04:00:00,4788.59,4800.01,4757.3,4758.7,44970.7774
2025-08-24 08:00:00,4758.7,4786.5,4720.0,4747.73,59259.8944
2025-08-24 12:00:00,4747.73,4829.74,4738.67,4798.32,122996.9799
2025-08-24 16:00:00,4798.31,4956.78,4744.2,4813.04,305250.74042
2025-08-24 20:00:00,4813.01,4824.31,4711.0,4780.15,174199.6755
2025-08-25 00:00:00,4780.15,4797.97,4670.0,4727.41,111875.813
2025-08-25 04:00:00,4727.41,4740.01,4581.55,4591.36,161725.1176
2025-08-25 08:00:00,4591.37,4615.05,4519.96,4600.08,168097.6886
2025-08-25 12:00:00,4600.08,4690.02,4585.56,4612.57,205755.3975
2025-08-25 16:00:00,4612.58,4645.54,4416.0,4420.34,146228.7221
2025-08-25 20:00:00,4420.34,4446.19,4334.13,4376.18,250234.4271
2025-08-26 00:00:00,4376.17,4451.72,4311.04,4402.58,172417.3867
2025-08-26 04:00:00,4402.58,4454.0,4393.86,4429.7,93610.1147
2025-08-26 08:00:00,4429.7,4465.86,4405.09,4427.24,81044.3995
2025-08-26 12:00:00,4427.24,4579.0,4405.84,4519.02,227815.4318
2025-08-26 16:00:00,4519.03,4598.28,4498.58,4596.7,170031.4537
2025-08-26 20:00:00,4596.69,4633.46,4563.21,4600.63,89831.4903
2025-08-27 00:00:00,4600.63,4626.82,4538.69,4603.55,103641.6975
2025-08-27 04:00:00,4603.56,4645.93,4560.22,4580.45,100967.802
2025-08-27 08:00:00,4580.46,4619.68,4550.01,4608.87,72044.2122
2025-08-27 12:00:00,4608.87,4663.93,4575.17,4657.57,132483.3513
2025-08-27 16:00:00,4657.58,4658.0,4535.01,4565.7,80996.8873
2025-08-27 20:00:00,4565.7,4614.0,4481.53,4506.71,116535.4108
2025-08-28 00:00:00,4506.71,4549.0,4467.63,4541.63,69573.9921
2025-08-28 04:00:00,4541.62,4600.85,4534.99,4596.82,57664.7504
2025-08-28 08:00:00,4596.82,4633.97,4581.28,4594.8,71841.8208
2025-08-28 12:00:00,4594.79,4616.02,4485.0,4504.01,141018.1746
2025-08-28 16:00:00,4504.01,4530.5,4436.34,4438.46,92574.3377
2025-08-28 20:00:00,4438.49,4515.78,4430.0,4511.21,52570.3271
2025-08-29 00:00:00,4511.2,4516.75,4434.79,4489.75,69637.5081
2025-08-29 04:00:00,4489.75,4497.0,4367.5,4381.03,118788.5306
2025-08-29 08:00:00,4381.03,4398.43,4318.57,4346.48,135466.2144
2025-08-29 12:00:00,4346.48,4454.4,4265.0,4316.09,215781.3752
2025-08-29 16:00:00,4316.1,4366.66,4296.13,4340.78,88846.0782
2025-08-29 20:00:00,4340.79,4379.55,4305.57,4360.18,50544.1712
2025-08-30 00:00:00,4360.18,4381.61,4257.2,4352.45,102136.5521
2025-08-30 04:00:00,4352.46,4415.61,4347.58,4402.39,97596.3012
2025-08-30 08:00:00,4402.39,4408.07,4378.41,4392.08,41144.3265
2025-08-30 12:00:00,4392.07,4393.48,4332.15,4376.35,53086.3116
2025-08-30 16:00:00,4376.24,4376.24,4335.82,4354.63,21764.9766
2025-08-30 20:00:00,4354.63,4378.66,4334.4,4373.7,24590.7146
2025-08-31 00:00:00,4373.7,4488.58,4372.63,4488.12,86870.5588
2025-08-31 04:00:00,4488.12,4491.46,4433.04,4450.84,46105.6365
2025-08-31 08:00:00,4450.84,4483.8,4440.47,4476.98,64280.1686
2025-08-31 12:00:00,4476.98,4498.47,4451.03,4485.27,74632.1358
2025-08-31 16:00:00,4485.28,4490.87,4454.89,4456.01,33871.4872
2025-08-31 20:00:00,4456.0,4477.1,4378.43,4391.83,50826.1992
2025-09-01 00:00:00,4391.83,4432.25,4360.0,4404.16,97484.5196
2025-09-01 04:00:00,4404.15,4464.0,4358.67,4463.29,82667.9879
2025-09-01 08:00:00,4463.29,4491.84,4381.99,4392.83,81553.9294
2025-09-01 12:00:00,4392.83,4423.78,4346.19,4362.01,65084.4647
2025-09-01 16:00:00,4362.01,4371.54,4309.69,4368.06,58822.6622
2025-09-01 20:00:00,4368.05,4368.15,4210.61,4314.5,128216.4757
2025-09-02 00:00:00,4314.5,4394.97,4290.98,4367.11,80296.0877
2025-09-02 04:00:00,4367.11,4416.78,4360.84,4377.53,63965.5878
2025-09-02 08:00:00,4377.53,4408.0,4340.98,4347.98,62250.6809
2025-09-02 12:00:00,4347.98,4397.44,4271.31,4295.66,179101.1244
2025-09-02 16:00:00,4295.65,4331.57,4257.85,4274.41,83144.9375
2025-09-02 20:00:00,4274.41,4337.4,4266.31,4326.5,55846.6329
2025-09-03 00:00:00,4326.49,4355.37,4283.23,4335.02,59970.9699
2025-09-03 04:00:00,4335.02,4342.59,4285.71,4310.21,45196.6997
2025-09-03 08:00:00,4310.2,4385.88,4300.01,4371.51,70248.1912
2025-09-03 12:00:00,4371.51,4486.98,4339.99,4480.03,163360.9229
2025-09-03 16:00:00,4480.02,4490.64,4455.42,4475.32,112106.49
2025-09-03 20:00:00,4475.32,4480.79,4436.6,4450.46,36208.4124
2025-09-04 00:00:00,4450.46,4482.05,4388.9,4398.03,101700.4604
2025-09-04 04:00:00,4398.03,4414.9,4355.29,4371.04,68607.1967
2025-09-04 08:00:00,4371.05,4433.85,4365.4,4407.03,66351.3837
2025-09-04 12:00:00,4407.04,4428.39,4293.06,4305.33,129618.4637
2025-09-04 16:00:00,4305.32,4323.79,4265.33,4275.92,63186.7386
2025-09-04 20:00:00,4275.92,4353.33,4272.3,4297.55,42331.4665
2025-09-05 00:00:00,4297.56,4335.69,4291.02,4328.88,45816.7221
2025-09-05 04:00:00,4328.89,4428.67,4316.57,4417.29,72860.7888
2025-09-05 08:00:00,4417.29,4426.31,4373.2,4417.39,81554.0064
2025-09-05 12:00:00,4417.38,4490.0,4256.03,4283.39,318985.246
2025-09-05 16:00:00,4283.4,4331.9,4272.35,4331.54,59666.9203
2025-09-05 20:00:00,4331.54,4343.03,4286.71,4307.45,45286.1918
2025-09-06 00:00:00,4307.46,4329.3,4302.77,4320.42,20383.2609
2025-09-06 04:00:00,4320.43,4320.43,4290.71,4312.26,18863.6631
2025-09-06 08:00:00,4312.27,4315.05,4286.08,4299.99,17622.5479
2025-09-06 12:00:00,4300.0,4308.39,4263.19,4270.24,44936.6069
2025-09-06 16:00:00,4270.23,4304.25,4236.0,4255.48,59382.7999
2025-09-06 20:00:00,4255.48,4288.0,4253.35,4273.14,29977.1899
2025-09-07 00:00:00,4273.15,4304.08,4270.81,4296.9,21924.9924
2025-09-07 04:00:00,4296.9,4307.2,4276.76,4294.56,20002.1344
2025-09-07 08:00:00,4294.57,4315.35,4291.65,4310.87,41022.6191
2025-09-07 12:00:00,4310.88,4311.23,4288.95,4299.38,27581.9045
2025-09-07 16:00:00,4299.39,4301.62,4270.81,4293.48,26890.3039
2025-09-07 20:00:00,4293.47,4336.02,4281.34,4306.19,32198.8829
2025-09-08 00:00:00,4306.19,4330.97,4279.0,4311.87,51316.817
2025-09-08 04:00:00,4311.87,4313.59,4287.68,4291.78,32212.3104
2025-09-08 08:00:00,4291.78,4337.77,4288.3,4312.41,81225.5367
2025-09-08 12:00:00,4312.42,4384.06,4306.19,4371.64,105874.0459
2025-09-08 16:00:00,4371.64,4373.43,4284.44,4293.0,59748.4888
2025-09-08 20:00:00,4293.0,4332.5,4281.8,4306.37,42505.2367
2025-09-09 00:00:00,4306.36,4316.03,4276.76,4306.63,48368.7809
2025-09-09 04:00:00,4306.62,4381.87,4302.5,4361.53,87658.4546
2025-09-09 08:00:00,4361.53,4366.77,4342.16,4347.34,47693.0197
2025-09-09 12:00:00,4347.33,4367.44,4277.06,4284.94,150845.4071
2025-09-09 16:00:00,4284.94,4299.99,4278.13,4295.0,41784.0676
2025-09-09 20:00:00,4295.0,4319.67,4281.0,4310.09,29136.0522
2025-09-10 00:00:00,4310.08,4326.09,4285.1,4320.44,43917.563
2025-09-10 04:00:00,4320.45,4333.28,4294.92,4329.82,50979.881
2025-09-10 08:00:00,4329.83,4335.02,4309.5,4331.31,60442.2299
2025-09-10 12:00:00,4331.3,4453.57,4330.0,4404.9,204214.2372
2025-09-10 16:00:00,4404.9,4409.31,4300.59,4322.72,108167.4643
2025-09-10 20:00:00,4322.71,4355.7,4320.75,4349.32,38912.5344
2025-09-11 00:00:00,4349.33,4408.0,4338.82,4404.1,49171.4106
2025-09-11 04:00:00,4404.11,4450.0,4395.05,4440.41,80121.8045
2025-09-11 08:00:00,4440.4,4442.47,4406.3,4429.8,51898.3732
2025-09-11 12:00:00,4429.81,4481.09,4350.01,4412.52,178527.7981
2025-09-11 16:00:00,4412.52,4441.5,4407.4,4423.73,35769.3949
2025-09-11 20:00:00,4423.73,4469.0,4415.4,4458.82,45770.8836
2025-09-12 00:00:00,4458.83,4539.0,4450.71,4505.55,102293.7078
2025-09-12 04:00:00,4505.55,4563.0,4500.01,4525.81,72173.8339
2025-09-12 08:00:00,4525.81,4536.53,4504.5,4520.76,39122.7204
2025-09-12 12:00:00,4520.76,4571.24,4504.11,4541.98,80075.7928
2025-09-12 16:00:00,4541.99,4660.0,4533.69,4657.18,102055.1911
2025-09-12 20:00:00,4657.19,4748.4,4630.24,4712.16,115056.2942
2025-09-13 00:00:00,4712.16,4769.36,4691.85,4756.81,99948.8795
2025-09-13 04:00:00,4756.8,4756.91,4702.33,4711.7,53829.5804
2025-09-13 08:00:00,4711.7,4738.58,4709.01,4719.53,42906.5137
2025-09-13 12:00:00,4719.53,4730.18,4645.0,4653.92,92866.3813
2025-09-13 16:00:00,4653.92,4667.92,4605.0,4638.21,72101.4936
2025-09-13 20:00:00,4638.21,4672.94,4637.35,4666.53,32740.8384
2025-09-14 00:00:00,4666.54,4692.36,4650.44,4663.22,35235.7663
2025-09-14 04:00:00,4663.22,4681.47,4634.0,4650.58,28423.3555
2025-09-14 08:00:00,4650.58,4674.38,4626.68,4635.0,26149.13
2025-09-14 12:00:00,4634.99,4644.74,4576.89,4582.22,126074.0988
2025-09-14 16:00:00,4582.23,4629.27,4579.36,4615.47,36584.1214
2025-09-14 20:00:00,4615.46,4636.51,4598.46,4604.49,25777.8485
2025-09-15 00:00:00,4604.48,4643.57,4580.1,4636.2,40470.4038
2025-09-15 04:00:00,4636.2,4670.28,4587.9,4597.37,73965.8632
2025-09-15 08:00:00,4597.37,4597.37,4498.22,4530.65,130686.3861
2025-09-15 12:00:00,4530.66,4541.92,4466.0,4500.01,94350.6605
2025-09-15 16:00:00,4500.01,4514.28,4474.04,4493.41,48005.1889
2025-09-15 20:00:00,4493.41,4529.99,4488.49,4523.74,24813.4662
2025-09-16 00:00:00,4523.74,4538.25,4503.0,4520.78,23762.6618
2025-09-16 04:00:00,4520.77,4536.21,4487.53,4512.86,36219.6541
2025-09-16 08:00:00,4512.87,4531.35,4493.31,4501.26,29726.7817
2025-09-16 12:00:00,4501.26,4512.49,4424.0,4468.2,109689.5711
2025-09-16 16:00:00,4468.19,4510.51,4447.03,4491.21,64203.9793
2025-09-16 20:00:00,4491.22,4525.4,4483.61,4501.29,29704.4619
2025-09-17 00:00:00,4501.3,4553.02,4492.99,4497.79,44974.6362
2025-09-17 04:00:00,4497.79,4557.67,4464.0,4544.07,68978.6327
2025-09-17 08:00:00,4544.07,4545.81,4479.0,4491.64,35585.1247
2025-09-17 12:00:00,4491.64,4513.46,4467.36,4489.54,43543.3845
2025-09-17 16:00:00,4489.53,4533.31,4412.0,4517.62,201430.1583
2025-09-17 20:00:00,4517.62,4616.77,4486.74,4590.53,82469.5197
2025-09-18 00:00:00,4590.54,4644.47,4580.27,4614.42,64147.7225
2025-09-18 04:00:00,4614.42,4619.99,4553.7,4574.75,48241.4781
2025-09-18 08:00:00,4574.75,4607.76,4568.59,4576.12,36532.7406
2025-09-18 12:00:00,4576.12,4625.0,4558.15,4599.34,62066.7091
2025-09-18 16:00:00,4599.35,4636.22,4581.03,4588.23,54659.6496
2025-09-18 20:00:00,4588.24,4605.65,4570.61,4587.66,25012.0771
2025-09-19 00:00:00,4587.66,4620.72,4542.27,4549.98,46833.9789
2025-09-19 04:00:00,4549.98,4559.15,4518.33,4539.06,48598.3711
2025-09-19 08:00:00,4539.06,4549.0,4507.93,4513.8,35221.8394
2025-09-19 12:00:00,4513.79,4544.44,4445.64,4474.93,121002.2486
2025-09-19 16:00:00,4474.93,4489.21,4435.7,4440.68,52976.9531
2025-09-19 20:00:00,4440.68,4478.21,4438.4,4468.59,26977.7571
2025-09-20 00:00:00,4468.59,4475.91,4454.45,4465.52,17981.8216
2025-09-20 04:00:00,4465.52,4484.81,4462.82,4483.22,16057.3768
2025-09-20 08:00:00,4483.21,4483.21,4456.43,4469.96,16915.9373
2025-09-20 12:00:00,4469.96,4507.19,4463.41,4498.2,29833.4577
2025-09-20 16:00:00,4498.21,4508.71,4470.0,4480.18,34323.1909
2025-09-20 20:00:00,4480.18,4501.39,4478.23,4480.42,15670.1287
2025-09-21 00:00:00,4480.41,4490.0,4458.0,4478.26,23270.3085
2025-09-21 04:00:00,4478.26,4492.24,4466.9,4477.78,17415.038
2025-09-21 08:00:00,4477.78,4479.57,4444.34,4460.57,22522.2855
2025-09-21 12:00:00,4460.58,4486.4,4460.32,4482.8,23238.0389
2025-09-21 16:00:00,4482.8,4498.16,4464.59,4494.4,34203.4693
2025-09-21 20:00:00,4494.4,4494.41,4443.0,4444.97,28700.686
2025-09-22 00:00:00,4444.98,4455.76,4261.6,4305.87,197204.8652
2025-09-22 04:00:00,4305.87,4310.49,4077.0,4193.38,216713.4996
2025-09-22 08:00:00,4193.38,4207.35,4136.47,4181.62,106293.2083
2025-09-22 12:00:00,4181.63,4219.34,4159.16,4167.88,87845.1542
2025-09-22 16:00:00,4167.88,4183.28,4122.0,4134.98,66207.1206
2025-09-22 20:00:00,4134.99,4207.91,4134.34,4199.08,33979.3869
2025-09-23 00:00:00,4199.09,4211.56,4114.39,4188.01,62240.6868
2025-09-23 04:00:00,4188.02,4215.78,4154.44,4205.24,50387.0735
2025-09-23 08:00:00,4205.23,4229.03,4178.27,4192.08,49069.2995
2025-09-23 12:00:00,4192.09,4211.5,4161.87,4181.01,67923.3258
2025-09-23 16:00:00,4181.01,4207.0,4137.7,4153.43,56635.5887
2025-09-23 20:00:00,4153.43,4190.86,4139.53,4164.26,28971.9314
2025-09-24 00:00:00,4164.25,4194.37,4129.24,4147.51,60731.1373
2025-09-24 04:00:00,4147.51,4184.22,4073.74,4175.08,91708.3675
2025-09-24 08:00:00,4175.08,4198.34,4164.66,4182.08,41367.3825
2025-09-24 12:00:00,4182.08,4206.9,4145.96,4166.18,75410.2601
2025-09-24 16:00:00,4166.17,4194.42,4155.0,4161.5,46228.0265
2025-09-24 20:00:00,4161.5,4172.23,4131.2,4152.81,38220.3932
2025-09-25 00:00:00,4152.81,4161.04,4022.0,4062.78,146839.1013
2025-09-25 04:00:00,4062.77,4071.08,3966.0,4009.18,161897.2918
2025-09-25 08:00:00,4009.17,4052.81,3991.39,4002.51,95222.3112
2025-09-25 12:00:00,4002.51,4022.87,3924.12,4003.26,211278.3785
2025-09-25 16:00:00,4003.27,4006.77,3815.0,3911.59,229844.5748
2025-09-25 20:00:00,3911.59,3937.2,3850.0,3874.36,85246.0375
2025-09-26 00:00:00,3874.35,3971.09,3867.65,3965.32,100004.6252
2025-09-26 04:00:00,3965.33,3976.98,3906.09,3938.11,113344.8842
2025-09-26 08:00:00,3938.11,3944.58,3873.0,3906.0,64785.9249
2025-09-26 12:00:00,3906.0,3985.41,3875.71,3946.0,139542.1374
2025-09-26 16:00:00,3945.98,4068.3,3942.94,4024.07,120662.6594
2025-09-26 20:00:00,4024.08,4039.56,4005.0,4032.24,37370.8548
2025-09-27 00:00:00,4032.24,4032.44,4005.74,4019.41,28037.3209
2025-09-27 04:00:00,4019.4,4027.85,4006.38,4007.93,16424.5113
2025-09-27 08:00:00,4007.92,4017.9,3972.98,4002.16,39530.1331
2025-09-27 12:00:00,4002.15,4039.01,3994.77,4018.92,34659.9793
2025-09-27 16:00:00,4018.92,4019.88,3980.98,4002.45,37164.2545
2025-09-27 20:00:00,4002.45,4033.23,4000.9,4018.38,16877.0647
2025-09-28 00:00:00,4018.39,4031.75,3994.27,4002.74,22549.9823
2025-09-28 04:00:00,4002.73,4019.87,3996.24,4014.32,15964.0227
2025-09-28 08:00:00,4014.32,4016.0,3984.45,3992.39,24299.9091
2025-09-28 12:00:00,3992.39,4029.48,3966.0,4021.69,47406.3129
2025-09-28 16:00:00,4021.68,4055.12,4021.68,4039.45,49060.9871
2025-09-28 20:00:00,4039.46,4144.88,4035.58,4142.16,81050.6448
2025-09-29 00:00:00,4142.16,4146.38,4103.81,4121.8,41433.1935
2025-09-29 04:00:00,4121.8,4123.99,4088.15,4108.25,37102.3136
2025-09-29 08:00:00,4108.26,4141.0,4095.0,4103.21,58678.3125
2025-09-29 12:00:00,4103.21,4205.59,4082.25,4164.8,124528.7518
2025-09-29 16:00:00,4164.81,4193.44,4128.53,4188.32,69503.2107
2025-09-29 20:00:00,4188.32,4235.86,4182.07,4215.07,49482.8963
2025-09-30 00:00:00,4215.07,4245.0,4188.03,4198.68,53170.266
2025-09-30 04:00:00,4198.69,4206.85,4169.38,4182.13,57421.8089
2025-09-30 08:00:00,4182.12,4183.21,4134.0,4165.39,56698.7314
2025-09-30 12:00:00,4165.38,4175.95,4094.59,4119.87,73946.4531
2025-09-30 16:00:00,4119.88,4170.43,4092.1,4160.1,85179.584
2025-09-30 20:00:00,4160.11,4201.52,4116.64,4145.15,64709.7738
2025-10-01 00:00:00,4145.15,4174.63,4124.12,4128.66,48730.697
2025-10-01 04:00:00,4128.65,4156.79,4123.08,4145.8,40423.0346
2025-10-01 08:00:00,4145.8,4329.0,4142.92,4298.2,174933.893
2025-10-01 12:00:00,4298.21,4344.0,4280.0,4327.23,97899.3215
2025-10-01 16:00:00,4327.24,4340.0,4288.64,4334.53,79548.398
2025-10-01 20:00:00,4334.52,4355.46,4287.5,4348.03,65491.0381
2025-10-02 00:00:00,4348.03,4399.11,4332.73,4376.3,100457.8046
2025-10-02 04:00:00,4376.3,4423.35,4358.26,4375.78,100115.3105
2025-10-02 08:00:00,4375.77,4395.98,4369.32,4378.93,35078.555
2025-10-02 12:00:00,4378.92,4443.0,4335.74,4437.09,132455.0483
2025-10-02 16:00:00,4437.1,4516.74,4426.12,4495.61,116624.1945
2025-10-02 20:00:00,4495.62,4497.87,4457.27,4484.35,41680.2442
2025-10-03 00:00:00,4484.35,4560.0,4461.01,4500.59,75124.2742
2025-10-03 04:00:00,4500.59,4510.79,4454.0,4462.33,56599.2094
2025-10-03 08:00:00,4462.32,4495.0,4428.0,4478.45,56813.7237
2025-10-03 12:00:00,4478.46,4541.66,4436.26,4534.75,97652.2957
2025-10-03 16:00:00,4534.75,4591.59,4450.62,4519.48,163628.1193
2025-10-03 20:00:00,4519.49,4542.97,4493.72,4512.87,35866.4044
2025-10-04 00:00:00,4512.88,4516.91,4463.17,4487.06,42001.2332
2025-10-04 04:00:00,4487.07,4517.93,4479.66,4498.29,29248.0201
2025-10-04 08:00:00,4498.28,4503.9,4479.93,4483.83,26306.8309
2025-10-04 12:00:00,4483.84,4511.71,4441.34,4455.05,49716.961
2025-10-04 16:00:00,4455.08,4476.46,4440.0,4467.12,33938.1125
2025-10-04 20:00:00,4467.13,4494.5,4467.13,4487.15,18521.5511
2025-10-05 00:00:00,4487.16,4575.0,4467.05,4531.54,109994.6239
2025-10-05 04:00:00,4531.55,4615.0,4529.0,4605.97,122504.7734
2025-10-05 08:00:00,4605.98,4618.17,4523.45,4551.06,147092.095
2025-10-05 12:00:00,4551.07,4551.07,4526.74,4532.0,44543.8238
2025-10-05 16:00:00,4532.0,4540.71,4482.06,4487.26,56477.4501
2025-10-05 20:00:00,4487.26,4523.48,4474.0,4514.32,25975.1952
2025-10-06 00:00:00,4514.32,4552.44,4488.25,4537.08,65211.5851
2025-10-06 04:00:00,4537.09,4577.8,4509.0,4533.19,54394.5922
2025-10-06 08:00:00,4533.2,4593.65,4533.2,4571.71,55734.3992
2025-10-06 12:00:00,4571.71,4693.8,4570.25,4673.39,142820.9472
2025-10-06 16:00:00,4673.39,4733.18,4659.99,4722.62,82331.19
2025-10-06 20:00:00,4722.61,4735.93,4672.56,4684.01,55707.9391
2025-10-07 00:00:00,4684.02,4698.99,4663.71,4690.59,42932.2933
2025-10-07 04:00:00,4690.59,4730.94,4665.03,4678.19,70809.1724
2025-10-07 08:00:00,4678.2,4713.17,4638.92,4708.81,69221.7102
2025-10-07 12:00:00,4708.82,4755.0,4477.43,4511.99,272531.478
2025-10-07 16:00:00,4511.99,4524.0,4446.13,4479.44,129849.5741
2025-10-07 20:00:00,4479.48,4517.09,4430.43,4447.7,55341.7039
2025-10-08 00:00:00,4447.7,4498.22,4433.68,4443.6,63178.9578
2025-10-08 04:00:00,4443.59,4465.5,4410.08,4463.48,68889.5212
2025-10-08 08:00:00,4463.48,4506.85,4458.22,4487.3,58000.7768
2025-10-08 12:00:00,4487.3,4522.6,4437.08,4447.14,90304.2777
2025-10-08 16:00:00,4447.15,4558.0,4439.0,4515.27,94654.6396
2025-10-08 20:00:00,4515.28,4539.31,4500.18,4525.72,24876.1556
2025-10-09 00:00:00,4525.72,4531.52,4398.17,4450.8,95180.185
2025-10-09 04:00:00,4450.8,4460.0,4411.0,4426.6,53292.3234
2025-10-09 08:00:00,4426.6,4426.69,4320.0,4373.05,135485.784
2025-10-09 12:00:00,4373.06,4413.76,4291.82,4314.79,119759.5748
2025-10-09 16:00:00,4314.78,4344.33,4265.06,4338.0,77400.7073
2025-10-09 20:00:00,4338.03,4383.0,4327.89,4368.09,34859.6084
2025-10-10 00:00:00,4368.09,4393.63,4342.98,4347.13,50255.5122
2025-10-10 04:00:00,4347.12,4377.14,4315.23,4323.39,54577.6885
2025-10-10 08:00:00,4323.4,4351.27,4313.39,4343.02,37120.3316
2025-10-10 12:00:00,4343.02,4390.46,4073.55,4103.11,286824.6116
2025-10-10 16:00:00,4103.1,4138.52,3950.69,3997.56,226757.7565
2025-10-10 20:00:00,3997.56,4380.0,3435.0,3829.72,838435.124
2025-10-11 00:00:00,3829.72,3878.3,3726.16,3792.26,251247.2349
2025-10-11 04:00:00,3792.27,3831.98,3733.7,3758.81,144423.69
2025-10-11 08:00:00,3758.82,3857.24,3749.13,3839.99,133875.2131
2025-10-11 12:00:00,3839.99,3855.06,3786.07,3825.13,82809.6458
2025-10-11 16:00:00,3825.14,3848.0,3731.03,3760.61,73573.5841
2025-10-11 20:00:00,3760.61,3766.66,3643.33,3746.79,103956.2903
2025-10-12 00:00:00,3746.8,3819.22,3694.74,3781.61,118058.8167
2025-10-12 04:00:00,3781.62,3844.5,3776.27,3827.99,69518.8814
2025-10-12 08:00:00,3827.98,3866.6,3806.34,3820.36,74514.0971
2025-10-12 12:00:00,3820.36,4080.0,3793.56,4034.59,256836.9601
2025-10-12 16:00:00,4034.59,4170.0,4034.58,4135.68,162787.2256
2025-10-12 20:00:00,4135.68,4197.7,4080.7,4152.29,129592.1711
2025-10-13 00:00:00,4152.29,4220.89,4124.54,4139.78,110123.4734
2025-10-13 04:00:00,4139.79,4198.0,4116.07,4178.3,74789.9991
2025-10-13 08:00:00,4178.29,4195.52,4042.29,4080.39,97647.4599
2025-10-13 12:00:00,4080.38,4180.0,4056.57,4135.0,171122.2317
2025-10-13 16:00:00,4135.01,4271.12,4129.14,4251.96,113706.8192
2025-10-13 20:00:00,4251.96,4292.0,4236.08,4240.85,55423.9414
2025-10-14 00:00:00,4240.86,4263.38,4137.63,4153.56,86464.5703
2025-10-14 04:00:00,4153.56,4160.75,3965.56,3981.19,180870.118
2025-10-14 08:00:00,3981.19,4014.61,3888.74,3971.85,163117.091
2025-10-14 12:00:00,3971.85,4088.79,3893.77,4085.4,252159.6744
2025-10-14 16:00:00,4085.41,4164.62,4048.49,4102.94,222833.5711
2025-10-14 20:00:00,4102.96,4144.54,4072.69,4125.02,57551.741
2025-10-15 00:00:00,4125.01,4145.73,4060.11,4080.7,93684.7803
2025-10-15 04:00:00,4080.7,4129.37,4072.0,4122.04,88151.9759
2025-10-15 08:00:00,4122.03,4217.6,4087.78,4099.9,121592.3636
2025-10-15 12:00:00,4099.89,4107.14,3959.33,3980.97,153858.654
2025-10-15 16:00:00,3980.98,4013.17,3929.66,3983.21,97017.747
2025-10-15 20:00:00,3983.21,3996.16,3926.74,3985.61,71776.1758
2025-10-16 00:00:00,3985.61,4036.84,3976.07,4014.85,77531.3247
2025-10-16 04:00:00,4014.85,4049.88,3979.36,4004.3,60755.4021
2025-10-16 08:00:00,4004.31,4078.96,3940.66,4061.85,93961.8468
2025-10-16 12:00:00,4061.86,4086.49,3892.0,3907.18,169535.94
2025-10-16 16:00:00,3907.17,3967.6,3851.11,3867.01,167547.364
2025-10-16 20:00:00,3867.14,3898.05,3826.04,3894.51,74472.7387
2025-10-17 00:00:00,3894.5,3950.45,3888.24,3933.25,59225.1015
2025-10-17 04:00:00,3933.26,3935.97,3752.89,3756.49,163147.1128
2025-10-17 08:00:00,3756.49,3817.7,3674.5,3778.54,292369.7055
2025-10-17 12:00:00,3778.53,3811.42,3714.0,3797.75,163163.9584
2025-10-17 16:00:00,3797.76,3850.36,3779.01,3827.76,94686.0652
2025-10-17 20:00:00,3827.77,3883.17,3818.25,3831.57,57535.1451
2025-10-18 00:00:00,3831.58,3882.28,3819.07,3870.57,48438.1674
2025-10-18 04:00:00,3870.56,3927.73,3841.3,3892.43,55461.1391
2025-10-18 08:00:00,3892.44,3906.0,3861.98,3881.99,53646.381
2025-10-18 12:00:00,3881.99,3893.38,3848.81,3877.89,37468.74
2025-10-18 16:00:00,3877.9,3898.83,3853.16,3893.64,29362.9797
2025-10-18 20:00:00,3893.63,3908.94,3869.62,3889.21,26333.2049
2025-10-19 00:00:00,3889.2,3906.57,3855.7,3906.29,40481.777
2025-10-19 04:00:00,3906.3,3921.61,3873.91,3888.01,48962.1048
2025-10-19 08:00:00,3888.01,3955.6,3827.04,3923.82,115957.7122
2025-10-19 12:00:00,3923.82,4002.08,3908.17,3978.65,91707.6925
2025-10-19 16:00:00,3978.65,4026.95,3958.71,3985.75,70651.9888
2025-10-19 20:00:00,3985.75,4030.94,3970.0,3982.58,40776.9792
2025-10-20 00:00:00,3982.58,4038.88,3908.73,4026.9,79570.2181
2025-10-20 04:00:00,4026.9,4085.3,4023.07,4055.03,102258.7982
2025-10-20 08:00:00,4055.03,4070.92,4012.21,4035.02,73033.7035
2025-10-20 12:00:00,4035.03,4049.51,4002.07,4003.98,117292.0188
2025-10-20 16:00:00,4003.99,4003.99,3922.0,3981.36,111593.2246
2025-10-20 20:00:00,3981.36,4003.2,3971.01,3979.22,27634.3669
2025-10-21 00:00:00,3979.22,3985.76,3918.39,3922.66,50471.432
2025-10-21 04:00:00,3922.66,3922.66,3840.24,3892.95,91272.5465
2025-10-21 08:00:00,3892.95,3897.77,3851.0,3890.07,46017.1815
2025-10-21 12:00:00,3890.06,4084.91,3852.06,4081.66,176194.3139
2025-10-21 16:00:00,4081.66,4110.0,3965.47,3995.69,143288.4239
2025-10-21 20:00:00,3995.7,4001.13,3858.0,3873.05,83350.2404
2025-10-22 00:00:00,3873.04,3889.27,3821.64,3859.57,73814.1182
2025-10-22 04:00:00,3859.58,3884.34,3838.31,3868.72,51818.2304
2025-10-22 08:00:00,3868.72,3868.91,3770.02,3829.0,84899.402
2025-10-22 12:00:00,3829.01,3876.92,3780.32,3841.76,179714.8431
2025-10-22 16:00:00,3841.76,3861.9,3784.0,3804.0,115522.1619
2025-10-22 20:00:00,3804.0,3816.5,3710.0,3805.53,87361.3349
2025-10-23 00:00:00,3805.53,3835.93,3796.54,3826.79,34230.4223
2025-10-23 04:00:00,3826.8,3897.0,3822.76,3881.01,59576.8113
2025-10-23 08:00:00,3881.02,3905.22,3859.0,3863.06,58633.7555
2025-10-23 12:00:00,3863.06,3887.35,3808.01,3876.94,185281.3843
2025-10-23 16:00:00,3876.95,3934.86,3845.0,3859.4,101157.9811
2025-10-23 20:00:00,3859.4,3860.1,3818.72,3856.8,38350.6636
2025-10-24 00:00:00,3856.8,3896.0,3845.86,3891.0,35863.7739
2025-10-24 04:00:00,3891.0,3989.2,3886.21,3949.22,86681.3532
2025-10-24 08:00:00,3949.22,3969.81,3925.83,3946.57,58504.1386
2025-10-24 12:00:00,3946.58,4026.39,3871.32,3888.92,164441.3184
2025-10-24 16:00:00,3888.92,3937.9,3866.43,3926.53,56593.0677
2025-10-24 20:00:00,3926.53,3945.23,3924.38,3934.88,23843.2865
2025-10-25 00:00:00,3934.88,3939.29,3912.4,3921.2,22578.8468
2025-10-25 04:00:00,3921.21,3960.57,3920.46,3928.92,29435.1292
2025-10-25 08:00:00,3928.93,3956.59,3927.7,3940.31,20459.0984
2025-10-25 12:00:00,3940.32,3956.41,3924.2,3932.71,24666.1248
2025-10-25 16:00:00,3932.72,3969.22,3927.74,3957.43,26582.6106
2025-10-25 20:00:00,3957.44,3964.76,3935.82,3953.82,14804.524
2025-10-26 00:00:00,3953.81,3961.87,3919.03,3931.82,29409.5093
2025-10-26 04:00:00,3931.82,3956.59,3928.83,3951.57,15902.0218
2025-10-26 08:00:00,3951.57,4054.97,3951.08,4044.99,81774.8231
2025-10-26 12:00:00,4044.98,4099.02,4040.66,4075.29,89022.6137
2025-10-26 16:00:00,4075.29,4080.25,4046.29,4067.94,37810.8531
2025-10-26 20:00:00,4067.94,4178.78,4054.11,4158.46,90778.2708
2025-10-27 00:00:00,4158.46,4225.55,4148.48,4205.08,94241.752
2025-10-27 04:00:00,4205.08,4253.72,4193.24,4201.36,78401.8513
2025-10-27 08:00:00,4201.36,4201.51,4133.0,4162.14,89992.0187
2025-10-27 12:00:00,4162.14,4188.0,4124.52,4172.96,95706.285
2025-10-27 16:00:00,4172.95,4233.48,4172.95,4193.96,60752.7981
2025-10-27 20:00:00,4193.95,4195.79,4095.0,4120.15,68036.524
2025-10-28 00:00:00,4120.16,4143.13,4069.8,4094.32,68080.5655
2025-10-28 04:00:00,4094.31,4127.0,4066.58,4117.24,46990.6463
2025-10-28 08:00:00,4117.25,4136.1,4104.23,4112.46,30177.84
2025-10-28 12:00:00,4112.45,4175.55,4071.28,4096.85,102498.671
2025-10-28 16:00:00,4096.86,4151.28,4027.0,4039.39,92255.2739
2025-10-28 20:00:00,4039.37,4042.49,3931.33,3979.2,132962.841
2025-10-29 00:00:00,3979.19,4008.89,3964.56,3997.66,40658.0185
2025-10-29 04:00:00,3997.66,4036.66,3996.0,4025.06,37966.5492
2025-10-29 08:00:00,4025.07,4027.17,3983.6,4011.01,41280.2623
2025-10-29 12:00:00,4011.01,4029.41,3941.61,3951.71,76342.3991
2025-10-29 16:00:00,3951.72,4018.46,3840.37,3905.71,221047.0208
2025-10-29 20:00:00,3905.7,3963.59,3874.01,3902.99,69158.0628
2025-10-30 00:00:00,3903.0,3948.74,3885.41,3934.58,44425.5166
2025-10-30 04:00:00,3934.58,3944.94,3839.5,3940.42,104896.3193
2025-10-30 08:00:00,3940.43,3940.43,3877.34,3881.1,41203.6122
2025-10-30 12:00:00,3881.1,3884.43,3758.37,3773.69,155241.5092
2025-10-30 16:00:00,3773.69,3802.37,3680.1,3686.93,126564.465
2025-10-30 20:00:00,3686.93,3807.21,3680.0,3805.09,59124.57
2025-10-31 00:00:00,3804.95,3860.79,3796.36,3829.16,57392.9838
2025-10-31 04:00:00,3829.16,3873.68,3821.67,3831.49,56050.6433
2025-10-31 08:00:00,3831.49,3883.13,3818.48,3874.01,45183.4569
2025-10-31 12:00:00,3874.01,3888.0,3831.95,3860.99,180403.514
2025-10-31 16:00:00,3860.99,3906.09,3804.74,3886.15,99468.1475
2025-10-31 20:00:00,3886.14,3893.29,3841.31,3847.99,40137.554
2025-11-01 00:00:00,3848.0,3864.43,3831.0,3861.38,21651.4808
2025-11-01 04:00:00,3861.38,3869.55,3852.96,3860.84,21459.9474
2025-11-01 08:00:00,3860.84,3882.94,3860.73,3877.79,25844.5104
2025-11-01 12:00:00,3877.79,3902.0,3858.11,3895.15,39015.657
2025-11-01 16:00:00,3895.15,3909.39,3862.92,3879.99,29432.8992
2025-11-01 20:00:00,3880.0,3891.6,3864.31,3873.77,15593.6678
2025-11-02 00:00:00,3873.78,3886.85,3861.71,3880.63,17627.7558
2025-11-02 04:00:00,3880.62,3918.23,3876.01,3906.73,30950.7174
2025-11-02 08:00:00,3906.73,3910.97,3853.76,3891.31,60294.5256
2025-11-02 12:00:00,3891.31,3895.41,3839.12,3853.33,46715.9245
2025-11-02 16:00:00,3853.32,3867.42,3840.64,3855.98,26684.7586
2025-11-02 20:00:00,3855.99,3916.27,3844.05,3906.58,33809.4723
2025-11-03 00:00:00,3906.58,3914.29,3728.09,3736.23,157359.3494
2025-11-03 04:00:00,3736.23,3765.46,3684.0,3714.58,125179.0758
2025-11-03 08:00:00,3714.54,3740.0,3662.88,3711.68,110785.3562
2025-11-03 12:00:00,3711.68,3748.64,3582.29,3588.89,253499.7906
2025-11-03 16:00:00,3588.89,3682.35,3564.13,3631.5,140180.7037
2025-11-03 20:00:00,3631.5,3636.69,3558.82,3603.83,90183.1095
2025-11-04 00:00:00,3603.84,3654.54,3567.27,3642.29,83473.0867
2025-11-04 04:00:00,3642.3,3647.95,3474.1,3494.56,288856.7767
2025-11-04 08:00:00,3494.56,3534.0,3460.3,3529.52,162419.5898
2025-11-04 12:00:00,3529.53,3587.66,3474.0,3507.58,184308.0177
2025-11-04 16:00:00,3507.59,3520.58,3226.16,3230.94,383940.2832
2025-11-04 20:00:00,3230.94,3304.49,3057.0,3287.05,465006.4838
2025-11-05 00:00:00,3287.05,3349.12,3166.66,3334.83,264027.8071
2025-11-05 04:00:00,3334.83,3354.6,3300.89,3331.08,81305.6097
2025-11-05 08:00:00,3331.09,3331.09,3274.54,3322.55,90433.4419
2025-11-05 12:00:00,3322.58,3399.19,3312.93,3398.36,145873.9775
2025-11-05 16:00:00,3398.37,3479.16,3370.82,3455.12,154429.2374
2025-11-05 20:00:00,3455.11,3480.46,3415.29,3424.29,73521.4396
2025-11-06 00:00:00,3424.29,3450.5,3375.13,3432.9,68886.5165
2025-11-06 04:00:00,3432.91,3456.46,3361.0,3380.42,80558.1783
2025-11-06 08:00:00,3380.4,3415.0,3366.99,3399.4,54543.3963
2025-11-06 12:00:00,3399.39,3404.78,3276.54,3300.0,155262.62
2025-11-06 16:00:00,3300.0,3352.37,3245.45,3325.8,149379.3244
2025-11-06 20:00:00,3325.86,3337.3,3287.77,3315.14,57733.6648
2025-11-07 00:00:00,3315.14,3365.32,3276.19,3345.12,92798.2841
2025-11-07 04:00:00,3345.12,3369.99,3319.59,3358.42,60593.1717
2025-11-07 08:00:00,3358.41,3360.67,3225.36,3259.97,95364.1996
2025-11-07 12:00:00,3259.97,3318.35,3194.2,3297.52,212483.9211
2025-11-07 16:00:00,3297.52,3450.0,3273.99,3443.6,152410.0563
2025-11-07 20:00:00,3443.6,3473.0,3430.23,3436.05,69767.7526
2025-11-08 00:00:00,3436.04,3467.64,3405.87,3454.19,61736.2906
2025-11-08 04:00:00,3454.18,3488.0,3418.6,3447.9,53657.0514
2025-11-08 08:00:00,3447.89,3473.42,3407.0,3413.03,40732.1757
2025-11-08 12:00:00,3413.02,3417.58,3370.36,3376.79,64962.4349
2025-11-08 16:00:00,3376.8,3408.16,3355.58,3389.35,48446.5338
2025-11-08 20:00:00,3389.34,3415.62,3381.09,3401.51,21997.8017
2025-11-09 00:00:00,3401.51,3403.97,3358.66,3375.8,32973.5859
2025-11-09 04:00:00,3375.8,3427.37,3370.19,3422.78,60679.8222
2025-11-09 08:00:00,3422.79,3435.13,3382.35,3428.37,67792.0122
2025-11-09 12:00:00,3428.38,3563.65,3424.64,3515.51,159673.4919
2025-11-09 16:00:00,3515.52,3580.0,3501.63,3580.0,64347.9999
2025-11-09 20:00:00,3580.0,3623.25,3562.38,3583.46,78631.1399
2025-11-10 00:00:00,3583.46,3658.98,3553.52,3627.47,122599.1998
2025-11-10 04:00:00,3627.48,3631.51,3589.46,3609.09,63239.7137
2025-11-10 08:00:00,3609.09,3631.32,3586.02,3610.57,72187.4013
2025-11-10 12:00:00,3610.57,3622.14,3508.0,3519.46,145646.9436
2025-11-10 16:00:00,3519.45,3576.1,3507.3,3558.55,142424.231
2025-11-10 20:00:00,3558.55,3584.04,3529.41,3567.85,49175.5404
2025-11-11 00:00:00,3567.85,3648.27,3552.84,3606.1,131855.9133
2025-11-11 04:00:00,3606.11,3610.48,3532.2,3544.67,125970.7804
2025-11-11 08:00:00,3544.67,3587.05,3543.55,3574.14,80646.1818
2025-11-11 12:00:00,3574.15,3594.33,3467.21,3481.1,159227.8319
2025-11-11 16:00:00,3481.11,3500.59,3446.02,3456.81,86290.0998
2025-11-11 20:00:00,3456.81,3461.79,3405.24,3417.76,76292.4675
2025-11-12 00:00:00,3417.76,3456.06,3410.0,3439.1,72507.7037
2025-11-12 04:00:00,3439.11,3458.07,3424.58,3428.23,68170.8257
2025-11-12 08:00:00,3428.24,3570.06,3428.24,3549.38,83166.3548
2025-11-12 12:00:00,3549.37,3588.19,3418.6,3427.85,138971.3904
2025-11-12 16:00:00,3427.85,3454.65,3371.65,3407.99,139071.2411
2025-11-12 20:00:00,3408.0,3439.62,3392.0,3414.92,51214.4211
2025-11-13 00:00:00,3414.91,3473.48,3377.68,3452.86,108782.8089
2025-11-13 04:00:00,3452.86,3565.84,3434.03,3538.74,124524.6547
2025-11-13 08:00:00,3538.74,3550.0,3476.06,3501.95,78146.7771
2025-11-13 12:00:00,3501.94,3511.31,3367.03,3386.85,187531.838
2025-11-13 16:00:00,3386.84,3398.24,3175.83,3197.69,312803.0433
2025-11-13 20:00:00,3197.69,3272.3,3154.22,3231.54,140200.0127
2025-11-14 00:00:00,3231.55,3251.88,3186.2,3227.93,122991.5222
2025-11-14 04:00:00,3227.94,3241.32,3104.66,3215.59,212560.654
2025-11-14 08:00:00,3215.6,3219.39,3116.82,3144.35,102244.5895
2025-11-14 12:00:00,3144.34,3234.49,3070.0,3196.7,278131.435
2025-11-14 16:00:00,3196.7,3256.71,3155.0,3207.86,95128.5571
2025-11-14 20:00:00,3207.87,3213.22,3090.0,3112.4,79389.3913
2025-11-15 00:00:00,3112.4,3194.0,3110.68,3179.16,62288.3831
2025-11-15 04:00:00,3179.17,3191.65,3159.03,3176.55,33474.0807
2025-11-15 08:00:00,3176.56,3177.98,3134.23,3152.52,39200.489
2025-11-15 12:00:00,3152.52,3197.37,3147.37,3186.05,47939.6289
2025-11-15 16:00:00,3186.05,3230.0,3162.78,3197.88,120649.7057
2025-11-15 20:00:00,3197.89,3200.68,3152.75,3167.88,34911.1908
2025-11-16 00:00:00,3167.87,3210.0,3131.78,3202.97,48534.5986
2025-11-16 04:00:00,3202.95,3220.62,3187.03,3219.55,31570.6106
2025-11-16 08:00:00,3219.54,3249.0,3160.36,3168.64,59004.6391
2025-11-16 12:00:00,3168.64,3182.6,3099.23,3105.44,112729.6532
2025-11-16 16:00:00,3105.45,3128.0,3026.0,3091.09,194474.7026
2025-11-16 20:00:00,3091.09,3117.21,3004.0,3095.29,124319.3768
2025-11-17 00:00:00,3095.29,3180.42,3069.0,3176.6,80383.5547
2025-11-17 04:00:00,3176.59,3208.52,3165.93,3198.44,63583.8256
2025-11-17 08:00:00,3198.44,3223.38,3179.88,3204.12,65732.1978
2025-11-17 12:00:00,3204.12,3210.88,3095.09,3121.04,189831.2757
2025-11-17 16:00:00,3121.04,3142.56,2972.88,2982.27,229892.4268
2025-11-17 20:00:00,2982.27,3032.53,2959.46,3031.44,133077.1483
2025-11-18 00:00:00,3031.44,3050.05,2946.56,3023.97,189127.367
2025-11-18 04:00:00,3023.97,3034.5,2958.08,3024.44,140899.4305
2025-11-18 08:00:00,3024.44,3074.45,3024.44,3058.01,116556.0331
2025-11-18 12:00:00,3058.0,3123.69,3022.09,3106.87,158180.756
2025-11-18 16:00:00,3106.87,3169.95,3099.39,3146.02,122085.9485
2025-11-18 20:00:00,3146.01,3150.43,3097.21,3123.66,39790.5707
2025-11-19 00:00:00,3123.65,3125.54,3069.59,3073.02,65254.2784
2025-11-19 04:00:00,3073.01,3087.71,2992.23,3084.96,105860.61
2025-11-19 08:00:00,3084.97,3112.55,3053.55,3083.51,68846.4676
2025-11-19 12:00:00,3083.51,3108.76,2967.0,2973.16,164573.8974
2025-11-19 16:00:00,2973.15,3000.0,2873.64,2881.66,207908.6399
2025-11-19 20:00:00,2881.66,3027.88,2875.0,3025.48,125482.8213
2025-11-20 00:00:00,3025.48,3058.0,3004.41,3038.98,87568.1898
2025-11-20 04:00:00,3038.99,3063.61,3006.89,3039.43,69770.7841
2025-11-20 08:00:00,3039.44,3044.75,2993.91,3023.98,63213.0443
2025-11-20 12:00:00,3023.99,3049.58,2952.39,2955.68,143692.7894
2025-11-20 16:00:00,2955.65,2961.28,2790.01,2847.9,451454.189
2025-11-20 20:00:00,2847.89,2905.93,2819.55,2834.22,96825.3752
2025-11-21 00:00:00,2834.21,2886.73,2772.84,2809.18,117232.8956
2025-11-21 04:00:00,2809.17,2832.66,2669.0,2720.17,282092.7968
2025-11-21 08:00:00,2720.17,2754.48,2663.01,2688.42,218825.5422
2025-11-21 12:00:00,2688.42,2781.83,2623.57,2705.32,294361.2964
2025-11-21 16:00:00,2705.31,2806.84,2675.0,2752.24,185971.9748
2025-11-21 20:00:00,2752.23,2777.01,2708.55,2765.85,81990.9027
2025-11-22 00:00:00,2765.86,2784.12,2739.76,2752.27,39805.8515
2025-11-22 04:00:00,2752.27,2771.0,2726.66,2756.21,43047.8794
2025-11-22 08:00:00,2756.21,2756.36,2704.33,2735.16,50191.6518
2025-11-22 12:00:00,2735.16,2754.45,2711.01,2738.92,49892.9894
2025-11-22 16:00:00,2738.92,2759.02,2735.2,2750.65,41469.8761
2025-11-22 20:00:00,2750.65,2799.01,2733.72,2770.12,40283.0607
2025-11-23 00:00:00,2770.12,2834.33,2768.29,2824.77,67882.0772
2025-11-23 04:00:00,2824.77,2852.17,2777.2,2793.7,96029.1604
2025-11-23 08:00:00,2793.7,2823.98,2793.69,2815.54,33197.5905
2025-11-23 12:00:00,2815.54,2858.16,2810.12,2836.5,100156.8545
2025-11-23 16:00:00,2836.49,2846.8,2786.63,2822.7,60022.7023
2025-11-23 20:00:00,2822.7,2845.0,2794.74,2802.16,52520.1885
2025-11-24 00:00:00,2802.16,2867.46,2763.0,2856.44,110955.2142
2025-11-24 04:00:00,2856.45,2885.75,2802.87,2830.27,98647.9404
2025-11-24 08:00:00,2830.26,2843.09,2788.0,2803.41,85563.0091
2025-11-24 12:00:00,2803.4,2860.37,2785.04,2846.47,128886.2566
2025-11-24 16:00:00,2846.47,2979.63,2842.82,2959.0,228159.1109
2025-11-24 20:00:00,2959.0,2987.0,2947.77,2953.38,63068.2239
2025-11-25 00:00:00,2953.38,2953.38,2904.39,2911.99,55807.6755
2025-11-25 04:00:00,2911.99,2943.03,2901.75,2902.77,44848.2311
2025-11-25 08:00:00,2902.77,2909.18,2865.09,2891.01,72825.3165
2025-11-25 12:00:00,2891.01,2934.0,2857.32,2895.45,106635.5734
2025-11-25 16:00:00,2895.46,2958.53,2872.09,2922.95,79721.8356
2025-11-25 20:00:00,2922.96,2980.82,2907.42,2959.36,67847.8207
2025-11-26 00:00:00,2959.36,2984.0,2922.08,2927.2,60791.5726
2025-11-26 04:00:00,2927.19,2954.67,2921.11,2944.52,43870.3746
2025-11-26 08:00:00,2944.52,2949.27,2902.12,2914.0,38855.2939
2025-11-26 12:00:00,2913.99,2947.4,2888.69,2927.41,69609.6989
2025-11-26 16:00:00,2927.4,3045.0,2926.37,3032.28,112464.2424
2025-11-26 20:00:00,3032.28,3035.91,3008.53,3026.56,38944.1436
2025-11-27 00:00:00,3026.56,3071.37,3004.61,3033.53,73556.5834
2025-11-27 04:00:00,3033.53,3053.98,3017.45,3033.9,33999.8307
2025-11-27 08:00:00,3033.89,3044.73,3017.78,3028.54,31351.503
2025-11-27 12:00:00,3028.54,3030.49,2985.78,3010.97,65626.4194
2025-11-27 16:00:00,3010.97,3039.99,3004.83,3032.02,41934.8963
2025-11-27 20:00:00,3032.01,3044.44,3003.88,3015.23,28511.1627
2025-11-28 00:00:00,3015.23,3023.97,2994.36,3008.63,38314.6775
2025-11-28 04:00:00,3008.64,3028.94,3000.7,3001.91,43556.1352
2025-11-28 08:00:00,3001.9,3077.77,3001.59,3034.02,74468.9509
2025-11-28 12:00:00,3034.02,3099.0,3026.32,3073.77,82965.601
2025-11-28 16:00:00,3073.78,3074.4,3011.22,3050.0,79747.0269
2025-11-28 20:00:00,3049.99,3059.48,3020.57,3031.15,27563.636
2025-11-29 00:00:00,3031.14,3052.64,3017.73,3022.6,24555.3461
2025-11-29 04:00:00,3022.61,3045.6,2992.5,3004.9,42551.9966
2025-11-29 08:00:00,3004.9,3011.41,2986.09,2999.82,37596.1744
2025-11-29 12:00:00,2999.82,3014.09,2986.4,3007.41,44737.3526
2025-11-29 16:00:00,3007.41,3011.31,2961.91,2988.47,54342.1646
2025-11-29 20:00:00,2988.47,2999.17,2982.49,2989.16,14121.096
2025-11-30 00:00:00,2989.17,3012.29,2975.3,3001.69,22703.9647
2025-11-30 04:00:00,3001.68,3008.9,2985.69,3005.22,14470.8245
2025-11-30 08:00:00,3005.22,3018.48,2999.94,3003.36,23291.3467
2025-11-30 12:00:00,3003.37,3053.02,3000.34,3028.69,60797.768
2025-11-30 16:00:00,3028.69,3049.34,3028.24,3034.71,26922.0897
2025-11-30 20:00:00,3034.71,3041.14,2989.06,2991.26,34536.4317
2025-12-01 00:00:00,2991.25,2999.47,2813.2,2825.77,199403.7391
2025-12-01 04:00:00,2825.77,2844.11,2806.71,2840.21,66691.2571
2025-12-01 08:00:00,2840.21,2854.35,2828.62,2838.35,154411.9934
2025-12-01 12:00:00,2838.36,2840.31,2716.04,2745.72,228178.0282
2025-12-01 16:00:00,2745.73,2758.02,2719.73,2740.8,92163.4609
2025-12-01 20:00:00,2740.8,2819.35,2739.89,2799.07,108154.5122
2025-12-02 00:00:00,2799.07,2825.11,2782.81,2804.55,40929.9746
2025-12-02 04:00:00,2804.55,2815.88,2796.88,2805.65,30185.3366
2025-12-02 08:00:00,2805.66,2834.5,2782.19,2826.18,41716.9565
2025-12-02 12:00:00,2826.18,3024.98,2816.82,3006.61,243912.6653
2025-12-02 16:00:00,3006.61,3033.76,2987.19,3015.83,104569.563
2025-12-02 20:00:00,3015.84,3021.27,2972.35,2996.07,62392.8626
2025-12-03 00:00:00,2996.07,3048.0,2985.58,3030.75,51276.0073
2025-12-03 04:00:00,3030.74,3085.56,3029.59,3057.44,83611.9153
2025-12-03 08:00:00,3057.44,3080.0,3043.75,3073.23,45464.5888
2025-12-03 12:00:00,3073.23,3145.68,3030.42,3086.12,172616.4318
2025-12-03 16:00:00,3086.13,3142.15,3064.36,3128.2,76818.9822
2025-12-03 20:00:00,3128.2,3214.99,3117.0,3188.36,123881.8892
2025-12-04 00:00:00,3188.39,3240.35,3174.19,3210.13,85059.4744
2025-12-04 04:00:00,3210.12,3219.62,3170.47,3190.1,76321.0501
2025-12-04 08:00:00,3190.1,3208.63,3175.51,3186.55,41332.4332
2025-12-04 12:00:00,3186.55,3224.38,3139.72,3208.15,109395.5365
2025-12-04 16:00:00,3208.15,3225.0,3066.37,3119.27,123840.9066
2025-12-04 20:00:00,3119.26,3152.07,3105.9,3133.26,50748.9979
2025-12-05 00:00:00,3133.26,3193.33,3132.45,3170.98,43830.0206
2025-12-05 04:00:00,3170.98,3182.88,3152.0,3173.94,36417.0727
2025-12-05 08:00:00,3173.95,3173.95,3107.82,3131.38,87970.9676
2025-12-05 12:00:00,3131.38,3157.99,3082.75,3106.34,131005.0997
2025-12-05 16:00:00,3106.35,3108.73,2983.08,3038.49,180132.3301
2025-12-05 20:00:00,3038.5,3049.34,3006.78,3021.78,51027.4079
2025-12-06 00:00:00,3021.77,3046.3,3012.58,3040.31,25507.0265
2025-12-06 04:00:00,3040.31,3042.78,3024.35,3026.25,18352.2563
2025-12-06 08:00:00,3026.25,3042.0,3013.25,3038.99,20383.7777
2025-12-06 12:00:00,3038.98,3069.0,3026.5,3041.69,43669.9804
2025-12-06 16:00:00,3041.69,3066.62,3025.0,3030.44,33248.8274
2025-12-06 20:00:00,3030.45,3054.31,3026.16,3038.06,18559.3805
2025-12-07 00:00:00,3038.06,3056.97,3032.47,3053.92,15546.9343
2025-12-07 04:00:00,3053.93,3058.01,3031.21,3037.29,13660.3566
2025-12-07 08:00:00,3037.28,3043.69,3024.07,3035.77,22816.8639
2025-12-07 12:00:00,3035.77,3053.49,2907.52,3027.01,146482.4681
2025-12-07 16:00:00,3027.0,3150.0,2999.63,3137.92,123703.2987
2025-12-07 20:00:00,3137.91,3147.36,3013.73,3059.85,68919.7534
2025-12-08 00:00:00,3059.86,3134.73,3040.87,3111.01,62439.9004
2025-12-08 04:00:00,3111.01,3140.5,3108.53,3134.31,65181.9052
2025-12-08 08:00:00,3134.31,3180.51,3125.1,3142.25,67113.0422
2025-12-08 12:00:00,3142.25,3178.42,3088.83,3101.54,125289.7961
2025-12-08 16:00:00,3101.54,3133.0,3075.38,3118.64,89209.1247
2025-12-08 20:00:00,3118.65,3153.0,3112.88,3124.16,43586.4521
2025-12-09 00:00:00,3124.16,3143.5,3090.8,3129.26,42586.4215
2025-12-09 04:00:00,3129.27,3131.42,3095.12,3123.0,45669.3221
2025-12-09 08:00:00,3123.0,3130.0,3093.0,3118.35,28056.408
2025-12-09 12:00:00,3118.35,3256.88,3098.58,3245.88,155154.1408
2025-12-09 16:00:00,3245.88,3397.85,3245.63,3357.88,241671.7299
2025-12-09 20:00:00,3357.87,3361.41,3285.0,3318.04,90721.9235
2025-12-10 00:00:00,3318.04,3328.2,3288.1,3309.73,45078.3976
2025-12-10 04:00:00,3309.73,3334.66,3306.92,3327.21,42144.1814
2025-12-10 08:00:00,3327.21,3376.0,3296.99,3318.39,73454.6194
2025-12-10 12:00:00,3318.39,3339.14,3304.45,3328.25,64308.9848
2025-12-10 16:00:00,3328.25,3435.0,3320.72,3390.71,186919.8911
2025-12-10 20:00:00,3390.67,3447.44,3317.37,3324.14,127679.3792
2025-12-11 00:00:00,3324.14,3327.37,3167.07,3191.42,138432.0124
2025-12-11 04:00:00,3191.42,3216.16,3180.93,3201.51,49737.3218
2025-12-11 08:00:00,3201.52,3213.0,3178.0,3192.75,38704.27
2025-12-11 12:00:00,3192.75,3210.0,3145.28,3179.25,92491.4111
2025-12-11 16:00:00,3179.24,3234.25,3155.0,3194.51,90002.7899
2025-12-11 20:00:00,3194.52,3273.4,3186.36,3237.39,94746.4339
2025-12-12 00:00:00,3237.38,3265.5,3185.2,3245.49,51913.2954
2025-12-12 04:00:00,3245.49,3265.0,3232.79,3246.55,34036.654
2025-12-12 08:00:00,3246.55,3255.7,3225.92,3242.59,38271.9698
2025-12-12 12:00:00,3242.59,3251.31,3058.12,3071.41,143185.8142
2025-12-12 16:00:00,3071.4,3099.88,3045.31,3073.74,142541.9537
2025-12-12 20:00:00,3073.74,3096.16,3067.61,3084.86,25736.7564
2025-12-13 00:00:00,3084.86,3095.24,3078.6,3089.85,16683.0837
2025-12-13 04:00:00,3089.86,3095.85,3084.11,3094.72,13025.1563
2025-12-13 08:00:00,3094.72,3135.68,3092.59,3119.35,35477.1325
2025-12-13 12:00:00,3119.36,3127.8,3095.12,3109.63,25324.4748
2025-12-13 16:00:00,3109.63,3116.37,3096.05,3108.41,23595.4427
2025-12-13 20:00:00,3108.41,3119.79,3079.0,3114.64,22360.4667
2025-12-14 00:00:00,3114.64,3129.54,3103.49,3118.96,17318.8749
2025-12-14 04:00:00,3118.97,3122.1,3104.59,3115.3,12759.8668
2025-12-14 08:00:00,3115.3,3119.9,3050.01,3084.84,55728.5888
2025-12-14 12:00:00,3084.84,3108.18,3070.42,3084.51,46359.2301
2025-12-14 16:00:00,3084.51,3107.89,3074.29,3093.71,88491.9595
2025-12-14 20:00:00,3093.71,3097.1,3024.44,3063.5,58399.8344
2025-12-15 00:00:00,3063.49,3150.92,3056.7,3108.68,68229.9045
2025-12-15 04:00:00,3108.68,3145.0,3104.02,3128.9,34378.0894
2025-12-15 08:00:00,3128.91,3177.5,3125.86,3156.73,45866.4503
2025-12-15 12:00:00,3156.73,3159.14,2986.05,3010.96,165313.3397
2025-12-15 16:00:00,3010.97,3017.77,2894.57,2940.3,146722.7896
2025-12-15 20:00:00,2940.29,2969.29,2916.67,2964.85,59999.382
2025-12-16 00:00:00,2964.85,2978.26,2922.64,2937.0,50152.4495
2025-12-16 04:00:00,2936.99,2951.45,2876.0,2924.11,65694.2387
2025-12-16 08:00:00,2924.1,2964.14,2920.02,2957.93,50801.8701
2025-12-16 12:00:00,2957.93,2981.87,2886.75,2963.31,117771.3622
2025-12-16 16:00:00,2963.31,2968.0,2912.15,2945.58,70556.5322
2025-12-16 20:00:00,2945.57,2965.73,2938.08,2962.3,23316.6632
2025-12-17 00:00:00,2962.3,2974.27,2938.38,2947.8,21063.3951
2025-12-17 04:00:00,2947.8,2953.98,2913.95,2947.92,40306.4414
2025-12-17 08:00:00,2947.92,2947.92,2908.56,2928.71,28398.9424
2025-12-17 12:00:00,2928.71,3030.92,2886.8,2904.66,202478.3788
2025-12-17 16:00:00,2904.65,2925.59,2791.02,2820.28,155552.7194
2025-12-17 20:00:00,2820.28,2837.8,2798.0,2833.49,49830.5391
2025-12-18 00:00:00,2833.5,2847.65,2821.34,2832.06,30115.801
2025-12-18 04:00:00,2832.06,2841.76,2822.98,2836.45,25308.1925
2025-12-18 08:00:00,2836.45,2864.46,2831.99,2859.09,30684.1722
2025-12-18 12:00:00,2859.1,2997.4,2854.47,2965.19,215481.281
2025-12-18 16:00:00,2965.19,2967.48,2775.19,2781.93,205062.6339
2025-12-18 20:00:00,2781.92,2838.25,2779.76,2828.57,88601.7191
2025-12-19 00:00:00,2828.56,2935.0,2808.63,2909.01,123898.4272
2025-12-19 04:00:00,2909.0,2984.33,2907.09,2951.73,96960.5859
2025-12-19 08:00:00,2951.72,2971.57,2938.01,2964.96,43082.5898
2025-12-19 12:00:00,2964.97,3020.0,2943.13,2964.99,149054.673
2025-12-19 16:00:00,2964.99,3007.06,2936.3,2985.02,93755.7291
2025-12-19 20:00:00,2985.02,3003.02,2974.72,2979.5,24950.5389
2025-12-20 00:00:00,2979.49,2994.41,2970.98,2989.41,12846.4551
2025-12-20 04:00:00,2989.42,2990.8,2964.17,2981.24,17802.9144
2025-12-20 08:00:00,2981.24,2990.2,2975.14,2987.13,14432.6945
2025-12-20 12:00:00,2987.14,2993.8,2967.44,2977.27,25699.3196
2025-12-20 16:00:00,2977.26,2981.4,2974.34,2978.05,13056.8688
2025-12-20 20:00:00,2978.06,2985.94,2972.85,2977.93,7945.521
2025-12-21 00:00:00,2977.93,2981.43,2961.42,2972.81,21624.4873
2025-12-21 04:00:00,2972.8,2982.54,2971.75,2981.09,6058.0404
2025-12-21 08:00:00,2981.09,3013.4,2977.61,2996.52,37511.9829
2025-12-21 12:00:00,2996.52,3005.46,2944.0,2974.68,47803.6499
2025-12-21 16:00:00,2974.69,2997.96,2967.74,2991.18,24256.6751
2025-12-21 20:00:00,2991.19,3012.27,2970.75,3002.02,24989.9711
2025-12-22 00:00:00,3002.03,3060.55,2972.48,3021.52,67518.0299
2025-12-22 04:00:00,3021.53,3042.87,3020.0,3029.67,23753.1837
2025-12-22 08:00:00,3029.66,3058.38,3025.11,3049.04,35463.9382
2025-12-22 12:00:00,3049.05,3077.39,3022.35,3052.59,70632.5652
2025-12-22 16:00:00,3052.59,3059.42,2974.23,2980.44,55772.3856
2025-12-22 20:00:00,2980.44,3015.37,2963.43,3009.49,45303.4607
2025-12-23 00:00:00,3009.48,3035.79,2971.56,2991.8,52521.8213
2025-12-23 04:00:00,2991.81,2999.97,2944.79,2964.89,70774.1346
2025-12-23 08:00:00,2964.88,2975.35,2952.26,2973.63,22052.4785
2025-12-23 12:00:00,2973.63,2974.47,2900.93,2928.59,96611.7545
2025-12-23 16:00:00,2928.59,2966.56,2908.95,2943.92,66566.6724
2025-12-23 20:00:00,2943.95,2988.44,2940.89,2965.02,77938.8857
2025-12-24 00:00:00,2965.03,2978.15,2921.03,2945.75,37427.1687
2025-12-24 04:00:00,2945.75,2958.73,2917.12,2932.68,35394.642
2025-12-24 08:00:00,2932.69,2939.84,2914.35,2925.02,29363.6813
2025-12-24 12:00:00,2925.02,2938.73,2888.7,2925.55,44957.6081
2025-12-24 16:00:00,2925.54,2954.39,2921.37,2945.72,32340.0522
2025-12-24 20:00:00,2945.73,2962.96,2941.73,2947.47,17552.4075
2025-12-25 00:00:00,2947.48,2956.89,2936.89,2947.15,13645.1601
2025-12-25 04:00:00,2947.16,2948.15,2938.12,2941.56,17963.7439
2025-12-25 08:00:00,2941.57,2946.82,2912.0,2924.88,26993.2817
2025-12-25 12:00:00,2924.88,2971.46,2920.0,2961.14,50360.9413
2025-12-25 16:00:00,2961.14,2967.65,2943.75,2956.41,40199.7035
2025-12-25 20:00:00,2956.41,2956.58,2891.2,2903.95,39558.4676
2025-12-26 00:00:00,2903.9,2994.38,2894.26,2964.92,85472.0655
2025-12-26 04:00:00,2964.92,2993.27,2952.59,2956.83,56536.7528
2025-12-26 08:00:00,2956.83,2976.53,2954.76,2964.75,27704.0127
2025-12-26 12:00:00,2964.76,2985.89,2894.49,2923.19,102372.8741
2025-12-26 16:00:00,2923.2,2935.12,2906.98,2925.99,29323.5571
2025-12-26 20:00:00,2925.99,2938.83,2921.49,2927.99,13421.7367
2025-12-27 00:00:00,2928.0,2933.7,2921.33,2933.4,12504.4062
2025-12-27 04:00:00,2933.39,2938.0,2928.11,2933.27,9579.6222
2025-12-27 08:00:00,2933.27,2940.79,2917.25,2930.88,22992.0865
2025-12-27 12:00:00,2930.88,2933.85,2925.25,2926.5,11659.5727
2025-12-27 16:00:00,2926.5,2930.82,2917.13,2930.82,12392.4561
2025-12-27 20:00:00,2930.81,2960.89,2928.89,2949.05,25912.2519
2025-12-28 00:00:00,2949.05,2951.86,2941.14,2943.58,13874.2237
2025-12-28 04:00:00,2943.57,2947.07,2929.5,2939.0,12300.1573
2025-12-28 08:00:00,2938.99,2947.34,2931.56,2944.09,18702.5796
2025-12-28 12:00:00,2944.09,2961.23,2937.78,2949.46,33669.6711
2025-12-28 16:00:00,2949.47,2954.72,2924.54,2933.61,29530.2686
2025-12-28 20:00:00,2933.6,2955.5,2928.89,2950.91,20757.2387
2025-12-29 00:00:00,2950.91,3048.45,2944.54,3043.75,101995.3642
2025-12-29 04:00:00,3043.75,3057.78,3010.74,3019.51,103030.9462
2025-12-29 08:00:00,3019.51,3026.51,2956.89,2959.91,84829.1665
2025-12-29 12:00:00,2959.9,2965.85,2910.25,2935.75,119862.5897
2025-12-29 16:00:00,2935.75,2946.0,2914.03,2932.48,51908.4218
2025-12-29 20:00:00,2932.47,2944.24,2926.04,2937.9,24332.694
2025-12-30 00:00:00,2937.91,2956.0,2919.44,2951.91,30076.5563
2025-12-30 04:00:00,2951.92,2959.0,2937.39,2950.79,26514.3134
2025-12-30 08:00:00,2950.79,3003.66,2950.2,2978.88,59053.3564
2025-12-30 12:00:00,2978.88,3009.8,2958.88,2989.77,93742.7732
2025-12-30 16:00:00,2989.78,2995.28,2944.76,2971.56,54745.6584
2025-12-30 20:00:00,2971.56,2975.96,2954.28,2973.69,22450.6302
2025-12-31 00:00:00,2973.69,2984.86,2961.89,2970.69,20321.8507
2025-12-31 04:00:00,2970.68,2980.0,2968.92,2976.98,17669.201
2025-12-31 08:00:00,2976.97,3003.64,2963.91,3002.2,54160.4918
2025-12-31 12:00:00,3002.2,3028.08,2968.0,2985.76,77365.9324
2025-12-31 16:00:00,2985.76,2997.4,2958.91,2971.15,38835.5156
2025-12-31 20:00:00,2971.16,2984.86,2963.43,2971.64,25376.5972
2026-01-01 00:00:00,2971.65,2988.96,2971.15,2980.0,14277.7037
2026-01-01 04:00:00,2979.99,2983.79,2972.99,2978.53,24119.3745
2026-01-01 08:00:00,2978.52,2993.2,2977.8,2989.69,18658.7012
2026-01-01 12:00:00,2989.7,2994.87,2977.74,2989.87,24220.7859
2026-01-01 16:00:00,2989.87,3005.98,2980.75,2995.42,28557.2596
2026-01-01 20:00:00,2995.42,3010.0,2987.54,3004.19,26254.6958
2026-01-02 00:00:00,3004.19,3035.0,2992.49,3022.53,40245.6068
2026-01-02 04:00:00,3022.53,3039.54,3009.02,3018.33,25581.588
2026-01-02 08:00:00,3018.32,3069.71,3015.95,3047.82,67146.8837
2026-01-02 12:00:00,3047.81,3109.0,3020.79,3086.64,103779.6548
2026-01-02 16:00:00,3086.64,3150.01,3079.23,3123.62,103511.24
2026-01-02 20:00:00,3123.63,3146.0,3111.52,3125.45,29626.2716
2026-01-03 00:00:00,3125.46,3136.71,3119.26,3125.56,21639.9351
2026-01-03 04:00:00,3125.56,3127.79,3076.0,3090.5,37848.5768
2026-01-03 08:00:00,3090.49,3110.56,3083.86,3098.49,24186.4409
2026-01-03 12:00:00,3098.5,3114.61,3093.47,3101.31,21597.531
2026-01-03 16:00:00,3101.32,3118.55,3098.33,3113.13,13958.2898
2026-01-03 20:00:00,3113.13,3131.0,3107.49,3127.11,15174.4522
2026-01-04 00:00:00,3127.11,3167.22,3126.35,3147.36,48314.7056
2026-01-04 04:00:00,3147.36,3163.19,3133.57,3141.29,39164.635
2026-01-04 08:00:00,3141.29,3148.3,3126.0,3139.54,25325.4415
2026-01-04 12:00:00,3139.55,3147.26,3118.75,3135.55,25571.0536
2026-01-04 16:00:00,3135.55,3143.6,3118.98,3132.72,22056.3594
2026-01-04 20:00:00,3132.72,3155.85,3130.85,3144.7,21143.8735
2026-01-05 00:00:00,3144.71,3220.82,3143.54,3185.86,78748.0623
2026-01-05 04:00:00,3185.86,3188.35,3135.31,3157.33,46393.4312
2026-01-05 08:00:00,3157.24,3183.64,3153.12,3180.27,35017.8247
2026-01-05 12:00:00,3180.28,3205.0,3135.02,3195.57,75457.2182
2026-01-05 16:00:00,3195.58,3229.99,3159.48,3223.07,84699.9838
2026-01-05 20:00:00,3223.07,3265.66,3220.0,3224.99,62130.1416
2026-01-06 00:00:00,3224.99,3247.3,3203.34,3225.1,41660.2045
2026-01-06 04:00:00,3225.1,3253.76,3211.37,3219.24,43424.5658
2026-01-06 08:00:00,3219.24,3242.98,3214.52,3238.08,31791.5748
2026-01-06 12:00:00,3238.09,3308.86,3230.0,3272.32,128299.7324
2026-01-06 16:00:00,3272.31,3279.36,3183.27,3223.57,114076.954
2026-01-06 20:00:00,3223.57,3301.6,3223.11,3296.84,53250.4751
2026-01-07 00:00:00,3296.83,3296.84,3239.44,3266.83,42293.9943
2026-01-07 04:00:00,3266.84,3271.81,3246.75,3255.31,22149.3916
2026-01-07 08:00:00,3255.31,3263.37,3196.23,3220.24,64927.4387
2026-01-07 12:00:00,3220.25,3229.05,3144.37,3164.7,91685.5827
2026-01-07 16:00:00,3164.71,3179.69,3125.42,3146.02,58204.1941
2026-01-07 20:00:00,3146.02,3181.78,3128.13,3168.72,42089.5211
2026-01-08 00:00:00,3168.72,3184.39,3133.56,3142.88,39920.8253
2026-01-08 04:00:00,3142.88,3161.24,3090.04,3128.28,59556.3234
2026-01-08 08:00:00,3128.29,3136.56,3096.68,3121.24,46446.0065
2026-01-08 12:00:00,3121.25,3121.49,3054.65,3104.2,115339.8326
2026-01-08 16:00:00,3104.19,3140.0,3090.2,3111.53,53648.4349
2026-01-08 20:00:00,3111.53,3130.38,3089.39,3106.65,28704.6778
2026-01-09 00:00:00,3106.66,3148.41,3081.34,3119.6,49958.428
2026-01-09 04:00:00,3119.6,3125.71,3110.39,3111.2,17294.1278
2026-01-09 08:00:00,3111.21,3115.37,3067.44,3090.36,40427.3691
2026-01-09 12:00:00,3090.36,3143.0,3058.69,3112.08,86674.2014
2026-01-09 16:00:00,3112.08,3145.45,3068.94,3080.6,56163.5771
2026-01-09 20:00:00,3080.6,3093.35,3065.23,3088.4,24069.7499
2026-01-10 00:00:00,3088.4,3094.61,3080.1,3086.51,10803.586
2026-01-10 04:00:00,3086.51,3093.38,3077.99,3092.77,20280.0951
2026-01-10 08:00:00,3092.77,3104.12,3087.37,3096.99,19119.5953
2026-01-10 12:00:00,3096.99,3104.01,3088.81,3095.64,12501.0934
2026-01-10 16:00:00,3095.63,3099.37,3090.08,3092.12,8420.0952
2026-01-10 20:00:00,3092.13,3093.3,3078.71,3086.72,11216.5896
2026-01-11 00:00:00,3086.72,3097.53,3084.46,3096.78,6690.1603
2026-01-11 04:00:00,3096.78,3102.42,3090.0,3095.32,10462.9255
2026-01-11 08:00:00,3095.32,3109.78,3092.7,3105.22,16569.4584
2026-01-11 12:00:00,3105.22,3131.0,3105.0,3118.22,35550.031
2026-01-11 16:00:00,3118.22,3147.27,3115.63,3124.36,36016.8437
2026-01-11 20:00:00,3124.36,3126.15,3092.59,3123.45,44091.8776
2026-01-12 00:00:00,3123.46,3171.49,3097.24,3152.55,72306.4411
2026-01-12 04:00:00,3152.56,3166.9,3133.52,3135.34,25464.2607
2026-01-12 08:00:00,3135.33,3147.62,3101.48,3115.43,40245.0871
2026-01-12 12:00:00,3115.43,3133.52,3065.55,3130.17,73683.7355
2026-01-12 16:00:00,3130.17,3146.66,3083.5,3121.83,57077.6791
2026-01-12 20:00:00,3121.82,3127.75,3083.54,3095.75,28596.2646
2026-01-13 00:00:00,3095.75,3119.01,3091.96,3116.14,22531.1335
2026-01-13 04:00:00,3116.14,3146.55,3112.46,3122.01,38274.2613
2026-01-13 08:00:00,3122.0,3148.33,3122.0,3133.95,33910.3954
2026-01-13 12:00:00,3133.95,3188.47,3130.0,3184.41,96545.2406
2026-01-13 16:00:00,3184.41,3218.61,3172.0,3215.9,73955.9338
2026-01-13 20:00:00,3215.91,3367.79,3190.56,3325.82,192565.317
2026-01-14 00:00:00,3325.83,3357.56,3315.15,3351.95,85543.415
2026-01-14 04:00:00,3351.94,3364.64,3322.01,3335.78,63136.2459
2026-01-14 08:00:00,3335.78,3342.64,3282.59,3286.22,58774.1212
2026-01-14 12:00:00,3286.22,3362.17,3280.48,3345.81,107556.326
2026-01-14 16:00:00,3345.81,3402.89,3315.51,3367.42,136432.6272
2026-01-14 20:00:00,3367.42,3392.94,3347.83,3354.92,51997.3406
2026-01-15 00:00:00,3354.92,3355.8,3278.0,3286.55,57564.0628
2026-01-15 04:00:00,3286.56,3335.15,3284.84,3330.0,36938.0988
2026-01-15 08:00:00,3329.99,3378.75,3320.17,3349.96,56429.5116
2026-01-15 12:00:00,3349.96,3384.19,3285.79,3330.65,109387.0046
2026-01-15 16:00:00,3330.66,3337.56,3273.72,3295.48,95663.6814
2026-01-15 20:00:00,3295.47,3323.32,3276.7,3318.69,34011.4768
2026-01-16 00:00:00,3318.7,3326.79,3291.89,3295.21,26232.6895
2026-01-16 04:00:00,3295.22,3316.99,3277.04,3309.41,39155.7934
2026-01-16 08:00:00,3309.42,3319.97,3293.33,3301.94,24987.7787
2026-01-16 12:00:00,3301.94,3318.61,3253.01,3264.18,65806.1923
2026-01-16 16:00:00,3264.17,3288.42,3259.83,3276.94,40718.886
2026-01-16 20:00:00,3276.94,3299.89,3264.42,3296.28,27020.4477
2026-01-17 00:00:00,3296.28,3297.34,3283.96,3289.32,11302.5507
2026-01-17 04:00:00,3289.33,3294.12,3285.99,3291.57,8025.4566
2026-01-17 08:00:00,3291.56,3305.32,3289.01,3302.72,19466.0816
2026-01-17 12:00:00,3302.72,3330.07,3299.77,3329.95,42521.6103
2026-01-17 16:00:00,3329.95,3330.26,3312.22,3316.36,27286.9449
2026-01-17 20:00:00,3316.36,3320.33,3297.44,3310.56,15722.3862
2026-01-18 00:00:00,3310.56,3319.5,3296.34,3316.16,14955.0073
2026-01-18 04:00:00,3316.15,3318.36,3306.4,3307.3,19441.7668
2026-01-18 08:00:00,3307.3,3326.2,3303.52,3322.0,26425.7891
2026-01-18 12:00:00,3322.0,3347.75,3314.64,3333.99,32494.8908
2026-01-18 16:00:00,3334.0,3368.82,3330.05,3346.56,28977.7552
2026-01-18 20:00:00,3346.56,3356.26,3278.86,3284.03,51059.0934
2026-01-19 00:00:00,3284.04,3284.58,3177.68,3212.29,189671.1361
2026-01-19 04:00:00,3212.28,3218.02,3187.88,3207.47,86267.3546
2026-01-19 08:00:00,3207.47,3231.27,3197.3,3223.91,62305.8434
2026-01-19 12:00:00,3223.91,3236.26,3202.85,3216.21,39678.1061
2026-01-19 16:00:00,3216.2,3227.17,3208.5,3219.95,20446.9647
2026-01-19 20:00:00,3219.95,3225.43,3165.38,3189.55,44171.1547
2026-01-20 00:00:00,3189.56,3200.5,3175.53,3188.67,31249.1524
2026-01-20 04:00:00,3188.68,3189.23,3109.37,3123.37,92886.9592
2026-01-20 08:00:00,3123.37,3123.84,3085.17,3109.88,80416.5277
2026-01-20 12:00:00,3109.88,3115.0,2995.33,3032.99,151528.8906
2026-01-20 16:00:00,3033.0,3042.92,2980.11,2996.49,80445.9788
2026-01-20 20:00:00,2996.49,3007.22,2920.0,2939.88,81638.97
2026-01-21 00:00:00,2939.88,2984.64,2921.89,2981.76,52743.8817
2026-01-21 04:00:00,2981.75,3002.0,2966.0,2970.6,43953.8509
2026-01-21 08:00:00,2970.6,2974.87,2938.0,2943.0,47857.5216
2026-01-21 12:00:00,2943.0,3026.83,2902.0,3002.69,152744.3548
2026-01-21 16:00:00,3002.69,3069.07,2866.11,3055.56,209234.4299
2026-01-21 20:00:00,3055.55,3057.72,2972.69,2982.27,71266.2092
2026-01-22 00:00:00,2982.28,3038.33,2980.73,3013.41,40907.9309
2026-01-22 04:00:00,3013.41,3027.9,3000.4,3000.94,30603.7031
2026-01-22 08:00:00,3000.94,3016.4,2977.22,2986.8,36510.9344
2026-01-22 12:00:00,2986.8,3010.18,2906.02,2942.01,106579.0097
2026-01-22 16:00:00,2942.02,2972.76,2923.99,2953.94,48457.5714
2026-01-22 20:00:00,2953.94,2959.16,2930.15,2952.69,28601.5854
2026-01-23 00:00:00,2952.7,2972.08,2946.22,2964.42,22069.3863
2026-01-23 04:00:00,2964.42,2984.71,2935.31,2948.49,46545.6544
2026-01-23 08:00:00,2948.58,2951.34,2914.93,2940.68,56738.2502
2026-01-23 12:00:00,2940.68,2965.06,2892.4,2952.75,74272.5747
2026-01-23 16:00:00,2952.66,3019.26,2938.46,2959.8,94167.9053
2026-01-23 20:00:00,2959.79,2963.69,2930.42,2956.41,24621.5608
2026-01-24 00:00:00,2956.41,2970.41,2949.27,2962.72,19180.1792
2026-01-24 04:00:00,2962.72,2966.86,2953.99,2957.34,16552.4734
2026-01-24 08:00:00,2957.34,2964.98,2954.77,2961.18,7645.161
2026-01-24 12:00:00,2961.17,2968.08,2943.84,2957.25,21086.4614
2026-01-24 16:00:00,2957.25,2968.49,2952.23,2953.93,14150.0816
2026-01-24 20:00:00,2953.94,2964.55,2949.23,2953.22,13468.5473
2026-01-25 00:00:00,2953.23,2960.29,2937.5,2942.6,14633.9687
2026-01-25 04:00:00,2942.59,2949.36,2935.01,2939.57,15127.5126
2026-01-25 08:00:00,2939.58,2948.11,2921.0,2937.54,26614.8719
2026-01-25 12:00:00,2937.54,2945.37,2922.08,2926.81,24962.6202
2026-01-25 16:00:00,2926.82,2927.78,2797.2,2812.96,193895.4063
2026-01-25 20:00:00,2812.96,2825.72,2787.0,2816.89,104952.1529
2026-01-26 00:00:00,2816.9,2898.76,2812.37,2850.68,103456.7027
2026-01-26 04:00:00,2850.69,2911.61,2849.91,2904.32,70449.5297
2026-01-26 08:00:00,2904.32,2934.4,2880.5,2892.15,58700.9528
2026-01-26 12:00:00,2892.15,2951.21,2875.77,2899.32,115201.556
2026-01-26 16:00:00,2899.32,2936.06,2885.97,2923.12,66316.68
2026-01-26 20:00:00,2923.11,2945.32,2895.82,2930.35,71043.916
2026-01-27 00:00:00,2930.35,2948.88,2912.44,2941.18,58753.8705
2026-01-27 04:00:00,2941.17,2957.04,2924.35,2929.11,52881.5063
2026-01-27 08:00:00,2929.11,2932.65,2899.77,2917.02,55309.1442
2026-01-27 12:00:00,2917.03,2943.63,2905.93,2937.45,67431.6111
2026-01-27 16:00:00,2937.46,2998.52,2918.09,2980.48,130629.9434
2026-01-27 20:00:00,2980.48,3035.08,2978.92,3026.77,113786.3233
2026-01-28 00:00:00,3026.77,3029.79,2996.55,3005.18,26992.6585
2026-01-28 04:00:00,3005.18,3018.33,2992.89,3005.07,34894.0853
2026-01-28 08:00:00,3005.07,3045.36,2986.59,3039.72,57899.7112
2026-01-28 12:00:00,3039.71,3045.78,2983.67,3008.25,79326.4621
2026-01-28 16:00:00,3008.25,3031.68,2989.41,3016.6,64622.6941
2026-01-28 20:00:00,3016.6,3038.45,2996.66,3010.78,32872.0437
2026-01-29 00:00:00,3010.78,3013.5,2944.48,2952.52,54242.7483
2026-01-29 04:00:00,2952.52,2965.69,2937.55,2961.54,30942.7833
2026-01-29 08:00:00,2961.54,2969.79,2923.77,2929.29,46623.7633
2026-01-29 12:00:00,2929.29,2939.0,2797.01,2824.32,140222.2492
2026-01-29 16:00:00,2824.31,2860.05,2754.53,2797.53,242269.3264
2026-01-29 20:00:00,2797.53,2827.59,2789.39,2822.59,46987.7274
2026-01-30 00:00:00,2822.6,2828.65,2689.0,2741.11,182314.4807
2026-01-30 04:00:00,2741.12,2774.83,2696.82,2740.16,103133.5444
2026-01-30 08:00:00,2740.17,2768.78,2710.0,2759.88,65278.2179
2026-01-30 12:00:00,2759.87,2766.53,2693.42,2729.47,123239.403
2026-01-30 16:00:00,2729.46,2761.46,2636.01,2742.4,205002.4188
2026-01-30 20:00:00,2742.39,2742.87,2664.82,2707.38,114311.5604
2026-01-31 00:00:00,2707.37,2714.64,2684.67,2695.86,31607.4725
2026-01-31 04:00:00,2695.86,2704.82,2668.2,2680.06,36477.2886
2026-01-31 08:00:00,2680.06,2683.49,2609.85,2640.72,101951.5948
2026-01-31 12:00:00,2640.72,2644.43,2510.01,2534.2,226209.6577
2026-01-31 16:00:00,2534.2,2551.26,2250.0,2382.82,562612.3808
2026-01-31 20:00:00,2382.83,2473.77,2355.24,2451.95,154239.3188
2026-02-01 00:00:00,2451.96,2475.98,2429.15,2445.46,92986.2376
2026-02-01 04:00:00,2445.46,2454.66,2393.46,2411.22,122634.216
2026-02-01 08:00:00,2411.22,2438.98,2376.1,2411.86,99830.5142
2026-02-01 12:00:00,2411.86,2412.47,2285.4,2315.39,215369.1339
2026-02-01 16:00:00,2315.47,2377.99,2284.17,2320.35,236454.4214
2026-02-01 20:00:00,2320.35,2349.24,2222.0,2270.15,259299.4235
2026-02-02 00:00:00,2270.16,2324.17,2166.14,2239.02,298359.9131
2026-02-02 04:00:00,2239.01,2268.0,2157.14,2228.93,301794.9407
2026-02-02 08:00:00,2228.93,2319.0,2228.93,2282.32,202430.0447
2026-02-02 12:00:00,2282.32,2396.62,2274.19,2372.71,260831.0106
2026-02-02 16:00:00,2372.71,2387.31,2327.68,2331.54,123749.5713
2026-02-02 20:00:00,2331.52,2355.55,2313.33,2347.02,61369.731
2026-02-03 00:00:00,2347.01,2359.88,2284.48,2344.03,92480.3296
2026-02-03 04:00:00,2343.99,2354.99,2298.44,2323.12,142937.5961
2026-02-03 08:00:00,2323.13,2332.57,2262.15,2276.68,125794.6591
2026-02-03 12:00:00,2276.68,2317.65,2251.94,2303.2,165687.0223
2026-02-03 16:00:00,2303.21,2303.4,2110.0,2205.28,499560.1202
2026-02-03 20:00:00,2205.27,2343.82,2188.25,2233.72,294639.6594
2026-02-04 00:00:00,2233.72,2295.74,2223.88,2283.37,94160.573
2026-02-04 04:00:00,2283.37,2293.99,2256.0,2283.85,78151.7651
2026-02-04 08:00:00,2283.84,2285.9,2221.47,2254.86,132402.8161
2026-02-04 12:00:00,2254.86,2263.3,2136.6,2151.83,322528.0764
2026-02-04 16:00:00,2151.84,2194.71,2076.68,2188.27,475231.0228
2026-02-04 20:00:00,2188.26,2192.7,2088.01,2148.26,162269.1766
2026-02-05 00:00:00,2148.25,2173.77,2097.94,2110.0,173253.3499
2026-02-05 04:00:00,2110.0,2125.26,2068.2,2091.4,232556.1529
2026-02-05 08:00:00,2091.5,2149.75,2061.96,2079.98,171883.2094
2026-02-05 12:00:00,2079.98,2106.51,1927.33,1961.12,487545.3296
2026-02-05 16:00:00,1961.12,2018.33,1913.76,1928.76,377522.1496
2026-02-05 20:00:00,1928.78,1943.06,1818.18,1826.83,509526.5037
2026-02-06 00:00:00,1826.83,1947.84,1747.8,1891.82,467955.4557
2026-02-06 04:00:00,1891.81,1975.75,1885.95,1899.42,267768.456
2026-02-06 08:00:00,1899.41,1939.35,1866.13,1932.68,372603.6313
2026-02-06 12:00:00,1932.67,2002.18,1914.88,1980.81,347876.9294
2026-02-06 16:00:00,1980.8,2090.13,1970.17,2065.63,408242.2928
2026-02-06 20:00:00,2065.63,2093.94,2039.93,2063.38,237864.7921
2026-02-07 00:00:00,2063.37,2086.0,2032.6,2080.81,123773.1219
2026-02-07 04:00:00,2080.8,2119.46,1994.57,2027.1,180822.7462
2026-02-07 08:00:00,2027.1,2032.6,1999.57,2018.77,90171.0894
2026-02-07 12:00:00,2018.77,2075.21,2009.82,2052.54,171743.7573
2026-02-07 16:00:00,2052.55,2121.7,2009.54,2091.29,500380.4324
2026-02-07 20:00:00,2091.29,2115.0,2073.0,2087.08,75725.3015
2026-02-08 00:00:00,2087.08,2107.44,2076.86,2078.77,55846.2385
2026-02-08 04:00:00,2078.78,2090.01,2064.1,2084.41,81901.8886
2026-02-08 08:00:00,2084.41,2137.57,2078.04,2132.35,92748.6006
2026-02-08 12:00:00,2132.36,2145.26,2097.57,2108.64,92209.4994
2026-02-08 16:00:00,2108.63,2129.73,2072.8,2126.77,60836.7024
2026-02-08 20:00:00,2126.79,2152.03,2071.6,2089.74,99294.322
2026-02-09 00:00:00,2089.73,2103.02,2055.01,2100.25,90227.1224
2026-02-09 04:00:00,2100.25,2102.03,2064.67,2065.74,63962.1613
2026-02-09 08:00:00,2065.74,2070.21,2013.25,2028.23,110228.8629
2026-02-09 12:00:00,2028.26,2073.47,2008.62,2061.61,123193.2243
2026-02-09 16:00:00,2061.61,2143.0,2047.78,2131.34,142688.2535
2026-02-09 20:00:00,2131.34,2147.73,2089.0,2105.02,95078.9325
2026-02-10 00:00:00,2105.02,2124.71,2052.14,2064.96,63762.6252
2026-02-10 04:00:00,2064.96,2074.35,1997.59,2007.47,195613.5569
2026-02-10 08:00:00,2007.47,2029.98,1995.83,2003.21,114586.795
2026-02-10 12:00:00,2003.2,2040.01,1989.38,2022.66,106821.103
2026-02-10 16:00:00,2022.67,2046.94,1996.18,2017.95,63309.8136
2026-02-10 20:00:00,2017.95,2022.85,1997.0,2022.67,30227.7971
2026-02-11 00:00:00,2022.67,2032.31,1998.0,2009.59,33194.1097
2026-02-11 04:00:00,2009.59,2011.23,1939.21,1950.89,100528.6786
2026-02-11 08:00:00,1950.9,1956.52,1932.02,1953.66,49832.9522
2026-02-11 12:00:00,1953.65,2015.81,1903.19,1929.46,190798.5893
2026-02-11 16:00:00,1929.46,1959.8,1908.8,1952.28,103334.7985
2026-02-11 20:00:00,1952.27,1988.07,1932.44,1941.18,51966.6894
2026-02-12 00:00:00,1941.19,1977.75,1941.19,1968.69,42186.6103
2026-02-12 04:00:00,1968.7,1983.0,1953.14,1968.07,52494.6941
2026-02-12 08:00:00,1968.07,2001.42,1957.25,1989.02,56917.0883
2026-02-12 12:00:00,1989.02,1996.3,1945.01,1948.47,80328.0854
2026-02-12 16:00:00,1948.48,1950.16,1897.24,1925.44,150050.4511
2026-02-12 20:00:00,1925.45,1952.61,1909.66,1947.85,45590.2177
2026-02-13 00:00:00,1947.85,1958.21,1927.63,1953.55,37154.7957
2026-02-13 04:00:00,1953.56,1955.8,1924.72,1935.75,43614.141
2026-02-13 08:00:00,1935.75,1969.26,1933.65,1960.04,62366.42
2026-02-13 12:00:00,1960.05,2050.58,1952.6,2034.93,155146.5792
2026-02-13 16:00:00,2034.92,2073.68,2031.42,2057.75,90215.9732
2026-02-13 20:00:00,2057.74,2059.65,2038.69,2048.72,37151.8607
2026-02-14 00:00:00,2048.72,2057.57,2042.37,2054.37,20999.1891
2026-02-14 04:00:00,2054.39,2060.49,2048.5,2057.21,20369.1955
2026-02-14 08:00:00,2057.2,2107.67,2057.04,2099.58,58856.9562
2026-02-14 12:00:00,2099.58,2100.39,2064.58,2087.43,55179.6359
2026-02-14 16:00:00,2087.42,2090.51,2067.27,2088.52,38770.8925
2026-02-14 20:00:00,2088.52,2098.89,2078.63,2086.59,26501.3663
2026-02-15 00:00:00,2086.59,2090.5,2030.9,2058.94,241490.3874
2026-02-15 04:00:00,2058.94,2103.32,2058.94,2091.41,80534.6926
2026-02-15 08:00:00,2091.41,2096.82,2054.36,2061.96,52092.5746
2026-02-15 12:00:00,2061.96,2068.63,1993.3,2011.29,115706.5194
2026-02-15 16:00:00,2011.29,2011.3,1928.88,1942.23,289683.7113
2026-02-15 20:00:00,1942.22,1974.51,1933.77,1966.58,55270.2099
2026-02-16 00:00:00,1966.59,1981.2,1948.76,1958.78,47402.3615
2026-02-16 04:00:00,1958.78,1978.64,1952.91,1971.13,38495.4814
2026-02-16 08:00:00,1971.14,1993.35,1957.12,1976.15,51619.9007
2026-02-16 12:00:00,1976.16,2023.51,1937.24,1956.65,110856.7205
2026-02-16 16:00:00,1956.65,1988.4,1956.31,1974.04,57117.5097
2026-02-16 20:00:00,1974.04,2004.02,1971.1,1998.33,45855.9695
2026-02-17 00:00:00,1998.34,2008.58,1979.7,1985.7,39980.2922
2026-02-17 04:00:00,1985.69,1998.48,1964.72,1985.91,44990.1813
2026-02-17 08:00:00,1985.91,1990.88,1961.71,1968.47,47256.3661
2026-02-17 12:00:00,1968.47,2002.7,1941.66,1968.58,117605.2683
2026-02-17 16:00:00,1968.59,2015.33,1954.03,1998.14,117627.2187
2026-02-17 20:00:00,1998.15,2004.0,1987.57,1991.66,38787.6161
2026-02-18 00:00:00,1991.67,2000.56,1968.68,1997.07,48694.6631
2026-02-18 04:00:00,1997.08,2023.52,1993.35,2018.07,37645.5204
2026-02-18 08:00:00,2018.06,2039.05,1976.57,1981.43,60451.9639
2026-02-18 12:00:00,1981.44,2010.3,1954.3,1985.48,108443.0065
2026-02-18 16:00:00,1985.48,1987.89,1923.78,1941.03,95520.9971
2026-02-18 20:00:00,1941.04,1956.79,1935.82,1955.91,42882.8576
2026-02-19 00:00:00,1955.9,1974.73,1950.5,1972.33,26076.3731
2026-02-19 04:00:00,1972.32,1987.55,1964.2,1981.76,34121.8946
2026-02-19 08:00:00,1981.76,1982.54,1948.16,1949.58,43208.626
2026-02-19 12:00:00,1949.59,1956.18,1911.49,1926.3,102895.4861
2026-02-19 16:00:00,1926.29,1947.52,1907.0,1941.34,63444.2011
2026-02-19 20:00:00,1941.33,1952.57,1934.79,1949.08,30510.4924
2026-02-20 00:00:00,1949.08,1964.54,1947.41,1954.85,28686.3728
2026-02-20 04:00:00,1954.85,1968.55,1931.01,1960.97,55966.1225
2026-02-20 08:00:00,1960.93,1973.86,1940.58,1943.98,58746.4014
2026-02-20 12:00:00,1943.99,1980.49,1922.97,1963.95,121943.2751
2026-02-20 16:00:00,1963.96,1981.18,1939.21,1963.69,94955.2126
2026-02-20 20:00:00,1963.69,1975.27,1961.6,1968.88,25956.1713
2026-02-21 00:00:00,1968.88,1970.7,1955.62,1959.03,16581.1973
2026-02-21 04:00:00,1959.03,1966.09,1956.21,1962.71,14321.5832
2026-02-21 08:00:00,1962.7,1988.6,1962.0,1977.02,40811.7456
2026-02-21 12:00:00,1977.02,1995.56,1969.49,1988.13,48823.033
2026-02-21 16:00:00,1988.13,1995.31,1976.41,1988.35,33339.759
2026-02-21 20:00:00,1988.34,1990.41,1970.0,1973.35,25296.5275
2026-02-22 00:00:00,1973.35,1982.99,1967.4,1974.71,20908.1331
2026-02-22 04:00:00,1974.71,1979.54,1970.2,1975.88,16211.4013
2026-02-22 08:00:00,1975.87,1983.13,1970.58,1980.78,17778.8113
2026-02-22 12:00:00,1980.79,1981.6,1943.53,1953.98,50424.8978
2026-02-22 16:00:00,1953.99,1955.56,1935.0,1943.74,29014.4909
2026-02-22 20:00:00,1943.73,1960.95,1939.81,1957.82,20987.9138
2026-02-23 00:00:00,1957.82,1958.33,1847.46,1862.87,167470.8913
2026-02-23 04:00:00,1862.88,1888.71,1853.34,1885.5,66206.0759
2026-02-23 08:00:00,1885.5,1928.19,1877.23,1915.3,69463.5612
2026-02-23 12:00:00,1915.29,1935.52,1892.68,1895.65,88300.1008
2026-02-23 16:00:00,1895.65,1900.18,1837.13,1857.19,118579.9054
2026-02-23 20:00:00,1857.19,1870.0,1846.8,1856.3,37338.9523
2026-02-24 00:00:00,1856.3,1869.58,1811.81,1832.03,79888.0694
2026-02-24 04:00:00,1832.03,1840.79,1813.77,1825.7,73536.267
2026-02-24 08:00:00,1825.7,1836.18,1815.22,1826.75,63530.8244
2026-02-24 12:00:00,1826.75,1850.29,1800.0,1847.59,111212.7497
2026-02-24 16:00:00,1847.59,1865.38,1838.36,1852.46,74379.3442
2026-02-24 20:00:00,1852.47,1864.11,1845.41,1851.94,35516.7737
2026-02-25 00:00:00,1851.95,1944.86,1846.74,1906.14,105259.2872
2026-02-25 04:00:00,1906.14,1914.35,1878.02,1893.31,54762.9592
2026-02-25 08:00:00,1893.32,1928.45,1890.27,1926.48,49526.3486
2026-02-25 12:00:00,1926.48,2028.7,1922.28,2013.73,159045.4848
2026-02-25 16:00:00,2013.69,2086.17,2013.36,2071.1,145026.7604
2026-02-25 20:00:00,2071.1,2148.39,2034.39,2057.48,169358.5976
2026-02-26 00:00:00,2057.48,2076.6,2039.37,2054.55,59037.3129
2026-02-26 04:00:00,2054.55,2082.81,2051.55,2053.37,61288.611
2026-02-26 08:00:00,2053.36,2083.33,2044.36,2057.66,57504.2592
2026-02-26 12:00:00,2057.65,2077.81,2011.56,2033.34,111408.8267
2026-02-26 16:00:00,2033.34,2037.78,1975.35,2030.14,119622.7569
2026-02-26 20:00:00,2030.13,2042.75,2018.33,2027.68,30921.5899
2026-02-27 00:00:00,2027.68,2049.48,2000.02,2045.39,54459.6079
2026-02-27 04:00:00,2045.39,2063.52,2022.16,2032.69,63087.8823
2026-02-27 08:00:00,2032.69,2045.93,1953.37,1962.08,92541.2853
2026-02-27 12:00:00,1962.08,1969.0,1938.82,1948.59,105123.5497
2026-02-27 16:00:00,1948.59,1948.86,1907.48,1921.1,64022.9582
2026-02-27 20:00:00,1921.11,1933.64,1887.0,1929.84,49451.9506
2026-02-28 00:00:00,1929.84,1937.17,1919.8,1924.49,21099.5553
2026-02-28 04:00:00,1924.49,1931.62,1835.36,1866.73,135260.6076
2026-02-28 08:00:00,1866.73,1881.0,1845.05,1863.31,66347.784
2026-02-28 12:00:00,1863.32,1915.95,1862.47,1898.88,91811.9835
2026-02-28 16:00:00,1898.87,1955.04,1886.02,1947.02,73171.577
2026-02-28 20:00:00,1947.03,1984.99,1938.76,1964.51,73989.4761
2026-03-01 00:00:00,1964.51,2054.8,1943.58,2023.29,128780.5667
2026-03-01 04:00:00,2023.29,2030.3,1989.0,2007.24,69926.2021
2026-03-01 08:00:00,2007.23,2010.18,1972.24,1983.32,51208.5737
2026-03-01 12:00:00,1983.32,2028.0,1968.6,1993.38,80414.5735
2026-03-01 16:00:00,1993.38,2009.38,1946.55,1953.9,99987.1454
2026-03-01 20:00:00,1953.89,1971.01,1907.41,1939.71,98879.785
2026-03-02 00:00:00,1939.71,1989.23,1937.42,1972.3,69056.6329
2026-03-02 04:00:00,1972.3,1983.6,1925.53,1941.66,58667.3787
2026-03-02 08:00:00,1941.65,1967.13,1920.0,1947.81,61905.2816
2026-03-02 12:00:00,1947.8,2065.48,1921.7,2047.33,181807.1215
2026-03-02 16:00:00,2047.33,2090.0,2017.15,2043.57,122416.9126
2026-03-02 20:00:00,2043.56,2058.59,2024.32,2027.35,83553.0476
2026-03-03 00:00:00,2027.34,2041.48,1998.0,2008.88,72387.9676
2026-03-03 04:00:00,2008.88,2019.4,1987.5,1996.33,54747.8134
2026-03-03 08:00:00,1996.32,2000.53,1939.1,1961.28,94656.1381
2026-03-03 12:00:00,1961.28,1990.07,1929.56,1969.22,138896.9913
2026-03-03 16:00:00,1969.21,2014.12,1958.76,1986.02,112467.8933
2026-03-03 20:00:00,1986.03,2001.63,1959.35,1982.8,36173.0497
2026-03-04 00:00:00,1982.81,1998.66,1945.08,1960.9,62339.7285
2026-03-04 04:00:00,1960.89,2010.0,1950.65,2006.55,52487.5859
2026-03-04 08:00:00,2006.55,2092.9,2000.47,2054.97,187331.0723
2026-03-04 12:00:00,2054.97,2157.67,2036.37,2150.23,202994.5808
2026-03-04 16:00:00,2150.23,2199.0,2129.13,2177.51,171810.7114
2026-03-04 20:00:00,2177.51,2179.66,2116.67,2127.28,60681.1363
2026-03-05 00:00:00,2127.28,2141.93,2107.5,2120.15,54056.4032
2026-03-05 04:00:00,2120.15,2144.2,2095.71,2104.96,54039.2126
2026-03-05 08:00:00,2104.96,2163.66,2093.63,2137.92,70522.7353
2026-03-05 12:00:00,2137.92,2142.95,2067.54,2086.96,124518.7575
2026-03-05 16:00:00,2086.95,2093.7,2054.75,2074.36,89377.0807
2026-03-05 20:00:00,2074.37,2099.36,2069.72,2072.86,39643.6233
2026-03-06 00:00:00,2072.86,2093.33,2061.79,2083.8,39076.4167
2026-03-06 04:00:00,2083.81,2087.66,2058.84,2082.83,45370.5524
2026-03-06 08:00:00,2082.83,2082.83,2045.79,2051.03,50661.1023
2026-03-06 12:00:00,2051.03,2062.12,1966.24,1978.01,172028.7426
2026-03-06 16:00:00,1978.0,1993.3,1955.95,1983.75,75044.6173
2026-03-06 20:00:00,1983.75,1989.91,1969.26,1978.68,29416.3256
2026-03-07 00:00:00,1978.68,1996.04,1971.79,1980.21,27984.3292
2026-03-07 04:00:00,1980.22,1984.19,1964.34,1982.94,40763.1763
2026-03-07 08:00:00,1982.94,1994.98,1975.38,1988.91,29519.2921
2026-03-07 12:00:00,1988.92,1990.95,1970.47,1981.04,29451.1976
2026-03-07 16:00:00,1981.03,1983.47,1948.09,1955.2,34963.6539
2026-03-07 20:00:00,1955.2,1974.27,1954.89,1969.59,21778.1709
2026-03-08 00:00:00,1969.6,1977.35,1935.73,1947.67,52276.8743
2026-03-08 04:00:00,1947.67,1960.41,1930.0,1955.23,53344.1715
2026-03-08 08:00:00,1955.22,1979.8,1944.85,1951.38,70951.6493
2026-03-08 12:00:00,1951.39,1954.67,1925.06,1943.32,83662.2406
2026-03-08 16:00:00,1943.32,1970.58,1928.08,1964.91,48151.6932
2026-03-08 20:00:00,1964.91,1971.95,1916.14,1937.1,82803.1028
2026-03-09 00:00:00,1937.11,2006.01,1929.65,1977.48,104584.2494
2026-03-09 04:00:00,1977.48,2014.26,1963.45,1983.9,83648.8027
2026-03-09 08:00:00,1983.91,2022.0,1978.92,1992.2,68130.8102
2026-03-09 12:00:00,1992.2,2032.84,1992.2,2022.63,115494.5461
2026-03-09 16:00:00,2022.64,2053.52,2005.76,2033.91,81118.9511
2026-03-09 20:00:00,2033.91,2037.3,1989.12,1992.98,97848.1288
2026-03-10 00:00:00,1992.97,2054.19,1991.0,2026.8,83033.8026
2026-03-10 04:00:00,2026.8,2059.69,2026.36,2051.0,60378.2851
2026-03-10 08:00:00,2051.0,2074.0,2051.0,2061.69,60450.0646
2026-03-10 12:00:00,2061.7,2085.73,2008.65,2079.35,139969.2004
2026-03-10 16:00:00,2079.34,2088.19,2027.16,2037.02,85631.607
2026-03-10 20:00:00,2037.02,2048.31,2018.0,2036.51,33948.9142
2026-03-11 00:00:00,2036.5,2041.71,2018.13,2021.17,36763.3501
2026-03-11 04:00:00,2021.17,2041.49,2007.17,2012.54,35827.9229
2026-03-11 08:00:00,2012.54,2033.96,2009.48,2017.8,36247.0984
2026-03-11 12:00:00,2017.8,2082.66,2012.81,2049.73,132152.8625
2026-03-11 16:00:00,2049.75,2085.58,2046.46,2076.06,76213.7444
2026-03-11 20:00:00,2076.05,2084.53,2045.2,2051.97,32856.2777
2026-03-12 00:00:00,2051.97,2058.16,2017.59,2023.38,44363.5344
2026-03-12 04:00:00,2023.39,2042.26,2019.33,2040.7,36224.657
2026-03-12 08:00:00,2040.69,2076.65,2038.42,2062.83,56474.7206
2026-03-12 12:00:00,2062.83,2095.0,2037.79,2072.33,112015.805
2026-03-12 16:00:00,2072.33,2078.09,2045.42,2069.59,63567.8353
2026-03-12 20:00:00,2069.6,2093.45,2054.99,2073.52,87861.2609
2026-03-13 00:00:00,2073.51,2148.8,2070.12,2118.85,126779.3388
2026-03-13 04:00:00,2118.86,2120.06,2090.0,2099.38,45196.2617
2026-03-13 08:00:00,2099.38,2133.3,2091.45,2121.02,66817.4737
2026-03-13 12:00:00,2121.02,2209.03,2120.52,2128.01,234537.6685
2026-03-13 16:00:00,2128.01,2143.33,2090.28,2102.48,84455.4942
2026-03-13 20:00:00,2102.48,2116.66,2078.5,2092.22,41870.803
2026-03-14 00:00:00,2092.21,2103.42,2081.39,2101.16,31321.7837
2026-03-14 04:00:00,2101.15,2106.09,2068.28,2077.46,38191.8421
2026-03-14 08:00:00,2077.46,2081.64,2061.6,2073.67,26861.5463
2026-03-14 12:00:00,2073.67,2080.65,2069.8,2074.72,22427.7115
2026-03-14 16:00:00,2074.72,2079.47,2069.19,2077.49,10772.0777
2026-03-14 20:00:00,2077.5,2099.69,2076.2,2096.16,22925.6209
2026-03-15 00:00:00,2096.16,2107.91,2083.35,2096.15,28619.3164
2026-03-15 04:00:00,2096.15,2115.95,2096.13,2105.64,22147.2871
2026-03-15 08:00:00,2105.64,2123.44,2105.64,2119.63,21019.7068
2026-03-15 12:00:00,2119.63,2119.83,2086.34,2093.79,45875.4183
2026-03-15 16:00:00,2093.79,2117.86,2088.84,2113.49,31467.5941
2026-03-15 20:00:00,2113.49,2202.87,2110.0,2178.3,131696.615
2026-03-16 00:00:00,2178.29,2253.48,2164.73,2235.67,133968.0991
2026-03-16 04:00:00,2235.67,2288.63,2235.67,2248.95,186961.7977
2026-03-16 08:00:00,2248.95,2280.0,2234.92,2269.94,89322.6948
2026-03-16 12:00:00,2269.94,2308.54,2255.04,2273.88,178036.6219
2026-03-16 16:00:00,2273.88,2348.06,2270.0,2330.92,127675.3126
2026-03-16 20:00:00,2330.92,2386.02,2323.68,2352.97,129928.2495
2026-03-17 00:00:00,2352.97,2376.66,2308.03,2320.0,159041.6195
2026-03-17 04:00:00,2320.01,2337.86,2294.15,2327.7,86783.2765
2026-03-17 08:00:00,2327.71,2335.35,2304.0,2326.82,59820.3103
2026-03-17 12:00:00,2326.81,2357.73,2304.27,2315.98,105064.0596
2026-03-17 16:00:00,2315.98,2342.7,2312.44,2320.22,50434.4264
2026-03-17 20:00:00,2320.22,2344.69,2316.78,2317.39,32687.4093
2026-03-18 00:00:00,2317.38,2350.0,2307.0,2340.61,39754.8685
2026-03-18 04:00:00,2340.61,2342.0,2311.53,2317.74,32757.9854
2026-03-18 08:00:00,2317.73,2333.62,2263.43,2269.34,70784.1433
2026-03-18 12:00:00,2269.33,2270.5,2168.97,2187.66,170394.1198
2026-03-18 16:00:00,2187.67,2220.0,2166.87,2185.85,99070.471
2026-03-18 20:00:00,2185.85,2206.88,2153.21,2203.39,75279.3007
2026-03-19 00:00:00,2203.39,2233.72,2187.24,2212.29,52579.6266
2026-03-19 04:00:00,2212.29,2213.11,2143.14,2166.68,79211.2867
2026-03-19 08:00:00,2166.68,2192.07,2158.09,2166.92,65786.0455
2026-03-19 12:00:00,2166.92,2167.48,2099.38,2118.81,165314.3215
2026-03-19 16:00:00,2118.81,2156.92,2104.87,2141.19,86393.2993
2026-03-19 20:00:00,2141.18,2155.62,2130.57,2137.81,41507.0994
2026-03-20 00:00:00,2137.82,2160.78,2132.69,2151.38,44494.7603
2026-03-20 04:00:00,2151.38,2159.24,2121.25,2150.54,43279.9495
2026-03-20 08:00:00,2150.53,2176.84,2131.56,2141.5,61690.4049
2026-03-20 12:00:00,2141.49,2152.74,2116.88,2134.01,68483.295
2026-03-20 16:00:00,2134.0,2144.76,2117.41,2132.91,45009.742
2026-03-20 20:00:00,2132.91,2168.0,2123.96,2146.22,37198.0261
2026-03-21 00:00:00,2146.21,2159.87,2144.24,2153.6,15716.7385
2026-03-21 04:00:00,2153.59,2161.34,2150.36,2155.67,16494.1831
2026-03-21 08:00:00,2155.67,2159.52,2149.57,2157.37,12040.1339
2026-03-21 12:00:00,2157.37,2168.27,2146.45,2155.12,19951.1534
2026-03-21 16:00:00,2155.13,2155.64,2142.01,2152.16,13965.6408
2026-03-21 20:00:00,2152.17,2157.0,2070.78,2084.87,54391.6149
2026-03-22 00:00:00,2084.86,2127.21,2050.12,2113.83,109521.6483
2026-03-22 04:00:00,2113.83,2122.94,2092.35,2093.38,32643.6328
2026-03-22 08:00:00,2093.4,2096.82,2066.97,2069.98,43062.5355
2026-03-22 12:00:00,2069.97,2092.63,2068.37,2083.1,34314.2881
2026-03-22 16:00:00,2083.1,2084.45,2054.35,2063.21,27972.3686
2026-03-22 20:00:00,2063.22,2074.16,2026.0,2053.89,65556.0839
2026-03-23 00:00:00,2053.9,2072.33,2035.69,2052.54,46093.4891
2026-03-23 04:00:00,2052.53,2072.11,2023.04,2044.72,57516.0292
2026-03-23 08:00:00,2044.73,2198.57,2028.2,2134.78,192147.2097
2026-03-23 12:00:00,2134.78,2192.44,2107.43,2128.45,199243.9292
2026-03-23 16:00:00,2128.46,2178.74,2117.77,2154.46,93011.0763
2026-03-23 20:00:00,2154.45,2166.81,2140.71,2152.03,26496.7034
2026-03-24 00:00:00,2152.03,2156.22,2124.26,2141.59,43067.6466
2026-03-24 04:00:00,2141.59,2170.65,2128.84,2165.61,46075.0579
2026-03-24 08:00:00,2165.61,2175.16,2147.36,2165.9,40140.7495
2026-03-24 12:00:00,2165.89,2170.52,2120.0,2135.15,80333.0075
2026-03-24 16:00:00,2135.15,2140.57,2103.02,2116.87,59554.7786
2026-03-24 20:00:00,2116.86,2163.7,2115.63,2156.23,47532.2327
2026-03-25 00:00:00,2156.22,2168.63,2146.35,2158.54,35228.5599
2026-03-25 04:00:00,2158.53,2179.73,2156.83,2164.57,38937.4198
2026-03-25 08:00:00,2164.57,2199.02,2164.57,2186.41,56767.0182
2026-03-25 12:00:00,2186.41,2198.16,2147.67,2162.56,76609.8458
2026-03-25 16:00:00,2162.56,2186.85,2155.93,2172.69,46113.5072
2026-03-25 20:00:00,2172.68,2183.5,2159.42,2169.02,21985.1746
2026-03-26 00:00:00,2169.02,2172.19,2144.05,2153.21,29526.6584
2026-03-26 04:00:00,2153.22,2154.58,2112.17,2123.64,49214.7706
2026-03-26 08:00:00,2123.64,2126.89,2062.94,2068.44,76476.7034
2026-03-26 12:00:00,2068.45,2093.79,2052.01,2070.4,74259.0218
2026-03-26 16:00:00,2070.4,2070.95,2034.54,2049.12,65545.1975
2026-03-26 20:00:00,2049.11,2080.42,2046.54,2060.43,42988.2721
2026-03-27 00:00:00,2060.43,2077.19,2056.8,2061.48,22743.3242
2026-03-27 04:00:00,2061.49,2072.36,2043.49,2066.23,52118.1988
2026-03-27 08:00:00,2066.24,2069.6,1983.02,1991.8,119274.8749
2026-03-27 12:00:00,1991.8,2010.45,1970.93,1991.32,108873.3737
2026-03-27 16:00:00,1991.32,1997.73,1974.48,1991.71,70350.7315
2026-03-27 20:00:00,1991.7,1996.31,1980.0,1992.75,21513.0217
2026-03-28 00:00:00,1992.76,1995.16,1983.17,1989.19,17995.8198
2026-03-28 04:00:00,1989.19,2008.35,1987.3,2007.07,18318.467
2026-03-28 08:00:00,2007.07,2008.34,1992.77,1997.64,18237.6229
2026-03-28 12:00:00,1997.64,2047.45,1992.25,2026.84,65210.0923
2026-03-28 16:00:00,2026.84,2030.23,2016.5,2020.56,12710.5504
2026-03-28 20:00:00,2020.57,2026.48,1989.64,1994.74,22359.2531
2026-03-29 00:00:00,1994.74,2019.65,1991.52,2011.1,16613.2608
2026-03-29 04:00:00,2011.1,2012.72,1997.67,2006.14,12828.4597
2026-03-29 08:00:00,2006.14,2008.16,1991.9,2003.78,15067.8231
2026-03-29 12:00:00,2003.78,2004.9,1983.56,1992.97,25232.6686
2026-03-29 16:00:00,1992.98,2003.61,1987.6,1995.89,16964.0358
2026-03-29 20:00:00,1995.89,2009.48,1938.82,1984.64,80020.4902
2026-03-30 00:00:00,1984.65,2043.5,1980.28,2035.88,70029.5862
2026-03-30 04:00:00,2035.88,2068.28,2035.88,2059.58,52260.9134
2026-03-30 08:00:00,2059.58,2081.65,2048.14,2071.28,50627.4687
2026-03-30 12:00:00,2071.29,2085.0,2044.25,2074.53,70195.1822
2026-03-30 16:00:00,2074.53,2074.99,2013.33,2023.7,60238.4065
2026-03-30 20:00:00,2023.7,2049.1,2013.92,2026.48,34952.8774
2026-03-31 00:00:00,2026.48,2092.34,2016.29,2066.71,66502.1402
2026-03-31 04:00:00,2066.71,2072.24,2042.31,2055.97,34849.5818
2026-03-31 08:00:00,2055.98,2059.2,2012.64,2041.2,62779.5377
2026-03-31 12:00:00,2041.21,2092.0,2035.02,2054.85,95949.4482
2026-03-31 16:00:00,2054.85,2124.03,2054.29,2096.54,126072.2648
2026-03-31 20:00:00,2096.54,2111.01,2088.35,2105.43,35744.9296
2026-04-01 00:00:00,2105.43,2117.79,2082.08,2102.91,37975.9983
2026-04-01 04:00:00,2102.91,2158.0,2100.35,2131.0,78179.0218
2026-04-01 08:00:00,2131.0,2142.93,2125.0,2135.32,46234.2524
2026-04-01 12:00:00,2135.32,2152.0,2108.72,2135.04,77261.013
2026-04-01 16:00:00,2135.04,2167.85,2123.58,2141.43,74639.0666
2026-04-01 20:00:00,2141.43,2165.42,2130.7,2140.35,84938.0258
2026-04-02 00:00:00,2140.35,2159.37,2046.48,2056.33,108784.5193
2026-04-02 04:00:00,2056.33,2058.45,2038.63,2056.09,45874.1458
2026-04-02 08:00:00,2056.09,2056.09,2024.73,2033.01,34776.9717
2026-04-02 12:00:00,2033.02,2072.22,2017.04,2059.6,88821.5481
2026-04-02 16:00:00,2059.59,2077.64,2043.65,2065.34,44924.9508
2026-04-02 20:00:00,2065.35,2074.16,2053.54,2057.17,23690.6966
2026-04-03 00:00:00,2057.18,2062.49,2040.66,2054.23,27862.5809
2026-04-03 04:00:00,2054.22,2075.17,2047.35,2065.85,24471.2575
2026-04-03 08:00:00,2065.84,2072.0,2053.46,2062.64,21397.6282
2026-04-03 12:00:00,2062.64,2081.76,2041.65,2051.26,34731.975
2026-04-03 16:00:00,2051.26,2056.54,2043.78,2052.68,12701.8429
2026-04-03 20:00:00,2052.69,2060.92,2049.23,2053.83,15101.3548
2026-04-04 00:00:00,2053.83,2053.86,2047.92,2050.05,7032.7972
2026-04-04 04:00:00,2050.05,2058.0,2048.41,2053.82,9175.3802
2026-04-04 08:00:00,2053.82,2055.44,2047.89,2051.84,11621.7432
2026-04-04 12:00:00,2051.84,2062.02,2044.63,2056.29,21445.1645
2026-04-04 16:00:00,2056.29,2084.0,2053.07,2064.71,25517.2179
2026-04-04 20:00:00,2064.71,2072.15,2059.6,2065.52,11712.1376
2026-04-05 00:00:00,2065.51,2065.63,2054.15,2056.64,8367.2542
2026-04-05 04:00:00,2056.64,2058.09,2027.75,2037.29,20196.3802
2026-04-05 08:00:00,2037.29,2052.53,2035.91,2042.32,8916.0507
2026-04-05 12:00:00,2042.31,2069.89,2021.5,2053.85,37354.6547
2026-04-05 16:00:00,2053.85,2069.95,2048.69,2062.37,21390.3714
2026-04-05 20:00:00,2062.38,2123.49,2050.0,2110.17,61128.6087
2026-04-06 00:00:00,2110.17,2147.24,2110.17,2129.35,65862.4144
2026-04-06 04:00:00,2129.35,2141.0,2120.04,2134.9,40132.1583
2026-04-06 08:00:00,2134.91,2174.79,2133.42,2151.53,64975.0888
2026-04-06 12:00:00,2151.53,2169.6,2137.76,2164.65,75911.3132
2026-04-06 16:00:00,2164.65,2168.72,2123.6,2144.25,56698.6975
2026-04-06 20:00:00,2144.25,2155.06,2087.5,2107.16,52474.6172
2026-04-07 00:00:00,2107.16,2120.14,2093.64,2108.37,34808.2346
2026-04-07 04:00:00,2108.37,2119.21,2096.69,2104.04,24073.3793
2026-04-07 08:00:00,2104.03,2133.83,2082.35,2089.58,52681.4772
2026-04-07 12:00:00,2089.58,2093.17,2060.24,2080.06,76548.9624
2026-04-07 16:00:00,2080.07,2116.65,2077.52,2113.39,55202.1323
2026-04-07 20:00:00,2113.39,2273.87,2110.68,2240.01,216780.6235
2026-04-08 00:00:00,2240.01,2251.39,2228.24,2234.68,71283.3269
2026-04-08 04:00:00,2234.68,2260.76,2234.68,2253.76,59756.0098
2026-04-08 08:00:00,2253.76,2263.35,2237.12,2247.23,52326.6102
2026-04-08 12:00:00,2247.23,2270.55,2186.61,2215.45,129483.0314
2026-04-08 16:00:00,2215.44,2239.5,2197.7,2211.04,53536.308
2026-04-08 20:00:00,2211.03,2222.55,2179.78,2190.0,38332.3458
2026-04-09 00:00:00,2190.0,2193.79,2162.0,2182.49,34908.9725
2026-04-09 04:00:00,2182.49,2188.99,2175.6,2181.14,24256.0905
2026-04-09 08:00:00,2181.14,2197.7,2176.37,2180.26,33344.5829
2026-04-09 12:00:00,2180.26,2225.0,2157.31,2217.99,76023.3606
2026-04-09 16:00:00,2218.0,2229.4,2193.0,2216.42,57199.04
2026-04-09 20:00:00,2216.42,2246.0,2183.33,2190.2,49585.9038
2026-04-10 00:00:00,2190.17,2204.1,2176.1,2186.06,33173.2947
2026-04-10 04:00:00,2186.05,2203.11,2176.4,2179.28,31613.9975
2026-04-10 08:00:00,2179.27,2224.28,2177.13,2215.65,47671.2334
2026-04-10 12:00:00,2215.66,2257.99,2208.18,2224.27,95750.7477
2026-04-10 16:00:00,2224.28,2256.0,2221.46,2253.17,37702.4223
2026-04-10 20:00:00,2253.17,2257.14,2235.41,2245.05,26987.3902
2026-04-11 00:00:00,2245.06,2252.15,2234.81,2237.17,19355.1058
2026-04-11 04:00:00,2237.18,2242.93,2229.0,2232.6,22477.3402
2026-04-11 08:00:00,2232.6,2249.31,2232.14,2246.11,22661.8276
2026-04-11 12:00:00,2246.12,2256.11,2233.72,2249.54,18996.8388
2026-04-11 16:00:00,2249.54,2329.93,2246.53,2315.96,89257.1086
2026-04-11 20:00:00,2315.96,2317.14,2276.47,2284.99,42037.1829
2026-04-12 00:00:00,2285.0,2288.57,2207.06,2213.71,91337.4612
2026-04-12 04:00:00,2213.7,2220.87,2208.32,2218.02,27644.0457
2026-04-12 08:00:00,2218.02,2219.04,2194.32,2204.62,26727.7633
2026-04-12 12:00:00,2204.62,2208.22,2175.0,2186.47,53590.6811
2026-04-12 16:00:00,2186.47,2207.23,2183.09,2198.27,21416.5101
2026-04-12 20:00:00,2198.27,2218.13,2183.99,2191.65,37440.4207
2026-04-13 00:00:00,2191.64,2209.05,2187.2,2194.36,26455.4785
2026-04-13 04:00:00,2194.36,2201.45,2182.22,2186.56,33191.7629
2026-04-13 08:00:00,2186.57,2195.34,2179.0,2187.33,20617.5554
2026-04-13 12:00:00,2187.33,2236.43,2175.68,2209.28,104259.3625
2026-04-13 16:00:00,2209.28,2268.88,2200.0,2262.33,64810.6588
2026-04-13 20:00:00,2262.33,2394.71,2247.5,2369.46,204536.0111
2026-04-14 00:00:00,2369.46,2378.06,2354.6,2365.5,74432.8525
2026-04-14 04:00:00,2365.5,2389.99,2354.76,2377.91,63856.121
2026-04-14 08:00:00,2377.92,2396.03,2367.61,2374.53,66171.3263
2026-04-14 12:00:00,2374.54,2415.5,2332.72,2364.63,155007.3984
2026-04-14 16:00:00,2364.62,2371.48,2302.9,2313.32,73170.8888
2026-04-14 20:00:00,2313.32,2332.35,2308.53,2322.44,27468.7971
2026-04-15 00:00:00,2322.44,2342.76,2317.56,2328.81,28901.5466
2026-04-15 04:00:00,2328.82,2338.23,2308.5,2316.62,31505.5439
2026-04-15 08:00:00,2316.62,2339.42,2312.15,2337.43,39774.7835
2026-04-15 12:00:00,2337.42,2349.46,2317.54,2332.04,55356.8376
2026-04-15 16:00:00,2332.03,2385.61,2329.1,2375.05,60038.6043
2026-04-15 20:00:00,2375.05,2380.45,2348.58,2359.95,52613.3218
2026-04-16 00:00:00,2359.94,2369.59,2345.04,2357.86,24372.7204
2026-04-16 04:00:00,2357.85,2364.0,2335.72,2341.52,33030.1056
2026-04-16 08:00:00,2341.52,2348.4,2328.64,2335.67,38717.9452
2026-04-16 12:00:00,2335.68,2351.8,2285.1,2339.01,122115.6918
2026-04-16 16:00:00,2339.01,2361.96,2309.96,2359.7,72519.8431
2026-04-16 20:00:00,2359.69,2364.68,2336.25,2348.17,38204.6316
2026-04-17 00:00:00,2348.16,2350.9,2323.83,2325.52,22001.9814
2026-04-17 04:00:00,2325.53,2342.02,2317.43,2334.16,31478.7638
2026-04-17 08:00:00,2334.15,2377.0,2332.98,2354.99,65874.4475
2026-04-17 12:00:00,2355.0,2456.93,2349.4,2441.96,220835.8864
2026-04-17 16:00:00,2441.96,2464.91,2415.41,2427.92,76798.3675
2026-04-17 20:00:00,2427.92,2444.34,2415.47,2419.0,74741.9149
2026-04-18 00:00:00,2419.0,2427.64,2399.54,2405.04,29072.7602
2026-04-18 04:00:00,2405.03,2413.54,2399.52,2403.71,14941.9954
2026-04-18 08:00:00,2403.71,2404.85,2343.44,2352.96,67979.8578
2026-04-18 12:00:00,2352.96,2369.66,2345.25,2363.64,57355.5128
2026-04-18 16:00:00,2363.64,2375.14,2339.92,2348.59,39182.5061
2026-04-18 20:00:00,2348.59,2359.5,2344.96,2350.32,13208.7565
2026-04-19 00:00:00,2350.33,2355.3,2332.1,2339.77,20291.3796
2026-04-19 04:00:00,2339.77,2346.11,2300.0,2316.03,54404.7518
2026-04-19 08:00:00,2316.03,2331.13,2306.42,2329.38,23275.524
2026-04-19 12:00:00,2329.38,2350.24,2315.29,2330.8,37666.7192
2026-04-19 16:00:00,2330.8,2331.34,2287.62,2299.65,53803.7087
2026-04-19 20:00:00,2299.66,2300.0,2252.72,2263.27,66644.7443
2026-04-20 00:00:00,2263.28,2294.3,2259.67,2286.56,30033.2489
2026-04-20 04:00:00,2286.55,2332.88,2263.18,2298.8,59476.1626
2026-04-20 08:00:00,2298.81,2320.0,2289.82,2308.42,37613.5655
2026-04-20 12:00:00,2308.42,2326.36,2278.38,2313.91,85434.5339
2026-04-20 16:00:00,2313.92,2344.19,2297.97,2331.78,53432.5029
2026-04-20 20:00:00,2331.78,2346.78,2307.74,2313.85,35010.0521
2026-04-21 00:00:00,2313.84,2326.64,2300.01,2311.62,22781.1909
2026-04-21 04:00:00,2311.62,2327.05,2304.06,2318.48,22945.3733
2026-04-21 08:00:00,2318.48,2338.75,2314.0,2320.45,30640.3683
2026-04-21 12:00:00,2320.45,2327.5,2290.35,2310.24,52118.0452
2026-04-21 16:00:00,2310.25,2332.0,2284.19,2298.41,62286.6088
2026-04-21 20:00:00,2298.42,2329.47,2296.04,2327.14,35874.3905
2026-04-22 00:00:00,2327.15,2379.66,2312.95,2363.62,66774.3839
2026-04-22 04:00:00,2363.63,2413.83,2358.41,2389.97,89349.9459
2026-04-22 08:00:00,2389.98,2400.78,2383.0,2398.44,41401.3724
2026-04-22 12:00:00,2398.44,2423.75,2390.9,2403.83,98738.8258
2026-04-22 16:00:00,2403.84,2413.75,2384.17,2397.79,50321.212
2026-04-22 20:00:00,2397.8,2406.11,2373.95,2374.07,33121.3859
2026-04-23 00:00:00,2374.08,2382.0,2331.5,2340.81,76206.1153
2026-04-23 04:00:00,2340.82,2358.93,2337.12,2344.43,39343.6563
2026-04-23 08:00:00,2344.43,2345.0,2305.61,2328.97,78151.0377
2026-04-23 12:00:00,2328.96,2343.58,2315.23,2333.26,52807.9001
2026-04-23 16:00:00,2333.26,2335.76,2285.42,2312.88,79023.7839
2026-04-23 20:00:00,2312.87,2338.79,2312.74,2330.26,31113.199
2026-04-24 00:00:00,2330.27,2337.5,2301.35,2308.64,27004.8932
2026-04-24 04:00:00,2308.63,2317.35,2300.22,2311.63,28648.9402
2026-04-24 08:00:00,2311.63,2332.26,2303.74,2328.1,35868.9201
2026-04-24 12:00:00,2328.1,2331.85,2301.61,2323.81,46811.7304
2026-04-24 16:00:00,2323.81,2325.0,2308.82,2321.6,24666.2517
2026-04-24 20:00:00,2321.59,2328.16,2307.2,2314.99,20886.8825
2026-04-25 00:00:00,2314.98,2321.36,2311.27,2318.43,7639.0588
2026-04-25 04:00:00,2318.44,2319.01,2313.3,2316.48,6328.1546
2026-04-25 08:00:00,2316.48,2323.21,2311.2,2313.64,11470.7972
2026-04-25 12:00:00,2313.65,2318.94,2303.0,2308.09,15641.4778
2026-04-25 16:00:00,2308.08,2313.98,2300.55,2310.06,19676.6866
2026-04-25 20:00:00,2310.06,2320.42,2308.85,2319.5,7383.0441
2026-04-26 00:00:00,2319.49,2320.06,2306.72,2310.0,10012.7252
2026-04-26 04:00:00,2309.99,2336.48,2308.97,2331.24,24981.3334
2026-04-26 08:00:00,2331.25,2337.68,2329.66,2335.95,12111.2365
2026-04-26 12:00:00,2335.96,2352.44,2324.19,2348.05,24507.8806
2026-04-26 16:00:00,2348.06,2376.35,2340.56,2367.4,35056.7538
2026-04-26 20:00:00,2367.4,2380.0,2348.47,2369.44,47921.6924
2026-04-27 00:00:00,2369.45,2404.37,2359.46,2394.85,48640.6352
2026-04-27 04:00:00,2394.85,2396.05,2312.71,2316.01,71679.7375
2026-04-27 08:00:00,2316.0,2325.52,2309.13,2320.39,29605.5066
2026-04-27 12:00:00,2320.39,2329.82,2266.09,2275.07,85871.4106
2026-04-27 16:00:00,2275.07,2292.91,2270.04,2289.14,46317.2928
2026-04-27 20:00:00,2289.15,2308.61,2284.66,2303.67,18249.2759
2026-04-28 00:00:00,2303.66,2310.88,2280.99,2290.94,21169.2851
2026-04-28 04:00:00,2290.93,2296.91,2270.53,2287.99,37016.4672
2026-04-28 08:00:00,2288.0,2291.64,2270.36,2275.32,32729.5921
2026-04-28 12:00:00,2275.32,2286.2,2258.24,2279.76,49767.4453
2026-04-28 16:00:00,2279.76,2305.55,2274.38,2301.96,33432.9185
2026-04-28 20:00:00,2301.96,2305.95,2284.15,2289.42,13816.5119
2026-04-29 00:00:00,2289.42,2316.36,2278.84,2311.52,39935.6458
2026-04-29 04:00:00,2311.53,2342.5,2309.33,2323.73,55138.2957
2026-04-29 08:00:00,2323.74,2346.95,2321.11,2331.74,34673.3128
2026-04-29 12:00:00,2331.74,2331.94,2263.1,2272.51,81070.1689
2026-04-29 16:00:00,2272.5,2285.92,2220.36,2233.7,105332.5164
2026-04-29 20:00:00,2233.69,2264.8,2230.49,2252.9,38928.1619
2026-04-30 00:00:00,2252.9,2279.0,2236.36,2253.24,36060.2185
2026-04-30 04:00:00,2253.24,2262.23,2231.64,2260.31,33378.8714
2026-04-30 08:00:00,2260.31,2273.7,2252.07,2258.18,30735.9241
2026-04-30 12:00:00,2258.18,2275.13,2245.82,2265.7,37871.9822
2026-04-30 16:00:00,2265.7,2267.16,2251.62,2261.99,17651.0886
2026-04-30 20:00:00,2261.98,2267.32,2252.42,2257.51,11496.1928
2026-05-01 00:00:00,2257.51,2295.0,2257.21,2282.87,26924.6936
2026-05-01 04:00:00,2282.87,2286.75,2272.09,2279.48,22911.8668
2026-05-01 08:00:00,2279.5,2293.0,2277.06,2286.45,18694.3189
2026-05-01 12:00:00,2286.46,2325.28,2284.15,2307.64,74814.7245
2026-05-01 16:00:00,2307.64,2314.21,2298.17,2304.85,26400.5038
2026-05-01 20:00:00,2304.85,2305.86,2278.98,2295.63,21336.4474
2026-05-02 00:00:00,2295.63,2308.34,2292.91,2304.44,10951.3606
2026-05-02 04:00:00,2304.43,2306.35,2296.62,2301.02,10106.3654
2026-05-02 08:00:00,2301.01,2307.78,2299.05,2302.1,8398.4598
2026-05-02 12:00:00,2302.09,2311.83,2301.36,2309.19,11671.861
2026-05-02 16:00:00,2309.18,2313.98,2304.08,2311.08,10993.0917
2026-05-02 20:00:00,2311.08,2343.6,2309.59,2316.97,33467.3339
2026-05-03 00:00:00,2316.97,2317.69,2299.38,2301.9,19468.8798
2026-05-03 04:00:00,2301.9,2314.01,2297.59,2309.28,11221.5322
2026-05-03 08:00:00,2309.28,2327.5,2307.49,2319.63,17555.1258
2026-05-03 12:00:00,2319.63,2333.91,2319.63,2328.44,21474.0931
2026-05-03 16:00:00,2328.45,2337.87,2322.38,2335.59,19196.1335
2026-05-03 20:00:00,2335.6,2356.92,2315.0,2322.65,62158.6698
2026-05-04 00:00:00,2322.65,2391.0,2309.24,2385.12,114327.9965
2026-05-04 04:00:00,2385.11,2398.93,2354.2,2362.8,69420.5189
2026-05-04 08:00:00,2362.79,2371.09,2314.25,2337.59,85731.0321
2026-05-04 12:00:00,2337.59,2381.8,2325.71,2350.1,103215.1931
2026-05-04 16:00:00,2350.11,2379.52,2336.63,2356.52,62301.4442
2026-05-04 20:00:00,2356.52,2365.91,2344.83,2347.16,18024.6137
2026-05-05 00:00:00,2347.17,2389.38,2344.93,2382.43,43369.6537
2026-05-05 04:00:00,2382.43,2390.74,2367.35,2380.59,49038.9405
2026-05-05 08:00:00,2380.59,2384.62,2366.76,2379.89,29380.9535
2026-05-05 12:00:00,2379.89,2399.5,2369.17,2381.31,78808.51
2026-05-05 16:00:00,2381.3,2383.38,2359.71,2371.94,40911.2728
2026-05-05 20:00:00,2371.94,2388.54,2354.34,2360.77,45127.4007
2026-05-06 00:00:00,2360.76,2380.87,2355.0,2376.8,33054.8032
2026-05-06 04:00:00,2376.81,2379.4,2355.0,2371.74,33514.6725
2026-05-06 08:00:00,2371.74,2423.74,2369.16,2410.47,113801.0466
2026-05-06 12:00:00,2410.47,2413.59,2346.68,2359.1,137462.5415
2026-05-06 16:00:00,2359.1,2367.47,2338.0,2348.5,59822.6802
2026-05-06 20:00:00,2348.49,2357.45,2338.28,2350.84,43011.5721
2026-05-07 00:00:00,2350.84,2352.3,2313.89,2322.39,63504.3173
2026-05-07 04:00:00,2322.39,2346.89,2317.8,2344.59,51518.0099
2026-05-07 08:00:00,2344.59,2346.6,2317.35,2329.94,54139.7818
2026-05-07 12:00:00,2329.94,2337.13,2285.95,2294.82,129506.9522
2026-05-07 16:00:00,2294.82,2304.0,2280.1,2295.98,98757.482
2026-05-07 20:00:00,2295.98,2302.57,2281.04,2291.06,72095.3946
2026-05-08 00:00:00,2291.06,2294.28,2265.61,2278.76,54369.0261
2026-05-08 04:00:00,2278.77,2284.54,2267.15,2281.35,73893.4649
2026-05-08 08:00:00,2281.37,2298.01,2280.15,2295.38,65719.1373
2026-05-08 12:00:00,2295.38,2302.0,2269.96,2293.2,85201.3421
2026-05-08 16:00:00,2293.2,2321.22,2286.42,2316.05,76484.5206
2026-05-08 20:00:00,2316.06,2319.15,2303.19,2307.06,65367.6672
2026-05-09 00:00:00,2307.07,2320.77,2304.19,2315.33,39168.7188
2026-05-09 04:00:00,2315.33,2325.33,2310.9,2314.69,51761.091
2026-05-09 08:00:00,2314.69,2320.53,2310.24,2314.57,25659.728
2026-05-09 12:00:00,2314.56,2318.27,2300.0,2317.63,31105.7798
2026-05-09 16:00:00,2317.64,2338.37,2315.29,2332.01,56917.6483
2026-05-09 20:00:00,2332.02,2333.47,2324.7,2326.44,25818.1911
2026-05-10 00:00:00,2326.43,2332.91,2318.33,2327.76,33278.1366
2026-05-10 04:00:00,2327.75,2332.09,2326.1,2327.36,26964.3516
2026-05-10 08:00:00,2327.36,2333.59,2319.0,2322.58,28879.9992
2026-05-10 12:00:00,2322.59,2351.66,2320.87,2347.56,51926.9775
2026-05-10 16:00:00,2347.56,2368.0,2340.11,2365.54,154424.5599
2026-05-10 20:00:00,2365.54,2382.53,2311.83,2371.27,102648.8375
2026-05-11 00:00:00,2371.26,2374.92,2320.01,2330.56,60324.2716
2026-05-11 04:00:00,2330.56,2342.44,2326.66,2330.54,35309.276
2026-05-11 08:00:00,2330.55,2339.9,2326.66,2335.8,21339.0861
2026-05-11 12:00:00,2335.8,2338.89,2304.0,2333.48,54288.2257
2026-05-11 16:00:00,2333.48,2344.35,2323.68,2340.43,43385.8646
2026-05-11 20:00:00,2340.44,2345.68,2335.08,2339.87,22315.3312
2026-05-12 00:00:00,2339.88,2340.85,2295.01,2309.37,46792.4896
2026-05-12 04:00:00,2309.36,2314.49,2291.63,2295.2,35381.7127
2026-05-12 08:00:00,2295.2,2296.27,2278.57,2287.01,60392.7982
2026-05-12 12:00:00,2287.02,2294.01,2256.67,2261.85,63665.2782
2026-05-12 16:00:00,2261.86,2287.43,2256.27,2285.09,29736.9338
2026-05-12 20:00:00,2285.1,2291.37,2273.88,2274.96,17011.8957
2026-05-13 00:00:00,2274.97,2303.77,2273.34,2301.77,25629.7121
2026-05-13 04:00:00,2301.76,2309.0,2295.63,2301.07,20242.608
2026-05-13 08:00:00,2301.07,2323.36,2299.0,2301.82,39654.7131
2026-05-13 12:00:00,2301.83,2307.54,2234.13,2236.49,101419.7434
2026-05-13 16:00:00,2236.48,2268.49,2235.48,2256.53,55259.29
2026-05-13 20:00:00,2256.53,2264.46,2251.0,2258.65,16249.6633
2026-05-14 00:00:00,2258.66,2269.37,2238.64,2242.14,28395.7613
2026-05-14 04:00:00,2242.14,2275.2,2239.54,2265.48,28603.5337
2026-05-14 08:00:00,2265.49,2270.99,2252.53,2253.81,31025.1104
2026-05-14 12:00:00,2253.81,2299.7,2246.13,2298.48,68751.7844
2026-05-14 16:00:00,2298.48,2319.33,2293.96,2298.34,71280.168
2026-05-14 20:00:00,2298.34,2301.67,2280.18,2283.25,28624.4781
2026-05-15 00:00:00,2283.26,2300.29,2260.45,2273.34,56947.0188
2026-05-15 04:00:00,2273.35,2273.91,2237.95,2265.11,50307.0238
2026-05-15 08:00:00,2265.11,2265.42,2250.0,2257.57,30771.6519
2026-05-15 12:00:00,2257.56,2260.72,2205.11,2222.85,98329.8622
2026-05-15 16:00:00,2222.86,2232.88,2218.9,2223.35,32854.539
2026-05-15 20:00:00,2223.35,2226.29,2215.0,2224.66,19326.455
2026-05-16 00:00:00,2224.65,2231.51,2223.53,2228.01,11176.8318
2026-05-16 04:00:00,2228.0,2228.96,2182.0,2194.81,52860.5816
2026-05-16 08:00:00,2194.81,2196.87,2162.55,2176.1,66188.9001
2026-05-16 12:00:00,2176.11,2188.16,2172.3,2180.0,38164.9832
2026-05-16 16:00:00,2180.0,2185.22,2170.5,2179.57,23176.1285
2026-05-16 20:00:00,2179.57,2183.54,2179.35,2180.77,7721.1509
2026-05-17 00:00:00,2180.77,2185.6,2167.98,2181.7,22317.4449
2026-05-17 04:00:00,2181.71,2195.0,2181.14,2186.64,17300.9882
2026-05-17 08:00:00,2186.63,2198.14,2183.12,2192.0,15590.7778
2026-05-17 12:00:00,2192.0,2198.04,2178.39,2186.51,18881.2867
2026-05-17 16:00:00,2186.51,2193.62,2176.63,2192.53,12368.2351
2026-05-17 20:00:00,2192.54,2194.82,2091.48,2131.0,88658.0822
2026-05-18 00:00:00,2131.0,2132.0,2104.99,2118.44,66934.9313
2026-05-18 04:00:00,2118.44,2125.83,2110.0,2120.82,32135.9981
2026-05-18 08:00:00,2120.82,2139.75,2110.5,2133.9,32838.4005
2026-05-18 12:00:00,2133.9,2157.24,2093.77,2107.48,113725.5324
2026-05-18 16:00:00,2107.49,2128.49,2077.23,2125.07,93607.2455
2026-05-18 20:00:00,2125.07,2142.67,2114.59,2130.08,42636.2854
2026-05-19 00:00:00,2130.08,2146.95,2118.6,2131.3,28665.0307
2026-05-19 04:00:00,2131.3,2145.0,2123.61,2140.97,24673.1361
2026-05-19 08:00:00,2140.97,2141.4,2106.77,2110.85,35095.6348
2026-05-19 12:00:00,2110.85,2127.53,2094.47,2110.19,55879.338
2026-05-19 16:00:00,2110.2,2125.07,2107.12,2113.15,24674.862
2026-05-19 20:00:00,2113.14,2120.59,2102.09,2111.93,17957.0734
2026-05-20 00:00:00,2111.93,2119.24,2103.29,2111.6,19314.4795
2026-05-20 04:00:00,2111.6,2136.5,2107.3,2129.74,35114.2894
2026-05-20 08:00:00,2129.75,2138.0,2124.28,2128.3,22183.4247
2026-05-20 12:00:00,2128.31,2149.0,2113.87,2136.75,58916.9837
2026-05-20 16:00:00,2136.76,2148.77,2124.1,2139.12,32155.664
2026-05-20 20:00:00,2139.12,2140.76,2118.45,2129.44,21403.4527
2026-05-21 00:00:00,2129.44,2157.5,2128.59,2145.76,27764.9747
2026-05-21 04:00:00,2145.76,2148.75,2124.25,2135.06,27168.5527
2026-05-21 08:00:00,2135.07,2148.33,2110.0,2115.27,41666.6187
2026-05-21 12:00:00,2115.28,2138.05,2105.15,2132.65,65871.6779
2026-05-21 16:00:00,2132.64,2153.75,2121.79,2142.83,55972.0073
2026-05-21 20:00:00,2142.84,2143.46,2127.27,2133.76,14445.2804
2026-05-22 00:00:00,2133.77,2141.39,2125.68,2137.88,14039.1024
2026-05-22 04:00:00,2137.89,2141.34,2122.22,2128.7,23434.8628
2026-05-22 08:00:00,2128.7,2133.34,2119.18,2130.78,30833.2166
2026-05-22 12:00:00,2130.78,2138.0,2112.47,2119.48,42385.9585
2026-05-22 16:00:00,2119.49,2130.0,2058.0,2065.54,71524.6579
2026-05-22 20:00:00,2065.54,2079.59,2057.79,2065.85,39565.4566
2026-05-23 00:00:00,2065.86,2072.0,2053.0,2070.78,35673.5475
2026-05-23 04:00:00,2070.78,2071.19,2009.3,2028.59,75799.2127
2026-05-23 08:00:00,2028.58,2036.01,2021.07,2031.48,34325.3716
2026-05-23 12:00:00,2031.48,2068.68,2027.35,2060.27,54590.2681
2026-05-23 16:00:00,2060.27,2083.64,2057.25,2077.33,39862.3851
2026-05-23 20:00:00,2077.34,2149.95,2074.84,2117.68,110295.4439
2026-05-24 00:00:00,2117.69,2127.28,2113.1,2119.04,29103.0509
2026-05-24 04:00:00,2119.05,2129.93,2113.65,2121.01,28463.348
2026-05-24 08:00:00,2121.02,2132.14,2119.05,2126.18,20978.1989
2026-05-24 12:00:00,2126.19,2126.58,2079.52,2095.84,53181.4865
2026-05-24 16:00:00,2095.83,2109.0,2095.22,2100.87,16390.0018
2026-05-24 20:00:00,2100.87,2107.0,2063.0,2099.85,49632.6744
2026-05-25 00:00:00,2099.86,2113.25,2092.57,2095.58,24131.108
2026-05-25 04:00:00,2095.59,2117.55,2092.26,2116.28,42000.3305
2026-05-25 08:00:00,2116.29,2124.1,2111.7,2114.95,21667.0316
2026-05-25 12:00:00,2114.95,2138.28,2112.25,2127.12,29687.9855
2026-05-25 16:00:00,2127.13,2141.98,2116.55,2121.43,23506.4643
2026-05-25 20:00:00,2121.42,2123.16,2102.35,2113.01,25435.678
2026-05-26 00:00:00,2113.01,2113.89,2084.52,2093.12,34695.0977
2026-05-26 04:00:00,2093.11,2104.65,2088.82,2095.61,22937.9606
2026-05-26 08:00:00,2095.61,2137.29,2094.1,2121.01,44588.5806
2026-05-26 12:00:00,2121.0,2140.49,2078.75,2087.36,93684.9119
2026-05-26 16:00:00,2087.36,2089.97,2055.06,2074.29,65909.5277
2026-05-26 20:00:00,2074.3,2078.78,2065.98,2073.77,20737.2311
2026-05-27 00:00:00,2073.77,2084.23,2068.9,2070.0,21987.0064
2026-05-27 04:00:00,2070.01,2084.16,2056.31,2083.78,27195.6917
2026-05-27 08:00:00,2083.77,2096.71,2078.26,2080.55,28746.5558
2026-05-27 12:00:00,2080.56,2097.4,2051.96,2071.38,79022.1167
2026-05-27 16:00:00,2071.39,2074.5,2043.31,2057.47,45395.4671
2026-05-27 20:00:00,2057.47,2066.14,2016.0,2024.84,65616.3196
2026-05-28 00:00:00,2024.83,2029.2,1972.0,1981.55,90607.5773
2026-05-28 04:00:00,1981.55,1996.78,1967.0,1995.56,74760.4299
2026-05-28 08:00:00,1995.56,1998.4,1984.85,1989.89,32953.9429
2026-05-28 12:00:00,1989.88,2002.5,1967.38,1990.65,75988.1864
2026-05-28 16:00:00,1990.65,2030.0,1985.22,2014.55,57298.3774
2026-05-28 20:00:00,2014.54,2024.63,2005.43,2009.9,32226.4072
2026-05-29 00:00:00,2009.89,2017.17,1997.24,2002.78,24310.5747
2026-05-29 04:00:00,2002.79,2021.51,1998.4,2007.62,34409.9182
2026-05-29 08:00:00,2007.61,2016.11,2002.35,2007.58,28724.0785
2026-05-29 12:00:00,2007.58,2046.59,1976.48,2031.62,101067.75
2026-05-29 16:00:00,2031.62,2044.29,2005.0,2016.96,67360.4166
2026-05-29 20:00:00,2016.96,2023.99,2007.0,2014.54,27272.957
2026-05-30 00:00:00,2014.54,2023.55,2010.69,2016.83,14645.2914
2026-05-30 04:00:00,2016.83,2020.56,2002.0,2016.32,22750.6464
2026-05-30 08:00:00,2016.32,2022.0,2013.92,2017.4,9329.3114
2026-05-30 12:00:00,2017.4,2032.0,2017.14,2026.61,22745.9664
2026-05-30 16:00:00,2026.63,2030.01,2019.5,2028.76,15670.4214
2026-05-30 20:00:00,2028.77,2031.41,2020.35,2022.44,12835.8979
2026-05-31 00:00:00,2022.44,2038.0,2020.83,2033.41,17706.4074
2026-05-31 04:00:00,2033.41,2034.99,2022.78,2024.01,11162.0752
2026-05-31 08:00:00,2024.02,2029.11,2015.34,2023.27,20999.1397
2026-05-31 12:00:00,2023.28,2026.5,2005.83,2010.52,29133.9281
2026-05-31 16:00:00,2010.52,2012.42,1993.75,1999.59,40644.485
2026-05-31 20:00:00,1999.58,2023.0,1999.58,2007.01,44089.4604
2026-06-01 00:00:00,2007.02,2021.5,1991.31,2009.09,73159.1205
2026-06-01 04:00:00,2009.09,2011.97,1971.7,1976.43,43590.1003
2026-06-01 08:00:00,1976.42,1990.11,1969.9,1981.44,49130.48
2026-06-01 12:00:00,1981.44,1994.39,1956.04,1968.45,90946.1743
2026-06-01 16:00:00,1968.45,2008.83,1958.79,2004.53,69908.5378
2026-06-01 20:00:00,2004.53,2009.2,1984.5,2006.73,47693.871
2026-06-02 00:00:00,2006.73,2006.78,1962.76,2003.94,46692.2407
2026-06-02 04:00:00,2003.94,2006.44,1973.88,1981.88,47532.952
2026-06-02 08:00:00,1981.89,1989.0,1966.69,1978.53,47617.4742
2026-06-02 12:00:00,1978.53,1982.75,1890.0,1914.81,165219.2852
2026-06-02 16:00:00,1914.81,1943.87,1881.01,1912.28,96022.4005
2026-06-02 20:00:00,1912.28,1919.01,1839.02,1859.84,153801.1892
2026-06-03 00:00:00,1859.84,1874.11,1816.92,1828.24,122790.4231
2026-06-03 04:00:00,1828.24,1884.41,1827.65,1878.39,90436.6511
2026-06-03 08:00:00,1878.39,1893.07,1869.95,1878.16,53244.0374
2026-06-03 12:00:00,1878.17,1880.0,1836.21,1837.21,78492.2555
2026-06-03 16:00:00,1837.22,1844.08,1795.23,1803.41,104394.7399
2026-06-03 20:00:00,1803.41,1852.2,1769.62,1813.05,135402.3748
2026-06-04 00:00:00,1813.05,1820.5,1717.28,1809.24,200046.0588
2026-06-04 04:00:00,1809.24,1818.0,1773.52,1777.45,82985.5515
2026-06-04 08:00:00,1777.44,1783.27,1730.13,1751.51,141386.8608
2026-06-04 12:00:00,1751.51,1794.43,1744.29,1777.02,111504.3967
2026-06-04 16:00:00,1777.03,1787.11,1754.0,1776.94,60544.5739
2026-06-04 20:00:00,1776.93,1783.02,1752.46,1770.77,51838.6634
2026-06-05 00:00:00,1770.76,1774.99,1722.36,1729.71,88171.1972
2026-06-05 04:00:00,1729.72,1747.8,1625.78,1679.21,313675.2275
2026-06-05 08:00:00,1679.22,1690.07,1659.43,1663.44,119418.6703
2026-06-05 12:00:00,1663.43,1677.7,1572.22,1583.29,304333.021
2026-06-05 16:00:00,1583.29,1612.89,1540.19,1574.06,267408.079
2026-06-05 20:00:00,1574.07,1619.3,1557.36,1583.4,164006.9658
2026-06-06 00:00:00,1583.4,1601.22,1555.28,1563.34,68604.3971
2026-06-06 04:00:00,1563.34,1581.62,1505.68,1575.14,182035.7945
2026-06-06 08:00:00,1575.14,1593.04,1535.68,1558.89,96734.7301
2026-06-06 12:00:00,1558.9,1575.82,1544.87,1560.45,107947.6889
2026-06-06 16:00:00,1560.45,1566.51,1547.05,1554.56,60854.9147
2026-06-06 20:00:00,1554.55,1570.06,1550.85,1569.69,42280.8419
2026-06-07 00:00:00,1569.68,1600.51,1564.1,1595.01,56783.117
2026-06-07 04:00:00,1595.0,1623.52,1585.0,1615.18,88472.2063
2026-06-07 08:00:00,1615.18,1648.7,1608.39,1630.12,79805.2925
2026-06-07 12:00:00,1630.12,1640.0,1607.0,1630.07,73035.7897
2026-06-07 16:00:00,1630.07,1638.0,1604.0,1613.11,60204.4464
2026-06-07 20:00:00,1613.1,1721.93,1609.43,1690.51,99979.739
2026-06-08 00:00:00,1690.5,1711.58,1670.94,1680.01,74470.0385
2026-06-08 04:00:00,1680.02,1683.49,1645.0,1673.47,73682.0193
2026-06-08 08:00:00,1673.46,1696.77,1657.21,1683.76,73745.4019
2026-06-08 12:00:00,1683.77,1706.22,1667.46,1691.59,129205.2984
2026-06-08 16:00:00,1691.59,1703.88,1675.8,1684.78,72641.0716
2026-06-08 20:00:00,1684.78,1714.5,1679.25,1690.49,56283.4824
2026-06-09 00:00:00,1690.48,1696.88,1654.63,1669.44,65616.5084
2026-06-09 04:00:00,1669.44,1696.41,1664.33,1679.86,55695.031
2026-06-09 08:00:00,1679.86,1680.64,1665.0,1671.96,39039.5622
2026-06-09 12:00:00,1671.96,1683.32,1633.84,1636.4,109750.9015
2026-06-09 16:00:00,1636.4,1658.64,1614.02,1657.33,81822.2362
2026-06-09 20:00:00,1657.33,1663.77,1630.36,1639.52,32222.9956
2026-06-10 00:00:00,1639.52,1646.91,1621.77,1630.82,27935.8341
2026-06-10 04:00:00,1630.82,1643.58,1616.33,1640.09,28762.4847
2026-06-10 08:00:00,1640.1,1640.89,1606.01,1620.05,50677.5242
2026-06-10 12:00:00,1620.06,1667.96,1615.91,1657.97,78993.1365
2026-06-10 16:00:00,1657.98,1658.73,1622.51,1630.15,55253.005
2026-06-10 20:00:00,1630.15,1636.21,1603.44,1621.59,49169.2974
2026-06-11 00:00:00,1621.6,1661.3,1621.6,1653.95,36288.0336
2026-06-11 04:00:00,1653.94,1663.14,1646.2,1654.41,36562.9666
2026-06-11 08:00:00,1654.4,1673.5,1654.28,1666.84,30402.7025
2026-06-11 12:00:00,1666.84,1666.88,1636.19,1645.55,55809.1021
2026-06-11 16:00:00,1645.56,1693.59,1632.71,1681.26,85215.6465
2026-06-11 20:00:00,1681.26,1683.29,1667.18,1673.46,34229.2691
2026-06-12 00:00:00,1673.46,1678.42,1660.93,1673.25,20659.4497
2026-06-12 04:00:00,1673.25,1682.0,1652.09,1662.12,30223.5752
2026-06-12 08:00:00,1662.12,1685.65,1662.12,1673.89,33152.9108
2026-06-12 12:00:00,1673.88,1691.07,1653.74,1660.08,63394.6373
2026-06-12 16:00:00,1660.08,1678.1,1657.38,1665.92,42191.8674
2026-06-12 20:00:00,1665.92,1668.01,1659.02,1666.41,12265.5698
2026-06-13 00:00:00,1666.42,1675.9,1663.36,1665.25,16399.5929
2026-06-13 04:00:00,1665.25,1677.74,1662.2,1676.38,16043.7279
2026-06-13 08:00:00,1676.38,1679.92,1672.8,1678.34,18492.0161
2026-06-13 12:00:00,1678.33,1686.56,1676.69,1682.15,19930.4374
2026-06-13 16:00:00,1682.14,1682.63,1671.44,1678.29,21369.3543
2026-06-13 20:00:00,1678.3,1697.28,1674.91,1681.18,14516.4791
2026-06-14 00:00:00,1681.19,1690.36,1678.83,1681.73,10407.9003
2026-06-14 04:00:00,1681.74,1682.66,1673.72,1675.91,15591.2044
2026-06-14 08:00:00,1675.91,1679.0,1669.15,1673.73,14816.273
2026-06-14 12:00:00,1673.73,1674.58,1654.9,1662.95,23932.5644
2026-06-14 16:00:00,1662.95,1668.57,1658.95,1665.43,17942.9787
2026-06-14 20:00:00,1665.44,1732.28,1662.67,1725.62,95319.0333
2026-06-15 00:00:00,1725.63,1733.04,1709.66,1720.78,46791.0843
2026-06-15 04:00:00,1720.78,1723.8,1715.95,1716.59,33173.3834
2026-06-15 08:00:00,1716.6,1769.0,1712.17,1764.67,86337.2957
2026-06-15 12:00:00,1764.67,1849.54,1760.28,1845.53,170759.7618
2026-06-15 16:00:00,1845.53,1847.13,1811.66,1821.89,78464.5018
2026-06-15 20:00:00,1821.88,1826.62,1782.82,1796.13,48609.2283
2026-06-16 00:00:00,1796.14,1802.09,1764.84,1779.16,50532.628
2026-06-16 04:00:00,1779.16,1783.32,1758.0,1774.24,50401.9351
2026-06-16 08:00:00,1774.25,1807.97,1773.25,1799.59,57224.9557
2026-06-16 12:00:00,1799.6,1839.77,1763.36,1782.44,123987.1567
2026-06-16 16:00:00,1782.43,1808.44,1773.03,1795.41,48137.7978
2026-06-16 20:00:00,1795.41,1800.48,1789.53,1792.99,23293.0757
2026-06-17 00:00:00,1793.0,1810.21,1778.99,1793.58,31174.503
2026-06-17 04:00:00,1793.58,1801.79,1778.71,1785.08,23610.2996
2026-06-17 08:00:00,1785.09,1786.15,1759.35,1763.92,35117.6055
2026-06-17 12:00:00,1763.93,1776.94,1741.05,1773.41,82129.4721
2026-06-17 16:00:00,1773.42,1796.08,1729.26,1734.72,126372.9648
2026-06-17 20:00:00,1734.73,1751.66,1725.34,1750.6,36093.2125
2026-06-18 00:00:00,1750.61,1762.99,1741.46,1744.17,30981.8033
2026-06-18 04:00:00,1744.17,1753.29,1722.24,1749.79,44003.2068
2026-06-18 08:00:00,1749.8,1753.61,1739.11,1743.31,47075.973
2026-06-18 12:00:00,1743.31,1753.06,1680.0,1682.23,94529.5977
2026-06-18 16:00:00,1682.23,1707.48,1671.79,1705.39,66020.9508
2026-06-18 20:00:00,1705.4,1717.23,1700.19,1711.11,29869.434
2026-06-19 00:00:00,1711.11,1719.51,1682.35,1697.69,37691.0234
2026-06-19 04:00:00,1697.7,1703.4,1686.0,1695.82,32582.5204
2026-06-19 08:00:00,1695.82,1699.82,1687.05,1691.74,19744.2088
2026-06-19 12:00:00,1691.74,1712.06,1679.11,1707.86,38540.4796
2026-06-19 16:00:00,1707.87,1711.76,1693.7,1701.2,22445.5251
2026-06-19 20:00:00,1701.21,1715.0,1698.89,1711.19,14074.4411
2026-06-20 00:00:00,1711.18,1718.0,1704.06,1708.17,14486.4039
2026-06-20 04:00:00,1708.18,1733.89,1706.51,1725.82,28639.3455
2026-06-20 08:00:00,1725.81,1731.76,1721.25,1727.18,13310.0526
2026-06-20 12:00:00,1727.18,1749.55,1708.11,1740.63,45563.7598
2026-06-20 16:00:00,1740.63,1740.91,1721.03,1729.27,23469.7503
2026-06-20 20:00:00,1729.27,1746.17,1726.53,1741.08,34322.509
2026-06-21 00:00:00,1741.08,1741.45,1733.51,1737.87,11485.9288
2026-06-21 04:00:00,1737.88,1741.41,1729.8,1732.36,19148.6555
2026-06-21 08:00:00,1732.36,1737.02,1718.56,1725.36,19610.1055
2026-06-21 12:00:00,1725.37,1732.57,1717.14,1730.72,18999.8619
2026-06-21 16:00:00,1730.71,1739.32,1721.67,1734.14,20185.3775
2026-06-21 20:00:00,1734.14,1735.34,1702.0,1706.94,34332.5397
2026-06-22 00:00:00,1706.94,1759.84,1706.94,1730.0,48245.9908
2026-06-22 04:00:00,1730.0,1751.58,1727.69,1746.34,31556.4356
2026-06-22 08:00:00,1746.34,1774.7,1743.56,1767.68,39953.9512
2026-06-22 12:00:00,1767.68,1779.9,1742.41,1744.74,64395.6052
2026-06-22 16:00:00,1744.75,1747.7,1729.15,1734.59,49656.142
2026-06-22 20:00:00,1734.59,1740.07,1717.02,1728.19,28849.0572
2026-06-23 00:00:00,1728.19,1736.25,1719.75,1729.9,18729.6756
2026-06-23 04:00:00,1729.91,1731.25,1680.52,1683.01,51916.6503
2026-06-23 08:00:00,1683.02,1684.8,1635.65,1660.9,71256.16
2026-06-23 12:00:00,1660.9,1672.0,1645.52,1659.78,48840.9545
2026-06-23 16:00:00,1659.78,1673.89,1650.0,1662.58,38682.1168
2026-06-23 20:00:00,1662.57,1672.92,1660.27,1667.13,18836.4548
2026-06-24 00:00:00,1667.13,1680.46,1658.18,1666.67,22390.5044
2026-06-24 04:00:00,1666.67,1679.57,1658.22,1673.12,24404.4994
2026-06-24 08:00:00,1673.13,1693.67,1655.76,1679.57,33696.0543
2026-06-24 12:00:00,1679.57,1681.29,1616.8,1618.08,88400.6962
2026-06-24 16:00:00,1618.08,1636.08,1552.95,1584.58,135306.743
2026-06-24 20:00:00,1584.59,1629.82,1580.0,1622.17,51529.843
2026-06-25 00:00:00,1622.18,1626.51,1614.69,1619.6,23937.0954
2026-06-25 04:00:00,1619.61,1660.54,1617.12,1657.19,63588.8033
2026-06-25 08:00:00,1657.2,1658.98,1628.05,1633.27,44025.3002
2026-06-25 12:00:00,1633.28,1650.38,1532.9,1570.01,198494.0295
2026-06-25 16:00:00,1570.01,1587.7,1554.6,1559.42,70320.4164
2026-06-25 20:00:00,1559.41,1583.65,1556.73,1567.84,40305.3602
2026-06-26 00:00:00,1567.86,1571.78,1512.0,1557.93,83566.0007
2026-06-26 04:00:00,1557.93,1586.5,1543.43,1581.12,68736.4863
2026-06-26 08:00:00,1581.12,1582.43,1541.01,1545.14,70838.7025
2026-06-26 12:00:00,1545.15,1588.23,1521.54,1580.14,120105.8574
2026-06-26 16:00:00,1580.13,1594.7,1570.32,1574.51,54249.7168
2026-06-26 20:00:00,1574.51,1583.4,1568.0,1578.68,26194.6756
2026-06-27 00:00:00,1578.68,1587.17,1571.55,1580.62,19128.5427
2026-06-27 04:00:00,1580.62,1586.38,1575.2,1585.71,15220.2854
2026-06-27 08:00:00,1585.72,1585.95,1579.0,1584.0,13455.5916
2026-06-27 12:00:00,1584.0,1611.02,1581.42,1605.68,34188.3622
2026-06-27 16:00:00,1605.68,1607.92,1573.36,1578.51,29623.6061
2026-06-27 20:00:00,1578.51,1585.69,1562.86,1573.99,19975.9718
2026-06-28 00:00:00,1574.0,1580.05,1569.07,1575.08,12159.2677
2026-06-28 04:00:00,1575.08,1577.34,1562.41,1575.96,21037.2582
2026-06-28 08:00:00,1575.96,1586.35,1572.23,1582.87,23867.9303
2026-06-28 12:00:00,1582.86,1588.82,1575.04,1580.89,23674.5553
2026-06-28 16:00:00,1580.9,1581.94,1556.81,1564.62,26775.6987
2026-06-28 20:00:00,1564.61,1582.29,1548.37,1571.96,32666.4315
2026-06-29 00:00:00,1571.96,1589.75,1550.43,1584.78,37339.7726
2026-06-29 04:00:00,1584.77,1589.08,1562.26,1580.16,24161.5922
2026-06-29 08:00:00,1580.17,1587.0,1569.85,1574.93,33233.37
2026-06-29 12:00:00,1574.93,1597.28,1557.35,1580.26,100601.0826
2026-06-29 16:00:00,1580.26,1637.58,1574.06,1625.6,80924.4923
2026-06-29 20:00:00,1625.6,1626.65,1607.41,1613.07,33708.6651
2026-06-30 00:00:00,1613.07,1614.41,1586.49,1587.18,34800.71
2026-06-30 04:00:00,1587.18,1596.25,1579.79,1592.51,25185.0878
2026-06-30 08:00:00,1592.51,1594.28,1575.85,1578.58,33797.8662
2026-06-30 12:00:00,1578.57,1578.58,1550.2,1565.18,74039.8113
2026-06-30 16:00:00,1565.19,1581.92,1561.84,1580.53,32530.1507
2026-06-30 20:00:00,1580.52,1582.98,1566.0,1572.01,21703.5782
2026-07-01 00:00:00,1572.0,1599.19,1552.92,1594.81,49726.9569
2026-07-01 04:00:00,1594.81,1604.02,1571.5,1578.36,39936.0774
2026-07-01 08:00:00,1578.36,1585.33,1567.13,1569.89,26168.9067
2026-07-01 12:00:00,1569.88,1631.0,1565.26,1620.09,94503.3823
2026-07-01 16:00:00,1620.1,1629.26,1607.17,1618.09,41221.2114
2026-07-01 20:00:00,1618.07,1646.26,1608.35,1609.58,54979.7763
2026-07-02 00:00:00,1609.59,1642.32,1597.22,1639.47,45157.4777
2026-07-02 04:00:00,1639.46,1639.94,1614.32,1615.97,39835.0073
2026-07-02 08:00:00,1615.97,1657.53,1615.08,1650.32,70678.134
2026-07-02 12:00:00,1650.31,1725.0,1647.66,1697.05,157423.2035
2026-07-02 16:00:00,1697.06,1707.14,1686.49,1700.15,38353.5213
2026-07-02 20:00:00,1700.15,1706.68,1692.13,1700.57,22006.1644
2026-07-03 00:00:00,1700.57,1718.97,1694.72,1706.43,34469.11
2026-07-03 04:00:00,1706.43,1722.21,1702.28,1717.77,30478.0143
2026-07-03 08:00:00,1717.77,1749.0,1715.68,1742.54,54522.5378
2026-07-03 12:00:00,1742.54,1753.29,1728.99,1731.24,53093.4088
2026-07-03 16:00:00,1731.24,1753.0,1727.87,1745.38,26376.499
2026-07-03 20:00:00,1745.39,1775.78,1743.61,1758.21,45477.2981
2026-07-04 00:00:00,1758.22,1764.0,1744.09,1753.92,18698.1782
2026-07-04 04:00:00,1753.91,1764.61,1751.72,1758.19,27472.9105
2026-07-04 08:00:00,1758.18,1765.55,1755.0,1758.24,17210.9322
2026-07-04 12:00:00,1758.23,1799.92,1758.23,1791.09,51998.9737
2026-07-04 16:00:00,1791.08,1807.65,1779.0,1792.83,55311.175
2026-07-04 20:00:00,1792.83,1795.81,1772.1,1780.64,20187.9801
2026-07-05 00:00:00,1780.64,1780.75,1757.0,1761.59,36440.4
2026-07-05 04:00:00,1761.58,1772.69,1760.07,1770.1,97257.2223
2026-07-05 08:00:00,1770.09,1773.27,1748.79,1760.08,175998.4611
2026-07-05 12:00:00,1760.08,1781.28,1756.03,1774.67,19997.987
2026-07-05 16:00:00,1774.66,1786.23,1770.31,1781.43,18203.54
2026-07-05 20:00:00,1781.44,1808.0,1769.29,1785.65,41775.8087
2026-07-06 00:00:00,1785.65,1799.02,1772.22,1779.71,28847.3588
2026-07-06 04:00:00,1779.7,1784.79,1764.42,1772.32,26903.8566
2026-07-06 08:00:00,1772.32,1778.6,1755.77,1759.64,33338.5309
2026-07-06 12:00:00,1759.64,1788.96,1728.95,1788.57,102182.4878
2026-07-06 16:00:00,1788.57,1805.0,1782.42,1792.76,60585.2426
2026-07-06 20:00:00,1792.76,1833.4,1787.26,1799.56,54021.8537
2026-07-07 00:00:00,1799.56,1810.16,1768.85,1771.56,37424.6442
2026-07-07 04:00:00,1771.55,1782.59,1757.57,1771.24,36953.6972
2026-07-07 08:00:00,1771.23,1785.0,1768.37,1780.77,27719.868
2026-07-07 12:00:00,1780.77,1803.03,1761.19,1797.45,65131.7844
2026-07-07 16:00:00,1797.45,1813.16,1773.5,1790.45,46598.5947
2026-07-07 20:00:00,1790.46,1793.12,1765.35,1771.45,27708.1368
2026-07-08 00:00:00,1771.45,1785.0,1741.21,1751.78,45660.413
2026-07-08 04:00:00,1751.74,1759.69,1745.01,1756.7,25382.1947
2026-07-08 08:00:00,1756.7,1758.7,1725.18,1747.95,56796.3744
2026-07-08 12:00:00,1747.95,1751.25,1713.44,1722.96,52233.5971
2026-07-08 16:00:00,1722.96,1746.52,1722.78,1740.98,31384.7131
2026-07-08 20:00:00,1740.99,1744.81,1731.41,1743.54,13773.9331
2026-07-09 00:00:00,1743.55,1756.79,1721.93,1730.7,27790.6064
2026-07-09 04:00:00,1730.7,1762.36,1730.35,1753.31,37627.1459
2026-07-09 08:00:00,1753.3,1758.68,1741.26,1744.02,20219.9949
2026-07-09 12:00:00,1744.02,1752.0,1733.36,1739.51,50758.7135
2026-07-09 16:00:00,1739.51,1759.82,1731.99,1748.51,23935.0548
2026-07-09 20:00:00,1748.51,1751.08,1741.56,1745.16,13373.7417
2026-07-10 00:00:00,1745.17,1779.68,1737.68,1776.12,45350.5313
2026-07-10 04:00:00,1776.13,1780.33,1768.57,1773.2,23853.2993
2026-07-10 08:00:00,1773.2,1802.99,1772.63,1801.22,46227.7286
2026-07-10 12:00:00,1801.22,1812.0,1775.0,1791.11,57199.9434
2026-07-10 16:00:00,1791.11,1799.53,1781.2,1792.68,26445.6486
2026-07-10 20:00:00,1792.68,1798.0,1789.6,1796.85,16528.6533
2026-07-11 00:00:00,1796.85,1799.29,1786.77,1796.5,16451.0616
2026-07-11 04:00:00,1796.5,1803.29,1794.6,1800.0,23003.1116
2026-07-11 08:00:00,1799.99,1803.52,1795.15,1800.48,13163.6509
2026-07-11 12:00:00,1800.47,1828.0,1798.42,1814.83,48962.5551
2026-07-11 16:00:00,1814.82,1830.0,1810.62,1824.38,44106.5907
2026-07-11 20:00:00,1824.38,1829.17,1786.58,1787.76,33016.4484
2026-07-12 00:00:00,1787.76,1813.67,1779.46,1811.53,30490.9328
2026-07-12 04:00:00,1811.53,1812.63,1789.44,1798.78,14481.5819
2026-07-12 08:00:00,1798.78,1808.94,1796.48,1803.77,13663.3791
2026-07-12 12:00:00,1803.77,1826.92,1803.0,1820.93,32674.8309
2026-07-12 16:00:00,1820.94,1824.39,1814.85,1821.4,27234.0306
2026-07-12 20:00:00,1821.4,1824.0,1797.63,1806.8,22528.2282
2026-07-13 00:00:00,1806.8,1846.0,1775.0,1780.55,99489.3232
2026-07-13 04:00:00,1780.54,1791.39,1773.99,1787.57,34173.7254
2026-07-13 08:00:00,1787.58,1793.56,1777.1,1780.74,24971.0007
2026-07-13 12:00:00,1780.74,1786.53,1762.44,1777.01,57606.1973
2026-07-13 16:00:00,1777.0,1780.73,1750.2,1774.92,49356.977
2026-07-13 20:00:00,1774.93,1778.05,1752.59,1776.72,29434.3962
2026-07-14 00:00:00,1776.71,1794.47,1773.41,1783.65,25835.8415
2026-07-14 04:00:00,1783.64,1793.26,1779.41,1781.21,23132.8984
2026-07-14 08:00:00,1781.21,1805.0,1779.0,1798.09,47517.0909
2026-07-14 12:00:00,1798.09,1888.8,1794.37,1875.22,193011.7605
2026-07-14 16:00:00,1875.22,1881.56,1860.56,1876.74,38959.9231
2026-07-14 20:00:00,1876.74,1896.14,1872.06,1891.87,40456.2576
2026-07-15 00:00:00,1891.87,1893.32,1864.38,1876.08,35148.8223
2026-07-15 04:00:00,1876.08,1891.89,1864.7,1870.04,36339.328
2026-07-15 08:00:00,1870.04,1886.59,1870.03,1884.62,35085.8935
2026-07-15 12:00:00,1884.62,1946.52,1879.25,1931.95,137284.8153
2026-07-15 16:00:00,1931.96,1937.0,1904.36,1924.15,55271.775
2026-07-15 20:00:00,1924.15,1930.71,1914.89,1917.86,20670.3352
2026-07-16 00:00:00,1917.86,1929.0,1908.12,1918.7,28168.2017
2026-07-16 04:00:00,1918.7,1929.48,1905.0,1910.63,29157.4136
2026-07-16 08:00:00,1910.64,1912.85,1875.56,1885.26,85450.7339
2026-07-16 12:00:00,1885.26,1894.38,1867.68,1881.88,63993.5576
2026-07-16 16:00:00,1881.89,1883.0,1862.57,1875.59,33323.5741
2026-07-16 20:00:00,1875.59,1881.59,1857.54,1864.71,31595.6054
2026-07-17 00:00:00,1864.71,1871.08,1843.2,1852.53,44486.8168
2026-07-17 04:00:00,1852.53,1853.08,1820.74,1828.52,45533.7226
2026-07-17 08:00:00,1828.52,1843.26,1821.41,1839.04,36870.4969
2026-07-17 12:00:00,1839.05,1840.58,1803.05,1830.88,72970.3255
2026-07-17 16:00:00,1830.89,1856.17,1825.32,1843.76,40978.7013
2026-07-17 20:00:00,1843.76,1846.65,1835.27,1841.93,12187.6925
2026-07-18 00:00:00,1841.94,1845.0,1839.86,1842.26,2503.0907
