timestamp,open,high,low,close,volume
2025-05-06 00:00:00,2.1306,2.1355,2.1226,2.1287,3450919.1
2025-05-06 01:00:00,2.1288,2.1406,2.1115,2.1127,4932630.6
2025-05-06 02:00:00,2.1127,2.1147,2.0939,2.113,8596793.9
2025-05-06 03:00:00,2.113,2.121,2.1058,2.1185,3940183.4
2025-05-06 04:00:00,2.1186,2.1247,2.1141,2.1228,2628637.4
2025-05-06 05:00:00,2.1227,2.1243,2.1055,2.1063,3376054.7
2025-05-06 06:00:00,2.1064,2.1155,2.1019,2.1071,4237649.1
2025-05-06 07:00:00,2.1071,2.1145,2.0929,2.099,6330636.8
2025-05-06 08:00:00,2.0989,2.1034,2.0803,2.097,7622014.1
2025-05-06 09:00:00,2.097,2.1087,2.0932,2.1065,2745117.4
2025-05-06 10:00:00,2.1065,2.1075,2.0876,2.0926,3513925.4
2025-05-06 11:00:00,2.0926,2.1046,2.083,2.0903,4616629.9
2025-05-06 12:00:00,2.0903,2.1035,2.0864,2.1013,3212986.1
2025-05-06 13:00:00,2.1013,2.1033,2.0777,2.0854,6817639.3
2025-05-06 14:00:00,2.0854,2.1229,2.084,2.1056,8194379.5
2025-05-06 15:00:00,2.1055,2.121,2.1016,2.1109,3724887.6
2025-05-06 16:00:00,2.111,2.1275,2.1035,2.1111,4119684.1
2025-05-06 17:00:00,2.1111,2.1287,2.1111,2.1213,3246854.0
2025-05-06 18:00:00,2.1213,2.1422,2.1213,2.1415,3349803.8
2025-05-06 19:00:00,2.1415,2.1468,2.1344,2.1367,3693791.3
2025-05-06 20:00:00,2.1366,2.1407,2.1216,2.1275,3524985.8
2025-05-06 21:00:00,2.1275,2.1327,2.1112,2.1189,2968216.8
2025-05-06 22:00:00,2.1188,2.1517,2.1184,2.1491,5945432.0
2025-05-06 23:00:00,2.149,2.1595,2.141,2.155,5231361.9
2025-05-07 00:00:00,2.155,2.1706,2.1489,2.167,5277289.6
2025-05-07 01:00:00,2.167,2.1716,2.1563,2.158,3664553.6
2025-05-07 02:00:00,2.158,2.1591,2.1429,2.1477,3576586.6
2025-05-07 03:00:00,2.1476,2.1492,2.1377,2.148,3393567.0
2025-05-07 04:00:00,2.1479,2.1545,2.143,2.1465,2483359.5
2025-05-07 05:00:00,2.1466,2.1466,2.1311,2.1333,4433698.1
2025-05-07 06:00:00,2.1333,2.1391,2.1284,2.1324,3794870.4
2025-05-07 07:00:00,2.1325,2.1418,2.1305,2.1412,5110249.2
2025-05-07 08:00:00,2.1411,2.1492,2.1365,2.1479,3769093.8
2025-05-07 09:00:00,2.1478,2.1514,2.1413,2.1451,2411678.4
2025-05-07 10:00:00,2.1451,2.1456,2.1359,2.1431,2561197.9
2025-05-07 11:00:00,2.143,2.1436,2.1381,2.1428,2136634.6
2025-05-07 12:00:00,2.1429,2.1438,2.1304,2.1343,4093118.5
2025-05-07 13:00:00,2.1343,2.1394,2.125,2.1351,4073316.6
2025-05-07 14:00:00,2.1351,2.145,2.122,2.1288,4114364.2
2025-05-07 15:00:00,2.1288,2.1333,2.1216,2.1268,4012601.5
2025-05-07 16:00:00,2.1268,2.1275,2.1125,2.1232,4472056.8
2025-05-07 17:00:00,2.1231,2.1259,2.1087,2.1144,3777274.6
2025-05-07 18:00:00,2.1144,2.1346,2.1039,2.1235,10306263.1
2025-05-07 19:00:00,2.1236,2.1245,2.1055,2.1124,5026158.4
2025-05-07 20:00:00,2.1125,2.1191,2.107,2.1171,2123591.6
2025-05-07 21:00:00,2.1172,2.1347,2.1171,2.1301,2556342.3
2025-05-07 22:00:00,2.1301,2.1368,2.1269,2.1276,2477089.0
2025-05-07 23:00:00,2.1275,2.1364,2.124,2.1265,2114563.3
2025-05-08 00:00:00,2.1264,2.1362,2.1176,2.1352,3572757.5
2025-05-08 01:00:00,2.1352,2.1478,2.1309,2.1381,6807244.8
2025-05-08 02:00:00,2.1382,2.1714,2.1382,2.1704,10233482.3
2025-05-08 03:00:00,2.1704,2.1857,2.1664,2.1857,9167318.4
2025-05-08 04:00:00,2.1856,2.2068,2.1819,2.1822,12496178.3
2025-05-08 05:00:00,2.1823,2.1905,2.1735,2.1749,5995434.2
2025-05-08 06:00:00,2.1749,2.1815,2.1684,2.1767,6422677.6
2025-05-08 07:00:00,2.1766,2.198,2.1766,2.1889,6053005.6
2025-05-08 08:00:00,2.189,2.2188,2.1882,2.2117,8083309.4
2025-05-08 09:00:00,2.2117,2.2158,2.2016,2.2099,4858306.2
2025-05-08 10:00:00,2.21,2.2172,2.2063,2.215,5218817.0
2025-05-08 11:00:00,2.215,2.2154,2.203,2.2082,4630685.1
2025-05-08 12:00:00,2.2082,2.2216,2.205,2.2081,8084032.2
2025-05-08 13:00:00,2.2081,2.219,2.2025,2.209,7262331.4
2025-05-08 14:00:00,2.209,2.2392,2.2028,2.2227,9849710.8
2025-05-08 15:00:00,2.2226,2.275,2.2225,2.2437,22733033.5
2025-05-08 16:00:00,2.2437,2.2618,2.2357,2.2519,11565356.7
2025-05-08 17:00:00,2.2519,2.2526,2.2272,2.2325,8834270.7
2025-05-08 18:00:00,2.2326,2.2535,2.2321,2.2487,4699877.0
2025-05-08 19:00:00,2.2487,2.275,2.2419,2.274,8275578.8
2025-05-08 20:00:00,2.274,2.3199,2.2583,2.3118,18757956.9
2025-05-08 21:00:00,2.3118,2.3297,2.2881,2.3023,18688823.6
2025-05-08 22:00:00,2.3024,2.3065,2.2812,2.2947,8915497.8
2025-05-08 23:00:00,2.2946,2.3284,2.2888,2.3272,9248633.0
2025-05-09 00:00:00,2.3272,2.333,2.3022,2.3171,12305144.0
2025-05-09 01:00:00,2.317,2.329,2.302,2.3181,8875437.0
2025-05-09 02:00:00,2.3181,2.3205,2.3022,2.3089,8256389.8
2025-05-09 03:00:00,2.3089,2.331,2.2917,2.2945,11833408.6
2025-05-09 04:00:00,2.2945,2.3117,2.2931,2.3018,6738588.9
2025-05-09 05:00:00,2.3018,2.3036,2.2845,2.2965,7877024.8
2025-05-09 06:00:00,2.2966,2.3135,2.2943,2.3114,5427606.2
2025-05-09 07:00:00,2.3115,2.3567,2.31,2.3384,18350391.4
2025-05-09 08:00:00,2.3384,2.4273,2.3347,2.3679,42319063.3
2025-05-09 09:00:00,2.3679,2.391,2.3344,2.3576,17425047.5
2025-05-09 10:00:00,2.3576,2.4152,2.352,2.4039,17340413.1
2025-05-09 11:00:00,2.4038,2.4291,2.3777,2.395,24472858.8
2025-05-09 12:00:00,2.3949,2.3986,2.3723,2.3819,9478481.7
2025-05-09 13:00:00,2.3819,2.4064,2.3682,2.3898,14323641.2
2025-05-09 14:00:00,2.3897,2.3931,2.3344,2.3549,17566004.7
2025-05-09 15:00:00,2.355,2.3615,2.3311,2.3495,10523376.2
2025-05-09 16:00:00,2.3496,2.3505,2.3224,2.3268,9794384.0
2025-05-09 17:00:00,2.3268,2.3679,2.3235,2.3642,7829689.2
2025-05-09 18:00:00,2.3641,2.3671,2.3468,2.3598,4866434.6
2025-05-09 19:00:00,2.3599,2.3613,2.3422,2.358,4036343.9
2025-05-09 20:00:00,2.358,2.3615,2.348,2.3592,2481230.7
2025-05-09 21:00:00,2.3591,2.3629,2.342,2.3504,2739004.7
2025-05-09 22:00:00,2.3504,2.3546,2.3391,2.3398,2486060.5
2025-05-09 23:00:00,2.3398,2.3475,2.3315,2.3439,3139398.7
2025-05-10 00:00:00,2.3438,2.3744,2.3359,2.3408,8661061.4
2025-05-10 01:00:00,2.3408,2.363,2.3402,2.3496,3489883.2
2025-05-10 02:00:00,2.3497,2.3799,2.345,2.3719,5886758.6
2025-05-10 03:00:00,2.3719,2.3746,2.359,2.3672,2562157.3
2025-05-10 04:00:00,2.3672,2.3673,2.35,2.3656,3541767.0
2025-05-10 05:00:00,2.3656,2.3733,2.3526,2.3729,3510284.6
2025-05-10 06:00:00,2.3729,2.3951,2.3727,2.3942,8688761.5
2025-05-10 07:00:00,2.3942,2.3964,2.3747,2.3897,7321956.3
2025-05-10 08:00:00,2.3898,2.4045,2.3716,2.3807,8530895.0
2025-05-10 09:00:00,2.3808,2.395,2.368,2.3898,5565120.8
2025-05-10 10:00:00,2.3898,2.44,2.3879,2.3919,20441255.6
2025-05-10 11:00:00,2.3919,2.408,2.3698,2.3799,9559751.7
2025-05-10 12:00:00,2.3798,2.4041,2.3798,2.3997,5075283.8
2025-05-10 13:00:00,2.3996,2.414,2.3981,2.4083,5951909.6
2025-05-10 14:00:00,2.4083,2.4208,2.4014,2.413,6318821.2
2025-05-10 15:00:00,2.413,2.4147,2.3911,2.3973,5929492.0
2025-05-10 16:00:00,2.3974,2.4248,2.3946,2.4218,7661575.8
2025-05-10 17:00:00,2.4218,2.4496,2.4127,2.4204,17938881.2
2025-05-10 18:00:00,2.4203,2.4408,2.4102,2.4245,6171617.5
2025-05-10 19:00:00,2.4244,2.428,2.4091,2.4196,3097638.0
2025-05-10 20:00:00,2.4197,2.4246,2.4042,2.4239,3548138.4
2025-05-10 21:00:00,2.424,2.443,2.418,2.4392,4883305.9
2025-05-10 22:00:00,2.4392,2.4497,2.4279,2.4487,5854283.9
2025-05-10 23:00:00,2.4487,2.477,2.4457,2.4711,13393945.8
2025-05-11 00:00:00,2.4711,2.4844,2.4018,2.4269,23416751.7
2025-05-11 01:00:00,2.4269,2.4406,2.3949,2.4067,10465105.1
2025-05-11 02:00:00,2.4066,2.4201,2.3829,2.3947,9625477.6
2025-05-11 03:00:00,2.3946,2.4129,2.3834,2.4022,5488245.2
2025-05-11 04:00:00,2.4023,2.4176,2.4013,2.4175,5028052.9
2025-05-11 05:00:00,2.4175,2.418,2.4041,2.405,2969283.8
2025-05-11 06:00:00,2.405,2.4055,2.3718,2.3861,9187436.9
2025-05-11 07:00:00,2.386,2.386,2.3416,2.3549,13974329.1
2025-05-11 08:00:00,2.3549,2.3718,2.3487,2.3562,5943324.6
2025-05-11 09:00:00,2.3563,2.3768,2.3519,2.3715,4592053.7
2025-05-11 10:00:00,2.3715,2.3779,2.3628,2.376,4076317.3
2025-05-11 11:00:00,2.3761,2.3873,2.3697,2.3863,6857503.6
2025-05-11 12:00:00,2.3864,2.3892,2.3722,2.378,5035369.3
2025-05-11 13:00:00,2.378,2.3884,2.3455,2.3467,8367165.9
2025-05-11 14:00:00,2.3467,2.3667,2.3456,2.3603,4306896.4
2025-05-11 15:00:00,2.3603,2.3741,2.3315,2.3473,8128567.1
2025-05-11 16:00:00,2.3473,2.3563,2.3283,2.3483,8943766.0
2025-05-11 17:00:00,2.3484,2.369,2.3411,2.3675,6234370.4
2025-05-11 18:00:00,2.3676,2.3811,2.3534,2.3745,3788917.6
2025-05-11 19:00:00,2.3746,2.3841,2.3703,2.3715,3839477.9
2025-05-11 20:00:00,2.3716,2.379,2.3623,2.3708,3256028.7
2025-05-11 21:00:00,2.3707,2.3726,2.3603,2.3709,2541107.0
2025-05-11 22:00:00,2.3709,2.3802,2.356,2.3668,3694622.6
2025-05-11 23:00:00,2.3668,2.375,2.3622,2.367,2822309.1
2025-05-12 00:00:00,2.3671,2.396,2.3635,2.3958,8612226.0
2025-05-12 01:00:00,2.3957,2.4082,2.3515,2.3731,11838252.5
2025-05-12 02:00:00,2.3732,2.3998,2.3729,2.3931,9126344.3
2025-05-12 03:00:00,2.3931,2.403,2.3787,2.3961,7305974.8
2025-05-12 04:00:00,2.3961,2.415,2.3902,2.4018,9639600.1
2025-05-12 05:00:00,2.4019,2.4056,2.3745,2.3871,6872155.2
2025-05-12 06:00:00,2.3872,2.4034,2.3807,2.3977,9248582.7
2025-05-12 07:00:00,2.3977,2.455,2.3914,2.4136,37661966.9
2025-05-12 08:00:00,2.4136,2.4296,2.3911,2.4245,14348028.8
2025-05-12 09:00:00,2.4245,2.433,2.4171,2.4207,8570534.3
2025-05-12 10:00:00,2.4207,2.4357,2.4122,2.4346,9155392.5
2025-05-12 11:00:00,2.4345,2.4849,2.4304,2.449,32554788.1
2025-05-12 12:00:00,2.4489,2.595,2.4479,2.561,64837420.7
2025-05-12 13:00:00,2.5611,2.6549,2.5565,2.6037,62271177.3
2025-05-12 14:00:00,2.6037,2.6197,2.5248,2.5443,49158886.9
2025-05-12 15:00:00,2.5443,2.6026,2.521,2.5929,40062660.8
2025-05-12 16:00:00,2.5929,2.6138,2.5544,2.5903,19057833.9
2025-05-12 17:00:00,2.5903,2.6144,2.5578,2.5633,17749951.7
2025-05-12 18:00:00,2.5632,2.5809,2.43,2.4678,40908579.6
2025-05-12 19:00:00,2.4678,2.5343,2.4583,2.5329,17238468.9
2025-05-12 20:00:00,2.5329,2.5487,2.5022,2.5299,12873131.3
2025-05-12 21:00:00,2.5299,2.5444,2.5209,2.5369,7036855.3
2025-05-12 22:00:00,2.5369,2.5563,2.5264,2.5298,6972324.1
2025-05-12 23:00:00,2.5299,2.549,2.5242,2.5439,4849685.7
2025-05-13 00:00:00,2.544,2.5459,2.4904,2.4933,10877387.2
2025-05-13 01:00:00,2.4932,2.506,2.4522,2.4701,11196541.9
2025-05-13 02:00:00,2.47,2.4804,2.4267,2.4513,17423812.5
2025-05-13 03:00:00,2.4512,2.4634,2.429,2.43,9851671.7
2025-05-13 04:00:00,2.4299,2.4875,2.4215,2.4852,12501388.9
2025-05-13 05:00:00,2.4852,2.4909,2.4676,2.4851,6912838.6
2025-05-13 06:00:00,2.4852,2.5103,2.4852,2.4991,9424087.9
2025-05-13 07:00:00,2.499,2.5156,2.4919,2.4987,7729356.3
2025-05-13 08:00:00,2.4988,2.5098,2.4864,2.4999,6312235.7
2025-05-13 09:00:00,2.4999,2.565,2.498,2.5457,14855895.9
2025-05-13 10:00:00,2.5458,2.5676,2.5293,2.5528,10333232.3
2025-05-13 11:00:00,2.5527,2.5578,2.526,2.5344,8993905.3
2025-05-13 12:00:00,2.5345,2.563,2.5159,2.544,14672311.7
2025-05-13 13:00:00,2.544,2.559,2.5284,2.5398,7265445.3
2025-05-13 14:00:00,2.5399,2.5412,2.5047,2.5224,9598828.7
2025-05-13 15:00:00,2.5224,2.552,2.5186,2.5433,8369205.5
2025-05-13 16:00:00,2.5433,2.5753,2.5409,2.5516,11424074.7
2025-05-13 17:00:00,2.5516,2.5698,2.535,2.5553,7805194.9
2025-05-13 18:00:00,2.5553,2.573,2.5539,2.5723,5773616.1
2025-05-13 19:00:00,2.5723,2.6053,2.5601,2.5811,13430766.8
2025-05-13 20:00:00,2.581,2.5943,2.5586,2.5826,8057190.3
2025-05-13 21:00:00,2.5825,2.584,2.5635,2.5764,5192827.8
2025-05-13 22:00:00,2.5763,2.5855,2.5623,2.5796,4357732.1
2025-05-13 23:00:00,2.5796,2.602,2.5639,2.5829,8491490.8
2025-05-14 00:00:00,2.5828,2.5882,2.5592,2.568,7117724.6
2025-05-14 01:00:00,2.5681,2.5971,2.5612,2.5643,9577229.1
2025-05-14 02:00:00,2.5643,2.5697,2.5406,2.555,8192546.1
2025-05-14 03:00:00,2.5551,2.5577,2.5415,2.5571,6059916.6
2025-05-14 04:00:00,2.557,2.58,2.5472,2.5769,5960342.9
2025-05-14 05:00:00,2.577,2.589,2.5701,2.5864,5124831.4
2025-05-14 06:00:00,2.5863,2.5986,2.5802,2.5913,7211307.2
2025-05-14 07:00:00,2.5913,2.6358,2.5621,2.6191,16292270.2
2025-05-14 08:00:00,2.6192,2.64,2.5671,2.5697,28641662.0
2025-05-14 09:00:00,2.5698,2.6516,2.5618,2.6282,24640527.9
2025-05-14 10:00:00,2.6282,2.6398,2.5975,2.6031,10119356.2
2025-05-14 11:00:00,2.6032,2.623,2.6013,2.6142,6187622.6
2025-05-14 12:00:00,2.6143,2.6262,2.585,2.5926,7793871.6
2025-05-14 13:00:00,2.5926,2.5998,2.5535,2.5783,16169563.0
2025-05-14 14:00:00,2.5784,2.581,2.5462,2.5674,11460560.5
2025-05-14 15:00:00,2.5675,2.5746,2.5497,2.5616,5851927.6
2025-05-14 16:00:00,2.5615,2.5709,2.5325,2.5486,8884927.6
2025-05-14 17:00:00,2.5487,2.5524,2.5194,2.5522,8312371.9
2025-05-14 18:00:00,2.5523,2.5632,2.5432,2.5626,4268729.5
2025-05-14 19:00:00,2.5627,2.5693,2.5561,2.5669,3140272.6
2025-05-14 20:00:00,2.5669,2.5721,2.5561,2.5611,3587470.4
2025-05-14 21:00:00,2.561,2.5642,2.5462,2.5626,3534071.5
2025-05-14 22:00:00,2.5625,2.5656,2.5466,2.5491,2350405.1
2025-05-14 23:00:00,2.5492,2.555,2.5365,2.5503,3120219.3
2025-05-15 00:00:00,2.5504,2.5719,2.5485,2.5673,4609676.5
2025-05-15 01:00:00,2.5673,2.5677,2.5117,2.5243,8713447.0
2025-05-15 02:00:00,2.5243,2.5426,2.5195,2.538,4075440.1
2025-05-15 03:00:00,2.538,2.55,2.5199,2.5225,6185692.1
2025-05-15 04:00:00,2.5224,2.5344,2.5196,2.5291,3807621.2
2025-05-15 05:00:00,2.529,2.5316,2.4934,2.498,8041941.7
2025-05-15 06:00:00,2.4981,2.5124,2.4868,2.4963,5710996.2
2025-05-15 07:00:00,2.4962,2.502,2.4483,2.4606,12485417.3
2025-05-15 08:00:00,2.4605,2.5015,2.4598,2.4979,7162345.2
2025-05-15 09:00:00,2.4978,2.4978,2.4582,2.4739,8886808.9
2025-05-15 10:00:00,2.4739,2.4767,2.4479,2.462,7135802.4
2025-05-15 11:00:00,2.4621,2.4797,2.4601,2.4778,5751955.7
2025-05-15 12:00:00,2.4777,2.4894,2.4496,2.4631,15808820.6
2025-05-15 13:00:00,2.4631,2.4773,2.427,2.448,10822271.1
2025-05-15 14:00:00,2.448,2.455,2.4041,2.4261,11715267.4
2025-05-15 15:00:00,2.4261,2.4691,2.4239,2.4664,8961351.6
2025-05-15 16:00:00,2.4663,2.4904,2.4515,2.4896,8251355.2
2025-05-15 17:00:00,2.4896,2.5056,2.4723,2.4827,9792071.6
2025-05-15 18:00:00,2.4826,2.4924,2.4297,2.4322,8722925.8
2025-05-15 19:00:00,2.4322,2.4554,2.4201,2.4487,7089875.3
2025-05-15 20:00:00,2.4488,2.4595,2.4224,2.4357,8864063.2
2025-05-15 21:00:00,2.4356,2.4374,2.395,2.4265,8927166.2
2025-05-15 22:00:00,2.4266,2.4409,2.3813,2.3832,9942126.6
2025-05-15 23:00:00,2.3832,2.386,2.3525,2.3856,17855639.4
2025-05-16 00:00:00,2.3856,2.4024,2.374,2.3789,11801621.8
2025-05-16 01:00:00,2.379,2.3828,2.3471,2.375,13156644.8
2025-05-16 02:00:00,2.375,2.4007,2.3718,2.3985,9745261.5
2025-05-16 03:00:00,2.3985,2.4178,2.3918,2.4126,7270316.7
2025-05-16 04:00:00,2.4126,2.4209,2.4004,2.4114,5259795.6
2025-05-16 05:00:00,2.4114,2.4285,2.411,2.4208,5363962.3
2025-05-16 06:00:00,2.4208,2.4294,2.4143,2.4187,3929290.2
2025-05-16 07:00:00,2.4188,2.4243,2.4029,2.4072,5315050.4
2025-05-16 08:00:00,2.4073,2.4165,2.3718,2.3928,7797435.9
2025-05-16 09:00:00,2.3928,2.4264,2.3911,2.4254,5461747.8
2025-05-16 10:00:00,2.4254,2.4314,2.4158,2.4301,4635818.7
2025-05-16 11:00:00,2.43,2.4399,2.42,2.4254,5812904.3
2025-05-16 12:00:00,2.4254,2.43,2.4149,2.421,3507461.0
2025-05-16 13:00:00,2.421,2.4392,2.4181,2.4361,3851186.2
2025-05-16 14:00:00,2.436,2.4377,2.4049,2.4156,8200544.4
2025-05-16 15:00:00,2.4156,2.4346,2.4098,2.4229,5945679.2
2025-05-16 16:00:00,2.4228,2.4309,2.3945,2.4112,6116858.8
2025-05-16 17:00:00,2.4111,2.4187,2.394,2.3989,2602352.3
2025-05-16 18:00:00,2.3988,2.4149,2.3951,2.4073,2733155.1
2025-05-16 19:00:00,2.4072,2.4195,2.4046,2.4181,2080017.1
2025-05-16 20:00:00,2.4181,2.4229,2.3845,2.4058,4418201.5
2025-05-16 21:00:00,2.4057,2.4089,2.3882,2.3975,2102553.5
2025-05-16 22:00:00,2.3975,2.3988,2.3616,2.3716,6420052.1
2025-05-16 23:00:00,2.3715,2.393,2.3712,2.3798,3415310.0
2025-05-17 00:00:00,2.3797,2.3829,2.3397,2.3569,9445540.9
2025-05-17 01:00:00,2.3568,2.3568,2.3126,2.329,12555185.3
2025-05-17 02:00:00,2.3291,2.3521,2.3176,2.3469,5275873.9
2025-05-17 03:00:00,2.3469,2.373,2.3378,2.3705,3306222.5
2025-05-17 04:00:00,2.3704,2.3817,2.3642,2.3737,2869230.1
2025-05-17 05:00:00,2.3737,2.3777,2.363,2.3642,2445377.0
2025-05-17 06:00:00,2.3643,2.3764,2.3631,2.3749,2468448.1
2025-05-17 07:00:00,2.3749,2.3892,2.3701,2.3806,3200122.4
2025-05-17 08:00:00,2.3805,2.3826,2.3651,2.3676,2967091.6
2025-05-17 09:00:00,2.3677,2.3726,2.353,2.3614,3456510.4
2025-05-17 10:00:00,2.3613,2.3759,2.3522,2.3563,3207916.9
2025-05-17 11:00:00,2.3563,2.3614,2.3409,2.3532,3388281.8
2025-05-17 12:00:00,2.3532,2.3558,2.3353,2.3388,3282587.1
2025-05-17 13:00:00,2.3389,2.3465,2.3164,2.3252,5169273.2
2025-05-17 14:00:00,2.3253,2.3562,2.3244,2.3497,5888435.6
2025-05-17 15:00:00,2.3497,2.3505,2.3328,2.333,2733389.1
2025-05-17 16:00:00,2.333,2.3394,2.2984,2.3156,10411395.3
2025-05-17 17:00:00,2.3157,2.3422,2.3136,2.3236,4840414.6
2025-05-17 18:00:00,2.3236,2.3499,2.3222,2.3276,5140654.0
2025-05-17 19:00:00,2.3276,2.3416,2.3235,2.3347,2099751.8
2025-05-17 20:00:00,2.3346,2.3629,2.33,2.3586,4019196.2
2025-05-17 21:00:00,2.3586,2.362,2.3433,2.3583,2647514.9
2025-05-17 22:00:00,2.3582,2.3588,2.3263,2.3435,3423066.5
2025-05-17 23:00:00,2.3435,2.3553,2.3397,2.3531,1493086.6
2025-05-18 00:00:00,2.3531,2.3658,2.3492,2.359,2808473.2
2025-05-18 01:00:00,2.359,2.3684,2.3535,2.3655,1877334.8
2025-05-18 02:00:00,2.3656,2.3689,2.3575,2.3606,1620725.8
2025-05-18 03:00:00,2.3605,2.3683,2.351,2.3586,2567189.2
2025-05-18 04:00:00,2.3586,2.3706,2.3586,2.3676,1479299.8
2025-05-18 05:00:00,2.3676,2.3862,2.3676,2.3838,2222881.6
2025-05-18 06:00:00,2.3839,2.3875,2.3735,2.3805,2884091.6
2025-05-18 07:00:00,2.3805,2.3984,2.3794,2.3968,2881773.4
2025-05-18 08:00:00,2.3968,2.4062,2.3941,2.3949,5189029.4
2025-05-18 09:00:00,2.3949,2.3996,2.3839,2.3901,2491479.9
2025-05-18 10:00:00,2.39,2.3934,2.3868,2.3919,1467346.3
2025-05-18 11:00:00,2.3919,2.3986,2.3864,2.3878,1970976.8
2025-05-18 12:00:00,2.3878,2.3909,2.38,2.3907,2285190.6
2025-05-18 13:00:00,2.3907,2.4098,2.3854,2.4086,3396544.0
2025-05-18 14:00:00,2.4086,2.4394,2.4033,2.4282,9750055.5
2025-05-18 15:00:00,2.4283,2.4449,2.4166,2.4378,4833151.5
2025-05-18 16:00:00,2.4379,2.4497,2.4277,2.437,6916463.9
2025-05-18 17:00:00,2.437,2.4372,2.3951,2.3972,7738862.4
2025-05-18 18:00:00,2.3972,2.3993,2.3653,2.3982,10583948.7
2025-05-18 19:00:00,2.3982,2.4091,2.3662,2.3694,6600926.9
2025-05-18 20:00:00,2.3694,2.3774,2.332,2.3709,13228977.6
2025-05-18 21:00:00,2.371,2.394,2.369,2.3743,3125363.3
2025-05-18 22:00:00,2.3742,2.4064,2.3594,2.4049,5394514.1
2025-05-18 23:00:00,2.4048,2.437,2.3961,2.428,6719944.2
2025-05-19 00:00:00,2.428,2.441,2.3866,2.3988,14007071.9
2025-05-19 01:00:00,2.3989,2.4056,2.3781,2.3899,6417754.4
2025-05-19 02:00:00,2.3899,2.3958,2.3724,2.3748,6093482.8
2025-05-19 03:00:00,2.3747,2.3759,2.3486,2.3489,5990148.0
2025-05-19 04:00:00,2.3489,2.3628,2.3229,2.3333,9047110.2
2025-05-19 05:00:00,2.3333,2.3461,2.3217,2.3429,8543920.0
2025-05-19 06:00:00,2.3429,2.3508,2.2832,2.2851,17644908.9
2025-05-19 07:00:00,2.285,2.3185,2.2827,2.3055,10565971.4
2025-05-19 08:00:00,2.3056,2.309,2.2868,2.3062,8508103.1
2025-05-19 09:00:00,2.3062,2.3231,2.2957,2.3139,7368099.3
2025-05-19 10:00:00,2.3139,2.324,2.3026,2.3151,3953790.9
2025-05-19 11:00:00,2.3152,2.3265,2.3131,2.3243,3363094.7
2025-05-19 12:00:00,2.3243,2.3266,2.2906,2.2994,6239475.7
2025-05-19 13:00:00,2.2994,2.3317,2.2966,2.3236,6198919.6
2025-05-19 14:00:00,2.3236,2.349,2.3172,2.3445,5953525.1
2025-05-19 15:00:00,2.3444,2.3586,2.3347,2.3494,6565184.3
2025-05-19 16:00:00,2.3493,2.3664,2.3366,2.366,5629830.0
2025-05-19 17:00:00,2.3659,2.3823,2.3624,2.3681,4956917.9
2025-05-19 18:00:00,2.3681,2.3746,2.3505,2.3679,4519742.9
2025-05-19 19:00:00,2.3679,2.401,2.3623,2.3986,8241615.4
2025-05-19 20:00:00,2.3986,2.3988,2.381,2.3897,4255523.0
2025-05-19 21:00:00,2.3897,2.3902,2.3668,2.3813,4256313.7
2025-05-19 22:00:00,2.3812,2.3846,2.366,2.3758,2469558.8
2025-05-19 23:00:00,2.3758,2.3853,2.3733,2.3803,2090884.4
2025-05-20 00:00:00,2.3803,2.3982,2.3741,2.3764,7638455.9
2025-05-20 01:00:00,2.3764,2.4053,2.3742,2.3964,9692495.6
2025-05-20 02:00:00,2.3964,2.409,2.3829,2.3903,9407907.6
2025-05-20 03:00:00,2.3903,2.3915,2.3764,2.3824,4769946.1
2025-05-20 04:00:00,2.3823,2.3888,2.3751,2.3879,3237673.8
2025-05-20 05:00:00,2.3879,2.3927,2.3754,2.3759,4179167.8
2025-05-20 06:00:00,2.3759,2.3788,2.3578,2.366,6694666.8
2025-05-20 07:00:00,2.3659,2.3673,2.3458,2.3464,6892222.2
2025-05-20 08:00:00,2.3463,2.3591,2.3365,2.3564,5207981.2
2025-05-20 09:00:00,2.3564,2.3589,2.3469,2.3502,2840887.1
2025-05-20 10:00:00,2.3503,2.359,2.3377,2.3449,5346999.2
2025-05-20 11:00:00,2.345,2.3506,2.3346,2.3465,3238511.0
2025-05-20 12:00:00,2.3465,2.3465,2.3232,2.3351,5129931.1
2025-05-20 13:00:00,2.3352,2.3418,2.3203,2.3248,5725410.6
2025-05-20 14:00:00,2.3247,2.3433,2.3206,2.3293,5977625.4
2025-05-20 15:00:00,2.3292,2.3469,2.3284,2.3425,4100114.6
2025-05-20 16:00:00,2.3425,2.3448,2.3284,2.3341,5025274.5
2025-05-20 17:00:00,2.3341,2.3553,2.3326,2.3492,4802738.1
2025-05-20 18:00:00,2.3493,2.3547,2.3141,2.3181,8330381.5
2025-05-20 19:00:00,2.3181,2.371,2.3145,2.3557,8341850.6
2025-05-20 20:00:00,2.3557,2.3627,2.3427,2.3551,4623875.1
2025-05-20 21:00:00,2.3551,2.3622,2.3401,2.3553,5713700.6
2025-05-20 22:00:00,2.3552,2.3587,2.3377,2.3493,5576104.6
2025-05-20 23:00:00,2.3493,2.3648,2.3463,2.3565,3799755.8
2025-05-21 00:00:00,2.3565,2.3612,2.347,2.351,4017035.9
2025-05-21 01:00:00,2.3509,2.3619,2.3452,2.3465,4470265.6
2025-05-21 02:00:00,2.3464,2.3578,2.3311,2.3564,5013064.4
2025-05-21 03:00:00,2.3564,2.3674,2.3541,2.3585,4484716.9
2025-05-21 04:00:00,2.3585,2.3794,2.3548,2.3699,6317975.2
2025-05-21 05:00:00,2.3699,2.3944,2.3695,2.3818,9193139.9
2025-05-21 06:00:00,2.3819,2.3868,2.37,2.3773,6338808.4
2025-05-21 07:00:00,2.3774,2.3812,2.3414,2.349,8044469.2
2025-05-21 08:00:00,2.3491,2.3607,2.3481,2.3494,3773446.6
2025-05-21 09:00:00,2.3494,2.3533,2.3362,2.3392,3971962.8
2025-05-21 10:00:00,2.3393,2.3481,2.3308,2.344,5138801.6
2025-05-21 11:00:00,2.344,2.3578,2.3415,2.3524,4301365.3
2025-05-21 12:00:00,2.3523,2.362,2.3464,2.3544,3471090.9
2025-05-21 13:00:00,2.3545,2.3783,2.3454,2.3672,6885109.9
2025-05-21 14:00:00,2.3671,2.4007,2.3609,2.4001,10670917.0
2025-05-21 15:00:00,2.4001,2.4068,2.3819,2.3993,15710950.2
2025-05-21 16:00:00,2.3994,2.4288,2.3934,2.4157,11530867.7
2025-05-21 17:00:00,2.4157,2.4205,2.3349,2.3465,26406343.4
2025-05-21 18:00:00,2.3465,2.3741,2.3413,2.3582,7883761.9
2025-05-21 19:00:00,2.3583,2.3915,2.3527,2.3899,4388105.4
2025-05-21 20:00:00,2.3898,2.3932,2.3699,2.3841,6124384.9
2025-05-21 21:00:00,2.3841,2.3852,2.3721,2.3761,2286807.5
2025-05-21 22:00:00,2.3761,2.4004,2.3748,2.3921,4565883.4
2025-05-21 23:00:00,2.3921,2.4164,2.385,2.3952,10081392.7
2025-05-22 00:00:00,2.3953,2.4065,2.3881,2.4041,10031075.1
2025-05-22 01:00:00,2.4041,2.413,2.3881,2.395,10320209.9
2025-05-22 02:00:00,2.3949,2.4111,2.3935,2.4036,5106625.6
2025-05-22 03:00:00,2.4035,2.4233,2.3967,2.4173,7460958.2
2025-05-22 04:00:00,2.4173,2.4205,2.4095,2.419,5749753.3
2025-05-22 05:00:00,2.419,2.4197,2.4002,2.4013,6123521.0
2025-05-22 06:00:00,2.4013,2.4077,2.393,2.395,6811265.5
2025-05-22 07:00:00,2.395,2.4076,2.3881,2.4055,7223221.5
2025-05-22 08:00:00,2.4055,2.4417,2.4039,2.4346,12999986.5
2025-05-22 09:00:00,2.4346,2.4555,2.4262,2.4317,11000275.3
2025-05-22 10:00:00,2.4317,2.4359,2.4191,2.4218,5966628.8
2025-05-22 11:00:00,2.4218,2.4391,2.4113,2.4319,7762159.0
2025-05-22 12:00:00,2.4319,2.442,2.4214,2.4291,7395763.5
2025-05-22 13:00:00,2.4291,2.4297,2.4089,2.4179,6297684.7
2025-05-22 14:00:00,2.4179,2.4365,2.4159,2.4254,5137934.6
2025-05-22 15:00:00,2.4255,2.4388,2.4222,2.4328,4458793.4
2025-05-22 16:00:00,2.4329,2.4389,2.4179,2.4211,4351953.7
2025-05-22 17:00:00,2.4211,2.4346,2.418,2.4282,2801225.7
2025-05-22 18:00:00,2.4283,2.4359,2.4231,2.431,2686026.1
2025-05-22 19:00:00,2.4309,2.4326,2.4153,2.4229,3396068.9
2025-05-22 20:00:00,2.423,2.4316,2.4171,2.422,3201708.2
2025-05-22 21:00:00,2.422,2.422,2.4053,2.4118,2938470.2
2025-05-22 22:00:00,2.4119,2.4244,2.4101,2.4148,2886181.9
2025-05-22 23:00:00,2.4149,2.433,2.4149,2.4311,2932703.9
2025-05-23 00:00:00,2.4311,2.4426,2.4212,2.4341,9482723.4
2025-05-23 01:00:00,2.4341,2.4583,2.4268,2.4519,9092706.3
2025-05-23 02:00:00,2.4519,2.4799,2.4511,2.4608,12585896.2
2025-05-23 03:00:00,2.4608,2.4775,2.4585,2.4734,5532572.9
2025-05-23 04:00:00,2.4735,2.478,2.4391,2.4564,6521213.1
2025-05-23 05:00:00,2.4564,2.4614,2.4419,2.4546,5410665.0
2025-05-23 06:00:00,2.4545,2.4573,2.41,2.4204,11887348.8
2025-05-23 07:00:00,2.4204,2.4335,2.4173,2.4269,5240157.1
2025-05-23 08:00:00,2.4268,2.444,2.4266,2.4389,4974507.2
2025-05-23 09:00:00,2.4388,2.4541,2.4367,2.4499,5262423.0
2025-05-23 10:00:00,2.45,2.4507,2.4348,2.4421,4064259.9
2025-05-23 11:00:00,2.4421,2.4437,2.352,2.3636,19333378.9
2025-05-23 12:00:00,2.3637,2.3649,2.3,2.3488,29950899.6
2025-05-23 13:00:00,2.3487,2.376,2.3335,2.3726,12608575.9
2025-05-23 14:00:00,2.3726,2.3829,2.366,2.3758,7056229.3
2025-05-23 15:00:00,2.3757,2.3818,2.3598,2.3617,4913166.2
2025-05-23 16:00:00,2.3617,2.3669,2.3475,2.363,7182132.7
2025-05-23 17:00:00,2.363,2.375,2.3603,2.3669,3060924.2
2025-05-23 18:00:00,2.367,2.3709,2.3456,2.3505,4125879.1
2025-05-23 19:00:00,2.3505,2.3621,2.339,2.3403,4060251.6
2025-05-23 20:00:00,2.3403,2.3454,2.3246,2.3263,5590771.7
2025-05-23 21:00:00,2.3263,2.3404,2.3217,2.3274,4738576.1
2025-05-23 22:00:00,2.3275,2.3382,2.3139,2.3162,3622813.3
2025-05-23 23:00:00,2.3161,2.3186,2.2838,2.2966,11037383.9
2025-05-24 00:00:00,2.2965,2.3181,2.2859,2.3003,7144823.2
2025-05-24 01:00:00,2.3003,2.321,2.3,2.3139,3303059.8
2025-05-24 02:00:00,2.3138,2.329,2.3076,2.3281,2171996.8
2025-05-24 03:00:00,2.3281,2.3364,2.3261,2.3341,2512442.0
2025-05-24 04:00:00,2.3342,2.3481,2.3335,2.3443,2422026.4
2025-05-24 05:00:00,2.3442,2.3464,2.3325,2.3393,2566489.2
2025-05-24 06:00:00,2.3392,2.3446,2.3284,2.3378,1688484.4
2025-05-24 07:00:00,2.3378,2.3456,2.3341,2.336,1419606.8
2025-05-24 08:00:00,2.336,2.3447,2.3314,2.3441,1940730.3
2025-05-24 09:00:00,2.3442,2.3498,2.3422,2.3429,2116930.1
2025-05-24 10:00:00,2.343,2.36,2.343,2.3546,2868016.2
2025-05-24 11:00:00,2.3545,2.3595,2.3516,2.3517,1759754.2
2025-05-24 12:00:00,2.3518,2.3547,2.343,2.3501,3180873.1
2025-05-24 13:00:00,2.3501,2.354,2.3436,2.3471,1636981.2
2025-05-24 14:00:00,2.347,2.3568,2.3458,2.3537,1311798.3
2025-05-24 15:00:00,2.3537,2.3554,2.3486,2.3523,1332126.0
2025-05-24 16:00:00,2.3524,2.3528,2.3403,2.3494,1449813.5
2025-05-24 17:00:00,2.3495,2.3543,2.344,2.3479,817543.3
2025-05-24 18:00:00,2.348,2.3548,2.3436,2.3454,992570.3
2025-05-24 19:00:00,2.3455,2.3503,2.3443,2.3487,744637.0
2025-05-24 20:00:00,2.3487,2.3508,2.3455,2.3498,841840.4
2025-05-24 21:00:00,2.3498,2.3504,2.3315,2.3428,1796954.0
2025-05-24 22:00:00,2.3428,2.3432,2.3285,2.332,2358883.6
2025-05-24 23:00:00,2.332,2.3365,2.3217,2.3303,2402708.1
2025-05-25 00:00:00,2.3304,2.3365,2.2987,2.3057,6090399.6
2025-05-25 01:00:00,2.3057,2.3166,2.2927,2.3107,3811071.7
2025-05-25 02:00:00,2.3107,2.3183,2.3,2.3166,3216416.3
2025-05-25 03:00:00,2.3167,2.3261,2.3156,2.3228,1919564.7
2025-05-25 04:00:00,2.3228,2.3253,2.313,2.3241,2163472.0
2025-05-25 05:00:00,2.324,2.3257,2.3168,2.3224,1347575.3
2025-05-25 06:00:00,2.3225,2.3234,2.3145,2.3192,1351676.6
2025-05-25 07:00:00,2.3192,2.3192,2.3013,2.308,2654496.0
2025-05-25 08:00:00,2.3081,2.3081,2.2781,2.2894,7009471.7
2025-05-25 09:00:00,2.2893,2.2935,2.2785,2.2929,4355729.8
2025-05-25 10:00:00,2.2929,2.2973,2.2827,2.284,3718938.7
2025-05-25 11:00:00,2.284,2.2944,2.2806,2.2926,2257557.7
2025-05-25 12:00:00,2.2925,2.3058,2.2886,2.3048,2705767.1
2025-05-25 13:00:00,2.3048,2.3109,2.2978,2.3031,3243175.2
2025-05-25 14:00:00,2.3031,2.3035,2.2863,2.2921,2528255.1
2025-05-25 15:00:00,2.2922,2.2937,2.266,2.2877,8933988.3
2025-05-25 16:00:00,2.2878,2.2908,2.2718,2.2862,2926072.8
2025-05-25 17:00:00,2.2863,2.298,2.2863,2.2979,2438236.5
2025-05-25 18:00:00,2.298,2.307,2.2961,2.3023,2278428.1
2025-05-25 19:00:00,2.3022,2.3124,2.3018,2.3055,1673644.1
2025-05-25 20:00:00,2.3056,2.3094,2.2994,2.3092,2395921.7
2025-05-25 21:00:00,2.3093,2.3156,2.2994,2.3048,1863300.3
2025-05-25 22:00:00,2.3048,2.3403,2.3025,2.3381,6206844.6
2025-05-25 23:00:00,2.3382,2.345,2.3276,2.3417,4388269.5
2025-05-26 00:00:00,2.3416,2.3527,2.3308,2.352,4518782.4
2025-05-26 01:00:00,2.3521,2.354,2.3404,2.3459,2587665.1
2025-05-26 02:00:00,2.3458,2.3462,2.3345,2.3414,2307505.7
2025-05-26 03:00:00,2.3415,2.3459,2.3368,2.3425,2390501.0
2025-05-26 04:00:00,2.3426,2.3496,2.3391,2.3485,2331138.2
2025-05-26 05:00:00,2.3486,2.3491,2.3431,2.3447,2235820.1
2025-05-26 06:00:00,2.3447,2.347,2.3359,2.3458,3601811.5
2025-05-26 07:00:00,2.3458,2.3593,2.3457,2.3488,5351579.4
2025-05-26 08:00:00,2.3489,2.3556,2.3416,2.3429,3443015.3
2025-05-26 09:00:00,2.3429,2.3468,2.3392,2.3405,2660351.4
2025-05-26 10:00:00,2.3405,2.345,2.3323,2.335,2592554.4
2025-05-26 11:00:00,2.335,2.3374,2.3292,2.3349,3299470.6
2025-05-26 12:00:00,2.3349,2.345,2.3316,2.3409,2330406.9
2025-05-26 13:00:00,2.3408,2.3452,2.3189,2.3241,4845753.9
2025-05-26 14:00:00,2.324,2.326,2.3123,2.3214,4256688.3
2025-05-26 15:00:00,2.3215,2.3424,2.3154,2.3328,4644445.1
2025-05-26 16:00:00,2.3329,2.3365,2.3115,2.3126,4681361.2
2025-05-26 17:00:00,2.3126,2.3173,2.2961,2.3004,4964588.1
2025-05-26 18:00:00,2.3003,2.3106,2.2958,2.3047,2792538.5
2025-05-26 19:00:00,2.3046,2.3141,2.3012,2.3119,1469378.4
2025-05-26 20:00:00,2.3119,2.3194,2.3047,2.318,1781714.7
2025-05-26 21:00:00,2.318,2.3189,2.3071,2.312,1536348.6
2025-05-26 22:00:00,2.3121,2.3248,2.3028,2.3045,2587004.7
2025-05-26 23:00:00,2.3044,2.3114,2.3001,2.3103,1958346.5
2025-05-27 00:00:00,2.3103,2.317,2.2989,2.3028,2170338.9
2025-05-27 01:00:00,2.3028,2.3033,2.2671,2.2856,10291484.0
2025-05-27 02:00:00,2.2856,2.2949,2.282,2.2849,2771826.5
2025-05-27 03:00:00,2.2848,2.3036,2.2836,2.2958,3930648.5
2025-05-27 04:00:00,2.2958,2.3037,2.2932,2.294,3352303.9
2025-05-27 05:00:00,2.2941,2.2974,2.2841,2.2964,2981099.7
2025-05-27 06:00:00,2.2963,2.3104,2.2882,2.2888,6668019.1
2025-05-27 07:00:00,2.2888,2.3038,2.2888,2.3012,3802820.3
2025-05-27 08:00:00,2.3013,2.316,2.3013,2.3154,3844202.3
2025-05-27 09:00:00,2.3155,2.3193,2.3078,2.3162,2777126.2
2025-05-27 10:00:00,2.3161,2.3193,2.3139,2.3167,2850793.3
2025-05-27 11:00:00,2.3166,2.3233,2.3094,2.3197,2777882.0
2025-05-27 12:00:00,2.3196,2.3266,2.3178,2.3255,2796165.3
2025-05-27 13:00:00,2.3255,2.3543,2.325,2.331,10626404.5
2025-05-27 14:00:00,2.3311,2.3418,2.307,2.3313,5530962.7
2025-05-27 15:00:00,2.3314,2.3435,2.3264,2.3378,4222372.1
2025-05-27 16:00:00,2.3378,2.3455,2.3319,2.3395,3407885.0
2025-05-27 17:00:00,2.3396,2.3493,2.3334,2.3416,3568658.4
2025-05-27 18:00:00,2.3416,2.3454,2.3331,2.3359,2199075.5
2025-05-27 19:00:00,2.3358,2.3408,2.333,2.3355,2741603.2
2025-05-27 20:00:00,2.3356,2.3372,2.3273,2.3302,2182232.6
2025-05-27 21:00:00,2.3302,2.3332,2.3131,2.3169,4233581.7
2025-05-27 22:00:00,2.3169,2.3203,2.3055,2.3182,2680117.1
2025-05-27 23:00:00,2.3181,2.3212,2.3135,2.3168,1638914.7
2025-05-28 00:00:00,2.3167,2.323,2.3087,2.3212,1759733.3
2025-05-28 01:00:00,2.3211,2.3232,2.3092,2.31,2344126.3
2025-05-28 02:00:00,2.3099,2.3127,2.3028,2.3089,2114269.5
2025-05-28 03:00:00,2.3089,2.3135,2.3047,2.3126,2020515.1
2025-05-28 04:00:00,2.3125,2.3163,2.3047,2.3129,1423402.4
2025-05-28 05:00:00,2.313,2.3135,2.303,2.3034,2085748.3
2025-05-28 06:00:00,2.3033,2.3036,2.287,2.2886,5951987.6
2025-05-28 07:00:00,2.2886,2.2997,2.2842,2.2957,5555690.4
2025-05-28 08:00:00,2.2957,2.3035,2.2916,2.301,2473253.6
2025-05-28 09:00:00,2.3011,2.3017,2.29,2.2965,3081276.4
2025-05-28 10:00:00,2.2964,2.305,2.2881,2.3033,2937045.4
2025-05-28 11:00:00,2.3034,2.3103,2.3013,2.308,3520604.9
2025-05-28 12:00:00,2.308,2.3151,2.305,2.3068,2862231.3
2025-05-28 13:00:00,2.3069,2.3079,2.2805,2.2822,6786846.0
2025-05-28 14:00:00,2.2822,2.2857,2.2675,2.2683,9573976.8
2025-05-28 15:00:00,2.2683,2.2779,2.2522,2.2528,9163830.3
2025-05-28 16:00:00,2.2528,2.2682,2.2521,2.2592,4001832.0
2025-05-28 17:00:00,2.2592,2.2669,2.2365,2.2502,8266488.8
2025-05-28 18:00:00,2.2501,2.26,2.2402,2.2433,5441945.7
2025-05-28 19:00:00,2.2432,2.256,2.2265,2.2275,6352469.6
2025-05-28 20:00:00,2.2275,2.2541,2.2266,2.2521,3876584.4
2025-05-28 21:00:00,2.252,2.2633,2.2507,2.2618,2334784.7
2025-05-28 22:00:00,2.2617,2.2625,2.2523,2.261,2305333.6
2025-05-28 23:00:00,2.261,2.281,2.26,2.2742,3557224.0
2025-05-29 00:00:00,2.2742,2.2974,2.2674,2.2955,4817425.9
2025-05-29 01:00:00,2.2955,2.2974,2.2819,2.29,3500919.1
2025-05-29 02:00:00,2.2901,2.3119,2.2823,2.3107,5464301.2
2025-05-29 03:00:00,2.3106,2.3125,2.2882,2.2911,3957032.1
2025-05-29 04:00:00,2.2911,2.2948,2.2736,2.282,5346071.9
2025-05-29 05:00:00,2.2821,2.2884,2.2777,2.2802,3129498.7
2025-05-29 06:00:00,2.2801,2.2883,2.2793,2.2848,3422419.9
2025-05-29 07:00:00,2.2848,2.2875,2.2715,2.2796,5477242.2
2025-05-29 08:00:00,2.2796,2.2963,2.277,2.2949,4911563.8
2025-05-29 09:00:00,2.2949,2.2965,2.2898,2.2929,2168363.3
2025-05-29 10:00:00,2.2929,2.303,2.2881,2.301,3382461.9
2025-05-29 11:00:00,2.3011,2.304,2.2965,2.3019,3360389.7
2025-05-29 12:00:00,2.3019,2.303,2.2883,2.2952,4255698.1
2025-05-29 13:00:00,2.2952,2.3095,2.2832,2.287,5348626.8
2025-05-29 14:00:00,2.2869,2.2945,2.266,2.2916,7131391.2
2025-05-29 15:00:00,2.2915,2.2958,2.275,2.2764,4039814.7
2025-05-29 16:00:00,2.2765,2.2833,2.2678,2.2713,4037912.5
2025-05-29 17:00:00,2.2712,2.2914,2.269,2.2838,4144245.2
2025-05-29 18:00:00,2.2839,2.2906,2.2715,2.2716,3321626.4
2025-05-29 19:00:00,2.2716,2.2766,2.2532,2.2643,5289856.9
2025-05-29 20:00:00,2.2643,2.2755,2.2636,2.2722,3384113.9
2025-05-29 21:00:00,2.2721,2.2835,2.268,2.2818,1528676.2
2025-05-29 22:00:00,2.2819,2.2819,2.2606,2.2608,2004996.9
2025-05-29 23:00:00,2.2607,2.264,2.238,2.2442,5675866.2
2025-05-30 00:00:00,2.2441,2.2523,2.1316,2.1564,33733876.2
2025-05-30 01:00:00,2.1565,2.1991,2.1506,2.1931,19507574.9
2025-05-30 02:00:00,2.1932,2.2222,2.1917,2.2186,10447283.8
2025-05-30 03:00:00,2.2186,2.2311,2.2151,2.2175,4223797.3
2025-05-30 04:00:00,2.2175,2.2237,2.209,2.2223,5962376.2
2025-05-30 05:00:00,2.2223,2.2253,2.2101,2.2156,6453839.5
2025-05-30 06:00:00,2.2155,2.216,2.1783,2.186,8166469.9
2025-05-30 07:00:00,2.1861,2.1985,2.174,2.1904,8480498.5
2025-05-30 08:00:00,2.1904,2.1929,2.1745,2.1874,5525350.9
2025-05-30 09:00:00,2.1874,2.1956,2.1702,2.1945,5413000.1
2025-05-30 10:00:00,2.1944,2.2048,2.1848,2.2045,5645927.6
2025-05-30 11:00:00,2.2045,2.2145,2.2013,2.2066,4290835.5
2025-05-30 12:00:00,2.2067,2.2099,2.1851,2.1954,5470166.6
2025-05-30 13:00:00,2.1954,2.2025,2.1684,2.17,9129627.9
2025-05-30 14:00:00,2.17,2.1889,2.1624,2.1771,8199145.6
2025-05-30 15:00:00,2.1771,2.2012,2.1762,2.1836,4933247.0
2025-05-30 16:00:00,2.1836,2.1912,2.135,2.1535,14659494.4
2025-05-30 17:00:00,2.1536,2.1752,2.1528,2.1745,5201451.6
2025-05-30 18:00:00,2.1744,2.2053,2.1742,2.2027,5141131.5
2025-05-30 19:00:00,2.2027,2.2058,2.1853,2.186,2722656.6
2025-05-30 20:00:00,2.1861,2.1969,2.1843,2.1886,2019206.3
2025-05-30 21:00:00,2.1886,2.1956,2.1784,2.1807,2042458.6
2025-05-30 22:00:00,2.1807,2.1844,2.1388,2.1401,6385076.3
2025-05-30 23:00:00,2.1402,2.1549,2.1297,2.1398,8803336.8
2025-05-31 00:00:00,2.1397,2.1487,2.106,2.1285,11921368.9
2025-05-31 01:00:00,2.1286,2.1442,2.0996,2.1188,12610916.5
2025-05-31 02:00:00,2.1187,2.1401,2.1,2.1012,7169518.8
2025-05-31 03:00:00,2.1012,2.1131,2.0794,2.1103,10055999.6
2025-05-31 04:00:00,2.1103,2.1335,2.0996,2.1331,5117664.4
2025-05-31 05:00:00,2.133,2.1398,2.1262,2.1266,3647396.9
2025-05-31 06:00:00,2.1266,2.143,2.1253,2.1361,2357377.2
2025-05-31 07:00:00,2.1361,2.1387,2.1271,2.1289,2176539.4
2025-05-31 08:00:00,2.1289,2.1399,2.1278,2.137,3532195.4
2025-05-31 09:00:00,2.137,2.1448,2.1312,2.1425,4092949.8
2025-05-31 10:00:00,2.1425,2.1533,2.1321,2.1391,4360814.8
2025-05-31 11:00:00,2.1392,2.1427,2.1287,2.1394,1962066.2
2025-05-31 12:00:00,2.1395,2.1628,2.1394,2.1626,4179713.9
2025-05-31 13:00:00,2.1626,2.1693,2.1524,2.1575,4343239.3
2025-05-31 14:00:00,2.1574,2.1712,2.1568,2.1695,3102999.7
2025-05-31 15:00:00,2.1696,2.1815,2.1688,2.173,3601553.1
2025-05-31 16:00:00,2.173,2.1912,2.1705,2.191,3199355.4
2025-05-31 17:00:00,2.191,2.2036,2.1821,2.1846,5708875.1
2025-05-31 18:00:00,2.1846,2.1956,2.1838,2.1888,2613737.5
2025-05-31 19:00:00,2.1887,2.2065,2.1887,2.1919,3417125.6
2025-05-31 20:00:00,2.1919,2.1992,2.1897,2.1926,1807536.5
2025-05-31 21:00:00,2.1926,2.2003,2.1905,2.1948,2529368.8
2025-05-31 22:00:00,2.1949,2.1967,2.1757,2.1785,3334347.8
2025-05-31 23:00:00,2.1785,2.1886,2.1719,2.1738,2507227.4
2025-06-01 00:00:00,2.1739,2.1744,2.1641,2.1723,2293178.9
2025-06-01 01:00:00,2.1724,2.1786,2.1574,2.1605,2342882.5
2025-06-01 02:00:00,2.1605,2.1643,2.1499,2.1594,2347187.6
2025-06-01 03:00:00,2.1595,2.1649,2.1495,2.1637,1996625.6
2025-06-01 04:00:00,2.1636,2.1765,2.1583,2.1728,1500184.5
2025-06-01 05:00:00,2.1727,2.1768,2.1684,2.1711,1138766.2
2025-06-01 06:00:00,2.171,2.1715,2.1604,2.1634,1098284.4
2025-06-01 07:00:00,2.1633,2.1639,2.1548,2.1594,1485968.7
2025-06-01 08:00:00,2.1593,2.1604,2.1438,2.1481,2501471.9
2025-06-01 09:00:00,2.1481,2.1504,2.1231,2.1327,5804163.3
2025-06-01 10:00:00,2.1328,2.1423,2.1242,2.1417,3482550.2
2025-06-01 11:00:00,2.1417,2.1482,2.1366,2.1411,2344362.0
2025-06-01 12:00:00,2.1411,2.1411,2.1263,2.132,2817755.6
2025-06-01 13:00:00,2.132,2.1434,2.13,2.1402,2583894.3
2025-06-01 14:00:00,2.1402,2.1538,2.1401,2.1463,3024190.8
2025-06-01 15:00:00,2.1463,2.1561,2.1432,2.1522,1916488.3
2025-06-01 16:00:00,2.1522,2.1748,2.1494,2.1689,5802971.4
2025-06-01 17:00:00,2.1689,2.1767,2.1662,2.1719,2407774.4
2025-06-01 18:00:00,2.172,2.172,2.1454,2.1573,4684152.4
2025-06-01 19:00:00,2.1574,2.168,2.1543,2.1675,1734289.9
2025-06-01 20:00:00,2.1675,2.1695,2.1551,2.1552,1687497.3
2025-06-01 21:00:00,2.1552,2.1778,2.1534,2.1725,3902182.0
2025-06-01 22:00:00,2.1725,2.1809,2.1696,2.1728,1784789.4
2025-06-01 23:00:00,2.1727,2.1879,2.1727,2.1792,2283236.1
2025-06-02 00:00:00,2.1792,2.1816,2.1672,2.1707,3249677.1
2025-06-02 01:00:00,2.1707,2.1834,2.1641,2.1642,2934020.7
2025-06-02 02:00:00,2.1642,2.1714,2.1568,2.1595,3988712.9
2025-06-02 03:00:00,2.1596,2.1615,2.1509,2.1574,3307089.9
2025-06-02 04:00:00,2.1575,2.1745,2.1572,2.1695,3014963.5
2025-06-02 05:00:00,2.1695,2.1755,2.1644,2.1691,3672573.0
2025-06-02 06:00:00,2.1692,2.1734,2.1574,2.1671,6055118.4
2025-06-02 07:00:00,2.167,2.1794,2.1616,2.1633,4503467.2
2025-06-02 08:00:00,2.1633,2.1793,2.1616,2.1632,4903639.8
2025-06-02 09:00:00,2.1633,2.1637,2.1483,2.1531,6390197.5
2025-06-02 10:00:00,2.1531,2.1587,2.1422,2.1462,6572365.8
2025-06-02 11:00:00,2.1462,2.1496,2.1357,2.143,4543007.9
2025-06-02 12:00:00,2.143,2.1531,2.1375,2.1522,3943712.0
2025-06-02 13:00:00,2.1521,2.1555,2.1392,2.143,4717807.7
2025-06-02 14:00:00,2.143,2.1596,2.1375,2.15,5165059.0
2025-06-02 15:00:00,2.15,2.1636,2.1432,2.1594,2743568.7
2025-06-02 16:00:00,2.1594,2.1649,2.1494,2.1633,1771234.5
2025-06-02 17:00:00,2.1633,2.1765,2.1625,2.1686,3427283.6
2025-06-02 18:00:00,2.1687,2.1786,2.164,2.1655,2262461.5
2025-06-02 19:00:00,2.1656,2.1735,2.1565,2.1653,2391219.3
2025-06-02 20:00:00,2.1653,2.1849,2.1653,2.1763,4263602.3
2025-06-02 21:00:00,2.1764,2.1862,2.1747,2.1859,2503377.2
2025-06-02 22:00:00,2.1859,2.2045,2.1858,2.1906,7157840.4
2025-06-02 23:00:00,2.1906,2.2038,2.1892,2.1965,2996578.9
2025-06-03 00:00:00,2.1965,2.2101,2.1922,2.204,4315167.4
2025-06-03 01:00:00,2.2041,2.2198,2.204,2.2183,4762097.9
2025-06-03 02:00:00,2.2183,2.2219,2.1979,2.1995,6327230.5
2025-06-03 03:00:00,2.1995,2.2019,2.1845,2.1958,4398162.1
2025-06-03 04:00:00,2.1957,2.1976,2.1876,2.1902,2791606.0
2025-06-03 05:00:00,2.1903,2.2054,2.1903,2.2037,2153889.7
2025-06-03 06:00:00,2.2037,2.207,2.1957,2.2022,2403299.3
2025-06-03 07:00:00,2.2022,2.2031,2.188,2.19,3370355.6
2025-06-03 08:00:00,2.19,2.1958,2.1838,2.1912,3018714.7
2025-06-03 09:00:00,2.1912,2.2014,2.1889,2.199,2063004.3
2025-06-03 10:00:00,2.1991,2.2022,2.1945,2.2018,1993944.5
2025-06-03 11:00:00,2.2018,2.2202,2.2015,2.2149,6193886.3
2025-06-03 12:00:00,2.2148,2.225,2.2081,2.2249,4033747.2
2025-06-03 13:00:00,2.225,2.2311,2.2058,2.2155,5558457.6
2025-06-03 14:00:00,2.2156,2.2394,2.206,2.2374,4764495.6
2025-06-03 15:00:00,2.2374,2.2759,2.2304,2.2631,12618188.9
2025-06-03 16:00:00,2.2632,2.2722,2.2491,2.2538,7006914.3
2025-06-03 17:00:00,2.2538,2.261,2.244,2.2484,4451876.2
2025-06-03 18:00:00,2.2484,2.2643,2.24,2.2606,2753796.1
2025-06-03 19:00:00,2.2606,2.2819,2.2567,2.2814,5671210.7
2025-06-03 20:00:00,2.2815,2.2821,2.2424,2.2541,6927588.7
2025-06-03 21:00:00,2.2541,2.271,2.2346,2.2418,5079704.6
2025-06-03 22:00:00,2.2419,2.2654,2.2378,2.2591,5123757.9
2025-06-03 23:00:00,2.2591,2.2599,2.2427,2.2446,2253135.0
2025-06-04 00:00:00,2.2445,2.2487,2.2297,2.2468,3356895.9
2025-06-04 01:00:00,2.2469,2.2641,2.2469,2.2542,4268136.4
2025-06-04 02:00:00,2.2542,2.2658,2.2461,2.2472,3267015.6
2025-06-04 03:00:00,2.2471,2.2597,2.2471,2.2528,3003815.9
2025-06-04 04:00:00,2.2528,2.253,2.2433,2.2442,2412090.8
2025-06-04 05:00:00,2.2441,2.2473,2.2373,2.2377,2912820.6
2025-06-04 06:00:00,2.2377,2.2408,2.2316,2.2349,2407018.9
2025-06-04 07:00:00,2.235,2.2396,2.2276,2.234,4390667.7
2025-06-04 08:00:00,2.2339,2.2514,2.2332,2.2487,3440281.0
2025-06-04 09:00:00,2.2488,2.263,2.2469,2.2592,3297131.3
2025-06-04 10:00:00,2.2591,2.2642,2.2535,2.2555,3008388.9
2025-06-04 11:00:00,2.2554,2.2616,2.2476,2.253,3182639.4
2025-06-04 12:00:00,2.253,2.2538,2.2356,2.2382,4302713.7
2025-06-04 13:00:00,2.2381,2.2452,2.2329,2.2346,3616013.4
2025-06-04 14:00:00,2.2345,2.2467,2.2195,2.2465,5914966.7
2025-06-04 15:00:00,2.2466,2.2614,2.2427,2.2492,4663913.4
2025-06-04 16:00:00,2.2492,2.2522,2.2416,2.2451,2503660.3
2025-06-04 17:00:00,2.2452,2.2452,2.2273,2.2336,3463435.8
2025-06-04 18:00:00,2.2337,2.2378,2.2238,2.2251,2515973.9
2025-06-04 19:00:00,2.2251,2.2274,2.206,2.206,3925494.2
2025-06-04 20:00:00,2.206,2.212,2.1963,2.202,4693497.2
2025-06-04 21:00:00,2.2021,2.2153,2.1951,2.2113,4334892.8
2025-06-04 22:00:00,2.2114,2.2163,2.2035,2.2042,2069239.3
2025-06-04 23:00:00,2.2041,2.2089,2.1954,2.2009,1973386.6
2025-06-05 00:00:00,2.2009,2.2113,2.199,2.2103,2253934.4
2025-06-05 01:00:00,2.2103,2.2139,2.1977,2.1999,2000977.8
2025-06-05 02:00:00,2.2,2.2147,2.1997,2.2054,2683681.3
2025-06-05 03:00:00,2.2054,2.2059,2.2,2.2054,2310297.4
2025-06-05 04:00:00,2.2053,2.214,2.2048,2.2129,1958362.3
2025-06-05 05:00:00,2.2128,2.2132,2.1958,2.1996,2757139.9
2025-06-05 06:00:00,2.1996,2.2028,2.1858,2.1875,6055643.6
2025-06-05 07:00:00,2.1876,2.1986,2.1837,2.1863,4095406.3
2025-06-05 08:00:00,2.1864,2.197,2.186,2.1948,2915528.3
2025-06-05 09:00:00,2.1948,2.2082,2.1948,2.2062,1881689.4
2025-06-05 10:00:00,2.2063,2.2101,2.1911,2.1999,3166717.9
2025-06-05 11:00:00,2.1999,2.2058,2.1981,2.2051,1842005.0
2025-06-05 12:00:00,2.2051,2.225,2.2029,2.2219,4686140.5
2025-06-05 13:00:00,2.2219,2.2265,2.195,2.2002,3136792.5
2025-06-05 14:00:00,2.2001,2.2086,2.1777,2.2002,7096996.3
2025-06-05 15:00:00,2.2002,2.2046,2.1908,2.1928,2938943.3
2025-06-05 16:00:00,2.1928,2.1932,2.1634,2.1674,6352218.4
2025-06-05 17:00:00,2.1674,2.175,2.163,2.1706,2768377.0
2025-06-05 18:00:00,2.1706,2.1722,2.1552,2.1611,5485528.6
2025-06-05 19:00:00,2.1611,2.1619,2.1121,2.1301,19019597.7
2025-06-05 20:00:00,2.1301,2.1327,2.0591,2.0601,32899017.1
2025-06-05 21:00:00,2.0602,2.1044,2.0593,2.103,18545916.0
2025-06-05 22:00:00,2.1031,2.1031,2.0806,2.0974,9349754.5
2025-06-05 23:00:00,2.0975,2.102,2.089,2.0936,6027134.2
2025-06-06 00:00:00,2.0936,2.1018,2.0812,2.0981,7809269.6
2025-06-06 01:00:00,2.0982,2.107,2.0888,2.1067,5073333.7
2025-06-06 02:00:00,2.1068,2.1107,2.0967,2.1098,4645923.6
2025-06-06 03:00:00,2.1098,2.1297,2.1049,2.1295,4478835.2
2025-06-06 04:00:00,2.1295,2.1427,2.1205,2.1367,3796222.9
2025-06-06 05:00:00,2.1367,2.141,2.1307,2.132,3641997.2
2025-06-06 06:00:00,2.132,2.136,2.1242,2.1247,2814342.2
2025-06-06 07:00:00,2.1246,2.1321,2.1229,2.1303,4035871.5
2025-06-06 08:00:00,2.1303,2.1387,2.1303,2.1386,1873351.3
2025-06-06 09:00:00,2.1387,2.1488,2.1384,2.1425,2954680.7
2025-06-06 10:00:00,2.1426,2.1518,2.1414,2.1507,2174174.1
2025-06-06 11:00:00,2.1506,2.156,2.1458,2.1502,2645840.8
2025-06-06 12:00:00,2.1502,2.1709,2.1482,2.1539,7966541.5
2025-06-06 13:00:00,2.1539,2.1789,2.1539,2.1693,4870411.2
2025-06-06 14:00:00,2.1693,2.184,2.1686,2.1835,4964593.1
2025-06-06 15:00:00,2.1835,2.1903,2.1756,2.1845,5725851.9
2025-06-06 16:00:00,2.1846,2.1854,2.1682,2.1701,5717074.9
2025-06-06 17:00:00,2.1701,2.1767,2.1643,2.1754,3441092.8
2025-06-06 18:00:00,2.1754,2.1791,2.1641,2.1664,2452662.9
2025-06-06 19:00:00,2.1664,2.1766,2.1622,2.1736,2505397.6
2025-06-06 20:00:00,2.1737,2.1825,2.1684,2.1766,4085861.8
2025-06-06 21:00:00,2.1766,2.1773,2.1666,2.173,1906961.3
2025-06-06 22:00:00,2.1731,2.1755,2.1636,2.1661,1678447.1
2025-06-06 23:00:00,2.1661,2.1668,2.159,2.1598,1281030.2
2025-06-07 00:00:00,2.1598,2.1694,2.1475,2.169,2824966.6
2025-06-07 01:00:00,2.169,2.1692,2.1562,2.1624,1377375.5
2025-06-07 02:00:00,2.1623,2.1726,2.1584,2.171,1764191.4
2025-06-07 03:00:00,2.171,2.1796,2.1693,2.1795,1831921.0
2025-06-07 04:00:00,2.1795,2.1796,2.1699,2.1722,1814812.5
2025-06-07 05:00:00,2.1722,2.1805,2.1717,2.1805,1426987.8
2025-06-07 06:00:00,2.1804,2.1903,2.1773,2.1899,2225346.2
2025-06-07 07:00:00,2.1899,2.19,2.1831,2.1834,1339469.5
2025-06-07 08:00:00,2.1834,2.1849,2.173,2.176,2055103.8
2025-06-07 09:00:00,2.176,2.1796,2.1748,2.1775,1168168.5
2025-06-07 10:00:00,2.1775,2.1912,2.1764,2.1876,3088010.3
2025-06-07 11:00:00,2.1875,2.1876,2.1815,2.1829,1210008.3
2025-06-07 12:00:00,2.1829,2.1905,2.1828,2.1838,1455788.9
2025-06-07 13:00:00,2.1838,2.1907,2.1819,2.1867,1866613.6
2025-06-07 14:00:00,2.1868,2.1889,2.182,2.182,1496862.5
2025-06-07 15:00:00,2.182,2.1849,2.1787,2.1829,1500528.0
2025-06-07 16:00:00,2.183,2.1866,2.1769,2.1779,1645991.9
2025-06-07 17:00:00,2.1779,2.1839,2.1723,2.1731,2368053.3
2025-06-07 18:00:00,2.1731,2.1818,2.1726,2.1761,1260612.2
2025-06-07 19:00:00,2.1761,2.1807,2.1756,2.1759,1555900.3
2025-06-07 20:00:00,2.1758,2.182,2.1754,2.1819,896790.1
2025-06-07 21:00:00,2.1819,2.1848,2.1789,2.1812,1865215.2
2025-06-07 22:00:00,2.1811,2.1868,2.1796,2.182,1386163.8
2025-06-07 23:00:00,2.1821,2.1821,2.1755,2.1769,1101815.8
2025-06-08 00:00:00,2.1768,2.1771,2.1702,2.1713,1156042.1
2025-06-08 01:00:00,2.1713,2.1766,2.1661,2.1761,1499215.8
2025-06-08 02:00:00,2.1762,2.1762,2.1695,2.1724,703835.6
2025-06-08 03:00:00,2.1723,2.1771,2.17,2.1754,569801.2
2025-06-08 04:00:00,2.1753,2.1769,2.171,2.1765,759956.0
2025-06-08 05:00:00,2.1766,2.1968,2.1765,2.1896,4052694.7
2025-06-08 06:00:00,2.1897,2.2248,2.1897,2.205,11649335.7
2025-06-08 07:00:00,2.205,2.2201,2.2023,2.2072,4807822.0
2025-06-08 08:00:00,2.2072,2.2188,2.2072,2.2123,3529566.9
2025-06-08 09:00:00,2.2124,2.2125,2.1972,2.2095,3791478.2
2025-06-08 10:00:00,2.2096,2.2157,2.2054,2.2156,2522873.9
2025-06-08 11:00:00,2.2157,2.2497,2.2126,2.2419,6568880.4
2025-06-08 12:00:00,2.2418,2.2636,2.2418,2.26,12292472.6
2025-06-08 13:00:00,2.2599,2.29,2.2531,2.2674,11595422.9
2025-06-08 14:00:00,2.2675,2.2767,2.2582,2.2753,6989078.6
2025-06-08 15:00:00,2.2754,2.2937,2.2754,2.2774,10290959.0
2025-06-08 16:00:00,2.2774,2.2871,2.2722,2.2791,4677404.9
2025-06-08 17:00:00,2.279,2.285,2.2743,2.2802,4128526.9
2025-06-08 18:00:00,2.2802,2.2897,2.2788,2.2836,2826454.4
2025-06-08 19:00:00,2.2837,2.2988,2.2827,2.2884,4940452.7
2025-06-08 20:00:00,2.2884,2.2952,2.2758,2.2821,4190575.5
2025-06-08 21:00:00,2.282,2.2892,2.2721,2.2736,2474035.9
2025-06-08 22:00:00,2.2737,2.2754,2.2548,2.2589,6670588.8
2025-06-08 23:00:00,2.2588,2.268,2.255,2.267,3122488.9
2025-06-09 00:00:00,2.2669,2.2682,2.2559,2.2599,3322362.1
2025-06-09 01:00:00,2.2598,2.2605,2.2419,2.2444,5242170.0
2025-06-09 02:00:00,2.2445,2.251,2.2393,2.2445,2779946.9
2025-06-09 03:00:00,2.2444,2.2457,2.2313,2.2425,5427328.4
2025-06-09 04:00:00,2.2425,2.2425,2.2271,2.2285,3376785.9
2025-06-09 05:00:00,2.2286,2.237,2.2247,2.229,3699550.0
2025-06-09 06:00:00,2.2289,2.2374,2.2223,2.2356,4013288.2
2025-06-09 07:00:00,2.2357,2.2357,2.2244,2.231,4897283.4
2025-06-09 08:00:00,2.231,2.2434,2.2297,2.2425,3559346.5
2025-06-09 09:00:00,2.2425,2.2616,2.2384,2.2524,7656295.8
2025-06-09 10:00:00,2.2524,2.2693,2.2486,2.2598,6886122.7
2025-06-09 11:00:00,2.2599,2.2704,2.2566,2.2689,5178650.5
2025-06-09 12:00:00,2.2689,2.2696,2.2575,2.2675,3825202.4
2025-06-09 13:00:00,2.2675,2.2675,2.24,2.2457,5840149.2
2025-06-09 14:00:00,2.2457,2.2632,2.2456,2.2549,5611333.4
2025-06-09 15:00:00,2.2549,2.266,2.2521,2.2632,3682339.6
2025-06-09 16:00:00,2.2633,2.2863,2.2618,2.2792,7226664.3
2025-06-09 17:00:00,2.2791,2.3137,2.2791,2.2907,11779992.1
2025-06-09 18:00:00,2.2907,2.301,2.2886,2.2994,3959094.1
2025-06-09 19:00:00,2.2994,2.3043,2.2856,2.2956,3298605.5
2025-06-09 20:00:00,2.2956,2.3056,2.2946,2.3046,3375629.2
2025-06-09 21:00:00,2.3047,2.3272,2.3033,2.3164,12371711.9
2025-06-09 22:00:00,2.3165,2.3293,2.3162,2.3232,7840333.1
2025-06-09 23:00:00,2.3232,2.3255,2.3096,2.3211,3770046.0
2025-06-10 00:00:00,2.321,2.3276,2.3083,2.3153,6931766.0
2025-06-10 01:00:00,2.3153,2.319,2.3036,2.316,6143277.5
2025-06-10 02:00:00,2.3159,2.3159,2.3053,2.3097,3569197.3
2025-06-10 03:00:00,2.3098,2.3104,2.2982,2.2985,3404589.9
2025-06-10 04:00:00,2.2985,2.3017,2.2919,2.2939,2817453.2
2025-06-10 05:00:00,2.2939,2.2967,2.2799,2.2844,4596830.6
2025-06-10 06:00:00,2.2844,2.2916,2.2731,2.2857,4896712.9
2025-06-10 07:00:00,2.2856,2.2902,2.2777,2.2841,3103338.4
2025-06-10 08:00:00,2.2841,2.2873,2.2752,2.2765,2843642.0
2025-06-10 09:00:00,2.2765,2.2942,2.2731,2.292,5245759.6
2025-06-10 10:00:00,2.2921,2.2922,2.2775,2.2824,3264072.9
2025-06-10 11:00:00,2.2825,2.3158,2.2703,2.3046,10085278.2
2025-06-10 12:00:00,2.3045,2.3201,2.2943,2.3153,8138346.5
2025-06-10 13:00:00,2.3152,2.3157,2.2821,2.2925,8664236.1
2025-06-10 14:00:00,2.2925,2.2933,2.27,2.2747,6262716.8
2025-06-10 15:00:00,2.2747,2.287,2.2601,2.2762,8282891.3
2025-06-10 16:00:00,2.2762,2.2824,2.2691,2.2726,3599526.7
2025-06-10 17:00:00,2.2726,2.2889,2.2701,2.2879,1842712.9
2025-06-10 18:00:00,2.288,2.2966,2.2806,2.2926,2367086.9
2025-06-10 19:00:00,2.2927,2.3128,2.2875,2.2957,6649417.7
2025-06-10 20:00:00,2.2957,2.3006,2.285,2.2985,3280976.1
2025-06-10 21:00:00,2.2986,2.3064,2.2899,2.298,6288229.7
2025-06-10 22:00:00,2.2981,2.313,2.2972,2.3026,5411004.3
2025-06-10 23:00:00,2.3027,2.3101,2.3,2.3074,2198244.3
2025-06-11 00:00:00,2.3074,2.3128,2.2879,2.2899,6584436.4
2025-06-11 01:00:00,2.2898,2.2936,2.2783,2.2829,4698201.7
2025-06-11 02:00:00,2.2828,2.292,2.2823,2.2873,2196299.0
2025-06-11 03:00:00,2.2872,2.3018,2.2856,2.2979,2980882.5
2025-06-11 04:00:00,2.298,2.2982,2.2888,2.2908,1642599.5
2025-06-11 05:00:00,2.2909,2.2988,2.2883,2.2974,1470307.1
2025-06-11 06:00:00,2.2975,2.3015,2.2862,2.2935,3465806.6
2025-06-11 07:00:00,2.2936,2.2966,2.283,2.2931,3241191.9
2025-06-11 08:00:00,2.293,2.3278,2.293,2.3233,15412607.7
2025-06-11 09:00:00,2.3233,2.3296,2.3026,2.3082,6088723.4
2025-06-11 10:00:00,2.3082,2.3295,2.3068,2.325,6357976.4
2025-06-11 11:00:00,2.3251,2.327,2.3075,2.3146,3500538.2
2025-06-11 12:00:00,2.3147,2.3353,2.3046,2.3239,9809219.3
2025-06-11 13:00:00,2.3239,2.3266,2.3101,2.3148,3895628.9
2025-06-11 14:00:00,2.3149,2.3379,2.3134,2.3273,6202484.1
2025-06-11 15:00:00,2.3274,2.3313,2.3139,2.3258,5768117.3
2025-06-11 16:00:00,2.3258,2.3308,2.316,2.3169,4707248.2
2025-06-11 17:00:00,2.317,2.3239,2.3022,2.3027,4220364.4
2025-06-11 18:00:00,2.3027,2.3067,2.2893,2.2967,5409678.7
2025-06-11 19:00:00,2.2966,2.2985,2.2833,2.286,3022401.4
2025-06-11 20:00:00,2.2859,2.2967,2.2798,2.2949,2402056.0
2025-06-11 21:00:00,2.2949,2.3001,2.2724,2.273,4806007.1
2025-06-11 22:00:00,2.2731,2.2732,2.2524,2.2613,8172640.0
2025-06-11 23:00:00,2.2613,2.2715,2.2594,2.2704,2724069.7
2025-06-12 00:00:00,2.2704,2.2733,2.2567,2.2666,3352313.9
2025-06-12 01:00:00,2.2665,2.2678,2.246,2.257,4534031.1
2025-06-12 02:00:00,2.257,2.2621,2.2465,2.2484,3291393.0
2025-06-12 03:00:00,2.2484,2.2521,2.2376,2.244,5067154.8
2025-06-12 04:00:00,2.244,2.249,2.2376,2.2475,3975298.3
2025-06-12 05:00:00,2.2475,2.2576,2.2436,2.2561,2859466.6
2025-06-12 06:00:00,2.256,2.2565,2.2477,2.2492,3008861.1
2025-06-12 07:00:00,2.2492,2.2495,2.2321,2.2397,5036142.0
2025-06-12 08:00:00,2.2397,2.2454,2.2313,2.2444,3603882.0
2025-06-12 09:00:00,2.2445,2.2497,2.2428,2.245,2007261.6
2025-06-12 10:00:00,2.2449,2.245,2.2337,2.2391,3022535.6
2025-06-12 11:00:00,2.2391,2.2399,2.2237,2.2255,4597391.6
2025-06-12 12:00:00,2.2255,2.2379,2.2211,2.2339,3540693.7
2025-06-12 13:00:00,2.2339,2.2468,2.2324,2.2449,3467921.6
2025-06-12 14:00:00,2.2448,2.2525,2.2448,2.2486,4520582.4
2025-06-12 15:00:00,2.2486,2.2525,2.2277,2.2284,4058704.0
2025-06-12 16:00:00,2.2285,2.2472,2.2278,2.243,4436656.3
2025-06-12 17:00:00,2.243,2.2553,2.2417,2.252,2885965.6
2025-06-12 18:00:00,2.2521,2.2528,2.2305,2.2383,1996420.2
2025-06-12 19:00:00,2.2384,2.2428,2.2026,2.2037,5693670.0
2025-06-12 20:00:00,2.2037,2.2131,2.1706,2.1837,11975131.4
2025-06-12 21:00:00,2.1836,2.2051,2.178,2.1898,4903455.8
2025-06-12 22:00:00,2.1898,2.1993,2.1809,2.1874,3638390.4
2025-06-12 23:00:00,2.1874,2.1974,2.185,2.1899,2746874.3
2025-06-13 00:00:00,2.19,2.1918,2.095,2.1249,31852177.2
2025-06-13 01:00:00,2.1249,2.125,2.0848,2.1105,19184530.4
2025-06-13 02:00:00,2.1106,2.1123,2.0828,2.1018,10791681.6
2025-06-13 03:00:00,2.1018,2.1342,2.1008,2.1251,8882131.1
2025-06-13 04:00:00,2.1252,2.1255,2.11,2.1231,5337520.4
2025-06-13 05:00:00,2.123,2.1251,2.1125,2.1127,4984448.8
2025-06-13 06:00:00,2.1128,2.119,2.0924,2.119,9166103.0
2025-06-13 07:00:00,2.119,2.1317,2.1091,2.1295,6892595.2
2025-06-13 08:00:00,2.1295,2.1599,2.1272,2.136,9537350.5
2025-06-13 09:00:00,2.1359,2.141,2.1248,2.1326,4796909.3
2025-06-13 10:00:00,2.1327,2.1478,2.1238,2.1464,4209854.7
2025-06-13 11:00:00,2.1464,2.1562,2.1381,2.1544,4082032.0
2025-06-13 12:00:00,2.1545,2.1626,2.1482,2.1504,5724972.6
2025-06-13 13:00:00,2.1504,2.1583,2.1377,2.1397,6055756.0
2025-06-13 14:00:00,2.1398,2.1531,2.122,2.1399,7238818.5
2025-06-13 15:00:00,2.1399,2.1533,2.1369,2.1473,5617004.8
2025-06-13 16:00:00,2.1473,2.1597,2.1363,2.1531,4932174.1
2025-06-13 17:00:00,2.153,2.153,2.1321,2.1472,4060260.6
2025-06-13 18:00:00,2.1471,2.1496,2.1163,2.1329,5694887.1
2025-06-13 19:00:00,2.133,2.1387,2.1209,2.122,4023679.0
2025-06-13 20:00:00,2.1221,2.1477,2.1207,2.1413,2771714.6
2025-06-13 21:00:00,2.1414,2.147,2.1328,2.1388,1890520.0
2025-06-13 22:00:00,2.1388,2.1468,2.1352,2.1412,1717511.9
2025-06-13 23:00:00,2.1411,2.1516,2.1404,2.1472,2479639.5
2025-06-14 00:00:00,2.1473,2.1495,2.1378,2.1399,3170654.5
2025-06-14 01:00:00,2.14,2.1409,2.1325,2.1397,1445771.4
2025-06-14 02:00:00,2.1397,2.1456,2.1383,2.1418,1047332.3
2025-06-14 03:00:00,2.1418,2.1605,2.14,2.1589,3126652.4
2025-06-14 04:00:00,2.1589,2.1695,2.1586,2.1635,4154374.9
2025-06-14 05:00:00,2.1634,2.1691,2.155,2.1577,2434378.4
2025-06-14 06:00:00,2.1578,2.1617,2.1502,2.1555,2800891.8
2025-06-14 07:00:00,2.1555,2.1678,2.1488,2.1651,3118193.3
2025-06-14 08:00:00,2.1651,2.1801,2.1578,2.1732,6339282.1
2025-06-14 09:00:00,2.1732,2.1742,2.1622,2.1657,2051289.0
2025-06-14 10:00:00,2.1658,2.1725,2.1611,2.1698,1863691.9
2025-06-14 11:00:00,2.1698,2.178,2.1672,2.1769,2019839.6
2025-06-14 12:00:00,2.1768,2.178,2.165,2.1721,2151222.2
2025-06-14 13:00:00,2.1721,2.1761,2.1597,2.1652,1728316.1
2025-06-14 14:00:00,2.1652,2.1691,2.161,2.1645,1515472.4
2025-06-14 15:00:00,2.1645,2.1682,2.1448,2.1491,4326532.3
2025-06-14 16:00:00,2.1491,2.1514,2.1168,2.1246,7397223.7
2025-06-14 17:00:00,2.1246,2.1405,2.1222,2.1305,3502298.5
2025-06-14 18:00:00,2.1305,2.1403,2.1146,2.1273,2772256.0
2025-06-14 19:00:00,2.1274,2.1373,2.1226,2.1245,2214525.8
2025-06-14 20:00:00,2.1246,2.1309,2.1093,2.1272,2980425.2
2025-06-14 21:00:00,2.1272,2.1435,2.125,2.1383,2472851.2
2025-06-14 22:00:00,2.1383,2.1436,2.1351,2.1385,1449037.6
2025-06-14 23:00:00,2.1385,2.1464,2.1379,2.1394,1562098.1
2025-06-15 00:00:00,2.1393,2.1493,2.1375,2.1478,1590509.2
2025-06-15 01:00:00,2.1478,2.1493,2.1413,2.143,2039110.9
2025-06-15 02:00:00,2.1429,2.1497,2.1429,2.1459,834951.9
2025-06-15 03:00:00,2.146,2.1533,2.1453,2.153,746344.7
2025-06-15 04:00:00,2.1531,2.1614,2.1517,2.1593,1355063.0
2025-06-15 05:00:00,2.1592,2.1616,2.1522,2.1606,1011414.1
2025-06-15 06:00:00,2.1606,2.1624,2.1505,2.1529,1558649.0
2025-06-15 07:00:00,2.1528,2.1548,2.1479,2.1513,1441442.4
2025-06-15 08:00:00,2.1513,2.155,2.1462,2.1544,2388369.7
2025-06-15 09:00:00,2.1543,2.1638,2.1507,2.1559,2603943.5
2025-06-15 10:00:00,2.156,2.1647,2.156,2.1632,2317395.2
2025-06-15 11:00:00,2.1632,2.1676,2.1568,2.159,2887148.1
2025-06-15 12:00:00,2.1591,2.1671,2.1574,2.1641,1648768.9
2025-06-15 13:00:00,2.164,2.1738,2.1638,2.1712,2191345.0
2025-06-15 14:00:00,2.1713,2.1759,2.1639,2.1727,2210986.4
2025-06-15 15:00:00,2.1728,2.1742,2.1625,2.1645,2251486.4
2025-06-15 16:00:00,2.1646,2.1678,2.1585,2.1668,2334770.8
2025-06-15 17:00:00,2.1668,2.1719,2.1618,2.1694,1009204.3
2025-06-15 18:00:00,2.1694,2.1694,2.1623,2.1668,994589.4
2025-06-15 19:00:00,2.1667,2.1708,2.1597,2.1641,1243389.7
2025-06-15 20:00:00,2.1641,2.1641,2.1407,2.1474,5185694.9
2025-06-15 21:00:00,2.1474,2.16,2.1408,2.1583,2725543.9
2025-06-15 22:00:00,2.1582,2.1679,2.1573,2.1655,2500571.3
2025-06-15 23:00:00,2.1655,2.1707,2.1646,2.1655,1524926.8
2025-06-16 00:00:00,2.1655,2.168,2.1583,2.1664,2207385.0
2025-06-16 01:00:00,2.1664,2.1757,2.1512,2.1737,4464772.1
2025-06-16 02:00:00,2.1736,2.1871,2.1733,2.1733,4917213.7
2025-06-16 03:00:00,2.1733,2.1802,2.1704,2.1721,2126129.8
2025-06-16 04:00:00,2.1722,2.1871,2.1714,2.1782,3313516.2
2025-06-16 05:00:00,2.1782,2.19,2.1735,2.1814,4454254.1
2025-06-16 06:00:00,2.1815,2.1871,2.1761,2.181,4194129.2
2025-06-16 07:00:00,2.1811,2.2054,2.1811,2.2031,7215966.1
2025-06-16 08:00:00,2.2031,2.2071,2.1936,2.2014,3207167.2
2025-06-16 09:00:00,2.2014,2.2028,2.196,2.199,2562873.8
2025-06-16 10:00:00,2.1991,2.2105,2.1972,2.2098,4127447.2
2025-06-16 11:00:00,2.2099,2.2498,2.2067,2.2456,8272444.6
2025-06-16 12:00:00,2.2455,2.273,2.2447,2.248,14502987.9
2025-06-16 13:00:00,2.248,2.265,2.2478,2.2591,7996132.9
2025-06-16 14:00:00,2.2592,2.2925,2.2461,2.2808,13774984.2
2025-06-16 15:00:00,2.2808,2.298,2.2765,2.2899,9617633.7
2025-06-16 16:00:00,2.29,2.3274,2.2899,2.31,16579030.4
2025-06-16 17:00:00,2.3099,2.3219,2.3075,2.3075,6404104.5
2025-06-16 18:00:00,2.3075,2.33,2.306,2.3241,8035591.9
2025-06-16 19:00:00,2.3241,2.336,2.3153,2.3357,8712206.1
2025-06-16 20:00:00,2.3357,2.337,2.309,2.3188,11071941.5
2025-06-16 21:00:00,2.3188,2.3247,2.2907,2.2963,10588505.8
2025-06-16 22:00:00,2.2964,2.311,2.2608,2.2749,11606901.7
2025-06-16 23:00:00,2.2749,2.2821,2.2288,2.238,10822519.4
2025-06-17 00:00:00,2.2379,2.2555,2.2016,2.2536,16995071.9
2025-06-17 01:00:00,2.2537,2.2572,2.2372,2.2535,5234456.8
2025-06-17 02:00:00,2.2536,2.2536,2.2276,2.2507,6461911.1
2025-06-17 03:00:00,2.2507,2.2539,2.2421,2.2493,3993277.3
2025-06-17 04:00:00,2.2492,2.2493,2.232,2.2443,4589625.4
2025-06-17 05:00:00,2.2443,2.2529,2.2347,2.2362,3568739.6
2025-06-17 06:00:00,2.2362,2.2472,2.229,2.234,4619989.9
2025-06-17 07:00:00,2.2339,2.2404,2.226,2.2356,5358261.1
2025-06-17 08:00:00,2.2356,2.2384,2.2151,2.2169,4864468.5
2025-06-17 09:00:00,2.2168,2.2256,2.212,2.2137,4507185.2
2025-06-17 10:00:00,2.2138,2.2155,2.2025,2.2143,3987448.7
2025-06-17 11:00:00,2.2143,2.2143,2.1881,2.1939,6048289.2
2025-06-17 12:00:00,2.1938,2.216,2.19,2.2065,5175049.7
2025-06-17 13:00:00,2.2064,2.2249,2.2052,2.2159,4871990.4
2025-06-17 14:00:00,2.216,2.2212,2.1921,2.1946,4147986.3
2025-06-17 15:00:00,2.1945,2.1947,2.1635,2.1795,13662919.7
2025-06-17 16:00:00,2.1794,2.1839,2.148,2.1487,9364907.1
2025-06-17 17:00:00,2.1487,2.1677,2.1417,2.1474,8659000.4
2025-06-17 18:00:00,2.1473,2.177,2.1456,2.1764,4232315.5
2025-06-17 19:00:00,2.1764,2.2037,2.173,2.1831,7222169.9
2025-06-17 20:00:00,2.183,2.1909,2.167,2.1676,5641441.8
2025-06-17 21:00:00,2.1676,2.1741,2.1515,2.1569,5732435.0
2025-06-17 22:00:00,2.157,2.1597,2.144,2.1459,4085108.8
2025-06-17 23:00:00,2.1459,2.166,2.1452,2.159,2973980.7
2025-06-18 00:00:00,2.1591,2.1666,2.1522,2.1666,2249408.9
2025-06-18 01:00:00,2.1666,2.1774,2.1606,2.1612,3068495.1
2025-06-18 02:00:00,2.1612,2.1676,2.1549,2.1589,2611932.3
2025-06-18 03:00:00,2.1588,2.1707,2.1575,2.1674,2319776.0
2025-06-18 04:00:00,2.1674,2.1748,2.1618,2.1719,2646129.0
2025-06-18 05:00:00,2.172,2.1755,2.167,2.168,2108071.6
2025-06-18 06:00:00,2.1681,2.1687,2.1524,2.1553,4648638.7
2025-06-18 07:00:00,2.1553,2.1637,2.1471,2.1629,5408690.9
2025-06-18 08:00:00,2.1629,2.1689,2.1519,2.156,2305880.6
2025-06-18 09:00:00,2.1561,2.1639,2.1454,2.147,2902073.9
2025-06-18 10:00:00,2.147,2.1509,2.1244,2.1294,6916040.4
2025-06-18 11:00:00,2.1293,2.144,2.1252,2.1419,5663482.4
2025-06-18 12:00:00,2.142,2.1454,2.1306,2.1315,3200603.7
2025-06-18 13:00:00,2.1316,2.1424,2.1181,2.1384,7392904.7
2025-06-18 14:00:00,2.1384,2.1622,2.133,2.1447,7510839.7
2025-06-18 15:00:00,2.1447,2.156,2.1351,2.151,4503756.5
2025-06-18 16:00:00,2.151,2.1516,2.1347,2.1409,2506631.0
2025-06-18 17:00:00,2.1409,2.1535,2.1327,2.1486,2927215.8
2025-06-18 18:00:00,2.1487,2.1624,2.1292,2.1307,6154948.5
2025-06-18 19:00:00,2.1307,2.1535,2.1273,2.1406,4066367.8
2025-06-18 20:00:00,2.1405,2.1796,2.1361,2.1731,5150149.2
2025-06-18 21:00:00,2.1732,2.1808,2.1621,2.1749,5289857.2
2025-06-18 22:00:00,2.1749,2.1798,2.1677,2.1689,2338065.5
2025-06-18 23:00:00,2.1689,2.1766,2.1649,2.1705,2072208.6
2025-06-19 00:00:00,2.1704,2.1855,2.1628,2.1761,3163162.6
2025-06-19 01:00:00,2.1762,2.1771,2.1599,2.1611,2406345.7
2025-06-19 02:00:00,2.1611,2.1668,2.1558,2.1594,2432959.6
2025-06-19 03:00:00,2.1593,2.1677,2.1592,2.1664,1956972.3
2025-06-19 04:00:00,2.1664,2.1686,2.1573,2.168,2024348.6
2025-06-19 05:00:00,2.168,2.1758,2.1642,2.1658,2655041.0
2025-06-19 06:00:00,2.1658,2.1719,2.1538,2.1551,3498441.4
2025-06-19 07:00:00,2.1551,2.1635,2.155,2.1564,2491247.7
2025-06-19 08:00:00,2.1564,2.1635,2.1564,2.1569,2156142.0
2025-06-19 09:00:00,2.1569,2.1668,2.1542,2.1632,2714904.6
2025-06-19 10:00:00,2.1632,2.1661,2.1521,2.1603,3737105.4
2025-06-19 11:00:00,2.1602,2.1602,2.149,2.1519,2245021.6
2025-06-19 12:00:00,2.1519,2.1587,2.1483,2.1543,2393049.9
2025-06-19 13:00:00,2.1542,2.157,2.1476,2.1489,2031078.3
2025-06-19 14:00:00,2.1489,2.157,2.1443,2.1476,2566294.9
2025-06-19 15:00:00,2.1476,2.1557,2.1441,2.1457,2308337.8
2025-06-19 16:00:00,2.1457,2.16,2.1457,2.1571,1664732.7
2025-06-19 17:00:00,2.1572,2.1738,2.1572,2.1689,3569831.2
2025-06-19 18:00:00,2.1688,2.1779,2.1665,2.1724,2134512.7
2025-06-19 19:00:00,2.1725,2.1747,2.168,2.1718,1517978.5
2025-06-19 20:00:00,2.1718,2.1742,2.1624,2.1651,1957336.8
2025-06-19 21:00:00,2.165,2.1674,2.16,2.1625,1831709.9
2025-06-19 22:00:00,2.1624,2.171,2.1624,2.1656,1496535.9
2025-06-19 23:00:00,2.1656,2.1684,2.1614,2.1648,1196267.0
2025-06-20 00:00:00,2.1647,2.1732,2.1618,2.1708,2026925.7
2025-06-20 01:00:00,2.1708,2.1717,2.1571,2.1676,1780209.7
2025-06-20 02:00:00,2.1677,2.169,2.1607,2.1635,1262088.9
2025-06-20 03:00:00,2.1636,2.1636,2.1549,2.155,1795537.3
2025-06-20 04:00:00,2.155,2.1572,2.146,2.1465,3245625.7
2025-06-20 05:00:00,2.1465,2.1519,2.1395,2.1511,4273089.8
2025-06-20 06:00:00,2.1511,2.1545,2.144,2.1446,3127718.5
2025-06-20 07:00:00,2.1446,2.1684,2.1404,2.1667,4741243.2
2025-06-20 08:00:00,2.1668,2.1765,2.1614,2.1673,4862857.8
2025-06-20 09:00:00,2.1672,2.1721,2.1637,2.1699,1824210.2
2025-06-20 10:00:00,2.1699,2.1749,2.1649,2.1719,2052497.9
2025-06-20 11:00:00,2.1719,2.1755,2.1668,2.1725,1969231.3
2025-06-20 12:00:00,2.1726,2.1778,2.1689,2.1722,2142850.9
2025-06-20 13:00:00,2.1722,2.1797,2.1594,2.1643,3995772.9
2025-06-20 14:00:00,2.1643,2.1667,2.1336,2.1354,7468707.8
2025-06-20 15:00:00,2.1354,2.1458,2.1304,2.1338,6348012.9
2025-06-20 16:00:00,2.1339,2.134,2.1169,2.1216,7685964.3
2025-06-20 17:00:00,2.1215,2.1266,2.0852,2.1178,18354907.6
2025-06-20 18:00:00,2.1177,2.1371,2.116,2.126,5189602.7
2025-06-20 19:00:00,2.1261,2.1312,2.1142,2.1286,3233444.4
2025-06-20 20:00:00,2.1285,2.1482,2.1236,2.1329,4291563.3
2025-06-20 21:00:00,2.1329,2.133,2.1198,2.1219,2083148.1
2025-06-20 22:00:00,2.1219,2.1219,2.1086,2.1105,2563665.6
2025-06-20 23:00:00,2.1106,2.1213,2.1085,2.1194,1313693.4
2025-06-21 00:00:00,2.1195,2.1233,2.115,2.1181,1654279.2
2025-06-21 01:00:00,2.1181,2.1287,2.1171,2.1245,1552869.3
2025-06-21 02:00:00,2.1246,2.1284,2.1223,2.1261,942098.0
2025-06-21 03:00:00,2.126,2.1325,2.1258,2.1299,1048890.1
2025-06-21 04:00:00,2.1298,2.1308,2.1206,2.1215,1044206.0
2025-06-21 05:00:00,2.1216,2.1268,2.1184,2.1268,966872.6
2025-06-21 06:00:00,2.1269,2.131,2.1252,2.1289,1010854.3
2025-06-21 07:00:00,2.1288,2.1339,2.1256,2.1333,938577.4
2025-06-21 08:00:00,2.1334,2.1396,2.1328,2.1392,1043295.1
2025-06-21 09:00:00,2.1392,2.1405,2.1339,2.139,1324243.8
2025-06-21 10:00:00,2.1389,2.145,2.1385,2.1419,1188689.6
2025-06-21 11:00:00,2.142,2.1424,2.1363,2.1371,2058376.3
2025-06-21 12:00:00,2.1371,2.1405,2.1295,2.1298,1225429.0
2025-06-21 13:00:00,2.1298,2.132,2.1143,2.116,2745597.6
2025-06-21 14:00:00,2.1161,2.1246,2.1126,2.1187,2658057.8
2025-06-21 15:00:00,2.1186,2.1219,2.1086,2.1168,2440171.5
2025-06-21 16:00:00,2.1167,2.1194,2.1097,2.1122,1154505.7
2025-06-21 17:00:00,2.1121,2.1164,2.0935,2.0951,4286307.9
2025-06-21 18:00:00,2.095,2.1063,2.0777,2.0827,7372674.8
2025-06-21 19:00:00,2.0828,2.0879,2.0696,2.0708,7096426.6
2025-06-21 20:00:00,2.0707,2.0939,2.0676,2.0877,5015357.5
2025-06-21 21:00:00,2.0877,2.0892,2.0,2.0379,24719079.1
2025-06-21 22:00:00,2.0378,2.0625,2.0358,2.0558,5976355.7
2025-06-21 23:00:00,2.0559,2.066,2.0196,2.0632,9208078.3
2025-06-22 00:00:00,2.0632,2.0874,2.0487,2.0822,7611389.8
2025-06-22 01:00:00,2.0821,2.0886,2.0588,2.06,3151123.8
2025-06-22 02:00:00,2.0601,2.0729,2.0392,2.0551,5616931.2
2025-06-22 03:00:00,2.0551,2.0693,2.0504,2.0594,3082741.5
2025-06-22 04:00:00,2.0594,2.08,2.0564,2.074,2476249.8
2025-06-22 05:00:00,2.0739,2.0821,2.0698,2.0814,2798915.9
2025-06-22 06:00:00,2.0814,2.0898,2.0768,2.0844,1533357.1
2025-06-22 07:00:00,2.0843,2.0856,2.0652,2.0683,2124748.3
2025-06-22 08:00:00,2.0684,2.0741,2.0622,2.0722,1830399.6
2025-06-22 09:00:00,2.0722,2.0781,2.0366,2.0373,4601521.5
2025-06-22 10:00:00,2.0374,2.0475,2.0326,2.0345,5406921.6
2025-06-22 11:00:00,2.0344,2.0424,2.0136,2.0252,8355749.3
2025-06-22 12:00:00,2.0251,2.0294,2.0,2.0222,10010850.4
2025-06-22 13:00:00,2.0222,2.0276,1.9421,1.9619,44169673.8
2025-06-22 14:00:00,1.9619,1.9766,1.9246,1.9523,26661532.2
2025-06-22 15:00:00,1.9524,1.961,1.9296,1.9343,9219848.0
2025-06-22 16:00:00,1.9343,1.9616,1.9287,1.9607,9161830.6
2025-06-22 17:00:00,1.9607,1.9823,1.9558,1.976,8975387.9
2025-06-22 18:00:00,1.9759,1.9837,1.9632,1.9647,5379248.5
2025-06-22 19:00:00,1.9647,1.9684,1.9535,1.9644,3889624.5
2025-06-22 20:00:00,1.9644,1.9803,1.9083,1.9682,18181184.2
2025-06-22 21:00:00,1.9683,1.9773,1.9551,1.9592,5265539.0
2025-06-22 22:00:00,1.9593,2.0167,1.9432,2.0166,11415977.1
2025-06-22 23:00:00,2.0165,2.0232,2.006,2.0172,5590626.9
2025-06-23 00:00:00,2.0173,2.0331,2.011,2.0168,4999589.8
2025-06-23 01:00:00,2.0168,2.0226,2.0036,2.0223,2214171.2
2025-06-23 02:00:00,2.0223,2.0243,2.0116,2.0162,3226421.2
2025-06-23 03:00:00,2.0162,2.0254,2.0118,2.018,3204130.6
2025-06-23 04:00:00,2.0181,2.0267,2.0124,2.0216,3100806.4
2025-06-23 05:00:00,2.0216,2.0331,2.017,2.0314,5040158.1
2025-06-23 06:00:00,2.0314,2.0356,2.0107,2.0222,5460268.0
2025-06-23 07:00:00,2.0223,2.0317,2.0137,2.0231,5441685.4
2025-06-23 08:00:00,2.0232,2.0278,2.0127,2.0198,3587274.2
2025-06-23 09:00:00,2.0199,2.0202,2.0045,2.0077,4049902.0
2025-06-23 10:00:00,2.0077,2.008,1.9864,1.9945,5906887.8
2025-06-23 11:00:00,1.9945,2.0039,1.9904,2.0013,3924244.8
2025-06-23 12:00:00,2.0014,2.0203,1.9957,2.0201,3306112.9
2025-06-23 13:00:00,2.0201,2.035,1.986,2.029,8591505.3
2025-06-23 14:00:00,2.029,2.039,2.0127,2.0192,8763117.1
2025-06-23 15:00:00,2.0192,2.0296,1.995,1.9992,5425737.5
2025-06-23 16:00:00,1.9991,2.001,1.9615,1.972,11796858.5
2025-06-23 17:00:00,1.9721,2.0523,1.966,2.0275,14075525.5
2025-06-23 18:00:00,2.0276,2.0566,2.0272,2.047,10055929.9
2025-06-23 19:00:00,2.0469,2.0634,2.0465,2.058,8786853.5
2025-06-23 20:00:00,2.0579,2.0995,2.0575,2.0765,14193834.6
2025-06-23 21:00:00,2.0766,2.0918,2.075,2.0897,5554689.0
2025-06-23 22:00:00,2.0898,2.1706,2.0881,2.158,25986017.7
2025-06-23 23:00:00,2.158,2.1698,2.1545,2.1584,8385242.6
2025-06-24 00:00:00,2.1584,2.1664,2.1422,2.1507,7270115.6
2025-06-24 01:00:00,2.1507,2.1609,2.147,2.1542,3644589.5
2025-06-24 02:00:00,2.1541,2.1541,2.1316,2.1339,4984689.4
2025-06-24 03:00:00,2.1339,2.1519,2.1331,2.1506,3550805.0
2025-06-24 04:00:00,2.1506,2.155,2.1466,2.1493,3170359.7
2025-06-24 05:00:00,2.1492,2.2054,2.1492,2.2033,11808019.9
2025-06-24 06:00:00,2.2033,2.2106,2.1813,2.192,8793880.2
2025-06-24 07:00:00,2.192,2.2043,2.1741,2.1778,7740301.3
2025-06-24 08:00:00,2.1778,2.1837,2.1607,2.1801,7197989.4
2025-06-24 09:00:00,2.18,2.2064,2.1769,2.1842,6708999.2
2025-06-24 10:00:00,2.1841,2.1962,2.1801,2.184,5359213.5
2025-06-24 11:00:00,2.184,2.1875,2.1685,2.1838,4513039.6
2025-06-24 12:00:00,2.1837,2.186,2.1655,2.1794,4686158.3
2025-06-24 13:00:00,2.1794,2.184,2.1656,2.1739,4846698.6
2025-06-24 14:00:00,2.1738,2.192,2.1732,2.1837,6335427.4
2025-06-24 15:00:00,2.1838,2.1938,2.1757,2.1882,4406341.5
2025-06-24 16:00:00,2.1883,2.2095,2.1849,2.2087,7281073.0
2025-06-24 17:00:00,2.2088,2.2095,2.1839,2.1987,5697218.8
2025-06-24 18:00:00,2.1988,2.2022,2.1856,2.1944,2653426.0
2025-06-24 19:00:00,2.1944,2.2081,2.1897,2.2073,3926327.7
2025-06-24 20:00:00,2.2072,2.2165,2.1957,2.2161,6704822.9
2025-06-24 21:00:00,2.2161,2.2165,2.1985,2.2041,3972473.9
2025-06-24 22:00:00,2.204,2.2047,2.1798,2.1879,3905496.4
2025-06-24 23:00:00,2.1878,2.1913,2.1778,2.1898,2089866.9
2025-06-25 00:00:00,2.1897,2.1982,2.1811,2.1964,3182378.8
2025-06-25 01:00:00,2.1963,2.1985,2.1846,2.1892,3449269.6
2025-06-25 02:00:00,2.1892,2.1952,2.1814,2.1828,3128743.6
2025-06-25 03:00:00,2.1827,2.1884,2.177,2.1781,3049518.0
2025-06-25 04:00:00,2.1782,2.1798,2.1721,2.1763,3259398.3
2025-06-25 05:00:00,2.1763,2.1829,2.1696,2.1803,3004409.9
2025-06-25 06:00:00,2.1804,2.1845,2.1713,2.1839,3363398.3
2025-06-25 07:00:00,2.1838,2.1881,2.1776,2.1856,4582003.0
2025-06-25 08:00:00,2.1855,2.1897,2.1738,2.183,4223884.3
2025-06-25 09:00:00,2.1829,2.1888,2.1751,2.1841,3256890.9
2025-06-25 10:00:00,2.184,2.1915,2.1805,2.1905,3118122.3
2025-06-25 11:00:00,2.1905,2.1971,2.1835,2.1952,2983526.1
2025-06-25 12:00:00,2.1952,2.1952,2.1848,2.188,3881849.0
2025-06-25 13:00:00,2.1881,2.2296,2.1872,2.2237,14583349.4
2025-06-25 14:00:00,2.2238,2.2284,2.1897,2.2036,8782221.7
2025-06-25 15:00:00,2.2036,2.2038,2.1753,2.1815,6207060.7
2025-06-25 16:00:00,2.1814,2.1903,2.172,2.1751,3682352.2
2025-06-25 17:00:00,2.1752,2.1934,2.1746,2.1894,2375029.6
2025-06-25 18:00:00,2.1895,2.1926,2.1845,2.1887,1697164.2
2025-06-25 19:00:00,2.1886,2.2077,2.1886,2.2057,3264460.7
2025-06-25 20:00:00,2.2057,2.2058,2.194,2.1961,1859075.0
2025-06-25 21:00:00,2.1961,2.2024,2.1833,2.1867,1775503.8
2025-06-25 22:00:00,2.1867,2.1869,2.1783,2.1805,1335477.3
2025-06-25 23:00:00,2.1805,2.1871,2.175,2.1859,1533415.3
2025-06-26 00:00:00,2.1858,2.1929,2.1831,2.1874,1653472.1
2025-06-26 01:00:00,2.1874,2.2042,2.1803,2.1972,3750235.6
2025-06-26 02:00:00,2.1973,2.2037,2.1895,2.202,5928244.2
2025-06-26 03:00:00,2.2019,2.2127,2.192,2.1953,9190021.0
2025-06-26 04:00:00,2.1953,2.1978,2.1884,2.1945,1318203.3
2025-06-26 05:00:00,2.1945,2.1966,2.1858,2.1889,1556797.4
2025-06-26 06:00:00,2.1889,2.19,2.1819,2.1874,2814756.0
2025-06-26 07:00:00,2.1874,2.1984,2.1845,2.1898,4306510.2
2025-06-26 08:00:00,2.1898,2.1947,2.1872,2.1892,1561493.7
2025-06-26 09:00:00,2.1893,2.1899,2.1756,2.1761,4244880.9
2025-06-26 10:00:00,2.176,2.1811,2.1729,2.1749,3485835.0
2025-06-26 11:00:00,2.1749,2.1764,2.17,2.1707,3683160.5
2025-06-26 12:00:00,2.1706,2.1729,2.1543,2.1568,7650452.5
2025-06-26 13:00:00,2.1568,2.1599,2.1173,2.1234,13598849.7
2025-06-26 14:00:00,2.1234,2.1447,2.1138,2.1235,13104307.6
2025-06-26 15:00:00,2.1236,2.1298,2.1066,2.1199,9025396.2
2025-06-26 16:00:00,2.1198,2.1232,2.0956,2.1008,8459095.5
2025-06-26 17:00:00,2.1009,2.1202,2.1006,2.1134,4750930.8
2025-06-26 18:00:00,2.1135,2.1257,2.1117,2.1223,2879799.8
2025-06-26 19:00:00,2.1224,2.1351,2.1206,2.1252,3029835.9
2025-06-26 20:00:00,2.1251,2.1459,2.1233,2.1354,3340097.1
2025-06-26 21:00:00,2.1355,2.1355,2.1089,2.1184,4933451.9
2025-06-26 22:00:00,2.1184,2.1233,2.1081,2.11,3362940.3
2025-06-26 23:00:00,2.11,2.1114,2.103,2.1054,2750098.9
2025-06-27 00:00:00,2.1053,2.1115,2.0819,2.0833,7059229.5
2025-06-27 01:00:00,2.0833,2.1018,2.0782,2.0964,6073965.8
2025-06-27 02:00:00,2.0964,2.108,2.0931,2.1035,3528086.9
2025-06-27 03:00:00,2.1035,2.1099,2.0986,2.1053,2335126.3
2025-06-27 04:00:00,2.1053,2.114,2.1003,2.1104,3046358.4
2025-06-27 05:00:00,2.1104,2.1134,2.0933,2.0941,3201358.6
2025-06-27 06:00:00,2.0941,2.0966,2.0864,2.0957,4620245.1
2025-06-27 07:00:00,2.0958,2.1044,2.0821,2.0851,7511741.9
2025-06-27 08:00:00,2.0851,2.1061,2.0851,2.0998,6437751.4
2025-06-27 09:00:00,2.0998,2.0999,2.0907,2.098,4532522.6
2025-06-27 10:00:00,2.0981,2.0988,2.09,2.0911,2710258.9
2025-06-27 11:00:00,2.0912,2.095,2.0847,2.0909,2852866.9
2025-06-27 12:00:00,2.0909,2.1016,2.0782,2.0819,7165693.5
2025-06-27 13:00:00,2.082,2.0947,2.075,2.0945,4913664.8
2025-06-27 14:00:00,2.0945,2.1013,2.0671,2.0719,7352501.2
2025-06-27 15:00:00,2.0718,2.0995,2.0681,2.0979,5242843.7
2025-06-27 16:00:00,2.0979,2.1225,2.0948,2.1122,6473201.5
2025-06-27 17:00:00,2.1123,2.114,2.0801,2.092,4651056.6
2025-06-27 18:00:00,2.0921,2.0942,2.0712,2.0794,3494370.7
2025-06-27 19:00:00,2.0793,2.0994,2.0772,2.0939,3616662.7
2025-06-27 20:00:00,2.0939,2.1154,2.093,2.1103,2868124.9
2025-06-27 21:00:00,2.1104,2.1556,2.1065,2.1396,13140466.5
2025-06-27 22:00:00,2.1396,2.1525,2.1372,2.1399,4852473.0
2025-06-27 23:00:00,2.1399,2.143,2.1264,2.1419,2896428.9
2025-06-28 00:00:00,2.142,2.1514,2.1336,2.1451,3158726.1
2025-06-28 01:00:00,2.1452,2.1785,2.1383,2.1757,5710082.3
2025-06-28 02:00:00,2.1756,2.1914,2.1697,2.1713,8535164.3
2025-06-28 03:00:00,2.1714,2.1862,2.1711,2.1847,2732173.2
2025-06-28 04:00:00,2.1848,2.1878,2.1755,2.1789,3217327.4
2025-06-28 05:00:00,2.179,2.1931,2.1787,2.1887,3842216.1
2025-06-28 06:00:00,2.1887,2.201,2.188,2.1925,6362412.6
2025-06-28 07:00:00,2.1926,2.194,2.1863,2.1906,3067784.0
2025-06-28 08:00:00,2.1905,2.1925,2.1803,2.1823,2410331.0
2025-06-28 09:00:00,2.1823,2.1893,2.1809,2.1862,2152821.1
2025-06-28 10:00:00,2.1863,2.1924,2.1847,2.1907,2369122.0
2025-06-28 11:00:00,2.1907,2.1938,2.1885,2.1927,1908952.9
2025-06-28 12:00:00,2.1927,2.1998,2.185,2.186,2679793.5
2025-06-28 13:00:00,2.186,2.1927,2.1825,2.1926,1930990.4
2025-06-28 14:00:00,2.1926,2.1977,2.1914,2.197,2021046.0
2025-06-28 15:00:00,2.1969,2.2066,2.1935,2.2038,3339543.6
2025-06-28 16:00:00,2.2038,2.2079,2.1921,2.1928,3082247.8
2025-06-28 17:00:00,2.1928,2.202,2.1911,2.1996,2204363.6
2025-06-28 18:00:00,2.1997,2.2002,2.1855,2.1919,2171788.2
2025-06-28 19:00:00,2.1919,2.1919,2.1846,2.1861,1082068.9
2025-06-28 20:00:00,2.186,2.1861,2.1783,2.18,1861728.4
2025-06-28 21:00:00,2.18,2.1882,2.1772,2.1872,1486212.9
2025-06-28 22:00:00,2.1872,2.1895,2.1829,2.185,1635801.6
2025-06-28 23:00:00,2.185,2.1865,2.1809,2.1854,1080081.1
2025-06-29 00:00:00,2.1855,2.1862,2.1791,2.1806,1366739.5
2025-06-29 01:00:00,2.1806,2.1851,2.1803,2.1841,796023.1
2025-06-29 02:00:00,2.1841,2.1897,2.1754,2.1879,1685740.5
2025-06-29 03:00:00,2.1879,2.188,2.1833,2.1839,743265.6
2025-06-29 04:00:00,2.1839,2.1844,2.1814,2.1822,560848.2
2025-06-29 05:00:00,2.1822,2.1872,2.1808,2.1862,905513.8
2025-06-29 06:00:00,2.1863,2.1894,2.1842,2.1864,938046.9
2025-06-29 07:00:00,2.1864,2.1867,2.1816,2.1843,788907.0
2025-06-29 08:00:00,2.1844,2.1918,2.1838,2.1897,1594070.5
2025-06-29 09:00:00,2.1897,2.1946,2.1871,2.1896,2067838.4
2025-06-29 10:00:00,2.1896,2.1958,2.1839,2.1907,2475252.0
2025-06-29 11:00:00,2.1907,2.198,2.1878,2.1959,2163435.4
2025-06-29 12:00:00,2.1958,2.1961,2.1892,2.193,1619039.1
2025-06-29 13:00:00,2.1931,2.197,2.1846,2.1855,2174437.9
2025-06-29 14:00:00,2.1856,2.1908,2.1802,2.1845,1847990.9
2025-06-29 15:00:00,2.1845,2.1876,2.1818,2.1833,1197419.5
2025-06-29 16:00:00,2.1833,2.1888,2.1805,2.1883,1380249.0
2025-06-29 17:00:00,2.1883,2.1905,2.184,2.1897,925506.7
2025-06-29 18:00:00,2.1897,2.195,2.1883,2.1924,1209770.8
2025-06-29 19:00:00,2.1925,2.1928,2.1854,2.1886,1120138.0
2025-06-29 20:00:00,2.1886,2.1886,2.1813,2.1818,1427307.5
2025-06-29 21:00:00,2.1819,2.1924,2.1786,2.1897,2881594.6
2025-06-29 22:00:00,2.1896,2.2198,2.1889,2.2138,9304100.7
2025-06-29 23:00:00,2.2139,2.2198,2.2055,2.2061,4924661.9
2025-06-30 00:00:00,2.2062,2.2117,2.2006,2.202,4140093.2
2025-06-30 01:00:00,2.202,2.2033,2.195,2.2014,2306100.4
2025-06-30 02:00:00,2.2013,2.2028,2.1964,2.1968,1821860.8
2025-06-30 03:00:00,2.1968,2.1989,2.195,2.1962,1743664.5
2025-06-30 04:00:00,2.1962,2.1964,2.186,2.1892,3084811.0
2025-06-30 05:00:00,2.1891,2.1933,2.1877,2.1918,2265199.1
2025-06-30 06:00:00,2.1918,2.1935,2.1743,2.1787,4460592.1
2025-06-30 07:00:00,2.1787,2.1881,2.1713,2.1868,5231116.8
2025-06-30 08:00:00,2.1868,2.1891,2.1762,2.1774,2562655.1
2025-06-30 09:00:00,2.1774,2.1853,2.1731,2.1732,2100749.3
2025-06-30 10:00:00,2.1733,2.1781,2.1692,2.177,2667786.7
2025-06-30 11:00:00,2.1769,2.1833,2.1758,2.1781,2081168.2
2025-06-30 12:00:00,2.178,2.1831,2.173,2.1734,2474999.5
2025-06-30 13:00:00,2.1734,2.1899,2.1723,2.1808,3727376.2
2025-06-30 14:00:00,2.1808,2.1885,2.173,2.1768,5077425.3
2025-06-30 15:00:00,2.1769,2.1998,2.165,2.1928,6438193.5
2025-06-30 16:00:00,2.1927,2.2144,2.1905,2.2002,6458618.3
2025-06-30 17:00:00,2.2002,2.2187,2.1989,2.2133,7209965.8
2025-06-30 18:00:00,2.2132,2.2379,2.2119,2.2367,7782847.6
2025-06-30 19:00:00,2.2366,2.3271,2.2362,2.3197,33881132.0
2025-06-30 20:00:00,2.3198,2.3254,2.2823,2.2953,17081246.2
2025-06-30 21:00:00,2.2953,2.2977,2.264,2.2757,9703796.3
2025-06-30 22:00:00,2.2756,2.282,2.2594,2.2597,6873470.0
2025-06-30 23:00:00,2.2597,2.2597,2.234,2.2362,10351038.3
2025-07-01 00:00:00,2.2362,2.2522,2.2327,2.2383,7904637.7
2025-07-01 01:00:00,2.2384,2.2537,2.2277,2.2305,4630010.9
2025-07-01 02:00:00,2.2306,2.236,2.2239,2.2277,3402048.2
2025-07-01 03:00:00,2.2277,2.2373,2.224,2.2373,3549514.3
2025-07-01 04:00:00,2.2373,2.2373,2.2201,2.2224,3300602.9
2025-07-01 05:00:00,2.2225,2.2259,2.2136,2.2152,5502921.9
2025-07-01 06:00:00,2.2151,2.2214,2.209,2.2213,4784441.9
2025-07-01 07:00:00,2.2213,2.2252,2.2058,2.2242,6948632.6
2025-07-01 08:00:00,2.2241,2.2271,2.206,2.2089,4957349.0
2025-07-01 09:00:00,2.2088,2.2121,2.1989,2.2052,3078012.6
2025-07-01 10:00:00,2.2051,2.2083,2.1961,2.2034,2636924.4
2025-07-01 11:00:00,2.2034,2.2046,2.1924,2.202,3450617.7
2025-07-01 12:00:00,2.2021,2.204,2.1918,2.1959,3529610.6
2025-07-01 13:00:00,2.1958,2.2104,2.1812,2.1959,11831848.4
2025-07-01 14:00:00,2.196,2.2079,2.1754,2.1852,8473786.5
2025-07-01 15:00:00,2.1851,2.2,2.1771,2.1885,6113110.9
2025-07-01 16:00:00,2.1884,2.2046,2.1841,2.1987,5370098.9
2025-07-01 17:00:00,2.1987,2.2015,2.1852,2.1895,3314521.0
2025-07-01 18:00:00,2.1895,2.1896,2.1629,2.1673,8087946.1
2025-07-01 19:00:00,2.1672,2.1747,2.1562,2.1574,5767995.8
2025-07-01 20:00:00,2.1573,2.1774,2.1475,2.1712,9008635.8
2025-07-01 21:00:00,2.1711,2.1817,2.1657,2.1764,3856116.6
2025-07-01 22:00:00,2.1764,2.1784,2.1669,2.1737,2222776.2
2025-07-01 23:00:00,2.1737,2.1737,2.1681,2.172,1836529.2
2025-07-02 00:00:00,2.1719,2.1773,2.1648,2.1652,2403688.2
2025-07-02 01:00:00,2.1653,2.1809,2.157,2.1804,3868589.9
2025-07-02 02:00:00,2.1805,2.1833,2.1712,2.1762,2484375.3
2025-07-02 03:00:00,2.1763,2.1869,2.1741,2.1859,3300723.2
2025-07-02 04:00:00,2.1859,2.1886,2.1816,2.1857,3261151.3
2025-07-02 05:00:00,2.1858,2.1909,2.1829,2.187,2796191.6
2025-07-02 06:00:00,2.187,2.1945,2.1834,2.1923,3582828.5
2025-07-02 07:00:00,2.1924,2.1976,2.1846,2.192,5153605.1
2025-07-02 08:00:00,2.1921,2.2042,2.1921,2.1968,4360565.1
2025-07-02 09:00:00,2.1967,2.1971,2.1847,2.1852,4929244.7
2025-07-02 10:00:00,2.1852,2.1896,2.1832,2.1872,2789233.0
2025-07-02 11:00:00,2.1872,2.1916,2.1734,2.1767,3894276.5
2025-07-02 12:00:00,2.1767,2.1768,2.1685,2.1753,4188339.0
2025-07-02 13:00:00,2.1754,2.1873,2.174,2.1813,4467707.2
2025-07-02 14:00:00,2.1813,2.1984,2.1811,2.1971,3909066.7
2025-07-02 15:00:00,2.1971,2.2154,2.195,2.2122,8004188.6
2025-07-02 16:00:00,2.2121,2.2917,2.209,2.2558,33456453.9
2025-07-02 17:00:00,2.2559,2.271,2.2279,2.2429,17051735.6
2025-07-02 18:00:00,2.243,2.253,2.2417,2.2525,5217761.6
2025-07-02 19:00:00,2.2526,2.2672,2.2478,2.2649,8013808.8
2025-07-02 20:00:00,2.2649,2.2667,2.2528,2.2528,6002589.1
2025-07-02 21:00:00,2.2528,2.2624,2.2452,2.2561,7246452.7
2025-07-02 22:00:00,2.2561,2.2594,2.2466,2.2478,3848636.8
2025-07-02 23:00:00,2.2478,2.2492,2.2304,2.2336,5109583.0
2025-07-03 00:00:00,2.2335,2.2464,2.2243,2.2431,4447796.5
2025-07-03 01:00:00,2.2431,2.2476,2.237,2.2467,2955134.7
2025-07-03 02:00:00,2.2468,2.2473,2.2334,2.2417,2578792.9
2025-07-03 03:00:00,2.2417,2.247,2.2384,2.2423,1921560.6
2025-07-03 04:00:00,2.2423,2.2577,2.24,2.2548,4196977.5
2025-07-03 05:00:00,2.2549,2.2766,2.2526,2.2698,7138897.2
2025-07-03 06:00:00,2.2698,2.2766,2.2637,2.2733,5354045.8
2025-07-03 07:00:00,2.2733,2.2832,2.2661,2.2788,6993722.1
2025-07-03 08:00:00,2.2788,2.2899,2.2762,2.2765,7378041.7
2025-07-03 09:00:00,2.2765,2.2929,2.2754,2.2921,8361842.8
2025-07-03 10:00:00,2.2921,2.3014,2.2783,2.2997,11120741.2
2025-07-03 11:00:00,2.2997,2.3116,2.2854,2.296,10456252.0
2025-07-03 12:00:00,2.296,2.3135,2.2642,2.2825,16833607.9
2025-07-03 13:00:00,2.2825,2.3064,2.2763,2.3012,10729249.2
2025-07-03 14:00:00,2.3013,2.3092,2.2756,2.2818,8891235.7
2025-07-03 15:00:00,2.2817,2.2878,2.239,2.2433,12266196.1
2025-07-03 16:00:00,2.2434,2.2612,2.2429,2.2593,8405774.5
2025-07-03 17:00:00,2.2593,2.2673,2.2563,2.2645,3629192.5
2025-07-03 18:00:00,2.2646,2.2813,2.2616,2.2789,3265300.4
2025-07-03 19:00:00,2.2789,2.2828,2.2694,2.2718,2807624.8
2025-07-03 20:00:00,2.2718,2.28,2.2717,2.2767,1972776.3
2025-07-03 21:00:00,2.2766,2.2794,2.2677,2.2685,2002427.6
2025-07-03 22:00:00,2.2685,2.272,2.2607,2.2639,2233818.2
2025-07-03 23:00:00,2.2638,2.2672,2.2534,2.2569,2447586.8
2025-07-04 00:00:00,2.2569,2.2678,2.2561,2.2624,2430730.9
2025-07-04 01:00:00,2.2624,2.2677,2.2597,2.2597,1090664.6
2025-07-04 02:00:00,2.2598,2.2598,2.2407,2.243,3616549.4
2025-07-04 03:00:00,2.243,2.251,2.2399,2.2484,2301435.5
2025-07-04 04:00:00,2.2484,2.2515,2.2386,2.2398,2133558.3
2025-07-04 05:00:00,2.2398,2.2499,2.2386,2.2443,3185762.9
2025-07-04 06:00:00,2.2443,2.2443,2.2307,2.2347,4904420.8
2025-07-04 07:00:00,2.2347,2.2388,2.2159,2.2209,6624849.7
2025-07-04 08:00:00,2.2209,2.2248,2.2077,2.2231,4382162.8
2025-07-04 09:00:00,2.2231,2.233,2.2218,2.2328,2151688.6
2025-07-04 10:00:00,2.2328,2.2343,2.2285,2.2323,1544639.7
2025-07-04 11:00:00,2.2323,2.2403,2.2315,2.2384,2037726.3
2025-07-04 12:00:00,2.2385,2.2433,2.234,2.2367,2607844.8
2025-07-04 13:00:00,2.2367,2.2417,2.2193,2.2199,4817161.0
2025-07-04 14:00:00,2.2199,2.2269,2.2032,2.2222,7372718.7
2025-07-04 15:00:00,2.2222,2.225,2.2071,2.2146,3333827.3
2025-07-04 16:00:00,2.2146,2.2178,2.196,2.2096,5613311.5
2025-07-04 17:00:00,2.2097,2.2252,2.2091,2.2251,3577439.9
2025-07-04 18:00:00,2.2251,2.2251,2.2073,2.2073,1935461.4
2025-07-04 19:00:00,2.2074,2.2159,2.2067,2.2104,1626117.0
2025-07-04 20:00:00,2.2103,2.2231,2.2079,2.2199,1234697.7
2025-07-04 21:00:00,2.2198,2.2207,2.2141,2.2181,1292737.1
2025-07-04 22:00:00,2.2181,2.2288,2.2156,2.2281,1581533.9
2025-07-04 23:00:00,2.2282,2.2282,2.2189,2.2205,892159.3
2025-07-05 00:00:00,2.2205,2.2248,2.2159,2.2234,1181112.4
2025-07-05 01:00:00,2.2234,2.2238,2.214,2.2174,833359.0
2025-07-05 02:00:00,2.2174,2.2237,2.2097,2.2223,993837.3
2025-07-05 03:00:00,2.2222,2.2275,2.2222,2.2256,986225.6
2025-07-05 04:00:00,2.2257,2.2264,2.2176,2.2213,1325444.1
2025-07-05 05:00:00,2.2213,2.2287,2.2201,2.2282,1341669.0
2025-07-05 06:00:00,2.2283,2.2339,2.226,2.2298,1907949.5
2025-07-05 07:00:00,2.2298,2.23,2.2228,2.2248,1011848.0
2025-07-05 08:00:00,2.2248,2.2266,2.2168,2.2202,1383949.5
2025-07-05 09:00:00,2.2201,2.2215,2.2113,2.2203,1637825.7
2025-07-05 10:00:00,2.2203,2.2236,2.218,2.2201,1060166.2
2025-07-05 11:00:00,2.22,2.2261,2.2197,2.2217,894729.1
2025-07-05 12:00:00,2.2217,2.2224,2.2147,2.2211,961814.8
2025-07-05 13:00:00,2.2212,2.2239,2.2191,2.2219,990458.5
2025-07-05 14:00:00,2.2219,2.2309,2.2193,2.2276,1636492.6
2025-07-05 15:00:00,2.2276,2.2303,2.2216,2.2228,1390963.4
2025-07-05 16:00:00,2.2228,2.2249,2.2136,2.218,1761283.8
2025-07-05 17:00:00,2.2181,2.2205,2.2056,2.2133,2156266.3
2025-07-05 18:00:00,2.2132,2.2132,2.2022,2.2045,2012528.3
2025-07-05 19:00:00,2.2045,2.2146,2.2014,2.2146,1683995.2
2025-07-05 20:00:00,2.2147,2.2181,2.2076,2.21,4050428.4
2025-07-05 21:00:00,2.2101,2.2188,2.2074,2.218,1303351.4
2025-07-05 22:00:00,2.2179,2.2179,2.2128,2.2159,833910.7
2025-07-05 23:00:00,2.2159,2.2196,2.2147,2.2178,718781.5
2025-07-06 00:00:00,2.2177,2.2209,2.2139,2.2204,862267.7
2025-07-06 01:00:00,2.2204,2.2224,2.2156,2.2182,818698.6
2025-07-06 02:00:00,2.2182,2.2204,2.2125,2.2125,626761.1
2025-07-06 03:00:00,2.2125,2.2165,2.2086,2.2165,1042125.6
2025-07-06 04:00:00,2.2164,2.2224,2.2162,2.2203,1035332.0
2025-07-06 05:00:00,2.2202,2.2264,2.2191,2.2231,1075150.4
2025-07-06 06:00:00,2.2231,2.235,2.2215,2.2324,2663013.1
2025-07-06 07:00:00,2.2325,2.2331,2.2254,2.2276,1561804.0
2025-07-06 08:00:00,2.2276,2.2543,2.2266,2.2426,5862857.0
2025-07-06 09:00:00,2.2427,2.2627,2.2387,2.2537,5933715.1
2025-07-06 10:00:00,2.2538,2.2849,2.2521,2.2749,12426786.7
2025-07-06 11:00:00,2.2749,2.277,2.2574,2.2617,7565401.2
2025-07-06 12:00:00,2.2617,2.2747,2.2608,2.2746,3984174.2
2025-07-06 13:00:00,2.2746,2.29,2.2718,2.2818,10534938.5
2025-07-06 14:00:00,2.2819,2.2846,2.2652,2.2717,5312523.7
2025-07-06 15:00:00,2.2717,2.2784,2.2671,2.277,3449626.4
2025-07-06 16:00:00,2.277,2.2827,2.2695,2.2752,4293251.3
2025-07-06 17:00:00,2.2752,2.2754,2.265,2.268,3986162.7
2025-07-06 18:00:00,2.2679,2.268,2.2462,2.2522,3586414.3
2025-07-06 19:00:00,2.2521,2.2651,2.2515,2.2647,2592599.8
2025-07-06 20:00:00,2.2646,2.2737,2.2632,2.2697,2244499.4
2025-07-06 21:00:00,2.2697,2.289,2.2697,2.2764,5093440.6
2025-07-06 22:00:00,2.2764,2.2888,2.2737,2.275,3018334.4
2025-07-06 23:00:00,2.275,2.2756,2.2656,2.2709,2538249.7
2025-07-07 00:00:00,2.2709,2.2727,2.2616,2.2645,1845683.1
2025-07-07 01:00:00,2.2644,2.2682,2.2571,2.2659,1471989.2
2025-07-07 02:00:00,2.266,2.279,2.2658,2.2728,2206507.3
2025-07-07 03:00:00,2.2727,2.2785,2.2702,2.2703,1987517.5
2025-07-07 04:00:00,2.2704,2.2736,2.2626,2.2642,3158207.0
2025-07-07 05:00:00,2.2642,2.275,2.2628,2.2707,2410411.6
2025-07-07 06:00:00,2.2707,2.2707,2.2584,2.2586,2736362.0
2025-07-07 07:00:00,2.2587,2.2725,2.2552,2.2724,3098772.1
2025-07-07 08:00:00,2.2723,2.2767,2.2681,2.2747,2882939.4
2025-07-07 09:00:00,2.2746,2.2818,2.27,2.2808,3519849.0
2025-07-07 10:00:00,2.2807,2.2978,2.275,2.2851,7838659.5
2025-07-07 11:00:00,2.2852,2.2951,2.2774,2.2829,4714912.9
2025-07-07 12:00:00,2.2828,2.2834,2.2711,2.2756,2879351.4
2025-07-07 13:00:00,2.2756,2.3497,2.2737,2.3436,22624424.8
2025-07-07 14:00:00,2.3436,2.3441,2.3031,2.3124,24701834.9
2025-07-07 15:00:00,2.3124,2.3493,2.3124,2.3389,18765434.8
2025-07-07 16:00:00,2.3388,2.3537,2.3159,2.3203,21080440.2
2025-07-07 17:00:00,2.3203,2.3315,2.3047,2.3063,9994872.0
2025-07-07 18:00:00,2.3063,2.3124,2.281,2.2948,9937237.8
2025-07-07 19:00:00,2.2947,2.3081,2.2901,2.2993,8056320.6
2025-07-07 20:00:00,2.2993,2.2993,2.2642,2.2657,9823690.9
2025-07-07 21:00:00,2.2656,2.2839,2.2591,2.2788,5804533.1
2025-07-07 22:00:00,2.2789,2.2831,2.268,2.2735,2590349.8
2025-07-07 23:00:00,2.2735,2.2799,2.2705,2.2708,2187149.8
2025-07-08 00:00:00,2.2707,2.2733,2.2578,2.2651,6012546.0
2025-07-08 01:00:00,2.265,2.2651,2.2547,2.2585,4414514.8
2025-07-08 02:00:00,2.2585,2.2622,2.2485,2.2516,6588945.5
2025-07-08 03:00:00,2.2517,2.2644,2.251,2.2629,2701786.1
2025-07-08 04:00:00,2.2628,2.2759,2.2582,2.2663,3838361.4
2025-07-08 05:00:00,2.2663,2.2738,2.2633,2.2684,3988757.8
2025-07-08 06:00:00,2.2684,2.2722,2.2612,2.2645,4132422.4
2025-07-08 07:00:00,2.2644,2.2764,2.2568,2.2753,5012462.6
2025-07-08 08:00:00,2.2753,2.286,2.2729,2.2784,5879665.0
2025-07-08 09:00:00,2.2784,2.286,2.2766,2.2822,3589701.6
2025-07-08 10:00:00,2.2822,2.2952,2.2821,2.2931,5205511.0
2025-07-08 11:00:00,2.2931,2.3009,2.2878,2.2934,4210353.3
2025-07-08 12:00:00,2.2935,2.3048,2.2896,2.2986,4968088.6
2025-07-08 13:00:00,2.2986,2.2999,2.2863,2.2954,4785225.9
2025-07-08 14:00:00,2.2953,2.2953,2.278,2.2829,5337740.4
2025-07-08 15:00:00,2.2829,2.2978,2.2789,2.2862,4528131.1
2025-07-08 16:00:00,2.2863,2.293,2.283,2.2908,2501372.5
2025-07-08 17:00:00,2.2909,2.3107,2.2903,2.3096,7407794.6
2025-07-08 18:00:00,2.3095,2.3215,2.3086,2.3172,5596261.1
2025-07-08 19:00:00,2.3172,2.3223,2.3121,2.3214,3809640.9
2025-07-08 20:00:00,2.3214,2.3219,2.2966,2.2966,5251279.3
2025-07-08 21:00:00,2.2966,2.3082,2.2966,2.3065,2519243.1
2025-07-08 22:00:00,2.3066,2.3096,2.303,2.3061,2132341.2
2025-07-08 23:00:00,2.3061,2.3125,2.3041,2.3108,2043862.4
2025-07-09 00:00:00,2.3109,2.311,2.2975,2.3039,1839370.8
2025-07-09 01:00:00,2.304,2.3138,2.3025,2.3091,2906239.3
2025-07-09 02:00:00,2.3092,2.3188,2.3059,2.3104,4590933.1
2025-07-09 03:00:00,2.3105,2.3136,2.3007,2.3033,3012868.4
2025-07-09 04:00:00,2.3034,2.3244,2.3018,2.3215,3203312.9
2025-07-09 05:00:00,2.3215,2.3342,2.3167,2.3281,7102416.7
2025-07-09 06:00:00,2.3281,2.3377,2.3231,2.3267,3771761.0
2025-07-09 07:00:00,2.3266,2.3345,2.3232,2.3316,4044324.5
2025-07-09 08:00:00,2.3315,2.34,2.3309,2.3358,3696963.3
2025-07-09 09:00:00,2.3358,2.3397,2.3302,2.3372,2980191.7
2025-07-09 10:00:00,2.3372,2.3599,2.3359,2.3574,10685002.0
2025-07-09 11:00:00,2.3574,2.3884,2.353,2.3815,19672372.9
2025-07-09 12:00:00,2.3814,2.4039,2.3788,2.3841,19582363.8
2025-07-09 13:00:00,2.3842,2.3997,2.3629,2.3679,14014197.6
2025-07-09 14:00:00,2.368,2.3776,2.3516,2.3723,12213908.8
2025-07-09 15:00:00,2.3723,2.3832,2.3687,2.3818,6862887.4
2025-07-09 16:00:00,2.3818,2.3888,2.375,2.3851,6131231.4
2025-07-09 17:00:00,2.3851,2.3851,2.3753,2.3802,5114560.4
2025-07-09 18:00:00,2.3802,2.4013,2.3773,2.3902,6758079.8
2025-07-09 19:00:00,2.3901,2.4288,2.389,2.421,16135926.7
2025-07-09 20:00:00,2.4211,2.4222,2.3836,2.3936,11719211.2
2025-07-09 21:00:00,2.3936,2.415,2.3914,2.4111,6091660.6
2025-07-09 22:00:00,2.411,2.4179,2.4092,2.4176,5231891.5
2025-07-09 23:00:00,2.4176,2.4186,2.4028,2.4038,4156724.0
2025-07-10 00:00:00,2.4038,2.4186,2.3931,2.3948,4015969.1
2025-07-10 01:00:00,2.3948,2.4342,2.3948,2.4316,5961969.3
2025-07-10 02:00:00,2.4316,2.4371,2.4216,2.4235,5125469.1
2025-07-10 03:00:00,2.4234,2.4304,2.4156,2.4203,5481150.0
2025-07-10 04:00:00,2.4202,2.4297,2.4129,2.4247,3802513.9
2025-07-10 05:00:00,2.4248,2.4269,2.4176,2.4197,3512576.1
2025-07-10 06:00:00,2.4197,2.4216,2.4109,2.4203,4328911.1
2025-07-10 07:00:00,2.4202,2.4425,2.4172,2.437,10949574.9
2025-07-10 08:00:00,2.437,2.458,2.4347,2.4498,9575611.9
2025-07-10 09:00:00,2.4498,2.4564,2.4419,2.4441,6307160.8
2025-07-10 10:00:00,2.444,2.4448,2.4266,2.442,7726819.3
2025-07-10 11:00:00,2.4421,2.4618,2.4366,2.4525,9207112.2
2025-07-10 12:00:00,2.4526,2.453,2.4388,2.4439,6360320.5
2025-07-10 13:00:00,2.4439,2.45,2.4233,2.4271,9274263.9
2025-07-10 14:00:00,2.4271,2.4429,2.4188,2.4407,8357953.8
2025-07-10 15:00:00,2.4406,2.4597,2.4316,2.4542,7699899.7
2025-07-10 16:00:00,2.4543,2.4795,2.4466,2.4744,14015721.7
2025-07-10 17:00:00,2.4744,2.5018,2.4727,2.4966,14030705.7
2025-07-10 18:00:00,2.4966,2.5122,2.4819,2.4887,12056214.5
2025-07-10 19:00:00,2.4887,2.5029,2.4884,2.5003,6070605.2
2025-07-10 20:00:00,2.5003,2.5136,2.4921,2.5009,7373863.8
2025-07-10 21:00:00,2.5008,2.5678,2.4974,2.546,31303848.0
2025-07-10 22:00:00,2.546,2.5561,2.5286,2.5464,10115569.0
2025-07-10 23:00:00,2.5464,2.5549,2.5299,2.5471,6872681.3
2025-07-11 00:00:00,2.5471,2.5472,2.5119,2.5277,10974792.4
2025-07-11 01:00:00,2.5277,2.5539,2.5258,2.5534,6535769.4
2025-07-11 02:00:00,2.5535,2.5929,2.5483,2.5883,13167157.8
2025-07-11 03:00:00,2.5884,2.5899,2.5657,2.5764,8222258.9
2025-07-11 04:00:00,2.5763,2.5763,2.5551,2.5752,7251423.5
2025-07-11 05:00:00,2.5751,2.5985,2.5746,2.5824,13301052.6
2025-07-11 06:00:00,2.5824,2.597,2.5642,2.5711,10725015.8
2025-07-11 07:00:00,2.5712,2.597,2.5536,2.5792,12256242.2
2025-07-11 08:00:00,2.5791,2.6017,2.5791,2.587,12517908.4
2025-07-11 09:00:00,2.5869,2.6141,2.579,2.6132,11005930.1
2025-07-11 10:00:00,2.6132,2.6511,2.6073,2.6472,19018751.2
2025-07-11 11:00:00,2.6473,2.6607,2.6066,2.6287,17109642.6
2025-07-11 12:00:00,2.6287,2.6966,2.625,2.6952,19673934.0
2025-07-11 13:00:00,2.6953,2.8254,2.6723,2.8007,54987892.7
2025-07-11 14:00:00,2.8007,2.8392,2.7396,2.8238,59052140.2
2025-07-11 15:00:00,2.8237,2.975,2.7588,2.7724,121024537.6
2025-07-11 16:00:00,2.7724,2.8097,2.6919,2.7856,60497160.9
2025-07-11 17:00:00,2.7856,2.8163,2.7533,2.7991,20663693.3
2025-07-11 18:00:00,2.799,2.8416,2.797,2.8329,17099697.7
2025-07-11 19:00:00,2.8329,2.858,2.8037,2.858,18866461.4
2025-07-11 20:00:00,2.858,2.858,2.7572,2.7575,25991761.5
2025-07-11 21:00:00,2.7575,2.7758,2.7092,2.7405,23517949.5
2025-07-11 22:00:00,2.7404,2.7527,2.6596,2.7014,35498747.0
2025-07-11 23:00:00,2.7014,2.7419,2.6971,2.7322,16401913.3
2025-07-12 00:00:00,2.7323,2.7452,2.6882,2.7202,14177850.8
2025-07-12 01:00:00,2.7202,2.8305,2.7202,2.8235,23616342.6
2025-07-12 02:00:00,2.8235,2.8479,2.792,2.7923,17717116.6
2025-07-12 03:00:00,2.7923,2.8222,2.7875,2.8006,13250999.5
2025-07-12 04:00:00,2.8006,2.8063,2.7696,2.7748,13301866.0
2025-07-12 05:00:00,2.7749,2.799,2.7616,2.7888,13985822.8
2025-07-12 06:00:00,2.7888,2.7965,2.7656,2.7918,6377135.8
2025-07-12 07:00:00,2.7918,2.7942,2.7558,2.7675,8004360.4
2025-07-12 08:00:00,2.7675,2.7929,2.7658,2.7903,12367156.0
2025-07-12 09:00:00,2.7903,2.8253,2.7823,2.8211,11478106.7
2025-07-12 10:00:00,2.821,2.8466,2.8097,2.8367,11457007.4
2025-07-12 11:00:00,2.8368,2.8476,2.7972,2.8054,17455955.1
2025-07-12 12:00:00,2.8054,2.8087,2.7555,2.7865,17959564.5
2025-07-12 13:00:00,2.7865,2.7901,2.7485,2.7759,18993381.9
2025-07-12 14:00:00,2.776,2.7982,2.7522,2.7566,11094349.8
2025-07-12 15:00:00,2.7566,2.768,2.6629,2.6812,44389961.1
2025-07-12 16:00:00,2.6813,2.7252,2.6701,2.7069,16260049.8
2025-07-12 17:00:00,2.707,2.74,2.7044,2.7241,12693297.1
2025-07-12 18:00:00,2.724,2.7454,2.7188,2.7397,13508814.5
2025-07-12 19:00:00,2.7396,2.7534,2.7263,2.737,11895368.1
2025-07-12 20:00:00,2.737,2.7373,2.6841,2.6843,14426661.4
2025-07-12 21:00:00,2.6842,2.7364,2.6837,2.727,7486766.2
2025-07-12 22:00:00,2.7271,2.738,2.7055,2.7379,4587663.6
2025-07-12 23:00:00,2.7379,2.7484,2.7213,2.7395,5031554.3
2025-07-13 00:00:00,2.7395,2.7559,2.7232,2.7391,7348620.7
2025-07-13 01:00:00,2.739,2.7669,2.7339,2.7612,6209779.6
2025-07-13 02:00:00,2.7613,2.7859,2.7426,2.7762,9542025.2
2025-07-13 03:00:00,2.7763,2.7838,2.7623,2.7684,7076473.7
2025-07-13 04:00:00,2.7684,2.7839,2.7583,2.7808,4621527.2
2025-07-13 05:00:00,2.7808,2.7875,2.7707,2.7707,6105027.7
2025-07-13 06:00:00,2.7707,2.8144,2.7677,2.7925,10061123.1
2025-07-13 07:00:00,2.7926,2.8078,2.7858,2.7992,7878365.3
2025-07-13 08:00:00,2.7991,2.8202,2.7834,2.794,14087492.6
2025-07-13 09:00:00,2.7941,2.8023,2.771,2.7767,7360579.0
2025-07-13 10:00:00,2.7766,2.7967,2.7716,2.776,5652828.2
2025-07-13 11:00:00,2.776,2.7919,2.776,2.7889,5563407.7
2025-07-13 12:00:00,2.7888,2.8286,2.7825,2.8211,14119804.8
2025-07-13 13:00:00,2.8211,2.8558,2.7988,2.8322,21222184.8
2025-07-13 14:00:00,2.8322,2.8949,2.8251,2.8442,31929811.2
2025-07-13 15:00:00,2.8443,2.8734,2.8082,2.8381,17305199.5
2025-07-13 16:00:00,2.8381,2.852,2.8123,2.8237,10226659.3
2025-07-13 17:00:00,2.8237,2.8628,2.8115,2.8603,10188830.1
2025-07-13 18:00:00,2.8604,2.8817,2.8459,2.86,12439829.2
2025-07-13 19:00:00,2.8601,2.88,2.8441,2.8456,9890299.1
2025-07-13 20:00:00,2.8456,2.8648,2.8329,2.8487,7500012.3
2025-07-13 21:00:00,2.8487,2.8495,2.7637,2.8018,17240612.2
2025-07-13 22:00:00,2.8017,2.8252,2.7883,2.8151,9277374.4
2025-07-13 23:00:00,2.815,2.8424,2.8125,2.8361,7794639.6
2025-07-14 00:00:00,2.8361,2.8486,2.8207,2.8464,9793659.1
2025-07-14 01:00:00,2.8463,2.8767,2.8386,2.8554,12397248.5
2025-07-14 02:00:00,2.8554,2.8967,2.8499,2.8871,12958746.2
2025-07-14 03:00:00,2.8871,2.9472,2.8855,2.9267,25669971.8
2025-07-14 04:00:00,2.9267,2.9416,2.9193,2.9398,12529013.5
2025-07-14 05:00:00,2.9398,2.9796,2.8755,2.9317,30930238.7
2025-07-14 06:00:00,2.9317,2.9345,2.8915,2.9263,20970753.0
2025-07-14 07:00:00,2.9263,2.9799,2.9245,2.9569,19665702.3
2025-07-14 08:00:00,2.957,3.0067,2.9276,2.9784,34575304.6
2025-07-14 09:00:00,2.9784,3.0222,2.9632,2.9831,34110109.0
2025-07-14 10:00:00,2.983,3.0134,2.9464,3.0095,17646790.4
2025-07-14 11:00:00,3.0094,3.0111,2.9691,2.9772,17517155.3
2025-07-14 12:00:00,2.9772,2.998,2.942,2.9614,22158862.1
2025-07-14 13:00:00,2.9614,3.035,2.9423,3.0035,31774420.9
2025-07-14 14:00:00,3.0035,3.0309,2.9697,3.0118,25086548.7
2025-07-14 15:00:00,3.0118,3.0216,2.9093,2.9469,31983171.1
2025-07-14 16:00:00,2.9468,3.0022,2.9178,2.9935,19801332.8
2025-07-14 17:00:00,2.9936,2.9957,2.9363,2.9519,13090071.9
2025-07-14 18:00:00,2.9518,2.9595,2.9101,2.9157,10067237.8
2025-07-14 19:00:00,2.9154,2.9428,2.9101,2.93,8538012.0
2025-07-14 20:00:00,2.93,2.9367,2.8762,2.9237,14188729.3
2025-07-14 21:00:00,2.9236,2.9497,2.9169,2.9423,7048200.7
2025-07-14 22:00:00,2.9424,2.956,2.9302,2.9507,5114321.1
2025-07-14 23:00:00,2.9506,2.9637,2.9357,2.9582,4922208.4
2025-07-15 00:00:00,2.9582,2.9582,2.9031,2.9079,9567421.1
2025-07-15 01:00:00,2.908,2.9214,2.8646,2.889,15918394.3
2025-07-15 02:00:00,2.8889,2.9004,2.85,2.8716,19749659.2
2025-07-15 03:00:00,2.8715,2.8746,2.8038,2.8497,26899909.6
2025-07-15 04:00:00,2.8496,2.8815,2.8215,2.8685,13938825.1
2025-07-15 05:00:00,2.8685,2.8869,2.8624,2.8759,10120982.5
2025-07-15 06:00:00,2.8759,2.885,2.8493,2.8593,9237346.6
2025-07-15 07:00:00,2.8594,2.873,2.8483,2.8524,11465308.6
2025-07-15 08:00:00,2.8523,2.86,2.8194,2.8501,15900543.6
2025-07-15 09:00:00,2.8501,2.896,2.8485,2.88,13993713.9
2025-07-15 10:00:00,2.8801,2.9223,2.8782,2.9146,11651765.8
2025-07-15 11:00:00,2.9146,2.9287,2.8866,2.9049,9549916.3
2025-07-15 12:00:00,2.9049,2.9328,2.8514,2.8965,20099671.1
2025-07-15 13:00:00,2.8965,2.9342,2.8926,2.9224,13747382.1
2025-07-15 14:00:00,2.9225,2.9308,2.8407,2.8548,21233165.2
2025-07-15 15:00:00,2.8548,2.9034,2.8429,2.8903,12653106.3
2025-07-15 16:00:00,2.8902,2.9194,2.8837,2.9052,10098755.9
2025-07-15 17:00:00,2.9051,2.9386,2.9047,2.9386,8691427.1
2025-07-15 18:00:00,2.9385,2.9462,2.8819,2.9031,12728475.7
2025-07-15 19:00:00,2.9031,2.9228,2.8575,2.8631,11787445.5
2025-07-15 20:00:00,2.863,2.8834,2.854,2.8653,8403797.8
2025-07-15 21:00:00,2.8654,2.9114,2.8581,2.9007,5085534.7
2025-07-15 22:00:00,2.9007,2.9114,2.8825,2.9095,4337950.0
2025-07-15 23:00:00,2.9094,2.9286,2.9089,2.919,7104782.7
2025-07-16 00:00:00,2.9189,2.935,2.9018,2.9315,6687278.7
2025-07-16 01:00:00,2.9316,2.9365,2.9153,2.9194,5291348.8
2025-07-16 02:00:00,2.9193,2.92,2.8774,2.8977,7411262.8
2025-07-16 03:00:00,2.8977,2.9077,2.8912,2.9044,5026709.6
2025-07-16 04:00:00,2.9044,2.9159,2.8912,2.911,4796107.3
2025-07-16 05:00:00,2.9111,2.9299,2.9091,2.9174,5898855.1
2025-07-16 06:00:00,2.9175,2.9365,2.9113,2.9351,8411061.9
2025-07-16 07:00:00,2.9351,2.9391,2.9277,2.9293,6137777.0
2025-07-16 08:00:00,2.9293,2.9611,2.9203,2.9567,8707855.6
2025-07-16 09:00:00,2.9567,2.9637,2.9448,2.952,6540701.3
2025-07-16 10:00:00,2.952,2.962,2.9427,2.9441,5208805.5
2025-07-16 11:00:00,2.9442,2.9558,2.9442,2.9513,4307284.2
2025-07-16 12:00:00,2.9513,2.9736,2.946,2.9644,9379154.5
2025-07-16 13:00:00,2.9644,2.995,2.957,2.9787,16418952.4
2025-07-16 14:00:00,2.9787,2.9945,2.9528,2.9904,17816630.0
2025-07-16 15:00:00,2.9905,3.0071,2.9541,2.9764,19824129.0
2025-07-16 16:00:00,2.9764,3.0039,2.9677,2.9913,10857543.8
2025-07-16 17:00:00,2.9912,3.0474,2.9871,3.0234,23930776.4
2025-07-16 18:00:00,3.0234,3.078,3.0124,3.0523,21807018.3
2025-07-16 19:00:00,3.0524,3.0633,3.032,3.0592,18416590.1
2025-07-16 20:00:00,3.0591,3.1,3.0426,3.0626,24346680.5
2025-07-16 21:00:00,3.0626,3.0936,3.0532,3.0654,12269182.4
2025-07-16 22:00:00,3.0653,3.089,3.0437,3.0523,12673717.3
2025-07-16 23:00:00,3.0522,3.0561,3.0189,3.038,10119195.7
2025-07-17 00:00:00,3.038,3.0794,3.0332,3.0545,9109305.5
2025-07-17 01:00:00,3.0545,3.0696,2.9873,3.0212,13795340.2
2025-07-17 02:00:00,3.0213,3.0536,3.0121,3.0496,5814149.6
2025-07-17 03:00:00,3.0497,3.0527,2.9968,3.025,8016978.5
2025-07-17 04:00:00,3.0249,3.0754,3.0149,3.0742,12235841.2
2025-07-17 05:00:00,3.0741,3.1489,3.0643,3.1419,31784005.2
2025-07-17 06:00:00,3.1419,3.1728,3.1392,3.154,24835927.9
2025-07-17 07:00:00,3.1541,3.1625,3.126,3.1553,17645464.8
2025-07-17 08:00:00,3.1553,3.2386,3.1395,3.2358,34529355.4
2025-07-17 09:00:00,3.2358,3.2798,3.2189,3.2631,36839803.0
2025-07-17 10:00:00,3.2631,3.2764,3.2206,3.2738,23655477.8
2025-07-17 11:00:00,3.2737,3.2986,3.248,3.2623,29235344.6
2025-07-17 12:00:00,3.2624,3.275,3.233,3.2593,22188424.7
2025-07-17 13:00:00,3.2592,3.2717,3.1675,3.2274,39922517.6
2025-07-17 14:00:00,3.2274,3.256,3.2271,3.2334,14777199.9
2025-07-17 15:00:00,3.2334,3.263,3.169,3.2534,22754749.8
2025-07-17 16:00:00,3.2533,3.272,3.2221,3.2652,22094982.2
2025-07-17 17:00:00,3.2652,3.3182,3.255,3.3143,28580515.3
2025-07-17 18:00:00,3.3142,3.3611,3.3015,3.3537,36016402.6
2025-07-17 19:00:00,3.3537,3.3993,3.3022,3.3057,40600200.6
2025-07-17 20:00:00,3.3057,3.3762,3.2842,3.3599,31714927.6
2025-07-17 21:00:00,3.36,3.5495,3.3534,3.512,78091733.99
2025-07-17 22:00:00,3.512,3.5296,3.4424,3.4729,28390896.9
2025-07-17 23:00:00,3.473,3.5487,3.4704,3.4814,35709300.3
2025-07-18 00:00:00,3.4813,3.655,3.4621,3.6535,55483949.81
2025-07-18 01:00:00,3.6534,3.6607,3.5756,3.5957,45291551.8
2025-07-18 02:00:00,3.5957,3.6028,3.5424,3.5934,27046613.8
2025-07-18 03:00:00,3.5934,3.6531,3.589,3.6054,31760958.0
2025-07-18 04:00:00,3.6054,3.6112,3.5755,3.5908,17730757.1
2025-07-18 05:00:00,3.5909,3.6384,3.585,3.6185,24425257.6
2025-07-18 06:00:00,3.6186,3.6197,3.5337,3.5654,25472041.0
2025-07-18 07:00:00,3.5653,3.57,3.4381,3.4503,42956427.8
2025-07-18 08:00:00,3.4503,3.5101,3.4208,3.4439,43013150.7
2025-07-18 09:00:00,3.4439,3.462,3.4005,3.4501,31694540.9
2025-07-18 10:00:00,3.45,3.4884,3.4055,3.471,20898651.5
2025-07-18 11:00:00,3.471,3.4996,3.4271,3.49,19483834.3
2025-07-18 12:00:00,3.4899,3.5292,3.4701,3.5005,24345542.2
2025-07-18 13:00:00,3.5005,3.545,3.4651,3.5081,29628510.6
2025-07-18 14:00:00,3.508,3.5251,3.408,3.4541,32454645.4
2025-07-18 15:00:00,3.4542,3.4589,3.3439,3.3736,33052540.4
2025-07-18 16:00:00,3.3736,3.4381,3.3634,3.4381,13314839.9
2025-07-18 17:00:00,3.4381,3.466,3.4218,3.4487,14100264.5
2025-07-18 18:00:00,3.4487,3.4648,3.4013,3.4396,11425940.8
2025-07-18 19:00:00,3.4395,3.4789,3.4028,3.434,15555351.9
2025-07-18 20:00:00,3.4339,3.4488,3.3576,3.4119,21347955.1
2025-07-18 21:00:00,3.4119,3.4517,3.4028,3.4132,8556319.9
2025-07-18 22:00:00,3.4132,3.4315,3.3779,3.3916,9503016.4
2025-07-18 23:00:00,3.3916,3.4214,3.3624,3.4135,10180229.3
2025-07-19 00:00:00,3.4136,3.4665,3.4115,3.4312,14836210.6
2025-07-19 01:00:00,3.4312,3.4631,3.3971,3.4424,14343505.8
2025-07-19 02:00:00,3.4425,3.4619,3.4171,3.449,10162618.4
2025-07-19 03:00:00,3.449,3.4792,3.4365,3.4494,11685800.6
2025-07-19 04:00:00,3.4494,3.4855,3.4414,3.4614,11261262.3
2025-07-19 05:00:00,3.4615,3.4644,3.4333,3.4581,9874543.4
2025-07-19 06:00:00,3.458,3.4679,3.4166,3.4454,9807901.4
2025-07-19 07:00:00,3.4453,3.4825,3.4338,3.4651,12357397.5
2025-07-19 08:00:00,3.4651,3.4735,3.4276,3.4377,8656624.4
2025-07-19 09:00:00,3.4377,3.465,3.4271,3.4539,7227387.3
2025-07-19 10:00:00,3.454,3.4558,3.4205,3.4285,7122917.4
2025-07-19 11:00:00,3.4285,3.4304,3.388,3.3925,9269596.4
2025-07-19 12:00:00,3.3926,3.418,3.3811,3.4155,9444776.6
2025-07-19 13:00:00,3.4154,3.4312,3.3949,3.4104,6756864.0
2025-07-19 14:00:00,3.4104,3.4136,3.3547,3.3608,12677969.2
2025-07-19 15:00:00,3.3608,3.4228,3.357,3.4098,8891386.0
2025-07-19 16:00:00,3.4098,3.4594,3.4042,3.4439,8138159.4
2025-07-19 17:00:00,3.4439,3.4511,3.419,3.4242,6247346.5
2025-07-19 18:00:00,3.4243,3.4377,3.4107,3.4202,3374930.4
2025-07-19 19:00:00,3.4202,3.432,3.4108,3.4317,3659888.6
2025-07-19 20:00:00,3.4317,3.4445,3.4161,3.4161,5578788.7
2025-07-19 21:00:00,3.4161,3.4237,3.38,3.4038,7992610.9
2025-07-19 22:00:00,3.4038,3.4279,3.3933,3.4215,2941478.7
2025-07-19 23:00:00,3.4215,3.433,3.4137,3.4244,2591070.0
2025-07-20 00:00:00,3.4243,3.4319,3.4072,3.4272,4642337.6
2025-07-20 01:00:00,3.4272,3.4513,3.4208,3.4229,7538548.2
2025-07-20 02:00:00,3.4229,3.4242,3.3856,3.4053,15426365.2
2025-07-20 03:00:00,3.4053,3.44,3.4026,3.4345,10482576.2
2025-07-20 04:00:00,3.4345,3.4438,3.412,3.4229,9403178.6
2025-07-20 05:00:00,3.423,3.4242,3.4022,3.4186,7077869.1
2025-07-20 06:00:00,3.4186,3.4221,3.4023,3.4169,5650933.1
2025-07-20 07:00:00,3.4168,3.4584,3.4164,3.4419,11479539.3
2025-07-20 08:00:00,3.442,3.5,3.4419,3.4986,14078485.3
2025-07-20 09:00:00,3.4986,3.5352,3.4756,3.4879,26644268.6
2025-07-20 10:00:00,3.488,3.5247,3.4856,3.5095,13747976.3
2025-07-20 11:00:00,3.5094,3.5127,3.4842,3.4987,12674444.6
2025-07-20 12:00:00,3.4988,3.5035,3.4777,3.4903,6946161.9
2025-07-20 13:00:00,3.4903,3.525,3.4867,3.5231,9119807.0
2025-07-20 14:00:00,3.523,3.5466,3.4907,3.5385,19091455.1
2025-07-20 15:00:00,3.5386,3.5403,3.5106,3.5183,10045599.4
2025-07-20 16:00:00,3.5182,3.5367,3.501,3.5164,13638761.3
2025-07-20 17:00:00,3.5164,3.5248,3.483,3.4998,11854775.4
2025-07-20 18:00:00,3.4999,3.5349,3.4956,3.5343,10405129.8
2025-07-20 19:00:00,3.5343,3.5579,3.5206,3.5234,12312683.6
2025-07-20 20:00:00,3.5235,3.5258,3.4906,3.5088,9691166.9
2025-07-20 21:00:00,3.5087,3.5135,3.4842,3.5052,7196260.1
2025-07-20 22:00:00,3.5051,3.5078,3.4038,3.4548,25958565.9
2025-07-20 23:00:00,3.4547,3.4645,3.4308,3.454,6767595.8
2025-07-21 00:00:00,3.4541,3.458,3.4076,3.4509,11541226.1
2025-07-21 01:00:00,3.4509,3.4768,3.4254,3.4646,10148350.0
2025-07-21 02:00:00,3.4646,3.487,3.4646,3.4845,8899505.1
2025-07-21 03:00:00,3.4845,3.4897,3.4738,3.4785,6746319.0
2025-07-21 04:00:00,3.4784,3.5077,3.4716,3.5044,7890330.5
2025-07-21 05:00:00,3.5045,3.5115,3.488,3.5114,4868995.3
2025-07-21 06:00:00,3.5114,3.5694,3.5101,3.5593,23256302.0
2025-07-21 07:00:00,3.5593,3.5809,3.55,3.5663,12072334.1
2025-07-21 08:00:00,3.5664,3.5797,3.5502,3.5581,8066390.1
2025-07-21 09:00:00,3.5582,3.576,3.5209,3.5457,9814188.9
2025-07-21 10:00:00,3.5457,3.5535,3.5271,3.5521,6731749.8
2025-07-21 11:00:00,3.552,3.5586,3.5323,3.5329,7095973.5
2025-07-21 12:00:00,3.5329,3.5483,3.4996,3.5378,11446264.1
2025-07-21 13:00:00,3.5378,3.5745,3.5158,3.574,11673098.0
2025-07-21 14:00:00,3.574,3.6495,3.573,3.64,29133459.1
2025-07-21 15:00:00,3.6399,3.6487,3.6003,3.604,15980129.2
2025-07-21 16:00:00,3.604,3.6208,3.5419,3.5912,19440501.2
2025-07-21 17:00:00,3.5911,3.6239,3.5725,3.603,8907706.8
2025-07-21 18:00:00,3.6031,3.62,3.5492,3.5531,12134254.1
2025-07-21 19:00:00,3.5531,3.5831,3.527,3.5465,11226088.3
2025-07-21 20:00:00,3.5465,3.5596,3.5214,3.5223,8070822.1
2025-07-21 21:00:00,3.5222,3.5563,3.5117,3.5516,6619660.6
2025-07-21 22:00:00,3.5516,3.575,3.5498,3.5658,4493285.8
2025-07-21 23:00:00,3.5657,3.5673,3.5427,3.5495,3473647.9
2025-07-22 00:00:00,3.5494,3.5712,3.525,3.5299,8270533.6
2025-07-22 01:00:00,3.5299,3.5608,3.4618,3.5494,23197095.4
2025-07-22 02:00:00,3.5495,3.5744,3.5067,3.5162,13840434.6
2025-07-22 03:00:00,3.5162,3.5187,3.4732,3.5007,14523545.4
2025-07-22 04:00:00,3.5006,3.5034,3.4218,3.4229,22092219.8
2025-07-22 05:00:00,3.4229,3.4857,3.4222,3.4601,12753591.4
2025-07-22 06:00:00,3.4601,3.4836,3.4495,3.4647,7819444.4
2025-07-22 07:00:00,3.4648,3.4994,3.4636,3.4762,8347510.6
2025-07-22 08:00:00,3.4761,3.4761,3.4261,3.4681,13071955.4
2025-07-22 09:00:00,3.4681,3.4826,3.4297,3.4727,8897195.0
2025-07-22 10:00:00,3.4726,3.4979,3.468,3.4979,5067054.8
2025-07-22 11:00:00,3.4979,3.5225,3.4869,3.5198,6913383.3
2025-07-22 12:00:00,3.5198,3.525,3.4978,3.5123,10440675.4
2025-07-22 13:00:00,3.5122,3.5371,3.4708,3.4777,14857291.5
2025-07-22 14:00:00,3.4777,3.522,3.4401,3.5197,17440695.3
2025-07-22 15:00:00,3.5196,3.528,3.5023,3.5076,6196744.7
2025-07-22 16:00:00,3.5076,3.5313,3.4916,3.5272,6401153.8
2025-07-22 17:00:00,3.5272,3.572,3.5075,3.5547,14489212.7
2025-07-22 18:00:00,3.5547,3.5787,3.5475,3.5595,9282272.4
2025-07-22 19:00:00,3.5594,3.5707,3.5177,3.5177,8071690.7
2025-07-22 20:00:00,3.5177,3.553,3.5176,3.5408,4889723.5
2025-07-22 21:00:00,3.5408,3.5449,3.513,3.5267,3161782.6
2025-07-22 22:00:00,3.5267,3.545,3.5237,3.5266,3600190.2
2025-07-22 23:00:00,3.5266,3.5541,3.5252,3.5504,5039216.2
2025-07-23 00:00:00,3.5504,3.5519,3.5118,3.5169,8095866.7
2025-07-23 01:00:00,3.5169,3.5269,3.5,3.5168,6782874.9
2025-07-23 02:00:00,3.5168,3.5186,3.4948,3.506,7708693.1
2025-07-23 03:00:00,3.506,3.508,3.488,3.4915,6101222.2
2025-07-23 04:00:00,3.4915,3.5107,3.482,3.5102,6174955.7
2025-07-23 05:00:00,3.5101,3.5102,3.4895,3.4923,8386054.1
2025-07-23 06:00:00,3.4923,3.4923,3.4687,3.4824,7416317.7
2025-07-23 07:00:00,3.4825,3.4837,3.4607,3.4678,6096239.7
2025-07-23 08:00:00,3.4677,3.474,3.4565,3.474,4483180.7
2025-07-23 09:00:00,3.4739,3.4755,3.4416,3.4491,8714918.7
2025-07-23 10:00:00,3.4491,3.4543,3.4304,3.4506,11340245.0
2025-07-23 11:00:00,3.4505,3.4567,3.4367,3.4504,6280226.1
2025-07-23 12:00:00,3.4504,3.4504,3.3069,3.3459,32708772.2
2025-07-23 13:00:00,3.346,3.3696,3.2204,3.2634,62528732.8
2025-07-23 14:00:00,3.2634,3.3449,3.2499,3.3038,26824276.3
2025-07-23 15:00:00,3.3038,3.3311,3.2649,3.3224,17537631.2
2025-07-23 16:00:00,3.3224,3.3224,3.2269,3.2296,19992226.6
2025-07-23 17:00:00,3.2297,3.2473,3.1597,3.2403,43148266.8
2025-07-23 18:00:00,3.2404,3.2635,3.2325,3.2508,9785651.8
2025-07-23 19:00:00,3.2508,3.2533,3.1816,3.1838,14088235.9
2025-07-23 20:00:00,3.1838,3.2161,3.02,3.1467,53499650.6
2025-07-23 21:00:00,3.1468,3.176,3.0487,3.1369,32107499.7
2025-07-23 22:00:00,3.1369,3.1989,3.1,3.1747,25044459.2
2025-07-23 23:00:00,3.1747,3.2037,3.1717,3.1838,19550463.6
2025-07-24 00:00:00,3.1839,3.2302,3.15,3.2231,21851076.5
2025-07-24 01:00:00,3.2231,3.2322,3.1842,3.2311,10139663.4
2025-07-24 02:00:00,3.2311,3.2373,3.1938,3.1977,8817520.6
2025-07-24 03:00:00,3.1977,3.2303,3.1851,3.192,8407291.4
2025-07-24 04:00:00,3.192,3.1965,3.1161,3.1253,22786131.6
2025-07-24 05:00:00,3.1253,3.1308,3.0318,3.036,32749209.7
2025-07-24 06:00:00,3.0361,3.1028,2.9555,3.0126,33813313.3
2025-07-24 07:00:00,3.0125,3.08,2.9655,3.075,25161815.0
2025-07-24 08:00:00,3.075,3.11,3.055,3.1013,13977056.7
2025-07-24 09:00:00,3.1014,3.1198,3.0875,3.1155,10974689.5
2025-07-24 10:00:00,3.1155,3.1312,3.0652,3.1037,14512450.0
2025-07-24 11:00:00,3.1038,3.1788,3.0959,3.1685,25268345.8
2025-07-24 12:00:00,3.1684,3.1802,3.1375,3.1614,10142300.8
2025-07-24 13:00:00,3.1615,3.1925,3.1317,3.1348,13853831.8
2025-07-24 14:00:00,3.1348,3.2488,3.1185,3.243,22536621.2
2025-07-24 15:00:00,3.243,3.2651,3.21,3.2261,20995766.3
2025-07-24 16:00:00,3.2261,3.2317,3.1686,3.1958,13930171.2
2025-07-24 17:00:00,3.1958,3.243,3.1923,3.2277,7882594.0
2025-07-24 18:00:00,3.2276,3.2521,3.2156,3.2377,8417169.2
2025-07-24 19:00:00,3.2377,3.2603,3.2087,3.2087,8684225.6
2025-07-24 20:00:00,3.2087,3.2426,3.2082,3.2287,7914288.3
2025-07-24 21:00:00,3.2288,3.2306,3.183,3.1832,7677099.3
2025-07-24 22:00:00,3.1833,3.1966,3.1715,3.1775,6120620.0
2025-07-24 23:00:00,3.1775,3.1775,3.126,3.1453,9843212.2
2025-07-25 00:00:00,3.1454,3.1566,3.092,3.1065,10715380.5
2025-07-25 01:00:00,3.1065,3.1618,3.0992,3.149,5982131.0
2025-07-25 02:00:00,3.149,3.1553,3.0676,3.0756,11048927.2
2025-07-25 03:00:00,3.0756,3.1071,3.0447,3.0689,16162652.6
2025-07-25 04:00:00,3.0689,3.1187,3.0467,3.1143,10634664.7
2025-07-25 05:00:00,3.1144,3.118,3.0705,3.0761,9384519.9
2025-07-25 06:00:00,3.0762,3.0897,3.045,3.0733,9728300.6
2025-07-25 07:00:00,3.0732,3.1045,3.0353,3.0745,13989034.1
2025-07-25 08:00:00,3.0745,3.1095,3.0632,3.0804,9374933.2
2025-07-25 09:00:00,3.0805,3.1433,3.0658,3.1351,11129843.8
2025-07-25 10:00:00,3.1351,3.145,3.1095,3.1286,8593414.4
2025-07-25 11:00:00,3.1287,3.1534,3.1262,3.1346,6052798.9
2025-07-25 12:00:00,3.1346,3.1523,3.0971,3.1231,8457656.2
2025-07-25 13:00:00,3.1231,3.1383,3.0947,3.1196,7552412.3
2025-07-25 14:00:00,3.1197,3.122,3.0,3.0057,27581352.1
2025-07-25 15:00:00,3.0057,3.0461,2.9981,3.0375,20238172.7
2025-07-25 16:00:00,3.0375,3.0634,3.0254,3.0587,7825339.8
2025-07-25 17:00:00,3.0586,3.0716,3.0487,3.0603,5394347.7
2025-07-25 18:00:00,3.0602,3.0774,3.0554,3.0709,5006426.9
2025-07-25 19:00:00,3.071,3.0976,3.0654,3.0707,5112552.4
2025-07-25 20:00:00,3.0708,3.133,3.0708,3.1218,7773164.0
2025-07-25 21:00:00,3.1218,3.149,3.1218,3.1398,7631075.4
2025-07-25 22:00:00,3.1399,3.1507,3.1345,3.1444,5307835.7
2025-07-25 23:00:00,3.1444,3.145,3.1321,3.1423,3603885.8
2025-07-26 00:00:00,3.1422,3.1443,3.1243,3.135,4580182.4
2025-07-26 01:00:00,3.135,3.1396,3.1088,3.1119,4608028.3
2025-07-26 02:00:00,3.112,3.1635,3.112,3.1517,5808334.3
2025-07-26 03:00:00,3.1516,3.1529,3.1354,3.144,2465050.7
2025-07-26 04:00:00,3.144,3.1576,3.1389,3.1485,3672115.4
2025-07-26 05:00:00,3.1484,3.1766,3.1412,3.1719,5335831.4
2025-07-26 06:00:00,3.1719,3.1734,3.1532,3.1576,3715451.6
2025-07-26 07:00:00,3.1575,3.1662,3.1525,3.1551,1744132.8
2025-07-26 08:00:00,3.1552,3.1794,3.1541,3.1749,3057552.1
2025-07-26 09:00:00,3.175,3.1981,3.1715,3.1939,6032150.7
2025-07-26 10:00:00,3.1938,3.2111,3.1932,3.1999,8397817.1
2025-07-26 11:00:00,3.2,3.2026,3.1776,3.1855,5950404.7
2025-07-26 12:00:00,3.1856,3.199,3.1779,3.1904,3408568.1
2025-07-26 13:00:00,3.1905,3.1985,3.1782,3.1874,3381266.0
2025-07-26 14:00:00,3.1874,3.1975,3.1778,3.1811,3422079.0
2025-07-26 15:00:00,3.1811,3.1928,3.1761,3.1921,3627622.8
2025-07-26 16:00:00,3.1921,3.2181,3.1845,3.192,7437810.7
2025-07-26 17:00:00,3.192,3.1946,3.1651,3.1727,4043364.4
2025-07-26 18:00:00,3.1727,3.182,3.1584,3.1753,4341174.4
2025-07-26 19:00:00,3.1752,3.1962,3.1729,3.1911,2092291.0
2025-07-26 20:00:00,3.1911,3.192,3.1684,3.1829,1794108.1
2025-07-26 21:00:00,3.1828,3.1953,3.1718,3.1925,1672222.0
2025-07-26 22:00:00,3.1924,3.2098,3.1802,3.1819,3774787.3
2025-07-26 23:00:00,3.1819,3.1821,3.1637,3.1662,2468878.2
2025-07-27 00:00:00,3.1662,3.1833,3.1564,3.1815,3862887.2
2025-07-27 01:00:00,3.1815,3.2025,3.1751,3.187,4044342.8
2025-07-27 02:00:00,3.187,3.2064,3.1773,3.1981,2260957.4
2025-07-27 03:00:00,3.1982,3.2049,3.1825,3.1994,2577937.6
2025-07-27 04:00:00,3.1994,3.2195,3.1917,3.2096,4016399.7
2025-07-27 05:00:00,3.2097,3.2387,3.2057,3.2226,7123975.9
2025-07-27 06:00:00,3.2226,3.2232,3.1986,3.2016,3348228.6
2025-07-27 07:00:00,3.2016,3.2048,3.1858,3.1897,3795439.6
2025-07-27 08:00:00,3.1897,3.1931,3.1732,3.1848,4629228.3
2025-07-27 09:00:00,3.1848,3.1906,3.1674,3.1711,3641252.0
2025-07-27 10:00:00,3.1711,3.21,3.1704,3.2026,3700142.3
2025-07-27 11:00:00,3.2026,3.2148,3.1743,3.1802,5538135.3
2025-07-27 12:00:00,3.1802,3.1977,3.163,3.1947,6544168.7
2025-07-27 13:00:00,3.1947,3.2077,3.1836,3.1861,5279470.5
2025-07-27 14:00:00,3.1861,3.2018,3.1712,3.1803,4972374.7
2025-07-27 15:00:00,3.1803,3.1878,3.1675,3.1866,5960563.1
2025-07-27 16:00:00,3.1866,3.2288,3.1841,3.196,12517872.1
2025-07-27 17:00:00,3.1961,3.2099,3.1768,3.2055,11067332.5
2025-07-27 18:00:00,3.2055,3.2147,3.1958,3.2129,4839789.9
2025-07-27 19:00:00,3.2129,3.2173,3.199,3.2088,4674419.1
2025-07-27 20:00:00,3.2089,3.231,3.1946,3.2024,6112524.0
2025-07-27 21:00:00,3.2025,3.2188,3.1893,3.2157,3837640.2
2025-07-27 22:00:00,3.2158,3.2515,3.2134,3.2346,10117291.1
2025-07-27 23:00:00,3.2345,3.2439,3.2072,3.2389,5986835.5
2025-07-28 00:00:00,3.239,3.2864,3.2237,3.262,13045055.8
2025-07-28 01:00:00,3.2621,3.2695,3.2224,3.2446,7637582.2
2025-07-28 02:00:00,3.2447,3.2928,3.237,3.269,10236656.6
2025-07-28 03:00:00,3.2689,3.2798,3.2494,3.2693,6289268.5
2025-07-28 04:00:00,3.2693,3.2755,3.25,3.2724,5143776.8
2025-07-28 05:00:00,3.2725,3.3308,3.2645,3.3192,13886105.9
2025-07-28 06:00:00,3.3192,3.3255,3.2846,3.2898,9536428.1
2025-07-28 07:00:00,3.2898,3.2942,3.2596,3.2737,10720229.0
2025-07-28 08:00:00,3.2736,3.2777,3.25,3.2637,8496420.3
2025-07-28 09:00:00,3.2638,3.2642,3.2388,3.2533,8567288.4
2025-07-28 10:00:00,3.2533,3.2577,3.2319,3.2389,5526378.8
2025-07-28 11:00:00,3.2389,3.2497,3.2241,3.2448,6410921.0
2025-07-28 12:00:00,3.2449,3.2495,3.2253,3.23,8028804.8
2025-07-28 13:00:00,3.23,3.2309,3.1728,3.1914,17593582.0
2025-07-28 14:00:00,3.1914,3.2011,3.1405,3.1556,15903610.9
2025-07-28 15:00:00,3.1556,3.1807,3.146,3.1601,10328843.5
2025-07-28 16:00:00,3.1601,3.1856,3.1466,3.1704,9140723.0
2025-07-28 17:00:00,3.1705,3.1818,3.1543,3.1577,5594100.1
2025-07-28 18:00:00,3.1577,3.1608,3.1141,3.1427,15349840.8
2025-07-28 19:00:00,3.1426,3.1632,3.1314,3.1607,7475110.7
2025-07-28 20:00:00,3.1607,3.164,3.1111,3.1416,9214137.5
2025-07-28 21:00:00,3.1416,3.1624,3.1307,3.1437,7002180.9
2025-07-28 22:00:00,3.1436,3.1583,3.1076,3.1329,6461602.0
2025-07-28 23:00:00,3.133,3.1459,3.1073,3.1235,4234964.7
2025-07-29 00:00:00,3.1235,3.1482,3.0788,3.1253,9188372.8
2025-07-29 01:00:00,3.1253,3.142,3.1143,3.1162,3415465.4
2025-07-29 02:00:00,3.1162,3.1346,3.0948,3.1098,7624872.4
2025-07-29 03:00:00,3.1098,3.1437,3.1094,3.1406,4905471.2
2025-07-29 04:00:00,3.1407,3.1469,3.1222,3.1253,3968840.2
2025-07-29 05:00:00,3.1252,3.1483,3.1234,3.1464,3007970.3
2025-07-29 06:00:00,3.1463,3.1636,3.1375,3.1539,7215584.4
2025-07-29 07:00:00,3.154,3.1823,3.1528,3.1753,6805771.6
2025-07-29 08:00:00,3.1754,3.1856,3.1658,3.1748,4681005.6
2025-07-29 09:00:00,3.1748,3.176,3.1492,3.1605,7529354.6
2025-07-29 10:00:00,3.1605,3.1627,3.1133,3.1182,6983125.5
2025-07-29 11:00:00,3.1181,3.1415,3.1134,3.1376,3870576.8
2025-07-29 12:00:00,3.1376,3.1703,3.1356,3.1625,7282439.4
2025-07-29 13:00:00,3.1626,3.1749,3.1329,3.14,5669616.1
2025-07-29 14:00:00,3.1401,3.1414,3.0867,3.1038,13769901.8
2025-07-29 15:00:00,3.1037,3.1169,3.0768,3.0987,14336115.6
2025-07-29 16:00:00,3.0987,3.1079,3.0533,3.1072,14440743.9
2025-07-29 17:00:00,3.1072,3.1523,3.1056,3.147,8661954.5
2025-07-29 18:00:00,3.1471,3.1624,3.1341,3.1406,4995285.8
2025-07-29 19:00:00,3.1406,3.1488,3.1152,3.12,3908821.2
2025-07-29 20:00:00,3.1201,3.1307,3.094,3.1173,6319897.7
2025-07-29 21:00:00,3.1174,3.1336,3.0972,3.1249,3071496.3
2025-07-29 22:00:00,3.125,3.128,3.1063,3.1252,2633318.7
2025-07-29 23:00:00,3.1253,3.1374,3.1211,3.128,3144968.1
2025-07-30 00:00:00,3.1281,3.1321,3.103,3.1219,2869478.0
2025-07-30 01:00:00,3.1218,3.145,3.0932,3.132,4101748.7
2025-07-30 02:00:00,3.1319,3.1462,3.1221,3.1403,3260613.0
2025-07-30 03:00:00,3.1403,3.15,3.1301,3.1382,2294169.0
2025-07-30 04:00:00,3.1381,3.147,3.1129,3.1195,2882252.2
2025-07-30 05:00:00,3.1195,3.1339,3.1042,3.1338,2709672.9
2025-07-30 06:00:00,3.1338,3.1432,3.1295,3.1389,4401114.6
2025-07-30 07:00:00,3.1388,3.1453,3.11,3.1202,5235775.3
2025-07-30 08:00:00,3.1201,3.1408,3.109,3.1261,6838068.5
2025-07-30 09:00:00,3.1262,3.1289,3.0913,3.0982,6959785.8
2025-07-30 10:00:00,3.0982,3.1196,3.085,3.0899,3649516.9
2025-07-30 11:00:00,3.0899,3.1024,3.0436,3.0518,12049470.9
2025-07-30 12:00:00,3.0517,3.084,3.0403,3.0777,11106426.7
2025-07-30 13:00:00,3.0776,3.0996,3.0702,3.0873,10459503.7
2025-07-30 14:00:00,3.0873,3.1496,3.0773,3.1488,8480504.7
2025-07-30 15:00:00,3.1488,3.1537,3.1252,3.1435,9497196.7
2025-07-30 16:00:00,3.1436,3.1621,3.1293,3.1371,7801994.1
2025-07-30 17:00:00,3.1371,3.1503,3.1225,3.1314,4033176.7
2025-07-30 18:00:00,3.1315,3.1478,3.0491,3.0504,15532824.6
2025-07-30 19:00:00,3.0504,3.1176,3.001,3.0978,32449579.6
2025-07-30 20:00:00,3.0979,3.1168,3.09,3.0923,5982792.8
2025-07-30 21:00:00,3.0923,3.0997,3.0625,3.0788,4390229.1
2025-07-30 22:00:00,3.0788,3.0892,3.0662,3.083,2733841.5
2025-07-30 23:00:00,3.0829,3.1038,3.0812,3.0966,3923599.4
2025-07-31 00:00:00,3.0967,3.1273,3.0872,3.127,4371781.9
2025-07-31 01:00:00,3.127,3.1365,3.1158,3.1282,3181375.1
2025-07-31 02:00:00,3.1281,3.1376,3.1217,3.1362,3211957.5
2025-07-31 03:00:00,3.1363,3.1466,3.1309,3.1398,4848880.8
2025-07-31 04:00:00,3.1399,3.1438,3.1306,3.1402,2518236.5
2025-07-31 05:00:00,3.1402,3.1497,3.1363,3.1422,3053996.3
2025-07-31 06:00:00,3.1422,3.148,3.1333,3.1474,4327148.5
2025-07-31 07:00:00,3.1475,3.155,3.1412,3.1549,4980342.7
2025-07-31 08:00:00,3.1549,3.172,3.1543,3.16,4278012.7
2025-07-31 09:00:00,3.1601,3.1784,3.1565,3.1695,4182717.9
2025-07-31 10:00:00,3.1696,3.1772,3.1602,3.1713,3926028.9
2025-07-31 11:00:00,3.1712,3.1754,3.148,3.1515,5072307.8
2025-07-31 12:00:00,3.1516,3.1525,3.1212,3.1346,7083585.0
2025-07-31 13:00:00,3.1345,3.1351,3.084,3.1129,8837664.4
2025-07-31 14:00:00,3.1129,3.1249,3.0809,3.0811,7171557.8
2025-07-31 15:00:00,3.081,3.1029,3.0763,3.1011,5252945.2
2025-07-31 16:00:00,3.1011,3.1366,3.0963,3.1218,5873483.3
2025-07-31 17:00:00,3.1218,3.1225,3.08,3.086,4531087.1
2025-07-31 18:00:00,3.086,3.1001,3.0688,3.0845,6332134.4
2025-07-31 19:00:00,3.0846,3.0901,3.0525,3.0579,6453384.6
2025-07-31 20:00:00,3.0578,3.0673,3.0444,3.0514,8374369.0
2025-07-31 21:00:00,3.0514,3.0675,3.029,3.0493,10098997.5
2025-07-31 22:00:00,3.0493,3.0495,3.0161,3.027,11115598.0
2025-07-31 23:00:00,3.027,3.0433,3.0108,3.0224,6434707.4
2025-08-01 00:00:00,3.0223,3.026,2.9292,2.9868,32521577.9
2025-08-01 01:00:00,2.9869,2.9988,2.9368,2.986,16172779.8
2025-08-01 02:00:00,2.9859,3.024,2.9774,3.0191,8951315.6
2025-08-01 03:00:00,3.0191,3.0243,2.994,2.9983,4692952.2
2025-08-01 04:00:00,2.9982,2.9982,2.9734,2.9859,5357386.9
2025-08-01 05:00:00,2.986,2.997,2.9518,2.959,7591910.0
2025-08-01 06:00:00,2.959,2.9672,2.9351,2.9626,7425322.4
2025-08-01 07:00:00,2.9625,2.9719,2.9388,2.9558,8646568.1
2025-08-01 08:00:00,2.9558,2.9558,2.892,2.9157,22134804.2
2025-08-01 09:00:00,2.9157,2.9418,2.9128,2.9223,6828356.9
2025-08-01 10:00:00,2.9223,2.9591,2.9197,2.9527,6171269.1
2025-08-01 11:00:00,2.9527,2.9721,2.94,2.9707,6111252.1
2025-08-01 12:00:00,2.9706,3.0081,2.9668,2.9938,13191022.6
2025-08-01 13:00:00,2.9938,3.018,2.93,2.9575,15678218.6
2025-08-01 14:00:00,2.9575,3.0585,2.9357,3.0531,18293257.0
2025-08-01 15:00:00,3.0532,3.059,3.0092,3.0436,9515891.1
2025-08-01 16:00:00,3.0435,3.0526,3.0053,3.0119,7189411.4
2025-08-01 17:00:00,3.0118,3.0323,2.9852,3.002,7232776.6
2025-08-01 18:00:00,3.0019,3.0307,2.9742,3.01,9441748.5
2025-08-01 19:00:00,3.01,3.0321,2.9968,3.0141,8722311.4
2025-08-01 20:00:00,3.0142,3.0222,2.9557,3.008,10136562.0
2025-08-01 21:00:00,3.0079,3.029,2.9914,2.9956,5021467.8
2025-08-01 22:00:00,2.9955,2.9992,2.8959,2.925,18394602.6
2025-08-01 23:00:00,2.9249,2.971,2.9177,2.9613,5561931.6
2025-08-02 00:00:00,2.9614,2.986,2.9478,2.9787,6306186.1
2025-08-02 01:00:00,2.9787,2.9835,2.9608,2.9772,1881247.6
2025-08-02 02:00:00,2.9772,2.9808,2.9701,2.9765,1384506.3
2025-08-02 03:00:00,2.9765,2.9838,2.9734,2.9834,1447461.2
2025-08-02 04:00:00,2.9834,3.0206,2.9794,3.0191,4212358.3
2025-08-02 05:00:00,3.019,3.0203,3.0042,3.0108,6713878.1
2025-08-02 06:00:00,3.0107,3.012,2.9456,2.9692,5962223.1
2025-08-02 07:00:00,2.9692,2.9945,2.9467,2.9924,3952960.5
2025-08-02 08:00:00,2.9924,3.0023,2.9737,2.9776,3497695.9
2025-08-02 09:00:00,2.9776,2.9849,2.9545,2.9668,3204460.0
2025-08-02 10:00:00,2.9669,2.9704,2.933,2.9437,4307793.0
2025-08-02 11:00:00,2.9436,2.962,2.93,2.9404,4492114.3
2025-08-02 12:00:00,2.9404,2.9454,2.9235,2.9387,4119985.8
2025-08-02 13:00:00,2.9387,2.9466,2.9184,2.9392,3716520.0
2025-08-02 14:00:00,2.9393,2.9411,2.8714,2.8789,13625990.0
2025-08-02 15:00:00,2.8788,2.8942,2.822,2.83,15944722.8
2025-08-02 16:00:00,2.83,2.8527,2.8117,2.8443,13055172.5
2025-08-02 17:00:00,2.8442,2.8658,2.8082,2.8239,10746170.9
2025-08-02 18:00:00,2.824,2.8332,2.7418,2.7605,28725178.7
2025-08-02 19:00:00,2.7605,2.8182,2.7547,2.7794,13491994.2
2025-08-02 20:00:00,2.7793,2.8013,2.7762,2.7979,6000792.2
2025-08-02 21:00:00,2.7979,2.8176,2.7791,2.7997,6446617.0
2025-08-02 22:00:00,2.7998,2.8179,2.7829,2.798,5090522.9
2025-08-02 23:00:00,2.798,2.7991,2.7387,2.7695,12407105.3
2025-08-03 00:00:00,2.7695,2.7944,2.728,2.7854,14925417.5
2025-08-03 01:00:00,2.7853,2.8061,2.775,2.7989,6156965.9
2025-08-03 02:00:00,2.7989,2.8292,2.7986,2.8271,6700628.7
2025-08-03 03:00:00,2.8271,2.8411,2.8165,2.8358,6521008.7
2025-08-03 04:00:00,2.8357,2.8361,2.8142,2.8247,3508289.8
2025-08-03 05:00:00,2.8247,2.8449,2.8239,2.8345,3422548.0
2025-08-03 06:00:00,2.8345,2.8442,2.8255,2.8389,3072016.4
2025-08-03 07:00:00,2.8389,2.8698,2.8389,2.8652,7524018.3
2025-08-03 08:00:00,2.8652,2.8775,2.8496,2.8672,7804070.3
2025-08-03 09:00:00,2.8672,2.8714,2.8509,2.8658,3794028.7
2025-08-03 10:00:00,2.8658,2.8755,2.864,2.8686,3353033.2
2025-08-03 11:00:00,2.8686,2.894,2.868,2.8694,7241084.4
2025-08-03 12:00:00,2.8694,2.8823,2.8585,2.8766,5390729.8
2025-08-03 13:00:00,2.8766,2.8837,2.866,2.8754,3822881.4
2025-08-03 14:00:00,2.8754,2.8955,2.8598,2.8855,6500830.5
2025-08-03 15:00:00,2.8856,2.9032,2.8769,2.8951,6211521.0
2025-08-03 16:00:00,2.8951,2.9205,2.8856,2.9187,7656549.3
2025-08-03 17:00:00,2.9186,2.93,2.9026,2.9159,6536519.5
2025-08-03 18:00:00,2.9159,2.917,2.8949,2.9167,5736148.9
2025-08-03 19:00:00,2.9167,2.9237,2.9052,2.9163,5811718.8
2025-08-03 20:00:00,2.9163,2.9237,2.9015,2.9173,4181475.6
2025-08-03 21:00:00,2.9173,2.9352,2.9109,2.929,5378533.6
2025-08-03 22:00:00,2.9289,2.9432,2.914,2.9424,8790438.2
2025-08-03 23:00:00,2.9424,2.9625,2.9393,2.948,9376921.3
2025-08-04 00:00:00,2.9481,3.0189,2.9312,3.0166,11371883.2
2025-08-04 01:00:00,3.0167,3.0312,2.9948,2.998,13478550.3
2025-08-04 02:00:00,2.998,3.016,2.9832,3.0145,7797092.3
2025-08-04 03:00:00,3.0144,3.0164,2.9933,2.9983,3757027.5
2025-08-04 04:00:00,2.9984,3.009,2.9856,2.9881,4298819.8
2025-08-04 05:00:00,2.9881,2.9892,2.9661,2.9842,6887845.3
2025-08-04 06:00:00,2.9843,2.9906,2.9669,2.9826,5307060.9
2025-08-04 07:00:00,2.9826,3.019,2.9809,3.0119,6145675.5
2025-08-04 08:00:00,3.0119,3.0241,3.0041,3.0083,6754545.9
2025-08-04 09:00:00,3.0083,3.0122,2.9894,2.991,6196091.9
2025-08-04 10:00:00,2.991,3.0032,2.9848,2.9856,3291090.3
2025-08-04 11:00:00,2.9856,2.9987,2.9767,2.9925,5539636.4
2025-08-04 12:00:00,2.9925,3.0058,2.9796,3.0036,4460445.7
2025-08-04 13:00:00,3.0036,3.0549,2.9948,3.0516,13721883.0
2025-08-04 14:00:00,3.0515,3.0813,3.0264,3.0356,19756005.5
2025-08-04 15:00:00,3.0356,3.0471,3.0179,3.0313,6433970.5
2025-08-04 16:00:00,3.0312,3.0743,3.0312,3.0719,8779642.2
2025-08-04 17:00:00,3.072,3.0899,3.0559,3.0584,9279491.9
2025-08-04 18:00:00,3.0584,3.0652,3.0396,3.0447,4977104.8
2025-08-04 19:00:00,3.0446,3.0518,3.0372,3.0492,2232084.0
2025-08-04 20:00:00,3.0492,3.0628,3.0405,3.0491,2977824.7
2025-08-04 21:00:00,3.0491,3.078,3.0482,3.0703,3958703.9
2025-08-04 22:00:00,3.0703,3.0867,3.0662,3.0866,4196462.8
2025-08-04 23:00:00,3.0867,3.0867,3.0677,3.0716,3052686.1
2025-08-05 00:00:00,3.0715,3.0919,3.0567,3.0903,5530288.7
2025-08-05 01:00:00,3.0903,3.1072,3.0545,3.0558,6917327.9
2025-08-05 02:00:00,3.0559,3.0635,3.0465,3.0621,3314552.1
2025-08-05 03:00:00,3.0621,3.0624,3.034,3.038,5607861.3
2025-08-05 04:00:00,3.038,3.0458,3.0256,3.0341,4081448.9
2025-08-05 05:00:00,3.0341,3.0416,3.0289,3.0414,3650328.6
2025-08-05 06:00:00,3.0414,3.0548,3.0165,3.0223,5524074.6
2025-08-05 07:00:00,3.0223,3.0344,2.9958,3.0042,7297464.4
2025-08-05 08:00:00,3.0041,3.0387,2.9992,3.0332,6148633.4
2025-08-05 09:00:00,3.0331,3.0646,3.0331,3.0606,4881026.8
2025-08-05 10:00:00,3.0607,3.0799,3.0509,3.074,4471891.9
2025-08-05 11:00:00,3.0741,3.08,3.0593,3.0627,4563537.3
2025-08-05 12:00:00,3.0628,3.0654,3.0122,3.0264,8508675.8
2025-08-05 13:00:00,3.0265,3.044,3.0222,3.0376,6121972.5
2025-08-05 14:00:00,3.0376,3.0389,2.9592,2.9768,21032575.3
2025-08-05 15:00:00,2.9768,2.9945,2.9568,2.9713,9633045.2
2025-08-05 16:00:00,2.9713,2.9912,2.9617,2.9689,6230255.2
2025-08-05 17:00:00,2.9689,2.9935,2.9682,2.9894,3259534.1
2025-08-05 18:00:00,2.9893,2.9902,2.9526,2.9775,4605216.3
2025-08-05 19:00:00,2.9775,2.9846,2.9453,2.9464,3672432.3
2025-08-05 20:00:00,2.9464,2.9684,2.9354,2.9385,4979530.0
2025-08-05 21:00:00,2.9385,2.9543,2.9331,2.9358,3760609.5
2025-08-05 22:00:00,2.9357,2.9624,2.9164,2.9606,6543060.4
2025-08-05 23:00:00,2.9605,2.9759,2.9563,2.9623,3917955.2
2025-08-06 00:00:00,2.9622,2.9647,2.9264,2.9316,3122878.3
2025-08-06 01:00:00,2.9316,2.9431,2.9198,2.9402,3663986.6
2025-08-06 02:00:00,2.9403,2.9413,2.9181,2.9326,2991484.7
2025-08-06 03:00:00,2.9326,2.9343,2.9088,2.9142,4208404.6
2025-08-06 04:00:00,2.9143,2.9187,2.9014,2.9112,4415279.1
2025-08-06 05:00:00,2.9113,2.9683,2.9061,2.9513,9729762.9
2025-08-06 06:00:00,2.9513,2.9563,2.93,2.9488,4613891.5
2025-08-06 07:00:00,2.9488,2.9605,2.9437,2.9557,5321905.4
2025-08-06 08:00:00,2.9558,2.9599,2.9185,2.93,9591109.5
2025-08-06 09:00:00,2.93,2.9529,2.9221,2.9439,4217176.6
2025-08-06 10:00:00,2.9439,2.9477,2.9271,2.9362,4176418.8
2025-08-06 11:00:00,2.9362,2.9563,2.9348,2.9464,3453197.4
2025-08-06 12:00:00,2.9465,2.9542,2.9233,2.9397,4862877.3
2025-08-06 13:00:00,2.9398,2.9597,2.9312,2.949,7154468.3
2025-08-06 14:00:00,2.949,2.9856,2.939,2.9855,7542414.4
2025-08-06 15:00:00,2.9855,3.0083,2.9672,3.0042,8582263.0
2025-08-06 16:00:00,3.0042,3.015,2.9761,2.9811,6979162.4
2025-08-06 17:00:00,2.9811,3.0039,2.9699,3.0036,4120626.5
2025-08-06 18:00:00,3.0036,3.0187,2.9961,3.0019,4205378.0
2025-08-06 19:00:00,3.0019,3.0142,2.9985,3.0116,2528445.8
2025-08-06 20:00:00,3.0116,3.0116,2.9915,2.9941,2316357.0
2025-08-06 21:00:00,2.994,3.0057,2.9753,2.9936,3141065.6
2025-08-06 22:00:00,2.9937,2.9998,2.9892,2.999,1570554.6
2025-08-06 23:00:00,2.999,3.0015,2.99,2.9908,1890467.3
2025-08-07 00:00:00,2.9908,2.9939,2.979,2.987,1747402.2
2025-08-07 01:00:00,2.9871,3.011,2.9826,2.9858,3999277.0
2025-08-07 02:00:00,2.9857,2.99,2.9729,2.9757,2125609.5
2025-08-07 03:00:00,2.9756,2.9807,2.9676,2.9683,3062952.0
2025-08-07 04:00:00,2.9682,2.9828,2.9641,2.9761,3093054.0
2025-08-07 05:00:00,2.9761,2.9956,2.971,2.9951,3444630.5
2025-08-07 06:00:00,2.9951,3.0139,2.9925,3.0008,6656267.2
2025-08-07 07:00:00,3.0007,3.0107,2.9987,2.9999,3866721.3
2025-08-07 08:00:00,2.9998,3.0103,2.9935,2.9969,3993298.0
2025-08-07 09:00:00,2.9968,3.0077,2.9881,3.007,3056070.1
2025-08-07 10:00:00,3.007,3.0764,3.0057,3.07,14762817.7
2025-08-07 11:00:00,3.0701,3.0882,3.0668,3.0793,8962899.6
2025-08-07 12:00:00,3.0792,3.086,3.0611,3.0773,8295416.4
2025-08-07 13:00:00,3.0772,3.0847,3.0666,3.071,6699535.7
2025-08-07 14:00:00,3.071,3.0723,3.0439,3.0486,8778519.0
2025-08-07 15:00:00,3.0486,3.0665,3.041,3.0625,5434701.6
2025-08-07 16:00:00,3.0625,3.0665,3.0087,3.0381,6818962.4
2025-08-07 17:00:00,3.038,3.0536,3.0292,3.0498,4525088.4
2025-08-07 18:00:00,3.0498,3.0569,3.0401,3.0539,2459384.9
2025-08-07 19:00:00,3.0539,3.1024,3.0518,3.1018,8661934.7
2025-08-07 20:00:00,3.1018,3.121,3.0994,3.111,12766495.3
2025-08-07 21:00:00,3.111,3.3,3.1036,3.25,39661630.6
2025-08-07 22:00:00,3.25,3.3316,3.2437,3.3256,31713940.7
2025-08-07 23:00:00,3.3256,3.3338,3.2788,3.3197,17609024.3
2025-08-08 00:00:00,3.3196,3.337,3.2876,3.2984,32498840.4
2025-08-08 01:00:00,3.2984,3.322,3.2704,3.3196,19730571.3
2025-08-08 02:00:00,3.3196,3.3498,3.305,3.3413,11726606.4
2025-08-08 03:00:00,3.3413,3.3762,3.3312,3.3762,12809364.4
2025-08-08 04:00:00,3.3762,3.3825,3.342,3.3506,11118762.2
2025-08-08 05:00:00,3.3507,3.3519,3.309,3.316,13085837.8
2025-08-08 06:00:00,3.3159,3.3505,3.3064,3.3491,8148096.4
2025-08-08 07:00:00,3.3492,3.36,3.3256,3.3558,6594049.2
2025-08-08 08:00:00,3.3558,3.3606,3.3226,3.336,7787196.4
2025-08-08 09:00:00,3.3361,3.3444,3.3114,3.3278,8663094.4
2025-08-08 10:00:00,3.3278,3.3328,3.3019,3.3093,7376902.6
2025-08-08 11:00:00,3.3094,3.3378,3.3094,3.3364,4790234.6
2025-08-08 12:00:00,3.3364,3.3378,3.3079,3.3208,7396368.6
2025-08-08 13:00:00,3.3209,3.3563,3.3137,3.3507,10953640.9
2025-08-08 14:00:00,3.3507,3.3726,3.2674,3.2805,26524262.7
2025-08-08 15:00:00,3.2805,3.2816,3.2051,3.2216,24020275.9
2025-08-08 16:00:00,3.2216,3.2482,3.22,3.2467,9759708.2
2025-08-08 17:00:00,3.2468,3.295,3.2459,3.2938,11816747.3
2025-08-08 18:00:00,3.2938,3.297,3.263,3.277,9718425.0
2025-08-08 19:00:00,3.2771,3.3404,3.271,3.3389,9974160.6
2025-08-08 20:00:00,3.3389,3.3389,3.297,3.312,8934203.2
2025-08-08 21:00:00,3.3119,3.315,3.3019,3.3037,2775350.4
2025-08-08 22:00:00,3.3038,3.304,3.2867,3.2883,4531659.3
2025-08-08 23:00:00,3.2883,3.3005,3.2791,3.2859,3191797.8
2025-08-09 00:00:00,3.2858,3.2992,3.2801,3.2976,2749634.4
2025-08-09 01:00:00,3.2976,3.3141,3.2872,3.3053,3151834.8
2025-08-09 02:00:00,3.3053,3.3065,3.2936,3.3043,2179682.0
2025-08-09 03:00:00,3.3042,3.3078,3.2896,3.2911,2807392.7
2025-08-09 04:00:00,3.2911,3.3082,3.288,3.2995,3011684.5
2025-08-09 05:00:00,3.2995,3.3348,3.2961,3.3131,19321946.4
2025-08-09 06:00:00,3.3132,3.3157,3.297,3.3044,4481590.1
2025-08-09 07:00:00,3.3043,3.3244,3.3007,3.3202,3497232.5
2025-08-09 08:00:00,3.3201,3.3286,3.3116,3.3213,2970426.8
2025-08-09 09:00:00,3.3212,3.3475,3.3199,3.3352,7337103.0
2025-08-09 10:00:00,3.3351,3.3465,3.3264,3.333,5065110.9
2025-08-09 11:00:00,3.3331,3.3339,3.3044,3.309,4316248.6
2025-08-09 12:00:00,3.309,3.3272,3.303,3.3249,3036747.3
2025-08-09 13:00:00,3.3248,3.3266,3.2761,3.2769,10798210.7
2025-08-09 14:00:00,3.2769,3.2957,3.2461,3.2954,9392700.6
2025-08-09 15:00:00,3.2954,3.296,3.2639,3.273,5046428.8
2025-08-09 16:00:00,3.2731,3.287,3.2664,3.2726,4057475.8
2025-08-09 17:00:00,3.2725,3.298,3.267,3.2845,3855413.3
2025-08-09 18:00:00,3.2844,3.2895,3.277,3.2847,2859615.6
2025-08-09 19:00:00,3.2846,3.2942,3.259,3.265,4050941.3
2025-08-09 20:00:00,3.2649,3.2758,3.2515,3.2592,6111150.8
2025-08-09 21:00:00,3.2591,3.2663,3.2324,3.2483,6567020.0
2025-08-09 22:00:00,3.2483,3.2629,3.2083,3.2258,10249026.3
2025-08-09 23:00:00,3.2259,3.234,3.2133,3.2259,3731173.5
2025-08-10 00:00:00,3.2259,3.245,3.2258,3.2339,4795774.7
2025-08-10 01:00:00,3.234,3.24,3.2189,3.2367,3892665.9
2025-08-10 02:00:00,3.2368,3.2486,3.227,3.2422,3633496.0
2025-08-10 03:00:00,3.2421,3.2679,3.2389,3.259,6598341.8
2025-08-10 04:00:00,3.259,3.2795,3.25,3.274,4335729.0
2025-08-10 05:00:00,3.274,3.2746,3.2469,3.2561,3693976.2
2025-08-10 06:00:00,3.2562,3.2636,3.2358,3.2486,3468909.9
2025-08-10 07:00:00,3.2486,3.2542,3.1618,3.1875,17407845.8
2025-08-10 08:00:00,3.1874,3.212,3.1521,3.2088,11520058.8
2025-08-10 09:00:00,3.2089,3.22,3.2058,3.2142,3355260.8
2025-08-10 10:00:00,3.2142,3.2164,3.181,3.1897,4977590.8
2025-08-10 11:00:00,3.1897,3.204,3.1776,3.1914,3524367.1
2025-08-10 12:00:00,3.1914,3.1971,3.1802,3.1886,2657987.3
2025-08-10 13:00:00,3.1885,3.1965,3.1627,3.1634,4134845.9
2025-08-10 14:00:00,3.1634,3.2044,3.1568,3.201,5738282.9
2025-08-10 15:00:00,3.2009,3.203,3.1799,3.185,4311915.3
2025-08-10 16:00:00,3.185,3.2016,3.1821,3.1977,2493497.8
2025-08-10 17:00:00,3.1976,3.2004,3.182,3.1978,2163407.4
2025-08-10 18:00:00,3.1977,3.2087,3.1936,3.2076,2029139.6
2025-08-10 19:00:00,3.2076,3.2146,3.202,3.207,2050877.8
2025-08-10 20:00:00,3.207,3.2085,3.1776,3.1857,6721239.9
2025-08-10 21:00:00,3.1858,3.1864,3.1581,3.1827,8615193.8
2025-08-10 22:00:00,3.1828,3.1933,3.1694,3.181,7439728.2
2025-08-10 23:00:00,3.1811,3.1928,3.1648,3.187,3584588.4
2025-08-11 00:00:00,3.1869,3.2071,3.172,3.1943,5169442.9
2025-08-11 01:00:00,3.1942,3.2326,3.1923,3.2251,5685144.7
2025-08-11 02:00:00,3.2251,3.274,3.2233,3.2638,13022224.1
2025-08-11 03:00:00,3.2639,3.2748,3.2492,3.2653,8529825.9
2025-08-11 04:00:00,3.2654,3.2779,3.2553,3.2622,5845618.4
2025-08-11 05:00:00,3.2621,3.2826,3.2615,3.2713,7025743.8
2025-08-11 06:00:00,3.2713,3.2825,3.2608,3.2789,5510720.2
2025-08-11 07:00:00,3.2789,3.2887,3.2339,3.2451,8911667.2
2025-08-11 08:00:00,3.2451,3.3342,3.2282,3.2993,22703198.4
2025-08-11 09:00:00,3.2993,3.3214,3.2708,3.2804,9404442.0
2025-08-11 10:00:00,3.2805,3.2838,3.2508,3.2559,7111025.0
2025-08-11 11:00:00,3.2559,3.265,3.2036,3.215,14558675.4
2025-08-11 12:00:00,3.215,3.2362,3.1958,3.2072,12170797.5
2025-08-11 13:00:00,3.2072,3.2254,3.1834,3.2177,11099255.3
2025-08-11 14:00:00,3.2177,3.2338,3.1901,3.1952,9847234.5
2025-08-11 15:00:00,3.1952,3.2105,3.1774,3.209,10041462.1
2025-08-11 16:00:00,3.209,3.2247,3.1841,3.1877,7626985.6
2025-08-11 17:00:00,3.1877,3.229,3.177,3.1925,11610906.6
2025-08-11 18:00:00,3.1925,3.2102,3.1629,3.2069,9851114.3
2025-08-11 19:00:00,3.2069,3.2069,3.1474,3.1491,9471998.3
2025-08-11 20:00:00,3.1491,3.1684,3.1359,3.1628,8595035.2
2025-08-11 21:00:00,3.1627,3.1707,3.1182,3.1385,9350624.9
2025-08-11 22:00:00,3.1385,3.142,3.1176,3.138,6183122.7
2025-08-11 23:00:00,3.138,3.1464,3.1294,3.1295,4263511.8
2025-08-12 00:00:00,3.1295,3.1517,3.1274,3.148,4943430.7
2025-08-12 01:00:00,3.1479,3.1651,3.1433,3.1629,2784828.6
2025-08-12 02:00:00,3.163,3.1765,3.158,3.1612,2888331.4
2025-08-12 03:00:00,3.1612,3.1625,3.1434,3.1484,3807034.7
2025-08-12 04:00:00,3.1483,3.1661,3.1452,3.163,2605825.5
2025-08-12 05:00:00,3.163,3.163,3.1233,3.1418,4952089.3
2025-08-12 06:00:00,3.1419,3.1509,3.1152,3.1439,3668983.5
2025-08-12 07:00:00,3.144,3.1604,3.1439,3.1557,4639396.4
2025-08-12 08:00:00,3.1558,3.1641,3.1394,3.1507,3849912.1
2025-08-12 09:00:00,3.1507,3.1536,3.1248,3.1281,3814915.4
2025-08-12 10:00:00,3.1281,3.1314,3.1041,3.1285,6483821.1
2025-08-12 11:00:00,3.1286,3.1614,3.1182,3.1501,3712943.0
2025-08-12 12:00:00,3.1501,3.2025,3.1422,3.1852,14960816.5
2025-08-12 13:00:00,3.1853,3.1986,3.1604,3.1747,10331231.7
2025-08-12 14:00:00,3.1747,3.2112,3.1692,3.2051,6747012.1
2025-08-12 15:00:00,3.2051,3.2194,3.2025,3.2127,8330001.0
2025-08-12 16:00:00,3.2128,3.2342,3.2052,3.2311,7891987.1
2025-08-12 17:00:00,3.2311,3.2511,3.2269,3.2301,6943889.1
2025-08-12 18:00:00,3.2302,3.258,3.2274,3.2461,6223055.7
2025-08-12 19:00:00,3.2461,3.2905,3.2459,3.2888,7723008.5
2025-08-12 20:00:00,3.2888,3.3067,3.2725,3.2908,17311749.1
2025-08-12 21:00:00,3.2907,3.2936,3.2677,3.2738,8892846.7
2025-08-12 22:00:00,3.2739,3.2792,3.2573,3.2751,6451194.0
2025-08-12 23:00:00,3.2751,3.2786,3.2633,3.2676,4573875.7
2025-08-13 00:00:00,3.2675,3.2675,3.242,3.2463,9284523.2
2025-08-13 01:00:00,3.2463,3.2466,3.2155,3.2227,6683669.9
2025-08-13 02:00:00,3.2227,3.2409,3.2054,3.2398,7421962.5
2025-08-13 03:00:00,3.2398,3.2513,3.2226,3.2419,7448532.4
2025-08-13 04:00:00,3.2418,3.2578,3.2393,3.2509,7486884.2
2025-08-13 05:00:00,3.2509,3.253,3.2125,3.2187,6194173.5
2025-08-13 06:00:00,3.2186,3.2316,3.2026,3.2247,6256696.1
2025-08-13 07:00:00,3.2248,3.2423,3.2197,3.2394,5857842.5
2025-08-13 08:00:00,3.2394,3.2886,3.2389,3.2872,11732804.9
2025-08-13 09:00:00,3.2871,3.2939,3.2677,3.2887,11262385.0
2025-08-13 10:00:00,3.2887,3.2994,3.2771,3.2923,6811866.4
2025-08-13 11:00:00,3.2924,3.299,3.2757,3.2846,5854774.4
2025-08-13 12:00:00,3.2845,3.2938,3.2704,3.271,8343910.9
2025-08-13 13:00:00,3.271,3.335,3.2549,3.2921,28028604.4
2025-08-13 14:00:00,3.2922,3.3,3.2326,3.2405,17747870.2
2025-08-13 15:00:00,3.2405,3.2694,3.2266,3.2561,8876689.5
2025-08-13 16:00:00,3.2562,3.2793,3.2471,3.2545,5662673.0
2025-08-13 17:00:00,3.2544,3.278,3.2508,3.2755,3576331.2
2025-08-13 18:00:00,3.2754,3.2798,3.2441,3.269,3688897.3
2025-08-13 19:00:00,3.269,3.285,3.2665,3.2778,3971359.2
2025-08-13 20:00:00,3.2778,3.2797,3.2585,3.263,4271316.9
2025-08-13 21:00:00,3.263,3.279,3.2523,3.2587,4435258.8
2025-08-13 22:00:00,3.2587,3.2943,3.2529,3.2744,5072289.5
2025-08-13 23:00:00,3.2743,3.2907,3.2698,3.2744,7329707.8
2025-08-14 00:00:00,3.2744,3.3038,3.2699,3.2979,15671699.6
2025-08-14 01:00:00,3.2978,3.33,3.2823,3.3211,12073914.7
2025-08-14 02:00:00,3.3211,3.3512,3.305,3.3489,12839170.6
2025-08-14 03:00:00,3.3488,3.3489,3.3251,3.3262,8836242.2
2025-08-14 04:00:00,3.3262,3.3343,3.3022,3.3022,8580015.2
2025-08-14 05:00:00,3.3023,3.3099,3.2711,3.2747,10902324.1
2025-08-14 06:00:00,3.2747,3.275,3.2348,3.2656,16252820.7
2025-08-14 07:00:00,3.2656,3.2712,3.2383,3.2554,8602402.8
2025-08-14 08:00:00,3.2554,3.2554,3.2232,3.2336,7797760.6
2025-08-14 09:00:00,3.2337,3.2456,3.2217,3.2421,6092189.0
2025-08-14 10:00:00,3.2421,3.2423,3.1994,3.2117,12262138.3
2025-08-14 11:00:00,3.2117,3.2186,3.2016,3.2181,6664166.2
2025-08-14 12:00:00,3.2181,3.2353,2.9915,3.1011,59301959.9
2025-08-14 13:00:00,3.101,3.1358,3.0377,3.1125,38273885.4
2025-08-14 14:00:00,3.1125,3.1416,3.0966,3.122,14513293.7
2025-08-14 15:00:00,3.122,3.1262,3.0859,3.0962,11155193.2
2025-08-14 16:00:00,3.0962,3.0962,3.0477,3.0681,13555368.1
2025-08-14 17:00:00,3.068,3.0863,3.048,3.0791,7260930.1
2025-08-14 18:00:00,3.0791,3.0859,3.0426,3.0816,6001536.0
2025-08-14 19:00:00,3.0816,3.0988,3.0663,3.0682,5270730.0
2025-08-14 20:00:00,3.0681,3.0863,3.0579,3.0781,4186133.3
2025-08-14 21:00:00,3.0781,3.0802,3.0295,3.0608,8639357.5
2025-08-14 22:00:00,3.0607,3.0822,3.0454,3.0789,4036236.6
2025-08-14 23:00:00,3.0789,3.0908,3.0764,3.0792,2902779.8
2025-08-15 00:00:00,3.0792,3.0954,3.0722,3.0797,4648096.9
2025-08-15 01:00:00,3.0798,3.1046,3.0716,3.0937,5683504.5
2025-08-15 02:00:00,3.0936,3.1067,3.0863,3.1003,5236632.0
2025-08-15 03:00:00,3.1004,3.1228,3.0944,3.1174,6289676.5
2025-08-15 04:00:00,3.1174,3.128,3.1102,3.1168,4394651.9
2025-08-15 05:00:00,3.1168,3.1334,3.1082,3.1332,3946772.6
2025-08-15 06:00:00,3.1331,3.1427,3.1246,3.1257,5485530.6
2025-08-15 07:00:00,3.1258,3.1258,3.1057,3.1174,4517043.3
2025-08-15 08:00:00,3.1173,3.1278,3.1126,3.1152,4589705.9
2025-08-15 09:00:00,3.1151,3.1238,3.0973,3.1037,5104907.1
2025-08-15 10:00:00,3.1038,3.1221,3.1014,3.1066,3547285.1
2025-08-15 11:00:00,3.1066,3.1187,3.0968,3.1111,2621367.9
2025-08-15 12:00:00,3.1111,3.1407,3.0966,3.1132,8921081.8
2025-08-15 13:00:00,3.1131,3.123,3.0715,3.0838,8680430.3
2025-08-15 14:00:00,3.0837,3.1003,3.0545,3.0623,7703633.8
2025-08-15 15:00:00,3.0623,3.0652,3.0111,3.0269,14690048.0
2025-08-15 16:00:00,3.0269,3.043,3.0024,3.0374,9646830.1
2025-08-15 17:00:00,3.0373,3.0675,3.0218,3.0564,5836115.1
2025-08-15 18:00:00,3.0564,3.0842,3.0478,3.0646,5027424.2
2025-08-15 19:00:00,3.0646,3.0963,3.0552,3.0657,4704589.2
2025-08-15 20:00:00,3.0657,3.0909,3.0545,3.0755,4479491.0
2025-08-15 21:00:00,3.0755,3.0962,3.0752,3.0791,3969901.3
2025-08-15 22:00:00,3.0792,3.097,3.0749,3.0955,2614040.1
2025-08-15 23:00:00,3.0955,3.0988,3.0706,3.0779,2588720.3
2025-08-16 00:00:00,3.0778,3.0938,3.0715,3.0924,2326895.3
2025-08-16 01:00:00,3.0924,3.0956,3.0856,3.0903,2088619.2
2025-08-16 02:00:00,3.0903,3.093,3.0854,3.0919,1200754.7
2025-08-16 03:00:00,3.0919,3.1146,3.0904,3.1086,2774925.3
2025-08-16 04:00:00,3.1087,3.1173,3.1041,3.1075,2528020.6
2025-08-16 05:00:00,3.1074,3.1076,3.09,3.0941,1836779.3
2025-08-16 06:00:00,3.0942,3.1107,3.0885,3.1055,1829544.4
2025-08-16 07:00:00,3.1055,3.1259,3.1054,3.1232,2395763.1
2025-08-16 08:00:00,3.1233,3.1464,3.1165,3.1408,5592050.0
2025-08-16 09:00:00,3.1408,3.156,3.125,3.1251,5586298.1
2025-08-16 10:00:00,3.125,3.1469,3.1203,3.1261,7857890.5
2025-08-16 11:00:00,3.1261,3.1342,3.1029,3.1044,3215939.3
2025-08-16 12:00:00,3.1045,3.1194,3.0981,3.1123,3029773.9
2025-08-16 13:00:00,3.1123,3.1271,3.101,3.1071,4292180.7
2025-08-16 14:00:00,3.1072,3.1196,3.1,3.1097,2719858.0
2025-08-16 15:00:00,3.1097,3.1159,3.0995,3.1036,2438269.9
2025-08-16 16:00:00,3.1036,3.113,3.0958,3.1075,3088288.5
2025-08-16 17:00:00,3.1076,3.1105,3.0943,3.0959,1437560.1
2025-08-16 18:00:00,3.0958,3.109,3.0924,3.0988,1133613.6
2025-08-16 19:00:00,3.0987,3.1084,3.0956,3.1002,1866578.8
2025-08-16 20:00:00,3.1001,3.1075,3.0954,3.1044,1178477.1
2025-08-16 21:00:00,3.1044,3.1049,3.094,3.0946,824731.3
2025-08-16 22:00:00,3.0946,3.109,3.0905,3.1063,1712950.1
2025-08-16 23:00:00,3.1062,3.1074,3.0994,3.1055,1569008.4
2025-08-17 00:00:00,3.1056,3.1056,3.0927,3.0928,1525662.0
2025-08-17 01:00:00,3.0928,3.1065,3.0829,3.1051,3120469.3
2025-08-17 02:00:00,3.1052,3.1208,3.0938,3.12,2175690.0
2025-08-17 03:00:00,3.12,3.1238,3.1135,3.1198,1540167.8
2025-08-17 04:00:00,3.1199,3.135,3.1192,3.1339,2147697.5
2025-08-17 05:00:00,3.1338,3.1387,3.1214,3.122,2039596.8
2025-08-17 06:00:00,3.1221,3.1284,3.1144,3.1146,2125338.7
2025-08-17 07:00:00,3.1147,3.1214,3.1117,3.1176,2007164.9
2025-08-17 08:00:00,3.1177,3.141,3.1115,3.1376,2372190.0
2025-08-17 09:00:00,3.1375,3.1392,3.119,3.1317,3195455.7
2025-08-17 10:00:00,3.1317,3.1374,3.1218,3.127,2289107.4
2025-08-17 11:00:00,3.1269,3.1324,3.1228,3.128,1887065.6
2025-08-17 12:00:00,3.1281,3.1284,3.1142,3.1179,1967702.5
2025-08-17 13:00:00,3.1179,3.132,3.1143,3.1281,2103152.8
2025-08-17 14:00:00,3.1281,3.129,3.117,3.1178,2230276.3
2025-08-17 15:00:00,3.1177,3.1459,3.1153,3.1438,4837522.1
2025-08-17 16:00:00,3.1437,3.1472,3.1046,3.1122,7164187.9
2025-08-17 17:00:00,3.1121,3.1212,3.1055,3.1078,2849911.9
2025-08-17 18:00:00,3.1078,3.1087,3.0773,3.0979,6618357.5
2025-08-17 19:00:00,3.0979,3.1034,3.0869,3.0888,3133185.9
2025-08-17 20:00:00,3.0887,3.0995,3.0885,3.0927,1516347.0
2025-08-17 21:00:00,3.0927,3.1036,3.088,3.1001,1770064.6
2025-08-17 22:00:00,3.1,3.1134,3.0961,3.1107,2327692.0
2025-08-17 23:00:00,3.1108,3.1115,3.0855,3.0877,3748091.3
2025-08-18 00:00:00,3.0877,3.0916,3.0726,3.082,3829856.1
2025-08-18 01:00:00,3.0819,3.0847,3.0352,3.0415,10617775.7
2025-08-18 02:00:00,3.0415,3.0446,3.005,3.0102,13432776.4
2025-08-18 03:00:00,3.0102,3.016,2.9669,2.9901,16900698.7
2025-08-18 04:00:00,2.99,3.0,2.9779,2.9984,6187132.3
2025-08-18 05:00:00,2.9984,3.0052,2.9727,2.992,6613592.1
2025-08-18 06:00:00,2.992,2.992,2.9555,2.9713,12314544.3
2025-08-18 07:00:00,2.9712,2.9785,2.9592,2.9639,6281996.5
2025-08-18 08:00:00,2.9638,2.9758,2.962,2.9624,4383483.3
2025-08-18 09:00:00,2.9624,2.9698,2.9404,2.9672,10754174.8
2025-08-18 10:00:00,2.9671,2.9726,2.9553,2.9696,6584562.1
2025-08-18 11:00:00,2.9696,2.978,2.9591,2.9644,6560126.5
2025-08-18 12:00:00,2.9643,2.9904,2.96,2.9904,5080080.5
2025-08-18 13:00:00,2.9904,3.0007,2.9673,2.9674,7059407.3
2025-08-18 14:00:00,2.9674,2.9991,2.9674,2.9961,4989527.5
2025-08-18 15:00:00,2.9961,3.024,2.9866,3.0158,5614906.2
2025-08-18 16:00:00,3.0158,3.0228,3.0022,3.0038,4241755.2
2025-08-18 17:00:00,3.0037,3.0969,3.0005,3.0705,12785155.0
2025-08-18 18:00:00,3.0706,3.0743,3.0435,3.066,3681997.1
2025-08-18 19:00:00,3.066,3.0845,3.0561,3.0822,3119686.4
2025-08-18 20:00:00,3.0822,3.0831,3.0515,3.0793,2769839.2
2025-08-18 21:00:00,3.0793,3.096,3.0689,3.0792,3835235.7
2025-08-18 22:00:00,3.0792,3.0927,3.0681,3.069,3072161.0
2025-08-18 23:00:00,3.0689,3.0707,3.0552,3.0616,2750444.3
2025-08-19 00:00:00,3.0616,3.0698,3.0248,3.0665,7551369.5
2025-08-19 01:00:00,3.0664,3.0808,3.0443,3.0504,4856357.7
2025-08-19 02:00:00,3.0503,3.0511,3.0323,3.035,4169716.9
2025-08-19 03:00:00,3.035,3.0361,2.984,2.9902,7659597.1
2025-08-19 04:00:00,2.9902,3.0072,2.9731,3.0063,6574730.4
2025-08-19 05:00:00,3.0063,3.0279,3.0016,3.0145,4406932.5
2025-08-19 06:00:00,3.0146,3.0263,3.0036,3.0198,4249136.5
2025-08-19 07:00:00,3.0198,3.0225,2.9918,3.0036,7851691.8
2025-08-19 08:00:00,3.0036,3.0164,2.9909,3.0085,5939476.4
2025-08-19 09:00:00,3.0085,3.0237,3.0051,3.0173,3754540.6
2025-08-19 10:00:00,3.0173,3.0246,3.01,3.0128,2391803.4
2025-08-19 11:00:00,3.0129,3.0195,3.0067,3.0156,2242741.5
2025-08-19 12:00:00,3.0156,3.0181,3.0044,3.0136,2256541.1
2025-08-19 13:00:00,3.0135,3.038,2.9852,2.9999,5992378.0
2025-08-19 14:00:00,3.0,3.0075,2.9325,2.9429,12563755.0
2025-08-19 15:00:00,2.9428,2.9675,2.9271,2.9296,9544004.5
2025-08-19 16:00:00,2.9296,2.9355,2.9081,2.911,9225174.6
2025-08-19 17:00:00,2.911,2.9324,2.8968,2.9295,7264410.9
2025-08-19 18:00:00,2.9296,2.9336,2.8929,2.9026,4775772.9
2025-08-19 19:00:00,2.9025,2.9192,2.8709,2.8768,9888603.8
2025-08-19 20:00:00,2.8767,2.9064,2.8713,2.9033,5699634.4
2025-08-19 21:00:00,2.9032,2.9049,2.8744,2.8966,7334738.4
2025-08-19 22:00:00,2.8965,2.9013,2.8829,2.8927,3088244.4
2025-08-19 23:00:00,2.8926,2.894,2.8488,2.8608,9903836.4
2025-08-20 00:00:00,2.8608,2.8888,2.8601,2.8788,6882859.8
2025-08-20 01:00:00,2.8789,2.8914,2.8492,2.8852,6746798.9
2025-08-20 02:00:00,2.8852,2.8938,2.8781,2.885,4191129.6
2025-08-20 03:00:00,2.885,2.9,2.8818,2.8872,3832761.0
2025-08-20 04:00:00,2.8872,2.9013,2.8867,2.8991,4869414.6
2025-08-20 05:00:00,2.8991,2.9007,2.8882,2.9003,2748001.6
2025-08-20 06:00:00,2.9002,2.9002,2.8771,2.8851,4144003.9
2025-08-20 07:00:00,2.8851,2.8964,2.8646,2.8674,6191987.4
2025-08-20 08:00:00,2.8674,2.9142,2.8637,2.9136,9438471.3
2025-08-20 09:00:00,2.9136,2.9137,2.8848,2.8869,6261217.7
2025-08-20 10:00:00,2.8869,2.9064,2.8835,2.9037,3676772.8
2025-08-20 11:00:00,2.9037,2.9057,2.8597,2.8892,4357262.5
2025-08-20 12:00:00,2.8893,2.9139,2.8857,2.8931,4908950.3
2025-08-20 13:00:00,2.893,2.893,2.8367,2.8388,11195061.3
2025-08-20 14:00:00,2.8388,2.9025,2.8184,2.8887,14801274.6
2025-08-20 15:00:00,2.8886,2.9345,2.8849,2.904,14173712.6
2025-08-20 16:00:00,2.904,2.9295,2.904,2.9134,5092459.4
2025-08-20 17:00:00,2.9133,2.9566,2.9117,2.9438,8244842.7
2025-08-20 18:00:00,2.9438,2.9457,2.9062,2.9188,6792890.5
2025-08-20 19:00:00,2.9188,2.989,2.9169,2.989,8183067.2
2025-08-20 20:00:00,2.989,2.9896,2.9652,2.9708,5030893.6
2025-08-20 21:00:00,2.9709,2.9769,2.953,2.9677,5804124.8
2025-08-20 22:00:00,2.9677,2.9744,2.9614,2.9696,2276902.0
2025-08-20 23:00:00,2.9697,2.9707,2.9491,2.9512,2806602.4
2025-08-21 00:00:00,2.9512,2.9517,2.934,2.9432,4673881.6
2025-08-21 01:00:00,2.9433,2.952,2.9275,2.9507,4427404.0
2025-08-21 02:00:00,2.9506,2.9588,2.9129,2.9242,4109702.2
2025-08-21 03:00:00,2.9242,2.9508,2.9239,2.9299,5030409.1
2025-08-21 04:00:00,2.9298,2.9408,2.922,2.9305,2668395.9
2025-08-21 05:00:00,2.9305,2.9328,2.9216,2.9307,3102914.2
2025-08-21 06:00:00,2.9307,2.9308,2.9032,2.9113,4681338.8
2025-08-21 07:00:00,2.9113,2.918,2.8922,2.9081,4941468.7
2025-08-21 08:00:00,2.9082,2.9161,2.8971,2.8973,3776948.2
2025-08-21 09:00:00,2.8973,2.906,2.8858,2.8932,3004143.0
2025-08-21 10:00:00,2.8933,2.9052,2.8904,2.9005,2011324.8
2025-08-21 11:00:00,2.9006,2.916,2.8961,2.9021,2900308.7
2025-08-21 12:00:00,2.902,2.91,2.8833,2.8904,3159082.9
2025-08-21 13:00:00,2.8904,2.9206,2.885,2.8964,4670362.2
2025-08-21 14:00:00,2.8965,2.9236,2.8791,2.8999,6159543.1
2025-08-21 15:00:00,2.9,2.9036,2.8725,2.8875,5714547.3
2025-08-21 16:00:00,2.8874,2.9102,2.882,2.8902,3238542.3
2025-08-21 17:00:00,2.8902,2.9078,2.874,2.9016,3622955.0
2025-08-21 18:00:00,2.9016,2.9172,2.9007,2.9136,2431339.3
2025-08-21 19:00:00,2.9136,2.9193,2.8517,2.8682,6114324.3
2025-08-21 20:00:00,2.8683,2.8879,2.86,2.8801,3648661.7
2025-08-21 21:00:00,2.88,2.8885,2.8671,2.8845,1868115.0
2025-08-21 22:00:00,2.8845,2.886,2.8686,2.8746,1488497.9
2025-08-21 23:00:00,2.8746,2.8747,2.8424,2.8519,3928445.4
2025-08-22 00:00:00,2.8518,2.8712,2.848,2.8579,3868147.3
2025-08-22 01:00:00,2.8579,2.8635,2.8388,2.8581,3611036.5
2025-08-22 02:00:00,2.8582,2.885,2.8531,2.8574,4508186.5
2025-08-22 03:00:00,2.8574,2.8604,2.8226,2.8331,7337284.7
2025-08-22 04:00:00,2.833,2.867,2.8309,2.8568,3947853.7
2025-08-22 05:00:00,2.8569,2.874,2.8517,2.871,1902438.6
2025-08-22 06:00:00,2.8709,2.8742,2.8456,2.8531,4427781.1
2025-08-22 07:00:00,2.8532,2.8747,2.8508,2.8601,3807661.9
2025-08-22 08:00:00,2.8601,2.8764,2.86,2.868,3923827.7
2025-08-22 09:00:00,2.868,2.8706,2.8508,2.8593,1930768.6
2025-08-22 10:00:00,2.8594,2.8599,2.8276,2.8325,3590535.0
2025-08-22 11:00:00,2.8325,2.8338,2.8041,2.8056,8798256.0
2025-08-22 12:00:00,2.8056,2.8184,2.7826,2.8078,13592792.2
2025-08-22 13:00:00,2.8078,2.8635,2.8038,2.8404,13351058.1
2025-08-22 14:00:00,2.8404,3.0411,2.8401,3.005,79903469.6
2025-08-22 15:00:00,3.0049,3.0436,3.0048,3.0169,17123869.7
2025-08-22 16:00:00,3.0169,3.0726,3.0162,3.0485,16506416.7
2025-08-22 17:00:00,3.0486,3.096,3.0485,3.0664,15545201.6
2025-08-22 18:00:00,3.0664,3.0793,3.0449,3.0792,8985686.9
2025-08-22 19:00:00,3.0793,3.1,3.0702,3.073,8837044.4
2025-08-22 20:00:00,3.073,3.091,3.0719,3.0907,5601261.3
2025-08-22 21:00:00,3.0906,3.1056,3.0759,3.0899,9680457.1
2025-08-22 22:00:00,3.0899,3.0915,3.0646,3.0768,8645440.7
2025-08-22 23:00:00,3.0768,3.0816,3.0641,3.0744,5615688.7
2025-08-23 00:00:00,3.0745,3.0749,3.0382,3.0386,8623522.8
2025-08-23 01:00:00,3.0386,3.0464,3.0104,3.0259,9063168.7
2025-08-23 02:00:00,3.0259,3.0306,2.9697,2.9977,12671203.2
2025-08-23 03:00:00,2.9977,3.0087,2.9842,2.9939,5303786.6
2025-08-23 04:00:00,2.994,3.0343,2.9932,3.0331,7923299.9
2025-08-23 05:00:00,3.033,3.059,3.0265,3.052,5318754.5
2025-08-23 06:00:00,3.052,3.0658,3.0464,3.0644,4317613.3
2025-08-23 07:00:00,3.0644,3.0756,3.0491,3.0619,4200029.2
2025-08-23 08:00:00,3.0619,3.0718,3.0434,3.0515,4244296.6
2025-08-23 09:00:00,3.0516,3.0536,3.0392,3.0479,3231791.0
2025-08-23 10:00:00,3.0479,3.0494,3.0296,3.0313,3388741.2
2025-08-23 11:00:00,3.0314,3.0518,3.029,3.0434,3801323.3
2025-08-23 12:00:00,3.0435,3.0474,3.0307,3.0332,2358494.2
2025-08-23 13:00:00,3.0332,3.0344,3.0114,3.0154,5759368.9
2025-08-23 14:00:00,3.0155,3.0326,3.0072,3.0156,4282632.5
2025-08-23 15:00:00,3.0156,3.0237,3.0125,3.0187,2140902.7
2025-08-23 16:00:00,3.0187,3.0248,3.0097,3.0206,2241069.5
2025-08-23 17:00:00,3.0206,3.0255,3.0165,3.0181,2062454.4
2025-08-23 18:00:00,3.0181,3.0228,3.0158,3.0226,1255894.9
2025-08-23 19:00:00,3.0227,3.0312,3.0207,3.0297,1449221.6
2025-08-23 20:00:00,3.0297,3.0345,3.025,3.0323,2079029.6
2025-08-23 21:00:00,3.0322,3.0343,3.0258,3.0327,2042641.7
2025-08-23 22:00:00,3.0326,3.05,3.0312,3.0477,3342294.4
2025-08-23 23:00:00,3.0477,3.058,3.0454,3.0485,2149312.7
2025-08-24 00:00:00,3.0486,3.0641,3.0465,3.0572,3470409.1
2025-08-24 01:00:00,3.0572,3.0886,3.0467,3.0736,6871224.9
2025-08-24 02:00:00,3.0737,3.0797,3.0558,3.0569,4877229.3
2025-08-24 03:00:00,3.0569,3.0599,3.0443,3.0526,2251095.3
2025-08-24 04:00:00,3.0526,3.0568,3.0423,3.0515,1574509.1
2025-08-24 05:00:00,3.0515,3.055,3.0436,3.0499,1565720.3
2025-08-24 06:00:00,3.05,3.0505,3.0296,3.0318,3246414.9
2025-08-24 07:00:00,3.0318,3.0476,3.0303,3.0357,1663576.7
2025-08-24 08:00:00,3.0357,3.0478,3.028,3.0398,2513439.9
2025-08-24 09:00:00,3.0398,3.0425,3.025,3.0253,3188571.0
2025-08-24 10:00:00,3.0252,3.0267,3.0029,3.0125,4950661.1
2025-08-24 11:00:00,3.0125,3.0159,2.9971,3.0087,3996606.6
2025-08-24 12:00:00,3.0087,3.0194,3.0059,3.0175,2451042.9
2025-08-24 13:00:00,3.0175,3.0249,3.0122,3.0201,2805430.4
2025-08-24 14:00:00,3.0202,3.0284,3.0106,3.022,2947669.2
2025-08-24 15:00:00,3.0219,3.041,3.0118,3.0144,4922681.1
2025-08-24 16:00:00,3.0144,3.0331,3.0134,3.0306,3076383.4
2025-08-24 17:00:00,3.0305,3.0648,3.0297,3.0515,4593724.6
2025-08-24 18:00:00,3.0514,3.1166,3.0461,3.1099,13098978.1
2025-08-24 19:00:00,3.1098,3.128,2.9911,3.0343,46876717.4
2025-08-24 20:00:00,3.0344,3.0413,2.987,3.0292,19030808.4
2025-08-24 21:00:00,3.0293,3.0474,3.0093,3.0289,7378875.2
2025-08-24 22:00:00,3.0289,3.0355,3.0019,3.0332,4917881.2
2025-08-24 23:00:00,3.0333,3.0397,3.023,3.0258,5083683.9
2025-08-25 00:00:00,3.0259,3.0358,2.9736,2.9939,8528429.7
2025-08-25 01:00:00,2.9939,3.026,2.9931,3.0161,4269945.6
2025-08-25 02:00:00,3.0162,3.0526,3.0156,3.0443,8664387.7
2025-08-25 03:00:00,3.0444,3.0535,3.0175,3.0219,5062116.3
2025-08-25 04:00:00,3.0219,3.0261,3.0036,3.0047,4982017.0
2025-08-25 05:00:00,3.0047,3.0114,2.9913,2.9922,4812402.8
2025-08-25 06:00:00,2.9922,2.9942,2.955,2.9551,9914182.7
2025-08-25 07:00:00,2.9552,2.9682,2.9301,2.9384,9699841.4
2025-08-25 08:00:00,2.9385,2.953,2.9209,2.9448,7687979.4
2025-08-25 09:00:00,2.9448,2.9579,2.9349,2.9572,4262462.1
2025-08-25 10:00:00,2.9573,2.9577,2.9193,2.9309,7234098.9
2025-08-25 11:00:00,2.931,2.9445,2.9283,2.9429,3692749.6
2025-08-25 12:00:00,2.9429,2.9646,2.9359,2.9626,3875824.2
2025-08-25 13:00:00,2.9625,2.9688,2.9276,2.9492,5951992.7
2025-08-25 14:00:00,2.9493,2.9689,2.9419,2.9674,4433811.2
2025-08-25 15:00:00,2.9674,2.9744,2.9487,2.9538,4620475.9
2025-08-25 16:00:00,2.9538,2.9685,2.9433,2.9492,2140478.1
2025-08-25 17:00:00,2.9492,2.9676,2.9356,2.9639,4419880.1
2025-08-25 18:00:00,2.964,2.9667,2.9468,2.9603,4185681.7
2025-08-25 19:00:00,2.9604,2.9617,2.8724,2.8768,15711619.7
2025-08-25 20:00:00,2.8769,2.8944,2.8258,2.8258,26646808.7
2025-08-25 21:00:00,2.8258,2.8642,2.8223,2.8506,14328709.2
2025-08-25 22:00:00,2.8506,2.8693,2.8393,2.8628,7539312.2
2025-08-25 23:00:00,2.8627,2.8641,2.8479,2.8584,3479051.5
2025-08-26 00:00:00,2.8584,2.8826,2.8459,2.8596,9313178.0
2025-08-26 01:00:00,2.8596,2.8855,2.8505,2.884,4491281.0
2025-08-26 02:00:00,2.8839,2.898,2.8721,2.8829,5778471.3
2025-08-26 03:00:00,2.8828,2.8961,2.8777,2.885,3871765.0
2025-08-26 04:00:00,2.885,2.9103,2.885,2.9073,4211853.1
2025-08-26 05:00:00,2.9074,2.9291,2.9068,2.919,4893271.4
2025-08-26 06:00:00,2.9189,2.9293,2.9027,2.9108,6432630.0
2025-08-26 07:00:00,2.9108,2.935,2.9,2.9172,6860088.3
2025-08-26 08:00:00,2.9171,2.9278,2.9094,2.9112,5774991.8
2025-08-26 09:00:00,2.9113,2.921,2.9028,2.9097,4100601.0
2025-08-26 10:00:00,2.9098,2.9156,2.9005,2.9078,2819671.1
2025-08-26 11:00:00,2.9078,2.9111,2.8904,2.9011,3606083.5
2025-08-26 12:00:00,2.9012,2.9409,2.8889,2.9179,9057370.8
2025-08-26 13:00:00,2.9179,2.9241,2.8876,2.9177,8997773.8
2025-08-26 14:00:00,2.9177,2.9408,2.9049,2.9304,5633276.4
2025-08-26 15:00:00,2.9303,2.9429,2.9217,2.9331,6357086.4
2025-08-26 16:00:00,2.933,2.956,2.9261,2.9558,4769394.3
2025-08-26 17:00:00,2.9558,2.9637,2.9466,2.9626,6860761.9
2025-08-26 18:00:00,2.9626,2.989,2.9595,2.9804,4332195.6
2025-08-26 19:00:00,2.9804,3.0817,2.9662,3.0607,18917411.7
2025-08-26 20:00:00,3.0606,3.0624,3.0162,3.0396,14573963.7
2025-08-26 21:00:00,3.0395,3.041,3.0181,3.0305,8506712.3
2025-08-26 22:00:00,3.0304,3.0324,3.0032,3.0133,6483546.8
2025-08-26 23:00:00,3.0134,3.0273,3.0081,3.0123,3879208.6
2025-08-27 00:00:00,3.0123,3.0127,2.9853,2.9893,4734065.9
2025-08-27 01:00:00,2.9894,3.0078,2.9811,3.0033,4114736.0
2025-08-27 02:00:00,3.0033,3.0091,2.9885,2.9944,4263447.7
2025-08-27 03:00:00,2.9944,3.014,2.9836,3.0043,6054479.4
2025-08-27 04:00:00,3.0043,3.0279,3.0016,3.0223,4761033.9
2025-08-27 05:00:00,3.0222,3.0238,3.0108,3.0148,3322220.0
2025-08-27 06:00:00,3.0149,3.0152,2.9974,2.9988,3348680.3
2025-08-27 07:00:00,2.9987,3.0027,2.9846,2.9934,4655763.4
2025-08-27 08:00:00,2.9934,3.0144,2.9934,3.0143,3028821.3
2025-08-27 09:00:00,3.0143,3.0235,3.0075,3.0108,2347703.9
2025-08-27 10:00:00,3.0108,3.0158,2.9964,2.9985,2177071.3
2025-08-27 11:00:00,2.9986,3.0034,2.9951,2.9984,3474615.2
2025-08-27 12:00:00,2.9983,3.0057,2.9914,3.0021,3096578.8
2025-08-27 13:00:00,3.0022,3.0195,2.9882,3.0003,7813315.4
2025-08-27 14:00:00,3.0004,3.0321,2.9933,3.0055,6538283.1
2025-08-27 15:00:00,3.0056,3.021,2.9976,3.0169,4246463.1
2025-08-27 16:00:00,3.017,3.0216,3.0,3.0192,4147058.4
2025-08-27 17:00:00,3.0191,3.038,3.0108,3.0355,3914798.6
2025-08-27 18:00:00,3.0354,3.0454,3.0085,3.0085,5575168.0
2025-08-27 19:00:00,3.0085,3.02,2.9875,3.0053,7654077.0
2025-08-27 20:00:00,3.0053,3.0286,2.9716,3.0121,22718117.0
2025-08-27 21:00:00,3.0122,3.0195,2.9801,2.9873,4276483.3
2025-08-27 22:00:00,2.9873,2.9923,2.9621,2.9791,5034204.5
2025-08-27 23:00:00,2.979,2.9828,2.9625,2.9688,2973621.4
2025-08-28 00:00:00,2.9688,2.9792,2.953,2.9694,4034608.0
2025-08-28 01:00:00,2.9694,2.9894,2.9684,2.9853,2234474.7
2025-08-28 02:00:00,2.9852,2.9884,2.9708,2.9734,3398840.0
2025-08-28 03:00:00,2.9733,2.9857,2.9696,2.9819,3519840.3
2025-08-28 04:00:00,2.982,3.0117,2.9771,3.0076,7169414.2
2025-08-28 05:00:00,3.0076,3.0133,2.9942,3.0002,6077079.3
2025-08-28 06:00:00,3.0002,3.0039,2.9898,3.0018,4642266.7
2025-08-28 07:00:00,3.0018,3.0068,2.9913,3.0035,5284188.8
2025-08-28 08:00:00,3.0035,3.0161,2.9952,3.0,7655970.2
2025-08-28 09:00:00,3.0,3.0023,2.9919,2.9998,2660366.9
2025-08-28 10:00:00,2.9997,3.0073,2.9942,3.0073,2524675.9
2025-08-28 11:00:00,3.0073,3.0083,2.9994,3.0075,3745427.6
2025-08-28 12:00:00,3.0076,3.0263,3.0051,3.0195,9340611.2
2025-08-28 13:00:00,3.0195,3.0257,2.9961,3.0032,8493372.1
2025-08-28 14:00:00,3.0032,3.02,2.9961,3.0161,5488218.3
2025-08-28 15:00:00,3.0161,3.0197,2.9706,2.9817,6984573.4
2025-08-28 16:00:00,2.9816,2.9983,2.9588,2.9589,5618978.5
2025-08-28 17:00:00,2.9589,2.9836,2.9577,2.98,3129310.4
2025-08-28 18:00:00,2.9801,2.987,2.9688,2.9787,2296236.7
2025-08-28 19:00:00,2.9788,2.9854,2.9432,2.9436,5013688.9
2025-08-28 20:00:00,2.9436,2.963,2.9435,2.9497,3476265.3
2025-08-28 21:00:00,2.9497,2.9657,2.9476,2.9616,2377175.1
2025-08-28 22:00:00,2.9616,2.9797,2.961,2.9699,2942727.1
2025-08-28 23:00:00,2.9699,2.9749,2.9621,2.9665,2487628.7
2025-08-29 00:00:00,2.9665,2.9768,2.9541,2.9583,2983236.5
2025-08-29 01:00:00,2.9583,2.9618,2.9385,2.9421,4558880.8
2025-08-29 02:00:00,2.9421,2.959,2.9375,2.9473,2916938.3
2025-08-29 03:00:00,2.9473,2.9503,2.9376,2.9381,3765594.6
2025-08-29 04:00:00,2.9381,2.9404,2.915,2.9176,4458989.3
2025-08-29 05:00:00,2.9177,2.918,2.8998,2.9102,5671140.3
2025-08-29 06:00:00,2.9102,2.9123,2.892,2.9007,13771070.2
2025-08-29 07:00:00,2.9007,2.9007,2.8601,2.8699,12221586.8
2025-08-29 08:00:00,2.8698,2.8785,2.8495,2.8523,9629583.2
2025-08-29 09:00:00,2.8524,2.8762,2.8436,2.8757,8112166.4
2025-08-29 10:00:00,2.8756,2.8869,2.87,2.8765,6696597.5
2025-08-29 11:00:00,2.8765,2.8822,2.8717,2.8763,4287161.7
2025-08-29 12:00:00,2.8762,2.9227,2.8757,2.887,10863261.5
2025-08-29 13:00:00,2.8869,2.8881,2.8353,2.8491,12055703.5
2025-08-29 14:00:00,2.8491,2.8615,2.8165,2.823,17786167.4
2025-08-29 15:00:00,2.823,2.8461,2.8218,2.8345,5874368.9
2025-08-29 16:00:00,2.8344,2.846,2.8184,2.8415,5658968.0
2025-08-29 17:00:00,2.8414,2.8422,2.814,2.8185,4466296.5
2025-08-29 18:00:00,2.8185,2.8266,2.8014,2.8101,5717441.5
2025-08-29 19:00:00,2.81,2.8382,2.803,2.8138,4945987.7
2025-08-29 20:00:00,2.8138,2.82,2.7841,2.7859,8117258.5
2025-08-29 21:00:00,2.786,2.82,2.7734,2.8071,8095343.8
2025-08-29 22:00:00,2.8071,2.8121,2.79,2.812,3035334.6
2025-08-29 23:00:00,2.812,2.8265,2.8068,2.8195,3742389.4
2025-08-30 00:00:00,2.8195,2.8248,2.8124,2.8172,2793901.9
2025-08-30 01:00:00,2.8173,2.8192,2.7604,2.7649,6992582.6
2025-08-30 02:00:00,2.7649,2.8031,2.7612,2.793,4251415.5
2025-08-30 03:00:00,2.7931,2.8204,2.7917,2.8127,3208145.6
2025-08-30 04:00:00,2.8128,2.8225,2.8114,2.8118,2039662.3
2025-08-30 05:00:00,2.8119,2.8349,2.8098,2.8268,3381311.2
2025-08-30 06:00:00,2.8269,2.8336,2.8215,2.8275,1879751.7
2025-08-30 07:00:00,2.8275,2.8344,2.8223,2.832,1657339.6
2025-08-30 08:00:00,2.832,2.8324,2.8095,2.8106,5538029.6
2025-08-30 09:00:00,2.8107,2.8117,2.7958,2.8041,4636239.7
2025-08-30 10:00:00,2.8041,2.8142,2.7996,2.8039,2022789.2
2025-08-30 11:00:00,2.8039,2.8128,2.8008,2.8102,1515522.5
2025-08-30 12:00:00,2.8102,2.8108,2.7776,2.7931,4732082.0
2025-08-30 13:00:00,2.7931,2.7944,2.7746,2.7921,4031413.8
2025-08-30 14:00:00,2.7922,2.8,2.783,2.7973,3129926.5
2025-08-30 15:00:00,2.7973,2.8103,2.792,2.8068,2739953.6
2025-08-30 16:00:00,2.8069,2.8159,2.7989,2.8102,1997929.5
2025-08-30 17:00:00,2.8102,2.8184,2.8042,2.8068,2120587.8
2025-08-30 18:00:00,2.8068,2.8115,2.8001,2.8051,1379512.5
2025-08-30 19:00:00,2.8051,2.8154,2.8037,2.8104,1787516.8
2025-08-30 20:00:00,2.8104,2.8122,2.8011,2.8053,1797330.2
2025-08-30 21:00:00,2.8054,2.8091,2.8002,2.8067,1834547.2
2025-08-30 22:00:00,2.8067,2.8103,2.7992,2.8082,1172070.7
2025-08-30 23:00:00,2.8083,2.8183,2.8079,2.8181,1573907.6
2025-08-31 00:00:00,2.818,2.8469,2.818,2.8449,3937850.1
2025-08-31 01:00:00,2.845,2.8693,2.8367,2.8627,4128698.7
2025-08-31 02:00:00,2.8627,2.8646,2.8451,2.8475,2183406.2
2025-08-31 03:00:00,2.8475,2.8527,2.8409,2.852,1623052.8
2025-08-31 04:00:00,2.852,2.8565,2.8427,2.8475,1984915.7
2025-08-31 05:00:00,2.8474,2.8474,2.8328,2.8367,1894015.8
2025-08-31 06:00:00,2.8367,2.8383,2.8227,2.8237,1779886.9
2025-08-31 07:00:00,2.8237,2.835,2.8234,2.8289,1388169.9
2025-08-31 08:00:00,2.8289,2.8447,2.8288,2.8443,2647492.5
2025-08-31 09:00:00,2.8443,2.8444,2.83,2.8309,1947343.6
2025-08-31 10:00:00,2.831,2.8331,2.812,2.8199,2926780.6
2025-08-31 11:00:00,2.8198,2.827,2.813,2.8238,2715472.5
2025-08-31 12:00:00,2.8238,2.8242,2.8125,2.8174,2471360.4
2025-08-31 13:00:00,2.8174,2.8229,2.8052,2.8111,2246335.5
2025-08-31 14:00:00,2.8112,2.8166,2.8014,2.809,2173802.8
2025-08-31 15:00:00,2.809,2.8251,2.8081,2.8222,1863401.1
2025-08-31 16:00:00,2.8222,2.8223,2.8057,2.8144,1663103.6
2025-08-31 17:00:00,2.8145,2.815,2.8065,2.8091,1148167.2
2025-08-31 18:00:00,2.809,2.8213,2.807,2.82,1709239.0
2025-08-31 19:00:00,2.8199,2.8199,2.7983,2.8002,2452396.0
2025-08-31 20:00:00,2.8001,2.8098,2.7947,2.8083,1404031.8
2025-08-31 21:00:00,2.8082,2.8173,2.8036,2.8113,1551458.2
2025-08-31 22:00:00,2.8114,2.8172,2.799,2.8011,1868901.9
2025-08-31 23:00:00,2.801,2.801,2.7707,2.7757,6730748.5
2025-09-01 00:00:00,2.7757,2.7774,2.7369,2.7624,16688445.8
2025-09-01 01:00:00,2.7625,2.7793,2.7546,2.765,6070178.4
2025-09-01 02:00:00,2.765,2.7673,2.7284,2.7334,9644566.8
2025-09-01 03:00:00,2.7334,2.7459,2.7256,2.742,6995421.7
2025-09-01 04:00:00,2.7421,2.7471,2.7115,2.7189,8936316.1
2025-09-01 05:00:00,2.719,2.7381,2.7014,2.7333,9110187.9
2025-09-01 06:00:00,2.7333,2.7404,2.7193,2.7366,5314873.9
2025-09-01 07:00:00,2.7366,2.7946,2.7265,2.7943,12340114.7
2025-09-01 08:00:00,2.7943,2.827,2.7943,2.8256,15260246.2
2025-09-01 09:00:00,2.8256,2.839,2.8083,2.8083,10987958.4
2025-09-01 10:00:00,2.8084,2.816,2.7773,2.7923,7298629.3
2025-09-01 11:00:00,2.7923,2.7995,2.7672,2.7697,4921548.3
2025-09-01 12:00:00,2.7697,2.7804,2.7614,2.7713,3139905.1
2025-09-01 13:00:00,2.7713,2.7777,2.7544,2.7593,5485066.0
2025-09-01 14:00:00,2.7594,2.7736,2.7518,2.77,5062535.9
2025-09-01 15:00:00,2.77,2.7787,2.7521,2.7625,4014380.7
2025-09-01 16:00:00,2.7625,2.7684,2.744,2.747,3757033.0
2025-09-01 17:00:00,2.7469,2.7482,2.7203,2.7268,6212963.3
2025-09-01 18:00:00,2.7268,2.758,2.7242,2.7563,3407499.8
2025-09-01 19:00:00,2.7562,2.7746,2.7528,2.7735,3978186.9
2025-09-01 20:00:00,2.7735,2.7758,2.7355,2.7619,13230855.9
2025-09-01 21:00:00,2.762,2.7642,2.6975,2.7277,8833929.7
2025-09-01 22:00:00,2.7277,2.7472,2.7173,2.7438,5290243.7
2025-09-01 23:00:00,2.7437,2.7613,2.7354,2.7589,3824312.1
2025-09-02 00:00:00,2.7589,2.7675,2.7535,2.7602,3342133.8
2025-09-02 01:00:00,2.7602,2.7767,2.7484,2.7654,4491761.4
2025-09-02 02:00:00,2.7654,2.7892,2.7579,2.7885,4188119.6
2025-09-02 03:00:00,2.7884,2.8014,2.7833,2.798,4676709.9
2025-09-02 04:00:00,2.798,2.8054,2.7911,2.8028,3535492.8
2025-09-02 05:00:00,2.8028,2.8159,2.7975,2.8105,5382072.3
2025-09-02 06:00:00,2.8104,2.8145,2.8005,2.802,5465835.1
2025-09-02 07:00:00,2.802,2.806,2.7856,2.794,7449241.8
2025-09-02 08:00:00,2.7939,2.8329,2.7935,2.8059,7561454.0
2025-09-02 09:00:00,2.8059,2.8221,2.8035,2.8099,2974768.3
2025-09-02 10:00:00,2.8099,2.8124,2.8038,2.8119,2058935.8
2025-09-02 11:00:00,2.8119,2.8127,2.7951,2.7987,3569063.1
2025-09-02 12:00:00,2.7986,2.8022,2.762,2.769,9251664.2
2025-09-02 13:00:00,2.769,2.8327,2.7673,2.8283,16346814.8
2025-09-02 14:00:00,2.8282,2.8455,2.8102,2.8379,13027930.8
2025-09-02 15:00:00,2.8378,2.84,2.7863,2.7905,6654462.3
2025-09-02 16:00:00,2.7904,2.8054,2.7818,2.7954,4079158.3
2025-09-02 17:00:00,2.7955,2.8071,2.788,2.8058,3115462.3
2025-09-02 18:00:00,2.8057,2.821,2.793,2.8138,3505504.3
2025-09-02 19:00:00,2.8138,2.8287,2.8001,2.8282,5183354.6
2025-09-02 20:00:00,2.8282,2.8549,2.817,2.8433,7950566.4
2025-09-02 21:00:00,2.8433,2.8493,2.8333,2.8449,3247881.9
2025-09-02 22:00:00,2.845,2.8604,2.8345,2.8604,3210878.8
2025-09-02 23:00:00,2.8604,2.8641,2.8507,2.862,4419773.9
2025-09-03 00:00:00,2.862,2.8637,2.8377,2.8412,4383805.3
2025-09-03 01:00:00,2.8413,2.849,2.8257,2.8479,5253084.2
2025-09-03 02:00:00,2.8479,2.8654,2.8467,2.8506,3587162.8
2025-09-03 03:00:00,2.8506,2.8509,2.8353,2.8412,3077677.6
2025-09-03 04:00:00,2.8412,2.8444,2.8307,2.8363,2582812.4
2025-09-03 05:00:00,2.8363,2.8372,2.824,2.8268,2711968.9
2025-09-03 06:00:00,2.8268,2.8274,2.8145,2.818,4918981.7
2025-09-03 07:00:00,2.818,2.8232,2.811,2.8211,3844105.4
2025-09-03 08:00:00,2.821,2.8387,2.8202,2.8374,4889385.2
2025-09-03 09:00:00,2.8374,2.8489,2.8326,2.8468,6789727.1
2025-09-03 10:00:00,2.8468,2.8639,2.842,2.8477,4321836.3
2025-09-03 11:00:00,2.8476,2.8616,2.8473,2.857,4470937.2
2025-09-03 12:00:00,2.857,2.8753,2.8422,2.8454,5230962.7
2025-09-03 13:00:00,2.8455,2.875,2.8454,2.8594,4471577.4
2025-09-03 14:00:00,2.8594,2.8867,2.854,2.8729,7954554.3
2025-09-03 15:00:00,2.873,2.8767,2.8623,2.8723,4494148.1
2025-09-03 16:00:00,2.8722,2.8743,2.856,2.8598,2018914.8
2025-09-03 17:00:00,2.8599,2.8688,2.8566,2.8621,2204693.2
2025-09-03 18:00:00,2.8621,2.8677,2.845,2.8517,4764717.1
2025-09-03 19:00:00,2.8517,2.8673,2.8433,2.8651,5213482.5
2025-09-03 20:00:00,2.8651,2.8675,2.8541,2.8568,2432832.7
2025-09-03 21:00:00,2.8569,2.8581,2.8392,2.8456,2409660.5
2025-09-03 22:00:00,2.8455,2.8568,2.8406,2.8462,3173751.5
2025-09-03 23:00:00,2.8462,2.848,2.842,2.8443,1573514.2
2025-09-04 00:00:00,2.8442,2.857,2.8437,2.8464,2235120.5
2025-09-04 01:00:00,2.8464,2.8464,2.8345,2.8408,3339532.6
2025-09-04 02:00:00,2.8408,2.845,2.8337,2.8378,2682501.4
2025-09-04 03:00:00,2.8379,2.851,2.8331,2.8444,2603797.7
2025-09-04 04:00:00,2.8445,2.8629,2.8384,2.8509,2781610.9
2025-09-04 05:00:00,2.8509,2.8509,2.8257,2.8329,6030322.1
2025-09-04 06:00:00,2.8329,2.8332,2.814,2.8146,5030962.7
2025-09-04 07:00:00,2.8145,2.8266,2.8143,2.8247,3578135.3
2025-09-04 08:00:00,2.8247,2.8557,2.824,2.8371,6843718.7
2025-09-04 09:00:00,2.8372,2.8504,2.8371,2.8428,3423695.2
2025-09-04 10:00:00,2.8428,2.8474,2.8362,2.8419,2228842.7
2025-09-04 11:00:00,2.8419,2.851,2.839,2.8413,2123871.5
2025-09-04 12:00:00,2.8414,2.8482,2.8327,2.8463,3881334.9
2025-09-04 13:00:00,2.8462,2.8468,2.821,2.8262,5208417.2
2025-09-04 14:00:00,2.8262,2.8458,2.8078,2.8348,10705304.5
2025-09-04 15:00:00,2.8348,2.8375,2.804,2.8104,6025444.2
2025-09-04 16:00:00,2.8105,2.8205,2.8013,2.8072,4090352.5
2025-09-04 17:00:00,2.8072,2.8214,2.8072,2.8154,3175307.1
2025-09-04 18:00:00,2.8155,2.8234,2.7966,2.7993,3201794.2
2025-09-04 19:00:00,2.7992,2.8074,2.7842,2.785,4409235.0
2025-09-04 20:00:00,2.785,2.807,2.785,2.8018,3111330.7
2025-09-04 21:00:00,2.8018,2.8141,2.7991,2.8131,1554163.5
2025-09-04 22:00:00,2.8131,2.823,2.8031,2.8195,2426319.9
2025-09-04 23:00:00,2.8196,2.8256,2.7941,2.7946,3848515.5
2025-09-05 00:00:00,2.7947,2.8003,2.778,2.7818,4105091.2
2025-09-05 01:00:00,2.7818,2.8089,2.7784,2.8048,2645804.3
2025-09-05 02:00:00,2.8048,2.8139,2.802,2.8103,3988524.0
2025-09-05 03:00:00,2.8104,2.8104,2.7979,2.8071,2170754.0
2025-09-05 04:00:00,2.8071,2.8172,2.8034,2.8163,2009548.2
2025-09-05 05:00:00,2.8164,2.8209,2.8106,2.8119,2763255.2
2025-09-05 06:00:00,2.8119,2.8141,2.8041,2.8136,3006191.6
2025-09-05 07:00:00,2.8137,2.8496,2.8137,2.8443,7822668.8
2025-09-05 08:00:00,2.8443,2.8457,2.8327,2.8437,3377383.7
2025-09-05 09:00:00,2.8437,2.8493,2.8284,2.8449,4955649.0
2025-09-05 10:00:00,2.8449,2.8543,2.8388,2.8391,3894206.0
2025-09-05 11:00:00,2.8391,2.8473,2.8386,2.8439,1850799.1
2025-09-05 12:00:00,2.8439,2.8788,2.8352,2.8757,19127479.7
2025-09-05 13:00:00,2.8757,2.8849,2.8635,2.8816,8071536.7
2025-09-05 14:00:00,2.8815,2.8815,2.8,2.8094,18220253.0
2025-09-05 15:00:00,2.8093,2.827,2.8006,2.8148,4997123.6
2025-09-05 16:00:00,2.8148,2.8169,2.8044,2.8141,3873062.6
2025-09-05 17:00:00,2.8141,2.8196,2.8037,2.8179,2991705.8
2025-09-05 18:00:00,2.8179,2.8398,2.8132,2.8355,2854218.4
2025-09-05 19:00:00,2.8355,2.865,2.8333,2.8648,4845457.2
2025-09-05 20:00:00,2.8648,2.8653,2.8464,2.8501,4540040.0
2025-09-05 21:00:00,2.8501,2.8519,2.8216,2.8226,4794773.5
2025-09-05 22:00:00,2.8225,2.8274,2.8165,2.8188,1882369.5
2025-09-05 23:00:00,2.8189,2.8239,2.8141,2.8147,2161600.6
2025-09-06 00:00:00,2.8146,2.8236,2.8138,2.8155,1820217.9
2025-09-06 01:00:00,2.8155,2.82,2.8123,2.8183,1389224.7
2025-09-06 02:00:00,2.8182,2.8258,2.8126,2.823,1870290.9
2025-09-06 03:00:00,2.8229,2.8289,2.8198,2.827,853050.3
2025-09-06 04:00:00,2.827,2.827,2.8155,2.8169,780137.6
2025-09-06 05:00:00,2.8169,2.8179,2.8138,2.8143,781523.8
2025-09-06 06:00:00,2.8142,2.8175,2.8135,2.8172,564066.8
2025-09-06 07:00:00,2.8171,2.8214,2.8164,2.8204,622658.6
2025-09-06 08:00:00,2.8204,2.8206,2.815,2.8153,632248.1
2025-09-06 09:00:00,2.8153,2.8153,2.8075,2.8087,1975749.4
2025-09-06 10:00:00,2.8086,2.8111,2.8044,2.8072,1269490.4
2025-09-06 11:00:00,2.8072,2.8072,2.8011,2.8064,1465532.2
2025-09-06 12:00:00,2.8064,2.8107,2.8044,2.8087,1839382.7
2025-09-06 13:00:00,2.8086,2.8179,2.8081,2.814,1608568.8
2025-09-06 14:00:00,2.814,2.8155,2.8105,2.8113,1085335.8
2025-09-06 15:00:00,2.8113,2.8176,2.8005,2.8021,2003248.2
2025-09-06 16:00:00,2.8021,2.808,2.7976,2.8006,2969709.4
2025-09-06 17:00:00,2.8006,2.8042,2.7968,2.7997,1514973.0
2025-09-06 18:00:00,2.7997,2.8037,2.7984,2.8007,1356967.8
2025-09-06 19:00:00,2.8007,2.8019,2.7927,2.7944,1336900.6
2025-09-06 20:00:00,2.7943,2.8023,2.7943,2.8023,768886.3
2025-09-06 21:00:00,2.8023,2.8072,2.8,2.806,1046088.5
2025-09-06 22:00:00,2.806,2.8097,2.8032,2.8055,972319.7
2025-09-06 23:00:00,2.8056,2.8127,2.8032,2.8098,862975.1
2025-09-07 00:00:00,2.8098,2.817,2.8092,2.8154,747517.9
2025-09-07 01:00:00,2.8154,2.8237,2.8153,2.8214,1052621.7
2025-09-07 02:00:00,2.8215,2.8239,2.816,2.8226,721367.2
2025-09-07 03:00:00,2.8227,2.8256,2.8206,2.8223,745801.5
2025-09-07 04:00:00,2.8223,2.8231,2.8187,2.8216,1142843.2
2025-09-07 05:00:00,2.8217,2.8264,2.8215,2.8247,1064200.2
2025-09-07 06:00:00,2.8248,2.825,2.8175,2.82,1404671.2
2025-09-07 07:00:00,2.82,2.8345,2.8199,2.8308,1962676.8
2025-09-07 08:00:00,2.8308,2.8374,2.8295,2.8327,1467333.2
2025-09-07 09:00:00,2.8327,2.8365,2.8272,2.8308,1343195.1
2025-09-07 10:00:00,2.8308,2.8317,2.8257,2.8308,953018.2
2025-09-07 11:00:00,2.8307,2.8327,2.8298,2.8315,806906.8
2025-09-07 12:00:00,2.8316,2.8358,2.8289,2.8354,1069099.9
2025-09-07 13:00:00,2.8354,2.8499,2.8327,2.8485,3592876.3
2025-09-07 14:00:00,2.8486,2.9285,2.8462,2.8852,27553864.3
2025-09-07 15:00:00,2.8852,2.9014,2.8721,2.9001,7606146.4
2025-09-07 16:00:00,2.9002,2.9008,2.8775,2.8912,4353825.0
2025-09-07 17:00:00,2.8913,2.8939,2.8581,2.8597,5214057.5
2025-09-07 18:00:00,2.8596,2.8679,2.8507,2.8583,4108199.8
2025-09-07 19:00:00,2.8583,2.8678,2.8541,2.8627,2791887.5
2025-09-07 20:00:00,2.8627,2.8799,2.8614,2.8799,2390104.1
2025-09-07 21:00:00,2.88,2.8809,2.8587,2.8587,2701159.0
2025-09-07 22:00:00,2.8587,2.8779,2.8553,2.8773,3789549.5
2025-09-07 23:00:00,2.8774,2.8921,2.8763,2.877,4193916.8
2025-09-08 00:00:00,2.877,2.885,2.8656,2.8693,4028828.4
2025-09-08 01:00:00,2.8693,2.8861,2.8667,2.8803,2397833.5
2025-09-08 02:00:00,2.8804,2.8883,2.8627,2.8861,3964481.5
2025-09-08 03:00:00,2.886,2.9,2.8829,2.889,5054717.7
2025-09-08 04:00:00,2.889,2.8922,2.8765,2.8801,3417075.0
2025-09-08 05:00:00,2.8802,2.8957,2.8781,2.8927,3678844.8
2025-09-08 06:00:00,2.8927,2.8944,2.8739,2.8758,4015951.3
2025-09-08 07:00:00,2.8758,2.9111,2.8757,2.9106,7345407.4
2025-09-08 08:00:00,2.9106,2.92,2.9033,2.9096,6556427.5
2025-09-08 09:00:00,2.9095,2.9358,2.904,2.9332,4630642.1
2025-09-08 10:00:00,2.9333,2.955,2.9254,2.9509,8887669.4
2025-09-08 11:00:00,2.9508,2.951,2.9296,2.9362,5596555.4
2025-09-08 12:00:00,2.9363,2.9812,2.934,2.9638,6999373.0
2025-09-08 13:00:00,2.9638,2.9948,2.9632,2.9776,12514071.6
2025-09-08 14:00:00,2.9776,2.9964,2.9735,2.982,8802362.0
2025-09-08 15:00:00,2.9821,2.9867,2.9722,2.9856,4437962.0
2025-09-08 16:00:00,2.9856,2.9908,2.9614,2.9695,6192830.4
2025-09-08 17:00:00,2.9695,2.9826,2.963,2.9698,3069135.1
2025-09-08 18:00:00,2.9699,2.9844,2.9692,2.984,2326803.0
2025-09-08 19:00:00,2.9839,2.9848,2.9686,2.9798,5604356.3
2025-09-08 20:00:00,2.9799,2.9848,2.9546,2.9637,4028213.3
2025-09-08 21:00:00,2.9637,2.9778,2.9612,2.9747,3116697.0
2025-09-08 22:00:00,2.9746,2.9838,2.9717,2.9761,2502271.9
2025-09-08 23:00:00,2.9761,2.9795,2.9631,2.9697,2237668.6
2025-09-09 00:00:00,2.9698,2.9782,2.9462,2.9558,6962787.9
2025-09-09 01:00:00,2.9557,2.9609,2.9473,2.9591,3421250.9
2025-09-09 02:00:00,2.9591,2.9592,2.9354,2.9375,3634234.9
2025-09-09 03:00:00,2.9375,2.9526,2.9337,2.9501,3679129.9
2025-09-09 04:00:00,2.95,2.967,2.9444,2.9629,4526865.5
2025-09-09 05:00:00,2.9629,2.9684,2.9518,2.9647,3079745.4
2025-09-09 06:00:00,2.9647,2.9978,2.9626,2.9929,8509162.6
2025-09-09 07:00:00,2.9929,3.0277,2.992,3.02,12493415.0
2025-09-09 08:00:00,3.02,3.0365,3.0136,3.0242,7911258.6
2025-09-09 09:00:00,3.0241,3.026,3.0073,3.0076,3111244.4
2025-09-09 10:00:00,3.0076,3.0161,2.9991,3.0038,3750175.6
2025-09-09 11:00:00,3.0038,3.0156,3.0005,3.0043,4708204.9
2025-09-09 12:00:00,3.0043,3.03,2.9983,3.0079,6088372.9
2025-09-09 13:00:00,3.0078,3.0185,2.997,3.0122,3672452.8
2025-09-09 14:00:00,3.0123,3.019,2.9523,2.9674,13061616.2
2025-09-09 15:00:00,2.9674,2.9716,2.9367,2.9471,9026053.0
2025-09-09 16:00:00,2.9471,2.9584,2.9436,2.953,2804040.8
2025-09-09 17:00:00,2.9529,2.9647,2.9502,2.9543,2448525.9
2025-09-09 18:00:00,2.9544,2.966,2.9517,2.9619,1668897.4
2025-09-09 19:00:00,2.962,2.9729,2.9607,2.9651,2329162.5
2025-09-09 20:00:00,2.9652,2.9685,2.9466,2.9547,2462838.9
2025-09-09 21:00:00,2.9548,2.9625,2.95,2.9513,1911662.7
2025-09-09 22:00:00,2.9513,2.955,2.9464,2.9506,1757261.5
2025-09-09 23:00:00,2.9505,2.951,2.9404,2.9474,3895070.0
2025-09-10 00:00:00,2.9474,2.9512,2.9357,2.9374,3319588.9
2025-09-10 01:00:00,2.9373,2.9556,2.9363,2.949,1713652.8
2025-09-10 02:00:00,2.9489,2.9641,2.9488,2.9591,3441709.8
2025-09-10 03:00:00,2.9592,2.9637,2.9528,2.9625,2021317.5
2025-09-10 04:00:00,2.9624,2.965,2.9553,2.9598,1619719.2
2025-09-10 05:00:00,2.9598,2.963,2.9501,2.96,2315979.3
2025-09-10 06:00:00,2.9599,2.96,2.9457,2.9529,3618733.6
2025-09-10 07:00:00,2.9529,2.9812,2.9517,2.981,5158446.1
2025-09-10 08:00:00,2.9811,2.9871,2.9693,2.9696,3047611.6
2025-09-10 09:00:00,2.9695,2.9775,2.961,2.9685,1629568.9
2025-09-10 10:00:00,2.9684,2.9696,2.9603,2.9645,1975786.4
2025-09-10 11:00:00,2.9645,2.9736,2.9626,2.971,2009996.4
2025-09-10 12:00:00,2.9711,3.0065,2.9704,2.9992,9914286.6
2025-09-10 13:00:00,2.9991,3.024,2.9921,3.0128,10443705.2
2025-09-10 14:00:00,3.0129,3.0208,2.998,2.9986,5851096.1
2025-09-10 15:00:00,2.9987,3.0098,2.9932,3.0025,4767306.9
2025-09-10 16:00:00,3.0026,3.0054,2.9906,3.005,5760471.4
2025-09-10 17:00:00,3.005,3.014,2.9917,3.0029,3657982.9
2025-09-10 18:00:00,3.0029,3.0069,2.9889,2.9981,2359707.9
2025-09-10 19:00:00,2.9981,2.9993,2.9672,2.9785,3235795.2
2025-09-10 20:00:00,2.9785,2.9888,2.9721,2.9742,2490622.6
2025-09-10 21:00:00,2.9743,2.9847,2.9718,2.9806,1513469.0
2025-09-10 22:00:00,2.9806,2.9865,2.9761,2.9782,1541447.2
2025-09-10 23:00:00,2.9782,2.9862,2.9782,2.9834,1920676.5
2025-09-11 00:00:00,2.9834,2.9943,2.9772,2.9902,2026354.0
2025-09-11 01:00:00,2.9902,2.9979,2.9891,2.9956,1728340.6
2025-09-11 02:00:00,2.9955,2.9969,2.9876,2.988,1321360.0
2025-09-11 03:00:00,2.9879,3.0118,2.9876,3.0091,3781003.6
2025-09-11 04:00:00,3.0092,3.0139,3.0018,3.0089,2712513.6
2025-09-11 05:00:00,3.009,3.01,2.9969,3.0069,3674179.4
2025-09-11 06:00:00,3.0069,3.0069,2.9959,3.0,3455790.6
2025-09-11 07:00:00,3.0,3.006,2.9914,3.0034,2953589.9
2025-09-11 08:00:00,3.0033,3.0199,2.9984,3.0161,4491103.4
2025-09-11 09:00:00,3.0161,3.035,3.0107,3.0273,7522360.5
2025-09-11 10:00:00,3.0272,3.0324,3.0119,3.016,3688177.6
2025-09-11 11:00:00,3.016,3.0179,3.0034,3.0077,3507415.2
2025-09-11 12:00:00,3.0077,3.034,2.9507,2.9983,25454462.8
2025-09-11 13:00:00,2.9983,3.0134,2.9758,3.0121,7268626.5
2025-09-11 14:00:00,3.0122,3.0125,2.9852,2.9986,4310292.6
2025-09-11 15:00:00,2.9987,3.0057,2.9893,2.9949,3316124.0
2025-09-11 16:00:00,2.995,3.004,2.99,2.9961,2646250.6
2025-09-11 17:00:00,2.9962,3.0136,2.9919,3.0136,2629770.9
2025-09-11 18:00:00,3.0135,3.0344,3.0072,3.0239,5876136.9
2025-09-11 19:00:00,3.024,3.0336,3.0208,3.0257,5738467.3
2025-09-11 20:00:00,3.0258,3.0294,3.0109,3.0122,3851509.7
2025-09-11 21:00:00,3.0123,3.0239,3.0111,3.0137,3020290.2
2025-09-11 22:00:00,3.0137,3.0288,3.013,3.024,3418544.5
2025-09-11 23:00:00,3.024,3.049,3.024,3.0398,6731779.5
2025-09-12 00:00:00,3.0398,3.0719,3.0333,3.054,9480638.9
2025-09-12 01:00:00,3.0539,3.0676,3.0375,3.0391,5060148.6
2025-09-12 02:00:00,3.0391,3.0538,3.038,3.044,3444686.2
2025-09-12 03:00:00,3.044,3.0474,3.032,3.0371,3435100.5
2025-09-12 04:00:00,3.0372,3.0558,3.0282,3.054,3977644.8
2025-09-12 05:00:00,3.0539,3.0731,3.0484,3.072,5278751.9
2025-09-12 06:00:00,3.0721,3.0721,3.0486,3.0515,5619025.7
2025-09-12 07:00:00,3.0516,3.0729,3.048,3.0667,5257630.2
2025-09-12 08:00:00,3.0668,3.0704,3.0483,3.0549,3239671.6
2025-09-12 09:00:00,3.055,3.0571,3.0439,3.0485,2761097.5
2025-09-12 10:00:00,3.0485,3.0499,3.0393,3.0435,2471367.8
2025-09-12 11:00:00,3.0435,3.0525,3.0372,3.0389,3557514.0
2025-09-12 12:00:00,3.0389,3.0449,3.0257,3.0415,4631125.3
2025-09-12 13:00:00,3.0414,3.0464,3.027,3.0407,3685051.3
2025-09-12 14:00:00,3.0407,3.0647,3.0339,3.0394,7095230.2
2025-09-12 15:00:00,3.0393,3.0398,3.018,3.0277,6118557.0
2025-09-12 16:00:00,3.0277,3.0426,3.0225,3.041,4477545.1
2025-09-12 17:00:00,3.041,3.0728,3.0353,3.0652,7771195.7
2025-09-12 18:00:00,3.0651,3.0788,3.06,3.0786,5404756.5
2025-09-12 19:00:00,3.0787,3.0934,3.0666,3.09,6323705.1
2025-09-12 20:00:00,3.0899,3.1376,3.0826,3.1231,15816372.0
2025-09-12 21:00:00,3.1231,3.1263,3.0852,3.0939,6544370.1
2025-09-12 22:00:00,3.0939,3.1262,3.0938,3.1118,6132751.5
2025-09-12 23:00:00,3.1117,3.1131,3.1001,3.1054,2829070.6
2025-09-13 00:00:00,3.1054,3.1072,3.0926,3.1028,3231362.7
2025-09-13 01:00:00,3.1028,3.1257,3.0935,3.097,4248788.1
2025-09-13 02:00:00,3.097,3.107,3.0901,3.1025,1976595.1
2025-09-13 03:00:00,3.1025,3.1171,3.0999,3.1144,2445947.5
2025-09-13 04:00:00,3.1143,3.1161,3.1052,3.106,1925644.7
2025-09-13 05:00:00,3.106,3.1128,3.0992,3.1009,2950089.2
2025-09-13 06:00:00,3.1008,3.116,3.1,3.1158,3127824.1
2025-09-13 07:00:00,3.1157,3.1219,3.1118,3.117,2861656.0
2025-09-13 08:00:00,3.117,3.1449,3.1104,3.1434,5896595.3
2025-09-13 09:00:00,3.1433,3.1845,3.1393,3.1799,13960194.3
2025-09-13 10:00:00,3.1799,3.1858,3.1601,3.1633,7943845.7
2025-09-13 11:00:00,3.1633,3.1766,3.1504,3.1728,6120630.7
2025-09-13 12:00:00,3.1729,3.1812,3.1647,3.1706,3741790.6
2025-09-13 13:00:00,3.1706,3.1788,3.1179,3.142,10829185.0
2025-09-13 14:00:00,3.142,3.1565,3.121,3.1468,6324497.4
2025-09-13 15:00:00,3.1468,3.1567,3.1219,3.1333,5955160.2
2025-09-13 16:00:00,3.1333,3.1421,3.1065,3.1103,7847459.5
2025-09-13 17:00:00,3.1103,3.1177,3.089,3.1125,7650866.8
2025-09-13 18:00:00,3.1124,3.118,3.1013,3.1143,2377905.7
2025-09-13 19:00:00,3.1144,3.1175,3.1075,3.111,2060322.7
2025-09-13 20:00:00,3.1109,3.1215,3.1089,3.1176,3352176.6
2025-09-13 21:00:00,3.1175,3.1282,3.1168,3.1198,2228802.7
2025-09-13 22:00:00,3.1199,3.1234,3.1139,3.1205,1699418.2
2025-09-13 23:00:00,3.1206,3.1275,3.1182,3.1193,2034758.1
2025-09-14 00:00:00,3.1193,3.1205,3.1024,3.1106,2556893.5
2025-09-14 01:00:00,3.1105,3.1177,3.085,3.115,4461483.1
2025-09-14 02:00:00,3.1151,3.1267,3.106,3.1225,3280963.0
2025-09-14 03:00:00,3.1225,3.124,3.0924,3.095,3478934.8
2025-09-14 04:00:00,3.095,3.1042,3.0762,3.099,4689659.7
2025-09-14 05:00:00,3.099,3.108,3.0972,3.107,1716453.0
2025-09-14 06:00:00,3.1071,3.1085,3.0828,3.0916,3118970.9
2025-09-14 07:00:00,3.0915,3.0918,3.0753,3.0841,3794927.6
2025-09-14 08:00:00,3.0842,3.0902,3.0751,3.0844,2761416.0
2025-09-14 09:00:00,3.0843,3.095,3.0811,3.09,2392443.1
2025-09-14 10:00:00,3.0899,3.0914,3.0806,3.0849,1686744.5
2025-09-14 11:00:00,3.0849,3.0879,3.0542,3.059,5909635.5
2025-09-14 12:00:00,3.0589,3.0663,3.0401,3.05,3723964.9
2025-09-14 13:00:00,3.05,3.0529,3.0271,3.0373,4613859.4
2025-09-14 14:00:00,3.0373,3.0494,3.0099,3.0251,9053396.8
2025-09-14 15:00:00,3.025,3.0389,3.0139,3.0314,5828270.4
2025-09-14 16:00:00,3.0314,3.047,3.0281,3.0434,3364674.7
2025-09-14 17:00:00,3.0434,3.0595,3.0388,3.0543,3419366.1
2025-09-14 18:00:00,3.0542,3.0547,3.0325,3.0365,3133222.6
2025-09-14 19:00:00,3.0364,3.0467,3.03,3.038,2712337.7
2025-09-14 20:00:00,3.038,3.0436,3.0342,3.0381,1375698.8
2025-09-14 21:00:00,3.0382,3.0522,3.0271,3.0482,2412861.6
2025-09-14 22:00:00,3.0483,3.0575,3.0391,3.051,2984491.1
2025-09-14 23:00:00,3.051,3.051,3.025,3.0279,3973974.0
2025-09-15 00:00:00,3.028,3.045,3.0272,3.0349,2562721.7
2025-09-15 01:00:00,3.0348,3.0481,3.012,3.04,3874863.4
2025-09-15 02:00:00,3.0401,3.0496,3.0323,3.0357,2401394.4
2025-09-15 03:00:00,3.0358,3.0523,3.0346,3.0481,3268595.2
2025-09-15 04:00:00,3.0481,3.0575,3.0437,3.0509,2843698.2
2025-09-15 05:00:00,3.051,3.0669,3.0491,3.066,3886298.1
2025-09-15 06:00:00,3.0659,3.0663,3.0251,3.0355,5488057.1
2025-09-15 07:00:00,3.0355,3.0485,3.0125,3.0232,4945221.2
2025-09-15 08:00:00,3.0231,3.0241,2.9555,2.9594,19093042.4
2025-09-15 09:00:00,2.9594,2.9843,2.9532,2.9775,6595698.8
2025-09-15 10:00:00,2.9774,2.982,2.9671,2.9795,4433310.9
2025-09-15 11:00:00,2.9796,3.0005,2.977,2.9994,4670435.3
2025-09-15 12:00:00,2.9993,3.0004,2.9866,2.9894,4497622.9
2025-09-15 13:00:00,2.9895,3.043,2.9843,3.0227,8226911.3
2025-09-15 14:00:00,3.0227,3.0304,3.0042,3.0055,9098220.6
2025-09-15 15:00:00,3.0054,3.0411,3.0005,3.0275,11548204.3
2025-09-15 16:00:00,3.0275,3.0356,3.0018,3.006,4939369.5
2025-09-15 17:00:00,3.0061,3.017,2.9924,3.0093,4437353.0
2025-09-15 18:00:00,3.0092,3.0113,2.9955,3.0083,1871158.9
2025-09-15 19:00:00,3.0083,3.0161,2.9838,2.9883,3523047.7
2025-09-15 20:00:00,2.9883,2.9983,2.9804,2.9977,2031431.3
2025-09-15 21:00:00,2.9977,3.0041,2.9894,2.9991,1671711.2
2025-09-15 22:00:00,2.9991,3.0014,2.9708,2.9911,4236536.4
2025-09-15 23:00:00,2.9912,2.9986,2.9852,2.9969,1391172.2
2025-09-16 00:00:00,2.9969,2.9969,2.9767,2.9863,2179230.9
2025-09-16 01:00:00,2.9863,2.999,2.9835,2.9847,1892933.7
2025-09-16 02:00:00,2.9848,2.9931,2.9795,2.9795,2291906.8
2025-09-16 03:00:00,2.9796,2.9904,2.9782,2.9791,3044001.4
2025-09-16 04:00:00,2.9791,2.9824,2.9642,2.9812,3419292.6
2025-09-16 05:00:00,2.9812,3.0076,2.9794,3.0048,5060435.9
2025-09-16 06:00:00,3.0049,3.0053,2.9787,2.9837,4051426.5
2025-09-16 07:00:00,2.9837,3.0138,2.9837,3.0079,2862703.3
2025-09-16 08:00:00,3.0078,3.0496,3.0035,3.0348,7132425.8
2025-09-16 09:00:00,3.0348,3.0392,3.0216,3.0295,4094745.2
2025-09-16 10:00:00,3.0294,3.0364,3.017,3.022,3771025.7
2025-09-16 11:00:00,3.0221,3.034,3.0215,3.0289,2110388.1
2025-09-16 12:00:00,3.0289,3.0405,3.0253,3.0377,2983094.2
2025-09-16 13:00:00,3.0377,3.0478,3.0004,3.0247,6536287.3
2025-09-16 14:00:00,3.0246,3.0312,3.0034,3.0286,4992024.5
2025-09-16 15:00:00,3.0287,3.0415,3.0212,3.0393,3272410.7
2025-09-16 16:00:00,3.0394,3.0505,3.0307,3.0464,3163541.3
2025-09-16 17:00:00,3.0464,3.0586,3.0415,3.0473,3558632.5
2025-09-16 18:00:00,3.0473,3.0515,3.0355,3.04,2368189.6
2025-09-16 19:00:00,3.0399,3.0535,3.0352,3.0519,1798769.5
2025-09-16 20:00:00,3.0518,3.0519,3.0418,3.0474,1394257.7
2025-09-16 21:00:00,3.0473,3.0577,3.0467,3.0541,1990026.4
2025-09-16 22:00:00,3.0542,3.0579,3.0463,3.0472,1541105.5
2025-09-16 23:00:00,3.0473,3.048,3.0353,3.0376,1444907.9
2025-09-17 00:00:00,3.0376,3.0427,3.0335,3.0356,1417767.5
2025-09-17 01:00:00,3.0356,3.0452,3.0344,3.0399,1051932.2
2025-09-17 02:00:00,3.0399,3.0476,3.0258,3.0374,11085762.4
2025-09-17 03:00:00,3.0374,3.0374,3.0156,3.0162,4436414.8
2025-09-17 04:00:00,3.0163,3.0191,3.0054,3.0112,3329807.0
2025-09-17 05:00:00,3.0112,3.021,3.0069,3.02,3746012.3
2025-09-17 06:00:00,3.02,3.025,3.0136,3.0235,3767108.7
2025-09-17 07:00:00,3.0234,3.0389,3.0205,3.0342,3534465.5
2025-09-17 08:00:00,3.0342,3.0343,3.0141,3.0205,3573304.0
2025-09-17 09:00:00,3.0205,3.0205,3.014,3.0146,2429369.9
2025-09-17 10:00:00,3.0146,3.0198,3.0029,3.0128,5266294.3
2025-09-17 11:00:00,3.0127,3.014,3.0072,3.0088,1997223.1
2025-09-17 12:00:00,3.0088,3.0258,3.0086,3.0242,2730043.9
2025-09-17 13:00:00,3.0243,3.0377,3.0185,3.0228,3493857.5
2025-09-17 14:00:00,3.0229,3.0304,3.0087,3.0138,4029046.1
2025-09-17 15:00:00,3.0139,3.0259,3.0133,3.0227,2062442.6
2025-09-17 16:00:00,3.0227,3.0244,3.01,3.0218,2226900.6
2025-09-17 17:00:00,3.0219,3.0685,3.0178,3.0197,8216906.4
2025-09-17 18:00:00,3.0197,3.0645,2.9814,2.9978,26215866.0
2025-09-17 19:00:00,2.9978,3.043,2.9944,3.0321,8077363.5
2025-09-17 20:00:00,3.0322,3.0495,3.0115,3.0149,5547486.2
2025-09-17 21:00:00,3.0149,3.0394,3.0059,3.0319,2822531.4
2025-09-17 22:00:00,3.032,3.0914,3.032,3.087,10948460.7
2025-09-17 23:00:00,3.0871,3.1079,3.0695,3.0841,10502291.8
2025-09-18 00:00:00,3.0841,3.0954,3.0752,3.076,5690501.0
2025-09-18 01:00:00,3.0759,3.0998,3.0707,3.093,5304537.2
2025-09-18 02:00:00,3.093,3.096,3.08,3.0951,2962415.7
2025-09-18 03:00:00,3.0951,3.112,3.0923,3.1051,6917471.2
2025-09-18 04:00:00,3.105,3.1074,3.0912,3.0985,4916905.5
2025-09-18 05:00:00,3.0986,3.0986,3.0755,3.0806,5443916.1
2025-09-18 06:00:00,3.0806,3.0826,3.0558,3.0709,7164594.8
2025-09-18 07:00:00,3.071,3.1054,3.0704,3.0924,5131220.4
2025-09-18 08:00:00,3.0925,3.1081,3.0901,3.1066,6230664.0
2025-09-18 09:00:00,3.1066,3.123,3.1022,3.123,6227707.6
2025-09-18 10:00:00,3.1229,3.125,3.1028,3.1121,4201708.9
2025-09-18 11:00:00,3.1121,3.1375,3.1121,3.1368,6899365.6
2025-09-18 12:00:00,3.1369,3.1397,3.115,3.1163,5257362.0
2025-09-18 13:00:00,3.1163,3.132,3.1023,3.1186,7430455.8
2025-09-18 14:00:00,3.1185,3.1312,3.1173,3.1215,5769349.1
2025-09-18 15:00:00,3.1215,3.1286,3.1124,3.1134,5122255.1
2025-09-18 16:00:00,3.1134,3.1206,3.1071,3.1175,4348659.3
2025-09-18 17:00:00,3.1175,3.123,3.0989,3.1074,4679678.0
2025-09-18 18:00:00,3.1074,3.1181,3.1033,3.1164,2682602.0
2025-09-18 19:00:00,3.1165,3.1165,3.0884,3.1074,4385620.1
2025-09-18 20:00:00,3.1074,3.1079,3.0927,3.1001,2606284.2
2025-09-18 21:00:00,3.1001,3.1023,3.083,3.0841,2422799.5
2025-09-18 22:00:00,3.0842,3.0846,3.073,3.0732,4210402.8
2025-09-18 23:00:00,3.0731,3.0793,3.0601,3.0735,5092464.8
2025-09-19 00:00:00,3.0735,3.0868,3.0735,3.0865,2261837.9
2025-09-19 01:00:00,3.0866,3.0941,3.0774,3.08,2812438.9
2025-09-19 02:00:00,3.08,3.08,3.0616,3.0671,3781532.6
2025-09-19 03:00:00,3.0672,3.0761,3.0453,3.047,5938422.3
2025-09-19 04:00:00,3.0469,3.0499,3.0232,3.0492,8233191.3
2025-09-19 05:00:00,3.0492,3.0536,3.037,3.048,2820563.5
2025-09-19 06:00:00,3.0479,3.0479,3.0262,3.0267,4479811.2
2025-09-19 07:00:00,3.0267,3.0424,3.0237,3.0382,3548050.2
2025-09-19 08:00:00,3.0381,3.0475,3.0337,3.0341,2937433.4
2025-09-19 09:00:00,3.0342,3.0435,3.0237,3.0297,3222006.4
2025-09-19 10:00:00,3.0297,3.0358,3.024,3.0311,2893973.7
2025-09-19 11:00:00,3.0312,3.0332,3.0223,3.0304,4192888.8
2025-09-19 12:00:00,3.0305,3.0462,3.0297,3.0331,3396208.3
2025-09-19 13:00:00,3.0331,3.0389,3.0251,3.0342,3630063.4
2025-09-19 14:00:00,3.0342,3.0382,3.005,3.0083,8250360.5
2025-09-19 15:00:00,3.0083,3.0124,2.9887,3.0103,10297146.6
2025-09-19 16:00:00,3.0103,3.017,3.0052,3.0102,3942776.1
2025-09-19 17:00:00,3.0101,3.0106,2.9951,2.9965,2370204.0
2025-09-19 18:00:00,2.9965,3.0029,2.9879,2.9978,2308492.7
2025-09-19 19:00:00,2.9978,3.0109,2.9836,2.9862,3391129.5
2025-09-19 20:00:00,2.9862,2.9947,2.9835,2.9855,2788634.3
2025-09-19 21:00:00,2.9854,2.9962,2.9784,2.9959,2538684.5
2025-09-19 22:00:00,2.996,3.0007,2.9929,2.993,1217561.8
2025-09-19 23:00:00,2.993,2.9933,2.9791,2.9901,1461226.7
2025-09-20 00:00:00,2.99,3.0013,2.9845,2.9986,1348394.0
2025-09-20 01:00:00,2.9987,2.9997,2.99,2.9921,1223075.9
2025-09-20 02:00:00,2.992,2.9953,2.98,2.9948,1108479.5
2025-09-20 03:00:00,2.9949,2.9952,2.9852,2.9914,1352164.1
2025-09-20 04:00:00,2.9915,2.9948,2.9873,2.9928,1087120.5
2025-09-20 05:00:00,2.9929,3.0027,2.9888,3.0027,1053924.8
2025-09-20 06:00:00,3.0026,3.0068,2.9963,3.0051,1250911.2
2025-09-20 07:00:00,3.0051,3.0091,2.9991,3.0089,1471776.4
2025-09-20 08:00:00,3.0088,3.0091,2.9851,2.9855,1903578.1
2025-09-20 09:00:00,2.9854,2.9889,2.9745,2.9789,4095618.8
2025-09-20 10:00:00,2.9789,2.9854,2.9775,2.9791,2070179.0
2025-09-20 11:00:00,2.979,2.9892,2.979,2.9891,1139511.7
2025-09-20 12:00:00,2.9892,2.9894,2.9821,2.985,1931962.8
2025-09-20 13:00:00,2.985,2.9896,2.9809,2.9835,1932345.9
2025-09-20 14:00:00,2.9835,2.985,2.9652,2.9812,7502410.4
2025-09-20 15:00:00,2.9812,2.9961,2.98,2.9893,8512135.1
2025-09-20 16:00:00,2.9893,2.9928,2.9757,2.9915,4921015.6
2025-09-20 17:00:00,2.9914,2.9917,2.9809,2.9824,2730609.1
2025-09-20 18:00:00,2.9824,2.9824,2.971,2.9746,3076572.6
2025-09-20 19:00:00,2.9746,2.9816,2.9716,2.9744,1956866.8
2025-09-20 20:00:00,2.9745,2.9795,2.97,2.9709,4431702.6
2025-09-20 21:00:00,2.9708,2.9855,2.9704,2.9805,2400300.1
2025-09-20 22:00:00,2.9804,2.9855,2.9749,2.9821,1951714.9
2025-09-20 23:00:00,2.9821,2.9824,2.97,2.975,2271360.1
2025-09-21 00:00:00,2.975,2.9917,2.9725,2.9888,3792861.9
2025-09-21 01:00:00,2.9888,2.9905,2.9777,2.9798,1576866.6
2025-09-21 02:00:00,2.9797,2.9909,2.9761,2.9902,2078508.0
2025-09-21 03:00:00,2.9903,2.9987,2.9881,2.9976,1624652.3
2025-09-21 04:00:00,2.9977,3.0068,2.9931,3.0068,2592049.5
2025-09-21 05:00:00,3.0068,3.0135,3.0011,3.0058,2862740.1
2025-09-21 06:00:00,3.0058,3.0115,2.9996,3.0001,1963436.6
2025-09-21 07:00:00,3.0002,3.0066,2.9953,2.997,1756044.9
2025-09-21 08:00:00,2.997,3.0005,2.9899,2.9909,965723.4
2025-09-21 09:00:00,2.9909,2.9928,2.9618,2.9789,3768581.9
2025-09-21 10:00:00,2.9788,2.9805,2.9679,2.9681,1345897.8
2025-09-21 11:00:00,2.9682,2.9815,2.9669,2.9751,1255949.6
2025-09-21 12:00:00,2.9751,2.9865,2.9731,2.9791,1358306.5
2025-09-21 13:00:00,2.979,2.9873,2.9777,2.9863,1054246.1
2025-09-21 14:00:00,2.9863,2.9884,2.9745,2.9764,1154466.6
2025-09-21 15:00:00,2.9763,2.9815,2.9696,2.9798,1097688.8
2025-09-21 16:00:00,2.9799,2.9835,2.9618,2.9649,2203714.4
2025-09-21 17:00:00,2.9649,2.974,2.9523,2.9738,4347100.7
2025-09-21 18:00:00,2.9738,2.9854,2.9728,2.9854,1267628.6
2025-09-21 19:00:00,2.9854,2.9856,2.971,2.9818,1123965.2
2025-09-21 20:00:00,2.9817,2.9852,2.9738,2.9753,1046922.6
2025-09-21 21:00:00,2.9754,2.9793,2.9668,2.9746,1373726.8
2025-09-21 22:00:00,2.9746,2.9926,2.9644,2.9906,2413818.0
2025-09-21 23:00:00,2.9906,2.9927,2.969,2.9701,1643844.2
2025-09-22 00:00:00,2.9701,2.9755,2.8995,2.9165,21967980.7
2025-09-22 01:00:00,2.9164,2.936,2.9125,2.9175,6518827.5
2025-09-22 02:00:00,2.9175,2.9228,2.8769,2.8979,10591152.3
2025-09-22 03:00:00,2.8979,2.9079,2.8931,2.9038,4282360.5
2025-09-22 04:00:00,2.9038,2.9066,2.8943,2.8944,2744575.8
2025-09-22 05:00:00,2.8944,2.8958,2.8454,2.847,8836513.1
2025-09-22 06:00:00,2.8471,2.8506,2.6975,2.824,52807340.1
2025-09-22 07:00:00,2.8239,2.8279,2.8043,2.806,11847363.0
2025-09-22 08:00:00,2.806,2.8239,2.7979,2.8128,8856577.2
2025-09-22 09:00:00,2.8129,2.8189,2.7974,2.8007,8654734.3
2025-09-22 10:00:00,2.8008,2.8187,2.7895,2.8161,9818552.5
2025-09-22 11:00:00,2.816,2.8221,2.8114,2.8162,5595771.4
2025-09-22 12:00:00,2.8163,2.8455,2.8041,2.8454,8428036.5
2025-09-22 13:00:00,2.8454,2.8583,2.8338,2.8572,11408315.6
2025-09-22 14:00:00,2.8572,2.8696,2.8492,2.8605,11027489.9
2025-09-22 15:00:00,2.8606,2.8746,2.8491,2.8602,10649660.8
2025-09-22 16:00:00,2.8602,2.8703,2.8418,2.8454,5756412.8
2025-09-22 17:00:00,2.8454,2.8684,2.8446,2.8572,6317135.6
2025-09-22 18:00:00,2.8572,2.8632,2.8326,2.8335,5800917.3
2025-09-22 19:00:00,2.8336,2.8377,2.8157,2.8345,7544205.5
2025-09-22 20:00:00,2.8344,2.8437,2.8146,2.8406,3845386.5
2025-09-22 21:00:00,2.8405,2.8571,2.8296,2.8554,1996688.8
2025-09-22 22:00:00,2.8554,2.8562,2.8431,2.8461,1501738.9
2025-09-22 23:00:00,2.8461,2.8526,2.844,2.8526,1949456.3
2025-09-23 00:00:00,2.8525,2.8685,2.8471,2.851,2413481.4
2025-09-23 01:00:00,2.8509,2.8535,2.8224,2.8227,3526833.8
2025-09-23 02:00:00,2.8227,2.8372,2.8066,2.8092,4328670.9
2025-09-23 03:00:00,2.8091,2.8725,2.7991,2.8596,8086752.1
2025-09-23 04:00:00,2.8597,2.8659,2.8356,2.8561,4065048.0
2025-09-23 05:00:00,2.856,2.8753,2.8518,2.8655,5195234.4
2025-09-23 06:00:00,2.8655,2.8806,2.8593,2.8728,6457164.6
2025-09-23 07:00:00,2.8728,2.8843,2.8637,2.8646,5128177.7
2025-09-23 08:00:00,2.8646,2.87,2.8561,2.8661,4336395.9
2025-09-23 09:00:00,2.866,2.8738,2.8494,2.8579,4147113.4
2025-09-23 10:00:00,2.8578,2.8688,2.8556,2.8642,3580273.8
2025-09-23 11:00:00,2.8642,2.8679,2.857,2.8584,2781476.3
2025-09-23 12:00:00,2.8583,2.8719,2.8529,2.865,3283863.5
2025-09-23 13:00:00,2.8649,2.8687,2.8541,2.8595,3326960.4
2025-09-23 14:00:00,2.8596,2.8785,2.8549,2.864,4201007.8
2025-09-23 15:00:00,2.8639,2.8839,2.8587,2.8766,4732936.5
2025-09-23 16:00:00,2.8766,2.8964,2.8637,2.8863,5924762.4
2025-09-23 17:00:00,2.8862,2.8872,2.8451,2.8487,5890522.0
2025-09-23 18:00:00,2.8487,2.8549,2.8379,2.8457,4707268.4
2025-09-23 19:00:00,2.8456,2.87,2.8454,2.8532,3784068.0
2025-09-23 20:00:00,2.8531,2.8599,2.8384,2.8551,3298462.8
2025-09-23 21:00:00,2.8551,2.8582,2.8349,2.8483,1853821.8
2025-09-23 22:00:00,2.8483,2.8484,2.8333,2.8354,1732847.5
2025-09-23 23:00:00,2.8354,2.8367,2.8175,2.8247,3609158.9
2025-09-24 00:00:00,2.8247,2.8423,2.8215,2.8282,1984457.1
2025-09-24 01:00:00,2.8282,2.8431,2.8247,2.8411,1554790.5
2025-09-24 02:00:00,2.8411,2.8417,2.8188,2.829,8202187.7
2025-09-24 03:00:00,2.829,2.8347,2.8055,2.814,6382738.4
2025-09-24 04:00:00,2.8139,2.8488,2.7883,2.8402,10345475.9
2025-09-24 05:00:00,2.8402,2.8609,2.8376,2.8572,4955485.4
2025-09-24 06:00:00,2.8573,2.8689,2.8508,2.8559,4828823.8
2025-09-24 07:00:00,2.856,2.8774,2.8545,2.8736,3261910.0
2025-09-24 08:00:00,2.8737,2.8799,2.8671,2.8746,2052891.5
2025-09-24 09:00:00,2.8747,2.8791,2.8703,2.8733,3090200.5
2025-09-24 10:00:00,2.8733,2.8752,2.8677,2.8726,3035996.2
2025-09-24 11:00:00,2.8725,2.8842,2.8719,2.8804,2742302.7
2025-09-24 12:00:00,2.8804,2.8875,2.8751,2.8767,2851675.0
2025-09-24 13:00:00,2.8767,2.8868,2.8718,2.8766,2716859.8
2025-09-24 14:00:00,2.8766,2.9261,2.8766,2.9197,8057932.7
2025-09-24 15:00:00,2.9197,2.9511,2.9084,2.9404,8365071.5
2025-09-24 16:00:00,2.9403,2.9524,2.9289,2.9462,6520899.9
2025-09-24 17:00:00,2.9462,2.956,2.9347,2.944,5653559.1
2025-09-24 18:00:00,2.944,2.9557,2.9405,2.9513,3999910.0
2025-09-24 19:00:00,2.9512,2.9955,2.9476,2.9773,10571673.6
2025-09-24 20:00:00,2.9772,2.9796,2.9517,2.9685,6387463.7
2025-09-24 21:00:00,2.9686,2.9759,2.9412,2.9439,5295596.9
2025-09-24 22:00:00,2.9439,2.96,2.9366,2.942,5702364.2
2025-09-24 23:00:00,2.9421,2.9479,2.9234,2.9257,6856966.5
2025-09-25 00:00:00,2.9257,2.9446,2.9116,2.9142,6640924.3
2025-09-25 01:00:00,2.9142,2.9192,2.8905,2.896,5218030.5
2025-09-25 02:00:00,2.896,2.9175,2.8883,2.9047,5842976.1
2025-09-25 03:00:00,2.9047,2.9048,2.87,2.873,6175804.6
2025-09-25 04:00:00,2.873,2.8785,2.8324,2.845,14438988.7
2025-09-25 05:00:00,2.845,2.8665,2.8352,2.8653,7107704.1
2025-09-25 06:00:00,2.8652,2.8654,2.8442,2.8459,5130726.0
2025-09-25 07:00:00,2.8459,2.858,2.8386,2.8424,3548429.4
2025-09-25 08:00:00,2.8424,2.8549,2.8267,2.8319,6415684.6
2025-09-25 09:00:00,2.8319,2.8478,2.8247,2.8276,5788920.4
2025-09-25 10:00:00,2.8276,2.838,2.8176,2.8177,4063235.8
2025-09-25 11:00:00,2.8177,2.8233,2.8074,2.8154,5993296.4
2025-09-25 12:00:00,2.8154,2.8416,2.7852,2.8278,14830305.6
2025-09-25 13:00:00,2.8277,2.8576,2.8068,2.8267,11695577.6
2025-09-25 14:00:00,2.8267,2.8607,2.8267,2.8387,7638442.1
2025-09-25 15:00:00,2.8386,2.8404,2.8202,2.8312,5625970.5
2025-09-25 16:00:00,2.8312,2.8377,2.7873,2.7914,8302791.2
2025-09-25 17:00:00,2.7914,2.7939,2.7244,2.7368,25500249.0
2025-09-25 18:00:00,2.7368,2.8004,2.7336,2.8003,12595323.1
2025-09-25 19:00:00,2.8004,2.8139,2.7473,2.7606,9514460.6
2025-09-25 20:00:00,2.7607,2.7721,2.746,2.7479,6048138.4
2025-09-25 21:00:00,2.748,2.7646,2.7338,2.7573,5839320.3
2025-09-25 22:00:00,2.7572,2.7685,2.7449,2.7546,4268978.3
2025-09-25 23:00:00,2.7546,2.7649,2.7321,2.7435,8196899.3
2025-09-26 00:00:00,2.7435,2.7726,2.7387,2.7682,5618157.6
2025-09-26 01:00:00,2.7683,2.7774,2.7577,2.7676,4915093.2
2025-09-26 02:00:00,2.7675,2.7787,2.7495,2.7589,4113391.9
2025-09-26 03:00:00,2.7589,2.7636,2.744,2.7611,3018478.4
2025-09-26 04:00:00,2.7611,2.7659,2.7537,2.7633,1963247.8
2025-09-26 05:00:00,2.7633,2.7754,2.7506,2.7529,3427162.3
2025-09-26 06:00:00,2.753,2.7716,2.7379,2.7554,7917974.7
2025-09-26 07:00:00,2.7553,2.774,2.738,2.7551,13055306.5
2025-09-26 08:00:00,2.7551,2.7687,2.755,2.759,2985388.3
2025-09-26 09:00:00,2.7589,2.7663,2.7205,2.7488,6986444.0
2025-09-26 10:00:00,2.7488,2.7489,2.7095,2.7098,10939418.0
2025-09-26 11:00:00,2.7098,2.7331,2.6984,2.7277,13411347.5
2025-09-26 12:00:00,2.7277,2.7766,2.7062,2.7535,15028218.3
2025-09-26 13:00:00,2.7536,2.7684,2.7326,2.7614,8064028.2
2025-09-26 14:00:00,2.7613,2.7636,2.7004,2.7077,9584007.4
2025-09-26 15:00:00,2.7078,2.7482,2.7061,2.7353,7720343.2
2025-09-26 16:00:00,2.7353,2.7661,2.7319,2.763,6149546.2
2025-09-26 17:00:00,2.7631,2.7973,2.7627,2.7934,8950973.4
2025-09-26 18:00:00,2.7933,2.809,2.7906,2.8029,5915949.2
2025-09-26 19:00:00,2.8028,2.8059,2.7723,2.7918,8662057.1
2025-09-26 20:00:00,2.7918,2.7974,2.7769,2.7781,4544442.6
2025-09-26 21:00:00,2.778,2.789,2.7698,2.7862,6146445.9
2025-09-26 22:00:00,2.7863,2.793,2.7811,2.7821,2003123.0
2025-09-26 23:00:00,2.7822,2.7887,2.7752,2.7835,1680760.0
2025-09-27 00:00:00,2.7836,2.7836,2.7727,2.7803,1849274.4
2025-09-27 01:00:00,2.7803,2.7826,2.7675,2.7728,1837728.7
2025-09-27 02:00:00,2.7729,2.7844,2.7697,2.7777,1652102.1
2025-09-27 03:00:00,2.7777,2.79,2.7767,2.7836,1618871.6
2025-09-27 04:00:00,2.7835,2.79,2.7795,2.7835,1631198.0
2025-09-27 05:00:00,2.7834,2.7913,2.7757,2.7902,1108676.9
2025-09-27 06:00:00,2.7902,2.797,2.7862,2.7969,1601281.6
2025-09-27 07:00:00,2.797,2.8016,2.7791,2.781,2410544.4
2025-09-27 08:00:00,2.7809,2.7814,2.768,2.7696,2080727.9
2025-09-27 09:00:00,2.7696,2.7834,2.7619,2.7814,2074293.9
2025-09-27 10:00:00,2.7813,2.7939,2.7781,2.7881,1390619.5
2025-09-27 11:00:00,2.788,2.7889,2.7753,2.777,1033158.4
2025-09-27 12:00:00,2.777,2.789,2.7735,2.7844,1598374.2
2025-09-27 13:00:00,2.7844,2.7871,2.7802,2.7816,2566047.3
2025-09-27 14:00:00,2.7817,2.7862,2.78,2.7824,826316.7
2025-09-27 15:00:00,2.7825,2.785,2.7727,2.7842,1404183.2
2025-09-27 16:00:00,2.7842,2.7853,2.7747,2.7765,1106521.6
2025-09-27 17:00:00,2.7765,2.7849,2.7628,2.7838,2290465.5
2025-09-27 18:00:00,2.7838,2.7902,2.7818,2.7902,2522282.2
2025-09-27 19:00:00,2.7902,2.7949,2.7871,2.79,2036643.2
2025-09-27 20:00:00,2.7899,2.7984,2.7877,2.7976,1152100.6
2025-09-27 21:00:00,2.7976,2.799,2.7874,2.7981,1743538.0
2025-09-27 22:00:00,2.798,2.8287,2.7972,2.8188,5141564.2
2025-09-27 23:00:00,2.8189,2.8263,2.8039,2.8047,2027292.1
2025-09-28 00:00:00,2.8047,2.8146,2.7866,2.8004,13024605.6
2025-09-28 01:00:00,2.8005,2.8028,2.7852,2.7885,1962453.2
2025-09-28 02:00:00,2.7885,2.7942,2.7806,2.7867,990564.7
2025-09-28 03:00:00,2.7868,2.7916,2.7771,2.7826,1187300.1
2025-09-28 04:00:00,2.7827,2.7896,2.7789,2.7889,830596.0
2025-09-28 05:00:00,2.7888,2.7947,2.7808,2.7812,1077073.1
2025-09-28 06:00:00,2.7812,2.7899,2.7747,2.7894,1895963.9
2025-09-28 07:00:00,2.7895,2.79,2.7828,2.7874,1085630.3
2025-09-28 08:00:00,2.7874,2.7945,2.7812,2.7867,2721278.3
2025-09-28 09:00:00,2.7867,2.7904,2.7731,2.7776,1645383.4
2025-09-28 10:00:00,2.7775,2.7855,2.7711,2.7811,1618919.8
2025-09-28 11:00:00,2.7811,2.7812,2.7701,2.7764,1771252.4
2025-09-28 12:00:00,2.7764,2.7771,2.7661,2.7699,2280093.1
2025-09-28 13:00:00,2.7699,2.7901,2.7668,2.786,2107207.4
2025-09-28 14:00:00,2.7859,2.7968,2.779,2.7966,1447204.3
2025-09-28 15:00:00,2.7966,2.8138,2.793,2.8107,3107754.0
2025-09-28 16:00:00,2.8106,2.8337,2.8048,2.8316,5787399.9
2025-09-28 17:00:00,2.8316,2.8346,2.8206,2.8238,3353728.1
2025-09-28 18:00:00,2.8238,2.831,2.8163,2.8304,1898249.1
2025-09-28 19:00:00,2.8304,2.833,2.8221,2.8277,1373665.6
2025-09-28 20:00:00,2.8276,2.8476,2.8266,2.8433,2595799.7
2025-09-28 21:00:00,2.8433,2.8509,2.8322,2.8395,3738806.7
2025-09-28 22:00:00,2.8395,2.8637,2.8391,2.8581,5743296.2
2025-09-28 23:00:00,2.858,2.8675,2.858,2.8674,2609285.1
2025-09-29 00:00:00,2.8675,2.868,2.8529,2.8625,3145893.9
2025-09-29 01:00:00,2.8625,2.8672,2.856,2.8567,2229466.7
2025-09-29 02:00:00,2.8568,2.8848,2.8482,2.875,10890017.6
2025-09-29 03:00:00,2.8751,2.8758,2.8567,2.8634,4578036.1
2025-09-29 04:00:00,2.8635,2.8654,2.8521,2.8604,3315882.6
2025-09-29 05:00:00,2.8604,2.8618,2.8508,2.8593,2376728.2
2025-09-29 06:00:00,2.8592,2.8703,2.8454,2.8682,4537353.9
2025-09-29 07:00:00,2.8683,2.9054,2.8646,2.8869,7804433.4
2025-09-29 08:00:00,2.8868,2.8926,2.8825,2.8837,3708193.0
2025-09-29 09:00:00,2.8836,2.8843,2.8676,2.8702,2271414.3
2025-09-29 10:00:00,2.8703,2.8707,2.8559,2.8607,2765311.4
2025-09-29 11:00:00,2.8607,2.8654,2.8528,2.8551,2432276.7
2025-09-29 12:00:00,2.8551,2.8688,2.8464,2.8495,3758458.9
2025-09-29 13:00:00,2.8494,2.886,2.8455,2.8804,6816858.3
2025-09-29 14:00:00,2.8804,2.9289,2.8787,2.908,12421707.4
2025-09-29 15:00:00,2.908,2.9112,2.8836,2.894,4665897.8
2025-09-29 16:00:00,2.8939,2.9007,2.877,2.8795,4620640.9
2025-09-29 17:00:00,2.8795,2.887,2.8657,2.8823,5282232.5
2025-09-29 18:00:00,2.8823,2.883,2.8664,2.8763,2598150.1
2025-09-29 19:00:00,2.8764,2.9033,2.8716,2.8977,9293275.8
2025-09-29 20:00:00,2.8977,2.915,2.8896,2.9056,6937836.8
2025-09-29 21:00:00,2.9057,2.9084,2.8908,2.8939,3377085.2
2025-09-29 22:00:00,2.894,2.897,2.8836,2.8871,3924395.8
2025-09-29 23:00:00,2.887,2.8907,2.8787,2.8801,2721828.0
2025-09-30 00:00:00,2.8801,2.8912,2.8731,2.8748,4043718.6
2025-09-30 01:00:00,2.8748,2.8926,2.8681,2.8814,3675893.4
2025-09-30 02:00:00,2.8814,2.8891,2.8753,2.8811,2371918.4
2025-09-30 03:00:00,2.8812,2.8851,2.8728,2.876,1888100.1
2025-09-30 04:00:00,2.8759,2.8826,2.8737,2.881,1758116.8
2025-09-30 05:00:00,2.8809,2.9021,2.8787,2.8937,3698591.7
2025-09-30 06:00:00,2.8936,2.9077,2.8879,2.8987,3550635.9
2025-09-30 07:00:00,2.8988,2.9001,2.872,2.874,3234480.4
2025-09-30 08:00:00,2.874,2.8753,2.853,2.8551,3587110.5
2025-09-30 09:00:00,2.8551,2.8601,2.8371,2.8392,4760161.0
2025-09-30 10:00:00,2.8391,2.8481,2.8356,2.8403,4280104.9
2025-09-30 11:00:00,2.8403,2.8505,2.8341,2.8468,2582945.7
2025-09-30 12:00:00,2.8468,2.8559,2.8441,2.8491,1931765.4
2025-09-30 13:00:00,2.8491,2.8629,2.8378,2.8455,5060728.9
2025-09-30 14:00:00,2.8455,2.85,2.8295,2.8477,3919726.8
2025-09-30 15:00:00,2.8478,2.8481,2.8132,2.8279,7917820.0
2025-09-30 16:00:00,2.8279,2.838,2.8174,2.8244,5473736.2
2025-09-30 17:00:00,2.8244,2.8406,2.8176,2.8281,8655234.7
2025-09-30 18:00:00,2.828,2.8425,2.8212,2.8397,4775626.8
2025-09-30 19:00:00,2.8398,2.8708,2.8386,2.8637,6460254.2
2025-09-30 20:00:00,2.8638,2.8739,2.8584,2.8721,4421098.4
2025-09-30 21:00:00,2.8721,2.8792,2.8513,2.8527,6383066.9
2025-09-30 22:00:00,2.8527,2.8641,2.8386,2.8417,3545011.2
2025-09-30 23:00:00,2.8417,2.8484,2.8339,2.8468,2416572.8
2025-10-01 00:00:00,2.8468,2.852,2.8276,2.8383,2561359.7
2025-10-01 01:00:00,2.8383,2.8597,2.8357,2.8582,3151146.6
2025-10-01 02:00:00,2.8581,2.8586,2.84,2.8419,1910566.4
2025-10-01 03:00:00,2.8419,2.8426,2.8141,2.819,3276898.0
2025-10-01 04:00:00,2.8191,2.8456,2.8163,2.8362,4824250.9
2025-10-01 05:00:00,2.8363,2.8541,2.8347,2.8457,4029170.3
2025-10-01 06:00:00,2.8456,2.8497,2.8309,2.8321,3998320.4
2025-10-01 07:00:00,2.832,2.8574,2.831,2.854,4578166.7
2025-10-01 08:00:00,2.8539,2.9219,2.8517,2.9169,15546293.4
2025-10-01 09:00:00,2.9169,2.952,2.9074,2.9412,17264116.5
2025-10-01 10:00:00,2.9412,2.9419,2.9193,2.9299,9511328.9
2025-10-01 11:00:00,2.9298,2.9458,2.9295,2.9439,4600854.4
2025-10-01 12:00:00,2.9439,2.9454,2.9269,2.9363,7802519.2
2025-10-01 13:00:00,2.9363,2.955,2.9336,2.9384,10468955.6
2025-10-01 14:00:00,2.9384,2.9582,2.9315,2.9428,7698001.8
2025-10-01 15:00:00,2.9429,2.9465,2.9332,2.9419,4537603.3
2025-10-01 16:00:00,2.9419,2.9496,2.9348,2.9378,5216019.2
2025-10-01 17:00:00,2.9379,2.9446,2.9195,2.9202,5604845.8
2025-10-01 18:00:00,2.9202,2.9422,2.9201,2.936,3037515.8
2025-10-01 19:00:00,2.936,2.9616,2.9351,2.9549,4483123.8
2025-10-01 20:00:00,2.9549,2.9555,2.9382,2.9472,2770573.6
2025-10-01 21:00:00,2.9472,2.9476,2.9261,2.9286,3371236.9
2025-10-01 22:00:00,2.9286,2.9399,2.9273,2.9303,3032417.7
2025-10-01 23:00:00,2.9303,2.9512,2.9281,2.9485,2987123.9
2025-10-02 00:00:00,2.9485,2.9623,2.9403,2.9429,5433092.4
2025-10-02 01:00:00,2.943,2.9756,2.9418,2.9701,3992701.4
2025-10-02 02:00:00,2.9701,2.9811,2.9602,2.9765,4584229.0
2025-10-02 03:00:00,2.9764,2.9877,2.9665,2.9723,4769861.6
2025-10-02 04:00:00,2.9723,2.9796,2.9538,2.9676,4182249.9
2025-10-02 05:00:00,2.9675,2.9807,2.9579,2.9648,6178364.7
2025-10-02 06:00:00,2.9649,2.9825,2.9628,2.9793,5612675.7
2025-10-02 07:00:00,2.9794,2.9856,2.9648,2.9692,4327311.9
2025-10-02 08:00:00,2.9691,2.9903,2.9666,2.9888,5361252.2
2025-10-02 09:00:00,2.9887,2.992,2.9757,2.9833,3461079.1
2025-10-02 10:00:00,2.9832,2.9934,2.9788,2.9888,2650923.4
2025-10-02 11:00:00,2.9888,2.9962,2.9688,2.9715,3888271.3
2025-10-02 12:00:00,2.9716,2.9877,2.9681,2.9866,3556882.2
2025-10-02 13:00:00,2.9865,2.9892,2.963,2.9857,5959038.1
2025-10-02 14:00:00,2.9857,2.9939,2.9466,2.9574,6830615.2
2025-10-02 15:00:00,2.9574,2.9927,2.9461,2.9917,7848238.4
2025-10-02 16:00:00,2.9917,3.0587,2.9871,3.0449,21775625.7
2025-10-02 17:00:00,3.045,3.0559,3.0311,3.0352,6237331.1
2025-10-02 18:00:00,3.0352,3.0644,3.0351,3.0622,7496969.9
2025-10-02 19:00:00,3.0621,3.0998,3.0586,3.0902,10695119.9
2025-10-02 20:00:00,3.0903,3.0912,3.052,3.0587,8079182.3
2025-10-02 21:00:00,3.0587,3.066,3.0367,3.0396,4909262.2
2025-10-02 22:00:00,3.0396,3.0484,3.026,3.0322,4967382.4
2025-10-02 23:00:00,3.0323,3.0416,3.0264,3.0389,4276891.6
2025-10-03 00:00:00,3.0388,3.0393,3.0132,3.0193,6650196.4
2025-10-03 01:00:00,3.0192,3.0257,3.005,3.0063,4717560.6
2025-10-03 02:00:00,3.0063,3.0249,3.0041,3.0222,3818396.7
2025-10-03 03:00:00,3.0221,3.0388,3.0186,3.0202,4582145.7
2025-10-03 04:00:00,3.0202,3.0316,3.0163,3.0294,2858995.5
2025-10-03 05:00:00,3.0293,3.031,3.0136,3.0206,2878861.3
2025-10-03 06:00:00,3.0207,3.035,3.0131,3.0226,4468375.8
2025-10-03 07:00:00,3.0227,3.0342,3.0184,3.0339,4996194.0
2025-10-03 08:00:00,3.0339,3.0582,3.0224,3.0528,5875389.2
2025-10-03 09:00:00,3.0528,3.0544,3.0349,3.0406,3266740.8
2025-10-03 10:00:00,3.0406,3.0497,3.0389,3.0454,5728411.4
2025-10-03 11:00:00,3.0454,3.0479,3.0302,3.0379,2669651.7
2025-10-03 12:00:00,3.038,3.0408,3.0216,3.0224,2738838.6
2025-10-03 13:00:00,3.0225,3.0327,3.0102,3.0253,5813983.9
2025-10-03 14:00:00,3.0254,3.0479,3.0079,3.043,5378635.8
2025-10-03 15:00:00,3.043,3.0731,3.026,3.0692,8241694.5
2025-10-03 16:00:00,3.0693,3.0948,3.0595,3.0624,16285896.1
2025-10-03 17:00:00,3.0624,3.0624,3.0124,3.0288,17201643.2
2025-10-03 18:00:00,3.0289,3.0517,3.0203,3.0458,3528513.9
2025-10-03 19:00:00,3.0458,3.0545,3.0322,3.0347,3603644.9
2025-10-03 20:00:00,3.0347,3.0402,3.0211,3.0378,3682896.1
2025-10-03 21:00:00,3.0378,3.0556,3.0373,3.0466,2795446.8
2025-10-03 22:00:00,3.0465,3.0549,3.0454,3.0477,2058723.6
2025-10-03 23:00:00,3.0477,3.051,3.0368,3.0401,1898670.2
2025-10-04 00:00:00,3.0402,3.0522,3.0384,3.0434,2666483.8
2025-10-04 01:00:00,3.0434,3.0452,3.02,3.0236,3045228.3
2025-10-04 02:00:00,3.0236,3.0332,3.0165,3.0205,1889080.9
2025-10-04 03:00:00,3.0205,3.0238,3.0082,3.0233,3737456.3
2025-10-04 04:00:00,3.0234,3.0275,3.0145,3.018,1462077.0
2025-10-04 05:00:00,3.018,3.0295,3.0168,3.024,1301173.8
2025-10-04 06:00:00,3.024,3.0305,3.0226,3.0267,1342763.9
2025-10-04 07:00:00,3.0267,3.0315,3.0175,3.018,1784658.4
2025-10-04 08:00:00,3.0179,3.022,2.9941,3.0005,6042889.8
2025-10-04 09:00:00,3.0006,3.0075,2.9952,2.9963,2365409.3
2025-10-04 10:00:00,2.9962,3.0051,2.9828,2.9872,3553318.3
2025-10-04 11:00:00,2.9873,2.9936,2.9829,2.9904,2421805.7
2025-10-04 12:00:00,2.9904,2.9951,2.9825,2.9841,2504090.3
2025-10-04 13:00:00,2.9841,3.0065,2.9835,2.9928,3004400.7
2025-10-04 14:00:00,2.9928,2.9986,2.9658,2.967,5773052.4
2025-10-04 15:00:00,2.9669,2.9731,2.9409,2.9497,9020418.3
2025-10-04 16:00:00,2.9497,2.9555,2.939,2.9462,3923085.6
2025-10-04 17:00:00,2.9461,2.9568,2.9422,2.9482,2736164.5
2025-10-04 18:00:00,2.9482,2.949,2.9403,2.9435,1939217.0
2025-10-04 19:00:00,2.9435,2.9517,2.9419,2.9501,1641235.9
2025-10-04 20:00:00,2.9502,2.9582,2.9465,2.9471,2438478.7
2025-10-04 21:00:00,2.9471,2.9655,2.9457,2.9613,1872348.6
2025-10-04 22:00:00,2.9614,2.9713,2.9539,2.9692,1674742.2
2025-10-04 23:00:00,2.9691,2.9731,2.9627,2.9685,1290401.1
2025-10-05 00:00:00,2.9685,2.9743,2.9555,2.9569,1656209.6
2025-10-05 01:00:00,2.957,2.9699,2.9564,2.9641,1566700.9
2025-10-05 02:00:00,2.964,3.0068,2.9605,3.0051,5046610.7
2025-10-05 03:00:00,3.0051,3.0263,3.0025,3.0075,5578556.4
2025-10-05 04:00:00,3.0075,3.0441,3.0049,3.034,7462821.5
2025-10-05 05:00:00,3.034,3.0426,3.0265,3.0356,3895309.8
2025-10-05 06:00:00,3.0355,3.0397,3.0268,3.0339,4294986.2
2025-10-05 07:00:00,3.0339,3.0675,3.0332,3.0633,6756251.5
2025-10-05 08:00:00,3.0633,3.0716,3.0464,3.0472,5766081.7
2025-10-05 09:00:00,3.0472,3.0523,3.0163,3.0239,9230155.5
2025-10-05 10:00:00,3.0239,3.025,3.0011,3.0155,5343011.0
2025-10-05 11:00:00,3.0155,3.0235,3.0063,3.022,2711523.1
2025-10-05 12:00:00,3.022,3.0221,3.0054,3.0066,2364757.5
2025-10-05 13:00:00,3.0067,3.014,2.9959,3.0051,3019171.3
2025-10-05 14:00:00,3.0051,3.0105,2.9856,2.9953,3932317.5
2025-10-05 15:00:00,2.9953,3.0158,2.9931,3.0128,2128561.9
2025-10-05 16:00:00,3.0127,3.015,2.9819,3.0019,3637034.5
2025-10-05 17:00:00,3.002,3.008,2.9813,2.9881,2451664.7
2025-10-05 18:00:00,2.9881,2.991,2.9689,2.9747,4526479.7
2025-10-05 19:00:00,2.9747,2.9752,2.9483,2.9529,7275662.6
2025-10-05 20:00:00,2.9528,2.9746,2.9468,2.9696,5832203.1
2025-10-05 21:00:00,2.9696,2.98,2.963,2.9757,4816567.8
2025-10-05 22:00:00,2.9758,2.9851,2.9577,2.967,4336124.9
2025-10-05 23:00:00,2.9669,2.9788,2.9635,2.9697,2269948.0
2025-10-06 00:00:00,2.9697,2.9924,2.9553,2.9631,6328282.4
2025-10-06 01:00:00,2.9631,2.988,2.9551,2.979,2828466.1
2025-10-06 02:00:00,2.979,2.9918,2.9616,2.9812,3217448.0
2025-10-06 03:00:00,2.9811,2.9839,2.9737,2.978,1788035.7
2025-10-06 04:00:00,2.978,2.9821,2.9657,2.9677,2076400.4
2025-10-06 05:00:00,2.9677,2.9762,2.9623,2.9733,2287784.1
2025-10-06 06:00:00,2.9733,2.9999,2.9733,2.9902,4052028.8
2025-10-06 07:00:00,2.9902,2.9972,2.965,2.9737,3428706.1
2025-10-06 08:00:00,2.9736,2.9914,2.9736,2.9873,2364435.0
2025-10-06 09:00:00,2.9874,2.9945,2.9863,2.9914,3114414.6
2025-10-06 10:00:00,2.9914,2.9964,2.985,2.9933,2735085.0
2025-10-06 11:00:00,2.9933,3.0088,2.9856,2.9951,3879698.5
2025-10-06 12:00:00,2.9951,3.0092,2.9951,3.001,3758536.1
2025-10-06 13:00:00,3.0009,3.0096,2.9895,3.0088,5334887.1
2025-10-06 14:00:00,3.0089,3.0221,2.9844,2.9878,10029197.0
2025-10-06 15:00:00,2.9877,3.039,2.9875,3.0312,16316815.5
2025-10-06 16:00:00,3.0311,3.0405,3.0212,3.0325,4438776.0
2025-10-06 17:00:00,3.0325,3.0473,3.0281,3.0363,6081709.6
2025-10-06 18:00:00,3.0364,3.0479,3.0327,3.0447,4692125.8
2025-10-06 19:00:00,3.0447,3.0506,3.0234,3.0247,6165589.0
2025-10-06 20:00:00,3.0247,3.0336,3.0074,3.0088,5706618.5
2025-10-06 21:00:00,3.0088,3.0154,2.9978,3.0069,5035090.5
2025-10-06 22:00:00,3.0069,3.0121,2.9926,3.0009,7323199.2
2025-10-06 23:00:00,3.0009,3.0023,2.9867,2.9883,4203174.0
2025-10-07 00:00:00,2.9883,2.9945,2.9809,2.9941,2987975.3
2025-10-07 01:00:00,2.9941,3.0009,2.978,2.9886,3047006.6
2025-10-07 02:00:00,2.9887,2.9945,2.9785,2.9855,2901705.4
2025-10-07 03:00:00,2.9855,2.9898,2.9766,2.986,2742674.1
2025-10-07 04:00:00,2.986,2.9958,2.975,2.9925,4274830.6
2025-10-07 05:00:00,2.9925,3.0012,2.9867,2.9911,3646931.6
2025-10-07 06:00:00,2.9911,2.9911,2.9656,2.9676,7780131.4
2025-10-07 07:00:00,2.9677,2.9741,2.9618,2.9716,3602334.2
2025-10-07 08:00:00,2.9716,2.9725,2.9546,2.9647,5976054.9
2025-10-07 09:00:00,2.9646,2.9741,2.964,2.9726,3048166.2
2025-10-07 10:00:00,2.9726,2.9804,2.9681,2.9765,3324977.0
2025-10-07 11:00:00,2.9765,2.9797,2.9694,2.9705,4681746.9
2025-10-07 12:00:00,2.9705,2.9917,2.9673,2.9862,4671689.3
2025-10-07 13:00:00,2.9863,2.9913,2.9379,2.954,14358218.1
2025-10-07 14:00:00,2.954,2.9566,2.9029,2.9098,18186918.1
2025-10-07 15:00:00,2.9098,2.9169,2.85,2.8847,20387180.0
2025-10-07 16:00:00,2.8847,2.904,2.8726,2.889,12000564.5
2025-10-07 17:00:00,2.8889,2.8942,2.8776,2.8777,5912802.1
2025-10-07 18:00:00,2.8777,2.8818,2.8596,2.86,5059971.4
2025-10-07 19:00:00,2.86,2.8723,2.8489,2.8568,7134307.2
2025-10-07 20:00:00,2.8569,2.8816,2.8546,2.8719,5439309.3
2025-10-07 21:00:00,2.872,2.8813,2.8662,2.8728,3312710.5
2025-10-07 22:00:00,2.8728,2.8768,2.8625,2.867,2977766.0
2025-10-07 23:00:00,2.8671,2.8673,2.8497,2.852,4249005.9
2025-10-08 00:00:00,2.8521,2.8767,2.8515,2.8696,6177117.0
2025-10-08 01:00:00,2.8697,2.8758,2.8644,2.8717,2568452.1
2025-10-08 02:00:00,2.8717,2.8792,2.8665,2.8693,2750920.7
2025-10-08 03:00:00,2.8692,2.8692,2.8374,2.8464,5544133.3
2025-10-08 04:00:00,2.8465,2.8641,2.8303,2.8623,3828748.9
2025-10-08 05:00:00,2.8624,2.8624,2.8455,2.8553,3383016.3
2025-10-08 06:00:00,2.8553,2.8636,2.8426,2.8615,3563919.9
2025-10-08 07:00:00,2.8615,2.8631,2.8484,2.858,4175573.0
2025-10-08 08:00:00,2.8579,2.8783,2.8561,2.8683,4465635.3
2025-10-08 09:00:00,2.8682,2.8721,2.8624,2.8698,3229388.6
2025-10-08 10:00:00,2.8697,2.8786,2.8659,2.8773,3475784.2
2025-10-08 11:00:00,2.8773,2.881,2.8706,2.8762,3102356.1
2025-10-08 12:00:00,2.8761,2.8823,2.8705,2.8747,3326334.5
2025-10-08 13:00:00,2.8746,2.879,2.8517,2.8734,4548059.4
2025-10-08 14:00:00,2.8733,2.8937,2.8572,2.8622,5119300.5
2025-10-08 15:00:00,2.8622,2.8729,2.8602,2.866,2113635.0
2025-10-08 16:00:00,2.8661,2.8841,2.8627,2.8836,3383800.7
2025-10-08 17:00:00,2.8836,2.9248,2.8818,2.9193,7360554.8
2025-10-08 18:00:00,2.9193,2.9223,2.9028,2.9079,3399635.2
2025-10-08 19:00:00,2.9078,2.9131,2.8976,2.9093,2953530.9
2025-10-08 20:00:00,2.9093,2.9119,2.8915,2.8929,1806921.0
2025-10-08 21:00:00,2.8929,2.9035,2.8924,2.8967,1326555.4
2025-10-08 22:00:00,2.8966,2.9011,2.8946,2.8947,1244862.5
2025-10-08 23:00:00,2.8948,2.8954,2.8763,2.8797,3255671.7
2025-10-09 00:00:00,2.8797,2.8801,2.8644,2.8667,4628277.7
2025-10-09 01:00:00,2.8666,2.8674,2.8505,2.8581,4081206.2
2025-10-09 02:00:00,2.8581,2.8595,2.8244,2.8297,6198641.3
2025-10-09 03:00:00,2.8297,2.846,2.8291,2.8443,3266624.5
2025-10-09 04:00:00,2.8444,2.8487,2.8367,2.846,2104343.3
2025-10-09 05:00:00,2.846,2.8467,2.826,2.8337,4467478.9
2025-10-09 06:00:00,2.8337,2.834,2.8187,2.8238,5124082.5
2025-10-09 07:00:00,2.8237,2.8304,2.8136,2.8172,3116377.2
2025-10-09 08:00:00,2.8172,2.8198,2.786,2.7878,10731963.1
2025-10-09 09:00:00,2.7878,2.8105,2.7878,2.8086,5887938.3
2025-10-09 10:00:00,2.8086,2.8195,2.8016,2.8109,4898328.6
2025-10-09 11:00:00,2.8108,2.8282,2.8108,2.8263,3853621.3
2025-10-09 12:00:00,2.8262,2.8407,2.8227,2.8306,4509754.4
2025-10-09 13:00:00,2.8305,2.8341,2.8118,2.8158,4909636.0
2025-10-09 14:00:00,2.8158,2.8224,2.7897,2.8127,8276822.2
2025-10-09 15:00:00,2.8127,2.8258,2.7946,2.8024,4512779.6
2025-10-09 16:00:00,2.8024,2.8096,2.7714,2.7782,6578792.5
2025-10-09 17:00:00,2.7781,2.8062,2.775,2.8053,5622097.4
2025-10-09 18:00:00,2.8053,2.8092,2.7833,2.7847,4171518.9
2025-10-09 19:00:00,2.7848,2.8018,2.7746,2.7889,3694118.7
2025-10-09 20:00:00,2.789,2.7972,2.7836,2.7951,2997034.3
2025-10-09 21:00:00,2.795,2.8019,2.7864,2.7982,2252234.1
2025-10-09 22:00:00,2.7983,2.8169,2.7973,2.8147,2662188.0
2025-10-09 23:00:00,2.8148,2.8157,2.8018,2.8021,1691053.9
2025-10-10 00:00:00,2.8021,2.8178,2.8006,2.8111,2126768.6
2025-10-10 01:00:00,2.8111,2.8177,2.8058,2.8097,2049819.4
2025-10-10 02:00:00,2.8097,2.8117,2.7923,2.7972,3842118.2
2025-10-10 03:00:00,2.7973,2.8297,2.7905,2.8129,3694468.4
2025-10-10 04:00:00,2.813,2.8235,2.8083,2.8145,3213392.6
2025-10-10 05:00:00,2.8145,2.8305,2.8043,2.8265,1959937.9
2025-10-10 06:00:00,2.8265,2.8308,2.8107,2.8159,2178450.2
2025-10-10 07:00:00,2.816,2.8178,2.7991,2.8033,3487250.1
2025-10-10 08:00:00,2.8032,2.822,2.7986,2.8201,1544102.1
2025-10-10 09:00:00,2.82,2.8308,2.8123,2.8135,2482322.7
2025-10-10 10:00:00,2.8134,2.8204,2.8081,2.8189,2131687.5
2025-10-10 11:00:00,2.8189,2.8224,2.8161,2.8186,1527370.3
2025-10-10 12:00:00,2.8187,2.8215,2.8102,2.8186,2117637.2
2025-10-10 13:00:00,2.8187,2.8372,2.8176,2.8262,3699464.4
2025-10-10 14:00:00,2.8262,2.8346,2.7943,2.8,6577895.1
2025-10-10 15:00:00,2.8,2.802,2.7131,2.7417,38269903.8
2025-10-10 16:00:00,2.7417,2.7647,2.7273,2.7296,13558701.2
2025-10-10 17:00:00,2.7295,2.7335,2.7111,2.7234,9955155.1
2025-10-10 18:00:00,2.7234,2.7322,2.7042,2.7081,6411603.4
2025-10-10 19:00:00,2.708,2.7129,2.6356,2.6768,28606769.9
2025-10-10 20:00:00,2.6768,2.698,2.41,2.494,44932425.7
2025-10-10 21:00:00,2.496,2.551,1.2543,2.3251,200655232.9
2025-10-10 22:00:00,2.3251,2.38,2.1002,2.3525,128191526.2
2025-10-10 23:00:00,2.3527,2.4496,2.3112,2.3704,79619221.8
2025-10-11 00:00:00,2.3704,2.418,2.3,2.3864,46924901.5
2025-10-11 01:00:00,2.3864,2.3878,2.3058,2.3336,26868294.5
2025-10-11 02:00:00,2.3336,2.459,2.3304,2.4359,30631450.0
2025-10-11 03:00:00,2.436,2.4431,2.36,2.3974,26147066.9
2025-10-11 04:00:00,2.3974,2.448,2.3949,2.4437,14922808.2
2025-10-11 05:00:00,2.4438,2.4498,2.3901,2.4038,17300443.0
2025-10-11 06:00:00,2.4038,2.4516,2.4,2.4233,15221772.4
2025-10-11 07:00:00,2.4234,2.4429,2.3976,2.4115,19276048.0
2025-10-11 08:00:00,2.4115,2.4893,2.3993,2.4849,15974846.1
2025-10-11 09:00:00,2.4848,2.5061,2.4662,2.4695,14695882.3
2025-10-11 10:00:00,2.4695,2.4851,2.4536,2.4778,10710415.6
2025-10-11 11:00:00,2.4779,2.4846,2.4424,2.4773,9765026.7
2025-10-11 12:00:00,2.4772,2.4856,2.4308,2.4461,12092675.9
2025-10-11 13:00:00,2.4461,2.4603,2.4152,2.4502,14286472.0
2025-10-11 14:00:00,2.4502,2.4593,2.4226,2.4585,10195087.2
2025-10-11 15:00:00,2.4584,2.487,2.4574,2.4783,7059739.3
2025-10-11 16:00:00,2.4783,2.4928,2.4629,2.4761,7335409.8
2025-10-11 17:00:00,2.476,2.492,2.4722,2.4799,4941092.2
2025-10-11 18:00:00,2.4798,2.4807,2.4631,2.4695,3266118.2
2025-10-11 19:00:00,2.4694,2.4697,2.383,2.4097,14405839.0
2025-10-11 20:00:00,2.4096,2.4118,2.3358,2.3538,20214243.8
2025-10-11 21:00:00,2.3539,2.3879,2.3228,2.3862,19213867.5
2025-10-11 22:00:00,2.3861,2.407,2.38,2.3963,9472255.8
2025-10-11 23:00:00,2.3962,2.4009,2.3766,2.3819,6594832.1
2025-10-12 00:00:00,2.3819,2.3871,2.3379,2.3418,6518190.8
2025-10-12 01:00:00,2.3419,2.358,2.3242,2.3277,11669111.2
2025-10-12 02:00:00,2.3278,2.3518,2.3121,2.3263,12110959.0
2025-10-12 03:00:00,2.3262,2.369,2.3215,2.3417,10444990.9
2025-10-12 04:00:00,2.3417,2.3775,2.3399,2.3627,9267718.7
2025-10-12 05:00:00,2.3626,2.379,2.3494,2.3736,4541877.3
2025-10-12 06:00:00,2.3735,2.4006,2.3692,2.3899,5491077.9
2025-10-12 07:00:00,2.3899,2.3969,2.3749,2.3897,4450729.8
2025-10-12 08:00:00,2.3897,2.4019,2.3822,2.383,3756708.8
2025-10-12 09:00:00,2.383,2.4036,2.369,2.4014,6359898.2
2025-10-12 10:00:00,2.4015,2.411,2.3847,2.3882,5251134.1
2025-10-12 11:00:00,2.3883,2.406,2.3881,2.3975,7581174.9
2025-10-12 12:00:00,2.3974,2.4213,2.397,2.4067,6573450.4
2025-10-12 13:00:00,2.4068,2.4152,2.3717,2.3757,9787001.9
2025-10-12 14:00:00,2.3758,2.4797,2.3615,2.4411,25750134.6
2025-10-12 15:00:00,2.4411,2.5145,2.4367,2.4885,29811433.6
2025-10-12 16:00:00,2.4884,2.5421,2.4879,2.5184,22544743.2
2025-10-12 17:00:00,2.5185,2.5451,2.5021,2.5287,14369408.4
2025-10-12 18:00:00,2.5287,2.5416,2.5036,2.513,7465411.3
2025-10-12 19:00:00,2.5131,2.552,2.5122,2.5473,6421627.5
2025-10-12 20:00:00,2.5472,2.5841,2.545,2.5585,10302309.9
2025-10-12 21:00:00,2.5584,2.5686,2.5119,2.5448,8245240.9
2025-10-12 22:00:00,2.5448,2.56,2.5159,2.5324,12869870.3
2025-10-12 23:00:00,2.5324,2.5352,2.5081,2.5282,6681319.5
2025-10-13 00:00:00,2.5283,2.5486,2.5143,2.5286,8817094.1
2025-10-13 01:00:00,2.5286,2.5495,2.5125,2.5494,7556086.5
2025-10-13 02:00:00,2.5494,2.5612,2.532,2.5586,11493189.5
2025-10-13 03:00:00,2.5585,2.574,2.546,2.5508,8854431.5
2025-10-13 04:00:00,2.5508,2.5807,2.5464,2.5769,7133076.6
2025-10-13 05:00:00,2.5769,2.5791,2.5402,2.5494,5867374.0
2025-10-13 06:00:00,2.5495,2.6093,2.5337,2.6052,9326719.9
2025-10-13 07:00:00,2.6053,2.6372,2.5967,2.6213,10613874.5
2025-10-13 08:00:00,2.6214,2.6426,2.6068,2.6338,9974641.3
2025-10-13 09:00:00,2.6337,2.6383,2.6163,2.622,7258411.2
2025-10-13 10:00:00,2.6219,2.6235,2.5912,2.6007,6779685.5
2025-10-13 11:00:00,2.6006,2.6036,2.5352,2.5692,15606296.4
2025-10-13 12:00:00,2.5691,2.591,2.5555,2.5693,7867518.9
2025-10-13 13:00:00,2.5693,2.6163,2.5507,2.6037,24156929.0
2025-10-13 14:00:00,2.6036,2.6129,2.5532,2.5574,12002572.4
2025-10-13 15:00:00,2.5573,2.5967,2.5553,2.5873,6769179.7
2025-10-13 16:00:00,2.5873,2.6008,2.5705,2.5931,9250648.5
2025-10-13 17:00:00,2.5932,2.626,2.5821,2.6227,10410263.2
2025-10-13 18:00:00,2.6228,2.63,2.6002,2.6111,8090887.7
2025-10-13 19:00:00,2.6111,2.6397,2.6041,2.6247,6778827.5
2025-10-13 20:00:00,2.6247,2.6447,2.62,2.644,6031351.1
2025-10-13 21:00:00,2.644,2.646,2.6123,2.6165,5755526.9
2025-10-13 22:00:00,2.6165,2.6233,2.6057,2.6088,4937991.2
2025-10-13 23:00:00,2.6087,2.6138,2.5975,2.6052,4511496.6
2025-10-14 00:00:00,2.6052,2.6208,2.5957,2.6073,5925264.8
2025-10-14 01:00:00,2.6072,2.6108,2.5826,2.5872,7259897.4
2025-10-14 02:00:00,2.5871,2.588,2.563,2.5735,10677779.5
2025-10-14 03:00:00,2.5735,2.5746,2.55,2.5606,7412919.5
2025-10-14 04:00:00,2.5605,2.5655,2.5175,2.5262,8973284.9
2025-10-14 05:00:00,2.5262,2.5411,2.4963,2.5054,10621818.2
2025-10-14 06:00:00,2.5054,2.5189,2.4178,2.4658,21742730.7
2025-10-14 07:00:00,2.4658,2.481,2.4401,2.4524,17132846.1
2025-10-14 08:00:00,2.4524,2.4749,2.4376,2.4636,7728686.2
2025-10-14 09:00:00,2.4637,2.4753,2.456,2.4616,4628208.1
2025-10-14 10:00:00,2.4615,2.4617,2.412,2.4403,11366102.3
2025-10-14 11:00:00,2.4403,2.4644,2.4383,2.4517,6390610.3
2025-10-14 12:00:00,2.4518,2.4526,2.4147,2.4192,12394877.6
2025-10-14 13:00:00,2.4192,2.4437,2.3888,2.4318,18007485.7
2025-10-14 14:00:00,2.4317,2.4636,2.4273,2.4466,11718944.9
2025-10-14 15:00:00,2.4467,2.4991,2.437,2.4974,12545320.0
2025-10-14 16:00:00,2.4975,2.5362,2.4825,2.5032,17081875.6
2025-10-14 17:00:00,2.5031,2.527,2.475,2.5054,10340393.0
2025-10-14 18:00:00,2.5054,2.5265,2.4943,2.5025,7615474.4
2025-10-14 19:00:00,2.5025,2.5177,2.4611,2.4837,13501071.2
2025-10-14 20:00:00,2.4837,2.4965,2.4751,2.4905,5052707.2
2025-10-14 21:00:00,2.4904,2.4974,2.4754,2.4953,3511747.0
2025-10-14 22:00:00,2.4953,2.5087,2.49,2.498,3163998.5
2025-10-14 23:00:00,2.4981,2.5127,2.4976,2.5033,1623416.5
2025-10-15 00:00:00,2.5033,2.5088,2.4855,2.5052,2599033.6
2025-10-15 01:00:00,2.5052,2.5065,2.4848,2.4997,2558381.2
2025-10-15 02:00:00,2.4997,2.526,2.4974,2.5114,4390820.1
2025-10-15 03:00:00,2.5114,2.5134,2.4795,2.4881,4001859.0
2025-10-15 04:00:00,2.4881,2.499,2.4801,2.4986,3261371.4
2025-10-15 05:00:00,2.4986,2.5094,2.49,2.4999,2283737.8
2025-10-15 06:00:00,2.4999,2.509,2.4794,2.5026,3770973.9
2025-10-15 07:00:00,2.5025,2.5083,2.494,2.507,3174583.4
2025-10-15 08:00:00,2.5069,2.5475,2.5052,2.5185,11723237.6
2025-10-15 09:00:00,2.5186,2.5231,2.495,2.501,9337003.2
2025-10-15 10:00:00,2.501,2.507,2.4926,2.4972,3592665.3
2025-10-15 11:00:00,2.4971,2.5055,2.4775,2.4928,4734894.3
2025-10-15 12:00:00,2.4928,2.5035,2.4826,2.5019,5948826.1
2025-10-15 13:00:00,2.5018,2.5021,2.4552,2.484,13570070.9
2025-10-15 14:00:00,2.4841,2.5118,2.4531,2.465,8867885.2
2025-10-15 15:00:00,2.465,2.476,2.4237,2.4333,16358646.6
2025-10-15 16:00:00,2.4333,2.4491,2.431,2.4323,7459931.9
2025-10-15 17:00:00,2.4324,2.4345,2.4124,2.434,6968154.7
2025-10-15 18:00:00,2.4339,2.4425,2.4216,2.4412,3957526.0
2025-10-15 19:00:00,2.4411,2.4414,2.4022,2.4053,4421048.0
2025-10-15 20:00:00,2.4054,2.4207,2.3798,2.3977,10295653.4
2025-10-15 21:00:00,2.3976,2.4165,2.3754,2.3977,8479100.6
2025-10-15 22:00:00,2.3978,2.4164,2.3962,2.4043,3085647.5
2025-10-15 23:00:00,2.4042,2.4173,2.3988,2.4109,2752359.5
2025-10-16 00:00:00,2.411,2.4155,2.3996,2.4067,5055879.0
2025-10-16 01:00:00,2.4067,2.4267,2.4057,2.4242,3151896.1
2025-10-16 02:00:00,2.4243,2.4354,2.4128,2.4272,5475345.4
2025-10-16 03:00:00,2.4273,2.432,2.4165,2.4182,4337414.0
2025-10-16 04:00:00,2.4181,2.43,2.4091,2.4112,3619647.8
2025-10-16 05:00:00,2.4111,2.4229,2.3973,2.4062,6763245.8
2025-10-16 06:00:00,2.4062,2.4333,2.4057,2.4278,4694532.6
2025-10-16 07:00:00,2.4279,2.4297,2.4063,2.4104,3663314.4
2025-10-16 08:00:00,2.4104,2.4139,2.3857,2.3945,5667596.2
2025-10-16 09:00:00,2.3945,2.4303,2.3533,2.423,18363583.8
2025-10-16 10:00:00,2.4229,2.4528,2.4221,2.4495,6380125.7
2025-10-16 11:00:00,2.4494,2.4573,2.4322,2.4524,3781830.7
2025-10-16 12:00:00,2.4524,2.4665,2.4475,2.4535,4465764.0
2025-10-16 13:00:00,2.4535,2.4578,2.4306,2.4382,4481660.9
2025-10-16 14:00:00,2.4382,2.4403,2.3885,2.4054,20509100.1
2025-10-16 15:00:00,2.4054,2.4182,2.3375,2.3554,17675335.5
2025-10-16 16:00:00,2.3553,2.3989,2.3454,2.3986,14816783.6
2025-10-16 17:00:00,2.3986,2.3987,2.3623,2.367,6996880.2
2025-10-16 18:00:00,2.367,2.3675,2.3321,2.3516,9766336.9
2025-10-16 19:00:00,2.3515,2.3576,2.3078,2.3271,14097937.7
2025-10-16 20:00:00,2.3271,2.3361,2.2833,2.2944,15052062.6
2025-10-16 21:00:00,2.2944,2.3227,2.2938,2.322,8336334.7
2025-10-16 22:00:00,2.3219,2.3254,2.3,2.3007,4415933.2
2025-10-16 23:00:00,2.3008,2.3315,2.2974,2.328,4879345.4
2025-10-17 00:00:00,2.328,2.3406,2.3199,2.3388,3363130.1
2025-10-17 01:00:00,2.3389,2.4,2.3371,2.3563,14627168.1
2025-10-17 02:00:00,2.3563,2.3659,2.3371,2.3577,6394771.1
2025-10-17 03:00:00,2.3577,2.3678,2.3489,2.3584,4771555.8
2025-10-17 04:00:00,2.3584,2.36,2.3469,2.3478,4914854.7
2025-10-17 05:00:00,2.3479,2.355,2.3313,2.3324,6098854.1
2025-10-17 06:00:00,2.3325,2.3457,2.2743,2.2935,15112773.8
2025-10-17 07:00:00,2.2934,2.2987,2.2319,2.2391,36654887.8
2025-10-17 08:00:00,2.2391,2.2512,2.2023,2.2157,29481914.6
2025-10-17 09:00:00,2.2156,2.2602,2.2097,2.226,10465955.3
2025-10-17 10:00:00,2.2259,2.238,2.1901,2.2266,11863694.5
2025-10-17 11:00:00,2.2266,2.2967,2.2253,2.2831,15556010.5
2025-10-17 12:00:00,2.2831,2.3049,2.2789,2.279,7813749.8
2025-10-17 13:00:00,2.279,2.2997,2.254,2.2848,11055196.8
2025-10-17 14:00:00,2.2848,2.2912,2.2403,2.2607,11386002.4
2025-10-17 15:00:00,2.2606,2.3021,2.2585,2.3008,8026496.6
2025-10-17 16:00:00,2.3009,2.3277,2.2822,2.2922,10609130.6
2025-10-17 17:00:00,2.2922,2.3,2.2775,2.2928,4240023.5
2025-10-17 18:00:00,2.2928,2.318,2.2926,2.3044,3893883.5
2025-10-17 19:00:00,2.3045,2.315,2.2914,2.297,3042523.6
2025-10-17 20:00:00,2.2971,2.3204,2.296,2.311,3189721.2
2025-10-17 21:00:00,2.3111,2.3372,2.3097,2.3348,3509009.9
2025-10-17 22:00:00,2.3348,2.3416,2.3127,2.3176,4170858.8
2025-10-17 23:00:00,2.3176,2.3176,2.2914,2.2936,3395965.9
2025-10-18 00:00:00,2.2936,2.3188,2.2894,2.3097,2890360.2
2025-10-18 01:00:00,2.3098,2.3364,2.3078,2.3343,2598248.8
2025-10-18 02:00:00,2.3344,2.3416,2.3181,2.3227,4124663.6
2025-10-18 03:00:00,2.3227,2.3436,2.3227,2.3389,2113493.1
2025-10-18 04:00:00,2.3389,2.3396,2.3177,2.3188,2359595.7
2025-10-18 05:00:00,2.3188,2.3355,2.3155,2.3328,1881830.8
2025-10-18 06:00:00,2.3327,2.3524,2.3316,2.3506,2666552.1
2025-10-18 07:00:00,2.3506,2.3758,2.3496,2.3539,8149868.6
2025-10-18 08:00:00,2.354,2.3598,2.347,2.3483,2489701.1
2025-10-18 09:00:00,2.3483,2.3648,2.347,2.3576,3795014.9
2025-10-18 10:00:00,2.3576,2.368,2.3477,2.3606,2275826.5
2025-10-18 11:00:00,2.3606,2.3795,2.3568,2.3789,3313049.3
2025-10-18 12:00:00,2.3788,2.3915,2.37,2.3754,3839500.1
2025-10-18 13:00:00,2.3755,2.3759,2.3561,2.363,3231692.4
2025-10-18 14:00:00,2.363,2.3716,2.3522,2.3612,4181962.4
2025-10-18 15:00:00,2.3612,2.3661,2.3403,2.3488,4036395.1
2025-10-18 16:00:00,2.3488,2.3546,2.3332,2.3456,3392242.3
2025-10-18 17:00:00,2.3455,2.3701,2.3423,2.3683,2347591.0
2025-10-18 18:00:00,2.3683,2.3715,2.3577,2.362,1530471.1
2025-10-18 19:00:00,2.3619,2.3705,2.3565,2.3669,1528594.1
2025-10-18 20:00:00,2.367,2.3746,2.3563,2.359,2517804.5
2025-10-18 21:00:00,2.359,2.3659,2.3506,2.3637,1940553.1
2025-10-18 22:00:00,2.3637,2.3669,2.3576,2.3615,1325060.2
2025-10-18 23:00:00,2.3614,2.363,2.3569,2.3596,1501194.2
2025-10-19 00:00:00,2.3596,2.3622,2.3401,2.3455,2271077.1
2025-10-19 01:00:00,2.3454,2.3507,2.336,2.3494,1548622.2
2025-10-19 02:00:00,2.3495,2.3511,2.3393,2.343,1202536.9
2025-10-19 03:00:00,2.343,2.3688,2.3372,2.3687,2374845.5
2025-10-19 04:00:00,2.3686,2.3697,2.3541,2.3574,1179882.1
2025-10-19 05:00:00,2.3575,2.3666,2.348,2.3528,1885325.2
2025-10-19 06:00:00,2.3528,2.3563,2.3418,2.3497,1426750.4
2025-10-19 07:00:00,2.3498,2.3551,2.3435,2.3484,1461766.2
2025-10-19 08:00:00,2.3483,2.3705,2.3274,2.3325,6565825.2
2025-10-19 09:00:00,2.3325,2.3828,2.3177,2.3627,9825940.2
2025-10-19 10:00:00,2.3628,2.3927,2.3537,2.3854,7202724.2
2025-10-19 11:00:00,2.3854,2.3984,2.3715,2.3751,5690747.3
2025-10-19 12:00:00,2.3751,2.3797,2.3622,2.372,2894181.2
2025-10-19 13:00:00,2.3721,2.4049,2.3658,2.4029,4389462.8
2025-10-19 14:00:00,2.403,2.415,2.3908,2.4128,6896075.1
2025-10-19 15:00:00,2.4128,2.4142,2.392,2.4008,5676679.8
2025-10-19 16:00:00,2.4008,2.4084,2.3882,2.3999,3127964.7
2025-10-19 17:00:00,2.3999,2.4195,2.3928,2.3966,6209647.7
2025-10-19 18:00:00,2.3967,2.4126,2.3958,2.409,2711788.0
2025-10-19 19:00:00,2.409,2.409,2.3931,2.3991,2376498.8
2025-10-19 20:00:00,2.3992,2.4079,2.3958,2.4059,2191996.2
2025-10-19 21:00:00,2.4059,2.4077,2.3868,2.3965,2754469.3
2025-10-19 22:00:00,2.3965,2.4096,2.3963,2.4023,2337001.1
2025-10-19 23:00:00,2.4024,2.4026,2.3864,2.3908,1849196.8
2025-10-20 00:00:00,2.3907,2.3907,2.3547,2.38,4762618.9
2025-10-20 01:00:00,2.38,2.3847,2.3674,2.3722,3377442.6
2025-10-20 02:00:00,2.3721,2.3952,2.3642,2.3862,4149222.8
2025-10-20 03:00:00,2.3862,2.4412,2.3814,2.4338,5515704.5
2025-10-20 04:00:00,2.4339,2.4486,2.4311,2.4466,6339735.0
2025-10-20 05:00:00,2.4466,2.4565,2.4358,2.4565,4823062.6
2025-10-20 06:00:00,2.4565,2.4728,2.4559,2.4686,5650483.6
2025-10-20 07:00:00,2.4685,2.4773,2.4606,2.4704,4402827.8
2025-10-20 08:00:00,2.4703,2.4783,2.4576,2.4721,5640370.9
2025-10-20 09:00:00,2.472,2.4744,2.4566,2.4734,4285431.9
2025-10-20 10:00:00,2.4733,2.48,2.4598,2.4659,5326438.9
2025-10-20 11:00:00,2.4659,2.4659,2.4517,2.4575,5752777.8
2025-10-20 12:00:00,2.4575,2.4587,2.4468,2.4529,4903084.1
2025-10-20 13:00:00,2.4529,2.4646,2.4481,2.4604,4401459.9
2025-10-20 14:00:00,2.4605,2.4719,2.4484,2.4705,3914358.2
2025-10-20 15:00:00,2.4705,2.4852,2.4624,2.4628,6279236.4
2025-10-20 16:00:00,2.4628,2.4677,2.4269,2.4445,11795818.9
2025-10-20 17:00:00,2.4446,2.4602,2.4356,2.4593,4177395.1
2025-10-20 18:00:00,2.4593,2.4773,2.4551,2.4749,2630153.9
2025-10-20 19:00:00,2.4749,2.5529,2.4698,2.5236,15506432.5
2025-10-20 20:00:00,2.5237,2.535,2.5061,2.5323,9322309.0
2025-10-20 21:00:00,2.5323,2.5327,2.4867,2.492,4512866.5
2025-10-20 22:00:00,2.4921,2.5053,2.4833,2.498,2824118.4
2025-10-20 23:00:00,2.4981,2.4983,2.4856,2.4948,1727342.1
2025-10-21 00:00:00,2.4948,2.4952,2.4815,2.486,1853837.9
2025-10-21 01:00:00,2.486,2.4866,2.4632,2.4681,3911661.8
2025-10-21 02:00:00,2.4682,2.4694,2.4496,2.4507,4580731.3
2025-10-21 03:00:00,2.4507,2.4625,2.4486,2.4528,3197736.8
2025-10-21 04:00:00,2.4527,2.4541,2.4179,2.4237,9024655.9
2025-10-21 05:00:00,2.4238,2.4383,2.4213,2.4239,6585058.4
2025-10-21 06:00:00,2.4238,2.4388,2.4117,2.4314,6655674.6
2025-10-21 07:00:00,2.4314,2.4353,2.4177,2.4267,3626770.1
2025-10-21 08:00:00,2.4266,2.4267,2.4011,2.4119,4550790.4
2025-10-21 09:00:00,2.4119,2.412,2.4017,2.4089,3628416.3
2025-10-21 10:00:00,2.4089,2.4285,2.4052,2.417,5410068.6
2025-10-21 11:00:00,2.417,2.4328,2.4122,2.4322,3566879.6
2025-10-21 12:00:00,2.4321,2.4474,2.4236,2.4248,4953799.6
2025-10-21 13:00:00,2.4249,2.4324,2.4077,2.4127,6718974.0
2025-10-21 14:00:00,2.4127,2.4885,2.4121,2.4866,10665337.9
2025-10-21 15:00:00,2.4867,2.5323,2.4749,2.5223,15600890.8
2025-10-21 16:00:00,2.5223,2.5244,2.4811,2.487,10769240.4
2025-10-21 17:00:00,2.4871,2.5074,2.4734,2.4929,9321644.4
2025-10-21 18:00:00,2.4928,2.4991,2.4726,2.4847,4642913.5
2025-10-21 19:00:00,2.4846,2.5014,2.4822,2.4931,2656445.0
2025-10-21 20:00:00,2.4931,2.4974,2.4654,2.4743,4912598.6
2025-10-21 21:00:00,2.4743,2.4924,2.45,2.4774,5233401.3
2025-10-21 22:00:00,2.4774,2.4777,2.4309,2.4419,6056439.5
2025-10-21 23:00:00,2.4419,2.448,2.4156,2.4222,4037445.5
2025-10-22 00:00:00,2.4221,2.4344,2.4042,2.4126,4787991.8
2025-10-22 01:00:00,2.4126,2.4295,2.4122,2.4247,4048253.2
2025-10-22 02:00:00,2.4247,2.4326,2.4215,2.4236,2912693.9
2025-10-22 03:00:00,2.4236,2.4237,2.4088,2.4201,3881305.9
2025-10-22 04:00:00,2.4201,2.4375,2.4192,2.4363,3388797.9
2025-10-22 05:00:00,2.4363,2.4363,2.3913,2.4059,11019865.8
2025-10-22 06:00:00,2.4059,2.4098,2.4002,2.4034,4669499.4
2025-10-22 07:00:00,2.4034,2.4125,2.3915,2.4098,4656984.2
2025-10-22 08:00:00,2.4099,2.4099,2.3961,2.3983,3012473.9
2025-10-22 09:00:00,2.3984,2.4007,2.38,2.3846,5960526.4
2025-10-22 10:00:00,2.3846,2.3921,2.3768,2.3824,5427568.0
2025-10-22 11:00:00,2.3824,2.4078,2.3639,2.3962,8889891.8
2025-10-22 12:00:00,2.3961,2.4109,2.3928,2.4003,3507020.5
2025-10-22 13:00:00,2.4004,2.4138,2.3929,2.4088,6951109.7
2025-10-22 14:00:00,2.4087,2.4104,2.3671,2.4104,10561962.4
2025-10-22 15:00:00,2.4105,2.4168,2.38,2.4004,5189037.4
2025-10-22 16:00:00,2.4004,2.4064,2.3799,2.3946,5657451.8
2025-10-22 17:00:00,2.3946,2.3999,2.3762,2.3789,3231503.6
2025-10-22 18:00:00,2.3789,2.386,2.3672,2.3777,3601710.8
2025-10-22 19:00:00,2.3776,2.3962,2.355,2.3764,5895347.1
2025-10-22 20:00:00,2.3763,2.381,2.3581,2.3636,4358889.1
2025-10-22 21:00:00,2.3635,2.3635,2.3255,2.3412,13234893.0
2025-10-22 22:00:00,2.3411,2.3543,2.3325,2.3367,3542406.8
2025-10-22 23:00:00,2.3366,2.3685,2.336,2.3647,3306918.9
2025-10-23 00:00:00,2.3647,2.3722,2.3617,2.3669,2331696.9
2025-10-23 01:00:00,2.3668,2.3768,2.3638,2.3704,2325321.3
2025-10-23 02:00:00,2.3704,2.3766,2.3684,2.3761,2510251.1
2025-10-23 03:00:00,2.376,2.3869,2.3751,2.3793,2756384.1
2025-10-23 04:00:00,2.3793,2.3909,2.3771,2.3853,2685633.0
2025-10-23 05:00:00,2.3853,2.3955,2.3853,2.3945,3116349.0
2025-10-23 06:00:00,2.3945,2.4193,2.3934,2.4168,7129001.7
2025-10-23 07:00:00,2.4169,2.4178,2.402,2.4075,3967474.2
2025-10-23 08:00:00,2.4076,2.4173,2.4076,2.4139,3144472.4
2025-10-23 09:00:00,2.414,2.4152,2.4068,2.4113,3313217.0
2025-10-23 10:00:00,2.4113,2.4146,2.4081,2.4103,3090464.8
2025-10-23 11:00:00,2.4102,2.4102,2.3899,2.3909,2797673.4
2025-10-23 12:00:00,2.391,2.391,2.3747,2.3889,6411539.9
2025-10-23 13:00:00,2.389,2.4106,2.3809,2.398,4084649.9
2025-10-23 14:00:00,2.3981,2.4057,2.3815,2.4025,3928412.8
2025-10-23 15:00:00,2.4024,2.4194,2.3988,2.4083,4511367.5
2025-10-23 16:00:00,2.4083,2.4166,2.3925,2.4109,3345448.2
2025-10-23 17:00:00,2.4108,2.4259,2.3963,2.4209,6138537.9
2025-10-23 18:00:00,2.4209,2.4224,2.3986,2.4026,3750326.9
2025-10-23 19:00:00,2.4027,2.41,2.392,2.4066,2854819.5
2025-10-23 20:00:00,2.4066,2.4067,2.378,2.3851,3532105.4
2025-10-23 21:00:00,2.3851,2.3916,2.3808,2.3862,2464868.3
2025-10-23 22:00:00,2.3861,2.3984,2.382,2.3962,2549908.4
2025-10-23 23:00:00,2.3962,2.3973,2.3899,2.3947,1597277.5
2025-10-24 00:00:00,2.3948,2.4039,2.3872,2.3971,2395782.1
2025-10-24 01:00:00,2.3971,2.4015,2.3863,2.3969,1991656.9
2025-10-24 02:00:00,2.397,2.4066,2.3908,2.404,1995228.2
2025-10-24 03:00:00,2.4041,2.41,2.3999,2.4067,2468012.1
2025-10-24 04:00:00,2.4067,2.4341,2.4038,2.4296,4264023.8
2025-10-24 05:00:00,2.4296,2.445,2.4271,2.4419,5139616.1
2025-10-24 06:00:00,2.442,2.4495,2.4333,2.4454,4475119.7
2025-10-24 07:00:00,2.4455,2.4469,2.4288,2.4406,3549335.1
2025-10-24 08:00:00,2.4406,2.455,2.4346,2.4503,3343100.2
2025-10-24 09:00:00,2.4502,2.4641,2.4483,2.4552,3083763.1
2025-10-24 10:00:00,2.4552,2.4604,2.4457,2.4485,3017124.4
2025-10-24 11:00:00,2.4484,2.4565,2.4339,2.4559,3353344.2
2025-10-24 12:00:00,2.456,2.5003,2.4559,2.4805,12151000.5
2025-10-24 13:00:00,2.4806,2.5146,2.4742,2.5139,11374519.2
2025-10-24 14:00:00,2.5139,2.5139,2.4692,2.4748,8865716.7
2025-10-24 15:00:00,2.4748,2.5,2.4698,2.4793,7789189.2
2025-10-24 16:00:00,2.4793,2.4885,2.46,2.48,5040452.6
2025-10-24 17:00:00,2.4799,2.4907,2.4743,2.4744,4039324.6
2025-10-24 18:00:00,2.4745,2.493,2.4715,2.4913,3211220.7
2025-10-24 19:00:00,2.4913,2.5135,2.4907,2.5006,7431827.7
2025-10-24 20:00:00,2.5006,2.5152,2.499,2.5141,4692383.9
2025-10-24 21:00:00,2.5141,2.5154,2.4968,2.5071,3670107.5
2025-10-24 22:00:00,2.5072,2.516,2.4976,2.5109,3338794.0
2025-10-24 23:00:00,2.5109,2.5111,2.5024,2.5103,1371282.5
2025-10-25 00:00:00,2.5103,2.5384,2.5021,2.5256,5708681.4
2025-10-25 01:00:00,2.5255,2.5609,2.5207,2.5464,7425979.3
2025-10-25 02:00:00,2.5465,2.5516,2.5363,2.5466,2511653.5
2025-10-25 03:00:00,2.5465,2.5476,2.5322,2.5401,2532024.8
2025-10-25 04:00:00,2.54,2.5712,2.5396,2.5605,5316168.5
2025-10-25 05:00:00,2.5605,2.5659,2.5494,2.5573,2857234.7
2025-10-25 06:00:00,2.5574,2.5624,2.5369,2.5379,2807078.4
2025-10-25 07:00:00,2.5379,2.5515,2.5377,2.543,2465862.3
2025-10-25 08:00:00,2.5429,2.5539,2.5415,2.5449,1665379.2
2025-10-25 09:00:00,2.5449,2.5475,2.535,2.54,1958552.4
2025-10-25 10:00:00,2.54,2.5619,2.5283,2.5512,5066823.1
2025-10-25 11:00:00,2.5511,2.5707,2.5492,2.5643,3839432.3
2025-10-25 12:00:00,2.5643,2.586,2.56,2.5799,4340550.1
2025-10-25 13:00:00,2.5799,2.6004,2.5713,2.5977,5339115.2
2025-10-25 14:00:00,2.5977,2.6203,2.5914,2.6131,7115749.5
2025-10-25 15:00:00,2.6131,2.6135,2.5947,2.5978,3916488.2
2025-10-25 16:00:00,2.5977,2.6066,2.5879,2.5895,3793774.5
2025-10-25 17:00:00,2.5895,2.6,2.5886,2.5984,3247753.1
2025-10-25 18:00:00,2.5983,2.645,2.5949,2.6418,5534951.6
2025-10-25 19:00:00,2.6417,2.6542,2.6041,2.6046,7701838.0
2025-10-25 20:00:00,2.6047,2.6181,2.598,2.6013,3692452.2
2025-10-25 21:00:00,2.6012,2.6081,2.5926,2.5973,2243999.0
2025-10-25 22:00:00,2.5973,2.6035,2.5891,2.6007,2711428.7
2025-10-25 23:00:00,2.6007,2.6014,2.5912,2.5959,2036590.4
2025-10-26 00:00:00,2.5958,2.628,2.592,2.6184,3979428.4
2025-10-26 01:00:00,2.6184,2.6286,2.6068,2.6179,2959397.6
2025-10-26 02:00:00,2.6178,2.6178,2.5947,2.5969,2320699.6
2025-10-26 03:00:00,2.5969,2.6137,2.5949,2.6015,1803716.7
2025-10-26 04:00:00,2.6016,2.6172,2.5995,2.6101,1356863.5
2025-10-26 05:00:00,2.61,2.6185,2.605,2.6147,1361079.6
2025-10-26 06:00:00,2.6147,2.6271,2.6112,2.6265,1889177.1
2025-10-26 07:00:00,2.6265,2.6265,2.619,2.6241,2154341.1
2025-10-26 08:00:00,2.6241,2.6383,2.6178,2.6329,3114943.0
2025-10-26 09:00:00,2.6329,2.6624,2.6329,2.6463,7377898.3
2025-10-26 10:00:00,2.6463,2.6476,2.6271,2.6301,2870360.3
2025-10-26 11:00:00,2.6301,2.653,2.6189,2.6469,5588420.5
2025-10-26 12:00:00,2.6469,2.6568,2.6333,2.6386,5332336.5
2025-10-26 13:00:00,2.6386,2.652,2.6386,2.6422,3828143.1
2025-10-26 14:00:00,2.6422,2.6448,2.6291,2.6381,3050859.2
2025-10-26 15:00:00,2.6381,2.6472,2.6339,2.641,2062826.3
2025-10-26 16:00:00,2.641,2.6417,2.6203,2.6266,3625659.3
2025-10-26 17:00:00,2.6265,2.6297,2.6214,2.6223,1849165.5
2025-10-26 18:00:00,2.6222,2.6333,2.6197,2.6198,3102022.5
2025-10-26 19:00:00,2.6198,2.6201,2.6082,2.6143,4154984.5
2025-10-26 20:00:00,2.6144,2.6161,2.5975,2.611,4137363.3
2025-10-26 21:00:00,2.611,2.6298,2.6105,2.6193,3594811.9
2025-10-26 22:00:00,2.6193,2.662,2.6193,2.6523,8769374.2
2025-10-26 23:00:00,2.6524,2.6617,2.6427,2.6461,3397244.7
2025-10-27 00:00:00,2.646,2.6658,2.6369,2.6482,5040153.6
2025-10-27 01:00:00,2.6482,2.6699,2.645,2.659,4307730.8
2025-10-27 02:00:00,2.659,2.6695,2.6423,2.6456,4543998.1
2025-10-27 03:00:00,2.6456,2.6492,2.6222,2.6354,5705085.6
2025-10-27 04:00:00,2.6353,2.6498,2.6339,2.6471,2714775.4
2025-10-27 05:00:00,2.6471,2.6749,2.6414,2.6459,5041925.7
2025-10-27 06:00:00,2.646,2.6572,2.6321,2.6513,5044706.9
2025-10-27 07:00:00,2.6514,2.6595,2.626,2.6301,4108658.7
2025-10-27 08:00:00,2.6301,2.6358,2.6128,2.6244,5570817.6
2025-10-27 09:00:00,2.6243,2.6275,2.6051,2.6128,4350170.2
2025-10-27 10:00:00,2.6128,2.6288,2.6077,2.6241,3151238.1
2025-10-27 11:00:00,2.6242,2.6389,2.615,2.6257,3210886.0
2025-10-27 12:00:00,2.6257,2.6323,2.6171,2.631,2776875.7
2025-10-27 13:00:00,2.6311,2.6433,2.6068,2.6267,5494346.3
2025-10-27 14:00:00,2.6266,2.6284,2.6013,2.6272,4181572.9
2025-10-27 15:00:00,2.6272,2.665,2.6268,2.6612,8222001.0
2025-10-27 16:00:00,2.6612,2.6905,2.6612,2.6853,8534730.4
2025-10-27 17:00:00,2.6853,2.695,2.6769,2.6914,5298050.0
2025-10-27 18:00:00,2.6913,2.6975,2.6796,2.6891,4963068.1
2025-10-27 19:00:00,2.689,2.6901,2.6545,2.6693,5885796.8
2025-10-27 20:00:00,2.6692,2.6692,2.6268,2.6268,6026709.3
2025-10-27 21:00:00,2.6267,2.6499,2.6236,2.6344,3323683.8
2025-10-27 22:00:00,2.6344,2.6506,2.6309,2.64,3396320.1
2025-10-27 23:00:00,2.6399,2.6492,2.6305,2.634,3067030.9
2025-10-28 00:00:00,2.634,2.652,2.6296,2.6389,2806269.4
2025-10-28 01:00:00,2.639,2.6485,2.633,2.6411,2225388.0
2025-10-28 02:00:00,2.6411,2.6465,2.6084,2.6275,3932390.3
2025-10-28 03:00:00,2.6275,2.6407,2.62,2.6312,3977533.5
2025-10-28 04:00:00,2.6312,2.6366,2.6219,2.6323,2576138.9
2025-10-28 05:00:00,2.6323,2.641,2.6176,2.6213,2829861.9
2025-10-28 06:00:00,2.6213,2.6495,2.6123,2.6482,5794180.0
2025-10-28 07:00:00,2.6483,2.6624,2.6365,2.6382,3652297.2
2025-10-28 08:00:00,2.6383,2.6624,2.6354,2.656,3836836.8
2025-10-28 09:00:00,2.656,2.6676,2.6461,2.6669,2490267.7
2025-10-28 10:00:00,2.6669,2.6684,2.6546,2.6585,2847779.0
2025-10-28 11:00:00,2.6585,2.6585,2.6383,2.6414,2903259.9
2025-10-28 12:00:00,2.6414,2.6653,2.6403,2.6635,3538224.4
2025-10-28 13:00:00,2.6636,2.6887,2.661,2.6652,7694446.1
2025-10-28 14:00:00,2.6653,2.6676,2.6035,2.6314,12878134.6
2025-10-28 15:00:00,2.6314,2.6474,2.6242,2.636,6431567.8
2025-10-28 16:00:00,2.6359,2.6565,2.6343,2.6489,4539116.7
2025-10-28 17:00:00,2.649,2.6686,2.6465,2.6602,3973459.0
2025-10-28 18:00:00,2.6601,2.6748,2.6556,2.672,4268473.4
2025-10-28 19:00:00,2.672,2.6798,2.6126,2.6424,8721555.9
2025-10-28 20:00:00,2.6425,2.6435,2.5851,2.592,15853231.9
2025-10-28 21:00:00,2.5921,2.6076,2.5675,2.5982,9328914.1
2025-10-28 22:00:00,2.5982,2.6145,2.5874,2.6111,4354117.8
2025-10-28 23:00:00,2.6111,2.6155,2.6021,2.6034,2258842.9
2025-10-29 00:00:00,2.6034,2.6197,2.6001,2.6091,4069556.9
2025-10-29 01:00:00,2.6091,2.6265,2.6068,2.6185,3964850.0
2025-10-29 02:00:00,2.6185,2.6278,2.6118,2.6149,2109512.6
2025-10-29 03:00:00,2.615,2.615,2.5993,2.6086,2515226.4
2025-10-29 04:00:00,2.6086,2.6219,2.6068,2.6189,1328708.1
2025-10-29 05:00:00,2.6189,2.629,2.612,2.619,1975837.1
2025-10-29 06:00:00,2.6189,2.6345,2.6151,2.6304,2054008.9
2025-10-29 07:00:00,2.6305,2.6359,2.6234,2.6345,2325069.6
2025-10-29 08:00:00,2.6344,2.6366,2.623,2.6277,2166448.5
2025-10-29 09:00:00,2.6277,2.6573,2.6212,2.6474,5147062.7
2025-10-29 10:00:00,2.6474,2.6605,2.6375,2.6415,4094643.0
2025-10-29 11:00:00,2.6416,2.6544,2.6376,2.6499,2705948.2
2025-10-29 12:00:00,2.6499,2.6595,2.6473,2.6566,2324280.6
2025-10-29 13:00:00,2.6565,2.664,2.6301,2.6342,4772304.6
2025-10-29 14:00:00,2.6342,2.6431,2.6216,2.6408,3966691.5
2025-10-29 15:00:00,2.6408,2.65,2.6143,2.6266,5841045.2
2025-10-29 16:00:00,2.6267,2.6346,2.6141,2.6271,3610754.7
2025-10-29 17:00:00,2.6271,2.6589,2.6244,2.6589,4834691.4
2025-10-29 18:00:00,2.6588,2.6604,2.5471,2.6085,34313537.7
2025-10-29 19:00:00,2.6085,2.6323,2.5758,2.587,9533628.6
2025-10-29 20:00:00,2.5871,2.6012,2.5568,2.5898,9863681.3
2025-10-29 21:00:00,2.5898,2.6179,2.5883,2.604,3200184.4
2025-10-29 22:00:00,2.604,2.6085,2.5918,2.5939,2334844.3
2025-10-29 23:00:00,2.5938,2.5943,2.537,2.5502,8730574.1
2025-10-30 00:00:00,2.5502,2.5649,2.5285,2.5627,6565430.7
2025-10-30 01:00:00,2.5627,2.5832,2.5563,2.5785,4467754.3
2025-10-30 02:00:00,2.5784,2.5894,2.5706,2.5848,2037687.1
2025-10-30 03:00:00,2.5849,2.5853,2.573,2.5793,2086253.0
2025-10-30 04:00:00,2.5794,2.5794,2.4871,2.5087,17061538.8
2025-10-30 05:00:00,2.5088,2.5635,2.5049,2.5585,6296971.0
2025-10-30 06:00:00,2.5584,2.575,2.5561,2.5672,3243446.3
2025-10-30 07:00:00,2.5671,2.5944,2.565,2.5834,3982480.0
2025-10-30 08:00:00,2.5835,2.5897,2.5775,2.5789,2667007.3
2025-10-30 09:00:00,2.5789,2.5813,2.5543,2.5559,2926343.4
2025-10-30 10:00:00,2.5558,2.5663,2.5475,2.5505,2666245.9
2025-10-30 11:00:00,2.5505,2.5582,2.5418,2.5442,2949921.3
2025-10-30 12:00:00,2.5442,2.5513,2.4902,2.5009,11337534.0
2025-10-30 13:00:00,2.501,2.5087,2.4565,2.4662,17136360.5
2025-10-30 14:00:00,2.4662,2.486,2.4623,2.4732,6023593.7
2025-10-30 15:00:00,2.4732,2.4801,2.4449,2.4539,5917988.6
2025-10-30 16:00:00,2.4539,2.471,2.4457,2.4629,4873902.3
2025-10-30 17:00:00,2.4629,2.4637,2.426,2.4528,6988313.6
2025-10-30 18:00:00,2.4528,2.4535,2.4166,2.4232,5736385.2
2025-10-30 19:00:00,2.4232,2.4266,2.378,2.3853,10905506.2
2025-10-30 20:00:00,2.3853,2.4315,2.3769,2.4265,9626982.1
2025-10-30 21:00:00,2.4266,2.4338,2.4083,2.4276,5740919.2
2025-10-30 22:00:00,2.4277,2.4376,2.4236,2.4371,4970856.3
2025-10-30 23:00:00,2.4372,2.4417,2.4237,2.4393,5423732.1
2025-10-31 00:00:00,2.4393,2.4628,2.4311,2.4588,6900990.2
2025-10-31 01:00:00,2.4589,2.4821,2.4543,2.4808,6742704.8
2025-10-31 02:00:00,2.4808,2.481,2.4527,2.4609,4390259.2
2025-10-31 03:00:00,2.461,2.4706,2.4525,2.4706,2859903.0
2025-10-31 04:00:00,2.4706,2.4929,2.4682,2.4917,4932422.2
2025-10-31 05:00:00,2.4917,2.4932,2.4804,2.4838,2251081.3
2025-10-31 06:00:00,2.4839,2.4874,2.478,2.4812,3608385.5
2025-10-31 07:00:00,2.4812,2.4903,2.4698,2.4754,3076121.3
2025-10-31 08:00:00,2.4755,2.4899,2.4665,2.4895,3138796.8
2025-10-31 09:00:00,2.4896,2.4951,2.4822,2.4868,2860164.7
2025-10-31 10:00:00,2.4868,2.5069,2.4853,2.4986,3266324.7
2025-10-31 11:00:00,2.4985,2.5161,2.4863,2.5145,4851251.3
2025-10-31 12:00:00,2.5144,2.5298,2.5024,2.505,8029315.0
2025-10-31 13:00:00,2.5051,2.5227,2.4932,2.5088,5978312.3
2025-10-31 14:00:00,2.5088,2.5128,2.4926,2.5084,5799470.7
2025-10-31 15:00:00,2.5083,2.5505,2.5051,2.5238,14878200.6
2025-10-31 16:00:00,2.5237,2.5375,2.4929,2.4958,6399227.2
2025-10-31 17:00:00,2.4958,2.5141,2.4841,2.5063,6027071.7
2025-10-31 18:00:00,2.5064,2.5262,2.5042,2.5222,4210062.5
2025-10-31 19:00:00,2.5221,2.5546,2.5004,2.5438,6038802.6
2025-10-31 20:00:00,2.5437,2.5437,2.51,2.5119,3516673.1
2025-10-31 21:00:00,2.5119,2.5211,2.5025,2.5199,2759549.3
2025-10-31 22:00:00,2.5199,2.5218,2.5041,2.5076,1704424.0
2025-10-31 23:00:00,2.5075,2.5139,2.5032,2.5097,1389816.7
2025-11-01 00:00:00,2.5096,2.5106,2.4927,2.5005,2747801.7
2025-11-01 01:00:00,2.5005,2.5061,2.4953,2.4996,1459013.5
2025-11-01 02:00:00,2.4995,2.5077,2.4893,2.5047,1705908.5
2025-11-01 03:00:00,2.5048,2.5196,2.5047,2.5164,1915421.2
2025-11-01 04:00:00,2.5164,2.5233,2.51,2.517,1150298.6
2025-11-01 05:00:00,2.5169,2.5183,2.5074,2.5081,785670.0
2025-11-01 06:00:00,2.5081,2.5102,2.4981,2.5039,1062187.1
2025-11-01 07:00:00,2.5039,2.5146,2.5004,2.5061,1379577.0
2025-11-01 08:00:00,2.5061,2.5128,2.5002,2.5124,1314538.6
2025-11-01 09:00:00,2.5124,2.515,2.5005,2.5028,2349693.4
2025-11-01 10:00:00,2.5028,2.512,2.5019,2.508,1492925.6
2025-11-01 11:00:00,2.508,2.512,2.5001,2.5006,1962528.5
2025-11-01 12:00:00,2.5006,2.5066,2.4915,2.4925,2936708.5
2025-11-01 13:00:00,2.4926,2.5012,2.4835,2.4895,2946730.6
2025-11-01 14:00:00,2.4895,2.4921,2.476,2.4843,3604024.0
2025-11-01 15:00:00,2.4844,2.5046,2.4825,2.5016,2298335.2
2025-11-01 16:00:00,2.5016,2.5144,2.4993,2.5088,2024849.3
2025-11-01 17:00:00,2.5087,2.5101,2.5026,2.5053,1325068.6
2025-11-01 18:00:00,2.5054,2.5083,2.4955,2.5061,2357769.9
2025-11-01 19:00:00,2.506,2.5065,2.4975,2.506,868777.5
2025-11-01 20:00:00,2.5061,2.5129,2.5061,2.5084,984071.9
2025-11-01 21:00:00,2.5083,2.5097,2.4932,2.4932,1148818.4
2025-11-01 22:00:00,2.4933,2.5035,2.4902,2.5028,1032232.6
2025-11-01 23:00:00,2.5027,2.508,2.497,2.5053,698962.6
2025-11-02 00:00:00,2.5053,2.506,2.4991,2.5018,994334.0
2025-11-02 01:00:00,2.5018,2.5056,2.4946,2.4972,1593708.7
2025-11-02 02:00:00,2.4972,2.5129,2.4949,2.5108,1772300.0
2025-11-02 03:00:00,2.5108,2.5114,2.5048,2.5067,1713261.9
2025-11-02 04:00:00,2.5067,2.5279,2.5058,2.5243,2461174.6
2025-11-02 05:00:00,2.5243,2.5245,2.5148,2.5216,1294537.4
2025-11-02 06:00:00,2.5215,2.5265,2.5188,2.5229,1420246.7
2025-11-02 07:00:00,2.523,2.5366,2.5177,2.5351,1929485.6
2025-11-02 08:00:00,2.5351,2.5392,2.5256,2.5283,1748469.5
2025-11-02 09:00:00,2.5283,2.5344,2.5174,2.5203,2256582.9
2025-11-02 10:00:00,2.5204,2.5289,2.5097,2.5158,2575795.1
2025-11-02 11:00:00,2.5159,2.5549,2.512,2.5416,5837688.4
2025-11-02 12:00:00,2.5416,2.5517,2.5353,2.537,2769731.6
2025-11-02 13:00:00,2.5371,2.5425,2.5223,2.5269,2236632.5
2025-11-02 14:00:00,2.5268,2.5351,2.5018,2.5166,2741446.3
2025-11-02 15:00:00,2.5166,2.5195,2.5,2.5004,2746381.5
2025-11-02 16:00:00,2.5003,2.5053,2.4833,2.5052,3621401.4
2025-11-02 17:00:00,2.5052,2.5053,2.4939,2.501,1045883.0
2025-11-02 18:00:00,2.501,2.5013,2.4904,2.4946,771108.2
2025-11-02 19:00:00,2.4946,2.4953,2.478,2.4888,2676250.9
2025-11-02 20:00:00,2.4887,2.4976,2.4844,2.4974,1537979.0
2025-11-02 21:00:00,2.4973,2.5172,2.4973,2.5113,1702081.9
2025-11-02 22:00:00,2.5113,2.5113,2.4884,2.4987,1378628.9
2025-11-02 23:00:00,2.4988,2.5318,2.4988,2.5267,2730847.6
2025-11-03 00:00:00,2.5267,2.5322,2.5006,2.5017,2436658.1
2025-11-03 01:00:00,2.5017,2.502,2.4825,2.4918,3252331.4
2025-11-03 02:00:00,2.4918,2.495,2.4543,2.462,6939925.7
2025-11-03 03:00:00,2.462,2.466,2.4259,2.4294,7516371.0
2025-11-03 04:00:00,2.4295,2.4479,2.416,2.4464,4768024.8
2025-11-03 05:00:00,2.4464,2.4534,2.4269,2.431,2508202.3
2025-11-03 06:00:00,2.4309,2.4333,2.3877,2.4083,9408773.1
2025-11-03 07:00:00,2.4083,2.4197,2.3987,2.4139,3715099.6
2025-11-03 08:00:00,2.4138,2.422,2.3965,2.4107,5661202.6
2025-11-03 09:00:00,2.4106,2.4285,2.3964,2.3999,4585883.8
2025-11-03 10:00:00,2.3999,2.4082,2.3817,2.388,5088201.3
2025-11-03 11:00:00,2.3881,2.4159,2.3877,2.4019,6651133.4
2025-11-03 12:00:00,2.402,2.4131,2.4005,2.4022,3373730.5
2025-11-03 13:00:00,2.4021,2.4178,2.3984,2.4114,4025245.3
2025-11-03 14:00:00,2.4115,2.4279,2.4115,2.427,4786413.4
2025-11-03 15:00:00,2.4271,2.4301,2.2925,2.3279,34472522.3
2025-11-03 16:00:00,2.328,2.3799,2.3193,2.3739,13068684.7
2025-11-03 17:00:00,2.3739,2.3951,2.3662,2.3811,7417050.2
2025-11-03 18:00:00,2.3811,2.3849,2.3467,2.3475,5088757.4
2025-11-03 19:00:00,2.3475,2.3523,2.3222,2.3241,4805520.2
2025-11-03 20:00:00,2.3242,2.3298,2.2631,2.2861,13516216.6
2025-11-03 21:00:00,2.2861,2.3133,2.2673,2.3109,10617500.5
2025-11-03 22:00:00,2.3109,2.3125,2.2701,2.3008,6667405.5
2025-11-03 23:00:00,2.3007,2.314,2.2849,2.3096,4154616.4
2025-11-04 00:00:00,2.3095,2.3456,2.2998,2.3371,9564677.9
2025-11-04 01:00:00,2.3371,2.3494,2.3237,2.3425,7319343.3
2025-11-04 02:00:00,2.3424,2.3526,2.334,2.3393,3946112.8
2025-11-04 03:00:00,2.3392,2.3635,2.3337,2.3565,4885383.6
2025-11-04 04:00:00,2.3565,2.3655,2.3367,2.3383,5594615.5
2025-11-04 05:00:00,2.3382,2.3424,2.245,2.2504,18192559.3
2025-11-04 06:00:00,2.2504,2.3091,2.2493,2.2737,14336211.6
2025-11-04 07:00:00,2.2737,2.2819,2.2322,2.2434,17253245.0
2025-11-04 08:00:00,2.2434,2.2793,2.2296,2.2629,14215555.8
2025-11-04 09:00:00,2.2629,2.269,2.248,2.2655,9521735.7
2025-11-04 10:00:00,2.2654,2.2759,2.2573,2.2663,7100610.9
2025-11-04 11:00:00,2.2662,2.2845,2.263,2.281,7386169.5
2025-11-04 12:00:00,2.281,2.2903,2.2607,2.2647,5539555.8
2025-11-04 13:00:00,2.2647,2.278,2.257,2.2616,6744910.9
2025-11-04 14:00:00,2.2616,2.313,2.2422,2.3042,15419688.0
2025-11-04 15:00:00,2.3043,2.3273,2.2757,2.2829,13157564.0
2025-11-04 16:00:00,2.2829,2.2962,2.2321,2.2405,14617706.2
2025-11-04 17:00:00,2.2405,2.2588,2.1966,2.2308,24170499.4
2025-11-04 18:00:00,2.2309,2.2314,2.1549,2.2114,28382887.7
2025-11-04 19:00:00,2.2115,2.225,2.1667,2.1696,11769401.6
2025-11-04 20:00:00,2.1695,2.1908,2.0987,2.1598,39277401.9
2025-11-04 21:00:00,2.1598,2.1705,2.0665,2.156,40056631.1
2025-11-04 22:00:00,2.1561,2.224,2.1437,2.2186,20786309.1
2025-11-04 23:00:00,2.2186,2.2293,2.2046,2.2053,7320130.9
2025-11-05 00:00:00,2.2053,2.2118,2.1617,2.1746,12852894.7
2025-11-05 01:00:00,2.1746,2.1799,2.1015,2.172,17412437.4
2025-11-05 02:00:00,2.1721,2.2283,2.1719,2.2263,13823655.6
2025-11-05 03:00:00,2.2264,2.2532,2.2153,2.2372,10507032.5
2025-11-05 04:00:00,2.2371,2.2562,2.2257,2.2451,7557195.9
2025-11-05 05:00:00,2.2451,2.2606,2.2337,2.2422,8138023.9
2025-11-05 06:00:00,2.2421,2.2532,2.2294,2.2514,5392070.4
2025-11-05 07:00:00,2.2514,2.2529,2.232,2.2463,5888823.3
2025-11-05 08:00:00,2.2462,2.2462,2.2047,2.222,7153319.0
2025-11-05 09:00:00,2.222,2.2398,2.2182,2.2374,5750169.4
2025-11-05 10:00:00,2.2373,2.2405,2.2083,2.2111,4205382.1
2025-11-05 11:00:00,2.2111,2.2434,2.2109,2.2367,3649754.0
2025-11-05 12:00:00,2.2367,2.2534,2.2306,2.2489,5007221.3
2025-11-05 13:00:00,2.2488,2.2879,2.2403,2.2632,10769799.5
2025-11-05 14:00:00,2.2631,2.285,2.2413,2.2612,14858753.2
2025-11-05 15:00:00,2.2613,2.2766,2.2504,2.2764,9670019.8
2025-11-05 16:00:00,2.2764,2.2899,2.2539,2.2855,9794728.8
2025-11-05 17:00:00,2.2856,2.2898,2.2668,2.2857,6270027.0
2025-11-05 18:00:00,2.2857,2.3096,2.2776,2.3046,7789817.0
2025-11-05 19:00:00,2.3047,2.3264,2.293,2.3225,8806537.3
2025-11-05 20:00:00,2.3224,2.3766,2.3176,2.36,15973110.1
2025-11-05 21:00:00,2.3601,2.3708,2.3382,2.3401,8170817.5
2025-11-05 22:00:00,2.34,2.3609,2.3308,2.3529,3792166.7
2025-11-05 23:00:00,2.3529,2.3589,2.342,2.3432,4599250.5
2025-11-06 00:00:00,2.3432,2.3542,2.334,2.3454,4762614.3
2025-11-06 01:00:00,2.3453,2.3453,2.3093,2.3399,6722434.4
2025-11-06 02:00:00,2.3398,2.416,2.3221,2.3865,13114682.5
2025-11-06 03:00:00,2.3866,2.3905,2.3533,2.3588,8206638.7
2025-11-06 04:00:00,2.3588,2.3647,2.3462,2.3631,5161186.9
2025-11-06 05:00:00,2.3631,2.3632,2.3272,2.3299,4356424.6
2025-11-06 06:00:00,2.3298,2.3377,2.3182,2.3191,3879629.4
2025-11-06 07:00:00,2.3192,2.3326,2.3117,2.3262,4372857.1
2025-11-06 08:00:00,2.3261,2.3336,2.3151,2.3226,3023998.2
2025-11-06 09:00:00,2.3227,2.326,2.3009,2.3061,7272542.3
2025-11-06 10:00:00,2.3061,2.3174,2.296,2.3062,5192413.2
2025-11-06 11:00:00,2.3061,2.3083,2.2877,2.3005,7096630.3
2025-11-06 12:00:00,2.3006,2.3028,2.277,2.2802,6562409.5
2025-11-06 13:00:00,2.2802,2.3104,2.2782,2.3024,6931225.1
2025-11-06 14:00:00,2.3024,2.3069,2.2565,2.2588,7460387.0
2025-11-06 15:00:00,2.2588,2.2713,2.2279,2.2343,13474229.4
2025-11-06 16:00:00,2.2343,2.2497,2.2096,2.2283,9701892.0
2025-11-06 17:00:00,2.2284,2.2509,2.2149,2.24,14175729.7
2025-11-06 18:00:00,2.24,2.2449,2.2106,2.2312,8693373.2
2025-11-06 19:00:00,2.2312,2.2325,2.203,2.2116,4596379.6
2025-11-06 20:00:00,2.2116,2.2252,2.1796,2.1954,8988836.6
2025-11-06 21:00:00,2.1955,2.2189,2.1799,2.2155,10089494.8
2025-11-06 22:00:00,2.2155,2.224,2.2073,2.2192,5315369.8
2025-11-06 23:00:00,2.2191,2.2191,2.1985,2.213,3572934.1
2025-11-07 00:00:00,2.213,2.2277,2.2042,2.2203,5691401.1
2025-11-07 01:00:00,2.2203,2.2257,2.192,2.2188,6354760.2
2025-11-07 02:00:00,2.2187,2.223,2.203,2.2223,3679291.2
2025-11-07 03:00:00,2.2224,2.2371,2.2203,2.2291,6034810.9
2025-11-07 04:00:00,2.2292,2.2305,2.2116,2.2216,2716946.4
2025-11-07 05:00:00,2.2215,2.2381,2.2199,2.2364,3212971.6
2025-11-07 06:00:00,2.2365,2.2397,2.2222,2.2223,3892279.5
2025-11-07 07:00:00,2.2222,2.2342,2.2171,2.2335,3660381.4
2025-11-07 08:00:00,2.2335,2.2345,2.2178,2.2189,2932260.4
2025-11-07 09:00:00,2.2189,2.2197,2.1921,2.201,4477276.4
2025-11-07 10:00:00,2.2009,2.2112,2.1771,2.185,5532604.8
2025-11-07 11:00:00,2.185,2.1945,2.1635,2.1879,10378657.1
2025-11-07 12:00:00,2.1879,2.1976,2.1536,2.1687,8268000.5
2025-11-07 13:00:00,2.1686,2.1979,2.1585,2.1867,6770536.9
2025-11-07 14:00:00,2.1866,2.215,2.1568,2.2055,8887790.1
2025-11-07 15:00:00,2.2056,2.2208,2.1886,2.2129,10495240.9
2025-11-07 16:00:00,2.2129,2.2775,2.2012,2.2639,15720401.3
2025-11-07 17:00:00,2.2639,2.3393,2.2507,2.3095,21015147.3
2025-11-07 18:00:00,2.3096,2.3499,2.3003,2.3365,12292363.2
2025-11-07 19:00:00,2.3366,2.3556,2.324,2.3529,6112425.7
2025-11-07 20:00:00,2.3529,2.3729,2.3329,2.3645,7922829.6
2025-11-07 21:00:00,2.3645,2.3655,2.3343,2.3431,8291279.6
2025-11-07 22:00:00,2.3432,2.3491,2.3261,2.3299,5303420.2
2025-11-07 23:00:00,2.33,2.3315,2.3113,2.3154,8360861.0
2025-11-08 00:00:00,2.3155,2.3276,2.2992,2.3005,8403227.2
2025-11-08 01:00:00,2.3005,2.3197,2.2991,2.3104,4659229.9
2025-11-08 02:00:00,2.3104,2.3329,2.304,2.3169,3967986.6
2025-11-08 03:00:00,2.3168,2.3381,2.3122,2.3186,6043214.2
2025-11-08 04:00:00,2.3187,2.336,2.3187,2.3266,3982406.2
2025-11-08 05:00:00,2.3266,2.334,2.3092,2.315,3199976.5
2025-11-08 06:00:00,2.3151,2.3247,2.2945,2.3231,4973323.4
2025-11-08 07:00:00,2.3231,2.3289,2.2994,2.3224,3454566.6
2025-11-08 08:00:00,2.3224,2.3337,2.3138,2.3218,2363565.0
2025-11-08 09:00:00,2.3219,2.3272,2.308,2.3115,2366568.6
2025-11-08 10:00:00,2.3116,2.3198,2.308,2.3132,1385456.4
2025-11-08 11:00:00,2.3132,2.3183,2.2906,2.2957,3335942.6
2025-11-08 12:00:00,2.2958,2.3026,2.2874,2.2942,2747005.9
2025-11-08 13:00:00,2.2942,2.2954,2.2754,2.2787,3959718.0
2025-11-08 14:00:00,2.2787,2.2863,2.2627,2.2763,5126265.5
2025-11-08 15:00:00,2.2763,2.2776,2.2424,2.2559,4206418.4
2025-11-08 16:00:00,2.256,2.2732,2.251,2.2647,3707890.9
2025-11-08 17:00:00,2.2647,2.271,2.2538,2.2708,2952663.1
2025-11-08 18:00:00,2.2707,2.2792,2.2619,2.278,2691757.9
2025-11-08 19:00:00,2.278,2.278,2.254,2.2732,2004910.0
2025-11-08 20:00:00,2.2732,2.2808,2.2718,2.2782,1595365.6
2025-11-08 21:00:00,2.2781,2.2896,2.2748,2.2859,3261564.3
2025-11-08 22:00:00,2.2858,2.2888,2.279,2.2873,1794748.5
2025-11-08 23:00:00,2.2874,2.2874,2.2807,2.2863,1472484.8
2025-11-09 00:00:00,2.2864,2.2871,2.2713,2.2743,2143211.2
2025-11-09 01:00:00,2.2742,2.2864,2.27,2.2849,1526047.0
2025-11-09 02:00:00,2.285,2.285,2.2552,2.2588,2727049.9
2025-11-09 03:00:00,2.2587,2.2649,2.2392,2.2539,3942466.7
2025-11-09 04:00:00,2.2539,2.2654,2.2531,2.2612,2063658.3
2025-11-09 05:00:00,2.2612,2.2741,2.2525,2.2714,2669674.7
2025-11-09 06:00:00,2.2714,2.2873,2.2679,2.2797,1725821.6
2025-11-09 07:00:00,2.2796,2.2989,2.2786,2.2958,2955296.9
2025-11-09 08:00:00,2.2957,2.2961,2.2753,2.2806,2190570.4
2025-11-09 09:00:00,2.2806,2.291,2.2686,2.2692,2210972.5
2025-11-09 10:00:00,2.2692,2.2692,2.2523,2.2668,2977313.7
2025-11-09 11:00:00,2.2667,2.2779,2.2657,2.2751,3076981.9
2025-11-09 12:00:00,2.2751,2.2832,2.2698,2.275,2448640.0
2025-11-09 13:00:00,2.275,2.2866,2.2708,2.2777,3753697.3
2025-11-09 14:00:00,2.2777,2.3284,2.2671,2.2913,11235931.0
2025-11-09 15:00:00,2.2912,2.3337,2.2887,2.3145,6302142.7
2025-11-09 16:00:00,2.3146,2.3321,2.3008,2.3262,3369192.2
2025-11-09 17:00:00,2.3263,2.3269,2.3035,2.3088,2888431.0
2025-11-09 18:00:00,2.3089,2.33,2.3021,2.3278,2244599.1
2025-11-09 19:00:00,2.3278,2.3497,2.323,2.349,4162143.3
2025-11-09 20:00:00,2.3491,2.3546,2.3361,2.34,3904912.4
2025-11-09 21:00:00,2.34,2.344,2.3318,2.3381,2718983.5
2025-11-09 22:00:00,2.3381,2.3542,2.3236,2.3539,3357125.0
2025-11-09 23:00:00,2.354,2.395,2.354,2.3662,9417535.7
2025-11-10 00:00:00,2.3662,2.4283,2.3462,2.4162,11346545.0
2025-11-10 01:00:00,2.4162,2.4282,2.3944,2.3993,8362784.6
2025-11-10 02:00:00,2.3993,2.424,2.3866,2.4239,6400747.2
2025-11-10 03:00:00,2.424,2.4779,2.4239,2.4613,15338441.5
2025-11-10 04:00:00,2.4614,2.4734,2.4514,2.4644,7920506.1
2025-11-10 05:00:00,2.4643,2.4714,2.4396,2.4526,5304819.1
2025-11-10 06:00:00,2.4526,2.4745,2.4419,2.4721,4815358.1
2025-11-10 07:00:00,2.4721,2.4928,2.4684,2.4806,5975270.2
2025-11-10 08:00:00,2.4806,2.4984,2.4696,2.4963,6008048.4
2025-11-10 09:00:00,2.4963,2.5449,2.4837,2.5384,12316967.9
2025-11-10 10:00:00,2.5385,2.5518,2.5233,2.5404,10190437.8
2025-11-10 11:00:00,2.5404,2.5731,2.5379,2.541,10198087.1
2025-11-10 12:00:00,2.541,2.5441,2.5225,2.5299,7427335.3
2025-11-10 13:00:00,2.53,2.57,2.5299,2.5561,6828002.8
2025-11-10 14:00:00,2.5562,2.5607,2.4985,2.5093,15130775.5
2025-11-10 15:00:00,2.5093,2.5349,2.5,2.5296,10223914.0
2025-11-10 16:00:00,2.5297,2.5573,2.5135,2.5291,10547807.2
2025-11-10 17:00:00,2.5291,2.5639,2.5244,2.5506,6945394.7
2025-11-10 18:00:00,2.5505,2.5543,2.5336,2.5385,4979321.5
2025-11-10 19:00:00,2.5384,2.5617,2.5374,2.5491,4435456.8
2025-11-10 20:00:00,2.549,2.5808,2.5432,2.5638,10547131.6
2025-11-10 21:00:00,2.5637,2.565,2.5115,2.5177,8848528.1
2025-11-10 22:00:00,2.5176,2.5342,2.5129,2.532,3505187.9
2025-11-10 23:00:00,2.532,2.5407,2.5229,2.526,3881526.9
2025-11-11 00:00:00,2.526,2.547,2.5138,2.541,6497961.6
2025-11-11 01:00:00,2.541,2.57,2.5204,2.5249,6713424.8
2025-11-11 02:00:00,2.525,2.5592,2.5151,2.5373,6424878.0
2025-11-11 03:00:00,2.5374,2.5479,2.5296,2.5301,3817058.3
2025-11-11 04:00:00,2.53,2.5325,2.494,2.5006,7448792.6
2025-11-11 05:00:00,2.5006,2.5024,2.4727,2.4761,8490066.1
2025-11-11 06:00:00,2.476,2.4779,2.4569,2.4734,8926484.2
2025-11-11 07:00:00,2.4733,2.4804,2.445,2.4477,7293350.2
2025-11-11 08:00:00,2.4478,2.4603,2.44,2.4546,4849177.8
2025-11-11 09:00:00,2.4546,2.4674,2.4526,2.4572,2946862.0
2025-11-11 10:00:00,2.4571,2.4678,2.4559,2.4634,2656918.7
2025-11-11 11:00:00,2.4634,2.4703,2.4557,2.4605,3456729.0
2025-11-11 12:00:00,2.4605,2.4673,2.4487,2.4575,3300285.0
2025-11-11 13:00:00,2.4574,2.4706,2.4401,2.4446,5432056.0
2025-11-11 14:00:00,2.4446,2.4658,2.4326,2.463,7486986.1
2025-11-11 15:00:00,2.463,2.463,2.4261,2.4368,6052571.2
2025-11-11 16:00:00,2.4367,2.4421,2.426,2.4316,3744813.6
2025-11-11 17:00:00,2.4315,2.4421,2.4105,2.4306,5230948.4
2025-11-11 18:00:00,2.4305,2.4402,2.4229,2.4248,3354151.7
2025-11-11 19:00:00,2.4249,2.4321,2.4101,2.4161,3450904.3
2025-11-11 20:00:00,2.4161,2.4227,2.3989,2.4084,5650348.4
2025-11-11 21:00:00,2.4083,2.4174,2.3865,2.3873,5117606.5
2025-11-11 22:00:00,2.3874,2.4126,2.3787,2.4031,4417242.7
2025-11-11 23:00:00,2.4032,2.4045,2.3873,2.3915,3779274.5
2025-11-12 00:00:00,2.3915,2.4068,2.3821,2.384,3829527.9
2025-11-12 01:00:00,2.3841,2.4146,2.3813,2.4055,4839455.7
2025-11-12 02:00:00,2.4055,2.4056,2.3825,2.3936,4178223.1
2025-11-12 03:00:00,2.3937,2.4033,2.3897,2.3989,3566306.5
2025-11-12 04:00:00,2.399,2.3995,2.3887,2.395,3214342.1
2025-11-12 05:00:00,2.395,2.4087,2.3908,2.4,3487882.3
2025-11-12 06:00:00,2.4,2.404,2.3885,2.3891,4073175.5
2025-11-12 07:00:00,2.389,2.3926,2.3645,2.3734,5927519.2
2025-11-12 08:00:00,2.3734,2.4158,2.3723,2.4055,5434051.4
2025-11-12 09:00:00,2.4054,2.4283,2.4019,2.4197,6781021.3
2025-11-12 10:00:00,2.4198,2.431,2.4161,2.4229,5536052.1
2025-11-12 11:00:00,2.4229,2.4389,2.4226,2.4383,5870208.1
2025-11-12 12:00:00,2.4383,2.4477,2.4325,2.4433,5799145.6
2025-11-12 13:00:00,2.4432,2.4491,2.428,2.4461,5066837.9
2025-11-12 14:00:00,2.446,2.4488,2.3957,2.4125,8731891.9
2025-11-12 15:00:00,2.4125,2.4248,2.3635,2.3684,10693932.5
2025-11-12 16:00:00,2.3684,2.3738,2.3275,2.3379,14884633.1
2025-11-12 17:00:00,2.3379,2.3571,2.3263,2.3489,6181560.4
2025-11-12 18:00:00,2.3489,2.3561,2.3417,2.3436,4603713.0
2025-11-12 19:00:00,2.3436,2.3521,2.3166,2.338,6998285.6
2025-11-12 20:00:00,2.3379,2.3572,2.3335,2.3539,6464791.3
2025-11-12 21:00:00,2.3539,2.3947,2.3537,2.3938,6871655.1
2025-11-12 22:00:00,2.3938,2.3943,2.3635,2.3796,3637777.2
2025-11-12 23:00:00,2.3796,2.3913,2.3681,2.3879,4487806.8
2025-11-13 00:00:00,2.3878,2.4059,2.3827,2.3916,4274413.3
2025-11-13 01:00:00,2.3916,2.4175,2.3915,2.4046,6146303.3
2025-11-13 02:00:00,2.4046,2.426,2.4039,2.4222,4403728.4
2025-11-13 03:00:00,2.4222,2.5124,2.3892,2.4838,18757967.8
2025-11-13 04:00:00,2.4837,2.4905,2.4513,2.4733,13410727.8
2025-11-13 05:00:00,2.4732,2.4999,2.4567,2.4948,8315273.9
2025-11-13 06:00:00,2.4949,2.5198,2.4907,2.5019,8829439.7
2025-11-13 07:00:00,2.5019,2.5202,2.483,2.4874,9674589.9
2025-11-13 08:00:00,2.4873,2.5135,2.4853,2.5013,4930333.2
2025-11-13 09:00:00,2.5013,2.5106,2.4726,2.4985,8459960.0
2025-11-13 10:00:00,2.4985,2.5264,2.4948,2.5006,9157522.3
2025-11-13 11:00:00,2.5007,2.514,2.4868,2.4951,5742992.8
2025-11-13 12:00:00,2.4952,2.5004,2.4724,2.4818,6731875.7
2025-11-13 13:00:00,2.4819,2.4875,2.4481,2.4592,8931793.1
2025-11-13 14:00:00,2.4593,2.5183,2.4492,2.5029,18251016.4
2025-11-13 15:00:00,2.5029,2.5029,2.4204,2.4348,18055454.4
2025-11-13 16:00:00,2.4347,2.4439,2.3959,2.4016,12738802.5
2025-11-13 17:00:00,2.4016,2.4096,2.353,2.3559,15837154.6
2025-11-13 18:00:00,2.356,2.3754,2.3277,2.3412,16404125.4
2025-11-13 19:00:00,2.3413,2.3551,2.3113,2.3151,17335785.0
2025-11-13 20:00:00,2.315,2.3225,2.2757,2.2985,17786977.6
2025-11-13 21:00:00,2.2984,2.3073,2.2797,2.2917,10160518.3
2025-11-13 22:00:00,2.2916,2.3315,2.2834,2.3286,13334134.1
2025-11-13 23:00:00,2.3286,2.3463,2.3082,2.3225,10593515.0
2025-11-14 00:00:00,2.3225,2.3322,2.2904,2.297,9367587.5
2025-11-14 01:00:00,2.2971,2.3166,2.2896,2.3073,7182570.9
2025-11-14 02:00:00,2.3073,2.338,2.3064,2.3278,5287064.0
2025-11-14 03:00:00,2.3278,2.3311,2.303,2.3151,4485611.1
2025-11-14 04:00:00,2.3151,2.3158,2.2454,2.29,17277199.5
2025-11-14 05:00:00,2.2901,2.3193,2.2812,2.3131,8406042.8
2025-11-14 06:00:00,2.3131,2.32,2.2674,2.3189,8327173.6
2025-11-14 07:00:00,2.3189,2.3272,2.2972,2.3074,7067606.1
2025-11-14 08:00:00,2.3074,2.3098,2.2831,2.2961,4629473.6
2025-11-14 09:00:00,2.2961,2.3086,2.2743,2.2777,4698648.1
2025-11-14 10:00:00,2.2778,2.3,2.2762,2.2855,6855115.8
2025-11-14 11:00:00,2.2854,2.2899,2.256,2.2684,10096462.2
2025-11-14 12:00:00,2.2683,2.2975,2.2263,2.2859,32796617.9
2025-11-14 13:00:00,2.2859,2.3004,2.2535,2.2713,14081780.5
2025-11-14 14:00:00,2.2712,2.3144,2.2462,2.3027,14840440.7
2025-11-14 15:00:00,2.3027,2.3271,2.2831,2.3127,13003678.0
2025-11-14 16:00:00,2.3128,2.3416,2.2914,2.3317,12599765.9
2025-11-14 17:00:00,2.3317,2.3393,2.2984,2.3109,6617892.6
2025-11-14 18:00:00,2.3109,2.3281,2.2831,2.2918,5276358.7
2025-11-14 19:00:00,2.2918,2.3193,2.2761,2.3121,4758604.1
2025-11-14 20:00:00,2.3121,2.3163,2.2521,2.2619,8025056.9
2025-11-14 21:00:00,2.262,2.2901,2.2565,2.2777,3996642.9
2025-11-14 22:00:00,2.2776,2.2864,2.254,2.2622,3467666.1
2025-11-14 23:00:00,2.2621,2.2662,2.2256,2.2443,7232759.1
2025-11-15 00:00:00,2.2443,2.2707,2.2428,2.2689,4187829.1
2025-11-15 01:00:00,2.2688,2.285,2.2561,2.2803,3283958.3
2025-11-15 02:00:00,2.2803,2.3013,2.2709,2.3007,2587302.3
2025-11-15 03:00:00,2.3007,2.3034,2.2923,2.2946,3367937.3
2025-11-15 04:00:00,2.2946,2.2963,2.2761,2.2831,3342050.2
2025-11-15 05:00:00,2.283,2.2874,2.2731,2.2762,3516395.8
2025-11-15 06:00:00,2.2762,2.2935,2.2739,2.2804,3953178.9
2025-11-15 07:00:00,2.2803,2.2889,2.2751,2.2857,4238616.5
2025-11-15 08:00:00,2.2856,2.2869,2.2423,2.2511,6402232.3
2025-11-15 09:00:00,2.251,2.268,2.2454,2.2575,3752905.7
2025-11-15 10:00:00,2.2576,2.2672,2.25,2.2652,2335047.0
2025-11-15 11:00:00,2.2652,2.2679,2.2526,2.2582,1697499.0
2025-11-15 12:00:00,2.2582,2.2654,2.2454,2.2624,4049054.3
2025-11-15 13:00:00,2.2624,2.2791,2.2571,2.2706,4306735.4
2025-11-15 14:00:00,2.2705,2.2743,2.2553,2.2606,2571409.0
2025-11-15 15:00:00,2.2606,2.2613,2.25,2.2549,3053653.0
2025-11-15 16:00:00,2.2549,2.2561,2.2289,2.249,5228542.7
2025-11-15 17:00:00,2.2489,2.2713,2.244,2.2621,3575708.0
2025-11-15 18:00:00,2.2621,2.2674,2.2531,2.2589,2465763.0
2025-11-15 19:00:00,2.2589,2.2671,2.2521,2.2566,1927528.7
2025-11-15 20:00:00,2.2566,2.2616,2.2367,2.2408,2688094.9
2025-11-15 21:00:00,2.2407,2.2544,2.2111,2.2272,7241484.1
2025-11-15 22:00:00,2.2271,2.2439,2.2223,2.2393,2555132.3
2025-11-15 23:00:00,2.2393,2.2437,2.2291,2.2372,2145196.4
2025-11-16 00:00:00,2.2372,2.2381,2.2033,2.2177,7597490.5
2025-11-16 01:00:00,2.2177,2.223,2.1893,2.2111,6026267.9
2025-11-16 02:00:00,2.2111,2.252,2.2064,2.2451,5838292.2
2025-11-16 03:00:00,2.2452,2.2565,2.2386,2.25,2525940.4
2025-11-16 04:00:00,2.25,2.2546,2.2388,2.2477,1965892.6
2025-11-16 05:00:00,2.2476,2.2648,2.2465,2.2587,2336767.4
2025-11-16 06:00:00,2.2587,2.2699,2.2545,2.2606,2217182.5
2025-11-16 07:00:00,2.2606,2.2693,2.2581,2.2672,4371898.8
2025-11-16 08:00:00,2.2672,2.2721,2.2532,2.265,3129938.4
2025-11-16 09:00:00,2.265,2.2786,2.2567,2.2771,2993024.7
2025-11-16 10:00:00,2.2771,2.28,2.2694,2.271,2214697.1
2025-11-16 11:00:00,2.2709,2.2732,2.2304,2.2354,4254988.6
2025-11-16 12:00:00,2.2355,2.2465,2.2256,2.2355,4470450.4
2025-11-16 13:00:00,2.2355,2.2385,2.2049,2.2169,6853839.6
2025-11-16 14:00:00,2.2168,2.2314,2.21,2.224,3732381.3
2025-11-16 15:00:00,2.224,2.2243,2.1832,2.187,10247676.4
2025-11-16 16:00:00,2.1869,2.2014,2.1617,2.1708,10313132.2
2025-11-16 17:00:00,2.1708,2.1825,2.1558,2.1759,6946721.4
2025-11-16 18:00:00,2.1758,2.2322,2.1737,2.1887,10825447.0
2025-11-16 19:00:00,2.1888,2.2269,2.1875,2.2164,4649197.7
2025-11-16 20:00:00,2.2164,2.2305,2.2053,2.2057,3480646.2
2025-11-16 21:00:00,2.2058,2.2069,2.1824,2.1973,4326027.6
2025-11-16 22:00:00,2.1972,2.2283,2.1718,2.2082,6462407.2
2025-11-16 23:00:00,2.2082,2.2293,2.1648,2.2149,8474198.1
2025-11-17 00:00:00,2.2148,2.2504,2.1983,2.242,7764110.1
2025-11-17 01:00:00,2.2421,2.2469,2.2277,2.2281,3705957.7
2025-11-17 02:00:00,2.2281,2.2466,2.2236,2.2398,4364490.2
2025-11-17 03:00:00,2.2399,2.264,2.2394,2.2574,5461194.0
2025-11-17 04:00:00,2.2574,2.2677,2.2493,2.2519,4817411.5
2025-11-17 05:00:00,2.2518,2.2557,2.2399,2.2537,4149779.1
2025-11-17 06:00:00,2.2537,2.2645,2.249,2.2615,3611461.9
2025-11-17 07:00:00,2.2615,2.2695,2.26,2.2642,2667728.2
2025-11-17 08:00:00,2.2643,2.2745,2.2625,2.2664,3784918.0
2025-11-17 09:00:00,2.2663,2.2847,2.259,2.2739,4482622.3
2025-11-17 10:00:00,2.2738,2.2785,2.2663,2.273,3834220.6
2025-11-17 11:00:00,2.2731,2.2785,2.2668,2.2718,3709430.1
2025-11-17 12:00:00,2.2719,2.2725,2.2558,2.2609,4945787.2
2025-11-17 13:00:00,2.2609,2.2663,2.1954,2.2112,14294454.0
2025-11-17 14:00:00,2.2112,2.3077,2.1944,2.2551,30076224.2
2025-11-17 15:00:00,2.2551,2.2685,2.2047,2.2094,14719509.5
2025-11-17 16:00:00,2.2094,2.2221,2.1701,2.2198,16700105.5
2025-11-17 17:00:00,2.2198,2.2221,2.1591,2.1649,12201603.7
2025-11-17 18:00:00,2.1649,2.1738,2.1389,2.1489,20442968.5
2025-11-17 19:00:00,2.1488,2.1552,2.1205,2.127,16200278.6
2025-11-17 20:00:00,2.1269,2.1538,2.1146,2.1491,11794847.9
2025-11-17 21:00:00,2.1492,2.1589,2.1346,2.1535,8971961.3
2025-11-17 22:00:00,2.1535,2.1731,2.1446,2.1645,7195576.8
2025-11-17 23:00:00,2.1646,2.1731,2.1494,2.1637,4029199.4
2025-11-18 00:00:00,2.1637,2.1689,2.1207,2.1522,6313159.5
2025-11-18 01:00:00,2.1522,2.1649,2.1408,2.1435,6665658.9
2025-11-18 02:00:00,2.1434,2.1679,2.1138,2.1263,10540573.2
2025-11-18 03:00:00,2.1262,2.1766,2.1064,2.1645,18409430.0
2025-11-18 04:00:00,2.1645,2.1709,2.1345,2.1667,10249150.6
2025-11-18 05:00:00,2.1667,2.1783,2.1493,2.1575,6035594.5
2025-11-18 06:00:00,2.1576,2.167,2.1356,2.1416,5107963.4
2025-11-18 07:00:00,2.1417,2.1676,2.1252,2.1614,7253004.8
2025-11-18 08:00:00,2.1613,2.1986,2.1613,2.1881,8616462.9
2025-11-18 09:00:00,2.1881,2.1924,2.1669,2.1823,5842564.6
2025-11-18 10:00:00,2.1822,2.1942,2.1815,2.1936,5096078.5
2025-11-18 11:00:00,2.1936,2.2031,2.1761,2.1836,10324477.7
2025-11-18 12:00:00,2.1836,2.1953,2.1706,2.1875,5899414.7
2025-11-18 13:00:00,2.1875,2.1875,2.1505,2.1697,8014695.0
2025-11-18 14:00:00,2.1696,2.2017,2.1624,2.1715,13535984.2
2025-11-18 15:00:00,2.1714,2.2294,2.1566,2.2136,18959898.0
2025-11-18 16:00:00,2.2137,2.2391,2.2014,2.2254,12917531.7
2025-11-18 17:00:00,2.2254,2.2292,2.2093,2.2195,4635084.4
2025-11-18 18:00:00,2.2196,2.2369,2.2178,2.2298,3545773.0
2025-11-18 19:00:00,2.2299,2.2399,2.2226,2.2282,2995043.0
2025-11-18 20:00:00,2.2282,2.2413,2.222,2.2262,6198017.8
2025-11-18 21:00:00,2.2263,2.2287,2.2029,2.205,4100416.5
2025-11-18 22:00:00,2.205,2.2343,2.2049,2.2265,4169263.9
2025-11-18 23:00:00,2.2265,2.2277,2.2104,2.2172,2601479.9
2025-11-19 00:00:00,2.2171,2.2176,2.1927,2.2068,4494920.2
2025-11-19 01:00:00,2.2068,2.2177,2.197,2.2073,2660454.7
2025-11-19 02:00:00,2.2073,2.2196,2.201,2.2099,3961073.2
2025-11-19 03:00:00,2.21,2.2115,2.1811,2.1846,6046892.0
2025-11-19 04:00:00,2.1846,2.1881,2.1676,2.168,4745636.0
2025-11-19 05:00:00,2.1679,2.1719,2.127,2.1398,11672182.5
2025-11-19 06:00:00,2.1398,2.1523,2.1327,2.1508,7410984.6
2025-11-19 07:00:00,2.1509,2.1713,2.1469,2.1683,6183602.9
2025-11-19 08:00:00,2.1682,2.1705,2.1493,2.1538,5119072.6
2025-11-19 09:00:00,2.1537,2.1538,2.1298,2.1415,9226063.3
2025-11-19 10:00:00,2.1414,2.1505,2.132,2.1334,4520199.2
2025-11-19 11:00:00,2.1333,2.1451,2.13,2.1315,3557344.1
2025-11-19 12:00:00,2.1314,2.1435,2.1247,2.1415,5803582.9
2025-11-19 13:00:00,2.1415,2.1419,2.118,2.1229,5385938.2
2025-11-19 14:00:00,2.123,2.127,2.0978,2.1237,13827698.5
2025-11-19 15:00:00,2.1237,2.1494,2.0795,2.0859,17219090.5
2025-11-19 16:00:00,2.0858,2.1019,2.0723,2.0799,16804970.2
2025-11-19 17:00:00,2.0798,2.089,2.0422,2.0571,18577134.0
2025-11-19 18:00:00,2.057,2.0693,2.0341,2.0477,14652007.0
2025-11-19 19:00:00,2.0477,2.0498,2.0293,2.0369,16426463.8
2025-11-19 20:00:00,2.0369,2.0561,2.0244,2.0504,24353722.3
2025-11-19 21:00:00,2.0504,2.0966,2.0417,2.0923,21681143.3
2025-11-19 22:00:00,2.0923,2.0973,2.0705,2.0931,5759844.8
2025-11-19 23:00:00,2.0932,2.1164,2.0915,2.1098,7570594.9
2025-11-20 00:00:00,2.1097,2.1257,2.0963,2.1112,5889219.0
2025-11-20 01:00:00,2.1112,2.1339,2.1085,2.127,7534934.7
2025-11-20 02:00:00,2.1271,2.1387,2.1229,2.1309,5920764.1
2025-11-20 03:00:00,2.1309,2.1397,2.1293,2.1339,5299544.4
2025-11-20 04:00:00,2.134,2.1465,2.1187,2.1458,6482985.1
2025-11-20 05:00:00,2.1458,2.1498,2.1359,2.1423,4707887.9
2025-11-20 06:00:00,2.1424,2.148,2.1191,2.1299,5097779.3
2025-11-20 07:00:00,2.1299,2.1421,2.1239,2.1399,6166258.3
2025-11-20 08:00:00,2.14,2.1414,2.1262,2.1298,3502984.8
2025-11-20 09:00:00,2.1299,2.1301,2.1109,2.1192,6904551.0
2025-11-20 10:00:00,2.1193,2.1268,2.1126,2.121,5051560.7
2025-11-20 11:00:00,2.121,2.1217,2.1078,2.1158,6576370.0
2025-11-20 12:00:00,2.1158,2.1313,2.1101,2.1267,4684178.3
2025-11-20 13:00:00,2.1266,2.1439,2.1143,2.1217,13134592.2
2025-11-20 14:00:00,2.1218,2.1385,2.093,2.1232,18096423.3
2025-11-20 15:00:00,2.1233,2.125,2.0823,2.0855,12671374.0
2025-11-20 16:00:00,2.0854,2.0875,2.0,2.0094,49988732.4
2025-11-20 17:00:00,2.0093,2.0159,1.9808,2.0042,26797716.9
2025-11-20 18:00:00,2.0042,2.0143,1.9839,1.9882,25159811.0
2025-11-20 19:00:00,1.9882,2.0104,1.9743,2.0074,26371175.7
2025-11-20 20:00:00,2.0073,2.0209,1.9869,2.0036,24415479.8
2025-11-20 21:00:00,2.0035,2.0348,2.0029,2.0208,9007898.0
2025-11-20 22:00:00,2.0208,2.053,2.0197,2.0423,6641680.6
2025-11-20 23:00:00,2.0423,2.045,1.9967,1.9999,9128366.4
2025-11-21 00:00:00,1.9998,2.0226,1.9989,2.0163,5264115.3
2025-11-21 01:00:00,2.0163,2.0308,2.0056,2.0166,5018727.2
2025-11-21 02:00:00,2.0165,2.017,1.9581,1.9636,13476677.9
2025-11-21 03:00:00,1.9635,2.0011,1.9634,1.9798,11768962.2
2025-11-21 04:00:00,1.9797,1.9905,1.9569,1.9852,13091353.6
2025-11-21 05:00:00,1.9852,1.996,1.975,1.9806,6205927.1
2025-11-21 06:00:00,1.9806,1.985,1.9534,1.9682,7997371.0
2025-11-21 07:00:00,1.9682,1.9758,1.8467,1.9191,36151294.6
2025-11-21 08:00:00,1.9192,1.9567,1.9141,1.9324,14202295.5
2025-11-21 09:00:00,1.9325,1.9693,1.8997,1.903,25824291.1
2025-11-21 10:00:00,1.9029,1.9131,1.887,1.8977,15436490.4
2025-11-21 11:00:00,1.8977,1.9162,1.8741,1.8758,13641632.0
2025-11-21 12:00:00,1.8758,1.9233,1.8209,1.9089,43973733.6
2025-11-21 13:00:00,1.9089,1.9429,1.9024,1.9306,19960748.0
2025-11-21 14:00:00,1.9306,1.9657,1.916,1.9511,20017265.1
2025-11-21 15:00:00,1.9511,1.957,1.9039,1.9111,15266130.4
2025-11-21 16:00:00,1.9111,1.9582,1.8859,1.9566,15982007.9
2025-11-21 17:00:00,1.9566,1.9984,1.9501,1.9764,11937075.9
2025-11-21 18:00:00,1.9764,1.987,1.9306,1.9651,14765217.0
2025-11-21 19:00:00,1.965,1.9728,1.9412,1.9484,6253488.0
2025-11-21 20:00:00,1.9484,1.9539,1.9216,1.9436,11911189.7
2025-11-21 21:00:00,1.9435,1.9657,1.9234,1.9544,9029082.8
2025-11-21 22:00:00,1.9543,1.9625,1.9079,1.909,5895701.4
2025-11-21 23:00:00,1.909,1.9541,1.9,1.9509,5981413.9
2025-11-22 00:00:00,1.9509,1.9575,1.9313,1.9437,5019020.5
2025-11-22 01:00:00,1.9437,1.9611,1.9384,1.9611,3675031.6
2025-11-22 02:00:00,1.9611,1.9637,1.9377,1.9506,3631923.1
2025-11-22 03:00:00,1.9506,1.9592,1.9434,1.9488,3381969.7
2025-11-22 04:00:00,1.9489,1.9509,1.915,1.9364,4176811.1
2025-11-22 05:00:00,1.9365,1.9405,1.9136,1.9311,4191941.6
2025-11-22 06:00:00,1.9312,1.9569,1.9218,1.9545,4205468.5
2025-11-22 07:00:00,1.9545,1.9577,1.9434,1.9531,2630952.1
2025-11-22 08:00:00,1.9532,1.9532,1.9076,1.9151,7234423.4
2025-11-22 09:00:00,1.9151,1.9267,1.9028,1.9136,5405110.4
2025-11-22 10:00:00,1.9135,1.9219,1.8987,1.9022,5102262.7
2025-11-22 11:00:00,1.9022,1.9261,1.8947,1.9172,4424827.7
2025-11-22 12:00:00,1.9173,1.9178,1.8941,1.9039,3799083.1
2025-11-22 13:00:00,1.9039,1.9118,1.889,1.8973,3588696.2
2025-11-22 14:00:00,1.8972,1.9302,1.8959,1.9284,5253542.7
2025-11-22 15:00:00,1.9284,1.9393,1.9211,1.9291,4021241.3
2025-11-22 16:00:00,1.9291,1.9517,1.9274,1.9444,5899071.0
2025-11-22 17:00:00,1.9443,1.9452,1.9272,1.9302,3524614.0
2025-11-22 18:00:00,1.9303,1.9333,1.9217,1.9318,2126173.3
2025-11-22 19:00:00,1.9319,1.9398,1.9254,1.9278,1281362.1
2025-11-22 20:00:00,1.9277,1.9368,1.9203,1.9279,1698372.3
2025-11-22 21:00:00,1.9279,1.9373,1.9249,1.9365,1506801.9
2025-11-22 22:00:00,1.9364,1.9671,1.9293,1.9582,4113459.5
2025-11-22 23:00:00,1.9582,1.9614,1.9452,1.9509,2615495.8
2025-11-23 00:00:00,1.9508,1.9631,1.9497,1.96,2918908.1
2025-11-23 01:00:00,1.96,2.0055,1.9574,1.9999,8997711.8
2025-11-23 02:00:00,2.0,2.0505,1.9962,2.0319,14587199.0
2025-11-23 03:00:00,2.0319,2.0464,2.0226,2.0307,5237983.4
2025-11-23 04:00:00,2.0307,2.076,2.0302,2.0654,12095700.8
2025-11-23 05:00:00,2.0654,2.0655,2.039,2.0565,7654608.2
2025-11-23 06:00:00,2.0566,2.0592,2.0361,2.0367,4320395.9
2025-11-23 07:00:00,2.0367,2.0403,2.0165,2.0262,7090973.3
2025-11-23 08:00:00,2.0263,2.0397,2.0263,2.0378,2921457.7
2025-11-23 09:00:00,2.0378,2.0523,2.036,2.0464,3590067.4
2025-11-23 10:00:00,2.0464,2.0484,2.0319,2.0348,3038935.1
2025-11-23 11:00:00,2.0349,2.035,2.0225,2.0312,2679974.0
2025-11-23 12:00:00,2.0312,2.0499,2.0297,2.0424,4892120.7
2025-11-23 13:00:00,2.0425,2.0502,2.033,2.0492,3460780.1
2025-11-23 14:00:00,2.0491,2.063,2.0375,2.0399,7546422.5
2025-11-23 15:00:00,2.0399,2.0663,2.0361,2.0625,8528560.4
2025-11-23 16:00:00,2.0624,2.0803,2.0517,2.0539,6273204.4
2025-11-23 17:00:00,2.054,2.0572,2.0404,2.0463,3989440.4
2025-11-23 18:00:00,2.0462,2.0745,2.0454,2.0622,4829057.5
2025-11-23 19:00:00,2.0622,2.08,2.0579,2.0749,3793159.0
2025-11-23 20:00:00,2.0749,2.0846,2.0661,2.0686,4176764.4
2025-11-23 21:00:00,2.0687,2.0819,2.0549,2.0791,2876019.1
2025-11-23 22:00:00,2.0791,2.0831,2.0597,2.0748,3930636.1
2025-11-23 23:00:00,2.0748,2.0775,2.0425,2.0491,6594520.7
2025-11-24 00:00:00,2.0491,2.0675,2.0238,2.0475,8406499.4
2025-11-24 01:00:00,2.0474,2.0645,2.031,2.0579,4575666.4
2025-11-24 02:00:00,2.058,2.1077,2.0566,2.0918,9767133.5
2025-11-24 03:00:00,2.0917,2.0986,2.0766,2.0865,3705919.2
2025-11-24 04:00:00,2.0865,2.0878,2.0455,2.0581,4275924.6
2025-11-24 05:00:00,2.058,2.1032,2.056,2.0905,7912579.4
2025-11-24 06:00:00,2.0906,2.0927,2.0639,2.0718,3640803.1
2025-11-24 07:00:00,2.0718,2.0761,2.059,2.0635,3050680.5
2025-11-24 08:00:00,2.0635,2.0775,2.0546,2.0739,3613461.4
2025-11-24 09:00:00,2.0739,2.0786,2.0387,2.0438,8733153.1
2025-11-24 10:00:00,2.0438,2.0654,2.043,2.0602,3781298.3
2025-11-24 11:00:00,2.0603,2.0642,2.051,2.0587,1945197.1
2025-11-24 12:00:00,2.0587,2.0695,2.0484,2.0651,3837527.1
2025-11-24 13:00:00,2.065,2.102,2.0627,2.0842,11700934.9
2025-11-24 14:00:00,2.0842,2.1027,2.0498,2.0749,12647790.1
2025-11-24 15:00:00,2.075,2.0973,2.0678,2.0908,8007012.4
2025-11-24 16:00:00,2.0907,2.1213,2.0872,2.1181,10591534.3
2025-11-24 17:00:00,2.1182,2.2105,2.1182,2.2063,24678042.7
2025-11-24 18:00:00,2.2063,2.2295,2.1854,2.2184,17938670.9
2025-11-24 19:00:00,2.2185,2.2389,2.214,2.235,10778951.0
2025-11-24 20:00:00,2.235,2.2868,2.2314,2.2443,20309464.0
2025-11-24 21:00:00,2.2442,2.258,2.2325,2.2416,11381419.2
2025-11-24 22:00:00,2.2415,2.2584,2.234,2.2406,6520012.6
2025-11-24 23:00:00,2.2405,2.2482,2.2213,2.2276,7707844.9
2025-11-25 00:00:00,2.2276,2.2652,2.2257,2.2601,8795119.8
2025-11-25 01:00:00,2.2601,2.2629,2.2455,2.2484,5399154.3
2025-11-25 02:00:00,2.2485,2.255,2.2326,2.2515,4868684.5
2025-11-25 03:00:00,2.2515,2.26,2.2359,2.2435,4353695.2
2025-11-25 04:00:00,2.2434,2.2508,2.2348,2.2474,4307095.2
2025-11-25 05:00:00,2.2474,2.2587,2.2402,2.2515,3826094.1
2025-11-25 06:00:00,2.2515,2.2535,2.2328,2.2377,3427602.7
2025-11-25 07:00:00,2.2376,2.2432,2.216,2.2164,4389125.0
2025-11-25 08:00:00,2.2165,2.2209,2.187,2.1898,13664190.8
2025-11-25 09:00:00,2.1898,2.2071,2.1855,2.1997,7985755.6
2025-11-25 10:00:00,2.1996,2.2102,2.1901,2.2087,5911820.6
2025-11-25 11:00:00,2.2086,2.2103,2.1931,2.196,3684127.7
2025-11-25 12:00:00,2.1961,2.2197,2.1948,2.2189,6062126.0
2025-11-25 13:00:00,2.2188,2.2357,2.2066,2.2135,7899409.2
2025-11-25 14:00:00,2.2135,2.2176,2.17,2.1787,12287977.0
2025-11-25 15:00:00,2.1788,2.1969,2.1589,2.1884,11453049.1
2025-11-25 16:00:00,2.1883,2.2099,2.1778,2.1932,6210062.1
2025-11-25 17:00:00,2.1931,2.2084,2.1805,2.1898,6007665.5
2025-11-25 18:00:00,2.1898,2.204,2.18,2.1829,3735250.4
2025-11-25 19:00:00,2.183,2.1863,2.1482,2.1722,7598058.1
2025-11-25 20:00:00,2.1723,2.215,2.1655,2.1967,9554544.7
2025-11-25 21:00:00,2.1968,2.2096,2.186,2.1867,4486126.6
2025-11-25 22:00:00,2.1867,2.2105,2.1699,2.2087,5141838.5
2025-11-25 23:00:00,2.2087,2.2175,2.1976,2.2024,3868358.6
2025-11-26 00:00:00,2.2023,2.2092,2.1917,2.1944,3101198.4
2025-11-26 01:00:00,2.1943,2.2139,2.188,2.2034,2869852.4
2025-11-26 02:00:00,2.2035,2.2087,2.1908,2.1914,2328170.1
2025-11-26 03:00:00,2.1914,2.1952,2.1735,2.1768,3592466.0
2025-11-26 04:00:00,2.1768,2.1798,2.1711,2.1767,2859714.1
2025-11-26 05:00:00,2.1767,2.1998,2.1761,2.1927,2406796.9
2025-11-26 06:00:00,2.1927,2.2043,2.1853,2.1993,1767076.4
2025-11-26 07:00:00,2.1993,2.2066,2.1954,2.2054,2497418.3
2025-11-26 08:00:00,2.2055,2.207,2.1886,2.189,2212952.0
2025-11-26 09:00:00,2.189,2.1909,2.1731,2.1786,4748265.7
2025-11-26 10:00:00,2.1786,2.1856,2.1693,2.1742,3799039.8
2025-11-26 11:00:00,2.1743,2.1757,2.1691,2.1714,2769122.5
2025-11-26 12:00:00,2.1714,2.1764,2.146,2.1516,5979033.8
2025-11-26 13:00:00,2.1515,2.1676,2.1447,2.1653,6428723.2
2025-11-26 14:00:00,2.1652,2.1805,2.1484,2.1529,5808205.0
2025-11-26 15:00:00,2.1529,2.1771,2.1507,2.172,10446823.0
2025-11-26 16:00:00,2.1721,2.2006,2.1712,2.1905,9028074.0
2025-11-26 17:00:00,2.1906,2.2403,2.1901,2.2343,10905964.9
2025-11-26 18:00:00,2.2343,2.2547,2.2243,2.2423,9110456.7
2025-11-26 19:00:00,2.2423,2.243,2.2249,2.2324,5010139.2
2025-11-26 20:00:00,2.2323,2.233,2.212,2.2266,4904690.2
2025-11-26 21:00:00,2.2266,2.2358,2.2176,2.2255,3179663.9
2025-11-26 22:00:00,2.2255,2.2342,2.2202,2.2244,2606588.5
2025-11-26 23:00:00,2.2243,2.2319,2.2198,2.2233,1876767.3
2025-11-27 00:00:00,2.2232,2.2334,2.2132,2.2212,2810018.4
2025-11-27 01:00:00,2.2212,2.2301,2.2164,2.2272,2870530.9
2025-11-27 02:00:00,2.2271,2.2347,2.219,2.2197,5290518.1
2025-11-27 03:00:00,2.2198,2.2243,2.207,2.2102,4336058.4
2025-11-27 04:00:00,2.2101,2.2213,2.2092,2.2134,2713013.7
2025-11-27 05:00:00,2.2134,2.2192,2.1952,2.2003,5386975.6
2025-11-27 06:00:00,2.2004,2.2157,2.2003,2.2096,3227988.4
2025-11-27 07:00:00,2.2096,2.2142,2.2027,2.2047,2664439.3
2025-11-27 08:00:00,2.2047,2.2052,2.1892,2.1997,3111130.5
2025-11-27 09:00:00,2.1997,2.2095,2.1967,2.198,3187118.0
2025-11-27 10:00:00,2.1981,2.1984,2.1845,2.1892,4066948.0
2025-11-27 11:00:00,2.1892,2.1933,2.1855,2.1896,3107246.5
2025-11-27 12:00:00,2.1895,2.1918,2.1732,2.1751,4708265.9
2025-11-27 13:00:00,2.175,2.1838,2.1727,2.1807,3713260.5
2025-11-27 14:00:00,2.1808,2.1886,2.1768,2.1834,3720406.3
2025-11-27 15:00:00,2.1833,2.2034,2.1803,2.2028,3995605.5
2025-11-27 16:00:00,2.2028,2.2191,2.1984,2.2175,4558175.9
2025-11-27 17:00:00,2.2174,2.2176,2.202,2.2079,2678788.5
2025-11-27 18:00:00,2.2079,2.231,2.206,2.2293,3750984.0
2025-11-27 19:00:00,2.2293,2.2309,2.2158,2.2239,2655916.4
2025-11-27 20:00:00,2.2238,2.2337,2.223,2.2267,2630492.4
2025-11-27 21:00:00,2.2266,2.2291,2.2128,2.2132,2280484.0
2025-11-27 22:00:00,2.2132,2.2195,2.1979,2.2054,2749318.8
2025-11-27 23:00:00,2.2053,2.2105,2.196,2.1999,2477536.6
2025-11-28 00:00:00,2.2,2.2044,2.1912,2.1921,2984024.7
2025-11-28 01:00:00,2.1922,2.1933,2.1664,2.1719,5820978.6
2025-11-28 02:00:00,2.1719,2.1873,2.1674,2.1851,2880962.7
2025-11-28 03:00:00,2.1852,2.189,2.1793,2.1856,2941665.4
2025-11-28 04:00:00,2.1856,2.1939,2.1812,2.1905,2797960.3
2025-11-28 05:00:00,2.1905,2.2222,2.1885,2.2142,3414862.9
2025-11-28 06:00:00,2.2142,2.22,2.1959,2.2007,3881474.7
2025-11-28 07:00:00,2.2007,2.2113,2.1953,2.1968,3373594.6
2025-11-28 08:00:00,2.1969,2.2448,2.1968,2.2436,7911435.6
2025-11-28 09:00:00,2.2436,2.2496,2.2254,2.2327,11737262.4
2025-11-28 10:00:00,2.2327,2.2327,2.2192,2.2248,2679226.4
2025-11-28 11:00:00,2.2249,2.2253,2.185,2.1972,6871924.4
2025-11-28 12:00:00,2.1971,2.2029,2.1935,2.1961,3337510.3
2025-11-28 13:00:00,2.1961,2.2303,2.1893,2.2221,5830692.2
2025-11-28 14:00:00,2.2221,2.2327,2.2005,2.2149,9148654.3
2025-11-28 15:00:00,2.2148,2.2752,2.2136,2.2453,19188542.9
2025-11-28 16:00:00,2.2454,2.2517,2.19,2.191,11454134.3
2025-11-28 17:00:00,2.1911,2.1959,2.1663,2.1755,10761265.2
2025-11-28 18:00:00,2.1754,2.1796,2.1565,2.1721,6862610.9
2025-11-28 19:00:00,2.1722,2.1965,2.1716,2.1882,4663249.2
2025-11-28 20:00:00,2.1881,2.192,2.173,2.1885,3339505.9
2025-11-28 21:00:00,2.1886,2.1918,2.1756,2.1829,4044683.4
2025-11-28 22:00:00,2.1829,2.19,2.172,2.1872,3431765.0
2025-11-28 23:00:00,2.1871,2.1907,2.1784,2.1795,1534882.6
2025-11-29 00:00:00,2.1795,2.187,2.1736,2.1811,1588329.4
2025-11-29 01:00:00,2.181,2.1872,2.175,2.178,1131237.4
2025-11-29 02:00:00,2.178,2.1838,2.1726,2.1802,1190920.3
2025-11-29 03:00:00,2.1802,2.1881,2.1786,2.1859,1537495.4
2025-11-29 04:00:00,2.1859,2.1898,2.18,2.1887,1297631.0
2025-11-29 05:00:00,2.1888,2.1897,2.1789,2.1814,985991.5
2025-11-29 06:00:00,2.1814,2.1887,2.1666,2.1838,3327675.7
2025-11-29 07:00:00,2.1837,2.1858,2.1738,2.1797,1957993.8
2025-11-29 08:00:00,2.1796,2.1839,2.1741,2.1813,1324094.0
2025-11-29 09:00:00,2.1812,2.1848,2.1762,2.1841,1006333.4
2025-11-29 10:00:00,2.1841,2.1879,2.1786,2.1862,1284344.1
2025-11-29 11:00:00,2.1862,2.2147,2.1837,2.2112,4447868.0
2025-11-29 12:00:00,2.2113,2.2231,2.2041,2.2136,4349604.8
2025-11-29 13:00:00,2.2135,2.2149,2.1974,2.1998,5114259.6
2025-11-29 14:00:00,2.1999,2.2115,2.1922,2.2032,3435695.6
2025-11-29 15:00:00,2.2031,2.2212,2.202,2.2186,4360396.0
2025-11-29 16:00:00,2.2187,2.2217,2.2057,2.2165,4065502.3
2025-11-29 17:00:00,2.2165,2.219,2.1973,2.1983,3085506.3
2025-11-29 18:00:00,2.1983,2.2045,2.1898,2.2007,3751032.0
2025-11-29 19:00:00,2.2007,2.2127,2.1912,2.194,2250242.2
2025-11-29 20:00:00,2.194,2.2099,2.1872,2.2091,1570723.7
2025-11-29 21:00:00,2.209,2.2149,2.2038,2.2065,1927007.5
2025-11-29 22:00:00,2.2065,2.2091,2.1983,2.2021,1152187.2
2025-11-29 23:00:00,2.2021,2.206,2.1968,2.2009,884712.9
2025-11-30 00:00:00,2.201,2.2052,2.1979,2.1999,1349651.7
2025-11-30 01:00:00,2.2,2.2105,2.1985,2.2058,941102.9
2025-11-30 02:00:00,2.2059,2.2126,2.1964,2.1984,1098265.1
2025-11-30 03:00:00,2.1984,2.2109,2.1882,2.2064,2903835.5
2025-11-30 04:00:00,2.2065,2.2093,2.1975,2.1994,1035775.9
2025-11-30 05:00:00,2.1994,2.1994,2.1915,2.1954,1025200.1
2025-11-30 06:00:00,2.1955,2.2,2.1914,2.1947,887723.6
2025-11-30 07:00:00,2.1946,2.2015,2.1922,2.1994,669305.5
2025-11-30 08:00:00,2.1993,2.2099,2.1906,2.1917,2031556.0
2025-11-30 09:00:00,2.1917,2.1983,2.1892,2.1966,2477295.7
2025-11-30 10:00:00,2.1966,2.197,2.1881,2.1899,1926811.9
2025-11-30 11:00:00,2.1899,2.1928,2.1824,2.1881,2320556.0
2025-11-30 12:00:00,2.1881,2.2021,2.1846,2.1971,1676466.0
2025-11-30 13:00:00,2.1971,2.2079,2.1937,2.2054,3265771.2
2025-11-30 14:00:00,2.2053,2.2058,2.1894,2.1941,2490090.1
2025-11-30 15:00:00,2.1941,2.1976,2.186,2.1966,3037656.7
2025-11-30 16:00:00,2.1966,2.215,2.1958,2.2099,2148500.8
2025-11-30 17:00:00,2.2098,2.2104,2.1969,2.2016,1758717.6
2025-11-30 18:00:00,2.2015,2.2067,2.1955,2.2035,937141.2
2025-11-30 19:00:00,2.2034,2.2069,2.1968,2.1995,869044.0
2025-11-30 20:00:00,2.1995,2.2035,2.1887,2.1964,1563801.9
2025-11-30 21:00:00,2.1963,2.1963,2.1786,2.1869,3230113.6
2025-11-30 22:00:00,2.1869,2.1969,2.186,2.1924,1580587.6
2025-11-30 23:00:00,2.1924,2.1935,2.1524,2.155,11257918.3
2025-12-01 00:00:00,2.1549,2.1609,2.0575,2.0576,30341752.3
2025-12-01 01:00:00,2.0576,2.0929,2.057,2.0784,6694311.5
2025-12-01 02:00:00,2.0783,2.0879,2.0564,2.0637,6240910.2
2025-12-01 03:00:00,2.0637,2.0653,2.0417,2.0499,7916455.9
2025-12-01 04:00:00,2.0499,2.0537,2.0285,2.0298,7401670.8
2025-12-01 05:00:00,2.0298,2.0369,2.0168,2.0282,5909371.1
2025-12-01 06:00:00,2.0282,2.0496,2.0278,2.0474,7704702.2
2025-12-01 07:00:00,2.0474,2.0589,2.033,2.0568,5814204.9
2025-12-01 08:00:00,2.0567,2.0595,2.0478,2.0571,4722809.6
2025-12-01 09:00:00,2.057,2.0606,2.0433,2.0462,3224363.8
2025-12-01 10:00:00,2.0462,2.0485,2.0376,2.0422,2564616.5
2025-12-01 11:00:00,2.0422,2.0464,2.0316,2.034,3092431.4
2025-12-01 12:00:00,2.034,2.0362,2.0021,2.0279,8764651.1
2025-12-01 13:00:00,2.0279,2.0369,2.0093,2.0202,5058272.3
2025-12-01 14:00:00,2.0203,2.0492,2.0142,2.0314,7011991.1
2025-12-01 15:00:00,2.0315,2.0355,1.9835,2.0073,12586404.2
2025-12-01 16:00:00,2.0073,2.0098,1.9866,1.9911,6529727.7
2025-12-01 17:00:00,1.9911,2.0045,1.988,1.9951,4489663.8
2025-12-01 18:00:00,1.9951,2.0127,1.994,2.0046,3131217.7
2025-12-01 19:00:00,2.0045,2.0052,1.987,1.9949,2474922.4
2025-12-01 20:00:00,1.9948,2.0268,1.9939,2.0119,5190274.3
2025-12-01 21:00:00,2.012,2.0447,2.0107,2.0264,11048594.2
2025-12-01 22:00:00,2.0264,2.0425,2.0179,2.0331,12965328.1
2025-12-01 23:00:00,2.0331,2.0427,2.0292,2.0297,3040906.0
2025-12-02 00:00:00,2.0297,2.0309,2.0125,2.0214,4296573.1
2025-12-02 01:00:00,2.0213,2.0437,2.016,2.0177,3398413.4
2025-12-02 02:00:00,2.0177,2.0316,2.0096,2.0217,3364710.8
2025-12-02 03:00:00,2.0217,2.0264,2.0021,2.0207,5198475.8
2025-12-02 04:00:00,2.0207,2.0279,2.0148,2.0156,4990744.5
2025-12-02 05:00:00,2.0156,2.02,2.0095,2.0165,1538258.7
2025-12-02 06:00:00,2.0164,2.0258,2.0094,2.0236,2303691.0
2025-12-02 07:00:00,2.0237,2.0243,2.0105,2.0171,1323902.4
2025-12-02 08:00:00,2.0172,2.0177,1.995,2.0024,4483231.8
2025-12-02 09:00:00,2.0024,2.02,2.0017,2.012,2011981.6
2025-12-02 10:00:00,2.0119,2.0387,2.0118,2.0282,3350337.0
2025-12-02 11:00:00,2.0282,2.0418,2.0254,2.0369,3273780.3
2025-12-02 12:00:00,2.0368,2.0423,2.0266,2.0401,3871237.1
2025-12-02 13:00:00,2.0401,2.0482,2.0341,2.0443,4712227.4
2025-12-02 14:00:00,2.0444,2.0929,2.0407,2.0928,12338659.3
2025-12-02 15:00:00,2.0928,2.1653,2.091,2.1554,19880833.6
2025-12-02 16:00:00,2.1554,2.1625,2.1344,2.1468,10534236.1
2025-12-02 17:00:00,2.1468,2.1783,2.1445,2.1698,7311522.5
2025-12-02 18:00:00,2.1698,2.1804,2.1653,2.1748,7363740.0
2025-12-02 19:00:00,2.1748,2.1831,2.1692,2.1743,4141800.5
2025-12-02 20:00:00,2.1742,2.1777,2.1473,2.1649,11345275.4
2025-12-02 21:00:00,2.1649,2.1766,2.1626,2.167,4425216.1
2025-12-02 22:00:00,2.1671,2.1735,2.1633,2.1693,2602947.7
2025-12-02 23:00:00,2.1694,2.1726,2.1521,2.1532,4402512.8
2025-12-03 00:00:00,2.1531,2.158,2.1414,2.1526,5818457.9
2025-12-03 01:00:00,2.1527,2.167,2.1479,2.161,3271260.3
2025-12-03 02:00:00,2.1611,2.1906,2.1598,2.1833,6220673.4
2025-12-03 03:00:00,2.1833,2.1912,2.174,2.1762,2292591.7
2025-12-03 04:00:00,2.1763,2.1998,2.1731,2.1991,5183430.7
2025-12-03 05:00:00,2.1991,2.219,2.1983,2.203,5522827.8
2025-12-03 06:00:00,2.203,2.2145,2.1912,2.1941,7343197.5
2025-12-03 07:00:00,2.1941,2.2059,2.1898,2.1914,7306307.5
2025-12-03 08:00:00,2.1914,2.1955,2.1861,2.1878,3021781.9
2025-12-03 09:00:00,2.1878,2.1894,2.1784,2.1836,3200511.9
2025-12-03 10:00:00,2.1836,2.1903,2.1725,2.1738,2606113.0
2025-12-03 11:00:00,2.1739,2.1779,2.1668,2.1764,3223557.1
2025-12-03 12:00:00,2.1764,2.1803,2.171,2.1779,2415751.2
2025-12-03 13:00:00,2.1778,2.1832,2.1727,2.1766,2339584.7
2025-12-03 14:00:00,2.1767,2.1993,2.1425,2.168,13087889.6
2025-12-03 15:00:00,2.1681,2.1836,2.1567,2.1689,5647461.3
2025-12-03 16:00:00,2.1689,2.181,2.1582,2.1686,5003753.9
2025-12-03 17:00:00,2.1686,2.1869,2.1667,2.1844,3302355.6
2025-12-03 18:00:00,2.1844,2.193,2.1684,2.1731,3272614.8
2025-12-03 19:00:00,2.1731,2.1865,2.1718,2.1863,2397088.7
2025-12-03 20:00:00,2.1863,2.2031,2.1823,2.1986,3857939.9
2025-12-03 21:00:00,2.1986,2.2105,2.1955,2.2084,6500910.5
2025-12-03 22:00:00,2.2083,2.2141,2.1948,2.2035,5600777.2
2025-12-03 23:00:00,2.2036,2.2143,2.1961,2.1976,3071036.3
2025-12-04 00:00:00,2.1976,2.2062,2.1869,2.1952,4269512.5
2025-12-04 01:00:00,2.1952,2.2146,2.1931,2.1931,2843785.0
2025-12-04 02:00:00,2.1931,2.2088,2.1917,2.202,1791114.7
2025-12-04 03:00:00,2.2019,2.2064,2.1931,2.195,2066334.6
2025-12-04 04:00:00,2.195,2.2,2.1844,2.1874,2963190.8
2025-12-04 05:00:00,2.1874,2.1885,2.1715,2.1767,4191923.9
2025-12-04 06:00:00,2.1768,2.1853,2.1749,2.1805,2810239.9
2025-12-04 07:00:00,2.1805,2.1806,2.1657,2.1725,4232665.4
2025-12-04 08:00:00,2.1725,2.1789,2.1607,2.1634,2856415.5
2025-12-04 09:00:00,2.1634,2.1751,2.1631,2.1707,2397426.0
2025-12-04 10:00:00,2.1707,2.1728,2.1565,2.1585,2867376.5
2025-12-04 11:00:00,2.1585,2.1589,2.1426,2.151,5335201.8
2025-12-04 12:00:00,2.1511,2.155,2.1385,2.1461,4651696.8
2025-12-04 13:00:00,2.1462,2.1509,2.1254,2.1259,8060217.2
2025-12-04 14:00:00,2.1259,2.1388,2.1143,2.1197,6896093.9
2025-12-04 15:00:00,2.1196,2.1576,2.1194,2.1529,6500943.7
2025-12-04 16:00:00,2.153,2.1581,2.1326,2.1379,5478390.4
2025-12-04 17:00:00,2.1379,2.1395,2.1167,2.128,4270435.8
2025-12-04 18:00:00,2.1281,2.1288,2.0981,2.1036,7904161.3
2025-12-04 19:00:00,2.1036,2.1055,2.0691,2.0975,8360448.0
2025-12-04 20:00:00,2.0975,2.1092,2.0864,2.1052,4154459.4
2025-12-04 21:00:00,2.1052,2.1108,2.0888,2.0909,2582964.5
2025-12-04 22:00:00,2.0909,2.1051,2.0909,2.0979,2225012.1
2025-12-04 23:00:00,2.098,2.1001,2.0919,2.096,1382507.9
2025-12-05 00:00:00,2.096,2.113,2.0946,2.1044,2549250.6
2025-12-05 01:00:00,2.1043,2.1122,2.1033,2.1055,2283446.6
2025-12-05 02:00:00,2.1054,2.112,2.102,2.1038,1969608.2
2025-12-05 03:00:00,2.1037,2.1071,2.0876,2.0909,2532996.7
2025-12-05 04:00:00,2.0909,2.0986,2.0788,2.0857,2982233.1
2025-12-05 05:00:00,2.0857,2.0881,2.0764,2.0817,1957678.5
2025-12-05 06:00:00,2.0817,2.0899,2.0817,2.0895,1794615.5
2025-12-05 07:00:00,2.0894,2.0986,2.0872,2.0933,2121812.4
2025-12-05 08:00:00,2.0933,2.0936,2.0756,2.079,2727660.7
2025-12-05 09:00:00,2.0789,2.0791,2.0541,2.0577,5064997.3
2025-12-05 10:00:00,2.0577,2.0698,2.0548,2.0618,2732464.7
2025-12-05 11:00:00,2.0619,2.0712,2.055,2.069,6807950.8
2025-12-05 12:00:00,2.069,2.0744,2.0654,2.0681,2484717.9
2025-12-05 13:00:00,2.0682,2.0767,2.0575,2.0657,4257490.5
2025-12-05 14:00:00,2.0657,2.0736,2.0567,2.0659,3665257.8
2025-12-05 15:00:00,2.0659,2.0999,2.0658,2.076,9283286.9
2025-12-05 16:00:00,2.076,2.0777,2.0179,2.0338,13402732.5
2025-12-05 17:00:00,2.0337,2.0449,2.0171,2.0357,8373108.2
2025-12-05 18:00:00,2.0356,2.0478,2.0158,2.0188,5339453.5
2025-12-05 19:00:00,2.0189,2.0425,2.0125,2.0374,4628023.7
2025-12-05 20:00:00,2.0373,2.0376,2.0226,2.0232,2981652.8
2025-12-05 21:00:00,2.0232,2.0328,2.0201,2.0281,2239693.6
2025-12-05 22:00:00,2.0281,2.0365,2.0197,2.0319,1814663.1
2025-12-05 23:00:00,2.032,2.0379,2.0231,2.0344,1343287.3
2025-12-06 00:00:00,2.0344,2.0347,2.0178,2.0335,3429900.8
2025-12-06 01:00:00,2.0334,2.0393,2.0268,2.0305,1603704.3
2025-12-06 02:00:00,2.0306,2.0333,2.0254,2.0327,1185456.2
2025-12-06 03:00:00,2.0327,2.0424,2.0324,2.0388,1144877.6
2025-12-06 04:00:00,2.0389,2.0416,2.0343,2.0411,1108295.1
2025-12-06 05:00:00,2.041,2.0447,2.0362,2.0438,1317155.7
2025-12-06 06:00:00,2.0438,2.0504,2.035,2.0357,1909806.6
2025-12-06 07:00:00,2.0356,2.0391,2.0281,2.0303,2048094.2
2025-12-06 08:00:00,2.0304,2.0308,2.0154,2.0175,2824910.0
2025-12-06 09:00:00,2.0175,2.0287,2.0175,2.0259,2118318.5
2025-12-06 10:00:00,2.0259,2.0298,2.0219,2.0246,1344886.7
2025-12-06 11:00:00,2.0245,2.0332,2.0231,2.0321,1754030.9
2025-12-06 12:00:00,2.0321,2.0343,2.0263,2.0304,1409538.7
2025-12-06 13:00:00,2.0305,2.0394,2.0301,2.0311,2400935.5
2025-12-06 14:00:00,2.0311,2.0474,2.0293,2.0395,4209039.6
2025-12-06 15:00:00,2.0396,2.0407,2.0221,2.0299,2948394.5
2025-12-06 16:00:00,2.0298,2.0392,2.0276,2.0354,1417266.2
2025-12-06 17:00:00,2.0354,2.0377,2.0284,2.0334,1239332.0
2025-12-06 18:00:00,2.0334,2.0381,2.0293,2.031,1024414.8
2025-12-06 19:00:00,2.031,2.0337,2.0204,2.0255,2377800.1
2025-12-06 20:00:00,2.0255,2.0321,2.0229,2.0305,1097077.2
2025-12-06 21:00:00,2.0304,2.0372,2.029,2.0334,1632161.8
2025-12-06 22:00:00,2.0334,2.036,2.0275,2.0282,791406.2
2025-12-06 23:00:00,2.0282,2.0347,2.024,2.0309,1232221.6
2025-12-07 00:00:00,2.031,2.0394,2.0295,2.0373,1107892.8
2025-12-07 01:00:00,2.0374,2.0429,2.034,2.0341,1061696.2
2025-12-07 02:00:00,2.034,2.0494,2.034,2.0482,1128101.5
2025-12-07 03:00:00,2.0483,2.0723,2.0475,2.0685,3087218.8
2025-12-07 04:00:00,2.0685,2.0738,2.0523,2.0531,1934330.9
2025-12-07 05:00:00,2.0531,2.0568,2.0454,2.0485,1577580.5
2025-12-07 06:00:00,2.0485,2.0527,2.044,2.0464,751728.9
2025-12-07 07:00:00,2.0463,2.0493,2.0283,2.0309,2063177.8
2025-12-07 08:00:00,2.0309,2.0362,2.025,2.0305,1667140.9
2025-12-07 09:00:00,2.0306,2.0361,2.0244,2.0286,1710453.8
2025-12-07 10:00:00,2.0286,2.0356,2.0266,2.0309,1076753.9
2025-12-07 11:00:00,2.0309,2.0346,2.0284,2.0338,775401.3
2025-12-07 12:00:00,2.0338,2.0507,2.0321,2.0469,1571637.5
2025-12-07 13:00:00,2.0469,2.0479,2.0262,2.0312,1921582.3
2025-12-07 14:00:00,2.0313,2.0323,1.9894,1.9991,14616932.9
2025-12-07 15:00:00,1.9991,2.0557,1.9985,2.0527,6862868.5
2025-12-07 16:00:00,2.0527,2.0588,2.0381,2.058,4526388.6
2025-12-07 17:00:00,2.058,2.0962,2.0518,2.0875,9836567.3
2025-12-07 18:00:00,2.0875,2.1109,2.0875,2.1035,5298695.4
2025-12-07 19:00:00,2.1036,2.1075,2.0841,2.0871,3810077.4
2025-12-07 20:00:00,2.0872,2.0937,2.0791,2.0847,2619302.0
2025-12-07 21:00:00,2.0847,2.0848,2.0354,2.0491,4773535.4
2025-12-07 22:00:00,2.049,2.0492,2.0123,2.0291,7676739.9
2025-12-07 23:00:00,2.029,2.0453,2.0231,2.0442,2331055.3
2025-12-08 00:00:00,2.0442,2.0493,2.0319,2.045,2694844.6
2025-12-08 01:00:00,2.0449,2.0912,2.0442,2.068,5351644.4
2025-12-08 02:00:00,2.0681,2.0778,2.0586,2.074,2219934.9
2025-12-08 03:00:00,2.074,2.0773,2.0643,2.0719,2144502.3
2025-12-08 04:00:00,2.072,2.0865,2.0701,2.0742,2090724.2
2025-12-08 05:00:00,2.0742,2.083,2.0697,2.0784,1316021.2
2025-12-08 06:00:00,2.0784,2.0847,2.0724,2.0802,1622176.2
2025-12-08 07:00:00,2.0801,2.0946,2.0786,2.0866,2649510.6
2025-12-08 08:00:00,2.0865,2.0948,2.0811,2.0912,2325039.4
2025-12-08 09:00:00,2.0911,2.1239,2.0901,2.101,7250197.3
2025-12-08 10:00:00,2.1009,2.1063,2.096,2.0984,2837439.0
2025-12-08 11:00:00,2.0984,2.0995,2.0873,2.0904,3689712.4
2025-12-08 12:00:00,2.0904,2.0974,2.0849,2.0952,3021725.5
2025-12-08 13:00:00,2.0952,2.102,2.0893,2.0985,3560635.3
2025-12-08 14:00:00,2.0986,2.1119,2.0831,2.0839,13796771.4
2025-12-08 15:00:00,2.084,2.0935,2.0674,2.0756,11298415.2
2025-12-08 16:00:00,2.0756,2.0875,2.0658,2.0731,4031829.0
2025-12-08 17:00:00,2.0731,2.084,2.0652,2.0788,2938139.8
2025-12-08 18:00:00,2.0788,2.0865,2.0628,2.0682,2401281.0
2025-12-08 19:00:00,2.0682,2.0843,2.0676,2.0779,1601346.0
2025-12-08 20:00:00,2.0779,2.0941,2.0764,2.0874,3141285.9
2025-12-08 21:00:00,2.0875,2.0915,2.0737,2.088,3510552.1
2025-12-08 22:00:00,2.0881,2.089,2.0745,2.0797,1275246.1
2025-12-08 23:00:00,2.0797,2.0813,2.0695,2.0724,1280817.1
2025-12-09 00:00:00,2.0723,2.0827,2.0687,2.0716,1182608.0
2025-12-09 01:00:00,2.0716,2.0756,2.0585,2.0627,1937032.2
2025-12-09 02:00:00,2.0627,2.0704,2.0607,2.061,1708238.5
2025-12-09 03:00:00,2.0611,2.0712,2.0568,2.0698,2597850.0
2025-12-09 04:00:00,2.0698,2.0707,2.0531,2.0544,3090845.6
2025-12-09 05:00:00,2.0543,2.0595,2.049,2.0503,2157419.6
2025-12-09 06:00:00,2.0504,2.0562,2.0419,2.0498,2463298.9
2025-12-09 07:00:00,2.0498,2.0624,2.0471,2.0615,1712580.9
2025-12-09 08:00:00,2.0615,2.066,2.057,2.0631,2290476.3
2025-12-09 09:00:00,2.063,2.0636,2.0566,2.0582,1237894.0
2025-12-09 10:00:00,2.0581,2.0612,2.0459,2.0553,1658035.2
2025-12-09 11:00:00,2.0553,2.0706,2.0518,2.0689,1464837.3
2025-12-09 12:00:00,2.069,2.086,2.0669,2.084,2922871.7
2025-12-09 13:00:00,2.084,2.0859,2.0642,2.0664,2366223.9
2025-12-09 14:00:00,2.0664,2.0731,2.049,2.0553,5516324.1
2025-12-09 15:00:00,2.0553,2.12,2.0534,2.1156,12274756.8
2025-12-09 16:00:00,2.1155,2.1747,2.1154,2.165,19647427.2
2025-12-09 17:00:00,2.1651,2.178,2.1415,2.1493,14703321.7
2025-12-09 18:00:00,2.1494,2.158,2.1391,2.1477,7172188.4
2025-12-09 19:00:00,2.1478,2.1487,2.129,2.1328,6712329.8
2025-12-09 20:00:00,2.1328,2.1344,2.097,2.1135,9132698.3
2025-12-09 21:00:00,2.1134,2.1168,2.0854,2.0991,4742637.3
2025-12-09 22:00:00,2.0992,2.118,2.0961,2.1105,3398329.1
2025-12-09 23:00:00,2.1105,2.1136,2.1059,2.1062,1769430.2
2025-12-10 00:00:00,2.1061,2.1099,2.089,2.0896,2616745.5
2025-12-10 01:00:00,2.0895,2.0959,2.0868,2.0892,2358782.5
2025-12-10 02:00:00,2.0891,2.0935,2.0817,2.088,2319087.1
2025-12-10 03:00:00,2.0879,2.0884,2.082,2.0835,2462081.8
2025-12-10 04:00:00,2.0834,2.0966,2.0797,2.0904,3890396.6
2025-12-10 05:00:00,2.0903,2.0939,2.0837,2.0883,2942546.8
2025-12-10 06:00:00,2.0884,2.0896,2.0832,2.0862,2373770.0
2025-12-10 07:00:00,2.0862,2.0862,2.0763,2.0843,3762159.5
2025-12-10 08:00:00,2.0844,2.0853,2.0774,2.078,2484920.4
2025-12-10 09:00:00,2.0779,2.0896,2.0715,2.0887,4652060.3
2025-12-10 10:00:00,2.0887,2.0983,2.0669,2.0696,8773156.9
2025-12-10 11:00:00,2.0696,2.0752,2.0637,2.0717,3789185.5
2025-12-10 12:00:00,2.0717,2.0726,2.059,2.0643,4344172.7
2025-12-10 13:00:00,2.0643,2.0696,2.06,2.0648,4678445.5
2025-12-10 14:00:00,2.0647,2.0687,2.0581,2.0639,5356757.5
2025-12-10 15:00:00,2.0639,2.0735,2.0559,2.0618,4083033.1
2025-12-10 16:00:00,2.0619,2.0743,2.0571,2.0685,4150507.7
2025-12-10 17:00:00,2.0684,2.0755,2.0601,2.0616,3328206.3
2025-12-10 18:00:00,2.0616,2.0862,2.0587,2.0683,5585016.4
2025-12-10 19:00:00,2.0684,2.0878,2.0376,2.0681,20837397.2
2025-12-10 20:00:00,2.0682,2.1108,2.0579,2.0638,17636822.4
2025-12-10 21:00:00,2.0637,2.0689,2.0445,2.0472,5553292.2
2025-12-10 22:00:00,2.0473,2.0584,2.0346,2.0549,4707947.1
2025-12-10 23:00:00,2.0549,2.0573,2.0401,2.0418,2446209.4
2025-12-11 00:00:00,2.0418,2.0468,2.021,2.0292,5436044.4
2025-12-11 01:00:00,2.0292,2.0299,2.01,2.0129,6755721.7
2025-12-11 02:00:00,2.0128,2.0142,2.0,2.006,7485513.8
2025-12-11 03:00:00,2.0061,2.007,1.9927,1.9995,6399591.0
2025-12-11 04:00:00,1.9995,2.0195,1.9952,2.0171,4365027.8
2025-12-11 05:00:00,2.017,2.0171,2.0074,2.0148,3414214.3
2025-12-11 06:00:00,2.0148,2.0161,2.0055,2.0138,4695054.8
2025-12-11 07:00:00,2.0138,2.0151,2.0041,2.0069,3010444.5
2025-12-11 08:00:00,2.0069,2.0133,2.0003,2.0121,3662256.2
2025-12-11 09:00:00,2.0121,2.0189,2.0073,2.013,2586450.8
2025-12-11 10:00:00,2.0131,2.0162,2.0089,2.0161,2000613.7
2025-12-11 11:00:00,2.0162,2.0185,2.0078,2.0083,2974919.4
2025-12-11 12:00:00,2.0083,2.0132,2.0042,2.0074,4429773.9
2025-12-11 13:00:00,2.0074,2.0149,2.0053,2.009,3006399.6
2025-12-11 14:00:00,2.0089,2.0101,1.9767,1.991,13321179.8
2025-12-11 15:00:00,1.991,2.0109,1.987,1.9968,7893667.3
2025-12-11 16:00:00,1.9967,2.0045,1.9846,1.9914,6027329.4
2025-12-11 17:00:00,1.9913,1.9987,1.9838,1.9952,4766073.0
2025-12-11 18:00:00,1.9952,2.023,1.9919,2.0079,8136859.0
2025-12-11 19:00:00,2.008,2.0259,2.0004,2.0114,5565598.6
2025-12-11 20:00:00,2.0113,2.0298,2.0078,2.0246,4354731.3
2025-12-11 21:00:00,2.0246,2.057,2.0239,2.0417,9677268.8
2025-12-11 22:00:00,2.0416,2.0486,2.0282,2.0338,3462232.7
2025-12-11 23:00:00,2.0338,2.0405,2.0311,2.034,1630039.2
2025-12-12 00:00:00,2.034,2.0397,2.0157,2.017,2188045.2
2025-12-12 01:00:00,2.0171,2.0322,2.0171,2.0281,2729961.0
2025-12-12 02:00:00,2.0281,2.0434,2.0256,2.0406,1781657.5
2025-12-12 03:00:00,2.0406,2.043,2.0297,2.0315,1343195.5
2025-12-12 04:00:00,2.0314,2.033,2.0256,2.0296,1674010.4
2025-12-12 05:00:00,2.0296,2.0373,2.0235,2.0367,1113647.5
2025-12-12 06:00:00,2.0367,2.0419,2.0356,2.0408,1671415.5
2025-12-12 07:00:00,2.0408,2.0433,2.032,2.0373,1340979.7
2025-12-12 08:00:00,2.0373,2.038,2.0266,2.0288,1387684.3
2025-12-12 09:00:00,2.0287,2.0369,2.0251,2.0357,1366492.5
2025-12-12 10:00:00,2.0356,2.0393,2.0339,2.038,1668052.8
2025-12-12 11:00:00,2.038,2.0463,2.0353,2.0422,1467204.0
2025-12-12 12:00:00,2.0422,2.0454,2.0314,2.0446,4637943.7
2025-12-12 13:00:00,2.0446,2.0478,2.0389,2.0412,2011120.2
2025-12-12 14:00:00,2.0412,2.0435,2.0304,2.0379,2433226.2
2025-12-12 15:00:00,2.0379,2.038,1.9692,1.9785,19076695.1
2025-12-12 16:00:00,1.9785,2.0036,1.9734,1.9881,12648048.0
2025-12-12 17:00:00,1.9882,2.0032,1.986,1.9961,4471334.2
2025-12-12 18:00:00,1.9961,2.0256,1.9902,2.0125,4118567.5
2025-12-12 19:00:00,2.0125,2.0145,1.9964,2.0036,2310207.8
2025-12-12 20:00:00,2.0036,2.0064,1.9979,2.0008,2184674.5
2025-12-12 21:00:00,2.0008,2.0051,1.9971,2.0048,1374129.5
2025-12-12 22:00:00,2.0048,2.0127,2.004,2.0108,1361394.1
2025-12-12 23:00:00,2.0108,2.019,2.0073,2.0074,1627438.0
2025-12-13 00:00:00,2.0075,2.0136,2.0068,2.0122,1231556.1
2025-12-13 01:00:00,2.0122,2.0167,2.0096,2.0108,1088980.7
2025-12-13 02:00:00,2.0108,2.0207,2.0108,2.0143,1373472.1
2025-12-13 03:00:00,2.0142,2.025,2.0142,2.0226,1408800.8
2025-12-13 04:00:00,2.0227,2.035,2.0227,2.034,2157973.6
2025-12-13 05:00:00,2.034,2.0482,2.0283,2.0316,5072958.3
2025-12-13 06:00:00,2.0315,2.0358,2.0269,2.0283,1675666.9
2025-12-13 07:00:00,2.0283,2.032,2.0256,2.0285,1016255.5
2025-12-13 08:00:00,2.0285,2.043,2.0285,2.0361,2195007.1
2025-12-13 09:00:00,2.0361,2.039,2.0295,2.031,1726178.6
2025-12-13 10:00:00,2.031,2.0408,2.0307,2.0367,1090633.6
2025-12-13 11:00:00,2.0368,2.0396,2.0323,2.0333,880720.2
2025-12-13 12:00:00,2.0333,2.0434,2.0287,2.0317,5218942.3
2025-12-13 13:00:00,2.0318,2.0375,2.0303,2.0333,2388228.7
2025-12-13 14:00:00,2.0334,2.0393,2.028,2.0365,1559789.4
2025-12-13 15:00:00,2.0365,2.0407,2.029,2.0299,1623889.8
2025-12-13 16:00:00,2.03,2.0336,2.0234,2.026,1841608.8
2025-12-13 17:00:00,2.026,2.0262,2.0182,2.0196,1380342.9
2025-12-13 18:00:00,2.0195,2.0238,2.0157,2.017,1879333.5
2025-12-13 19:00:00,2.0171,2.0207,2.0152,2.0195,3127623.6
2025-12-13 20:00:00,2.0196,2.0224,2.0155,2.0167,853574.4
2025-12-13 21:00:00,2.0168,2.0229,2.0082,2.0223,1363707.6
2025-12-13 22:00:00,2.0223,2.025,2.0165,2.0223,1091091.1
2025-12-13 23:00:00,2.0224,2.0238,2.0187,2.0227,946931.5
2025-12-14 00:00:00,2.0226,2.0281,2.017,2.0261,1177251.7
2025-12-14 01:00:00,2.0261,2.0306,2.0232,2.0257,809225.0
2025-12-14 02:00:00,2.0258,2.0293,2.0236,2.028,577568.8
2025-12-14 03:00:00,2.028,2.0298,2.0228,2.0244,611055.1
2025-12-14 04:00:00,2.0245,2.0253,2.0149,2.0169,1041364.7
2025-12-14 05:00:00,2.017,2.0175,2.0103,2.0158,1070290.1
2025-12-14 06:00:00,2.0159,2.0181,2.0114,2.0172,800512.7
2025-12-14 07:00:00,2.0172,2.0206,2.0155,2.0192,676787.6
2025-12-14 08:00:00,2.0193,2.0232,2.0145,2.0147,917235.5
2025-12-14 09:00:00,2.0147,2.0156,2.0112,2.0124,1037710.4
2025-12-14 10:00:00,2.0124,2.0129,2.003,2.0067,1766109.8
2025-12-14 11:00:00,2.0067,2.0099,1.99,2.0012,3831318.4
2025-12-14 12:00:00,2.0011,2.008,1.997,2.0041,3295067.7
2025-12-14 13:00:00,2.0041,2.0041,1.9966,2.0032,2588741.2
2025-12-14 14:00:00,2.0032,2.008,1.9875,1.9947,2937582.8
2025-12-14 15:00:00,1.9946,1.997,1.9897,1.9913,1611376.5
2025-12-14 16:00:00,1.9913,2.0046,1.9892,1.997,1260370.0
2025-12-14 17:00:00,1.9971,1.9997,1.9838,1.9872,2203674.4
2025-12-14 18:00:00,1.9873,1.9935,1.9841,1.993,1283110.8
2025-12-14 19:00:00,1.9929,1.9929,1.9823,1.9886,1589580.1
2025-12-14 20:00:00,1.9886,1.995,1.9824,1.9876,2407895.6
2025-12-14 21:00:00,1.9875,1.9918,1.9831,1.9872,1159188.7
2025-12-14 22:00:00,1.9873,1.9936,1.9818,1.9923,1364706.1
2025-12-14 23:00:00,1.9924,1.9974,1.9527,1.9784,9130864.2
2025-12-15 00:00:00,1.9784,1.9904,1.9747,1.9841,2770709.8
2025-12-15 01:00:00,1.9841,2.0047,1.9787,1.9984,3145758.2
2025-12-15 02:00:00,1.9983,2.0143,1.9932,1.9957,3069614.6
2025-12-15 03:00:00,1.9956,2.0009,1.9921,1.9951,1344766.8
2025-12-15 04:00:00,1.9952,2.0043,1.9928,2.0007,1288251.1
2025-12-15 05:00:00,2.0006,2.0038,1.9965,2.0008,1672473.3
2025-12-15 06:00:00,2.0008,2.0055,1.9959,2.0018,1395642.6
2025-12-15 07:00:00,2.0019,2.0032,1.9929,1.9952,1147842.1
2025-12-15 08:00:00,1.9952,1.9988,1.9906,1.9938,1759711.6
2025-12-15 09:00:00,1.9938,2.0024,1.9915,1.9982,2475872.5
2025-12-15 10:00:00,1.9983,2.001,1.9931,1.9943,2991079.7
2025-12-15 11:00:00,1.9943,1.9955,1.9838,1.9875,2683254.1
2025-12-15 12:00:00,1.9876,1.9877,1.9823,1.9835,1931341.0
2025-12-15 13:00:00,1.9835,1.9847,1.9556,1.9645,8363683.2
2025-12-15 14:00:00,1.9645,1.9808,1.93,1.9411,11727035.5
2025-12-15 15:00:00,1.9411,1.9431,1.9127,1.9256,17386575.6
2025-12-15 16:00:00,1.9256,1.9309,1.907,1.913,6980313.5
2025-12-15 17:00:00,1.9129,1.9152,1.89,1.8915,9574888.3
2025-12-15 18:00:00,1.8915,1.8967,1.8695,1.8921,8527574.0
2025-12-15 19:00:00,1.892,1.9084,1.8909,1.8961,7893404.6
2025-12-15 20:00:00,1.8962,1.8962,1.8795,1.8831,4789015.0
2025-12-15 21:00:00,1.8832,1.8998,1.8801,1.8915,4068654.5
2025-12-15 22:00:00,1.8915,1.8919,1.8805,1.8909,4717688.7
2025-12-15 23:00:00,1.8909,1.8994,1.89,1.8981,4041208.3
2025-12-16 00:00:00,1.8981,1.8986,1.8782,1.8791,5129397.2
2025-12-16 01:00:00,1.8791,1.8931,1.8682,1.8726,6265670.3
2025-12-16 02:00:00,1.8725,1.8769,1.8596,1.8691,7321566.1
2025-12-16 03:00:00,1.8692,1.8735,1.8552,1.8726,3936948.5
2025-12-16 04:00:00,1.8726,1.8758,1.852,1.8729,5165876.3
2025-12-16 05:00:00,1.8728,1.8841,1.8686,1.882,2516368.4
2025-12-16 06:00:00,1.882,1.8975,1.881,1.8946,3278819.2
2025-12-16 07:00:00,1.8947,1.8978,1.8747,1.8754,2467099.6
2025-12-16 08:00:00,1.8754,1.886,1.8743,1.877,1997223.5
2025-12-16 09:00:00,1.877,1.8822,1.8756,1.8793,1232139.7
2025-12-16 10:00:00,1.8793,1.912,1.8776,1.9067,4276466.7
2025-12-16 11:00:00,1.9067,1.9253,1.9047,1.9208,6138739.1
2025-12-16 12:00:00,1.9207,1.939,1.92,1.9353,5113368.5
2025-12-16 13:00:00,1.9352,1.9491,1.9078,1.9086,11170804.6
2025-12-16 14:00:00,1.9087,1.935,1.899,1.9238,9148597.0
2025-12-16 15:00:00,1.9238,1.946,1.9149,1.9411,6355332.3
2025-12-16 16:00:00,1.9411,1.943,1.9179,1.9282,3931790.9
2025-12-16 17:00:00,1.9282,1.9349,1.9148,1.9165,3715857.0
2025-12-16 18:00:00,1.9165,1.9387,1.9141,1.9306,2960562.7
2025-12-16 19:00:00,1.9306,1.9336,1.9157,1.927,2665617.9
2025-12-16 20:00:00,1.9269,1.9335,1.9223,1.9276,2472196.1
2025-12-16 21:00:00,1.9275,1.9307,1.9187,1.9265,1543997.3
2025-12-16 22:00:00,1.9264,1.9307,1.923,1.9269,1161872.2
2025-12-16 23:00:00,1.9269,1.9314,1.9228,1.9297,1317083.7
2025-12-17 00:00:00,1.9297,1.9297,1.9194,1.924,1872909.1
2025-12-17 01:00:00,1.9241,1.9401,1.9205,1.9226,2828654.0
2025-12-17 02:00:00,1.9226,1.9344,1.9126,1.9311,3021753.5
2025-12-17 03:00:00,1.9311,1.9374,1.9252,1.9253,1903030.7
2025-12-17 04:00:00,1.9253,1.9292,1.9178,1.9186,1780715.5
2025-12-17 05:00:00,1.9185,1.922,1.9061,1.9203,3414085.1
2025-12-17 06:00:00,1.9204,1.9303,1.92,1.9223,2465375.7
2025-12-17 07:00:00,1.9223,1.932,1.9186,1.9233,3175968.4
2025-12-17 08:00:00,1.9234,1.9236,1.9051,1.9074,2540311.1
2025-12-17 09:00:00,1.9074,1.9078,1.8988,1.902,3096064.8
2025-12-17 10:00:00,1.9021,1.9092,1.8965,1.9071,2886119.4
2025-12-17 11:00:00,1.9072,1.9175,1.9064,1.9133,1558502.8
2025-12-17 12:00:00,1.9134,1.916,1.9068,1.9113,2315242.5
2025-12-17 13:00:00,1.9112,1.9286,1.905,1.9209,3809584.0
2025-12-17 14:00:00,1.9209,1.9672,1.9049,1.9635,12012747.2
2025-12-17 15:00:00,1.9636,1.9874,1.907,1.9114,20416703.6
2025-12-17 16:00:00,1.9113,1.9229,1.8788,1.8986,11683090.0
2025-12-17 17:00:00,1.8985,1.9011,1.8705,1.8729,5387151.9
2025-12-17 18:00:00,1.8729,1.8822,1.853,1.8586,5874161.9
2025-12-17 19:00:00,1.8586,1.8671,1.8474,1.865,8118378.9
2025-12-17 20:00:00,1.8651,1.8843,1.8582,1.8773,4431725.8
2025-12-17 21:00:00,1.8773,1.878,1.8592,1.8638,2774746.5
2025-12-17 22:00:00,1.8639,1.8728,1.8553,1.8685,2212342.9
2025-12-17 23:00:00,1.8685,1.8686,1.8569,1.8627,2135527.5
2025-12-18 00:00:00,1.8627,1.8703,1.8596,1.8697,1455848.3
2025-12-18 01:00:00,1.8697,1.8697,1.852,1.8564,2672029.8
2025-12-18 02:00:00,1.8565,1.8725,1.8538,1.8638,3255318.0
2025-12-18 03:00:00,1.8638,1.8647,1.8521,1.8559,1668579.2
2025-12-18 04:00:00,1.856,1.8621,1.8535,1.8541,1715446.5
2025-12-18 05:00:00,1.8542,1.8543,1.8304,1.8318,6129678.9
2025-12-18 06:00:00,1.8318,1.8369,1.8268,1.8334,3196689.3
2025-12-18 07:00:00,1.8334,1.8443,1.8333,1.8415,2226486.7
2025-12-18 08:00:00,1.8415,1.8554,1.838,1.8546,3718085.3
2025-12-18 09:00:00,1.8545,1.8726,1.8492,1.87,2453556.4
2025-12-18 10:00:00,1.87,1.881,1.8691,1.8767,2536645.2
2025-12-18 11:00:00,1.8768,1.8785,1.866,1.8785,3289833.8
2025-12-18 12:00:00,1.8786,1.8887,1.872,1.8822,2895846.2
2025-12-18 13:00:00,1.8821,1.9247,1.8821,1.9139,13064251.0
2025-12-18 14:00:00,1.9139,1.9265,1.8895,1.9022,10182962.3
2025-12-18 15:00:00,1.9023,1.9341,1.8956,1.9197,8065425.6
2025-12-18 16:00:00,1.9198,1.9208,1.9051,1.9102,3388978.1
2025-12-18 17:00:00,1.9103,1.9108,1.8385,1.8665,14513026.4
2025-12-18 18:00:00,1.8665,1.8766,1.84,1.8435,3957152.9
2025-12-18 19:00:00,1.8434,1.8462,1.8008,1.8062,14202010.0
2025-12-18 20:00:00,1.8062,1.823,1.8,1.8015,7606380.1
2025-12-18 21:00:00,1.8016,1.8236,1.8016,1.8198,8371639.9
2025-12-18 22:00:00,1.8198,1.8249,1.8143,1.8187,2948060.7
2025-12-18 23:00:00,1.8188,1.819,1.8068,1.8076,3467108.4
2025-12-19 00:00:00,1.8076,1.8118,1.781,1.7929,8230788.2
2025-12-19 01:00:00,1.7928,1.7928,1.7711,1.7825,6748502.6
2025-12-19 02:00:00,1.7824,1.7991,1.774,1.7941,7440492.6
2025-12-19 03:00:00,1.7942,1.8538,1.7939,1.8403,18126091.7
2025-12-19 04:00:00,1.8402,1.8498,1.8375,1.84,4985925.6
2025-12-19 05:00:00,1.84,1.8405,1.8261,1.8284,4459352.1
2025-12-19 06:00:00,1.8284,1.8517,1.8257,1.8512,3830215.7
2025-12-19 07:00:00,1.8512,1.8765,1.851,1.8676,8022234.5
2025-12-19 08:00:00,1.8675,1.8717,1.8593,1.8666,3648104.9
2025-12-19 09:00:00,1.8665,1.8696,1.8618,1.865,2814842.8
2025-12-19 10:00:00,1.8651,1.8692,1.8618,1.8673,2773838.9
2025-12-19 11:00:00,1.8672,1.8722,1.8636,1.8705,1943961.2
2025-12-19 12:00:00,1.8705,1.8879,1.8657,1.8801,4045704.4
2025-12-19 13:00:00,1.8802,1.8851,1.8635,1.8673,5317996.9
2025-12-19 14:00:00,1.8673,1.8903,1.8643,1.8772,9223741.9
2025-12-19 15:00:00,1.8771,1.905,1.8716,1.8755,15454977.0
2025-12-19 16:00:00,1.8754,1.902,1.8738,1.8884,11520753.9
2025-12-19 17:00:00,1.8885,1.9083,1.8736,1.874,8541598.4
2025-12-19 18:00:00,1.874,1.8985,1.8739,1.8939,3347337.6
2025-12-19 19:00:00,1.894,1.9185,1.8939,1.9079,5081691.3
2025-12-19 20:00:00,1.9079,1.9213,1.9043,1.9102,4128371.7
2025-12-19 21:00:00,1.9101,1.9122,1.9007,1.9027,1687849.8
2025-12-19 22:00:00,1.9028,1.911,1.9012,1.9078,1312820.0
2025-12-19 23:00:00,1.9077,1.9097,1.9024,1.9092,1914316.6
2025-12-20 00:00:00,1.9092,1.9102,1.9015,1.9064,2092929.2
2025-12-20 01:00:00,1.9064,1.9075,1.902,1.9026,1204079.2
2025-12-20 02:00:00,1.9027,1.9034,1.8936,1.8977,1934149.6
2025-12-20 03:00:00,1.8976,1.9075,1.8953,1.9043,1440162.0
2025-12-20 04:00:00,1.9044,1.9077,1.8993,1.9044,1217548.3
2025-12-20 05:00:00,1.9045,1.9189,1.9045,1.9138,1534102.6
2025-12-20 06:00:00,1.9139,1.9171,1.9132,1.9169,1042486.7
2025-12-20 07:00:00,1.9168,1.9189,1.9068,1.9141,1403379.9
2025-12-20 08:00:00,1.9141,1.94,1.9141,1.9297,4919021.9
2025-12-20 09:00:00,1.9296,1.9588,1.9295,1.9492,5268806.2
2025-12-20 10:00:00,1.9492,1.9569,1.9398,1.9404,3419510.4
2025-12-20 11:00:00,1.9405,1.945,1.9302,1.9437,4303713.4
2025-12-20 12:00:00,1.9437,1.948,1.9392,1.9409,1236526.2
2025-12-20 13:00:00,1.9409,1.9432,1.9198,1.928,6123145.4
2025-12-20 14:00:00,1.9279,1.93,1.9201,1.9288,2272211.2
2025-12-20 15:00:00,1.9289,1.9352,1.9164,1.9214,3683224.2
2025-12-20 16:00:00,1.9214,1.93,1.9205,1.9287,2683414.4
2025-12-20 17:00:00,1.9287,1.9316,1.9212,1.9242,2107305.4
2025-12-20 18:00:00,1.9242,1.9263,1.9194,1.923,1415268.6
2025-12-20 19:00:00,1.923,1.9263,1.9196,1.925,620153.9
2025-12-20 20:00:00,1.925,1.9283,1.9238,1.9276,890721.9
2025-12-20 21:00:00,1.9276,1.9317,1.9253,1.9316,796976.4
2025-12-20 22:00:00,1.9317,1.9378,1.9261,1.9339,949724.2
2025-12-20 23:00:00,1.9338,1.9367,1.9308,1.9335,676462.3
2025-12-21 00:00:00,1.9335,1.9397,1.93,1.9388,1736697.8
2025-12-21 01:00:00,1.9388,1.942,1.9281,1.9283,2220565.6
2025-12-21 02:00:00,1.9284,1.9344,1.9172,1.9247,2767787.0
2025-12-21 03:00:00,1.9247,1.9387,1.9236,1.9296,1463834.6
2025-12-21 04:00:00,1.9297,1.9305,1.9242,1.9253,523634.9
2025-12-21 05:00:00,1.9252,1.9279,1.9218,1.9221,1096946.4
2025-12-21 06:00:00,1.9221,1.9246,1.9201,1.9207,722052.4
2025-12-21 07:00:00,1.9207,1.9286,1.9192,1.9254,814089.1
2025-12-21 08:00:00,1.9255,1.9433,1.9223,1.936,1627238.8
2025-12-21 09:00:00,1.9361,1.9493,1.9323,1.9459,2443989.3
2025-12-21 10:00:00,1.9459,1.9498,1.9315,1.9339,3173410.5
2025-12-21 11:00:00,1.934,1.9362,1.9314,1.9336,1267052.9
2025-12-21 12:00:00,1.9336,1.9386,1.927,1.9296,1476959.4
2025-12-21 13:00:00,1.9296,1.9299,1.8948,1.8992,7975333.4
2025-12-21 14:00:00,1.8992,1.9149,1.8971,1.9077,5608946.4
2025-12-21 15:00:00,1.9078,1.9093,1.8995,1.9049,3038788.6
2025-12-21 16:00:00,1.9048,1.9086,1.8993,1.9081,2387714.3
2025-12-21 17:00:00,1.908,1.9186,1.9066,1.9082,3843207.4
2025-12-21 18:00:00,1.9082,1.9136,1.902,1.9127,2167302.1
2025-12-21 19:00:00,1.9128,1.9195,1.9088,1.9181,1497585.6
2025-12-21 20:00:00,1.9181,1.9181,1.912,1.9123,605010.1
2025-12-21 21:00:00,1.9122,1.9191,1.907,1.9076,1130156.2
2025-12-21 22:00:00,1.9075,1.9185,1.9056,1.9178,1184870.4
2025-12-21 23:00:00,1.9178,1.9271,1.9178,1.9223,2256099.7
2025-12-22 00:00:00,1.9224,1.9493,1.9221,1.9241,6018008.2
2025-12-22 01:00:00,1.9241,1.9373,1.9201,1.9202,2736451.1
2025-12-22 02:00:00,1.9202,1.9214,1.9031,1.9192,4235019.6
2025-12-22 03:00:00,1.9192,1.9264,1.9133,1.9201,2886008.5
2025-12-22 04:00:00,1.9202,1.9263,1.9181,1.9247,3106127.2
2025-12-22 05:00:00,1.9248,1.9285,1.9183,1.9199,2511448.3
2025-12-22 06:00:00,1.9198,1.9215,1.9136,1.9181,2496309.0
2025-12-22 07:00:00,1.918,1.9292,1.9169,1.9273,1776007.9
2025-12-22 08:00:00,1.9272,1.934,1.9174,1.9175,5259491.2
2025-12-22 09:00:00,1.9176,1.9241,1.9145,1.9223,2818945.6
2025-12-22 10:00:00,1.9224,1.93,1.9174,1.9261,3667981.7
2025-12-22 11:00:00,1.9261,1.938,1.9236,1.9346,3554871.9
2025-12-22 12:00:00,1.9347,1.9473,1.9319,1.9361,4180924.7
2025-12-22 13:00:00,1.9362,1.9381,1.9275,1.9338,2949110.2
2025-12-22 14:00:00,1.9338,1.9426,1.925,1.9403,4334104.8
2025-12-22 15:00:00,1.9402,1.9473,1.918,1.9341,5086011.8
2025-12-22 16:00:00,1.9342,1.9427,1.9329,1.9396,3748953.4
2025-12-22 17:00:00,1.9396,1.94,1.9222,1.9302,2988860.5
2025-12-22 18:00:00,1.9301,1.9382,1.924,1.9272,2533423.9
2025-12-22 19:00:00,1.9272,1.9278,1.9022,1.9023,5659016.6
2025-12-22 20:00:00,1.9022,1.9066,1.8917,1.897,7117186.1
2025-12-22 21:00:00,1.897,1.9038,1.8941,1.8969,2628252.4
2025-12-22 22:00:00,1.8969,1.9092,1.8925,1.9089,3652118.2
2025-12-22 23:00:00,1.9089,1.909,1.9012,1.9043,2786981.4
2025-12-23 00:00:00,1.9044,1.91,1.9,1.9044,3526961.5
2025-12-23 01:00:00,1.9043,1.9089,1.8967,1.8985,4130132.3
2025-12-23 02:00:00,1.8984,1.9063,1.8914,1.894,4788111.6
2025-12-23 03:00:00,1.8941,1.8954,1.8843,1.8923,4773661.8
2025-12-23 04:00:00,1.8924,1.8976,1.8884,1.8884,2582386.9
2025-12-23 05:00:00,1.8885,1.8909,1.879,1.8826,4062787.8
2025-12-23 06:00:00,1.8826,1.8866,1.8736,1.8823,6029800.4
2025-12-23 07:00:00,1.8822,1.887,1.8784,1.8812,2735525.7
2025-12-23 08:00:00,1.8813,1.8828,1.8757,1.8779,1320966.1
2025-12-23 09:00:00,1.878,1.8875,1.8777,1.8859,1391562.5
2025-12-23 10:00:00,1.886,1.9008,1.8859,1.8989,1281789.2
2025-12-23 11:00:00,1.8989,1.9062,1.8987,1.9054,2125247.0
2025-12-23 12:00:00,1.9053,1.9054,1.8969,1.8996,2274229.6
2025-12-23 13:00:00,1.8995,1.9014,1.8764,1.8791,4157412.3
2025-12-23 14:00:00,1.879,1.8865,1.863,1.8729,7757814.1
2025-12-23 15:00:00,1.8729,1.8925,1.8698,1.8815,5386835.0
2025-12-23 16:00:00,1.8816,1.894,1.8784,1.891,3351017.7
2025-12-23 17:00:00,1.8911,1.8927,1.8684,1.8692,3738871.5
2025-12-23 18:00:00,1.8692,1.8845,1.8672,1.8821,5786017.2
2025-12-23 19:00:00,1.8821,1.8875,1.8782,1.8827,1195245.3
2025-12-23 20:00:00,1.8827,1.895,1.8775,1.8808,1837722.8
2025-12-23 21:00:00,1.8809,1.885,1.876,1.8815,831188.0
2025-12-23 22:00:00,1.8816,1.8841,1.8753,1.8796,1187869.0
2025-12-23 23:00:00,1.8796,1.8797,1.8718,1.8734,1562538.5
2025-12-24 00:00:00,1.8734,1.8777,1.8693,1.8733,2029766.3
2025-12-24 01:00:00,1.8733,1.8783,1.8703,1.8705,1609822.3
2025-12-24 02:00:00,1.8705,1.8709,1.8504,1.8546,2947506.8
2025-12-24 03:00:00,1.8545,1.864,1.8447,1.8616,4113186.6
2025-12-24 04:00:00,1.8616,1.8676,1.8538,1.8555,1891315.0
2025-12-24 05:00:00,1.8555,1.8573,1.8437,1.8472,3116314.9
2025-12-24 06:00:00,1.8472,1.8541,1.8372,1.8523,3650419.1
2025-12-24 07:00:00,1.8523,1.8623,1.8511,1.8548,2866267.3
2025-12-24 08:00:00,1.8548,1.8625,1.8521,1.8529,2239694.5
2025-12-24 09:00:00,1.853,1.859,1.853,1.8542,1144204.8
2025-12-24 10:00:00,1.8541,1.8698,1.8539,1.8659,2225732.9
2025-12-24 11:00:00,1.8659,1.8756,1.8658,1.8689,1785833.8
2025-12-24 12:00:00,1.869,1.8733,1.8632,1.8719,2265584.7
2025-12-24 13:00:00,1.8719,1.8727,1.8636,1.8701,1113077.9
2025-12-24 14:00:00,1.8701,1.878,1.852,1.8588,4413602.0
2025-12-24 15:00:00,1.8588,1.8702,1.8526,1.8634,3647184.3
2025-12-24 16:00:00,1.8634,1.8716,1.8557,1.8614,3569254.1
2025-12-24 17:00:00,1.8615,1.8698,1.8505,1.8513,5576512.5
2025-12-24 18:00:00,1.8513,1.859,1.8492,1.8562,1925562.4
2025-12-24 19:00:00,1.8562,1.8627,1.8536,1.8619,1840762.1
2025-12-24 20:00:00,1.8618,1.87,1.8618,1.8647,2097673.2
2025-12-24 21:00:00,1.8647,1.8667,1.8622,1.8638,1078799.9
2025-12-24 22:00:00,1.8639,1.87,1.8596,1.8696,1765294.6
2025-12-24 23:00:00,1.8697,1.87,1.8613,1.8628,982607.8
2025-12-25 00:00:00,1.8627,1.8656,1.857,1.8579,1266746.2
2025-12-25 01:00:00,1.858,1.8668,1.8564,1.8659,936918.6
2025-12-25 02:00:00,1.8659,1.8728,1.8632,1.8711,1583069.8
2025-12-25 03:00:00,1.8711,1.8743,1.8668,1.8701,1812048.0
2025-12-25 04:00:00,1.8701,1.8754,1.8689,1.873,954926.5
2025-12-25 05:00:00,1.873,1.8742,1.8684,1.8691,949460.1
2025-12-25 06:00:00,1.8691,1.877,1.8663,1.8758,1670649.7
2025-12-25 07:00:00,1.8759,1.8765,1.8723,1.8745,1333751.8
2025-12-25 08:00:00,1.8745,1.8812,1.8651,1.8738,2214732.2
2025-12-25 09:00:00,1.8739,1.8751,1.8667,1.872,2567809.8
2025-12-25 10:00:00,1.8721,1.8721,1.8534,1.8577,1719013.5
2025-12-25 11:00:00,1.8578,1.8647,1.8565,1.8591,1883735.8
2025-12-25 12:00:00,1.8591,1.8652,1.8554,1.8651,1055101.5
2025-12-25 13:00:00,1.8651,1.8709,1.8625,1.8688,1642199.3
2025-12-25 14:00:00,1.8688,1.8702,1.8646,1.8697,1538424.3
2025-12-25 15:00:00,1.8697,1.8892,1.8657,1.8829,5000066.2
2025-12-25 16:00:00,1.883,1.8839,1.8692,1.8714,2446552.8
2025-12-25 17:00:00,1.8714,1.8722,1.8651,1.8705,1723568.4
2025-12-25 18:00:00,1.8706,1.8761,1.8696,1.8738,1456688.9
2025-12-25 19:00:00,1.8737,1.8741,1.8705,1.8734,842397.3
2025-12-25 20:00:00,1.8734,1.8737,1.8648,1.8688,1132914.2
2025-12-25 21:00:00,1.8688,1.8702,1.8644,1.8655,1052686.9
2025-12-25 22:00:00,1.8656,1.8658,1.84,1.8459,4064010.1
2025-12-25 23:00:00,1.8459,1.8514,1.8291,1.8326,5297336.5
2025-12-26 00:00:00,1.8325,1.8372,1.8246,1.8321,4268941.2
2025-12-26 01:00:00,1.8322,1.8398,1.8298,1.8365,2040037.4
2025-12-26 02:00:00,1.8365,1.8807,1.8334,1.8695,7844800.5
2025-12-26 03:00:00,1.8696,1.8737,1.8592,1.8646,3061392.7
2025-12-26 04:00:00,1.8646,1.8708,1.8546,1.8662,2187779.5
2025-12-26 05:00:00,1.8661,1.8726,1.8638,1.8697,1775050.5
2025-12-26 06:00:00,1.8697,1.8782,1.8692,1.8749,3189771.1
2025-12-26 07:00:00,1.8748,1.8833,1.8618,1.8643,5568368.6
2025-12-26 08:00:00,1.8643,1.8706,1.8627,1.867,1959594.1
2025-12-26 09:00:00,1.867,1.8778,1.8668,1.8767,2043890.1
2025-12-26 10:00:00,1.8767,1.8807,1.8725,1.8788,3568725.8
2025-12-26 11:00:00,1.8788,1.8789,1.8708,1.8713,2410010.0
2025-12-26 12:00:00,1.8713,1.8742,1.8702,1.8722,1908839.9
2025-12-26 13:00:00,1.8723,1.8795,1.8688,1.878,2349183.9
2025-12-26 14:00:00,1.878,1.8781,1.8426,1.844,6116890.9
2025-12-26 15:00:00,1.8441,1.8441,1.8267,1.8382,11509870.3
2025-12-26 16:00:00,1.8382,1.8471,1.8336,1.8349,4765828.6
2025-12-26 17:00:00,1.835,1.8495,1.835,1.8438,2397508.7
2025-12-26 18:00:00,1.8439,1.8479,1.8406,1.8453,1193171.9
2025-12-26 19:00:00,1.8454,1.8506,1.8415,1.8458,1138154.1
2025-12-26 20:00:00,1.8459,1.8603,1.8449,1.8548,1533453.6
2025-12-26 21:00:00,1.8548,1.8575,1.8467,1.8473,1065413.5
2025-12-26 22:00:00,1.8474,1.85,1.8426,1.8476,1559415.9
2025-12-26 23:00:00,1.8477,1.8496,1.8425,1.8437,1369438.0
2025-12-27 00:00:00,1.8437,1.8461,1.8417,1.8453,1678589.1
2025-12-27 01:00:00,1.8452,1.8479,1.8428,1.8469,1469874.0
2025-12-27 02:00:00,1.847,1.8534,1.8451,1.849,2445505.5
2025-12-27 03:00:00,1.8491,1.8535,1.8463,1.8515,1681385.4
2025-12-27 04:00:00,1.8514,1.8532,1.8471,1.8482,1050569.6
2025-12-27 05:00:00,1.8483,1.8498,1.8464,1.8498,656142.0
2025-12-27 06:00:00,1.8498,1.8499,1.8472,1.8479,651304.2
2025-12-27 07:00:00,1.8479,1.8524,1.8475,1.8477,765573.4
2025-12-27 08:00:00,1.8478,1.8515,1.8477,1.8502,982017.4
2025-12-27 09:00:00,1.8502,1.856,1.8501,1.8509,1411564.2
2025-12-27 10:00:00,1.8509,1.8528,1.845,1.8486,1056104.9
2025-12-27 11:00:00,1.8485,1.8524,1.8472,1.8512,842476.2
2025-12-27 12:00:00,1.8513,1.8533,1.85,1.8509,988206.3
2025-12-27 13:00:00,1.8509,1.8518,1.8443,1.8459,919010.5
2025-12-27 14:00:00,1.8459,1.8497,1.8434,1.8495,836754.9
2025-12-27 15:00:00,1.8495,1.8518,1.8471,1.8495,723069.5
2025-12-27 16:00:00,1.8496,1.8502,1.844,1.8449,805788.4
2025-12-27 17:00:00,1.845,1.8515,1.8435,1.8493,3385384.6
2025-12-27 18:00:00,1.8493,1.8537,1.8493,1.85,1572282.2
2025-12-27 19:00:00,1.8501,1.8573,1.8481,1.8559,788379.5
2025-12-27 20:00:00,1.8558,1.8595,1.8532,1.8555,978570.5
2025-12-27 21:00:00,1.8556,1.8628,1.8555,1.8621,789244.4
2025-12-27 22:00:00,1.8621,1.875,1.8615,1.8622,2851272.0
2025-12-27 23:00:00,1.8622,1.8788,1.8621,1.8735,1915402.6
2025-12-28 00:00:00,1.8734,1.8764,1.8691,1.8713,1204561.5
2025-12-28 01:00:00,1.8714,1.8748,1.8687,1.8707,836434.5
2025-12-28 02:00:00,1.8706,1.8782,1.8698,1.8731,718396.8
2025-12-28 03:00:00,1.8731,1.8749,1.8713,1.8745,763107.7
2025-12-28 04:00:00,1.8745,1.8774,1.8731,1.8747,1233066.3
2025-12-28 05:00:00,1.8746,1.8766,1.8721,1.8728,1146261.8
2025-12-28 06:00:00,1.8728,1.8796,1.8725,1.8775,1090039.1
2025-12-28 07:00:00,1.8776,1.8796,1.8733,1.8736,606404.2
2025-12-28 08:00:00,1.8737,1.8769,1.8686,1.8688,1153336.5
2025-12-28 09:00:00,1.8688,1.8691,1.8627,1.8648,1047911.2
2025-12-28 10:00:00,1.8649,1.8722,1.8648,1.8713,1076388.2
2025-12-28 11:00:00,1.8712,1.8741,1.8693,1.8722,770372.6
2025-12-28 12:00:00,1.8721,1.8728,1.8657,1.8663,799031.9
2025-12-28 13:00:00,1.8663,1.8706,1.8653,1.8673,960889.7
2025-12-28 14:00:00,1.8674,1.8766,1.8672,1.8711,1179356.2
2025-12-28 15:00:00,1.8711,1.8754,1.869,1.8701,1206091.6
2025-12-28 16:00:00,1.8701,1.8729,1.8656,1.8667,1142990.3
2025-12-28 17:00:00,1.8667,1.8716,1.8662,1.8682,632137.6
2025-12-28 18:00:00,1.8683,1.8686,1.8539,1.8569,3387431.3
2025-12-28 19:00:00,1.8569,1.8605,1.8539,1.8573,1449093.3
2025-12-28 20:00:00,1.8573,1.8628,1.8541,1.8582,910338.6
2025-12-28 21:00:00,1.8583,1.863,1.8556,1.8624,952908.0
2025-12-28 22:00:00,1.8624,1.871,1.86,1.8687,1040740.0
2025-12-28 23:00:00,1.8687,1.8708,1.8597,1.8654,1289949.4
2025-12-29 00:00:00,1.8655,1.8776,1.8629,1.8734,2201495.3
2025-12-29 01:00:00,1.8733,1.8867,1.8652,1.8821,4639628.5
2025-12-29 02:00:00,1.882,1.8972,1.882,1.8918,4252491.3
2025-12-29 03:00:00,1.8918,1.9175,1.8911,1.915,5001498.0
2025-12-29 04:00:00,1.9151,1.918,1.9099,1.9142,3273743.3
2025-12-29 05:00:00,1.9142,1.9148,1.9026,1.9026,5128270.0
2025-12-29 06:00:00,1.9026,1.9085,1.898,1.9017,2740441.8
2025-12-29 07:00:00,1.9018,1.904,1.8921,1.901,3345116.5
2025-12-29 08:00:00,1.901,1.9053,1.896,1.8986,2282423.4
2025-12-29 09:00:00,1.8986,1.8994,1.866,1.8761,5837400.5
2025-12-29 10:00:00,1.876,1.8834,1.8733,1.876,2147050.5
2025-12-29 11:00:00,1.876,1.8771,1.8714,1.8717,1741711.3
2025-12-29 12:00:00,1.8718,1.8737,1.8555,1.8671,5419026.8
2025-12-29 13:00:00,1.8672,1.8703,1.8579,1.8636,1793262.6
2025-12-29 14:00:00,1.8637,1.879,1.86,1.8669,3380835.7
2025-12-29 15:00:00,1.8669,1.8745,1.8635,1.8655,2713389.0
2025-12-29 16:00:00,1.8654,1.8689,1.8582,1.8622,1831604.3
2025-12-29 17:00:00,1.8622,1.8663,1.859,1.8657,1292041.4
2025-12-29 18:00:00,1.8656,1.8678,1.8548,1.8552,2158140.6
2025-12-29 19:00:00,1.8552,1.8598,1.85,1.8534,2400286.9
2025-12-29 20:00:00,1.8534,1.8576,1.845,1.8496,2583712.9
2025-12-29 21:00:00,1.8496,1.8543,1.8483,1.8539,1209181.9
2025-12-29 22:00:00,1.854,1.8558,1.8456,1.8524,1546688.8
2025-12-29 23:00:00,1.8523,1.8536,1.8476,1.8508,1346267.2
2025-12-30 00:00:00,1.8508,1.8548,1.8467,1.8514,1212182.0
2025-12-30 01:00:00,1.8514,1.8517,1.845,1.8477,996524.7
2025-12-30 02:00:00,1.8478,1.8522,1.8439,1.8521,2151898.6
2025-12-30 03:00:00,1.8522,1.8634,1.8488,1.8611,1659309.0
2025-12-30 04:00:00,1.8612,1.864,1.8574,1.8611,1244824.0
2025-12-30 05:00:00,1.8611,1.8626,1.8552,1.8589,1536885.7
2025-12-30 06:00:00,1.8589,1.8676,1.8585,1.862,1585046.4
2025-12-30 07:00:00,1.8619,1.8652,1.8565,1.8604,1489718.5
2025-12-30 08:00:00,1.8604,1.872,1.8598,1.867,3563568.0
2025-12-30 09:00:00,1.8671,1.8712,1.8644,1.869,1731824.9
2025-12-30 10:00:00,1.869,1.8697,1.8617,1.8618,1658955.4
2025-12-30 11:00:00,1.8619,1.8641,1.8602,1.8623,1219802.4
2025-12-30 12:00:00,1.8624,1.868,1.8617,1.8639,1383232.1
2025-12-30 13:00:00,1.8639,1.8651,1.8601,1.8638,1604473.7
2025-12-30 14:00:00,1.8638,1.8759,1.8542,1.8734,3989879.9
2025-12-30 15:00:00,1.8734,1.8795,1.8645,1.8776,2801127.8
2025-12-30 16:00:00,1.8777,1.882,1.8699,1.8781,2497424.7
2025-12-30 17:00:00,1.8782,1.8864,1.8722,1.8746,4233786.6
2025-12-30 18:00:00,1.8745,1.8837,1.8737,1.879,2413461.8
2025-12-30 19:00:00,1.879,1.8804,1.8712,1.8765,1802284.6
2025-12-30 20:00:00,1.8764,1.8767,1.8661,1.8691,3089208.0
2025-12-30 21:00:00,1.8692,1.8736,1.8682,1.8733,1332275.5
2025-12-30 22:00:00,1.8734,1.8787,1.8718,1.8721,1885126.9
2025-12-30 23:00:00,1.872,1.8783,1.8711,1.8776,1254914.4
2025-12-31 00:00:00,1.8776,1.8776,1.8719,1.874,1515862.7
2025-12-31 01:00:00,1.874,1.8839,1.8719,1.8795,2214593.3
2025-12-31 02:00:00,1.8795,1.88,1.8761,1.8793,1663082.0
2025-12-31 03:00:00,1.8793,1.8797,1.8697,1.872,1252699.7
2025-12-31 04:00:00,1.8721,1.8724,1.8672,1.8684,1155580.9
2025-12-31 05:00:00,1.8684,1.8729,1.8681,1.8723,1199655.2
2025-12-31 06:00:00,1.8723,1.8757,1.8705,1.8731,907936.0
2025-12-31 07:00:00,1.8731,1.8731,1.8685,1.8727,846619.6
2025-12-31 08:00:00,1.8727,1.875,1.8655,1.8674,1409549.9
2025-12-31 09:00:00,1.8674,1.8719,1.8674,1.8709,871093.6
2025-12-31 10:00:00,1.8709,1.8737,1.8698,1.8722,1418173.1
2025-12-31 11:00:00,1.8723,1.883,1.872,1.879,3082727.3
2025-12-31 12:00:00,1.8789,1.8792,1.8733,1.8761,1420659.1
2025-12-31 13:00:00,1.8762,1.8783,1.8728,1.8761,1640747.1
2025-12-31 14:00:00,1.8762,1.883,1.864,1.8665,3532083.9
2025-12-31 15:00:00,1.8665,1.8677,1.8534,1.8594,3967051.0
2025-12-31 16:00:00,1.8594,1.86,1.8406,1.8442,6247770.1
2025-12-31 17:00:00,1.8442,1.8458,1.8337,1.8348,4526136.3
2025-12-31 18:00:00,1.8348,1.8416,1.8324,1.8346,2573264.2
2025-12-31 19:00:00,1.8346,1.8388,1.8264,1.8287,4256600.7
2025-12-31 20:00:00,1.8287,1.835,1.8123,1.8301,6621810.7
2025-12-31 21:00:00,1.8302,1.8433,1.8277,1.8415,2359461.2
2025-12-31 22:00:00,1.8415,1.8481,1.8373,1.8412,2124636.8
2025-12-31 23:00:00,1.8411,1.8448,1.8394,1.8423,1527099.4
2026-01-01 00:00:00,1.8424,1.8499,1.8404,1.8456,2837629.1
2026-01-01 01:00:00,1.8455,1.8478,1.8403,1.8415,1694837.3
2026-01-01 02:00:00,1.8416,1.8431,1.8392,1.8399,1450616.9
2026-01-01 03:00:00,1.8399,1.8419,1.8342,1.8345,1732842.6
2026-01-01 04:00:00,1.8345,1.8348,1.8261,1.8308,2613276.3
2026-01-01 05:00:00,1.8308,1.8558,1.8307,1.8449,3351623.8
2026-01-01 06:00:00,1.8449,1.848,1.8444,1.8456,1145970.2
2026-01-01 07:00:00,1.8456,1.8472,1.8416,1.8423,834952.5
2026-01-01 08:00:00,1.8423,1.8513,1.8419,1.8501,894406.9
2026-01-01 09:00:00,1.8502,1.8552,1.8493,1.8523,1135311.1
2026-01-01 10:00:00,1.8524,1.855,1.8515,1.8533,982758.2
2026-01-01 11:00:00,1.8534,1.8564,1.85,1.8554,1481068.8
2026-01-01 12:00:00,1.8554,1.8564,1.8514,1.8528,1111166.6
2026-01-01 13:00:00,1.8529,1.8593,1.8521,1.8583,1761688.5
2026-01-01 14:00:00,1.8583,1.8602,1.8525,1.8562,2365405.8
2026-01-01 15:00:00,1.8562,1.8678,1.8521,1.8628,2359586.4
2026-01-01 16:00:00,1.8628,1.8648,1.8563,1.8646,1971148.3
2026-01-01 17:00:00,1.8646,1.8754,1.8645,1.8689,2667478.3
2026-01-01 18:00:00,1.8689,1.8714,1.8652,1.8691,1586230.1
2026-01-01 19:00:00,1.8691,1.8742,1.8674,1.8742,863679.8
2026-01-01 20:00:00,1.8742,1.8764,1.8682,1.8718,1439830.9
2026-01-01 21:00:00,1.8718,1.873,1.8674,1.8712,1054705.7
2026-01-01 22:00:00,1.8711,1.8765,1.8684,1.8762,1178707.7
2026-01-01 23:00:00,1.8762,1.8811,1.872,1.8799,2567667.3
2026-01-02 00:00:00,1.8799,1.882,1.875,1.8792,1947187.2
2026-01-02 01:00:00,1.8792,1.88,1.872,1.8725,2039701.8
2026-01-02 02:00:00,1.8724,1.8772,1.8689,1.8772,1104566.7
2026-01-02 03:00:00,1.8772,1.8925,1.8754,1.8886,4720750.3
2026-01-02 04:00:00,1.8887,1.8905,1.8761,1.877,1918267.7
2026-01-02 05:00:00,1.877,1.8775,1.8721,1.8759,1970439.8
2026-01-02 06:00:00,1.876,1.8816,1.8747,1.8773,3528959.2
2026-01-02 07:00:00,1.8772,1.8783,1.8708,1.8718,1027244.3
2026-01-02 08:00:00,1.8719,1.8811,1.8715,1.8806,1311074.6
2026-01-02 09:00:00,1.8806,1.9017,1.8785,1.8971,6043631.9
2026-01-02 10:00:00,1.8972,1.9091,1.8968,1.8973,4727152.6
2026-01-02 11:00:00,1.8973,1.8978,1.8873,1.8911,2959917.3
2026-01-02 12:00:00,1.8912,1.9025,1.8897,1.899,2454700.4
2026-01-02 13:00:00,1.8991,1.9049,1.896,1.8968,3143476.3
2026-01-02 14:00:00,1.8969,1.9232,1.8874,1.9169,10414707.9
2026-01-02 15:00:00,1.9169,1.9253,1.8987,1.9184,6754230.5
2026-01-02 16:00:00,1.9185,1.9643,1.9158,1.963,14471982.4
2026-01-02 17:00:00,1.9629,1.9979,1.9628,1.9926,15456116.2
2026-01-02 18:00:00,1.9926,1.998,1.9693,1.9782,8763403.4
2026-01-02 19:00:00,1.9783,1.9956,1.9724,1.9916,5300579.0
2026-01-02 20:00:00,1.9915,1.9976,1.9774,1.9793,5953650.1
2026-01-02 21:00:00,1.9793,2.0215,1.9793,2.0171,9582604.7
2026-01-02 22:00:00,2.0171,2.0315,2.0102,2.0155,7385540.1
2026-01-02 23:00:00,2.0156,2.0188,2.0046,2.0069,4368022.8
2026-01-03 00:00:00,2.0068,2.0396,2.0068,2.0148,6950491.7
2026-01-03 01:00:00,2.0147,2.0323,2.012,2.0303,3234653.5
2026-01-03 02:00:00,2.0304,2.0306,2.0192,2.0251,2156609.9
2026-01-03 03:00:00,2.0251,2.0427,2.0194,2.0402,3746503.8
2026-01-03 04:00:00,2.0402,2.056,2.0379,2.0489,6840111.2
2026-01-03 05:00:00,2.0489,2.0561,2.0283,2.0315,5570846.6
2026-01-03 06:00:00,2.0315,2.0357,2.008,2.0115,4687207.9
2026-01-03 07:00:00,2.0115,2.0157,1.9844,1.9941,9286416.4
2026-01-03 08:00:00,1.9941,2.0105,1.9924,2.0077,3553731.7
2026-01-03 09:00:00,2.0077,2.0217,2.0058,2.0138,3237247.3
2026-01-03 10:00:00,2.0139,2.0147,2.0035,2.0055,2548026.9
2026-01-03 11:00:00,2.0055,2.0059,1.9975,1.9994,2053563.3
2026-01-03 12:00:00,1.9995,2.0057,1.9941,2.0028,2173111.6
2026-01-03 13:00:00,2.0029,2.0096,2.0001,2.0052,2321394.8
2026-01-03 14:00:00,2.0052,2.0188,2.0045,2.011,2669065.2
2026-01-03 15:00:00,2.011,2.013,2.0052,2.0064,1497523.0
2026-01-03 16:00:00,2.0065,2.0111,2.0002,2.0024,1752116.6
2026-01-03 17:00:00,2.0023,2.0052,1.9964,2.002,1418745.5
2026-01-03 18:00:00,2.0021,2.0112,1.9976,2.01,1875596.1
2026-01-03 19:00:00,2.0099,2.0099,2.0032,2.0073,1102336.5
2026-01-03 20:00:00,2.0073,2.011,1.999,2.008,1604066.2
2026-01-03 21:00:00,2.0079,2.0146,2.0048,2.0094,1414236.4
2026-01-03 22:00:00,2.0094,2.0174,2.004,2.0145,975275.7
2026-01-03 23:00:00,2.0145,2.0188,2.0124,2.0182,1717644.3
2026-01-04 00:00:00,2.0182,2.0485,2.0163,2.0428,6586091.8
2026-01-04 01:00:00,2.0429,2.043,2.0267,2.0353,3213530.0
2026-01-04 02:00:00,2.0353,2.0374,2.027,2.0311,4086891.3
2026-01-04 03:00:00,2.0311,2.062,2.0305,2.0581,11652545.6
2026-01-04 04:00:00,2.0581,2.0693,2.0525,2.061,8467599.0
2026-01-04 05:00:00,2.0611,2.0759,2.0556,2.067,7497689.4
2026-01-04 06:00:00,2.067,2.0735,2.0578,2.0677,4614067.2
2026-01-04 07:00:00,2.0678,2.0812,2.0617,2.0721,4347166.8
2026-01-04 08:00:00,2.0721,2.085,2.0601,2.0777,5860102.5
2026-01-04 09:00:00,2.0776,2.0898,2.0673,2.0866,3741777.3
2026-01-04 10:00:00,2.0865,2.0929,2.0784,2.0912,3574014.8
2026-01-04 11:00:00,2.0912,2.0974,2.0833,2.0952,3168916.7
2026-01-04 12:00:00,2.0951,2.1204,2.0921,2.1178,8746066.1
2026-01-04 13:00:00,2.1177,2.1177,2.0914,2.102,6179073.3
2026-01-04 14:00:00,2.1019,2.1072,2.0814,2.0909,6038229.6
2026-01-04 15:00:00,2.0909,2.0971,2.0823,2.0905,3387184.7
2026-01-04 16:00:00,2.0906,2.0938,2.0831,2.0913,5392778.3
2026-01-04 17:00:00,2.0912,2.1035,2.09,2.0956,2450387.1
2026-01-04 18:00:00,2.0956,2.096,2.0741,2.0876,4154829.2
2026-01-04 19:00:00,2.0877,2.0893,2.0722,2.0847,3363426.1
2026-01-04 20:00:00,2.0848,2.0952,2.0812,2.0925,1610081.1
2026-01-04 21:00:00,2.0926,2.1032,2.0891,2.097,2422653.8
2026-01-04 22:00:00,2.097,2.1,2.0795,2.0863,1284973.0
2026-01-04 23:00:00,2.0862,2.0982,2.0842,2.0909,1917011.6
2026-01-05 00:00:00,2.0908,2.1174,2.0877,2.1127,7403769.2
2026-01-05 01:00:00,2.1127,2.1665,2.1097,2.157,11426077.6
2026-01-05 02:00:00,2.1571,2.1618,2.136,2.144,7375155.2
2026-01-05 03:00:00,2.1441,2.1538,2.1371,2.1429,4248378.0
2026-01-05 04:00:00,2.1429,2.1463,2.1182,2.1271,4693930.9
2026-01-05 05:00:00,2.127,2.1382,2.1218,2.1234,2522422.8
2026-01-05 06:00:00,2.1234,2.1286,2.11,2.1236,2806443.0
2026-01-05 07:00:00,2.1237,2.1355,2.1235,2.134,2411660.3
2026-01-05 08:00:00,2.134,2.153,2.1314,2.1397,4332384.1
2026-01-05 09:00:00,2.1396,2.1476,2.1285,2.1377,5005311.1
2026-01-05 10:00:00,2.1376,2.1495,2.1319,2.138,4216312.7
2026-01-05 11:00:00,2.1379,2.138,2.1254,2.1336,2685736.8
2026-01-05 12:00:00,2.1337,2.1382,2.1232,2.1273,3075012.0
2026-01-05 13:00:00,2.1274,2.1319,2.1122,2.117,4192592.6
2026-01-05 14:00:00,2.1171,2.154,2.1121,2.1498,8006100.9
2026-01-05 15:00:00,2.1499,2.1695,2.1381,2.1652,9767009.9
2026-01-05 16:00:00,2.1653,2.1966,2.1645,2.1943,11461185.7
2026-01-05 17:00:00,2.1942,2.2078,2.1681,2.2072,9311778.2
2026-01-05 18:00:00,2.2071,2.2694,2.1999,2.2674,21067948.9
2026-01-05 19:00:00,2.2674,2.282,2.2581,2.2782,17205336.2
2026-01-05 20:00:00,2.2782,2.3497,2.2761,2.3163,34413059.4
2026-01-05 21:00:00,2.3163,2.3437,2.3127,2.3359,10145380.3
2026-01-05 22:00:00,2.3358,2.3456,2.322,2.3352,9241648.5
2026-01-05 23:00:00,2.3352,2.3695,2.3341,2.3478,13303391.0
2026-01-06 00:00:00,2.3479,2.374,2.3164,2.3717,17924959.2
2026-01-06 01:00:00,2.3718,2.405,2.3618,2.3742,18492355.3
2026-01-06 02:00:00,2.3743,2.4172,2.3718,2.393,11582194.0
2026-01-06 03:00:00,2.393,2.4016,2.3794,2.3861,6310164.1
2026-01-06 04:00:00,2.386,2.394,2.3657,2.388,6961365.2
2026-01-06 05:00:00,2.388,2.4084,2.3826,2.39,8439909.6
2026-01-06 06:00:00,2.3901,2.4005,2.3746,2.3764,7283123.1
2026-01-06 07:00:00,2.3764,2.3773,2.3215,2.3303,13872145.0
2026-01-06 08:00:00,2.3304,2.3466,2.3254,2.3324,8142513.4
2026-01-06 09:00:00,2.3323,2.36,2.3304,2.352,5346261.2
2026-01-06 10:00:00,2.3521,2.3646,2.3463,2.3611,3852424.4
2026-01-06 11:00:00,2.3612,2.3777,2.3566,2.3776,5806145.2
2026-01-06 12:00:00,2.3776,2.3954,2.3684,2.3741,7518999.2
2026-01-06 13:00:00,2.374,2.3799,2.3666,2.3716,4525982.7
2026-01-06 14:00:00,2.3715,2.3996,2.3676,2.3794,14667626.1
2026-01-06 15:00:00,2.3794,2.3925,2.3349,2.3491,11870743.4
2026-01-06 16:00:00,2.349,2.3551,2.2671,2.2819,38411798.8
2026-01-06 17:00:00,2.2818,2.2889,2.2079,2.2092,30983959.9
2026-01-06 18:00:00,2.2091,2.256,2.2046,2.2458,11779249.5
2026-01-06 19:00:00,2.2459,2.258,2.2246,2.2278,4979859.8
2026-01-06 20:00:00,2.2277,2.2673,2.2276,2.2574,9334916.9
2026-01-06 21:00:00,2.2574,2.2917,2.2494,2.2833,9824070.1
2026-01-06 22:00:00,2.2832,2.2999,2.2753,2.2918,5235056.8
2026-01-06 23:00:00,2.2918,2.3122,2.2866,2.3042,7226285.2
2026-01-07 00:00:00,2.3042,2.3205,2.2824,2.283,8572541.8
2026-01-07 01:00:00,2.283,2.2934,2.2565,2.2658,6117763.3
2026-01-07 02:00:00,2.2657,2.28,2.2576,2.2756,3542464.2
2026-01-07 03:00:00,2.2757,2.2813,2.2614,2.2665,2215085.0
2026-01-07 04:00:00,2.2665,2.275,2.258,2.259,2273281.8
2026-01-07 05:00:00,2.259,2.2649,2.2451,2.2518,4000589.3
2026-01-07 06:00:00,2.2519,2.2704,2.2505,2.2643,2148010.0
2026-01-07 07:00:00,2.2643,2.2867,2.2643,2.2803,2857008.9
2026-01-07 08:00:00,2.2803,2.2913,2.2737,2.2838,3041963.2
2026-01-07 09:00:00,2.2838,2.2841,2.2327,2.2402,7152000.2
2026-01-07 10:00:00,2.2402,2.2529,2.2356,2.2493,3198496.3
2026-01-07 11:00:00,2.2493,2.2583,2.2456,2.2503,2037276.6
2026-01-07 12:00:00,2.2504,2.2556,2.2423,2.2479,2360869.5
2026-01-07 13:00:00,2.248,2.2557,2.237,2.2444,3218954.9
2026-01-07 14:00:00,2.2445,2.2448,2.2061,2.2292,12216739.6
2026-01-07 15:00:00,2.2292,2.2302,2.1834,2.1955,11903598.6
2026-01-07 16:00:00,2.1954,2.2233,2.1937,2.2019,5624837.8
2026-01-07 17:00:00,2.2019,2.2099,2.1882,2.1937,3939609.4
2026-01-07 18:00:00,2.1937,2.2042,2.1823,2.1879,4704710.8
2026-01-07 19:00:00,2.188,2.199,2.171,2.1938,5714196.0
2026-01-07 20:00:00,2.1938,2.199,2.172,2.1743,4161928.6
2026-01-07 21:00:00,2.1742,2.1862,2.1728,2.1791,3015394.0
2026-01-07 22:00:00,2.179,2.1923,2.1669,2.1694,4694920.8
2026-01-07 23:00:00,2.1695,2.1816,2.1517,2.1657,6891037.1
2026-01-08 00:00:00,2.1658,2.1742,2.1475,2.1699,5442229.7
2026-01-08 01:00:00,2.17,2.191,2.1697,2.1826,5189535.2
2026-01-08 02:00:00,2.1826,2.1925,2.16,2.1678,5728064.3
2026-01-08 03:00:00,2.1678,2.1766,2.1456,2.1502,3970680.4
2026-01-08 04:00:00,2.1502,2.1724,2.146,2.1619,2361756.3
2026-01-08 05:00:00,2.1619,2.1664,2.1402,2.1431,2671235.5
2026-01-08 06:00:00,2.1431,2.1467,2.108,2.1081,9787558.5
2026-01-08 07:00:00,2.108,2.1233,2.0976,2.1197,8712997.2
2026-01-08 08:00:00,2.1196,2.1344,2.108,2.1128,5653415.2
2026-01-08 09:00:00,2.1127,2.122,2.094,2.0963,3967068.5
2026-01-08 10:00:00,2.0964,2.1074,2.081,2.1036,6155776.1
2026-01-08 11:00:00,2.1036,2.1055,2.0813,2.0922,5940970.3
2026-01-08 12:00:00,2.0923,2.0923,2.0727,2.0812,5631861.4
2026-01-08 13:00:00,2.0811,2.0956,2.0788,2.0875,2795826.5
2026-01-08 14:00:00,2.0875,2.0985,2.0649,2.087,23345619.1
2026-01-08 15:00:00,2.0869,2.1284,2.0737,2.1271,14219934.6
2026-01-08 16:00:00,2.127,2.1456,2.112,2.1455,13937632.6
2026-01-08 17:00:00,2.1456,2.1689,2.1386,2.1636,10827227.9
2026-01-08 18:00:00,2.1635,2.165,2.1238,2.1368,5152327.7
2026-01-08 19:00:00,2.1369,2.15,2.1304,2.1357,2674811.6
2026-01-08 20:00:00,2.1356,2.1356,2.1132,2.127,4408342.4
2026-01-08 21:00:00,2.1271,2.1446,2.1233,2.14,3253824.2
2026-01-08 22:00:00,2.1399,2.1481,2.1216,2.1338,2669150.1
2026-01-08 23:00:00,2.1338,2.1366,2.1212,2.1232,2038235.2
2026-01-09 00:00:00,2.1232,2.1374,2.1212,2.1321,1724919.6
2026-01-09 01:00:00,2.1322,2.1429,2.1095,2.1099,4841742.3
2026-01-09 02:00:00,2.11,2.1364,2.1085,2.1182,5628204.4
2026-01-09 03:00:00,2.1182,2.1369,2.1168,2.1355,2387683.4
2026-01-09 04:00:00,2.1356,2.1382,2.127,2.1275,1934303.9
2026-01-09 05:00:00,2.1275,2.1384,2.1255,2.1381,3902115.8
2026-01-09 06:00:00,2.138,2.1474,2.1302,2.1439,4656552.7
2026-01-09 07:00:00,2.144,2.144,2.1196,2.1202,3627110.9
2026-01-09 08:00:00,2.1203,2.1236,2.0727,2.0839,9124915.1
2026-01-09 09:00:00,2.0838,2.1081,2.0832,2.0962,7735254.3
2026-01-09 10:00:00,2.0962,2.1062,2.0925,2.1006,2285175.7
2026-01-09 11:00:00,2.1006,2.1091,2.0966,2.1028,2696275.3
2026-01-09 12:00:00,2.1029,2.1046,2.0902,2.0969,3566717.0
2026-01-09 13:00:00,2.0969,2.1193,2.0929,2.1061,8361654.0
2026-01-09 14:00:00,2.1061,2.1079,2.0809,2.0906,7521357.6
2026-01-09 15:00:00,2.0906,2.1622,2.0794,2.1176,19349373.1
2026-01-09 16:00:00,2.1177,2.1453,2.1154,2.1318,8334510.4
2026-01-09 17:00:00,2.1318,2.1328,2.0923,2.1074,4955474.8
2026-01-09 18:00:00,2.1073,2.1103,2.0759,2.0925,4223622.9
2026-01-09 19:00:00,2.0925,2.0931,2.0781,2.083,2721227.9
2026-01-09 20:00:00,2.0829,2.0929,2.0801,2.0848,2502682.2
2026-01-09 21:00:00,2.0848,2.0954,2.0762,2.0927,2395325.6
2026-01-09 22:00:00,2.0927,2.1013,2.088,2.0979,1943928.2
2026-01-09 23:00:00,2.098,2.0987,2.0918,2.0958,1356964.9
2026-01-10 00:00:00,2.0958,2.0971,2.0892,2.0923,1557381.1
2026-01-10 01:00:00,2.0922,2.0974,2.09,2.0955,1120911.1
2026-01-10 02:00:00,2.0956,2.1016,2.0901,2.0945,984748.0
2026-01-10 03:00:00,2.0945,2.098,2.0873,2.0911,1005730.1
2026-01-10 04:00:00,2.0911,2.0918,2.0825,2.0838,1259532.1
2026-01-10 05:00:00,2.0839,2.0928,2.0806,2.0898,856059.6
2026-01-10 06:00:00,2.0899,2.0947,2.0854,2.0929,1417253.9
2026-01-10 07:00:00,2.0929,2.1008,2.0922,2.1006,1420619.3
2026-01-10 08:00:00,2.1006,2.1023,2.0904,2.0938,1364605.5
2026-01-10 09:00:00,2.0938,2.0988,2.0915,2.0975,1098254.5
2026-01-10 10:00:00,2.0975,2.1053,2.0954,2.1049,1621770.0
2026-01-10 11:00:00,2.1049,2.1052,2.099,2.1028,1269317.3
2026-01-10 12:00:00,2.1028,2.1106,2.1,2.1013,1867996.3
2026-01-10 13:00:00,2.1012,2.1013,2.0907,2.0921,1583493.5
2026-01-10 14:00:00,2.092,2.0929,2.0874,2.0908,1933891.4
2026-01-10 15:00:00,2.0909,2.0951,2.0895,2.093,1684804.9
2026-01-10 16:00:00,2.093,2.0973,2.0896,2.0946,1252316.4
2026-01-10 17:00:00,2.0945,2.0977,2.0884,2.0907,1633619.3
2026-01-10 18:00:00,2.0907,2.101,2.0878,2.0971,1333531.9
2026-01-10 19:00:00,2.0972,2.0985,2.0923,2.0946,667545.6
2026-01-10 20:00:00,2.0946,2.0953,2.0913,2.0919,732171.8
2026-01-10 21:00:00,2.0919,2.0919,2.0882,2.0913,1064803.6
2026-01-10 22:00:00,2.0913,2.0958,2.0825,2.0858,1630664.0
2026-01-10 23:00:00,2.0857,2.0926,2.0854,2.0907,1228960.1
2026-01-11 00:00:00,2.0907,2.095,2.0871,2.09,1762509.4
2026-01-11 01:00:00,2.09,2.0934,2.0864,2.0928,1020195.1
2026-01-11 02:00:00,2.0927,2.0966,2.0892,2.0926,1246385.6
2026-01-11 03:00:00,2.0925,2.0953,2.0918,2.0953,1097887.2
2026-01-11 04:00:00,2.0953,2.0954,2.0896,2.0928,859548.0
2026-01-11 05:00:00,2.0928,2.0961,2.0895,2.0959,791285.2
2026-01-11 06:00:00,2.0959,2.0961,2.0863,2.095,1096078.1
2026-01-11 07:00:00,2.095,2.099,2.0904,2.0926,885262.7
2026-01-11 08:00:00,2.0927,2.0984,2.0881,2.0966,1269021.3
2026-01-11 09:00:00,2.0966,2.0973,2.0906,2.0921,1015318.5
2026-01-11 10:00:00,2.0921,2.0955,2.09,2.093,1073048.1
2026-01-11 11:00:00,2.0931,2.0961,2.0913,2.0961,899311.7
2026-01-11 12:00:00,2.0961,2.1063,2.0958,2.1042,2278045.1
2026-01-11 13:00:00,2.1041,2.1051,2.0941,2.0977,2087083.1
2026-01-11 14:00:00,2.0977,2.1099,2.0973,2.1085,1972609.8
2026-01-11 15:00:00,2.1084,2.11,2.0839,2.0893,4370128.3
2026-01-11 16:00:00,2.0893,2.1035,2.087,2.0945,3354446.2
2026-01-11 17:00:00,2.0946,2.0982,2.0859,2.0941,1484556.3
2026-01-11 18:00:00,2.0941,2.0959,2.0875,2.0931,1310276.9
2026-01-11 19:00:00,2.0931,2.0968,2.0853,2.0869,1178834.9
2026-01-11 20:00:00,2.0869,2.0869,2.045,2.0653,10653276.7
2026-01-11 21:00:00,2.0652,2.0755,2.055,2.0741,2756786.5
2026-01-11 22:00:00,2.0741,2.0741,2.0566,2.0615,2562001.0
2026-01-11 23:00:00,2.0614,2.0786,2.0471,2.0745,3521682.5
2026-01-12 00:00:00,2.0745,2.0745,2.0364,2.0553,8639410.1
2026-01-12 01:00:00,2.0554,2.078,2.054,2.0643,8556987.3
2026-01-12 02:00:00,2.0644,2.1069,2.0619,2.1,7563277.4
2026-01-12 03:00:00,2.1001,2.1058,2.08,2.0827,5539006.0
2026-01-12 04:00:00,2.0827,2.0956,2.0812,2.091,4642634.2
2026-01-12 05:00:00,2.0911,2.092,2.0821,2.0831,2454205.3
2026-01-12 06:00:00,2.0831,2.0858,2.0689,2.0708,7118438.7
2026-01-12 07:00:00,2.0707,2.077,2.052,2.0536,4917896.8
2026-01-12 08:00:00,2.0536,2.0605,2.035,2.0502,5838626.2
2026-01-12 09:00:00,2.0503,2.0543,2.0428,2.0443,3917500.3
2026-01-12 10:00:00,2.0443,2.0488,2.035,2.0365,2385871.5
2026-01-12 11:00:00,2.0364,2.0491,2.035,2.0485,3658679.2
2026-01-12 12:00:00,2.0486,2.0552,2.0473,2.05,1961341.9
2026-01-12 13:00:00,2.05,2.0604,2.0434,2.0522,2124867.0
2026-01-12 14:00:00,2.0521,2.0767,2.0406,2.0728,6240831.4
2026-01-12 15:00:00,2.0728,2.0945,2.069,2.0941,5847841.7
2026-01-12 16:00:00,2.094,2.1086,2.0864,2.0943,8273705.9
2026-01-12 17:00:00,2.0944,2.0995,2.0535,2.0678,5942058.4
2026-01-12 18:00:00,2.0678,2.0777,2.0603,2.067,2032698.0
2026-01-12 19:00:00,2.067,2.0723,2.0583,2.0701,1778775.5
2026-01-12 20:00:00,2.0701,2.0759,2.0631,2.0643,2778201.0
2026-01-12 21:00:00,2.0642,2.0653,2.04,2.0492,4560334.5
2026-01-12 22:00:00,2.0492,2.06,2.0492,2.0545,1967838.2
2026-01-12 23:00:00,2.0546,2.0585,2.0459,2.054,1399011.8
2026-01-13 00:00:00,2.0541,2.0609,2.0513,2.0593,1631583.6
2026-01-13 01:00:00,2.0592,2.0644,2.0487,2.0538,1220830.6
2026-01-13 02:00:00,2.0539,2.0607,2.0507,2.0523,1597335.7
2026-01-13 03:00:00,2.0524,2.0587,2.0474,2.0501,1880774.1
2026-01-13 04:00:00,2.0501,2.0594,2.0497,2.0581,1946706.3
2026-01-13 05:00:00,2.0582,2.0808,2.0574,2.0636,3367165.2
2026-01-13 06:00:00,2.0635,2.0675,2.0574,2.0631,3134001.7
2026-01-13 07:00:00,2.0631,2.0633,2.0523,2.0533,2687192.5
2026-01-13 08:00:00,2.0533,2.0691,2.0532,2.0658,2663241.1
2026-01-13 09:00:00,2.0657,2.0745,2.0596,2.0655,3062938.1
2026-01-13 10:00:00,2.0656,2.0699,2.0579,2.0605,2238358.3
2026-01-13 11:00:00,2.0606,2.0636,2.0575,2.0606,2662470.1
2026-01-13 12:00:00,2.0605,2.0645,2.056,2.0638,1884953.3
2026-01-13 13:00:00,2.0637,2.079,2.0597,2.0688,5959975.9
2026-01-13 14:00:00,2.0688,2.0977,2.061,2.078,7141670.1
2026-01-13 15:00:00,2.078,2.1016,2.0664,2.0987,5963240.1
2026-01-13 16:00:00,2.0986,2.115,2.0887,2.105,11196634.4
2026-01-13 17:00:00,2.105,2.1086,2.0844,2.0921,5624698.0
2026-01-13 18:00:00,2.092,2.1134,2.0887,2.1066,3873273.5
2026-01-13 19:00:00,2.1067,2.1397,2.1037,2.1397,4986971.9
2026-01-13 20:00:00,2.1397,2.15,2.1193,2.1329,9145237.3
2026-01-13 21:00:00,2.1328,2.1425,2.1205,2.1206,3205799.2
2026-01-13 22:00:00,2.1206,2.1821,2.1205,2.1746,17309806.7
2026-01-13 23:00:00,2.1747,2.185,2.1503,2.1655,8989148.6
2026-01-14 00:00:00,2.1656,2.1784,2.1567,2.167,4532992.2
2026-01-14 01:00:00,2.1671,2.1771,2.159,2.1749,5717215.9
2026-01-14 02:00:00,2.175,2.1924,2.1679,2.1714,6453848.4
2026-01-14 03:00:00,2.1714,2.185,2.1658,2.1838,4343501.2
2026-01-14 04:00:00,2.1839,2.1861,2.1626,2.1628,4278631.5
2026-01-14 05:00:00,2.1628,2.1639,2.1515,2.1527,6401542.1
2026-01-14 06:00:00,2.1527,2.1527,2.1333,2.1489,9517477.2
2026-01-14 07:00:00,2.1489,2.1563,2.1395,2.1484,5854714.6
2026-01-14 08:00:00,2.1484,2.1529,2.1422,2.1423,3355278.1
2026-01-14 09:00:00,2.1422,2.1537,2.1414,2.147,3724747.9
2026-01-14 10:00:00,2.1469,2.1491,2.1282,2.1354,3713810.2
2026-01-14 11:00:00,2.1353,2.1353,2.1116,2.1156,4485453.3
2026-01-14 12:00:00,2.1156,2.1269,2.1116,2.1253,3063512.9
2026-01-14 13:00:00,2.1252,2.1316,2.1116,2.116,3259880.6
2026-01-14 14:00:00,2.116,2.1693,2.1148,2.1598,11189514.0
2026-01-14 15:00:00,2.1598,2.1741,2.1427,2.1563,13716844.6
2026-01-14 16:00:00,2.1563,2.1765,2.1563,2.1601,8857707.3
2026-01-14 17:00:00,2.1603,2.1668,2.1362,2.1387,6343300.1
2026-01-14 18:00:00,2.1387,2.1532,2.1246,2.14,6126803.3
2026-01-14 19:00:00,2.14,2.165,2.1342,2.1462,5701087.4
2026-01-14 20:00:00,2.1461,2.1613,2.1395,2.1495,5394285.4
2026-01-14 21:00:00,2.1494,2.1549,2.1413,2.1477,2493774.7
2026-01-14 22:00:00,2.1477,2.1478,2.1314,2.1358,3974015.0
2026-01-14 23:00:00,2.1357,2.1469,2.1318,2.1394,2501665.6
2026-01-15 00:00:00,2.1393,2.1434,2.1285,2.1327,3366791.3
2026-01-15 01:00:00,2.1328,2.14,2.1164,2.1192,3642454.3
2026-01-15 02:00:00,2.1192,2.1257,2.0999,2.1048,5621161.9
2026-01-15 03:00:00,2.1048,2.1082,2.0819,2.0884,6918106.3
2026-01-15 04:00:00,2.0884,2.1043,2.0861,2.1022,3665561.7
2026-01-15 05:00:00,2.1021,2.1065,2.0969,2.0993,2674553.8
2026-01-15 06:00:00,2.0993,2.1023,2.0894,2.0913,3643608.1
2026-01-15 07:00:00,2.0913,2.1057,2.0893,2.1012,2790677.7
2026-01-15 08:00:00,2.1012,2.105,2.0959,2.104,2443992.0
2026-01-15 09:00:00,2.1041,2.1223,2.097,2.1171,4151568.7
2026-01-15 10:00:00,2.1171,2.1206,2.1084,2.1156,2704634.5
2026-01-15 11:00:00,2.1156,2.1229,2.1094,2.112,2325749.3
2026-01-15 12:00:00,2.112,2.1199,2.1074,2.1181,1700266.6
2026-01-15 13:00:00,2.1182,2.1322,2.1153,2.1293,3062459.1
2026-01-15 14:00:00,2.1293,2.1325,2.0889,2.0967,5984660.9
2026-01-15 15:00:00,2.0967,2.1072,2.0683,2.0956,9692734.6
2026-01-15 16:00:00,2.0956,2.1007,2.084,2.0919,4613575.0
2026-01-15 17:00:00,2.0919,2.0982,2.0791,2.0813,2927594.6
2026-01-15 18:00:00,2.0813,2.0836,2.065,2.0705,4269213.9
2026-01-15 19:00:00,2.0705,2.0723,2.0532,2.0658,4458333.7
2026-01-15 20:00:00,2.0658,2.0712,2.058,2.0615,3402925.3
2026-01-15 21:00:00,2.0616,2.0753,2.0616,2.0743,1903640.9
2026-01-15 22:00:00,2.0743,2.0801,2.0679,2.0753,2029170.8
2026-01-15 23:00:00,2.0753,2.0804,2.0711,2.0789,1646248.7
2026-01-16 00:00:00,2.0789,2.0866,2.076,2.0821,1802250.8
2026-01-16 01:00:00,2.0822,2.0863,2.0749,2.0773,1160223.4
2026-01-16 02:00:00,2.0773,2.0773,2.067,2.0756,1680902.3
2026-01-16 03:00:00,2.0755,2.0791,2.0645,2.0646,1375542.0
2026-01-16 04:00:00,2.0647,2.0712,2.0577,2.0636,2051082.9
2026-01-16 05:00:00,2.0637,2.0746,2.0615,2.0721,2115356.1
2026-01-16 06:00:00,2.0721,2.0754,2.0675,2.0736,2344984.2
2026-01-16 07:00:00,2.0737,2.0779,2.0689,2.0737,1884208.5
2026-01-16 08:00:00,2.0737,2.0817,2.0725,2.0748,1413233.6
2026-01-16 09:00:00,2.0747,2.0768,2.0665,2.067,1495358.0
2026-01-16 10:00:00,2.067,2.0674,2.0592,2.0615,1916145.4
2026-01-16 11:00:00,2.0616,2.0662,2.0586,2.0652,1613111.2
2026-01-16 12:00:00,2.0652,2.0682,2.0602,2.0628,2459515.7
2026-01-16 13:00:00,2.0629,2.0629,2.0525,2.0578,2875072.2
2026-01-16 14:00:00,2.0579,2.0671,2.0551,2.0558,4586527.2
2026-01-16 15:00:00,2.0558,2.0654,2.0263,2.0325,12366138.5
2026-01-16 16:00:00,2.0325,2.0481,2.0299,2.0439,4151980.7
2026-01-16 17:00:00,2.0439,2.0539,2.0381,2.0519,1632899.1
2026-01-16 18:00:00,2.0519,2.0543,2.0463,2.0501,1844589.1
2026-01-16 19:00:00,2.0501,2.0568,2.043,2.055,1705189.5
2026-01-16 20:00:00,2.055,2.0798,2.0476,2.0791,2641110.4
2026-01-16 21:00:00,2.0791,2.0798,2.0683,2.074,2782158.4
2026-01-16 22:00:00,2.0741,2.0766,2.0688,2.0739,1735124.3
2026-01-16 23:00:00,2.0739,2.074,2.0676,2.0678,1261916.0
2026-01-17 00:00:00,2.0678,2.07,2.0621,2.0637,1107850.1
2026-01-17 01:00:00,2.0638,2.0691,2.0626,2.0663,935862.6
2026-01-17 02:00:00,2.0664,2.0665,2.0586,2.0625,898279.6
2026-01-17 03:00:00,2.0626,2.0628,2.0536,2.0557,1386435.2
2026-01-17 04:00:00,2.0557,2.0661,2.055,2.0644,1507115.8
2026-01-17 05:00:00,2.0644,2.0664,2.0606,2.0637,1187656.3
2026-01-17 06:00:00,2.0637,2.0642,2.0588,2.06,751027.9
2026-01-17 07:00:00,2.06,2.0609,2.0558,2.0581,640433.1
2026-01-17 08:00:00,2.0581,2.0631,2.0574,2.0622,946976.8
2026-01-17 09:00:00,2.0622,2.0673,2.0614,2.0634,1028817.3
2026-01-17 10:00:00,2.0633,2.0673,2.0605,2.0611,677230.8
2026-01-17 11:00:00,2.0611,2.0647,2.0562,2.0619,784008.6
2026-01-17 12:00:00,2.0618,2.065,2.0585,2.06,1059736.8
2026-01-17 13:00:00,2.06,2.0638,2.0582,2.0621,966623.6
2026-01-17 14:00:00,2.0621,2.0793,2.0585,2.0743,2604824.9
2026-01-17 15:00:00,2.0742,2.083,2.0709,2.0817,4254833.7
2026-01-17 16:00:00,2.0816,2.0818,2.0679,2.0731,2213654.1
2026-01-17 17:00:00,2.0731,2.0827,2.0719,2.0826,1232347.7
2026-01-17 18:00:00,2.0826,2.0834,2.073,2.0765,1764624.9
2026-01-17 19:00:00,2.0765,2.0777,2.0727,2.0735,785352.0
2026-01-17 20:00:00,2.0735,2.0754,2.0704,2.072,956960.8
2026-01-17 21:00:00,2.072,2.072,2.0657,2.0685,1159590.0
2026-01-17 22:00:00,2.0685,2.069,2.0591,2.0646,1301759.0
2026-01-17 23:00:00,2.0647,2.068,2.0618,2.0631,986453.3
2026-01-18 00:00:00,2.0632,2.0679,2.0589,2.0596,1126377.8
2026-01-18 01:00:00,2.0596,2.0609,2.0482,2.0516,2718595.6
2026-01-18 02:00:00,2.0516,2.0571,2.0487,2.0529,1446167.1
2026-01-18 03:00:00,2.0529,2.0606,2.052,2.0585,963136.2
2026-01-18 04:00:00,2.0585,2.0586,2.0524,2.0557,529620.6
2026-01-18 05:00:00,2.0556,2.0572,2.047,2.0549,1751758.7
2026-01-18 06:00:00,2.055,2.06,2.0543,2.0586,636715.7
2026-01-18 07:00:00,2.0587,2.06,2.0511,2.0524,899782.0
2026-01-18 08:00:00,2.0523,2.0595,2.0504,2.0572,562543.5
2026-01-18 09:00:00,2.0572,2.0618,2.0554,2.0606,815912.1
2026-01-18 10:00:00,2.0607,2.061,2.0544,2.0574,1048555.5
2026-01-18 11:00:00,2.0574,2.0574,2.0528,2.0548,1017423.1
2026-01-18 12:00:00,2.0549,2.0567,2.0514,2.0521,1222588.2
2026-01-18 13:00:00,2.0521,2.0548,2.0478,2.0525,1565581.4
2026-01-18 14:00:00,2.0525,2.0605,2.0496,2.0501,1396680.7
2026-01-18 15:00:00,2.0501,2.053,2.045,2.0507,1530177.4
2026-01-18 16:00:00,2.0507,2.0573,2.0476,2.0491,1280256.5
2026-01-18 17:00:00,2.0492,2.0572,2.0463,2.0498,1776183.9
2026-01-18 18:00:00,2.0498,2.0661,2.0466,2.0616,2000087.4
2026-01-18 19:00:00,2.0616,2.0644,2.0523,2.0538,862673.0
2026-01-18 20:00:00,2.0538,2.0605,2.0511,2.0573,741188.8
2026-01-18 21:00:00,2.0574,2.0603,2.0562,2.0574,753526.2
2026-01-18 22:00:00,2.0575,2.0644,2.0558,2.0607,931480.0
2026-01-18 23:00:00,2.0606,2.0607,1.9861,1.9914,18929686.3
2026-01-19 00:00:00,1.9914,1.9914,1.847,1.9453,51385672.3
2026-01-19 01:00:00,1.9452,1.9629,1.9383,1.9528,8796192.1
2026-01-19 02:00:00,1.9529,1.9639,1.9507,1.9576,4709540.5
2026-01-19 03:00:00,1.9575,1.968,1.9532,1.9674,4140728.1
2026-01-19 04:00:00,1.9674,1.9746,1.9616,1.9637,5109681.2
2026-01-19 05:00:00,1.9638,1.9702,1.9578,1.9618,9156040.3
2026-01-19 06:00:00,1.9618,1.966,1.9517,1.9623,9411031.2
2026-01-19 07:00:00,1.9623,1.9636,1.9535,1.9632,5269807.7
2026-01-19 08:00:00,1.9632,1.9829,1.9591,1.9805,6608492.7
2026-01-19 09:00:00,1.9805,1.9825,1.9742,1.982,3535699.8
2026-01-19 10:00:00,1.982,1.984,1.9717,1.9824,4320867.7
2026-01-19 11:00:00,1.9824,1.983,1.97,1.9729,3272984.7
2026-01-19 12:00:00,1.9729,1.9771,1.9671,1.9736,3491682.1
2026-01-19 13:00:00,1.9735,1.9741,1.9647,1.974,3786742.2
2026-01-19 14:00:00,1.974,1.9853,1.9686,1.9793,3685880.2
2026-01-19 15:00:00,1.9793,1.984,1.9773,1.9816,2116942.6
2026-01-19 16:00:00,1.9815,2.0299,1.9805,2.022,6002837.4
2026-01-19 17:00:00,2.0221,2.0255,2.0082,2.0185,4704786.4
2026-01-19 18:00:00,2.0185,2.0256,2.0089,2.0109,3206563.5
2026-01-19 19:00:00,2.0109,2.0184,2.0074,2.0137,1695507.4
2026-01-19 20:00:00,2.0137,2.0173,2.0011,2.0022,2958927.6
2026-01-19 21:00:00,2.0022,2.0082,1.9963,1.9982,2328829.2
2026-01-19 22:00:00,1.9982,2.0001,1.9794,1.98,4699513.6
2026-01-19 23:00:00,1.98,1.9957,1.9794,1.986,4954950.2
2026-01-20 00:00:00,1.9861,1.9909,1.9819,1.987,4058135.6
2026-01-20 01:00:00,1.987,1.987,1.9705,1.9722,4666196.1
2026-01-20 02:00:00,1.9722,1.9725,1.962,1.9696,5475896.3
2026-01-20 03:00:00,1.9696,1.9705,1.9554,1.9625,3995269.0
2026-01-20 04:00:00,1.9624,1.9738,1.9598,1.9654,3571857.7
2026-01-20 05:00:00,1.9655,1.969,1.954,1.9666,3168805.8
2026-01-20 06:00:00,1.9665,1.9666,1.9419,1.9484,4779108.9
2026-01-20 07:00:00,1.9485,1.9566,1.9457,1.9493,2975449.4
2026-01-20 08:00:00,1.9493,1.9539,1.9191,1.9279,24151534.1
2026-01-20 09:00:00,1.9279,1.9308,1.9214,1.9254,3701958.2
2026-01-20 10:00:00,1.9254,1.9329,1.9249,1.9299,2866147.0
2026-01-20 11:00:00,1.93,1.9408,1.9287,1.9291,2915825.8
2026-01-20 12:00:00,1.9291,1.937,1.9282,1.9352,2889955.5
2026-01-20 13:00:00,1.9352,1.9352,1.9151,1.9169,4312058.0
2026-01-20 14:00:00,1.9168,1.9396,1.9145,1.9251,8784387.0
2026-01-20 15:00:00,1.925,1.9331,1.9091,1.9174,9318925.1
2026-01-20 16:00:00,1.9174,1.9276,1.9015,1.9107,4191076.2
2026-01-20 17:00:00,1.9106,1.9207,1.8975,1.9024,5030992.4
2026-01-20 18:00:00,1.9024,1.9087,1.8943,1.8985,3999528.5
2026-01-20 19:00:00,1.8986,1.9079,1.8941,1.9024,3302526.0
2026-01-20 20:00:00,1.9023,1.9117,1.8983,1.9059,3645410.5
2026-01-20 21:00:00,1.9059,1.9069,1.884,1.8892,5302989.0
2026-01-20 22:00:00,1.8891,1.9012,1.87,1.8903,6848941.1
2026-01-20 23:00:00,1.8903,1.894,1.8842,1.89,3423148.8
2026-01-21 00:00:00,1.89,1.9159,1.8889,1.9138,4500942.6
2026-01-21 01:00:00,1.9138,1.9179,1.8982,1.8984,6083117.4
2026-01-21 02:00:00,1.8984,1.9065,1.8919,1.897,2651348.7
2026-01-21 03:00:00,1.897,1.9084,1.8966,1.9029,2292358.8
2026-01-21 04:00:00,1.903,1.9096,1.9009,1.9077,3572647.0
2026-01-21 05:00:00,1.9078,1.9268,1.9059,1.9213,4124030.7
2026-01-21 06:00:00,1.9213,1.923,1.9135,1.9153,3132200.8
2026-01-21 07:00:00,1.9152,1.9219,1.9068,1.91,3030453.0
2026-01-21 08:00:00,1.9101,1.9115,1.8978,1.9025,5112888.8
2026-01-21 09:00:00,1.9025,1.9142,1.9002,1.9116,6641285.0
2026-01-21 10:00:00,1.9117,1.9156,1.9028,1.903,3846877.0
2026-01-21 11:00:00,1.903,1.9055,1.8873,1.8897,4465042.5
2026-01-21 12:00:00,1.8897,1.8981,1.8798,1.8971,5249405.3
2026-01-21 13:00:00,1.897,1.9056,1.891,1.8969,9652294.8
2026-01-21 14:00:00,1.8968,1.9449,1.8906,1.943,18259807.7
2026-01-21 15:00:00,1.9429,1.9609,1.9349,1.9579,7657020.1
2026-01-21 16:00:00,1.958,1.959,1.8772,1.8791,10452059.2
2026-01-21 17:00:00,1.8791,1.898,1.8712,1.8914,7842058.8
2026-01-21 18:00:00,1.8913,1.9147,1.8829,1.9055,4263027.2
2026-01-21 19:00:00,1.9056,1.9844,1.8989,1.9734,15745019.4
2026-01-21 20:00:00,1.9734,1.9735,1.9472,1.9729,6896511.9
2026-01-21 21:00:00,1.9729,1.9865,1.9667,1.9746,4324454.8
2026-01-21 22:00:00,1.9746,1.9907,1.9655,1.9655,4612548.8
2026-01-21 23:00:00,1.9656,1.9681,1.9393,1.9476,3434735.2
2026-01-22 00:00:00,1.9475,1.9609,1.9473,1.9551,2081281.6
2026-01-22 01:00:00,1.955,1.9679,1.9519,1.9586,2491135.6
2026-01-22 02:00:00,1.9585,1.9611,1.9441,1.9453,2273696.1
2026-01-22 03:00:00,1.9454,1.9553,1.942,1.9475,1670952.9
2026-01-22 04:00:00,1.9475,1.9548,1.9473,1.953,1285316.8
2026-01-22 05:00:00,1.9531,1.955,1.9463,1.9532,2161111.9
2026-01-22 06:00:00,1.9532,1.9598,1.9483,1.9556,1595191.6
2026-01-22 07:00:00,1.9557,1.9564,1.9465,1.9477,2817839.2
2026-01-22 08:00:00,1.9477,1.9595,1.9468,1.959,2158481.1
2026-01-22 09:00:00,1.9589,1.9646,1.9562,1.9646,2488892.9
2026-01-22 10:00:00,1.9646,1.9647,1.9532,1.9562,3026566.6
2026-01-22 11:00:00,1.9561,1.9569,1.9425,1.9439,2535356.9
2026-01-22 12:00:00,1.944,1.9497,1.9413,1.9418,2186627.9
2026-01-22 13:00:00,1.9417,1.9472,1.9263,1.9302,5677100.3
2026-01-22 14:00:00,1.9302,1.933,1.915,1.9152,4444076.0
2026-01-22 15:00:00,1.9152,1.9238,1.9016,1.9146,5026939.7
2026-01-22 16:00:00,1.9145,1.9291,1.905,1.9231,4664452.6
2026-01-22 17:00:00,1.923,1.9301,1.9127,1.9291,3315372.0
2026-01-22 18:00:00,1.9291,1.9333,1.9206,1.9224,1846772.8
2026-01-22 19:00:00,1.9223,1.9358,1.9177,1.9327,1468353.7
2026-01-22 20:00:00,1.9326,1.9338,1.919,1.9237,2409669.6
2026-01-22 21:00:00,1.9238,1.932,1.9203,1.9254,1081310.1
2026-01-22 22:00:00,1.9255,1.9322,1.923,1.9244,1422545.3
2026-01-22 23:00:00,1.9244,1.9258,1.9161,1.9236,1498401.7
2026-01-23 00:00:00,1.9237,1.9265,1.9165,1.918,1684919.3
2026-01-23 01:00:00,1.918,1.9244,1.9166,1.9217,2643276.5
2026-01-23 02:00:00,1.9217,1.9232,1.9091,1.9093,1783234.2
2026-01-23 03:00:00,1.9094,1.9181,1.9093,1.916,1488966.3
2026-01-23 04:00:00,1.9159,1.9257,1.9136,1.9202,2790743.2
2026-01-23 05:00:00,1.9201,1.9209,1.9078,1.9107,2122789.7
2026-01-23 06:00:00,1.9108,1.9168,1.9033,1.9114,2405372.1
2026-01-23 07:00:00,1.9114,1.9159,1.909,1.915,4017294.1
2026-01-23 08:00:00,1.915,1.9157,1.9022,1.9056,4515826.2
2026-01-23 09:00:00,1.9056,1.9121,1.9017,1.9074,1545847.8
2026-01-23 10:00:00,1.9075,1.9129,1.907,1.9077,1322044.0
2026-01-23 11:00:00,1.9077,1.9147,1.9067,1.9142,1217482.5
2026-01-23 12:00:00,1.9142,1.9142,1.9088,1.91,935809.7
2026-01-23 13:00:00,1.9099,1.9124,1.904,1.905,1536604.6
2026-01-23 14:00:00,1.9049,1.909,1.8873,1.8966,5953957.1
2026-01-23 15:00:00,1.8966,1.9229,1.8892,1.9215,4751818.4
2026-01-23 16:00:00,1.9216,1.9507,1.9204,1.9365,5933531.2
2026-01-23 17:00:00,1.9364,1.9656,1.9271,1.9474,7876979.7
2026-01-23 18:00:00,1.9474,1.9607,1.9419,1.9445,4909306.0
2026-01-23 19:00:00,1.9445,1.9445,1.9207,1.9232,4660337.8
2026-01-23 20:00:00,1.9233,1.9279,1.9077,1.9163,5303743.4
2026-01-23 21:00:00,1.9162,1.9268,1.9137,1.9183,1392830.5
2026-01-23 22:00:00,1.9182,1.932,1.9176,1.9257,2215419.1
2026-01-23 23:00:00,1.9257,1.9257,1.919,1.9196,3068573.5
2026-01-24 00:00:00,1.9197,1.9235,1.9181,1.9191,1229492.2
2026-01-24 01:00:00,1.9191,1.9219,1.9161,1.9204,804456.6
2026-01-24 02:00:00,1.9205,1.9268,1.9202,1.9239,1056735.4
2026-01-24 03:00:00,1.9239,1.9272,1.9217,1.9234,974424.8
2026-01-24 04:00:00,1.9235,1.9276,1.9229,1.9254,827288.0
2026-01-24 05:00:00,1.9253,1.9254,1.9201,1.9219,1925038.7
2026-01-24 06:00:00,1.9219,1.9223,1.918,1.9188,1211109.8
2026-01-24 07:00:00,1.9188,1.92,1.917,1.919,1232261.7
2026-01-24 08:00:00,1.919,1.9214,1.9178,1.9194,1260808.8
2026-01-24 09:00:00,1.9193,1.9198,1.9147,1.9183,1024174.1
2026-01-24 10:00:00,1.9183,1.9183,1.9152,1.9176,858979.1
2026-01-24 11:00:00,1.9175,1.9203,1.917,1.917,683670.3
2026-01-24 12:00:00,1.9171,1.9225,1.9154,1.9198,1166559.3
2026-01-24 13:00:00,1.9198,1.9242,1.9188,1.9189,840349.4
2026-01-24 14:00:00,1.9188,1.9218,1.917,1.9193,3991773.5
2026-01-24 15:00:00,1.9193,1.9215,1.9124,1.9128,1306395.1
2026-01-24 16:00:00,1.9128,1.917,1.91,1.9149,1528821.6
2026-01-24 17:00:00,1.9149,1.919,1.9132,1.917,564724.5
2026-01-24 18:00:00,1.917,1.921,1.9166,1.9209,727465.0
2026-01-24 19:00:00,1.921,1.921,1.915,1.9168,540303.3
2026-01-24 20:00:00,1.9167,1.919,1.9166,1.9177,402461.2
2026-01-24 21:00:00,1.9176,1.918,1.9143,1.9175,852018.9
2026-01-24 22:00:00,1.9175,1.9233,1.9175,1.9218,730316.3
2026-01-24 23:00:00,1.9219,1.9222,1.9141,1.9143,1420372.3
2026-01-25 00:00:00,1.9143,1.9168,1.9111,1.9148,1766561.5
2026-01-25 01:00:00,1.9148,1.9149,1.9038,1.9061,1640371.7
2026-01-25 02:00:00,1.9061,1.9099,1.9054,1.9069,780696.0
2026-01-25 03:00:00,1.9069,1.9078,1.8983,1.9006,1648201.1
2026-01-25 04:00:00,1.9007,1.9039,1.8989,1.9013,770561.9
2026-01-25 05:00:00,1.9013,1.902,1.8971,1.9019,901257.8
2026-01-25 06:00:00,1.902,1.902,1.8954,1.8982,1310756.3
2026-01-25 07:00:00,1.8983,1.8994,1.894,1.8948,867773.0
2026-01-25 08:00:00,1.8948,1.8997,1.8898,1.8907,2191084.6
2026-01-25 09:00:00,1.8908,1.8974,1.8869,1.8936,2422448.8
2026-01-25 10:00:00,1.8936,1.9125,1.8933,1.9075,2456142.3
2026-01-25 11:00:00,1.9075,1.911,1.9,1.9022,1803786.2
2026-01-25 12:00:00,1.9022,1.9032,1.8972,1.9006,1465886.2
2026-01-25 13:00:00,1.9007,1.9032,1.8941,1.9022,1089851.9
2026-01-25 14:00:00,1.9021,1.9024,1.8842,1.8874,2690584.0
2026-01-25 15:00:00,1.8874,1.8936,1.8845,1.8878,1923261.9
2026-01-25 16:00:00,1.8879,1.8879,1.8458,1.854,17760615.6
2026-01-25 17:00:00,1.854,1.8624,1.8366,1.8465,7093856.0
2026-01-25 18:00:00,1.8466,1.8503,1.8257,1.8362,9972102.1
2026-01-25 19:00:00,1.8361,1.8415,1.8111,1.8182,10381021.6
2026-01-25 20:00:00,1.8182,1.8269,1.813,1.824,5361763.2
2026-01-25 21:00:00,1.824,1.841,1.8239,1.8398,5332151.2
2026-01-25 22:00:00,1.8399,1.8405,1.8186,1.8299,4949197.9
2026-01-25 23:00:00,1.83,1.839,1.8236,1.8356,4953177.5
2026-01-26 00:00:00,1.8356,1.8541,1.8331,1.8528,4457554.5
2026-01-26 01:00:00,1.8528,1.8887,1.8525,1.8842,8113268.0
2026-01-26 02:00:00,1.8843,1.8858,1.8721,1.8762,3261791.9
2026-01-26 03:00:00,1.8763,1.8828,1.8652,1.8695,2738586.5
2026-01-26 04:00:00,1.8696,1.8948,1.8696,1.8789,4261306.9
2026-01-26 05:00:00,1.8789,1.8825,1.8756,1.8811,2173217.7
2026-01-26 06:00:00,1.881,1.886,1.8746,1.8803,2565484.1
2026-01-26 07:00:00,1.8802,1.886,1.8758,1.8818,2949761.0
2026-01-26 08:00:00,1.8817,1.8971,1.88,1.8892,3858164.8
2026-01-26 09:00:00,1.8893,1.8904,1.8765,1.8797,3347216.1
2026-01-26 10:00:00,1.8796,1.8907,1.8793,1.8868,3092556.3
2026-01-26 11:00:00,1.8869,1.8948,1.8869,1.8915,2912971.0
2026-01-26 12:00:00,1.8916,1.902,1.8915,1.8992,3247069.0
2026-01-26 13:00:00,1.8993,1.9168,1.8981,1.9062,5496868.8
2026-01-26 14:00:00,1.9062,1.9288,1.9012,1.92,7959012.4
2026-01-26 15:00:00,1.9199,1.946,1.9135,1.9255,11665419.0
2026-01-26 16:00:00,1.9255,1.9385,1.9178,1.9189,6840208.4
2026-01-26 17:00:00,1.9189,1.9218,1.8986,1.9117,5477613.7
2026-01-26 18:00:00,1.9116,1.9273,1.9073,1.9181,4304510.7
2026-01-26 19:00:00,1.9181,1.9231,1.9038,1.9077,3006142.3
2026-01-26 20:00:00,1.9076,1.9096,1.8912,1.8922,4390977.5
2026-01-26 21:00:00,1.8921,1.9072,1.889,1.8992,3513600.1
2026-01-26 22:00:00,1.8993,1.9039,1.8947,1.8996,2584974.7
2026-01-26 23:00:00,1.8996,1.913,1.8954,1.9041,2262878.2
2026-01-27 00:00:00,1.9042,1.905,1.8983,1.9037,1604041.7
2026-01-27 01:00:00,1.9036,1.9109,1.8976,1.9063,1636589.7
2026-01-27 02:00:00,1.9064,1.9165,1.905,1.9149,2432000.5
2026-01-27 03:00:00,1.9148,1.9169,1.908,1.9097,1970485.6
2026-01-27 04:00:00,1.9097,1.9179,1.9068,1.9089,1963908.5
2026-01-27 05:00:00,1.9089,1.9093,1.9007,1.9022,1434958.9
2026-01-27 06:00:00,1.9022,1.903,1.8947,1.8981,1387688.7
2026-01-27 07:00:00,1.8982,1.9009,1.8971,1.8996,1348402.5
2026-01-27 08:00:00,1.8995,1.9028,1.8931,1.895,1220923.2
2026-01-27 09:00:00,1.8949,1.8949,1.8825,1.8833,1962770.5
2026-01-27 10:00:00,1.8832,1.8895,1.8829,1.885,2213387.8
2026-01-27 11:00:00,1.885,1.8926,1.8818,1.8889,2542256.4
2026-01-27 12:00:00,1.8889,1.893,1.8843,1.885,1663750.1
2026-01-27 13:00:00,1.885,1.8869,1.8741,1.8766,2170980.9
2026-01-27 14:00:00,1.8767,1.8967,1.8757,1.8836,5209015.4
2026-01-27 15:00:00,1.8837,1.8961,1.8795,1.8932,2400934.6
2026-01-27 16:00:00,1.8933,1.9162,1.8926,1.9141,6851809.6
2026-01-27 17:00:00,1.9141,1.9148,1.8768,1.8809,5515826.5
2026-01-27 18:00:00,1.8809,1.9127,1.8785,1.9066,2938371.6
2026-01-27 19:00:00,1.9067,1.9109,1.8985,1.9069,2145178.7
2026-01-27 20:00:00,1.9069,1.9292,1.9058,1.9228,5790038.3
2026-01-27 21:00:00,1.9228,1.9295,1.9111,1.9122,3538795.3
2026-01-27 22:00:00,1.9121,1.9255,1.9115,1.9185,2191434.0
2026-01-27 23:00:00,1.9186,1.9218,1.915,1.9158,2486278.1
2026-01-28 00:00:00,1.9157,1.9193,1.909,1.9118,2109363.6
2026-01-28 01:00:00,1.9119,1.9128,1.8975,1.9028,2542653.5
2026-01-28 02:00:00,1.9028,1.905,1.8944,1.9023,1501186.8
2026-01-28 03:00:00,1.9023,1.904,1.8978,1.902,1685875.6
2026-01-28 04:00:00,1.902,1.9045,1.8967,1.9018,1561013.9
2026-01-28 05:00:00,1.9018,1.9126,1.8997,1.9122,1961657.8
2026-01-28 06:00:00,1.9122,1.9249,1.9122,1.9211,3111502.0
2026-01-28 07:00:00,1.9212,1.9237,1.9142,1.916,1868685.5
2026-01-28 08:00:00,1.9159,1.9188,1.9085,1.9094,2123331.9
2026-01-28 09:00:00,1.9094,1.9327,1.9061,1.9322,3950084.0
2026-01-28 10:00:00,1.9321,1.9366,1.9263,1.9273,2406447.6
2026-01-28 11:00:00,1.9273,1.9427,1.923,1.9415,3354059.6
2026-01-28 12:00:00,1.9414,1.9422,1.924,1.9262,4803122.0
2026-01-28 13:00:00,1.9263,1.9378,1.9254,1.9334,2971901.3
2026-01-28 14:00:00,1.9334,1.9334,1.9155,1.9196,3972770.2
2026-01-28 15:00:00,1.9195,1.9241,1.9016,1.9077,5009765.3
2026-01-28 16:00:00,1.9077,1.9157,1.9009,1.9078,2406262.3
2026-01-28 17:00:00,1.9079,1.928,1.9005,1.9213,3678650.6
2026-01-28 18:00:00,1.9214,1.9219,1.9118,1.916,2542290.7
2026-01-28 19:00:00,1.9161,1.9244,1.9066,1.9194,3275546.1
2026-01-28 20:00:00,1.9195,1.9325,1.9151,1.9179,3055877.3
2026-01-28 21:00:00,1.918,1.922,1.9073,1.9147,3741191.3
2026-01-28 22:00:00,1.9148,1.9194,1.9092,1.9185,1894016.4
2026-01-28 23:00:00,1.9184,1.9197,1.908,1.9111,1898603.2
2026-01-29 00:00:00,1.9112,1.9134,1.9001,1.9067,1975078.9
2026-01-29 01:00:00,1.9068,1.908,1.8904,1.8923,2800026.5
2026-01-29 02:00:00,1.8922,1.8966,1.8702,1.8744,6132232.4
2026-01-29 03:00:00,1.8745,1.8844,1.8714,1.8761,2903430.5
2026-01-29 04:00:00,1.876,1.8803,1.8654,1.8789,2949443.8
2026-01-29 05:00:00,1.8789,1.8844,1.8781,1.8788,1786734.6
2026-01-29 06:00:00,1.8788,1.8897,1.8784,1.8859,2050235.0
2026-01-29 07:00:00,1.886,1.8891,1.8841,1.8857,1394831.7
2026-01-29 08:00:00,1.8856,1.89,1.8763,1.8795,2663650.7
2026-01-29 09:00:00,1.8795,1.8804,1.8728,1.8736,7096511.8
2026-01-29 10:00:00,1.8737,1.8768,1.8706,1.8743,1710571.4
2026-01-29 11:00:00,1.8744,1.875,1.8673,1.871,2775911.6
2026-01-29 12:00:00,1.8711,1.8744,1.8657,1.8731,2339592.9
2026-01-29 13:00:00,1.8731,1.8771,1.8729,1.8758,1407852.4
2026-01-29 14:00:00,1.8758,1.8779,1.8251,1.8266,16746311.6
2026-01-29 15:00:00,1.8267,1.8305,1.7865,1.8017,31927503.9
2026-01-29 16:00:00,1.8018,1.819,1.7926,1.8163,13021183.6
2026-01-29 17:00:00,1.8163,1.8432,1.8129,1.8131,8902978.1
2026-01-29 18:00:00,1.8132,1.8195,1.7842,1.785,12431119.7
2026-01-29 19:00:00,1.785,1.7981,1.778,1.7895,9778957.3
2026-01-29 20:00:00,1.7895,1.8089,1.786,1.8025,6237405.8
2026-01-29 21:00:00,1.8025,1.8077,1.7964,1.8057,4480861.4
2026-01-29 22:00:00,1.8057,1.8136,1.8035,1.8103,3140990.8
2026-01-29 23:00:00,1.8102,1.811,1.7985,1.8076,2756494.6
2026-01-30 00:00:00,1.8077,1.8131,1.7978,1.7984,4587655.6
2026-01-30 01:00:00,1.7984,1.805,1.7107,1.7565,35076654.2
2026-01-30 02:00:00,1.7564,1.7621,1.726,1.748,13200339.1
2026-01-30 03:00:00,1.748,1.7616,1.7408,1.7477,5496513.2
2026-01-30 04:00:00,1.7477,1.7727,1.7474,1.7633,6402180.4
2026-01-30 05:00:00,1.7634,1.77,1.7577,1.7638,4193701.7
2026-01-30 06:00:00,1.7637,1.7644,1.7304,1.7398,6321755.3
2026-01-30 07:00:00,1.7398,1.7622,1.7385,1.7588,5720017.8
2026-01-30 08:00:00,1.7589,1.7637,1.7437,1.7496,4826918.1
2026-01-30 09:00:00,1.7497,1.7546,1.7336,1.7405,5022123.7
2026-01-30 10:00:00,1.7404,1.7521,1.7377,1.7502,4151677.4
2026-01-30 11:00:00,1.7503,1.7747,1.748,1.7698,5118668.5
2026-01-30 12:00:00,1.7698,1.775,1.759,1.7617,4562771.3
2026-01-30 13:00:00,1.7616,1.7645,1.7447,1.7526,6002730.8
2026-01-30 14:00:00,1.7526,1.7783,1.7526,1.7618,7172677.9
2026-01-30 15:00:00,1.7619,1.7818,1.7401,1.7583,39627170.0
2026-01-30 16:00:00,1.7583,1.7752,1.7475,1.7627,9298716.5
2026-01-30 17:00:00,1.7627,1.7738,1.7496,1.7531,8478508.1
2026-01-30 18:00:00,1.7532,1.7809,1.7113,1.7731,18566360.8
2026-01-30 19:00:00,1.7731,1.7847,1.7675,1.7712,8396905.3
2026-01-30 20:00:00,1.7713,1.7716,1.7338,1.7393,10143339.6
2026-01-30 21:00:00,1.7393,1.7514,1.7244,1.7287,7349473.8
2026-01-30 22:00:00,1.7288,1.7369,1.7179,1.7291,6209157.7
2026-01-30 23:00:00,1.7292,1.7372,1.7229,1.7352,3794289.9
2026-01-31 00:00:00,1.7353,1.7412,1.7331,1.737,3517408.4
2026-01-31 01:00:00,1.737,1.7477,1.7354,1.7469,3318725.3
2026-01-31 02:00:00,1.747,1.7547,1.7342,1.7496,3446363.8
2026-01-31 03:00:00,1.7496,1.7524,1.7425,1.7448,1894397.0
2026-01-31 04:00:00,1.7448,1.7484,1.736,1.7381,2168880.3
2026-01-31 05:00:00,1.7381,1.7391,1.7307,1.7379,2510755.8
2026-01-31 06:00:00,1.738,1.7395,1.722,1.7293,3147665.2
2026-01-31 07:00:00,1.7293,1.7337,1.7126,1.7195,8972025.2
2026-01-31 08:00:00,1.7195,1.7224,1.6802,1.6949,18765118.7
2026-01-31 09:00:00,1.6949,1.707,1.6909,1.7004,4310423.1
2026-01-31 10:00:00,1.7005,1.7119,1.6952,1.707,4575456.9
2026-01-31 11:00:00,1.7071,1.7071,1.6988,1.7021,4427184.0
2026-01-31 12:00:00,1.7022,1.7022,1.6862,1.69,6371375.5
2026-01-31 13:00:00,1.6901,1.691,1.6724,1.6766,6852185.1
2026-01-31 14:00:00,1.6765,1.681,1.6129,1.641,39509145.8
2026-01-31 15:00:00,1.6409,1.66,1.633,1.6352,11566063.3
2026-01-31 16:00:00,1.6352,1.6497,1.6033,1.6104,20986697.0
2026-01-31 17:00:00,1.6104,1.6163,1.5173,1.5679,59288340.8
2026-01-31 18:00:00,1.5679,1.6047,1.5028,1.585,60814841.4
2026-01-31 19:00:00,1.585,1.6103,1.5745,1.5827,26905194.8
2026-01-31 20:00:00,1.5827,1.6009,1.5715,1.5937,8927503.5
2026-01-31 21:00:00,1.5937,1.6269,1.5876,1.6209,12009380.5
2026-01-31 22:00:00,1.6209,1.6221,1.6033,1.6145,7184656.9
2026-01-31 23:00:00,1.6145,1.6544,1.6134,1.6472,10899679.6
2026-02-01 00:00:00,1.6472,1.6762,1.6436,1.6642,13265067.7
2026-02-01 01:00:00,1.6642,1.6667,1.6449,1.6608,9334600.5
2026-02-01 02:00:00,1.6609,1.6805,1.6578,1.6706,6744658.5
2026-02-01 03:00:00,1.6707,1.6738,1.6591,1.667,3621501.3
2026-02-01 04:00:00,1.6669,1.674,1.6616,1.6658,3082277.1
2026-02-01 05:00:00,1.6659,1.6703,1.6553,1.6588,4489793.2
2026-02-01 06:00:00,1.6588,1.6733,1.6533,1.657,5540976.3
2026-02-01 07:00:00,1.657,1.6717,1.6474,1.6591,6971192.1
2026-02-01 08:00:00,1.6591,1.6782,1.6582,1.6637,5472030.6
2026-02-01 09:00:00,1.6636,1.6697,1.6534,1.6673,3002910.0
2026-02-01 10:00:00,1.6672,1.6688,1.6322,1.633,6655777.7
2026-02-01 11:00:00,1.6329,1.6542,1.6325,1.6499,4816826.4
2026-02-01 12:00:00,1.6499,1.6503,1.6326,1.6402,4214200.5
2026-02-01 13:00:00,1.6402,1.6525,1.6259,1.6296,3903299.6
2026-02-01 14:00:00,1.6296,1.6336,1.5985,1.6166,12622379.7
2026-02-01 15:00:00,1.6166,1.6184,1.576,1.5949,17008485.6
2026-02-01 16:00:00,1.595,1.6097,1.5821,1.5929,8121743.5
2026-02-01 17:00:00,1.5928,1.6026,1.5865,1.6021,4307141.2
2026-02-01 18:00:00,1.6021,1.6267,1.6016,1.6157,7219086.4
2026-02-01 19:00:00,1.6156,1.6191,1.5914,1.6,4866806.7
2026-02-01 20:00:00,1.5999,1.6144,1.5802,1.5993,5589338.4
2026-02-01 21:00:00,1.5992,1.6002,1.5823,1.5905,7622125.0
2026-02-01 22:00:00,1.5905,1.6144,1.5866,1.6004,7646217.9
2026-02-01 23:00:00,1.6003,1.6133,1.5526,1.5908,26269222.1
2026-02-02 00:00:00,1.5908,1.6188,1.5786,1.6047,9763511.3
2026-02-02 01:00:00,1.6047,1.6161,1.5816,1.602,7885367.9
2026-02-02 02:00:00,1.6019,1.6105,1.5865,1.5908,5550725.0
2026-02-02 03:00:00,1.5909,1.5922,1.5307,1.5809,27247797.8
2026-02-02 04:00:00,1.5809,1.6001,1.5574,1.5766,11006422.2
2026-02-02 05:00:00,1.5765,1.5775,1.5338,1.5497,14564629.9
2026-02-02 06:00:00,1.5496,1.5966,1.5311,1.5806,28594083.5
2026-02-02 07:00:00,1.5806,1.5967,1.5751,1.5796,9043067.9
2026-02-02 08:00:00,1.5795,1.6006,1.5794,1.59,7159459.5
2026-02-02 09:00:00,1.5901,1.6145,1.5875,1.609,8633008.7
2026-02-02 10:00:00,1.609,1.615,1.6048,1.6117,4025119.0
2026-02-02 11:00:00,1.6117,1.6274,1.6117,1.6216,7052171.8
2026-02-02 12:00:00,1.6215,1.6554,1.6213,1.646,10519384.9
2026-02-02 13:00:00,1.6461,1.6522,1.6365,1.6391,7793307.2
2026-02-02 14:00:00,1.6391,1.6484,1.6228,1.6297,13694813.1
2026-02-02 15:00:00,1.6297,1.6544,1.6262,1.6424,11599834.8
2026-02-02 16:00:00,1.6424,1.6571,1.6371,1.6443,6310931.1
2026-02-02 17:00:00,1.6443,1.6527,1.6374,1.6422,5072784.8
2026-02-02 18:00:00,1.6421,1.6502,1.6339,1.6418,3755866.3
2026-02-02 19:00:00,1.6418,1.6425,1.6252,1.6256,3585256.5
2026-02-02 20:00:00,1.6256,1.6329,1.6126,1.6146,5185040.1
2026-02-02 21:00:00,1.6145,1.6266,1.6136,1.6233,3723975.7
2026-02-02 22:00:00,1.6233,1.6338,1.6218,1.6261,3494079.0
2026-02-02 23:00:00,1.6261,1.6273,1.6179,1.6198,2846666.7
2026-02-03 00:00:00,1.6199,1.6223,1.6075,1.6185,3479956.2
2026-02-03 01:00:00,1.6185,1.6185,1.6071,1.6173,3538058.7
2026-02-03 02:00:00,1.6173,1.618,1.5906,1.5924,6943333.4
2026-02-03 03:00:00,1.5924,1.6152,1.5879,1.6134,6560856.3
2026-02-03 04:00:00,1.6134,1.6248,1.6092,1.622,5431959.8
2026-02-03 05:00:00,1.622,1.623,1.607,1.6079,4020621.3
2026-02-03 06:00:00,1.608,1.6133,1.599,1.6124,4478656.1
2026-02-03 07:00:00,1.6124,1.6241,1.6076,1.6174,4132520.7
2026-02-03 08:00:00,1.6175,1.6257,1.6123,1.6164,3826438.6
2026-02-03 09:00:00,1.6164,1.6225,1.5955,1.6036,8496585.4
2026-02-03 10:00:00,1.6037,1.6084,1.5975,1.5999,3910694.0
2026-02-03 11:00:00,1.6,1.6077,1.5978,1.6031,4704833.7
2026-02-03 12:00:00,1.6031,1.6109,1.5985,1.6083,4350640.3
2026-02-03 13:00:00,1.6083,1.6166,1.6037,1.6128,2267258.6
2026-02-03 14:00:00,1.6128,1.6168,1.5828,1.5833,7185403.1
2026-02-03 15:00:00,1.5832,1.6216,1.5792,1.6184,16154351.4
2026-02-03 16:00:00,1.6184,1.6184,1.5822,1.586,9814798.9
2026-02-03 17:00:00,1.586,1.5897,1.5572,1.5584,11529547.7
2026-02-03 18:00:00,1.5584,1.5645,1.5298,1.5314,25768709.1
2026-02-03 19:00:00,1.5313,1.5905,1.5274,1.5814,17370654.2
2026-02-03 20:00:00,1.5813,1.6339,1.5665,1.6185,18493410.7
2026-02-03 21:00:00,1.6184,1.6293,1.601,1.6024,8233357.6
2026-02-03 22:00:00,1.6025,1.6042,1.5822,1.5882,4926776.6
2026-02-03 23:00:00,1.5882,1.589,1.5691,1.5791,4933620.0
2026-02-04 00:00:00,1.579,1.5858,1.5662,1.5756,3975340.1
2026-02-04 01:00:00,1.5757,1.6012,1.5757,1.5921,4797903.8
2026-02-04 02:00:00,1.5921,1.5951,1.5757,1.5854,4418404.4
2026-02-04 03:00:00,1.5855,1.6052,1.5826,1.5992,6604293.5
2026-02-04 04:00:00,1.5993,1.6036,1.5927,1.5947,4079922.3
2026-02-04 05:00:00,1.5947,1.5961,1.5826,1.5862,3649910.6
2026-02-04 06:00:00,1.5863,1.605,1.5852,1.6012,5697855.1
2026-02-04 07:00:00,1.6012,1.609,1.5971,1.6053,5967520.2
2026-02-04 08:00:00,1.6053,1.6122,1.6,1.6098,2891938.2
2026-02-04 09:00:00,1.6098,1.6098,1.597,1.5986,4600715.1
2026-02-04 10:00:00,1.5987,1.6037,1.5952,1.5957,2797767.9
2026-02-04 11:00:00,1.5957,1.5996,1.5789,1.5924,8489241.2
2026-02-04 12:00:00,1.5924,1.598,1.5884,1.5915,3093750.9
2026-02-04 13:00:00,1.5914,1.5921,1.565,1.565,6341028.6
2026-02-04 14:00:00,1.5649,1.5754,1.5428,1.5451,13241774.0
2026-02-04 15:00:00,1.5452,1.5648,1.53,1.5439,18634158.8
2026-02-04 16:00:00,1.544,1.55,1.5191,1.5315,19867231.1
2026-02-04 17:00:00,1.5314,1.5392,1.5056,1.5223,14815175.3
2026-02-04 18:00:00,1.5222,1.5553,1.5044,1.5348,17803093.2
2026-02-04 19:00:00,1.5348,1.557,1.5257,1.5547,8821392.8
2026-02-04 20:00:00,1.5547,1.5565,1.5352,1.5368,3866882.9
2026-02-04 21:00:00,1.5369,1.5398,1.5067,1.5177,5984316.9
2026-02-04 22:00:00,1.5178,1.5447,1.4948,1.5107,13663273.7
2026-02-04 23:00:00,1.5108,1.527,1.5059,1.512,10283812.3
2026-02-05 00:00:00,1.512,1.5154,1.4889,1.4909,7576956.3
2026-02-05 01:00:00,1.491,1.5026,1.4603,1.4748,16985012.1
2026-02-05 02:00:00,1.4748,1.4852,1.4505,1.453,16936041.7
2026-02-05 03:00:00,1.4529,1.4669,1.4392,1.4432,13590646.0
2026-02-05 04:00:00,1.4432,1.4582,1.4361,1.4456,12878341.8
2026-02-05 05:00:00,1.4457,1.4582,1.4302,1.4415,13632235.8
2026-02-05 06:00:00,1.4415,1.4437,1.4179,1.4263,17342868.3
2026-02-05 07:00:00,1.4263,1.4498,1.4248,1.4323,11400686.5
2026-02-05 08:00:00,1.4324,1.4431,1.4257,1.4279,7053610.0
2026-02-05 09:00:00,1.4279,1.4449,1.4123,1.414,13011506.3
2026-02-05 10:00:00,1.4139,1.4153,1.3558,1.3671,25751449.7
2026-02-05 11:00:00,1.3671,1.3829,1.3422,1.3653,34180559.8
2026-02-05 12:00:00,1.3653,1.3777,1.354,1.3654,19092735.6
2026-02-05 13:00:00,1.3654,1.3696,1.342,1.3528,15891872.1
2026-02-05 14:00:00,1.3528,1.3868,1.3525,1.3574,22406922.5
2026-02-05 15:00:00,1.3573,1.3644,1.2686,1.2967,90143145.0
2026-02-05 16:00:00,1.2967,1.3121,1.2714,1.2803,37788864.2
2026-02-05 17:00:00,1.2803,1.284,1.2172,1.2503,61581183.8
2026-02-05 18:00:00,1.2502,1.2671,1.2163,1.2612,39674878.0
2026-02-05 19:00:00,1.2612,1.2634,1.2054,1.2135,26813879.6
2026-02-05 20:00:00,1.2134,1.2243,1.1371,1.1905,91674229.2
2026-02-05 21:00:00,1.1905,1.2081,1.1506,1.1625,47221038.1
2026-02-05 22:00:00,1.1624,1.2368,1.1479,1.2255,52780922.9
2026-02-05 23:00:00,1.2254,1.267,1.2085,1.2146,48700085.7
2026-02-06 00:00:00,1.2145,1.2354,1.1172,1.2174,116572655.7
2026-02-06 01:00:00,1.2174,1.2941,1.2144,1.2802,43180072.6
2026-02-06 02:00:00,1.2803,1.2863,1.243,1.2615,27491530.9
2026-02-06 03:00:00,1.2616,1.2772,1.256,1.2698,12685345.3
2026-02-06 04:00:00,1.2698,1.2913,1.263,1.2808,12390843.5
2026-02-06 05:00:00,1.2808,1.3315,1.2781,1.33,29080842.4
2026-02-06 06:00:00,1.33,1.3354,1.3013,1.3035,25389368.3
2026-02-06 07:00:00,1.3035,1.3135,1.2883,1.2924,14267630.8
2026-02-06 08:00:00,1.2924,1.3093,1.2851,1.3027,16154445.5
2026-02-06 09:00:00,1.3027,1.331,1.2927,1.3297,18394007.3
2026-02-06 10:00:00,1.3298,1.3881,1.3278,1.3588,39134395.1
2026-02-06 11:00:00,1.3588,1.3715,1.3512,1.3684,17304317.3
2026-02-06 12:00:00,1.3683,1.3836,1.3574,1.3817,18249050.3
2026-02-06 13:00:00,1.3818,1.4414,1.3763,1.4296,42704693.4
2026-02-06 14:00:00,1.4296,1.4869,1.4031,1.4795,50192741.5
2026-02-06 15:00:00,1.4795,1.5442,1.4636,1.5131,61185853.0
2026-02-06 16:00:00,1.5131,1.5347,1.4863,1.4903,39514487.4
2026-02-06 17:00:00,1.4902,1.5184,1.4807,1.4949,27290092.7
2026-02-06 18:00:00,1.4949,1.4972,1.4506,1.4578,28361737.1
2026-02-06 19:00:00,1.4578,1.4664,1.4377,1.4565,17188948.9
2026-02-06 20:00:00,1.4566,1.4635,1.4387,1.4486,14523714.7
2026-02-06 21:00:00,1.4486,1.466,1.4401,1.4588,11569811.5
2026-02-06 22:00:00,1.4587,1.49,1.4552,1.4896,13115954.7
2026-02-06 23:00:00,1.4895,1.4984,1.4646,1.4698,12180260.9
2026-02-07 00:00:00,1.4697,1.4879,1.4453,1.4585,21060691.4
2026-02-07 01:00:00,1.4585,1.4779,1.433,1.4678,14881304.0
2026-02-07 02:00:00,1.4678,1.4735,1.4553,1.4604,6551164.3
2026-02-07 03:00:00,1.4605,1.4853,1.4585,1.4736,6851697.6
2026-02-07 04:00:00,1.4736,1.4853,1.4518,1.4615,9689115.3
2026-02-07 05:00:00,1.4615,1.47,1.4525,1.4597,5802919.0
2026-02-07 06:00:00,1.4596,1.4697,1.4338,1.4341,8996751.8
2026-02-07 07:00:00,1.4342,1.4469,1.4067,1.4133,29186515.8
2026-02-07 08:00:00,1.4133,1.429,1.403,1.4238,9546360.5
2026-02-07 09:00:00,1.4238,1.4275,1.4057,1.4134,7902439.1
2026-02-07 10:00:00,1.4134,1.4182,1.3864,1.3993,12873103.2
2026-02-07 11:00:00,1.3994,1.4031,1.3858,1.3924,10990649.7
2026-02-07 12:00:00,1.3923,1.4408,1.3908,1.4184,17720417.5
2026-02-07 13:00:00,1.4184,1.4254,1.3957,1.4041,9329112.9
2026-02-07 14:00:00,1.4041,1.4106,1.3905,1.4003,6534839.9
2026-02-07 15:00:00,1.4003,1.4205,1.3974,1.4108,7085402.7
2026-02-07 16:00:00,1.4107,1.4366,1.4052,1.419,61193360.9
2026-02-07 17:00:00,1.419,1.4304,1.4097,1.4246,4388904.1
2026-02-07 18:00:00,1.4246,1.4488,1.4241,1.4411,6217816.3
2026-02-07 19:00:00,1.4411,1.4411,1.4283,1.4309,4118462.3
2026-02-07 20:00:00,1.4309,1.4415,1.4273,1.4366,3000053.3
2026-02-07 21:00:00,1.4367,1.4388,1.4277,1.4293,2422097.4
2026-02-07 22:00:00,1.4294,1.4332,1.4205,1.4228,3986923.6
2026-02-07 23:00:00,1.4229,1.428,1.4128,1.4231,3980237.7
2026-02-08 00:00:00,1.4231,1.429,1.4148,1.4205,2890289.9
2026-02-08 01:00:00,1.4205,1.4383,1.4199,1.4324,3031009.8
2026-02-08 02:00:00,1.4325,1.4419,1.4243,1.4302,3386388.5
2026-02-08 03:00:00,1.4301,1.4333,1.4138,1.417,2398223.9
2026-02-08 04:00:00,1.417,1.4238,1.4099,1.4231,2580640.8
2026-02-08 05:00:00,1.4231,1.426,1.4161,1.4184,1286208.3
2026-02-08 06:00:00,1.4184,1.4221,1.4137,1.4162,1701610.2
2026-02-08 07:00:00,1.4163,1.4213,1.4117,1.4211,2888254.2
2026-02-08 08:00:00,1.421,1.4632,1.4195,1.4539,9990603.0
2026-02-08 09:00:00,1.454,1.4586,1.4338,1.4381,6699844.7
2026-02-08 10:00:00,1.4381,1.446,1.4255,1.4314,5450319.4
2026-02-08 11:00:00,1.4314,1.4529,1.4305,1.4528,8653614.0
2026-02-08 12:00:00,1.4529,1.4571,1.4431,1.4561,5840765.2
2026-02-08 13:00:00,1.456,1.4703,1.4498,1.4619,8981128.8
2026-02-08 14:00:00,1.4619,1.4682,1.4578,1.4618,7076941.7
2026-02-08 15:00:00,1.4617,1.4637,1.4304,1.4404,8353993.8
2026-02-08 16:00:00,1.4404,1.4463,1.4103,1.4185,11439544.1
2026-02-08 17:00:00,1.4184,1.4359,1.4177,1.4312,4585050.6
2026-02-08 18:00:00,1.4312,1.4529,1.4292,1.4391,5017893.6
2026-02-08 19:00:00,1.4392,1.4516,1.4386,1.4503,2903499.8
2026-02-08 20:00:00,1.4503,1.4503,1.4342,1.4372,2900133.4
2026-02-08 21:00:00,1.4372,1.441,1.4243,1.4274,3312715.4
2026-02-08 22:00:00,1.4274,1.4373,1.4249,1.4353,2726374.2
2026-02-08 23:00:00,1.4353,1.4631,1.4221,1.4308,11917571.1
2026-02-09 00:00:00,1.4308,1.4417,1.4247,1.4331,3392366.1
2026-02-09 01:00:00,1.433,1.4451,1.4191,1.424,6854725.7
2026-02-09 02:00:00,1.4241,1.4547,1.4204,1.4422,6552992.5
2026-02-09 03:00:00,1.4423,1.4543,1.4405,1.4522,4834107.5
2026-02-09 04:00:00,1.4521,1.4528,1.4438,1.448,3562289.2
2026-02-09 05:00:00,1.448,1.4553,1.4411,1.4511,2945918.3
2026-02-09 06:00:00,1.4511,1.4511,1.4279,1.4359,5174037.0
2026-02-09 07:00:00,1.4358,1.44,1.4214,1.4257,4601721.4
2026-02-09 08:00:00,1.4257,1.4299,1.4014,1.4073,10096735.0
2026-02-09 09:00:00,1.4073,1.4125,1.394,1.399,7628998.3
2026-02-09 10:00:00,1.399,1.4068,1.3728,1.3831,14817853.5
2026-02-09 11:00:00,1.3831,1.3973,1.3831,1.3934,7172910.5
2026-02-09 12:00:00,1.3935,1.4149,1.3932,1.4084,9135730.7
2026-02-09 13:00:00,1.4084,1.4124,1.3952,1.3957,4731632.8
2026-02-09 14:00:00,1.3957,1.4382,1.3952,1.4309,11488908.2
2026-02-09 15:00:00,1.4308,1.4499,1.4205,1.4462,13804945.4
2026-02-09 16:00:00,1.4461,1.4642,1.4362,1.4516,11619460.9
2026-02-09 17:00:00,1.4515,1.4568,1.4336,1.4505,9734716.5
2026-02-09 18:00:00,1.4506,1.4594,1.437,1.4437,7534380.9
2026-02-09 19:00:00,1.4436,1.4556,1.4415,1.4528,6183354.4
2026-02-09 20:00:00,1.4527,1.4579,1.4437,1.4543,5800866.6
2026-02-09 21:00:00,1.4543,1.4587,1.4388,1.451,5706147.2
2026-02-09 22:00:00,1.451,1.4524,1.4432,1.4444,2103705.9
2026-02-09 23:00:00,1.4444,1.4489,1.4351,1.437,3067777.3
2026-02-10 00:00:00,1.437,1.442,1.434,1.4372,3029079.5
2026-02-10 01:00:00,1.4372,1.4532,1.4367,1.4482,3218007.5
2026-02-10 02:00:00,1.4482,1.4498,1.443,1.4472,2671927.6
2026-02-10 03:00:00,1.4473,1.451,1.4282,1.4354,5782490.3
2026-02-10 04:00:00,1.4354,1.452,1.4345,1.4473,5355757.5
2026-02-10 05:00:00,1.4472,1.4492,1.437,1.4419,4033236.2
2026-02-10 06:00:00,1.4419,1.4423,1.4142,1.4202,7695821.9
2026-02-10 07:00:00,1.4203,1.4285,1.4199,1.4221,3527715.0
2026-02-10 08:00:00,1.4222,1.4329,1.4146,1.4295,3909658.9
2026-02-10 09:00:00,1.4294,1.436,1.417,1.4211,3996870.9
2026-02-10 10:00:00,1.4212,1.4237,1.415,1.416,3175924.8
2026-02-10 11:00:00,1.416,1.4196,1.4065,1.4081,6278126.8
2026-02-10 12:00:00,1.4081,1.4139,1.4055,1.409,3590260.4
2026-02-10 13:00:00,1.4089,1.4176,1.4031,1.4151,5757125.8
2026-02-10 14:00:00,1.4151,1.4259,1.3931,1.4027,14389106.3
2026-02-10 15:00:00,1.4027,1.4139,1.3976,1.407,6418292.4
2026-02-10 16:00:00,1.407,1.4204,1.3998,1.4163,6053577.3
2026-02-10 17:00:00,1.4162,1.4291,1.4138,1.4247,5918906.2
2026-02-10 18:00:00,1.4247,1.4261,1.3942,1.4022,5523429.9
2026-02-10 19:00:00,1.4022,1.4094,1.3972,1.401,2742502.5
2026-02-10 20:00:00,1.4009,1.4028,1.3916,1.3966,4382331.2
2026-02-10 21:00:00,1.3965,1.4023,1.3917,1.3941,2292402.2
2026-02-10 22:00:00,1.3942,1.4049,1.3935,1.4,1988603.9
2026-02-10 23:00:00,1.3999,1.4018,1.3954,1.3999,1668218.7
2026-02-11 00:00:00,1.3998,1.4134,1.3992,1.4098,2824287.2
2026-02-11 01:00:00,1.4098,1.4147,1.4064,1.4105,2957112.8
2026-02-11 02:00:00,1.4106,1.4205,1.4094,1.4102,4021909.0
2026-02-11 03:00:00,1.4102,1.4116,1.3943,1.4041,4554165.9
2026-02-11 04:00:00,1.4041,1.4088,1.3801,1.3843,9884896.4
2026-02-11 05:00:00,1.3844,1.3924,1.3743,1.3756,6071916.5
2026-02-11 06:00:00,1.3757,1.3784,1.358,1.3601,13538833.2
2026-02-11 07:00:00,1.36,1.3731,1.3582,1.3667,5129836.8
2026-02-11 08:00:00,1.3667,1.3723,1.3609,1.3669,4085843.0
2026-02-11 09:00:00,1.367,1.3694,1.3566,1.3615,4258017.7
2026-02-11 10:00:00,1.3616,1.3646,1.3553,1.3614,5691106.3
2026-02-11 11:00:00,1.3613,1.3806,1.3605,1.3791,7316096.0
2026-02-11 12:00:00,1.379,1.3795,1.3708,1.3727,4755724.8
2026-02-11 13:00:00,1.3726,1.3814,1.3602,1.376,12427986.1
2026-02-11 14:00:00,1.376,1.4097,1.3582,1.362,23258209.2
2026-02-11 15:00:00,1.3619,1.37,1.3463,1.3541,15396690.9
2026-02-11 16:00:00,1.3541,1.3701,1.3443,1.3451,8682779.1
2026-02-11 17:00:00,1.345,1.38,1.3421,1.3701,9527924.0
2026-02-11 18:00:00,1.3701,1.3848,1.3619,1.3784,5260578.3
2026-02-11 19:00:00,1.3784,1.3871,1.3718,1.3788,4372008.2
2026-02-11 20:00:00,1.3788,1.3863,1.3749,1.3818,4751158.0
2026-02-11 21:00:00,1.3818,1.3973,1.3794,1.3833,5752849.9
2026-02-11 22:00:00,1.3834,1.3846,1.3698,1.3718,3703501.1
2026-02-11 23:00:00,1.3719,1.373,1.3596,1.3697,4472833.3
2026-02-12 00:00:00,1.3697,1.3849,1.3684,1.3773,4054755.6
2026-02-12 01:00:00,1.3774,1.3865,1.3774,1.3811,2447372.1
2026-02-12 02:00:00,1.3811,1.3853,1.3745,1.3769,3187911.5
2026-02-12 03:00:00,1.3769,1.3798,1.371,1.3752,3961691.5
2026-02-12 04:00:00,1.3752,1.3807,1.3723,1.3755,3461580.9
2026-02-12 05:00:00,1.3755,1.3818,1.3728,1.3803,3363813.3
2026-02-12 06:00:00,1.3802,1.3889,1.3782,1.3833,3847372.2
2026-02-12 07:00:00,1.3833,1.3862,1.3764,1.3819,3174071.8
2026-02-12 08:00:00,1.382,1.3846,1.3771,1.3821,2271655.4
2026-02-12 09:00:00,1.3821,1.3966,1.3803,1.396,5646273.5
2026-02-12 10:00:00,1.396,1.404,1.3891,1.4038,4350315.1
2026-02-12 11:00:00,1.4038,1.4082,1.3935,1.4015,7096263.3
2026-02-12 12:00:00,1.4016,1.403,1.3898,1.3927,3326450.9
2026-02-12 13:00:00,1.3926,1.4027,1.3854,1.4017,4261194.7
2026-02-12 14:00:00,1.4016,1.4026,1.3844,1.389,5134772.6
2026-02-12 15:00:00,1.3891,1.3967,1.375,1.3759,7701146.6
2026-02-12 16:00:00,1.3758,1.3781,1.3463,1.3531,18489641.4
2026-02-12 17:00:00,1.3531,1.3797,1.3461,1.3625,8080587.6
2026-02-12 18:00:00,1.3625,1.3677,1.3521,1.3633,3868937.8
2026-02-12 19:00:00,1.3633,1.3764,1.355,1.3647,3122409.2
2026-02-12 20:00:00,1.3647,1.3667,1.3506,1.3521,3422961.7
2026-02-12 21:00:00,1.3521,1.3582,1.3488,1.352,7086652.1
2026-02-12 22:00:00,1.3519,1.3661,1.3503,1.364,2553611.6
2026-02-12 23:00:00,1.364,1.3703,1.3605,1.3635,2944821.7
2026-02-13 00:00:00,1.3635,1.3684,1.3492,1.3536,4326336.4
2026-02-13 01:00:00,1.3536,1.3628,1.3497,1.3576,2725414.0
2026-02-13 02:00:00,1.3577,1.3689,1.357,1.3665,3358817.5
2026-02-13 03:00:00,1.3666,1.3719,1.362,1.3655,3685349.0
2026-02-13 04:00:00,1.3655,1.3683,1.3579,1.3582,1967496.8
2026-02-13 05:00:00,1.3582,1.3611,1.3532,1.3533,1911521.7
2026-02-13 06:00:00,1.3533,1.3578,1.3485,1.357,2585947.0
2026-02-13 07:00:00,1.3569,1.3628,1.3495,1.3539,8549966.5
2026-02-13 08:00:00,1.3539,1.3693,1.3521,1.3675,4191555.8
2026-02-13 09:00:00,1.3675,1.3712,1.3646,1.3685,3051319.8
2026-02-13 10:00:00,1.3684,1.373,1.365,1.3684,3236098.8
2026-02-13 11:00:00,1.3685,1.3697,1.3608,1.368,3437012.6
2026-02-13 12:00:00,1.3679,1.3679,1.3598,1.3647,3230686.5
2026-02-13 13:00:00,1.3647,1.3828,1.3614,1.3765,7386231.9
2026-02-13 14:00:00,1.3765,1.3943,1.368,1.3852,11995199.9
2026-02-13 15:00:00,1.3853,1.422,1.3807,1.4046,20762062.2
2026-02-13 16:00:00,1.4046,1.4285,1.3996,1.417,11159116.0
2026-02-13 17:00:00,1.417,1.4215,1.4077,1.4149,6298129.6
2026-02-13 18:00:00,1.4149,1.4207,1.4063,1.4156,5292727.9
2026-02-13 19:00:00,1.4157,1.4195,1.4085,1.4112,2948849.2
2026-02-13 20:00:00,1.4112,1.4145,1.405,1.4135,4593376.5
2026-02-13 21:00:00,1.4135,1.4165,1.4071,1.4098,2615531.4
2026-02-13 22:00:00,1.4099,1.41,1.398,1.4032,3235036.1
2026-02-13 23:00:00,1.4032,1.4088,1.4019,1.4071,2483956.3
2026-02-14 00:00:00,1.407,1.4169,1.4051,1.4145,2599802.2
2026-02-14 01:00:00,1.4145,1.4182,1.4106,1.4124,1685264.9
2026-02-14 02:00:00,1.4124,1.4149,1.4099,1.4109,1660217.8
2026-02-14 03:00:00,1.4109,1.4184,1.4104,1.4164,1477839.0
2026-02-14 04:00:00,1.4163,1.4196,1.4127,1.4128,1566719.2
2026-02-14 05:00:00,1.4128,1.4159,1.4081,1.4085,1130638.7
2026-02-14 06:00:00,1.4084,1.415,1.4078,1.4146,1562496.4
2026-02-14 07:00:00,1.4146,1.4256,1.4121,1.4224,2191258.7
2026-02-14 08:00:00,1.4224,1.4491,1.4217,1.4471,8260067.1
2026-02-14 09:00:00,1.4472,1.4612,1.4465,1.452,9436505.2
2026-02-14 10:00:00,1.452,1.452,1.4415,1.4474,3492405.2
2026-02-14 11:00:00,1.4475,1.4734,1.4471,1.4717,9415104.1
2026-02-14 12:00:00,1.4717,1.4769,1.4607,1.4645,9499068.8
2026-02-14 13:00:00,1.4646,1.4698,1.4516,1.4571,6310705.3
2026-02-14 14:00:00,1.4571,1.4746,1.4553,1.4713,4710861.8
2026-02-14 15:00:00,1.4713,1.4734,1.4644,1.469,3627024.2
2026-02-14 16:00:00,1.469,1.4766,1.4571,1.4748,5353146.4
2026-02-14 17:00:00,1.4747,1.4799,1.4683,1.4734,4121065.6
2026-02-14 18:00:00,1.4734,1.493,1.4702,1.4883,6343433.4
2026-02-14 19:00:00,1.4883,1.5003,1.484,1.498,6230378.9
2026-02-14 20:00:00,1.4981,1.5084,1.4879,1.4954,6949034.4
2026-02-14 21:00:00,1.4953,1.5046,1.4891,1.4978,5596510.9
2026-02-14 22:00:00,1.4977,1.5049,1.4936,1.5009,3379696.1
2026-02-14 23:00:00,1.5009,1.5138,1.499,1.5094,6541294.1
2026-02-15 00:00:00,1.5094,1.5324,1.5061,1.5218,9545795.9
2026-02-15 01:00:00,1.5217,1.5448,1.5151,1.5285,11221635.9
2026-02-15 02:00:00,1.5285,1.5358,1.5163,1.528,5090200.7
2026-02-15 03:00:00,1.5279,1.5341,1.5048,1.5269,8925465.7
2026-02-15 04:00:00,1.5269,1.5598,1.5251,1.5459,10871136.5
2026-02-15 05:00:00,1.5458,1.5897,1.5454,1.5834,11637660.4
2026-02-15 06:00:00,1.5834,1.5888,1.5723,1.5796,7993864.8
2026-02-15 07:00:00,1.5796,1.6505,1.5755,1.6497,17970894.1
2026-02-15 08:00:00,1.6498,1.6714,1.6123,1.6165,41461402.3
2026-02-15 09:00:00,1.6164,1.6231,1.5892,1.5904,13991238.3
2026-02-15 10:00:00,1.5904,1.5974,1.5735,1.5856,13344598.0
2026-02-15 11:00:00,1.5855,1.5953,1.5579,1.5624,10605170.9
2026-02-15 12:00:00,1.5624,1.5662,1.52,1.5209,20503597.8
2026-02-15 13:00:00,1.521,1.5403,1.5115,1.5193,18510751.8
2026-02-15 14:00:00,1.5192,1.5377,1.5151,1.5331,13240429.5
2026-02-15 15:00:00,1.533,1.544,1.5216,1.5237,6573137.8
2026-02-15 16:00:00,1.5237,1.5237,1.5069,1.5219,6424575.8
2026-02-15 17:00:00,1.522,1.5245,1.4821,1.4939,14092397.8
2026-02-15 18:00:00,1.494,1.4958,1.4645,1.4692,12269451.2
2026-02-15 19:00:00,1.4691,1.4699,1.4477,1.4537,12736091.4
2026-02-15 20:00:00,1.4537,1.4676,1.445,1.462,7452786.6
2026-02-15 21:00:00,1.4621,1.476,1.4616,1.4722,6493969.0
2026-02-15 22:00:00,1.4723,1.4905,1.4686,1.4863,11233052.5
2026-02-15 23:00:00,1.4863,1.4865,1.4585,1.4753,7117167.7
2026-02-16 00:00:00,1.4753,1.4872,1.4712,1.4787,6271975.4
2026-02-16 01:00:00,1.4787,1.4829,1.465,1.4743,5937561.2
2026-02-16 02:00:00,1.4743,1.4808,1.4541,1.4561,4852685.2
2026-02-16 03:00:00,1.4562,1.4631,1.4538,1.4616,3466536.5
2026-02-16 04:00:00,1.4617,1.4758,1.4601,1.4741,4319452.0
2026-02-16 05:00:00,1.4742,1.4759,1.4485,1.456,7964533.2
2026-02-16 06:00:00,1.456,1.4683,1.4541,1.4652,4518929.7
2026-02-16 07:00:00,1.4651,1.471,1.4577,1.4611,4895945.3
2026-02-16 08:00:00,1.4611,1.471,1.4611,1.4699,4512643.2
2026-02-16 09:00:00,1.47,1.5141,1.469,1.5019,16011304.1
2026-02-16 10:00:00,1.5019,1.5029,1.4829,1.4902,6419514.8
2026-02-16 11:00:00,1.4901,1.493,1.4686,1.4838,5763575.8
2026-02-16 12:00:00,1.4838,1.5082,1.4803,1.5049,8637617.1
2026-02-16 13:00:00,1.5049,1.5171,1.4811,1.4906,13959418.8
2026-02-16 14:00:00,1.4906,1.5091,1.4851,1.495,9438067.6
2026-02-16 15:00:00,1.495,1.5029,1.4616,1.4743,11354016.9
2026-02-16 16:00:00,1.4744,1.4947,1.4727,1.4873,7224276.6
2026-02-16 17:00:00,1.4873,1.4932,1.4814,1.4834,4399940.3
2026-02-16 18:00:00,1.4833,1.4872,1.4713,1.4721,3306577.4
2026-02-16 19:00:00,1.4722,1.4821,1.472,1.4753,3079062.0
2026-02-16 20:00:00,1.4753,1.4889,1.4687,1.4858,3430073.6
2026-02-16 21:00:00,1.4857,1.4937,1.4807,1.4915,2346992.9
2026-02-16 22:00:00,1.4916,1.4941,1.4818,1.4836,1783998.9
2026-02-16 23:00:00,1.4836,1.4904,1.4821,1.4876,1508424.5
2026-02-17 00:00:00,1.4876,1.4911,1.4822,1.4836,1530313.2
2026-02-17 01:00:00,1.4837,1.4916,1.4787,1.4794,2943032.6
2026-02-17 02:00:00,1.4794,1.4934,1.4732,1.4871,4790914.9
2026-02-17 03:00:00,1.4872,1.4899,1.4824,1.4829,2467768.3
2026-02-17 04:00:00,1.483,1.4889,1.4745,1.4864,2966936.0
2026-02-17 05:00:00,1.4865,1.4881,1.4707,1.4754,2212689.6
2026-02-17 06:00:00,1.4755,1.4807,1.4741,1.4789,2356812.5
2026-02-17 07:00:00,1.4788,1.4788,1.4694,1.4731,3267842.6
2026-02-17 08:00:00,1.473,1.4771,1.4639,1.4668,1891020.2
2026-02-17 09:00:00,1.4668,1.4671,1.4539,1.4611,4961568.5
2026-02-17 10:00:00,1.4611,1.4625,1.4514,1.4554,4110171.6
2026-02-17 11:00:00,1.4554,1.46,1.4499,1.4525,4675185.8
2026-02-17 12:00:00,1.4525,1.4629,1.4519,1.4568,2921760.2
2026-02-17 13:00:00,1.4567,1.4634,1.4515,1.4578,3951505.0
2026-02-17 14:00:00,1.4578,1.4627,1.4268,1.4354,12095274.5
2026-02-17 15:00:00,1.4354,1.4585,1.4344,1.4571,6924979.1
2026-02-17 16:00:00,1.4572,1.495,1.4572,1.477,14490734.6
2026-02-17 17:00:00,1.477,1.4795,1.4571,1.4653,4293555.6
2026-02-17 18:00:00,1.4652,1.4896,1.4638,1.4836,4088713.6
2026-02-17 19:00:00,1.4836,1.4894,1.4761,1.4855,3333576.3
2026-02-17 20:00:00,1.4856,1.489,1.4751,1.4873,3075297.9
2026-02-17 21:00:00,1.4873,1.4935,1.4797,1.4839,2274815.1
2026-02-17 22:00:00,1.4838,1.4848,1.4729,1.4745,1600363.6
2026-02-17 23:00:00,1.4744,1.4776,1.4708,1.4743,1613558.7
2026-02-18 00:00:00,1.4742,1.4794,1.469,1.4696,2885978.1
2026-02-18 01:00:00,1.4696,1.471,1.4635,1.4669,4358509.1
2026-02-18 02:00:00,1.4668,1.4767,1.4664,1.4753,2328758.8
2026-02-18 03:00:00,1.4754,1.4834,1.4742,1.4791,1927625.7
2026-02-18 04:00:00,1.4792,1.485,1.4763,1.4808,2149213.8
2026-02-18 05:00:00,1.4808,1.4877,1.4755,1.4759,2181665.3
2026-02-18 06:00:00,1.476,1.4841,1.4756,1.4801,1521358.1
2026-02-18 07:00:00,1.4802,1.4888,1.4768,1.4869,1530443.2
2026-02-18 08:00:00,1.4868,1.4943,1.4856,1.4894,3720985.8
2026-02-18 09:00:00,1.4894,1.4925,1.485,1.4881,1687706.2
2026-02-18 10:00:00,1.488,1.4903,1.4765,1.4784,3534697.2
2026-02-18 11:00:00,1.4784,1.4786,1.4638,1.4665,4193779.1
2026-02-18 12:00:00,1.4664,1.4716,1.4588,1.4649,2813730.9
2026-02-18 13:00:00,1.465,1.472,1.4609,1.4692,4106450.5
2026-02-18 14:00:00,1.4693,1.4712,1.4521,1.4654,4339163.6
2026-02-18 15:00:00,1.4654,1.4891,1.464,1.4765,5503133.1
2026-02-18 16:00:00,1.4765,1.4773,1.4571,1.4597,4196299.6
2026-02-18 17:00:00,1.4598,1.4717,1.4545,1.4566,2659733.3
2026-02-18 18:00:00,1.4567,1.4588,1.4401,1.4411,4972265.3
2026-02-18 19:00:00,1.4411,1.4456,1.4195,1.423,10788366.4
2026-02-18 20:00:00,1.4231,1.4333,1.4207,1.4219,5239623.8
2026-02-18 21:00:00,1.422,1.4291,1.4173,1.4202,3094789.2
2026-02-18 22:00:00,1.4202,1.4244,1.4153,1.4206,3028503.5
2026-02-18 23:00:00,1.4206,1.423,1.4102,1.4219,3069074.3
2026-02-19 00:00:00,1.422,1.4244,1.4149,1.4174,2308217.5
2026-02-19 01:00:00,1.4174,1.4269,1.4148,1.4268,2925007.4
2026-02-19 02:00:00,1.4269,1.4299,1.42,1.4263,2018518.5
2026-02-19 03:00:00,1.4264,1.4301,1.4225,1.4288,1457535.9
2026-02-19 04:00:00,1.4288,1.4308,1.4165,1.4176,2630023.4
2026-02-19 05:00:00,1.4176,1.4213,1.4051,1.4126,14263954.5
2026-02-19 06:00:00,1.4125,1.4278,1.4119,1.4277,3578492.6
2026-02-19 07:00:00,1.4277,1.4381,1.4222,1.4326,4856025.1
2026-02-19 08:00:00,1.4325,1.4341,1.4145,1.4164,4894949.7
2026-02-19 09:00:00,1.4165,1.4276,1.4141,1.4152,4132045.3
2026-02-19 10:00:00,1.4152,1.4174,1.4077,1.4109,3374744.1
2026-02-19 11:00:00,1.4109,1.417,1.4062,1.4093,3722492.5
2026-02-19 12:00:00,1.4092,1.4146,1.4056,1.4078,2691852.6
2026-02-19 13:00:00,1.4079,1.409,1.3867,1.3924,8795663.6
2026-02-19 14:00:00,1.3924,1.4052,1.39,1.4008,10765524.2
2026-02-19 15:00:00,1.4008,1.41,1.3863,1.3975,6977190.6
2026-02-19 16:00:00,1.3975,1.3986,1.382,1.3922,7004406.9
2026-02-19 17:00:00,1.3922,1.4131,1.391,1.3961,6241199.6
2026-02-19 18:00:00,1.396,1.4138,1.3943,1.4133,3440106.0
2026-02-19 19:00:00,1.4133,1.4186,1.4042,1.4123,2385220.2
2026-02-19 20:00:00,1.4122,1.4148,1.4047,1.4114,2525075.6
2026-02-19 21:00:00,1.4114,1.4131,1.4074,1.4082,1840178.6
2026-02-19 22:00:00,1.4081,1.4107,1.3953,1.4009,3237813.4
2026-02-19 23:00:00,1.4009,1.4097,1.4,1.4068,2193439.3
2026-02-20 00:00:00,1.4068,1.4217,1.4054,1.4168,3064542.8
2026-02-20 01:00:00,1.4169,1.4256,1.4156,1.4254,4344033.9
2026-02-20 02:00:00,1.4254,1.4293,1.4177,1.4178,2677334.6
2026-02-20 03:00:00,1.4177,1.421,1.4115,1.4128,3585264.5
2026-02-20 04:00:00,1.4129,1.4136,1.4004,1.4106,3409905.8
2026-02-20 05:00:00,1.4106,1.4244,1.4048,1.4187,5187821.1
2026-02-20 06:00:00,1.4188,1.4216,1.4132,1.4205,3279779.7
2026-02-20 07:00:00,1.4204,1.4237,1.4164,1.4195,2185683.9
2026-02-20 08:00:00,1.4195,1.4226,1.4138,1.4187,2750706.9
2026-02-20 09:00:00,1.4187,1.4289,1.4183,1.423,4820114.6
2026-02-20 10:00:00,1.4229,1.4279,1.4201,1.4212,3301219.3
2026-02-20 11:00:00,1.4212,1.4225,1.403,1.4057,3925934.4
2026-02-20 12:00:00,1.4057,1.4092,1.403,1.4051,4179113.6
2026-02-20 13:00:00,1.4051,1.4052,1.3775,1.3841,12358408.7
2026-02-20 14:00:00,1.384,1.4075,1.3837,1.3998,5480086.2
2026-02-20 15:00:00,1.3999,1.4305,1.3999,1.429,15699578.6
2026-02-20 16:00:00,1.4289,1.4388,1.4235,1.4328,10942377.1
2026-02-20 17:00:00,1.4327,1.4327,1.4079,1.4297,8552614.4
2026-02-20 18:00:00,1.4298,1.4389,1.4233,1.4328,8283243.3
2026-02-20 19:00:00,1.4329,1.435,1.4213,1.4238,4024353.7
2026-02-20 20:00:00,1.4238,1.4298,1.4147,1.42,3545766.5
2026-02-20 21:00:00,1.4199,1.4257,1.418,1.4221,2800950.1
2026-02-20 22:00:00,1.422,1.4303,1.4178,1.4301,3534211.0
2026-02-20 23:00:00,1.43,1.4317,1.424,1.4292,1776659.7
2026-02-21 00:00:00,1.4292,1.4297,1.4198,1.4227,1857121.3
2026-02-21 01:00:00,1.4228,1.433,1.4227,1.431,2428984.0
2026-02-21 02:00:00,1.431,1.4337,1.4287,1.4306,2030471.7
2026-02-21 03:00:00,1.4307,1.4309,1.4237,1.4259,1953384.9
2026-02-21 04:00:00,1.4259,1.4298,1.4245,1.4284,1028021.7
2026-02-21 05:00:00,1.4285,1.4316,1.4269,1.428,895432.5
2026-02-21 06:00:00,1.4281,1.4354,1.428,1.4295,1945661.2
2026-02-21 07:00:00,1.4295,1.4328,1.428,1.4309,1228245.9
2026-02-21 08:00:00,1.4309,1.4354,1.4275,1.4339,1893077.7
2026-02-21 09:00:00,1.4339,1.4463,1.4332,1.4395,3739490.4
2026-02-21 10:00:00,1.4394,1.4426,1.437,1.4398,1215405.4
2026-02-21 11:00:00,1.4398,1.446,1.4386,1.4441,2505469.8
2026-02-21 12:00:00,1.444,1.4455,1.4358,1.44,2503963.7
2026-02-21 13:00:00,1.44,1.4483,1.437,1.4477,2544987.3
2026-02-21 14:00:00,1.4477,1.4642,1.4448,1.4553,7060533.9
2026-02-21 15:00:00,1.4553,1.4574,1.4467,1.4502,2768240.2
2026-02-21 16:00:00,1.4503,1.452,1.4385,1.4417,3373745.1
2026-02-21 17:00:00,1.4417,1.4431,1.4365,1.4422,1582000.3
2026-02-21 18:00:00,1.4422,1.4499,1.4419,1.4481,2112071.9
2026-02-21 19:00:00,1.4481,1.449,1.4424,1.4435,1709573.3
2026-02-21 20:00:00,1.4436,1.4436,1.4349,1.4373,2318442.4
2026-02-21 21:00:00,1.4374,1.442,1.4358,1.4413,1152211.4
2026-02-21 22:00:00,1.4412,1.4433,1.4317,1.4325,1953333.1
2026-02-21 23:00:00,1.4326,1.4357,1.43,1.4304,2198051.2
2026-02-22 00:00:00,1.4303,1.4338,1.4243,1.4272,2692802.3
2026-02-22 01:00:00,1.4272,1.4331,1.4272,1.4328,2094254.3
2026-02-22 02:00:00,1.4329,1.4329,1.4224,1.424,1729243.4
2026-02-22 03:00:00,1.4239,1.4275,1.4181,1.4238,1637855.4
2026-02-22 04:00:00,1.4238,1.4259,1.4218,1.4227,1233131.3
2026-02-22 05:00:00,1.4227,1.4229,1.4171,1.4208,1155471.1
2026-02-22 06:00:00,1.4208,1.4247,1.4185,1.4234,1886126.3
2026-02-22 07:00:00,1.4235,1.4239,1.4192,1.4212,1074371.2
2026-02-22 08:00:00,1.4213,1.4236,1.4171,1.4179,1224904.8
2026-02-22 09:00:00,1.4179,1.4225,1.4174,1.4207,705460.1
2026-02-22 10:00:00,1.4206,1.4261,1.4195,1.4213,915377.9
2026-02-22 11:00:00,1.4212,1.4249,1.4208,1.4236,1192185.9
2026-02-22 12:00:00,1.4236,1.4238,1.4071,1.4091,6048751.6
2026-02-22 13:00:00,1.4091,1.411,1.3977,1.4002,4246379.1
2026-02-22 14:00:00,1.4003,1.4025,1.3944,1.3971,4624689.1
2026-02-22 15:00:00,1.3971,1.3974,1.3859,1.3934,4610022.0
2026-02-22 16:00:00,1.3934,1.395,1.3877,1.3926,2949983.6
2026-02-22 17:00:00,1.3926,1.3927,1.3832,1.3882,3238909.0
2026-02-22 18:00:00,1.3882,1.3918,1.3871,1.3903,1254655.0
2026-02-22 19:00:00,1.3904,1.3908,1.3853,1.3867,1504347.0
2026-02-22 20:00:00,1.3868,1.3868,1.38,1.3834,2957752.3
2026-02-22 21:00:00,1.3834,1.3919,1.3834,1.3911,2571135.2
2026-02-22 22:00:00,1.3912,1.4018,1.3891,1.4011,6471045.4
2026-02-22 23:00:00,1.4011,1.4011,1.3879,1.3932,3147482.7
2026-02-23 00:00:00,1.3932,1.3948,1.3639,1.3649,7967044.2
2026-02-23 01:00:00,1.3649,1.3666,1.3301,1.3326,28398631.5
2026-02-23 02:00:00,1.3326,1.3438,1.332,1.3424,6921970.9
2026-02-23 03:00:00,1.3424,1.3527,1.3393,1.3414,5727388.1
2026-02-23 04:00:00,1.3414,1.3421,1.336,1.339,6178743.7
2026-02-23 05:00:00,1.339,1.3492,1.3388,1.3429,5695908.4
2026-02-23 06:00:00,1.3429,1.3692,1.342,1.3681,7373519.1
2026-02-23 07:00:00,1.3681,1.3781,1.3671,1.3714,6941681.2
2026-02-23 08:00:00,1.3714,1.3732,1.3619,1.366,5415780.9
2026-02-23 09:00:00,1.366,1.3963,1.3657,1.3914,8486200.1
2026-02-23 10:00:00,1.3914,1.3974,1.3872,1.3924,11404993.1
2026-02-23 11:00:00,1.3925,1.406,1.3917,1.3965,7764947.3
2026-02-23 12:00:00,1.3965,1.4248,1.3953,1.4129,10475629.1
2026-02-23 13:00:00,1.4129,1.4154,1.3948,1.3958,8933295.6
2026-02-23 14:00:00,1.3957,1.3994,1.3706,1.3838,14911423.2
2026-02-23 15:00:00,1.3838,1.3909,1.3672,1.3709,9757532.7
2026-02-23 16:00:00,1.3708,1.3785,1.3616,1.3664,6559100.6
2026-02-23 17:00:00,1.3665,1.3702,1.3483,1.3644,7392428.2
2026-02-23 18:00:00,1.3643,1.3766,1.3614,1.3654,6004479.0
2026-02-23 19:00:00,1.3654,1.3667,1.3555,1.3574,3995206.0
2026-02-23 20:00:00,1.3573,1.3596,1.35,1.3551,4059135.5
2026-02-23 21:00:00,1.355,1.3635,1.3503,1.3617,3067287.1
2026-02-23 22:00:00,1.3618,1.3677,1.3554,1.3562,2556734.6
2026-02-23 23:00:00,1.3562,1.3597,1.3504,1.3518,2906640.3
2026-02-24 00:00:00,1.3519,1.3583,1.3519,1.3571,2709906.4
2026-02-24 01:00:00,1.3571,1.3626,1.3271,1.3508,11418675.7
2026-02-24 02:00:00,1.3508,1.358,1.3436,1.3482,4476969.7
2026-02-24 03:00:00,1.3481,1.3481,1.3273,1.3323,7116321.2
2026-02-24 04:00:00,1.3323,1.3356,1.3219,1.3318,7730720.7
2026-02-24 05:00:00,1.3317,1.3428,1.3255,1.3317,7194431.3
2026-02-24 06:00:00,1.3316,1.3376,1.3263,1.3294,5717631.3
2026-02-24 07:00:00,1.3295,1.3317,1.3224,1.3266,6048376.5
2026-02-24 08:00:00,1.3267,1.3356,1.3222,1.3323,4124090.9
2026-02-24 09:00:00,1.3322,1.3347,1.3215,1.3318,3248999.5
2026-02-24 10:00:00,1.3318,1.3363,1.3271,1.3308,2647108.6
2026-02-24 11:00:00,1.3308,1.3343,1.3279,1.3334,2302660.5
2026-02-24 12:00:00,1.3334,1.3383,1.3292,1.3324,4905002.1
2026-02-24 13:00:00,1.3324,1.3357,1.3224,1.3307,6397688.3
2026-02-24 14:00:00,1.3306,1.3456,1.3124,1.3358,14286355.3
2026-02-24 15:00:00,1.3359,1.353,1.3324,1.3516,8415442.1
2026-02-24 16:00:00,1.3517,1.364,1.3449,1.3577,9123864.6
2026-02-24 17:00:00,1.3577,1.3638,1.3561,1.3596,6232023.6
2026-02-24 18:00:00,1.3595,1.3676,1.3522,1.3605,5294509.9
2026-02-24 19:00:00,1.3604,1.3642,1.35,1.3559,3789554.0
2026-02-24 20:00:00,1.3559,1.3639,1.3546,1.3576,4161544.6
2026-02-24 21:00:00,1.3577,1.3591,1.3495,1.3519,4246691.6
2026-02-24 22:00:00,1.3519,1.358,1.3501,1.353,3869983.2
2026-02-24 23:00:00,1.353,1.3548,1.3414,1.3482,3781020.2
2026-02-25 00:00:00,1.3483,1.352,1.3404,1.3471,2939438.4
2026-02-25 01:00:00,1.3471,1.3997,1.3461,1.3866,28236308.1
2026-02-25 02:00:00,1.3866,1.395,1.3788,1.3795,9393490.9
2026-02-25 03:00:00,1.3795,1.3814,1.3667,1.3701,5916981.6
2026-02-25 04:00:00,1.3702,1.3752,1.3596,1.3688,6636418.5
2026-02-25 05:00:00,1.3688,1.3706,1.353,1.3587,4647170.8
2026-02-25 06:00:00,1.3587,1.3669,1.3571,1.3603,3186564.9
2026-02-25 07:00:00,1.3603,1.3681,1.3587,1.3658,3150700.4
2026-02-25 08:00:00,1.3658,1.3737,1.363,1.3726,5070985.3
2026-02-25 09:00:00,1.3725,1.3823,1.372,1.38,5292648.3
2026-02-25 10:00:00,1.38,1.3841,1.374,1.3755,4105131.6
2026-02-25 11:00:00,1.3754,1.3853,1.3726,1.3839,2913114.0
2026-02-25 12:00:00,1.3838,1.4033,1.3812,1.4,7648233.5
2026-02-25 13:00:00,1.4001,1.4244,1.3986,1.4131,13066258.3
2026-02-25 14:00:00,1.4132,1.4368,1.4132,1.4359,13026004.3
2026-02-25 15:00:00,1.4359,1.446,1.4253,1.441,15349758.1
2026-02-25 16:00:00,1.4411,1.45,1.4378,1.4488,11761319.9
2026-02-25 17:00:00,1.4488,1.4743,1.4461,1.4664,18297075.2
2026-02-25 18:00:00,1.4663,1.4769,1.4561,1.472,10347996.6
2026-02-25 19:00:00,1.472,1.473,1.4539,1.4665,11840761.3
2026-02-25 20:00:00,1.4665,1.4712,1.4568,1.4643,11360599.0
2026-02-25 21:00:00,1.4643,1.4935,1.4627,1.476,18341430.6
2026-02-25 22:00:00,1.4761,1.488,1.4439,1.4558,16962841.2
2026-02-25 23:00:00,1.4558,1.4574,1.4192,1.4339,15597274.4
2026-02-26 00:00:00,1.4338,1.4475,1.4268,1.4393,9244544.3
2026-02-26 01:00:00,1.4393,1.4437,1.4233,1.4241,5697946.5
2026-02-26 02:00:00,1.4241,1.4396,1.4183,1.4379,5408713.2
2026-02-26 03:00:00,1.438,1.4457,1.4341,1.442,4798651.9
2026-02-26 04:00:00,1.442,1.4691,1.44,1.459,5332302.0
2026-02-26 05:00:00,1.459,1.4597,1.4403,1.4481,4859011.9
2026-02-26 06:00:00,1.448,1.4553,1.4435,1.4445,3459299.5
2026-02-26 07:00:00,1.4444,1.4452,1.4305,1.4341,4746881.4
2026-02-26 08:00:00,1.4341,1.4452,1.434,1.4362,4722552.9
2026-02-26 09:00:00,1.4362,1.4534,1.4348,1.4517,5270762.5
2026-02-26 10:00:00,1.4517,1.4567,1.4412,1.4426,7127533.0
2026-02-26 11:00:00,1.4426,1.4455,1.4348,1.4368,4764158.0
2026-02-26 12:00:00,1.4369,1.4439,1.4354,1.4422,5218024.7
2026-02-26 13:00:00,1.4421,1.446,1.4362,1.4399,3595544.5
2026-02-26 14:00:00,1.44,1.4449,1.4221,1.4355,11532788.0
2026-02-26 15:00:00,1.4354,1.436,1.4078,1.4212,14838715.9
2026-02-26 16:00:00,1.4212,1.4235,1.3854,1.3888,17535262.8
2026-02-26 17:00:00,1.3887,1.4007,1.3837,1.3877,8499854.0
2026-02-26 18:00:00,1.3877,1.3996,1.3827,1.3936,10967138.8
2026-02-26 19:00:00,1.3936,1.4112,1.393,1.4072,10454584.1
2026-02-26 20:00:00,1.4072,1.4132,1.3932,1.394,4602716.9
2026-02-26 21:00:00,1.3939,1.3973,1.3884,1.3948,3125616.9
2026-02-26 22:00:00,1.3949,1.4054,1.3938,1.4024,2288516.6
2026-02-26 23:00:00,1.4025,1.4038,1.3969,1.4027,2738021.5
2026-02-27 00:00:00,1.4027,1.4046,1.3932,1.4015,3639196.0
2026-02-27 01:00:00,1.4016,1.4064,1.3962,1.4056,4358853.0
2026-02-27 02:00:00,1.4057,1.4132,1.405,1.4068,4677225.1
2026-02-27 03:00:00,1.4069,1.4093,1.4002,1.4079,4117580.2
2026-02-27 04:00:00,1.4079,1.4216,1.4053,1.4077,8585247.5
2026-02-27 05:00:00,1.4077,1.4147,1.4068,1.4104,3048816.3
2026-02-27 06:00:00,1.4104,1.4145,1.4038,1.4125,2761063.2
2026-02-27 07:00:00,1.4125,1.4174,1.4059,1.417,2331412.9
2026-02-27 08:00:00,1.417,1.4237,1.4147,1.4216,3711832.9
2026-02-27 09:00:00,1.4217,1.4262,1.4048,1.4067,3563543.9
2026-02-27 10:00:00,1.4066,1.4074,1.3869,1.3889,7452496.2
2026-02-27 11:00:00,1.389,1.3968,1.3804,1.3826,7114427.4
2026-02-27 12:00:00,1.3826,1.3853,1.3728,1.3776,6701199.5
2026-02-27 13:00:00,1.3775,1.3822,1.3631,1.3708,12797019.3
2026-02-27 14:00:00,1.3708,1.3741,1.3571,1.3591,12852825.7
2026-02-27 15:00:00,1.359,1.3665,1.3523,1.3573,27587276.2
2026-02-27 16:00:00,1.3573,1.3588,1.3486,1.3513,9575943.0
2026-02-27 17:00:00,1.3513,1.3599,1.3386,1.358,11168957.5
2026-02-27 18:00:00,1.3581,1.3643,1.3531,1.3575,5752129.5
2026-02-27 19:00:00,1.3574,1.3575,1.3465,1.351,3209065.2
2026-02-27 20:00:00,1.351,1.3564,1.3504,1.3526,4531830.0
2026-02-27 21:00:00,1.3526,1.3563,1.3477,1.3514,4783078.4
2026-02-27 22:00:00,1.3514,1.3557,1.3386,1.354,6271561.0
2026-02-27 23:00:00,1.354,1.3585,1.3513,1.3562,4515588.7
2026-02-28 00:00:00,1.3562,1.3634,1.3552,1.3626,3429861.6
2026-02-28 01:00:00,1.3626,1.3653,1.3569,1.3588,2402428.9
2026-02-28 02:00:00,1.3588,1.3632,1.3569,1.3616,1964641.7
2026-02-28 03:00:00,1.3615,1.3617,1.3528,1.355,2637831.7
2026-02-28 04:00:00,1.3551,1.3581,1.3495,1.3539,2787062.1
2026-02-28 05:00:00,1.354,1.3559,1.3468,1.3495,2884000.7
2026-02-28 06:00:00,1.3495,1.3514,1.2932,1.2967,29342613.9
2026-02-28 07:00:00,1.2966,1.3229,1.2902,1.3027,22683451.6
2026-02-28 08:00:00,1.3026,1.3026,1.2834,1.2864,13578036.6
2026-02-28 09:00:00,1.2864,1.2894,1.2717,1.2779,15830944.9
2026-02-28 10:00:00,1.2778,1.295,1.27,1.2896,10963178.5
2026-02-28 11:00:00,1.2896,1.3071,1.2867,1.2933,11960279.9
2026-02-28 12:00:00,1.2932,1.2994,1.292,1.2957,6226955.6
2026-02-28 13:00:00,1.2958,1.3436,1.2947,1.3415,19062519.5
2026-02-28 14:00:00,1.3415,1.3504,1.3144,1.3184,16986208.6
2026-02-28 15:00:00,1.3185,1.3326,1.311,1.3239,9018485.2
2026-02-28 16:00:00,1.3239,1.33,1.3171,1.3264,4618625.6
2026-02-28 17:00:00,1.3264,1.3307,1.3146,1.3284,5510840.6
2026-02-28 18:00:00,1.3284,1.3488,1.3226,1.3427,6130282.4
2026-02-28 19:00:00,1.3426,1.3591,1.3349,1.3544,8982803.5
2026-02-28 20:00:00,1.3544,1.385,1.3505,1.3807,13043716.6
2026-02-28 21:00:00,1.3808,1.3829,1.3654,1.3777,8726043.0
2026-02-28 22:00:00,1.3777,1.3931,1.3748,1.3806,6870227.4
2026-02-28 23:00:00,1.3806,1.3869,1.374,1.3762,4348639.6
2026-03-01 00:00:00,1.3761,1.3824,1.372,1.3788,4457485.5
2026-03-01 01:00:00,1.3789,1.414,1.3653,1.4027,14516855.4
2026-03-01 02:00:00,1.4027,1.4332,1.4027,1.4249,19731112.2
2026-03-01 03:00:00,1.4248,1.4333,1.4134,1.4185,11529172.6
2026-03-01 04:00:00,1.4186,1.4217,1.4046,1.4138,7426179.3
2026-03-01 05:00:00,1.4138,1.4192,1.4087,1.4095,4312474.0
2026-03-01 06:00:00,1.4096,1.4104,1.3886,1.3947,14129013.7
2026-03-01 07:00:00,1.3948,1.4022,1.3932,1.3979,4327550.1
2026-03-01 08:00:00,1.3979,1.4,1.3761,1.3805,6188149.0
2026-03-01 09:00:00,1.3805,1.3876,1.37,1.3729,6457595.6
2026-03-01 10:00:00,1.3729,1.3817,1.3671,1.3767,5554680.1
2026-03-01 11:00:00,1.3767,1.3822,1.3752,1.3762,2674343.9
2026-03-01 12:00:00,1.3763,1.3788,1.3672,1.3678,3735680.8
2026-03-01 13:00:00,1.3678,1.3964,1.3616,1.3885,10946983.8
2026-03-01 14:00:00,1.3885,1.4035,1.3738,1.3804,7440929.1
2026-03-01 15:00:00,1.3804,1.3911,1.3771,1.3788,5498966.5
2026-03-01 16:00:00,1.3788,1.3863,1.3595,1.3702,6323917.3
2026-03-01 17:00:00,1.3702,1.3721,1.3562,1.3663,5042695.9
2026-03-01 18:00:00,1.3664,1.3789,1.3641,1.3679,5308803.7
2026-03-01 19:00:00,1.368,1.3684,1.3538,1.3566,4156685.1
2026-03-01 20:00:00,1.3565,1.3565,1.3369,1.3415,9940979.9
2026-03-01 21:00:00,1.3415,1.3568,1.341,1.3542,4429270.1
2026-03-01 22:00:00,1.3542,1.3725,1.3413,1.3423,9177085.5
2026-03-01 23:00:00,1.3424,1.3588,1.3395,1.3524,4634717.8
2026-03-02 00:00:00,1.3525,1.3727,1.3511,1.3653,6809916.9
2026-03-02 01:00:00,1.3653,1.3807,1.3636,1.3678,4679663.0
2026-03-02 02:00:00,1.3679,1.3727,1.3537,1.3643,5047260.5
2026-03-02 03:00:00,1.3643,1.3776,1.3613,1.374,4178126.9
2026-03-02 04:00:00,1.374,1.3752,1.3648,1.3669,3401748.8
2026-03-02 05:00:00,1.3669,1.3703,1.3574,1.3622,3281413.0
2026-03-02 06:00:00,1.3623,1.3636,1.3475,1.35,5062967.7
2026-03-02 07:00:00,1.3499,1.351,1.3379,1.3471,5428688.8
2026-03-02 08:00:00,1.3471,1.3555,1.3384,1.3543,8200341.7
2026-03-02 09:00:00,1.3543,1.3626,1.3524,1.3532,4188110.5
2026-03-02 10:00:00,1.3533,1.3555,1.3482,1.3536,2711169.1
2026-03-02 11:00:00,1.3535,1.3574,1.3464,1.3516,2339897.7
2026-03-02 12:00:00,1.3516,1.3542,1.3467,1.3478,2575628.4
2026-03-02 13:00:00,1.3478,1.3504,1.3386,1.3395,5804425.5
2026-03-02 14:00:00,1.3396,1.3787,1.3341,1.3731,16360895.3
2026-03-02 15:00:00,1.3731,1.4154,1.3693,1.4006,28407539.7
2026-03-02 16:00:00,1.4006,1.423,1.3976,1.4074,17641729.1
2026-03-02 17:00:00,1.4072,1.4111,1.3833,1.3955,9346827.1
2026-03-02 18:00:00,1.3954,1.407,1.3859,1.4006,6105033.5
2026-03-02 19:00:00,1.4007,1.405,1.3896,1.4007,6156502.0
2026-03-02 20:00:00,1.4007,1.4055,1.3877,1.3947,5345583.9
2026-03-02 21:00:00,1.3948,1.3984,1.386,1.3981,3200176.9
2026-03-02 22:00:00,1.3981,1.4067,1.3958,1.3997,5231485.8
2026-03-02 23:00:00,1.3997,1.4013,1.3877,1.39,5296946.0
2026-03-03 00:00:00,1.3901,1.395,1.3821,1.3905,5206595.7
2026-03-03 01:00:00,1.3905,1.3953,1.3818,1.3836,3650628.5
2026-03-03 02:00:00,1.3835,1.3839,1.3758,1.3784,6526673.6
2026-03-03 03:00:00,1.3784,1.3796,1.3678,1.3733,4546278.5
2026-03-03 04:00:00,1.3733,1.3748,1.3646,1.3666,3003911.7
2026-03-03 05:00:00,1.3665,1.3777,1.3616,1.3651,4694152.5
2026-03-03 06:00:00,1.3651,1.3671,1.3578,1.3615,3396744.5
2026-03-03 07:00:00,1.3614,1.3674,1.3579,1.364,5141062.3
2026-03-03 08:00:00,1.3639,1.3692,1.3475,1.3494,6515523.4
2026-03-03 09:00:00,1.3494,1.3565,1.3422,1.3483,6282735.0
2026-03-03 10:00:00,1.3482,1.3524,1.3427,1.3506,4614998.5
2026-03-03 11:00:00,1.3506,1.3546,1.3469,1.3531,6474684.9
2026-03-03 12:00:00,1.3531,1.3708,1.3517,1.3582,5577119.2
2026-03-03 13:00:00,1.3583,1.3589,1.3438,1.3485,4116619.9
2026-03-03 14:00:00,1.3484,1.3631,1.3366,1.3468,12512156.3
2026-03-03 15:00:00,1.3467,1.3656,1.3395,1.3646,11603396.1
2026-03-03 16:00:00,1.3646,1.3877,1.3548,1.3689,15393847.2
2026-03-03 17:00:00,1.3689,1.371,1.3533,1.3693,4223559.9
2026-03-03 18:00:00,1.3693,1.3758,1.3604,1.367,7129826.7
2026-03-03 19:00:00,1.3671,1.3683,1.3561,1.3626,3839396.1
2026-03-03 20:00:00,1.3627,1.3639,1.3528,1.3541,2797819.4
2026-03-03 21:00:00,1.354,1.3577,1.3486,1.3562,2131715.8
2026-03-03 22:00:00,1.3562,1.3655,1.3556,1.3629,2499494.9
2026-03-03 23:00:00,1.3629,1.3696,1.3597,1.3607,3723956.8
2026-03-04 00:00:00,1.3607,1.3634,1.3531,1.3602,2567034.8
2026-03-04 01:00:00,1.3602,1.3698,1.356,1.364,7106666.7
2026-03-04 02:00:00,1.3641,1.3678,1.3546,1.3607,4925528.7
2026-03-04 03:00:00,1.3608,1.3622,1.3453,1.353,4702680.2
2026-03-04 04:00:00,1.353,1.3559,1.3452,1.3515,3371159.0
2026-03-04 05:00:00,1.3514,1.3618,1.3495,1.3566,2887914.1
2026-03-04 06:00:00,1.3567,1.3616,1.3504,1.3595,2914285.9
2026-03-04 07:00:00,1.3595,1.3771,1.3582,1.375,7742719.5
2026-03-04 08:00:00,1.375,1.4063,1.3693,1.4037,15004673.8
2026-03-04 09:00:00,1.4036,1.4257,1.3977,1.416,25536860.4
2026-03-04 10:00:00,1.416,1.4223,1.402,1.4048,11725274.7
2026-03-04 11:00:00,1.4049,1.4129,1.3944,1.399,7420625.4
2026-03-04 12:00:00,1.399,1.4005,1.3829,1.3939,7084927.6
2026-03-04 13:00:00,1.3939,1.4064,1.3934,1.4055,5979371.2
2026-03-04 14:00:00,1.4055,1.4254,1.4037,1.4131,14110827.0
2026-03-04 15:00:00,1.4131,1.4642,1.4127,1.4629,30131381.5
2026-03-04 16:00:00,1.4629,1.4732,1.44,1.4501,21573387.3
2026-03-04 17:00:00,1.4501,1.4556,1.4354,1.4427,12851110.8
2026-03-04 18:00:00,1.4426,1.4567,1.4363,1.4545,7198617.0
2026-03-04 19:00:00,1.4545,1.47,1.4524,1.4565,10494474.0
2026-03-04 20:00:00,1.4565,1.4655,1.4495,1.4594,9850700.4
2026-03-04 21:00:00,1.4595,1.4601,1.4446,1.4474,7727807.6
2026-03-04 22:00:00,1.4475,1.4536,1.4271,1.4302,6776279.2
2026-03-04 23:00:00,1.4302,1.4344,1.4164,1.4309,8341472.4
2026-03-05 00:00:00,1.4309,1.4344,1.4235,1.4268,3260717.1
2026-03-05 01:00:00,1.4268,1.4362,1.4157,1.4193,5432784.2
2026-03-05 02:00:00,1.4193,1.4287,1.4165,1.4198,4124974.9
2026-03-05 03:00:00,1.4199,1.4244,1.4163,1.4196,3882024.9
2026-03-05 04:00:00,1.4195,1.4314,1.4187,1.4286,4396713.8
2026-03-05 05:00:00,1.4286,1.4302,1.4127,1.415,3353057.0
2026-03-05 06:00:00,1.415,1.4251,1.4085,1.4242,3813575.6
2026-03-05 07:00:00,1.4241,1.4297,1.4091,1.413,3506869.0
2026-03-05 08:00:00,1.413,1.419,1.4094,1.4186,3377760.4
2026-03-05 09:00:00,1.4186,1.4316,1.4174,1.4288,4706224.4
2026-03-05 10:00:00,1.4288,1.4525,1.4247,1.4478,8550376.3
2026-03-05 11:00:00,1.4479,1.4499,1.4345,1.4363,7216496.0
2026-03-05 12:00:00,1.4363,1.4427,1.4328,1.4409,4485238.7
2026-03-05 13:00:00,1.441,1.4416,1.4204,1.4276,6913518.5
2026-03-05 14:00:00,1.4277,1.4403,1.4199,1.4374,9255082.4
2026-03-05 15:00:00,1.4375,1.4405,1.4098,1.4167,10128030.0
2026-03-05 16:00:00,1.4167,1.4169,1.396,1.4115,8231604.4
2026-03-05 17:00:00,1.4115,1.419,1.3987,1.3999,4992631.3
2026-03-05 18:00:00,1.3998,1.4117,1.3984,1.4101,3149468.5
2026-03-05 19:00:00,1.4102,1.4232,1.41,1.4112,4784821.4
2026-03-05 20:00:00,1.4113,1.4206,1.4099,1.4154,3571675.3
2026-03-05 21:00:00,1.4154,1.4193,1.4035,1.407,2935428.1
2026-03-05 22:00:00,1.407,1.4095,1.4021,1.4061,2158473.4
2026-03-05 23:00:00,1.406,1.4086,1.4021,1.4037,1941446.6
2026-03-06 00:00:00,1.4038,1.4084,1.4028,1.4052,1580382.6
2026-03-06 01:00:00,1.4053,1.4145,1.398,1.412,3513621.7
2026-03-06 02:00:00,1.4121,1.4148,1.4088,1.4098,1739627.0
2026-03-06 03:00:00,1.4099,1.4119,1.4035,1.4055,1586340.5
2026-03-06 04:00:00,1.4054,1.4061,1.3916,1.3993,3913050.1
2026-03-06 05:00:00,1.3993,1.403,1.3927,1.3986,2755241.4
2026-03-06 06:00:00,1.3986,1.4051,1.3967,1.4006,1981832.1
2026-03-06 07:00:00,1.4005,1.4084,1.3972,1.4077,2032826.8
2026-03-06 08:00:00,1.4077,1.4085,1.4013,1.405,7974701.7
2026-03-06 09:00:00,1.4051,1.4064,1.3921,1.3978,3388864.6
2026-03-06 10:00:00,1.3978,1.4078,1.3973,1.4031,2193478.0
2026-03-06 11:00:00,1.403,1.4047,1.3936,1.395,2127215.5
2026-03-06 12:00:00,1.395,1.3965,1.3846,1.3892,4608176.7
2026-03-06 13:00:00,1.3891,1.3972,1.372,1.3721,13019423.8
2026-03-06 14:00:00,1.3721,1.3745,1.351,1.3554,16142925.7
2026-03-06 15:00:00,1.3554,1.3664,1.353,1.3562,11347135.5
2026-03-06 16:00:00,1.3562,1.3633,1.3538,1.3572,5903710.5
2026-03-06 17:00:00,1.3571,1.3593,1.346,1.3498,8342028.6
2026-03-06 18:00:00,1.3497,1.3629,1.3493,1.3586,3870871.9
2026-03-06 19:00:00,1.3586,1.3662,1.3585,1.3634,2824468.4
2026-03-06 20:00:00,1.3634,1.3645,1.3543,1.3572,3837571.6
2026-03-06 21:00:00,1.3572,1.3649,1.356,1.3636,3066585.2
2026-03-06 22:00:00,1.3636,1.3722,1.3628,1.3689,3468693.6
2026-03-06 23:00:00,1.3689,1.369,1.3626,1.3633,2629205.4
2026-03-07 00:00:00,1.3632,1.3706,1.3629,1.3681,2105894.2
2026-03-07 01:00:00,1.368,1.3696,1.3646,1.3677,1415850.5
2026-03-07 02:00:00,1.3678,1.3687,1.3627,1.3678,1751217.1
2026-03-07 03:00:00,1.3679,1.3749,1.3654,1.366,2444613.2
2026-03-07 04:00:00,1.366,1.3663,1.3606,1.3633,1911264.2
2026-03-07 05:00:00,1.3633,1.3676,1.3622,1.3671,1418654.4
2026-03-07 06:00:00,1.3672,1.3685,1.3617,1.3637,1338360.9
2026-03-07 07:00:00,1.3637,1.3679,1.3613,1.367,2648199.3
2026-03-07 08:00:00,1.367,1.3692,1.3645,1.3654,1347269.2
2026-03-07 09:00:00,1.3653,1.3681,1.3632,1.3654,1267281.5
2026-03-07 10:00:00,1.3654,1.3686,1.365,1.366,967768.8
2026-03-07 11:00:00,1.3661,1.3733,1.3653,1.37,2350144.8
2026-03-07 12:00:00,1.37,1.3701,1.3624,1.3641,2129563.4
2026-03-07 13:00:00,1.3642,1.3686,1.3617,1.3628,2596276.8
2026-03-07 14:00:00,1.3628,1.3669,1.3565,1.3637,2886785.4
2026-03-07 15:00:00,1.3638,1.3638,1.3548,1.3573,1994539.4
2026-03-07 16:00:00,1.3573,1.3612,1.3558,1.3611,1122078.5
2026-03-07 17:00:00,1.3611,1.3649,1.3604,1.3606,1169591.5
2026-03-07 18:00:00,1.3605,1.3609,1.3517,1.3572,3164421.5
2026-03-07 19:00:00,1.3571,1.3572,1.3468,1.3504,5925775.8
2026-03-07 20:00:00,1.3504,1.3563,1.3502,1.3552,1816407.7
2026-03-07 21:00:00,1.3551,1.3592,1.3545,1.3566,1738530.3
2026-03-07 22:00:00,1.3566,1.3569,1.3504,1.3538,1290013.4
2026-03-07 23:00:00,1.3537,1.3572,1.3528,1.3567,976135.5
2026-03-08 00:00:00,1.3568,1.3603,1.3539,1.3552,1709584.7
2026-03-08 01:00:00,1.3551,1.3578,1.3509,1.3571,1374655.2
2026-03-08 02:00:00,1.3572,1.3574,1.345,1.348,3783526.6
2026-03-08 03:00:00,1.3479,1.3516,1.3446,1.3485,2302563.0
2026-03-08 04:00:00,1.3485,1.3499,1.3415,1.3439,2809072.0
2026-03-08 05:00:00,1.3439,1.3563,1.3439,1.3537,2404430.0
2026-03-08 06:00:00,1.3537,1.3555,1.3498,1.3523,1308206.5
2026-03-08 07:00:00,1.3522,1.3627,1.3516,1.3602,3168698.0
2026-03-08 08:00:00,1.3603,1.3619,1.3545,1.3591,2495113.9
2026-03-08 09:00:00,1.3591,1.3664,1.3561,1.3613,2966591.0
2026-03-08 10:00:00,1.3613,1.3712,1.3612,1.3682,4717800.0
2026-03-08 11:00:00,1.3681,1.3681,1.3563,1.3576,3347761.4
2026-03-08 12:00:00,1.3577,1.3592,1.3445,1.352,3965610.8
2026-03-08 13:00:00,1.3519,1.3537,1.3414,1.3501,4647643.8
2026-03-08 14:00:00,1.35,1.3531,1.3454,1.3496,1548575.9
2026-03-08 15:00:00,1.3497,1.3498,1.3428,1.3456,2645120.7
2026-03-08 16:00:00,1.3456,1.3457,1.3381,1.3396,5675899.8
2026-03-08 17:00:00,1.3396,1.3461,1.339,1.344,1996421.5
2026-03-08 18:00:00,1.3441,1.3485,1.34,1.3455,1550287.0
2026-03-08 19:00:00,1.3455,1.3599,1.3432,1.3563,3384207.0
2026-03-08 20:00:00,1.3562,1.362,1.3521,1.3534,2735733.5
2026-03-08 21:00:00,1.3535,1.3545,1.3442,1.3479,1749971.6
2026-03-08 22:00:00,1.3479,1.3494,1.3218,1.3456,14317003.5
2026-03-08 23:00:00,1.3457,1.3503,1.3392,1.34,3221166.3
2026-03-09 00:00:00,1.3401,1.3605,1.3387,1.3491,7112876.0
2026-03-09 01:00:00,1.3491,1.3537,1.3415,1.3421,4136041.2
2026-03-09 02:00:00,1.342,1.35,1.3376,1.3459,5096702.6
2026-03-09 03:00:00,1.3459,1.3653,1.345,1.3505,8187840.6
2026-03-09 04:00:00,1.3505,1.3557,1.3439,1.3441,3273987.1
2026-03-09 05:00:00,1.3442,1.3587,1.3419,1.3549,7150701.3
2026-03-09 06:00:00,1.355,1.3586,1.3444,1.345,3685755.5
2026-03-09 07:00:00,1.345,1.3455,1.333,1.3409,12907837.1
2026-03-09 08:00:00,1.3409,1.3484,1.3394,1.3464,3386958.7
2026-03-09 09:00:00,1.3464,1.3636,1.3412,1.3551,6696892.2
2026-03-09 10:00:00,1.355,1.3565,1.3456,1.3473,2513683.4
2026-03-09 11:00:00,1.3474,1.3516,1.3413,1.3502,2348988.9
2026-03-09 12:00:00,1.3502,1.3579,1.3496,1.3547,2914191.7
2026-03-09 13:00:00,1.3547,1.373,1.3542,1.368,9551876.1
2026-03-09 14:00:00,1.368,1.3731,1.359,1.3647,7266561.6
2026-03-09 15:00:00,1.3648,1.3678,1.3563,1.3602,3618466.9
2026-03-09 16:00:00,1.3602,1.3703,1.3587,1.3645,2691458.4
2026-03-09 17:00:00,1.3646,1.3703,1.3594,1.3625,4231503.3
2026-03-09 18:00:00,1.3625,1.368,1.3561,1.3617,3088653.1
2026-03-09 19:00:00,1.3617,1.3841,1.3562,1.3729,14018387.0
2026-03-09 20:00:00,1.3729,1.3791,1.3672,1.3733,5823109.9
2026-03-09 21:00:00,1.3732,1.3773,1.3697,1.3737,2579274.4
2026-03-09 22:00:00,1.3737,1.3754,1.3627,1.3644,4677679.3
2026-03-09 23:00:00,1.3644,1.3676,1.3604,1.3631,3141374.9
2026-03-10 00:00:00,1.3631,1.374,1.3605,1.3699,2632144.3
2026-03-10 01:00:00,1.3698,1.3751,1.3663,1.3722,3574556.6
2026-03-10 02:00:00,1.3721,1.3923,1.3695,1.3877,7130019.8
2026-03-10 03:00:00,1.3876,1.391,1.3748,1.375,4339665.6
2026-03-10 04:00:00,1.375,1.3835,1.3731,1.3819,2279170.4
2026-03-10 05:00:00,1.382,1.3897,1.3809,1.3842,3178718.5
2026-03-10 06:00:00,1.3842,1.3844,1.3778,1.3802,7124219.8
2026-03-10 07:00:00,1.3801,1.3886,1.3762,1.3875,8776247.7
2026-03-10 08:00:00,1.3876,1.4116,1.3876,1.4015,9714244.9
2026-03-10 09:00:00,1.4015,1.4195,1.4015,1.4165,6967843.8
2026-03-10 10:00:00,1.4165,1.4174,1.4043,1.4055,11221684.7
2026-03-10 11:00:00,1.4056,1.4057,1.3888,1.3909,8649302.1
2026-03-10 12:00:00,1.391,1.392,1.3825,1.3889,5096065.5
2026-03-10 13:00:00,1.389,1.4021,1.3813,1.393,9381917.7
2026-03-10 14:00:00,1.3931,1.4378,1.3817,1.4343,18781069.0
2026-03-10 15:00:00,1.4343,1.4427,1.4197,1.4308,17226763.0
2026-03-10 16:00:00,1.4309,1.4372,1.4231,1.4271,9422946.1
2026-03-10 17:00:00,1.4271,1.4305,1.4088,1.4124,8279980.5
2026-03-10 18:00:00,1.4124,1.4133,1.3907,1.3937,12858523.7
2026-03-10 19:00:00,1.3937,1.3952,1.3797,1.3849,6853667.6
2026-03-10 20:00:00,1.3849,1.395,1.3844,1.3899,3944016.3
2026-03-10 21:00:00,1.39,1.3949,1.3785,1.3836,3573139.5
2026-03-10 22:00:00,1.3835,1.3887,1.3795,1.3841,2461654.3
2026-03-10 23:00:00,1.384,1.3882,1.3839,1.3863,2846345.2
2026-03-11 00:00:00,1.3864,1.3926,1.3819,1.3884,4150328.5
2026-03-11 01:00:00,1.3884,1.3905,1.3843,1.3902,1526337.7
2026-03-11 02:00:00,1.3903,1.3907,1.3785,1.3826,2739426.3
2026-03-11 03:00:00,1.3825,1.3854,1.3782,1.3792,1889868.1
2026-03-11 04:00:00,1.3791,1.3896,1.3769,1.3878,2280777.7
2026-03-11 05:00:00,1.3878,1.391,1.3749,1.3765,3701334.3
2026-03-11 06:00:00,1.3764,1.3845,1.376,1.3825,3901956.4
2026-03-11 07:00:00,1.3825,1.3833,1.3735,1.3784,2364341.8
2026-03-11 08:00:00,1.3785,1.3795,1.3725,1.3759,2509182.5
2026-03-11 09:00:00,1.3759,1.3811,1.3731,1.3743,2321170.4
2026-03-11 10:00:00,1.3742,1.3815,1.3729,1.3787,2295227.1
2026-03-11 11:00:00,1.3786,1.3808,1.3722,1.3736,2566254.1
2026-03-11 12:00:00,1.3735,1.3875,1.3706,1.3852,7592994.7
2026-03-11 13:00:00,1.3852,1.4112,1.3832,1.3924,11826716.5
2026-03-11 14:00:00,1.3924,1.4033,1.3864,1.3921,9096232.5
2026-03-11 15:00:00,1.3922,1.3938,1.3731,1.3824,6555080.9
2026-03-11 16:00:00,1.3825,1.3905,1.3802,1.3873,4586086.6
2026-03-11 17:00:00,1.3874,1.4017,1.3872,1.3981,11735983.2
2026-03-11 18:00:00,1.398,1.4075,1.3964,1.4044,11864198.9
2026-03-11 19:00:00,1.4045,1.4049,1.388,1.3901,8073115.2
2026-03-11 20:00:00,1.3901,1.3939,1.3871,1.3916,1939741.4
2026-03-11 21:00:00,1.3917,1.3937,1.3885,1.3923,1158537.6
2026-03-11 22:00:00,1.3923,1.3973,1.387,1.3903,2482036.1
2026-03-11 23:00:00,1.3902,1.3922,1.3822,1.3847,1877942.5
2026-03-12 00:00:00,1.3847,1.386,1.3811,1.384,2225515.7
2026-03-12 01:00:00,1.3841,1.3842,1.377,1.3789,3545302.2
2026-03-12 02:00:00,1.3788,1.3813,1.3705,1.3726,4388920.0
2026-03-12 03:00:00,1.3725,1.3763,1.37,1.3738,3089992.5
2026-03-12 04:00:00,1.3738,1.3784,1.3695,1.3704,3221934.8
2026-03-12 05:00:00,1.3704,1.3728,1.366,1.3708,5355336.9
2026-03-12 06:00:00,1.3707,1.3734,1.3672,1.3725,3012051.7
2026-03-12 07:00:00,1.3725,1.378,1.3698,1.3765,3031685.6
2026-03-12 08:00:00,1.3764,1.3824,1.3742,1.3802,3077389.9
2026-03-12 09:00:00,1.3801,1.3888,1.3757,1.382,4609913.5
2026-03-12 10:00:00,1.3821,1.3913,1.3786,1.3901,3547837.6
2026-03-12 11:00:00,1.39,1.3936,1.387,1.3878,4747409.9
2026-03-12 12:00:00,1.3878,1.3926,1.3855,1.388,2626905.3
2026-03-12 13:00:00,1.3881,1.3924,1.3771,1.382,6031528.1
2026-03-12 14:00:00,1.382,1.392,1.365,1.3693,8561721.8
2026-03-12 15:00:00,1.3693,1.384,1.3663,1.3791,5887546.2
2026-03-12 16:00:00,1.3791,1.3859,1.3706,1.382,3779581.5
2026-03-12 17:00:00,1.382,1.3845,1.3772,1.3801,1862035.3
2026-03-12 18:00:00,1.3801,1.381,1.3714,1.372,2379433.0
2026-03-12 19:00:00,1.372,1.3818,1.3697,1.3786,2647122.9
2026-03-12 20:00:00,1.3785,1.3801,1.3713,1.3721,2209970.7
2026-03-12 21:00:00,1.372,1.3763,1.3716,1.3743,1820751.3
2026-03-12 22:00:00,1.3742,1.3795,1.3724,1.3791,2163312.0
2026-03-12 23:00:00,1.3791,1.3896,1.379,1.3846,5866408.9
2026-03-13 00:00:00,1.3846,1.4243,1.3831,1.4064,23182056.9
2026-03-13 01:00:00,1.4063,1.4166,1.4042,1.4137,12502136.4
2026-03-13 02:00:00,1.4138,1.4146,1.4002,1.4015,7080434.8
2026-03-13 03:00:00,1.4015,1.4144,1.4003,1.4124,4282523.2
2026-03-13 04:00:00,1.4123,1.4142,1.4074,1.4114,4686380.0
2026-03-13 05:00:00,1.4113,1.427,1.4075,1.4233,8923136.7
2026-03-13 06:00:00,1.4234,1.4264,1.4124,1.4133,7698344.7
2026-03-13 07:00:00,1.4133,1.421,1.4116,1.4153,6149262.7
2026-03-13 08:00:00,1.4153,1.4338,1.413,1.4264,10935235.6
2026-03-13 09:00:00,1.4264,1.4369,1.4263,1.4285,6451961.2
2026-03-13 10:00:00,1.4285,1.4385,1.4284,1.434,7174007.2
2026-03-13 11:00:00,1.4339,1.4345,1.4195,1.4202,8238897.3
2026-03-13 12:00:00,1.4202,1.44,1.4197,1.4336,7049104.9
2026-03-13 13:00:00,1.4336,1.4491,1.4308,1.4436,17069383.5
2026-03-13 14:00:00,1.4437,1.4528,1.4211,1.4229,18783263.0
2026-03-13 15:00:00,1.4229,1.429,1.4067,1.409,11872025.4
2026-03-13 16:00:00,1.409,1.415,1.4,1.4098,7459802.0
2026-03-13 17:00:00,1.4097,1.4128,1.392,1.3941,7781567.0
2026-03-13 18:00:00,1.3942,1.4014,1.39,1.3975,4292195.7
2026-03-13 19:00:00,1.3974,1.4028,1.3961,1.4014,3995995.7
2026-03-13 20:00:00,1.4014,1.4049,1.3982,1.4024,3064050.0
2026-03-13 21:00:00,1.4025,1.4061,1.3971,1.4009,3762069.5
2026-03-13 22:00:00,1.4008,1.4016,1.3901,1.3948,6950506.9
2026-03-13 23:00:00,1.3948,1.4003,1.3934,1.3989,3690385.2
2026-03-14 00:00:00,1.3988,1.3997,1.3923,1.3943,2474101.9
2026-03-14 01:00:00,1.3944,1.4011,1.3925,1.4001,2498125.9
2026-03-14 02:00:00,1.4002,1.4025,1.3973,1.3984,2382050.8
2026-03-14 03:00:00,1.3984,1.4035,1.3971,1.4009,3119848.7
2026-03-14 04:00:00,1.4008,1.4042,1.3961,1.3981,3105216.1
2026-03-14 05:00:00,1.3981,1.3993,1.3939,1.3953,2245834.4
2026-03-14 06:00:00,1.3953,1.3953,1.3834,1.3926,4178569.1
2026-03-14 07:00:00,1.3925,1.3978,1.3919,1.394,4601115.3
2026-03-14 08:00:00,1.394,1.3968,1.3922,1.3934,2284041.1
2026-03-14 09:00:00,1.3933,1.3974,1.3889,1.39,1961478.5
2026-03-14 10:00:00,1.39,1.3908,1.3874,1.3895,2904598.2
2026-03-14 11:00:00,1.3896,1.393,1.3892,1.3925,1504228.3
2026-03-14 12:00:00,1.3924,1.394,1.388,1.3893,2651763.2
2026-03-14 13:00:00,1.3893,1.3946,1.3882,1.3916,1839737.3
2026-03-14 14:00:00,1.3916,1.3931,1.3875,1.3891,1933050.3
2026-03-14 15:00:00,1.3891,1.3917,1.3881,1.3903,2106352.0
2026-03-14 16:00:00,1.3903,1.3931,1.3871,1.393,1194476.8
2026-03-14 17:00:00,1.3931,1.3936,1.3886,1.3898,1499817.7
2026-03-14 18:00:00,1.3897,1.3926,1.3883,1.3913,801757.2
2026-03-14 19:00:00,1.3913,1.3914,1.3897,1.3903,777455.2
2026-03-14 20:00:00,1.3903,1.3942,1.389,1.3934,1102602.4
2026-03-14 21:00:00,1.3934,1.3984,1.3912,1.3956,2605242.1
2026-03-14 22:00:00,1.3957,1.3979,1.3946,1.3967,2302208.6
2026-03-14 23:00:00,1.3967,1.4084,1.3967,1.4063,6137435.4
2026-03-15 00:00:00,1.4063,1.4095,1.4023,1.4053,3523253.8
2026-03-15 01:00:00,1.4053,1.4079,1.4021,1.405,1724260.0
2026-03-15 02:00:00,1.405,1.4198,1.405,1.4158,4771688.5
2026-03-15 03:00:00,1.4159,1.4203,1.4118,1.4121,2163090.7
2026-03-15 04:00:00,1.4122,1.4183,1.4122,1.417,2143241.6
2026-03-15 05:00:00,1.417,1.4211,1.4141,1.4141,2253508.9
2026-03-15 06:00:00,1.4142,1.4159,1.4055,1.4103,2667933.2
2026-03-15 07:00:00,1.4103,1.4121,1.4063,1.4076,1792629.8
2026-03-15 08:00:00,1.4077,1.4133,1.4077,1.4132,2607578.1
2026-03-15 09:00:00,1.4133,1.4187,1.4132,1.4148,2571420.5
2026-03-15 10:00:00,1.4149,1.4179,1.4142,1.4164,1457849.5
2026-03-15 11:00:00,1.4163,1.4206,1.414,1.4195,1990158.9
2026-03-15 12:00:00,1.4196,1.425,1.4149,1.4237,4235095.5
2026-03-15 13:00:00,1.4238,1.43,1.4157,1.4233,10649602.3
2026-03-15 14:00:00,1.4232,1.425,1.4128,1.4172,3432779.6
2026-03-15 15:00:00,1.4172,1.4225,1.415,1.4156,1973190.7
2026-03-15 16:00:00,1.4156,1.4181,1.4092,1.4126,3688980.5
2026-03-15 17:00:00,1.4127,1.4242,1.4121,1.4192,3947667.8
2026-03-15 18:00:00,1.4193,1.421,1.4092,1.4109,2458024.8
2026-03-15 19:00:00,1.4109,1.4152,1.41,1.4128,1484161.1
2026-03-15 20:00:00,1.4129,1.4233,1.4106,1.4177,2086424.7
2026-03-15 21:00:00,1.4178,1.4304,1.415,1.4273,3037408.7
2026-03-15 22:00:00,1.4273,1.4649,1.4229,1.4551,19772813.3
2026-03-15 23:00:00,1.4551,1.4579,1.4393,1.4487,10971637.2
2026-03-16 00:00:00,1.4488,1.4579,1.4441,1.4467,5941497.5
2026-03-16 01:00:00,1.4467,1.4502,1.4383,1.447,4997148.1
2026-03-16 02:00:00,1.4471,1.4492,1.4357,1.4427,5456784.0
2026-03-16 03:00:00,1.4427,1.48,1.4401,1.4674,19425643.6
2026-03-16 04:00:00,1.4675,1.4859,1.4675,1.4801,13790729.5
2026-03-16 05:00:00,1.4802,1.4848,1.4741,1.4811,8749917.1
2026-03-16 06:00:00,1.4811,1.4816,1.4735,1.4768,5780970.8
2026-03-16 07:00:00,1.4768,1.4887,1.476,1.483,8813570.6
2026-03-16 08:00:00,1.483,1.4892,1.4646,1.4684,9691942.2
2026-03-16 09:00:00,1.4684,1.4759,1.4663,1.4741,5685744.5
2026-03-16 10:00:00,1.474,1.4763,1.4668,1.4749,5126421.6
2026-03-16 11:00:00,1.4748,1.4755,1.4667,1.4698,3935744.0
2026-03-16 12:00:00,1.4698,1.4809,1.4696,1.4762,7099646.4
2026-03-16 13:00:00,1.4763,1.4927,1.4747,1.4828,11191288.0
2026-03-16 14:00:00,1.4828,1.5097,1.4715,1.5093,15915487.6
2026-03-16 15:00:00,1.5093,1.5169,1.4925,1.4932,17313269.4
2026-03-16 16:00:00,1.4933,1.5114,1.4918,1.5087,6615826.5
2026-03-16 17:00:00,1.5088,1.519,1.5057,1.5185,6968860.4
2026-03-16 18:00:00,1.5185,1.5443,1.5164,1.5356,20022416.9
2026-03-16 19:00:00,1.5356,1.5424,1.5208,1.5298,10225980.5
2026-03-16 20:00:00,1.5297,1.5312,1.5235,1.5285,4472410.0
2026-03-16 21:00:00,1.5284,1.5405,1.526,1.528,6465624.9
2026-03-16 22:00:00,1.528,1.5522,1.528,1.5514,9262757.1
2026-03-16 23:00:00,1.5514,1.5519,1.5373,1.543,5629482.4
2026-03-17 00:00:00,1.5429,1.5548,1.5342,1.5454,13076908.9
2026-03-17 01:00:00,1.5454,1.578,1.5439,1.5709,20819665.0
2026-03-17 02:00:00,1.571,1.607,1.5609,1.5941,22292868.6
2026-03-17 03:00:00,1.594,1.5953,1.5343,1.5443,22086749.0
2026-03-17 04:00:00,1.5443,1.5526,1.5237,1.5301,15830412.7
2026-03-17 05:00:00,1.5301,1.5321,1.5106,1.5153,8338237.1
2026-03-17 06:00:00,1.5154,1.5232,1.5041,1.5168,7983116.0
2026-03-17 07:00:00,1.5168,1.5436,1.5164,1.53,7028316.6
2026-03-17 08:00:00,1.53,1.5327,1.5195,1.5206,6018564.1
2026-03-17 09:00:00,1.5206,1.5237,1.5086,1.5125,7263348.9
2026-03-17 10:00:00,1.5125,1.5125,1.5024,1.5089,5741287.5
2026-03-17 11:00:00,1.5089,1.5186,1.5072,1.5097,5220627.8
2026-03-17 12:00:00,1.5098,1.5148,1.5022,1.5049,7391517.1
2026-03-17 13:00:00,1.5049,1.5174,1.4957,1.5039,18694823.0
2026-03-17 14:00:00,1.5039,1.5136,1.4941,1.5125,7794117.6
2026-03-17 15:00:00,1.5125,1.5221,1.5031,1.5135,10700564.4
2026-03-17 16:00:00,1.5136,1.54,1.5015,1.5187,20669172.4
2026-03-17 17:00:00,1.5187,1.5317,1.5172,1.5309,4349020.9
2026-03-17 18:00:00,1.5309,1.5383,1.5254,1.5365,3961742.2
2026-03-17 19:00:00,1.5365,1.5408,1.53,1.5335,3924699.7
2026-03-17 20:00:00,1.5334,1.5358,1.5282,1.5331,3075009.7
2026-03-17 21:00:00,1.5331,1.5359,1.5268,1.5299,3297855.3
2026-03-17 22:00:00,1.53,1.5365,1.5205,1.5278,3690097.2
2026-03-17 23:00:00,1.5278,1.5307,1.5177,1.5182,3596008.4
2026-03-18 00:00:00,1.5182,1.5213,1.5089,1.5155,3180969.4
2026-03-18 01:00:00,1.5155,1.5233,1.5139,1.5155,3849936.4
2026-03-18 02:00:00,1.5154,1.5312,1.5147,1.5269,3961547.7
2026-03-18 03:00:00,1.527,1.5398,1.5257,1.5389,4413825.2
2026-03-18 04:00:00,1.5389,1.5414,1.5237,1.5268,4973378.8
2026-03-18 05:00:00,1.5267,1.5373,1.5217,1.5235,3835321.3
2026-03-18 06:00:00,1.5235,1.5307,1.5235,1.5249,2404867.7
2026-03-18 07:00:00,1.5249,1.5249,1.515,1.5201,3185018.5
2026-03-18 08:00:00,1.5201,1.5255,1.5196,1.5224,2357378.0
2026-03-18 09:00:00,1.5223,1.5275,1.521,1.5238,2000505.1
2026-03-18 10:00:00,1.5238,1.5246,1.5095,1.5111,4511653.4
2026-03-18 11:00:00,1.5111,1.5121,1.4839,1.4895,12966501.9
2026-03-18 12:00:00,1.4896,1.4908,1.4576,1.464,15069399.2
2026-03-18 13:00:00,1.4641,1.4741,1.4561,1.4664,8213011.5
2026-03-18 14:00:00,1.4664,1.4681,1.4439,1.446,10153203.4
2026-03-18 15:00:00,1.4459,1.4526,1.4385,1.4408,10545764.2
2026-03-18 16:00:00,1.4407,1.4473,1.4359,1.4424,6899836.4
2026-03-18 17:00:00,1.4425,1.4592,1.44,1.4566,7015422.6
2026-03-18 18:00:00,1.4566,1.4669,1.4483,1.4524,10215359.4
2026-03-18 19:00:00,1.4524,1.4604,1.4486,1.4493,3111870.1
2026-03-18 20:00:00,1.4493,1.4622,1.4421,1.4592,3915456.8
2026-03-18 21:00:00,1.4591,1.472,1.4584,1.4675,7934049.6
2026-03-18 22:00:00,1.4675,1.4677,1.4593,1.4625,2824898.2
2026-03-18 23:00:00,1.4626,1.4659,1.4579,1.4647,1998510.8
2026-03-19 00:00:00,1.4648,1.4652,1.4594,1.4611,2064509.0
2026-03-19 01:00:00,1.4612,1.4673,1.4568,1.4618,2236343.4
2026-03-19 02:00:00,1.4617,1.4643,1.4555,1.4575,1764531.4
2026-03-19 03:00:00,1.4575,1.4788,1.4573,1.4743,5910252.8
2026-03-19 04:00:00,1.4742,1.4743,1.4635,1.4665,3181578.9
2026-03-19 05:00:00,1.4665,1.4675,1.4593,1.4668,2663668.5
2026-03-19 06:00:00,1.4668,1.4817,1.4638,1.4688,7195596.8
2026-03-19 07:00:00,1.4688,1.4703,1.4507,1.4614,8891130.5
2026-03-19 08:00:00,1.4613,1.4641,1.4522,1.4556,7237701.0
2026-03-19 09:00:00,1.4556,1.4709,1.4556,1.4693,4915291.6
2026-03-19 10:00:00,1.4693,1.4704,1.4625,1.4629,2239799.9
2026-03-19 11:00:00,1.463,1.4655,1.4571,1.4585,3425057.0
2026-03-19 12:00:00,1.4586,1.4586,1.4356,1.437,7856577.8
2026-03-19 13:00:00,1.4371,1.454,1.4326,1.452,14901930.0
2026-03-19 14:00:00,1.452,1.457,1.4388,1.4443,5153054.6
2026-03-19 15:00:00,1.4442,1.4499,1.4246,1.4319,10288658.5
2026-03-19 16:00:00,1.4319,1.4373,1.422,1.4271,7713624.1
2026-03-19 17:00:00,1.4271,1.4394,1.4219,1.4388,3695096.1
2026-03-19 18:00:00,1.4388,1.4391,1.4309,1.4371,2451532.3
2026-03-19 19:00:00,1.437,1.4529,1.4364,1.4449,6217089.3
2026-03-19 20:00:00,1.4448,1.4544,1.4434,1.4497,2265762.2
2026-03-19 21:00:00,1.4496,1.4565,1.4495,1.4546,2256847.1
2026-03-19 22:00:00,1.4546,1.4556,1.4443,1.4493,2519621.5
2026-03-19 23:00:00,1.4494,1.4539,1.4427,1.4475,1862098.3
2026-03-20 00:00:00,1.4475,1.453,1.445,1.45,5590183.7
2026-03-20 01:00:00,1.45,1.4607,1.4499,1.4564,3304823.9
2026-03-20 02:00:00,1.4564,1.4573,1.4464,1.4524,3563204.3
2026-03-20 03:00:00,1.4524,1.4569,1.45,1.453,2592935.8
2026-03-20 04:00:00,1.453,1.4571,1.4476,1.4535,2304804.1
2026-03-20 05:00:00,1.4535,1.4585,1.45,1.4549,2443507.1
2026-03-20 06:00:00,1.4549,1.4636,1.4504,1.4504,4229186.4
2026-03-20 07:00:00,1.4504,1.4566,1.4434,1.4546,2857122.0
2026-03-20 08:00:00,1.4546,1.4665,1.4537,1.46,4463224.7
2026-03-20 09:00:00,1.4599,1.4599,1.4453,1.4482,6359316.6
2026-03-20 10:00:00,1.4481,1.4539,1.4441,1.4506,3842892.4
2026-03-20 11:00:00,1.4506,1.4549,1.4434,1.4491,3852355.4
2026-03-20 12:00:00,1.4492,1.4525,1.4417,1.4424,3455053.0
2026-03-20 13:00:00,1.4424,1.4488,1.4365,1.438,6758733.3
2026-03-20 14:00:00,1.438,1.4448,1.4336,1.4366,6975007.3
2026-03-20 15:00:00,1.4366,1.442,1.4284,1.4375,6197778.9
2026-03-20 16:00:00,1.4374,1.443,1.4326,1.4373,4771575.4
2026-03-20 17:00:00,1.4373,1.4407,1.4289,1.4391,2073061.5
2026-03-20 18:00:00,1.4392,1.4397,1.4289,1.4312,1643529.8
2026-03-20 19:00:00,1.4313,1.4375,1.4248,1.436,2673069.1
2026-03-20 20:00:00,1.436,1.4375,1.4291,1.4365,1700978.7
2026-03-20 21:00:00,1.4365,1.4489,1.4337,1.4432,2799005.0
2026-03-20 22:00:00,1.4432,1.4521,1.4431,1.4477,2081529.2
2026-03-20 23:00:00,1.4478,1.4481,1.4398,1.4452,1422806.0
2026-03-21 00:00:00,1.4452,1.4492,1.4427,1.4476,1619556.9
2026-03-21 01:00:00,1.4475,1.4496,1.4425,1.4434,2037611.5
2026-03-21 02:00:00,1.4435,1.4489,1.4425,1.4468,1352327.8
2026-03-21 03:00:00,1.4468,1.4476,1.4449,1.4458,1437607.9
2026-03-21 04:00:00,1.4459,1.448,1.4441,1.4443,2232074.7
2026-03-21 05:00:00,1.4444,1.4514,1.4444,1.4512,2310869.5
2026-03-21 06:00:00,1.4511,1.453,1.4477,1.4488,4167677.0
2026-03-21 07:00:00,1.4488,1.4499,1.444,1.444,1728870.3
2026-03-21 08:00:00,1.4441,1.4456,1.4403,1.4412,1407022.0
2026-03-21 09:00:00,1.4412,1.443,1.4368,1.4403,3299998.6
2026-03-21 10:00:00,1.4403,1.4409,1.4379,1.4403,1177766.7
2026-03-21 11:00:00,1.4402,1.443,1.4392,1.4425,2104321.6
2026-03-21 12:00:00,1.4426,1.4467,1.4404,1.4448,1183540.8
2026-03-21 13:00:00,1.4448,1.4461,1.4352,1.4398,4265252.3
2026-03-21 14:00:00,1.4397,1.4453,1.4352,1.4367,3043636.8
2026-03-21 15:00:00,1.4368,1.4402,1.4342,1.4381,1796763.7
2026-03-21 16:00:00,1.4381,1.4384,1.4341,1.4369,1068220.3
2026-03-21 17:00:00,1.437,1.4415,1.4341,1.4398,1027252.3
2026-03-21 18:00:00,1.4399,1.4417,1.4368,1.4374,1130583.1
2026-03-21 19:00:00,1.4374,1.4383,1.4358,1.4373,611812.6
2026-03-21 20:00:00,1.4372,1.4427,1.437,1.4414,821568.9
2026-03-21 21:00:00,1.4414,1.4422,1.4388,1.4402,972567.6
2026-03-21 22:00:00,1.4401,1.4416,1.4378,1.4393,1142992.7
2026-03-21 23:00:00,1.4393,1.4395,1.4003,1.4086,15207615.3
2026-03-22 00:00:00,1.4087,1.4178,1.3938,1.4111,11676737.6
2026-03-22 01:00:00,1.411,1.4163,1.4055,1.4101,3643505.6
2026-03-22 02:00:00,1.4102,1.4207,1.408,1.4166,2139087.5
2026-03-22 03:00:00,1.4167,1.4263,1.4131,1.4171,2953552.3
2026-03-22 04:00:00,1.417,1.4204,1.4102,1.4175,2868624.6
2026-03-22 05:00:00,1.4174,1.4174,1.4115,1.4116,2277442.0
2026-03-22 06:00:00,1.4115,1.413,1.41,1.4108,2679802.5
2026-03-22 07:00:00,1.4107,1.4129,1.4031,1.4034,3200643.4
2026-03-22 08:00:00,1.4034,1.4038,1.3931,1.3991,5783113.9
2026-03-22 09:00:00,1.3991,1.4035,1.3951,1.3958,1929061.1
2026-03-22 10:00:00,1.3958,1.3968,1.3871,1.3884,3802636.6
2026-03-22 11:00:00,1.3884,1.3956,1.3855,1.3909,3009940.1
2026-03-22 12:00:00,1.3909,1.402,1.3907,1.3995,2066588.1
2026-03-22 13:00:00,1.3996,1.4071,1.3961,1.3983,2235426.8
2026-03-22 14:00:00,1.3983,1.4031,1.3949,1.3972,1585429.1
2026-03-22 15:00:00,1.3972,1.4009,1.3914,1.3926,2191347.8
2026-03-22 16:00:00,1.3927,1.3954,1.3906,1.3945,2041745.6
2026-03-22 17:00:00,1.3944,1.3957,1.3915,1.3927,1190597.4
2026-03-22 18:00:00,1.3927,1.3927,1.3814,1.3882,2713956.8
2026-03-22 19:00:00,1.3881,1.3881,1.381,1.3847,2746328.9
2026-03-22 20:00:00,1.3848,1.3904,1.3848,1.3867,1244309.0
2026-03-22 21:00:00,1.3868,1.3878,1.3712,1.3793,6371909.6
2026-03-22 22:00:00,1.3793,1.3929,1.3718,1.3909,5029436.1
2026-03-22 23:00:00,1.3909,1.3931,1.3837,1.3848,1800984.0
2026-03-23 00:00:00,1.3849,1.3908,1.3742,1.3789,2415860.6
2026-03-23 01:00:00,1.3789,1.39,1.3756,1.3817,2775584.3
2026-03-23 02:00:00,1.3817,1.393,1.3816,1.3851,4134158.1
2026-03-23 03:00:00,1.3851,1.3918,1.3783,1.3814,3649213.3
2026-03-23 04:00:00,1.3814,1.3906,1.3783,1.3904,3692577.8
2026-03-23 05:00:00,1.3904,1.3981,1.3882,1.3911,6622236.0
2026-03-23 06:00:00,1.391,1.391,1.3681,1.3719,7430222.1
2026-03-23 07:00:00,1.372,1.3761,1.3626,1.3728,5499971.6
2026-03-23 08:00:00,1.3729,1.3802,1.3673,1.3686,3495638.0
2026-03-23 09:00:00,1.3686,1.3716,1.3618,1.3694,3585454.7
2026-03-23 10:00:00,1.3694,1.3807,1.3685,1.3723,4193317.9
2026-03-23 11:00:00,1.3723,1.4449,1.3723,1.4115,45866492.9
2026-03-23 12:00:00,1.4115,1.4273,1.4019,1.4251,9795672.8
2026-03-23 13:00:00,1.4252,1.4442,1.4214,1.4422,10190571.1
2026-03-23 14:00:00,1.4423,1.4566,1.4418,1.4554,11816958.1
2026-03-23 15:00:00,1.4555,1.4661,1.4307,1.4314,16755665.8
2026-03-23 16:00:00,1.4313,1.4429,1.4276,1.4342,8756215.8
2026-03-23 17:00:00,1.4343,1.4465,1.4268,1.4441,6853387.9
2026-03-23 18:00:00,1.4442,1.4464,1.4368,1.4418,2696642.5
2026-03-23 19:00:00,1.4418,1.4456,1.4316,1.4346,1922149.5
2026-03-23 20:00:00,1.4346,1.4399,1.4309,1.4381,1603437.3
2026-03-23 21:00:00,1.4382,1.4401,1.4346,1.4359,1571235.5
2026-03-23 22:00:00,1.436,1.437,1.4256,1.4296,2735118.9
2026-03-23 23:00:00,1.4295,1.4344,1.4233,1.4323,2007476.8
2026-03-24 00:00:00,1.4323,1.435,1.4163,1.4198,4110508.1
2026-03-24 01:00:00,1.4198,1.4232,1.41,1.4136,4051934.2
2026-03-24 02:00:00,1.4135,1.4169,1.4088,1.4092,4079526.1
2026-03-24 03:00:00,1.4092,1.4158,1.4086,1.4144,2749987.3
2026-03-24 04:00:00,1.4144,1.4167,1.4067,1.4085,3130445.9
2026-03-24 05:00:00,1.4085,1.4154,1.4052,1.414,2681783.7
2026-03-24 06:00:00,1.414,1.4172,1.4103,1.4158,4202507.7
2026-03-24 07:00:00,1.4158,1.4324,1.4145,1.4313,5101149.0
2026-03-24 08:00:00,1.4312,1.4333,1.4143,1.4173,7018555.0
2026-03-24 09:00:00,1.4173,1.4242,1.4133,1.4234,3929814.8
2026-03-24 10:00:00,1.4233,1.4235,1.4168,1.4216,2406337.2
2026-03-24 11:00:00,1.4215,1.426,1.4152,1.4233,4523514.4
2026-03-24 12:00:00,1.4233,1.4236,1.4144,1.4164,2041219.3
2026-03-24 13:00:00,1.4165,1.4181,1.4007,1.4027,9615988.1
2026-03-24 14:00:00,1.4027,1.4089,1.3954,1.4021,7195287.0
2026-03-24 15:00:00,1.4022,1.4087,1.4005,1.4009,3748367.7
2026-03-24 16:00:00,1.4009,1.404,1.3896,1.391,4510816.7
2026-03-24 17:00:00,1.391,1.3939,1.3835,1.3883,4867380.1
2026-03-24 18:00:00,1.3884,1.3951,1.3874,1.389,3936121.2
2026-03-24 19:00:00,1.3889,1.3939,1.3877,1.3882,2108369.9
2026-03-24 20:00:00,1.3881,1.4131,1.3864,1.4099,9763038.3
2026-03-24 21:00:00,1.4099,1.4146,1.4053,1.4131,2274812.8
2026-03-24 22:00:00,1.4131,1.4145,1.408,1.4111,2613328.6
2026-03-24 23:00:00,1.4112,1.4183,1.4093,1.416,2719707.2
2026-03-25 00:00:00,1.416,1.4251,1.4123,1.4204,3531477.6
2026-03-25 01:00:00,1.4203,1.4224,1.4158,1.4169,3987570.9
2026-03-25 02:00:00,1.417,1.4172,1.4105,1.4106,4272085.8
2026-03-25 03:00:00,1.4106,1.4148,1.4071,1.4132,2614926.2
2026-03-25 04:00:00,1.4132,1.4174,1.4113,1.4162,3268565.9
2026-03-25 05:00:00,1.4162,1.4235,1.4152,1.4176,4302182.9
2026-03-25 06:00:00,1.4176,1.4232,1.416,1.4179,4678138.4
2026-03-25 07:00:00,1.418,1.4268,1.4171,1.42,5983347.2
2026-03-25 08:00:00,1.42,1.4256,1.418,1.4197,5824626.9
2026-03-25 09:00:00,1.4196,1.4214,1.4127,1.4179,4848185.6
2026-03-25 10:00:00,1.4179,1.4238,1.4164,1.4228,3085433.0
2026-03-25 11:00:00,1.4228,1.4379,1.4227,1.429,10389975.8
2026-03-25 12:00:00,1.4291,1.4322,1.4137,1.4223,7807835.5
2026-03-25 13:00:00,1.4224,1.4299,1.4187,1.4207,4116965.7
2026-03-25 14:00:00,1.4207,1.4225,1.4153,1.4155,3724888.0
2026-03-25 15:00:00,1.4155,1.4169,1.4019,1.4075,6126879.0
2026-03-25 16:00:00,1.4074,1.4212,1.405,1.4159,4880425.3
2026-03-25 17:00:00,1.4159,1.4175,1.4103,1.4115,3058212.8
2026-03-25 18:00:00,1.4116,1.4187,1.41,1.4129,1908406.3
2026-03-25 19:00:00,1.4129,1.4156,1.409,1.4121,1997822.3
2026-03-25 20:00:00,1.4122,1.4155,1.4101,1.4147,1360310.3
2026-03-25 21:00:00,1.4147,1.4174,1.4121,1.4137,1426781.3
2026-03-25 22:00:00,1.4136,1.4225,1.4126,1.418,2432596.8
2026-03-25 23:00:00,1.418,1.4195,1.4128,1.4145,1413173.2
2026-03-26 00:00:00,1.4145,1.4165,1.4113,1.4135,1653251.7
2026-03-26 01:00:00,1.4135,1.4151,1.4103,1.4109,2722587.1
2026-03-26 02:00:00,1.4108,1.4117,1.4,1.4036,3373148.6
2026-03-26 03:00:00,1.4035,1.4035,1.3963,1.4017,3476480.0
2026-03-26 04:00:00,1.4016,1.4056,1.3977,1.4027,2806440.8
2026-03-26 05:00:00,1.4026,1.4029,1.3881,1.3889,5225406.5
2026-03-26 06:00:00,1.3888,1.393,1.3855,1.3856,4915245.1
2026-03-26 07:00:00,1.3856,1.3875,1.3798,1.3856,6079331.2
2026-03-26 08:00:00,1.3856,1.3865,1.3802,1.3821,3595373.4
2026-03-26 09:00:00,1.3822,1.3839,1.3683,1.3731,9951878.7
2026-03-26 10:00:00,1.3731,1.3772,1.3695,1.3737,3773435.6
2026-03-26 11:00:00,1.3737,1.3768,1.3692,1.3715,2879674.4
2026-03-26 12:00:00,1.3715,1.3762,1.3702,1.3745,2995394.6
2026-03-26 13:00:00,1.3744,1.3828,1.371,1.3786,6610593.5
2026-03-26 14:00:00,1.3787,1.3818,1.3651,1.3685,5588796.2
2026-03-26 15:00:00,1.3685,1.3685,1.3527,1.3604,10930568.0
2026-03-26 16:00:00,1.3605,1.3677,1.36,1.361,5613293.7
2026-03-26 17:00:00,1.361,1.3645,1.3515,1.3541,4198006.4
2026-03-26 18:00:00,1.354,1.3557,1.336,1.3476,15318080.4
2026-03-26 19:00:00,1.3475,1.3519,1.3442,1.3444,4800554.8
2026-03-26 20:00:00,1.3444,1.3649,1.3443,1.3594,7650862.2
2026-03-26 21:00:00,1.3594,1.3704,1.3579,1.3669,5579518.7
2026-03-26 22:00:00,1.3669,1.3688,1.3575,1.3635,8538482.2
2026-03-26 23:00:00,1.3635,1.3652,1.3586,1.3609,2565621.6
2026-03-27 00:00:00,1.3608,1.3637,1.3582,1.3617,3341554.0
2026-03-27 01:00:00,1.3618,1.3698,1.3605,1.369,6338397.0
2026-03-27 02:00:00,1.3689,1.3726,1.3668,1.3704,3930519.6
2026-03-27 03:00:00,1.3703,1.3709,1.3636,1.3639,3015621.2
2026-03-27 04:00:00,1.3639,1.3647,1.356,1.3634,3407167.7
2026-03-27 05:00:00,1.3635,1.3685,1.3605,1.3623,2747818.8
2026-03-27 06:00:00,1.3623,1.3641,1.3595,1.3599,2440016.7
2026-03-27 07:00:00,1.3598,1.3648,1.3574,1.359,3816125.4
2026-03-27 08:00:00,1.359,1.3613,1.3438,1.3505,7745331.4
2026-03-27 09:00:00,1.3505,1.3508,1.34,1.3462,2787828.8
2026-03-27 10:00:00,1.3463,1.3475,1.3262,1.333,10427720.1
2026-03-27 11:00:00,1.3331,1.3388,1.3297,1.335,5370866.4
2026-03-27 12:00:00,1.3351,1.3353,1.3262,1.3325,9724521.4
2026-03-27 13:00:00,1.3325,1.3433,1.3279,1.3406,7556860.0
2026-03-27 14:00:00,1.3405,1.3443,1.3279,1.3323,6738596.5
2026-03-27 15:00:00,1.3324,1.3459,1.3318,1.336,15102147.4
2026-03-27 16:00:00,1.336,1.3371,1.33,1.3307,5211163.7
2026-03-27 17:00:00,1.3307,1.3374,1.3235,1.324,3871759.6
2026-03-27 18:00:00,1.324,1.3261,1.3184,1.3236,3755697.7
2026-03-27 19:00:00,1.3236,1.3295,1.3197,1.3253,2246795.7
2026-03-27 20:00:00,1.3253,1.3282,1.3222,1.3262,2333127.6
2026-03-27 21:00:00,1.3263,1.3327,1.3262,1.3287,2141899.0
2026-03-27 22:00:00,1.3286,1.3291,1.3223,1.3247,2410730.1
2026-03-27 23:00:00,1.3248,1.3263,1.3204,1.3257,2795131.2
2026-03-28 00:00:00,1.3256,1.3294,1.3247,1.3265,3845359.2
2026-03-28 01:00:00,1.3266,1.3276,1.3191,1.3237,2100411.3
2026-03-28 02:00:00,1.3237,1.3274,1.3217,1.324,1294947.2
2026-03-28 03:00:00,1.324,1.3283,1.324,1.3271,1729755.5
2026-03-28 04:00:00,1.3271,1.3308,1.3258,1.3307,2867305.2
2026-03-28 05:00:00,1.3308,1.3421,1.3285,1.3374,4098502.7
2026-03-28 06:00:00,1.3375,1.3396,1.3338,1.3359,2186535.4
2026-03-28 07:00:00,1.3359,1.3411,1.335,1.3411,1586986.5
2026-03-28 08:00:00,1.3411,1.3426,1.3373,1.3379,2454025.4
2026-03-28 09:00:00,1.3379,1.3385,1.3362,1.3372,1127061.8
2026-03-28 10:00:00,1.3372,1.3433,1.3348,1.3379,1362072.6
2026-03-28 11:00:00,1.3379,1.3421,1.3374,1.3403,2109925.3
2026-03-28 12:00:00,1.3403,1.3417,1.3361,1.3386,1469369.9
2026-03-28 13:00:00,1.3386,1.3573,1.3381,1.3504,6232552.4
2026-03-28 14:00:00,1.3504,1.3523,1.3462,1.3479,3014625.4
2026-03-28 15:00:00,1.3478,1.3582,1.3463,1.3533,3751666.6
2026-03-28 16:00:00,1.3534,1.3545,1.3495,1.35,1916036.1
2026-03-28 17:00:00,1.3499,1.352,1.3443,1.3457,1440891.0
2026-03-28 18:00:00,1.3458,1.3473,1.3449,1.3459,1050544.5
2026-03-28 19:00:00,1.3458,1.3465,1.3418,1.3449,851705.9
2026-03-28 20:00:00,1.3449,1.348,1.3444,1.3469,1717706.6
2026-03-28 21:00:00,1.3468,1.3468,1.3405,1.3414,1590081.8
2026-03-28 22:00:00,1.3415,1.344,1.3388,1.3412,1237352.6
2026-03-28 23:00:00,1.3412,1.3413,1.331,1.3333,2681705.4
2026-03-29 00:00:00,1.3333,1.3356,1.33,1.3326,2223077.0
2026-03-29 01:00:00,1.3327,1.3373,1.3325,1.3357,1383412.5
2026-03-29 02:00:00,1.3358,1.3388,1.3345,1.3367,737404.1
2026-03-29 03:00:00,1.3366,1.3418,1.3354,1.3384,1465467.4
2026-03-29 04:00:00,1.3383,1.3386,1.3348,1.3363,1442439.7
2026-03-29 05:00:00,1.3363,1.3363,1.3285,1.3336,2740711.4
2026-03-29 06:00:00,1.3337,1.3433,1.3336,1.3345,2839129.0
2026-03-29 07:00:00,1.3345,1.3372,1.3326,1.3341,1489098.6
2026-03-29 08:00:00,1.3341,1.34,1.3322,1.3373,1888374.0
2026-03-29 09:00:00,1.3374,1.3377,1.3341,1.3355,913175.5
2026-03-29 10:00:00,1.3355,1.3355,1.331,1.3336,953065.1
2026-03-29 11:00:00,1.3336,1.3407,1.3332,1.3382,1404182.1
2026-03-29 12:00:00,1.3382,1.3382,1.3335,1.3347,787025.8
2026-03-29 13:00:00,1.3347,1.335,1.3252,1.3266,3346527.7
2026-03-29 14:00:00,1.3265,1.3325,1.3241,1.3262,1703914.7
2026-03-29 15:00:00,1.3262,1.3283,1.3213,1.3257,3213848.3
2026-03-29 16:00:00,1.3257,1.3297,1.3243,1.3252,1294793.7
2026-03-29 17:00:00,1.3253,1.3274,1.3189,1.3235,2097786.7
2026-03-29 18:00:00,1.3236,1.3263,1.3217,1.3236,1370380.3
2026-03-29 19:00:00,1.3237,1.3239,1.3162,1.3182,2983436.5
2026-03-29 20:00:00,1.3181,1.327,1.3177,1.3241,1566892.8
2026-03-29 21:00:00,1.3242,1.3286,1.3238,1.3278,1488013.8
2026-03-29 22:00:00,1.3278,1.3278,1.2954,1.319,16246661.5
2026-03-29 23:00:00,1.319,1.3325,1.3187,1.3278,5760200.4
2026-03-30 00:00:00,1.3279,1.3507,1.3247,1.3314,7315783.7
2026-03-30 01:00:00,1.3314,1.3424,1.3314,1.3403,2649935.0
2026-03-30 02:00:00,1.3403,1.355,1.3392,1.3486,3511850.9
2026-03-30 03:00:00,1.3485,1.3553,1.3455,1.352,2348725.3
2026-03-30 04:00:00,1.3521,1.3609,1.3507,1.3509,4626437.6
2026-03-30 05:00:00,1.3509,1.3575,1.347,1.3519,7948670.2
2026-03-30 06:00:00,1.3519,1.357,1.3505,1.3507,3050975.4
2026-03-30 07:00:00,1.3508,1.3597,1.3507,1.3584,3660758.6
2026-03-30 08:00:00,1.3583,1.3669,1.3569,1.3612,4051641.5
2026-03-30 09:00:00,1.3613,1.3615,1.3499,1.3499,4984658.5
2026-03-30 10:00:00,1.35,1.35,1.345,1.3479,4165276.2
2026-03-30 11:00:00,1.348,1.3609,1.3476,1.3499,7006763.1
2026-03-30 12:00:00,1.35,1.3559,1.3497,1.3515,3666803.4
2026-03-30 13:00:00,1.3515,1.3564,1.3441,1.3459,4933301.0
2026-03-30 14:00:00,1.346,1.3496,1.3351,1.3481,6960993.5
2026-03-30 15:00:00,1.3481,1.3509,1.3391,1.3454,4091987.9
2026-03-30 16:00:00,1.3454,1.3456,1.3379,1.342,1926361.7
2026-03-30 17:00:00,1.342,1.3453,1.3319,1.3342,3686730.9
2026-03-30 18:00:00,1.3342,1.3359,1.3244,1.3255,4143788.1
2026-03-30 19:00:00,1.3254,1.3263,1.3166,1.323,4821197.6
2026-03-30 20:00:00,1.323,1.3279,1.3215,1.3274,2294936.4
2026-03-30 21:00:00,1.3274,1.3345,1.3249,1.3309,3781536.1
2026-03-30 22:00:00,1.3309,1.3332,1.3273,1.3289,1501514.1
2026-03-30 23:00:00,1.3288,1.3288,1.32,1.3242,3071993.3
2026-03-31 00:00:00,1.3242,1.3293,1.3192,1.326,2695197.1
2026-03-31 01:00:00,1.326,1.3482,1.3237,1.3394,5559897.2
2026-03-31 02:00:00,1.3393,1.3409,1.3356,1.3368,2205756.5
2026-03-31 03:00:00,1.3367,1.3368,1.3256,1.3259,2501588.7
2026-03-31 04:00:00,1.3258,1.3273,1.3204,1.3239,4499137.8
2026-03-31 05:00:00,1.3239,1.3296,1.32,1.3226,4307345.3
2026-03-31 06:00:00,1.3225,1.3287,1.3148,1.3241,6907660.2
2026-03-31 07:00:00,1.3241,1.3255,1.3143,1.3196,5742087.6
2026-03-31 08:00:00,1.3196,1.3237,1.31,1.3141,3647430.5
2026-03-31 09:00:00,1.3141,1.3168,1.3038,1.3073,6509146.0
2026-03-31 10:00:00,1.3074,1.3138,1.307,1.3108,3791277.3
2026-03-31 11:00:00,1.3109,1.3181,1.3075,1.315,5799211.2
2026-03-31 12:00:00,1.3149,1.3214,1.3139,1.3156,3129486.3
2026-03-31 13:00:00,1.3156,1.3282,1.3148,1.3265,3370882.2
2026-03-31 14:00:00,1.3265,1.3387,1.3113,1.3147,7858482.4
2026-03-31 15:00:00,1.3147,1.3284,1.3141,1.3151,5885369.6
2026-03-31 16:00:00,1.3151,1.3372,1.3144,1.3305,6105214.0
2026-03-31 17:00:00,1.3305,1.3455,1.328,1.331,7043640.5
2026-03-31 18:00:00,1.331,1.3427,1.331,1.3405,1680639.0
2026-03-31 19:00:00,1.3405,1.3469,1.3405,1.345,3299828.2
2026-03-31 20:00:00,1.345,1.3503,1.3422,1.3445,3030762.1
2026-03-31 21:00:00,1.3444,1.345,1.3381,1.3409,1815615.8
2026-03-31 22:00:00,1.341,1.3419,1.3327,1.3357,2300675.6
2026-03-31 23:00:00,1.3358,1.3425,1.3348,1.3411,1632082.7
2026-04-01 00:00:00,1.341,1.346,1.3383,1.3452,2226014.1
2026-04-01 01:00:00,1.3452,1.3461,1.3343,1.3351,2651270.1
2026-04-01 02:00:00,1.3352,1.338,1.3314,1.3345,3018062.3
2026-04-01 03:00:00,1.3346,1.3517,1.3346,1.3481,5803280.3
2026-04-01 04:00:00,1.3482,1.3492,1.3386,1.3391,3726562.7
2026-04-01 05:00:00,1.3391,1.3496,1.3361,1.3467,6663341.4
2026-04-01 06:00:00,1.3467,1.3634,1.3467,1.3624,7121382.3
2026-04-01 07:00:00,1.3625,1.3675,1.3563,1.3566,4963591.8
2026-04-01 08:00:00,1.3566,1.3586,1.352,1.3527,4028622.8
2026-04-01 09:00:00,1.3526,1.3538,1.3492,1.3512,3889094.0
2026-04-01 10:00:00,1.3512,1.355,1.349,1.3528,3942602.2
2026-04-01 11:00:00,1.3527,1.3556,1.3506,1.3544,3013642.2
2026-04-01 12:00:00,1.3544,1.3606,1.3494,1.3539,6721668.4
2026-04-01 13:00:00,1.354,1.3575,1.3448,1.3468,4922337.7
2026-04-01 14:00:00,1.3467,1.3582,1.346,1.3559,3755877.8
2026-04-01 15:00:00,1.3558,1.3578,1.3505,1.3575,2779508.5
2026-04-01 16:00:00,1.3575,1.3621,1.3516,1.3585,3158520.4
2026-04-01 17:00:00,1.3585,1.3683,1.3509,1.3518,3090061.1
2026-04-01 18:00:00,1.3518,1.3526,1.3463,1.3475,3223153.8
2026-04-01 19:00:00,1.3476,1.354,1.3474,1.3505,1345026.7
2026-04-01 20:00:00,1.3505,1.3522,1.3422,1.3484,1554260.0
2026-04-01 21:00:00,1.3485,1.3567,1.3483,1.3551,2470432.6
2026-04-01 22:00:00,1.355,1.3554,1.347,1.3488,1373657.0
2026-04-01 23:00:00,1.3489,1.3515,1.3467,1.3478,1456840.8
2026-04-02 00:00:00,1.3477,1.3569,1.347,1.3569,2134428.9
2026-04-02 01:00:00,1.3569,1.3569,1.3223,1.3282,12169406.7
2026-04-02 02:00:00,1.3282,1.33,1.317,1.3182,6716609.2
2026-04-02 03:00:00,1.3181,1.3181,1.3067,1.3129,8406818.3
2026-04-02 04:00:00,1.3129,1.3209,1.305,1.3082,9188343.1
2026-04-02 05:00:00,1.3082,1.316,1.3071,1.3152,5070677.1
2026-04-02 06:00:00,1.3152,1.3186,1.3124,1.3157,4112907.9
2026-04-02 07:00:00,1.3157,1.3183,1.3129,1.3176,3341362.2
2026-04-02 08:00:00,1.3175,1.3176,1.3112,1.3119,4172306.8
2026-04-02 09:00:00,1.3118,1.3129,1.3079,1.3118,4386516.0
2026-04-02 10:00:00,1.3118,1.3121,1.3073,1.3086,4409577.0
2026-04-02 11:00:00,1.3086,1.3092,1.2989,1.3002,6904666.6
2026-04-02 12:00:00,1.3002,1.3006,1.29,1.2908,7098769.1
2026-04-02 13:00:00,1.2909,1.2937,1.2802,1.2889,10019991.3
2026-04-02 14:00:00,1.2889,1.3037,1.2825,1.3001,14200285.6
2026-04-02 15:00:00,1.3,1.3021,1.2912,1.3001,5111082.5
2026-04-02 16:00:00,1.3002,1.3091,1.295,1.3044,8405358.2
2026-04-02 17:00:00,1.3045,1.3113,1.2983,1.299,3746349.2
2026-04-02 18:00:00,1.2989,1.3089,1.2978,1.3068,1844203.2
2026-04-02 19:00:00,1.3069,1.3101,1.3013,1.308,2013240.9
2026-04-02 20:00:00,1.3081,1.3229,1.3051,1.3181,3121514.4
2026-04-02 21:00:00,1.3182,1.3196,1.3126,1.3158,2059306.4
2026-04-02 22:00:00,1.3157,1.3187,1.3124,1.3179,2316528.7
2026-04-02 23:00:00,1.3179,1.3211,1.3157,1.32,1921310.4
2026-04-03 00:00:00,1.32,1.324,1.3144,1.3159,2891001.9
2026-04-03 01:00:00,1.3158,1.3208,1.3125,1.3137,5465266.4
2026-04-03 02:00:00,1.3137,1.3171,1.3033,1.3077,5017640.3
2026-04-03 03:00:00,1.3076,1.3219,1.307,1.3217,5304573.4
2026-04-03 04:00:00,1.3216,1.3234,1.3143,1.32,3573323.4
2026-04-03 05:00:00,1.32,1.3261,1.316,1.3187,2281036.7
2026-04-03 06:00:00,1.3187,1.3208,1.3153,1.3193,1680339.0
2026-04-03 07:00:00,1.3194,1.3243,1.3168,1.3188,2105459.0
2026-04-03 08:00:00,1.3188,1.3216,1.3166,1.3175,1959092.1
2026-04-03 09:00:00,1.3175,1.3176,1.3111,1.3117,1942012.1
2026-04-03 10:00:00,1.3117,1.3174,1.3093,1.3159,4004698.8
2026-04-03 11:00:00,1.3159,1.3243,1.315,1.3204,2927395.9
2026-04-03 12:00:00,1.3204,1.3356,1.3183,1.3199,7978931.7
2026-04-03 13:00:00,1.3199,1.3204,1.3144,1.3176,3613978.1
2026-04-03 14:00:00,1.3176,1.321,1.315,1.3191,2418585.7
2026-04-03 15:00:00,1.3191,1.3233,1.3182,1.3187,1424870.3
2026-04-03 16:00:00,1.3187,1.3254,1.3184,1.3246,1962786.9
2026-04-03 17:00:00,1.3245,1.3252,1.3191,1.3212,784939.5
2026-04-03 18:00:00,1.3211,1.3224,1.3176,1.318,1136059.9
2026-04-03 19:00:00,1.318,1.3185,1.3135,1.3178,848707.4
2026-04-03 20:00:00,1.3177,1.3191,1.3165,1.3166,477092.3
2026-04-03 21:00:00,1.3165,1.3196,1.3135,1.3184,1349691.4
2026-04-03 22:00:00,1.3183,1.3223,1.3159,1.3167,1846968.4
2026-04-03 23:00:00,1.3167,1.319,1.3124,1.3184,1789602.7
2026-04-04 00:00:00,1.3183,1.3191,1.3161,1.3163,1367146.7
2026-04-04 01:00:00,1.3163,1.3176,1.3146,1.315,900918.0
2026-04-04 02:00:00,1.3149,1.3151,1.3133,1.3146,843814.6
2026-04-04 03:00:00,1.3147,1.3168,1.3145,1.3159,615449.8
2026-04-04 04:00:00,1.3158,1.3184,1.3154,1.3164,1211115.4
2026-04-04 05:00:00,1.3164,1.3185,1.3155,1.3171,768041.2
2026-04-04 06:00:00,1.3171,1.3208,1.3164,1.3198,1175205.3
2026-04-04 07:00:00,1.3198,1.3201,1.3153,1.3161,586691.6
2026-04-04 08:00:00,1.3161,1.3165,1.3138,1.314,1063080.7
2026-04-04 09:00:00,1.3141,1.3143,1.3126,1.3126,848947.0
2026-04-04 10:00:00,1.3127,1.3148,1.307,1.3143,2936098.8
2026-04-04 11:00:00,1.3143,1.3164,1.311,1.3118,1866743.3
2026-04-04 12:00:00,1.3119,1.312,1.3091,1.3104,1081779.5
2026-04-04 13:00:00,1.3104,1.3117,1.3083,1.3094,1671003.2
2026-04-04 14:00:00,1.3094,1.3128,1.3067,1.3126,1428741.1
2026-04-04 15:00:00,1.3126,1.3169,1.3116,1.3126,1987004.9
2026-04-04 16:00:00,1.3126,1.3158,1.3107,1.3124,1556804.3
2026-04-04 17:00:00,1.3125,1.3161,1.312,1.3146,1766866.1
2026-04-04 18:00:00,1.3145,1.3158,1.3134,1.3134,821502.4
2026-04-04 19:00:00,1.3135,1.3226,1.3134,1.3178,2655558.7
2026-04-04 20:00:00,1.3178,1.3183,1.3158,1.3167,562782.6
2026-04-04 21:00:00,1.3168,1.3189,1.3141,1.317,812908.1
2026-04-04 22:00:00,1.3171,1.3187,1.3162,1.3169,806986.3
2026-04-04 23:00:00,1.3168,1.3168,1.3136,1.3153,639821.3
2026-04-05 00:00:00,1.3154,1.3155,1.3116,1.3127,642246.1
2026-04-05 01:00:00,1.3127,1.3142,1.3117,1.3129,591410.3
2026-04-05 02:00:00,1.3129,1.32,1.3102,1.317,1812044.5
2026-04-05 03:00:00,1.3169,1.3173,1.3132,1.3133,459594.3
2026-04-05 04:00:00,1.3134,1.3154,1.3093,1.3109,3536467.5
2026-04-05 05:00:00,1.3109,1.3123,1.3,1.3006,5127206.7
2026-04-05 06:00:00,1.3007,1.3032,1.2957,1.3015,5444457.4
2026-04-05 07:00:00,1.3016,1.3037,1.2964,1.2979,5306453.9
2026-04-05 08:00:00,1.2978,1.2997,1.2969,1.2993,1631740.3
2026-04-05 09:00:00,1.2992,1.302,1.299,1.3009,1478271.8
2026-04-05 10:00:00,1.3008,1.304,1.2983,1.299,1592225.9
2026-04-05 11:00:00,1.2989,1.3008,1.2976,1.2987,1630983.3
2026-04-05 12:00:00,1.2987,1.2987,1.2787,1.2825,9868375.5
2026-04-05 13:00:00,1.2825,1.2924,1.2801,1.2891,5340588.6
2026-04-05 14:00:00,1.289,1.2906,1.2852,1.2863,1999148.5
2026-04-05 15:00:00,1.2864,1.306,1.2834,1.2967,5507622.1
2026-04-05 16:00:00,1.2967,1.302,1.2967,1.2977,1760049.1
2026-04-05 17:00:00,1.2978,1.3031,1.2968,1.3024,1511827.0
2026-04-05 18:00:00,1.3023,1.3048,1.2988,1.3028,1457152.5
2026-04-05 19:00:00,1.3028,1.3075,1.2994,1.3006,1460536.8
2026-04-05 20:00:00,1.3006,1.3066,1.2997,1.3042,2475268.9
2026-04-05 21:00:00,1.3042,1.3048,1.2986,1.3008,1377067.5
2026-04-05 22:00:00,1.3007,1.313,1.2972,1.3123,3739768.4
2026-04-05 23:00:00,1.3124,1.332,1.3116,1.3263,8563759.9
2026-04-06 00:00:00,1.3264,1.34,1.3264,1.3315,8600355.9
2026-04-06 01:00:00,1.3316,1.3336,1.326,1.3296,6051761.3
2026-04-06 02:00:00,1.3296,1.349,1.3293,1.3404,8629987.3
2026-04-06 03:00:00,1.3404,1.3422,1.3361,1.3381,4507841.4
2026-04-06 04:00:00,1.3382,1.3423,1.3362,1.3397,4167904.6
2026-04-06 05:00:00,1.3398,1.3408,1.3367,1.3402,2894261.7
2026-04-06 06:00:00,1.3403,1.3474,1.3387,1.3414,6156505.0
2026-04-06 07:00:00,1.3415,1.3461,1.3376,1.3443,6838423.8
2026-04-06 08:00:00,1.3444,1.3465,1.3386,1.3389,4333144.4
2026-04-06 09:00:00,1.339,1.3577,1.3377,1.3525,7008254.6
2026-04-06 10:00:00,1.3526,1.3567,1.3516,1.3531,4007674.9
2026-04-06 11:00:00,1.353,1.3532,1.3479,1.3499,4401151.5
2026-04-06 12:00:00,1.3498,1.3508,1.3424,1.3433,4372018.0
2026-04-06 13:00:00,1.3434,1.348,1.3422,1.3469,2521627.5
2026-04-06 14:00:00,1.3469,1.3534,1.3407,1.3478,5048832.8
2026-04-06 15:00:00,1.3478,1.3512,1.3446,1.3504,2894886.6
2026-04-06 16:00:00,1.3505,1.3538,1.3418,1.3434,2518940.4
2026-04-06 17:00:00,1.3435,1.3439,1.335,1.3392,4771372.2
2026-04-06 18:00:00,1.3392,1.343,1.3369,1.3411,2760085.7
2026-04-06 19:00:00,1.341,1.3437,1.3376,1.3415,1961771.3
2026-04-06 20:00:00,1.3416,1.3436,1.34,1.3412,1353518.0
2026-04-06 21:00:00,1.3412,1.3412,1.3349,1.3357,1199912.6
2026-04-06 22:00:00,1.3356,1.3356,1.3185,1.3185,3179260.6
2026-04-06 23:00:00,1.3186,1.3233,1.3122,1.3212,4166298.6
2026-04-07 00:00:00,1.3211,1.326,1.3197,1.3214,2054373.8
2026-04-07 01:00:00,1.3214,1.3247,1.3142,1.3146,2216620.7
2026-04-07 02:00:00,1.3146,1.3195,1.3125,1.3172,1835276.3
2026-04-07 03:00:00,1.3172,1.3186,1.3146,1.317,1457595.4
2026-04-07 04:00:00,1.3169,1.3205,1.3131,1.3183,1552299.0
2026-04-07 05:00:00,1.3183,1.319,1.3095,1.3114,3422974.4
2026-04-07 06:00:00,1.3114,1.3123,1.3056,1.3114,3340138.0
2026-04-07 07:00:00,1.3114,1.3163,1.3108,1.3127,2611608.5
2026-04-07 08:00:00,1.3127,1.3233,1.3111,1.3196,5087013.7
2026-04-07 09:00:00,1.3196,1.3247,1.3181,1.3203,3760202.7
2026-04-07 10:00:00,1.3203,1.3216,1.3062,1.3072,4262692.0
2026-04-07 11:00:00,1.3073,1.3093,1.3034,1.3063,3634642.7
2026-04-07 12:00:00,1.3063,1.3128,1.3011,1.3087,5116190.2
2026-04-07 13:00:00,1.3086,1.3135,1.3048,1.3048,2685832.9
2026-04-07 14:00:00,1.3049,1.3053,1.2966,1.2966,4985118.3
2026-04-07 15:00:00,1.2967,1.3023,1.2949,1.2976,3917539.7
2026-04-07 16:00:00,1.2976,1.3032,1.2954,1.3007,4805879.4
2026-04-07 17:00:00,1.3006,1.3146,1.2993,1.3085,3580231.2
2026-04-07 18:00:00,1.3085,1.3098,1.3001,1.3021,2674056.0
2026-04-07 19:00:00,1.302,1.3164,1.3014,1.3142,6936729.5
2026-04-07 20:00:00,1.3142,1.3223,1.3139,1.318,5537399.6
2026-04-07 21:00:00,1.3181,1.3405,1.3181,1.338,9000432.0
2026-04-07 22:00:00,1.338,1.3739,1.3364,1.3735,23693900.1
2026-04-07 23:00:00,1.3736,1.3962,1.3671,1.3787,22534249.3
2026-04-08 00:00:00,1.3786,1.3841,1.3601,1.3665,12903423.9
2026-04-08 01:00:00,1.3666,1.3733,1.3639,1.3698,6206127.8
2026-04-08 02:00:00,1.3699,1.3761,1.3682,1.3744,4583150.9
2026-04-08 03:00:00,1.3744,1.3775,1.3688,1.37,5922710.8
2026-04-08 04:00:00,1.3701,1.3779,1.3692,1.3761,6632808.8
2026-04-08 05:00:00,1.3761,1.3883,1.3761,1.3845,6697565.3
2026-04-08 06:00:00,1.3846,1.387,1.3797,1.3799,4423962.5
2026-04-08 07:00:00,1.38,1.3849,1.3776,1.3797,4053132.6
2026-04-08 08:00:00,1.3797,1.384,1.3781,1.3812,2907801.7
2026-04-08 09:00:00,1.3813,1.3882,1.3778,1.3809,3941970.7
2026-04-08 10:00:00,1.381,1.3849,1.3787,1.3835,4696052.7
2026-04-08 11:00:00,1.3835,1.3853,1.3717,1.3781,5657923.9
2026-04-08 12:00:00,1.3782,1.3838,1.3744,1.3803,5640040.8
2026-04-08 13:00:00,1.3803,1.3898,1.3737,1.3742,6571261.2
2026-04-08 14:00:00,1.3741,1.375,1.3454,1.3502,14042802.6
2026-04-08 15:00:00,1.3503,1.357,1.3489,1.3549,6291301.8
2026-04-08 16:00:00,1.3548,1.3597,1.3524,1.3572,3758797.3
2026-04-08 17:00:00,1.3572,1.3637,1.3548,1.3621,3114486.5
2026-04-08 18:00:00,1.3621,1.3624,1.3474,1.3481,3148161.7
2026-04-08 19:00:00,1.3481,1.3524,1.3445,1.3519,2604308.3
2026-04-08 20:00:00,1.3518,1.3536,1.3462,1.3486,1857522.1
2026-04-08 21:00:00,1.3486,1.3573,1.3479,1.3528,2390650.5
2026-04-08 22:00:00,1.3529,1.3534,1.3444,1.3446,2963473.8
2026-04-08 23:00:00,1.3446,1.346,1.3389,1.3428,3846295.1
2026-04-09 00:00:00,1.3428,1.3431,1.3343,1.3398,3338316.5
2026-04-09 01:00:00,1.3397,1.3405,1.3266,1.3345,8403365.1
2026-04-09 02:00:00,1.3344,1.3365,1.3318,1.3342,2301676.4
2026-04-09 03:00:00,1.3342,1.337,1.3296,1.3311,5126188.6
2026-04-09 04:00:00,1.3311,1.3325,1.3272,1.3316,6363503.3
2026-04-09 05:00:00,1.3317,1.3357,1.3309,1.3332,7714023.4
2026-04-09 06:00:00,1.3332,1.3356,1.3256,1.3331,4484653.0
2026-04-09 07:00:00,1.3331,1.3341,1.3305,1.332,2473525.3
2026-04-09 08:00:00,1.332,1.3365,1.3306,1.3352,3471787.2
2026-04-09 09:00:00,1.3351,1.339,1.3337,1.3381,3325370.4
2026-04-09 10:00:00,1.3381,1.3385,1.3329,1.3329,4004062.6
2026-04-09 11:00:00,1.3328,1.3356,1.3255,1.3297,7070046.5
2026-04-09 12:00:00,1.3297,1.3327,1.3262,1.3313,4358673.2
2026-04-09 13:00:00,1.3314,1.3328,1.3264,1.3295,3732646.3
2026-04-09 14:00:00,1.3296,1.3338,1.3218,1.3326,4887020.8
2026-04-09 15:00:00,1.3327,1.3553,1.33,1.3523,9390082.4
2026-04-09 16:00:00,1.3523,1.3598,1.3462,1.3524,6676194.0
2026-04-09 17:00:00,1.3523,1.3603,1.3517,1.3585,4502603.0
2026-04-09 18:00:00,1.3586,1.3594,1.3504,1.3553,3569268.3
2026-04-09 19:00:00,1.3553,1.3607,1.352,1.3559,2530761.8
2026-04-09 20:00:00,1.3558,1.3593,1.3534,1.3566,2004824.7
2026-04-09 21:00:00,1.3567,1.3613,1.3511,1.3534,2440287.9
2026-04-09 22:00:00,1.3535,1.3696,1.3517,1.3525,6881110.8
2026-04-09 23:00:00,1.3525,1.3534,1.3418,1.3438,3215622.6
2026-04-10 00:00:00,1.3438,1.3478,1.3407,1.3451,2477857.0
2026-04-10 01:00:00,1.3451,1.3505,1.3403,1.3435,4378003.5
2026-04-10 02:00:00,1.3435,1.3471,1.3417,1.3433,1378425.1
2026-04-10 03:00:00,1.3433,1.3459,1.3408,1.3412,2433875.5
2026-04-10 04:00:00,1.3412,1.3488,1.3412,1.3463,1396876.8
2026-04-10 05:00:00,1.3463,1.3487,1.3427,1.3436,1969184.8
2026-04-10 06:00:00,1.3437,1.3468,1.3393,1.3422,3095190.2
2026-04-10 07:00:00,1.3422,1.3431,1.3356,1.337,2957140.2
2026-04-10 08:00:00,1.337,1.3467,1.3348,1.3395,4346490.5
2026-04-10 09:00:00,1.3394,1.343,1.3359,1.3387,7166572.0
2026-04-10 10:00:00,1.3388,1.3408,1.3359,1.3374,6311749.3
2026-04-10 11:00:00,1.3374,1.3438,1.337,1.3415,2865631.9
2026-04-10 12:00:00,1.3415,1.3473,1.3397,1.3431,6081636.7
2026-04-10 13:00:00,1.3431,1.3454,1.3379,1.3445,2617210.6
2026-04-10 14:00:00,1.3445,1.3581,1.3431,1.358,6093718.5
2026-04-10 15:00:00,1.3579,1.362,1.3461,1.3478,5422662.2
2026-04-10 16:00:00,1.3479,1.354,1.3475,1.3515,3235890.3
2026-04-10 17:00:00,1.3515,1.356,1.3487,1.3553,1271394.2
2026-04-10 18:00:00,1.3554,1.36,1.353,1.3597,2258593.3
2026-04-10 19:00:00,1.3597,1.3633,1.3582,1.3631,3457001.5
2026-04-10 20:00:00,1.363,1.366,1.3597,1.3642,3800214.5
2026-04-10 21:00:00,1.3641,1.3642,1.3575,1.3604,2030249.3
2026-04-10 22:00:00,1.3605,1.3612,1.3547,1.3563,1523172.7
2026-04-10 23:00:00,1.3563,1.3569,1.3543,1.3559,1217256.1
2026-04-11 00:00:00,1.3559,1.3565,1.3532,1.3541,1582377.2
2026-04-11 01:00:00,1.3541,1.3541,1.3488,1.3532,3944196.2
2026-04-11 02:00:00,1.3532,1.357,1.3527,1.355,1603541.2
2026-04-11 03:00:00,1.3549,1.357,1.3502,1.3506,1437049.1
2026-04-11 04:00:00,1.3506,1.352,1.3481,1.3509,1655635.0
2026-04-11 05:00:00,1.3509,1.3514,1.3461,1.3476,1242252.1
2026-04-11 06:00:00,1.3476,1.3476,1.344,1.3464,1212360.6
2026-04-11 07:00:00,1.3464,1.348,1.3457,1.3464,911846.3
2026-04-11 08:00:00,1.3465,1.3486,1.3449,1.3455,1280017.2
2026-04-11 09:00:00,1.3455,1.349,1.3422,1.3479,2365818.4
2026-04-11 10:00:00,1.3479,1.3481,1.3457,1.3472,938826.6
2026-04-11 11:00:00,1.3471,1.3499,1.3441,1.3457,2223219.2
2026-04-11 12:00:00,1.3456,1.3465,1.3425,1.3446,2057497.5
2026-04-11 13:00:00,1.3445,1.345,1.34,1.3449,1996050.5
2026-04-11 14:00:00,1.345,1.349,1.3417,1.3424,2976876.4
2026-04-11 15:00:00,1.3424,1.3467,1.3394,1.346,3974311.9
2026-04-11 16:00:00,1.3461,1.3584,1.3456,1.3548,2393898.5
2026-04-11 17:00:00,1.3547,1.3564,1.3511,1.3531,1834414.9
2026-04-11 18:00:00,1.3532,1.3671,1.3515,1.3642,4599456.7
2026-04-11 19:00:00,1.3642,1.3752,1.3626,1.3712,5234080.4
2026-04-11 20:00:00,1.3712,1.3728,1.3581,1.3616,4459312.7
2026-04-11 21:00:00,1.3615,1.3662,1.3596,1.3623,2126525.1
2026-04-11 22:00:00,1.3622,1.3699,1.36,1.3617,2877722.7
2026-04-11 23:00:00,1.3616,1.3616,1.3513,1.3546,2168069.9
2026-04-12 00:00:00,1.3547,1.3548,1.3514,1.3537,1202161.1
2026-04-12 01:00:00,1.3536,1.3559,1.326,1.3296,12772215.8
2026-04-12 02:00:00,1.3296,1.3378,1.3254,1.3345,4422898.1
2026-04-12 03:00:00,1.3344,1.3364,1.33,1.3302,2991365.9
2026-04-12 04:00:00,1.3302,1.3308,1.3271,1.3279,3345332.3
2026-04-12 05:00:00,1.3279,1.3311,1.3268,1.3305,2809048.6
2026-04-12 06:00:00,1.3305,1.3321,1.3288,1.3295,2173805.2
2026-04-12 07:00:00,1.3295,1.331,1.3274,1.3298,1284355.5
2026-04-12 08:00:00,1.3297,1.3321,1.3278,1.3287,1305068.2
2026-04-12 09:00:00,1.3288,1.3321,1.3266,1.3304,2096131.7
2026-04-12 10:00:00,1.3304,1.3329,1.3295,1.3306,1903841.1
2026-04-12 11:00:00,1.3306,1.3339,1.33,1.333,1802537.0
2026-04-12 12:00:00,1.333,1.3346,1.3277,1.3311,2617938.1
2026-04-12 13:00:00,1.331,1.3328,1.3232,1.3235,5948332.8
2026-04-12 14:00:00,1.3235,1.3275,1.3215,1.3224,7206215.5
2026-04-12 15:00:00,1.3224,1.3253,1.3193,1.3239,1915524.2
2026-04-12 16:00:00,1.3239,1.3283,1.3234,1.3282,1150966.1
2026-04-12 17:00:00,1.3283,1.3341,1.3273,1.3328,1405650.5
2026-04-12 18:00:00,1.3329,1.3341,1.33,1.331,1223982.2
2026-04-12 19:00:00,1.3311,1.3318,1.33,1.3311,1176630.9
2026-04-12 20:00:00,1.331,1.3395,1.3296,1.3367,2884003.4
2026-04-12 21:00:00,1.3368,1.3391,1.3338,1.3365,1896566.5
2026-04-12 22:00:00,1.3365,1.3365,1.3232,1.3283,3212862.3
2026-04-12 23:00:00,1.3282,1.3282,1.3225,1.3247,1498338.1
2026-04-13 00:00:00,1.3246,1.3335,1.3234,1.3317,2286551.7
2026-04-13 01:00:00,1.3316,1.3328,1.3264,1.3322,2636286.3
2026-04-13 02:00:00,1.3322,1.3331,1.3245,1.3255,2311187.9
2026-04-13 03:00:00,1.3254,1.3288,1.3243,1.3254,2188242.4
2026-04-13 04:00:00,1.3254,1.3272,1.3193,1.323,2591488.2
2026-04-13 05:00:00,1.3229,1.3321,1.3219,1.3316,1953390.5
2026-04-13 06:00:00,1.3315,1.3374,1.3311,1.3345,5376624.4
2026-04-13 07:00:00,1.3346,1.3355,1.3254,1.3254,1806769.3
2026-04-13 08:00:00,1.3255,1.3285,1.3226,1.3256,3618319.2
2026-04-13 09:00:00,1.3256,1.3304,1.3247,1.3266,8280288.3
2026-04-13 10:00:00,1.3266,1.3268,1.3235,1.325,1785602.6
2026-04-13 11:00:00,1.325,1.3279,1.3247,1.3255,2206613.0
2026-04-13 12:00:00,1.3256,1.3336,1.3234,1.332,3542167.5
2026-04-13 13:00:00,1.3321,1.3413,1.3277,1.3396,5615941.3
2026-04-13 14:00:00,1.3396,1.3468,1.3319,1.3459,6203539.3
2026-04-13 15:00:00,1.3458,1.3462,1.3313,1.3345,3889159.7
2026-04-13 16:00:00,1.3345,1.3422,1.3294,1.3397,4850100.9
2026-04-13 17:00:00,1.3397,1.3455,1.3372,1.3379,2939453.8
2026-04-13 18:00:00,1.338,1.3406,1.3343,1.3404,3169497.2
2026-04-13 19:00:00,1.3404,1.3557,1.3392,1.3533,6263809.1
2026-04-13 20:00:00,1.3533,1.3556,1.3467,1.347,3628562.5
2026-04-13 21:00:00,1.3469,1.3535,1.3437,1.3508,2308571.8
2026-04-13 22:00:00,1.3508,1.3771,1.3501,1.3747,15371368.5
2026-04-13 23:00:00,1.3747,1.3839,1.3709,1.3756,10627165.8
2026-04-14 00:00:00,1.3757,1.3775,1.3607,1.3621,8418052.9
2026-04-14 01:00:00,1.3621,1.3682,1.3594,1.3667,3590295.1
2026-04-14 02:00:00,1.3667,1.3708,1.3647,1.3682,2916054.7
2026-04-14 03:00:00,1.3681,1.3681,1.3655,1.3672,2024244.6
2026-04-14 04:00:00,1.3672,1.3682,1.3602,1.3635,3830615.9
2026-04-14 05:00:00,1.3636,1.3654,1.3613,1.3623,1988915.2
2026-04-14 06:00:00,1.3623,1.3731,1.3623,1.3716,4218158.0
2026-04-14 07:00:00,1.3715,1.3773,1.3678,1.3682,4860681.9
2026-04-14 08:00:00,1.3683,1.3756,1.3667,1.3735,3653597.4
2026-04-14 09:00:00,1.3735,1.3762,1.3712,1.3733,3288998.1
2026-04-14 10:00:00,1.3734,1.3734,1.3691,1.3702,3447630.8
2026-04-14 11:00:00,1.3701,1.3744,1.368,1.3692,2430070.8
2026-04-14 12:00:00,1.3692,1.3716,1.365,1.3673,4684544.5
2026-04-14 13:00:00,1.3673,1.3936,1.3671,1.3926,11917118.8
2026-04-14 14:00:00,1.3927,1.3955,1.3718,1.3719,11616553.8
2026-04-14 15:00:00,1.3719,1.3792,1.3672,1.3745,6331762.6
2026-04-14 16:00:00,1.3745,1.3809,1.366,1.3684,4128711.3
2026-04-14 17:00:00,1.3684,1.3741,1.3651,1.3688,1802832.6
2026-04-14 18:00:00,1.3688,1.3704,1.3521,1.3546,3591105.2
2026-04-14 19:00:00,1.3545,1.3609,1.3526,1.3607,2126556.9
2026-04-14 20:00:00,1.3608,1.3615,1.3552,1.3569,1556422.2
2026-04-14 21:00:00,1.3569,1.3621,1.3561,1.3601,1514364.9
2026-04-14 22:00:00,1.3601,1.3656,1.3553,1.3584,5122167.0
2026-04-14 23:00:00,1.3584,1.366,1.3572,1.3617,3983144.3
2026-04-15 00:00:00,1.3617,1.3668,1.3576,1.3621,6743561.6
2026-04-15 01:00:00,1.3621,1.3651,1.3589,1.3624,4221411.0
2026-04-15 02:00:00,1.3623,1.364,1.3553,1.3571,3383861.2
2026-04-15 03:00:00,1.3571,1.3583,1.3559,1.3578,1834827.0
2026-04-15 04:00:00,1.3577,1.3606,1.3574,1.3592,1484268.9
2026-04-15 05:00:00,1.3591,1.3614,1.3551,1.3588,1944818.9
2026-04-15 06:00:00,1.3589,1.3589,1.3542,1.3557,1837785.3
2026-04-15 07:00:00,1.3556,1.3568,1.3503,1.352,4287531.9
2026-04-15 08:00:00,1.352,1.3572,1.3509,1.3557,2525841.5
2026-04-15 09:00:00,1.3557,1.3562,1.3507,1.3526,2410408.1
2026-04-15 10:00:00,1.3525,1.3596,1.3517,1.3562,2255718.0
2026-04-15 11:00:00,1.3562,1.3647,1.3562,1.3636,3609495.5
2026-04-15 12:00:00,1.3635,1.369,1.3612,1.3652,4690185.6
2026-04-15 13:00:00,1.3653,1.368,1.3614,1.3673,4496899.3
2026-04-15 14:00:00,1.3672,1.3793,1.3641,1.3764,7650933.2
2026-04-15 15:00:00,1.3765,1.3835,1.3717,1.3733,9723865.2
2026-04-15 16:00:00,1.3733,1.3821,1.3718,1.3782,5719009.6
2026-04-15 17:00:00,1.3783,1.3839,1.3758,1.3801,4525630.5
2026-04-15 18:00:00,1.38,1.3874,1.3789,1.3868,3784929.7
2026-04-15 19:00:00,1.3869,1.4086,1.3846,1.4,14683672.3
2026-04-15 20:00:00,1.4,1.4006,1.3856,1.3883,4328818.4
2026-04-15 21:00:00,1.3884,1.3892,1.3799,1.3887,4113838.7
2026-04-15 22:00:00,1.3886,1.4025,1.3886,1.3942,6272037.0
2026-04-15 23:00:00,1.3941,1.3941,1.3858,1.3922,2964606.0
2026-04-16 00:00:00,1.3922,1.3982,1.3865,1.3971,3516770.9
2026-04-16 01:00:00,1.3971,1.4022,1.3904,1.4002,5790412.8
2026-04-16 02:00:00,1.4002,1.4103,1.3966,1.4067,7024921.5
2026-04-16 03:00:00,1.4067,1.4156,1.4054,1.4063,5963514.4
2026-04-16 04:00:00,1.4063,1.4114,1.4022,1.4038,4525132.4
2026-04-16 05:00:00,1.4038,1.4073,1.4006,1.4057,2675693.7
2026-04-16 06:00:00,1.4058,1.41,1.4044,1.4099,2569794.5
2026-04-16 07:00:00,1.4099,1.4128,1.4044,1.4058,2954686.6
2026-04-16 08:00:00,1.4058,1.4095,1.4026,1.4052,3411962.0
2026-04-16 09:00:00,1.4053,1.4231,1.404,1.4174,11244655.5
2026-04-16 10:00:00,1.4173,1.4178,1.4079,1.4087,5705421.7
2026-04-16 11:00:00,1.4088,1.4095,1.4016,1.4095,5615964.5
2026-04-16 12:00:00,1.4095,1.4234,1.4091,1.414,6671366.3
2026-04-16 13:00:00,1.414,1.4342,1.3992,1.4072,13794029.4
2026-04-16 14:00:00,1.4071,1.4129,1.3928,1.4104,13410026.5
2026-04-16 15:00:00,1.4104,1.4325,1.4074,1.4291,10580763.2
2026-04-16 16:00:00,1.4291,1.442,1.4159,1.4194,11061036.5
2026-04-16 17:00:00,1.4195,1.4298,1.4144,1.4273,4706690.4
2026-04-16 18:00:00,1.4273,1.4486,1.4244,1.4466,6982750.8
2026-04-16 19:00:00,1.4467,1.4664,1.4414,1.4645,10892727.1
2026-04-16 20:00:00,1.4645,1.4663,1.444,1.4524,7841019.8
2026-04-16 21:00:00,1.4525,1.4589,1.4459,1.4467,2760840.4
2026-04-16 22:00:00,1.4467,1.4538,1.4467,1.4513,2592799.1
2026-04-16 23:00:00,1.4513,1.4578,1.448,1.453,3134262.1
2026-04-17 00:00:00,1.453,1.4555,1.4403,1.4404,4887461.8
2026-04-17 01:00:00,1.4404,1.4423,1.4273,1.4302,5288620.8
2026-04-17 02:00:00,1.4302,1.4314,1.4225,1.4296,3554321.2
2026-04-17 03:00:00,1.4296,1.439,1.427,1.4308,5172836.6
2026-04-17 04:00:00,1.4307,1.4342,1.4265,1.4319,2895067.9
2026-04-17 05:00:00,1.432,1.4368,1.4251,1.4253,4377978.9
2026-04-17 06:00:00,1.4253,1.4337,1.4243,1.4325,2286192.9
2026-04-17 07:00:00,1.4324,1.44,1.4324,1.4373,3088302.8
2026-04-17 08:00:00,1.4373,1.4478,1.4355,1.4467,5196423.9
2026-04-17 09:00:00,1.4468,1.4592,1.4427,1.4518,6197504.9
2026-04-17 10:00:00,1.4517,1.4532,1.4326,1.4371,5386238.9
2026-04-17 11:00:00,1.4371,1.4485,1.4368,1.4475,3248041.0
2026-04-17 12:00:00,1.4475,1.4609,1.4442,1.4588,6667545.0
2026-04-17 13:00:00,1.4589,1.4909,1.4553,1.4874,28342636.5
2026-04-17 14:00:00,1.4874,1.51,1.4833,1.4988,16995551.1
2026-04-17 15:00:00,1.4988,1.5022,1.4762,1.4861,12176221.6
2026-04-17 16:00:00,1.4861,1.5006,1.4855,1.4977,10194756.5
2026-04-17 17:00:00,1.4976,1.4979,1.4771,1.4838,7805086.1
2026-04-17 18:00:00,1.4838,1.4847,1.4728,1.4777,4985047.1
2026-04-17 19:00:00,1.4776,1.4923,1.4765,1.4871,4199312.7
2026-04-17 20:00:00,1.4872,1.4896,1.4754,1.4817,2421312.3
2026-04-17 21:00:00,1.4817,1.4873,1.4779,1.4792,2845853.6
2026-04-17 22:00:00,1.4792,1.4883,1.4773,1.4845,3719079.5
2026-04-17 23:00:00,1.4845,1.4845,1.4721,1.4757,3934943.5
2026-04-18 00:00:00,1.4757,1.4803,1.472,1.476,2358297.2
2026-04-18 01:00:00,1.4761,1.4823,1.4731,1.4782,1743494.0
2026-04-18 02:00:00,1.4781,1.4781,1.4696,1.4756,2448544.6
2026-04-18 03:00:00,1.4755,1.4755,1.4669,1.4686,2099910.9
2026-04-18 04:00:00,1.4687,1.4698,1.4627,1.4686,2816722.1
2026-04-18 05:00:00,1.4685,1.4771,1.4679,1.469,1869633.7
2026-04-18 06:00:00,1.469,1.4733,1.464,1.4708,2955472.5
2026-04-18 07:00:00,1.4707,1.4757,1.4689,1.4741,1988098.4
2026-04-18 08:00:00,1.4742,1.4754,1.4454,1.4533,11203525.2
2026-04-18 09:00:00,1.4533,1.4545,1.4461,1.4506,4870891.0
2026-04-18 10:00:00,1.4505,1.4506,1.4356,1.4397,8119348.1
2026-04-18 11:00:00,1.4396,1.44,1.4246,1.4314,7427955.3
2026-04-18 12:00:00,1.4314,1.4379,1.4306,1.4362,4221254.5
2026-04-18 13:00:00,1.4361,1.4386,1.4296,1.4372,2832840.7
2026-04-18 14:00:00,1.4372,1.4384,1.4326,1.435,2840406.4
2026-04-18 15:00:00,1.4349,1.4399,1.4309,1.4362,3112049.7
2026-04-18 16:00:00,1.4361,1.4392,1.431,1.4336,3084614.5
2026-04-18 17:00:00,1.4335,1.4339,1.4276,1.4318,2847749.6
2026-04-18 18:00:00,1.4319,1.4344,1.4235,1.4256,4231239.8
2026-04-18 19:00:00,1.4256,1.4312,1.4249,1.4271,2260164.5
2026-04-18 20:00:00,1.4272,1.4304,1.4239,1.4281,1863161.7
2026-04-18 21:00:00,1.4282,1.4381,1.428,1.4362,2010273.1
2026-04-18 22:00:00,1.4362,1.4362,1.43,1.4344,1774656.6
2026-04-18 23:00:00,1.4343,1.4384,1.432,1.4323,1690178.9
2026-04-19 00:00:00,1.4324,1.4362,1.4294,1.433,1624358.3
2026-04-19 01:00:00,1.433,1.4386,1.4293,1.4318,2123290.9
2026-04-19 02:00:00,1.4318,1.4349,1.4236,1.4301,2889872.6
2026-04-19 03:00:00,1.4302,1.4338,1.4265,1.4294,1825676.2
2026-04-19 04:00:00,1.4295,1.4336,1.4238,1.4304,1960249.4
2026-04-19 05:00:00,1.4305,1.4431,1.4295,1.4302,3230863.3
2026-04-19 06:00:00,1.4303,1.4311,1.4181,1.4286,5208439.7
2026-04-19 07:00:00,1.4287,1.4295,1.4148,1.42,5151066.3
2026-04-19 08:00:00,1.4199,1.4289,1.4154,1.4248,4450990.7
2026-04-19 09:00:00,1.4247,1.4259,1.4131,1.4215,3864089.4
2026-04-19 10:00:00,1.4215,1.428,1.416,1.4231,4498922.0
2026-04-19 11:00:00,1.4231,1.4309,1.4224,1.4297,2229502.2
2026-04-19 12:00:00,1.4298,1.4333,1.4257,1.4316,2763741.1
2026-04-19 13:00:00,1.4315,1.447,1.4311,1.4387,7086345.1
2026-04-19 14:00:00,1.4388,1.4426,1.4328,1.4378,3530244.8
2026-04-19 15:00:00,1.4377,1.4389,1.4206,1.4315,4249773.4
2026-04-19 16:00:00,1.4315,1.4323,1.4201,1.4222,3665717.2
2026-04-19 17:00:00,1.4221,1.4242,1.4116,1.4129,4471849.8
2026-04-19 18:00:00,1.413,1.4181,1.4113,1.4156,3343971.1
2026-04-19 19:00:00,1.4157,1.4214,1.4157,1.4175,1602263.3
2026-04-19 20:00:00,1.4175,1.4175,1.409,1.4105,3956733.8
2026-04-19 21:00:00,1.4105,1.4169,1.4092,1.4095,2505574.9
2026-04-19 22:00:00,1.4095,1.4095,1.3909,1.3991,10466680.7
2026-04-19 23:00:00,1.3991,1.3991,1.3926,1.3942,3713723.7
2026-04-20 00:00:00,1.3943,1.4081,1.3933,1.4056,2868704.8
2026-04-20 01:00:00,1.4055,1.4116,1.4048,1.408,3092845.6
2026-04-20 02:00:00,1.4081,1.4086,1.4041,1.408,5020124.1
2026-04-20 03:00:00,1.408,1.4132,1.4075,1.4111,6572497.1
2026-04-20 04:00:00,1.411,1.4114,1.4058,1.4091,2779970.4
2026-04-20 05:00:00,1.4092,1.4093,1.3954,1.3994,3109070.0
2026-04-20 06:00:00,1.3993,1.4155,1.3993,1.4138,2727758.0
2026-04-20 07:00:00,1.4139,1.4326,1.4114,1.4154,8017538.0
2026-04-20 08:00:00,1.4154,1.4178,1.4075,1.4099,2994391.8
2026-04-20 09:00:00,1.4099,1.4209,1.4082,1.4179,4682770.3
2026-04-20 10:00:00,1.4179,1.4272,1.413,1.4143,4569151.5
2026-04-20 11:00:00,1.4142,1.4195,1.412,1.4155,4571244.9
2026-04-20 12:00:00,1.4155,1.4239,1.413,1.4221,3256234.8
2026-04-20 13:00:00,1.4221,1.4275,1.4177,1.4246,5110416.1
2026-04-20 14:00:00,1.4246,1.4316,1.4144,1.4168,8004189.2
2026-04-20 15:00:00,1.4168,1.435,1.4089,1.4327,12215375.2
2026-04-20 16:00:00,1.4328,1.4335,1.4224,1.4236,3178758.1
2026-04-20 17:00:00,1.4236,1.433,1.4228,1.4274,2776190.3
2026-04-20 18:00:00,1.4274,1.4369,1.4274,1.4324,4422955.3
2026-04-20 19:00:00,1.4325,1.4336,1.4276,1.4303,2481420.1
2026-04-20 20:00:00,1.4302,1.4335,1.4249,1.4317,2486136.7
2026-04-20 21:00:00,1.4316,1.4328,1.4241,1.43,1813750.9
2026-04-20 22:00:00,1.43,1.432,1.425,1.4259,1313060.5
2026-04-20 23:00:00,1.4258,1.4258,1.4213,1.4243,1511257.8
2026-04-21 00:00:00,1.4244,1.4296,1.4243,1.4278,1306626.4
2026-04-21 01:00:00,1.4277,1.4319,1.4252,1.4257,3372093.5
2026-04-21 02:00:00,1.4257,1.4267,1.4223,1.4224,1374498.9
2026-04-21 03:00:00,1.4223,1.4257,1.4195,1.4241,5006543.8
2026-04-21 04:00:00,1.424,1.4287,1.424,1.428,1726690.1
2026-04-21 05:00:00,1.428,1.4333,1.4279,1.4316,2353050.6
2026-04-21 06:00:00,1.4315,1.441,1.4281,1.437,5844309.3
2026-04-21 07:00:00,1.437,1.4425,1.4322,1.4393,4170419.9
2026-04-21 08:00:00,1.4392,1.45,1.4374,1.4426,4473391.2
2026-04-21 09:00:00,1.4426,1.445,1.4376,1.4414,3657199.5
2026-04-21 10:00:00,1.4414,1.447,1.4382,1.4445,4076928.8
2026-04-21 11:00:00,1.4444,1.4448,1.4366,1.4397,3260929.8
2026-04-21 12:00:00,1.4397,1.4411,1.4263,1.4324,5224328.6
2026-04-21 13:00:00,1.4324,1.4357,1.4287,1.4332,3254542.8
2026-04-21 14:00:00,1.4333,1.445,1.4302,1.4316,4205550.8
2026-04-21 15:00:00,1.4316,1.4336,1.4255,1.4324,3578654.9
2026-04-21 16:00:00,1.4325,1.4359,1.4274,1.4285,3083007.2
2026-04-21 17:00:00,1.4284,1.4306,1.4135,1.4241,4467514.2
2026-04-21 18:00:00,1.4242,1.4271,1.42,1.4266,6063500.5
2026-04-21 19:00:00,1.4267,1.4319,1.4116,1.4136,5284605.7
2026-04-21 20:00:00,1.4135,1.429,1.4122,1.4234,4146123.9
2026-04-21 21:00:00,1.4235,1.425,1.4204,1.4226,2355363.5
2026-04-21 22:00:00,1.4225,1.4236,1.4167,1.4222,1264980.3
2026-04-21 23:00:00,1.4222,1.4341,1.422,1.4334,1727326.4
2026-04-22 00:00:00,1.4335,1.4344,1.4302,1.4323,1490370.8
2026-04-22 01:00:00,1.4322,1.4322,1.427,1.4292,1296652.5
2026-04-22 02:00:00,1.4292,1.4492,1.4268,1.4487,5810900.1
2026-04-22 03:00:00,1.4487,1.4506,1.4408,1.4432,4951924.0
2026-04-22 04:00:00,1.4432,1.4472,1.4415,1.4446,1932859.5
2026-04-22 05:00:00,1.4447,1.4606,1.443,1.4545,8070217.9
2026-04-22 06:00:00,1.4544,1.4581,1.4522,1.4565,2050154.0
2026-04-22 07:00:00,1.4566,1.4583,1.4516,1.4544,2499708.1
2026-04-22 08:00:00,1.4545,1.4557,1.4496,1.4525,3367743.0
2026-04-22 09:00:00,1.4524,1.4545,1.4489,1.4515,2560635.7
2026-04-22 10:00:00,1.4515,1.4526,1.4482,1.4505,1655319.5
2026-04-22 11:00:00,1.4506,1.4547,1.449,1.4543,2486509.1
2026-04-22 12:00:00,1.4543,1.4554,1.4473,1.4506,4466535.1
2026-04-22 13:00:00,1.4506,1.461,1.4477,1.459,5544177.8
2026-04-22 14:00:00,1.4589,1.4626,1.4519,1.4576,5322659.8
2026-04-22 15:00:00,1.4576,1.4604,1.45,1.4564,5310297.9
2026-04-22 16:00:00,1.4564,1.4589,1.446,1.4468,3964783.3
2026-04-22 17:00:00,1.4469,1.4524,1.4457,1.4492,2678686.3
2026-04-22 18:00:00,1.4492,1.4529,1.4478,1.448,2480191.6
2026-04-22 19:00:00,1.448,1.4481,1.4374,1.4413,4710380.7
2026-04-22 20:00:00,1.4414,1.4428,1.4341,1.437,3800448.0
2026-04-22 21:00:00,1.437,1.4418,1.4369,1.4418,1410823.3
2026-04-22 22:00:00,1.4418,1.4418,1.4355,1.438,1830773.4
2026-04-22 23:00:00,1.438,1.4382,1.4287,1.4294,3736430.0
2026-04-23 00:00:00,1.4293,1.4316,1.4166,1.4291,5015270.4
2026-04-23 01:00:00,1.4292,1.4299,1.4208,1.4259,2728513.7
2026-04-23 02:00:00,1.426,1.4261,1.4154,1.419,2915774.9
2026-04-23 03:00:00,1.419,1.4219,1.4114,1.4162,3137314.3
2026-04-23 04:00:00,1.4162,1.4192,1.4153,1.4179,1978546.4
2026-04-23 05:00:00,1.4179,1.4205,1.415,1.4196,2095074.0
2026-04-23 06:00:00,1.4197,1.4251,1.4197,1.4237,2419047.9
2026-04-23 07:00:00,1.4237,1.4241,1.4199,1.4208,2164023.7
2026-04-23 08:00:00,1.4208,1.4214,1.4152,1.4184,2251101.6
2026-04-23 09:00:00,1.4183,1.4188,1.4122,1.4151,3071103.8
2026-04-23 10:00:00,1.415,1.416,1.409,1.4107,3371272.5
2026-04-23 11:00:00,1.4108,1.4176,1.4108,1.4165,2244490.2
2026-04-23 12:00:00,1.4164,1.4209,1.4152,1.4186,3174316.2
2026-04-23 13:00:00,1.4186,1.4201,1.4143,1.4162,3332798.6
2026-04-23 14:00:00,1.4162,1.4301,1.414,1.43,4456023.8
2026-04-23 15:00:00,1.4301,1.4368,1.4259,1.4315,5126488.4
2026-04-23 16:00:00,1.4316,1.4342,1.4279,1.4299,8550019.5
2026-04-23 17:00:00,1.4299,1.4378,1.4208,1.4352,21188875.9
2026-04-23 18:00:00,1.4352,1.441,1.4314,1.4314,3489609.5
2026-04-23 19:00:00,1.4313,1.4339,1.4271,1.4295,2070616.0
2026-04-23 20:00:00,1.4295,1.4373,1.4278,1.4332,2175144.8
2026-04-23 21:00:00,1.4332,1.4382,1.4307,1.4334,1595371.6
2026-04-23 22:00:00,1.4334,1.4394,1.4334,1.4361,1888528.3
2026-04-23 23:00:00,1.436,1.44,1.4323,1.4386,1744651.4
2026-04-24 00:00:00,1.4386,1.4407,1.4377,1.4402,2762963.7
2026-04-24 01:00:00,1.4402,1.4445,1.432,1.4442,2919162.2
2026-04-24 02:00:00,1.4442,1.4457,1.4366,1.4373,2408645.1
2026-04-24 03:00:00,1.4373,1.4387,1.4282,1.4307,2527096.0
2026-04-24 04:00:00,1.4306,1.4309,1.4258,1.4292,2138408.6
2026-04-24 05:00:00,1.4293,1.4339,1.4259,1.433,1366627.4
2026-04-24 06:00:00,1.433,1.4333,1.4299,1.43,1642549.4
2026-04-24 07:00:00,1.43,1.4328,1.4285,1.4326,1287942.5
2026-04-24 08:00:00,1.4327,1.4364,1.4297,1.4315,1731434.1
2026-04-24 09:00:00,1.4316,1.4319,1.425,1.4258,2149439.9
2026-04-24 10:00:00,1.4259,1.4326,1.4239,1.4315,1589529.8
2026-04-24 11:00:00,1.4316,1.4401,1.4316,1.4383,4416198.0
2026-04-24 12:00:00,1.4383,1.4412,1.4327,1.4347,3615428.1
2026-04-24 13:00:00,1.4347,1.4443,1.4335,1.4356,4975140.4
2026-04-24 14:00:00,1.4355,1.439,1.4284,1.4338,10633188.7
2026-04-24 15:00:00,1.4338,1.4482,1.429,1.4479,6053501.1
2026-04-24 16:00:00,1.448,1.4503,1.4379,1.4404,3564549.1
2026-04-24 17:00:00,1.4403,1.4426,1.4359,1.441,1837396.8
2026-04-24 18:00:00,1.4411,1.4419,1.4336,1.4387,898702.1
2026-04-24 19:00:00,1.4388,1.442,1.4364,1.4391,1423811.6
2026-04-24 20:00:00,1.4392,1.4419,1.4348,1.4405,1496475.5
2026-04-24 21:00:00,1.4405,1.443,1.4366,1.4376,2537922.7
2026-04-24 22:00:00,1.4376,1.4384,1.4297,1.4314,1505256.6
2026-04-24 23:00:00,1.4315,1.4339,1.4315,1.4334,747759.1
2026-04-25 00:00:00,1.4333,1.4345,1.4316,1.4334,953552.7
2026-04-25 01:00:00,1.4333,1.4369,1.4333,1.436,849127.5
2026-04-25 02:00:00,1.436,1.4377,1.4334,1.4336,1175024.3
2026-04-25 03:00:00,1.4335,1.437,1.4327,1.4366,868723.9
2026-04-25 04:00:00,1.4367,1.437,1.4335,1.4341,621856.3
2026-04-25 05:00:00,1.4341,1.4341,1.4313,1.4325,749218.1
2026-04-25 06:00:00,1.4325,1.435,1.4311,1.4328,594792.5
2026-04-25 07:00:00,1.4327,1.4348,1.4312,1.4335,748979.0
2026-04-25 08:00:00,1.4334,1.4352,1.4322,1.4348,922803.2
2026-04-25 09:00:00,1.4348,1.4371,1.433,1.4354,985645.4
2026-04-25 10:00:00,1.4353,1.4366,1.4347,1.4356,679562.6
2026-04-25 11:00:00,1.4356,1.4356,1.4295,1.4308,1283075.8
2026-04-25 12:00:00,1.4307,1.4317,1.4282,1.4293,1434064.8
2026-04-25 13:00:00,1.4292,1.4324,1.4288,1.4311,812911.7
2026-04-25 14:00:00,1.431,1.4323,1.429,1.4292,1044284.9
2026-04-25 15:00:00,1.4293,1.4312,1.4246,1.4255,1712635.5
2026-04-25 16:00:00,1.4255,1.428,1.4204,1.4242,2107756.2
2026-04-25 17:00:00,1.4242,1.425,1.4193,1.4202,1860930.9
2026-04-25 18:00:00,1.4201,1.4228,1.4197,1.4212,1481457.5
2026-04-25 19:00:00,1.4211,1.4214,1.4192,1.4204,1492728.4
2026-04-25 20:00:00,1.4205,1.4222,1.4187,1.4222,1317693.0
2026-04-25 21:00:00,1.4222,1.4234,1.422,1.4229,1010989.4
2026-04-25 22:00:00,1.4229,1.4256,1.4223,1.4234,814235.9
2026-04-25 23:00:00,1.4234,1.425,1.4223,1.4238,824509.1
2026-04-26 00:00:00,1.4238,1.4239,1.4199,1.4208,808503.0
2026-04-26 01:00:00,1.4209,1.4219,1.4188,1.4193,851137.7
2026-04-26 02:00:00,1.4192,1.4227,1.4192,1.4218,841798.8
2026-04-26 03:00:00,1.4219,1.4241,1.418,1.4186,1125385.9
2026-04-26 04:00:00,1.4187,1.4238,1.4185,1.4221,1192607.3
2026-04-26 05:00:00,1.422,1.4294,1.4213,1.4256,1824932.3
2026-04-26 06:00:00,1.4257,1.4285,1.4257,1.4275,1046116.7
2026-04-26 07:00:00,1.4275,1.4294,1.4264,1.4291,1107012.8
2026-04-26 08:00:00,1.4291,1.4296,1.4257,1.4265,770364.4
2026-04-26 09:00:00,1.4265,1.4285,1.4257,1.4283,813534.8
2026-04-26 10:00:00,1.4283,1.4288,1.4268,1.4276,542045.2
2026-04-26 11:00:00,1.4276,1.4318,1.4276,1.4305,907159.8
2026-04-26 12:00:00,1.4306,1.4315,1.4238,1.4249,1697148.2
2026-04-26 13:00:00,1.425,1.4258,1.4231,1.4243,1495516.7
2026-04-26 14:00:00,1.4243,1.4299,1.4234,1.4272,1298646.9
2026-04-26 15:00:00,1.4272,1.4292,1.4262,1.4292,987768.0
2026-04-26 16:00:00,1.4292,1.4295,1.4252,1.4252,1148003.6
2026-04-26 17:00:00,1.4252,1.4264,1.4227,1.4248,850408.9
2026-04-26 18:00:00,1.4248,1.4302,1.4231,1.429,1077466.7
2026-04-26 19:00:00,1.4291,1.4366,1.4278,1.4304,2184006.7
2026-04-26 20:00:00,1.4304,1.4329,1.4275,1.4276,921883.4
2026-04-26 21:00:00,1.4275,1.4301,1.42,1.4285,3028414.5
2026-04-26 22:00:00,1.4285,1.4357,1.4237,1.4271,2323678.4
2026-04-26 23:00:00,1.427,1.4348,1.4251,1.4307,1180827.0
2026-04-27 00:00:00,1.4308,1.4408,1.4253,1.4393,2614697.6
2026-04-27 01:00:00,1.4394,1.446,1.4348,1.4446,3145939.9
2026-04-27 02:00:00,1.4447,1.4459,1.4401,1.4436,2027510.1
2026-04-27 03:00:00,1.4436,1.4466,1.4415,1.4425,2103734.0
2026-04-27 04:00:00,1.4424,1.4425,1.4383,1.4401,2800548.5
2026-04-27 05:00:00,1.4402,1.4405,1.4168,1.4196,7448463.4
2026-04-27 06:00:00,1.4195,1.4208,1.4129,1.4181,3248518.0
2026-04-27 07:00:00,1.4181,1.4188,1.4139,1.4145,1791171.7
2026-04-27 08:00:00,1.4144,1.4183,1.4129,1.4183,1374355.1
2026-04-27 09:00:00,1.4184,1.4191,1.4151,1.4168,1770279.2
2026-04-27 10:00:00,1.4167,1.417,1.4144,1.4152,1407058.7
2026-04-27 11:00:00,1.4152,1.4153,1.4126,1.4137,2078710.8
2026-04-27 12:00:00,1.4137,1.415,1.41,1.4108,2656965.2
2026-04-27 13:00:00,1.4108,1.4124,1.398,1.4018,7957965.5
2026-04-27 14:00:00,1.4017,1.4108,1.3988,1.404,5883516.7
2026-04-27 15:00:00,1.4041,1.4043,1.3836,1.3882,9385471.7
2026-04-27 16:00:00,1.3882,1.3914,1.3848,1.3888,3062440.3
2026-04-27 17:00:00,1.3888,1.3954,1.3888,1.3933,2771646.5
2026-04-27 18:00:00,1.3933,1.3971,1.3925,1.3954,1532192.9
2026-04-27 19:00:00,1.3954,1.3962,1.387,1.393,1669132.4
2026-04-27 20:00:00,1.3929,1.395,1.3908,1.3927,1155897.2
2026-04-27 21:00:00,1.3926,1.3935,1.3896,1.3898,1566460.3
2026-04-27 22:00:00,1.3899,1.3975,1.3894,1.3969,1887321.9
2026-04-27 23:00:00,1.3968,1.4022,1.3966,1.4007,1815300.5
2026-04-28 00:00:00,1.4008,1.4009,1.3952,1.3979,1718225.1
2026-04-28 01:00:00,1.3978,1.3992,1.3962,1.3975,1274448.1
2026-04-28 02:00:00,1.3976,1.3992,1.3911,1.3934,2121003.8
2026-04-28 03:00:00,1.3933,1.3938,1.3885,1.393,1368854.2
2026-04-28 04:00:00,1.393,1.3947,1.3906,1.3927,1658377.5
2026-04-28 05:00:00,1.3928,1.3973,1.3921,1.3935,1538301.4
2026-04-28 06:00:00,1.3936,1.3971,1.3863,1.3891,1654119.0
2026-04-28 07:00:00,1.389,1.3933,1.3849,1.3929,2012058.4
2026-04-28 08:00:00,1.393,1.3959,1.3908,1.3923,1254431.3
2026-04-28 09:00:00,1.3924,1.3926,1.3861,1.3873,1479566.1
2026-04-28 10:00:00,1.3872,1.3897,1.3865,1.3881,1162442.2
2026-04-28 11:00:00,1.3881,1.3888,1.3794,1.3815,6216182.8
2026-04-28 12:00:00,1.3815,1.3849,1.3788,1.3831,3196064.3
2026-04-28 13:00:00,1.3831,1.3842,1.3745,1.3781,4707274.1
2026-04-28 14:00:00,1.3781,1.3781,1.3677,1.3699,4227507.6
2026-04-28 15:00:00,1.3699,1.3761,1.3692,1.3753,2839883.9
2026-04-28 16:00:00,1.3754,1.3773,1.3705,1.3767,1953479.4
2026-04-28 17:00:00,1.3767,1.381,1.3743,1.3788,2553267.9
2026-04-28 18:00:00,1.3788,1.383,1.3788,1.3825,1753761.0
2026-04-28 19:00:00,1.3825,1.3864,1.3777,1.3826,3275020.1
2026-04-28 20:00:00,1.3826,1.3851,1.3816,1.383,1311204.9
2026-04-28 21:00:00,1.383,1.3841,1.3787,1.3804,1024026.0
2026-04-28 22:00:00,1.3804,1.3842,1.3786,1.3798,2076269.2
2026-04-28 23:00:00,1.3797,1.3817,1.3785,1.3805,858477.1
2026-04-29 00:00:00,1.3806,1.3848,1.3785,1.3832,1804397.9
2026-04-29 01:00:00,1.3833,1.3839,1.377,1.3818,1909369.7
2026-04-29 02:00:00,1.3819,1.3836,1.379,1.3798,1435127.1
2026-04-29 03:00:00,1.3799,1.3902,1.3795,1.3892,2086874.3
2026-04-29 04:00:00,1.3893,1.3973,1.3876,1.3951,5237288.7
2026-04-29 05:00:00,1.3951,1.3973,1.3939,1.396,1279406.1
2026-04-29 06:00:00,1.3961,1.3967,1.3906,1.3922,1473148.0
2026-04-29 07:00:00,1.3923,1.3956,1.3906,1.3919,1428749.9
2026-04-29 08:00:00,1.392,1.3939,1.3891,1.3915,1668402.1
2026-04-29 09:00:00,1.3914,1.4067,1.3905,1.4037,4285033.0
2026-04-29 10:00:00,1.4038,1.4063,1.3975,1.3978,2756020.5
2026-04-29 11:00:00,1.3978,1.398,1.3926,1.3946,2196684.8
2026-04-29 12:00:00,1.3945,1.3947,1.3791,1.3833,4047181.1
2026-04-29 13:00:00,1.3833,1.384,1.3705,1.3758,4623227.8
2026-04-29 14:00:00,1.3758,1.3783,1.37,1.3723,2719076.3
2026-04-29 15:00:00,1.3723,1.3731,1.3589,1.3618,6333667.4
2026-04-29 16:00:00,1.3618,1.3675,1.3591,1.3638,4212855.6
2026-04-29 17:00:00,1.3639,1.3686,1.363,1.3682,2166223.0
2026-04-29 18:00:00,1.3682,1.3702,1.3458,1.3575,10481892.5
2026-04-29 19:00:00,1.3575,1.3585,1.3519,1.3534,2279263.2
2026-04-29 20:00:00,1.3535,1.3654,1.3533,1.3627,4507779.7
2026-04-29 21:00:00,1.3626,1.3725,1.3618,1.369,2541922.9
2026-04-29 22:00:00,1.3689,1.3709,1.3672,1.3699,1415047.6
2026-04-29 23:00:00,1.3699,1.3711,1.3645,1.3691,1306240.6
2026-04-30 00:00:00,1.3692,1.3847,1.3692,1.3829,3054025.1
2026-04-30 01:00:00,1.3828,1.3846,1.3774,1.3795,2075481.0
2026-04-30 02:00:00,1.3794,1.3816,1.3677,1.3731,3995400.3
2026-04-30 03:00:00,1.3731,1.3755,1.371,1.3733,1214744.0
2026-04-30 04:00:00,1.3733,1.3734,1.3609,1.3629,2753685.5
2026-04-30 05:00:00,1.3628,1.3675,1.3591,1.3647,1769899.5
2026-04-30 06:00:00,1.3646,1.3722,1.3609,1.3689,2923758.2
2026-04-30 07:00:00,1.3689,1.3754,1.3674,1.3749,1507175.3
2026-04-30 08:00:00,1.3749,1.3767,1.3725,1.3727,1760409.0
2026-04-30 09:00:00,1.3727,1.3799,1.372,1.3735,1838903.4
2026-04-30 10:00:00,1.3735,1.375,1.3694,1.3704,2075680.7
2026-04-30 11:00:00,1.3704,1.3759,1.3666,1.3697,3029132.8
2026-04-30 12:00:00,1.3696,1.3761,1.369,1.3698,2246261.1
2026-04-30 13:00:00,1.3697,1.3747,1.3651,1.3699,3011740.8
2026-04-30 14:00:00,1.3698,1.3724,1.3623,1.3682,2246695.7
2026-04-30 15:00:00,1.3683,1.3753,1.3651,1.3695,2711196.5
2026-04-30 16:00:00,1.3695,1.3697,1.365,1.3661,2235732.2
2026-04-30 17:00:00,1.366,1.3695,1.3628,1.3681,2163573.5
2026-04-30 18:00:00,1.368,1.3719,1.3667,1.37,1644465.7
2026-04-30 19:00:00,1.37,1.3744,1.3692,1.3707,1761251.9
2026-04-30 20:00:00,1.3706,1.3717,1.368,1.3699,1021619.4
2026-04-30 21:00:00,1.3699,1.3724,1.3659,1.3659,1887493.0
2026-04-30 22:00:00,1.366,1.3682,1.3644,1.365,1219419.6
2026-04-30 23:00:00,1.3651,1.3685,1.3647,1.3679,962644.9
2026-05-01 00:00:00,1.368,1.3732,1.3649,1.3693,4842604.6
2026-05-01 01:00:00,1.3692,1.3738,1.3656,1.3714,5930857.0
2026-05-01 02:00:00,1.3714,1.372,1.3685,1.3701,773558.4
2026-05-01 03:00:00,1.37,1.3804,1.3687,1.3764,4235847.0
2026-05-01 04:00:00,1.3764,1.3787,1.374,1.3759,3390713.2
2026-05-01 05:00:00,1.376,1.3784,1.3749,1.3766,1791380.5
2026-05-01 06:00:00,1.3767,1.3788,1.3722,1.3734,1630819.1
2026-05-01 07:00:00,1.3733,1.3757,1.3718,1.3749,1740788.3
2026-05-01 08:00:00,1.3748,1.3807,1.374,1.3784,1937453.9
2026-05-01 09:00:00,1.3784,1.3787,1.3741,1.3754,925443.7
2026-05-01 10:00:00,1.3754,1.3768,1.3716,1.3766,1186601.5
2026-05-01 11:00:00,1.3766,1.3799,1.3755,1.3779,1149659.8
2026-05-01 12:00:00,1.378,1.3877,1.3774,1.3834,4546009.6
2026-05-01 13:00:00,1.3834,1.3996,1.3834,1.3984,5292266.2
2026-05-01 14:00:00,1.3985,1.3999,1.3896,1.3948,3345712.7
2026-05-01 15:00:00,1.3947,1.3998,1.3911,1.396,3051732.8
2026-05-01 16:00:00,1.396,1.3985,1.3911,1.3915,2821316.3
2026-05-01 17:00:00,1.3914,1.3952,1.3888,1.3949,1903738.9
2026-05-01 18:00:00,1.3949,1.3957,1.3928,1.3936,1635197.0
2026-05-01 19:00:00,1.3936,1.396,1.3921,1.3937,1062685.8
2026-05-01 20:00:00,1.3938,1.3947,1.3828,1.3846,2197261.9
2026-05-01 21:00:00,1.3846,1.389,1.3843,1.3887,887722.3
2026-05-01 22:00:00,1.3887,1.3903,1.3836,1.3836,1549796.5
2026-05-01 23:00:00,1.3836,1.3858,1.3809,1.3858,2359012.0
2026-05-02 00:00:00,1.3858,1.3904,1.3847,1.3863,1904505.6
2026-05-02 01:00:00,1.3864,1.3888,1.3844,1.385,1364261.9
2026-05-02 02:00:00,1.3849,1.3883,1.3812,1.3859,1731908.9
2026-05-02 03:00:00,1.3859,1.3884,1.384,1.386,1131416.7
2026-05-02 04:00:00,1.3859,1.386,1.3828,1.3849,1060397.0
2026-05-02 05:00:00,1.3849,1.3851,1.3826,1.3838,815589.3
2026-05-02 06:00:00,1.3839,1.3877,1.3839,1.3871,529757.9
2026-05-02 07:00:00,1.3871,1.3885,1.3853,1.3853,850938.6
2026-05-02 08:00:00,1.3853,1.3857,1.3838,1.3847,785653.1
2026-05-02 09:00:00,1.3847,1.3878,1.3838,1.3865,1718224.5
2026-05-02 10:00:00,1.3865,1.388,1.3862,1.3878,881720.8
2026-05-02 11:00:00,1.3878,1.3911,1.3852,1.3859,2034411.2
2026-05-02 12:00:00,1.3859,1.388,1.3847,1.387,1746174.4
2026-05-02 13:00:00,1.3871,1.3925,1.3871,1.3922,1635154.1
2026-05-02 14:00:00,1.3922,1.3933,1.3899,1.3918,976256.1
2026-05-02 15:00:00,1.3918,1.3943,1.3912,1.3934,942141.8
2026-05-02 16:00:00,1.3934,1.395,1.3908,1.3929,1251470.6
2026-05-02 17:00:00,1.393,1.3943,1.3913,1.3916,825203.9
2026-05-02 18:00:00,1.3916,1.3938,1.3896,1.3931,658070.6
2026-05-02 19:00:00,1.3931,1.3951,1.393,1.3946,468298.2
2026-05-02 20:00:00,1.3947,1.3948,1.3931,1.3932,609880.3
2026-05-02 21:00:00,1.3933,1.4003,1.3904,1.3935,3706368.6
2026-05-02 22:00:00,1.3934,1.4003,1.3921,1.3961,1798100.8
2026-05-02 23:00:00,1.3962,1.3969,1.3907,1.3937,3604359.2
2026-05-03 00:00:00,1.3936,1.3945,1.3881,1.3892,1039744.3
2026-05-03 01:00:00,1.3892,1.3893,1.3834,1.384,1207874.0
2026-05-03 02:00:00,1.3839,1.3847,1.3814,1.3834,802187.0
2026-05-03 03:00:00,1.3833,1.3843,1.3819,1.384,808501.6
2026-05-03 04:00:00,1.3839,1.3854,1.382,1.3838,1329564.1
2026-05-03 05:00:00,1.3838,1.3859,1.3836,1.385,489394.0
2026-05-03 06:00:00,1.385,1.3857,1.3822,1.3853,1905649.9
2026-05-03 07:00:00,1.3853,1.3885,1.385,1.3861,807762.9
2026-05-03 08:00:00,1.3861,1.3885,1.3857,1.3882,1481453.0
2026-05-03 09:00:00,1.3882,1.3909,1.3875,1.3893,689445.4
2026-05-03 10:00:00,1.3894,1.3901,1.388,1.3882,718290.5
2026-05-03 11:00:00,1.3882,1.3985,1.3872,1.3952,1939544.0
2026-05-03 12:00:00,1.3952,1.3985,1.3952,1.3962,1592182.3
2026-05-03 13:00:00,1.3963,1.399,1.3932,1.3951,1087621.0
2026-05-03 14:00:00,1.3951,1.3975,1.3931,1.3969,949949.4
2026-05-03 15:00:00,1.3968,1.3989,1.3944,1.3958,933764.5
2026-05-03 16:00:00,1.3959,1.3982,1.394,1.3944,577079.1
2026-05-03 17:00:00,1.3944,1.3965,1.3922,1.395,854722.5
2026-05-03 18:00:00,1.395,1.3955,1.3936,1.3943,573860.2
2026-05-03 19:00:00,1.3942,1.398,1.3936,1.3952,671314.4
2026-05-03 20:00:00,1.3952,1.3999,1.3924,1.3931,1292720.5
2026-05-03 21:00:00,1.3931,1.396,1.389,1.3919,2395664.0
2026-05-03 22:00:00,1.3919,1.4042,1.3919,1.3978,3597645.6
2026-05-03 23:00:00,1.3978,1.4011,1.3868,1.388,1500902.6
2026-05-04 00:00:00,1.3879,1.3913,1.3829,1.3884,4381318.4
2026-05-04 01:00:00,1.3884,1.4075,1.3839,1.4049,4899943.8
2026-05-04 02:00:00,1.405,1.415,1.401,1.4104,6873920.7
2026-05-04 03:00:00,1.4105,1.4147,1.4075,1.4129,4763221.7
2026-05-04 04:00:00,1.413,1.4209,1.413,1.4163,3836540.6
2026-05-04 05:00:00,1.4163,1.4175,1.4109,1.4116,2215868.8
2026-05-04 06:00:00,1.4117,1.4125,1.402,1.409,4205376.8
2026-05-04 07:00:00,1.409,1.4144,1.4077,1.4106,1785211.7
2026-05-04 08:00:00,1.4105,1.4129,1.4071,1.4115,1665399.7
2026-05-04 09:00:00,1.4115,1.4196,1.4107,1.4174,2675378.0
2026-05-04 10:00:00,1.4174,1.418,1.3856,1.3953,10480820.7
2026-05-04 11:00:00,1.3952,1.3979,1.3924,1.3941,2292871.8
2026-05-04 12:00:00,1.394,1.3968,1.3927,1.3934,1449702.0
2026-05-04 13:00:00,1.3934,1.3998,1.3886,1.3935,2617815.3
2026-05-04 14:00:00,1.3936,1.4134,1.3889,1.4081,5296231.4
2026-05-04 15:00:00,1.4082,1.4092,1.3929,1.399,6539946.6
2026-05-04 16:00:00,1.3991,1.4054,1.3938,1.4007,3130705.3
2026-05-04 17:00:00,1.4007,1.4123,1.4001,1.4086,2858868.6
2026-05-04 18:00:00,1.4086,1.41,1.402,1.4038,2387628.9
2026-05-04 19:00:00,1.4039,1.4044,1.3979,1.398,1536066.0
2026-05-04 20:00:00,1.3979,1.398,1.3925,1.3931,1595242.2
2026-05-04 21:00:00,1.3931,1.3989,1.393,1.3975,2325885.1
2026-05-04 22:00:00,1.3974,1.4016,1.3945,1.3955,1970044.3
2026-05-04 23:00:00,1.3954,1.3954,1.3901,1.3918,1416656.3
2026-05-05 00:00:00,1.3919,1.396,1.3904,1.3956,1221070.7
2026-05-05 01:00:00,1.3957,1.3984,1.3939,1.3972,1202925.1
2026-05-05 02:00:00,1.3972,1.4049,1.3965,1.4008,2022142.6
2026-05-05 03:00:00,1.4008,1.4099,1.3993,1.4057,2111259.5
2026-05-05 04:00:00,1.4056,1.407,1.4007,1.4016,1521444.3
2026-05-05 05:00:00,1.4017,1.4067,1.3998,1.4018,3607635.8
2026-05-05 06:00:00,1.4018,1.4071,1.4006,1.4071,2663970.0
2026-05-05 07:00:00,1.4071,1.41,1.4021,1.4067,2714281.0
2026-05-05 08:00:00,1.4066,1.4093,1.4059,1.4069,2732605.6
2026-05-05 09:00:00,1.407,1.4072,1.4019,1.4035,1931645.5
2026-05-05 10:00:00,1.4034,1.4074,1.4023,1.4063,1949265.2
2026-05-05 11:00:00,1.4064,1.4085,1.4018,1.4079,2320306.7
2026-05-05 12:00:00,1.4079,1.4139,1.4065,1.4129,3619992.0
2026-05-05 13:00:00,1.4128,1.4206,1.411,1.4134,8335474.2
2026-05-05 14:00:00,1.4134,1.4138,1.4047,1.411,5178348.8
2026-05-05 15:00:00,1.411,1.416,1.4101,1.4116,1903177.3
2026-05-05 16:00:00,1.4117,1.4151,1.4047,1.4081,3109739.1
2026-05-05 17:00:00,1.4081,1.4098,1.405,1.4082,2134302.7
2026-05-05 18:00:00,1.4083,1.4128,1.4081,1.4099,2408538.9
2026-05-05 19:00:00,1.41,1.4134,1.4087,1.413,1244968.5
2026-05-05 20:00:00,1.413,1.4181,1.4124,1.4169,2756749.6
2026-05-05 21:00:00,1.4168,1.4222,1.413,1.4159,4341035.5
2026-05-05 22:00:00,1.4159,1.4214,1.41,1.4156,4408905.5
2026-05-05 23:00:00,1.4156,1.4178,1.4095,1.4126,2136034.1
2026-05-06 00:00:00,1.4126,1.415,1.4073,1.4111,2266338.6
2026-05-06 01:00:00,1.411,1.4196,1.4099,1.4183,1694834.2
2026-05-06 02:00:00,1.4183,1.4185,1.4105,1.4164,1686140.9
2026-05-06 03:00:00,1.4164,1.4244,1.4162,1.4222,3763538.2
2026-05-06 04:00:00,1.4222,1.4249,1.4176,1.4198,4377462.1
2026-05-06 05:00:00,1.4197,1.4232,1.4142,1.4224,4429978.4
2026-05-06 06:00:00,1.4224,1.4274,1.421,1.4261,4181765.9
2026-05-06 07:00:00,1.4261,1.4355,1.4245,1.4311,5906861.8
2026-05-06 08:00:00,1.4311,1.4433,1.4298,1.4429,5230068.8
2026-05-06 09:00:00,1.4429,1.4509,1.438,1.4491,7201881.3
2026-05-06 10:00:00,1.4492,1.454,1.4469,1.4512,4713476.4
2026-05-06 11:00:00,1.4511,1.4573,1.4482,1.451,5967881.4
2026-05-06 12:00:00,1.4509,1.4524,1.4446,1.4451,4943034.8
2026-05-06 13:00:00,1.4451,1.4451,1.4183,1.4226,14382611.3
2026-05-06 14:00:00,1.4226,1.4299,1.4133,1.4233,7123098.9
2026-05-06 15:00:00,1.4233,1.4327,1.4216,1.4301,3110122.0
2026-05-06 16:00:00,1.43,1.4347,1.4241,1.4293,4202795.2
2026-05-06 17:00:00,1.4293,1.431,1.4243,1.4261,2049757.3
2026-05-06 18:00:00,1.4261,1.4273,1.4214,1.4228,1311986.5
2026-05-06 19:00:00,1.4228,1.4291,1.4227,1.4279,2326623.6
2026-05-06 20:00:00,1.428,1.429,1.4215,1.4249,1350647.7
2026-05-06 21:00:00,1.4248,1.4287,1.4221,1.4267,996972.1
2026-05-06 22:00:00,1.4267,1.4272,1.4218,1.422,1835206.9
2026-05-06 23:00:00,1.4221,1.4253,1.4166,1.4249,2142180.6
2026-05-07 00:00:00,1.4249,1.4258,1.4169,1.418,2245313.6
2026-05-07 01:00:00,1.4179,1.4199,1.4128,1.4156,3589037.0
2026-05-07 02:00:00,1.4156,1.4161,1.41,1.4121,3330433.8
2026-05-07 03:00:00,1.412,1.412,1.4035,1.4052,4651604.2
2026-05-07 04:00:00,1.4052,1.41,1.4042,1.4078,3530268.1
2026-05-07 05:00:00,1.4078,1.4145,1.4076,1.411,4693725.1
2026-05-07 06:00:00,1.411,1.4165,1.405,1.416,4890300.8
2026-05-07 07:00:00,1.4159,1.4215,1.4148,1.4199,3374288.1
2026-05-07 08:00:00,1.4198,1.421,1.4157,1.4163,1956887.8
2026-05-07 09:00:00,1.4163,1.4163,1.4105,1.4115,2825046.6
2026-05-07 10:00:00,1.4116,1.4146,1.4068,1.4099,3993220.6
2026-05-07 11:00:00,1.41,1.4134,1.4085,1.4096,1805998.3
2026-05-07 12:00:00,1.4096,1.415,1.4091,1.4148,2757232.2
2026-05-07 13:00:00,1.4147,1.4147,1.397,1.4018,5945227.7
2026-05-07 14:00:00,1.4018,1.4038,1.3912,1.3934,5813489.6
2026-05-07 15:00:00,1.3934,1.3948,1.3831,1.3907,6698428.9
2026-05-07 16:00:00,1.3906,1.3928,1.3868,1.3889,4056590.5
2026-05-07 17:00:00,1.3889,1.3933,1.3843,1.3919,3205174.0
2026-05-07 18:00:00,1.3918,1.3963,1.389,1.3925,2407898.0
2026-05-07 19:00:00,1.3925,1.3925,1.3856,1.3861,2634699.1
2026-05-07 20:00:00,1.3862,1.3932,1.3819,1.3826,2781581.1
2026-05-07 21:00:00,1.3826,1.3871,1.3802,1.3838,2185769.9
2026-05-07 22:00:00,1.3838,1.3869,1.3804,1.3849,2187178.0
2026-05-07 23:00:00,1.3848,1.3879,1.3843,1.3869,1270993.5
2026-05-08 00:00:00,1.3869,1.3898,1.3842,1.3855,1592737.2
2026-05-08 01:00:00,1.3856,1.3869,1.3824,1.3858,1243536.2
2026-05-08 02:00:00,1.3858,1.3861,1.3797,1.3834,2287527.0
2026-05-08 03:00:00,1.3834,1.3875,1.3795,1.3853,1572946.5
2026-05-08 04:00:00,1.3853,1.387,1.3837,1.3861,1210424.2
2026-05-08 05:00:00,1.3861,1.3877,1.3834,1.3834,1417637.9
2026-05-08 06:00:00,1.3834,1.3835,1.3778,1.3817,3932618.7
2026-05-08 07:00:00,1.3818,1.3849,1.3787,1.384,1878732.3
2026-05-08 08:00:00,1.384,1.3903,1.382,1.3881,2822003.0
2026-05-08 09:00:00,1.3881,1.3914,1.3857,1.3871,2085189.8
2026-05-08 10:00:00,1.387,1.3919,1.3849,1.3896,2253121.5
2026-05-08 11:00:00,1.3896,1.3925,1.389,1.3913,1966560.4
2026-05-08 12:00:00,1.3913,1.394,1.3864,1.3878,3318618.0
2026-05-08 13:00:00,1.3878,1.3885,1.3836,1.387,2600479.6
2026-05-08 14:00:00,1.3871,1.3967,1.3871,1.3931,3737095.8
2026-05-08 15:00:00,1.3931,1.3983,1.3855,1.3973,3255684.3
2026-05-08 16:00:00,1.3973,1.3977,1.3927,1.3944,2596945.3
2026-05-08 17:00:00,1.3945,1.4106,1.3941,1.4087,5132518.1
2026-05-08 18:00:00,1.4088,1.4244,1.4088,1.4191,6159830.1
2026-05-08 19:00:00,1.4191,1.427,1.4165,1.4188,4426797.0
2026-05-08 20:00:00,1.4188,1.419,1.4111,1.4121,3468951.5
2026-05-08 21:00:00,1.4122,1.4219,1.412,1.4217,2304041.5
2026-05-08 22:00:00,1.4217,1.4238,1.417,1.4185,3807679.9
2026-05-08 23:00:00,1.4185,1.4192,1.4155,1.4182,1449527.6
2026-05-09 00:00:00,1.4182,1.4252,1.418,1.4248,2309945.7
2026-05-09 01:00:00,1.4248,1.435,1.4245,1.4324,7811545.3
2026-05-09 02:00:00,1.4325,1.4342,1.4276,1.431,3390215.4
2026-05-09 03:00:00,1.431,1.4326,1.4267,1.4289,2031556.7
2026-05-09 04:00:00,1.4288,1.4345,1.4272,1.428,2998279.9
2026-05-09 05:00:00,1.428,1.4314,1.4251,1.4266,3020039.8
2026-05-09 06:00:00,1.4266,1.4275,1.4228,1.4257,2532662.3
2026-05-09 07:00:00,1.4257,1.428,1.4223,1.4238,5925204.7
2026-05-09 08:00:00,1.4238,1.4256,1.4233,1.4244,1894561.5
2026-05-09 09:00:00,1.4243,1.4255,1.418,1.4193,2718409.9
2026-05-09 10:00:00,1.4194,1.4227,1.4173,1.4211,1199933.1
2026-05-09 11:00:00,1.4211,1.4228,1.4204,1.422,906033.7
2026-05-09 12:00:00,1.422,1.4228,1.4194,1.4206,1572440.0
2026-05-09 13:00:00,1.4206,1.4206,1.4164,1.4199,1186877.6
2026-05-09 14:00:00,1.4199,1.4211,1.4151,1.4156,4549729.9
2026-05-09 15:00:00,1.4155,1.4162,1.4118,1.4144,2530048.9
2026-05-09 16:00:00,1.4145,1.42,1.4113,1.4173,3321130.9
2026-05-09 17:00:00,1.4172,1.4239,1.4172,1.4211,1998464.7
2026-05-09 18:00:00,1.421,1.425,1.4202,1.4222,1291736.9
2026-05-09 19:00:00,1.4223,1.4243,1.4211,1.424,991039.1
2026-05-09 20:00:00,1.4241,1.4242,1.4203,1.4214,1212614.1
2026-05-09 21:00:00,1.4215,1.4236,1.4209,1.4223,917927.3
2026-05-09 22:00:00,1.4224,1.425,1.4212,1.4232,722904.3
2026-05-09 23:00:00,1.4233,1.4252,1.4192,1.4205,759259.6
2026-05-10 00:00:00,1.4205,1.4225,1.4158,1.4166,1596134.7
2026-05-10 01:00:00,1.4167,1.4169,1.4119,1.4147,1299754.4
2026-05-10 02:00:00,1.4147,1.4224,1.4131,1.4173,4743429.8
2026-05-10 03:00:00,1.4173,1.4205,1.4144,1.4172,3464382.0
2026-05-10 04:00:00,1.4172,1.4192,1.4155,1.4179,747797.9
2026-05-10 05:00:00,1.418,1.42,1.4163,1.418,1007620.1
2026-05-10 06:00:00,1.418,1.4188,1.4157,1.4187,1016744.4
2026-05-10 07:00:00,1.4187,1.4217,1.4173,1.4202,1080531.2
2026-05-10 08:00:00,1.4201,1.4278,1.4194,1.4272,2601614.7
2026-05-10 09:00:00,1.4271,1.4288,1.4236,1.4283,3577014.4
2026-05-10 10:00:00,1.4284,1.4309,1.4244,1.4274,4198844.5
2026-05-10 11:00:00,1.4274,1.4275,1.4184,1.4232,3589582.6
2026-05-10 12:00:00,1.4232,1.4242,1.4211,1.4242,1065591.8
2026-05-10 13:00:00,1.4241,1.4339,1.4232,1.4323,3767050.2
2026-05-10 14:00:00,1.4322,1.4373,1.4292,1.4352,4129816.3
2026-05-10 15:00:00,1.4351,1.445,1.4335,1.4442,5602526.6
2026-05-10 16:00:00,1.4443,1.479,1.4429,1.4721,22566699.2
2026-05-10 17:00:00,1.472,1.5082,1.472,1.5045,24277652.9
2026-05-10 18:00:00,1.5045,1.5063,1.4849,1.4863,15288036.3
2026-05-10 19:00:00,1.4863,1.4911,1.4755,1.4867,9505198.8
2026-05-10 20:00:00,1.4868,1.4897,1.4371,1.45,19202440.2
2026-05-10 21:00:00,1.45,1.464,1.444,1.455,7270411.1
2026-05-10 22:00:00,1.455,1.475,1.4528,1.4736,8961401.4
2026-05-10 23:00:00,1.4737,1.4772,1.4696,1.4734,5535036.7
2026-05-11 00:00:00,1.4735,1.478,1.4526,1.4579,8124126.1
2026-05-11 01:00:00,1.4579,1.4688,1.4523,1.4606,5964692.5
2026-05-11 02:00:00,1.4606,1.4625,1.4494,1.4537,5462908.6
2026-05-11 03:00:00,1.4538,1.4541,1.4399,1.4487,9877697.0
2026-05-11 04:00:00,1.4486,1.4566,1.445,1.4481,6416068.6
2026-05-11 05:00:00,1.4481,1.4567,1.4478,1.4553,3669938.6
2026-05-11 06:00:00,1.4552,1.4591,1.4506,1.4535,2428376.1
2026-05-11 07:00:00,1.4535,1.4539,1.4424,1.4494,6028249.5
2026-05-11 08:00:00,1.4494,1.451,1.4418,1.4457,5208413.6
2026-05-11 09:00:00,1.4456,1.4543,1.4456,1.4515,2559680.3
2026-05-11 10:00:00,1.4515,1.4545,1.4494,1.4509,3192246.4
2026-05-11 11:00:00,1.4509,1.4581,1.4476,1.4579,2579255.5
2026-05-11 12:00:00,1.4578,1.4638,1.4543,1.4582,4894175.7
2026-05-11 13:00:00,1.4583,1.4652,1.4525,1.46,4103483.2
2026-05-11 14:00:00,1.46,1.4727,1.4557,1.4714,7002954.1
2026-05-11 15:00:00,1.4715,1.4886,1.4669,1.4848,8777524.4
2026-05-11 16:00:00,1.4849,1.4875,1.4716,1.474,5910199.9
2026-05-11 17:00:00,1.4741,1.4811,1.4662,1.4799,4790837.7
2026-05-11 18:00:00,1.4798,1.4813,1.4702,1.4704,4356617.7
2026-05-11 19:00:00,1.4703,1.4809,1.4673,1.4796,4130542.0
2026-05-11 20:00:00,1.4795,1.4828,1.4725,1.4731,4319594.8
2026-05-11 21:00:00,1.4731,1.4751,1.4695,1.47,2546655.1
2026-05-11 22:00:00,1.47,1.4774,1.4685,1.4753,2528965.5
2026-05-11 23:00:00,1.4753,1.4806,1.4712,1.4776,3550073.6
2026-05-12 00:00:00,1.4777,1.4848,1.476,1.4799,3563898.5
2026-05-12 01:00:00,1.4799,1.482,1.4566,1.4671,6367266.9
2026-05-12 02:00:00,1.4671,1.4709,1.4606,1.4646,3024211.8
2026-05-12 03:00:00,1.4646,1.4655,1.4584,1.4597,2941575.3
2026-05-12 04:00:00,1.4598,1.4663,1.457,1.4628,3405886.4
2026-05-12 05:00:00,1.4627,1.4693,1.46,1.462,4899411.9
2026-05-12 06:00:00,1.462,1.4671,1.4556,1.4587,4203641.1
2026-05-12 07:00:00,1.4586,1.4653,1.4544,1.4628,3275605.0
2026-05-12 08:00:00,1.4629,1.4714,1.4598,1.4651,5802166.9
2026-05-12 09:00:00,1.4651,1.4651,1.4548,1.4556,4629368.3
2026-05-12 10:00:00,1.4557,1.4582,1.4472,1.4496,5088127.0
2026-05-12 11:00:00,1.4497,1.4519,1.444,1.449,4451373.2
2026-05-12 12:00:00,1.4491,1.4557,1.4463,1.4506,4979686.8
2026-05-12 13:00:00,1.4507,1.4526,1.4331,1.4345,7173190.0
2026-05-12 14:00:00,1.4345,1.4407,1.4245,1.4281,7788320.5
2026-05-12 15:00:00,1.428,1.4318,1.4183,1.424,7922784.3
2026-05-12 16:00:00,1.424,1.4292,1.4195,1.4225,4475508.8
2026-05-12 17:00:00,1.4225,1.435,1.4224,1.4339,4271445.4
2026-05-12 18:00:00,1.434,1.4384,1.4317,1.4362,2492443.2
2026-05-12 19:00:00,1.4363,1.4429,1.4362,1.4411,3600178.7
2026-05-12 20:00:00,1.441,1.4431,1.4388,1.441,2339349.5
2026-05-12 21:00:00,1.441,1.4414,1.4381,1.4407,2625495.4
2026-05-12 22:00:00,1.4407,1.4444,1.4396,1.4397,3455533.2
2026-05-12 23:00:00,1.4397,1.4407,1.4333,1.437,2777545.4
2026-05-13 00:00:00,1.437,1.4403,1.4349,1.4393,3956613.7
2026-05-13 01:00:00,1.4394,1.4517,1.4385,1.4489,5232583.8
2026-05-13 02:00:00,1.4488,1.4536,1.4471,1.4484,3107591.3
2026-05-13 03:00:00,1.4484,1.4529,1.4471,1.4522,2516226.9
2026-05-13 04:00:00,1.4521,1.4636,1.45,1.4624,5979612.6
2026-05-13 05:00:00,1.4624,1.4649,1.4543,1.4545,4687244.0
2026-05-13 06:00:00,1.4545,1.4611,1.4527,1.4543,6253651.5
2026-05-13 07:00:00,1.4542,1.4642,1.4542,1.4622,4885452.5
2026-05-13 08:00:00,1.4623,1.4658,1.4585,1.4629,4538685.2
2026-05-13 09:00:00,1.4629,1.4693,1.4622,1.4683,5071620.4
2026-05-13 10:00:00,1.4683,1.4693,1.4564,1.458,3672459.7
2026-05-13 11:00:00,1.4579,1.4597,1.4471,1.4484,5532836.1
2026-05-13 12:00:00,1.4483,1.4496,1.4256,1.4337,9633223.9
2026-05-13 13:00:00,1.4336,1.4392,1.423,1.427,8565142.7
2026-05-13 14:00:00,1.427,1.4312,1.4213,1.4288,6814493.9
2026-05-13 15:00:00,1.4287,1.4324,1.4112,1.4131,9794964.6
2026-05-13 16:00:00,1.4132,1.4246,1.4122,1.4233,7746136.3
2026-05-13 17:00:00,1.4233,1.4307,1.4233,1.4293,4440461.5
2026-05-13 18:00:00,1.4293,1.434,1.4264,1.4266,4331727.5
2026-05-13 19:00:00,1.4266,1.427,1.4172,1.419,3476337.3
2026-05-13 20:00:00,1.4191,1.4261,1.4189,1.4253,2862759.9
2026-05-13 21:00:00,1.4254,1.4257,1.4172,1.4185,3743545.6
2026-05-13 22:00:00,1.4186,1.4241,1.4155,1.4231,5227490.4
2026-05-13 23:00:00,1.4232,1.4278,1.421,1.4273,3646505.8
2026-05-14 00:00:00,1.4272,1.4335,1.4264,1.4319,5231408.8
2026-05-14 01:00:00,1.4318,1.4352,1.4265,1.4325,5400807.7
2026-05-14 02:00:00,1.4326,1.4342,1.4233,1.4259,2469746.8
2026-05-14 03:00:00,1.4259,1.4304,1.4208,1.4222,3215658.2
2026-05-14 04:00:00,1.4222,1.432,1.4209,1.4306,2725523.8
2026-05-14 05:00:00,1.4305,1.4397,1.4294,1.4358,2404769.3
2026-05-14 06:00:00,1.4358,1.4367,1.4271,1.4347,3519657.3
2026-05-14 07:00:00,1.4347,1.4372,1.4305,1.4324,4752686.8
2026-05-14 08:00:00,1.4325,1.4369,1.4296,1.4346,1997484.7
2026-05-14 09:00:00,1.4347,1.436,1.4273,1.4296,2397534.7
2026-05-14 10:00:00,1.4296,1.4375,1.4281,1.4366,2381789.7
2026-05-14 11:00:00,1.4366,1.4392,1.4319,1.4325,2299800.9
2026-05-14 12:00:00,1.4325,1.452,1.4317,1.4482,5659865.5
2026-05-14 13:00:00,1.4483,1.46,1.4413,1.4423,8612167.6
2026-05-14 14:00:00,1.4422,1.4745,1.4388,1.471,14517018.4
2026-05-14 15:00:00,1.471,1.4744,1.4609,1.4727,11290915.2
2026-05-14 16:00:00,1.4726,1.481,1.4645,1.4803,11824322.0
2026-05-14 17:00:00,1.4803,1.5005,1.4722,1.4918,17945176.2
2026-05-14 18:00:00,1.4918,1.5452,1.4861,1.5362,33897782.2
2026-05-14 19:00:00,1.5362,1.5496,1.5111,1.517,26753246.8
2026-05-14 20:00:00,1.5171,1.5178,1.4973,1.508,16556538.1
2026-05-14 21:00:00,1.508,1.5114,1.4933,1.4978,7731255.7
2026-05-14 22:00:00,1.4978,1.5057,1.4938,1.5007,5682197.8
2026-05-14 23:00:00,1.5007,1.5007,1.4828,1.4852,4011557.7
2026-05-15 00:00:00,1.4851,1.5002,1.4848,1.4952,4061516.5
2026-05-15 01:00:00,1.4951,1.4993,1.484,1.4846,5563136.7
2026-05-15 02:00:00,1.4845,1.4924,1.476,1.4907,5455479.7
2026-05-15 03:00:00,1.4906,1.4924,1.4833,1.489,3512555.2
2026-05-15 04:00:00,1.489,1.4902,1.473,1.4734,3832702.8
2026-05-15 05:00:00,1.4734,1.4752,1.4534,1.4604,13183940.4
2026-05-15 06:00:00,1.4603,1.4729,1.4585,1.4686,6648349.1
2026-05-15 07:00:00,1.4686,1.473,1.4657,1.4696,3963007.3
2026-05-15 08:00:00,1.4696,1.4721,1.4613,1.4711,6399217.9
2026-05-15 09:00:00,1.4712,1.473,1.4615,1.4646,4823657.2
2026-05-15 10:00:00,1.4646,1.4769,1.4633,1.4749,3319587.3
2026-05-15 11:00:00,1.4748,1.4757,1.4667,1.4681,2443476.9
2026-05-15 12:00:00,1.4681,1.4692,1.4586,1.4597,4896145.9
2026-05-15 13:00:00,1.4597,1.4597,1.429,1.4322,18669416.9
2026-05-15 14:00:00,1.4323,1.4411,1.4275,1.4394,10532809.4
2026-05-15 15:00:00,1.4393,1.4409,1.43,1.4352,4705305.0
2026-05-15 16:00:00,1.4351,1.4476,1.434,1.4467,5898476.4
2026-05-15 17:00:00,1.4467,1.4509,1.4458,1.4469,2989754.3
2026-05-15 18:00:00,1.4469,1.4493,1.4397,1.4408,3130768.3
2026-05-15 19:00:00,1.4407,1.4408,1.4321,1.4345,3793055.7
2026-05-15 20:00:00,1.4346,1.4375,1.4319,1.435,1861646.9
2026-05-15 21:00:00,1.4351,1.4371,1.4301,1.4304,1529972.9
2026-05-15 22:00:00,1.4304,1.4346,1.4301,1.4337,1308762.1
2026-05-15 23:00:00,1.4336,1.4357,1.4325,1.434,1028465.3
2026-05-16 00:00:00,1.434,1.4387,1.4326,1.4343,1725968.2
2026-05-16 01:00:00,1.4343,1.4386,1.4311,1.4371,1962258.7
2026-05-16 02:00:00,1.437,1.4396,1.4351,1.4367,1201085.6
2026-05-16 03:00:00,1.4367,1.4388,1.4335,1.4356,1202213.6
2026-05-16 04:00:00,1.4355,1.4366,1.418,1.4257,6893323.2
2026-05-16 05:00:00,1.4257,1.4298,1.4216,1.4251,4445122.9
2026-05-16 06:00:00,1.425,1.4265,1.4138,1.4196,4027268.9
2026-05-16 07:00:00,1.4197,1.4198,1.4046,1.4168,6995610.5
2026-05-16 08:00:00,1.4167,1.4181,1.4146,1.415,2148340.4
2026-05-16 09:00:00,1.4149,1.4159,1.4015,1.4022,5602990.2
2026-05-16 10:00:00,1.4023,1.4089,1.394,1.4073,9057803.5
2026-05-16 11:00:00,1.4073,1.4139,1.4068,1.4109,2888467.4
2026-05-16 12:00:00,1.4108,1.4133,1.408,1.4104,1895321.2
2026-05-16 13:00:00,1.4103,1.4155,1.4077,1.4116,3079082.9
2026-05-16 14:00:00,1.4117,1.4131,1.406,1.4096,5126974.4
2026-05-16 15:00:00,1.4095,1.415,1.4093,1.4147,2320478.4
2026-05-16 16:00:00,1.4147,1.4227,1.4135,1.4167,3838982.8
2026-05-16 17:00:00,1.4167,1.419,1.4152,1.417,1273712.2
2026-05-16 18:00:00,1.417,1.4179,1.4137,1.4157,1427411.7
2026-05-16 19:00:00,1.4157,1.4177,1.4149,1.4162,953476.8
2026-05-16 20:00:00,1.4163,1.4191,1.415,1.4158,898308.9
2026-05-16 21:00:00,1.4157,1.4166,1.4136,1.4151,1145107.3
2026-05-16 22:00:00,1.4151,1.4156,1.412,1.4139,674561.8
2026-05-16 23:00:00,1.4139,1.4159,1.4132,1.4136,759406.4
2026-05-17 00:00:00,1.4136,1.4176,1.4092,1.4114,1969875.9
2026-05-17 01:00:00,1.4115,1.4142,1.4038,1.4038,3830687.3
2026-05-17 02:00:00,1.4038,1.4113,1.4021,1.407,4796421.7
2026-05-17 03:00:00,1.407,1.4142,1.4068,1.4121,1043064.6
2026-05-17 04:00:00,1.4121,1.4174,1.4118,1.4157,1554518.0
2026-05-17 05:00:00,1.4156,1.4219,1.4155,1.4164,2102125.4
2026-05-17 06:00:00,1.4165,1.4191,1.4157,1.4175,1146998.8
2026-05-17 07:00:00,1.4175,1.4209,1.4166,1.4183,1189184.0
2026-05-17 08:00:00,1.4183,1.4202,1.4142,1.4145,1439418.4
2026-05-17 09:00:00,1.4146,1.4214,1.4129,1.4208,2699577.7
2026-05-17 10:00:00,1.4209,1.4291,1.4209,1.4244,4816869.4
2026-05-17 11:00:00,1.4244,1.4249,1.4209,1.4226,1282121.2
2026-05-17 12:00:00,1.4227,1.4267,1.4223,1.4234,1451029.5
2026-05-17 13:00:00,1.4234,1.4236,1.4165,1.4186,1762145.6
2026-05-17 14:00:00,1.4186,1.419,1.4105,1.4133,2409222.7
2026-05-17 15:00:00,1.4133,1.4149,1.41,1.4132,1586746.0
2026-05-17 16:00:00,1.4132,1.4162,1.4102,1.4116,1030781.3
2026-05-17 17:00:00,1.4117,1.4129,1.4085,1.411,1821978.6
2026-05-17 18:00:00,1.411,1.4143,1.4066,1.4143,2304527.8
2026-05-17 19:00:00,1.4143,1.4233,1.414,1.4225,2944672.7
2026-05-17 20:00:00,1.4224,1.4234,1.4176,1.4195,1218074.9
2026-05-17 21:00:00,1.4194,1.4263,1.4179,1.4232,1725953.7
2026-05-17 22:00:00,1.4232,1.4232,1.4091,1.4122,3413330.5
2026-05-17 23:00:00,1.4122,1.4147,1.3715,1.4016,18436260.5
2026-05-18 00:00:00,1.4017,1.4018,1.3885,1.3963,9713668.5
2026-05-18 01:00:00,1.3963,1.3973,1.3848,1.3941,4968370.3
2026-05-18 02:00:00,1.3941,1.4027,1.3903,1.3925,4507675.3
2026-05-18 03:00:00,1.3924,1.4004,1.3897,1.3932,3776824.4
2026-05-18 04:00:00,1.3932,1.3996,1.3873,1.395,3489541.4
2026-05-18 05:00:00,1.3949,1.3961,1.3878,1.3894,3543286.8
2026-05-18 06:00:00,1.3893,1.392,1.3764,1.3884,6575065.5
2026-05-18 07:00:00,1.3885,1.3912,1.3803,1.3867,3719230.2
2026-05-18 08:00:00,1.3867,1.3897,1.382,1.3879,1746510.0
2026-05-18 09:00:00,1.3879,1.388,1.3825,1.3829,2761044.1
2026-05-18 10:00:00,1.3829,1.3837,1.3775,1.3783,3688275.4
2026-05-18 11:00:00,1.3783,1.3966,1.3761,1.3904,4335005.8
2026-05-18 12:00:00,1.3904,1.4024,1.3903,1.399,4309184.3
2026-05-18 13:00:00,1.3991,1.3991,1.3764,1.3862,8488961.6
2026-05-18 14:00:00,1.3862,1.3862,1.3726,1.3775,6279172.6
2026-05-18 15:00:00,1.3776,1.3791,1.369,1.3766,5486501.2
2026-05-18 16:00:00,1.3767,1.3813,1.3708,1.3789,3622568.1
2026-05-18 17:00:00,1.3788,1.3837,1.3767,1.3811,2190508.5
2026-05-18 18:00:00,1.381,1.381,1.3638,1.3678,5016745.9
2026-05-18 19:00:00,1.3678,1.3912,1.3674,1.388,5680442.0
2026-05-18 20:00:00,1.3881,1.3924,1.3834,1.3848,2205722.2
2026-05-18 21:00:00,1.3848,1.396,1.3823,1.3931,1935840.4
2026-05-18 22:00:00,1.3931,1.3964,1.3886,1.3925,3373981.3
2026-05-18 23:00:00,1.3925,1.3946,1.3888,1.39,1883126.0
2026-05-19 00:00:00,1.3901,1.3977,1.3892,1.393,1869250.3
2026-05-19 01:00:00,1.393,1.393,1.3844,1.3844,2671748.3
2026-05-19 02:00:00,1.3844,1.3883,1.378,1.3794,3775095.2
2026-05-19 03:00:00,1.3794,1.3849,1.3782,1.3834,1928151.6
2026-05-19 04:00:00,1.3834,1.3876,1.3791,1.3869,2960942.2
2026-05-19 05:00:00,1.387,1.3883,1.3786,1.3832,3485549.1
2026-05-19 06:00:00,1.3832,1.3881,1.382,1.3855,1808153.6
2026-05-19 07:00:00,1.3854,1.391,1.3833,1.3887,3989093.4
2026-05-19 08:00:00,1.3887,1.3888,1.3802,1.3827,3505145.5
2026-05-19 09:00:00,1.3828,1.384,1.3706,1.3748,4967737.7
2026-05-19 10:00:00,1.3748,1.3767,1.3685,1.3744,3386336.1
2026-05-19 11:00:00,1.3745,1.377,1.3685,1.3722,3379188.9
2026-05-19 12:00:00,1.3722,1.3786,1.3706,1.3776,2831855.3
2026-05-19 13:00:00,1.3776,1.382,1.371,1.3768,4100875.9
2026-05-19 14:00:00,1.3767,1.3798,1.3607,1.3668,6083455.2
2026-05-19 15:00:00,1.3667,1.3731,1.3653,1.3672,4670106.1
2026-05-19 16:00:00,1.3672,1.3736,1.3628,1.3723,7686715.2
2026-05-19 17:00:00,1.3724,1.374,1.3622,1.3639,6887165.9
2026-05-19 18:00:00,1.3639,1.368,1.3612,1.3625,6017065.1
2026-05-19 19:00:00,1.3625,1.3664,1.3561,1.3573,8271759.9
2026-05-19 20:00:00,1.3572,1.3604,1.3558,1.3585,5718298.1
2026-05-19 21:00:00,1.3585,1.363,1.3573,1.3597,5026639.9
2026-05-19 22:00:00,1.3596,1.3596,1.3531,1.3581,2565186.9
2026-05-19 23:00:00,1.3581,1.3653,1.357,1.3616,1007408.1
2026-05-20 00:00:00,1.3616,1.3639,1.3519,1.3557,3290097.9
2026-05-20 01:00:00,1.3557,1.358,1.3477,1.3551,5416810.5
2026-05-20 02:00:00,1.3551,1.3563,1.3506,1.3521,2035865.4
2026-05-20 03:00:00,1.352,1.3585,1.3498,1.3562,1475294.2
2026-05-20 04:00:00,1.3562,1.3599,1.3535,1.3599,1328004.5
2026-05-20 05:00:00,1.3599,1.3699,1.3599,1.3681,2366542.1
2026-05-20 06:00:00,1.3681,1.3709,1.3666,1.3707,2754422.4
2026-05-20 07:00:00,1.3707,1.3736,1.3673,1.3682,2197064.1
2026-05-20 08:00:00,1.3683,1.3724,1.3657,1.3699,3179472.6
2026-05-20 09:00:00,1.3699,1.3728,1.3685,1.37,2166067.7
2026-05-20 10:00:00,1.3699,1.3754,1.3694,1.3704,2050899.1
2026-05-20 11:00:00,1.3704,1.3713,1.3641,1.3655,1927626.4
2026-05-20 12:00:00,1.3654,1.3755,1.364,1.3734,1951883.1
2026-05-20 13:00:00,1.3734,1.3743,1.3592,1.3643,4014813.9
2026-05-20 14:00:00,1.3643,1.376,1.3585,1.3732,5076247.5
2026-05-20 15:00:00,1.3732,1.3807,1.3682,1.3747,5925680.5
2026-05-20 16:00:00,1.3748,1.3776,1.3661,1.3751,4499224.2
2026-05-20 17:00:00,1.3751,1.3803,1.371,1.3753,4394762.3
2026-05-20 18:00:00,1.3753,1.376,1.365,1.3675,4213856.0
2026-05-20 19:00:00,1.3674,1.373,1.3653,1.3726,2162442.3
2026-05-20 20:00:00,1.3726,1.3728,1.3641,1.3702,2373305.1
2026-05-20 21:00:00,1.3702,1.3718,1.3667,1.3668,1047773.6
2026-05-20 22:00:00,1.3667,1.3681,1.3604,1.366,2078746.8
2026-05-20 23:00:00,1.3659,1.3675,1.3629,1.3672,982512.5
2026-05-21 00:00:00,1.3672,1.378,1.3665,1.3762,2802134.5
2026-05-21 01:00:00,1.3762,1.3814,1.3756,1.3784,2089821.3
2026-05-21 02:00:00,1.3785,1.386,1.3777,1.3813,2547746.7
2026-05-21 03:00:00,1.3814,1.3847,1.3802,1.3842,1907905.6
2026-05-21 04:00:00,1.3843,1.3856,1.3812,1.3819,2477315.1
2026-05-21 05:00:00,1.382,1.3835,1.372,1.3746,4241882.1
2026-05-21 06:00:00,1.3746,1.3763,1.3693,1.3708,3370084.8
2026-05-21 07:00:00,1.3708,1.3772,1.3696,1.376,1952340.5
2026-05-21 08:00:00,1.376,1.3858,1.376,1.3803,5074018.3
2026-05-21 09:00:00,1.3803,1.3821,1.3739,1.3742,1944406.2
2026-05-21 10:00:00,1.3742,1.3749,1.3638,1.3663,6347917.8
2026-05-21 11:00:00,1.3663,1.3695,1.3635,1.3636,2985739.8
2026-05-21 12:00:00,1.3637,1.3667,1.3617,1.3651,2548353.5
2026-05-21 13:00:00,1.3651,1.3687,1.3547,1.3618,6033302.7
2026-05-21 14:00:00,1.3618,1.364,1.3512,1.357,4714218.8
2026-05-21 15:00:00,1.357,1.3658,1.3558,1.3615,3204398.6
2026-05-21 16:00:00,1.3615,1.365,1.3571,1.3613,2228208.6
2026-05-21 17:00:00,1.3614,1.3862,1.3614,1.3812,9115430.4
2026-05-21 18:00:00,1.3812,1.3826,1.3667,1.3713,4625550.7
2026-05-21 19:00:00,1.3713,1.3816,1.3708,1.3796,2551953.4
2026-05-21 20:00:00,1.3797,1.3811,1.3763,1.3772,1187740.4
2026-05-21 21:00:00,1.3773,1.3789,1.3755,1.376,1157688.5
2026-05-21 22:00:00,1.376,1.3767,1.371,1.3727,1172305.3
2026-05-21 23:00:00,1.3726,1.3751,1.3693,1.3739,1640283.9
2026-05-22 00:00:00,1.3739,1.3744,1.3672,1.3681,1805194.1
2026-05-22 01:00:00,1.3681,1.3719,1.3651,1.371,2141200.3
2026-05-22 02:00:00,1.371,1.3755,1.3697,1.3731,3167121.8
2026-05-22 03:00:00,1.3732,1.3747,1.3709,1.3721,2450692.0
2026-05-22 04:00:00,1.3722,1.376,1.3682,1.3704,2809600.6
2026-05-22 05:00:00,1.3703,1.3731,1.3675,1.3682,3970418.8
2026-05-22 06:00:00,1.3682,1.3699,1.3603,1.3606,5624316.9
2026-05-22 07:00:00,1.3607,1.3681,1.3567,1.3652,4258544.2
2026-05-22 08:00:00,1.3652,1.3685,1.3611,1.3628,3010426.6
2026-05-22 09:00:00,1.3628,1.3654,1.3591,1.3601,2179001.5
2026-05-22 10:00:00,1.36,1.3621,1.3575,1.3598,2961481.4
2026-05-22 11:00:00,1.3599,1.3619,1.3551,1.3616,3911953.4
2026-05-22 12:00:00,1.3616,1.3661,1.3604,1.366,3865201.6
2026-05-22 13:00:00,1.3661,1.3705,1.3577,1.3626,5358435.3
2026-05-22 14:00:00,1.3626,1.3626,1.35,1.3521,6609038.9
2026-05-22 15:00:00,1.3521,1.3579,1.3477,1.3534,4325133.9
2026-05-22 16:00:00,1.3534,1.3559,1.3507,1.3547,2856117.1
2026-05-22 17:00:00,1.3547,1.3595,1.351,1.3535,2551226.8
2026-05-22 18:00:00,1.3534,1.3558,1.3344,1.35,9745304.9
2026-05-22 19:00:00,1.35,1.3524,1.3348,1.3386,6599427.5
2026-05-22 20:00:00,1.3387,1.3429,1.3356,1.342,3564937.2
2026-05-22 21:00:00,1.3419,1.344,1.3403,1.3426,1574917.7
2026-05-22 22:00:00,1.3427,1.3442,1.338,1.3405,1427927.0
2026-05-22 23:00:00,1.3405,1.343,1.33,1.3345,5079682.7
2026-05-23 00:00:00,1.3346,1.3361,1.3272,1.3346,5438261.1
2026-05-23 01:00:00,1.3347,1.3391,1.3337,1.3375,1528688.2
2026-05-23 02:00:00,1.3375,1.3405,1.3366,1.3399,1353713.0
2026-05-23 03:00:00,1.3398,1.3424,1.3396,1.3411,1021543.5
2026-05-23 04:00:00,1.3411,1.3412,1.335,1.3363,1463494.5
2026-05-23 05:00:00,1.3364,1.3367,1.3294,1.3313,1936465.3
2026-05-23 06:00:00,1.3313,1.3357,1.3286,1.3331,2339593.4
2026-05-23 07:00:00,1.3331,1.3338,1.3019,1.3122,17071733.0
2026-05-23 08:00:00,1.3123,1.3186,1.3071,1.3107,11235869.0
2026-05-23 09:00:00,1.3107,1.3182,1.31,1.3173,5031848.2
2026-05-23 10:00:00,1.3173,1.3242,1.3171,1.3225,3111796.3
2026-05-23 11:00:00,1.3226,1.3264,1.3212,1.3247,2350112.9
2026-05-23 12:00:00,1.3246,1.3277,1.3241,1.3265,1892744.0
2026-05-23 13:00:00,1.3265,1.337,1.3265,1.3332,5180029.8
2026-05-23 14:00:00,1.3332,1.3412,1.3315,1.3399,5745554.7
2026-05-23 15:00:00,1.3399,1.3421,1.3353,1.3359,5052189.7
2026-05-23 16:00:00,1.3359,1.3392,1.3342,1.3379,4177016.0
2026-05-23 17:00:00,1.3379,1.3394,1.3357,1.3385,1096860.4
2026-05-23 18:00:00,1.3386,1.3506,1.3385,1.3453,4221463.0
2026-05-23 19:00:00,1.3454,1.3474,1.3427,1.347,1392473.4
2026-05-23 20:00:00,1.347,1.372,1.3451,1.3719,8042373.5
2026-05-23 21:00:00,1.372,1.3762,1.3537,1.3598,6391694.5
2026-05-23 22:00:00,1.3599,1.3637,1.3529,1.3588,3535051.7
2026-05-23 23:00:00,1.3587,1.3616,1.3571,1.3583,2349721.4
2026-05-24 00:00:00,1.3584,1.3639,1.3571,1.3619,1643750.1
2026-05-24 01:00:00,1.3619,1.3633,1.3593,1.3605,1594442.7
2026-05-24 02:00:00,1.3606,1.3625,1.3584,1.3612,1892562.5
2026-05-24 03:00:00,1.3611,1.3634,1.3596,1.3607,1216210.1
2026-05-24 04:00:00,1.3608,1.3618,1.3592,1.361,1014532.7
2026-05-24 05:00:00,1.3611,1.3613,1.355,1.3595,1546230.5
2026-05-24 06:00:00,1.3595,1.3632,1.3573,1.3628,1378137.4
2026-05-24 07:00:00,1.3628,1.3648,1.3589,1.3595,1389008.8
2026-05-24 08:00:00,1.3596,1.3612,1.3575,1.361,1151575.4
2026-05-24 09:00:00,1.361,1.3666,1.3605,1.3648,3355837.5
2026-05-24 10:00:00,1.3648,1.371,1.3628,1.3635,3952757.3
2026-05-24 11:00:00,1.3635,1.3698,1.3621,1.3651,6120067.7
2026-05-24 12:00:00,1.3652,1.3655,1.3608,1.3627,2225147.8
2026-05-24 13:00:00,1.3628,1.3638,1.3567,1.3589,2098783.0
2026-05-24 14:00:00,1.359,1.3596,1.339,1.3498,5651019.0
2026-05-24 15:00:00,1.3499,1.3513,1.3482,1.3484,1338463.1
2026-05-24 16:00:00,1.3484,1.3527,1.3472,1.3509,1568462.5
2026-05-24 17:00:00,1.3509,1.3546,1.3506,1.3532,1016962.8
2026-05-24 18:00:00,1.3533,1.3535,1.3476,1.3486,1498032.6
2026-05-24 19:00:00,1.3486,1.3506,1.3461,1.3493,713593.7
2026-05-24 20:00:00,1.3493,1.3497,1.3432,1.3448,2034625.9
2026-05-24 21:00:00,1.3448,1.3472,1.3326,1.3358,2961016.3
2026-05-24 22:00:00,1.3359,1.3514,1.3359,1.3478,3821801.6
2026-05-24 23:00:00,1.3479,1.3541,1.3479,1.351,1452095.0
2026-05-25 00:00:00,1.351,1.3558,1.351,1.352,2227749.7
2026-05-25 01:00:00,1.3521,1.3556,1.3471,1.3473,1848720.6
2026-05-25 02:00:00,1.3474,1.3567,1.3469,1.3473,2489100.0
2026-05-25 03:00:00,1.3473,1.3487,1.3435,1.3468,2433870.9
2026-05-25 04:00:00,1.3468,1.3566,1.345,1.3553,3657225.1
2026-05-25 05:00:00,1.3553,1.3611,1.354,1.3582,4069233.5
2026-05-25 06:00:00,1.3582,1.3609,1.3541,1.3582,2508094.4
2026-05-25 07:00:00,1.3583,1.361,1.3526,1.3589,4010925.0
2026-05-25 08:00:00,1.3589,1.3656,1.3567,1.3592,7061195.2
2026-05-25 09:00:00,1.3592,1.3632,1.3569,1.361,3737735.6
2026-05-25 10:00:00,1.361,1.3617,1.3592,1.3606,2151204.2
2026-05-25 11:00:00,1.3606,1.3614,1.3573,1.3577,2094347.4
2026-05-25 12:00:00,1.3577,1.3595,1.3564,1.3574,1913233.5
2026-05-25 13:00:00,1.3573,1.359,1.3556,1.3583,1575619.2
2026-05-25 14:00:00,1.3582,1.3627,1.3577,1.3615,2931942.5
2026-05-25 15:00:00,1.3614,1.3657,1.3576,1.3588,2205576.7
2026-05-25 16:00:00,1.3589,1.3639,1.3574,1.3627,1432055.0
2026-05-25 17:00:00,1.3627,1.364,1.3602,1.3613,1046052.8
2026-05-25 18:00:00,1.3613,1.3633,1.3587,1.3587,506766.7
2026-05-25 19:00:00,1.3588,1.3588,1.3545,1.3571,1276170.3
2026-05-25 20:00:00,1.357,1.3596,1.3523,1.3546,1397482.2
2026-05-25 21:00:00,1.3546,1.3568,1.354,1.3547,794913.8
2026-05-25 22:00:00,1.3547,1.356,1.3466,1.3489,2613001.3
2026-05-25 23:00:00,1.3489,1.3519,1.3472,1.3503,1661351.2
2026-05-26 00:00:00,1.3503,1.3512,1.3352,1.3422,3251496.2
2026-05-26 01:00:00,1.3421,1.3448,1.3374,1.3396,3316195.9
2026-05-26 02:00:00,1.3396,1.3404,1.3357,1.3372,3036455.2
2026-05-26 03:00:00,1.3372,1.3408,1.3342,1.3402,3116859.2
2026-05-26 04:00:00,1.3402,1.3464,1.3399,1.3454,1793359.6
2026-05-26 05:00:00,1.3454,1.3507,1.3445,1.3479,1934538.2
2026-05-26 06:00:00,1.3479,1.3498,1.3448,1.3485,1831093.2
2026-05-26 07:00:00,1.3486,1.349,1.3393,1.3405,2484972.5
2026-05-26 08:00:00,1.3405,1.3439,1.3397,1.3408,2106312.4
2026-05-26 09:00:00,1.3408,1.3435,1.3395,1.3419,2128872.9
2026-05-26 10:00:00,1.3419,1.3595,1.3402,1.3566,4230145.7
2026-05-26 11:00:00,1.3567,1.3577,1.3514,1.3521,3303638.5
2026-05-26 12:00:00,1.352,1.3559,1.3477,1.3552,1922641.6
2026-05-26 13:00:00,1.3553,1.3604,1.3482,1.3558,2814071.6
2026-05-26 14:00:00,1.3559,1.3656,1.3475,1.3524,5263115.2
2026-05-26 15:00:00,1.3524,1.3538,1.3396,1.3451,4086863.9
2026-05-26 16:00:00,1.3452,1.3458,1.3383,1.3411,3209231.4
2026-05-26 17:00:00,1.3411,1.3436,1.3273,1.3332,6790305.6
2026-05-26 18:00:00,1.3332,1.3389,1.3289,1.3301,1947622.9
2026-05-26 19:00:00,1.3301,1.3349,1.3273,1.3325,2666649.7
2026-05-26 20:00:00,1.3325,1.3343,1.3311,1.3335,1195300.3
2026-05-26 21:00:00,1.3335,1.3347,1.3286,1.3316,1636456.0
2026-05-26 22:00:00,1.3317,1.3339,1.3288,1.33,1975375.2
2026-05-26 23:00:00,1.33,1.3318,1.329,1.3292,1311385.0
2026-05-27 00:00:00,1.3293,1.3328,1.3288,1.3325,2309813.0
2026-05-27 01:00:00,1.3324,1.3331,1.3294,1.3306,1185236.1
2026-05-27 02:00:00,1.3307,1.3312,1.3264,1.3311,2395404.3
2026-05-27 03:00:00,1.3311,1.3331,1.3265,1.3276,2576556.4
2026-05-27 04:00:00,1.3276,1.3315,1.3216,1.331,3045304.4
2026-05-27 05:00:00,1.331,1.3328,1.3298,1.3313,2002483.7
2026-05-27 06:00:00,1.3313,1.337,1.3304,1.3359,1546378.2
2026-05-27 07:00:00,1.3359,1.3371,1.3302,1.3319,1798823.3
2026-05-27 08:00:00,1.3319,1.3379,1.33,1.3355,4071379.8
2026-05-27 09:00:00,1.3354,1.3373,1.3282,1.3293,6584096.7
2026-05-27 10:00:00,1.3292,1.3347,1.3292,1.3304,3610009.1
2026-05-27 11:00:00,1.3304,1.3343,1.3289,1.3297,1223568.6
2026-05-27 12:00:00,1.3298,1.3408,1.325,1.3319,3015891.2
2026-05-27 13:00:00,1.332,1.3333,1.3187,1.3241,4775901.7
2026-05-27 14:00:00,1.3242,1.3309,1.3189,1.3305,4445462.8
2026-05-27 15:00:00,1.3304,1.3437,1.3299,1.3363,4153610.4
2026-05-27 16:00:00,1.3364,1.3389,1.3281,1.332,2980660.8
2026-05-27 17:00:00,1.3321,1.3324,1.3175,1.3205,4353940.1
2026-05-27 18:00:00,1.3204,1.3272,1.3176,1.3267,2054304.7
2026-05-27 19:00:00,1.3267,1.3341,1.3267,1.3307,3195121.8
2026-05-27 20:00:00,1.3307,1.3348,1.3273,1.3307,1977957.8
2026-05-27 21:00:00,1.3308,1.3327,1.3114,1.3161,4986889.9
2026-05-27 22:00:00,1.3161,1.3208,1.3102,1.3109,4076561.5
2026-05-27 23:00:00,1.3108,1.3123,1.3033,1.3076,5379012.8
2026-05-28 00:00:00,1.3076,1.3114,1.306,1.3098,2636008.8
2026-05-28 01:00:00,1.3097,1.3104,1.2979,1.3031,5402454.6
2026-05-28 02:00:00,1.3032,1.306,1.3004,1.3014,3502183.7
2026-05-28 03:00:00,1.3015,1.3036,1.2752,1.279,14356816.9
2026-05-28 04:00:00,1.279,1.2844,1.2677,1.2843,13323232.2
2026-05-28 05:00:00,1.2844,1.2862,1.278,1.2838,3641444.3
2026-05-28 06:00:00,1.2838,1.2898,1.2808,1.2876,5053175.9
2026-05-28 07:00:00,1.2875,1.2936,1.2872,1.2934,3576312.9
2026-05-28 08:00:00,1.2934,1.2937,1.2868,1.2889,2059195.6
2026-05-28 09:00:00,1.2889,1.2938,1.2875,1.293,1464894.2
2026-05-28 10:00:00,1.2929,1.2963,1.2881,1.2886,2813892.9
2026-05-28 11:00:00,1.2886,1.2907,1.2861,1.2877,2655134.7
2026-05-28 12:00:00,1.2876,1.295,1.2838,1.2947,3697894.6
2026-05-28 13:00:00,1.2948,1.2997,1.2895,1.2966,7471003.2
2026-05-28 14:00:00,1.2965,1.3107,1.2864,1.302,9664683.0
2026-05-28 15:00:00,1.3021,1.3148,1.2945,1.3124,5129796.5
2026-05-28 16:00:00,1.3124,1.3295,1.307,1.3238,7258427.0
2026-05-28 17:00:00,1.3238,1.33,1.319,1.3262,4159896.4
2026-05-28 18:00:00,1.3261,1.3385,1.3256,1.3344,5362216.8
2026-05-28 19:00:00,1.3345,1.3345,1.3157,1.3161,2995148.2
2026-05-28 20:00:00,1.316,1.3249,1.3104,1.3205,2871975.8
2026-05-28 21:00:00,1.3205,1.3234,1.3169,1.32,2186952.0
2026-05-28 22:00:00,1.32,1.3219,1.3125,1.3144,2029096.7
2026-05-28 23:00:00,1.3144,1.3187,1.3138,1.3156,1724985.3
2026-05-29 00:00:00,1.3156,1.3205,1.3143,1.3152,1642579.8
2026-05-29 01:00:00,1.3151,1.3175,1.3082,1.3103,3331562.1
2026-05-29 02:00:00,1.3103,1.3116,1.3038,1.3042,3046044.6
2026-05-29 03:00:00,1.3042,1.3151,1.3042,1.3124,3297289.5
2026-05-29 04:00:00,1.3124,1.313,1.3039,1.3108,2181719.2
2026-05-29 05:00:00,1.3108,1.3155,1.3088,1.3152,2337155.2
2026-05-29 06:00:00,1.3153,1.321,1.3143,1.3162,3423683.9
2026-05-29 07:00:00,1.3162,1.3193,1.3101,1.3169,4266056.9
2026-05-29 08:00:00,1.3168,1.3235,1.3165,1.3212,4834039.5
2026-05-29 09:00:00,1.3213,1.3275,1.3202,1.3235,3595326.0
2026-05-29 10:00:00,1.3235,1.3237,1.3174,1.3187,2917899.9
2026-05-29 11:00:00,1.3187,1.3189,1.3069,1.3113,4880577.1
2026-05-29 12:00:00,1.3114,1.3123,1.3029,1.3047,5016033.1
2026-05-29 13:00:00,1.3047,1.3063,1.2978,1.3027,5997686.2
2026-05-29 14:00:00,1.3028,1.3089,1.2947,1.3079,10228345.1
2026-05-29 15:00:00,1.3079,1.3339,1.3052,1.3227,10022467.9
2026-05-29 16:00:00,1.3228,1.3311,1.3164,1.3272,6826474.7
2026-05-29 17:00:00,1.3272,1.333,1.3237,1.3249,5035674.5
2026-05-29 18:00:00,1.3249,1.3304,1.3165,1.3188,3789341.7
2026-05-29 19:00:00,1.3187,1.3235,1.3109,1.321,3841827.5
2026-05-29 20:00:00,1.321,1.3253,1.3202,1.3225,2723270.3
2026-05-29 21:00:00,1.3226,1.3269,1.3161,1.3162,2267083.8
2026-05-29 22:00:00,1.3161,1.3213,1.3144,1.3208,1902720.0
2026-05-29 23:00:00,1.3208,1.3312,1.3199,1.33,2790883.4
2026-05-30 00:00:00,1.33,1.35,1.3281,1.3489,6751983.9
2026-05-30 01:00:00,1.3489,1.3661,1.3442,1.3567,12319863.3
2026-05-30 02:00:00,1.3567,1.3638,1.3548,1.3603,5742109.9
2026-05-30 03:00:00,1.3603,1.3626,1.3502,1.3504,4125306.1
2026-05-30 04:00:00,1.3504,1.3529,1.337,1.344,7296142.2
2026-05-30 05:00:00,1.3441,1.351,1.3424,1.3487,4354216.6
2026-05-30 06:00:00,1.3488,1.3495,1.3432,1.3455,2149023.6
2026-05-30 07:00:00,1.3456,1.3459,1.3403,1.3428,1804090.4
2026-05-30 08:00:00,1.3429,1.3429,1.3401,1.3406,1061355.3
2026-05-30 09:00:00,1.3407,1.3463,1.3397,1.3446,2494567.4
2026-05-30 10:00:00,1.3447,1.3447,1.3405,1.3423,2017038.8
2026-05-30 11:00:00,1.3424,1.3441,1.3371,1.3404,3330222.0
2026-05-30 12:00:00,1.3405,1.3424,1.3374,1.3397,2023409.0
2026-05-30 13:00:00,1.3398,1.3416,1.3374,1.341,2973986.2
2026-05-30 14:00:00,1.3411,1.347,1.3396,1.3428,2963568.3
2026-05-30 15:00:00,1.3429,1.3456,1.3401,1.3424,2324437.4
2026-05-30 16:00:00,1.3425,1.3497,1.3413,1.3479,3788635.0
2026-05-30 17:00:00,1.348,1.3533,1.3446,1.3527,2295333.4
2026-05-30 18:00:00,1.3527,1.354,1.3491,1.3521,1264593.3
2026-05-30 19:00:00,1.352,1.3521,1.3439,1.3478,3262771.6
2026-05-30 20:00:00,1.3478,1.35,1.3467,1.3481,853889.7
2026-05-30 21:00:00,1.3482,1.3519,1.347,1.3502,1633173.3
2026-05-30 22:00:00,1.3501,1.3501,1.3377,1.3425,3085249.8
2026-05-30 23:00:00,1.3426,1.3439,1.3386,1.3408,982946.6
2026-05-31 00:00:00,1.3409,1.342,1.3379,1.3405,1396682.9
2026-05-31 01:00:00,1.3404,1.3442,1.3402,1.3417,947911.4
2026-05-31 02:00:00,1.3418,1.3462,1.3363,1.3424,2594612.7
2026-05-31 03:00:00,1.3424,1.3454,1.3414,1.3448,1261639.9
2026-05-31 04:00:00,1.3449,1.3468,1.343,1.3462,863417.9
2026-05-31 05:00:00,1.3462,1.3463,1.3426,1.3433,885349.3
2026-05-31 06:00:00,1.3433,1.3433,1.34,1.3401,1145583.4
2026-05-31 07:00:00,1.34,1.34,1.333,1.3356,2156126.7
2026-05-31 08:00:00,1.3356,1.3398,1.3354,1.3385,1250873.5
2026-05-31 09:00:00,1.3385,1.3429,1.3366,1.3391,2298868.9
2026-05-31 10:00:00,1.3391,1.3394,1.3342,1.3369,1376084.1
2026-05-31 11:00:00,1.3369,1.3432,1.3369,1.3419,1667230.6
2026-05-31 12:00:00,1.3418,1.3438,1.3388,1.3424,1632170.5
2026-05-31 13:00:00,1.3424,1.3484,1.3415,1.3424,1949870.5
2026-05-31 14:00:00,1.3424,1.3439,1.328,1.3304,5113457.0
2026-05-31 15:00:00,1.3303,1.3351,1.3283,1.3307,1365641.0
2026-05-31 16:00:00,1.3307,1.3326,1.3219,1.3278,5824305.6
2026-05-31 17:00:00,1.3278,1.3323,1.3277,1.3313,1189397.7
2026-05-31 18:00:00,1.3313,1.3314,1.3261,1.3277,857454.3
2026-05-31 19:00:00,1.3277,1.3283,1.321,1.3266,1083609.1
2026-05-31 20:00:00,1.3266,1.3314,1.3266,1.3308,1319807.9
2026-05-31 21:00:00,1.3309,1.3351,1.3293,1.3344,1297168.4
2026-05-31 22:00:00,1.3344,1.3402,1.3316,1.3373,1808179.5
2026-05-31 23:00:00,1.3374,1.3425,1.3278,1.333,2791057.5
2026-06-01 00:00:00,1.333,1.3412,1.3309,1.3377,3957352.2
2026-06-01 01:00:00,1.3377,1.3389,1.3217,1.3217,2496248.4
2026-06-01 02:00:00,1.3216,1.3349,1.3193,1.3308,3814248.0
2026-06-01 03:00:00,1.3308,1.3358,1.3298,1.3308,2506321.9
2026-06-01 04:00:00,1.3309,1.3333,1.3174,1.3224,3229430.4
2026-06-01 05:00:00,1.3223,1.323,1.3156,1.3165,2442931.5
2026-06-01 06:00:00,1.3166,1.3169,1.3095,1.3139,5310125.4
2026-06-01 07:00:00,1.3139,1.3147,1.3032,1.3036,3943585.7
2026-06-01 08:00:00,1.3036,1.3078,1.2987,1.303,4688973.1
2026-06-01 09:00:00,1.303,1.3098,1.303,1.3044,2914938.8
2026-06-01 10:00:00,1.3044,1.3074,1.3016,1.3059,2166329.2
2026-06-01 11:00:00,1.3059,1.3078,1.301,1.3036,2691030.8
2026-06-01 12:00:00,1.3035,1.3065,1.296,1.3027,3214167.1
2026-06-01 13:00:00,1.3027,1.3031,1.2861,1.2907,9085349.6
2026-06-01 14:00:00,1.2906,1.2928,1.2819,1.286,8071007.1
2026-06-01 15:00:00,1.286,1.2904,1.2797,1.2822,7667428.3
2026-06-01 16:00:00,1.2822,1.2941,1.2794,1.2941,4976822.3
2026-06-01 17:00:00,1.294,1.3053,1.2934,1.3007,3937919.9
2026-06-01 18:00:00,1.3006,1.3033,1.2953,1.2965,1550104.1
2026-06-01 19:00:00,1.2965,1.3015,1.2945,1.3,2062354.1
2026-06-01 20:00:00,1.2999,1.3007,1.295,1.2991,2473668.3
2026-06-01 21:00:00,1.299,1.2991,1.2913,1.2918,2154821.8
2026-06-01 22:00:00,1.2918,1.3013,1.2868,1.3005,3726164.1
2026-06-01 23:00:00,1.3005,1.301,1.2931,1.2972,1817014.7
2026-06-02 00:00:00,1.2972,1.2972,1.2881,1.2891,2511154.0
2026-06-02 01:00:00,1.2892,1.2906,1.2794,1.2798,4933662.3
2026-06-02 02:00:00,1.2797,1.2851,1.2682,1.2844,6418432.1
2026-06-02 03:00:00,1.2844,1.2889,1.282,1.2881,3837605.7
2026-06-02 04:00:00,1.288,1.2898,1.2801,1.2802,3031368.9
2026-06-02 05:00:00,1.2803,1.2811,1.2665,1.2679,4637561.1
2026-06-02 06:00:00,1.2679,1.2723,1.2631,1.2657,6000757.8
2026-06-02 07:00:00,1.2657,1.272,1.2587,1.268,5865599.7
2026-06-02 08:00:00,1.2681,1.2694,1.2623,1.2648,3510153.3
2026-06-02 09:00:00,1.2648,1.2654,1.2572,1.2596,4953628.2
2026-06-02 10:00:00,1.2597,1.2679,1.2576,1.2671,2626806.8
2026-06-02 11:00:00,1.267,1.267,1.2592,1.261,2794274.2
2026-06-02 12:00:00,1.2611,1.2659,1.2591,1.2639,2871822.2
2026-06-02 13:00:00,1.2639,1.2686,1.26,1.2615,3847826.9
2026-06-02 14:00:00,1.2616,1.2619,1.2278,1.2352,23671398.0
2026-06-02 15:00:00,1.2352,1.2373,1.2171,1.222,17791907.8
2026-06-02 16:00:00,1.222,1.2436,1.2198,1.2328,8260672.4
2026-06-02 17:00:00,1.2328,1.2438,1.2317,1.2365,3967984.2
2026-06-02 18:00:00,1.2365,1.2405,1.2181,1.2242,5325168.1
2026-06-02 19:00:00,1.2242,1.2308,1.207,1.2217,9818882.8
2026-06-02 20:00:00,1.2217,1.2277,1.2131,1.2233,5288577.7
2026-06-02 21:00:00,1.2233,1.2324,1.2201,1.2265,3845345.9
2026-06-02 22:00:00,1.2264,1.2264,1.1948,1.2009,14584815.4
2026-06-02 23:00:00,1.201,1.2126,1.1973,1.2117,11939244.0
2026-06-03 00:00:00,1.2118,1.2258,1.2118,1.2246,8298461.2
2026-06-03 01:00:00,1.2246,1.2319,1.2183,1.2236,4236802.1
2026-06-03 02:00:00,1.2235,1.2243,1.2174,1.2205,2802059.2
2026-06-03 03:00:00,1.2205,1.2231,1.1898,1.1979,11132265.2
2026-06-03 04:00:00,1.198,1.2189,1.1977,1.2184,7001207.2
2026-06-03 05:00:00,1.2184,1.2349,1.2184,1.2324,8408258.2
2026-06-03 06:00:00,1.2324,1.2465,1.2317,1.2389,6715177.3
2026-06-03 07:00:00,1.239,1.2491,1.2376,1.2433,3907611.8
2026-06-03 08:00:00,1.2432,1.2457,1.2386,1.2428,3281813.6
2026-06-03 09:00:00,1.2428,1.2452,1.2353,1.2384,6247290.7
2026-06-03 10:00:00,1.2385,1.2449,1.2379,1.2418,2918215.9
2026-06-03 11:00:00,1.2419,1.2449,1.2337,1.2369,2568995.9
2026-06-03 12:00:00,1.2369,1.2378,1.2296,1.2357,4118777.0
2026-06-03 13:00:00,1.2357,1.2378,1.2262,1.2312,4149948.9
2026-06-03 14:00:00,1.2312,1.2339,1.2221,1.231,4198476.8
2026-06-03 15:00:00,1.231,1.2319,1.2207,1.2251,4510244.1
2026-06-03 16:00:00,1.2252,1.2286,1.2089,1.2228,7201953.9
2026-06-03 17:00:00,1.2229,1.2287,1.2134,1.2214,3446409.3
2026-06-03 18:00:00,1.2214,1.2248,1.213,1.2185,2548478.7
2026-06-03 19:00:00,1.2185,1.2196,1.202,1.2043,6019912.9
2026-06-03 20:00:00,1.2042,1.2081,1.1868,1.1939,8062628.1
2026-06-03 21:00:00,1.1939,1.2203,1.1917,1.2185,5573774.4
2026-06-03 22:00:00,1.2185,1.2205,1.2041,1.2063,3918747.9
2026-06-03 23:00:00,1.2063,1.2075,1.1981,1.2012,2876411.5
2026-06-04 00:00:00,1.2012,1.208,1.1868,1.1936,8804769.1
2026-06-04 01:00:00,1.1937,1.1966,1.1565,1.1615,19893001.4
2026-06-04 02:00:00,1.1615,1.1872,1.1407,1.1815,25954203.5
2026-06-04 03:00:00,1.1816,1.2112,1.1814,1.209,9441967.7
2026-06-04 04:00:00,1.2091,1.212,1.2004,1.2018,7103054.7
2026-06-04 05:00:00,1.2017,1.2018,1.1842,1.1879,6171084.7
2026-06-04 06:00:00,1.188,1.2,1.1865,1.1892,4856871.5
2026-06-04 07:00:00,1.1892,1.19,1.1676,1.1678,6634826.6
2026-06-04 08:00:00,1.1677,1.1722,1.1611,1.1678,7595771.9
2026-06-04 09:00:00,1.1679,1.1684,1.1453,1.162,11493588.3
2026-06-04 10:00:00,1.1621,1.1626,1.1431,1.1485,10609994.0
2026-06-04 11:00:00,1.1485,1.1599,1.1418,1.1558,7031556.9
2026-06-04 12:00:00,1.1559,1.1824,1.1504,1.1801,11024683.5
2026-06-04 13:00:00,1.18,1.1836,1.1631,1.1795,8751096.1
2026-06-04 14:00:00,1.1796,1.1831,1.168,1.173,5371162.1
2026-06-04 15:00:00,1.173,1.1827,1.166,1.1689,4842604.6
2026-06-04 16:00:00,1.1689,1.1735,1.1608,1.1702,3758023.9
2026-06-04 17:00:00,1.1701,1.1755,1.1592,1.1698,4727789.7
2026-06-04 18:00:00,1.1698,1.1832,1.1632,1.1794,3686102.3
2026-06-04 19:00:00,1.1793,1.185,1.1729,1.1752,2974102.8
2026-06-04 20:00:00,1.1751,1.1779,1.1667,1.1759,2121540.5
2026-06-04 21:00:00,1.1759,1.1789,1.156,1.159,3649494.1
2026-06-04 22:00:00,1.1589,1.1702,1.1548,1.1695,6473659.2
2026-06-04 23:00:00,1.1694,1.1722,1.1585,1.1688,3120431.2
2026-06-05 00:00:00,1.1687,1.1751,1.1609,1.1617,3428770.8
2026-06-05 01:00:00,1.1616,1.1621,1.1513,1.1573,5322300.5
2026-06-05 02:00:00,1.1574,1.1584,1.1348,1.1352,8979647.2
2026-06-05 03:00:00,1.1353,1.1478,1.133,1.1347,7262393.3
2026-06-05 04:00:00,1.1348,1.1488,1.1305,1.1479,9995026.3
2026-06-05 05:00:00,1.1479,1.1492,1.1204,1.1208,10939394.5
2026-06-05 06:00:00,1.1208,1.1266,1.09,1.1188,27704079.0
2026-06-05 07:00:00,1.1188,1.1384,1.1049,1.1364,13944317.8
2026-06-05 08:00:00,1.1363,1.1364,1.1168,1.1194,5968404.6
2026-06-05 09:00:00,1.1195,1.1407,1.1191,1.1403,9585264.9
2026-06-05 10:00:00,1.1403,1.1461,1.1309,1.1362,6196931.7
2026-06-05 11:00:00,1.1361,1.1361,1.1184,1.1189,8592604.9
2026-06-05 12:00:00,1.1189,1.1269,1.1101,1.1201,9151212.0
2026-06-05 13:00:00,1.12,1.1379,1.1015,1.1022,16956220.6
2026-06-05 14:00:00,1.1023,1.1182,1.0977,1.1068,17287970.5
2026-06-05 15:00:00,1.1069,1.1097,1.0917,1.0998,21850550.8
2026-06-05 16:00:00,1.0998,1.1234,1.0843,1.1203,19711247.3
2026-06-05 17:00:00,1.1203,1.122,1.1005,1.109,5835042.2
2026-06-05 18:00:00,1.109,1.1135,1.0804,1.0835,16042725.4
2026-06-05 19:00:00,1.0835,1.1042,1.0692,1.0988,21287856.2
2026-06-05 20:00:00,1.0987,1.1185,1.0856,1.1154,12263597.6
2026-06-05 21:00:00,1.1154,1.1204,1.1114,1.1117,8592973.5
2026-06-05 22:00:00,1.1117,1.1117,1.0964,1.1062,7857770.3
2026-06-05 23:00:00,1.1062,1.1157,1.0873,1.0978,7013277.8
2026-06-06 00:00:00,1.0978,1.1128,1.0978,1.111,5143128.6
2026-06-06 01:00:00,1.111,1.1144,1.1003,1.1012,3226401.3
2026-06-06 02:00:00,1.1011,1.1033,1.0917,1.0957,3604652.3
2026-06-06 03:00:00,1.0957,1.0958,1.0835,1.086,6181399.1
2026-06-06 04:00:00,1.0859,1.0904,1.0518,1.0582,18488478.1
2026-06-06 05:00:00,1.0582,1.0912,1.0501,1.0894,17090257.5
2026-06-06 06:00:00,1.0895,1.1009,1.081,1.0826,7774992.2
2026-06-06 07:00:00,1.0827,1.0997,1.0815,1.0921,5894295.7
2026-06-06 08:00:00,1.0922,1.1044,1.0899,1.0991,6938659.3
2026-06-06 09:00:00,1.099,1.1032,1.0888,1.0916,4055381.1
2026-06-06 10:00:00,1.0916,1.0916,1.0727,1.0804,8739193.7
2026-06-06 11:00:00,1.0803,1.0895,1.0795,1.0876,3204315.8
2026-06-06 12:00:00,1.0877,1.0988,1.0807,1.0964,8135546.0
2026-06-06 13:00:00,1.0964,1.1026,1.0919,1.0983,3342346.1
2026-06-06 14:00:00,1.0983,1.1099,1.0977,1.1031,7781348.4
2026-06-06 15:00:00,1.1031,1.1042,1.0867,1.0962,7232955.7
2026-06-06 16:00:00,1.0963,1.1019,1.0877,1.0955,5896438.1
2026-06-06 17:00:00,1.0955,1.098,1.081,1.0827,4720336.9
2026-06-06 18:00:00,1.0826,1.0886,1.0791,1.0849,3467168.4
2026-06-06 19:00:00,1.0849,1.0899,1.0805,1.0808,1711655.9
2026-06-06 20:00:00,1.0807,1.0858,1.0776,1.085,2580130.3
2026-06-06 21:00:00,1.085,1.0943,1.0847,1.088,3063079.0
2026-06-06 22:00:00,1.0879,1.0898,1.0816,1.0866,1663534.3
2026-06-06 23:00:00,1.0865,1.095,1.086,1.0934,1424025.3
2026-06-07 00:00:00,1.0935,1.0976,1.0892,1.0892,1780409.8
2026-06-07 01:00:00,1.0892,1.1203,1.0886,1.1163,8596785.8
2026-06-07 02:00:00,1.1163,1.1235,1.1072,1.1192,3690950.0
2026-06-07 03:00:00,1.1192,1.1246,1.115,1.1185,3590975.3
2026-06-07 04:00:00,1.1184,1.1222,1.1104,1.1214,2696014.8
2026-06-07 05:00:00,1.1215,1.127,1.1191,1.1201,3783382.8
2026-06-07 06:00:00,1.1201,1.1295,1.116,1.1258,4178033.5
2026-06-07 07:00:00,1.1257,1.1373,1.122,1.1371,6663121.8
2026-06-07 08:00:00,1.1371,1.1562,1.1304,1.1555,8526619.6
2026-06-07 09:00:00,1.1556,1.1702,1.1456,1.1461,11883789.7
2026-06-07 10:00:00,1.1462,1.1473,1.1326,1.1352,4295947.0
2026-06-07 11:00:00,1.1352,1.141,1.1329,1.1403,3195589.6
2026-06-07 12:00:00,1.1403,1.1406,1.1185,1.1237,7082820.7
2026-06-07 13:00:00,1.1236,1.125,1.1208,1.1222,2264844.2
2026-06-07 14:00:00,1.1222,1.1373,1.1221,1.1333,4094061.2
2026-06-07 15:00:00,1.1334,1.1369,1.1285,1.1339,2827913.9
2026-06-07 16:00:00,1.1339,1.1395,1.1307,1.138,1978223.2
2026-06-07 17:00:00,1.138,1.1462,1.1365,1.1444,2627873.5
2026-06-07 18:00:00,1.1443,1.1512,1.1409,1.1412,2222358.5
2026-06-07 19:00:00,1.1413,1.1415,1.1197,1.1247,7382346.6
2026-06-07 20:00:00,1.1246,1.1365,1.1217,1.1325,2708859.2
2026-06-07 21:00:00,1.1324,1.1341,1.1257,1.1304,1894974.8
2026-06-07 22:00:00,1.1305,1.1719,1.1283,1.1535,10496666.6
2026-06-07 23:00:00,1.1534,1.1604,1.1507,1.1556,3925055.0
2026-06-08 00:00:00,1.1556,1.1677,1.1487,1.1633,5793097.8
2026-06-08 01:00:00,1.1634,1.1651,1.1425,1.1573,5836496.1
2026-06-08 02:00:00,1.1573,1.1618,1.1523,1.1567,4118590.7
2026-06-08 03:00:00,1.1566,1.1613,1.1492,1.1517,2744213.2
2026-06-08 04:00:00,1.1518,1.1528,1.1394,1.1402,5506898.3
2026-06-08 05:00:00,1.1403,1.1435,1.1319,1.1365,4731167.7
2026-06-08 06:00:00,1.1365,1.1434,1.1361,1.1411,2593175.3
2026-06-08 07:00:00,1.141,1.1509,1.1379,1.1479,2593624.2
2026-06-08 08:00:00,1.1478,1.1479,1.1362,1.1397,2590268.3
2026-06-08 09:00:00,1.1398,1.1502,1.1397,1.1501,3390793.7
2026-06-08 10:00:00,1.1501,1.1525,1.1432,1.145,5024364.3
2026-06-08 11:00:00,1.1451,1.1653,1.1432,1.1578,7554905.3
2026-06-08 12:00:00,1.1578,1.1703,1.1465,1.1701,8668121.1
2026-06-08 13:00:00,1.1701,1.1709,1.1559,1.1625,6476981.8
2026-06-08 14:00:00,1.1624,1.1752,1.1572,1.1728,6458754.8
2026-06-08 15:00:00,1.1728,1.1851,1.1691,1.1711,8360091.4
2026-06-08 16:00:00,1.171,1.1774,1.1641,1.1648,4057101.0
2026-06-08 17:00:00,1.1648,1.1728,1.1581,1.1728,4417517.3
2026-06-08 18:00:00,1.1729,1.1799,1.1714,1.1746,3753712.4
2026-06-08 19:00:00,1.1745,1.1866,1.1735,1.1798,5539401.1
2026-06-08 20:00:00,1.1799,1.1816,1.1689,1.1773,4480164.0
2026-06-08 21:00:00,1.1774,1.1865,1.1774,1.1808,4204393.3
2026-06-08 22:00:00,1.1807,1.1807,1.1719,1.1777,2627379.2
2026-06-08 23:00:00,1.1778,1.1817,1.1664,1.1683,3123579.9
2026-06-09 00:00:00,1.1683,1.1714,1.152,1.1528,7720093.3
2026-06-09 01:00:00,1.1528,1.1574,1.1496,1.151,4358969.4
2026-06-09 02:00:00,1.151,1.1546,1.1433,1.1527,4610406.9
2026-06-09 03:00:00,1.1526,1.1563,1.1506,1.1548,2119165.2
2026-06-09 04:00:00,1.1548,1.1728,1.1509,1.1666,5778208.2
2026-06-09 05:00:00,1.1665,1.1763,1.1624,1.173,4661493.4
2026-06-09 06:00:00,1.173,1.1769,1.1712,1.1726,3204564.4
2026-06-09 07:00:00,1.1727,1.1765,1.1664,1.1714,4018584.4
2026-06-09 08:00:00,1.1714,1.1724,1.1646,1.1675,2989452.0
2026-06-09 09:00:00,1.1676,1.1702,1.1585,1.1596,3539758.9
2026-06-09 10:00:00,1.1596,1.1612,1.1551,1.1592,2745263.4
2026-06-09 11:00:00,1.1592,1.1594,1.1528,1.1554,2806146.3
2026-06-09 12:00:00,1.1554,1.1641,1.1547,1.1631,4313649.7
2026-06-09 13:00:00,1.1631,1.1666,1.1543,1.1578,4817300.4
2026-06-09 14:00:00,1.1577,1.1602,1.1307,1.1373,11002483.7
2026-06-09 15:00:00,1.1373,1.1423,1.127,1.1277,7856890.9
2026-06-09 16:00:00,1.1276,1.1318,1.1187,1.128,6438356.3
2026-06-09 17:00:00,1.1281,1.1474,1.1281,1.1384,7708536.3
2026-06-09 18:00:00,1.1384,1.1464,1.1358,1.139,3054545.8
2026-06-09 19:00:00,1.1389,1.1452,1.1361,1.1402,3585051.0
2026-06-09 20:00:00,1.1403,1.1457,1.139,1.1439,2633481.9
2026-06-09 21:00:00,1.1439,1.1446,1.1349,1.1371,2603047.3
2026-06-09 22:00:00,1.137,1.1414,1.134,1.1356,2171395.6
2026-06-09 23:00:00,1.1356,1.1396,1.1338,1.1375,2209888.6
2026-06-10 00:00:00,1.1376,1.1412,1.1272,1.137,3767722.5
2026-06-10 01:00:00,1.1371,1.1374,1.1274,1.1291,4886711.6
2026-06-10 02:00:00,1.1292,1.1311,1.1155,1.1174,5144671.6
2026-06-10 03:00:00,1.1173,1.1238,1.1166,1.1191,4076387.6
2026-06-10 04:00:00,1.1192,1.1225,1.1134,1.116,2259550.9
2026-06-10 05:00:00,1.1161,1.1175,1.1096,1.1119,4307383.2
2026-06-10 06:00:00,1.112,1.1148,1.1066,1.1118,4937603.7
2026-06-10 07:00:00,1.1117,1.1198,1.1117,1.1166,4436899.6
2026-06-10 08:00:00,1.1167,1.1169,1.1051,1.1076,4601397.1
2026-06-10 09:00:00,1.1077,1.1105,1.0994,1.1098,4488190.8
2026-06-10 10:00:00,1.1099,1.1115,1.1054,1.111,2482056.9
2026-06-10 11:00:00,1.1111,1.1114,1.1017,1.1043,4687400.1
2026-06-10 12:00:00,1.1043,1.1247,1.1022,1.1179,8531801.6
2026-06-10 13:00:00,1.1178,1.1376,1.1158,1.1302,9305845.6
2026-06-10 14:00:00,1.1303,1.1305,1.1181,1.1248,5561467.0
2026-06-10 15:00:00,1.1248,1.1335,1.1185,1.1287,6534902.8
2026-06-10 16:00:00,1.1287,1.13,1.1083,1.114,5938590.3
2026-06-10 17:00:00,1.1141,1.1185,1.1038,1.1102,5085665.8
2026-06-10 18:00:00,1.1103,1.1114,1.099,1.1073,5261928.0
2026-06-10 19:00:00,1.1073,1.1075,1.0958,1.0981,4952281.6
2026-06-10 20:00:00,1.0981,1.1038,1.0941,1.0993,2661944.6
2026-06-10 21:00:00,1.0992,1.0993,1.0884,1.0927,4540264.7
2026-06-10 22:00:00,1.0927,1.0998,1.0903,1.095,3379749.0
2026-06-10 23:00:00,1.0949,1.1001,1.0896,1.097,4849228.0
2026-06-11 00:00:00,1.0971,1.1042,1.0965,1.1019,2973017.9
2026-06-11 01:00:00,1.102,1.1199,1.102,1.1158,6767250.5
2026-06-11 02:00:00,1.1158,1.1179,1.1051,1.1093,2503669.9
2026-06-11 03:00:00,1.1093,1.1236,1.1058,1.12,4831016.8
2026-06-11 04:00:00,1.1201,1.1217,1.1146,1.1198,3718029.8
2026-06-11 05:00:00,1.1197,1.1199,1.1145,1.1146,2058658.1
2026-06-11 06:00:00,1.1146,1.121,1.1121,1.1148,3947459.1
2026-06-11 07:00:00,1.1148,1.1174,1.1118,1.1151,2503055.0
2026-06-11 08:00:00,1.1151,1.1237,1.115,1.1211,3300629.2
2026-06-11 09:00:00,1.1212,1.1218,1.1166,1.1172,1979637.8
2026-06-11 10:00:00,1.1172,1.1254,1.1148,1.1216,3962767.0
2026-06-11 11:00:00,1.1216,1.1257,1.1189,1.1223,2705027.1
2026-06-11 12:00:00,1.1224,1.1224,1.1089,1.1139,5887442.6
2026-06-11 13:00:00,1.1138,1.1205,1.108,1.1165,3558802.5
2026-06-11 14:00:00,1.1166,1.1187,1.1107,1.113,2335118.3
2026-06-11 15:00:00,1.113,1.1182,1.1073,1.1128,4610625.7
2026-06-11 16:00:00,1.1129,1.1154,1.1065,1.1079,2751404.4
2026-06-11 17:00:00,1.108,1.1445,1.1042,1.1394,13070010.2
2026-06-11 18:00:00,1.1394,1.1464,1.1339,1.138,5205779.7
2026-06-11 19:00:00,1.1379,1.15,1.1342,1.1434,4842183.5
2026-06-11 20:00:00,1.1435,1.1443,1.1321,1.1359,4043573.1
2026-06-11 21:00:00,1.1359,1.143,1.1353,1.1412,1991704.4
2026-06-11 22:00:00,1.1413,1.1467,1.1402,1.1432,2590323.8
2026-06-11 23:00:00,1.1432,1.1445,1.1388,1.1428,2087095.8
2026-06-12 00:00:00,1.1427,1.1454,1.139,1.1424,2421267.6
2026-06-12 01:00:00,1.1423,1.1423,1.1359,1.1399,1815363.8
2026-06-12 02:00:00,1.1399,1.15,1.1398,1.1461,1993586.7
2026-06-12 03:00:00,1.1461,1.1467,1.1408,1.1442,2461021.4
2026-06-12 04:00:00,1.1442,1.1509,1.1421,1.1465,2111425.7
2026-06-12 05:00:00,1.1466,1.1467,1.1388,1.14,2530312.4
2026-06-12 06:00:00,1.1399,1.1415,1.1275,1.1299,2645356.5
2026-06-12 07:00:00,1.13,1.1363,1.13,1.1336,1889480.4
2026-06-12 08:00:00,1.1337,1.1449,1.1337,1.1426,2224628.8
2026-06-12 09:00:00,1.1426,1.1519,1.1393,1.1466,4087514.0
2026-06-12 10:00:00,1.1467,1.149,1.1403,1.1432,2798239.6
2026-06-12 11:00:00,1.1432,1.1454,1.1407,1.1413,2416504.5
2026-06-12 12:00:00,1.1414,1.1423,1.1345,1.1358,3244090.6
2026-06-12 13:00:00,1.1359,1.1374,1.1261,1.1302,4427609.2
2026-06-12 14:00:00,1.1302,1.1509,1.1292,1.1487,6823786.5
2026-06-12 15:00:00,1.1487,1.1577,1.1274,1.1288,9690964.4
2026-06-12 16:00:00,1.1287,1.1371,1.1261,1.1358,5236936.1
2026-06-12 17:00:00,1.1357,1.139,1.1305,1.1321,2377023.8
2026-06-12 18:00:00,1.1322,1.1348,1.128,1.1303,2695712.5
2026-06-12 19:00:00,1.1303,1.1369,1.1302,1.1314,2788141.7
2026-06-12 20:00:00,1.1314,1.1351,1.13,1.133,1757566.1
2026-06-12 21:00:00,1.133,1.1351,1.13,1.13,1385802.6
2026-06-12 22:00:00,1.1299,1.1324,1.1283,1.1309,1317341.7
2026-06-12 23:00:00,1.1309,1.1331,1.1285,1.1325,1443237.3
2026-06-13 00:00:00,1.1325,1.1356,1.1314,1.1346,1017792.4
2026-06-13 01:00:00,1.1346,1.1409,1.1345,1.14,1950686.8
2026-06-13 02:00:00,1.1399,1.14,1.1331,1.1344,1353977.6
2026-06-13 03:00:00,1.1345,1.1369,1.1308,1.1337,1045644.0
2026-06-13 04:00:00,1.1337,1.1369,1.1329,1.1333,683745.5
2026-06-13 05:00:00,1.1334,1.134,1.1299,1.1326,1138444.9
2026-06-13 06:00:00,1.1325,1.1384,1.1311,1.1373,780586.1
2026-06-13 07:00:00,1.1374,1.1448,1.135,1.1415,4689294.0
2026-06-13 08:00:00,1.1415,1.1465,1.1405,1.1431,2656932.3
2026-06-13 09:00:00,1.1432,1.1453,1.1419,1.143,1197763.1
2026-06-13 10:00:00,1.1431,1.1464,1.1422,1.1445,1612639.0
2026-06-13 11:00:00,1.1446,1.1496,1.1443,1.1485,1786707.4
2026-06-13 12:00:00,1.1486,1.1559,1.147,1.1541,2221155.8
2026-06-13 13:00:00,1.1541,1.1548,1.1501,1.1512,2738237.5
2026-06-13 14:00:00,1.1511,1.1575,1.1511,1.1551,1816628.7
2026-06-13 15:00:00,1.1551,1.161,1.1522,1.1567,3387769.0
2026-06-13 16:00:00,1.1567,1.157,1.144,1.1472,4470419.6
2026-06-13 17:00:00,1.1471,1.1493,1.1428,1.1442,1931689.4
2026-06-13 18:00:00,1.1441,1.1482,1.1438,1.146,1481897.3
2026-06-13 19:00:00,1.146,1.1491,1.1445,1.1476,1528943.9
2026-06-13 20:00:00,1.1476,1.1477,1.1451,1.1468,1172219.0
2026-06-13 21:00:00,1.1469,1.1568,1.1451,1.1528,2151183.9
2026-06-13 22:00:00,1.1528,1.1532,1.1493,1.1501,1362115.2
2026-06-13 23:00:00,1.1502,1.1531,1.149,1.1507,833534.8
2026-06-14 00:00:00,1.1507,1.151,1.1483,1.1494,757861.2
2026-06-14 01:00:00,1.1493,1.1565,1.1486,1.1521,1350514.7
2026-06-14 02:00:00,1.1522,1.156,1.1512,1.1519,852306.4
2026-06-14 03:00:00,1.1518,1.1545,1.1507,1.1536,1165196.8
2026-06-14 04:00:00,1.1537,1.1544,1.1468,1.1484,1269941.0
2026-06-14 05:00:00,1.1484,1.1507,1.1445,1.1481,1368270.7
2026-06-14 06:00:00,1.1482,1.1537,1.1459,1.1468,1749099.1
2026-06-14 07:00:00,1.1468,1.1469,1.1427,1.1463,2171268.9
2026-06-14 08:00:00,1.1464,1.1482,1.1443,1.1454,1043269.3
2026-06-14 09:00:00,1.1455,1.1491,1.1412,1.1487,1641252.6
2026-06-14 10:00:00,1.1486,1.1489,1.143,1.143,1294568.5
2026-06-14 11:00:00,1.1431,1.1457,1.1418,1.1439,953681.4
2026-06-14 12:00:00,1.144,1.1445,1.1374,1.1377,1857261.5
2026-06-14 13:00:00,1.1377,1.1397,1.1334,1.135,3204642.9
2026-06-14 14:00:00,1.1351,1.1369,1.1268,1.1319,2816904.7
2026-06-14 15:00:00,1.1318,1.1359,1.1318,1.135,1576723.0
2026-06-14 16:00:00,1.135,1.1393,1.1346,1.1368,1135028.3
2026-06-14 17:00:00,1.1369,1.1389,1.1327,1.1331,1368256.5
2026-06-14 18:00:00,1.133,1.1355,1.1307,1.1326,793471.4
2026-06-14 19:00:00,1.1326,1.1355,1.1307,1.1331,665487.3
2026-06-14 20:00:00,1.1332,1.1405,1.1317,1.1382,1041529.9
2026-06-14 21:00:00,1.1383,1.1757,1.138,1.1682,11529250.6
2026-06-14 22:00:00,1.1682,1.1777,1.1626,1.1738,8434070.1
2026-06-14 23:00:00,1.1738,1.1878,1.1687,1.1861,6379130.8
2026-06-15 00:00:00,1.186,1.1888,1.181,1.1848,5455254.0
2026-06-15 01:00:00,1.1849,1.1916,1.1778,1.1825,5735390.8
2026-06-15 02:00:00,1.1825,1.1936,1.1805,1.1825,4116377.0
2026-06-15 03:00:00,1.1825,1.1912,1.1812,1.187,3745508.8
2026-06-15 04:00:00,1.1869,1.1887,1.1826,1.184,2076246.3
2026-06-15 05:00:00,1.1841,1.1883,1.1817,1.1842,2652581.3
2026-06-15 06:00:00,1.1843,1.1873,1.1813,1.1829,2746378.8
2026-06-15 07:00:00,1.183,1.1869,1.1801,1.1815,3741351.3
2026-06-15 08:00:00,1.1814,1.1836,1.1791,1.1811,2147375.6
2026-06-15 09:00:00,1.1811,1.1877,1.1791,1.1855,3643175.5
2026-06-15 10:00:00,1.1855,1.2001,1.1841,1.1995,6566099.2
2026-06-15 11:00:00,1.1995,1.2333,1.1956,1.2324,20993576.7
2026-06-15 12:00:00,1.2325,1.2486,1.2263,1.239,14470455.2
2026-06-15 13:00:00,1.2391,1.2496,1.2338,1.24,14587084.5
2026-06-15 14:00:00,1.2399,1.2475,1.2344,1.2445,6978071.5
2026-06-15 15:00:00,1.2444,1.2706,1.2444,1.2688,16133340.6
2026-06-15 16:00:00,1.2687,1.2935,1.19,1.28,21979250.7
2026-06-15 17:00:00,1.2801,1.2876,1.2692,1.282,13905349.6
2026-06-15 18:00:00,1.282,1.2887,1.2744,1.2817,6805534.1
2026-06-15 19:00:00,1.2817,1.2916,1.267,1.2757,10060563.4
2026-06-15 20:00:00,1.2757,1.2785,1.263,1.2642,6836870.2
2026-06-15 21:00:00,1.2642,1.265,1.2487,1.25,8792817.4
2026-06-15 22:00:00,1.25,1.2555,1.2379,1.2402,7458507.5
2026-06-15 23:00:00,1.2402,1.2424,1.2333,1.2382,4218856.2
2026-06-16 00:00:00,1.2382,1.243,1.233,1.2347,4092427.0
2026-06-16 01:00:00,1.2347,1.2384,1.2282,1.2285,3081251.5
2026-06-16 02:00:00,1.2286,1.229,1.2141,1.2178,5641543.6
2026-06-16 03:00:00,1.2177,1.2277,1.2163,1.2273,4270496.2
2026-06-16 04:00:00,1.2273,1.2317,1.2205,1.2224,3076841.2
2026-06-16 05:00:00,1.2225,1.228,1.2225,1.2255,2719272.4
2026-06-16 06:00:00,1.2254,1.2368,1.2254,1.2356,4437072.4
2026-06-16 07:00:00,1.2357,1.239,1.2302,1.2353,4185603.4
2026-06-16 08:00:00,1.2353,1.2522,1.2331,1.248,7000933.3
2026-06-16 09:00:00,1.2479,1.248,1.2369,1.2389,3777487.5
2026-06-16 10:00:00,1.2389,1.2434,1.2368,1.2397,3822861.5
2026-06-16 11:00:00,1.2397,1.2425,1.2339,1.238,3023451.1
2026-06-16 12:00:00,1.2381,1.256,1.2368,1.2446,5200264.0
2026-06-16 13:00:00,1.2447,1.2459,1.2246,1.2257,6757619.3
2026-06-16 14:00:00,1.2257,1.2303,1.2053,1.2095,8558073.1
2026-06-16 15:00:00,1.2095,1.2176,1.2072,1.2098,4473255.6
2026-06-16 16:00:00,1.2098,1.2145,1.2086,1.2129,3073122.1
2026-06-16 17:00:00,1.213,1.2223,1.2118,1.2211,2834032.3
2026-06-16 18:00:00,1.2211,1.2311,1.2206,1.2266,3225934.0
2026-06-16 19:00:00,1.2266,1.2266,1.2172,1.2205,3059052.7
2026-06-16 20:00:00,1.2205,1.2245,1.2163,1.2231,2136370.2
2026-06-16 21:00:00,1.2231,1.2259,1.2156,1.2198,2423555.0
2026-06-16 22:00:00,1.2199,1.2221,1.2168,1.2219,1810684.7
2026-06-16 23:00:00,1.222,1.2241,1.216,1.2173,1648005.6
2026-06-17 00:00:00,1.2174,1.2201,1.2136,1.2151,2985048.3
2026-06-17 01:00:00,1.2151,1.2228,1.2083,1.2217,3761670.9
2026-06-17 02:00:00,1.2216,1.2283,1.2157,1.2192,3975334.6
2026-06-17 03:00:00,1.2192,1.2192,1.2126,1.2161,2784471.6
2026-06-17 04:00:00,1.2162,1.2213,1.2142,1.2172,3014827.2
2026-06-17 05:00:00,1.2172,1.2227,1.2144,1.2181,2476823.7
2026-06-17 06:00:00,1.2181,1.2205,1.2095,1.2119,5041977.6
2026-06-17 07:00:00,1.2118,1.216,1.2054,1.2095,5585180.1
2026-06-17 08:00:00,1.2095,1.2107,1.1951,1.1962,5253662.7
2026-06-17 09:00:00,1.1962,1.1993,1.1944,1.1977,3298573.9
2026-06-17 10:00:00,1.1978,1.1989,1.1945,1.1961,2705641.5
2026-06-17 11:00:00,1.1961,1.1976,1.1883,1.1928,4228094.2
2026-06-17 12:00:00,1.1929,1.1984,1.1892,1.1977,3788726.9
2026-06-17 13:00:00,1.1976,1.2072,1.1966,1.201,4697724.6
2026-06-17 14:00:00,1.2009,1.2041,1.1889,1.195,5656688.5
2026-06-17 15:00:00,1.1951,1.2137,1.1934,1.2136,3517170.1
2026-06-17 16:00:00,1.2136,1.2251,1.2117,1.2126,4259174.4
2026-06-17 17:00:00,1.2127,1.2192,1.2086,1.2184,2755451.0
2026-06-17 18:00:00,1.2183,1.2196,1.1934,1.2089,10484646.8
2026-06-17 19:00:00,1.2089,1.213,1.1774,1.1808,12952710.2
2026-06-17 20:00:00,1.1807,1.1911,1.1782,1.1903,4446208.0
2026-06-17 21:00:00,1.1904,1.1908,1.1791,1.1823,2789055.7
2026-06-17 22:00:00,1.1822,1.1888,1.1715,1.184,4776170.6
2026-06-17 23:00:00,1.1839,1.1888,1.1839,1.1868,2287082.2
2026-06-18 00:00:00,1.1868,1.1915,1.186,1.1871,1668872.0
2026-06-18 01:00:00,1.1871,1.1923,1.1854,1.1889,3163079.7
2026-06-18 02:00:00,1.189,1.1914,1.1887,1.1897,1846080.5
2026-06-18 03:00:00,1.1897,1.1898,1.1782,1.1788,3383286.5
2026-06-18 04:00:00,1.1788,1.1791,1.1672,1.1695,5567842.3
2026-06-18 05:00:00,1.1694,1.1694,1.1628,1.1677,4687380.0
2026-06-18 06:00:00,1.1677,1.1716,1.1639,1.1708,2658472.5
2026-06-18 07:00:00,1.1708,1.1815,1.1686,1.1787,3866071.9
2026-06-18 08:00:00,1.1788,1.1819,1.1766,1.1784,3791924.3
2026-06-18 09:00:00,1.1784,1.1825,1.1765,1.1786,3335166.1
2026-06-18 10:00:00,1.1787,1.1787,1.1674,1.1691,5306146.4
2026-06-18 11:00:00,1.1691,1.1712,1.1615,1.1645,4152556.9
2026-06-18 12:00:00,1.1645,1.1709,1.1635,1.1689,4157491.9
2026-06-18 13:00:00,1.1689,1.1726,1.1557,1.1611,7559306.3
2026-06-18 14:00:00,1.1611,1.17,1.1556,1.16,4655170.8
2026-06-18 15:00:00,1.16,1.1605,1.1329,1.1379,16284366.3
2026-06-18 16:00:00,1.1379,1.1484,1.1369,1.1476,6823490.3
2026-06-18 17:00:00,1.1477,1.149,1.1379,1.1433,3927377.7
2026-06-18 18:00:00,1.1434,1.1469,1.1367,1.1384,4071970.2
2026-06-18 19:00:00,1.1384,1.1466,1.1352,1.1436,5176234.4
2026-06-18 20:00:00,1.1437,1.1548,1.1437,1.1522,5853407.9
2026-06-18 21:00:00,1.1523,1.1523,1.1423,1.145,4035619.2
2026-06-18 22:00:00,1.1449,1.1484,1.1419,1.1472,5037574.7
2026-06-18 23:00:00,1.1471,1.1477,1.1426,1.1465,3169427.0
2026-06-19 00:00:00,1.1466,1.1502,1.1433,1.149,2606223.2
2026-06-19 01:00:00,1.1491,1.1522,1.1446,1.1513,3119964.7
2026-06-19 02:00:00,1.1512,1.153,1.1453,1.1483,2856185.0
2026-06-19 03:00:00,1.1484,1.1499,1.1366,1.1391,6604981.4
2026-06-19 04:00:00,1.139,1.1404,1.1256,1.1275,6470975.5
2026-06-19 05:00:00,1.1275,1.1336,1.1273,1.1335,2298217.3
2026-06-19 06:00:00,1.1334,1.1362,1.1282,1.1341,3967843.0
2026-06-19 07:00:00,1.134,1.134,1.1214,1.1254,5102022.3
2026-06-19 08:00:00,1.1255,1.1311,1.1245,1.1268,2872301.3
2026-06-19 09:00:00,1.1268,1.1284,1.1223,1.1249,2407789.8
2026-06-19 10:00:00,1.1248,1.127,1.1211,1.1252,2580174.6
2026-06-19 11:00:00,1.1252,1.1291,1.1223,1.1274,2862503.5
2026-06-19 12:00:00,1.1274,1.1322,1.1187,1.1314,4454463.9
2026-06-19 13:00:00,1.1315,1.144,1.129,1.1397,5277498.6
2026-06-19 14:00:00,1.1397,1.142,1.1344,1.1366,3446927.1
2026-06-19 15:00:00,1.1365,1.1383,1.1328,1.137,1904076.8
2026-06-19 16:00:00,1.1371,1.1391,1.1292,1.1304,2441024.1
2026-06-19 17:00:00,1.1304,1.1389,1.1287,1.1362,2236308.9
2026-06-19 18:00:00,1.1362,1.1362,1.1296,1.1327,2046104.7
2026-06-19 19:00:00,1.1327,1.1341,1.1284,1.1315,1425387.6
2026-06-19 20:00:00,1.1316,1.1355,1.1275,1.1348,1339312.0
2026-06-19 21:00:00,1.1348,1.1348,1.1291,1.1301,1268977.5
2026-06-19 22:00:00,1.13,1.136,1.1296,1.1342,1206989.3
2026-06-19 23:00:00,1.1342,1.1387,1.1328,1.1359,1868163.8
2026-06-20 00:00:00,1.1358,1.1428,1.1354,1.1373,2400387.1
2026-06-20 01:00:00,1.1374,1.1423,1.1365,1.1419,1570704.3
2026-06-20 02:00:00,1.1418,1.1421,1.1361,1.1391,1711895.1
2026-06-20 03:00:00,1.1391,1.1409,1.1375,1.14,1222429.4
2026-06-20 04:00:00,1.1399,1.1457,1.1389,1.1444,3163625.3
2026-06-20 05:00:00,1.1444,1.1551,1.1429,1.1479,3058363.4
2026-06-20 06:00:00,1.1479,1.1515,1.1475,1.1497,1849870.7
2026-06-20 07:00:00,1.1497,1.1501,1.145,1.1473,1537393.8
2026-06-20 08:00:00,1.1474,1.1478,1.1446,1.1469,1585670.2
2026-06-20 09:00:00,1.1469,1.153,1.1469,1.1522,1124392.3
2026-06-20 10:00:00,1.1523,1.1523,1.1476,1.1494,1315147.4
2026-06-20 11:00:00,1.1495,1.1501,1.1464,1.1472,1362251.9
2026-06-20 12:00:00,1.1473,1.1498,1.1451,1.1462,1181445.1
2026-06-20 13:00:00,1.1461,1.1472,1.1382,1.1411,2690682.5
2026-06-20 14:00:00,1.141,1.1519,1.1342,1.1463,3599392.0
2026-06-20 15:00:00,1.1464,1.156,1.1446,1.1508,4162608.1
2026-06-20 16:00:00,1.1509,1.151,1.1442,1.1489,1820762.5
2026-06-20 17:00:00,1.1489,1.1489,1.139,1.1435,1851730.0
2026-06-20 18:00:00,1.1435,1.1464,1.1412,1.1419,983134.2
2026-06-20 19:00:00,1.1418,1.1445,1.1397,1.1441,951609.0
2026-06-20 20:00:00,1.1441,1.1466,1.1436,1.1453,538988.0
2026-06-20 21:00:00,1.1454,1.1497,1.1447,1.1473,980546.9
2026-06-20 22:00:00,1.1473,1.1555,1.1468,1.1526,3438390.9
2026-06-20 23:00:00,1.1527,1.154,1.1495,1.1499,1184247.9
2026-06-21 00:00:00,1.15,1.1506,1.1484,1.1493,938273.1
2026-06-21 01:00:00,1.1494,1.15,1.1469,1.1497,853256.3
2026-06-21 02:00:00,1.1497,1.1501,1.147,1.1474,721027.9
2026-06-21 03:00:00,1.1475,1.1516,1.1463,1.1495,843486.1
2026-06-21 04:00:00,1.1495,1.1524,1.145,1.1454,904259.5
2026-06-21 05:00:00,1.1454,1.1464,1.1431,1.1445,1666387.1
2026-06-21 06:00:00,1.1444,1.1476,1.1439,1.147,606912.2
2026-06-21 07:00:00,1.1471,1.1504,1.1462,1.1474,837425.4
2026-06-21 08:00:00,1.1473,1.148,1.1413,1.1446,951826.0
2026-06-21 09:00:00,1.1447,1.1504,1.144,1.1491,1113802.7
2026-06-21 10:00:00,1.1491,1.1535,1.1482,1.1485,2376911.3
2026-06-21 11:00:00,1.1484,1.1508,1.1418,1.1427,2597181.4
2026-06-21 12:00:00,1.1428,1.1449,1.14,1.1445,1919171.7
2026-06-21 13:00:00,1.1445,1.1469,1.1416,1.1451,1573886.5
2026-06-21 14:00:00,1.1451,1.1476,1.1419,1.1476,1060839.4
2026-06-21 15:00:00,1.1475,1.1516,1.147,1.1497,1724156.6
2026-06-21 16:00:00,1.1497,1.1497,1.1422,1.145,2132198.1
2026-06-21 17:00:00,1.1451,1.1472,1.1411,1.1424,2251176.5
2026-06-21 18:00:00,1.1425,1.1467,1.1389,1.1456,1564799.2
2026-06-21 19:00:00,1.1457,1.1482,1.1445,1.1456,1217219.3
2026-06-21 20:00:00,1.1455,1.1473,1.1364,1.1396,1849093.6
2026-06-21 21:00:00,1.1396,1.1399,1.1225,1.1349,11387257.6
2026-06-21 22:00:00,1.1348,1.1373,1.1275,1.1319,2844757.9
2026-06-21 23:00:00,1.1318,1.1318,1.1235,1.1248,3658748.9
2026-06-22 00:00:00,1.1249,1.1407,1.1249,1.1391,2886320.4
2026-06-22 01:00:00,1.1392,1.1522,1.1342,1.1454,6368368.4
2026-06-22 02:00:00,1.1454,1.1463,1.1362,1.1363,3140796.2
2026-06-22 03:00:00,1.1363,1.1385,1.1283,1.1301,3698164.7
2026-06-22 04:00:00,1.1301,1.1345,1.1292,1.1342,2472138.7
2026-06-22 05:00:00,1.1342,1.1387,1.1338,1.1353,2177938.3
2026-06-22 06:00:00,1.1353,1.1378,1.1294,1.131,2972514.9
2026-06-22 07:00:00,1.131,1.14,1.1304,1.1374,5835258.3
2026-06-22 08:00:00,1.1374,1.1381,1.1322,1.135,2889348.3
2026-06-22 09:00:00,1.135,1.1375,1.1328,1.1348,2643093.6
2026-06-22 10:00:00,1.1348,1.1389,1.1345,1.1373,1683859.4
2026-06-22 11:00:00,1.1374,1.1502,1.1364,1.1479,4072749.9
2026-06-22 12:00:00,1.148,1.1593,1.1464,1.1577,3801030.1
2026-06-22 13:00:00,1.1578,1.1638,1.1523,1.1637,6226168.2
2026-06-22 14:00:00,1.1638,1.1639,1.1406,1.143,5285841.3
2026-06-22 15:00:00,1.1431,1.148,1.1379,1.1401,4310247.4
2026-06-22 16:00:00,1.1401,1.1432,1.1353,1.1387,3049959.0
2026-06-22 17:00:00,1.1387,1.1405,1.1328,1.1395,2485735.3
2026-06-22 18:00:00,1.1395,1.1438,1.1318,1.1331,2699751.7
2026-06-22 19:00:00,1.133,1.1353,1.13,1.1344,3429764.3
2026-06-22 20:00:00,1.1344,1.1375,1.1296,1.1318,2150757.0
2026-06-22 21:00:00,1.1318,1.1332,1.1258,1.1316,2885289.5
2026-06-22 22:00:00,1.1316,1.1344,1.1216,1.1276,4929752.8
2026-06-22 23:00:00,1.1275,1.1308,1.1264,1.1295,1226644.6
2026-06-23 00:00:00,1.1296,1.1322,1.1265,1.1314,1640430.2
2026-06-23 01:00:00,1.1314,1.1339,1.1224,1.1289,2985072.5
2026-06-23 02:00:00,1.1289,1.1306,1.1252,1.1296,2311470.0
2026-06-23 03:00:00,1.1297,1.1297,1.1258,1.1274,2759872.5
2026-06-23 04:00:00,1.1274,1.1281,1.1167,1.1175,4587459.2
2026-06-23 05:00:00,1.1175,1.1194,1.1139,1.1158,3706293.9
2026-06-23 06:00:00,1.1158,1.1164,1.1076,1.1132,7407458.8
2026-06-23 07:00:00,1.1132,1.1174,1.1126,1.1129,1544797.5
2026-06-23 08:00:00,1.1129,1.1155,1.0946,1.1003,9571409.7
2026-06-23 09:00:00,1.1004,1.1056,1.1004,1.1037,2117042.4
2026-06-23 10:00:00,1.1037,1.1075,1.1014,1.1043,3132481.1
2026-06-23 11:00:00,1.1044,1.1106,1.1041,1.1093,2979077.2
2026-06-23 12:00:00,1.1094,1.1098,1.0997,1.1012,2716187.0
2026-06-23 13:00:00,1.1012,1.1061,1.0963,1.1029,4832893.8
2026-06-23 14:00:00,1.1029,1.1086,1.1004,1.1016,3940474.4
2026-06-23 15:00:00,1.1016,1.1017,1.092,1.0993,4652265.1
2026-06-23 16:00:00,1.0993,1.1044,1.0971,1.101,3211428.4
2026-06-23 17:00:00,1.101,1.1048,1.0964,1.098,1576756.7
2026-06-23 18:00:00,1.098,1.1018,1.0959,1.0987,1820798.6
2026-06-23 19:00:00,1.0986,1.1051,1.0971,1.102,1643212.1
2026-06-23 20:00:00,1.102,1.1053,1.1019,1.1044,1887918.8
2026-06-23 21:00:00,1.1044,1.1068,1.1033,1.1049,1080490.3
2026-06-23 22:00:00,1.1049,1.1127,1.1047,1.109,1978100.1
2026-06-23 23:00:00,1.1091,1.1121,1.1058,1.1103,1508636.5
2026-06-24 00:00:00,1.1102,1.1132,1.1088,1.1112,3930142.6
2026-06-24 01:00:00,1.1113,1.1139,1.1072,1.1088,2447586.5
2026-06-24 02:00:00,1.1088,1.1096,1.1048,1.1055,3105320.9
2026-06-24 03:00:00,1.1055,1.1061,1.0991,1.104,2367719.8
2026-06-24 04:00:00,1.104,1.1042,1.0945,1.1017,3584632.3
2026-06-24 05:00:00,1.1017,1.107,1.1014,1.1052,1827257.4
2026-06-24 06:00:00,1.1052,1.1068,1.1024,1.1026,1197058.0
2026-06-24 07:00:00,1.1026,1.103,1.0972,1.0987,1604779.8
2026-06-24 08:00:00,1.0987,1.1036,1.0978,1.1024,1937168.9
2026-06-24 09:00:00,1.1023,1.1023,1.0973,1.0986,1749206.3
2026-06-24 10:00:00,1.0985,1.0988,1.0842,1.0867,10446863.8
2026-06-24 11:00:00,1.0867,1.1026,1.0823,1.0958,4615223.5
2026-06-24 12:00:00,1.0958,1.0959,1.0901,1.0902,2735017.0
2026-06-24 13:00:00,1.0903,1.0909,1.0752,1.0762,11297156.8
2026-06-24 14:00:00,1.0761,1.0824,1.0734,1.0754,7032120.1
2026-06-24 15:00:00,1.0754,1.0757,1.0566,1.0585,10175435.8
2026-06-24 16:00:00,1.0584,1.0678,1.0519,1.0569,11343021.0
2026-06-24 17:00:00,1.0569,1.0612,1.0462,1.0513,9820950.9
2026-06-24 18:00:00,1.0514,1.0708,1.0496,1.0603,7174775.2
2026-06-24 19:00:00,1.0604,1.0622,1.0529,1.0575,5732406.8
2026-06-24 20:00:00,1.0575,1.0787,1.0545,1.0748,6373140.5
2026-06-24 21:00:00,1.0749,1.0775,1.0671,1.0766,3527239.9
2026-06-24 22:00:00,1.0765,1.081,1.0702,1.0715,2273497.1
2026-06-24 23:00:00,1.0715,1.0761,1.0699,1.0736,2071651.2
2026-06-25 00:00:00,1.0736,1.0773,1.0721,1.0742,2984342.5
2026-06-25 01:00:00,1.0741,1.0781,1.0728,1.0755,4269581.5
2026-06-25 02:00:00,1.0755,1.0775,1.0694,1.0716,4493230.9
2026-06-25 03:00:00,1.0716,1.0737,1.0689,1.0719,2873094.0
2026-06-25 04:00:00,1.072,1.0827,1.07,1.0804,3600088.2
2026-06-25 05:00:00,1.0804,1.0883,1.0788,1.0847,3957825.9
2026-06-25 06:00:00,1.0846,1.0899,1.084,1.0882,3395884.5
2026-06-25 07:00:00,1.0883,1.0886,1.0847,1.087,2189050.7
2026-06-25 08:00:00,1.0869,1.087,1.0823,1.083,2009598.3
2026-06-25 09:00:00,1.0831,1.0839,1.0803,1.0814,1663311.1
2026-06-25 10:00:00,1.0815,1.0819,1.0731,1.0737,3097343.3
2026-06-25 11:00:00,1.0738,1.0744,1.068,1.0721,2725017.3
2026-06-25 12:00:00,1.0721,1.0799,1.0672,1.0749,4678575.2
2026-06-25 13:00:00,1.075,1.0766,1.0122,1.0156,27596103.1
2026-06-25 14:00:00,1.0156,1.0494,1.0154,1.0334,24521635.6
2026-06-25 15:00:00,1.0335,1.0381,1.0236,1.0351,7955889.5
2026-06-25 16:00:00,1.0352,1.0447,1.0266,1.0309,8963029.5
2026-06-25 17:00:00,1.0308,1.0462,1.0302,1.0461,5494051.9
2026-06-25 18:00:00,1.0462,1.048,1.0337,1.0346,4530848.8
2026-06-25 19:00:00,1.0347,1.0349,1.0282,1.0344,3262403.6
2026-06-25 20:00:00,1.0344,1.0403,1.0315,1.0334,2369095.4
2026-06-25 21:00:00,1.0334,1.044,1.0329,1.0438,2944826.3
2026-06-25 22:00:00,1.0437,1.0444,1.0386,1.0409,2657386.6
2026-06-25 23:00:00,1.041,1.0486,1.0373,1.0435,3965486.2
2026-06-26 00:00:00,1.0436,1.0463,1.0407,1.0411,4082696.9
2026-06-26 01:00:00,1.0411,1.043,1.029,1.032,3181136.4
2026-06-26 02:00:00,1.0321,1.0325,1.0116,1.0146,15005765.3
2026-06-26 03:00:00,1.0147,1.0359,1.0092,1.0345,9884036.1
2026-06-26 04:00:00,1.0345,1.0357,1.0271,1.0283,4002752.7
2026-06-26 05:00:00,1.0284,1.0355,1.0269,1.0334,4229586.0
2026-06-26 06:00:00,1.0333,1.046,1.0297,1.0447,4667922.4
2026-06-26 07:00:00,1.0446,1.0529,1.0442,1.0499,6300976.7
2026-06-26 08:00:00,1.0498,1.0508,1.0374,1.0394,5029993.5
2026-06-26 09:00:00,1.0394,1.0396,1.029,1.0317,3555097.7
2026-06-26 10:00:00,1.0318,1.0342,1.0259,1.0275,3136228.9
2026-06-26 11:00:00,1.0276,1.0313,1.0199,1.0227,3381922.0
2026-06-26 12:00:00,1.0227,1.0339,1.0164,1.0198,7210040.3
2026-06-26 13:00:00,1.0199,1.0391,1.0113,1.039,9146342.3
2026-06-26 14:00:00,1.039,1.0484,1.0348,1.037,23935605.6
2026-06-26 15:00:00,1.037,1.0496,1.0349,1.0451,8086999.5
2026-06-26 16:00:00,1.0452,1.0537,1.0401,1.0448,7636123.5
2026-06-26 17:00:00,1.0448,1.0513,1.0444,1.0475,4300894.5
2026-06-26 18:00:00,1.0476,1.0501,1.0396,1.0408,2349939.1
2026-06-26 19:00:00,1.0408,1.0537,1.0393,1.0478,4946180.5
2026-06-26 20:00:00,1.0479,1.0558,1.0433,1.0447,5094480.6
2026-06-26 21:00:00,1.0447,1.0471,1.0407,1.0425,2253898.2
2026-06-26 22:00:00,1.0425,1.0483,1.0382,1.0483,2029120.6
2026-06-26 23:00:00,1.0483,1.0499,1.0456,1.049,1708841.1
2026-06-27 00:00:00,1.049,1.0523,1.0441,1.0479,2146454.5
2026-06-27 01:00:00,1.0479,1.0527,1.046,1.0521,1449792.7
2026-06-27 02:00:00,1.0522,1.0671,1.0511,1.0618,6360960.9
2026-06-27 03:00:00,1.0618,1.0627,1.0566,1.0591,2961383.1
2026-06-27 04:00:00,1.0591,1.0641,1.059,1.0601,1860370.0
2026-06-27 05:00:00,1.0602,1.0607,1.053,1.058,2900262.6
2026-06-27 06:00:00,1.058,1.0614,1.0541,1.0599,2477264.1
2026-06-27 07:00:00,1.0599,1.0635,1.0578,1.0602,2344584.0
2026-06-27 08:00:00,1.0603,1.0603,1.0553,1.0573,1306984.3
2026-06-27 09:00:00,1.0574,1.0586,1.0543,1.0584,1586147.2
2026-06-27 10:00:00,1.0584,1.0597,1.0568,1.0594,1140656.5
2026-06-27 11:00:00,1.0594,1.0605,1.0545,1.0594,1516842.3
2026-06-27 12:00:00,1.0593,1.0618,1.0576,1.061,1307164.6
2026-06-27 13:00:00,1.0609,1.0653,1.06,1.0648,2734415.2
2026-06-27 14:00:00,1.0648,1.069,1.0631,1.0689,3054263.5
2026-06-27 15:00:00,1.0689,1.0763,1.0683,1.0752,5173940.6
2026-06-27 16:00:00,1.0753,1.0777,1.0693,1.0702,3417912.7
2026-06-27 17:00:00,1.0702,1.0708,1.0604,1.0605,3650039.6
2026-06-27 18:00:00,1.0606,1.0609,1.0572,1.059,1867020.3
2026-06-27 19:00:00,1.059,1.0601,1.0525,1.0544,3485811.2
2026-06-27 20:00:00,1.0545,1.0568,1.0541,1.0552,1497895.5
2026-06-27 21:00:00,1.0552,1.0579,1.0516,1.0531,2175265.0
2026-06-27 22:00:00,1.0531,1.054,1.0455,1.0536,2343211.2
2026-06-27 23:00:00,1.0537,1.0555,1.047,1.0475,2344074.8
2026-06-28 00:00:00,1.0474,1.0513,1.0469,1.0499,1595105.6
2026-06-28 01:00:00,1.05,1.0514,1.0459,1.0513,1172836.4
2026-06-28 02:00:00,1.0513,1.0535,1.0455,1.0466,2018026.3
2026-06-28 03:00:00,1.0467,1.0509,1.0467,1.0499,879897.1
2026-06-28 04:00:00,1.05,1.0506,1.0463,1.0486,828858.0
2026-06-28 05:00:00,1.0487,1.0487,1.0427,1.0478,1567226.9
2026-06-28 06:00:00,1.0478,1.0488,1.0419,1.0449,1233035.4
2026-06-28 07:00:00,1.0449,1.0515,1.0448,1.0512,1510424.9
2026-06-28 08:00:00,1.0512,1.0591,1.0503,1.0547,2469110.3
2026-06-28 09:00:00,1.0547,1.0555,1.0488,1.0501,2300006.1
2026-06-28 10:00:00,1.05,1.0513,1.046,1.0487,1075947.3
2026-06-28 11:00:00,1.0487,1.0536,1.0468,1.0527,1218399.7
2026-06-28 12:00:00,1.0528,1.0561,1.0491,1.052,1551114.5
2026-06-28 13:00:00,1.052,1.0527,1.0462,1.0496,1522766.1
2026-06-28 14:00:00,1.0496,1.0574,1.0487,1.0525,2132302.2
2026-06-28 15:00:00,1.0525,1.0576,1.0498,1.0526,2059232.0
2026-06-28 16:00:00,1.0526,1.0535,1.044,1.0473,2042350.9
2026-06-28 17:00:00,1.0474,1.0498,1.0413,1.0474,1764793.9
2026-06-28 18:00:00,1.0473,1.0486,1.0434,1.0468,1119892.1
2026-06-28 19:00:00,1.0468,1.0494,1.0391,1.0446,2166900.0
2026-06-28 20:00:00,1.0445,1.0501,1.0439,1.0468,2235152.0
2026-06-28 21:00:00,1.0468,1.0468,1.0383,1.041,1889334.1
2026-06-28 22:00:00,1.041,1.0524,1.0333,1.0382,5960970.7
2026-06-28 23:00:00,1.0381,1.0523,1.0372,1.0485,3230153.2
2026-06-29 00:00:00,1.0485,1.0495,1.0338,1.0476,5002227.5
2026-06-29 01:00:00,1.0476,1.0485,1.0394,1.0434,3143096.1
2026-06-29 02:00:00,1.0433,1.0485,1.0322,1.0464,5681216.3
2026-06-29 03:00:00,1.0464,1.056,1.0463,1.0508,5025290.4
2026-06-29 04:00:00,1.0509,1.0509,1.0421,1.0434,2969601.4
2026-06-29 05:00:00,1.0435,1.0487,1.0361,1.0486,3067827.6
2026-06-29 06:00:00,1.0487,1.0549,1.0475,1.0495,4189886.8
2026-06-29 07:00:00,1.0495,1.0525,1.0457,1.0493,1728974.3
2026-06-29 08:00:00,1.0492,1.0511,1.0421,1.0439,2266455.1
2026-06-29 09:00:00,1.0439,1.0504,1.0433,1.0494,2304521.9
2026-06-29 10:00:00,1.0495,1.0555,1.0495,1.052,3287474.3
2026-06-29 11:00:00,1.0519,1.0612,1.048,1.0536,4775550.9
2026-06-29 12:00:00,1.0535,1.0663,1.0484,1.0554,7853177.3
2026-06-29 13:00:00,1.0554,1.0625,1.0446,1.0506,7011075.8
2026-06-29 14:00:00,1.0506,1.0515,1.0402,1.0496,5816655.0
2026-06-29 15:00:00,1.0497,1.0522,1.0411,1.0494,4219110.9
2026-06-29 16:00:00,1.0495,1.0537,1.0431,1.051,2611279.5
2026-06-29 17:00:00,1.0509,1.069,1.0507,1.0657,7647359.5
2026-06-29 18:00:00,1.0657,1.0695,1.0628,1.0649,2369192.2
2026-06-29 19:00:00,1.065,1.0768,1.0638,1.0753,5081856.6
2026-06-29 20:00:00,1.0753,1.0755,1.063,1.0638,2295260.7
2026-06-29 21:00:00,1.0638,1.066,1.0601,1.0648,3097182.9
2026-06-29 22:00:00,1.0649,1.0656,1.0594,1.0595,1393051.1
2026-06-29 23:00:00,1.0595,1.06,1.0556,1.059,1922091.5
2026-06-30 00:00:00,1.0589,1.0595,1.0486,1.0489,3092934.9
2026-06-30 01:00:00,1.0489,1.0522,1.0475,1.0501,1816678.3
2026-06-30 02:00:00,1.0502,1.0525,1.0463,1.0507,1768893.6
2026-06-30 03:00:00,1.0506,1.0529,1.0441,1.0455,4662079.7
2026-06-30 04:00:00,1.0455,1.048,1.0428,1.0465,1650753.4
2026-06-30 05:00:00,1.0465,1.0495,1.0454,1.0494,1458444.8
2026-06-30 06:00:00,1.0495,1.0514,1.0477,1.0498,1364985.3
2026-06-30 07:00:00,1.0498,1.0507,1.0467,1.0474,1933977.2
2026-06-30 08:00:00,1.0474,1.0483,1.041,1.045,4063526.5
2026-06-30 09:00:00,1.0449,1.0462,1.0422,1.044,1399508.2
2026-06-30 10:00:00,1.0441,1.0444,1.0415,1.0421,1999755.5
2026-06-30 11:00:00,1.0421,1.0438,1.0371,1.0389,2931081.0
2026-06-30 12:00:00,1.0389,1.0389,1.0274,1.0278,5109353.7
2026-06-30 13:00:00,1.0279,1.0361,1.0275,1.0354,5734146.7
2026-06-30 14:00:00,1.0354,1.0453,1.033,1.0346,6013217.4
2026-06-30 15:00:00,1.0346,1.0411,1.0297,1.034,3951743.2
2026-06-30 16:00:00,1.034,1.044,1.0318,1.0414,3714636.7
2026-06-30 17:00:00,1.0414,1.0445,1.038,1.0386,2065095.9
2026-06-30 18:00:00,1.0387,1.0478,1.0376,1.0434,1906953.6
2026-06-30 19:00:00,1.0433,1.05,1.0387,1.0449,2867352.4
2026-06-30 20:00:00,1.0448,1.0468,1.0411,1.0418,1591364.4
2026-06-30 21:00:00,1.0419,1.0428,1.0387,1.0415,1870487.6
2026-06-30 22:00:00,1.0415,1.0445,1.0389,1.0406,1956378.2
2026-06-30 23:00:00,1.0407,1.0409,1.0382,1.0401,1429437.7
2026-07-01 00:00:00,1.0401,1.0412,1.0352,1.0373,3323620.1
2026-07-01 01:00:00,1.0373,1.0435,1.022,1.0414,9085744.9
2026-07-01 02:00:00,1.0414,1.0479,1.0383,1.046,4117602.4
2026-07-01 03:00:00,1.0461,1.0531,1.0424,1.0509,4480794.2
2026-07-01 04:00:00,1.051,1.0544,1.0488,1.0516,2731770.0
2026-07-01 05:00:00,1.0517,1.0534,1.0485,1.0508,2025790.0
2026-07-01 06:00:00,1.0509,1.051,1.0394,1.0423,4482772.7
2026-07-01 07:00:00,1.0424,1.0444,1.0392,1.0441,2015739.8
2026-07-01 08:00:00,1.044,1.048,1.0382,1.0475,2584330.9
2026-07-01 09:00:00,1.0476,1.0492,1.0445,1.046,2590109.6
2026-07-01 10:00:00,1.046,1.0467,1.0394,1.0403,2107988.0
2026-07-01 11:00:00,1.0403,1.0428,1.0367,1.0386,3369697.4
2026-07-01 12:00:00,1.0386,1.0399,1.0345,1.0373,3370729.4
2026-07-01 13:00:00,1.0374,1.0496,1.0367,1.0494,5616179.9
2026-07-01 14:00:00,1.0494,1.0606,1.0466,1.0522,6459722.8
2026-07-01 15:00:00,1.0521,1.0654,1.0516,1.0606,5777128.1
2026-07-01 16:00:00,1.0606,1.0648,1.0556,1.0572,3252858.8
2026-07-01 17:00:00,1.0572,1.0629,1.0547,1.0619,1840579.1
2026-07-01 18:00:00,1.062,1.0642,1.0581,1.0603,1893481.3
2026-07-01 19:00:00,1.0602,1.0656,1.059,1.0614,2751031.6
2026-07-01 20:00:00,1.0614,1.0617,1.0561,1.0583,1817864.7
2026-07-01 21:00:00,1.0583,1.0692,1.058,1.0665,3862814.8
2026-07-01 22:00:00,1.0664,1.0738,1.0601,1.0616,5178996.5
2026-07-01 23:00:00,1.0615,1.0615,1.0521,1.053,3231328.1
2026-07-02 00:00:00,1.0531,1.0531,1.0451,1.0478,3133005.5
2026-07-02 01:00:00,1.0479,1.06,1.0469,1.0574,1866902.8
2026-07-02 02:00:00,1.0574,1.0614,1.055,1.0601,1499807.2
2026-07-02 03:00:00,1.0602,1.0703,1.0564,1.0678,4286526.5
2026-07-02 04:00:00,1.0679,1.0682,1.0616,1.0648,2377823.7
2026-07-02 05:00:00,1.0647,1.0665,1.0587,1.0599,1599476.2
2026-07-02 06:00:00,1.0598,1.062,1.0557,1.0565,1821350.2
2026-07-02 07:00:00,1.0564,1.06,1.0557,1.0587,1565229.5
2026-07-02 08:00:00,1.0587,1.065,1.0585,1.0642,1703588.6
2026-07-02 09:00:00,1.0643,1.0816,1.0622,1.0735,10724923.8
2026-07-02 10:00:00,1.0735,1.0824,1.0727,1.0814,5719799.6
2026-07-02 11:00:00,1.0815,1.0862,1.0772,1.0841,5871761.7
2026-07-02 12:00:00,1.084,1.0972,1.0834,1.0929,8872333.1
2026-07-02 13:00:00,1.0929,1.1125,1.0919,1.1041,10266642.9
2026-07-02 14:00:00,1.1042,1.1077,1.0881,1.0921,7711104.1
2026-07-02 15:00:00,1.0921,1.0967,1.0863,1.0938,3930920.9
2026-07-02 16:00:00,1.0939,1.0965,1.0866,1.091,3332589.4
2026-07-02 17:00:00,1.0909,1.0942,1.0881,1.0884,2371261.7
2026-07-02 18:00:00,1.0885,1.0917,1.0872,1.0893,1233801.2
2026-07-02 19:00:00,1.0894,1.0897,1.0837,1.0854,2437940.8
2026-07-02 20:00:00,1.0854,1.0858,1.0814,1.0834,1912783.6
2026-07-02 21:00:00,1.0833,1.0845,1.0791,1.0816,1919202.6
2026-07-02 22:00:00,1.0815,1.085,1.0789,1.0839,2196935.9
2026-07-02 23:00:00,1.0839,1.0883,1.0824,1.0881,1540598.2
2026-07-03 00:00:00,1.0882,1.0887,1.0828,1.0841,1664263.9
2026-07-03 01:00:00,1.084,1.0959,1.0836,1.0941,1519505.7
2026-07-03 02:00:00,1.0942,1.0954,1.0871,1.0914,2290450.7
2026-07-03 03:00:00,1.0913,1.0927,1.0865,1.0907,1446267.4
2026-07-03 04:00:00,1.0907,1.0942,1.0887,1.0926,1546028.1
2026-07-03 05:00:00,1.0926,1.1017,1.0916,1.1001,2457671.5
2026-07-03 06:00:00,1.1,1.1068,1.0992,1.101,3078313.5
2026-07-03 07:00:00,1.101,1.1051,1.0978,1.1025,2792889.7
2026-07-03 08:00:00,1.1026,1.1075,1.0991,1.1001,2113892.7
2026-07-03 09:00:00,1.1001,1.1044,1.0981,1.1012,2221597.0
2026-07-03 10:00:00,1.1012,1.1129,1.0993,1.1092,4539779.3
2026-07-03 11:00:00,1.1093,1.1124,1.1066,1.11,3681837.7
2026-07-03 12:00:00,1.1101,1.114,1.1037,1.1077,3057478.9
2026-07-03 13:00:00,1.1078,1.1155,1.1078,1.1113,3165637.5
2026-07-03 14:00:00,1.1112,1.1139,1.1056,1.1122,5143346.2
2026-07-03 15:00:00,1.1122,1.1238,1.112,1.1201,7150014.5
2026-07-03 16:00:00,1.1201,1.1216,1.114,1.1151,6039986.1
2026-07-03 17:00:00,1.1152,1.1244,1.1144,1.1235,3576737.7
2026-07-03 18:00:00,1.1235,1.1294,1.1204,1.1269,3529808.2
2026-07-03 19:00:00,1.1269,1.1453,1.1262,1.1319,8858494.4
2026-07-03 20:00:00,1.1319,1.1441,1.1278,1.1395,6643394.5
2026-07-03 21:00:00,1.1395,1.1415,1.1274,1.1335,3424909.2
2026-07-03 22:00:00,1.1335,1.1355,1.1277,1.1302,1403630.7
2026-07-03 23:00:00,1.1303,1.1384,1.1287,1.1348,2761440.1
2026-07-04 00:00:00,1.1348,1.1434,1.1336,1.1417,3431012.8
2026-07-04 01:00:00,1.1418,1.1418,1.1315,1.1333,3227874.7
2026-07-04 02:00:00,1.1333,1.139,1.1321,1.1357,1597840.7
2026-07-04 03:00:00,1.1356,1.1414,1.1321,1.138,1731460.5
2026-07-04 04:00:00,1.138,1.1496,1.1366,1.148,3904970.1
2026-07-04 05:00:00,1.148,1.148,1.1377,1.1393,3449170.6
2026-07-04 06:00:00,1.1393,1.1468,1.1339,1.1378,3748392.6
2026-07-04 07:00:00,1.1379,1.1431,1.1332,1.1396,2325846.9
2026-07-04 08:00:00,1.1395,1.149,1.1395,1.1418,3598998.7
2026-07-04 09:00:00,1.1418,1.1441,1.135,1.1371,3157438.5
2026-07-04 10:00:00,1.137,1.1426,1.1355,1.1417,2412281.1
2026-07-04 11:00:00,1.1416,1.1446,1.1383,1.1401,2564659.0
2026-07-04 12:00:00,1.1401,1.1546,1.1401,1.1479,4122327.5
2026-07-04 13:00:00,1.1479,1.1613,1.1475,1.1531,5458134.6
2026-07-04 14:00:00,1.1531,1.1746,1.1528,1.1735,11460616.3
2026-07-04 15:00:00,1.1736,1.1804,1.1672,1.1724,7421049.6
2026-07-04 16:00:00,1.1724,1.1773,1.1637,1.174,4581183.9
2026-07-04 17:00:00,1.174,1.1843,1.168,1.1814,5202930.7
2026-07-04 18:00:00,1.1814,1.1826,1.1736,1.175,3081613.4
2026-07-04 19:00:00,1.1749,1.1784,1.1668,1.1684,3801796.3
2026-07-04 20:00:00,1.1684,1.1698,1.1597,1.1628,3480895.6
2026-07-04 21:00:00,1.1628,1.1684,1.1616,1.1661,1717810.2
2026-07-04 22:00:00,1.1661,1.1669,1.1603,1.1622,1994452.4
2026-07-04 23:00:00,1.1623,1.1625,1.1541,1.1574,3249331.9
2026-07-05 00:00:00,1.1573,1.1574,1.147,1.1495,3976514.2
2026-07-05 01:00:00,1.1495,1.1512,1.1425,1.1454,3367277.3
2026-07-05 02:00:00,1.1454,1.1455,1.1335,1.1374,3920547.7
2026-07-05 03:00:00,1.1373,1.1409,1.1357,1.1384,2299774.5
2026-07-05 04:00:00,1.1385,1.1424,1.1366,1.1382,2058063.6
2026-07-05 05:00:00,1.1381,1.1381,1.1329,1.1364,1598312.4
2026-07-05 06:00:00,1.1364,1.1395,1.134,1.1385,1215825.8
2026-07-05 07:00:00,1.1385,1.1414,1.1356,1.1404,1376330.7
2026-07-05 08:00:00,1.1403,1.1417,1.1375,1.1388,1545852.9
2026-07-05 09:00:00,1.1388,1.1395,1.1262,1.1278,3929501.9
2026-07-05 10:00:00,1.1277,1.13,1.1248,1.1294,2120371.2
2026-07-05 11:00:00,1.1295,1.1334,1.1281,1.132,1522153.5
2026-07-05 12:00:00,1.132,1.1368,1.1288,1.1357,1951343.3
2026-07-05 13:00:00,1.1357,1.137,1.1308,1.1355,1217176.8
2026-07-05 14:00:00,1.1356,1.138,1.1336,1.1372,803020.6
2026-07-05 15:00:00,1.1372,1.1414,1.1347,1.137,2079528.9
2026-07-05 16:00:00,1.1371,1.139,1.134,1.1349,1659998.0
2026-07-05 17:00:00,1.1349,1.139,1.1319,1.1347,1419930.0
2026-07-05 18:00:00,1.1346,1.1403,1.1345,1.1361,958392.8
2026-07-05 19:00:00,1.136,1.1381,1.1336,1.1352,1389940.9
2026-07-05 20:00:00,1.1352,1.1381,1.1346,1.1373,1201165.8
2026-07-05 21:00:00,1.1374,1.1484,1.1351,1.1446,2461171.6
2026-07-05 22:00:00,1.1446,1.1625,1.1425,1.158,6625889.6
2026-07-05 23:00:00,1.158,1.1696,1.1555,1.1572,5358019.3
2026-07-06 00:00:00,1.1572,1.1589,1.1457,1.1561,2671939.5
2026-07-06 01:00:00,1.156,1.1614,1.1523,1.1527,2302062.3
2026-07-06 02:00:00,1.1527,1.1544,1.1461,1.1487,1750425.7
2026-07-06 03:00:00,1.1486,1.1508,1.1416,1.1475,1815699.6
2026-07-06 04:00:00,1.1474,1.149,1.1444,1.1461,1223836.0
2026-07-06 05:00:00,1.146,1.1461,1.1367,1.1409,2210787.2
2026-07-06 06:00:00,1.1409,1.1415,1.1366,1.138,1220567.3
2026-07-06 07:00:00,1.1379,1.1471,1.1366,1.146,1485862.6
2026-07-06 08:00:00,1.1461,1.1514,1.14,1.1425,1934196.6
2026-07-06 09:00:00,1.1425,1.1427,1.1342,1.1361,1883991.5
2026-07-06 10:00:00,1.1362,1.1449,1.136,1.1427,1371695.1
2026-07-06 11:00:00,1.1427,1.1438,1.135,1.1352,1620740.3
2026-07-06 12:00:00,1.1352,1.1354,1.114,1.1153,9368780.8
2026-07-06 13:00:00,1.1152,1.1227,1.1095,1.116,7572134.4
2026-07-06 14:00:00,1.116,1.127,1.1138,1.1236,3239981.8
2026-07-06 15:00:00,1.1236,1.1454,1.1234,1.1446,6570074.1
2026-07-06 16:00:00,1.1447,1.1544,1.1397,1.1534,6644024.0
2026-07-06 17:00:00,1.1535,1.1593,1.1445,1.1467,7171278.9
2026-07-06 18:00:00,1.1467,1.1504,1.1412,1.1482,3489114.4
2026-07-06 19:00:00,1.1481,1.1528,1.1451,1.149,3901295.2
2026-07-06 20:00:00,1.1489,1.149,1.1422,1.1441,3087681.6
2026-07-06 21:00:00,1.144,1.165,1.1437,1.1537,7007821.9
2026-07-06 22:00:00,1.1537,1.1547,1.1469,1.1477,2506117.8
2026-07-06 23:00:00,1.1478,1.1502,1.144,1.145,1680325.9
2026-07-07 00:00:00,1.145,1.1514,1.1446,1.1487,2770263.5
2026-07-07 01:00:00,1.1486,1.1486,1.1395,1.1412,2495241.6
2026-07-07 02:00:00,1.1412,1.1422,1.1298,1.1308,3216790.5
2026-07-07 03:00:00,1.1309,1.1343,1.1274,1.1294,3615656.4
2026-07-07 04:00:00,1.1293,1.1296,1.1233,1.1253,3425991.7
2026-07-07 05:00:00,1.1253,1.1297,1.1212,1.1276,2761807.8
2026-07-07 06:00:00,1.1276,1.1333,1.125,1.1326,2094089.6
2026-07-07 07:00:00,1.1325,1.1353,1.1267,1.1267,1649009.7
2026-07-07 08:00:00,1.1268,1.1282,1.1242,1.125,1203554.5
2026-07-07 09:00:00,1.125,1.1276,1.1242,1.1271,1551921.1
2026-07-07 10:00:00,1.1271,1.1303,1.123,1.1238,2028688.0
2026-07-07 11:00:00,1.1238,1.1257,1.12,1.1251,2783768.3
2026-07-07 12:00:00,1.1252,1.1324,1.1248,1.1267,3076438.8
2026-07-07 13:00:00,1.1267,1.1278,1.1191,1.1208,2431259.3
2026-07-07 14:00:00,1.1209,1.126,1.1084,1.1252,5555238.9
2026-07-07 15:00:00,1.1251,1.133,1.1207,1.1305,5298962.1
2026-07-07 16:00:00,1.1304,1.1354,1.1249,1.1293,4776209.3
2026-07-07 17:00:00,1.1294,1.1326,1.1264,1.1326,1959581.7
2026-07-07 18:00:00,1.1326,1.1326,1.1192,1.1194,2356906.2
2026-07-07 19:00:00,1.1193,1.1259,1.1134,1.1228,3468905.8
2026-07-07 20:00:00,1.1229,1.1232,1.1172,1.1187,1449425.2
2026-07-07 21:00:00,1.1187,1.1217,1.1121,1.1136,1574031.8
2026-07-07 22:00:00,1.1135,1.1171,1.1065,1.1154,3458179.8
2026-07-07 23:00:00,1.1154,1.1206,1.111,1.112,4213449.2
2026-07-08 00:00:00,1.112,1.1165,1.1101,1.1139,2658887.5
2026-07-08 01:00:00,1.114,1.1157,1.0978,1.099,5395930.2
2026-07-08 02:00:00,1.099,1.1018,1.0887,1.1005,8185152.9
2026-07-08 03:00:00,1.1005,1.1042,1.0943,1.0955,3360820.0
2026-07-08 04:00:00,1.0955,1.0975,1.0919,1.0947,1953987.8
2026-07-08 05:00:00,1.0948,1.0962,1.0892,1.0914,1972823.4
2026-07-08 06:00:00,1.0914,1.0926,1.0866,1.0914,3451623.1
2026-07-08 07:00:00,1.0914,1.0954,1.0882,1.094,2848519.6
2026-07-08 08:00:00,1.094,1.0953,1.0751,1.0802,9444216.7
2026-07-08 09:00:00,1.0801,1.0822,1.0757,1.0793,3800729.8
2026-07-08 10:00:00,1.0794,1.0841,1.0765,1.0836,2272295.5
2026-07-08 11:00:00,1.0836,1.089,1.0803,1.0867,2934948.2
2026-07-08 12:00:00,1.0867,1.0887,1.082,1.082,2008631.9
2026-07-08 13:00:00,1.082,1.0877,1.0776,1.0814,8178298.4
2026-07-08 14:00:00,1.0814,1.0848,1.0745,1.078,4880936.2
2026-07-08 15:00:00,1.0781,1.0785,1.0694,1.0736,4378026.2
2026-07-08 16:00:00,1.0736,1.0844,1.0732,1.0843,4482422.3
2026-07-08 17:00:00,1.0843,1.0952,1.0839,1.0863,5582019.9
2026-07-08 18:00:00,1.0862,1.0909,1.0832,1.0879,2158812.3
2026-07-08 19:00:00,1.0879,1.096,1.0849,1.0912,2817020.2
2026-07-08 20:00:00,1.0913,1.0929,1.0876,1.089,2080651.5
2026-07-08 21:00:00,1.0889,1.0915,1.0842,1.0909,1518424.3
2026-07-08 22:00:00,1.091,1.0931,1.0896,1.0929,812383.0
2026-07-08 23:00:00,1.0929,1.0929,1.0877,1.0908,1364189.5
2026-07-09 00:00:00,1.0907,1.0917,1.087,1.0881,1094072.2
2026-07-09 01:00:00,1.0881,1.0988,1.0828,1.0834,3145757.8
2026-07-09 02:00:00,1.0835,1.0903,1.0826,1.0845,1880333.0
2026-07-09 03:00:00,1.0845,1.0896,1.0829,1.0876,1374099.9
2026-07-09 04:00:00,1.0877,1.0947,1.0848,1.0943,2033770.7
2026-07-09 05:00:00,1.0942,1.1002,1.0913,1.0992,2555119.3
2026-07-09 06:00:00,1.0993,1.1027,1.0966,1.1002,2179119.9
2026-07-09 07:00:00,1.1002,1.1029,1.0951,1.0982,2279717.1
2026-07-09 08:00:00,1.0981,1.0993,1.095,1.0954,1621440.0
2026-07-09 09:00:00,1.0955,1.0956,1.0916,1.0944,1234989.4
2026-07-09 10:00:00,1.0944,1.0967,1.0902,1.0921,1782517.7
2026-07-09 11:00:00,1.0922,1.0941,1.0905,1.0936,1994702.4
2026-07-09 12:00:00,1.0935,1.0971,1.0908,1.0939,5424108.3
2026-07-09 13:00:00,1.094,1.1018,1.093,1.0991,2489814.5
2026-07-09 14:00:00,1.0991,1.101,1.0911,1.0937,2583432.3
2026-07-09 15:00:00,1.0937,1.0969,1.0893,1.0899,2416238.3
2026-07-09 16:00:00,1.09,1.0921,1.0864,1.0887,1988751.8
2026-07-09 17:00:00,1.0886,1.0981,1.0886,1.0962,1475635.2
2026-07-09 18:00:00,1.0963,1.1005,1.0931,1.0949,1907945.2
2026-07-09 19:00:00,1.095,1.0987,1.0921,1.0976,1271186.4
2026-07-09 20:00:00,1.0976,1.0998,1.0955,1.0974,487665.4
2026-07-09 21:00:00,1.0974,1.0985,1.0968,1.0979,485867.1
2026-07-09 22:00:00,1.0979,1.0986,1.0958,1.0961,581743.6
2026-07-09 23:00:00,1.0961,1.0964,1.0924,1.0932,1114538.0
2026-07-10 00:00:00,1.0933,1.0936,1.0891,1.0922,1180584.5
2026-07-10 01:00:00,1.0922,1.109,1.0902,1.1049,3560582.9
2026-07-10 02:00:00,1.1049,1.1097,1.1026,1.1078,2189219.3
2026-07-10 03:00:00,1.1078,1.1094,1.1039,1.107,1226072.6
2026-07-10 04:00:00,1.107,1.1123,1.106,1.1094,1502618.7
2026-07-10 05:00:00,1.1095,1.1107,1.1073,1.1097,1683606.3
2026-07-10 06:00:00,1.1096,1.1107,1.1048,1.1056,1686794.4
2026-07-10 07:00:00,1.1057,1.1078,1.1035,1.1055,1160599.6
2026-07-10 08:00:00,1.1056,1.1157,1.1046,1.1121,2873521.2
2026-07-10 09:00:00,1.112,1.1183,1.1098,1.1156,2694366.8
2026-07-10 10:00:00,1.1155,1.1179,1.1127,1.1141,3135968.2
2026-07-10 11:00:00,1.1141,1.1157,1.1091,1.1125,2695207.3
2026-07-10 12:00:00,1.1125,1.1146,1.1072,1.1073,4016314.1
2026-07-10 13:00:00,1.1073,1.113,1.1062,1.1102,2962405.1
2026-07-10 14:00:00,1.1102,1.1103,1.0964,1.1009,7432918.9
2026-07-10 15:00:00,1.101,1.1059,1.1001,1.1037,3995869.0
2026-07-10 16:00:00,1.1037,1.1061,1.0994,1.1051,3265851.3
2026-07-10 17:00:00,1.105,1.1061,1.1006,1.1008,3098814.0
2026-07-10 18:00:00,1.1009,1.1049,1.0972,1.0996,1839830.3
2026-07-10 19:00:00,1.0996,1.1067,1.0983,1.1051,2122671.0
2026-07-10 20:00:00,1.1052,1.1065,1.103,1.1041,1083845.4
2026-07-10 21:00:00,1.1041,1.1067,1.1026,1.1049,1082505.5
2026-07-10 22:00:00,1.1048,1.1062,1.1035,1.1055,849429.7
2026-07-10 23:00:00,1.1055,1.1056,1.1031,1.1046,686456.5
2026-07-11 00:00:00,1.1047,1.1057,1.1016,1.1053,776554.3
2026-07-11 01:00:00,1.1053,1.1083,1.1028,1.103,791418.3
2026-07-11 02:00:00,1.103,1.1068,1.1025,1.1063,654718.4
2026-07-11 03:00:00,1.1063,1.1097,1.1055,1.1077,1213119.5
2026-07-11 04:00:00,1.1076,1.1079,1.1039,1.1047,880050.5
2026-07-11 05:00:00,1.1047,1.1078,1.1037,1.1065,670863.1
2026-07-11 06:00:00,1.1065,1.1093,1.1052,1.1076,1065697.2
2026-07-11 07:00:00,1.1076,1.1093,1.1072,1.1077,739388.0
2026-07-11 08:00:00,1.1076,1.1089,1.1058,1.1086,997998.1
2026-07-11 09:00:00,1.1085,1.111,1.1064,1.1065,769807.6
2026-07-11 10:00:00,1.1065,1.1092,1.1061,1.109,1062789.0
2026-07-11 11:00:00,1.1091,1.1104,1.1077,1.1086,1073019.8
2026-07-11 12:00:00,1.1085,1.1096,1.1077,1.1088,648219.5
2026-07-11 13:00:00,1.1088,1.112,1.1082,1.1088,640936.3
2026-07-11 14:00:00,1.1088,1.1156,1.1088,1.1137,2248890.5
2026-07-11 15:00:00,1.1138,1.1184,1.1093,1.1133,5063706.0
2026-07-11 16:00:00,1.1133,1.1163,1.111,1.1128,1823012.0
2026-07-11 17:00:00,1.1128,1.1172,1.1115,1.1148,881428.9
2026-07-11 18:00:00,1.1149,1.1182,1.1139,1.1171,846480.3
2026-07-11 19:00:00,1.1171,1.1193,1.114,1.1155,1251325.8
2026-07-11 20:00:00,1.1155,1.1162,1.1138,1.1144,629443.9
2026-07-11 21:00:00,1.1144,1.1168,1.1138,1.1148,931495.5
2026-07-11 22:00:00,1.1148,1.1151,1.1078,1.1091,2127794.8
2026-07-11 23:00:00,1.1092,1.1095,1.0961,1.0967,4919166.1
2026-07-12 00:00:00,1.0967,1.0986,1.0894,1.0932,4340864.3
2026-07-12 01:00:00,1.0932,1.0989,1.0926,1.0989,2946152.5
2026-07-12 02:00:00,1.0989,1.0989,1.0951,1.0961,917270.6
2026-07-12 03:00:00,1.0961,1.0998,1.0955,1.0998,2144656.4
2026-07-12 04:00:00,1.0998,1.1001,1.0945,1.0956,1619609.8
2026-07-12 05:00:00,1.0956,1.0964,1.0938,1.0946,543135.1
2026-07-12 06:00:00,1.0945,1.0945,1.0868,1.0916,3246318.7
2026-07-12 07:00:00,1.0916,1.0936,1.0902,1.0913,1112804.7
2026-07-12 08:00:00,1.0914,1.095,1.091,1.0937,1244195.1
2026-07-12 09:00:00,1.0938,1.097,1.0906,1.0948,1501935.7
2026-07-12 10:00:00,1.0949,1.0962,1.0936,1.0949,545429.8
2026-07-12 11:00:00,1.0949,1.0985,1.0928,1.0964,667825.1
2026-07-12 12:00:00,1.0963,1.1,1.0958,1.0991,1024758.0
2026-07-12 13:00:00,1.0991,1.1013,1.0971,1.0983,1413156.0
2026-07-12 14:00:00,1.0983,1.1043,1.0963,1.1017,1144616.1
2026-07-12 15:00:00,1.1018,1.1035,1.1,1.102,1148601.2
2026-07-12 16:00:00,1.1021,1.104,1.1,1.1018,1007460.3
2026-07-12 17:00:00,1.1018,1.1026,1.0973,1.0984,999229.8
2026-07-12 18:00:00,1.0984,1.1015,1.0973,1.1008,622522.5
2026-07-12 19:00:00,1.1009,1.1018,1.098,1.1004,671363.9
2026-07-12 20:00:00,1.1004,1.101,1.0988,1.0994,771220.7
2026-07-12 21:00:00,1.0995,1.1012,1.0934,1.0943,1676137.3
2026-07-12 22:00:00,1.0943,1.0943,1.0811,1.0864,5046828.2
2026-07-12 23:00:00,1.0864,1.0877,1.0838,1.0858,2022400.2
2026-07-13 00:00:00,1.0859,1.103,1.0837,1.0931,4301747.5
2026-07-13 01:00:00,1.093,1.094,1.0795,1.0808,4879254.7
2026-07-13 02:00:00,1.0809,1.0835,1.0765,1.0799,5770747.7
2026-07-13 03:00:00,1.0799,1.0799,1.0674,1.0723,5513374.6
2026-07-13 04:00:00,1.0724,1.0757,1.0707,1.0727,1810262.9
2026-07-13 05:00:00,1.0728,1.079,1.0702,1.076,2537028.9
2026-07-13 06:00:00,1.0761,1.0781,1.075,1.078,1584608.4
2026-07-13 07:00:00,1.078,1.0817,1.0768,1.0796,1961785.2
2026-07-13 08:00:00,1.0797,1.0832,1.0785,1.0798,1791966.3
2026-07-13 09:00:00,1.0798,1.0808,1.0786,1.0787,1293454.4
2026-07-13 10:00:00,1.0787,1.0796,1.076,1.0771,1603442.6
2026-07-13 11:00:00,1.0772,1.0813,1.0772,1.0774,1407894.8
2026-07-13 12:00:00,1.0774,1.0786,1.0674,1.0737,4468961.0
2026-07-13 13:00:00,1.0737,1.0738,1.0656,1.0688,3948639.4
2026-07-13 14:00:00,1.0687,1.0782,1.0671,1.0775,4218877.2
2026-07-13 15:00:00,1.0774,1.0803,1.072,1.0725,2116151.6
2026-07-13 16:00:00,1.0725,1.0745,1.0665,1.0687,1952429.1
2026-07-13 17:00:00,1.0686,1.0707,1.0589,1.0591,3916395.0
2026-07-13 18:00:00,1.0591,1.0631,1.0567,1.0615,4689784.1
2026-07-13 19:00:00,1.0615,1.0708,1.0607,1.0674,3040225.5
2026-07-13 20:00:00,1.0674,1.0683,1.0591,1.0624,1469758.2
2026-07-13 21:00:00,1.0624,1.0625,1.0535,1.0596,2384222.7
2026-07-13 22:00:00,1.0596,1.0631,1.0587,1.0587,1969098.1
2026-07-13 23:00:00,1.0588,1.0675,1.0577,1.0675,2611735.3
2026-07-14 00:00:00,1.0675,1.0706,1.0646,1.0693,1641328.8
2026-07-14 01:00:00,1.0693,1.071,1.0651,1.0652,1404048.7
2026-07-14 02:00:00,1.0652,1.0675,1.0627,1.0659,1477129.4
2026-07-14 03:00:00,1.066,1.0673,1.061,1.0662,2050746.2
2026-07-14 04:00:00,1.0661,1.0691,1.0643,1.0682,2046138.7
2026-07-14 05:00:00,1.0681,1.0732,1.0675,1.0715,3021658.7
2026-07-14 06:00:00,1.0715,1.0716,1.0692,1.0699,1021372.1
2026-07-14 07:00:00,1.0699,1.0716,1.0675,1.0689,1184701.1
2026-07-14 08:00:00,1.0689,1.0715,1.0674,1.0689,1030609.2
2026-07-14 09:00:00,1.0689,1.0707,1.0677,1.0684,948913.2
2026-07-14 10:00:00,1.0684,1.0723,1.0677,1.071,2350566.7
2026-07-14 11:00:00,1.0711,1.073,1.0693,1.0725,2063399.6
2026-07-14 12:00:00,1.0726,1.0913,1.0705,1.0893,10391533.9
2026-07-14 13:00:00,1.0894,1.105,1.0854,1.0991,10966738.3
2026-07-14 14:00:00,1.0992,1.105,1.095,1.103,5422055.8
2026-07-14 15:00:00,1.103,1.1108,1.101,1.1047,5677834.6
2026-07-14 16:00:00,1.1047,1.1086,1.1028,1.1048,2357320.5
2026-07-14 17:00:00,1.1047,1.1052,1.0981,1.1044,3715512.1
2026-07-14 18:00:00,1.1044,1.1133,1.1033,1.1122,2963007.4
2026-07-14 19:00:00,1.1123,1.121,1.1109,1.1153,7712567.6
2026-07-14 20:00:00,1.1152,1.1158,1.1096,1.1104,2395169.8
2026-07-14 21:00:00,1.1104,1.1112,1.1069,1.108,1801167.6
2026-07-14 22:00:00,1.1081,1.1139,1.105,1.1102,3279474.3
2026-07-14 23:00:00,1.1103,1.1127,1.109,1.1117,1401917.3
2026-07-15 00:00:00,1.1118,1.1123,1.1066,1.1082,2680522.1
2026-07-15 01:00:00,1.1083,1.1085,1.1022,1.1033,2255574.2
2026-07-15 02:00:00,1.1033,1.1042,1.099,1.0996,1261096.9
2026-07-15 03:00:00,1.0995,1.1052,1.0994,1.1042,2331554.4
2026-07-15 04:00:00,1.1042,1.1065,1.1013,1.1033,1539023.8
2026-07-15 05:00:00,1.1034,1.1071,1.0997,1.1066,999095.6
2026-07-15 06:00:00,1.1067,1.1139,1.1058,1.1074,3389080.0
2026-07-15 07:00:00,1.1074,1.1081,1.1018,1.1038,1831323.7
2026-07-15 08:00:00,1.1039,1.109,1.1032,1.1079,1439883.6
2026-07-15 09:00:00,1.108,1.1125,1.1077,1.1088,1833320.6
2026-07-15 10:00:00,1.1087,1.11,1.1061,1.1084,1598090.4
2026-07-15 11:00:00,1.1083,1.1094,1.1069,1.1083,1324583.9
2026-07-15 12:00:00,1.1084,1.1217,1.1055,1.1211,6090850.0
2026-07-15 13:00:00,1.121,1.1293,1.1178,1.1218,7321804.7
2026-07-15 14:00:00,1.1219,1.1302,1.1183,1.1258,5806995.2
2026-07-15 15:00:00,1.1258,1.1287,1.1207,1.1263,4782448.9
2026-07-15 16:00:00,1.1263,1.1272,1.1079,1.114,4761349.9
2026-07-15 17:00:00,1.114,1.1196,1.1112,1.1176,2862212.3
2026-07-15 18:00:00,1.1176,1.1214,1.1117,1.1125,2502343.5
2026-07-15 19:00:00,1.1125,1.1148,1.1088,1.1099,2314380.0
2026-07-15 20:00:00,1.1099,1.114,1.1082,1.1114,1394927.6
2026-07-15 21:00:00,1.1114,1.1161,1.1106,1.1157,2100365.6
2026-07-15 22:00:00,1.1157,1.1192,1.1147,1.1161,1842796.0
2026-07-15 23:00:00,1.1162,1.117,1.1121,1.1133,1215461.7
2026-07-16 00:00:00,1.1132,1.1164,1.1084,1.1107,2258465.7
2026-07-16 01:00:00,1.1107,1.115,1.1058,1.1139,1551222.3
2026-07-16 02:00:00,1.1139,1.1173,1.1115,1.117,1090862.7
2026-07-16 03:00:00,1.117,1.1178,1.1119,1.1129,2383485.7
2026-07-16 04:00:00,1.1129,1.114,1.1109,1.1139,1499053.6
2026-07-16 05:00:00,1.114,1.118,1.1134,1.116,1219068.4
2026-07-16 06:00:00,1.116,1.1182,1.112,1.1143,2031925.0
2026-07-16 07:00:00,1.1144,1.1156,1.1036,1.1062,4438449.6
2026-07-16 08:00:00,1.1063,1.1101,1.0996,1.1069,5109978.4
2026-07-16 09:00:00,1.1068,1.108,1.1047,1.105,1843184.1
2026-07-16 10:00:00,1.1051,1.1094,1.1042,1.1085,1660850.1
2026-07-16 11:00:00,1.1085,1.109,1.1053,1.1085,1852650.1
2026-07-16 12:00:00,1.1085,1.1105,1.1,1.1016,4350239.8
2026-07-16 13:00:00,1.1015,1.1123,1.1013,1.11,3476226.5
2026-07-16 14:00:00,1.11,1.1164,1.1083,1.1118,3698662.9
2026-07-16 15:00:00,1.1118,1.1182,1.1061,1.1148,3001943.0
2026-07-16 16:00:00,1.1148,1.1151,1.1076,1.1091,2043583.4
2026-07-16 17:00:00,1.1091,1.1091,1.0888,1.0946,6957072.0
2026-07-16 18:00:00,1.0946,1.0959,1.0882,1.0934,2742979.1
2026-07-16 19:00:00,1.0934,1.0993,1.0931,1.0973,2308785.2
2026-07-16 20:00:00,1.0972,1.0985,1.0952,1.0976,1073715.9
2026-07-16 21:00:00,1.0975,1.0989,1.0956,1.098,1219904.2
2026-07-16 22:00:00,1.0981,1.0991,1.0897,1.0903,2664248.5
2026-07-16 23:00:00,1.0903,1.0912,1.0853,1.0871,2471232.1
2026-07-17 00:00:00,1.087,1.0919,1.0829,1.0919,4021081.7
2026-07-17 01:00:00,1.0919,1.0956,1.0858,1.0878,2364922.5
2026-07-17 02:00:00,1.0878,1.0911,1.0856,1.088,1855746.0
2026-07-17 03:00:00,1.0881,1.0949,1.088,1.0925,1361175.9
2026-07-17 04:00:00,1.0924,1.0927,1.0876,1.0903,1156601.5
2026-07-17 05:00:00,1.0902,1.0906,1.0796,1.0805,2480963.0
2026-07-17 06:00:00,1.0805,1.0878,1.0793,1.0872,2377963.7
2026-07-17 07:00:00,1.0872,1.0873,1.0825,1.0837,1166012.5
2026-07-17 08:00:00,1.0838,1.0861,1.0793,1.0848,1546283.4
2026-07-17 09:00:00,1.0849,1.0885,1.0846,1.0851,2182400.1
2026-07-17 10:00:00,1.0852,1.0882,1.085,1.0865,2456925.3
2026-07-17 11:00:00,1.0864,1.0871,1.0836,1.0847,2435257.7
2026-07-17 12:00:00,1.0846,1.0848,1.078,1.0782,2780275.0
2026-07-17 13:00:00,1.0781,1.0807,1.0698,1.0803,6094029.2
2026-07-17 14:00:00,1.0804,1.0867,1.0803,1.0825,4109607.7
2026-07-17 15:00:00,1.0825,1.0835,1.0743,1.0831,4577838.8
2026-07-17 16:00:00,1.0832,1.0901,1.0811,1.0863,3722630.1
2026-07-17 17:00:00,1.0864,1.0958,1.0864,1.0919,2131748.8
2026-07-17 18:00:00,1.0919,1.0942,1.0877,1.0923,1516945.5
2026-07-17 19:00:00,1.0923,1.0933,1.0858,1.0913,1494319.7
2026-07-17 20:00:00,1.0913,1.0914,1.0867,1.0885,1103361.2
2026-07-17 21:00:00,1.0886,1.0913,1.088,1.0885,860855.1
2026-07-17 22:00:00,1.0886,1.0891,1.087,1.0884,676352.2
2026-07-17 23:00:00,1.0883,1.0904,1.0868,1.089,877846.6
2026-07-18 00:00:00,1.0891,1.091,1.088,1.0882,737346.4
2026-07-18 01:00:00,1.0882,1.0883,1.0873,1.0874,44091.9
