timestamp,open,high,low,close,volume
2022-07-18 20:00:00,0.4727,0.4949,0.4716,0.4904,48208835.0
2022-07-19 00:00:00,0.4904,0.5017,0.4764,0.4767,77798764.5
2022-07-19 04:00:00,0.4768,0.4877,0.4733,0.4791,46320377.3
2022-07-19 08:00:00,0.4791,0.4934,0.4772,0.4886,37388017.1
2022-07-19 12:00:00,0.4885,0.51,0.4885,0.5023,98717270.8
2022-07-19 16:00:00,0.5024,0.5147,0.5011,0.505,69365151.4
2022-07-19 20:00:00,0.505,0.526,0.5043,0.5152,56768727.5
2022-07-20 00:00:00,0.5152,0.5299,0.5073,0.5259,54604214.6
2022-07-20 04:00:00,0.5259,0.5487,0.5239,0.5301,69009009.7
2022-07-20 08:00:00,0.5301,0.5395,0.5211,0.527,66466397.9
2022-07-20 12:00:00,0.5269,0.5346,0.5183,0.5279,59713901.4
2022-07-20 16:00:00,0.5279,0.529,0.5034,0.5053,71602013.4
2022-07-20 20:00:00,0.5053,0.5091,0.4868,0.491,68384181.7
2022-07-21 00:00:00,0.491,0.4983,0.4767,0.4796,51006757.6
2022-07-21 04:00:00,0.4797,0.4938,0.4762,0.4904,39747027.9
2022-07-21 08:00:00,0.4903,0.4934,0.4788,0.4834,39166204.2
2022-07-21 12:00:00,0.4833,0.4909,0.4756,0.4827,49783761.0
2022-07-21 16:00:00,0.4826,0.4971,0.4825,0.4971,44685651.3
2022-07-21 20:00:00,0.497,0.5023,0.4936,0.4993,37508779.1
2022-07-22 00:00:00,0.4994,0.5048,0.4914,0.4928,26634406.7
2022-07-22 04:00:00,0.4929,0.5027,0.4889,0.4983,23956426.6
2022-07-22 08:00:00,0.4983,0.5114,0.4967,0.5086,39564185.4
2022-07-22 12:00:00,0.5085,0.51,0.4896,0.4923,54154530.6
2022-07-22 16:00:00,0.4922,0.4958,0.4784,0.4799,33137335.8
2022-07-22 20:00:00,0.4799,0.4864,0.477,0.4828,22882781.3
2022-07-23 00:00:00,0.4827,0.4937,0.4787,0.4881,21235992.0
2022-07-23 04:00:00,0.4881,0.4983,0.488,0.4909,24041783.5
2022-07-23 08:00:00,0.4909,0.493,0.4758,0.4763,32221319.8
2022-07-23 12:00:00,0.4763,0.4853,0.473,0.4836,23806339.7
2022-07-23 16:00:00,0.4836,0.4863,0.4756,0.4816,30325482.4
2022-07-23 20:00:00,0.4816,0.5186,0.4808,0.517,68029269.0
2022-07-24 00:00:00,0.5171,0.5257,0.5095,0.5108,44205864.2
2022-07-24 04:00:00,0.5109,0.5212,0.5106,0.5164,37972251.5
2022-07-24 08:00:00,0.5164,0.5368,0.5137,0.5263,53678758.5
2022-07-24 12:00:00,0.5263,0.5307,0.52,0.5277,37692428.8
2022-07-24 16:00:00,0.5276,0.5281,0.515,0.5171,24875028.9
2022-07-24 20:00:00,0.517,0.5265,0.5107,0.512,34881804.6
2022-07-25 00:00:00,0.512,0.5154,0.4906,0.4931,49061597.7
2022-07-25 04:00:00,0.493,0.4977,0.4889,0.4958,25301748.9
2022-07-25 08:00:00,0.4958,0.498,0.4913,0.4918,21655867.5
2022-07-25 12:00:00,0.4919,0.495,0.4846,0.4913,32318794.5
2022-07-25 16:00:00,0.4912,0.4944,0.4805,0.4867,28654038.2
2022-07-25 20:00:00,0.4868,0.4976,0.4741,0.4752,43858244.1
2022-07-26 00:00:00,0.4752,0.4774,0.4624,0.4697,59739102.8
2022-07-26 04:00:00,0.4698,0.4739,0.4668,0.4676,26526628.9
2022-07-26 08:00:00,0.4677,0.4723,0.4625,0.4667,19646407.5
2022-07-26 12:00:00,0.4667,0.4691,0.451,0.4512,43256333.6
2022-07-26 16:00:00,0.4512,0.4603,0.451,0.4551,26953704.8
2022-07-26 20:00:00,0.4551,0.4692,0.452,0.4677,36946769.9
2022-07-27 00:00:00,0.4678,0.4692,0.4588,0.4599,28265018.7
2022-07-27 04:00:00,0.4599,0.4717,0.4596,0.4688,24481908.0
2022-07-27 08:00:00,0.4689,0.4708,0.4621,0.4635,20076969.4
2022-07-27 12:00:00,0.4635,0.4766,0.4623,0.471,41396430.4
2022-07-27 16:00:00,0.4711,0.5056,0.4628,0.5024,121642423.8
2022-07-27 20:00:00,0.5024,0.5122,0.5015,0.5111,54304071.7
2022-07-28 00:00:00,0.5112,0.5187,0.502,0.5086,47284209.1
2022-07-28 04:00:00,0.5086,0.5111,0.4992,0.5002,30004178.3
2022-07-28 08:00:00,0.5001,0.5035,0.4932,0.5024,32159035.2
2022-07-28 12:00:00,0.5025,0.516,0.4885,0.5121,84879834.5
2022-07-28 16:00:00,0.5121,0.5179,0.5076,0.5117,64040480.0
2022-07-28 20:00:00,0.5116,0.5242,0.5113,0.513,48077044.4
2022-07-29 00:00:00,0.5131,0.5306,0.5064,0.5297,59133618.2
2022-07-29 04:00:00,0.5296,0.5395,0.5217,0.5305,62757226.9
2022-07-29 08:00:00,0.5305,0.5454,0.5224,0.5239,66108865.4
2022-07-29 12:00:00,0.5238,0.5373,0.5147,0.5273,64089797.5
2022-07-29 16:00:00,0.5273,0.5285,0.5142,0.5243,37984890.0
2022-07-29 20:00:00,0.5243,0.5358,0.518,0.5218,30594304.7
2022-07-30 00:00:00,0.5219,0.5256,0.513,0.5191,36787443.5
2022-07-30 04:00:00,0.5191,0.5227,0.509,0.5207,41787419.0
2022-07-30 08:00:00,0.5207,0.5332,0.5194,0.5279,40955614.7
2022-07-30 12:00:00,0.5279,0.556,0.5264,0.5464,74769318.4
2022-07-30 16:00:00,0.5465,0.5523,0.53,0.5313,42609863.9
2022-07-30 20:00:00,0.5313,0.5344,0.5201,0.5263,34986908.7
2022-07-31 00:00:00,0.5263,0.5341,0.5223,0.5279,24216803.8
2022-07-31 04:00:00,0.5279,0.5355,0.5279,0.5283,17224056.5
2022-07-31 08:00:00,0.5283,0.5332,0.5206,0.5311,21357926.2
2022-07-31 12:00:00,0.5311,0.5334,0.5241,0.5304,22285365.6
2022-07-31 16:00:00,0.5306,0.5443,0.5232,0.5331,54689536.8
2022-07-31 20:00:00,0.5331,0.5351,0.5125,0.5161,35009822.6
2022-08-01 00:00:00,0.5161,0.5262,0.5142,0.5213,27160412.0
2022-08-01 04:00:00,0.5212,0.5236,0.5138,0.52,17587476.8
2022-08-01 08:00:00,0.5201,0.5205,0.5062,0.5121,25341977.1
2022-08-01 12:00:00,0.5122,0.5189,0.5035,0.5158,32578312.5
2022-08-01 16:00:00,0.5157,0.5162,0.5007,0.5061,35304123.4
2022-08-01 20:00:00,0.5061,0.515,0.5043,0.5124,20825701.9
2022-08-02 00:00:00,0.5125,0.5155,0.4901,0.4911,39747529.1
2022-08-02 04:00:00,0.4911,0.4972,0.4886,0.4953,27031559.7
2022-08-02 08:00:00,0.4953,0.4992,0.4887,0.4966,24345569.3
2022-08-02 12:00:00,0.4965,0.5039,0.4909,0.5008,38031741.2
2022-08-02 16:00:00,0.5008,0.5092,0.4968,0.4993,33294363.2
2022-08-02 20:00:00,0.4993,0.5029,0.4945,0.4963,20345240.9
2022-08-03 00:00:00,0.4963,0.5017,0.489,0.5012,20856190.9
2022-08-03 04:00:00,0.5011,0.5069,0.4995,0.5034,15718147.8
2022-08-03 08:00:00,0.5035,0.513,0.5034,0.5106,18993796.5
2022-08-03 12:00:00,0.5105,0.516,0.5054,0.5094,30928333.2
2022-08-03 16:00:00,0.5094,0.5167,0.5083,0.514,17601118.6
2022-08-03 20:00:00,0.5139,0.515,0.4985,0.5005,20866373.7
2022-08-04 00:00:00,0.5006,0.5104,0.5,0.5082,14031937.4
2022-08-04 04:00:00,0.5083,0.5112,0.4993,0.503,16298992.9
2022-08-04 08:00:00,0.5031,0.5033,0.4984,0.4997,15420343.6
2022-08-04 12:00:00,0.4997,0.5062,0.4957,0.5015,26697542.8
2022-08-04 16:00:00,0.5016,0.5031,0.4934,0.4976,19181770.6
2022-08-04 20:00:00,0.4976,0.5003,0.4956,0.4997,11262366.9
2022-08-05 00:00:00,0.4998,0.5114,0.4993,0.5099,17017114.0
2022-08-05 04:00:00,0.5099,0.5144,0.5075,0.5098,16049152.5
2022-08-05 08:00:00,0.5098,0.5175,0.5079,0.5169,16572008.5
2022-08-05 12:00:00,0.5168,0.5193,0.5041,0.5069,35312025.5
2022-08-05 16:00:00,0.5068,0.5105,0.5054,0.5101,11089067.2
2022-08-05 20:00:00,0.5101,0.5181,0.5086,0.5174,16150515.9
2022-08-06 00:00:00,0.5174,0.5185,0.5139,0.5159,9835926.0
2022-08-06 04:00:00,0.5159,0.5234,0.5159,0.5179,16117927.1
2022-08-06 08:00:00,0.518,0.5209,0.5147,0.5162,11993473.8
2022-08-06 12:00:00,0.5162,0.5204,0.5154,0.5179,11561243.0
2022-08-06 16:00:00,0.5179,0.5208,0.5111,0.5174,16696102.7
2022-08-06 20:00:00,0.5174,0.5188,0.51,0.5112,11885507.7
2022-08-07 00:00:00,0.5114,0.5137,0.5063,0.5117,14252861.7
2022-08-07 04:00:00,0.5116,0.5185,0.5114,0.5167,9949326.3
2022-08-07 08:00:00,0.5168,0.5175,0.5138,0.5169,8861271.0
2022-08-07 12:00:00,0.5169,0.5212,0.5163,0.5185,15814247.1
2022-08-07 16:00:00,0.5186,0.522,0.5182,0.5202,14635897.6
2022-08-07 20:00:00,0.5202,0.5385,0.5201,0.5276,47512632.1
2022-08-08 00:00:00,0.5276,0.5338,0.523,0.5328,20580238.9
2022-08-08 04:00:00,0.5328,0.5445,0.5315,0.5401,28495407.4
2022-08-08 08:00:00,0.54,0.5496,0.5383,0.5466,36592089.2
2022-08-08 12:00:00,0.5465,0.5474,0.5327,0.5341,34816267.6
2022-08-08 16:00:00,0.5341,0.536,0.5305,0.5345,17995177.0
2022-08-08 20:00:00,0.5345,0.5415,0.5306,0.5371,23045653.3
2022-08-09 00:00:00,0.5371,0.5373,0.5277,0.5336,22473890.2
2022-08-09 04:00:00,0.5335,0.5374,0.5315,0.5346,18977646.8
2022-08-09 08:00:00,0.5347,0.535,0.5156,0.5174,36673159.3
2022-08-09 12:00:00,0.5174,0.5225,0.5057,0.5102,38205319.9
2022-08-09 16:00:00,0.5103,0.5137,0.5094,0.5112,12796133.2
2022-08-09 20:00:00,0.5111,0.5177,0.511,0.5129,13904340.8
2022-08-10 00:00:00,0.5128,0.5139,0.502,0.5069,22902457.9
2022-08-10 04:00:00,0.5069,0.5124,0.5065,0.5105,11735434.0
2022-08-10 08:00:00,0.5105,0.514,0.5094,0.5134,16635207.7
2022-08-10 12:00:00,0.5135,0.5389,0.5127,0.5347,77512911.4
2022-08-10 16:00:00,0.5347,0.5374,0.5262,0.5292,24169304.3
2022-08-10 20:00:00,0.5292,0.5375,0.5292,0.5374,16017024.9
2022-08-11 00:00:00,0.5374,0.547,0.537,0.544,39641395.5
2022-08-11 04:00:00,0.5439,0.5476,0.5367,0.5387,22313821.6
2022-08-11 08:00:00,0.5388,0.5397,0.5332,0.5379,24231542.7
2022-08-11 12:00:00,0.538,0.5469,0.5351,0.5357,35973695.5
2022-08-11 16:00:00,0.5358,0.5414,0.5315,0.5352,17939855.6
2022-08-11 20:00:00,0.5353,0.5356,0.5286,0.5303,15367997.5
2022-08-12 00:00:00,0.5302,0.5343,0.5227,0.5318,17658129.9
2022-08-12 04:00:00,0.5319,0.5331,0.527,0.533,13862773.5
2022-08-12 08:00:00,0.5329,0.537,0.5205,0.5232,24886878.0
2022-08-12 12:00:00,0.5231,0.533,0.523,0.5318,18305669.8
2022-08-12 16:00:00,0.5318,0.539,0.5296,0.5378,16709364.2
2022-08-12 20:00:00,0.5378,0.542,0.5346,0.5402,15490366.4
2022-08-13 00:00:00,0.5403,0.5444,0.5378,0.5435,21025542.8
2022-08-13 04:00:00,0.5435,0.5677,0.5409,0.5582,57676418.9
2022-08-13 08:00:00,0.5582,0.5637,0.5542,0.5588,39179550.6
2022-08-13 12:00:00,0.5589,0.5664,0.5512,0.56,30087082.1
2022-08-13 16:00:00,0.56,0.5607,0.5532,0.5571,25757754.8
2022-08-13 20:00:00,0.5571,0.5659,0.5561,0.5593,19336773.3
2022-08-14 00:00:00,0.5592,0.5948,0.5567,0.5905,81387522.5
2022-08-14 04:00:00,0.5906,0.5914,0.584,0.5876,42624385.3
2022-08-14 08:00:00,0.5877,0.5918,0.5793,0.581,26785351.3
2022-08-14 12:00:00,0.581,0.5829,0.5715,0.579,30013838.1
2022-08-14 16:00:00,0.5791,0.5802,0.5622,0.568,36288780.0
2022-08-14 20:00:00,0.5681,0.5732,0.5637,0.5695,18911734.0
2022-08-15 00:00:00,0.5695,0.5824,0.5638,0.5751,31321084.8
2022-08-15 04:00:00,0.5751,0.5768,0.5476,0.5521,43327532.8
2022-08-15 08:00:00,0.552,0.5621,0.545,0.555,42177627.4
2022-08-15 12:00:00,0.5549,0.5656,0.55,0.5644,27980835.8
2022-08-15 16:00:00,0.5643,0.5671,0.5519,0.5544,22551677.8
2022-08-15 20:00:00,0.5544,0.5576,0.5427,0.5499,23402910.3
2022-08-16 00:00:00,0.5499,0.5646,0.5475,0.5555,23790682.4
2022-08-16 04:00:00,0.5556,0.5578,0.5475,0.5566,12260084.0
2022-08-16 08:00:00,0.5565,0.5704,0.5546,0.5663,36254915.8
2022-08-16 12:00:00,0.5663,0.5681,0.5496,0.56,31350152.0
2022-08-16 16:00:00,0.5601,0.5666,0.5529,0.561,23444046.8
2022-08-16 20:00:00,0.561,0.5681,0.5557,0.557,19350772.2
2022-08-17 00:00:00,0.5569,0.5796,0.554,0.5776,38319188.6
2022-08-17 04:00:00,0.5777,0.5834,0.5563,0.5565,59488459.8
2022-08-17 08:00:00,0.5565,0.5611,0.5507,0.5552,34774325.3
2022-08-17 12:00:00,0.5551,0.5551,0.5304,0.5358,57247555.5
2022-08-17 16:00:00,0.5358,0.5441,0.5336,0.5379,28690170.1
2022-08-17 20:00:00,0.5379,0.5423,0.5314,0.5384,15725328.7
2022-08-18 00:00:00,0.5384,0.5421,0.532,0.5371,15688095.7
2022-08-18 04:00:00,0.5371,0.5411,0.5338,0.5394,14808688.6
2022-08-18 08:00:00,0.5393,0.5427,0.5356,0.5415,16118203.8
2022-08-18 12:00:00,0.5415,0.5441,0.5342,0.5377,21629999.8
2022-08-18 16:00:00,0.5378,0.538,0.5252,0.529,25813827.0
2022-08-18 20:00:00,0.529,0.5319,0.5075,0.5119,38255117.4
2022-08-19 00:00:00,0.5119,0.5121,0.4915,0.4929,57871741.7
2022-08-19 04:00:00,0.4928,0.4969,0.46,0.4753,78557231.9
2022-08-19 08:00:00,0.4753,0.4753,0.4568,0.4651,60482074.7
2022-08-19 12:00:00,0.465,0.469,0.4575,0.4661,38781492.4
2022-08-19 16:00:00,0.4661,0.4745,0.4612,0.4649,36887934.7
2022-08-19 20:00:00,0.4649,0.4662,0.4461,0.45,55650045.7
2022-08-20 00:00:00,0.4499,0.4618,0.4497,0.4589,42332971.2
2022-08-20 04:00:00,0.4589,0.4632,0.4564,0.4612,36686941.9
2022-08-20 08:00:00,0.4613,0.4615,0.4567,0.4595,21161983.8
2022-08-20 12:00:00,0.4594,0.4595,0.4508,0.4552,28729472.3
2022-08-20 16:00:00,0.4553,0.4561,0.4347,0.4414,49423631.1
2022-08-20 20:00:00,0.4414,0.4533,0.4384,0.4508,32787393.0
2022-08-21 00:00:00,0.4508,0.4557,0.4483,0.4498,18999665.6
2022-08-21 04:00:00,0.4498,0.4604,0.4468,0.4579,26915410.2
2022-08-21 08:00:00,0.4579,0.4667,0.4577,0.4629,39250814.7
2022-08-21 12:00:00,0.4629,0.4648,0.455,0.4612,26705912.4
2022-08-21 16:00:00,0.4612,0.469,0.4589,0.4664,24766868.2
2022-08-21 20:00:00,0.4664,0.4726,0.4578,0.4626,32408539.6
2022-08-22 00:00:00,0.4627,0.4632,0.4578,0.4585,17590313.0
2022-08-22 04:00:00,0.4585,0.4585,0.4452,0.4461,39386436.5
2022-08-22 08:00:00,0.446,0.4539,0.4374,0.448,48203796.1
2022-08-22 12:00:00,0.448,0.455,0.4427,0.4537,37611828.4
2022-08-22 16:00:00,0.4536,0.4559,0.4456,0.4495,21707550.8
2022-08-22 20:00:00,0.4495,0.4626,0.4494,0.4615,24693993.8
2022-08-23 00:00:00,0.4614,0.4632,0.4564,0.4566,16591078.8
2022-08-23 04:00:00,0.4566,0.458,0.4457,0.4529,23748487.9
2022-08-23 08:00:00,0.4529,0.4616,0.4525,0.461,27165067.3
2022-08-23 12:00:00,0.4611,0.4672,0.4564,0.4609,24932065.4
2022-08-23 16:00:00,0.4608,0.4645,0.4562,0.4609,14433532.9
2022-08-23 20:00:00,0.4611,0.47,0.4597,0.4658,17390893.6
2022-08-24 00:00:00,0.4659,0.4672,0.4536,0.4551,20837570.0
2022-08-24 04:00:00,0.4551,0.4615,0.4539,0.4562,13673264.5
2022-08-24 08:00:00,0.4562,0.4615,0.456,0.4611,10528186.8
2022-08-24 12:00:00,0.4611,0.4665,0.4575,0.4651,23074648.3
2022-08-24 16:00:00,0.4652,0.4691,0.4616,0.4648,17773959.5
2022-08-24 20:00:00,0.4647,0.4665,0.4567,0.4578,17473472.5
2022-08-25 00:00:00,0.4578,0.4635,0.4574,0.4591,14643759.3
2022-08-25 04:00:00,0.4591,0.4686,0.4589,0.4685,20366761.2
2022-08-25 08:00:00,0.4686,0.4699,0.4616,0.465,17136149.5
2022-08-25 12:00:00,0.465,0.4675,0.4604,0.4622,19886179.4
2022-08-25 16:00:00,0.4622,0.4682,0.4586,0.4679,20498906.1
2022-08-25 20:00:00,0.4678,0.4741,0.4623,0.4645,27398202.5
2022-08-26 00:00:00,0.4645,0.4686,0.4608,0.4675,12964362.6
2022-08-26 04:00:00,0.4675,0.4818,0.4644,0.4818,76910043.9
2022-08-26 08:00:00,0.4817,0.482,0.4623,0.4647,57354796.8
2022-08-26 12:00:00,0.4647,0.48,0.4464,0.4517,120462226.7
2022-08-26 16:00:00,0.4518,0.4523,0.4385,0.4427,54901893.8
2022-08-26 20:00:00,0.4428,0.4476,0.4257,0.4316,53395029.7
2022-08-27 00:00:00,0.4315,0.4362,0.4265,0.435,36625772.0
2022-08-27 04:00:00,0.4351,0.4414,0.4258,0.4413,31196065.3
2022-08-27 08:00:00,0.4413,0.4476,0.4381,0.4465,25300404.5
2022-08-27 12:00:00,0.4466,0.4514,0.4378,0.4428,45408551.9
2022-08-27 16:00:00,0.4428,0.446,0.4383,0.4447,29597593.6
2022-08-27 20:00:00,0.4446,0.4514,0.4431,0.4499,20373121.2
2022-08-28 00:00:00,0.4498,0.4544,0.4456,0.4462,18140190.2
2022-08-28 04:00:00,0.4462,0.4508,0.4434,0.4502,16230364.5
2022-08-28 08:00:00,0.4502,0.4515,0.442,0.4463,15265710.8
2022-08-28 12:00:00,0.4464,0.4469,0.4366,0.445,26498772.2
2022-08-28 16:00:00,0.4451,0.4489,0.4418,0.4422,14334293.9
2022-08-28 20:00:00,0.4422,0.4446,0.4274,0.4293,40748430.2
2022-08-29 00:00:00,0.4293,0.436,0.4236,0.4334,38107135.0
2022-08-29 04:00:00,0.4334,0.4351,0.4301,0.433,15316873.1
2022-08-29 08:00:00,0.4331,0.4361,0.4308,0.4342,18317316.0
2022-08-29 12:00:00,0.4342,0.4493,0.4338,0.4461,43092800.9
2022-08-29 16:00:00,0.4461,0.4493,0.4453,0.4471,16358217.0
2022-08-29 20:00:00,0.4471,0.453,0.4456,0.4504,13740127.0
2022-08-30 00:00:00,0.4503,0.4526,0.4457,0.4491,10562887.6
2022-08-30 04:00:00,0.449,0.4559,0.4484,0.453,16580420.4
2022-08-30 08:00:00,0.453,0.4628,0.4521,0.4574,29194588.9
2022-08-30 12:00:00,0.4574,0.4597,0.44,0.4469,41255475.8
2022-08-30 16:00:00,0.4469,0.4551,0.4385,0.451,36450942.1
2022-08-30 20:00:00,0.451,0.4564,0.4487,0.4531,19076112.0
2022-08-31 00:00:00,0.4531,0.4622,0.4531,0.4612,17918066.4
2022-08-31 04:00:00,0.4612,0.4631,0.4562,0.4565,21002022.5
2022-08-31 08:00:00,0.4566,0.4589,0.4528,0.4566,19536752.7
2022-08-31 12:00:00,0.4566,0.4628,0.4478,0.4543,28082758.6
2022-08-31 16:00:00,0.4543,0.4557,0.4483,0.4532,15488810.6
2022-08-31 20:00:00,0.4532,0.4569,0.4446,0.4462,13583487.3
2022-09-01 00:00:00,0.4461,0.45,0.4412,0.4455,13939369.8
2022-09-01 04:00:00,0.4454,0.4516,0.4447,0.4466,11880409.8
2022-09-01 08:00:00,0.4467,0.4505,0.4407,0.4479,15356906.0
2022-09-01 12:00:00,0.4479,0.4624,0.4416,0.4467,57667005.7
2022-09-01 16:00:00,0.4468,0.4547,0.4445,0.4533,15541775.6
2022-09-01 20:00:00,0.4533,0.4589,0.4529,0.4575,12311251.1
2022-09-02 00:00:00,0.4575,0.46,0.4532,0.4582,10163817.6
2022-09-02 04:00:00,0.4582,0.4602,0.455,0.4588,8824146.3
2022-09-02 08:00:00,0.4588,0.4597,0.4531,0.4556,10347285.7
2022-09-02 12:00:00,0.4555,0.4665,0.4536,0.4652,37538307.2
2022-09-02 16:00:00,0.4652,0.4657,0.4487,0.4508,27669461.7
2022-09-02 20:00:00,0.4508,0.4574,0.4502,0.4543,12255731.0
2022-09-03 00:00:00,0.4544,0.4627,0.4535,0.4587,12440536.4
2022-09-03 04:00:00,0.4587,0.4779,0.4586,0.4653,51912637.0
2022-09-03 08:00:00,0.4653,0.4727,0.4637,0.4721,23711955.3
2022-09-03 12:00:00,0.4721,0.4812,0.4687,0.4789,37211104.4
2022-09-03 16:00:00,0.479,0.486,0.477,0.4798,40995376.6
2022-09-03 20:00:00,0.4799,0.485,0.4785,0.4803,15953482.0
2022-09-04 00:00:00,0.4803,0.4993,0.4756,0.494,45495371.6
2022-09-04 04:00:00,0.494,0.4997,0.491,0.4916,37147857.5
2022-09-04 08:00:00,0.4916,0.51,0.49,0.5053,49271384.1
2022-09-04 12:00:00,0.5054,0.5074,0.495,0.5003,31974888.6
2022-09-04 16:00:00,0.5003,0.5046,0.4975,0.4982,20160250.1
2022-09-04 20:00:00,0.4982,0.5043,0.4966,0.5035,15874354.4
2022-09-05 00:00:00,0.5035,0.5076,0.4955,0.4981,17575839.6
2022-09-05 04:00:00,0.4982,0.4993,0.4862,0.4885,32580550.7
2022-09-05 08:00:00,0.4885,0.4891,0.4826,0.4867,26975692.7
2022-09-05 12:00:00,0.4867,0.4939,0.4849,0.492,27452173.6
2022-09-05 16:00:00,0.492,0.4945,0.4868,0.4884,16356661.2
2022-09-05 20:00:00,0.4885,0.501,0.4884,0.4984,20813036.6
2022-09-06 00:00:00,0.4985,0.5105,0.4872,0.4985,49592396.9
2022-09-06 04:00:00,0.4986,0.5122,0.4967,0.5037,37748634.1
2022-09-06 08:00:00,0.5036,0.5062,0.496,0.5006,26542536.3
2022-09-06 12:00:00,0.5006,0.5019,0.4885,0.4962,28370736.5
2022-09-06 16:00:00,0.4963,0.497,0.4638,0.467,63557568.1
2022-09-06 20:00:00,0.4671,0.4683,0.4592,0.4625,28132466.1
2022-09-07 00:00:00,0.4625,0.4641,0.4536,0.4601,33811755.4
2022-09-07 04:00:00,0.4601,0.4652,0.4569,0.4648,19700715.7
2022-09-07 08:00:00,0.4647,0.466,0.46,0.4618,14971177.9
2022-09-07 12:00:00,0.4618,0.4684,0.4572,0.4671,24008557.8
2022-09-07 16:00:00,0.4674,0.4743,0.4667,0.4714,17182703.1
2022-09-07 20:00:00,0.4714,0.4821,0.4711,0.4787,29630390.0
2022-09-08 00:00:00,0.4787,0.4807,0.4749,0.4764,14653245.3
2022-09-08 04:00:00,0.4765,0.4784,0.4663,0.4694,20476595.8
2022-09-08 08:00:00,0.4694,0.4738,0.4684,0.4714,11924831.4
2022-09-08 12:00:00,0.4715,0.4755,0.4627,0.4703,31139143.5
2022-09-08 16:00:00,0.4703,0.4776,0.4663,0.4775,17711404.2
2022-09-08 20:00:00,0.4775,0.4831,0.4759,0.479,17942958.3
2022-09-09 00:00:00,0.4791,0.4899,0.4783,0.4887,26261709.4
2022-09-09 04:00:00,0.4887,0.4961,0.4877,0.4924,42067294.7
2022-09-09 08:00:00,0.4924,0.4983,0.4907,0.4952,29132101.8
2022-09-09 12:00:00,0.4953,0.505,0.4921,0.4932,37578502.1
2022-09-09 16:00:00,0.4932,0.4953,0.4872,0.4945,24898488.3
2022-09-09 20:00:00,0.4945,0.5038,0.492,0.5022,19566414.9
2022-09-10 00:00:00,0.5022,0.5242,0.4945,0.5171,55874117.6
2022-09-10 04:00:00,0.5171,0.5215,0.5057,0.5065,32446133.4
2022-09-10 08:00:00,0.5066,0.5161,0.5064,0.5145,21304188.6
2022-09-10 12:00:00,0.5145,0.5218,0.5096,0.5146,36606922.9
2022-09-10 16:00:00,0.5145,0.5162,0.5075,0.5115,26320165.8
2022-09-10 20:00:00,0.5116,0.5169,0.5089,0.5121,21509168.2
2022-09-11 00:00:00,0.5121,0.518,0.5098,0.5123,15894728.5
2022-09-11 04:00:00,0.5123,0.5151,0.5013,0.5142,23636893.4
2022-09-11 08:00:00,0.5142,0.5191,0.5105,0.5157,25161562.3
2022-09-11 12:00:00,0.5158,0.5199,0.5081,0.5112,22218347.7
2022-09-11 16:00:00,0.5112,0.5167,0.5101,0.5116,14701965.9
2022-09-11 20:00:00,0.5116,0.5137,0.5,0.5098,27627233.7
2022-09-12 00:00:00,0.5098,0.5167,0.4988,0.5027,32788012.6
2022-09-12 04:00:00,0.5028,0.5116,0.5015,0.5108,17121936.1
2022-09-12 08:00:00,0.5109,0.5185,0.5086,0.5159,31328127.4
2022-09-12 12:00:00,0.5158,0.5197,0.502,0.5047,36591634.2
2022-09-12 16:00:00,0.5046,0.5079,0.4958,0.5061,28666172.9
2022-09-12 20:00:00,0.5062,0.511,0.4998,0.5012,22189334.3
2022-09-13 00:00:00,0.5013,0.5016,0.4912,0.4982,31430701.4
2022-09-13 04:00:00,0.4982,0.5056,0.4962,0.5027,25981855.4
2022-09-13 08:00:00,0.5027,0.5066,0.4999,0.5041,15845638.4
2022-09-13 12:00:00,0.5041,0.509,0.4646,0.47,100343696.0
2022-09-13 16:00:00,0.4699,0.4765,0.4627,0.4705,34664450.4
2022-09-13 20:00:00,0.4705,0.4755,0.4612,0.4635,24605919.0
2022-09-14 00:00:00,0.4635,0.4743,0.462,0.4726,20388019.3
2022-09-14 04:00:00,0.4725,0.4761,0.4686,0.4727,18497300.8
2022-09-14 08:00:00,0.4728,0.475,0.4684,0.4723,18651852.2
2022-09-14 12:00:00,0.4723,0.4871,0.4686,0.482,40039246.9
2022-09-14 16:00:00,0.4821,0.4852,0.4727,0.4803,26089127.0
2022-09-14 20:00:00,0.4803,0.4837,0.4775,0.4809,15863250.1
2022-09-15 00:00:00,0.4807,0.481,0.4656,0.4704,22791247.7
2022-09-15 04:00:00,0.4704,0.482,0.4643,0.4775,36048050.9
2022-09-15 08:00:00,0.4775,0.4775,0.4708,0.4745,13884539.5
2022-09-15 12:00:00,0.4745,0.4789,0.4619,0.4673,36117859.9
2022-09-15 16:00:00,0.4673,0.4712,0.4663,0.4679,12094401.9
2022-09-15 20:00:00,0.4681,0.4701,0.462,0.4662,11035320.5
2022-09-16 00:00:00,0.4662,0.4696,0.4611,0.4686,14539195.0
2022-09-16 04:00:00,0.4686,0.4704,0.4648,0.4656,8533309.0
2022-09-16 08:00:00,0.4656,0.4658,0.457,0.4649,22317184.7
2022-09-16 12:00:00,0.465,0.4652,0.454,0.4615,22076227.4
2022-09-16 16:00:00,0.4614,0.4629,0.4545,0.4616,17066919.2
2022-09-16 20:00:00,0.4616,0.4747,0.4614,0.4746,18460611.6
2022-09-17 00:00:00,0.4746,0.4828,0.4723,0.4771,22930631.5
2022-09-17 04:00:00,0.4772,0.4801,0.4732,0.4762,11677096.6
2022-09-17 08:00:00,0.4762,0.4771,0.4731,0.4763,9574491.3
2022-09-17 12:00:00,0.4763,0.4865,0.4736,0.4811,26565721.5
2022-09-17 16:00:00,0.481,0.4851,0.4794,0.4826,17346698.5
2022-09-17 20:00:00,0.4827,0.4883,0.4821,0.4859,12186501.1
2022-09-18 00:00:00,0.4859,0.4862,0.4807,0.483,9318533.2
2022-09-18 04:00:00,0.483,0.4904,0.4814,0.4898,10183054.9
2022-09-18 08:00:00,0.4898,0.4898,0.4741,0.4777,21901801.3
2022-09-18 12:00:00,0.4777,0.479,0.468,0.4693,17368758.2
2022-09-18 16:00:00,0.4692,0.4705,0.463,0.4676,23751575.7
2022-09-18 20:00:00,0.4677,0.4677,0.4403,0.4477,46203874.8
2022-09-19 00:00:00,0.4477,0.4516,0.4342,0.4374,43188715.4
2022-09-19 04:00:00,0.4374,0.444,0.4337,0.437,33589402.6
2022-09-19 08:00:00,0.437,0.444,0.4332,0.4399,36000712.5
2022-09-19 12:00:00,0.44,0.4529,0.4383,0.447,32824859.3
2022-09-19 16:00:00,0.4469,0.4551,0.4446,0.4551,23026585.7
2022-09-19 20:00:00,0.455,0.457,0.451,0.4527,13694087.3
2022-09-20 00:00:00,0.4527,0.4545,0.444,0.4476,17353286.8
2022-09-20 04:00:00,0.4476,0.4517,0.4454,0.4472,12182058.3
2022-09-20 08:00:00,0.4472,0.4488,0.4426,0.4446,13548706.6
2022-09-20 12:00:00,0.4445,0.4489,0.4373,0.4488,31346168.8
2022-09-20 16:00:00,0.4488,0.4491,0.44,0.4431,18587315.1
2022-09-20 20:00:00,0.4432,0.4447,0.4375,0.4422,14512304.3
2022-09-21 00:00:00,0.4423,0.4634,0.4415,0.4554,53481539.0
2022-09-21 04:00:00,0.4553,0.4585,0.4414,0.4485,32833129.4
2022-09-21 08:00:00,0.4485,0.4531,0.4449,0.4521,18257419.1
2022-09-21 12:00:00,0.452,0.4542,0.4423,0.4437,25848930.1
2022-09-21 16:00:00,0.4437,0.4645,0.4324,0.4464,101030279.0
2022-09-21 20:00:00,0.4465,0.4486,0.4313,0.4389,53982533.7
2022-09-22 00:00:00,0.4388,0.4441,0.4343,0.4438,16634630.5
2022-09-22 04:00:00,0.4438,0.4489,0.441,0.4488,15360114.5
2022-09-22 08:00:00,0.4488,0.4575,0.4484,0.4562,28348962.1
2022-09-22 12:00:00,0.4563,0.4597,0.4445,0.4502,36868725.6
2022-09-22 16:00:00,0.4502,0.4666,0.4463,0.462,33637313.2
2022-09-22 20:00:00,0.4621,0.4652,0.4558,0.4584,24354551.4
2022-09-23 00:00:00,0.4583,0.4825,0.4526,0.4775,41474418.2
2022-09-23 04:00:00,0.4774,0.4784,0.4596,0.4607,43817598.2
2022-09-23 08:00:00,0.4607,0.464,0.4515,0.4544,36278311.4
2022-09-23 12:00:00,0.4544,0.4605,0.446,0.452,41438919.6
2022-09-23 16:00:00,0.4519,0.4553,0.4468,0.4548,26010097.9
2022-09-23 20:00:00,0.4548,0.4666,0.4544,0.4618,20981732.0
2022-09-24 00:00:00,0.4619,0.4666,0.4587,0.4614,17810026.3
2022-09-24 04:00:00,0.4614,0.4666,0.4571,0.4585,19707411.8
2022-09-24 08:00:00,0.4585,0.4635,0.4559,0.4614,14402746.8
2022-09-24 12:00:00,0.4615,0.4689,0.4594,0.4613,25084416.8
2022-09-24 16:00:00,0.4613,0.4641,0.4586,0.4602,25964249.4
2022-09-24 20:00:00,0.46,0.4624,0.4504,0.4511,19501075.1
2022-09-25 00:00:00,0.451,0.4569,0.4506,0.4569,10657635.0
2022-09-25 04:00:00,0.4568,0.4582,0.4534,0.4575,15080857.5
2022-09-25 08:00:00,0.4575,0.461,0.4553,0.4591,12476604.5
2022-09-25 12:00:00,0.4591,0.4628,0.4502,0.4521,19564419.5
2022-09-25 16:00:00,0.452,0.4552,0.444,0.4498,30227727.0
2022-09-25 20:00:00,0.4498,0.4498,0.4385,0.4464,24032674.4
2022-09-26 00:00:00,0.4462,0.4497,0.4414,0.4436,18157467.1
2022-09-26 04:00:00,0.4435,0.4461,0.4365,0.442,18652529.2
2022-09-26 08:00:00,0.442,0.4507,0.4375,0.441,32499596.8
2022-09-26 12:00:00,0.441,0.449,0.4384,0.4456,27890638.6
2022-09-26 16:00:00,0.4456,0.4483,0.4426,0.4461,14282059.8
2022-09-26 20:00:00,0.4463,0.4477,0.4435,0.4473,14394159.3
2022-09-27 00:00:00,0.4473,0.462,0.4462,0.4582,32838349.1
2022-09-27 04:00:00,0.4583,0.4633,0.4557,0.4577,27101367.7
2022-09-27 08:00:00,0.4576,0.4588,0.453,0.4544,14829930.4
2022-09-27 12:00:00,0.4544,0.4596,0.4519,0.4532,20743799.5
2022-09-27 16:00:00,0.4531,0.4538,0.4373,0.4424,40163280.8
2022-09-27 20:00:00,0.4425,0.4435,0.4391,0.4411,12650695.6
2022-09-28 00:00:00,0.4414,0.4431,0.4251,0.4304,33945272.3
2022-09-28 04:00:00,0.4305,0.4332,0.4259,0.4306,16372529.9
2022-09-28 08:00:00,0.4307,0.4346,0.4255,0.4321,23277704.1
2022-09-28 12:00:00,0.4322,0.4378,0.4302,0.4368,18224297.6
2022-09-28 16:00:00,0.4368,0.4403,0.4335,0.4377,18371943.0
2022-09-28 20:00:00,0.4377,0.4406,0.4359,0.4361,16305563.4
2022-09-29 00:00:00,0.4362,0.4386,0.4334,0.4365,11400032.1
2022-09-29 04:00:00,0.4366,0.4394,0.4293,0.4314,24767645.1
2022-09-29 08:00:00,0.4313,0.4383,0.4308,0.4348,18890528.2
2022-09-29 12:00:00,0.4348,0.4352,0.4277,0.4333,25732496.7
2022-09-29 16:00:00,0.4333,0.4372,0.4304,0.434,20218021.4
2022-09-29 20:00:00,0.4341,0.4387,0.4338,0.4381,19373135.6
2022-09-30 00:00:00,0.4382,0.4411,0.4352,0.4363,18024452.8
2022-09-30 04:00:00,0.4364,0.4381,0.4344,0.4366,11532229.1
2022-09-30 08:00:00,0.4366,0.4386,0.432,0.433,13291385.7
2022-09-30 12:00:00,0.4328,0.4415,0.4294,0.4356,37745129.7
2022-09-30 16:00:00,0.4355,0.4359,0.43,0.431,23671724.9
2022-09-30 20:00:00,0.431,0.4368,0.4293,0.4347,16677234.3
2022-10-01 00:00:00,0.4346,0.4364,0.432,0.4344,9637540.3
2022-10-01 04:00:00,0.4344,0.4349,0.4316,0.4332,7226418.9
2022-10-01 08:00:00,0.4332,0.435,0.4304,0.4326,12095146.1
2022-10-01 12:00:00,0.4325,0.4327,0.4301,0.4317,8976113.6
2022-10-01 16:00:00,0.4317,0.4322,0.4275,0.4315,15780118.1
2022-10-01 20:00:00,0.4316,0.4316,0.4285,0.43,8035541.7
2022-10-02 00:00:00,0.4301,0.4328,0.4295,0.4311,7833938.9
2022-10-02 04:00:00,0.4311,0.4322,0.4298,0.4303,6001958.0
2022-10-02 08:00:00,0.4302,0.4312,0.4196,0.4243,23929501.2
2022-10-02 12:00:00,0.4242,0.4247,0.4203,0.4235,11123205.8
2022-10-02 16:00:00,0.4234,0.4291,0.4231,0.4276,11270635.9
2022-10-02 20:00:00,0.4276,0.4293,0.4176,0.4194,19738199.9
2022-10-03 00:00:00,0.4195,0.4244,0.4158,0.4223,16243796.3
2022-10-03 04:00:00,0.4223,0.4237,0.4179,0.4216,16606405.2
2022-10-03 08:00:00,0.4215,0.424,0.4203,0.4221,11187452.0
2022-10-03 12:00:00,0.4221,0.4285,0.4204,0.4245,22383531.3
2022-10-03 16:00:00,0.4246,0.4285,0.4236,0.4269,16868823.6
2022-10-03 20:00:00,0.427,0.4288,0.4261,0.4276,14611522.9
2022-10-04 00:00:00,0.4276,0.4293,0.4253,0.4278,7247477.8
2022-10-04 04:00:00,0.4278,0.4348,0.426,0.4323,18476420.6
2022-10-04 08:00:00,0.4323,0.4351,0.4282,0.4316,16855614.2
2022-10-04 12:00:00,0.4315,0.4347,0.43,0.4318,14477278.3
2022-10-04 16:00:00,0.4318,0.437,0.4302,0.4354,17315343.1
2022-10-04 20:00:00,0.4355,0.4377,0.4339,0.4355,14821693.3
2022-10-05 00:00:00,0.4356,0.4367,0.4315,0.4317,11508637.6
2022-10-05 04:00:00,0.4318,0.434,0.4307,0.4322,10197699.8
2022-10-05 08:00:00,0.4322,0.4325,0.4262,0.4273,17120947.8
2022-10-05 12:00:00,0.4272,0.4293,0.4236,0.4282,16051597.9
2022-10-05 16:00:00,0.4282,0.4344,0.4269,0.4301,19573647.7
2022-10-05 20:00:00,0.4301,0.4329,0.4282,0.4309,11617603.9
2022-10-06 00:00:00,0.4309,0.437,0.4308,0.435,18195756.8
2022-10-06 04:00:00,0.435,0.4358,0.4313,0.4328,13504197.2
2022-10-06 08:00:00,0.4328,0.4338,0.4281,0.432,13431029.5
2022-10-06 12:00:00,0.432,0.4336,0.4265,0.4291,19815404.7
2022-10-06 16:00:00,0.4292,0.4324,0.4278,0.4285,9564898.9
2022-10-06 20:00:00,0.4285,0.4306,0.4255,0.4288,12873747.0
2022-10-07 00:00:00,0.4288,0.4304,0.4265,0.4281,6929302.1
2022-10-07 04:00:00,0.4281,0.4286,0.4256,0.4277,9336397.9
2022-10-07 08:00:00,0.4277,0.4291,0.4262,0.4279,9252654.7
2022-10-07 12:00:00,0.428,0.4281,0.4215,0.424,36087616.2
2022-10-07 16:00:00,0.424,0.4256,0.4217,0.4251,15606650.7
2022-10-07 20:00:00,0.4251,0.4257,0.4233,0.424,8553154.4
2022-10-08 00:00:00,0.4239,0.426,0.4235,0.4249,9927265.6
2022-10-08 04:00:00,0.425,0.427,0.4237,0.4262,8292446.0
2022-10-08 08:00:00,0.4262,0.4271,0.4245,0.4249,8820809.1
2022-10-08 12:00:00,0.4249,0.4255,0.4235,0.425,6172391.1
2022-10-08 16:00:00,0.4249,0.4263,0.4221,0.4234,10899617.3
2022-10-08 20:00:00,0.4234,0.4242,0.4188,0.4219,12931511.0
2022-10-09 00:00:00,0.4219,0.4222,0.419,0.4203,7946388.0
2022-10-09 04:00:00,0.4203,0.423,0.4198,0.4214,5407492.8
2022-10-09 08:00:00,0.4215,0.4236,0.4208,0.4231,8949460.4
2022-10-09 12:00:00,0.4232,0.4242,0.4225,0.4236,8017911.4
2022-10-09 16:00:00,0.4237,0.4241,0.4207,0.4224,8403221.5
2022-10-09 20:00:00,0.4224,0.4238,0.4209,0.423,12041431.0
2022-10-10 00:00:00,0.423,0.4268,0.4219,0.4238,11461823.2
2022-10-10 04:00:00,0.4237,0.4245,0.4206,0.4215,9048050.4
2022-10-10 08:00:00,0.4214,0.4216,0.4115,0.4163,25544092.0
2022-10-10 12:00:00,0.4162,0.4182,0.4143,0.4157,12776329.0
2022-10-10 16:00:00,0.4158,0.4163,0.4126,0.4141,11111800.2
2022-10-10 20:00:00,0.4141,0.4145,0.3982,0.4012,38073235.0
2022-10-11 00:00:00,0.4011,0.4012,0.3837,0.3955,53233668.33
2022-10-11 04:00:00,0.3955,0.3988,0.3951,0.3963,20763687.0
2022-10-11 08:00:00,0.3964,0.3991,0.3943,0.3989,14319080.7
2022-10-11 12:00:00,0.399,0.4008,0.3933,0.3991,27703902.1
2022-10-11 16:00:00,0.3992,0.4016,0.3914,0.3922,24081460.8
2022-10-11 20:00:00,0.3921,0.3943,0.3882,0.3908,17084434.7
2022-10-12 00:00:00,0.3907,0.3939,0.3898,0.391,10075336.9
2022-10-12 04:00:00,0.391,0.3951,0.3908,0.3937,9793213.4
2022-10-12 08:00:00,0.3936,0.3954,0.3925,0.3928,9503901.8
2022-10-12 12:00:00,0.3928,0.3932,0.3888,0.3917,16158405.3
2022-10-12 16:00:00,0.3917,0.392,0.3832,0.3864,22011351.3
2022-10-12 20:00:00,0.3864,0.3873,0.376,0.3814,33139442.3
2022-10-13 00:00:00,0.3814,0.3823,0.3709,0.3748,26956697.4
2022-10-13 04:00:00,0.3748,0.375,0.3556,0.3623,58786602.38
2022-10-13 08:00:00,0.3623,0.3647,0.3497,0.361,52953018.2
2022-10-13 12:00:00,0.3609,0.3762,0.349,0.376,72289277.6
2022-10-13 16:00:00,0.3761,0.3804,0.3717,0.3753,34705686.3
2022-10-13 20:00:00,0.3753,0.3824,0.3751,0.3768,23920085.4
2022-10-14 00:00:00,0.3769,0.389,0.3759,0.387,43101352.7
2022-10-14 04:00:00,0.387,0.388,0.3808,0.3818,15751261.3
2022-10-14 08:00:00,0.3819,0.3836,0.379,0.379,15179002.9
2022-10-14 12:00:00,0.379,0.3841,0.3712,0.3724,28218569.1
2022-10-14 16:00:00,0.3723,0.373,0.3644,0.3658,19241008.4
2022-10-14 20:00:00,0.3657,0.3676,0.3606,0.3667,14043350.4
2022-10-15 00:00:00,0.3667,0.37,0.3655,0.3687,11198253.0
2022-10-15 04:00:00,0.3688,0.3696,0.3659,0.3673,6873880.0
2022-10-15 08:00:00,0.3673,0.368,0.3622,0.368,13909415.4
2022-10-15 12:00:00,0.3679,0.3693,0.3651,0.3665,10087708.4
2022-10-15 16:00:00,0.3665,0.367,0.3638,0.367,11068587.1
2022-10-15 20:00:00,0.367,0.3674,0.3612,0.3641,9816343.7
2022-10-16 00:00:00,0.3641,0.3679,0.3638,0.3656,5646534.3
2022-10-16 04:00:00,0.3656,0.3679,0.3654,0.3665,6131462.4
2022-10-16 08:00:00,0.3666,0.3695,0.3666,0.3675,8489956.9
2022-10-16 12:00:00,0.3675,0.3675,0.365,0.3662,10222843.3
2022-10-16 16:00:00,0.3661,0.3737,0.3643,0.3736,18315378.9
2022-10-16 20:00:00,0.3737,0.3749,0.366,0.3703,12376027.4
2022-10-17 00:00:00,0.3703,0.3714,0.3664,0.3669,7705734.4
2022-10-17 04:00:00,0.3668,0.3695,0.366,0.3684,6583198.3
2022-10-17 08:00:00,0.3683,0.3726,0.367,0.3715,11208085.4
2022-10-17 12:00:00,0.3716,0.3758,0.37,0.3725,17397171.5
2022-10-17 16:00:00,0.3725,0.3739,0.3698,0.3704,12722727.5
2022-10-17 20:00:00,0.3704,0.3736,0.3692,0.3723,10598145.1
2022-10-18 00:00:00,0.3724,0.3743,0.3666,0.3707,16481305.7
2022-10-18 04:00:00,0.3708,0.3723,0.369,0.3714,15059387.4
2022-10-18 08:00:00,0.3713,0.3714,0.3635,0.3683,15632820.5
2022-10-18 12:00:00,0.3683,0.3699,0.3627,0.3649,15220856.6
2022-10-18 16:00:00,0.3648,0.3663,0.3583,0.3622,16602996.1
2022-10-18 20:00:00,0.3622,0.3657,0.3569,0.3624,16366134.8
2022-10-19 00:00:00,0.3624,0.3624,0.3568,0.3596,18360962.8
2022-10-19 04:00:00,0.3596,0.3604,0.3552,0.3577,10399960.7
2022-10-19 08:00:00,0.3576,0.3594,0.3524,0.3555,17655769.0
2022-10-19 12:00:00,0.3556,0.3585,0.3534,0.358,14078960.2
2022-10-19 16:00:00,0.3579,0.359,0.3556,0.3577,10394116.0
2022-10-19 20:00:00,0.3577,0.359,0.347,0.3497,21439446.0
2022-10-20 00:00:00,0.3496,0.3526,0.347,0.3521,15756668.7
2022-10-20 04:00:00,0.3522,0.3557,0.352,0.3534,10901252.5
2022-10-20 08:00:00,0.3534,0.3543,0.3518,0.3531,8414233.0
2022-10-20 12:00:00,0.353,0.3557,0.3507,0.3528,15588406.4
2022-10-20 16:00:00,0.3527,0.3529,0.3413,0.3417,32832682.8
2022-10-20 20:00:00,0.3418,0.3428,0.3364,0.3402,28187315.6
2022-10-21 00:00:00,0.3402,0.3416,0.3343,0.34,18167567.98
2022-10-21 04:00:00,0.34,0.3412,0.3373,0.3375,9143176.2
2022-10-21 08:00:00,0.3375,0.3385,0.332,0.3342,22127630.6
2022-10-21 12:00:00,0.3343,0.3436,0.33,0.3432,34077209.3
2022-10-21 16:00:00,0.3432,0.3491,0.3405,0.348,30037534.4
2022-10-21 20:00:00,0.348,0.3499,0.347,0.3492,13606266.9
2022-10-22 00:00:00,0.3492,0.3522,0.345,0.3469,13196198.1
2022-10-22 04:00:00,0.3469,0.3477,0.343,0.347,10089037.2
2022-10-22 08:00:00,0.347,0.3538,0.3468,0.3513,14853085.7
2022-10-22 12:00:00,0.3513,0.3531,0.3491,0.35,11750548.3
2022-10-22 16:00:00,0.3501,0.3505,0.3476,0.3496,9518637.9
2022-10-22 20:00:00,0.3497,0.3544,0.3491,0.3513,12555044.8
2022-10-23 00:00:00,0.3513,0.3568,0.35,0.3535,17331380.2
2022-10-23 04:00:00,0.3536,0.3546,0.3509,0.3509,9101400.4
2022-10-23 08:00:00,0.351,0.352,0.346,0.347,11676995.3
2022-10-23 12:00:00,0.347,0.3522,0.3461,0.3512,8615201.4
2022-10-23 16:00:00,0.3512,0.3556,0.3494,0.3545,13645378.5
2022-10-23 20:00:00,0.3545,0.3638,0.3531,0.3621,24734002.1
2022-10-24 00:00:00,0.3621,0.365,0.3558,0.3561,15549164.2
2022-10-24 04:00:00,0.356,0.3621,0.3548,0.3584,19135423.9
2022-10-24 08:00:00,0.3584,0.3652,0.358,0.3636,19884415.1
2022-10-24 12:00:00,0.3636,0.364,0.3533,0.3579,18284731.6
2022-10-24 16:00:00,0.3578,0.3621,0.3565,0.3602,9814949.0
2022-10-24 20:00:00,0.3601,0.3619,0.3571,0.3573,9769922.4
2022-10-25 00:00:00,0.3572,0.3631,0.3572,0.3618,13204025.4
2022-10-25 04:00:00,0.3619,0.3627,0.359,0.3601,8613368.6
2022-10-25 08:00:00,0.36,0.3618,0.3569,0.361,14729669.9
2022-10-25 12:00:00,0.3609,0.3759,0.3606,0.3734,41872216.3
2022-10-25 16:00:00,0.3735,0.4173,0.3734,0.4138,163576617.3
2022-10-25 20:00:00,0.4138,0.4163,0.3992,0.4,77476751.5
2022-10-26 00:00:00,0.4001,0.4044,0.3945,0.3991,33673188.6
2022-10-26 04:00:00,0.399,0.4091,0.398,0.4003,42975891.9
2022-10-26 08:00:00,0.4002,0.4106,0.3996,0.405,33951146.1
2022-10-26 12:00:00,0.4049,0.4122,0.3975,0.4072,48871347.4
2022-10-26 16:00:00,0.4073,0.4091,0.3997,0.403,22884580.1
2022-10-26 20:00:00,0.4031,0.4056,0.4014,0.403,15346530.5
2022-10-27 00:00:00,0.403,0.4126,0.4022,0.4069,25747414.8
2022-10-27 04:00:00,0.407,0.4194,0.405,0.4063,35999553.6
2022-10-27 08:00:00,0.4063,0.4089,0.4027,0.4041,21611353.7
2022-10-27 12:00:00,0.4041,0.4091,0.3983,0.399,38521600.7
2022-10-27 16:00:00,0.3989,0.4036,0.3967,0.402,15652329.4
2022-10-27 20:00:00,0.4021,0.4021,0.3861,0.3884,33264026.9
2022-10-28 00:00:00,0.3884,0.3899,0.3824,0.3857,19449882.5
2022-10-28 04:00:00,0.3856,0.3871,0.3788,0.3798,13996305.3
2022-10-28 08:00:00,0.3799,0.3854,0.3796,0.3827,12351656.0
2022-10-28 12:00:00,0.3826,0.3967,0.3777,0.3967,35062159.6
2022-10-28 16:00:00,0.3967,0.407,0.3965,0.4036,33017534.9
2022-10-28 20:00:00,0.4036,0.4115,0.4027,0.4044,25350095.9
2022-10-29 00:00:00,0.4044,0.409,0.4014,0.408,17419709.5
2022-10-29 04:00:00,0.408,0.4086,0.4046,0.4081,10601011.6
2022-10-29 08:00:00,0.408,0.4132,0.4026,0.4048,27612768.5
2022-10-29 12:00:00,0.4048,0.4094,0.4008,0.4086,21608088.7
2022-10-29 16:00:00,0.4086,0.44,0.4069,0.4184,99249984.5
2022-10-29 20:00:00,0.4184,0.4239,0.4126,0.42,24420808.6
2022-10-30 00:00:00,0.4201,0.4208,0.4131,0.4186,13299691.3
2022-10-30 04:00:00,0.4187,0.4216,0.4149,0.4209,16366375.6
2022-10-30 08:00:00,0.4208,0.4209,0.41,0.4134,29498563.3
2022-10-30 12:00:00,0.4133,0.4145,0.4016,0.4029,23892613.1
2022-10-30 16:00:00,0.4028,0.4078,0.401,0.4065,16552403.3
2022-10-30 20:00:00,0.4064,0.4098,0.3981,0.4056,17513375.4
2022-10-31 00:00:00,0.4057,0.4099,0.3975,0.4034,15772192.3
2022-10-31 04:00:00,0.4033,0.4042,0.3991,0.4024,10394523.5
2022-10-31 08:00:00,0.4024,0.4163,0.3976,0.4126,38076215.1
2022-10-31 12:00:00,0.4127,0.4141,0.3979,0.405,34171109.7
2022-10-31 16:00:00,0.405,0.4075,0.4017,0.404,13464482.4
2022-10-31 20:00:00,0.4041,0.4072,0.4015,0.4055,10780638.8
2022-11-01 00:00:00,0.4055,0.4103,0.4039,0.4062,10784061.3
2022-11-01 04:00:00,0.4062,0.4135,0.4051,0.411,15228566.1
2022-11-01 08:00:00,0.411,0.4154,0.407,0.4103,19993667.1
2022-11-01 12:00:00,0.4103,0.4106,0.4007,0.4032,21142937.3
2022-11-01 16:00:00,0.4032,0.4045,0.3985,0.4017,11805984.4
2022-11-01 20:00:00,0.4016,0.4023,0.3993,0.4011,9864069.4
2022-11-02 00:00:00,0.4012,0.4015,0.3955,0.3995,17781740.2
2022-11-02 04:00:00,0.3996,0.4016,0.3907,0.3947,14642123.1
2022-11-02 08:00:00,0.3946,0.4008,0.387,0.3926,32411420.8
2022-11-02 12:00:00,0.3925,0.3959,0.3908,0.3937,11858636.3
2022-11-02 16:00:00,0.3936,0.4093,0.3888,0.3903,64489690.4
2022-11-02 20:00:00,0.3902,0.392,0.38,0.3856,27139385.9
2022-11-03 00:00:00,0.3856,0.3962,0.3842,0.3941,15433400.1
2022-11-03 04:00:00,0.3941,0.3992,0.3941,0.3948,13991328.7
2022-11-03 08:00:00,0.3949,0.3982,0.3891,0.3911,17596935.6
2022-11-03 12:00:00,0.3912,0.3971,0.3879,0.3934,22893718.2
2022-11-03 16:00:00,0.3935,0.3969,0.3931,0.3956,8366200.1
2022-11-03 20:00:00,0.3956,0.396,0.3881,0.3895,12702120.1
2022-11-04 00:00:00,0.3894,0.4082,0.3881,0.4066,40666226.7
2022-11-04 04:00:00,0.4066,0.4124,0.4036,0.4106,39862466.8
2022-11-04 08:00:00,0.4106,0.415,0.404,0.4053,33551489.9
2022-11-04 12:00:00,0.4053,0.4217,0.4009,0.4095,58719791.9
2022-11-04 16:00:00,0.4096,0.4254,0.4061,0.424,39645848.1
2022-11-04 20:00:00,0.4239,0.4263,0.4197,0.4216,20936274.5
2022-11-05 00:00:00,0.4216,0.4354,0.42,0.4289,43749677.7
2022-11-05 04:00:00,0.429,0.4311,0.4247,0.4298,17637228.3
2022-11-05 08:00:00,0.4298,0.4309,0.4221,0.4286,21622872.8
2022-11-05 12:00:00,0.4285,0.435,0.421,0.4287,34100948.3
2022-11-05 16:00:00,0.4286,0.4378,0.4247,0.426,28526223.0
2022-11-05 20:00:00,0.426,0.4322,0.4223,0.4264,20035596.6
2022-11-06 00:00:00,0.4263,0.431,0.4206,0.4262,21913938.9
2022-11-06 04:00:00,0.4263,0.4264,0.4176,0.4222,14112195.5
2022-11-06 08:00:00,0.4223,0.4253,0.4192,0.422,10956529.9
2022-11-06 12:00:00,0.422,0.4252,0.4198,0.424,12145705.8
2022-11-06 16:00:00,0.424,0.4269,0.4172,0.4192,20169633.1
2022-11-06 20:00:00,0.4192,0.4202,0.4014,0.4021,33203693.0
2022-11-07 00:00:00,0.4021,0.4104,0.401,0.4072,25853325.0
2022-11-07 04:00:00,0.4072,0.4103,0.3975,0.3987,22959985.4
2022-11-07 08:00:00,0.3986,0.4089,0.3975,0.4083,20923208.4
2022-11-07 12:00:00,0.4083,0.4128,0.4043,0.4096,26100349.6
2022-11-07 16:00:00,0.4097,0.4149,0.4061,0.414,19252910.6
2022-11-07 20:00:00,0.414,0.4161,0.3985,0.4041,23547452.9
2022-11-08 00:00:00,0.404,0.406,0.3856,0.388,37999091.0
2022-11-08 04:00:00,0.388,0.3914,0.3721,0.3863,63440601.6
2022-11-08 08:00:00,0.3863,0.3883,0.3813,0.3837,23286363.7
2022-11-08 12:00:00,0.3837,0.3991,0.3828,0.398,49702069.9
2022-11-08 16:00:00,0.398,0.4156,0.3463,0.3687,151128530.4
2022-11-08 20:00:00,0.3686,0.3778,0.36,0.3722,54141481.1
2022-11-09 00:00:00,0.3721,0.3756,0.355,0.364,55202161.1
2022-11-09 04:00:00,0.3641,0.3766,0.3612,0.372,49099551.5
2022-11-09 08:00:00,0.3721,0.373,0.3439,0.3588,89718926.4
2022-11-09 12:00:00,0.3589,0.3669,0.3501,0.3529,59884101.9
2022-11-09 16:00:00,0.3527,0.3591,0.3355,0.3412,59924267.6
2022-11-09 20:00:00,0.3411,0.3443,0.31,0.3175,84169663.5
2022-11-10 00:00:00,0.3174,0.3515,0.3119,0.3427,91185623.7
2022-11-10 04:00:00,0.3427,0.3586,0.3408,0.3501,54225480.2
2022-11-10 08:00:00,0.3501,0.3572,0.3429,0.3476,55766654.7
2022-11-10 12:00:00,0.3476,0.3793,0.3466,0.3717,91779408.5
2022-11-10 16:00:00,0.3718,0.3769,0.3562,0.3654,38614861.5
2022-11-10 20:00:00,0.3654,0.3739,0.362,0.3687,30345785.0
2022-11-11 00:00:00,0.3688,0.3741,0.3556,0.3585,38617771.3
2022-11-11 04:00:00,0.3584,0.3664,0.3557,0.3638,23839123.3
2022-11-11 08:00:00,0.3637,0.3679,0.3589,0.36,25877535.4
2022-11-11 12:00:00,0.36,0.3675,0.3422,0.3489,58431784.7
2022-11-11 16:00:00,0.3489,0.3526,0.342,0.351,23932078.8
2022-11-11 20:00:00,0.3509,0.3565,0.3468,0.3556,20416827.6
2022-11-12 00:00:00,0.3557,0.3569,0.3436,0.3467,17441441.1
2022-11-12 04:00:00,0.3467,0.3472,0.3362,0.3432,32124875.6
2022-11-12 08:00:00,0.3433,0.3455,0.3406,0.3437,17390553.0
2022-11-12 12:00:00,0.3437,0.35,0.3419,0.345,21924376.6
2022-11-12 16:00:00,0.3449,0.3465,0.3424,0.3443,15464429.0
2022-11-12 20:00:00,0.3443,0.3447,0.3374,0.3397,14470706.6
2022-11-13 00:00:00,0.3397,0.3449,0.3377,0.3443,15143781.5
2022-11-13 04:00:00,0.3443,0.3453,0.3303,0.335,27170583.1
2022-11-13 08:00:00,0.3349,0.3356,0.3265,0.3329,29893058.3
2022-11-13 12:00:00,0.3329,0.3398,0.3314,0.3366,27400125.4
2022-11-13 16:00:00,0.3367,0.3372,0.3305,0.3342,23663545.0
2022-11-13 20:00:00,0.3342,0.3347,0.3251,0.3298,23476599.4
2022-11-14 00:00:00,0.3299,0.3334,0.316,0.3218,40737152.0
2022-11-14 04:00:00,0.3218,0.3328,0.3142,0.3322,39275012.0
2022-11-14 08:00:00,0.3322,0.3367,0.3311,0.3333,26318299.5
2022-11-14 12:00:00,0.3333,0.3419,0.3261,0.3305,34882525.9
2022-11-14 16:00:00,0.3305,0.3308,0.322,0.3228,17506808.0
2022-11-14 20:00:00,0.3228,0.3335,0.3216,0.3323,21968738.5
2022-11-15 00:00:00,0.3322,0.3365,0.3292,0.3334,17580831.3
2022-11-15 04:00:00,0.3333,0.3388,0.3324,0.3386,13204219.9
2022-11-15 08:00:00,0.3385,0.342,0.3366,0.3384,19469820.5
2022-11-15 12:00:00,0.3385,0.3449,0.3374,0.3427,19422988.1
2022-11-15 16:00:00,0.3427,0.3444,0.3323,0.3366,24674812.2
2022-11-15 20:00:00,0.3367,0.3381,0.3341,0.3373,9600060.7
2022-11-16 00:00:00,0.3373,0.3443,0.3359,0.3439,13427604.7
2022-11-16 04:00:00,0.344,0.3443,0.3391,0.3403,11961699.0
2022-11-16 08:00:00,0.3402,0.3404,0.332,0.3333,18378404.8
2022-11-16 12:00:00,0.3334,0.3342,0.3237,0.3266,32593934.9
2022-11-16 16:00:00,0.3266,0.3317,0.3244,0.3291,13397305.8
2022-11-16 20:00:00,0.329,0.3342,0.3274,0.332,13138097.3
2022-11-17 00:00:00,0.332,0.3345,0.3277,0.3286,9136899.4
2022-11-17 04:00:00,0.3286,0.3316,0.3251,0.3277,10928965.5
2022-11-17 08:00:00,0.3278,0.329,0.3216,0.325,14938469.4
2022-11-17 12:00:00,0.3251,0.3261,0.3186,0.3219,20808298.0
2022-11-17 16:00:00,0.3218,0.3274,0.3212,0.3243,10834099.2
2022-11-17 20:00:00,0.3243,0.3268,0.3234,0.325,8886883.0
2022-11-18 00:00:00,0.3251,0.3322,0.3244,0.3287,10529183.3
2022-11-18 04:00:00,0.3286,0.3303,0.3274,0.3285,5547286.9
2022-11-18 08:00:00,0.3285,0.3325,0.326,0.3309,26636583.1
2022-11-18 12:00:00,0.3309,0.3315,0.326,0.3264,12947451.1
2022-11-18 16:00:00,0.3264,0.3273,0.3206,0.3238,17191799.5
2022-11-18 20:00:00,0.3238,0.327,0.3234,0.326,8040653.8
2022-11-19 00:00:00,0.326,0.3267,0.3224,0.3257,8803582.7
2022-11-19 04:00:00,0.3257,0.3258,0.3213,0.3235,10479934.0
2022-11-19 08:00:00,0.3235,0.3254,0.3228,0.3254,5623203.4
2022-11-19 12:00:00,0.3253,0.3264,0.3232,0.3258,7887996.6
2022-11-19 16:00:00,0.3257,0.3292,0.3257,0.3282,7751371.7
2022-11-19 20:00:00,0.3281,0.3322,0.3277,0.328,8735487.7
2022-11-20 00:00:00,0.328,0.3312,0.3274,0.3287,7654027.0
2022-11-20 04:00:00,0.3287,0.3303,0.328,0.3291,4887817.6
2022-11-20 08:00:00,0.3291,0.3293,0.3184,0.3195,20555125.3
2022-11-20 12:00:00,0.3196,0.3209,0.317,0.3193,14660371.8
2022-11-20 16:00:00,0.3193,0.3204,0.3156,0.3196,13612940.6
2022-11-20 20:00:00,0.3196,0.3199,0.31,0.312,26538844.4
2022-11-21 00:00:00,0.312,0.3133,0.3012,0.3053,39532529.5
2022-11-21 04:00:00,0.3053,0.3094,0.3025,0.3043,19309964.0
2022-11-21 08:00:00,0.3043,0.3069,0.3017,0.3052,17475727.4
2022-11-21 12:00:00,0.3052,0.3123,0.3044,0.31,18535176.2
2022-11-21 16:00:00,0.31,0.31,0.2953,0.299,36753711.49
2022-11-21 20:00:00,0.299,0.3076,0.2984,0.3046,31136259.5
2022-11-22 00:00:00,0.3046,0.3092,0.3037,0.3067,15306489.4
2022-11-22 04:00:00,0.3067,0.3072,0.3,0.3024,14998709.8
2022-11-22 08:00:00,0.3024,0.3025,0.2982,0.3,17367013.9
2022-11-22 12:00:00,0.2999,0.3169,0.2984,0.3152,44042324.7
2022-11-22 16:00:00,0.3153,0.316,0.3083,0.311,13467197.0
2022-11-22 20:00:00,0.311,0.3135,0.3087,0.3126,14083389.5
2022-11-23 00:00:00,0.3126,0.3177,0.3093,0.3169,18036023.2
2022-11-23 04:00:00,0.3169,0.3193,0.3149,0.3163,25949221.1
2022-11-23 08:00:00,0.3162,0.32,0.3132,0.3156,31323510.0
2022-11-23 12:00:00,0.3156,0.3163,0.3104,0.313,23884545.0
2022-11-23 16:00:00,0.3129,0.3204,0.3109,0.3175,18868474.3
2022-11-23 20:00:00,0.3174,0.3196,0.3155,0.3185,12111031.0
2022-11-24 00:00:00,0.3185,0.3213,0.3159,0.3201,13873636.7
2022-11-24 04:00:00,0.3202,0.3203,0.316,0.3168,15242133.1
2022-11-24 08:00:00,0.3169,0.3175,0.3116,0.3131,13664637.0
2022-11-24 12:00:00,0.3131,0.3167,0.3119,0.315,14098985.3
2022-11-24 16:00:00,0.3149,0.3169,0.313,0.3165,9422640.1
2022-11-24 20:00:00,0.3165,0.3174,0.3135,0.3163,11150107.4
2022-11-25 00:00:00,0.3162,0.3165,0.3073,0.3095,16539931.8
2022-11-25 04:00:00,0.3095,0.3129,0.3086,0.3122,12123522.0
2022-11-25 08:00:00,0.3123,0.3163,0.3097,0.3142,25192279.5
2022-11-25 12:00:00,0.3143,0.316,0.3118,0.315,9716967.0
2022-11-25 16:00:00,0.3149,0.3165,0.312,0.3161,9462299.7
2022-11-25 20:00:00,0.316,0.3173,0.314,0.3146,8633650.3
2022-11-26 00:00:00,0.3147,0.3228,0.3146,0.3187,14908602.3
2022-11-26 04:00:00,0.3186,0.3194,0.3166,0.318,8165175.5
2022-11-26 08:00:00,0.318,0.3216,0.3178,0.3198,7520757.4
2022-11-26 12:00:00,0.3199,0.3227,0.3146,0.3165,15994202.0
2022-11-26 16:00:00,0.3165,0.3179,0.3124,0.3146,12790851.0
2022-11-26 20:00:00,0.3146,0.3154,0.3109,0.3138,6997599.8
2022-11-27 00:00:00,0.3138,0.3162,0.3128,0.3152,5788863.0
2022-11-27 04:00:00,0.3153,0.3177,0.315,0.3173,5725772.0
2022-11-27 08:00:00,0.3172,0.3196,0.3158,0.3171,9916889.2
2022-11-27 12:00:00,0.3171,0.3188,0.3159,0.3186,7047101.4
2022-11-27 16:00:00,0.3187,0.3193,0.3164,0.3176,6391214.3
2022-11-27 20:00:00,0.3177,0.3193,0.3114,0.3126,16040758.3
2022-11-28 00:00:00,0.3126,0.3139,0.3,0.3047,46241379.8
2022-11-28 04:00:00,0.3046,0.3072,0.3032,0.3066,11820260.3
2022-11-28 08:00:00,0.3066,0.3067,0.3037,0.3048,13406700.0
2022-11-28 12:00:00,0.3048,0.3085,0.3033,0.3045,14520416.7
2022-11-28 16:00:00,0.3045,0.3112,0.302,0.3066,23202353.1
2022-11-28 20:00:00,0.3066,0.3073,0.3051,0.3066,9728578.2
2022-11-29 00:00:00,0.3066,0.3094,0.3042,0.308,11872386.1
2022-11-29 04:00:00,0.3081,0.3124,0.308,0.3111,14788668.8
2022-11-29 08:00:00,0.3111,0.3128,0.3104,0.3107,6430162.6
2022-11-29 12:00:00,0.3108,0.3114,0.3069,0.3093,10136262.0
2022-11-29 16:00:00,0.3092,0.3093,0.3055,0.3079,8899789.3
2022-11-29 20:00:00,0.308,0.3118,0.3079,0.3092,10918164.1
2022-11-30 00:00:00,0.3093,0.3193,0.3084,0.3127,31310336.8
2022-11-30 04:00:00,0.3128,0.3153,0.3128,0.315,9526909.0
2022-11-30 08:00:00,0.3151,0.316,0.3125,0.3147,8831954.6
2022-11-30 12:00:00,0.3147,0.3154,0.3123,0.3152,13494900.6
2022-11-30 16:00:00,0.3152,0.3165,0.3084,0.3144,23849249.0
2022-11-30 20:00:00,0.3144,0.3209,0.314,0.3187,16682923.3
2022-12-01 00:00:00,0.3186,0.3197,0.3155,0.3173,9618099.4
2022-12-01 04:00:00,0.3174,0.3186,0.3142,0.3144,8163233.9
2022-12-01 08:00:00,0.3145,0.318,0.314,0.3176,8509021.9
2022-12-01 12:00:00,0.3177,0.32,0.3125,0.316,25988489.5
2022-12-01 16:00:00,0.316,0.3171,0.3135,0.3149,8293358.1
2022-12-01 20:00:00,0.315,0.3159,0.313,0.3145,9322673.3
2022-12-02 00:00:00,0.3144,0.3162,0.3106,0.3127,12129192.7
2022-12-02 04:00:00,0.3126,0.3144,0.3109,0.3138,7952906.8
2022-12-02 08:00:00,0.3139,0.3185,0.3135,0.3168,10313055.4
2022-12-02 12:00:00,0.3167,0.3181,0.3133,0.3168,15193128.5
2022-12-02 16:00:00,0.3168,0.3199,0.3159,0.3196,8186436.5
2022-12-02 20:00:00,0.3197,0.32,0.3184,0.3191,8535389.5
2022-12-03 00:00:00,0.3192,0.3213,0.3174,0.3194,14192423.3
2022-12-03 04:00:00,0.3194,0.32,0.3162,0.3181,13546952.4
2022-12-03 08:00:00,0.318,0.3265,0.3173,0.3234,27280489.1
2022-12-03 12:00:00,0.3235,0.3261,0.3213,0.3256,16287047.4
2022-12-03 16:00:00,0.3256,0.326,0.3224,0.3233,6996727.9
2022-12-03 20:00:00,0.3232,0.3233,0.317,0.3196,10179389.7
2022-12-04 00:00:00,0.3196,0.3241,0.3195,0.322,9907107.2
2022-12-04 04:00:00,0.3221,0.3234,0.3192,0.3195,10075116.0
2022-12-04 08:00:00,0.3195,0.321,0.3181,0.3194,7395670.1
2022-12-04 12:00:00,0.3194,0.3228,0.3181,0.322,15183938.7
2022-12-04 16:00:00,0.3219,0.3241,0.3211,0.3235,10185489.3
2022-12-04 20:00:00,0.3235,0.3238,0.3217,0.3221,5326547.1
2022-12-05 00:00:00,0.3222,0.3252,0.3214,0.3238,8669060.8
2022-12-05 04:00:00,0.3238,0.3268,0.3236,0.3255,11992702.4
2022-12-05 08:00:00,0.3256,0.329,0.3256,0.3271,11169716.1
2022-12-05 12:00:00,0.3271,0.3271,0.3206,0.3216,13561014.5
2022-12-05 16:00:00,0.3217,0.3221,0.3163,0.3174,16569049.9
2022-12-05 20:00:00,0.3174,0.32,0.3169,0.3193,6973326.9
2022-12-06 00:00:00,0.3193,0.3211,0.3192,0.3197,6617118.0
2022-12-06 04:00:00,0.3197,0.3199,0.3173,0.318,6173337.5
2022-12-06 08:00:00,0.3179,0.3189,0.3141,0.3162,13366917.9
2022-12-06 12:00:00,0.3162,0.3175,0.3146,0.3169,11744489.4
2022-12-06 16:00:00,0.3169,0.3172,0.3135,0.3151,9710571.0
2022-12-06 20:00:00,0.315,0.3188,0.3148,0.3183,7277000.3
2022-12-07 00:00:00,0.3183,0.3199,0.3168,0.3172,7277045.8
2022-12-07 04:00:00,0.3173,0.3178,0.3072,0.3085,25130755.7
2022-12-07 08:00:00,0.3084,0.311,0.3067,0.3095,13898509.0
2022-12-07 12:00:00,0.3094,0.3129,0.3093,0.3109,12975107.7
2022-12-07 16:00:00,0.311,0.3112,0.3076,0.3087,9480276.5
2022-12-07 20:00:00,0.3086,0.3109,0.3071,0.3102,11630643.3
2022-12-08 00:00:00,0.3103,0.3107,0.3072,0.3094,10937554.6
2022-12-08 04:00:00,0.3095,0.312,0.3079,0.3117,7211845.9
2022-12-08 08:00:00,0.3117,0.312,0.3076,0.3104,8794001.2
2022-12-08 12:00:00,0.3104,0.3127,0.309,0.3112,10649273.1
2022-12-08 16:00:00,0.3113,0.3157,0.3103,0.3153,11548263.6
2022-12-08 20:00:00,0.3153,0.3158,0.3136,0.3145,5937210.9
2022-12-09 00:00:00,0.3144,0.3164,0.3135,0.3142,5447704.2
2022-12-09 04:00:00,0.3142,0.3153,0.3135,0.3149,3888797.0
2022-12-09 08:00:00,0.3149,0.3166,0.3141,0.3141,9667629.5
2022-12-09 12:00:00,0.3141,0.3159,0.3117,0.3129,14964852.3
2022-12-09 16:00:00,0.3129,0.313,0.3097,0.3105,8919818.9
2022-12-09 20:00:00,0.3106,0.312,0.3088,0.3118,7357752.0
2022-12-10 00:00:00,0.3119,0.3128,0.311,0.3117,3681917.1
2022-12-10 04:00:00,0.3118,0.3125,0.311,0.3121,3084061.6
2022-12-10 08:00:00,0.3122,0.3134,0.3106,0.3133,3805900.1
2022-12-10 12:00:00,0.3132,0.3148,0.3122,0.3145,5444005.5
2022-12-10 16:00:00,0.3144,0.315,0.3116,0.3123,4167765.9
2022-12-10 20:00:00,0.3123,0.313,0.3117,0.3126,2889655.5
2022-12-11 00:00:00,0.3126,0.3143,0.3123,0.3138,3471637.7
2022-12-11 04:00:00,0.3138,0.3138,0.3124,0.3129,3068129.0
2022-12-11 08:00:00,0.3129,0.3131,0.3114,0.312,3375506.1
2022-12-11 12:00:00,0.312,0.3128,0.3117,0.3127,2566194.0
2022-12-11 16:00:00,0.3127,0.315,0.3123,0.3132,5291542.2
2022-12-11 20:00:00,0.3133,0.3133,0.3051,0.3074,20748486.3
2022-12-12 00:00:00,0.3073,0.3079,0.3004,0.303,18351429.8
2022-12-12 04:00:00,0.303,0.3045,0.3021,0.3041,8292938.7
2022-12-12 08:00:00,0.3041,0.3065,0.3029,0.306,6596129.4
2022-12-12 12:00:00,0.306,0.3067,0.3027,0.3045,9635582.0
2022-12-12 16:00:00,0.3046,0.3049,0.3037,0.3046,5713497.8
2022-12-12 20:00:00,0.3047,0.3078,0.304,0.3069,11129010.2
2022-12-13 00:00:00,0.3069,0.3076,0.3038,0.304,9064456.1
2022-12-13 04:00:00,0.304,0.3049,0.2991,0.3026,22536810.7
2022-12-13 08:00:00,0.3026,0.3085,0.3003,0.3084,21770397.5
2022-12-13 12:00:00,0.3084,0.3187,0.3065,0.3128,45517664.9
2022-12-13 16:00:00,0.3129,0.3149,0.3072,0.3102,17812533.6
2022-12-13 20:00:00,0.3102,0.3143,0.31,0.3142,8736754.7
2022-12-14 00:00:00,0.3142,0.3157,0.3127,0.313,14496340.2
2022-12-14 04:00:00,0.313,0.3132,0.3056,0.3101,19489517.6
2022-12-14 08:00:00,0.3102,0.3117,0.3091,0.3103,10179254.6
2022-12-14 12:00:00,0.3103,0.3138,0.3098,0.313,10438772.8
2022-12-14 16:00:00,0.3131,0.3141,0.3053,0.3076,23047674.0
2022-12-14 20:00:00,0.3076,0.309,0.3056,0.3079,13766846.4
2022-12-15 00:00:00,0.308,0.3086,0.3012,0.3045,17604575.1
2022-12-15 04:00:00,0.3044,0.3047,0.301,0.3016,11229818.8
2022-12-15 08:00:00,0.3015,0.3022,0.3002,0.302,14390861.0
2022-12-15 12:00:00,0.3019,0.3031,0.3008,0.3018,13134586.1
2022-12-15 16:00:00,0.3018,0.3024,0.2962,0.3017,19141352.5
2022-12-15 20:00:00,0.3017,0.302,0.2981,0.3003,12791773.8
2022-12-16 00:00:00,0.3003,0.3007,0.2988,0.3003,7471196.0
2022-12-16 04:00:00,0.3002,0.3013,0.2986,0.3007,8095981.7
2022-12-16 08:00:00,0.3007,0.3009,0.2825,0.2863,61554253.4
2022-12-16 12:00:00,0.2862,0.2867,0.2823,0.2843,25863126.2
2022-12-16 16:00:00,0.2844,0.2847,0.2798,0.2847,24878564.3
2022-12-16 20:00:00,0.2847,0.2861,0.255,0.2632,90492726.9
2022-12-17 00:00:00,0.2633,0.2667,0.2587,0.2603,54500369.5
2022-12-17 04:00:00,0.2603,0.2653,0.2598,0.2649,39129057.6
2022-12-17 08:00:00,0.2649,0.2678,0.2644,0.2662,17593057.2
2022-12-17 12:00:00,0.2662,0.2668,0.2637,0.2644,15600683.9
2022-12-17 16:00:00,0.2644,0.2655,0.2612,0.2632,17462231.1
2022-12-17 20:00:00,0.2632,0.2675,0.2629,0.2672,19918061.4
2022-12-18 00:00:00,0.2672,0.2713,0.2671,0.2686,28102147.9
2022-12-18 04:00:00,0.2686,0.27,0.2672,0.2677,7020291.7
2022-12-18 08:00:00,0.2676,0.2677,0.2627,0.2649,22392756.9
2022-12-18 12:00:00,0.2649,0.2661,0.264,0.264,8350809.9
2022-12-18 16:00:00,0.264,0.2683,0.2635,0.2673,13788337.6
2022-12-18 20:00:00,0.2673,0.2686,0.2654,0.2659,10732168.2
2022-12-19 00:00:00,0.266,0.2694,0.2633,0.2647,12821579.2
2022-12-19 04:00:00,0.2648,0.2658,0.2624,0.2635,8291322.3
2022-12-19 08:00:00,0.2635,0.2647,0.2625,0.2634,13923440.2
2022-12-19 12:00:00,0.2634,0.2652,0.2618,0.2633,11215838.9
2022-12-19 16:00:00,0.2633,0.2637,0.2507,0.255,44518437.8
2022-12-19 20:00:00,0.255,0.2574,0.2488,0.2529,18909262.76
2022-12-20 00:00:00,0.2529,0.2578,0.2512,0.255,22447581.7
2022-12-20 04:00:00,0.2551,0.2583,0.2548,0.2578,14096593.8
2022-12-20 08:00:00,0.2578,0.2594,0.2572,0.2588,9711048.1
2022-12-20 12:00:00,0.2588,0.2621,0.256,0.2601,16998937.9
2022-12-20 16:00:00,0.2601,0.2603,0.2577,0.2586,8005189.6
2022-12-20 20:00:00,0.2586,0.2598,0.2578,0.2587,8319618.3
2022-12-21 00:00:00,0.2586,0.2593,0.2539,0.2542,12868848.9
2022-12-21 04:00:00,0.2543,0.2543,0.2478,0.253,29262238.9
2022-12-21 08:00:00,0.253,0.255,0.2513,0.2536,18240732.9
2022-12-21 12:00:00,0.2536,0.2543,0.2508,0.2523,11669264.4
2022-12-21 16:00:00,0.2523,0.2524,0.2492,0.25,12857815.3
2022-12-21 20:00:00,0.2499,0.2535,0.2494,0.2534,8280031.3
2022-12-22 00:00:00,0.2534,0.2542,0.2523,0.2534,8307784.2
2022-12-22 04:00:00,0.2535,0.2537,0.2511,0.2521,6633587.8
2022-12-22 08:00:00,0.2522,0.2536,0.2517,0.2526,11618279.4
2022-12-22 12:00:00,0.2527,0.2537,0.2465,0.2485,21148698.4
2022-12-22 16:00:00,0.2485,0.252,0.248,0.2507,11183183.9
2022-12-22 20:00:00,0.2508,0.2569,0.2506,0.2566,19208657.7
2022-12-23 00:00:00,0.2567,0.264,0.2554,0.2616,24395157.4
2022-12-23 04:00:00,0.2616,0.2619,0.2583,0.2599,9974450.4
2022-12-23 08:00:00,0.26,0.2611,0.2582,0.2586,9785442.2
2022-12-23 12:00:00,0.2587,0.2596,0.256,0.2577,16726951.2
2022-12-23 16:00:00,0.2578,0.2606,0.2577,0.2596,8216241.5
2022-12-23 20:00:00,0.2595,0.2603,0.2584,0.2594,5021084.8
2022-12-24 00:00:00,0.2594,0.2602,0.259,0.26,3191319.8
2022-12-24 04:00:00,0.26,0.2604,0.2583,0.2591,5162034.6
2022-12-24 08:00:00,0.259,0.2591,0.2566,0.2575,6899552.4
2022-12-24 12:00:00,0.2575,0.2588,0.2575,0.2584,5102779.0
2022-12-24 16:00:00,0.2584,0.2594,0.2577,0.2587,5067082.8
2022-12-24 20:00:00,0.2586,0.2601,0.2581,0.2592,6631541.9
2022-12-25 00:00:00,0.2591,0.2599,0.2588,0.2591,3687749.9
2022-12-25 04:00:00,0.2591,0.2597,0.2583,0.2589,3708594.7
2022-12-25 08:00:00,0.2588,0.2593,0.2572,0.258,8382765.1
2022-12-25 12:00:00,0.2579,0.2589,0.2554,0.2564,12317012.4
2022-12-25 16:00:00,0.2564,0.2571,0.2546,0.257,9359101.5
2022-12-25 20:00:00,0.257,0.2598,0.2559,0.2591,9171795.6
2022-12-26 00:00:00,0.259,0.2625,0.2576,0.2614,19445713.2
2022-12-26 04:00:00,0.2613,0.2617,0.2587,0.2594,5763590.8
2022-12-26 08:00:00,0.2594,0.2614,0.2587,0.2607,5815768.1
2022-12-26 12:00:00,0.2608,0.2631,0.2608,0.2612,12310225.5
2022-12-26 16:00:00,0.2612,0.2636,0.2607,0.2625,8567545.9
2022-12-26 20:00:00,0.2627,0.2657,0.2623,0.2652,9872630.8
2022-12-27 00:00:00,0.2653,0.2665,0.2634,0.2638,7785019.3
2022-12-27 04:00:00,0.2639,0.2642,0.2627,0.2638,5976740.8
2022-12-27 08:00:00,0.2638,0.2651,0.2617,0.2628,9775231.4
2022-12-27 12:00:00,0.2627,0.263,0.2592,0.2605,13069815.9
2022-12-27 16:00:00,0.2605,0.2607,0.2563,0.259,14095327.4
2022-12-27 20:00:00,0.259,0.2608,0.2587,0.2603,8855789.9
2022-12-28 00:00:00,0.2603,0.2611,0.2536,0.2557,21064531.3
2022-12-28 04:00:00,0.2557,0.2558,0.2501,0.2515,29767539.7
2022-12-28 08:00:00,0.2514,0.2524,0.2502,0.2519,13898145.5
2022-12-28 12:00:00,0.2519,0.255,0.2503,0.2503,19630336.4
2022-12-28 16:00:00,0.2503,0.2528,0.25,0.2511,9007959.9
2022-12-28 20:00:00,0.251,0.2518,0.2468,0.2482,22320403.9
2022-12-29 00:00:00,0.2483,0.2484,0.2419,0.2459,31719629.7
2022-12-29 04:00:00,0.246,0.2464,0.2441,0.2454,11964332.6
2022-12-29 08:00:00,0.2454,0.2467,0.2433,0.2457,13795022.5
2022-12-29 12:00:00,0.2458,0.2466,0.2445,0.2459,13546592.3
2022-12-29 16:00:00,0.246,0.2464,0.2426,0.2435,15533931.1
2022-12-29 20:00:00,0.2436,0.2448,0.2396,0.244,32676288.4
2022-12-30 00:00:00,0.244,0.2454,0.2432,0.2441,12269786.5
2022-12-30 04:00:00,0.2442,0.2448,0.2392,0.2406,14314830.6
2022-12-30 08:00:00,0.2405,0.2425,0.2403,0.2415,10199980.6
2022-12-30 12:00:00,0.2415,0.2437,0.2396,0.2436,20334741.5
2022-12-30 16:00:00,0.2436,0.2447,0.2434,0.2438,9861259.4
2022-12-30 20:00:00,0.2439,0.2463,0.2438,0.2458,10802658.4
2022-12-31 00:00:00,0.2457,0.2459,0.2444,0.2449,6579719.7
2022-12-31 04:00:00,0.2448,0.2451,0.244,0.2446,6034896.9
2022-12-31 08:00:00,0.2447,0.2474,0.2446,0.2465,10740882.4
2022-12-31 12:00:00,0.2465,0.2521,0.2464,0.2504,23153119.8
2022-12-31 16:00:00,0.2504,0.2504,0.247,0.2486,10461980.6
2022-12-31 20:00:00,0.2486,0.2495,0.2451,0.2458,9952469.7
2023-01-01 00:00:00,0.2458,0.2462,0.2441,0.2454,11380844.4
2023-01-01 04:00:00,0.2454,0.2455,0.2443,0.2452,6323089.9
2023-01-01 08:00:00,0.2452,0.246,0.2434,0.2459,6758810.0
2023-01-01 12:00:00,0.2459,0.2464,0.2451,0.2462,5893192.9
2023-01-01 16:00:00,0.2462,0.2496,0.2461,0.2484,11994377.5
2023-01-01 20:00:00,0.2485,0.25,0.2482,0.2499,7136714.8
2023-01-02 00:00:00,0.2499,0.2506,0.2466,0.2497,13117513.8
2023-01-02 04:00:00,0.2498,0.2561,0.2491,0.2541,18139774.8
2023-01-02 08:00:00,0.2541,0.2561,0.253,0.254,15213898.8
2023-01-02 12:00:00,0.2541,0.2551,0.2526,0.2546,10715833.5
2023-01-02 16:00:00,0.2547,0.2555,0.2541,0.2553,7453730.4
2023-01-02 20:00:00,0.2553,0.2565,0.253,0.2538,10817533.3
2023-01-03 00:00:00,0.2538,0.2544,0.2519,0.2532,10959685.1
2023-01-03 04:00:00,0.2532,0.255,0.2524,0.2534,10158673.1
2023-01-03 08:00:00,0.2534,0.2551,0.252,0.2537,11552528.4
2023-01-03 12:00:00,0.2538,0.2555,0.2523,0.2536,12702649.2
2023-01-03 16:00:00,0.2537,0.2541,0.2502,0.2507,17690908.7
2023-01-03 20:00:00,0.2507,0.2531,0.2506,0.2529,8606612.6
2023-01-04 00:00:00,0.2529,0.2657,0.2518,0.2647,41293442.8
2023-01-04 04:00:00,0.2647,0.266,0.2624,0.2656,22222060.1
2023-01-04 08:00:00,0.2655,0.2677,0.2633,0.2642,26820437.1
2023-01-04 12:00:00,0.2643,0.269,0.2634,0.2681,19185491.5
2023-01-04 16:00:00,0.2681,0.2708,0.2646,0.2661,26390383.0
2023-01-04 20:00:00,0.2661,0.268,0.262,0.2678,12899182.0
2023-01-05 00:00:00,0.2678,0.2688,0.2647,0.2652,12980193.9
2023-01-05 04:00:00,0.2652,0.2713,0.2647,0.2663,17740995.0
2023-01-05 08:00:00,0.2664,0.267,0.2633,0.2663,13598974.1
2023-01-05 12:00:00,0.2663,0.2674,0.2647,0.2654,15508979.1
2023-01-05 16:00:00,0.2654,0.2696,0.2646,0.269,10469975.3
2023-01-05 20:00:00,0.2691,0.2706,0.2679,0.2692,11644515.2
2023-01-06 00:00:00,0.2692,0.2773,0.2688,0.2735,37443170.6
2023-01-06 04:00:00,0.2734,0.2752,0.2703,0.2717,30352608.9
2023-01-06 08:00:00,0.2716,0.2728,0.2684,0.2703,19932404.4
2023-01-06 12:00:00,0.2703,0.2744,0.2671,0.2733,37574152.3
2023-01-06 16:00:00,0.2733,0.2764,0.272,0.2764,21078110.7
2023-01-06 20:00:00,0.2765,0.2798,0.2729,0.2786,24818280.7
2023-01-07 00:00:00,0.2785,0.2806,0.2762,0.2768,17870591.7
2023-01-07 04:00:00,0.2768,0.2781,0.2759,0.2766,8984266.3
2023-01-07 08:00:00,0.2765,0.2767,0.2734,0.2749,13796503.2
2023-01-07 12:00:00,0.2747,0.2753,0.2723,0.2752,13950000.0
2023-01-07 16:00:00,0.2753,0.2777,0.2737,0.2772,8619361.3
2023-01-07 20:00:00,0.2772,0.2781,0.2759,0.2768,9402645.7
2023-01-08 00:00:00,0.2768,0.2788,0.2742,0.2758,17071463.6
2023-01-08 04:00:00,0.2759,0.2777,0.2752,0.2765,9513946.9
2023-01-08 08:00:00,0.2766,0.288,0.2761,0.2853,48540094.8
2023-01-08 12:00:00,0.2854,0.2898,0.2854,0.288,39590991.5
2023-01-08 16:00:00,0.2881,0.294,0.2856,0.2899,37079065.3
2023-01-08 20:00:00,0.2899,0.299,0.2897,0.2974,44252160.7
2023-01-09 00:00:00,0.2975,0.346,0.2955,0.3295,189488829.6
2023-01-09 04:00:00,0.3294,0.3328,0.3234,0.3256,39878673.4
2023-01-09 08:00:00,0.3255,0.3289,0.3213,0.3216,41457758.9
2023-01-09 12:00:00,0.3216,0.3256,0.3165,0.3207,45403365.3
2023-01-09 16:00:00,0.3207,0.3248,0.314,0.3156,43692859.6
2023-01-09 20:00:00,0.3155,0.3185,0.3104,0.3168,45255519.1
2023-01-10 00:00:00,0.3168,0.3219,0.3063,0.3138,49624958.9
2023-01-10 04:00:00,0.3137,0.3166,0.3123,0.3151,19226850.7
2023-01-10 08:00:00,0.3151,0.3207,0.3138,0.3178,23351892.8
2023-01-10 12:00:00,0.3177,0.3218,0.3132,0.3203,43877754.0
2023-01-10 16:00:00,0.3203,0.3246,0.3154,0.3237,28543969.6
2023-01-10 20:00:00,0.3237,0.3253,0.3208,0.3222,19457022.1
2023-01-11 00:00:00,0.3222,0.3233,0.3125,0.3146,26898423.0
2023-01-11 04:00:00,0.3145,0.3168,0.3121,0.3157,17277524.7
2023-01-11 08:00:00,0.3157,0.3162,0.3127,0.3147,12820723.8
2023-01-11 12:00:00,0.3147,0.3148,0.3075,0.309,25183120.2
2023-01-11 16:00:00,0.309,0.318,0.3078,0.3177,28255685.3
2023-01-11 20:00:00,0.3178,0.3235,0.3137,0.323,33613109.5
2023-01-12 00:00:00,0.323,0.3288,0.3204,0.3274,48340839.2
2023-01-12 04:00:00,0.3275,0.3299,0.3227,0.3247,26488156.0
2023-01-12 08:00:00,0.3247,0.3247,0.3203,0.3218,20654162.8
2023-01-12 12:00:00,0.3218,0.3351,0.3154,0.3223,85141087.3
2023-01-12 16:00:00,0.3223,0.3323,0.3215,0.3308,42194114.9
2023-01-12 20:00:00,0.3308,0.3318,0.3276,0.3293,25622452.3
2023-01-13 00:00:00,0.3293,0.3307,0.3237,0.3287,21587995.8
2023-01-13 04:00:00,0.3288,0.3306,0.3265,0.3279,13455410.1
2023-01-13 08:00:00,0.3279,0.3352,0.3278,0.3308,25264814.5
2023-01-13 12:00:00,0.3308,0.3323,0.326,0.332,23274172.9
2023-01-13 16:00:00,0.3321,0.3347,0.3277,0.3346,17976866.6
2023-01-13 20:00:00,0.3346,0.3509,0.3327,0.3456,48987234.1
2023-01-14 00:00:00,0.3455,0.3636,0.345,0.3577,84715834.5
2023-01-14 04:00:00,0.3576,0.3697,0.3521,0.3634,51324447.2
2023-01-14 08:00:00,0.3635,0.3695,0.332,0.3503,78744398.3
2023-01-14 12:00:00,0.3502,0.3566,0.343,0.3516,40749265.8
2023-01-14 16:00:00,0.3515,0.3537,0.3474,0.3486,20203118.2
2023-01-14 20:00:00,0.3485,0.354,0.3457,0.3525,13240113.5
2023-01-15 00:00:00,0.3526,0.3539,0.3416,0.347,31064054.0
2023-01-15 04:00:00,0.3469,0.3487,0.3428,0.3462,13040068.8
2023-01-15 08:00:00,0.3462,0.3469,0.3385,0.3452,25257059.0
2023-01-15 12:00:00,0.3452,0.3518,0.3431,0.3507,23250043.4
2023-01-15 16:00:00,0.3506,0.3536,0.3458,0.349,25697870.7
2023-01-15 20:00:00,0.3489,0.3515,0.3472,0.3507,14673998.4
2023-01-16 00:00:00,0.3508,0.3611,0.3478,0.3569,27988417.9
2023-01-16 04:00:00,0.357,0.364,0.356,0.3576,22238193.8
2023-01-16 08:00:00,0.3577,0.3577,0.3456,0.3494,36482022.0
2023-01-16 12:00:00,0.3494,0.3506,0.3376,0.3472,31192815.2
2023-01-16 16:00:00,0.3472,0.3559,0.346,0.3538,21729197.7
2023-01-16 20:00:00,0.3538,0.3546,0.3477,0.3504,17234181.9
2023-01-17 00:00:00,0.3505,0.3532,0.343,0.3481,18866982.2
2023-01-17 04:00:00,0.3481,0.3512,0.3474,0.3508,10157017.7
2023-01-17 08:00:00,0.3509,0.3538,0.3496,0.3537,13996341.5
2023-01-17 12:00:00,0.3538,0.3576,0.3504,0.3529,27858127.6
2023-01-17 16:00:00,0.3528,0.3539,0.3501,0.3527,11128230.2
2023-01-17 20:00:00,0.3528,0.3537,0.3444,0.3455,19584653.0
2023-01-18 00:00:00,0.3455,0.3527,0.3444,0.3501,17542008.3
2023-01-18 04:00:00,0.35,0.3525,0.3488,0.3504,12322611.0
2023-01-18 08:00:00,0.3503,0.351,0.3439,0.347,12897335.9
2023-01-18 12:00:00,0.3471,0.3555,0.3308,0.3388,39275142.5
2023-01-18 16:00:00,0.3388,0.3408,0.3237,0.3348,66537837.7
2023-01-18 20:00:00,0.3349,0.3357,0.3253,0.3264,21443921.8
2023-01-19 00:00:00,0.3264,0.3335,0.3255,0.3296,14926417.9
2023-01-19 04:00:00,0.3297,0.3335,0.3296,0.3307,8249481.2
2023-01-19 08:00:00,0.3308,0.338,0.3297,0.331,11130964.7
2023-01-19 12:00:00,0.3309,0.336,0.3272,0.3345,16895414.7
2023-01-19 16:00:00,0.3346,0.3409,0.333,0.3398,17295082.9
2023-01-19 20:00:00,0.3398,0.343,0.3364,0.3379,11730953.3
2023-01-20 00:00:00,0.338,0.3412,0.3355,0.3395,11288127.1
2023-01-20 04:00:00,0.3396,0.3405,0.3336,0.3354,8792569.6
2023-01-20 08:00:00,0.3354,0.3376,0.3343,0.3351,8664446.7
2023-01-20 12:00:00,0.3351,0.3423,0.3347,0.3413,16478977.2
2023-01-20 16:00:00,0.3414,0.3507,0.3402,0.3505,22715293.8
2023-01-20 20:00:00,0.3505,0.3657,0.3454,0.3652,62828036.2
2023-01-21 00:00:00,0.3651,0.3683,0.3569,0.3594,33753683.8
2023-01-21 04:00:00,0.3594,0.366,0.3594,0.3632,22118164.6
2023-01-21 08:00:00,0.3633,0.374,0.3571,0.3638,54947528.9
2023-01-21 12:00:00,0.3639,0.38,0.3635,0.3706,57841203.2
2023-01-21 16:00:00,0.3706,0.3807,0.3702,0.3758,37606245.1
2023-01-21 20:00:00,0.3759,0.3762,0.366,0.3687,22684961.4
2023-01-22 00:00:00,0.3686,0.3762,0.3629,0.3646,22388579.0
2023-01-22 04:00:00,0.3646,0.3753,0.3633,0.3733,25489090.4
2023-01-22 08:00:00,0.3734,0.3866,0.3712,0.3811,43503365.9
2023-01-22 12:00:00,0.381,0.3858,0.3747,0.3806,37997132.3
2023-01-22 16:00:00,0.3807,0.3872,0.3768,0.3822,36705454.2
2023-01-22 20:00:00,0.3821,0.3839,0.3713,0.3764,39298422.2
2023-01-23 00:00:00,0.3764,0.3836,0.3687,0.3704,56099458.5
2023-01-23 04:00:00,0.3705,0.3766,0.3702,0.3744,22214789.2
2023-01-23 08:00:00,0.3744,0.3804,0.3729,0.3777,21031105.2
2023-01-23 12:00:00,0.3778,0.3802,0.371,0.3767,32018522.5
2023-01-23 16:00:00,0.3767,0.3798,0.3698,0.3739,23199956.9
2023-01-23 20:00:00,0.374,0.3775,0.3733,0.375,14356349.5
2023-01-24 00:00:00,0.375,0.3795,0.3726,0.3787,13215625.7
2023-01-24 04:00:00,0.3788,0.383,0.3772,0.382,12906816.6
2023-01-24 08:00:00,0.3821,0.3825,0.3758,0.3779,12399180.9
2023-01-24 12:00:00,0.3779,0.3781,0.372,0.376,16182639.1
2023-01-24 16:00:00,0.3761,0.3793,0.371,0.3788,17583022.3
2023-01-24 20:00:00,0.3788,0.3805,0.3552,0.3587,39462134.9
2023-01-25 00:00:00,0.3588,0.3588,0.3469,0.3542,26770275.1
2023-01-25 04:00:00,0.3541,0.3597,0.3527,0.3596,11128058.2
2023-01-25 08:00:00,0.3596,0.361,0.3541,0.3556,12636200.2
2023-01-25 12:00:00,0.3557,0.3618,0.352,0.3552,25749665.9
2023-01-25 16:00:00,0.3552,0.3613,0.3539,0.361,11489557.4
2023-01-25 20:00:00,0.3611,0.3797,0.3608,0.3732,37727803.4
2023-01-26 00:00:00,0.3733,0.3892,0.3733,0.3791,36991944.6
2023-01-26 04:00:00,0.3791,0.3832,0.3758,0.3762,21855834.8
2023-01-26 08:00:00,0.3762,0.3777,0.3711,0.374,15410610.9
2023-01-26 12:00:00,0.3741,0.3843,0.372,0.3766,38475039.5
2023-01-26 16:00:00,0.3765,0.3821,0.373,0.3809,22561785.5
2023-01-26 20:00:00,0.3809,0.383,0.3772,0.3796,16725416.8
2023-01-27 00:00:00,0.3796,0.3816,0.3678,0.3717,22388594.7
2023-01-27 04:00:00,0.3718,0.3803,0.3714,0.3803,10050549.8
2023-01-27 08:00:00,0.3803,0.3809,0.3757,0.3766,11811230.7
2023-01-27 12:00:00,0.3765,0.381,0.3726,0.3784,18260492.1
2023-01-27 16:00:00,0.3783,0.3838,0.3778,0.3829,18421195.7
2023-01-27 20:00:00,0.3828,0.391,0.3812,0.3898,31781550.3
2023-01-28 00:00:00,0.3898,0.398,0.3866,0.3887,39180770.9
2023-01-28 04:00:00,0.3887,0.3943,0.3861,0.3887,22245838.5
2023-01-28 08:00:00,0.3887,0.3889,0.3838,0.3869,12619276.2
2023-01-28 12:00:00,0.3868,0.3869,0.378,0.3838,26797498.2
2023-01-28 16:00:00,0.3838,0.3867,0.3818,0.3837,9488545.2
2023-01-28 20:00:00,0.3837,0.3841,0.3789,0.3819,8876664.2
2023-01-29 00:00:00,0.3818,0.3903,0.3768,0.3862,22630900.7
2023-01-29 04:00:00,0.3862,0.3876,0.3839,0.3862,7663961.8
2023-01-29 08:00:00,0.3863,0.3912,0.3851,0.3907,14687600.3
2023-01-29 12:00:00,0.3907,0.3914,0.387,0.3889,15753432.1
2023-01-29 16:00:00,0.3889,0.3983,0.3877,0.396,23211549.0
2023-01-29 20:00:00,0.396,0.3991,0.3927,0.3975,18981760.7
2023-01-30 00:00:00,0.3976,0.3982,0.3893,0.3922,17026791.5
2023-01-30 04:00:00,0.3925,0.3933,0.3874,0.3894,13049749.0
2023-01-30 08:00:00,0.3893,0.3906,0.3734,0.3801,35261522.6
2023-01-30 12:00:00,0.3801,0.3855,0.3779,0.3822,20511041.0
2023-01-30 16:00:00,0.3822,0.3838,0.367,0.3725,27331193.9
2023-01-30 20:00:00,0.3724,0.3733,0.3652,0.3725,21156367.0
2023-01-31 00:00:00,0.3725,0.3737,0.3681,0.372,15741905.2
2023-01-31 04:00:00,0.372,0.3749,0.3685,0.3746,10669716.7
2023-01-31 08:00:00,0.3746,0.3753,0.3709,0.3725,11149920.5
2023-01-31 12:00:00,0.3725,0.3968,0.3725,0.3959,46784309.3
2023-01-31 16:00:00,0.396,0.3998,0.3861,0.3936,45104156.4
2023-01-31 20:00:00,0.3937,0.3938,0.3829,0.3902,26851174.9
2023-02-01 00:00:00,0.3902,0.3915,0.3851,0.3881,12155598.2
2023-02-01 04:00:00,0.388,0.3886,0.3802,0.3823,14076916.4
2023-02-01 08:00:00,0.3824,0.3831,0.3777,0.3821,13449945.9
2023-02-01 12:00:00,0.3822,0.3834,0.3734,0.3754,22787974.1
2023-02-01 16:00:00,0.3753,0.3913,0.371,0.3874,55359672.2
2023-02-01 20:00:00,0.3875,0.4018,0.3864,0.397,45168857.1
2023-02-02 00:00:00,0.397,0.41,0.3969,0.4064,46860458.1
2023-02-02 04:00:00,0.4064,0.4082,0.3993,0.3999,16963038.8
2023-02-02 08:00:00,0.4,0.4067,0.3976,0.4059,24330811.8
2023-02-02 12:00:00,0.406,0.4076,0.399,0.4048,27807924.4
2023-02-02 16:00:00,0.4048,0.4136,0.403,0.4051,34231636.3
2023-02-02 20:00:00,0.4052,0.4077,0.3921,0.3981,29021788.9
2023-02-03 00:00:00,0.3981,0.4044,0.3961,0.3999,17326158.9
2023-02-03 04:00:00,0.3998,0.4028,0.398,0.3994,9379376.9
2023-02-03 08:00:00,0.3995,0.4036,0.3979,0.4032,14366436.2
2023-02-03 12:00:00,0.4032,0.4054,0.3944,0.4033,41948483.1
2023-02-03 16:00:00,0.4033,0.407,0.4023,0.4032,19025235.0
2023-02-03 20:00:00,0.4032,0.4056,0.4011,0.4038,10185890.6
2023-02-04 00:00:00,0.4037,0.4038,0.3993,0.4003,13510252.7
2023-02-04 04:00:00,0.4002,0.4015,0.3975,0.4009,8113090.5
2023-02-04 08:00:00,0.4009,0.4023,0.3989,0.4006,8867470.7
2023-02-04 12:00:00,0.4007,0.4055,0.4,0.4038,10686129.5
2023-02-04 16:00:00,0.4038,0.4055,0.4013,0.4045,15312264.4
2023-02-04 20:00:00,0.4046,0.405,0.3983,0.3994,13176753.2
2023-02-05 00:00:00,0.3993,0.4002,0.394,0.397,14571005.5
2023-02-05 04:00:00,0.3969,0.4013,0.3956,0.401,7586456.7
2023-02-05 08:00:00,0.4009,0.4019,0.3984,0.3992,8471824.8
2023-02-05 12:00:00,0.3992,0.4001,0.388,0.3908,32581612.5
2023-02-05 16:00:00,0.3909,0.3914,0.3821,0.3864,26346089.2
2023-02-05 20:00:00,0.3864,0.3934,0.3846,0.3923,14897057.3
2023-02-06 00:00:00,0.3923,0.4033,0.3909,0.3919,23176713.7
2023-02-06 04:00:00,0.3919,0.3937,0.3859,0.3924,14433262.3
2023-02-06 08:00:00,0.3923,0.3945,0.3883,0.3914,16580618.6
2023-02-06 12:00:00,0.3914,0.3946,0.3882,0.3944,21961718.1
2023-02-06 16:00:00,0.3945,0.3967,0.3907,0.3926,15310613.7
2023-02-06 20:00:00,0.3926,0.393,0.3795,0.3823,18784925.5
2023-02-07 00:00:00,0.3823,0.3872,0.3814,0.3863,11348002.2
2023-02-07 04:00:00,0.3863,0.3888,0.3852,0.3857,10241381.8
2023-02-07 08:00:00,0.3857,0.3918,0.3834,0.3884,15747587.0
2023-02-07 12:00:00,0.3885,0.3915,0.384,0.3856,15402718.7
2023-02-07 16:00:00,0.3856,0.3973,0.383,0.3922,33806293.1
2023-02-07 20:00:00,0.3923,0.3998,0.3908,0.3989,20700794.0
2023-02-08 00:00:00,0.3989,0.4035,0.3976,0.3988,15795564.8
2023-02-08 04:00:00,0.3988,0.4006,0.3959,0.3999,11806693.5
2023-02-08 08:00:00,0.3999,0.4,0.396,0.3984,12759238.8
2023-02-08 12:00:00,0.3984,0.4003,0.3922,0.3923,20804181.1
2023-02-08 16:00:00,0.3923,0.3954,0.3853,0.3936,22926824.6
2023-02-08 20:00:00,0.3936,0.3952,0.3897,0.3942,8780024.6
2023-02-09 00:00:00,0.3942,0.3957,0.3774,0.3821,27680547.2
2023-02-09 04:00:00,0.382,0.3879,0.3786,0.3873,13693553.7
2023-02-09 08:00:00,0.3873,0.3891,0.3847,0.3862,8861254.4
2023-02-09 12:00:00,0.3862,0.3906,0.3839,0.3862,16944781.4
2023-02-09 16:00:00,0.3861,0.3874,0.3669,0.3721,39245877.7
2023-02-09 20:00:00,0.372,0.372,0.3543,0.3622,45077820.0
2023-02-10 00:00:00,0.3622,0.3638,0.3587,0.3611,16328364.1
2023-02-10 04:00:00,0.361,0.3648,0.3534,0.3646,21864384.5
2023-02-10 08:00:00,0.3646,0.3652,0.3594,0.3599,12838820.5
2023-02-10 12:00:00,0.3599,0.3642,0.3567,0.3602,18893722.5
2023-02-10 16:00:00,0.3601,0.3656,0.3568,0.3647,15610582.0
2023-02-10 20:00:00,0.3648,0.3652,0.3545,0.3581,18753945.5
2023-02-11 00:00:00,0.358,0.3617,0.3567,0.3617,9721030.0
2023-02-11 04:00:00,0.3617,0.362,0.3582,0.3596,6249389.7
2023-02-11 08:00:00,0.3596,0.3611,0.3589,0.3603,6416969.0
2023-02-11 12:00:00,0.3603,0.3628,0.3589,0.3623,10559653.2
2023-02-11 16:00:00,0.3623,0.3623,0.3596,0.362,12068194.5
2023-02-11 20:00:00,0.3621,0.3702,0.3615,0.3684,10889718.5
2023-02-12 00:00:00,0.3685,0.3694,0.3657,0.3658,4778097.4
2023-02-12 04:00:00,0.3657,0.3669,0.3644,0.3661,4366272.1
2023-02-12 08:00:00,0.3662,0.3702,0.366,0.3689,7947703.0
2023-02-12 12:00:00,0.369,0.3709,0.3663,0.3699,10263384.4
2023-02-12 16:00:00,0.3699,0.3734,0.3685,0.3728,12748479.7
2023-02-12 20:00:00,0.3727,0.3738,0.3596,0.3641,17312155.6
2023-02-13 00:00:00,0.3641,0.3657,0.3565,0.3621,15392253.3
2023-02-13 04:00:00,0.3621,0.3647,0.3612,0.3627,8734197.1
2023-02-13 08:00:00,0.3627,0.3629,0.3465,0.3516,39526715.1
2023-02-13 12:00:00,0.3517,0.3551,0.3508,0.3517,18423867.3
2023-02-13 16:00:00,0.3517,0.3547,0.345,0.3538,18204204.7
2023-02-13 20:00:00,0.3539,0.3603,0.3526,0.3593,14146084.5
2023-02-14 00:00:00,0.3593,0.3594,0.3552,0.3561,8832600.5
2023-02-14 04:00:00,0.3561,0.3597,0.3545,0.3597,8001847.1
2023-02-14 08:00:00,0.3597,0.3624,0.3575,0.3621,12423353.7
2023-02-14 12:00:00,0.3621,0.3818,0.3565,0.3789,58244303.5
2023-02-14 16:00:00,0.379,0.3931,0.3759,0.389,45169500.8
2023-02-14 20:00:00,0.389,0.3908,0.3851,0.3867,24318570.3
2023-02-15 00:00:00,0.3868,0.39,0.3826,0.3859,20057242.9
2023-02-15 04:00:00,0.386,0.3869,0.3832,0.3837,12300997.5
2023-02-15 08:00:00,0.3837,0.3899,0.3819,0.3899,15007251.8
2023-02-15 12:00:00,0.3899,0.3956,0.3891,0.3909,30684441.1
2023-02-15 16:00:00,0.3909,0.3984,0.3873,0.398,23448133.8
2023-02-15 20:00:00,0.3981,0.42,0.3971,0.419,50093158.2
2023-02-16 00:00:00,0.419,0.4213,0.4087,0.4114,32372890.9
2023-02-16 04:00:00,0.4115,0.4118,0.4049,0.4064,17650353.2
2023-02-16 08:00:00,0.4064,0.4084,0.4033,0.4047,19933971.5
2023-02-16 12:00:00,0.4048,0.4132,0.3975,0.4127,36585658.5
2023-02-16 16:00:00,0.4127,0.4144,0.4024,0.4045,27913585.1
2023-02-16 20:00:00,0.4044,0.4045,0.3862,0.3874,40312534.8
2023-02-17 00:00:00,0.3874,0.3982,0.3854,0.3966,20388940.0
2023-02-17 04:00:00,0.3967,0.3986,0.3926,0.394,13545833.6
2023-02-17 08:00:00,0.394,0.3962,0.3925,0.396,13905233.8
2023-02-17 12:00:00,0.3961,0.4021,0.3947,0.4008,26192874.5
2023-02-17 16:00:00,0.4007,0.4074,0.3965,0.4071,23421259.7
2023-02-17 20:00:00,0.4071,0.4098,0.3974,0.4033,26070072.0
2023-02-18 00:00:00,0.4033,0.4067,0.4025,0.4039,11127547.1
2023-02-18 04:00:00,0.404,0.405,0.3997,0.4008,10379293.2
2023-02-18 08:00:00,0.4007,0.4027,0.3976,0.3988,8880365.6
2023-02-18 12:00:00,0.3987,0.4049,0.398,0.4044,12936558.6
2023-02-18 16:00:00,0.4043,0.4184,0.4029,0.4052,37236273.4
2023-02-18 20:00:00,0.4052,0.4071,0.402,0.406,9030233.6
2023-02-19 00:00:00,0.406,0.4065,0.4005,0.4023,9228252.6
2023-02-19 04:00:00,0.4023,0.4054,0.4013,0.4016,11563686.9
2023-02-19 08:00:00,0.4017,0.4058,0.401,0.4054,8403202.9
2023-02-19 12:00:00,0.4055,0.4122,0.4055,0.4108,23176260.7
2023-02-19 16:00:00,0.4107,0.4121,0.3994,0.4014,27587149.7
2023-02-19 20:00:00,0.4014,0.4033,0.3968,0.3995,18222677.3
2023-02-20 00:00:00,0.3994,0.4022,0.3893,0.4017,22053267.6
2023-02-20 04:00:00,0.4017,0.409,0.4009,0.4077,15393567.0
2023-02-20 08:00:00,0.4076,0.4098,0.403,0.4072,18121868.5
2023-02-20 12:00:00,0.4073,0.4089,0.4038,0.407,17082311.5
2023-02-20 16:00:00,0.4071,0.4074,0.4012,0.4058,17720196.4
2023-02-20 20:00:00,0.4058,0.4083,0.4021,0.4038,26535166.7
2023-02-21 00:00:00,0.4037,0.4056,0.4004,0.4017,15439819.0
2023-02-21 04:00:00,0.4018,0.405,0.4004,0.404,8130706.8
2023-02-21 08:00:00,0.4039,0.4059,0.3928,0.3948,33302395.2
2023-02-21 12:00:00,0.3947,0.397,0.3896,0.3929,20278889.2
2023-02-21 16:00:00,0.3929,0.3965,0.3897,0.3944,14875817.9
2023-02-21 20:00:00,0.3944,0.3962,0.3855,0.3925,27795800.9
2023-02-22 00:00:00,0.3926,0.3929,0.3806,0.3882,25942463.4
2023-02-22 04:00:00,0.3882,0.3886,0.3812,0.3848,18632856.7
2023-02-22 08:00:00,0.3848,0.3872,0.3784,0.386,21559930.7
2023-02-22 12:00:00,0.3859,0.3874,0.3769,0.3798,22780467.1
2023-02-22 16:00:00,0.3797,0.3861,0.3777,0.3828,21367711.0
2023-02-22 20:00:00,0.3829,0.3891,0.382,0.3888,12868858.1
2023-02-23 00:00:00,0.3889,0.3949,0.3879,0.3917,16438211.7
2023-02-23 04:00:00,0.3916,0.394,0.3895,0.3936,8909292.8
2023-02-23 08:00:00,0.3935,0.3938,0.383,0.3844,15134184.2
2023-02-23 12:00:00,0.3844,0.3906,0.3813,0.3853,17237840.5
2023-02-23 16:00:00,0.3852,0.3852,0.3794,0.3836,14217497.6
2023-02-23 20:00:00,0.3836,0.3855,0.3795,0.3824,9291970.7
2023-02-24 00:00:00,0.3824,0.3852,0.3798,0.38,12411463.7
2023-02-24 04:00:00,0.38,0.3819,0.3783,0.3812,10885179.5
2023-02-24 08:00:00,0.3813,0.3839,0.3788,0.3836,10030350.0
2023-02-24 12:00:00,0.3837,0.385,0.3711,0.3719,28003525.4
2023-02-24 16:00:00,0.372,0.3721,0.3608,0.3666,44313311.7
2023-02-24 20:00:00,0.3666,0.3696,0.358,0.3658,30886310.4
2023-02-25 00:00:00,0.3657,0.3677,0.3635,0.3638,9256584.3
2023-02-25 04:00:00,0.3637,0.3665,0.3616,0.3665,8548861.3
2023-02-25 08:00:00,0.3665,0.3673,0.3611,0.3626,12071273.5
2023-02-25 12:00:00,0.3626,0.3649,0.3597,0.3641,15025823.1
2023-02-25 16:00:00,0.3641,0.3657,0.3555,0.3583,20154477.4
2023-02-25 20:00:00,0.3582,0.3624,0.3512,0.362,28299370.2
2023-02-26 00:00:00,0.3621,0.3622,0.3577,0.3613,10163620.0
2023-02-26 04:00:00,0.3613,0.3623,0.36,0.3617,5069445.9
2023-02-26 08:00:00,0.3617,0.3646,0.3606,0.3641,6922176.0
2023-02-26 12:00:00,0.3642,0.365,0.3615,0.3625,8198929.5
2023-02-26 16:00:00,0.3624,0.368,0.3585,0.3673,18110875.3
2023-02-26 20:00:00,0.3674,0.3704,0.3654,0.3691,13788682.7
2023-02-27 00:00:00,0.369,0.3692,0.3656,0.3665,8878243.9
2023-02-27 04:00:00,0.3666,0.3668,0.362,0.3628,7563921.4
2023-02-27 08:00:00,0.3629,0.3638,0.3595,0.3635,9075484.3
2023-02-27 12:00:00,0.3634,0.3702,0.3613,0.3662,19480202.1
2023-02-27 16:00:00,0.3662,0.3668,0.3576,0.3601,15914747.9
2023-02-27 20:00:00,0.36,0.3652,0.3579,0.3647,10484134.1
2023-02-28 00:00:00,0.3647,0.368,0.3624,0.3667,10368385.1
2023-02-28 04:00:00,0.3666,0.3672,0.3599,0.3601,9191171.6
2023-02-28 08:00:00,0.3601,0.3635,0.359,0.3625,8268537.4
2023-02-28 12:00:00,0.3626,0.3646,0.3604,0.363,10336875.2
2023-02-28 16:00:00,0.363,0.364,0.3545,0.3546,15301073.5
2023-02-28 20:00:00,0.3547,0.3553,0.3485,0.3517,23282751.8
2023-03-01 00:00:00,0.3518,0.3585,0.3493,0.3578,13104308.1
2023-03-01 04:00:00,0.3578,0.3637,0.3568,0.3603,12725374.3
2023-03-01 08:00:00,0.3603,0.364,0.3594,0.3631,11025260.6
2023-03-01 12:00:00,0.3631,0.3644,0.3601,0.3614,11844565.6
2023-03-01 16:00:00,0.3614,0.3621,0.3557,0.3566,10338467.8
2023-03-01 20:00:00,0.3567,0.3608,0.3557,0.3601,8633821.3
2023-03-02 00:00:00,0.3601,0.3615,0.3536,0.3558,12551097.9
2023-03-02 04:00:00,0.3558,0.3576,0.3538,0.3551,6473217.3
2023-03-02 08:00:00,0.3551,0.3554,0.3486,0.3513,17892377.5
2023-03-02 12:00:00,0.3514,0.3527,0.3464,0.3479,18955631.5
2023-03-02 16:00:00,0.3479,0.3504,0.3445,0.35,17193595.3
2023-03-02 20:00:00,0.3499,0.3517,0.3488,0.3504,8788657.3
2023-03-03 00:00:00,0.3505,0.3509,0.3212,0.3301,80702814.5
2023-03-03 04:00:00,0.3301,0.3375,0.3297,0.3369,20482130.7
2023-03-03 08:00:00,0.3369,0.34,0.3367,0.3387,13279158.3
2023-03-03 12:00:00,0.3387,0.3406,0.3358,0.3373,21690615.8
2023-03-03 16:00:00,0.3374,0.3415,0.3366,0.3395,11821240.8
2023-03-03 20:00:00,0.3396,0.3437,0.3372,0.3431,15049961.9
2023-03-04 00:00:00,0.3431,0.3448,0.3406,0.3409,8538030.2
2023-03-04 04:00:00,0.3409,0.3421,0.3391,0.3416,4692564.0
2023-03-04 08:00:00,0.3416,0.3423,0.3406,0.3417,5464375.8
2023-03-04 12:00:00,0.3417,0.3422,0.3394,0.3398,4874114.1
2023-03-04 16:00:00,0.3397,0.3403,0.3352,0.3356,9282132.2
2023-03-04 20:00:00,0.3356,0.3369,0.3303,0.3366,23581555.6
2023-03-05 00:00:00,0.3366,0.343,0.3348,0.3398,15874461.4
2023-03-05 04:00:00,0.3399,0.3414,0.3387,0.3389,4725597.3
2023-03-05 08:00:00,0.3388,0.3398,0.3372,0.3384,5685581.3
2023-03-05 12:00:00,0.3384,0.3413,0.3382,0.3386,7626118.8
2023-03-05 16:00:00,0.3387,0.339,0.3357,0.3369,7409034.6
2023-03-05 20:00:00,0.3367,0.3405,0.3346,0.337,11948577.3
2023-03-06 00:00:00,0.337,0.3387,0.3304,0.3353,15674178.9
2023-03-06 04:00:00,0.3353,0.3362,0.3322,0.333,7346087.9
2023-03-06 08:00:00,0.3331,0.3347,0.3308,0.3312,9031087.8
2023-03-06 12:00:00,0.3313,0.3366,0.3291,0.3358,16681437.6
2023-03-06 16:00:00,0.3359,0.337,0.3312,0.3317,12629477.8
2023-03-06 20:00:00,0.3317,0.3322,0.3293,0.3305,11519927.2
2023-03-07 00:00:00,0.3306,0.3348,0.3279,0.333,15622769.4
2023-03-07 04:00:00,0.333,0.3333,0.3308,0.3309,7105795.1
2023-03-07 08:00:00,0.3309,0.3319,0.3257,0.3262,13773311.5
2023-03-07 12:00:00,0.3262,0.3291,0.3209,0.3276,26501234.8
2023-03-07 16:00:00,0.3276,0.3328,0.3248,0.3308,18763486.5
2023-03-07 20:00:00,0.3307,0.3316,0.3248,0.3306,17443057.2
2023-03-08 00:00:00,0.3305,0.3328,0.3268,0.3285,10385004.3
2023-03-08 04:00:00,0.3285,0.3297,0.3216,0.3225,13361839.6
2023-03-08 08:00:00,0.3224,0.3256,0.3213,0.3242,11298779.1
2023-03-08 12:00:00,0.3243,0.3261,0.3167,0.3253,39704100.8
2023-03-08 16:00:00,0.3253,0.327,0.3191,0.3218,12111331.3
2023-03-08 20:00:00,0.3218,0.325,0.3133,0.3175,23640045.4
2023-03-09 00:00:00,0.3175,0.3195,0.3149,0.3194,16264477.4
2023-03-09 04:00:00,0.3194,0.32,0.3156,0.3164,10993582.3
2023-03-09 08:00:00,0.3165,0.3177,0.313,0.3176,18673143.3
2023-03-09 12:00:00,0.3175,0.3223,0.3148,0.3185,20761858.9
2023-03-09 16:00:00,0.3186,0.3199,0.3076,0.3096,47889099.4
2023-03-09 20:00:00,0.3096,0.3107,0.3012,0.3101,76937862.9
2023-03-10 00:00:00,0.3102,0.3103,0.3036,0.3086,29331923.2
2023-03-10 04:00:00,0.3086,0.3091,0.3042,0.3066,21437860.5
2023-03-10 08:00:00,0.3066,0.3079,0.2976,0.3039,36811911.6
2023-03-10 12:00:00,0.3039,0.3182,0.3017,0.3133,51616288.1
2023-03-10 16:00:00,0.3133,0.3173,0.3082,0.3108,23362054.9
2023-03-10 20:00:00,0.3109,0.3177,0.3091,0.3149,21886590.9
2023-03-11 00:00:00,0.3149,0.3228,0.3145,0.3163,37239088.9
2023-03-11 04:00:00,0.3163,0.3185,0.3072,0.3082,30867306.0
2023-03-11 08:00:00,0.3081,0.313,0.3053,0.3079,27282613.6
2023-03-11 12:00:00,0.3078,0.308,0.3027,0.3029,21417227.7
2023-03-11 16:00:00,0.303,0.3063,0.3015,0.3038,34863035.5
2023-03-11 20:00:00,0.3038,0.3067,0.3013,0.3051,22672575.5
2023-03-12 00:00:00,0.3051,0.3062,0.3018,0.3054,15453434.1
2023-03-12 04:00:00,0.3054,0.3082,0.3013,0.3026,14861992.4
2023-03-12 08:00:00,0.3026,0.3069,0.3021,0.3066,12073239.1
2023-03-12 12:00:00,0.3067,0.3076,0.3017,0.3026,18652399.7
2023-03-12 16:00:00,0.3026,0.318,0.3021,0.3123,42503212.4
2023-03-12 20:00:00,0.3123,0.3311,0.3121,0.3298,44847468.0
2023-03-13 00:00:00,0.3298,0.342,0.3288,0.3371,71529493.9
2023-03-13 04:00:00,0.3371,0.3418,0.3359,0.3395,46253351.5
2023-03-13 08:00:00,0.3396,0.3401,0.3291,0.3313,40113473.4
2023-03-13 12:00:00,0.3312,0.3517,0.3274,0.346,81719364.3
2023-03-13 16:00:00,0.3461,0.3489,0.3412,0.3425,33713099.3
2023-03-13 20:00:00,0.3425,0.347,0.3402,0.3433,17439150.1
2023-03-14 00:00:00,0.3434,0.3451,0.3415,0.3445,15696300.9
2023-03-14 04:00:00,0.3445,0.3479,0.3395,0.3403,20098746.4
2023-03-14 08:00:00,0.3404,0.3428,0.3374,0.3416,18081718.9
2023-03-14 12:00:00,0.3416,0.3677,0.3397,0.3646,91404621.8
2023-03-14 16:00:00,0.3645,0.3651,0.3442,0.3504,54523686.1
2023-03-14 20:00:00,0.3503,0.3509,0.3363,0.3429,43384799.0
2023-03-15 00:00:00,0.3429,0.3459,0.3393,0.3431,37360706.6
2023-03-15 04:00:00,0.3432,0.3464,0.3406,0.3437,31194040.3
2023-03-15 08:00:00,0.3436,0.344,0.3321,0.337,37067499.3
2023-03-15 12:00:00,0.337,0.3407,0.3242,0.327,70608574.3
2023-03-15 16:00:00,0.327,0.3288,0.3157,0.327,60931348.6
2023-03-15 20:00:00,0.327,0.3286,0.3208,0.3241,25037030.4
2023-03-16 00:00:00,0.324,0.3267,0.3171,0.3238,25462970.9
2023-03-16 04:00:00,0.3237,0.3283,0.3198,0.3274,20640723.0
2023-03-16 08:00:00,0.3273,0.329,0.3222,0.3273,25583862.7
2023-03-16 12:00:00,0.3274,0.328,0.3191,0.3268,28984785.1
2023-03-16 16:00:00,0.3268,0.3285,0.3216,0.3258,20891083.8
2023-03-16 20:00:00,0.3257,0.3258,0.3193,0.3249,26765415.7
2023-03-17 00:00:00,0.3249,0.3319,0.3212,0.3308,23558325.2
2023-03-17 04:00:00,0.3308,0.3355,0.3288,0.3329,18332908.8
2023-03-17 08:00:00,0.3329,0.3467,0.3319,0.3462,47075119.6
2023-03-17 12:00:00,0.3462,0.3466,0.3309,0.3346,35227028.4
2023-03-17 16:00:00,0.3346,0.342,0.3329,0.3403,16743442.7
2023-03-17 20:00:00,0.3403,0.3502,0.3364,0.3494,30269717.6
2023-03-18 00:00:00,0.3494,0.3572,0.3444,0.3523,44440776.6
2023-03-18 04:00:00,0.3524,0.3532,0.3498,0.3516,13819791.5
2023-03-18 08:00:00,0.3516,0.356,0.3459,0.3551,21923073.3
2023-03-18 12:00:00,0.3551,0.3563,0.3424,0.3448,26399988.2
2023-03-18 16:00:00,0.3447,0.3474,0.335,0.3439,34401870.2
2023-03-18 20:00:00,0.3439,0.3462,0.3353,0.3371,19289263.1
2023-03-19 00:00:00,0.337,0.3441,0.3367,0.3434,11451080.1
2023-03-19 04:00:00,0.3434,0.3443,0.337,0.3393,8537403.9
2023-03-19 08:00:00,0.3393,0.3441,0.3376,0.3434,14639542.2
2023-03-19 12:00:00,0.3434,0.3496,0.3417,0.3458,16221219.5
2023-03-19 16:00:00,0.3457,0.3525,0.3448,0.3491,23373250.9
2023-03-19 20:00:00,0.349,0.3505,0.3431,0.3448,19010661.3
2023-03-20 00:00:00,0.3448,0.3461,0.3364,0.3376,22427328.1
2023-03-20 04:00:00,0.3376,0.3441,0.3343,0.3433,21782200.7
2023-03-20 08:00:00,0.3434,0.3458,0.3413,0.3432,16895709.9
2023-03-20 12:00:00,0.3432,0.3438,0.3385,0.3391,19148151.9
2023-03-20 16:00:00,0.3391,0.3405,0.3312,0.3333,30595719.3
2023-03-20 20:00:00,0.3333,0.3367,0.3305,0.3321,13525203.9
2023-03-21 00:00:00,0.3321,0.3395,0.3316,0.3393,15377300.1
2023-03-21 04:00:00,0.3393,0.3438,0.3291,0.332,21070670.5
2023-03-21 08:00:00,0.332,0.3407,0.3307,0.3389,18083393.3
2023-03-21 12:00:00,0.3388,0.3549,0.3384,0.3505,48366498.9
2023-03-21 16:00:00,0.3506,0.364,0.3494,0.3626,59349494.1
2023-03-21 20:00:00,0.3627,0.387,0.3627,0.3696,126220255.7
2023-03-22 00:00:00,0.3695,0.3778,0.3652,0.3725,46900887.4
2023-03-22 04:00:00,0.3725,0.3868,0.3725,0.374,73640903.4
2023-03-22 08:00:00,0.374,0.3764,0.3664,0.3698,39828816.9
2023-03-22 12:00:00,0.3698,0.3847,0.3687,0.3776,54891128.3
2023-03-22 16:00:00,0.3776,0.3815,0.3489,0.3504,89202808.3
2023-03-22 20:00:00,0.3503,0.3624,0.3494,0.3596,37672569.7
2023-03-23 00:00:00,0.3597,0.3626,0.3535,0.3554,27596835.9
2023-03-23 04:00:00,0.3556,0.3706,0.355,0.3702,20106839.3
2023-03-23 08:00:00,0.3703,0.3749,0.3693,0.3724,30933858.7
2023-03-23 12:00:00,0.3724,0.3853,0.366,0.3793,45455784.1
2023-03-23 16:00:00,0.3793,0.381,0.369,0.3747,38372062.4
2023-03-23 20:00:00,0.3745,0.3745,0.3673,0.3715,23472103.2
2023-03-24 00:00:00,0.3716,0.3725,0.3647,0.3659,15301647.5
2023-03-24 04:00:00,0.3658,0.3683,0.3637,0.3674,15610970.0
2023-03-24 08:00:00,0.3675,0.3681,0.3594,0.3629,19019455.5
2023-03-24 12:00:00,0.3628,0.3628,0.3565,0.3623,19472059.0
2023-03-24 16:00:00,0.3623,0.3644,0.358,0.3633,23829121.3
2023-03-24 20:00:00,0.3633,0.3637,0.3552,0.3596,18795966.6
2023-03-25 00:00:00,0.3597,0.3612,0.3584,0.3597,7717521.0
2023-03-25 04:00:00,0.3596,0.3628,0.3572,0.3613,11126407.3
2023-03-25 08:00:00,0.3613,0.362,0.3584,0.3591,8286849.4
2023-03-25 12:00:00,0.3591,0.3609,0.3527,0.3596,18344762.0
2023-03-25 16:00:00,0.3595,0.3609,0.3487,0.3495,24199016.4
2023-03-25 20:00:00,0.3494,0.3534,0.3486,0.3514,13928994.0
2023-03-26 00:00:00,0.3513,0.3557,0.3487,0.3545,12385925.7
2023-03-26 04:00:00,0.3545,0.3577,0.3537,0.3553,10856090.2
2023-03-26 08:00:00,0.3554,0.3594,0.3547,0.3581,15623481.4
2023-03-26 12:00:00,0.3581,0.3614,0.3549,0.3558,20917902.7
2023-03-26 16:00:00,0.3558,0.3561,0.3515,0.3549,17899432.2
2023-03-26 20:00:00,0.355,0.3573,0.3513,0.3557,14091334.7
2023-03-27 00:00:00,0.3558,0.3572,0.3486,0.3522,16924121.0
2023-03-27 04:00:00,0.3522,0.3528,0.3461,0.3488,17102433.7
2023-03-27 08:00:00,0.3488,0.3532,0.347,0.3527,16085378.6
2023-03-27 12:00:00,0.3528,0.3568,0.3366,0.3433,45834419.0
2023-03-27 16:00:00,0.3433,0.346,0.3394,0.3402,20282677.2
2023-03-27 20:00:00,0.3403,0.3459,0.3386,0.3455,10981307.1
2023-03-28 00:00:00,0.3456,0.3489,0.3427,0.3459,11072663.1
2023-03-28 04:00:00,0.3459,0.3524,0.345,0.3487,12903075.1
2023-03-28 08:00:00,0.3488,0.3535,0.345,0.3518,21252774.0
2023-03-28 12:00:00,0.3519,0.3607,0.3504,0.3584,29010351.9
2023-03-28 16:00:00,0.3584,0.364,0.3544,0.3628,27093533.3
2023-03-28 20:00:00,0.3627,0.3703,0.3593,0.3681,32043038.2
2023-03-29 00:00:00,0.3681,0.3784,0.3666,0.3772,23737671.1
2023-03-29 04:00:00,0.3772,0.382,0.3754,0.3812,33962581.9
2023-03-29 08:00:00,0.3811,0.3899,0.3811,0.3888,46631231.5
2023-03-29 12:00:00,0.3889,0.39,0.3784,0.3844,45302365.5
2023-03-29 16:00:00,0.3844,0.3882,0.3807,0.3862,22997503.4
2023-03-29 20:00:00,0.3863,0.3868,0.3807,0.3811,17382429.1
2023-03-30 00:00:00,0.3811,0.3876,0.3723,0.3807,43432192.1
2023-03-30 04:00:00,0.3806,0.3806,0.3741,0.3799,29218663.2
2023-03-30 08:00:00,0.3798,0.3821,0.3742,0.382,16859002.3
2023-03-30 12:00:00,0.382,0.3828,0.3747,0.3759,23741574.6
2023-03-30 16:00:00,0.3759,0.3778,0.3697,0.3771,21389468.0
2023-03-30 20:00:00,0.3772,0.3786,0.3747,0.3761,12461087.3
2023-03-31 00:00:00,0.3761,0.3802,0.3743,0.3781,13852448.7
2023-03-31 04:00:00,0.3782,0.3849,0.3754,0.3844,25848281.2
2023-03-31 08:00:00,0.3844,0.3979,0.3808,0.3934,56897588.3
2023-03-31 12:00:00,0.3934,0.4085,0.3914,0.4065,80514781.6
2023-03-31 16:00:00,0.4065,0.4093,0.4004,0.402,44571762.6
2023-03-31 20:00:00,0.402,0.4049,0.3978,0.3989,29029439.3
2023-04-01 00:00:00,0.3989,0.4,0.3937,0.3982,29749041.8
2023-04-01 04:00:00,0.3982,0.4031,0.3892,0.3911,33515245.3
2023-04-01 08:00:00,0.3911,0.3924,0.388,0.39,22335349.0
2023-04-01 12:00:00,0.39,0.3933,0.3885,0.393,17069733.3
2023-04-01 16:00:00,0.393,0.3958,0.3888,0.3944,14783494.0
2023-04-01 20:00:00,0.3944,0.3964,0.3915,0.3919,11328036.5
2023-04-02 00:00:00,0.392,0.3928,0.3811,0.387,30349196.4
2023-04-02 04:00:00,0.3869,0.389,0.3861,0.3872,9136271.2
2023-04-02 08:00:00,0.3871,0.3872,0.3828,0.3834,11500023.4
2023-04-02 12:00:00,0.3835,0.3851,0.3771,0.3799,21247026.6
2023-04-02 16:00:00,0.38,0.3838,0.3756,0.3772,17193800.1
2023-04-02 20:00:00,0.3773,0.3828,0.3767,0.3815,13006477.8
2023-04-03 00:00:00,0.3816,0.3819,0.3708,0.378,15415994.9
2023-04-03 04:00:00,0.378,0.3953,0.3769,0.3947,34644159.1
2023-04-03 08:00:00,0.3947,0.405,0.3947,0.3964,59367948.5
2023-04-03 12:00:00,0.3964,0.3977,0.3842,0.3848,40683701.5
2023-04-03 16:00:00,0.3848,0.398,0.3814,0.39,48182847.1
2023-04-03 20:00:00,0.3899,0.3906,0.3756,0.3872,36132740.5
2023-04-04 00:00:00,0.3872,0.3906,0.3843,0.3905,15928300.4
2023-04-04 04:00:00,0.3905,0.3954,0.3891,0.3899,19275312.5
2023-04-04 08:00:00,0.39,0.399,0.3893,0.398,23188755.7
2023-04-04 12:00:00,0.398,0.4,0.3887,0.3899,35990756.6
2023-04-04 16:00:00,0.3899,0.3925,0.388,0.3924,14709882.5
2023-04-04 20:00:00,0.3924,0.3942,0.3876,0.3894,12074893.0
2023-04-05 00:00:00,0.3895,0.3985,0.3868,0.3953,20410949.0
2023-04-05 04:00:00,0.3953,0.398,0.3944,0.396,10972156.4
2023-04-05 08:00:00,0.396,0.4,0.3935,0.3984,13342162.6
2023-04-05 12:00:00,0.3984,0.4,0.388,0.3925,29456803.1
2023-04-05 16:00:00,0.3925,0.3948,0.3891,0.3933,11629825.0
2023-04-05 20:00:00,0.3933,0.3939,0.3911,0.3923,7003823.5
2023-04-06 00:00:00,0.3922,0.3923,0.3844,0.3901,14507768.4
2023-04-06 04:00:00,0.3901,0.3905,0.3829,0.3836,9617763.3
2023-04-06 08:00:00,0.3835,0.3861,0.3763,0.3814,34395018.8
2023-04-06 12:00:00,0.3814,0.3852,0.379,0.3845,15926767.1
2023-04-06 16:00:00,0.3847,0.3865,0.3823,0.3837,8566959.6
2023-04-06 20:00:00,0.3837,0.3854,0.3807,0.3829,8084460.7
2023-04-07 00:00:00,0.3829,0.3845,0.3792,0.3812,6344292.5
2023-04-07 04:00:00,0.3811,0.3829,0.3763,0.3771,7980779.1
2023-04-07 08:00:00,0.3771,0.3807,0.3756,0.3789,8946859.1
2023-04-07 12:00:00,0.379,0.3845,0.3773,0.384,11678800.2
2023-04-07 16:00:00,0.3841,0.3851,0.3811,0.3823,6927960.4
2023-04-07 20:00:00,0.3823,0.3844,0.3798,0.3835,8262722.2
2023-04-08 00:00:00,0.3835,0.3885,0.3804,0.3858,13094359.8
2023-04-08 04:00:00,0.3858,0.3905,0.3858,0.3886,8285057.3
2023-04-08 08:00:00,0.3885,0.39,0.3875,0.3887,8211940.6
2023-04-08 12:00:00,0.3886,0.3889,0.3861,0.3874,7495973.1
2023-04-08 16:00:00,0.3874,0.3897,0.3837,0.3844,18399454.4
2023-04-08 20:00:00,0.3844,0.387,0.3823,0.3853,5958123.3
2023-04-09 00:00:00,0.3852,0.3899,0.3852,0.3879,6622770.3
2023-04-09 04:00:00,0.388,0.389,0.3843,0.386,6955988.0
2023-04-09 08:00:00,0.386,0.3881,0.384,0.3877,6116966.0
2023-04-09 12:00:00,0.3877,0.3899,0.3864,0.3881,11541414.4
2023-04-09 16:00:00,0.3882,0.393,0.3867,0.3907,10689982.9
2023-04-09 20:00:00,0.3907,0.3929,0.3887,0.3894,9781852.2
2023-04-10 00:00:00,0.3893,0.3909,0.3847,0.3868,7706165.0
2023-04-10 04:00:00,0.3867,0.389,0.3852,0.3867,6568895.3
2023-04-10 08:00:00,0.3868,0.3887,0.3866,0.3869,6705910.3
2023-04-10 12:00:00,0.3869,0.3897,0.3857,0.3888,10319090.0
2023-04-10 16:00:00,0.3888,0.394,0.3872,0.3909,23045242.5
2023-04-10 20:00:00,0.3909,0.3977,0.3876,0.3971,21963052.6
2023-04-11 00:00:00,0.3971,0.401,0.394,0.4003,25727944.6
2023-04-11 04:00:00,0.4004,0.4117,0.3994,0.4116,32304627.0
2023-04-11 08:00:00,0.4115,0.413,0.4065,0.4076,31226086.8
2023-04-11 12:00:00,0.4076,0.41,0.4029,0.4053,23363049.4
2023-04-11 16:00:00,0.4054,0.4057,0.397,0.4007,19474248.3
2023-04-11 20:00:00,0.4007,0.4022,0.3974,0.4014,11599535.0
2023-04-12 00:00:00,0.4015,0.4044,0.3886,0.3907,31894884.0
2023-04-12 04:00:00,0.3905,0.3958,0.3891,0.3944,12703770.8
2023-04-12 08:00:00,0.3944,0.3963,0.3935,0.3945,9203684.9
2023-04-12 12:00:00,0.3945,0.4062,0.3942,0.4013,37504084.1
2023-04-12 16:00:00,0.4014,0.4075,0.3997,0.403,33751753.4
2023-04-12 20:00:00,0.403,0.4069,0.401,0.4047,13763060.0
2023-04-13 00:00:00,0.4047,0.4096,0.4028,0.4065,16334468.0
2023-04-13 04:00:00,0.4065,0.4078,0.3989,0.4023,13727107.0
2023-04-13 08:00:00,0.4022,0.417,0.4018,0.4113,41104315.0
2023-04-13 12:00:00,0.4112,0.4154,0.408,0.4134,27343703.8
2023-04-13 16:00:00,0.4133,0.4243,0.41,0.4211,44150734.5
2023-04-13 20:00:00,0.4211,0.4288,0.42,0.4251,31047260.4
2023-04-14 00:00:00,0.4251,0.4435,0.4228,0.4374,68044387.5
2023-04-14 04:00:00,0.4374,0.4433,0.4332,0.4344,35455782.7
2023-04-14 08:00:00,0.4344,0.4438,0.4343,0.4434,20706279.4
2023-04-14 12:00:00,0.4434,0.444,0.4239,0.427,67609385.3
2023-04-14 16:00:00,0.427,0.4336,0.4263,0.4336,24248264.9
2023-04-14 20:00:00,0.4336,0.4398,0.4328,0.4381,19254619.7
2023-04-15 00:00:00,0.4381,0.4393,0.4311,0.4365,16352548.1
2023-04-15 04:00:00,0.4366,0.4488,0.434,0.4464,22989654.2
2023-04-15 08:00:00,0.4464,0.4578,0.445,0.4557,52089392.6
2023-04-15 12:00:00,0.4556,0.4617,0.4545,0.4557,40679321.0
2023-04-15 16:00:00,0.4558,0.4565,0.4466,0.45,27802901.4
2023-04-15 20:00:00,0.45,0.4565,0.4483,0.4522,18510691.3
2023-04-16 00:00:00,0.4521,0.4579,0.4469,0.4489,25957965.1
2023-04-16 04:00:00,0.4489,0.453,0.448,0.451,10815544.6
2023-04-16 08:00:00,0.451,0.453,0.4421,0.4442,27294581.6
2023-04-16 12:00:00,0.4442,0.4482,0.4422,0.4474,18677433.5
2023-04-16 16:00:00,0.4474,0.4542,0.4457,0.4503,21135458.6
2023-04-16 20:00:00,0.4503,0.454,0.446,0.4513,13330521.2
2023-04-17 00:00:00,0.4512,0.4515,0.4381,0.4444,29346206.6
2023-04-17 04:00:00,0.4444,0.4454,0.4378,0.4382,23916496.5
2023-04-17 08:00:00,0.4382,0.4455,0.4373,0.4427,27778560.0
2023-04-17 12:00:00,0.4426,0.4468,0.4322,0.4341,40501310.5
2023-04-17 16:00:00,0.4341,0.4391,0.4336,0.4375,9999818.0
2023-04-17 20:00:00,0.4376,0.4378,0.431,0.4341,12869778.2
2023-04-18 00:00:00,0.4341,0.4356,0.4277,0.4346,15962672.9
2023-04-18 04:00:00,0.4346,0.4446,0.4332,0.442,20762194.8
2023-04-18 08:00:00,0.442,0.4478,0.4394,0.4474,18954709.8
2023-04-18 12:00:00,0.4476,0.448,0.44,0.4415,18808468.1
2023-04-18 16:00:00,0.4415,0.443,0.4355,0.4397,14125319.9
2023-04-18 20:00:00,0.4396,0.4442,0.4379,0.4435,10814917.6
2023-04-19 00:00:00,0.4435,0.4435,0.4357,0.4371,12662348.8
2023-04-19 04:00:00,0.4371,0.4391,0.4332,0.4343,13315139.7
2023-04-19 08:00:00,0.4343,0.4343,0.4072,0.4196,81450467.2
2023-04-19 12:00:00,0.4195,0.4254,0.4176,0.4208,31101140.5
2023-04-19 16:00:00,0.4208,0.4234,0.4155,0.4171,26114729.4
2023-04-19 20:00:00,0.417,0.42,0.4071,0.4163,28730669.3
2023-04-20 00:00:00,0.4163,0.4221,0.4125,0.4187,19764907.2
2023-04-20 04:00:00,0.4188,0.4212,0.4161,0.4167,19436281.3
2023-04-20 08:00:00,0.4167,0.4201,0.4113,0.4117,17181284.7
2023-04-20 12:00:00,0.4117,0.4181,0.4054,0.4066,28564120.8
2023-04-20 16:00:00,0.4066,0.4066,0.3947,0.398,50084433.0
2023-04-20 20:00:00,0.3979,0.4056,0.3934,0.4007,25981830.5
2023-04-21 00:00:00,0.4008,0.404,0.3988,0.4036,15210577.4
2023-04-21 04:00:00,0.4036,0.4067,0.3988,0.4053,27354347.2
2023-04-21 08:00:00,0.4053,0.4071,0.3992,0.4003,19804611.3
2023-04-21 12:00:00,0.4002,0.4046,0.3958,0.3979,26322123.6
2023-04-21 16:00:00,0.3978,0.3989,0.38,0.3821,49804549.4
2023-04-21 20:00:00,0.382,0.3837,0.3789,0.3824,20346545.3
2023-04-22 00:00:00,0.3823,0.3865,0.381,0.3861,12544302.8
2023-04-22 04:00:00,0.3862,0.3885,0.3846,0.3851,8743695.4
2023-04-22 08:00:00,0.3852,0.3899,0.3841,0.3892,11218700.5
2023-04-22 12:00:00,0.3893,0.3983,0.3892,0.3963,21846229.5
2023-04-22 16:00:00,0.3962,0.3989,0.3942,0.3946,19045644.2
2023-04-22 20:00:00,0.3947,0.3979,0.3927,0.3956,13226873.1
2023-04-23 00:00:00,0.3956,0.3956,0.3885,0.392,12951036.3
2023-04-23 04:00:00,0.392,0.3944,0.3908,0.3939,8495208.0
2023-04-23 08:00:00,0.3941,0.3952,0.39,0.3915,9181121.7
2023-04-23 12:00:00,0.3915,0.393,0.3831,0.3856,15105701.3
2023-04-23 16:00:00,0.3856,0.3891,0.38,0.3836,20563309.0
2023-04-23 20:00:00,0.3835,0.3903,0.3824,0.3886,15738332.3
2023-04-24 00:00:00,0.3887,0.3975,0.3856,0.392,19968685.3
2023-04-24 04:00:00,0.392,0.3921,0.3827,0.385,13564522.4
2023-04-24 08:00:00,0.385,0.3899,0.3819,0.3895,16762785.3
2023-04-24 12:00:00,0.3896,0.3941,0.3853,0.3863,21234474.4
2023-04-24 16:00:00,0.3863,0.388,0.38,0.3829,22243755.1
2023-04-24 20:00:00,0.3829,0.3852,0.3813,0.3835,10564003.9
2023-04-25 00:00:00,0.3836,0.3847,0.3761,0.3783,16541021.1
2023-04-25 04:00:00,0.3783,0.3832,0.377,0.3795,11004140.7
2023-04-25 08:00:00,0.3795,0.3812,0.377,0.3797,14779159.6
2023-04-25 12:00:00,0.3797,0.383,0.3775,0.3802,15686412.7
2023-04-25 16:00:00,0.3801,0.3857,0.3793,0.3832,18108822.7
2023-04-25 20:00:00,0.3832,0.3954,0.3829,0.3945,21327089.1
2023-04-26 00:00:00,0.3944,0.3972,0.3928,0.3951,12100117.2
2023-04-26 04:00:00,0.3952,0.3983,0.3947,0.3967,10163278.4
2023-04-26 08:00:00,0.3967,0.4074,0.3963,0.4054,26851788.7
2023-04-26 12:00:00,0.4055,0.4171,0.4054,0.415,37782003.4
2023-04-26 16:00:00,0.4149,0.4193,0.3833,0.3866,49141409.1
2023-04-26 20:00:00,0.3865,0.4054,0.3778,0.4014,53674719.5
2023-04-27 00:00:00,0.4014,0.4123,0.4008,0.4042,30378312.7
2023-04-27 04:00:00,0.4042,0.4135,0.4042,0.4083,21457299.8
2023-04-27 08:00:00,0.4083,0.4112,0.4039,0.4047,19437288.7
2023-04-27 12:00:00,0.4047,0.4155,0.4028,0.4134,35934203.9
2023-04-27 16:00:00,0.4135,0.4186,0.4097,0.4127,25827439.0
2023-04-27 20:00:00,0.4127,0.414,0.405,0.4101,21206055.7
2023-04-28 00:00:00,0.41,0.411,0.4065,0.408,8418686.7
2023-04-28 04:00:00,0.4079,0.4116,0.4075,0.4107,10777261.5
2023-04-28 08:00:00,0.4106,0.4109,0.4015,0.4023,15209928.7
2023-04-28 12:00:00,0.4023,0.406,0.3965,0.4015,26180767.4
2023-04-28 16:00:00,0.4015,0.4065,0.4009,0.4048,9166834.4
2023-04-28 20:00:00,0.4048,0.406,0.403,0.4043,6738865.7
2023-04-29 00:00:00,0.4044,0.4058,0.4026,0.4046,6061279.8
2023-04-29 04:00:00,0.4046,0.4059,0.4028,0.4041,5201185.3
2023-04-29 08:00:00,0.4042,0.4047,0.402,0.4036,6360481.0
2023-04-29 12:00:00,0.4035,0.4077,0.4024,0.4048,10420412.5
2023-04-29 16:00:00,0.4049,0.4052,0.3991,0.4041,9745637.9
2023-04-29 20:00:00,0.4042,0.4045,0.4007,0.4024,4526747.1
2023-04-30 00:00:00,0.4025,0.4025,0.3984,0.4,6110527.8
2023-04-30 04:00:00,0.3999,0.4029,0.399,0.401,5774347.1
2023-04-30 08:00:00,0.4011,0.4019,0.3988,0.3989,5889309.1
2023-04-30 12:00:00,0.399,0.409,0.3988,0.4068,14963477.4
2023-04-30 16:00:00,0.4069,0.415,0.3995,0.4007,24183401.4
2023-04-30 20:00:00,0.4007,0.4007,0.3944,0.3956,18834688.6
2023-05-01 00:00:00,0.3957,0.3979,0.3857,0.3907,28139823.0
2023-05-01 04:00:00,0.3906,0.3918,0.3882,0.3902,10132329.2
2023-05-01 08:00:00,0.3903,0.3912,0.3886,0.3888,8834733.6
2023-05-01 12:00:00,0.3887,0.3912,0.3841,0.3867,20316338.8
2023-05-01 16:00:00,0.3867,0.3869,0.3801,0.3822,23190889.2
2023-05-01 20:00:00,0.3822,0.3878,0.3819,0.3868,8435956.9
2023-05-02 00:00:00,0.3867,0.3876,0.3832,0.3874,7888818.3
2023-05-02 04:00:00,0.3874,0.3883,0.3851,0.3867,5974003.3
2023-05-02 08:00:00,0.3867,0.3879,0.3845,0.3859,6957660.8
2023-05-02 12:00:00,0.3859,0.3915,0.3816,0.3901,18853812.3
2023-05-02 16:00:00,0.39,0.3947,0.3877,0.3927,14635459.4
2023-05-02 20:00:00,0.3927,0.3933,0.3905,0.3916,7692354.0
2023-05-03 00:00:00,0.3917,0.3918,0.3848,0.3865,10971039.0
2023-05-03 04:00:00,0.3864,0.3883,0.3836,0.385,8593725.2
2023-05-03 08:00:00,0.3851,0.386,0.3808,0.3815,10730587.1
2023-05-03 12:00:00,0.3814,0.3823,0.3784,0.3811,19285290.2
2023-05-03 16:00:00,0.381,0.386,0.3801,0.3827,30078068.0
2023-05-03 20:00:00,0.3826,0.3965,0.3818,0.394,22693285.4
2023-05-04 00:00:00,0.3941,0.3942,0.3902,0.3914,8284779.6
2023-05-04 04:00:00,0.3915,0.3964,0.3911,0.3924,12670482.3
2023-05-04 08:00:00,0.3925,0.3957,0.3912,0.3933,9424092.4
2023-05-04 12:00:00,0.3933,0.3941,0.3881,0.3891,12116957.4
2023-05-04 16:00:00,0.389,0.3903,0.3855,0.3873,8784889.0
2023-05-04 20:00:00,0.3874,0.388,0.3849,0.3873,5746290.5
2023-05-05 00:00:00,0.3873,0.3932,0.3866,0.3908,10883345.8
2023-05-05 04:00:00,0.3909,0.3927,0.3884,0.3887,7577776.3
2023-05-05 08:00:00,0.3886,0.3898,0.387,0.3889,8155605.7
2023-05-05 12:00:00,0.3889,0.3928,0.3812,0.3926,25478407.0
2023-05-05 16:00:00,0.3925,0.397,0.3908,0.394,18255470.9
2023-05-05 20:00:00,0.394,0.3952,0.3931,0.3942,7422144.6
2023-05-06 00:00:00,0.3941,0.3968,0.3886,0.3891,12368806.0
2023-05-06 04:00:00,0.3892,0.3906,0.3872,0.3875,7532387.0
2023-05-06 08:00:00,0.3874,0.3875,0.3838,0.3869,12294551.3
2023-05-06 12:00:00,0.3869,0.387,0.3735,0.3761,29959815.7
2023-05-06 16:00:00,0.3762,0.3825,0.3754,0.3801,15858652.9
2023-05-06 20:00:00,0.3801,0.3806,0.3775,0.3787,7444818.0
2023-05-07 00:00:00,0.3787,0.3826,0.3779,0.3791,11622802.0
2023-05-07 04:00:00,0.3791,0.382,0.3791,0.3809,4728890.5
2023-05-07 08:00:00,0.3809,0.3818,0.3792,0.3804,6497634.4
2023-05-07 12:00:00,0.3805,0.3833,0.3798,0.3808,9174158.9
2023-05-07 16:00:00,0.3808,0.3816,0.378,0.3793,9308251.9
2023-05-07 20:00:00,0.3793,0.3809,0.3737,0.376,13108239.4
2023-05-08 00:00:00,0.376,0.3796,0.3625,0.3716,36557877.1
2023-05-08 04:00:00,0.3715,0.3716,0.3626,0.366,14219167.8
2023-05-08 08:00:00,0.366,0.3704,0.3634,0.3693,13590890.7
2023-05-08 12:00:00,0.3694,0.3758,0.3685,0.3739,18139152.4
2023-05-08 16:00:00,0.374,0.3751,0.3531,0.3611,43516055.1
2023-05-08 20:00:00,0.361,0.366,0.3598,0.3653,11804776.1
2023-05-09 00:00:00,0.3653,0.3705,0.364,0.3641,13835191.4
2023-05-09 04:00:00,0.3642,0.3658,0.361,0.3651,11511794.1
2023-05-09 08:00:00,0.3651,0.3654,0.3616,0.3648,13812951.0
2023-05-09 12:00:00,0.3648,0.3677,0.36,0.3611,17831491.7
2023-05-09 16:00:00,0.3611,0.3658,0.3599,0.3644,12135485.1
2023-05-09 20:00:00,0.3645,0.3658,0.3601,0.3633,9003966.4
2023-05-10 00:00:00,0.3633,0.3661,0.363,0.3645,10253741.2
2023-05-10 04:00:00,0.3645,0.3664,0.361,0.3612,8367715.5
2023-05-10 08:00:00,0.3611,0.3618,0.3543,0.3583,19879816.2
2023-05-10 12:00:00,0.3583,0.3718,0.356,0.3704,36240772.0
2023-05-10 16:00:00,0.3705,0.3729,0.3582,0.3693,58158055.0
2023-05-10 20:00:00,0.3693,0.3723,0.366,0.3693,18071665.7
2023-05-11 00:00:00,0.3693,0.3696,0.3633,0.3657,10644071.8
2023-05-11 04:00:00,0.3656,0.367,0.3635,0.3645,9590734.1
2023-05-11 08:00:00,0.3644,0.3645,0.3589,0.3591,11608412.1
2023-05-11 12:00:00,0.3591,0.3625,0.3509,0.3548,34744796.4
2023-05-11 16:00:00,0.3548,0.3563,0.3485,0.3538,22568588.6
2023-05-11 20:00:00,0.3538,0.3606,0.353,0.3598,9302100.7
2023-05-12 00:00:00,0.3598,0.3616,0.354,0.3566,11956722.9
2023-05-12 04:00:00,0.3567,0.3636,0.3556,0.3611,22595072.7
2023-05-12 08:00:00,0.3611,0.3673,0.3594,0.3644,17910213.3
2023-05-12 12:00:00,0.3645,0.3676,0.359,0.3594,19318643.5
2023-05-12 16:00:00,0.3594,0.3621,0.3533,0.3608,18436767.8
2023-05-12 20:00:00,0.3608,0.371,0.3594,0.3705,19505598.4
2023-05-13 00:00:00,0.3705,0.371,0.3666,0.3668,10278036.4
2023-05-13 04:00:00,0.3667,0.3683,0.3655,0.3682,5640124.9
2023-05-13 08:00:00,0.3682,0.3686,0.364,0.3648,8716163.5
2023-05-13 12:00:00,0.3648,0.3661,0.3622,0.3636,7978712.3
2023-05-13 16:00:00,0.3637,0.3661,0.3624,0.3641,7577861.6
2023-05-13 20:00:00,0.3642,0.3663,0.364,0.3646,6340358.7
2023-05-14 00:00:00,0.3646,0.3678,0.3627,0.3674,6946575.2
2023-05-14 04:00:00,0.3674,0.3689,0.367,0.3672,5713812.3
2023-05-14 08:00:00,0.3672,0.368,0.3662,0.367,4570180.4
2023-05-14 12:00:00,0.367,0.373,0.366,0.3725,11372860.3
2023-05-14 16:00:00,0.3724,0.373,0.3674,0.3679,6768920.8
2023-05-14 20:00:00,0.3678,0.3712,0.367,0.3711,6525916.4
2023-05-15 00:00:00,0.371,0.3758,0.3661,0.3715,20386677.9
2023-05-15 04:00:00,0.3714,0.3752,0.3704,0.3739,10973848.3
2023-05-15 08:00:00,0.374,0.3743,0.3688,0.3695,10595612.3
2023-05-15 12:00:00,0.3696,0.3713,0.3675,0.3708,8904873.7
2023-05-15 16:00:00,0.3709,0.3725,0.3685,0.37,10108286.5
2023-05-15 20:00:00,0.3701,0.3703,0.3657,0.3669,8048911.8
2023-05-16 00:00:00,0.3669,0.3689,0.3613,0.365,14901371.8
2023-05-16 04:00:00,0.3651,0.3692,0.3638,0.3684,16443980.1
2023-05-16 08:00:00,0.3683,0.3704,0.366,0.3667,11872143.8
2023-05-16 12:00:00,0.3668,0.3679,0.3636,0.3673,11060796.3
2023-05-16 16:00:00,0.3674,0.3681,0.3644,0.3651,5869311.2
2023-05-16 20:00:00,0.365,0.3685,0.3644,0.3682,5980891.4
2023-05-17 00:00:00,0.3683,0.3772,0.3663,0.3729,22004047.4
2023-05-17 04:00:00,0.373,0.3741,0.366,0.3666,10296283.6
2023-05-17 08:00:00,0.3665,0.3677,0.3645,0.365,9891668.4
2023-05-17 12:00:00,0.365,0.3686,0.3645,0.3668,11145688.2
2023-05-17 16:00:00,0.3669,0.3807,0.3658,0.3779,32193923.9
2023-05-17 20:00:00,0.3779,0.379,0.3744,0.3755,8871669.7
2023-05-18 00:00:00,0.3755,0.3792,0.3738,0.3771,9379886.4
2023-05-18 04:00:00,0.3772,0.3792,0.3751,0.378,11272553.4
2023-05-18 08:00:00,0.378,0.3803,0.3749,0.3791,14062231.4
2023-05-18 12:00:00,0.379,0.3792,0.373,0.3739,13373635.5
2023-05-18 16:00:00,0.3739,0.3757,0.3658,0.3707,20582155.2
2023-05-18 20:00:00,0.3707,0.3758,0.3697,0.3714,11749939.1
2023-05-19 00:00:00,0.3713,0.3729,0.3661,0.3692,10405815.0
2023-05-19 04:00:00,0.3692,0.3716,0.3684,0.3696,4296497.6
2023-05-19 08:00:00,0.3695,0.3713,0.3683,0.3688,5566816.1
2023-05-19 12:00:00,0.3688,0.373,0.3674,0.3696,8234977.6
2023-05-19 16:00:00,0.3696,0.3708,0.3658,0.368,6107205.8
2023-05-19 20:00:00,0.3679,0.3688,0.3667,0.3681,4112129.6
2023-05-20 00:00:00,0.3681,0.3683,0.3637,0.3653,6811921.4
2023-05-20 04:00:00,0.3654,0.3666,0.3628,0.3645,17996852.8
2023-05-20 08:00:00,0.3644,0.366,0.3641,0.3653,3773232.3
2023-05-20 12:00:00,0.3653,0.3663,0.3641,0.3659,6545889.5
2023-05-20 16:00:00,0.3658,0.3669,0.364,0.3659,5363244.4
2023-05-20 20:00:00,0.366,0.3663,0.3645,0.3662,3541155.8
2023-05-21 00:00:00,0.3663,0.3676,0.3645,0.3655,3360601.2
2023-05-21 04:00:00,0.3654,0.366,0.3647,0.3651,3148365.5
2023-05-21 08:00:00,0.3651,0.3652,0.3602,0.3613,9133878.2
2023-05-21 12:00:00,0.3613,0.3645,0.3576,0.36,11784347.0
2023-05-21 16:00:00,0.36,0.3613,0.3583,0.3607,6102176.3
2023-05-21 20:00:00,0.3608,0.3614,0.3566,0.3602,5740999.2
2023-05-22 00:00:00,0.3602,0.3618,0.356,0.3606,8695387.1
2023-05-22 04:00:00,0.3606,0.3645,0.3599,0.363,5772049.6
2023-05-22 08:00:00,0.363,0.3741,0.3622,0.3682,24582064.5
2023-05-22 12:00:00,0.3683,0.3701,0.3662,0.3675,10301619.8
2023-05-22 16:00:00,0.3674,0.3693,0.3671,0.3683,5502243.3
2023-05-22 20:00:00,0.3683,0.3708,0.3672,0.3679,7593825.9
2023-05-23 00:00:00,0.3679,0.3757,0.3657,0.3739,16067173.0
2023-05-23 04:00:00,0.374,0.3748,0.3695,0.3708,7943137.7
2023-05-23 08:00:00,0.3709,0.3711,0.3689,0.3706,6799040.2
2023-05-23 12:00:00,0.3706,0.3717,0.3688,0.3708,7028693.9
2023-05-23 16:00:00,0.3709,0.372,0.3688,0.3713,5450807.9
2023-05-23 20:00:00,0.3714,0.3725,0.3699,0.3704,4481008.1
2023-05-24 00:00:00,0.3704,0.3706,0.3619,0.3635,10501741.2
2023-05-24 04:00:00,0.3634,0.3686,0.3622,0.3662,13473973.2
2023-05-24 08:00:00,0.3662,0.3692,0.3646,0.3654,6748814.8
2023-05-24 12:00:00,0.3654,0.366,0.3602,0.3619,16860758.7
2023-05-24 16:00:00,0.3618,0.3643,0.3605,0.3635,6346261.0
2023-05-24 20:00:00,0.3636,0.3652,0.363,0.3638,3687100.0
2023-05-25 00:00:00,0.3639,0.3648,0.3551,0.3607,12142417.2
2023-05-25 04:00:00,0.3606,0.3616,0.3559,0.3565,10298472.4
2023-05-25 08:00:00,0.3565,0.3585,0.3565,0.3581,6387912.9
2023-05-25 12:00:00,0.3581,0.3603,0.3556,0.3563,8200399.4
2023-05-25 16:00:00,0.3564,0.361,0.355,0.3583,8381557.9
2023-05-25 20:00:00,0.3582,0.3595,0.3572,0.3581,4726369.2
2023-05-26 00:00:00,0.3582,0.3586,0.3535,0.3564,10314210.1
2023-05-26 04:00:00,0.3564,0.3585,0.3553,0.3584,7774018.2
2023-05-26 08:00:00,0.3584,0.3586,0.3565,0.3571,4246600.0
2023-05-26 12:00:00,0.357,0.3621,0.3558,0.3604,14011360.5
2023-05-26 16:00:00,0.3604,0.3669,0.3584,0.3642,15889142.6
2023-05-26 20:00:00,0.3642,0.3657,0.3623,0.3626,4747580.7
2023-05-27 00:00:00,0.3626,0.367,0.3615,0.3659,8186514.8
2023-05-27 04:00:00,0.3659,0.3664,0.3634,0.364,4416898.1
2023-05-27 08:00:00,0.3641,0.3643,0.3623,0.3634,3665018.4
2023-05-27 12:00:00,0.3634,0.3644,0.3606,0.3635,4954152.4
2023-05-27 16:00:00,0.3636,0.365,0.3622,0.3647,4492904.6
2023-05-27 20:00:00,0.3647,0.3674,0.3645,0.3667,4407262.4
2023-05-28 00:00:00,0.3667,0.3743,0.3661,0.3725,13955168.3
2023-05-28 04:00:00,0.3726,0.3744,0.3719,0.3734,5595386.6
2023-05-28 08:00:00,0.3735,0.3786,0.3668,0.3754,23079188.1
2023-05-28 12:00:00,0.3755,0.3793,0.3745,0.3761,12297905.4
2023-05-28 16:00:00,0.376,0.3793,0.3752,0.377,8523339.7
2023-05-28 20:00:00,0.377,0.3846,0.3767,0.3828,16602088.4
2023-05-29 00:00:00,0.3828,0.3863,0.3797,0.3798,14000407.7
2023-05-29 04:00:00,0.3799,0.3814,0.3784,0.379,8165786.2
2023-05-29 08:00:00,0.379,0.38,0.3776,0.3794,6710887.0
2023-05-29 12:00:00,0.3795,0.3845,0.3756,0.3776,21268765.7
2023-05-29 16:00:00,0.3776,0.3805,0.3758,0.3785,10119093.9
2023-05-29 20:00:00,0.3784,0.3796,0.3773,0.3786,6504438.7
2023-05-30 00:00:00,0.3786,0.3831,0.3777,0.3813,7464983.8
2023-05-30 04:00:00,0.3813,0.3819,0.3788,0.3794,6297528.2
2023-05-30 08:00:00,0.3794,0.3834,0.3789,0.3819,11503228.4
2023-05-30 12:00:00,0.3819,0.382,0.3744,0.3766,30124534.4
2023-05-30 16:00:00,0.3767,0.3795,0.3756,0.3787,9376430.7
2023-05-30 20:00:00,0.3788,0.379,0.3765,0.3779,5370713.3
2023-05-31 00:00:00,0.3779,0.3807,0.3762,0.3792,7483895.0
2023-05-31 04:00:00,0.3792,0.3805,0.3724,0.3757,13918921.5
2023-05-31 08:00:00,0.3757,0.376,0.3725,0.3732,7652964.3
2023-05-31 12:00:00,0.3733,0.3755,0.371,0.3719,8602261.9
2023-05-31 16:00:00,0.3718,0.3759,0.37,0.3757,14024338.4
2023-05-31 20:00:00,0.3757,0.3772,0.3731,0.3744,8315675.7
2023-06-01 00:00:00,0.3744,0.3758,0.3629,0.3651,23391236.0
2023-06-01 04:00:00,0.3652,0.3656,0.3633,0.3635,12481133.4
2023-06-01 08:00:00,0.3635,0.3658,0.3608,0.3634,29434184.1
2023-06-01 12:00:00,0.3633,0.3652,0.3623,0.3643,8069273.4
2023-06-01 16:00:00,0.3644,0.367,0.3629,0.3656,13404588.4
2023-06-01 20:00:00,0.3657,0.3672,0.3633,0.3644,6468064.6
2023-06-02 00:00:00,0.3644,0.3747,0.3619,0.372,17683900.2
2023-06-02 04:00:00,0.3721,0.3735,0.3708,0.3719,8029524.9
2023-06-02 08:00:00,0.3719,0.3779,0.3719,0.3753,18151754.1
2023-06-02 12:00:00,0.3753,0.3777,0.3725,0.3751,13751528.4
2023-06-02 16:00:00,0.3752,0.3794,0.3743,0.3786,9224824.9
2023-06-02 20:00:00,0.3786,0.3792,0.3768,0.3782,4922147.5
2023-06-03 00:00:00,0.3782,0.3782,0.3749,0.3767,4717316.3
2023-06-03 04:00:00,0.3767,0.3782,0.3761,0.3764,3862410.8
2023-06-03 08:00:00,0.3765,0.377,0.3751,0.3759,5596722.4
2023-06-03 12:00:00,0.3759,0.3774,0.3751,0.3774,3853828.5
2023-06-03 16:00:00,0.3774,0.3778,0.3729,0.3738,6630730.9
2023-06-03 20:00:00,0.3738,0.3761,0.3736,0.3759,3080847.9
2023-06-04 00:00:00,0.376,0.3797,0.3748,0.3786,7589482.9
2023-06-04 04:00:00,0.3786,0.3808,0.3785,0.3804,5924582.5
2023-06-04 08:00:00,0.3804,0.3818,0.3794,0.3798,7265815.5
2023-06-04 12:00:00,0.3798,0.3819,0.3795,0.38,5959464.2
2023-06-04 16:00:00,0.38,0.3818,0.3798,0.3805,5548952.2
2023-06-04 20:00:00,0.3806,0.3818,0.377,0.3773,9225062.3
2023-06-05 00:00:00,0.3773,0.3791,0.3736,0.3741,11529753.4
2023-06-05 04:00:00,0.374,0.3757,0.3732,0.375,5065328.1
2023-06-05 08:00:00,0.3751,0.3753,0.3726,0.3736,6076245.3
2023-06-05 12:00:00,0.3737,0.3737,0.3569,0.3571,20987149.8
2023-06-05 16:00:00,0.357,0.359,0.3467,0.3505,57243712.3
2023-06-05 20:00:00,0.3505,0.3526,0.3477,0.3514,11913061.4
2023-06-06 00:00:00,0.3514,0.352,0.3471,0.3506,8284055.8
2023-06-06 04:00:00,0.3506,0.353,0.35,0.3523,5806039.9
2023-06-06 08:00:00,0.3524,0.355,0.3516,0.3523,7846135.1
2023-06-06 12:00:00,0.3524,0.353,0.3365,0.3496,38197732.6
2023-06-06 16:00:00,0.3496,0.3569,0.3494,0.3557,18410962.5
2023-06-06 20:00:00,0.3557,0.3566,0.3515,0.3531,12061379.1
2023-06-07 00:00:00,0.353,0.3531,0.3441,0.3449,11074668.5
2023-06-07 04:00:00,0.3449,0.3471,0.3407,0.341,16682367.1
2023-06-07 08:00:00,0.3409,0.3423,0.334,0.3375,29764281.0
2023-06-07 12:00:00,0.3374,0.3385,0.3246,0.3252,38737838.6
2023-06-07 16:00:00,0.3252,0.328,0.3177,0.3233,35534715.7
2023-06-07 20:00:00,0.3233,0.3239,0.3193,0.3223,18934531.4
2023-06-08 00:00:00,0.3223,0.3262,0.3202,0.3218,20690764.1
2023-06-08 04:00:00,0.3219,0.3288,0.3214,0.3277,14830795.2
2023-06-08 08:00:00,0.3277,0.328,0.3253,0.3266,14330848.0
2023-06-08 12:00:00,0.3267,0.3308,0.326,0.3288,25180336.0
2023-06-08 16:00:00,0.3288,0.3288,0.3198,0.3232,21236113.6
2023-06-08 20:00:00,0.3233,0.3258,0.3223,0.3228,8418042.4
2023-06-09 00:00:00,0.3229,0.3237,0.3175,0.3205,16968035.3
2023-06-09 04:00:00,0.3205,0.3206,0.3128,0.3138,22960041.3
2023-06-09 08:00:00,0.3138,0.3186,0.3127,0.3178,20178598.4
2023-06-09 12:00:00,0.3178,0.324,0.3111,0.3113,44023750.5
2023-06-09 16:00:00,0.3113,0.3128,0.2982,0.2994,81919385.4
2023-06-09 20:00:00,0.2995,0.3029,0.2902,0.2951,60334659.9
2023-06-10 00:00:00,0.2951,0.2953,0.2735,0.2764,97505132.8
2023-06-10 04:00:00,0.2763,0.2767,0.22,0.2403,279084118.9
2023-06-10 08:00:00,0.2403,0.252,0.236,0.2501,147013287.3
2023-06-10 12:00:00,0.25,0.2576,0.2461,0.2544,94831300.1
2023-06-10 16:00:00,0.2544,0.2685,0.2516,0.2659,88649005.9
2023-06-10 20:00:00,0.2658,0.2806,0.263,0.2747,50250230.3
2023-06-11 00:00:00,0.2748,0.2755,0.2625,0.2636,41255364.1
2023-06-11 04:00:00,0.2636,0.2678,0.2598,0.2621,34147503.8
2023-06-11 08:00:00,0.2621,0.2745,0.259,0.2691,73014774.5
2023-06-11 12:00:00,0.2691,0.2712,0.2639,0.2642,38422996.3
2023-06-11 16:00:00,0.2642,0.2772,0.2639,0.2745,42368465.3
2023-06-11 20:00:00,0.2745,0.28,0.2706,0.272,32977401.2
2023-06-12 00:00:00,0.2719,0.2758,0.2648,0.2681,35392798.0
2023-06-12 04:00:00,0.2681,0.2824,0.2676,0.2782,57269607.5
2023-06-12 08:00:00,0.2782,0.2865,0.2771,0.2823,51119482.9
2023-06-12 12:00:00,0.2824,0.2832,0.2764,0.2772,28918697.9
2023-06-12 16:00:00,0.2772,0.2785,0.2726,0.2745,31395923.9
2023-06-12 20:00:00,0.2745,0.2783,0.2734,0.2748,18285541.6
2023-06-13 00:00:00,0.2747,0.28,0.2731,0.2781,19998705.2
2023-06-13 04:00:00,0.2781,0.2812,0.2751,0.2796,15978528.9
2023-06-13 08:00:00,0.2796,0.2858,0.2795,0.2855,34701890.1
2023-06-13 12:00:00,0.2855,0.2896,0.2684,0.2697,59255704.8
2023-06-13 16:00:00,0.2699,0.2759,0.2693,0.2752,15819074.0
2023-06-13 20:00:00,0.2751,0.2766,0.2726,0.2752,10994596.8
2023-06-14 00:00:00,0.2752,0.2773,0.2737,0.2761,9951042.0
2023-06-14 04:00:00,0.2761,0.2765,0.2698,0.2708,13950162.4
2023-06-14 08:00:00,0.2708,0.2759,0.2705,0.2751,12605750.1
2023-06-14 12:00:00,0.2751,0.2773,0.2724,0.2735,13991450.8
2023-06-14 16:00:00,0.2734,0.2752,0.2691,0.2705,27869167.0
2023-06-14 20:00:00,0.2704,0.2711,0.256,0.2633,55163504.7
2023-06-15 00:00:00,0.2634,0.266,0.2596,0.2624,17246311.6
2023-06-15 04:00:00,0.2624,0.2638,0.2537,0.2562,39905653.4
2023-06-15 08:00:00,0.2562,0.2596,0.2533,0.2591,21446967.0
2023-06-15 12:00:00,0.2591,0.2619,0.2576,0.2578,17114372.4
2023-06-15 16:00:00,0.2579,0.2628,0.2525,0.2618,29402281.1
2023-06-15 20:00:00,0.2618,0.2658,0.2587,0.262,15761577.7
2023-06-16 00:00:00,0.2621,0.2643,0.2597,0.2633,8314103.8
2023-06-16 04:00:00,0.2634,0.2646,0.262,0.2628,8536980.9
2023-06-16 08:00:00,0.2629,0.2638,0.2557,0.2571,15995204.9
2023-06-16 12:00:00,0.2571,0.2603,0.2535,0.2597,20130258.2
2023-06-16 16:00:00,0.2598,0.2675,0.2585,0.2639,27113940.2
2023-06-16 20:00:00,0.2639,0.2646,0.2617,0.2632,9327138.3
2023-06-17 00:00:00,0.2633,0.2635,0.2607,0.2624,6946715.9
2023-06-17 04:00:00,0.2624,0.2737,0.2619,0.2699,32233109.1
2023-06-17 08:00:00,0.2699,0.2722,0.2673,0.2679,15971178.9
2023-06-17 12:00:00,0.2679,0.2687,0.2646,0.2658,17613294.7
2023-06-17 16:00:00,0.2659,0.2696,0.2649,0.2673,10124828.0
2023-06-17 20:00:00,0.2673,0.2684,0.2659,0.2667,5165134.7
2023-06-18 00:00:00,0.2667,0.2687,0.2633,0.2674,11671642.4
2023-06-18 04:00:00,0.2674,0.269,0.265,0.2667,10555505.7
2023-06-18 08:00:00,0.2667,0.268,0.2655,0.2665,7449457.1
2023-06-18 12:00:00,0.2665,0.2676,0.2657,0.2674,6365348.2
2023-06-18 16:00:00,0.2675,0.2691,0.2668,0.2679,6515421.3
2023-06-18 20:00:00,0.2679,0.2682,0.2588,0.261,22655239.9
2023-06-19 00:00:00,0.261,0.2621,0.2571,0.2607,8870202.6
2023-06-19 04:00:00,0.2606,0.2625,0.26,0.2601,5589642.5
2023-06-19 08:00:00,0.26,0.2609,0.258,0.2609,8592102.1
2023-06-19 12:00:00,0.2609,0.2619,0.2576,0.2591,11868286.9
2023-06-19 16:00:00,0.259,0.2638,0.2571,0.2613,21815183.5
2023-06-19 20:00:00,0.2614,0.2636,0.2603,0.2634,14158394.7
2023-06-20 00:00:00,0.2634,0.2648,0.2595,0.2597,14990137.6
2023-06-20 04:00:00,0.2597,0.2606,0.2582,0.2593,8846548.6
2023-06-20 08:00:00,0.2592,0.2603,0.2574,0.2602,7826810.9
2023-06-20 12:00:00,0.2603,0.2606,0.2522,0.2572,20671409.9
2023-06-20 16:00:00,0.2572,0.2671,0.2566,0.2665,36327354.3
2023-06-20 20:00:00,0.2664,0.2707,0.2653,0.2705,20428549.3
2023-06-21 00:00:00,0.2706,0.2831,0.2687,0.2809,41451952.2
2023-06-21 04:00:00,0.281,0.2821,0.2772,0.278,22830001.5
2023-06-21 08:00:00,0.278,0.2803,0.2758,0.2788,19746948.4
2023-06-21 12:00:00,0.2787,0.2831,0.2757,0.2822,46229246.4
2023-06-21 16:00:00,0.2821,0.2882,0.2808,0.2861,41371398.6
2023-06-21 20:00:00,0.2861,0.289,0.2829,0.2862,18157438.1
2023-06-22 00:00:00,0.2861,0.3014,0.2856,0.2979,36687132.4
2023-06-22 04:00:00,0.2979,0.3042,0.2933,0.3022,27514453.8
2023-06-22 08:00:00,0.3021,0.3049,0.2898,0.2927,46432594.1
2023-06-22 12:00:00,0.2926,0.2974,0.2868,0.2905,27343675.9
2023-06-22 16:00:00,0.2905,0.2935,0.2893,0.2933,15398999.7
2023-06-22 20:00:00,0.2933,0.2961,0.2886,0.2899,14349353.9
2023-06-23 00:00:00,0.2899,0.2937,0.2895,0.2926,9487605.4
2023-06-23 04:00:00,0.2927,0.294,0.2907,0.2936,10962451.0
2023-06-23 08:00:00,0.2937,0.2963,0.2921,0.2928,13345960.5
2023-06-23 12:00:00,0.2927,0.2996,0.2867,0.2994,30708413.4
2023-06-23 16:00:00,0.2994,0.3028,0.295,0.2983,38167868.8
2023-06-23 20:00:00,0.2983,0.3005,0.2931,0.2966,14582634.9
2023-06-24 00:00:00,0.2967,0.2967,0.292,0.2952,18464101.6
2023-06-24 04:00:00,0.2952,0.2975,0.2931,0.2936,11610516.2
2023-06-24 08:00:00,0.2935,0.2965,0.2928,0.2952,8358834.3
2023-06-24 12:00:00,0.2952,0.2965,0.285,0.2868,22337595.0
2023-06-24 16:00:00,0.2869,0.2942,0.2843,0.2915,17335211.3
2023-06-24 20:00:00,0.2915,0.2916,0.2876,0.2892,10180153.5
2023-06-25 00:00:00,0.2893,0.2978,0.2885,0.2966,13644072.2
2023-06-25 04:00:00,0.2968,0.2982,0.2941,0.2974,18619927.2
2023-06-25 08:00:00,0.2973,0.305,0.296,0.2981,29061308.1
2023-06-25 12:00:00,0.298,0.2984,0.2915,0.2934,20722778.5
2023-06-25 16:00:00,0.2934,0.2948,0.2912,0.293,13434790.9
2023-06-25 20:00:00,0.293,0.2941,0.2906,0.2921,7681412.6
2023-06-26 00:00:00,0.292,0.2923,0.2855,0.2878,17402931.4
2023-06-26 04:00:00,0.2878,0.2914,0.286,0.2903,10583391.1
2023-06-26 08:00:00,0.2903,0.2911,0.2859,0.289,10351446.0
2023-06-26 12:00:00,0.289,0.2921,0.2868,0.2895,12488341.4
2023-06-26 16:00:00,0.2894,0.2895,0.2766,0.2817,26216389.3
2023-06-26 20:00:00,0.2817,0.282,0.2772,0.2805,15149813.8
2023-06-27 00:00:00,0.2806,0.2833,0.279,0.2821,11214571.2
2023-06-27 04:00:00,0.2821,0.2834,0.2786,0.283,11715844.9
2023-06-27 08:00:00,0.283,0.2846,0.2806,0.2845,12504721.3
2023-06-27 12:00:00,0.2845,0.2861,0.2798,0.28,18933433.7
2023-06-27 16:00:00,0.2801,0.2857,0.2775,0.285,14044390.3
2023-06-27 20:00:00,0.2849,0.2897,0.2844,0.2867,15907385.9
2023-06-28 00:00:00,0.2868,0.2869,0.2779,0.2803,19846205.3
2023-06-28 04:00:00,0.2803,0.2803,0.2715,0.2753,19699003.2
2023-06-28 08:00:00,0.2753,0.2767,0.273,0.2742,13510983.1
2023-06-28 12:00:00,0.2742,0.2763,0.2712,0.2749,37037765.5
2023-06-28 16:00:00,0.2749,0.2762,0.2599,0.2673,35546215.9
2023-06-28 20:00:00,0.2674,0.2704,0.2663,0.2669,15094410.3
2023-06-29 00:00:00,0.2669,0.2714,0.2664,0.27,10619015.9
2023-06-29 04:00:00,0.27,0.2741,0.2691,0.2729,13515343.8
2023-06-29 08:00:00,0.273,0.2782,0.2724,0.2774,17777586.8
2023-06-29 12:00:00,0.2775,0.2782,0.2727,0.2743,23012858.9
2023-06-29 16:00:00,0.2743,0.2756,0.2727,0.2751,13994878.8
2023-06-29 20:00:00,0.2751,0.2769,0.2729,0.2752,9106857.4
2023-06-30 00:00:00,0.2753,0.2845,0.2727,0.2835,27866635.3
2023-06-30 04:00:00,0.2835,0.288,0.2805,0.2839,31043400.7
2023-06-30 08:00:00,0.284,0.2997,0.2838,0.295,68002030.2
2023-06-30 12:00:00,0.295,0.2988,0.2672,0.2775,99717840.4
2023-06-30 16:00:00,0.2775,0.2904,0.275,0.2855,32153309.7
2023-06-30 20:00:00,0.2855,0.2889,0.2845,0.2869,13373051.6
2023-07-01 00:00:00,0.287,0.29,0.2849,0.286,20669652.7
2023-07-01 04:00:00,0.2861,0.2865,0.2812,0.2864,12070973.1
2023-07-01 08:00:00,0.2863,0.2888,0.285,0.2879,12484151.8
2023-07-01 12:00:00,0.288,0.2938,0.2874,0.2885,25764044.3
2023-07-01 16:00:00,0.2884,0.2896,0.2867,0.2881,9720015.5
2023-07-01 20:00:00,0.288,0.2925,0.2878,0.2924,7487636.8
2023-07-02 00:00:00,0.2924,0.2939,0.2879,0.2889,18150260.4
2023-07-02 04:00:00,0.2889,0.2908,0.2879,0.2893,8672317.7
2023-07-02 08:00:00,0.2893,0.2906,0.2868,0.2905,7726095.5
2023-07-02 12:00:00,0.2905,0.2916,0.2853,0.2891,15658100.2
2023-07-02 16:00:00,0.2891,0.2913,0.287,0.2893,11047013.0
2023-07-02 20:00:00,0.2893,0.2934,0.2881,0.2916,13467761.2
2023-07-03 00:00:00,0.2916,0.2965,0.2902,0.2951,15427173.7
2023-07-03 04:00:00,0.2951,0.2962,0.2908,0.2942,10687576.8
2023-07-03 08:00:00,0.2943,0.2958,0.2921,0.2948,11255898.5
2023-07-03 12:00:00,0.2947,0.2956,0.2908,0.2954,14895617.1
2023-07-03 16:00:00,0.2954,0.2993,0.2914,0.2984,13217688.2
2023-07-03 20:00:00,0.2983,0.2991,0.2947,0.2967,6106735.0
2023-07-04 00:00:00,0.2966,0.3002,0.2947,0.2998,15844679.8
2023-07-04 04:00:00,0.2998,0.3016,0.2945,0.295,16414955.8
2023-07-04 08:00:00,0.2951,0.2988,0.2922,0.2968,27605968.1
2023-07-04 12:00:00,0.2968,0.297,0.2924,0.2936,14930282.6
2023-07-04 16:00:00,0.2937,0.2952,0.289,0.292,19409701.4
2023-07-04 20:00:00,0.2919,0.2967,0.2916,0.2924,13220062.8
2023-07-05 00:00:00,0.2924,0.2943,0.291,0.2942,11174949.2
2023-07-05 04:00:00,0.2942,0.2963,0.293,0.2951,13192275.4
2023-07-05 08:00:00,0.2952,0.2957,0.283,0.286,28780375.4
2023-07-05 12:00:00,0.286,0.2869,0.2797,0.2826,25633175.6
2023-07-05 16:00:00,0.2826,0.2884,0.2812,0.2826,14975027.1
2023-07-05 20:00:00,0.2825,0.2852,0.2815,0.2839,12533937.7
2023-07-06 00:00:00,0.2839,0.2854,0.2813,0.2849,13834241.8
2023-07-06 04:00:00,0.2849,0.2919,0.2833,0.288,22087480.1
2023-07-06 08:00:00,0.2881,0.2937,0.2864,0.2878,24996449.2
2023-07-06 12:00:00,0.2877,0.2889,0.2761,0.2824,38875603.4
2023-07-06 16:00:00,0.2825,0.2879,0.2802,0.2838,21856920.4
2023-07-06 20:00:00,0.2838,0.2848,0.2784,0.2784,22877179.3
2023-07-07 00:00:00,0.2783,0.2828,0.2761,0.2819,19336997.2
2023-07-07 04:00:00,0.2819,0.2824,0.2788,0.2796,18934930.0
2023-07-07 08:00:00,0.2795,0.2835,0.2785,0.2822,15375237.4
2023-07-07 12:00:00,0.2822,0.2854,0.2809,0.2841,19108512.9
2023-07-07 16:00:00,0.2841,0.2855,0.2811,0.283,16279194.5
2023-07-07 20:00:00,0.283,0.2852,0.2826,0.2844,11143833.4
2023-07-08 00:00:00,0.2844,0.2866,0.283,0.2833,12738695.4
2023-07-08 04:00:00,0.2832,0.288,0.2817,0.2847,29042703.5
2023-07-08 08:00:00,0.2846,0.2873,0.2841,0.286,13245409.7
2023-07-08 12:00:00,0.2861,0.2905,0.2849,0.289,16731081.5
2023-07-08 16:00:00,0.289,0.2931,0.2865,0.2896,22824794.9
2023-07-08 20:00:00,0.2896,0.2908,0.2878,0.2907,11619843.4
2023-07-09 00:00:00,0.2907,0.2918,0.2895,0.29,14537322.3
2023-07-09 04:00:00,0.29,0.2903,0.2853,0.2862,14194116.0
2023-07-09 08:00:00,0.2863,0.2871,0.2854,0.2865,10120925.4
2023-07-09 12:00:00,0.2865,0.2888,0.2847,0.2863,37177507.8
2023-07-09 16:00:00,0.2863,0.2866,0.2839,0.2853,9111037.4
2023-07-09 20:00:00,0.2852,0.2857,0.283,0.2844,9812635.1
2023-07-10 00:00:00,0.2843,0.2865,0.2781,0.2842,28904263.8
2023-07-10 04:00:00,0.2841,0.2866,0.2816,0.2832,13321002.1
2023-07-10 08:00:00,0.2833,0.2866,0.2802,0.2851,16626959.5
2023-07-10 12:00:00,0.285,0.289,0.2848,0.2879,17043421.2
2023-07-10 16:00:00,0.2878,0.2915,0.2861,0.2913,27660225.0
2023-07-10 20:00:00,0.2913,0.2927,0.2863,0.2878,18541139.7
2023-07-11 00:00:00,0.2878,0.2915,0.2874,0.2902,26832393.8
2023-07-11 04:00:00,0.2902,0.2941,0.2894,0.2915,14207846.3
2023-07-11 08:00:00,0.2916,0.2935,0.2895,0.2913,13900356.8
2023-07-11 12:00:00,0.2913,0.2925,0.2897,0.2905,12198372.0
2023-07-11 16:00:00,0.2906,0.2922,0.2883,0.2897,21454942.2
2023-07-11 20:00:00,0.2897,0.2931,0.2896,0.2927,9971876.4
2023-07-12 00:00:00,0.2927,0.2954,0.2923,0.2932,14704875.9
2023-07-12 04:00:00,0.2932,0.2947,0.2925,0.2936,12963100.2
2023-07-12 08:00:00,0.2937,0.2941,0.2915,0.2925,10299690.3
2023-07-12 12:00:00,0.2924,0.2954,0.2901,0.2907,17614087.8
2023-07-12 16:00:00,0.2906,0.2907,0.2848,0.2861,14647748.7
2023-07-12 20:00:00,0.2862,0.2892,0.2857,0.289,7696521.8
2023-07-13 00:00:00,0.289,0.2891,0.2857,0.2867,8298277.7
2023-07-13 04:00:00,0.2866,0.2881,0.2858,0.2863,10392706.3
2023-07-13 08:00:00,0.2863,0.2895,0.2859,0.2889,14975376.5
2023-07-13 12:00:00,0.2889,0.3137,0.2876,0.3112,71448399.9
2023-07-13 16:00:00,0.3112,0.3673,0.3095,0.3478,277885159.7
2023-07-13 20:00:00,0.3478,0.36,0.335,0.3567,125960616.4
2023-07-14 00:00:00,0.3567,0.3793,0.3535,0.3611,122188463.7
2023-07-14 04:00:00,0.3611,0.3668,0.3508,0.3526,40693075.5
2023-07-14 08:00:00,0.3525,0.3549,0.3442,0.3511,39673339.6
2023-07-14 12:00:00,0.3512,0.3514,0.3441,0.3472,27096342.2
2023-07-14 16:00:00,0.3472,0.3475,0.316,0.3214,94402614.5
2023-07-14 20:00:00,0.3213,0.33,0.3184,0.3277,20592081.2
2023-07-15 00:00:00,0.3278,0.3281,0.324,0.3263,17020470.5
2023-07-15 04:00:00,0.3264,0.3363,0.326,0.3348,17202980.9
2023-07-15 08:00:00,0.3347,0.3376,0.3323,0.3324,14472296.6
2023-07-15 12:00:00,0.3324,0.3354,0.3287,0.3309,14908986.6
2023-07-15 16:00:00,0.3309,0.3323,0.3281,0.3294,12162374.7
2023-07-15 20:00:00,0.3294,0.3295,0.3244,0.326,11696792.9
2023-07-16 00:00:00,0.3261,0.3278,0.3171,0.3201,25589798.6
2023-07-16 04:00:00,0.3202,0.3212,0.3171,0.3209,13278510.8
2023-07-16 08:00:00,0.3208,0.3264,0.3198,0.3225,26187810.8
2023-07-16 12:00:00,0.3225,0.3244,0.3187,0.3211,27593035.7
2023-07-16 16:00:00,0.3212,0.3231,0.3143,0.3151,23780564.2
2023-07-16 20:00:00,0.3151,0.3197,0.312,0.3146,16512439.2
2023-07-17 00:00:00,0.3145,0.3187,0.3118,0.3184,11792611.8
2023-07-17 04:00:00,0.3185,0.3197,0.316,0.3167,11578032.0
2023-07-17 08:00:00,0.3168,0.319,0.3055,0.3113,30603702.1
2023-07-17 12:00:00,0.3113,0.316,0.3086,0.3133,19836777.7
2023-07-17 16:00:00,0.3133,0.3162,0.3055,0.3098,27953747.7
2023-07-17 20:00:00,0.3098,0.3137,0.3076,0.3118,19706564.9
2023-07-18 00:00:00,0.3117,0.314,0.3088,0.3093,17105798.5
2023-07-18 04:00:00,0.3094,0.3107,0.3044,0.3063,45180499.4
2023-07-18 08:00:00,0.3063,0.309,0.3028,0.3034,26007228.4
2023-07-18 12:00:00,0.3035,0.3065,0.3017,0.3047,23835993.2
2023-07-18 16:00:00,0.3047,0.3078,0.2996,0.3035,23966623.1
2023-07-18 20:00:00,0.3037,0.3096,0.3018,0.3095,15336099.9
2023-07-19 00:00:00,0.3094,0.324,0.3069,0.3201,42190014.7
2023-07-19 04:00:00,0.3201,0.3205,0.3146,0.3158,34806018.6
2023-07-19 08:00:00,0.3157,0.3179,0.3123,0.3167,27213313.8
2023-07-19 12:00:00,0.3168,0.3187,0.3104,0.3127,29835147.4
2023-07-19 16:00:00,0.3126,0.326,0.31,0.3242,54882215.4
2023-07-19 20:00:00,0.3242,0.326,0.3194,0.3226,26327127.5
2023-07-20 00:00:00,0.3226,0.3332,0.3214,0.3277,69364911.3
2023-07-20 04:00:00,0.3278,0.3303,0.324,0.3255,16553750.5
2023-07-20 08:00:00,0.3255,0.3278,0.3229,0.3253,20924917.3
2023-07-20 12:00:00,0.3253,0.3278,0.3163,0.3176,28486830.1
2023-07-20 16:00:00,0.3176,0.3194,0.313,0.3167,19794898.5
2023-07-20 20:00:00,0.3168,0.3189,0.3138,0.3161,11813117.0
2023-07-21 00:00:00,0.3161,0.3184,0.3128,0.3169,11515108.1
2023-07-21 04:00:00,0.317,0.3173,0.3116,0.3121,10490041.7
2023-07-21 08:00:00,0.312,0.3134,0.3103,0.3131,14612076.0
2023-07-21 12:00:00,0.3131,0.3155,0.3129,0.3139,11889226.5
2023-07-21 16:00:00,0.314,0.3175,0.3118,0.3141,13976734.0
2023-07-21 20:00:00,0.3141,0.3143,0.3118,0.3127,7841708.3
2023-07-22 00:00:00,0.3128,0.3149,0.3119,0.3133,7694367.3
2023-07-22 04:00:00,0.3133,0.3143,0.3119,0.3129,6338296.2
2023-07-22 08:00:00,0.3129,0.3139,0.3063,0.3116,18306153.4
2023-07-22 12:00:00,0.3116,0.3137,0.3109,0.3137,6272583.3
2023-07-22 16:00:00,0.3137,0.3138,0.31,0.3117,7389189.3
2023-07-22 20:00:00,0.3117,0.3134,0.3062,0.31,12495467.8
2023-07-23 00:00:00,0.31,0.3175,0.3071,0.315,15868525.6
2023-07-23 04:00:00,0.315,0.3167,0.314,0.316,7335702.0
2023-07-23 08:00:00,0.3159,0.317,0.3142,0.3145,7556516.1
2023-07-23 12:00:00,0.3146,0.316,0.3135,0.3144,5378070.6
2023-07-23 16:00:00,0.3145,0.3191,0.3142,0.3163,9091159.8
2023-07-23 20:00:00,0.3163,0.3178,0.3149,0.3171,5199260.3
2023-07-24 00:00:00,0.3172,0.319,0.3113,0.312,11031016.5
2023-07-24 04:00:00,0.312,0.3153,0.3097,0.3148,10401586.8
2023-07-24 08:00:00,0.3148,0.315,0.302,0.3063,28931857.4
2023-07-24 12:00:00,0.3063,0.3077,0.3,0.3026,27122045.3
2023-07-24 16:00:00,0.3027,0.3059,0.3005,0.3033,13792807.4
2023-07-24 20:00:00,0.3033,0.3062,0.3025,0.3053,8969384.0
2023-07-25 00:00:00,0.3051,0.3061,0.3026,0.3032,9969519.4
2023-07-25 04:00:00,0.3033,0.3052,0.3021,0.3034,8987076.1
2023-07-25 08:00:00,0.3035,0.3067,0.3027,0.3033,9442423.1
2023-07-25 12:00:00,0.3033,0.3078,0.3024,0.3044,15276721.2
2023-07-25 16:00:00,0.3043,0.3058,0.3028,0.303,9619503.6
2023-07-25 20:00:00,0.303,0.305,0.3014,0.3037,8694187.6
2023-07-26 00:00:00,0.3037,0.3054,0.3008,0.3035,9882714.7
2023-07-26 04:00:00,0.3035,0.3039,0.3005,0.3018,23319611.8
2023-07-26 08:00:00,0.3019,0.3031,0.3003,0.3013,9188886.8
2023-07-26 12:00:00,0.3013,0.3057,0.3008,0.3055,11336282.7
2023-07-26 16:00:00,0.3055,0.3093,0.303,0.3072,23680573.3
2023-07-26 20:00:00,0.3073,0.3107,0.3057,0.3069,13410351.7
2023-07-27 00:00:00,0.3069,0.3111,0.3054,0.31,9816451.6
2023-07-27 04:00:00,0.3101,0.3135,0.31,0.3108,11280961.0
2023-07-27 08:00:00,0.3107,0.3134,0.3101,0.3108,8820979.8
2023-07-27 12:00:00,0.3108,0.3113,0.3065,0.3087,14880519.5
2023-07-27 16:00:00,0.3087,0.3099,0.3053,0.3071,9059354.6
2023-07-27 20:00:00,0.3071,0.3085,0.3065,0.3077,4539720.9
2023-07-28 00:00:00,0.3078,0.3108,0.3076,0.3084,7960353.0
2023-07-28 04:00:00,0.3084,0.3091,0.3062,0.3078,5371392.4
2023-07-28 08:00:00,0.3078,0.3125,0.3072,0.311,13653259.3
2023-07-28 12:00:00,0.311,0.3134,0.3101,0.311,11776296.8
2023-07-28 16:00:00,0.3111,0.3121,0.3095,0.3113,4475785.1
2023-07-28 20:00:00,0.3112,0.3115,0.3097,0.3099,3360580.5
2023-07-29 00:00:00,0.3099,0.3119,0.3094,0.3112,3581557.7
2023-07-29 04:00:00,0.3112,0.3138,0.3103,0.3106,29943363.1
2023-07-29 08:00:00,0.3107,0.3112,0.3087,0.309,5803529.1
2023-07-29 12:00:00,0.3091,0.3112,0.3089,0.3107,5298381.8
2023-07-29 16:00:00,0.3107,0.313,0.3103,0.3126,6824513.5
2023-07-29 20:00:00,0.3126,0.3144,0.3119,0.313,6621093.8
2023-07-30 00:00:00,0.3129,0.3141,0.312,0.3137,4556757.2
2023-07-30 04:00:00,0.3136,0.3181,0.3134,0.3147,14694629.3
2023-07-30 08:00:00,0.3148,0.3162,0.314,0.3145,6798416.0
2023-07-30 12:00:00,0.3144,0.3159,0.312,0.3139,7243288.7
2023-07-30 16:00:00,0.3138,0.3153,0.3079,0.3092,12542877.4
2023-07-30 20:00:00,0.3091,0.3162,0.3052,0.3156,14946479.4
2023-07-31 00:00:00,0.3157,0.319,0.3137,0.3149,11281032.9
2023-07-31 04:00:00,0.315,0.3156,0.3116,0.3124,9663806.1
2023-07-31 08:00:00,0.3125,0.3143,0.3124,0.3135,4847020.1
2023-07-31 12:00:00,0.3136,0.3153,0.3101,0.3117,17888860.8
2023-07-31 16:00:00,0.3116,0.3128,0.3082,0.3094,9196955.3
2023-07-31 20:00:00,0.3095,0.3103,0.3063,0.307,17290447.4
2023-08-01 00:00:00,0.307,0.3083,0.2948,0.3015,32413749.9
2023-08-01 04:00:00,0.3014,0.306,0.3007,0.3048,12058145.6
2023-08-01 08:00:00,0.3049,0.3067,0.3041,0.3046,8481932.4
2023-08-01 12:00:00,0.3047,0.3064,0.3,0.3053,16986208.8
2023-08-01 16:00:00,0.3053,0.3079,0.3034,0.3065,9227124.3
2023-08-01 20:00:00,0.3067,0.3106,0.3059,0.3103,8652985.1
2023-08-02 00:00:00,0.3103,0.312,0.3073,0.3074,8311169.2
2023-08-02 04:00:00,0.3074,0.3077,0.3054,0.3058,6371966.6
2023-08-02 08:00:00,0.3057,0.3083,0.3048,0.3081,5589790.1
2023-08-02 12:00:00,0.3081,0.3082,0.3013,0.303,17036332.7
2023-08-02 16:00:00,0.303,0.3038,0.2974,0.3019,16943667.8
2023-08-02 20:00:00,0.3018,0.3026,0.2985,0.2993,14081177.4
2023-08-03 00:00:00,0.2993,0.3014,0.2981,0.2995,8046405.0
2023-08-03 04:00:00,0.2995,0.2995,0.2943,0.2953,14922176.4
2023-08-03 08:00:00,0.2952,0.2964,0.2928,0.296,13238942.5
2023-08-03 12:00:00,0.296,0.298,0.2934,0.2966,30887813.1
2023-08-03 16:00:00,0.2966,0.2984,0.2947,0.2954,11015911.3
2023-08-03 20:00:00,0.2954,0.2967,0.2888,0.2922,21470324.4
2023-08-04 00:00:00,0.2923,0.2943,0.2916,0.294,6801524.0
2023-08-04 04:00:00,0.2941,0.2948,0.292,0.2928,7976470.9
2023-08-04 08:00:00,0.2929,0.2942,0.2923,0.293,9781757.7
2023-08-04 12:00:00,0.293,0.2966,0.2924,0.296,9856947.8
2023-08-04 16:00:00,0.296,0.2972,0.2916,0.2933,8288299.8
2023-08-04 20:00:00,0.2933,0.2946,0.2902,0.2935,8662134.5
2023-08-05 00:00:00,0.2936,0.2942,0.2905,0.2927,6838552.7
2023-08-05 04:00:00,0.2927,0.2928,0.2905,0.2911,4698419.4
2023-08-05 08:00:00,0.2912,0.293,0.2905,0.2917,4237465.4
2023-08-05 12:00:00,0.2917,0.2925,0.2901,0.2912,7334501.6
2023-08-05 16:00:00,0.2911,0.294,0.2904,0.2927,3999865.3
2023-08-05 20:00:00,0.2928,0.2942,0.2922,0.2938,2858406.5
2023-08-06 00:00:00,0.2938,0.2957,0.2932,0.2952,5655389.8
2023-08-06 04:00:00,0.2952,0.2958,0.294,0.2945,3642711.2
2023-08-06 08:00:00,0.2945,0.2957,0.2938,0.2948,3747670.1
2023-08-06 12:00:00,0.2949,0.2953,0.2907,0.2912,6865423.5
2023-08-06 16:00:00,0.2913,0.2931,0.2906,0.292,3237060.9
2023-08-06 20:00:00,0.2921,0.2943,0.2916,0.2923,4996082.5
2023-08-07 00:00:00,0.2922,0.2961,0.291,0.2944,6574104.0
2023-08-07 04:00:00,0.2945,0.2952,0.2908,0.2925,8394194.8
2023-08-07 08:00:00,0.2925,0.2935,0.292,0.293,5488369.5
2023-08-07 12:00:00,0.2929,0.2952,0.2877,0.2893,18613261.7
2023-08-07 16:00:00,0.2892,0.29,0.2818,0.2891,24648517.4
2023-08-07 20:00:00,0.2892,0.2911,0.2886,0.291,5538095.2
2023-08-08 00:00:00,0.291,0.2924,0.2896,0.2914,5745342.6
2023-08-08 04:00:00,0.2914,0.2937,0.2902,0.291,26053306.2
2023-08-08 08:00:00,0.291,0.2936,0.2902,0.2935,6315503.0
2023-08-08 12:00:00,0.2935,0.2964,0.2925,0.2954,13731235.1
2023-08-08 16:00:00,0.2954,0.3024,0.295,0.2992,28731948.6
2023-08-08 20:00:00,0.2993,0.3026,0.2972,0.2974,17378334.4
2023-08-09 00:00:00,0.2974,0.2991,0.296,0.2974,6839022.1
2023-08-09 04:00:00,0.2974,0.2997,0.2969,0.2994,6090461.9
2023-08-09 08:00:00,0.2994,0.2997,0.2978,0.2985,6298997.9
2023-08-09 12:00:00,0.2985,0.3016,0.297,0.298,15190130.2
2023-08-09 16:00:00,0.2981,0.3,0.297,0.2989,9812764.3
2023-08-09 20:00:00,0.2989,0.3023,0.2975,0.3013,11470075.9
2023-08-10 00:00:00,0.3014,0.3018,0.3,0.3008,5828275.3
2023-08-10 04:00:00,0.3009,0.301,0.2969,0.2973,9908998.6
2023-08-10 08:00:00,0.2973,0.2987,0.2971,0.2974,6184597.5
2023-08-10 12:00:00,0.2974,0.3012,0.2972,0.2974,16050812.5
2023-08-10 16:00:00,0.2975,0.2984,0.2962,0.2972,7741394.0
2023-08-10 20:00:00,0.2973,0.2977,0.296,0.2965,4625813.7
2023-08-11 00:00:00,0.2965,0.2976,0.2948,0.2962,5955449.7
2023-08-11 04:00:00,0.2963,0.2974,0.2961,0.2964,4052656.9
2023-08-11 08:00:00,0.2963,0.2967,0.2951,0.2967,3401933.4
2023-08-11 12:00:00,0.2966,0.2969,0.2938,0.2943,7015478.6
2023-08-11 16:00:00,0.2943,0.295,0.2932,0.2935,4689963.2
2023-08-11 20:00:00,0.2936,0.2938,0.2924,0.2933,5257767.8
2023-08-12 00:00:00,0.2934,0.2944,0.2925,0.2931,11323080.5
2023-08-12 04:00:00,0.2931,0.2943,0.2926,0.2941,2727726.8
2023-08-12 08:00:00,0.2941,0.2946,0.2937,0.2941,4090210.6
2023-08-12 12:00:00,0.2942,0.2946,0.2933,0.2938,3385746.0
2023-08-12 16:00:00,0.2938,0.2939,0.2913,0.2916,7352004.0
2023-08-12 20:00:00,0.2915,0.2925,0.2907,0.2919,6905817.8
2023-08-13 00:00:00,0.292,0.2926,0.2906,0.2913,4903886.5
2023-08-13 04:00:00,0.2914,0.2914,0.2898,0.2907,5897960.8
2023-08-13 08:00:00,0.2908,0.291,0.29,0.2905,4817780.4
2023-08-13 12:00:00,0.2905,0.2922,0.2902,0.2907,7798028.5
2023-08-13 16:00:00,0.2908,0.2936,0.2905,0.2931,7149125.9
2023-08-13 20:00:00,0.2932,0.2934,0.2868,0.2894,19189529.7
2023-08-14 00:00:00,0.2895,0.2906,0.2872,0.2905,9344410.5
2023-08-14 04:00:00,0.2905,0.2916,0.2899,0.2905,6054896.4
2023-08-14 08:00:00,0.2905,0.2915,0.2899,0.2903,3779514.1
2023-08-14 12:00:00,0.2903,0.2927,0.2895,0.2917,8048015.8
2023-08-14 16:00:00,0.2917,0.2923,0.2878,0.2899,8008408.3
2023-08-14 20:00:00,0.2899,0.2915,0.2895,0.2906,4705231.1
2023-08-15 00:00:00,0.2906,0.2911,0.2894,0.2897,4158813.2
2023-08-15 04:00:00,0.2896,0.2902,0.2886,0.2902,3642662.3
2023-08-15 08:00:00,0.2902,0.2907,0.2883,0.2884,4557634.1
2023-08-15 12:00:00,0.2884,0.2898,0.2879,0.2881,6883907.4
2023-08-15 16:00:00,0.2881,0.2892,0.2741,0.2814,37503450.0
2023-08-15 20:00:00,0.2813,0.2844,0.2803,0.282,11381745.8
2023-08-16 00:00:00,0.282,0.2829,0.2809,0.2811,6710061.8
2023-08-16 04:00:00,0.2812,0.2826,0.2784,0.2795,9230208.0
2023-08-16 08:00:00,0.2795,0.28,0.2757,0.2779,10418853.4
2023-08-16 12:00:00,0.2779,0.2779,0.2711,0.2734,30020370.4
2023-08-16 16:00:00,0.2734,0.2771,0.2725,0.2751,13496495.8
2023-08-16 20:00:00,0.2751,0.2757,0.2654,0.2747,42175669.8
2023-08-17 00:00:00,0.2748,0.278,0.2695,0.2767,17210461.6
2023-08-17 04:00:00,0.2767,0.2785,0.2762,0.2767,6794063.2
2023-08-17 08:00:00,0.2768,0.2772,0.2748,0.2756,9773711.7
2023-08-17 12:00:00,0.2757,0.2781,0.2681,0.2688,32756050.8
2023-08-17 16:00:00,0.2689,0.2743,0.2667,0.2739,19211120.8
2023-08-17 20:00:00,0.274,0.2741,0.238,0.2553,97275123.0
2023-08-18 00:00:00,0.2552,0.2604,0.2547,0.2596,35088556.7
2023-08-18 04:00:00,0.2596,0.2655,0.2567,0.264,23279489.7
2023-08-18 08:00:00,0.264,0.2671,0.2621,0.2665,12080695.6
2023-08-18 12:00:00,0.2665,0.2674,0.2625,0.2627,18209322.2
2023-08-18 16:00:00,0.2628,0.2664,0.2583,0.263,30139697.5
2023-08-18 20:00:00,0.2631,0.2655,0.2626,0.264,8353434.0
2023-08-19 00:00:00,0.264,0.2643,0.2609,0.2622,7298470.3
2023-08-19 04:00:00,0.2622,0.263,0.2603,0.263,6441698.2
2023-08-19 08:00:00,0.263,0.2647,0.2626,0.2634,5137399.4
2023-08-19 12:00:00,0.2635,0.2698,0.2634,0.2688,17568220.8
2023-08-19 16:00:00,0.2687,0.2694,0.2666,0.2682,9871810.7
2023-08-19 20:00:00,0.2683,0.2694,0.2663,0.2688,8962151.0
2023-08-20 00:00:00,0.2688,0.2706,0.2663,0.2664,4839403.5
2023-08-20 04:00:00,0.2665,0.2673,0.2648,0.2656,4948683.9
2023-08-20 08:00:00,0.2657,0.2691,0.2647,0.2681,7160714.6
2023-08-20 12:00:00,0.2682,0.2699,0.2665,0.2689,8125825.3
2023-08-20 16:00:00,0.2689,0.2732,0.2678,0.2719,9075642.6
2023-08-20 20:00:00,0.2718,0.2729,0.2702,0.2703,5551161.1
2023-08-21 00:00:00,0.2703,0.2725,0.2697,0.2703,5474608.1
2023-08-21 04:00:00,0.2703,0.2714,0.2671,0.2674,8069343.1
2023-08-21 08:00:00,0.2675,0.2677,0.2644,0.2673,10199942.6
2023-08-21 12:00:00,0.2674,0.269,0.2586,0.2614,22552438.6
2023-08-21 16:00:00,0.2615,0.2656,0.2612,0.2646,8037944.9
2023-08-21 20:00:00,0.2647,0.2655,0.2628,0.2628,5672278.4
2023-08-22 00:00:00,0.2629,0.2633,0.261,0.2619,9501555.3
2023-08-22 04:00:00,0.2619,0.2619,0.2599,0.2618,6499899.5
2023-08-22 08:00:00,0.2618,0.2621,0.2579,0.2592,9570426.8
2023-08-22 12:00:00,0.2592,0.2607,0.2553,0.256,12681445.6
2023-08-22 16:00:00,0.256,0.2576,0.2516,0.2537,24932046.2
2023-08-22 20:00:00,0.2537,0.2595,0.25,0.2588,18051638.3
2023-08-23 00:00:00,0.2587,0.2603,0.258,0.2584,9838045.1
2023-08-23 04:00:00,0.2584,0.2615,0.2582,0.2601,7049967.5
2023-08-23 08:00:00,0.2601,0.2614,0.2592,0.2597,7209461.8
2023-08-23 12:00:00,0.2598,0.2632,0.2585,0.2629,13227717.3
2023-08-23 16:00:00,0.2629,0.27,0.2624,0.2684,20945925.1
2023-08-23 20:00:00,0.2684,0.27,0.265,0.2681,11712945.3
2023-08-24 00:00:00,0.2681,0.2701,0.2681,0.2687,6909436.7
2023-08-24 04:00:00,0.2687,0.2714,0.2682,0.2689,7927627.9
2023-08-24 08:00:00,0.2689,0.269,0.2664,0.2671,6444363.7
2023-08-24 12:00:00,0.2672,0.2672,0.2622,0.2626,12612076.0
2023-08-24 16:00:00,0.2626,0.2672,0.2625,0.2647,11049809.1
2023-08-24 20:00:00,0.2647,0.2663,0.2628,0.2659,4785298.5
2023-08-25 00:00:00,0.2659,0.2712,0.2612,0.2631,61848421.4
2023-08-25 04:00:00,0.2631,0.2636,0.2596,0.2617,12791143.4
2023-08-25 08:00:00,0.2618,0.2638,0.2616,0.2629,6023288.8
2023-08-25 12:00:00,0.263,0.2657,0.2593,0.2605,23342751.0
2023-08-25 16:00:00,0.2604,0.2621,0.2591,0.2599,5673313.4
2023-08-25 20:00:00,0.2599,0.2614,0.2593,0.2612,3554099.8
2023-08-26 00:00:00,0.2612,0.2612,0.2592,0.2603,15374568.6
2023-08-26 04:00:00,0.2603,0.2606,0.2592,0.2604,2835309.5
2023-08-26 08:00:00,0.2604,0.2604,0.2576,0.2591,13641715.5
2023-08-26 12:00:00,0.2592,0.261,0.2582,0.2604,8325167.9
2023-08-26 16:00:00,0.2605,0.2615,0.2601,0.2609,3781916.8
2023-08-26 20:00:00,0.2609,0.2618,0.2605,0.261,3267617.7
2023-08-27 00:00:00,0.261,0.2617,0.26,0.2607,11558226.7
2023-08-27 04:00:00,0.2608,0.2635,0.2607,0.2631,20436237.8
2023-08-27 08:00:00,0.263,0.2643,0.2628,0.2631,4941453.4
2023-08-27 12:00:00,0.2632,0.2653,0.2626,0.2636,5918171.4
2023-08-27 16:00:00,0.2636,0.2643,0.262,0.2624,3543447.5
2023-08-27 20:00:00,0.2625,0.2637,0.2614,0.2634,3505414.3
2023-08-28 00:00:00,0.2635,0.2635,0.2605,0.2609,5985549.9
2023-08-28 04:00:00,0.2609,0.261,0.2582,0.2599,6294549.8
2023-08-28 08:00:00,0.2598,0.2606,0.2576,0.2604,8555160.8
2023-08-28 12:00:00,0.2605,0.2669,0.2603,0.2656,15162630.8
2023-08-28 16:00:00,0.2655,0.2673,0.2635,0.2651,9921929.6
2023-08-28 20:00:00,0.2651,0.2679,0.2642,0.2676,9014796.7
2023-08-29 00:00:00,0.2676,0.2684,0.2652,0.2654,6900239.6
2023-08-29 04:00:00,0.2655,0.2655,0.2626,0.2627,12271523.7
2023-08-29 08:00:00,0.2628,0.2632,0.2602,0.261,14444701.0
2023-08-29 12:00:00,0.261,0.2802,0.2602,0.2738,68890547.5
2023-08-29 16:00:00,0.2737,0.279,0.2737,0.2758,25456643.2
2023-08-29 20:00:00,0.2757,0.2771,0.2714,0.2726,20015849.9
2023-08-30 00:00:00,0.2726,0.273,0.2656,0.267,19502300.0
2023-08-30 04:00:00,0.267,0.2671,0.2644,0.2658,25747876.6
2023-08-30 08:00:00,0.2659,0.2666,0.2638,0.2644,15456475.0
2023-08-30 12:00:00,0.2645,0.2655,0.2605,0.2629,27809439.7
2023-08-30 16:00:00,0.2628,0.2647,0.2619,0.2638,7746096.0
2023-08-30 20:00:00,0.2639,0.2665,0.2639,0.2654,5812369.5
2023-08-31 00:00:00,0.2655,0.2659,0.2637,0.2647,7979187.3
2023-08-31 04:00:00,0.2647,0.2657,0.2642,0.2653,8436035.0
2023-08-31 08:00:00,0.2654,0.2667,0.264,0.2653,8221029.2
2023-08-31 12:00:00,0.2653,0.2655,0.257,0.2591,16979042.7
2023-08-31 16:00:00,0.2592,0.2595,0.2492,0.2546,37269799.0
2023-08-31 20:00:00,0.2545,0.2556,0.2512,0.2554,14050000.1
2023-09-01 00:00:00,0.2554,0.2582,0.255,0.2563,14206038.1
2023-09-01 04:00:00,0.2563,0.2578,0.2558,0.2561,10081559.7
2023-09-01 08:00:00,0.2561,0.2585,0.2557,0.2582,5153733.9
2023-09-01 12:00:00,0.2582,0.2588,0.2545,0.2555,11080386.6
2023-09-01 16:00:00,0.2555,0.2567,0.2514,0.2538,16140238.4
2023-09-01 20:00:00,0.2538,0.2571,0.2535,0.2551,5943668.7
2023-09-02 00:00:00,0.2551,0.2566,0.2543,0.2565,2563484.7
2023-09-02 04:00:00,0.2566,0.2567,0.255,0.2554,2779593.6
2023-09-02 08:00:00,0.2555,0.2559,0.2544,0.2549,3005155.0
2023-09-02 12:00:00,0.2549,0.2574,0.2548,0.2563,5303862.1
2023-09-02 16:00:00,0.2563,0.2568,0.2536,0.2555,5298258.2
2023-09-02 20:00:00,0.2554,0.2564,0.2547,0.2562,2947703.4
2023-09-03 00:00:00,0.2562,0.2565,0.2549,0.2556,1967962.2
2023-09-03 04:00:00,0.2555,0.2569,0.2546,0.2557,3767177.8
2023-09-03 08:00:00,0.2557,0.2557,0.2543,0.2548,3490206.5
2023-09-03 12:00:00,0.2549,0.2559,0.2533,0.2541,7052633.1
2023-09-03 16:00:00,0.254,0.2559,0.2531,0.2554,4893325.0
2023-09-03 20:00:00,0.2555,0.2563,0.2542,0.2559,11853093.8
2023-09-04 00:00:00,0.2559,0.26,0.2556,0.2576,10551933.2
2023-09-04 04:00:00,0.2577,0.2586,0.256,0.2571,9770499.2
2023-09-04 08:00:00,0.2571,0.258,0.2553,0.2555,5315948.4
2023-09-04 12:00:00,0.2554,0.2574,0.2539,0.2558,6202945.2
2023-09-04 16:00:00,0.2558,0.2578,0.255,0.2558,3939273.0
2023-09-04 20:00:00,0.2559,0.2566,0.2532,0.2561,4876889.5
2023-09-05 00:00:00,0.2562,0.2565,0.2538,0.2555,7804341.4
2023-09-05 04:00:00,0.2555,0.2579,0.2555,0.257,11830380.9
2023-09-05 08:00:00,0.257,0.2576,0.2556,0.2572,3623542.9
2023-09-05 12:00:00,0.2572,0.2589,0.2553,0.2577,7936106.8
2023-09-05 16:00:00,0.2578,0.2586,0.2561,0.2566,6121680.3
2023-09-05 20:00:00,0.2566,0.2579,0.2561,0.2578,3571791.4
2023-09-06 00:00:00,0.2578,0.2595,0.2574,0.2588,11077669.8
2023-09-06 04:00:00,0.2587,0.2587,0.2551,0.2559,14944513.0
2023-09-06 08:00:00,0.2559,0.2569,0.2554,0.256,2910043.2
2023-09-06 12:00:00,0.2559,0.2572,0.2541,0.2551,8690701.7
2023-09-06 16:00:00,0.2552,0.2612,0.2521,0.2568,15936769.6
2023-09-06 20:00:00,0.2568,0.2583,0.2564,0.2577,4096689.3
2023-09-07 00:00:00,0.2577,0.2585,0.2562,0.2574,19954591.5
2023-09-07 04:00:00,0.2575,0.2578,0.2565,0.2567,6047307.9
2023-09-07 08:00:00,0.2567,0.2568,0.2539,0.254,10806665.9
2023-09-07 12:00:00,0.2539,0.2553,0.2531,0.2552,8733780.7
2023-09-07 16:00:00,0.2552,0.2563,0.2539,0.2561,5422139.8
2023-09-07 20:00:00,0.2561,0.2596,0.2559,0.2579,13033998.0
2023-09-08 00:00:00,0.258,0.2597,0.2563,0.2575,20342532.5
2023-09-08 04:00:00,0.2575,0.2586,0.257,0.2583,5249900.5
2023-09-08 08:00:00,0.2583,0.2583,0.2527,0.2537,13767317.3
2023-09-08 12:00:00,0.2537,0.2552,0.2533,0.2541,6366222.2
2023-09-08 16:00:00,0.2542,0.2544,0.2529,0.2535,5415072.4
2023-09-08 20:00:00,0.2534,0.2547,0.2527,0.2544,3454462.5
2023-09-09 00:00:00,0.2544,0.2556,0.2537,0.2547,3641664.5
2023-09-09 04:00:00,0.2548,0.2556,0.2542,0.2555,3036137.8
2023-09-09 08:00:00,0.2555,0.2558,0.2545,0.2549,2566679.1
2023-09-09 12:00:00,0.2549,0.255,0.2536,0.2543,2986391.3
2023-09-09 16:00:00,0.2542,0.2546,0.2532,0.2535,2755858.6
2023-09-09 20:00:00,0.2536,0.2539,0.2531,0.2533,3134504.6
2023-09-10 00:00:00,0.2534,0.2534,0.25,0.2508,10519156.2
2023-09-10 04:00:00,0.2508,0.251,0.2423,0.2494,24769826.4
2023-09-10 08:00:00,0.2495,0.251,0.2488,0.2501,5672884.2
2023-09-10 12:00:00,0.2502,0.2509,0.2461,0.2479,9940810.2
2023-09-10 16:00:00,0.2479,0.249,0.2441,0.2481,9467747.5
2023-09-10 20:00:00,0.2481,0.2502,0.2477,0.249,22093122.1
2023-09-11 00:00:00,0.2491,0.2496,0.2464,0.2479,10513640.3
2023-09-11 04:00:00,0.248,0.2487,0.2461,0.2466,4755431.8
2023-09-11 08:00:00,0.2466,0.2466,0.2385,0.2433,20977133.3
2023-09-11 12:00:00,0.2432,0.2459,0.2414,0.2425,18466158.9
2023-09-11 16:00:00,0.2425,0.2433,0.2367,0.2381,12862530.1
2023-09-11 20:00:00,0.2381,0.2423,0.2372,0.2421,6874051.0
2023-09-12 00:00:00,0.2421,0.2498,0.2408,0.247,12120252.8
2023-09-12 04:00:00,0.247,0.2478,0.2446,0.2459,6237596.3
2023-09-12 08:00:00,0.2459,0.2527,0.2451,0.2486,12855663.4
2023-09-12 12:00:00,0.2486,0.2506,0.2477,0.2488,7958390.3
2023-09-12 16:00:00,0.2489,0.2513,0.2456,0.2471,10871558.2
2023-09-12 20:00:00,0.2472,0.2479,0.2453,0.2455,5919688.9
2023-09-13 00:00:00,0.2455,0.2472,0.2434,0.2443,5206795.2
2023-09-13 04:00:00,0.2442,0.2496,0.2437,0.2454,9953275.2
2023-09-13 08:00:00,0.2454,0.2488,0.245,0.2485,7359861.4
2023-09-13 12:00:00,0.2485,0.25,0.247,0.2486,9482447.6
2023-09-13 16:00:00,0.2486,0.2499,0.2469,0.2477,7683256.5
2023-09-13 20:00:00,0.2476,0.2495,0.2476,0.2487,2389263.3
2023-09-14 00:00:00,0.2487,0.252,0.2465,0.2483,11554214.6
2023-09-14 04:00:00,0.2483,0.2485,0.2465,0.2474,5386994.5
2023-09-14 08:00:00,0.2474,0.2495,0.2469,0.249,3944199.2
2023-09-14 12:00:00,0.249,0.252,0.2481,0.2508,14402641.4
2023-09-14 16:00:00,0.2508,0.2527,0.2499,0.252,8449660.2
2023-09-14 20:00:00,0.252,0.2524,0.25,0.2513,5570066.9
2023-09-15 00:00:00,0.2514,0.2552,0.2506,0.2542,7436048.3
2023-09-15 04:00:00,0.2542,0.2548,0.2508,0.2511,7120974.5
2023-09-15 08:00:00,0.2511,0.2519,0.2487,0.249,8517889.9
2023-09-15 12:00:00,0.2491,0.2498,0.2463,0.2482,17722223.7
2023-09-15 16:00:00,0.2483,0.2483,0.2451,0.2476,17306095.7
2023-09-15 20:00:00,0.2477,0.2524,0.2473,0.2505,10659101.1
2023-09-16 00:00:00,0.2506,0.2539,0.2498,0.2512,9333329.6
2023-09-16 04:00:00,0.2513,0.253,0.25,0.2507,7592777.8
2023-09-16 08:00:00,0.2507,0.2514,0.2498,0.2512,4977684.4
2023-09-16 12:00:00,0.2513,0.2516,0.2488,0.2498,5875637.6
2023-09-16 16:00:00,0.2497,0.2504,0.2483,0.2486,4204739.1
2023-09-16 20:00:00,0.2486,0.2505,0.2484,0.2503,2793008.6
2023-09-17 00:00:00,0.2503,0.2503,0.2469,0.2493,9755509.5
2023-09-17 04:00:00,0.2494,0.2496,0.2481,0.2485,3301270.2
2023-09-17 08:00:00,0.2485,0.2506,0.2482,0.2502,4066369.6
2023-09-17 12:00:00,0.2502,0.2513,0.2496,0.2499,4650910.8
2023-09-17 16:00:00,0.2499,0.2499,0.2464,0.2477,7342937.8
2023-09-17 20:00:00,0.2478,0.2478,0.2443,0.2471,13053653.8
2023-09-18 00:00:00,0.2471,0.2495,0.2441,0.2494,12157104.1
2023-09-18 04:00:00,0.2494,0.25,0.248,0.2483,4251584.7
2023-09-18 08:00:00,0.2483,0.2547,0.248,0.2539,19576174.1
2023-09-18 12:00:00,0.254,0.2555,0.253,0.2542,17903588.1
2023-09-18 16:00:00,0.2542,0.256,0.2505,0.2522,14859190.1
2023-09-18 20:00:00,0.2522,0.253,0.2512,0.2516,3023048.5
2023-09-19 00:00:00,0.2515,0.2552,0.2506,0.2546,12251978.0
2023-09-19 04:00:00,0.2546,0.2553,0.2518,0.2525,6333595.7
2023-09-19 08:00:00,0.2525,0.258,0.2524,0.2562,14016217.1
2023-09-19 12:00:00,0.2562,0.2574,0.2539,0.257,9949895.5
2023-09-19 16:00:00,0.2569,0.2574,0.2547,0.2559,5779242.1
2023-09-19 20:00:00,0.2558,0.2562,0.2543,0.2548,4635635.3
2023-09-20 00:00:00,0.2548,0.256,0.2526,0.2536,4540937.5
2023-09-20 04:00:00,0.2535,0.2547,0.2523,0.2531,4202755.2
2023-09-20 08:00:00,0.253,0.2541,0.2508,0.2528,6860510.2
2023-09-20 12:00:00,0.2528,0.2554,0.2513,0.2552,8244321.0
2023-09-20 16:00:00,0.2552,0.2565,0.25,0.2511,21302607.7
2023-09-20 20:00:00,0.2512,0.2527,0.2506,0.2517,7994948.4
2023-09-21 00:00:00,0.2517,0.2531,0.2495,0.2513,11411657.8
2023-09-21 04:00:00,0.2512,0.2513,0.2488,0.2498,9363470.4
2023-09-21 08:00:00,0.2497,0.2502,0.2462,0.2482,11237771.9
2023-09-21 12:00:00,0.2482,0.2491,0.2458,0.2484,7271891.7
2023-09-21 16:00:00,0.2483,0.2488,0.2468,0.247,6461217.0
2023-09-21 20:00:00,0.2471,0.2471,0.2448,0.2449,12615293.2
2023-09-22 00:00:00,0.245,0.2465,0.2433,0.2461,20898335.5
2023-09-22 04:00:00,0.2462,0.2465,0.2446,0.2456,8559058.1
2023-09-22 08:00:00,0.2457,0.2463,0.2444,0.2449,9963619.9
2023-09-22 12:00:00,0.245,0.2457,0.2437,0.2444,9727939.9
2023-09-22 16:00:00,0.2444,0.2447,0.2427,0.2435,14944911.6
2023-09-22 20:00:00,0.2436,0.2453,0.2431,0.2449,9845031.4
2023-09-23 00:00:00,0.245,0.246,0.2436,0.2446,6949096.2
2023-09-23 04:00:00,0.2445,0.246,0.2439,0.2455,3190337.4
2023-09-23 08:00:00,0.2455,0.2468,0.2452,0.2466,4068055.8
2023-09-23 12:00:00,0.2467,0.2468,0.2444,0.2454,4407728.0
2023-09-23 16:00:00,0.2454,0.2466,0.2445,0.2464,4249345.6
2023-09-23 20:00:00,0.2463,0.2468,0.2452,0.2461,2766457.4
2023-09-24 00:00:00,0.246,0.2462,0.2448,0.245,2834599.9
2023-09-24 04:00:00,0.245,0.2455,0.2444,0.2455,2093048.4
2023-09-24 08:00:00,0.2455,0.2462,0.2447,0.2456,3927969.5
2023-09-24 12:00:00,0.2456,0.2463,0.2447,0.2452,4883256.5
2023-09-24 16:00:00,0.2453,0.2463,0.2437,0.2441,7113623.5
2023-09-24 20:00:00,0.2442,0.2454,0.2416,0.2427,6758971.0
2023-09-25 00:00:00,0.2428,0.2455,0.2404,0.244,8833714.0
2023-09-25 04:00:00,0.244,0.2455,0.2433,0.2451,5289129.6
2023-09-25 08:00:00,0.2451,0.2455,0.2428,0.2432,7652303.3
2023-09-25 12:00:00,0.2432,0.2455,0.2428,0.2451,6267093.8
2023-09-25 16:00:00,0.2451,0.2463,0.2445,0.245,6051129.2
2023-09-25 20:00:00,0.245,0.2462,0.2441,0.2459,5094121.0
2023-09-26 00:00:00,0.2459,0.2479,0.2454,0.2464,5849314.2
2023-09-26 04:00:00,0.2464,0.2466,0.2451,0.2462,3869855.3
2023-09-26 08:00:00,0.2461,0.2468,0.2453,0.2458,4255520.9
2023-09-26 12:00:00,0.2458,0.2462,0.2446,0.2448,5859285.9
2023-09-26 16:00:00,0.2448,0.246,0.2439,0.2446,4379918.9
2023-09-26 20:00:00,0.2446,0.2458,0.243,0.2455,4132849.8
2023-09-27 00:00:00,0.2455,0.2462,0.2445,0.2458,3249998.7
2023-09-27 04:00:00,0.2459,0.2461,0.2443,0.2448,3438124.8
2023-09-27 08:00:00,0.2448,0.2484,0.2443,0.2476,10827097.0
2023-09-27 12:00:00,0.2477,0.2482,0.2428,0.2442,13040509.1
2023-09-27 16:00:00,0.2442,0.245,0.2426,0.2445,5557821.8
2023-09-27 20:00:00,0.2445,0.2454,0.2441,0.2446,3001278.8
2023-09-28 00:00:00,0.2447,0.246,0.2436,0.2439,5339472.5
2023-09-28 04:00:00,0.2439,0.2454,0.2433,0.2451,3478229.4
2023-09-28 08:00:00,0.2451,0.2476,0.2442,0.2467,7440757.8
2023-09-28 12:00:00,0.2467,0.2496,0.2458,0.2493,13989448.9
2023-09-28 16:00:00,0.2494,0.2508,0.247,0.2492,14641930.6
2023-09-28 20:00:00,0.2493,0.2502,0.2481,0.2489,4779634.4
2023-09-29 00:00:00,0.249,0.2513,0.2483,0.2507,7063951.7
2023-09-29 04:00:00,0.2507,0.2528,0.2496,0.2522,6761500.7
2023-09-29 08:00:00,0.2523,0.2541,0.2511,0.2515,10601622.3
2023-09-29 12:00:00,0.2515,0.2559,0.2509,0.2549,23125434.6
2023-09-29 16:00:00,0.255,0.2555,0.2484,0.2487,23842523.1
2023-09-29 20:00:00,0.2487,0.2502,0.2476,0.2494,16902041.8
2023-09-30 00:00:00,0.2494,0.251,0.2489,0.2508,7630152.3
2023-09-30 04:00:00,0.2509,0.2513,0.25,0.2503,3208199.8
2023-09-30 08:00:00,0.2504,0.252,0.25,0.251,6405466.0
2023-09-30 12:00:00,0.251,0.2533,0.2497,0.2529,11744165.5
2023-09-30 16:00:00,0.2528,0.2548,0.2524,0.2539,8361750.4
2023-09-30 20:00:00,0.2539,0.2545,0.2529,0.254,4192087.3
2023-10-01 00:00:00,0.254,0.256,0.2537,0.2554,7354755.1
2023-10-01 04:00:00,0.2554,0.2564,0.2552,0.2558,5158943.6
2023-10-01 08:00:00,0.2558,0.2635,0.255,0.2622,24125781.9
2023-10-01 12:00:00,0.2622,0.2631,0.2592,0.2604,13623702.1
2023-10-01 16:00:00,0.2603,0.2605,0.2579,0.2603,7436150.2
2023-10-01 20:00:00,0.2603,0.2679,0.2591,0.2659,21181557.5
2023-10-02 00:00:00,0.2659,0.2667,0.2634,0.2647,14180248.1
2023-10-02 04:00:00,0.2647,0.2665,0.2626,0.2665,12313435.5
2023-10-02 08:00:00,0.2665,0.2696,0.2654,0.267,19819084.3
2023-10-02 12:00:00,0.267,0.2685,0.2633,0.2639,17349001.1
2023-10-02 16:00:00,0.2639,0.2652,0.2585,0.2617,17743053.3
2023-10-02 20:00:00,0.2618,0.2618,0.2574,0.2591,10035942.0
2023-10-03 00:00:00,0.2591,0.2635,0.2581,0.2629,8241365.8
2023-10-03 04:00:00,0.2628,0.264,0.2609,0.2628,7409910.3
2023-10-03 08:00:00,0.2628,0.2646,0.26,0.261,6530252.4
2023-10-03 12:00:00,0.261,0.2641,0.2598,0.2618,12015976.3
2023-10-03 16:00:00,0.2618,0.2636,0.2591,0.2595,10461388.5
2023-10-03 20:00:00,0.2594,0.2625,0.2574,0.261,13805845.4
2023-10-04 00:00:00,0.2609,0.2614,0.2525,0.2558,21368664.8
2023-10-04 04:00:00,0.2557,0.2577,0.2543,0.2564,8904388.6
2023-10-04 08:00:00,0.2565,0.2586,0.2559,0.2565,8799129.9
2023-10-04 12:00:00,0.2565,0.2572,0.2546,0.2554,8897976.8
2023-10-04 16:00:00,0.2554,0.2582,0.2551,0.2567,9519851.9
2023-10-04 20:00:00,0.2567,0.2601,0.2561,0.2589,6123378.5
2023-10-05 00:00:00,0.259,0.26,0.2573,0.2579,4495499.8
2023-10-05 04:00:00,0.258,0.2589,0.257,0.2579,3933395.7
2023-10-05 08:00:00,0.258,0.2623,0.2566,0.2612,8515056.3
2023-10-05 12:00:00,0.2613,0.264,0.2587,0.26,16030106.7
2023-10-05 16:00:00,0.26,0.2634,0.2588,0.2619,10813540.1
2023-10-05 20:00:00,0.262,0.2629,0.2593,0.2602,5765070.1
2023-10-06 00:00:00,0.2603,0.264,0.2602,0.2621,5891884.8
2023-10-06 04:00:00,0.2621,0.2639,0.261,0.2637,4850608.9
2023-10-06 08:00:00,0.2638,0.2652,0.2631,0.2637,8136575.6
2023-10-06 12:00:00,0.2637,0.2653,0.2607,0.2642,13283369.9
2023-10-06 16:00:00,0.2642,0.2665,0.2638,0.2656,6693136.7
2023-10-06 20:00:00,0.2657,0.267,0.264,0.2646,4799887.7
2023-10-07 00:00:00,0.2646,0.2657,0.263,0.2634,5117637.3
2023-10-07 04:00:00,0.2634,0.2639,0.2602,0.2604,8225246.0
2023-10-07 08:00:00,0.2605,0.2622,0.2574,0.2577,17633720.7
2023-10-07 12:00:00,0.2576,0.2592,0.2572,0.2589,10052645.1
2023-10-07 16:00:00,0.259,0.2599,0.2563,0.2569,6900970.1
2023-10-07 20:00:00,0.2569,0.2588,0.2568,0.2587,4094991.6
2023-10-08 00:00:00,0.2588,0.2591,0.2577,0.2588,4054221.2
2023-10-08 04:00:00,0.2589,0.259,0.2556,0.2563,6896756.7
2023-10-08 08:00:00,0.2563,0.2567,0.2553,0.2558,5002033.5
2023-10-08 12:00:00,0.2557,0.2578,0.2556,0.2571,5676202.5
2023-10-08 16:00:00,0.2571,0.2576,0.2562,0.2566,2015500.7
2023-10-08 20:00:00,0.2566,0.2574,0.2559,0.2563,3021505.6
2023-10-09 00:00:00,0.2564,0.2576,0.2542,0.2573,4760501.7
2023-10-09 04:00:00,0.2573,0.2586,0.2565,0.2569,4183414.6
2023-10-09 08:00:00,0.2569,0.2572,0.2502,0.2509,28068604.4
2023-10-09 12:00:00,0.251,0.2523,0.2502,0.2506,8506672.0
2023-10-09 16:00:00,0.2506,0.2539,0.2488,0.2525,26406737.4
2023-10-09 20:00:00,0.2526,0.2533,0.2511,0.2513,3666735.1
2023-10-10 00:00:00,0.2513,0.2526,0.2497,0.2515,5056248.7
2023-10-10 04:00:00,0.2514,0.2531,0.251,0.2525,4007485.5
2023-10-10 08:00:00,0.2525,0.2538,0.2495,0.2495,19632196.3
2023-10-10 12:00:00,0.2496,0.2506,0.2478,0.2479,20846753.0
2023-10-10 16:00:00,0.248,0.2492,0.2473,0.2486,9755176.3
2023-10-10 20:00:00,0.2487,0.2497,0.2466,0.249,5023057.3
2023-10-11 00:00:00,0.2491,0.2496,0.2447,0.2456,10643450.5
2023-10-11 04:00:00,0.2455,0.2476,0.2453,0.2456,5768066.5
2023-10-11 08:00:00,0.2456,0.2485,0.2448,0.2475,27187792.6
2023-10-11 12:00:00,0.2475,0.2489,0.2452,0.2466,25232892.6
2023-10-11 16:00:00,0.2467,0.2473,0.2453,0.2468,7031162.1
2023-10-11 20:00:00,0.2468,0.2481,0.2462,0.2481,2760063.2
2023-10-12 00:00:00,0.2481,0.2482,0.2455,0.2463,3596237.4
2023-10-12 04:00:00,0.2464,0.2474,0.2455,0.2458,4075867.7
2023-10-12 08:00:00,0.2459,0.2466,0.243,0.2457,9358876.1
2023-10-12 12:00:00,0.2457,0.2462,0.2441,0.2447,4926606.4
2023-10-12 16:00:00,0.2447,0.2451,0.2422,0.2437,7848006.2
2023-10-12 20:00:00,0.2437,0.2465,0.2434,0.246,5195306.2
2023-10-13 00:00:00,0.2461,0.2471,0.2449,0.2453,7021911.2
2023-10-13 04:00:00,0.2454,0.247,0.2452,0.2464,3225631.3
2023-10-13 08:00:00,0.2465,0.2469,0.2453,0.246,3099305.9
2023-10-13 12:00:00,0.2461,0.2479,0.2458,0.2465,7545082.8
2023-10-13 16:00:00,0.2466,0.2478,0.2458,0.246,3413824.6
2023-10-13 20:00:00,0.2461,0.2498,0.2456,0.2458,11216906.2
2023-10-14 00:00:00,0.2459,0.2468,0.2458,0.2463,2761291.8
2023-10-14 04:00:00,0.2462,0.2468,0.2449,0.2451,3502788.9
2023-10-14 08:00:00,0.2452,0.2466,0.245,0.2464,2869555.0
2023-10-14 12:00:00,0.2464,0.2477,0.2461,0.2476,4532536.0
2023-10-14 16:00:00,0.2475,0.2478,0.2466,0.2469,3255627.5
2023-10-14 20:00:00,0.247,0.2474,0.2462,0.247,2628344.6
2023-10-15 00:00:00,0.247,0.2481,0.2463,0.2473,4094862.3
2023-10-15 04:00:00,0.2473,0.2478,0.2469,0.2476,1763263.3
2023-10-15 08:00:00,0.2476,0.2483,0.2464,0.2466,3821361.7
2023-10-15 12:00:00,0.2466,0.2468,0.2454,0.2461,4843924.1
2023-10-15 16:00:00,0.2462,0.2475,0.2459,0.2468,3950661.8
2023-10-15 20:00:00,0.2468,0.2484,0.2464,0.2473,4820519.8
2023-10-16 00:00:00,0.2474,0.249,0.2472,0.2484,4636893.7
2023-10-16 04:00:00,0.2485,0.2531,0.2483,0.2519,18426514.0
2023-10-16 08:00:00,0.252,0.2527,0.2512,0.2522,5519920.5
2023-10-16 12:00:00,0.2523,0.26,0.2493,0.2501,48142980.8
2023-10-16 16:00:00,0.2502,0.253,0.25,0.2513,7138792.1
2023-10-16 20:00:00,0.2512,0.2523,0.2499,0.2513,5198547.8
2023-10-17 00:00:00,0.2514,0.2514,0.2499,0.25,3537283.5
2023-10-17 04:00:00,0.25,0.2508,0.2495,0.2506,5447906.0
2023-10-17 08:00:00,0.2507,0.2519,0.2504,0.251,6622393.8
2023-10-17 12:00:00,0.251,0.2511,0.2446,0.2474,18167054.7
2023-10-17 16:00:00,0.2473,0.2478,0.2456,0.2468,7544855.3
2023-10-17 20:00:00,0.2468,0.247,0.2459,0.2463,3522397.6
2023-10-18 00:00:00,0.2464,0.2464,0.2448,0.2459,3642017.0
2023-10-18 04:00:00,0.2459,0.2483,0.2455,0.2463,9229573.9
2023-10-18 08:00:00,0.2464,0.247,0.2446,0.2467,6486477.3
2023-10-18 12:00:00,0.2468,0.247,0.2446,0.245,4869449.5
2023-10-18 16:00:00,0.2451,0.246,0.2439,0.2441,4003798.9
2023-10-18 20:00:00,0.2441,0.2442,0.2422,0.243,7379875.4
2023-10-19 00:00:00,0.243,0.2444,0.2394,0.2409,14640526.3
2023-10-19 04:00:00,0.241,0.243,0.2406,0.242,3876462.1
2023-10-19 08:00:00,0.2421,0.2426,0.2409,0.2426,5197558.3
2023-10-19 12:00:00,0.2426,0.2459,0.2421,0.2452,6236073.2
2023-10-19 16:00:00,0.2452,0.2465,0.243,0.2448,5516577.7
2023-10-19 20:00:00,0.2447,0.247,0.2443,0.2469,12095270.7
2023-10-20 00:00:00,0.247,0.25,0.2454,0.2486,10346486.9
2023-10-20 04:00:00,0.2486,0.2493,0.2476,0.2483,6766777.4
2023-10-20 08:00:00,0.2483,0.2532,0.2482,0.2501,23157523.3
2023-10-20 12:00:00,0.2502,0.2508,0.2486,0.2508,11865315.6
2023-10-20 16:00:00,0.2508,0.2517,0.2493,0.2512,11582154.5
2023-10-20 20:00:00,0.2513,0.252,0.2507,0.2512,5240456.4
2023-10-21 00:00:00,0.2513,0.2522,0.2495,0.2505,8742581.3
2023-10-21 04:00:00,0.2506,0.2527,0.2498,0.2525,10931540.2
2023-10-21 08:00:00,0.2525,0.257,0.2521,0.2565,10984708.3
2023-10-21 12:00:00,0.2566,0.26,0.2556,0.2597,19703081.0
2023-10-21 16:00:00,0.2598,0.2628,0.2585,0.2607,13622847.3
2023-10-21 20:00:00,0.2607,0.261,0.2577,0.2586,10702793.9
2023-10-22 00:00:00,0.2587,0.2608,0.2582,0.259,7952170.2
2023-10-22 04:00:00,0.259,0.2633,0.2553,0.2575,16890418.6
2023-10-22 08:00:00,0.2575,0.2589,0.2562,0.2569,6952853.0
2023-10-22 12:00:00,0.2569,0.2585,0.2562,0.2574,6128912.1
2023-10-22 16:00:00,0.2575,0.2622,0.2568,0.2604,11345148.3
2023-10-22 20:00:00,0.2604,0.2644,0.2595,0.2639,9793950.9
2023-10-23 00:00:00,0.264,0.269,0.2627,0.2665,21594905.0
2023-10-23 04:00:00,0.2665,0.2687,0.2621,0.2633,14820405.6
2023-10-23 08:00:00,0.2634,0.2659,0.2616,0.2649,11761154.5
2023-10-23 12:00:00,0.2648,0.2654,0.2617,0.2643,14704651.4
2023-10-23 16:00:00,0.2643,0.2698,0.2637,0.2697,19932919.4
2023-10-23 20:00:00,0.2697,0.2813,0.2685,0.2807,55399606.8
2023-10-24 00:00:00,0.2808,0.29,0.2778,0.2823,42118532.4
2023-10-24 04:00:00,0.2823,0.2848,0.277,0.28,22523846.8
2023-10-24 08:00:00,0.2801,0.2868,0.2794,0.2867,19350322.0
2023-10-24 12:00:00,0.2867,0.2939,0.2733,0.2778,59650275.7
2023-10-24 16:00:00,0.2779,0.2807,0.2739,0.2784,18061183.9
2023-10-24 20:00:00,0.2783,0.2808,0.2749,0.2792,9426892.1
2023-10-25 00:00:00,0.2793,0.285,0.2784,0.2802,12762931.3
2023-10-25 04:00:00,0.2803,0.2832,0.2762,0.2782,12981511.8
2023-10-25 08:00:00,0.2782,0.2823,0.2762,0.2796,11572190.5
2023-10-25 12:00:00,0.2795,0.2889,0.2795,0.2884,18812573.8
2023-10-25 16:00:00,0.2884,0.29,0.2796,0.2804,31146587.7
2023-10-25 20:00:00,0.2804,0.2814,0.278,0.2808,13431336.9
2023-10-26 00:00:00,0.2809,0.29,0.28,0.29,16208729.2
2023-10-26 04:00:00,0.2899,0.296,0.2864,0.2954,25721824.7
2023-10-26 08:00:00,0.2954,0.298,0.287,0.2892,26905235.8
2023-10-26 12:00:00,0.2892,0.2965,0.283,0.2858,26519269.7
2023-10-26 16:00:00,0.2857,0.2881,0.2818,0.2838,18418080.9
2023-10-26 20:00:00,0.2838,0.2888,0.283,0.2872,12576254.3
2023-10-27 00:00:00,0.2871,0.2876,0.2806,0.2852,9883423.3
2023-10-27 04:00:00,0.2852,0.287,0.2816,0.2818,7576526.1
2023-10-27 08:00:00,0.2819,0.2868,0.2817,0.2854,5956720.7
2023-10-27 12:00:00,0.2854,0.2924,0.2844,0.2918,15977886.5
2023-10-27 16:00:00,0.2917,0.2926,0.283,0.2896,14548482.3
2023-10-27 20:00:00,0.2896,0.2902,0.2877,0.2893,5062718.3
2023-10-28 00:00:00,0.2893,0.2962,0.2887,0.2961,9650895.1
2023-10-28 04:00:00,0.2961,0.2975,0.2932,0.2933,10615655.7
2023-10-28 08:00:00,0.2934,0.2955,0.2923,0.2924,7650118.7
2023-10-28 12:00:00,0.2924,0.2934,0.2892,0.2931,6537171.9
2023-10-28 16:00:00,0.2932,0.2932,0.2898,0.29,4659492.0
2023-10-28 20:00:00,0.29,0.2918,0.2897,0.2909,4082085.2
2023-10-29 00:00:00,0.2909,0.2932,0.2881,0.2904,5610195.5
2023-10-29 04:00:00,0.2904,0.2926,0.2896,0.2921,3846376.5
2023-10-29 08:00:00,0.2921,0.2958,0.292,0.2952,6629233.1
2023-10-29 12:00:00,0.2952,0.2978,0.2941,0.2967,10908363.5
2023-10-29 16:00:00,0.2967,0.2986,0.2953,0.2964,11883034.2
2023-10-29 20:00:00,0.2964,0.2981,0.2942,0.2954,6486490.7
2023-10-30 00:00:00,0.2955,0.2967,0.293,0.2936,11208878.9
2023-10-30 04:00:00,0.2936,0.2952,0.292,0.2935,7521380.7
2023-10-30 08:00:00,0.2936,0.3008,0.293,0.3006,21563707.7
2023-10-30 12:00:00,0.3007,0.3022,0.2976,0.3017,21214384.0
2023-10-30 16:00:00,0.3016,0.3017,0.2948,0.301,14606709.3
2023-10-30 20:00:00,0.3011,0.3031,0.2988,0.3031,12645047.1
2023-10-31 00:00:00,0.3031,0.3046,0.2993,0.2998,12897609.2
2023-10-31 04:00:00,0.2998,0.3021,0.2963,0.2966,10834734.0
2023-10-31 08:00:00,0.2965,0.302,0.2944,0.3007,22350468.9
2023-10-31 12:00:00,0.3007,0.3019,0.2845,0.2895,38250307.9
2023-10-31 16:00:00,0.2895,0.2942,0.2885,0.2923,17094276.9
2023-10-31 20:00:00,0.2922,0.2948,0.2899,0.293,14518486.3
2023-11-01 00:00:00,0.2929,0.2943,0.2888,0.2889,10364206.3
2023-11-01 04:00:00,0.2889,0.2894,0.2839,0.2874,26240449.3
2023-11-01 08:00:00,0.2875,0.2885,0.2851,0.2879,12140023.2
2023-11-01 12:00:00,0.288,0.294,0.2863,0.2886,23213672.8
2023-11-01 16:00:00,0.2886,0.302,0.2884,0.3009,30924900.0
2023-11-01 20:00:00,0.3009,0.3087,0.3009,0.3071,41278809.2
2023-11-02 00:00:00,0.3072,0.3124,0.3056,0.3098,30673107.4
2023-11-02 04:00:00,0.3098,0.3104,0.303,0.3069,13884918.2
2023-11-02 08:00:00,0.307,0.3117,0.3036,0.3104,15119370.4
2023-11-02 12:00:00,0.3104,0.3125,0.3001,0.3003,29548881.7
2023-11-02 16:00:00,0.3003,0.3295,0.2981,0.3242,84577554.2
2023-11-02 20:00:00,0.3242,0.3276,0.3187,0.323,28170534.5
2023-11-03 00:00:00,0.3231,0.3269,0.3142,0.3164,29364193.1
2023-11-03 04:00:00,0.3164,0.3258,0.3114,0.323,25728826.6
2023-11-03 08:00:00,0.3229,0.3236,0.3147,0.3183,25801798.6
2023-11-03 12:00:00,0.3183,0.3221,0.3156,0.3206,18177086.0
2023-11-03 16:00:00,0.3207,0.3248,0.3143,0.3227,20553521.3
2023-11-03 20:00:00,0.3228,0.3296,0.3223,0.3292,14555546.8
2023-11-04 00:00:00,0.3291,0.3303,0.3249,0.3263,15450623.9
2023-11-04 04:00:00,0.3263,0.3274,0.324,0.3252,8776555.6
2023-11-04 08:00:00,0.3252,0.3281,0.324,0.3254,12039538.6
2023-11-04 12:00:00,0.3254,0.3256,0.3208,0.3218,11874120.9
2023-11-04 16:00:00,0.3219,0.3262,0.3212,0.3241,6220763.9
2023-11-04 20:00:00,0.3241,0.3306,0.3238,0.3278,9081110.5
2023-11-05 00:00:00,0.3278,0.332,0.326,0.3315,9413727.0
2023-11-05 04:00:00,0.3313,0.3363,0.331,0.335,17928240.2
2023-11-05 08:00:00,0.335,0.3445,0.3322,0.3431,25792427.3
2023-11-05 12:00:00,0.3432,0.3458,0.3347,0.3416,36058815.3
2023-11-05 16:00:00,0.3415,0.35,0.3402,0.3447,24087232.0
2023-11-05 20:00:00,0.3447,0.3463,0.3401,0.3419,16766269.5
2023-11-06 00:00:00,0.3419,0.3496,0.3414,0.3456,16218548.3
2023-11-06 04:00:00,0.3457,0.3465,0.3373,0.3449,14267094.1
2023-11-06 08:00:00,0.345,0.3543,0.3413,0.3517,29370763.3
2023-11-06 12:00:00,0.3517,0.3559,0.3502,0.352,26225584.5
2023-11-06 16:00:00,0.352,0.3679,0.3494,0.3678,36203016.2
2023-11-06 20:00:00,0.3678,0.3757,0.3617,0.3624,57587069.3
2023-11-07 00:00:00,0.3624,0.3655,0.3545,0.3566,31112674.0
2023-11-07 04:00:00,0.3566,0.3575,0.35,0.353,27990917.8
2023-11-07 08:00:00,0.3531,0.3544,0.3429,0.3452,28694442.2
2023-11-07 12:00:00,0.3451,0.3477,0.3374,0.3401,28922894.4
2023-11-07 16:00:00,0.3403,0.3529,0.3335,0.3515,50839993.2
2023-11-07 20:00:00,0.3516,0.3561,0.3475,0.3512,37337024.3
2023-11-08 00:00:00,0.3512,0.3559,0.3486,0.3547,19395046.7
2023-11-08 04:00:00,0.3547,0.3587,0.3519,0.3562,13800833.5
2023-11-08 08:00:00,0.3562,0.3594,0.3536,0.3553,15092076.5
2023-11-08 12:00:00,0.3552,0.3572,0.3508,0.3553,20314580.6
2023-11-08 16:00:00,0.3552,0.3593,0.3544,0.3573,24921431.2
2023-11-08 20:00:00,0.3572,0.3603,0.3537,0.3577,20240855.2
2023-11-09 00:00:00,0.3577,0.3659,0.356,0.3657,25888913.3
2023-11-09 04:00:00,0.3657,0.37,0.3644,0.3661,23236507.5
2023-11-09 08:00:00,0.366,0.3745,0.3659,0.3737,28597189.8
2023-11-09 12:00:00,0.3737,0.3864,0.3714,0.3774,77717861.8
2023-11-09 16:00:00,0.3774,0.3804,0.3417,0.3617,84610620.9
2023-11-09 20:00:00,0.3617,0.3687,0.3508,0.3684,35725604.1
2023-11-10 00:00:00,0.3685,0.3763,0.3661,0.372,33039781.1
2023-11-10 04:00:00,0.372,0.3755,0.3699,0.3753,20356850.2
2023-11-10 08:00:00,0.3752,0.3803,0.3677,0.3784,36277766.5
2023-11-10 12:00:00,0.3784,0.3786,0.3626,0.3674,38128114.3
2023-11-10 16:00:00,0.3674,0.3757,0.3663,0.3734,24668574.7
2023-11-10 20:00:00,0.3735,0.3886,0.3711,0.3859,38921746.6
2023-11-11 00:00:00,0.386,0.3888,0.374,0.3742,39961328.9
2023-11-11 04:00:00,0.3742,0.3807,0.3694,0.3783,25854031.4
2023-11-11 08:00:00,0.3785,0.385,0.3751,0.3791,20770656.9
2023-11-11 12:00:00,0.379,0.39,0.3766,0.3876,38945753.5
2023-11-11 16:00:00,0.3876,0.3951,0.3866,0.3905,41965220.9
2023-11-11 20:00:00,0.3905,0.3906,0.3803,0.3844,30068114.1
2023-11-12 00:00:00,0.3844,0.3854,0.3705,0.3808,34414326.2
2023-11-12 04:00:00,0.3807,0.3889,0.3769,0.3879,20177313.9
2023-11-12 08:00:00,0.3879,0.3914,0.3839,0.3867,22257815.0
2023-11-12 12:00:00,0.3868,0.3874,0.3797,0.3858,21475254.5
2023-11-12 16:00:00,0.3858,0.3867,0.378,0.3806,16430731.7
2023-11-12 20:00:00,0.3806,0.3883,0.3794,0.3834,17010214.3
2023-11-13 00:00:00,0.3835,0.3885,0.3753,0.3766,26292794.5
2023-11-13 04:00:00,0.3766,0.3796,0.3719,0.3771,23353897.0
2023-11-13 08:00:00,0.3771,0.3799,0.3649,0.3679,26535157.5
2023-11-13 12:00:00,0.3678,0.372,0.3601,0.3696,35455260.4
2023-11-13 16:00:00,0.3695,0.3734,0.3622,0.3679,21362983.5
2023-11-13 20:00:00,0.3679,0.3711,0.3529,0.3568,40268643.3
2023-11-14 00:00:00,0.3568,0.3599,0.35,0.3588,22334262.8
2023-11-14 04:00:00,0.3588,0.3684,0.3572,0.3676,17030514.7
2023-11-14 08:00:00,0.3675,0.3696,0.3546,0.3567,22710450.6
2023-11-14 12:00:00,0.3568,0.3719,0.3547,0.3636,36782559.1
2023-11-14 16:00:00,0.3636,0.3684,0.34,0.3497,46684612.4
2023-11-14 20:00:00,0.3496,0.3598,0.3489,0.3579,16749952.6
2023-11-15 00:00:00,0.3579,0.3606,0.3537,0.3538,12580035.0
2023-11-15 04:00:00,0.3537,0.3639,0.3534,0.3628,14741641.4
2023-11-15 08:00:00,0.3628,0.3732,0.3618,0.3722,23801272.0
2023-11-15 12:00:00,0.3721,0.3723,0.3661,0.3715,24935906.6
2023-11-15 16:00:00,0.3715,0.3767,0.367,0.3757,31730157.6
2023-11-15 20:00:00,0.3757,0.3794,0.3724,0.3788,20157685.4
2023-11-16 00:00:00,0.3787,0.3835,0.3774,0.3814,19926695.7
2023-11-16 04:00:00,0.3813,0.398,0.3798,0.3962,43693808.2
2023-11-16 08:00:00,0.3961,0.4095,0.39,0.3926,86894617.7
2023-11-16 12:00:00,0.3925,0.3952,0.378,0.3828,59166464.4
2023-11-16 16:00:00,0.3829,0.3849,0.3585,0.367,60725329.2
2023-11-16 20:00:00,0.367,0.3732,0.3632,0.3706,36789715.9
2023-11-17 00:00:00,0.3707,0.3783,0.3692,0.375,22347176.7
2023-11-17 04:00:00,0.3751,0.3758,0.3669,0.3674,15468642.7
2023-11-17 08:00:00,0.3674,0.3737,0.3631,0.3728,21902092.3
2023-11-17 12:00:00,0.3728,0.3751,0.3536,0.3555,38468546.9
2023-11-17 16:00:00,0.3554,0.3687,0.3527,0.3638,31332130.5
2023-11-17 20:00:00,0.3638,0.3686,0.3613,0.3671,12911460.8
2023-11-18 00:00:00,0.3671,0.3673,0.359,0.3597,15115770.0
2023-11-18 04:00:00,0.3598,0.3625,0.3488,0.3573,23444308.3
2023-11-18 08:00:00,0.3573,0.3607,0.3552,0.3585,12769061.6
2023-11-18 12:00:00,0.3585,0.3671,0.3545,0.3668,17260477.1
2023-11-18 16:00:00,0.3668,0.3744,0.366,0.3737,25941023.4
2023-11-18 20:00:00,0.3737,0.3777,0.3716,0.3772,17684671.4
2023-11-19 00:00:00,0.3771,0.3791,0.3687,0.3766,20741161.5
2023-11-19 04:00:00,0.3767,0.3774,0.3711,0.3748,13550888.6
2023-11-19 08:00:00,0.375,0.3782,0.3711,0.3746,15171503.1
2023-11-19 12:00:00,0.3746,0.3774,0.3728,0.3769,16540342.9
2023-11-19 16:00:00,0.377,0.3841,0.3755,0.3835,19621310.1
2023-11-19 20:00:00,0.3835,0.3857,0.379,0.384,16277575.1
2023-11-20 00:00:00,0.384,0.385,0.3803,0.3819,11708493.0
2023-11-20 04:00:00,0.3819,0.3877,0.381,0.3872,16736894.4
2023-11-20 08:00:00,0.3872,0.3994,0.3864,0.3923,37888489.3
2023-11-20 12:00:00,0.3923,0.3949,0.3837,0.3921,26096342.6
2023-11-20 16:00:00,0.3921,0.3937,0.3825,0.3854,24569746.3
2023-11-20 20:00:00,0.3855,0.3872,0.378,0.3804,15991413.1
2023-11-21 00:00:00,0.3803,0.3883,0.3788,0.3848,21974935.8
2023-11-21 04:00:00,0.3849,0.3899,0.3818,0.3825,12147490.0
2023-11-21 08:00:00,0.3826,0.3846,0.3781,0.3786,10226492.1
2023-11-21 12:00:00,0.3786,0.38,0.3638,0.3759,39928138.4
2023-11-21 16:00:00,0.3759,0.3795,0.3603,0.3693,47442035.8
2023-11-21 20:00:00,0.3693,0.3749,0.3551,0.3566,37438911.6
2023-11-22 00:00:00,0.3566,0.3709,0.3553,0.3704,16881857.6
2023-11-22 04:00:00,0.3704,0.3724,0.3673,0.3682,11695170.1
2023-11-22 08:00:00,0.3684,0.3721,0.3681,0.3686,8496430.3
2023-11-22 12:00:00,0.3685,0.3731,0.3661,0.3694,14060197.8
2023-11-22 16:00:00,0.3694,0.3794,0.3668,0.378,18449631.9
2023-11-22 20:00:00,0.378,0.3874,0.3776,0.3805,24064608.0
2023-11-23 00:00:00,0.3805,0.3837,0.3777,0.3799,8623206.1
2023-11-23 04:00:00,0.3799,0.3835,0.3791,0.3814,8900029.5
2023-11-23 08:00:00,0.3814,0.3874,0.3807,0.3827,15214308.1
2023-11-23 12:00:00,0.3827,0.3858,0.376,0.3779,14019448.4
2023-11-23 16:00:00,0.378,0.3845,0.3779,0.3798,10981565.7
2023-11-23 20:00:00,0.3798,0.3873,0.3794,0.3873,10437111.1
2023-11-24 00:00:00,0.3872,0.3977,0.3857,0.3949,27886886.3
2023-11-24 04:00:00,0.3949,0.3965,0.3899,0.3918,17785761.3
2023-11-24 08:00:00,0.3918,0.3927,0.3866,0.3902,22800064.9
2023-11-24 12:00:00,0.3903,0.3931,0.3867,0.3922,18774562.7
2023-11-24 16:00:00,0.3922,0.3943,0.3851,0.3861,14539056.2
2023-11-24 20:00:00,0.3861,0.3888,0.3836,0.3862,7170720.0
2023-11-25 00:00:00,0.3862,0.392,0.3845,0.3906,6925614.6
2023-11-25 04:00:00,0.3907,0.3935,0.3885,0.3928,6961091.5
2023-11-25 08:00:00,0.3928,0.3933,0.3867,0.3882,8742792.4
2023-11-25 12:00:00,0.3882,0.3959,0.388,0.3932,16280862.0
2023-11-25 16:00:00,0.3931,0.3953,0.3915,0.3949,8098672.5
2023-11-25 20:00:00,0.3949,0.3959,0.3928,0.3941,5130764.7
2023-11-26 00:00:00,0.3942,0.3956,0.39,0.3909,8253963.4
2023-11-26 04:00:00,0.3909,0.3951,0.3906,0.395,6028324.5
2023-11-26 08:00:00,0.395,0.3951,0.3906,0.3912,7549095.8
2023-11-26 12:00:00,0.3911,0.3928,0.3852,0.3862,15250941.6
2023-11-26 16:00:00,0.3861,0.387,0.3782,0.3847,17186258.9
2023-11-26 20:00:00,0.3847,0.3924,0.3834,0.3873,10196483.5
2023-11-27 00:00:00,0.3874,0.3922,0.3809,0.384,11389199.4
2023-11-27 04:00:00,0.384,0.3867,0.3795,0.3831,8578135.0
2023-11-27 08:00:00,0.3831,0.3862,0.3783,0.3804,13315727.8
2023-11-27 12:00:00,0.3804,0.3815,0.374,0.3748,14900555.3
2023-11-27 16:00:00,0.3747,0.3805,0.3718,0.3741,13236044.1
2023-11-27 20:00:00,0.3742,0.3785,0.3712,0.3777,9249689.9
2023-11-28 00:00:00,0.3778,0.3806,0.3756,0.3761,8141618.9
2023-11-28 04:00:00,0.3762,0.3777,0.37,0.3738,12252454.3
2023-11-28 08:00:00,0.3739,0.3785,0.3693,0.3777,12451228.7
2023-11-28 12:00:00,0.3777,0.3826,0.375,0.3811,15725168.9
2023-11-28 16:00:00,0.381,0.3883,0.3807,0.387,21257840.7
2023-11-28 20:00:00,0.3871,0.3879,0.3826,0.3858,9346075.1
2023-11-29 00:00:00,0.3857,0.3875,0.3836,0.3847,8793160.1
2023-11-29 04:00:00,0.3848,0.387,0.3834,0.3854,7139714.2
2023-11-29 08:00:00,0.3854,0.3892,0.3811,0.3842,14222854.0
2023-11-29 12:00:00,0.3843,0.3862,0.3775,0.3797,12882765.1
2023-11-29 16:00:00,0.3798,0.3875,0.3792,0.3856,17032642.6
2023-11-29 20:00:00,0.3856,0.3858,0.3808,0.3816,8129387.6
2023-11-30 00:00:00,0.3817,0.3829,0.3783,0.3816,7548653.1
2023-11-30 04:00:00,0.3817,0.3826,0.3764,0.3769,7863535.6
2023-11-30 08:00:00,0.377,0.3773,0.3721,0.3769,18259663.8
2023-11-30 12:00:00,0.3768,0.3772,0.3719,0.3749,12607315.0
2023-11-30 16:00:00,0.3748,0.3774,0.3736,0.3752,8581927.7
2023-11-30 20:00:00,0.3752,0.377,0.3742,0.3759,5069361.6
2023-12-01 00:00:00,0.376,0.3813,0.3736,0.3791,10395398.9
2023-12-01 04:00:00,0.3792,0.3809,0.3771,0.3789,7611453.6
2023-12-01 08:00:00,0.3789,0.3832,0.3785,0.382,10167875.3
2023-12-01 12:00:00,0.382,0.3829,0.3787,0.3812,10265485.8
2023-12-01 16:00:00,0.3813,0.385,0.3808,0.3847,12130688.6
2023-12-01 20:00:00,0.3846,0.3855,0.3817,0.3844,5763495.3
2023-12-02 00:00:00,0.3844,0.3861,0.3827,0.3861,5755213.9
2023-12-02 04:00:00,0.3861,0.3871,0.3852,0.3864,5175763.9
2023-12-02 08:00:00,0.3863,0.3912,0.3863,0.3889,11931246.9
2023-12-02 12:00:00,0.3889,0.3904,0.3853,0.3891,12466006.3
2023-12-02 16:00:00,0.3891,0.3948,0.3869,0.3933,16318092.9
2023-12-02 20:00:00,0.3933,0.398,0.3927,0.3976,16992244.4
2023-12-03 00:00:00,0.3976,0.403,0.3957,0.3967,22415839.0
2023-12-03 04:00:00,0.3968,0.3978,0.3942,0.3967,11315478.8
2023-12-03 08:00:00,0.3967,0.3973,0.3919,0.394,11342298.1
2023-12-03 12:00:00,0.3939,0.3939,0.3878,0.3905,18628902.3
2023-12-03 16:00:00,0.3905,0.392,0.3878,0.3901,11598272.7
2023-12-03 20:00:00,0.3901,0.3983,0.39,0.3949,16581885.9
2023-12-04 00:00:00,0.3948,0.4073,0.3943,0.403,28819942.7
2023-12-04 04:00:00,0.403,0.4125,0.403,0.4084,31474662.3
2023-12-04 08:00:00,0.4085,0.415,0.3911,0.4037,51657376.5
2023-12-04 12:00:00,0.4037,0.407,0.3968,0.3975,29839717.7
2023-12-04 16:00:00,0.3975,0.403,0.3973,0.4012,19030259.1
2023-12-04 20:00:00,0.4012,0.4074,0.4,0.4068,16458772.6
2023-12-05 00:00:00,0.4069,0.411,0.4018,0.4054,19241478.6
2023-12-05 04:00:00,0.4054,0.4059,0.3969,0.3991,14992434.4
2023-12-05 08:00:00,0.3991,0.402,0.3972,0.3994,12863016.4
2023-12-05 12:00:00,0.3994,0.4039,0.3974,0.4032,14941997.4
2023-12-05 16:00:00,0.4032,0.4244,0.4011,0.4219,64854098.4
2023-12-05 20:00:00,0.4218,0.426,0.4167,0.4257,26886321.3
2023-12-06 00:00:00,0.4258,0.4294,0.42,0.4253,23210361.4
2023-12-06 04:00:00,0.4252,0.432,0.4162,0.4298,34967698.9
2023-12-06 08:00:00,0.4298,0.438,0.4204,0.4371,76438893.3
2023-12-06 12:00:00,0.4369,0.451,0.4334,0.4506,67790620.9
2023-12-06 16:00:00,0.4507,0.451,0.443,0.4477,32866393.8
2023-12-06 20:00:00,0.4477,0.455,0.4405,0.4429,35655699.6
2023-12-07 00:00:00,0.4431,0.4554,0.4409,0.4442,33148389.9
2023-12-07 04:00:00,0.4443,0.4534,0.444,0.4463,19257887.8
2023-12-07 08:00:00,0.4462,0.4476,0.4312,0.4351,43580399.6
2023-12-07 12:00:00,0.4352,0.4451,0.4332,0.4437,23581634.6
2023-12-07 16:00:00,0.4437,0.4593,0.4424,0.452,37921525.9
2023-12-07 20:00:00,0.452,0.4599,0.4518,0.4555,22998044.9
2023-12-08 00:00:00,0.4555,0.465,0.4519,0.4635,21575400.6
2023-12-08 04:00:00,0.4636,0.484,0.4622,0.4747,42853903.9
2023-12-08 08:00:00,0.4747,0.5292,0.4739,0.5201,112225807.3
2023-12-08 12:00:00,0.5201,0.5496,0.5108,0.5485,135884076.8
2023-12-08 16:00:00,0.5485,0.5719,0.5315,0.5325,142795029.5
2023-12-08 20:00:00,0.5325,0.5523,0.5325,0.5454,58997510.6
2023-12-09 00:00:00,0.5455,0.58,0.5441,0.5777,93976471.6
2023-12-09 04:00:00,0.5776,0.6277,0.5754,0.6244,146950909.6
2023-12-09 08:00:00,0.6243,0.6474,0.6034,0.6229,180749279.5
2023-12-09 12:00:00,0.6231,0.6367,0.6006,0.6129,126212588.5
2023-12-09 16:00:00,0.6128,0.6153,0.5682,0.5911,119523307.4
2023-12-09 20:00:00,0.5912,0.596,0.57,0.5791,48748733.2
2023-12-10 00:00:00,0.5791,0.6059,0.5773,0.5923,69132993.5
2023-12-10 04:00:00,0.5924,0.602,0.584,0.5906,31966170.7
2023-12-10 08:00:00,0.5905,0.5959,0.5694,0.5905,61841878.6
2023-12-10 12:00:00,0.5905,0.5988,0.5836,0.5939,38547086.5
2023-12-10 16:00:00,0.5938,0.6058,0.5865,0.5992,40343444.0
2023-12-10 20:00:00,0.5993,0.6167,0.5886,0.5948,65616171.9
2023-12-11 00:00:00,0.5947,0.5984,0.5106,0.5588,97239050.9
2023-12-11 04:00:00,0.5588,0.5636,0.5385,0.5551,67469323.1
2023-12-11 08:00:00,0.5552,0.5627,0.5491,0.5522,43953815.2
2023-12-11 12:00:00,0.5523,0.556,0.535,0.5456,67838480.3
2023-12-11 16:00:00,0.5456,0.5517,0.5222,0.5328,77673826.0
2023-12-11 20:00:00,0.5327,0.561,0.528,0.5507,49770546.7
2023-12-12 00:00:00,0.5507,0.5667,0.5506,0.5625,39381658.5
2023-12-12 04:00:00,0.5625,0.5949,0.5548,0.593,64609431.3
2023-12-12 08:00:00,0.5931,0.6075,0.5829,0.5916,77830564.0
2023-12-12 12:00:00,0.5917,0.6047,0.5774,0.5825,70656398.9
2023-12-12 16:00:00,0.5824,0.5842,0.5561,0.5729,64213852.1
2023-12-12 20:00:00,0.5728,0.5785,0.5595,0.5784,32146679.5
2023-12-13 00:00:00,0.5784,0.5874,0.55,0.5563,49158806.7
2023-12-13 04:00:00,0.5564,0.5635,0.5419,0.5576,39486450.9
2023-12-13 08:00:00,0.5577,0.5874,0.5574,0.578,43210130.4
2023-12-13 12:00:00,0.5781,0.6337,0.575,0.626,158423017.5
2023-12-13 16:00:00,0.626,0.652,0.6066,0.6438,95772849.1
2023-12-13 20:00:00,0.6439,0.6788,0.6317,0.6675,107870424.2
2023-12-14 00:00:00,0.6677,0.68,0.6464,0.6564,95700933.6
2023-12-14 04:00:00,0.6564,0.665,0.6466,0.6559,41460657.9
2023-12-14 08:00:00,0.6558,0.6616,0.636,0.6572,49378265.1
2023-12-14 12:00:00,0.6571,0.6628,0.61,0.6358,88399551.7
2023-12-14 16:00:00,0.6358,0.6474,0.6315,0.6376,42120826.5
2023-12-14 20:00:00,0.6376,0.65,0.6308,0.6433,28152259.4
2023-12-15 00:00:00,0.6433,0.6541,0.6348,0.6378,37267007.8
2023-12-15 04:00:00,0.6379,0.6407,0.6271,0.6295,22854977.8
2023-12-15 08:00:00,0.6296,0.6512,0.6277,0.6384,38905046.2
2023-12-15 12:00:00,0.6383,0.6426,0.6124,0.6227,57394563.5
2023-12-15 16:00:00,0.6226,0.6282,0.6121,0.6149,40504732.5
2023-12-15 20:00:00,0.6149,0.6212,0.5998,0.6004,43645416.3
2023-12-16 00:00:00,0.6004,0.6158,0.5865,0.6156,35184604.9
2023-12-16 04:00:00,0.6157,0.6164,0.6034,0.6121,19833648.1
2023-12-16 08:00:00,0.6121,0.6174,0.6086,0.6164,15421845.7
2023-12-16 12:00:00,0.6164,0.625,0.6101,0.622,30489756.8
2023-12-16 16:00:00,0.6221,0.6258,0.6053,0.6106,32033990.6
2023-12-16 20:00:00,0.6106,0.6161,0.6025,0.6078,19401509.6
2023-12-17 00:00:00,0.6078,0.6149,0.6012,0.6145,18261711.0
2023-12-17 04:00:00,0.6144,0.6182,0.5918,0.5938,21532002.3
2023-12-17 08:00:00,0.5938,0.6034,0.5915,0.6008,15142621.5
2023-12-17 12:00:00,0.6008,0.6021,0.5851,0.593,27858576.1
2023-12-17 16:00:00,0.5931,0.6108,0.5879,0.5941,28485115.6
2023-12-17 20:00:00,0.5941,0.5984,0.5772,0.5804,21912888.8
2023-12-18 00:00:00,0.5805,0.5864,0.5612,0.5733,34800535.6
2023-12-18 04:00:00,0.5734,0.5778,0.5668,0.5685,16338804.5
2023-12-18 08:00:00,0.5685,0.5708,0.5435,0.5599,51736702.3
2023-12-18 12:00:00,0.5598,0.5747,0.5548,0.5667,35780163.8
2023-12-18 16:00:00,0.5668,0.5798,0.5637,0.5781,23094378.8
2023-12-18 20:00:00,0.5781,0.6032,0.5733,0.6021,42424557.0
2023-12-19 00:00:00,0.602,0.6167,0.5965,0.6106,43198782.7
2023-12-19 04:00:00,0.6106,0.6173,0.6054,0.6084,24486541.7
2023-12-19 08:00:00,0.6083,0.6097,0.5931,0.5937,30534567.8
2023-12-19 12:00:00,0.5937,0.5976,0.576,0.5817,34808688.7
2023-12-19 16:00:00,0.5817,0.5852,0.5661,0.5791,42551886.3
2023-12-19 20:00:00,0.5791,0.583,0.5714,0.5761,23266994.9
2023-12-20 00:00:00,0.576,0.5829,0.5686,0.5788,24426147.7
2023-12-20 04:00:00,0.5788,0.5922,0.5769,0.5918,27229077.1
2023-12-20 08:00:00,0.5918,0.5947,0.5853,0.5913,24416175.4
2023-12-20 12:00:00,0.5913,0.607,0.588,0.6007,42902619.5
2023-12-20 16:00:00,0.6007,0.61,0.5905,0.5945,43921696.9
2023-12-20 20:00:00,0.5946,0.5966,0.58,0.5894,36014051.2
2023-12-21 00:00:00,0.5893,0.5983,0.5818,0.5936,24643003.6
2023-12-21 04:00:00,0.5935,0.605,0.586,0.5981,21147558.4
2023-12-21 08:00:00,0.5983,0.6146,0.5963,0.61,35353456.6
2023-12-21 12:00:00,0.6098,0.6127,0.593,0.5972,40745972.8
2023-12-21 16:00:00,0.5971,0.6257,0.597,0.6143,55091366.0
2023-12-21 20:00:00,0.6142,0.6397,0.6137,0.6351,49317704.5
2023-12-22 00:00:00,0.6352,0.6513,0.6255,0.6277,63620372.8
2023-12-22 04:00:00,0.6278,0.6394,0.6075,0.6145,57808063.2
2023-12-22 08:00:00,0.6146,0.6209,0.6052,0.6181,31127670.1
2023-12-22 12:00:00,0.6181,0.62,0.6065,0.6194,24987614.4
2023-12-22 16:00:00,0.6195,0.6249,0.6112,0.6171,24265883.3
2023-12-22 20:00:00,0.6171,0.6254,0.6171,0.6226,13040327.0
2023-12-23 00:00:00,0.6225,0.6231,0.5974,0.5999,31824805.2
2023-12-23 04:00:00,0.5997,0.6075,0.5964,0.6037,18568096.9
2023-12-23 08:00:00,0.6036,0.6087,0.6013,0.6042,11683784.5
2023-12-23 12:00:00,0.6042,0.6091,0.602,0.6037,13758737.2
2023-12-23 16:00:00,0.6037,0.6073,0.6,0.6043,17523831.3
2023-12-23 20:00:00,0.6043,0.6172,0.6,0.613,32913656.6
2023-12-24 00:00:00,0.613,0.6274,0.606,0.6192,36576880.4
2023-12-24 04:00:00,0.6193,0.6286,0.6006,0.6147,36941620.4
2023-12-24 08:00:00,0.6147,0.6211,0.6041,0.6142,32649416.9
2023-12-24 12:00:00,0.6144,0.6225,0.6091,0.615,23190588.7
2023-12-24 16:00:00,0.6151,0.6191,0.61,0.618,27107178.4
2023-12-24 20:00:00,0.618,0.6207,0.585,0.5919,60842701.2
2023-12-25 00:00:00,0.5919,0.6058,0.589,0.6041,25144926.3
2023-12-25 04:00:00,0.6043,0.6097,0.601,0.6026,19114457.1
2023-12-25 08:00:00,0.6027,0.6105,0.5998,0.6065,21982122.3
2023-12-25 12:00:00,0.6064,0.6199,0.6054,0.6171,27914005.6
2023-12-25 16:00:00,0.6171,0.6267,0.6167,0.62,36988159.2
2023-12-25 20:00:00,0.62,0.635,0.6123,0.6242,32491217.3
2023-12-26 00:00:00,0.624,0.6279,0.6147,0.6184,17321195.3
2023-12-26 04:00:00,0.6184,0.62,0.594,0.6043,42042430.4
2023-12-26 08:00:00,0.6043,0.6147,0.6003,0.6139,27793937.1
2023-12-26 12:00:00,0.6138,0.6238,0.6069,0.608,39733283.4
2023-12-26 16:00:00,0.608,0.6153,0.5601,0.5901,68216573.6
2023-12-26 20:00:00,0.5901,0.6117,0.5888,0.6087,26855819.9
2023-12-27 00:00:00,0.6087,0.6096,0.5839,0.5901,26787691.4
2023-12-27 04:00:00,0.5901,0.6018,0.5898,0.5964,20672297.8
2023-12-27 08:00:00,0.5964,0.6161,0.5949,0.6123,28391027.0
2023-12-27 12:00:00,0.6122,0.623,0.6079,0.62,44049285.0
2023-12-27 16:00:00,0.6202,0.6395,0.6193,0.6367,70689739.2
2023-12-27 20:00:00,0.6367,0.643,0.6293,0.6334,38478793.9
2023-12-28 00:00:00,0.6334,0.6614,0.6317,0.6601,73413350.8
2023-12-28 04:00:00,0.6602,0.6769,0.6404,0.6615,75044302.4
2023-12-28 08:00:00,0.6616,0.6632,0.6434,0.6455,36889349.7
2023-12-28 12:00:00,0.6454,0.6493,0.61,0.617,71965460.5
2023-12-28 16:00:00,0.6169,0.6367,0.61,0.6255,41038013.2
2023-12-28 20:00:00,0.6256,0.6256,0.6131,0.6158,22867056.6
2023-12-29 00:00:00,0.6158,0.6202,0.5982,0.6138,46453870.8
2023-12-29 04:00:00,0.6138,0.6207,0.6065,0.608,26497500.8
2023-12-29 08:00:00,0.6082,0.6249,0.6076,0.6218,24678033.5
2023-12-29 12:00:00,0.6218,0.6258,0.5977,0.6039,36435577.7
2023-12-29 16:00:00,0.6039,0.6096,0.5953,0.6089,42902472.3
2023-12-29 20:00:00,0.6089,0.6092,0.5908,0.6083,18195125.9
2023-12-30 00:00:00,0.6082,0.6133,0.6027,0.6046,15190236.6
2023-12-30 04:00:00,0.6046,0.6099,0.6024,0.6033,9653127.0
2023-12-30 08:00:00,0.6035,0.6038,0.5929,0.5993,20262663.5
2023-12-30 12:00:00,0.5993,0.6115,0.5982,0.6096,22223091.7
2023-12-30 16:00:00,0.6095,0.613,0.606,0.6074,16244365.5
2023-12-30 20:00:00,0.6074,0.6096,0.5985,0.6011,12485904.1
2023-12-31 00:00:00,0.601,0.6058,0.595,0.6011,12849585.8
2023-12-31 04:00:00,0.601,0.61,0.6002,0.6074,12493275.5
2023-12-31 08:00:00,0.6074,0.6097,0.6034,0.6047,15883402.6
2023-12-31 12:00:00,0.6048,0.6095,0.5999,0.6004,16918781.0
2023-12-31 16:00:00,0.6004,0.604,0.5985,0.5997,11897770.7
2023-12-31 20:00:00,0.5997,0.6045,0.58,0.594,34148704.2
2024-01-01 00:00:00,0.5939,0.6029,0.5914,0.5956,14179505.0
2024-01-01 04:00:00,0.5955,0.5999,0.5902,0.5991,9572009.7
2024-01-01 08:00:00,0.599,0.6046,0.5972,0.6031,10405680.7
2024-01-01 12:00:00,0.6031,0.6073,0.6,0.6059,14785461.0
2024-01-01 16:00:00,0.6059,0.6196,0.602,0.6185,23727200.8
2024-01-01 20:00:00,0.6184,0.624,0.6133,0.6232,18351529.2
2024-01-02 00:00:00,0.6233,0.637,0.6215,0.6302,35018013.0
2024-01-02 04:00:00,0.6303,0.6303,0.6216,0.6272,20587083.8
2024-01-02 08:00:00,0.6273,0.6344,0.6224,0.626,28301727.3
2024-01-02 12:00:00,0.626,0.6281,0.6075,0.6138,27663122.5
2024-01-02 16:00:00,0.6139,0.6184,0.6102,0.6146,14545259.2
2024-01-02 20:00:00,0.6146,0.6178,0.6015,0.605,34420467.0
2024-01-03 00:00:00,0.6051,0.6133,0.6026,0.6091,10632767.9
2024-01-03 04:00:00,0.6091,0.6177,0.6086,0.6095,16505895.9
2024-01-03 08:00:00,0.6095,0.6188,0.5909,0.5954,33656241.5
2024-01-03 12:00:00,0.5955,0.5958,0.5,0.565,186926944.9
2024-01-03 16:00:00,0.565,0.5706,0.5431,0.5546,50248451.9
2024-01-03 20:00:00,0.5545,0.5632,0.5536,0.5569,21836310.7
2024-01-04 00:00:00,0.5568,0.565,0.5491,0.56,22014379.0
2024-01-04 04:00:00,0.56,0.566,0.5554,0.5557,19364811.6
2024-01-04 08:00:00,0.5557,0.5708,0.5513,0.5579,39002424.4
2024-01-04 12:00:00,0.5579,0.5771,0.5562,0.5746,31305154.9
2024-01-04 16:00:00,0.5747,0.5759,0.5672,0.572,20313483.5
2024-01-04 20:00:00,0.572,0.5791,0.5679,0.5699,17951834.6
2024-01-05 00:00:00,0.57,0.5726,0.5355,0.5521,29995659.3
2024-01-05 04:00:00,0.5522,0.5573,0.5485,0.5528,15358197.6
2024-01-05 08:00:00,0.5528,0.5585,0.5396,0.5421,24217123.5
2024-01-05 12:00:00,0.5421,0.5457,0.522,0.5306,38666737.5
2024-01-05 16:00:00,0.5305,0.534,0.522,0.5282,26657559.3
2024-01-05 20:00:00,0.5282,0.5417,0.5275,0.5414,17953268.7
2024-01-06 00:00:00,0.5413,0.5429,0.5326,0.534,11830608.4
2024-01-06 04:00:00,0.5338,0.5353,0.5068,0.5179,40087033.5
2024-01-06 08:00:00,0.5179,0.5233,0.5137,0.5206,18646210.5
2024-01-06 12:00:00,0.5206,0.5297,0.5171,0.5255,17184656.2
2024-01-06 16:00:00,0.5255,0.5298,0.5197,0.522,16046158.9
2024-01-06 20:00:00,0.522,0.528,0.5147,0.5227,17164828.9
2024-01-07 00:00:00,0.5227,0.5294,0.5169,0.5212,13224033.6
2024-01-07 04:00:00,0.5211,0.5294,0.5211,0.5267,12153548.6
2024-01-07 08:00:00,0.5267,0.53,0.5166,0.5204,18356744.4
2024-01-07 12:00:00,0.5204,0.5254,0.512,0.5143,16170951.9
2024-01-07 16:00:00,0.5144,0.5196,0.5078,0.5171,14567306.7
2024-01-07 20:00:00,0.5171,0.5183,0.4877,0.4945,37295133.7
2024-01-08 00:00:00,0.4945,0.5001,0.4643,0.474,59821303.6
2024-01-08 04:00:00,0.474,0.4943,0.4712,0.4895,25204763.2
2024-01-08 08:00:00,0.4895,0.5002,0.4846,0.4998,17620087.2
2024-01-08 12:00:00,0.4999,0.5156,0.4999,0.5118,38589845.4
2024-01-08 16:00:00,0.5119,0.5487,0.5066,0.5422,51948379.5
2024-01-08 20:00:00,0.5422,0.5445,0.5325,0.5412,22915436.3
2024-01-09 00:00:00,0.5412,0.5436,0.5257,0.5267,19712985.2
2024-01-09 04:00:00,0.5267,0.5357,0.5258,0.5294,12702575.8
2024-01-09 08:00:00,0.5294,0.5303,0.5139,0.5218,24614960.9
2024-01-09 12:00:00,0.5219,0.5253,0.5,0.5097,37487366.7
2024-01-09 16:00:00,0.5097,0.5126,0.5002,0.5054,22618477.9
2024-01-09 20:00:00,0.5057,0.5175,0.4964,0.5124,51787208.6
2024-01-10 00:00:00,0.5123,0.5194,0.51,0.5131,13116180.7
2024-01-10 04:00:00,0.5131,0.5188,0.5057,0.5069,13912791.3
2024-01-10 08:00:00,0.5071,0.5224,0.4988,0.5139,35480546.4
2024-01-10 12:00:00,0.5138,0.5154,0.4872,0.5058,40953764.8
2024-01-10 16:00:00,0.5058,0.5218,0.4985,0.5185,42723682.3
2024-01-10 20:00:00,0.5184,0.5895,0.5028,0.566,133384949.0
2024-01-11 00:00:00,0.5662,0.5828,0.5611,0.582,46162461.0
2024-01-11 04:00:00,0.582,0.5854,0.5607,0.5766,41960872.3
2024-01-11 08:00:00,0.5765,0.6,0.5747,0.5994,43767821.9
2024-01-11 12:00:00,0.5994,0.6174,0.578,0.5834,98021269.8
2024-01-11 16:00:00,0.5835,0.59,0.5684,0.5837,39048000.6
2024-01-11 20:00:00,0.5836,0.5885,0.5736,0.582,18905297.8
2024-01-12 00:00:00,0.582,0.5844,0.57,0.5774,17567295.8
2024-01-12 04:00:00,0.5771,0.5891,0.5757,0.5788,13768115.9
2024-01-12 08:00:00,0.5788,0.5856,0.5711,0.5811,15838612.2
2024-01-12 12:00:00,0.5812,0.5875,0.5631,0.5664,33014738.8
2024-01-12 16:00:00,0.5662,0.571,0.5403,0.5583,42286300.9
2024-01-12 20:00:00,0.5583,0.5658,0.5271,0.5476,35834186.0
2024-01-13 00:00:00,0.5477,0.5505,0.531,0.5456,15583220.2
2024-01-13 04:00:00,0.5456,0.554,0.5445,0.5486,9186622.4
2024-01-13 08:00:00,0.5486,0.5522,0.545,0.5487,12045344.9
2024-01-13 12:00:00,0.5486,0.5526,0.543,0.5507,15558047.7
2024-01-13 16:00:00,0.5507,0.5509,0.5405,0.5468,12613979.9
2024-01-13 20:00:00,0.5468,0.5516,0.5458,0.5491,8979343.0
2024-01-14 00:00:00,0.5491,0.5495,0.5421,0.5441,7054337.3
2024-01-14 04:00:00,0.544,0.5502,0.5404,0.5468,9169684.9
2024-01-14 08:00:00,0.5468,0.5494,0.543,0.5443,11707837.7
2024-01-14 12:00:00,0.5443,0.5474,0.5412,0.5456,8524030.8
2024-01-14 16:00:00,0.5456,0.5488,0.5344,0.5357,15599413.1
2024-01-14 20:00:00,0.5356,0.5404,0.5233,0.5251,22084260.9
2024-01-15 00:00:00,0.5251,0.5395,0.5244,0.5378,10862297.1
2024-01-15 04:00:00,0.538,0.5416,0.5339,0.5369,7018915.3
2024-01-15 08:00:00,0.5369,0.54,0.5353,0.5363,6288851.5
2024-01-15 12:00:00,0.5362,0.538,0.5233,0.5248,15091377.0
2024-01-15 16:00:00,0.5247,0.5365,0.5242,0.5341,13253451.9
2024-01-15 20:00:00,0.534,0.5375,0.5217,0.5276,11070633.2
2024-01-16 00:00:00,0.5276,0.5358,0.5276,0.5358,6479483.6
2024-01-16 04:00:00,0.5359,0.536,0.5297,0.5325,5412138.9
2024-01-16 08:00:00,0.5326,0.5384,0.5313,0.5375,10233253.9
2024-01-16 12:00:00,0.5375,0.5454,0.525,0.5422,28212749.7
2024-01-16 16:00:00,0.5423,0.5482,0.536,0.5396,13696268.2
2024-01-16 20:00:00,0.5397,0.5452,0.5346,0.5356,10320120.2
2024-01-17 00:00:00,0.5356,0.5395,0.5335,0.5347,9029995.4
2024-01-17 04:00:00,0.5348,0.5365,0.5273,0.5283,10403493.9
2024-01-17 08:00:00,0.5284,0.5352,0.5259,0.5323,11814906.2
2024-01-17 12:00:00,0.5324,0.5346,0.5254,0.5263,13705855.6
2024-01-17 16:00:00,0.5263,0.5298,0.5213,0.5278,10866379.7
2024-01-17 20:00:00,0.5279,0.5304,0.5223,0.5282,8113162.2
2024-01-18 00:00:00,0.5282,0.5283,0.5178,0.5212,8928572.2
2024-01-18 04:00:00,0.5211,0.5254,0.5194,0.5252,6066854.1
2024-01-18 08:00:00,0.5253,0.526,0.515,0.5173,9889009.2
2024-01-18 12:00:00,0.5173,0.5229,0.5105,0.5203,18284896.3
2024-01-18 16:00:00,0.5203,0.5234,0.4955,0.4993,33403552.3
2024-01-18 20:00:00,0.4993,0.5061,0.4966,0.5026,16368385.4
2024-01-19 00:00:00,0.5027,0.505,0.4872,0.4945,21918292.9
2024-01-19 04:00:00,0.4946,0.5012,0.4938,0.4996,13317504.4
2024-01-19 08:00:00,0.4997,0.5021,0.4975,0.5007,8932908.4
2024-01-19 12:00:00,0.5008,0.5008,0.4875,0.4885,19489600.5
2024-01-19 16:00:00,0.4885,0.4986,0.4713,0.4979,41669602.7
2024-01-19 20:00:00,0.498,0.5054,0.4943,0.5044,14599033.1
2024-01-20 00:00:00,0.5043,0.51,0.4986,0.5056,13391666.4
2024-01-20 04:00:00,0.5055,0.5179,0.5047,0.5146,13295293.0
2024-01-20 08:00:00,0.5146,0.5174,0.509,0.5161,19177961.7
2024-01-20 12:00:00,0.5161,0.5177,0.5095,0.5109,13393885.2
2024-01-20 16:00:00,0.511,0.513,0.5066,0.5106,9286614.1
2024-01-20 20:00:00,0.5106,0.5167,0.5096,0.516,10898808.2
2024-01-21 00:00:00,0.5159,0.5201,0.5125,0.5178,9347552.5
2024-01-21 04:00:00,0.5178,0.5205,0.5138,0.5159,6846802.0
2024-01-21 08:00:00,0.5158,0.5204,0.5144,0.5174,7251204.9
2024-01-21 12:00:00,0.5173,0.5204,0.5129,0.5142,10320122.7
2024-01-21 16:00:00,0.5142,0.5147,0.5094,0.5114,8178071.9
2024-01-21 20:00:00,0.5115,0.5127,0.5024,0.5032,12064147.7
2024-01-22 00:00:00,0.5031,0.5063,0.494,0.4965,14994779.5
2024-01-22 04:00:00,0.4966,0.5022,0.4909,0.498,11779985.1
2024-01-22 08:00:00,0.498,0.499,0.4852,0.4935,23509193.2
2024-01-22 12:00:00,0.4935,0.4999,0.487,0.4955,22935265.8
2024-01-22 16:00:00,0.4956,0.498,0.4767,0.482,40261801.8
2024-01-22 20:00:00,0.482,0.4893,0.4769,0.4786,30373424.6
2024-01-23 00:00:00,0.4787,0.4863,0.4777,0.4828,13937944.0
2024-01-23 04:00:00,0.4829,0.4862,0.4724,0.4754,10934551.1
2024-01-23 08:00:00,0.4753,0.4766,0.4521,0.4584,57457621.6
2024-01-23 12:00:00,0.4583,0.4709,0.4477,0.4676,50174231.2
2024-01-23 16:00:00,0.4676,0.4723,0.4624,0.4633,26099395.3
2024-01-23 20:00:00,0.4633,0.4777,0.4628,0.4773,20761193.5
2024-01-24 00:00:00,0.4773,0.4791,0.4643,0.4651,18311830.6
2024-01-24 04:00:00,0.4653,0.4727,0.4643,0.4701,13075790.6
2024-01-24 08:00:00,0.4702,0.4805,0.4674,0.4751,18967158.0
2024-01-24 12:00:00,0.475,0.4776,0.4685,0.4728,17816195.2
2024-01-24 16:00:00,0.4728,0.4784,0.4682,0.4724,13367357.5
2024-01-24 20:00:00,0.4724,0.4778,0.4682,0.4765,12536085.6
2024-01-25 00:00:00,0.4766,0.4773,0.4693,0.4716,10546217.3
2024-01-25 04:00:00,0.4717,0.4749,0.4658,0.4747,9474354.6
2024-01-25 08:00:00,0.4746,0.4841,0.469,0.4794,20986865.7
2024-01-25 12:00:00,0.4793,0.4814,0.4646,0.4668,18654996.6
2024-01-25 16:00:00,0.4668,0.4702,0.4585,0.4689,15268754.3
2024-01-25 20:00:00,0.4689,0.4697,0.4644,0.4666,10741309.2
2024-01-26 00:00:00,0.4667,0.4714,0.463,0.4693,9710851.5
2024-01-26 04:00:00,0.4693,0.4729,0.4675,0.4678,8136319.3
2024-01-26 08:00:00,0.4679,0.4845,0.4676,0.4835,23386575.4
2024-01-26 12:00:00,0.4835,0.4873,0.4785,0.4856,19070222.2
2024-01-26 16:00:00,0.4856,0.4904,0.4817,0.4828,31462314.4
2024-01-26 20:00:00,0.4829,0.4867,0.4804,0.4849,14758445.1
2024-01-27 00:00:00,0.485,0.4882,0.4845,0.4873,7965857.0
2024-01-27 04:00:00,0.4873,0.4879,0.4781,0.4797,9469194.6
2024-01-27 08:00:00,0.4797,0.4822,0.4754,0.4817,13108340.5
2024-01-27 12:00:00,0.4816,0.4864,0.4814,0.4854,8057244.0
2024-01-27 16:00:00,0.4853,0.4889,0.483,0.488,8631781.5
2024-01-27 20:00:00,0.488,0.49,0.4846,0.4862,8135731.9
2024-01-28 00:00:00,0.4862,0.4964,0.4854,0.4959,12613965.0
2024-01-28 04:00:00,0.4959,0.5006,0.4923,0.4928,29813903.6
2024-01-28 08:00:00,0.4928,0.4998,0.4911,0.4955,14432871.3
2024-01-28 12:00:00,0.4955,0.4969,0.4885,0.4915,16816957.3
2024-01-28 16:00:00,0.4914,0.4944,0.484,0.4862,11246351.0
2024-01-28 20:00:00,0.4862,0.4923,0.4834,0.4903,12205509.3
2024-01-29 00:00:00,0.4903,0.498,0.4868,0.4939,11892774.0
2024-01-29 04:00:00,0.4939,0.4941,0.4867,0.4874,11295999.9
2024-01-29 08:00:00,0.4875,0.4909,0.4859,0.4879,9033604.8
2024-01-29 12:00:00,0.488,0.4978,0.4836,0.4977,12947327.4
2024-01-29 16:00:00,0.4976,0.5246,0.4966,0.5206,47230091.2
2024-01-29 20:00:00,0.5207,0.5282,0.5207,0.526,28601624.8
2024-01-30 00:00:00,0.5261,0.5367,0.5227,0.5305,32229920.7
2024-01-30 04:00:00,0.5305,0.5325,0.5262,0.5288,17282702.8
2024-01-30 08:00:00,0.5287,0.5315,0.5269,0.53,11275013.1
2024-01-30 12:00:00,0.53,0.5315,0.5152,0.522,31134937.8
2024-01-30 16:00:00,0.522,0.524,0.5156,0.5205,16988600.2
2024-01-30 20:00:00,0.5206,0.5294,0.5122,0.5136,23026846.2
2024-01-31 00:00:00,0.5137,0.516,0.5056,0.5125,20021986.6
2024-01-31 04:00:00,0.5125,0.513,0.5084,0.5126,13335114.8
2024-01-31 08:00:00,0.5127,0.5132,0.4975,0.5021,21791258.6
2024-01-31 12:00:00,0.502,0.5098,0.495,0.5085,19948739.4
2024-01-31 16:00:00,0.5085,0.5203,0.5053,0.5123,32465930.7
2024-01-31 20:00:00,0.5124,0.5131,0.4932,0.4976,25436593.4
2024-02-01 00:00:00,0.4976,0.4998,0.4858,0.4917,24769187.6
2024-02-01 04:00:00,0.4916,0.4934,0.4878,0.491,13356378.1
2024-02-01 08:00:00,0.491,0.4968,0.4885,0.4888,9990210.3
2024-02-01 12:00:00,0.4888,0.4984,0.4866,0.4932,16337308.9
2024-02-01 16:00:00,0.4933,0.5004,0.4873,0.4998,15412032.0
2024-02-01 20:00:00,0.4998,0.5084,0.4982,0.5078,17958253.8
2024-02-02 00:00:00,0.5077,0.5125,0.5052,0.5068,12753277.5
2024-02-02 04:00:00,0.5068,0.5108,0.5041,0.5101,10360729.7
2024-02-02 08:00:00,0.5101,0.5244,0.5074,0.5182,33638995.4
2024-02-02 12:00:00,0.5182,0.5206,0.5064,0.5179,27941042.3
2024-02-02 16:00:00,0.5179,0.52,0.5081,0.5106,17479521.7
2024-02-02 20:00:00,0.5107,0.515,0.5081,0.5146,7135024.8
2024-02-03 00:00:00,0.5147,0.523,0.5145,0.5158,13429549.9
2024-02-03 04:00:00,0.5158,0.52,0.5146,0.5171,6491708.5
2024-02-03 08:00:00,0.5172,0.5257,0.5172,0.5217,15738584.9
2024-02-03 12:00:00,0.5218,0.5241,0.5117,0.5161,12767300.5
2024-02-03 16:00:00,0.5162,0.5195,0.5141,0.5178,8107529.6
2024-02-03 20:00:00,0.5178,0.5178,0.5117,0.5124,6425269.2
2024-02-04 00:00:00,0.5125,0.5126,0.5082,0.5103,8921123.9
2024-02-04 04:00:00,0.5102,0.5102,0.5015,0.5039,11328511.2
2024-02-04 08:00:00,0.5039,0.5086,0.5018,0.5069,8465150.1
2024-02-04 12:00:00,0.507,0.5089,0.5039,0.5049,7712966.1
2024-02-04 16:00:00,0.5048,0.5049,0.4972,0.5,9823575.6
2024-02-04 20:00:00,0.4999,0.5043,0.4932,0.4934,11515594.9
2024-02-05 00:00:00,0.4933,0.4978,0.4883,0.4973,12679494.5
2024-02-05 04:00:00,0.4973,0.5027,0.4956,0.5022,7640595.0
2024-02-05 08:00:00,0.5022,0.5053,0.5002,0.5039,12491011.2
2024-02-05 12:00:00,0.504,0.5062,0.494,0.4953,18260134.5
2024-02-05 16:00:00,0.4951,0.4966,0.492,0.4937,10617557.1
2024-02-05 20:00:00,0.4938,0.4944,0.4872,0.4944,12385508.8
2024-02-06 00:00:00,0.4944,0.4988,0.4909,0.4947,12805112.0
2024-02-06 04:00:00,0.4946,0.4951,0.4906,0.4932,7470940.1
2024-02-06 08:00:00,0.4932,0.4985,0.4912,0.4923,15240131.9
2024-02-06 12:00:00,0.4922,0.4976,0.4887,0.4969,15658515.6
2024-02-06 16:00:00,0.4969,0.5029,0.4957,0.5027,13780986.0
2024-02-06 20:00:00,0.5027,0.5042,0.4981,0.4983,9217932.1
2024-02-07 00:00:00,0.4982,0.5011,0.4885,0.4891,17929438.5
2024-02-07 04:00:00,0.4891,0.4915,0.48,0.4832,31559884.0
2024-02-07 08:00:00,0.4832,0.4844,0.4727,0.4757,57979469.8
2024-02-07 12:00:00,0.4757,0.4851,0.4745,0.4826,21157067.7
2024-02-07 16:00:00,0.4825,0.4939,0.4819,0.4916,26438206.3
2024-02-07 20:00:00,0.4916,0.5025,0.4916,0.5022,25231619.3
2024-02-08 00:00:00,0.5023,0.513,0.502,0.5112,25301720.0
2024-02-08 04:00:00,0.5113,0.5278,0.5093,0.5277,36462365.3
2024-02-08 08:00:00,0.5277,0.5357,0.5214,0.5315,65801135.9
2024-02-08 12:00:00,0.5316,0.5361,0.5229,0.5319,53861347.1
2024-02-08 16:00:00,0.5318,0.5332,0.5214,0.5296,31328336.0
2024-02-08 20:00:00,0.5296,0.5323,0.5257,0.5304,15854126.3
2024-02-09 00:00:00,0.5304,0.5409,0.5278,0.5342,26102093.7
2024-02-09 04:00:00,0.5341,0.5399,0.5306,0.5357,17089211.1
2024-02-09 08:00:00,0.5357,0.5445,0.5355,0.5434,25039044.6
2024-02-09 12:00:00,0.5433,0.5478,0.5333,0.5421,43224813.7
2024-02-09 16:00:00,0.5421,0.5449,0.5366,0.5423,24853733.3
2024-02-09 20:00:00,0.5424,0.5485,0.5391,0.5407,18206386.6
2024-02-10 00:00:00,0.5407,0.5498,0.5407,0.5418,17108796.1
2024-02-10 04:00:00,0.5419,0.5421,0.5342,0.5342,16555373.5
2024-02-10 08:00:00,0.5342,0.5368,0.528,0.533,25097876.8
2024-02-10 12:00:00,0.5332,0.5381,0.5306,0.5381,10498888.0
2024-02-10 16:00:00,0.538,0.5439,0.535,0.5414,11499963.9
2024-02-10 20:00:00,0.5414,0.5581,0.5401,0.5515,35098691.4
2024-02-11 00:00:00,0.5515,0.5638,0.5485,0.5623,38711478.6
2024-02-11 04:00:00,0.5621,0.5654,0.5562,0.56,41026802.5
2024-02-11 08:00:00,0.56,0.5609,0.55,0.5538,20734254.1
2024-02-11 12:00:00,0.5538,0.5544,0.542,0.5427,21270649.9
2024-02-11 16:00:00,0.5427,0.5466,0.5377,0.5403,22272685.2
2024-02-11 20:00:00,0.5403,0.5426,0.5353,0.5414,15372662.8
2024-02-12 00:00:00,0.5415,0.5473,0.5331,0.5386,21311239.8
2024-02-12 04:00:00,0.5387,0.5389,0.5311,0.5368,15382258.9
2024-02-12 08:00:00,0.5368,0.5406,0.5306,0.5349,13670885.2
2024-02-12 12:00:00,0.5349,0.5577,0.5334,0.5561,30111884.4
2024-02-12 16:00:00,0.556,0.5658,0.5513,0.5541,50669443.6
2024-02-12 20:00:00,0.5541,0.5635,0.554,0.5592,24941214.3
2024-02-13 00:00:00,0.5591,0.5645,0.5486,0.5497,21985534.8
2024-02-13 04:00:00,0.5497,0.5616,0.5497,0.5596,14085361.9
2024-02-13 08:00:00,0.5596,0.5615,0.5505,0.5539,16034682.6
2024-02-13 12:00:00,0.5539,0.5544,0.5338,0.5398,44743476.2
2024-02-13 16:00:00,0.5398,0.545,0.5353,0.5393,19931735.6
2024-02-13 20:00:00,0.5393,0.5468,0.5391,0.5449,11980099.3
2024-02-14 00:00:00,0.5448,0.5482,0.5396,0.5461,11385584.3
2024-02-14 04:00:00,0.5461,0.553,0.5461,0.5523,12223571.2
2024-02-14 08:00:00,0.5522,0.5785,0.5502,0.5734,53750866.3
2024-02-14 12:00:00,0.5735,0.5833,0.5705,0.5744,42926010.4
2024-02-14 16:00:00,0.5744,0.5763,0.5652,0.5752,25578811.4
2024-02-14 20:00:00,0.5751,0.579,0.5728,0.5768,18229737.9
2024-02-15 00:00:00,0.5769,0.5827,0.5713,0.5824,26810541.6
2024-02-15 04:00:00,0.5824,0.5825,0.5706,0.5778,16768545.9
2024-02-15 08:00:00,0.5778,0.595,0.5741,0.5893,37742516.3
2024-02-15 12:00:00,0.5892,0.612,0.5873,0.5997,65691265.0
2024-02-15 16:00:00,0.5998,0.6126,0.5942,0.6021,51233357.5
2024-02-15 20:00:00,0.6021,0.6095,0.5893,0.6087,34035828.1
2024-02-16 00:00:00,0.6087,0.6118,0.6007,0.6083,23019061.7
2024-02-16 04:00:00,0.6082,0.6119,0.5971,0.5979,24137537.6
2024-02-16 08:00:00,0.5979,0.6016,0.5909,0.5989,22497920.9
2024-02-16 12:00:00,0.5989,0.614,0.5821,0.5896,43409306.0
2024-02-16 16:00:00,0.5896,0.5991,0.5858,0.5892,24136223.2
2024-02-16 20:00:00,0.5893,0.5999,0.5881,0.5986,11709680.1
2024-02-17 00:00:00,0.5987,0.5996,0.5866,0.5913,13814887.4
2024-02-17 04:00:00,0.5913,0.5945,0.5871,0.5923,10552916.5
2024-02-17 08:00:00,0.5923,0.5925,0.5809,0.5862,17392187.2
2024-02-17 12:00:00,0.5862,0.5893,0.5687,0.5786,32911489.3
2024-02-17 16:00:00,0.5787,0.5879,0.5759,0.5869,12544061.7
2024-02-17 20:00:00,0.587,0.611,0.5862,0.6096,40946862.0
2024-02-18 00:00:00,0.6096,0.6241,0.6093,0.6208,48731227.2
2024-02-18 04:00:00,0.6208,0.6278,0.6167,0.6243,34864212.9
2024-02-18 08:00:00,0.6243,0.6391,0.6237,0.6344,45501906.1
2024-02-18 12:00:00,0.6345,0.6375,0.6195,0.6212,29315354.8
2024-02-18 16:00:00,0.6212,0.6249,0.6162,0.6202,24295774.7
2024-02-18 20:00:00,0.6201,0.6255,0.6135,0.6193,25044894.6
2024-02-19 00:00:00,0.6194,0.6274,0.619,0.6195,20881140.0
2024-02-19 04:00:00,0.6195,0.63,0.6189,0.6292,19441649.1
2024-02-19 08:00:00,0.6293,0.6389,0.6222,0.6288,44609981.9
2024-02-19 12:00:00,0.629,0.6298,0.6187,0.6246,31239668.8
2024-02-19 16:00:00,0.6244,0.6295,0.6147,0.6217,28593444.0
2024-02-19 20:00:00,0.6216,0.6355,0.6194,0.6308,25021822.1
2024-02-20 00:00:00,0.6308,0.6414,0.6196,0.6255,45679790.2
2024-02-20 04:00:00,0.6255,0.635,0.6228,0.6291,24550840.5
2024-02-20 08:00:00,0.6291,0.6359,0.6151,0.6296,33300630.8
2024-02-20 12:00:00,0.6297,0.6409,0.5964,0.6095,67982493.1
2024-02-20 16:00:00,0.6095,0.6185,0.5958,0.6179,35505293.1
2024-02-20 20:00:00,0.618,0.63,0.6115,0.6216,26741579.7
2024-02-21 00:00:00,0.6216,0.6237,0.6064,0.6122,14292190.2
2024-02-21 04:00:00,0.6123,0.6134,0.5905,0.5946,23950516.0
2024-02-21 08:00:00,0.5946,0.5994,0.5807,0.5859,27796345.8
2024-02-21 12:00:00,0.586,0.5945,0.581,0.5889,25907882.9
2024-02-21 16:00:00,0.589,0.5909,0.5747,0.583,23077089.7
2024-02-21 20:00:00,0.5831,0.5989,0.5811,0.5988,18508210.5
2024-02-22 00:00:00,0.5987,0.599,0.5806,0.5868,16145620.3
2024-02-22 04:00:00,0.5869,0.6046,0.5828,0.6018,24822591.6
2024-02-22 08:00:00,0.6017,0.608,0.5969,0.5995,22368489.5
2024-02-22 12:00:00,0.5994,0.602,0.5849,0.5966,25210293.0
2024-02-22 16:00:00,0.5965,0.6003,0.588,0.5941,16603333.8
2024-02-22 20:00:00,0.5941,0.6035,0.585,0.5858,23841452.8
2024-02-23 00:00:00,0.5858,0.5953,0.5822,0.5858,15084600.3
2024-02-23 04:00:00,0.5858,0.592,0.5817,0.583,14846990.1
2024-02-23 08:00:00,0.583,0.5875,0.5781,0.5842,14819334.7
2024-02-23 12:00:00,0.5843,0.5899,0.5773,0.5784,26824702.1
2024-02-23 16:00:00,0.5783,0.5919,0.568,0.5913,29653264.6
2024-02-23 20:00:00,0.5914,0.5938,0.5765,0.5824,16220866.3
2024-02-24 00:00:00,0.5823,0.5854,0.5697,0.5755,16537310.3
2024-02-24 04:00:00,0.5756,0.5868,0.5743,0.5856,11467038.5
2024-02-24 08:00:00,0.5856,0.5898,0.5825,0.5875,18163930.7
2024-02-24 12:00:00,0.5875,0.5933,0.5848,0.5884,18013822.3
2024-02-24 16:00:00,0.5885,0.5976,0.5872,0.5937,15568113.9
2024-02-24 20:00:00,0.5938,0.5998,0.5895,0.5969,15625000.9
2024-02-25 00:00:00,0.5969,0.6007,0.5893,0.5963,12628642.2
2024-02-25 04:00:00,0.5963,0.599,0.5924,0.5941,7884550.1
2024-02-25 08:00:00,0.5941,0.595,0.5871,0.5893,9409468.1
2024-02-25 12:00:00,0.5893,0.5907,0.583,0.5842,15856728.7
2024-02-25 16:00:00,0.5842,0.5889,0.5806,0.5878,13472747.9
2024-02-25 20:00:00,0.5877,0.5936,0.5865,0.5914,18803685.8
2024-02-26 00:00:00,0.5913,0.5918,0.581,0.585,13857733.5
2024-02-26 04:00:00,0.5851,0.5918,0.5826,0.5839,15205165.2
2024-02-26 08:00:00,0.5839,0.5861,0.5732,0.5797,28461381.0
2024-02-26 12:00:00,0.5796,0.6087,0.5753,0.6058,41563923.3
2024-02-26 16:00:00,0.6059,0.6178,0.6052,0.6177,46108718.2
2024-02-26 20:00:00,0.6177,0.6222,0.6136,0.6191,24488954.3
2024-02-27 00:00:00,0.6192,0.63,0.6152,0.6211,41767962.5
2024-02-27 04:00:00,0.6212,0.6264,0.6149,0.6155,25684480.8
2024-02-27 08:00:00,0.6155,0.6276,0.6152,0.62,26413152.5
2024-02-27 12:00:00,0.6199,0.6288,0.6105,0.6133,37176946.4
2024-02-27 16:00:00,0.6133,0.629,0.6073,0.6265,44761896.2
2024-02-27 20:00:00,0.6264,0.6295,0.6188,0.6239,18781357.0
2024-02-28 00:00:00,0.6238,0.6296,0.6152,0.6171,15330354.8
2024-02-28 04:00:00,0.6171,0.628,0.6166,0.628,19463243.2
2024-02-28 08:00:00,0.6281,0.6448,0.6201,0.6247,68667158.8
2024-02-28 12:00:00,0.6249,0.6503,0.6237,0.6395,76141005.7
2024-02-28 16:00:00,0.6393,0.661,0.5961,0.6181,143027809.8
2024-02-28 20:00:00,0.6181,0.6367,0.6112,0.6287,33161680.6
2024-02-29 00:00:00,0.6287,0.6493,0.6223,0.6424,46787475.0
2024-02-29 04:00:00,0.6424,0.6985,0.6391,0.6836,138288996.7
2024-02-29 08:00:00,0.6835,0.7088,0.6826,0.6904,124782522.0
2024-02-29 12:00:00,0.6904,0.703,0.6827,0.6927,53705245.3
2024-02-29 16:00:00,0.6928,0.6957,0.6631,0.6766,82194151.5
2024-02-29 20:00:00,0.6766,0.6791,0.6398,0.6547,50842452.4
2024-03-01 00:00:00,0.6549,0.6836,0.6529,0.6727,36319520.5
2024-03-01 04:00:00,0.6727,0.6759,0.6634,0.664,20882694.5
2024-03-01 08:00:00,0.664,0.6899,0.6619,0.6855,32546424.8
2024-03-01 12:00:00,0.6856,0.695,0.6764,0.6794,48481325.2
2024-03-01 16:00:00,0.6794,0.6956,0.6748,0.691,44028905.1
2024-03-01 20:00:00,0.6911,0.72,0.6888,0.7195,45119626.4
2024-03-02 00:00:00,0.7196,0.7638,0.7171,0.7556,108873162.0
2024-03-02 04:00:00,0.7556,0.7618,0.728,0.7343,58923481.8
2024-03-02 08:00:00,0.7343,0.7507,0.7193,0.7331,50719425.7
2024-03-02 12:00:00,0.7331,0.7461,0.723,0.7303,37468081.1
2024-03-02 16:00:00,0.7304,0.744,0.7253,0.7409,21407538.0
2024-03-02 20:00:00,0.7409,0.7422,0.7291,0.7416,20354789.9
2024-03-03 00:00:00,0.7414,0.742,0.7257,0.7395,29280822.3
2024-03-03 04:00:00,0.7394,0.7421,0.685,0.7116,63370413.2
2024-03-03 08:00:00,0.7116,0.7296,0.7038,0.7271,41760030.4
2024-03-03 12:00:00,0.7271,0.7333,0.7187,0.7227,24011409.0
2024-03-03 16:00:00,0.7227,0.7356,0.72,0.7257,24768851.0
2024-03-03 20:00:00,0.7257,0.7393,0.724,0.7279,22311212.4
2024-03-04 00:00:00,0.728,0.759,0.7219,0.7551,76984257.6
2024-03-04 04:00:00,0.7549,0.7957,0.7422,0.7811,89622610.4
2024-03-04 08:00:00,0.7811,0.7986,0.7721,0.7837,76010737.6
2024-03-04 12:00:00,0.7838,0.7902,0.7645,0.7878,51523833.3
2024-03-04 16:00:00,0.7877,0.789,0.7555,0.7768,74823239.4
2024-03-04 20:00:00,0.777,0.7809,0.7628,0.7701,35871059.0
2024-03-05 00:00:00,0.77,0.781,0.7554,0.7672,56921016.8
2024-03-05 04:00:00,0.7672,0.7747,0.7417,0.7538,86677507.5
2024-03-05 08:00:00,0.7538,0.7831,0.7464,0.7678,51664786.7
2024-03-05 12:00:00,0.7678,0.7794,0.751,0.754,69910442.0
2024-03-05 16:00:00,0.7541,0.7592,0.571,0.6348,158466422.4
2024-03-05 20:00:00,0.6354,0.6987,0.6263,0.6923,197073550.4
2024-03-06 00:00:00,0.6923,0.6969,0.665,0.6762,48358823.3
2024-03-06 04:00:00,0.6763,0.7386,0.6763,0.7382,67241924.2
2024-03-06 08:00:00,0.7381,0.7575,0.7234,0.7322,58043117.6
2024-03-06 12:00:00,0.7323,0.7368,0.7016,0.7176,65104050.5
2024-03-06 16:00:00,0.7176,0.7308,0.7132,0.7271,31224464.7
2024-03-06 20:00:00,0.7271,0.7378,0.7206,0.7349,25579212.8
2024-03-07 00:00:00,0.735,0.7508,0.7313,0.737,43042573.6
2024-03-07 04:00:00,0.737,0.7445,0.7181,0.7367,40974060.5
2024-03-07 08:00:00,0.7367,0.7416,0.7294,0.7387,25684248.5
2024-03-07 12:00:00,0.7387,0.7519,0.7246,0.7435,46232038.3
2024-03-07 16:00:00,0.7435,0.755,0.7346,0.7518,31437185.3
2024-03-07 20:00:00,0.7518,0.7537,0.7397,0.7427,20581255.5
2024-03-08 00:00:00,0.7427,0.7547,0.7337,0.7389,24988107.3
2024-03-08 04:00:00,0.739,0.7425,0.7292,0.7308,19608152.0
2024-03-08 08:00:00,0.7308,0.7367,0.7259,0.7358,19496360.0
2024-03-08 12:00:00,0.7358,0.7421,0.698,0.7181,64125898.1
2024-03-08 16:00:00,0.7183,0.7326,0.6992,0.7226,68730884.1
2024-03-08 20:00:00,0.7227,0.7269,0.7169,0.7228,20167519.4
2024-03-09 00:00:00,0.7228,0.7296,0.72,0.7284,14084728.9
2024-03-09 04:00:00,0.7285,0.7403,0.7269,0.7366,18892258.3
2024-03-09 08:00:00,0.7366,0.7392,0.7207,0.7305,22280539.0
2024-03-09 12:00:00,0.7305,0.739,0.7279,0.7363,22324622.9
2024-03-09 16:00:00,0.7362,0.7447,0.7312,0.7377,24446107.4
2024-03-09 20:00:00,0.7377,0.7461,0.7369,0.7416,15511057.8
2024-03-10 00:00:00,0.7416,0.744,0.7336,0.7354,15564734.2
2024-03-10 04:00:00,0.7355,0.7388,0.7303,0.7368,15006167.8
2024-03-10 08:00:00,0.7368,0.7383,0.7257,0.7279,23052252.3
2024-03-10 12:00:00,0.728,0.7308,0.7081,0.7153,35188451.7
2024-03-10 16:00:00,0.7152,0.7262,0.7143,0.7199,14172513.8
2024-03-10 20:00:00,0.7198,0.7215,0.7,0.7166,21989536.0
2024-03-11 00:00:00,0.7165,0.7192,0.685,0.7131,43310591.8
2024-03-11 04:00:00,0.7131,0.7433,0.7066,0.7339,45120919.4
2024-03-11 08:00:00,0.734,0.7446,0.7325,0.7377,40245505.6
2024-03-11 12:00:00,0.7376,0.7617,0.728,0.7586,53426438.6
2024-03-11 16:00:00,0.7586,0.7785,0.754,0.7735,92356844.6
2024-03-11 20:00:00,0.7736,0.7882,0.7703,0.7754,46170028.7
2024-03-12 00:00:00,0.7754,0.7764,0.7553,0.7574,35145055.3
2024-03-12 04:00:00,0.7575,0.7663,0.7465,0.7518,26530561.9
2024-03-12 08:00:00,0.7517,0.7538,0.7325,0.7481,30331406.3
2024-03-12 12:00:00,0.7481,0.7577,0.7329,0.7471,47398844.0
2024-03-12 16:00:00,0.747,0.7493,0.704,0.7471,70442639.3
2024-03-12 20:00:00,0.747,0.7489,0.7336,0.7481,17302610.2
2024-03-13 00:00:00,0.7482,0.755,0.7453,0.7523,17105564.1
2024-03-13 04:00:00,0.7523,0.7691,0.7489,0.763,25571646.0
2024-03-13 08:00:00,0.7631,0.7731,0.7558,0.7587,32840700.2
2024-03-13 12:00:00,0.7588,0.7649,0.7357,0.7462,44572151.8
2024-03-13 16:00:00,0.7463,0.7547,0.7415,0.752,22217124.2
2024-03-13 20:00:00,0.752,0.7666,0.746,0.7638,26243567.5
2024-03-14 00:00:00,0.7639,0.7668,0.7531,0.7595,27089480.2
2024-03-14 04:00:00,0.7594,0.7931,0.7433,0.7831,56052310.8
2024-03-14 08:00:00,0.783,0.8104,0.7738,0.795,118043749.7
2024-03-14 12:00:00,0.7951,0.8016,0.74,0.7474,98337969.4
2024-03-14 16:00:00,0.7473,0.7619,0.7133,0.7269,78084666.3
2024-03-14 20:00:00,0.727,0.7548,0.7261,0.7509,38418517.6
2024-03-15 00:00:00,0.7509,0.7647,0.6981,0.7206,82128168.6
2024-03-15 04:00:00,0.7205,0.7267,0.7036,0.7207,47318470.4
2024-03-15 08:00:00,0.7208,0.7224,0.669,0.7013,100268562.8
2024-03-15 12:00:00,0.7012,0.7247,0.6972,0.7172,35400883.5
2024-03-15 16:00:00,0.7171,0.7402,0.7072,0.7194,44567510.7
2024-03-15 20:00:00,0.7193,0.73,0.6987,0.7274,32705811.2
2024-03-16 00:00:00,0.7274,0.7301,0.7165,0.7221,21749312.9
2024-03-16 04:00:00,0.7222,0.7345,0.7075,0.7341,26511068.1
2024-03-16 08:00:00,0.7341,0.7355,0.7117,0.7184,32088978.6
2024-03-16 12:00:00,0.7184,0.7196,0.6919,0.7042,50747453.4
2024-03-16 16:00:00,0.7043,0.705,0.6602,0.6664,68325497.0
2024-03-16 20:00:00,0.6664,0.6767,0.65,0.6591,54325893.3
2024-03-17 00:00:00,0.6591,0.6737,0.6505,0.6732,35372940.0
2024-03-17 04:00:00,0.6732,0.6735,0.6288,0.6458,42413922.0
2024-03-17 08:00:00,0.6458,0.684,0.6439,0.6776,38878214.8
2024-03-17 12:00:00,0.6776,0.6862,0.6628,0.684,27210391.6
2024-03-17 16:00:00,0.6839,0.6868,0.6756,0.6844,21493575.1
2024-03-17 20:00:00,0.6844,0.6881,0.6738,0.6814,23270857.8
2024-03-18 00:00:00,0.6814,0.6814,0.6565,0.6708,27892220.4
2024-03-18 04:00:00,0.6707,0.699,0.6649,0.6872,38977184.4
2024-03-18 08:00:00,0.6872,0.6879,0.6701,0.6817,27754081.6
2024-03-18 12:00:00,0.6817,0.6862,0.6497,0.6603,46543712.1
2024-03-18 16:00:00,0.6603,0.6676,0.642,0.649,31698321.4
2024-03-18 20:00:00,0.6491,0.6666,0.649,0.6603,21043186.2
2024-03-19 00:00:00,0.6603,0.6661,0.62,0.6353,55114271.1
2024-03-19 04:00:00,0.6352,0.6379,0.6,0.6264,73628837.8
2024-03-19 08:00:00,0.6265,0.6268,0.5915,0.6169,76301449.7
2024-03-19 12:00:00,0.6169,0.6288,0.6076,0.6266,52270533.0
2024-03-19 16:00:00,0.6266,0.6296,0.6108,0.6157,39162020.1
2024-03-19 20:00:00,0.6157,0.6173,0.58,0.5864,53537405.2
2024-03-20 00:00:00,0.5864,0.6053,0.5842,0.5884,41573862.1
2024-03-20 04:00:00,0.5886,0.6114,0.5689,0.6092,63912235.2
2024-03-20 08:00:00,0.6092,0.6142,0.6005,0.6112,26246223.8
2024-03-20 12:00:00,0.6112,0.6162,0.5965,0.5986,35848835.5
2024-03-20 16:00:00,0.5987,0.6346,0.5757,0.6318,70861936.1
2024-03-20 20:00:00,0.6319,0.6441,0.6289,0.6396,44643470.8
2024-03-21 00:00:00,0.6395,0.6459,0.6326,0.6355,24944076.1
2024-03-21 04:00:00,0.6354,0.6385,0.6202,0.6309,23317941.2
2024-03-21 08:00:00,0.6309,0.6379,0.628,0.6321,19565323.0
2024-03-21 12:00:00,0.6323,0.6382,0.6282,0.636,33676953.8
2024-03-21 16:00:00,0.636,0.6484,0.6178,0.6325,40677462.9
2024-03-21 20:00:00,0.6324,0.6409,0.6242,0.6318,19952290.4
2024-03-22 00:00:00,0.6319,0.635,0.6203,0.6345,15711999.2
2024-03-22 04:00:00,0.6344,0.6426,0.6317,0.6398,17501649.1
2024-03-22 08:00:00,0.6399,0.6427,0.6164,0.6186,20169271.0
2024-03-22 12:00:00,0.6187,0.6246,0.5987,0.6179,47557471.2
2024-03-22 16:00:00,0.618,0.618,0.6073,0.6131,19916287.6
2024-03-22 20:00:00,0.6129,0.6151,0.6,0.6147,17921387.0
2024-03-23 00:00:00,0.6147,0.6261,0.6103,0.6169,16111743.8
2024-03-23 04:00:00,0.6168,0.6311,0.6163,0.6276,11638689.7
2024-03-23 08:00:00,0.6277,0.632,0.6242,0.6301,13386276.6
2024-03-23 12:00:00,0.6301,0.6394,0.6287,0.633,18254711.2
2024-03-23 16:00:00,0.633,0.6353,0.6287,0.6299,11665931.7
2024-03-23 20:00:00,0.6299,0.6333,0.6223,0.6232,8517742.9
2024-03-24 00:00:00,0.6231,0.6356,0.6224,0.627,9834459.1
2024-03-24 04:00:00,0.627,0.6387,0.6244,0.6377,10991879.8
2024-03-24 08:00:00,0.6377,0.6404,0.6342,0.636,11228086.1
2024-03-24 12:00:00,0.636,0.6454,0.6343,0.6351,15856995.6
2024-03-24 16:00:00,0.6351,0.6359,0.6249,0.6332,12833244.6
2024-03-24 20:00:00,0.6332,0.6482,0.6313,0.6468,19929967.9
2024-03-25 00:00:00,0.6469,0.6476,0.6385,0.6469,16186877.6
2024-03-25 04:00:00,0.6469,0.6557,0.6418,0.6421,20908098.5
2024-03-25 08:00:00,0.642,0.6516,0.6411,0.6423,15509017.6
2024-03-25 12:00:00,0.6423,0.6643,0.6379,0.6616,33888288.2
2024-03-25 16:00:00,0.6616,0.6684,0.6585,0.6656,25907453.5
2024-03-25 20:00:00,0.6657,0.6669,0.6535,0.6567,16805354.3
2024-03-26 00:00:00,0.6566,0.6669,0.6541,0.666,15125632.4
2024-03-26 04:00:00,0.666,0.6807,0.6656,0.6719,20410746.2
2024-03-26 08:00:00,0.6719,0.6837,0.6695,0.6762,19780888.8
2024-03-26 12:00:00,0.6761,0.6781,0.6524,0.663,39162543.4
2024-03-26 16:00:00,0.6629,0.6655,0.6517,0.6572,17713490.2
2024-03-26 20:00:00,0.6574,0.6684,0.6571,0.665,16018382.4
2024-03-27 00:00:00,0.665,0.671,0.6614,0.6626,12808242.6
2024-03-27 04:00:00,0.6627,0.664,0.6468,0.6485,14404460.7
2024-03-27 08:00:00,0.6486,0.6571,0.6393,0.6571,20925168.1
2024-03-27 12:00:00,0.6571,0.6656,0.6331,0.6338,57886881.9
2024-03-27 16:00:00,0.6338,0.6458,0.6301,0.6449,18251933.6
2024-03-27 20:00:00,0.6449,0.6597,0.6445,0.6478,17507789.3
2024-03-28 00:00:00,0.6478,0.6531,0.6352,0.6398,16417825.8
2024-03-28 04:00:00,0.6398,0.6536,0.6394,0.6512,12344075.6
2024-03-28 08:00:00,0.6511,0.6543,0.6474,0.6517,16781124.6
2024-03-28 12:00:00,0.6517,0.658,0.6433,0.6548,21792121.6
2024-03-28 16:00:00,0.6549,0.6559,0.649,0.6503,14086160.6
2024-03-28 20:00:00,0.6502,0.6534,0.6461,0.6511,11451444.6
2024-03-29 00:00:00,0.6511,0.6521,0.6418,0.6474,12425997.1
2024-03-29 04:00:00,0.6474,0.6515,0.635,0.6378,13730610.4
2024-03-29 08:00:00,0.6378,0.6571,0.6371,0.652,22974878.8
2024-03-29 12:00:00,0.652,0.6678,0.6433,0.6495,46393777.3
2024-03-29 16:00:00,0.6495,0.6559,0.6449,0.648,14365675.8
2024-03-29 20:00:00,0.6479,0.6665,0.6422,0.6643,19698952.8
2024-03-30 00:00:00,0.6643,0.6691,0.6574,0.658,22375674.7
2024-03-30 04:00:00,0.6579,0.6613,0.6505,0.6505,10562385.9
2024-03-30 08:00:00,0.6506,0.6596,0.6476,0.6582,14327468.4
2024-03-30 12:00:00,0.6581,0.6586,0.6497,0.6505,10811740.6
2024-03-30 16:00:00,0.6505,0.6554,0.6458,0.6505,22177786.9
2024-03-30 20:00:00,0.6504,0.652,0.6416,0.6436,9141980.3
2024-03-31 00:00:00,0.6435,0.6482,0.6418,0.6452,7385921.8
2024-03-31 04:00:00,0.6452,0.6535,0.6442,0.6503,11464426.0
2024-03-31 08:00:00,0.6504,0.6514,0.6464,0.6471,7774036.3
2024-03-31 12:00:00,0.6471,0.6482,0.6448,0.6464,11460736.4
2024-03-31 16:00:00,0.6464,0.6489,0.6425,0.6473,10313120.4
2024-03-31 20:00:00,0.6473,0.6515,0.6448,0.6501,12940549.0
2024-04-01 00:00:00,0.6501,0.6515,0.6437,0.645,13736450.8
2024-04-01 04:00:00,0.6449,0.6468,0.6157,0.6309,48973233.6
2024-04-01 08:00:00,0.6308,0.6338,0.621,0.6272,21812547.9
2024-04-01 12:00:00,0.6272,0.6304,0.605,0.6089,40620010.3
2024-04-01 16:00:00,0.6089,0.6203,0.6055,0.6199,21750186.3
2024-04-01 20:00:00,0.62,0.623,0.6161,0.6212,9883283.3
2024-04-02 00:00:00,0.6211,0.6214,0.5856,0.5957,43120733.8
2024-04-02 04:00:00,0.5957,0.6014,0.5888,0.5961,21950463.9
2024-04-02 08:00:00,0.5962,0.5977,0.5723,0.5852,53558481.2
2024-04-02 12:00:00,0.5852,0.5923,0.5747,0.5811,41031963.7
2024-04-02 16:00:00,0.5811,0.5884,0.5768,0.5865,19792155.2
2024-04-02 20:00:00,0.5864,0.5894,0.5772,0.5807,15042637.3
2024-04-03 00:00:00,0.5807,0.5869,0.5622,0.5867,35129717.4
2024-04-03 04:00:00,0.5866,0.5908,0.584,0.5879,14508147.1
2024-04-03 08:00:00,0.5878,0.595,0.5823,0.585,20371029.3
2024-04-03 12:00:00,0.585,0.5893,0.5772,0.5816,16791224.5
2024-04-03 16:00:00,0.5816,0.5866,0.573,0.5771,14018107.4
2024-04-03 20:00:00,0.577,0.5772,0.5675,0.5693,16297991.6
2024-04-04 00:00:00,0.5693,0.5779,0.5655,0.5661,20639252.6
2024-04-04 04:00:00,0.5662,0.5787,0.5588,0.5757,29197277.9
2024-04-04 08:00:00,0.5758,0.5845,0.5751,0.5812,16442459.4
2024-04-04 12:00:00,0.5811,0.5919,0.5803,0.5879,24940629.7
2024-04-04 16:00:00,0.588,0.5967,0.5838,0.585,18118971.7
2024-04-04 20:00:00,0.585,0.5857,0.5728,0.5831,25159476.3
2024-04-05 00:00:00,0.5831,0.5849,0.5683,0.5775,15517308.7
2024-04-05 04:00:00,0.5774,0.5775,0.5627,0.572,15275987.7
2024-04-05 08:00:00,0.572,0.5795,0.5626,0.563,26230770.7
2024-04-05 12:00:00,0.563,0.578,0.5593,0.5778,31806941.4
2024-04-05 16:00:00,0.5777,0.5785,0.5715,0.5744,11694867.9
2024-04-05 20:00:00,0.5744,0.5786,0.5737,0.5741,6229936.2
2024-04-06 00:00:00,0.5741,0.5818,0.5714,0.5807,9911339.6
2024-04-06 04:00:00,0.5806,0.5832,0.5788,0.5816,7158976.2
2024-04-06 08:00:00,0.5816,0.5855,0.5784,0.5807,7589807.6
2024-04-06 12:00:00,0.5807,0.5855,0.5765,0.5842,8192450.3
2024-04-06 16:00:00,0.5841,0.586,0.5803,0.5809,7753465.0
2024-04-06 20:00:00,0.5809,0.5896,0.5799,0.5836,9483781.1
2024-04-07 00:00:00,0.5837,0.5903,0.5817,0.5886,8457191.4
2024-04-07 04:00:00,0.5886,0.5914,0.5873,0.5898,9721730.7
2024-04-07 08:00:00,0.5897,0.5949,0.5882,0.5931,9995176.1
2024-04-07 12:00:00,0.5931,0.5964,0.5895,0.5899,17603558.9
2024-04-07 16:00:00,0.59,0.5972,0.5826,0.5839,16427559.8
2024-04-07 20:00:00,0.5838,0.5904,0.5817,0.5892,9438581.7
2024-04-08 00:00:00,0.5893,0.5894,0.5801,0.582,10140906.5
2024-04-08 04:00:00,0.5821,0.597,0.5793,0.5949,13029075.7
2024-04-08 08:00:00,0.5949,0.612,0.5941,0.6081,40508530.8
2024-04-08 12:00:00,0.6081,0.6109,0.6016,0.6074,25239388.6
2024-04-08 16:00:00,0.6073,0.6151,0.6062,0.6148,15234080.0
2024-04-08 20:00:00,0.6148,0.6166,0.612,0.6137,8716484.1
2024-04-09 00:00:00,0.6137,0.616,0.6064,0.6081,11389582.5
2024-04-09 04:00:00,0.608,0.6128,0.6005,0.6024,22478408.3
2024-04-09 08:00:00,0.6023,0.6119,0.5946,0.6118,24050185.2
2024-04-09 12:00:00,0.6119,0.6242,0.5922,0.6058,53847498.6
2024-04-09 16:00:00,0.6057,0.6069,0.595,0.6002,17656711.3
2024-04-09 20:00:00,0.6,0.603,0.5903,0.5912,11248559.8
2024-04-10 00:00:00,0.5912,0.5941,0.575,0.5825,28248419.8
2024-04-10 04:00:00,0.5825,0.5902,0.5797,0.5844,16989894.6
2024-04-10 08:00:00,0.5843,0.5843,0.5736,0.5777,21566288.1
2024-04-10 12:00:00,0.5777,0.579,0.5572,0.5728,49078316.5
2024-04-10 16:00:00,0.5728,0.5853,0.5705,0.5829,19182583.2
2024-04-10 20:00:00,0.583,0.59,0.5799,0.5862,11013942.0
2024-04-11 00:00:00,0.5862,0.59,0.5836,0.5889,11359310.9
2024-04-11 04:00:00,0.589,0.5939,0.5831,0.5916,12712980.0
2024-04-11 08:00:00,0.5917,0.5945,0.5802,0.5817,12836687.0
2024-04-11 12:00:00,0.5816,0.5896,0.5759,0.582,20168583.0
2024-04-11 16:00:00,0.582,0.5841,0.5755,0.583,12600764.5
2024-04-11 20:00:00,0.583,0.5908,0.5823,0.5858,11261324.2
2024-04-12 00:00:00,0.5858,0.5918,0.5853,0.5909,9663915.9
2024-04-12 04:00:00,0.5909,0.5924,0.5803,0.5817,12572260.2
2024-04-12 08:00:00,0.5818,0.59,0.5801,0.585,21342455.1
2024-04-12 12:00:00,0.585,0.5855,0.5614,0.5641,33947571.5
2024-04-12 16:00:00,0.564,0.5665,0.45,0.4821,281662494.2
2024-04-12 20:00:00,0.4821,0.5057,0.4796,0.5027,86845334.0
2024-04-13 00:00:00,0.5027,0.5042,0.4849,0.5036,48161791.8
2024-04-13 04:00:00,0.5037,0.513,0.4993,0.5057,28322752.4
2024-04-13 08:00:00,0.5057,0.5164,0.5019,0.5096,24781173.8
2024-04-13 12:00:00,0.5095,0.5143,0.5019,0.5027,25636103.3
2024-04-13 16:00:00,0.5027,0.504,0.4332,0.4508,130524084.8
2024-04-13 20:00:00,0.4507,0.4557,0.3994,0.4449,217758819.5
2024-04-14 00:00:00,0.4448,0.4491,0.4322,0.447,59883840.7
2024-04-14 04:00:00,0.4471,0.4733,0.4432,0.4724,50254169.5
2024-04-14 08:00:00,0.4723,0.4778,0.4553,0.457,48347055.0
2024-04-14 12:00:00,0.457,0.4674,0.4483,0.4544,66534208.3
2024-04-14 16:00:00,0.4543,0.4645,0.4383,0.4509,85452612.3
2024-04-14 20:00:00,0.4509,0.4737,0.4421,0.4673,51787825.5
2024-04-15 00:00:00,0.4673,0.4697,0.4569,0.4631,31361629.5
2024-04-15 04:00:00,0.4631,0.4914,0.4585,0.4895,52080260.1
2024-04-15 08:00:00,0.4896,0.4952,0.4839,0.4849,32028230.6
2024-04-15 12:00:00,0.4849,0.4897,0.46,0.4678,54643960.3
2024-04-15 16:00:00,0.4679,0.4707,0.4388,0.4556,78186037.6
2024-04-15 20:00:00,0.4556,0.4626,0.4486,0.461,21602769.2
2024-04-16 00:00:00,0.461,0.4676,0.4533,0.4564,19824043.5
2024-04-16 04:00:00,0.4566,0.4781,0.4455,0.4741,33764085.3
2024-04-16 08:00:00,0.4742,0.475,0.4514,0.4649,33273841.5
2024-04-16 12:00:00,0.4646,0.4651,0.4416,0.4425,32125223.1
2024-04-16 16:00:00,0.4425,0.4583,0.4391,0.4486,36452891.7
2024-04-16 20:00:00,0.4486,0.4629,0.4483,0.4583,16017419.7
2024-04-17 00:00:00,0.4583,0.4606,0.4525,0.458,13303426.8
2024-04-17 04:00:00,0.4579,0.4651,0.4523,0.4569,20390858.1
2024-04-17 08:00:00,0.457,0.4594,0.4463,0.4468,16970764.3
2024-04-17 12:00:00,0.4468,0.4513,0.4303,0.4326,71980788.1
2024-04-17 16:00:00,0.4326,0.4548,0.4272,0.4471,44942568.0
2024-04-17 20:00:00,0.4472,0.4528,0.4418,0.444,18837560.7
2024-04-18 00:00:00,0.4441,0.4534,0.4363,0.4505,25570538.6
2024-04-18 04:00:00,0.4504,0.453,0.4374,0.4391,20076415.1
2024-04-18 08:00:00,0.4391,0.4548,0.4343,0.4506,22941293.1
2024-04-18 12:00:00,0.4507,0.461,0.442,0.4542,33238973.0
2024-04-18 16:00:00,0.4543,0.4575,0.4436,0.4542,19648985.8
2024-04-18 20:00:00,0.4542,0.4599,0.452,0.458,11105513.4
2024-04-19 00:00:00,0.458,0.458,0.4227,0.4417,66264438.4
2024-04-19 04:00:00,0.4418,0.4646,0.4401,0.4564,41680145.4
2024-04-19 08:00:00,0.4564,0.4714,0.4558,0.4676,30953620.3
2024-04-19 12:00:00,0.4676,0.4758,0.4651,0.4716,36396371.6
2024-04-19 16:00:00,0.4715,0.474,0.4645,0.4729,20201650.4
2024-04-19 20:00:00,0.4729,0.4749,0.4614,0.4682,17540530.3
2024-04-20 00:00:00,0.4681,0.4847,0.4643,0.4779,30901265.8
2024-04-20 04:00:00,0.478,0.4993,0.4764,0.4967,42209987.0
2024-04-20 08:00:00,0.4967,0.4967,0.4755,0.4764,36374922.4
2024-04-20 12:00:00,0.4763,0.4921,0.4761,0.491,21669868.1
2024-04-20 16:00:00,0.491,0.5083,0.4878,0.5021,31521974.4
2024-04-20 20:00:00,0.5023,0.508,0.5017,0.5072,14861854.8
2024-04-21 00:00:00,0.5073,0.5126,0.4977,0.5061,20513230.5
2024-04-21 04:00:00,0.5061,0.51,0.5025,0.5056,11290387.9
2024-04-21 08:00:00,0.5056,0.507,0.4984,0.5043,13344120.0
2024-04-21 12:00:00,0.5043,0.5051,0.4938,0.4984,20282034.3
2024-04-21 16:00:00,0.4985,0.4998,0.4874,0.4963,19343548.7
2024-04-21 20:00:00,0.4963,0.5051,0.4953,0.4993,12396497.4
2024-04-22 00:00:00,0.4994,0.5102,0.4948,0.5075,20158202.6
2024-04-22 04:00:00,0.5075,0.5162,0.5059,0.506,19614074.1
2024-04-22 08:00:00,0.506,0.5125,0.5046,0.51,14611811.1
2024-04-22 12:00:00,0.51,0.5186,0.5076,0.5157,21700793.1
2024-04-22 16:00:00,0.5157,0.5205,0.5105,0.5181,18136754.3
2024-04-22 20:00:00,0.5181,0.5225,0.5154,0.5167,15389532.8
2024-04-23 00:00:00,0.5167,0.5194,0.5089,0.5098,14094358.3
2024-04-23 04:00:00,0.5098,0.5168,0.5053,0.5088,21111369.6
2024-04-23 08:00:00,0.5088,0.5217,0.5062,0.5147,23441729.0
2024-04-23 12:00:00,0.5146,0.5159,0.503,0.5052,29443398.9
2024-04-23 16:00:00,0.5053,0.5085,0.501,0.5049,14863517.8
2024-04-23 20:00:00,0.5049,0.5058,0.497,0.5,12006289.9
2024-04-24 00:00:00,0.4999,0.5059,0.4979,0.501,12268017.9
2024-04-24 04:00:00,0.501,0.5109,0.5001,0.5044,14711087.6
2024-04-24 08:00:00,0.5044,0.5055,0.4933,0.4983,30797192.3
2024-04-24 12:00:00,0.4983,0.4996,0.4757,0.4769,55134072.1
2024-04-24 16:00:00,0.477,0.4822,0.4716,0.4801,26106721.0
2024-04-24 20:00:00,0.48,0.481,0.4688,0.4746,21587904.9
2024-04-25 00:00:00,0.4747,0.48,0.4696,0.4734,11684528.5
2024-04-25 04:00:00,0.4735,0.4785,0.4667,0.4723,13612326.2
2024-04-25 08:00:00,0.4723,0.4741,0.4628,0.4695,17969370.9
2024-04-25 12:00:00,0.4694,0.4747,0.4624,0.4737,23900044.2
2024-04-25 16:00:00,0.4736,0.4754,0.4706,0.4743,13740562.4
2024-04-25 20:00:00,0.4744,0.4786,0.4697,0.4705,11018043.9
2024-04-26 00:00:00,0.4705,0.4748,0.4613,0.473,19007091.2
2024-04-26 04:00:00,0.473,0.4789,0.4684,0.4688,13860895.6
2024-04-26 08:00:00,0.4687,0.4715,0.4652,0.4683,11559175.3
2024-04-26 12:00:00,0.4683,0.476,0.4622,0.4661,20255541.8
2024-04-26 16:00:00,0.4662,0.4682,0.4629,0.4649,8988390.3
2024-04-26 20:00:00,0.4648,0.4692,0.4607,0.4631,9418542.9
2024-04-27 00:00:00,0.4631,0.4662,0.444,0.4589,33877438.2
2024-04-27 04:00:00,0.4588,0.4619,0.4543,0.4544,11814495.2
2024-04-27 08:00:00,0.4544,0.4571,0.4503,0.4529,10504140.5
2024-04-27 12:00:00,0.4528,0.4629,0.452,0.4571,12638599.3
2024-04-27 16:00:00,0.4571,0.4701,0.456,0.4662,19667634.5
2024-04-27 20:00:00,0.4662,0.4686,0.464,0.4675,7240076.5
2024-04-28 00:00:00,0.4675,0.477,0.4667,0.4749,10344059.7
2024-04-28 04:00:00,0.4747,0.4785,0.4702,0.4748,13916004.7
2024-04-28 08:00:00,0.4749,0.4761,0.4668,0.4678,9549876.1
2024-04-28 12:00:00,0.4678,0.4729,0.4669,0.4674,9150262.2
2024-04-28 16:00:00,0.4673,0.4726,0.4661,0.4693,9214758.6
2024-04-28 20:00:00,0.4693,0.4708,0.4583,0.4603,12399768.2
2024-04-29 00:00:00,0.4602,0.4638,0.4515,0.4523,14173975.9
2024-04-29 04:00:00,0.4524,0.4563,0.4463,0.4508,15254991.2
2024-04-29 08:00:00,0.4509,0.4556,0.4477,0.4533,11477985.0
2024-04-29 12:00:00,0.4533,0.4592,0.4493,0.4572,16288908.9
2024-04-29 16:00:00,0.4573,0.4578,0.4502,0.4531,8699089.4
2024-04-29 20:00:00,0.453,0.4596,0.4503,0.4571,10532063.6
2024-04-30 00:00:00,0.4572,0.4632,0.4508,0.4571,13342450.3
2024-04-30 04:00:00,0.4571,0.4575,0.4512,0.4512,9465106.8
2024-04-30 08:00:00,0.4512,0.4529,0.4297,0.4318,35059279.6
2024-04-30 12:00:00,0.4318,0.4372,0.4254,0.436,29392061.1
2024-04-30 16:00:00,0.4361,0.4376,0.4291,0.4326,23244895.2
2024-04-30 20:00:00,0.4331,0.4447,0.4331,0.4412,15589270.6
2024-05-01 00:00:00,0.4412,0.4436,0.4345,0.4406,15630885.2
2024-05-01 04:00:00,0.4407,0.4446,0.4232,0.4277,35951392.7
2024-05-01 08:00:00,0.4278,0.435,0.4184,0.435,33515540.3
2024-05-01 12:00:00,0.4348,0.4433,0.4323,0.4353,24061320.5
2024-05-01 16:00:00,0.4353,0.4579,0.429,0.4417,38368247.7
2024-05-01 20:00:00,0.4418,0.4525,0.4383,0.4501,16275028.3
2024-05-02 00:00:00,0.4501,0.4513,0.4386,0.4455,14480897.6
2024-05-02 04:00:00,0.4456,0.4479,0.4411,0.4446,9143182.5
2024-05-02 08:00:00,0.4446,0.4561,0.444,0.4531,19130278.1
2024-05-02 12:00:00,0.4531,0.4625,0.4506,0.4576,28308962.5
2024-05-02 16:00:00,0.4576,0.4581,0.452,0.4559,11131958.6
2024-05-02 20:00:00,0.4558,0.4602,0.4525,0.4578,11376939.1
2024-05-03 00:00:00,0.4577,0.463,0.4563,0.4606,8945157.1
2024-05-03 04:00:00,0.4606,0.4612,0.4489,0.4511,22686378.7
2024-05-03 08:00:00,0.4512,0.4531,0.4462,0.4481,11429808.2
2024-05-03 12:00:00,0.4481,0.4678,0.4471,0.467,26986018.9
2024-05-03 16:00:00,0.4671,0.469,0.4631,0.4662,10706067.6
2024-05-03 20:00:00,0.466,0.4736,0.4657,0.4673,16424686.3
2024-05-04 00:00:00,0.4674,0.4713,0.4647,0.4668,8528056.4
2024-05-04 04:00:00,0.4668,0.4688,0.4649,0.4651,5930506.2
2024-05-04 08:00:00,0.4651,0.4759,0.465,0.4687,15645036.6
2024-05-04 12:00:00,0.4687,0.4712,0.4656,0.4679,13023942.8
2024-05-04 16:00:00,0.468,0.4707,0.4658,0.4698,6636410.3
2024-05-04 20:00:00,0.4699,0.471,0.4623,0.4633,11994740.1
2024-05-05 00:00:00,0.4633,0.464,0.4521,0.455,16140529.8
2024-05-05 04:00:00,0.4549,0.4596,0.4536,0.4584,9296647.5
2024-05-05 08:00:00,0.4584,0.462,0.4563,0.4585,9648378.0
2024-05-05 12:00:00,0.4584,0.4645,0.4548,0.4636,12561883.3
2024-05-05 16:00:00,0.4636,0.4661,0.4567,0.4608,12291484.3
2024-05-05 20:00:00,0.4607,0.4614,0.4563,0.458,5904509.6
2024-05-06 00:00:00,0.4579,0.4618,0.4543,0.4567,10001988.8
2024-05-06 04:00:00,0.4566,0.4669,0.4558,0.4667,9764027.1
2024-05-06 08:00:00,0.4667,0.4757,0.46,0.4654,31160891.6
2024-05-06 12:00:00,0.4655,0.4667,0.4513,0.4606,26538228.9
2024-05-06 16:00:00,0.4606,0.4641,0.4557,0.4609,14784584.9
2024-05-06 20:00:00,0.4608,0.4619,0.4535,0.4541,8604095.6
2024-05-07 00:00:00,0.454,0.4561,0.4453,0.4493,15001801.1
2024-05-07 04:00:00,0.4494,0.4513,0.4461,0.4494,17136389.7
2024-05-07 08:00:00,0.4494,0.4567,0.4477,0.4488,17805625.6
2024-05-07 12:00:00,0.4488,0.4555,0.4479,0.4522,14358026.6
2024-05-07 16:00:00,0.4522,0.4534,0.4463,0.4474,9734484.4
2024-05-07 20:00:00,0.4474,0.4493,0.4407,0.4414,12367209.9
2024-05-08 00:00:00,0.4413,0.4454,0.4363,0.4442,10255621.1
2024-05-08 04:00:00,0.4442,0.4452,0.4377,0.439,10907686.3
2024-05-08 08:00:00,0.4389,0.4441,0.4375,0.4394,10313289.3
2024-05-08 12:00:00,0.4396,0.469,0.4366,0.4613,75665676.9
2024-05-08 16:00:00,0.4613,0.469,0.4581,0.4643,27265725.6
2024-05-08 20:00:00,0.4643,0.4665,0.4509,0.4518,21012659.7
2024-05-09 00:00:00,0.4517,0.4645,0.4515,0.4632,16607384.2
2024-05-09 04:00:00,0.4632,0.4642,0.4523,0.4533,9125798.2
2024-05-09 08:00:00,0.4535,0.4564,0.4469,0.4516,18736453.6
2024-05-09 12:00:00,0.4516,0.4582,0.4476,0.4557,17307691.0
2024-05-09 16:00:00,0.4558,0.4618,0.4534,0.4602,11712175.5
2024-05-09 20:00:00,0.4602,0.4645,0.4576,0.4635,11891628.1
2024-05-10 00:00:00,0.4635,0.4662,0.4605,0.4655,8922472.3
2024-05-10 04:00:00,0.4656,0.4688,0.4631,0.4653,11768908.8
2024-05-10 08:00:00,0.4652,0.4658,0.4616,0.4658,11309495.3
2024-05-10 12:00:00,0.4658,0.4666,0.4464,0.4496,27561680.9
2024-05-10 16:00:00,0.4495,0.4509,0.4431,0.448,17292383.3
2024-05-10 20:00:00,0.4482,0.4493,0.4442,0.4479,9262434.6
2024-05-11 00:00:00,0.4479,0.4511,0.4453,0.4464,9411110.6
2024-05-11 04:00:00,0.4464,0.4494,0.4457,0.449,4823832.0
2024-05-11 08:00:00,0.449,0.4493,0.4405,0.4434,7040427.0
2024-05-11 12:00:00,0.4433,0.4467,0.4413,0.4432,8219528.5
2024-05-11 16:00:00,0.4433,0.4443,0.44,0.4412,7428127.0
2024-05-11 20:00:00,0.4409,0.441,0.4379,0.439,7382754.9
2024-05-12 00:00:00,0.4388,0.4417,0.4383,0.4405,5379819.9
2024-05-12 04:00:00,0.4406,0.4422,0.4368,0.4382,5176751.2
2024-05-12 08:00:00,0.4383,0.4426,0.4368,0.4406,5310449.5
2024-05-12 12:00:00,0.4406,0.4431,0.4397,0.4416,5716193.3
2024-05-12 16:00:00,0.4416,0.4436,0.4372,0.4382,6257936.7
2024-05-12 20:00:00,0.4381,0.4384,0.4331,0.4377,5829978.4
2024-05-13 00:00:00,0.4378,0.4403,0.4251,0.4299,19218675.6
2024-05-13 04:00:00,0.4299,0.4458,0.4255,0.4441,20226415.1
2024-05-13 08:00:00,0.444,0.4532,0.444,0.4487,23894975.5
2024-05-13 12:00:00,0.4487,0.4494,0.441,0.4451,20886057.0
2024-05-13 16:00:00,0.4451,0.4494,0.4388,0.4415,15770839.1
2024-05-13 20:00:00,0.4416,0.4422,0.4357,0.4368,8440885.6
2024-05-14 00:00:00,0.4367,0.4383,0.4325,0.4349,13209889.3
2024-05-14 04:00:00,0.4348,0.4386,0.4279,0.4373,19828882.8
2024-05-14 08:00:00,0.4374,0.4385,0.4326,0.433,8609244.7
2024-05-14 12:00:00,0.4329,0.4364,0.4279,0.4359,21456850.5
2024-05-14 16:00:00,0.436,0.4361,0.4287,0.4313,8168951.0
2024-05-14 20:00:00,0.4313,0.4315,0.426,0.4285,5861016.6
2024-05-15 00:00:00,0.4285,0.4307,0.4258,0.4306,5830263.4
2024-05-15 04:00:00,0.4306,0.4316,0.4273,0.4311,5958298.8
2024-05-15 08:00:00,0.431,0.4364,0.4287,0.4309,11014831.9
2024-05-15 12:00:00,0.4309,0.4481,0.43,0.4457,31377050.2
2024-05-15 16:00:00,0.4458,0.4524,0.4452,0.4521,16898710.8
2024-05-15 20:00:00,0.4521,0.4558,0.4504,0.4524,16869179.0
2024-05-16 00:00:00,0.4525,0.4586,0.4524,0.4579,14202028.3
2024-05-16 04:00:00,0.4579,0.4627,0.4564,0.4572,18913546.2
2024-05-16 08:00:00,0.4572,0.4581,0.4539,0.4553,11255603.8
2024-05-16 12:00:00,0.4551,0.456,0.4485,0.4554,22460694.8
2024-05-16 16:00:00,0.4554,0.46,0.4527,0.4581,14673137.4
2024-05-16 20:00:00,0.4582,0.4617,0.454,0.4597,12514222.4
2024-05-17 00:00:00,0.4598,0.4615,0.455,0.4602,10637155.0
2024-05-17 04:00:00,0.4602,0.4817,0.4602,0.4805,31034834.3
2024-05-17 08:00:00,0.4806,0.4907,0.4768,0.4877,27193527.9
2024-05-17 12:00:00,0.4877,0.4886,0.4781,0.4832,22006394.1
2024-05-17 16:00:00,0.4832,0.4849,0.4796,0.4835,10540730.8
2024-05-17 20:00:00,0.4835,0.4835,0.4804,0.4824,7267699.6
2024-05-18 00:00:00,0.4825,0.4857,0.4789,0.4855,7691627.1
2024-05-18 04:00:00,0.4855,0.4858,0.48,0.4805,6820145.6
2024-05-18 08:00:00,0.4805,0.486,0.4802,0.4838,7126978.6
2024-05-18 12:00:00,0.4838,0.4842,0.4755,0.4811,13725114.9
2024-05-18 16:00:00,0.4811,0.4844,0.4811,0.4837,5483722.6
2024-05-18 20:00:00,0.4836,0.484,0.4806,0.482,5074771.9
2024-05-19 00:00:00,0.4819,0.484,0.479,0.4822,6760507.7
2024-05-19 04:00:00,0.4821,0.4827,0.4765,0.4802,5144373.0
2024-05-19 08:00:00,0.4801,0.4802,0.474,0.4776,11723236.7
2024-05-19 12:00:00,0.4776,0.4781,0.4685,0.4707,10485848.5
2024-05-19 16:00:00,0.4706,0.4715,0.4647,0.4682,13010796.0
2024-05-19 20:00:00,0.4682,0.471,0.4645,0.4672,5724134.1
2024-05-20 00:00:00,0.4672,0.4719,0.4609,0.4704,11690850.4
2024-05-20 04:00:00,0.4703,0.4779,0.4605,0.4672,30455239.6
2024-05-20 08:00:00,0.4671,0.47,0.4661,0.4671,8800007.8
2024-05-20 12:00:00,0.4671,0.4687,0.4636,0.4685,10674789.5
2024-05-20 16:00:00,0.4685,0.4906,0.4677,0.4896,42140025.9
2024-05-20 20:00:00,0.4896,0.5033,0.4826,0.502,48638519.4
2024-05-21 00:00:00,0.5021,0.5102,0.4968,0.4985,29244827.0
2024-05-21 04:00:00,0.4986,0.5019,0.4944,0.5012,18299484.2
2024-05-21 08:00:00,0.5013,0.5051,0.5005,0.501,21420440.6
2024-05-21 12:00:00,0.501,0.5106,0.4956,0.4975,33639144.3
2024-05-21 16:00:00,0.4975,0.5052,0.4927,0.4954,21489373.4
2024-05-21 20:00:00,0.4955,0.4993,0.4906,0.4946,16827144.6
2024-05-22 00:00:00,0.4946,0.4954,0.4912,0.4919,12001751.3
2024-05-22 04:00:00,0.4919,0.4933,0.4815,0.4901,19343622.8
2024-05-22 08:00:00,0.49,0.4917,0.4819,0.482,12569314.0
2024-05-22 12:00:00,0.482,0.4862,0.4746,0.4838,31553180.6
2024-05-22 16:00:00,0.4839,0.4869,0.4764,0.4818,13709453.1
2024-05-22 20:00:00,0.4819,0.4846,0.477,0.4835,11606307.6
2024-05-23 00:00:00,0.4835,0.4878,0.4811,0.4868,8037495.2
2024-05-23 04:00:00,0.4868,0.4882,0.4825,0.4852,8214456.9
2024-05-23 08:00:00,0.4853,0.4859,0.4755,0.4851,17056823.4
2024-05-23 12:00:00,0.4852,0.4885,0.46,0.468,48542056.7
2024-05-23 16:00:00,0.4679,0.4688,0.454,0.4601,25989014.3
2024-05-23 20:00:00,0.46,0.468,0.444,0.4656,56552424.1
2024-05-24 00:00:00,0.4655,0.4696,0.4625,0.4674,10184831.9
2024-05-24 04:00:00,0.4674,0.4691,0.4541,0.4615,18296019.6
2024-05-24 08:00:00,0.4615,0.4641,0.4545,0.4638,9180250.9
2024-05-24 12:00:00,0.4637,0.4644,0.4569,0.459,14982787.8
2024-05-24 16:00:00,0.4591,0.4638,0.4547,0.4609,15899388.2
2024-05-24 20:00:00,0.4608,0.4621,0.4577,0.4601,10461236.4
2024-05-25 00:00:00,0.4601,0.4621,0.4574,0.462,6844745.3
2024-05-25 04:00:00,0.462,0.4645,0.4611,0.4625,6615242.0
2024-05-25 08:00:00,0.4625,0.4647,0.4608,0.4615,10733365.9
2024-05-25 12:00:00,0.4616,0.4617,0.4572,0.4597,13678210.0
2024-05-25 16:00:00,0.4598,0.4609,0.4585,0.4599,10068049.3
2024-05-25 20:00:00,0.4599,0.4625,0.4588,0.4623,4930788.8
2024-05-26 00:00:00,0.4623,0.4627,0.458,0.4605,6670406.2
2024-05-26 04:00:00,0.4604,0.4619,0.4578,0.4612,6416188.4
2024-05-26 08:00:00,0.4611,0.4629,0.4573,0.4612,8519535.7
2024-05-26 12:00:00,0.4612,0.463,0.4572,0.4595,10840748.8
2024-05-26 16:00:00,0.4596,0.4608,0.4576,0.4587,6636895.2
2024-05-26 20:00:00,0.4587,0.4605,0.455,0.4581,8821464.5
2024-05-27 00:00:00,0.4581,0.4644,0.458,0.4622,7604318.4
2024-05-27 04:00:00,0.4623,0.4636,0.4566,0.4589,7845927.8
2024-05-27 08:00:00,0.4589,0.4621,0.4586,0.4613,9839632.5
2024-05-27 12:00:00,0.4613,0.4726,0.4604,0.4722,24065133.1
2024-05-27 16:00:00,0.4722,0.475,0.4621,0.4646,17967555.3
2024-05-27 20:00:00,0.4645,0.4695,0.4641,0.4683,9871717.0
2024-05-28 00:00:00,0.4683,0.4694,0.4588,0.4609,27513039.8
2024-05-28 04:00:00,0.4609,0.4611,0.4533,0.4555,16776318.6
2024-05-28 08:00:00,0.4555,0.4634,0.4546,0.4597,19120666.4
2024-05-28 12:00:00,0.4596,0.4609,0.4524,0.4579,21226254.5
2024-05-28 16:00:00,0.4579,0.4591,0.452,0.4577,12356514.8
2024-05-28 20:00:00,0.4578,0.4593,0.4565,0.4576,6521415.3
2024-05-29 00:00:00,0.4577,0.4619,0.457,0.4611,8155014.9
2024-05-29 04:00:00,0.461,0.4639,0.4592,0.4592,12007249.9
2024-05-29 08:00:00,0.4592,0.4642,0.4549,0.4602,16458747.0
2024-05-29 12:00:00,0.4602,0.4637,0.4551,0.4556,19758818.1
2024-05-29 16:00:00,0.4556,0.457,0.452,0.4525,20126615.9
2024-05-29 20:00:00,0.4525,0.4543,0.45,0.4512,9976868.2
2024-05-30 00:00:00,0.451,0.4554,0.4503,0.4544,7750485.4
2024-05-30 04:00:00,0.4545,0.4556,0.4438,0.4458,25431554.0
2024-05-30 08:00:00,0.4457,0.4527,0.4432,0.4483,22814546.9
2024-05-30 12:00:00,0.4484,0.4523,0.4467,0.4505,12562613.0
2024-05-30 16:00:00,0.4505,0.4551,0.4496,0.4515,10903923.5
2024-05-30 20:00:00,0.4514,0.4515,0.4452,0.4465,9289353.6
2024-05-31 00:00:00,0.4465,0.4527,0.4445,0.4497,12797601.8
2024-05-31 04:00:00,0.4498,0.4504,0.4448,0.4484,6236029.0
2024-05-31 08:00:00,0.4485,0.4519,0.4465,0.451,7655938.0
2024-05-31 12:00:00,0.4511,0.4559,0.4463,0.4464,18258957.9
2024-05-31 16:00:00,0.4465,0.4497,0.4436,0.4491,10674698.3
2024-05-31 20:00:00,0.4491,0.4508,0.446,0.447,7230827.2
2024-06-01 00:00:00,0.447,0.4483,0.445,0.4476,5334612.0
2024-06-01 04:00:00,0.4476,0.45,0.4469,0.4483,4540118.1
2024-06-01 08:00:00,0.4482,0.4493,0.4472,0.4486,3839419.8
2024-06-01 12:00:00,0.4486,0.4507,0.4482,0.4485,6812974.9
2024-06-01 16:00:00,0.4486,0.4502,0.448,0.4497,4931839.5
2024-06-01 20:00:00,0.4497,0.4533,0.4495,0.4499,5671945.3
2024-06-02 00:00:00,0.4499,0.4532,0.4496,0.4524,5484702.0
2024-06-02 04:00:00,0.4524,0.4541,0.451,0.4519,6783111.3
2024-06-02 08:00:00,0.4519,0.4534,0.4479,0.4528,12408308.6
2024-06-02 12:00:00,0.4528,0.4533,0.4494,0.4509,7953014.3
2024-06-02 16:00:00,0.4509,0.4513,0.4406,0.4449,19479416.2
2024-06-02 20:00:00,0.4449,0.4477,0.4422,0.4465,7255141.1
2024-06-03 00:00:00,0.4465,0.453,0.4434,0.45,12138836.1
2024-06-03 04:00:00,0.45,0.4558,0.4478,0.4534,12161122.3
2024-06-03 08:00:00,0.4535,0.4571,0.452,0.4534,10634485.1
2024-06-03 12:00:00,0.4534,0.4558,0.4478,0.4529,17897279.2
2024-06-03 16:00:00,0.453,0.4627,0.4493,0.4623,11931619.9
2024-06-03 20:00:00,0.4624,0.4632,0.4564,0.4573,10408232.8
2024-06-04 00:00:00,0.4574,0.4616,0.4561,0.461,6112402.1
2024-06-04 04:00:00,0.461,0.461,0.4549,0.4567,9412896.2
2024-06-04 08:00:00,0.4567,0.4573,0.4526,0.456,10171253.5
2024-06-04 12:00:00,0.456,0.4615,0.4544,0.461,14458587.1
2024-06-04 16:00:00,0.461,0.4656,0.4591,0.4631,12967472.7
2024-06-04 20:00:00,0.4631,0.4632,0.4591,0.4615,8464640.0
2024-06-05 00:00:00,0.4615,0.4654,0.4608,0.4629,10923534.1
2024-06-05 04:00:00,0.4629,0.4644,0.4603,0.4625,10888680.3
2024-06-05 08:00:00,0.4624,0.4625,0.459,0.4605,8636069.9
2024-06-05 12:00:00,0.4605,0.4629,0.457,0.4616,14892894.7
2024-06-05 16:00:00,0.4616,0.4633,0.46,0.4629,8886885.7
2024-06-05 20:00:00,0.463,0.4637,0.4597,0.4613,8797213.0
2024-06-06 00:00:00,0.4612,0.4621,0.4595,0.4596,6760621.9
2024-06-06 04:00:00,0.4595,0.4605,0.4572,0.4591,7635383.8
2024-06-06 08:00:00,0.4592,0.4595,0.4572,0.4591,6024461.3
2024-06-06 12:00:00,0.4591,0.462,0.4578,0.4603,12843099.5
2024-06-06 16:00:00,0.4602,0.4616,0.4535,0.454,14149874.4
2024-06-06 20:00:00,0.454,0.4593,0.4505,0.4582,13083066.6
2024-06-07 00:00:00,0.4582,0.4609,0.4563,0.4582,6891183.3
2024-06-07 04:00:00,0.4582,0.4648,0.4578,0.4616,11777859.6
2024-06-07 08:00:00,0.4617,0.4873,0.4616,0.4839,60393018.3
2024-06-07 12:00:00,0.484,0.49,0.4743,0.4788,56454212.5
2024-06-07 16:00:00,0.4787,0.4802,0.4253,0.4491,90915158.1
2024-06-07 20:00:00,0.449,0.4517,0.4469,0.4492,13270119.7
2024-06-08 00:00:00,0.4493,0.4493,0.4436,0.4469,15694509.6
2024-06-08 04:00:00,0.4469,0.4476,0.4427,0.4457,10772091.5
2024-06-08 08:00:00,0.4456,0.4456,0.4336,0.4348,19501077.1
2024-06-08 12:00:00,0.4347,0.4389,0.4322,0.436,24323592.3
2024-06-08 16:00:00,0.4359,0.4369,0.4325,0.4345,11611536.6
2024-06-08 20:00:00,0.4345,0.4371,0.4333,0.4368,7339141.7
2024-06-09 00:00:00,0.4367,0.4386,0.4342,0.4355,8270987.1
2024-06-09 04:00:00,0.4354,0.4384,0.4318,0.4376,6446685.5
2024-06-09 08:00:00,0.4375,0.4435,0.4364,0.4405,9601850.6
2024-06-09 12:00:00,0.4405,0.4421,0.4378,0.4397,6574283.8
2024-06-09 16:00:00,0.4398,0.4459,0.4393,0.4449,6540984.2
2024-06-09 20:00:00,0.445,0.4462,0.4435,0.4442,4821791.0
2024-06-10 00:00:00,0.4442,0.4452,0.4403,0.4412,8580005.0
2024-06-10 04:00:00,0.4413,0.4424,0.4349,0.4359,13955770.5
2024-06-10 08:00:00,0.4358,0.4513,0.4353,0.4468,23592996.4
2024-06-10 12:00:00,0.4467,0.449,0.4386,0.4473,21043734.3
2024-06-10 16:00:00,0.4473,0.4479,0.4401,0.4407,9005196.3
2024-06-10 20:00:00,0.4407,0.4415,0.4373,0.4406,10791722.8
2024-06-11 00:00:00,0.4406,0.4419,0.4292,0.4348,31431904.2
2024-06-11 04:00:00,0.4348,0.4348,0.425,0.4319,22302987.2
2024-06-11 08:00:00,0.4319,0.4335,0.4275,0.4295,14775834.9
2024-06-11 12:00:00,0.4295,0.4306,0.4132,0.4192,43396320.8
2024-06-11 16:00:00,0.4191,0.4231,0.4128,0.4223,20044318.4
2024-06-11 20:00:00,0.4223,0.4227,0.4206,0.422,6615973.5
2024-06-12 00:00:00,0.4219,0.425,0.4144,0.4245,14592142.8
2024-06-12 04:00:00,0.4245,0.4263,0.4235,0.426,7758119.3
2024-06-12 08:00:00,0.426,0.429,0.4245,0.4251,9127838.0
2024-06-12 12:00:00,0.4252,0.4436,0.4251,0.4405,35523391.3
2024-06-12 16:00:00,0.4405,0.4445,0.4312,0.4333,43592466.2
2024-06-12 20:00:00,0.4332,0.4394,0.4315,0.4378,11019647.7
2024-06-13 00:00:00,0.4377,0.4392,0.4264,0.4311,22603044.6
2024-06-13 04:00:00,0.4312,0.4338,0.4287,0.4313,14772233.5
2024-06-13 08:00:00,0.4313,0.4343,0.4277,0.4294,21940135.3
2024-06-13 12:00:00,0.4294,0.4342,0.4197,0.4209,28954261.7
2024-06-13 16:00:00,0.4209,0.4263,0.4191,0.4239,14614621.5
2024-06-13 20:00:00,0.4238,0.425,0.4191,0.421,7755538.4
2024-06-14 00:00:00,0.4209,0.4243,0.4184,0.4206,9967907.1
2024-06-14 04:00:00,0.4207,0.4248,0.4207,0.4221,9258052.3
2024-06-14 08:00:00,0.4222,0.4244,0.4213,0.4226,9572516.5
2024-06-14 12:00:00,0.4226,0.4241,0.4122,0.4137,19216011.5
2024-06-14 16:00:00,0.4137,0.4143,0.4,0.4047,52872882.3
2024-06-14 20:00:00,0.4047,0.4147,0.4046,0.412,16035438.7
2024-06-15 00:00:00,0.4121,0.4127,0.4082,0.4121,6767868.3
2024-06-15 04:00:00,0.4121,0.4158,0.4109,0.4117,13799339.8
2024-06-15 08:00:00,0.4117,0.413,0.4099,0.4112,5664152.1
2024-06-15 12:00:00,0.4111,0.4134,0.4092,0.412,9323446.9
2024-06-15 16:00:00,0.4121,0.415,0.411,0.4138,6512255.5
2024-06-15 20:00:00,0.4138,0.4145,0.4112,0.414,5122901.1
2024-06-16 00:00:00,0.414,0.4144,0.4104,0.4108,6566176.2
2024-06-16 04:00:00,0.4108,0.4148,0.409,0.4125,4331920.0
2024-06-16 08:00:00,0.4126,0.4155,0.4115,0.4148,5044823.2
2024-06-16 12:00:00,0.4148,0.4178,0.4142,0.4165,9906297.3
2024-06-16 16:00:00,0.4164,0.4166,0.4143,0.4164,4314093.5
2024-06-16 20:00:00,0.4163,0.4193,0.4153,0.4168,7477623.0
2024-06-17 00:00:00,0.4167,0.4187,0.4118,0.4123,12238938.6
2024-06-17 04:00:00,0.4123,0.4139,0.4062,0.4104,10962102.3
2024-06-17 08:00:00,0.4104,0.4111,0.4006,0.4048,22034711.7
2024-06-17 12:00:00,0.4048,0.4054,0.399,0.4002,22202379.9
2024-06-17 16:00:00,0.4002,0.421,0.3901,0.4126,43787631.0
2024-06-17 20:00:00,0.4126,0.4128,0.4008,0.4013,12799524.4
2024-06-18 00:00:00,0.4013,0.4027,0.3575,0.379,98581635.9
2024-06-18 04:00:00,0.379,0.3816,0.3765,0.3795,20056109.2
2024-06-18 08:00:00,0.3795,0.3813,0.3711,0.3748,19405161.3
2024-06-18 12:00:00,0.3748,0.3768,0.366,0.3749,39532264.2
2024-06-18 16:00:00,0.3748,0.3756,0.3674,0.3741,22132537.6
2024-06-18 20:00:00,0.3741,0.3854,0.3732,0.3837,16163999.8
2024-06-19 00:00:00,0.3836,0.3939,0.3801,0.3923,20358357.9
2024-06-19 04:00:00,0.3925,0.3978,0.3925,0.3925,11048425.0
2024-06-19 08:00:00,0.3926,0.3927,0.3839,0.3854,20262618.8
2024-06-19 12:00:00,0.3854,0.388,0.3809,0.3834,15324051.9
2024-06-19 16:00:00,0.3834,0.3902,0.3818,0.3864,9776199.2
2024-06-19 20:00:00,0.3863,0.3886,0.3823,0.3844,8052096.2
2024-06-20 00:00:00,0.3845,0.3905,0.3826,0.388,14613487.7
2024-06-20 04:00:00,0.388,0.3949,0.387,0.3932,11045998.1
2024-06-20 08:00:00,0.3933,0.3974,0.3901,0.3938,15168551.8
2024-06-20 12:00:00,0.3938,0.3946,0.3811,0.3816,18995636.9
2024-06-20 16:00:00,0.3816,0.3889,0.3772,0.3874,16374018.9
2024-06-20 20:00:00,0.3873,0.3882,0.3838,0.3844,5590680.3
2024-06-21 00:00:00,0.3844,0.3878,0.3813,0.3871,9523862.0
2024-06-21 04:00:00,0.3871,0.3909,0.3844,0.3865,9505359.6
2024-06-21 08:00:00,0.3865,0.388,0.3796,0.3848,15428967.4
2024-06-21 12:00:00,0.3847,0.3855,0.3756,0.3803,21601006.1
2024-06-21 16:00:00,0.3804,0.3823,0.3736,0.3783,12869813.5
2024-06-21 20:00:00,0.3783,0.3814,0.3755,0.376,8175491.7
2024-06-22 00:00:00,0.376,0.3775,0.3714,0.3734,14704092.7
2024-06-22 04:00:00,0.3734,0.3779,0.3729,0.3763,6500676.5
2024-06-22 08:00:00,0.3763,0.3778,0.374,0.3773,6196509.2
2024-06-22 12:00:00,0.3773,0.3912,0.3767,0.3862,37344698.7
2024-06-22 16:00:00,0.3864,0.3886,0.3837,0.3857,7917145.9
2024-06-22 20:00:00,0.3858,0.387,0.3844,0.3846,4237863.8
2024-06-23 00:00:00,0.3847,0.3906,0.3831,0.3894,10700046.1
2024-06-23 04:00:00,0.3894,0.3912,0.3879,0.3886,7265740.1
2024-06-23 08:00:00,0.3886,0.3934,0.3866,0.3876,9884611.4
2024-06-23 12:00:00,0.3876,0.3883,0.3844,0.3867,7208054.5
2024-06-23 16:00:00,0.3867,0.3884,0.3832,0.3861,6875716.5
2024-06-23 20:00:00,0.3862,0.3863,0.3785,0.38,14659663.9
2024-06-24 00:00:00,0.3801,0.3817,0.3756,0.3801,12441637.8
2024-06-24 04:00:00,0.3801,0.3805,0.37,0.3737,14669429.2
2024-06-24 08:00:00,0.3738,0.3783,0.361,0.3726,34464626.2
2024-06-24 12:00:00,0.3725,0.38,0.3698,0.3708,16921260.1
2024-06-24 16:00:00,0.3707,0.3739,0.3656,0.3687,23273901.4
2024-06-24 20:00:00,0.3687,0.3786,0.3641,0.3777,17569806.7
2024-06-25 00:00:00,0.3777,0.3897,0.3769,0.3872,18011318.9
2024-06-25 04:00:00,0.3872,0.3906,0.3858,0.3893,11348859.0
2024-06-25 08:00:00,0.3893,0.3938,0.3863,0.3931,11458669.5
2024-06-25 12:00:00,0.3931,0.3959,0.39,0.3946,14173782.4
2024-06-25 16:00:00,0.3946,0.3974,0.3928,0.3948,8492372.2
2024-06-25 20:00:00,0.3948,0.3954,0.3909,0.3918,6619335.4
2024-06-26 00:00:00,0.3918,0.3952,0.3905,0.3919,13806132.9
2024-06-26 04:00:00,0.3918,0.3926,0.3882,0.3902,7497735.0
2024-06-26 08:00:00,0.3902,0.3921,0.3871,0.3883,9743915.1
2024-06-26 12:00:00,0.3882,0.3965,0.387,0.3883,25595554.3
2024-06-26 16:00:00,0.3883,0.3903,0.3824,0.3902,13647699.9
2024-06-26 20:00:00,0.3902,0.3925,0.3838,0.385,10020679.6
2024-06-27 00:00:00,0.385,0.386,0.381,0.382,7645036.4
2024-06-27 04:00:00,0.382,0.3823,0.3777,0.3787,11228384.7
2024-06-27 08:00:00,0.3787,0.3827,0.3778,0.3801,14682930.3
2024-06-27 12:00:00,0.3801,0.3941,0.38,0.3862,33506182.7
2024-06-27 16:00:00,0.3862,0.3928,0.3846,0.3911,9746207.4
2024-06-27 20:00:00,0.3912,0.393,0.3906,0.3913,6783545.4
2024-06-28 00:00:00,0.3913,0.396,0.3894,0.3917,13314166.4
2024-06-28 04:00:00,0.3918,0.3919,0.3852,0.3869,11479887.2
2024-06-28 08:00:00,0.3869,0.3921,0.3852,0.3903,9508352.3
2024-06-28 12:00:00,0.3902,0.3948,0.3854,0.3919,27666245.6
2024-06-28 16:00:00,0.3921,0.397,0.3896,0.3936,22232401.3
2024-06-28 20:00:00,0.3938,0.3948,0.3851,0.3858,7946394.3
2024-06-29 00:00:00,0.3858,0.4039,0.3856,0.4006,19978318.6
2024-06-29 04:00:00,0.4006,0.4021,0.3936,0.3947,21228420.1
2024-06-29 08:00:00,0.3946,0.3986,0.3936,0.398,6565398.5
2024-06-29 12:00:00,0.398,0.3981,0.3895,0.3907,7152922.6
2024-06-29 16:00:00,0.3908,0.3908,0.386,0.3878,6363465.0
2024-06-29 20:00:00,0.3877,0.3886,0.3832,0.3841,9335902.0
2024-06-30 00:00:00,0.384,0.385,0.3785,0.3815,8232720.7
2024-06-30 04:00:00,0.3814,0.389,0.3802,0.3877,7872316.8
2024-06-30 08:00:00,0.3878,0.3891,0.3845,0.3854,6860978.6
2024-06-30 12:00:00,0.3853,0.3876,0.3834,0.3866,8141782.7
2024-06-30 16:00:00,0.3868,0.3872,0.3841,0.3868,6531893.4
2024-06-30 20:00:00,0.3868,0.3944,0.385,0.3924,14496461.0
2024-07-01 00:00:00,0.3925,0.4026,0.3915,0.3995,15414768.1
2024-07-01 04:00:00,0.3996,0.4009,0.3955,0.3981,8997205.4
2024-07-01 08:00:00,0.3981,0.4029,0.3966,0.3992,13714153.4
2024-07-01 12:00:00,0.3992,0.4038,0.3977,0.4035,10913313.7
2024-07-01 16:00:00,0.4035,0.4086,0.4021,0.4044,13992271.7
2024-07-01 20:00:00,0.4043,0.4068,0.4019,0.4032,7884189.4
2024-07-02 00:00:00,0.4033,0.4094,0.4027,0.4079,8711546.9
2024-07-02 04:00:00,0.4079,0.4093,0.4057,0.407,6175589.2
2024-07-02 08:00:00,0.4069,0.4161,0.4064,0.4156,14505631.7
2024-07-02 12:00:00,0.4156,0.4192,0.4116,0.4131,21022975.1
2024-07-02 16:00:00,0.4132,0.419,0.4115,0.4172,10418907.0
2024-07-02 20:00:00,0.4173,0.4198,0.4167,0.4184,6653055.9
2024-07-03 00:00:00,0.4184,0.4235,0.4129,0.416,16573170.3
2024-07-03 04:00:00,0.416,0.4181,0.4101,0.4153,9513758.7
2024-07-03 08:00:00,0.4153,0.4172,0.403,0.4079,28285081.8
2024-07-03 12:00:00,0.4078,0.4125,0.4021,0.4066,14734039.7
2024-07-03 16:00:00,0.4065,0.4112,0.4018,0.4038,16459648.2
2024-07-03 20:00:00,0.404,0.4096,0.4001,0.4069,13153153.2
2024-07-04 00:00:00,0.407,0.4139,0.3861,0.3971,34979765.1
2024-07-04 04:00:00,0.3971,0.3972,0.3892,0.3935,17549730.6
2024-07-04 08:00:00,0.3934,0.396,0.3884,0.3899,20509685.7
2024-07-04 12:00:00,0.3899,0.3901,0.3738,0.3864,34474324.6
2024-07-04 16:00:00,0.3863,0.3863,0.3754,0.3778,16205994.0
2024-07-04 20:00:00,0.3778,0.3805,0.3614,0.3623,25697021.3
2024-07-05 00:00:00,0.3622,0.3623,0.3186,0.324,146006887.6
2024-07-05 04:00:00,0.3239,0.336,0.3165,0.3311,63813425.9
2024-07-05 08:00:00,0.3311,0.3497,0.3199,0.3488,47618930.7
2024-07-05 12:00:00,0.3488,0.3542,0.3423,0.3535,36043152.8
2024-07-05 16:00:00,0.3534,0.3558,0.3485,0.3505,17117603.3
2024-07-05 20:00:00,0.3505,0.3516,0.3473,0.3501,12682253.3
2024-07-06 00:00:00,0.3501,0.3587,0.3464,0.3503,13423035.1
2024-07-06 04:00:00,0.3504,0.3554,0.3477,0.3534,18186784.9
2024-07-06 08:00:00,0.3534,0.3597,0.3495,0.3578,14257804.7
2024-07-06 12:00:00,0.3577,0.3622,0.3544,0.3598,14679820.4
2024-07-06 16:00:00,0.3598,0.3733,0.3586,0.3724,20013060.2
2024-07-06 20:00:00,0.3724,0.373,0.3696,0.3707,10360746.2
2024-07-07 00:00:00,0.3707,0.3716,0.3657,0.3703,13617633.8
2024-07-07 04:00:00,0.3704,0.3713,0.3631,0.365,10697188.9
2024-07-07 08:00:00,0.3651,0.3685,0.3638,0.3658,7455199.4
2024-07-07 12:00:00,0.3658,0.3677,0.3519,0.3561,20370264.3
2024-07-07 16:00:00,0.3563,0.3626,0.3553,0.356,8031615.2
2024-07-07 20:00:00,0.356,0.3578,0.3444,0.3466,14272033.0
2024-07-08 00:00:00,0.3467,0.3477,0.3301,0.3439,40639310.6
2024-07-08 04:00:00,0.3438,0.3534,0.3422,0.3509,21145664.0
2024-07-08 08:00:00,0.3509,0.3793,0.3502,0.3768,43756498.5
2024-07-08 12:00:00,0.3769,0.3802,0.3574,0.3608,48080117.7
2024-07-08 16:00:00,0.3609,0.3679,0.3586,0.367,15221047.1
2024-07-08 20:00:00,0.3671,0.372,0.3658,0.3691,9947020.1
2024-07-09 00:00:00,0.3691,0.3722,0.3626,0.37,18897566.8
2024-07-09 04:00:00,0.3701,0.3744,0.3694,0.3715,9779197.4
2024-07-09 08:00:00,0.3716,0.3766,0.3707,0.3741,10169234.1
2024-07-09 12:00:00,0.3741,0.3781,0.3684,0.3741,15341393.2
2024-07-09 16:00:00,0.3741,0.3809,0.3731,0.3807,10585170.4
2024-07-09 20:00:00,0.3807,0.3809,0.3738,0.3754,6722523.1
2024-07-10 00:00:00,0.3755,0.3786,0.3717,0.3778,6882419.7
2024-07-10 04:00:00,0.3777,0.3867,0.3777,0.3823,20330091.6
2024-07-10 08:00:00,0.3824,0.3858,0.3808,0.3826,10474692.3
2024-07-10 12:00:00,0.3825,0.3865,0.3805,0.3851,12735586.1
2024-07-10 16:00:00,0.385,0.3878,0.3838,0.3859,6733263.1
2024-07-10 20:00:00,0.3858,0.39,0.3827,0.3885,6202926.8
2024-07-11 00:00:00,0.3885,0.3958,0.3844,0.3885,18016632.2
2024-07-11 04:00:00,0.3884,0.3932,0.3874,0.3928,6014249.5
2024-07-11 08:00:00,0.3928,0.397,0.3914,0.3959,10325263.0
2024-07-11 12:00:00,0.3958,0.405,0.3919,0.3933,32594435.2
2024-07-11 16:00:00,0.3933,0.4005,0.3902,0.3956,10785751.3
2024-07-11 20:00:00,0.3956,0.3975,0.3916,0.3959,9831205.5
2024-07-12 00:00:00,0.396,0.403,0.3932,0.398,17294538.1
2024-07-12 04:00:00,0.3981,0.4022,0.3943,0.3988,10998913.4
2024-07-12 08:00:00,0.3988,0.4022,0.3972,0.3984,14876230.0
2024-07-12 12:00:00,0.3984,0.4111,0.3975,0.4089,23170987.3
2024-07-12 16:00:00,0.409,0.4181,0.4081,0.4155,16925801.3
2024-07-12 20:00:00,0.4155,0.417,0.4096,0.4165,17631694.3
2024-07-13 00:00:00,0.4166,0.4178,0.4116,0.412,6607844.9
2024-07-13 04:00:00,0.412,0.4263,0.4115,0.4245,14968880.5
2024-07-13 08:00:00,0.4244,0.4255,0.4193,0.4199,13439935.7
2024-07-13 12:00:00,0.42,0.4376,0.4193,0.4339,18943278.2
2024-07-13 16:00:00,0.4339,0.4464,0.4311,0.4453,23679652.2
2024-07-13 20:00:00,0.4453,0.4454,0.4356,0.4416,20496359.6
2024-07-14 00:00:00,0.4416,0.445,0.4279,0.4285,19872864.7
2024-07-14 04:00:00,0.4285,0.4325,0.428,0.4307,10243728.2
2024-07-14 08:00:00,0.4308,0.4385,0.4294,0.4299,30679634.8
2024-07-14 12:00:00,0.43,0.4311,0.4248,0.4302,17824473.4
2024-07-14 16:00:00,0.4302,0.4335,0.429,0.4333,8866672.8
2024-07-14 20:00:00,0.4333,0.439,0.4311,0.4317,14053031.5
2024-07-15 00:00:00,0.4317,0.4397,0.4311,0.4347,15347580.9
2024-07-15 04:00:00,0.4347,0.442,0.4331,0.438,24999686.9
2024-07-15 08:00:00,0.4381,0.4394,0.4313,0.4316,16041232.1
2024-07-15 12:00:00,0.4316,0.4436,0.431,0.435,35575687.8
2024-07-15 16:00:00,0.435,0.4386,0.4335,0.4352,18377142.3
2024-07-15 20:00:00,0.4352,0.4458,0.4349,0.4449,15224909.6
2024-07-16 00:00:00,0.4449,0.4526,0.4389,0.4516,25174544.2
2024-07-16 04:00:00,0.4517,0.4524,0.4287,0.4308,23598236.9
2024-07-16 08:00:00,0.4308,0.4344,0.4264,0.432,16453640.7
2024-07-16 12:00:00,0.4321,0.448,0.4298,0.4471,30742538.1
2024-07-16 16:00:00,0.4472,0.448,0.4386,0.4409,20853503.2
2024-07-16 20:00:00,0.4408,0.4417,0.4342,0.4381,10012126.8
2024-07-17 00:00:00,0.4381,0.448,0.4374,0.4416,16061271.6
2024-07-17 04:00:00,0.4415,0.4505,0.4413,0.4485,15501031.2
2024-07-17 08:00:00,0.4484,0.4499,0.4402,0.445,18410812.0
2024-07-17 12:00:00,0.4451,0.457,0.444,0.4465,26246433.8
2024-07-17 16:00:00,0.4465,0.4469,0.4373,0.4422,16404582.1
2024-07-17 20:00:00,0.4422,0.4437,0.4353,0.4359,12695969.3
2024-07-18 00:00:00,0.4359,0.4434,0.4358,0.4413,8007485.7
2024-07-18 04:00:00,0.4414,0.4498,0.4346,0.4419,16809338.5
2024-07-18 08:00:00,0.442,0.4429,0.4357,0.44,11258677.1
2024-07-18 12:00:00,0.44,0.4424,0.4247,0.4258,19889282.6
2024-07-18 16:00:00,0.4257,0.4289,0.4201,0.4219,16943277.6
2024-07-18 20:00:00,0.4218,0.4265,0.4199,0.4234,7714577.9
2024-07-19 00:00:00,0.4235,0.4266,0.4145,0.4263,12162913.6
2024-07-19 04:00:00,0.4262,0.4288,0.42,0.4218,13083722.7
2024-07-19 08:00:00,0.4217,0.4234,0.416,0.4209,10935415.7
2024-07-19 12:00:00,0.4209,0.4323,0.4187,0.4315,18258918.9
2024-07-19 16:00:00,0.4314,0.4409,0.4313,0.4405,16342493.6
2024-07-19 20:00:00,0.4405,0.4429,0.4368,0.439,9565674.1
2024-07-20 00:00:00,0.4389,0.4392,0.4344,0.4386,7509710.0
2024-07-20 04:00:00,0.4386,0.4419,0.4373,0.4391,5267516.4
2024-07-20 08:00:00,0.439,0.4409,0.4319,0.4322,8036448.1
2024-07-20 12:00:00,0.4322,0.4342,0.4275,0.4341,13485253.6
2024-07-20 16:00:00,0.4341,0.4399,0.4318,0.4352,12451912.1
2024-07-20 20:00:00,0.4352,0.4388,0.434,0.4373,7385596.9
2024-07-21 00:00:00,0.4373,0.439,0.434,0.4363,5472660.9
2024-07-21 04:00:00,0.4363,0.4366,0.4284,0.4302,8047927.6
2024-07-21 08:00:00,0.4303,0.4334,0.4292,0.4307,5837670.0
2024-07-21 12:00:00,0.4306,0.4337,0.4259,0.4301,9176790.4
2024-07-21 16:00:00,0.4301,0.4346,0.4166,0.4276,27990275.1
2024-07-21 20:00:00,0.4275,0.449,0.4267,0.4469,28836670.3
2024-07-22 00:00:00,0.447,0.4504,0.4384,0.4387,16843888.1
2024-07-22 04:00:00,0.4387,0.4406,0.4291,0.4341,13214873.0
2024-07-22 08:00:00,0.4342,0.4388,0.4313,0.4376,10445770.5
2024-07-22 12:00:00,0.4376,0.4389,0.4284,0.4298,17954071.5
2024-07-22 16:00:00,0.4298,0.4334,0.4282,0.4334,9798425.8
2024-07-22 20:00:00,0.4334,0.4336,0.4234,0.4262,10829006.1
2024-07-23 00:00:00,0.4261,0.4296,0.4247,0.4262,6306695.2
2024-07-23 04:00:00,0.4261,0.4278,0.4176,0.4196,14427680.5
2024-07-23 08:00:00,0.4197,0.4276,0.4187,0.4255,13004358.5
2024-07-23 12:00:00,0.4254,0.4256,0.415,0.4159,20733947.9
2024-07-23 16:00:00,0.4159,0.4159,0.4028,0.4093,22856205.0
2024-07-23 20:00:00,0.4093,0.4119,0.4082,0.41,8723128.4
2024-07-24 00:00:00,0.41,0.411,0.4057,0.4106,10289130.5
2024-07-24 04:00:00,0.4106,0.4203,0.4067,0.4195,21656509.0
2024-07-24 08:00:00,0.4196,0.4217,0.4158,0.4192,18086410.3
2024-07-24 12:00:00,0.4192,0.4206,0.4119,0.4121,13265761.8
2024-07-24 16:00:00,0.4121,0.4155,0.4073,0.4111,15412974.2
2024-07-24 20:00:00,0.411,0.4149,0.4038,0.4063,18486602.4
2024-07-25 00:00:00,0.4062,0.4085,0.3906,0.3943,29074529.6
2024-07-25 04:00:00,0.3943,0.3983,0.3921,0.3965,9517254.7
2024-07-25 08:00:00,0.3964,0.398,0.393,0.3951,10305949.1
2024-07-25 12:00:00,0.3951,0.3971,0.3873,0.3931,18469765.4
2024-07-25 16:00:00,0.3931,0.3963,0.3836,0.3872,13617967.7
2024-07-25 20:00:00,0.3873,0.395,0.3816,0.3948,15420712.0
2024-07-26 00:00:00,0.3948,0.4092,0.3944,0.4065,14529956.7
2024-07-26 04:00:00,0.4064,0.4176,0.4058,0.4127,12335914.5
2024-07-26 08:00:00,0.4127,0.4154,0.4112,0.412,8394557.1
2024-07-26 12:00:00,0.4121,0.416,0.4095,0.4147,11424842.8
2024-07-26 16:00:00,0.4147,0.4199,0.4137,0.4183,7068056.9
2024-07-26 20:00:00,0.4183,0.4189,0.4147,0.4172,5425225.1
2024-07-27 00:00:00,0.4172,0.4173,0.4132,0.4152,6788832.9
2024-07-27 04:00:00,0.4152,0.4185,0.4147,0.4166,3918170.3
2024-07-27 08:00:00,0.4166,0.4184,0.4155,0.4183,4180113.1
2024-07-27 12:00:00,0.4183,0.4269,0.4181,0.4227,18072622.0
2024-07-27 16:00:00,0.4228,0.4292,0.4183,0.423,17747658.6
2024-07-27 20:00:00,0.423,0.4247,0.4126,0.4176,120694828.2
2024-07-28 00:00:00,0.4176,0.4207,0.4134,0.4146,6206030.6
2024-07-28 04:00:00,0.4146,0.4155,0.4088,0.4115,9992462.3
2024-07-28 08:00:00,0.4116,0.4133,0.409,0.4112,41845890.6
2024-07-28 12:00:00,0.4111,0.4128,0.4066,0.4078,11085748.0
2024-07-28 16:00:00,0.4077,0.4117,0.4075,0.4103,5275087.7
2024-07-28 20:00:00,0.4104,0.4105,0.4043,0.4073,6245504.1
2024-07-29 00:00:00,0.4072,0.4272,0.4069,0.4226,19683094.2
2024-07-29 04:00:00,0.4226,0.4256,0.4203,0.4227,12635266.3
2024-07-29 08:00:00,0.4226,0.4236,0.4177,0.4181,8301839.3
2024-07-29 12:00:00,0.4181,0.4193,0.406,0.4095,20123848.1
2024-07-29 16:00:00,0.4095,0.4139,0.4048,0.4077,14819500.6
2024-07-29 20:00:00,0.4077,0.4086,0.403,0.4031,8425934.6
2024-07-30 00:00:00,0.4031,0.4077,0.3984,0.4044,11464989.0
2024-07-30 04:00:00,0.4044,0.4059,0.4016,0.4034,5719899.3
2024-07-30 08:00:00,0.4033,0.4057,0.4005,0.4042,11773134.8
2024-07-30 12:00:00,0.4042,0.4069,0.3989,0.4021,11071844.9
2024-07-30 16:00:00,0.4022,0.4062,0.3956,0.4,18402851.8
2024-07-30 20:00:00,0.3999,0.4031,0.394,0.4015,8114472.3
2024-07-31 00:00:00,0.4015,0.4078,0.4002,0.4063,7834399.6
2024-07-31 04:00:00,0.4063,0.4067,0.399,0.4015,10061406.0
2024-07-31 08:00:00,0.4016,0.4032,0.3992,0.4032,4880338.6
2024-07-31 12:00:00,0.4032,0.4069,0.3997,0.4022,10259255.7
2024-07-31 16:00:00,0.4022,0.4053,0.392,0.3952,14979891.6
2024-07-31 20:00:00,0.3951,0.3954,0.3871,0.3882,16010204.2
2024-08-01 00:00:00,0.3881,0.3916,0.3846,0.387,9803542.2
2024-08-01 04:00:00,0.387,0.3883,0.3786,0.3853,16285064.6
2024-08-01 08:00:00,0.3853,0.392,0.385,0.3916,6319728.1
2024-08-01 12:00:00,0.3916,0.3958,0.3775,0.3783,19725672.0
2024-08-01 16:00:00,0.3783,0.3793,0.3681,0.3781,28922876.9
2024-08-01 20:00:00,0.3781,0.3936,0.3766,0.3925,12128779.6
2024-08-02 00:00:00,0.3925,0.3952,0.3814,0.3853,13530335.7
2024-08-02 04:00:00,0.3852,0.3865,0.3755,0.384,15976146.2
2024-08-02 08:00:00,0.3839,0.3884,0.3811,0.3844,12856160.0
2024-08-02 12:00:00,0.3844,0.3863,0.3578,0.3681,50347958.1
2024-08-02 16:00:00,0.368,0.3692,0.3627,0.3663,14619402.3
2024-08-02 20:00:00,0.3664,0.3692,0.3613,0.3636,15176207.3
2024-08-03 00:00:00,0.3637,0.3666,0.3541,0.3665,17521103.1
2024-08-03 04:00:00,0.3664,0.373,0.3652,0.3696,7409134.6
2024-08-03 08:00:00,0.3695,0.3706,0.3667,0.3693,6401503.6
2024-08-03 12:00:00,0.3694,0.3723,0.3592,0.3598,12301182.4
2024-08-03 16:00:00,0.3598,0.3613,0.3489,0.3518,28807441.9
2024-08-03 20:00:00,0.3518,0.3648,0.3506,0.3646,15058405.7
2024-08-04 00:00:00,0.3646,0.3677,0.3611,0.3626,9959243.4
2024-08-04 04:00:00,0.3627,0.3633,0.3567,0.3576,6317867.1
2024-08-04 08:00:00,0.3576,0.3602,0.3555,0.3579,6298670.6
2024-08-04 12:00:00,0.3578,0.3602,0.3461,0.3475,20285400.7
2024-08-04 16:00:00,0.3476,0.3527,0.3335,0.3507,38967033.4
2024-08-04 20:00:00,0.3506,0.3542,0.3432,0.3442,15675199.8
2024-08-05 00:00:00,0.3442,0.346,0.3,0.3078,175218149.1
2024-08-05 04:00:00,0.3078,0.3129,0.2756,0.3077,173321114.1
2024-08-05 08:00:00,0.3078,0.3088,0.2851,0.2959,60933614.2
2024-08-05 12:00:00,0.2959,0.3212,0.2818,0.3195,119484661.2
2024-08-05 16:00:00,0.3196,0.3246,0.306,0.3101,40288436.6
2024-08-05 20:00:00,0.3102,0.32,0.3096,0.3119,22866813.0
2024-08-06 00:00:00,0.3118,0.3309,0.3114,0.3256,30217986.7
2024-08-06 04:00:00,0.3255,0.3347,0.3243,0.3337,18486152.3
2024-08-06 08:00:00,0.3336,0.3336,0.3212,0.3238,20196271.4
2024-08-06 12:00:00,0.3238,0.3368,0.3192,0.3329,30777024.0
2024-08-06 16:00:00,0.3328,0.3369,0.3305,0.3314,12969621.8
2024-08-06 20:00:00,0.3314,0.3359,0.3289,0.331,12738104.8
2024-08-07 00:00:00,0.331,0.3396,0.3266,0.3368,15604448.3
2024-08-07 04:00:00,0.3369,0.3393,0.333,0.334,8544783.4
2024-08-07 08:00:00,0.3341,0.341,0.3326,0.3329,14280598.0
2024-08-07 12:00:00,0.3329,0.3379,0.3212,0.3239,25415843.8
2024-08-07 16:00:00,0.3238,0.325,0.3161,0.3207,16402794.9
2024-08-07 20:00:00,0.3206,0.3293,0.3173,0.3241,27830961.2
2024-08-08 00:00:00,0.3241,0.3395,0.3187,0.3348,21121678.4
2024-08-08 04:00:00,0.3349,0.337,0.3332,0.3342,9167527.7
2024-08-08 08:00:00,0.3343,0.3352,0.3321,0.3323,13170778.3
2024-08-08 12:00:00,0.3324,0.3399,0.3283,0.3397,31629896.7
2024-08-08 16:00:00,0.3397,0.345,0.3391,0.3398,14399620.7
2024-08-08 20:00:00,0.3398,0.3535,0.3393,0.3516,18746927.0
2024-08-09 00:00:00,0.3515,0.3545,0.3484,0.352,17170867.2
2024-08-09 04:00:00,0.3519,0.3521,0.3445,0.3474,10518266.3
2024-08-09 08:00:00,0.3475,0.3478,0.3404,0.3427,13258666.1
2024-08-09 12:00:00,0.3427,0.3463,0.3365,0.3407,15933392.7
2024-08-09 16:00:00,0.3408,0.3485,0.3403,0.3478,10461878.0
2024-08-09 20:00:00,0.3478,0.3497,0.3457,0.3483,8372395.9
2024-08-10 00:00:00,0.3484,0.3524,0.3451,0.3468,8098936.9
2024-08-10 04:00:00,0.3469,0.3475,0.3445,0.3469,5560684.0
2024-08-10 08:00:00,0.347,0.3484,0.3456,0.3478,3507148.4
2024-08-10 12:00:00,0.3478,0.3479,0.3442,0.3457,3980030.1
2024-08-10 16:00:00,0.3456,0.3489,0.3455,0.3479,7037166.0
2024-08-10 20:00:00,0.3479,0.3487,0.3451,0.3457,4740013.0
2024-08-11 00:00:00,0.3456,0.3513,0.345,0.3497,5685631.0
2024-08-11 04:00:00,0.3498,0.3533,0.3493,0.3527,4334621.8
2024-08-11 08:00:00,0.3527,0.3566,0.3466,0.3475,8809761.1
2024-08-11 12:00:00,0.3475,0.3482,0.339,0.3404,9381915.9
2024-08-11 16:00:00,0.3404,0.3428,0.3341,0.3348,10868350.4
2024-08-11 20:00:00,0.3347,0.3349,0.3269,0.3276,18998194.7
2024-08-12 00:00:00,0.3276,0.3324,0.3263,0.3304,9982842.8
2024-08-12 04:00:00,0.3303,0.3363,0.3271,0.3348,10035925.1
2024-08-12 08:00:00,0.3348,0.3433,0.3323,0.3427,11406184.3
2024-08-12 12:00:00,0.3426,0.3447,0.3293,0.3409,26244666.2
2024-08-12 16:00:00,0.341,0.3425,0.3336,0.3358,11374935.3
2024-08-12 20:00:00,0.3359,0.34,0.3319,0.339,6857109.2
2024-08-13 00:00:00,0.3389,0.341,0.3346,0.3353,7800554.8
2024-08-13 04:00:00,0.3354,0.3394,0.3336,0.3373,4189624.4
2024-08-13 08:00:00,0.3373,0.3377,0.3306,0.3337,7800214.8
2024-08-13 12:00:00,0.3337,0.3385,0.3335,0.3367,7559283.2
2024-08-13 16:00:00,0.3367,0.3451,0.3365,0.342,13529112.8
2024-08-13 20:00:00,0.342,0.3431,0.3389,0.34,5900172.1
2024-08-14 00:00:00,0.34,0.3408,0.3361,0.3397,8263866.2
2024-08-14 04:00:00,0.3396,0.3419,0.3386,0.339,5632551.5
2024-08-14 08:00:00,0.339,0.3434,0.338,0.342,7763750.9
2024-08-14 12:00:00,0.342,0.3457,0.3308,0.3377,21132330.8
2024-08-14 16:00:00,0.3377,0.3379,0.3325,0.335,6072532.7
2024-08-14 20:00:00,0.335,0.3363,0.3322,0.3352,3463998.7
2024-08-15 00:00:00,0.3353,0.3419,0.3353,0.3393,5725260.3
2024-08-15 04:00:00,0.3392,0.3392,0.3339,0.3365,5525363.3
2024-08-15 08:00:00,0.3364,0.3387,0.3339,0.3356,9047811.9
2024-08-15 12:00:00,0.3355,0.3394,0.3336,0.3383,14312701.3
2024-08-15 16:00:00,0.3383,0.3391,0.3221,0.3236,25717037.8
2024-08-15 20:00:00,0.3235,0.3268,0.3204,0.3248,13376745.3
2024-08-16 00:00:00,0.3249,0.3264,0.3202,0.3225,9703838.2
2024-08-16 04:00:00,0.3225,0.3369,0.322,0.3349,16875931.5
2024-08-16 08:00:00,0.3349,0.3455,0.3333,0.3342,23832281.9
2024-08-16 12:00:00,0.3341,0.3362,0.3206,0.3242,21289604.4
2024-08-16 16:00:00,0.3241,0.3342,0.3238,0.3319,12176118.2
2024-08-16 20:00:00,0.3318,0.3335,0.3295,0.3301,5303951.0
2024-08-17 00:00:00,0.3301,0.3308,0.3274,0.3286,4881500.5
2024-08-17 04:00:00,0.3286,0.3302,0.3279,0.3299,3776596.0
2024-08-17 08:00:00,0.3299,0.3327,0.3291,0.3318,6044419.6
2024-08-17 12:00:00,0.3317,0.3363,0.3316,0.3354,7532002.5
2024-08-17 16:00:00,0.3354,0.3388,0.3336,0.3352,8615623.1
2024-08-17 20:00:00,0.3352,0.3374,0.3333,0.3373,6712839.6
2024-08-18 00:00:00,0.3374,0.3377,0.3336,0.3336,5054929.6
2024-08-18 04:00:00,0.3336,0.3359,0.3327,0.3349,3502226.7
2024-08-18 08:00:00,0.3349,0.3385,0.3343,0.3375,5523064.0
2024-08-18 12:00:00,0.3374,0.34,0.337,0.3387,7289222.3
2024-08-18 16:00:00,0.3387,0.3398,0.3358,0.3394,4661845.9
2024-08-18 20:00:00,0.3394,0.3394,0.334,0.3342,5368003.3
2024-08-19 00:00:00,0.3342,0.3361,0.3326,0.3338,8679873.5
2024-08-19 04:00:00,0.3339,0.335,0.3306,0.3308,10729493.2
2024-08-19 08:00:00,0.3309,0.3343,0.3276,0.3311,12134231.5
2024-08-19 12:00:00,0.331,0.3348,0.3288,0.3327,11136252.0
2024-08-19 16:00:00,0.3327,0.3378,0.33,0.3354,12192466.5
2024-08-19 20:00:00,0.3354,0.3372,0.3345,0.3367,4557277.6
2024-08-20 00:00:00,0.3367,0.3436,0.3357,0.3414,11658321.7
2024-08-20 04:00:00,0.3414,0.346,0.341,0.3441,10176198.9
2024-08-20 08:00:00,0.3442,0.345,0.3419,0.3442,8748425.2
2024-08-20 12:00:00,0.3441,0.3464,0.3352,0.3392,19040685.7
2024-08-20 16:00:00,0.3393,0.348,0.3386,0.3475,11535769.0
2024-08-20 20:00:00,0.3475,0.3483,0.3432,0.3434,6410120.3
2024-08-21 00:00:00,0.3434,0.349,0.3423,0.3488,8476779.5
2024-08-21 04:00:00,0.3489,0.3605,0.3489,0.359,20299674.0
2024-08-21 08:00:00,0.3589,0.3602,0.3502,0.351,15232337.5
2024-08-21 12:00:00,0.3509,0.3587,0.3491,0.3577,18626609.2
2024-08-21 16:00:00,0.3577,0.3775,0.3565,0.3766,39194898.5
2024-08-21 20:00:00,0.3766,0.377,0.3672,0.3689,18864049.9
2024-08-22 00:00:00,0.3689,0.3743,0.3655,0.3692,13384472.7
2024-08-22 04:00:00,0.3692,0.3697,0.3642,0.3661,12161323.7
2024-08-22 08:00:00,0.3661,0.3743,0.3648,0.3738,14024020.7
2024-08-22 12:00:00,0.3738,0.3759,0.3688,0.3697,19766097.8
2024-08-22 16:00:00,0.3697,0.3727,0.3682,0.3703,6964766.9
2024-08-22 20:00:00,0.3704,0.3775,0.3699,0.3763,8617522.2
2024-08-23 00:00:00,0.3763,0.3795,0.3743,0.3749,10407884.4
2024-08-23 04:00:00,0.3749,0.3837,0.3736,0.3824,15703604.8
2024-08-23 08:00:00,0.3824,0.3879,0.3792,0.3797,14675510.1
2024-08-23 12:00:00,0.3797,0.3844,0.3741,0.3828,27133229.6
2024-08-23 16:00:00,0.3827,0.3905,0.3813,0.3894,21135760.0
2024-08-23 20:00:00,0.3894,0.3926,0.3871,0.3912,14748953.6
2024-08-24 00:00:00,0.3912,0.3942,0.3877,0.3908,13368670.8
2024-08-24 04:00:00,0.3908,0.3923,0.3881,0.389,6644024.1
2024-08-24 08:00:00,0.3891,0.3963,0.3881,0.3928,10526227.4
2024-08-24 12:00:00,0.3927,0.3967,0.3917,0.3947,11384518.1
2024-08-24 16:00:00,0.3946,0.4014,0.3943,0.3985,12954874.0
2024-08-24 20:00:00,0.3985,0.399,0.388,0.3935,13996395.2
2024-08-25 00:00:00,0.3935,0.3944,0.3826,0.3869,17317557.6
2024-08-25 04:00:00,0.3869,0.3877,0.3775,0.379,13686327.8
2024-08-25 08:00:00,0.3789,0.3835,0.3776,0.3818,9943576.4
2024-08-25 12:00:00,0.3817,0.3913,0.3794,0.3876,9788091.2
2024-08-25 16:00:00,0.3877,0.3909,0.3845,0.3862,6113221.6
2024-08-25 20:00:00,0.3863,0.3895,0.384,0.3849,7379615.7
2024-08-26 00:00:00,0.3849,0.388,0.3785,0.3835,11186354.2
2024-08-26 04:00:00,0.3835,0.3857,0.3768,0.3772,10526453.8
2024-08-26 08:00:00,0.3772,0.3817,0.3723,0.3754,21257198.7
2024-08-26 12:00:00,0.3755,0.3756,0.3694,0.3727,19451917.5
2024-08-26 16:00:00,0.3726,0.3745,0.3661,0.3678,13826876.2
2024-08-26 20:00:00,0.3679,0.3699,0.3659,0.3661,9405017.1
2024-08-27 00:00:00,0.3661,0.3711,0.3659,0.368,9803971.5
2024-08-27 04:00:00,0.368,0.3729,0.3668,0.3684,8024751.3
2024-08-27 08:00:00,0.3683,0.3693,0.3602,0.3636,10336411.0
2024-08-27 12:00:00,0.3636,0.3669,0.3612,0.3626,10574657.1
2024-08-27 16:00:00,0.3626,0.368,0.361,0.3644,12310819.0
2024-08-27 20:00:00,0.3644,0.3674,0.3419,0.3503,44392592.0
2024-08-28 00:00:00,0.3503,0.353,0.3465,0.3524,13172689.0
2024-08-28 04:00:00,0.3524,0.3547,0.3463,0.3468,9319938.4
2024-08-28 08:00:00,0.3467,0.3592,0.3437,0.3579,15315662.1
2024-08-28 12:00:00,0.3578,0.3606,0.3489,0.3514,18846527.7
2024-08-28 16:00:00,0.3513,0.3567,0.3406,0.3519,23608288.8
2024-08-28 20:00:00,0.3518,0.3573,0.3473,0.3502,10675118.2
2024-08-29 00:00:00,0.3502,0.3562,0.3493,0.3552,5442244.1
2024-08-29 04:00:00,0.3552,0.3583,0.3534,0.3582,5348231.0
2024-08-29 08:00:00,0.3581,0.3652,0.358,0.3606,15787592.2
2024-08-29 12:00:00,0.3606,0.3676,0.3603,0.3646,10656855.7
2024-08-29 16:00:00,0.3645,0.3654,0.3491,0.3542,31337318.9
2024-08-29 20:00:00,0.3541,0.3582,0.3523,0.3578,12073300.4
2024-08-30 00:00:00,0.3577,0.3621,0.3534,0.3558,10356653.9
2024-08-30 04:00:00,0.3557,0.3579,0.3541,0.3555,8122249.9
2024-08-30 08:00:00,0.3555,0.3595,0.3508,0.3513,15775936.1
2024-08-30 12:00:00,0.3513,0.3546,0.3383,0.34,47841509.2
2024-08-30 16:00:00,0.34,0.3493,0.3373,0.3455,16638411.6
2024-08-30 20:00:00,0.3455,0.3482,0.3455,0.3469,4426300.1
2024-08-31 00:00:00,0.3469,0.3485,0.3454,0.3475,4793638.5
2024-08-31 04:00:00,0.3474,0.3504,0.3474,0.3478,5161715.8
2024-08-31 08:00:00,0.3478,0.3495,0.3453,0.3481,4809648.4
2024-08-31 12:00:00,0.3481,0.3496,0.3471,0.3492,4712130.7
2024-08-31 16:00:00,0.3492,0.3493,0.345,0.3468,4751588.4
2024-08-31 20:00:00,0.3467,0.3473,0.3444,0.345,2828762.2
2024-09-01 00:00:00,0.3451,0.3458,0.3394,0.3448,6403007.4
2024-09-01 04:00:00,0.3449,0.3449,0.3393,0.3446,5978305.4
2024-09-01 08:00:00,0.3446,0.345,0.3403,0.3432,4639133.5
2024-09-01 12:00:00,0.3431,0.3436,0.3351,0.3403,15760883.4
2024-09-01 16:00:00,0.3403,0.3422,0.3341,0.3397,13694886.7
2024-09-01 20:00:00,0.3397,0.3421,0.3267,0.3311,17389891.0
2024-09-02 00:00:00,0.331,0.3345,0.3308,0.3316,6640945.6
2024-09-02 04:00:00,0.3315,0.3316,0.325,0.3259,11315069.6
2024-09-02 08:00:00,0.3259,0.3364,0.3253,0.3339,19812018.5
2024-09-02 12:00:00,0.3338,0.3349,0.3269,0.3325,15387478.4
2024-09-02 16:00:00,0.3325,0.3342,0.3297,0.3309,9306857.8
2024-09-02 20:00:00,0.3309,0.3374,0.3303,0.3362,8010292.1
2024-09-03 00:00:00,0.3362,0.3398,0.3342,0.3351,10001431.3
2024-09-03 04:00:00,0.3352,0.3356,0.3318,0.3334,7011376.7
2024-09-03 08:00:00,0.3335,0.3336,0.3281,0.3302,10360581.5
2024-09-03 12:00:00,0.3302,0.332,0.32,0.3204,26948259.2
2024-09-03 16:00:00,0.3204,0.3259,0.3195,0.3249,9479136.9
2024-09-03 20:00:00,0.3249,0.3262,0.3172,0.3185,11673959.8
2024-09-04 00:00:00,0.3184,0.3202,0.305,0.3157,44782073.1
2024-09-04 04:00:00,0.3157,0.3222,0.3124,0.3212,16564924.7
2024-09-04 08:00:00,0.3212,0.325,0.315,0.3175,16756179.9
2024-09-04 12:00:00,0.3176,0.3262,0.3154,0.326,17387851.2
2024-09-04 16:00:00,0.3259,0.3293,0.321,0.3231,14761593.4
2024-09-04 20:00:00,0.3231,0.3264,0.3219,0.3231,10172240.8
2024-09-05 00:00:00,0.3231,0.3254,0.3198,0.32,12046058.4
2024-09-05 04:00:00,0.3201,0.3246,0.3195,0.324,9629486.1
2024-09-05 08:00:00,0.3239,0.3276,0.322,0.3274,15769191.2
2024-09-05 12:00:00,0.3274,0.3401,0.3256,0.3258,50111002.9
2024-09-05 16:00:00,0.3259,0.33,0.32,0.3219,21299053.1
2024-09-05 20:00:00,0.3218,0.3258,0.3205,0.3251,8116171.5
2024-09-06 00:00:00,0.3251,0.3285,0.3234,0.3278,9131149.3
2024-09-06 04:00:00,0.3277,0.3319,0.3184,0.3199,17237627.4
2024-09-06 08:00:00,0.3199,0.3228,0.3175,0.3217,12980611.7
2024-09-06 12:00:00,0.3216,0.3267,0.3134,0.3174,42005208.4
2024-09-06 16:00:00,0.3173,0.3181,0.3112,0.3132,22409813.3
2024-09-06 20:00:00,0.3132,0.315,0.3034,0.3148,28721475.0
2024-09-07 00:00:00,0.3148,0.3197,0.3145,0.3184,5021082.8
2024-09-07 04:00:00,0.3185,0.3243,0.3185,0.3235,12801744.0
2024-09-07 08:00:00,0.3235,0.3243,0.3203,0.3235,7708289.5
2024-09-07 12:00:00,0.3234,0.326,0.3229,0.3243,7467361.3
2024-09-07 16:00:00,0.3244,0.3278,0.3236,0.3271,7060719.0
2024-09-07 20:00:00,0.3271,0.3276,0.3225,0.3253,4566602.9
2024-09-08 00:00:00,0.3253,0.3311,0.3237,0.3304,8411185.0
2024-09-08 04:00:00,0.3305,0.3357,0.3303,0.3346,8526842.9
2024-09-08 08:00:00,0.3347,0.3403,0.3332,0.3389,14396084.2
2024-09-08 12:00:00,0.3388,0.3409,0.3319,0.3321,17810816.4
2024-09-08 16:00:00,0.3321,0.3395,0.3312,0.3362,11309798.7
2024-09-08 20:00:00,0.3362,0.3407,0.3338,0.339,11011039.7
2024-09-09 00:00:00,0.339,0.3489,0.3388,0.3446,13618844.5
2024-09-09 04:00:00,0.3447,0.3457,0.339,0.342,11444691.3
2024-09-09 08:00:00,0.342,0.3427,0.3401,0.3409,10070762.1
2024-09-09 12:00:00,0.3409,0.3438,0.3376,0.3417,14021872.6
2024-09-09 16:00:00,0.3416,0.3448,0.3414,0.3447,17960326.5
2024-09-09 20:00:00,0.3448,0.3489,0.3429,0.3435,13681162.4
2024-09-10 00:00:00,0.3434,0.3435,0.3374,0.3391,9659833.6
2024-09-10 04:00:00,0.3392,0.343,0.3387,0.3423,7576230.8
2024-09-10 08:00:00,0.3423,0.3444,0.3403,0.3438,7948088.9
2024-09-10 12:00:00,0.3437,0.345,0.3396,0.3412,12702800.1
2024-09-10 16:00:00,0.3412,0.3457,0.3411,0.3436,9266302.3
2024-09-10 20:00:00,0.3436,0.3445,0.3415,0.3431,3911724.1
2024-09-11 00:00:00,0.3431,0.3435,0.3376,0.3397,8257355.2
2024-09-11 04:00:00,0.3396,0.34,0.3348,0.3399,8338784.1
2024-09-11 08:00:00,0.3398,0.3399,0.3342,0.3367,7848636.4
2024-09-11 12:00:00,0.3367,0.3405,0.33,0.3376,19994692.6
2024-09-11 16:00:00,0.3375,0.348,0.3372,0.3476,14865650.3
2024-09-11 20:00:00,0.3476,0.3573,0.3453,0.3532,17440593.4
2024-09-12 00:00:00,0.3532,0.3589,0.3531,0.355,16509993.6
2024-09-12 04:00:00,0.3549,0.3567,0.3533,0.3562,11970872.6
2024-09-12 08:00:00,0.3562,0.3607,0.3559,0.3576,16589970.1
2024-09-12 12:00:00,0.3577,0.3617,0.3544,0.3557,20500626.9
2024-09-12 16:00:00,0.3557,0.3572,0.3534,0.3542,9141956.5
2024-09-12 20:00:00,0.3541,0.3569,0.352,0.3564,8332154.8
2024-09-13 00:00:00,0.3563,0.357,0.3533,0.354,5132481.6
2024-09-13 04:00:00,0.3539,0.3577,0.3539,0.357,6873467.9
2024-09-13 08:00:00,0.357,0.3578,0.3525,0.3529,9697352.1
2024-09-13 12:00:00,0.3529,0.3643,0.3503,0.364,17852465.2
2024-09-13 16:00:00,0.364,0.365,0.3585,0.3589,13215685.1
2024-09-13 20:00:00,0.3589,0.3629,0.3586,0.3606,8870549.3
2024-09-14 00:00:00,0.3606,0.3617,0.3589,0.359,7145381.0
2024-09-14 04:00:00,0.3589,0.3601,0.3572,0.3593,4960786.7
2024-09-14 08:00:00,0.3593,0.3594,0.3532,0.3537,7365478.5
2024-09-14 12:00:00,0.3538,0.3561,0.3527,0.3546,8205926.4
2024-09-14 16:00:00,0.3547,0.3557,0.351,0.3528,8664886.3
2024-09-14 20:00:00,0.3528,0.3548,0.3521,0.3539,4605561.3
2024-09-15 00:00:00,0.354,0.3563,0.3527,0.3543,4719280.6
2024-09-15 04:00:00,0.3543,0.3557,0.3522,0.3557,4731703.9
2024-09-15 08:00:00,0.3556,0.3557,0.3479,0.3492,10174537.2
2024-09-15 12:00:00,0.3492,0.3503,0.3454,0.3487,12370173.8
2024-09-15 16:00:00,0.3487,0.3488,0.3414,0.342,16624964.4
2024-09-15 20:00:00,0.3421,0.3425,0.3341,0.3385,19237342.4
2024-09-16 00:00:00,0.3386,0.3386,0.33,0.3346,14351350.7
2024-09-16 04:00:00,0.3347,0.3371,0.3333,0.3367,6091474.3
2024-09-16 08:00:00,0.3366,0.3376,0.3311,0.3327,8697341.7
2024-09-16 12:00:00,0.3327,0.3332,0.3271,0.331,16582672.2
2024-09-16 16:00:00,0.3311,0.3317,0.3271,0.3295,14452776.9
2024-09-16 20:00:00,0.3295,0.3312,0.3264,0.3303,6034486.4
2024-09-17 00:00:00,0.3302,0.3327,0.3284,0.3324,5244895.5
2024-09-17 04:00:00,0.3324,0.3359,0.3319,0.3337,5046403.2
2024-09-17 08:00:00,0.3338,0.3351,0.3308,0.3313,9700815.5
2024-09-17 12:00:00,0.3313,0.3431,0.331,0.3407,18546653.0
2024-09-17 16:00:00,0.3408,0.3411,0.3313,0.3336,13247918.3
2024-09-17 20:00:00,0.3336,0.3357,0.3325,0.3338,7186748.8
2024-09-18 00:00:00,0.3337,0.339,0.3306,0.3366,9305331.7
2024-09-18 04:00:00,0.3366,0.3374,0.3333,0.3339,6038974.7
2024-09-18 08:00:00,0.3339,0.3339,0.3282,0.3307,9253329.4
2024-09-18 12:00:00,0.3306,0.3324,0.3273,0.3285,9409615.7
2024-09-18 16:00:00,0.3285,0.3399,0.3272,0.3342,26733146.6
2024-09-18 20:00:00,0.3341,0.3443,0.3316,0.3441,9507073.3
2024-09-19 00:00:00,0.3442,0.3516,0.3442,0.349,24660323.6
2024-09-19 04:00:00,0.3489,0.3502,0.345,0.3477,12370804.5
2024-09-19 08:00:00,0.3477,0.3495,0.3461,0.3492,10051703.8
2024-09-19 12:00:00,0.3492,0.3548,0.3487,0.352,21448747.8
2024-09-19 16:00:00,0.352,0.3564,0.352,0.3526,13205893.6
2024-09-19 20:00:00,0.3527,0.3543,0.35,0.351,7051052.0
2024-09-20 00:00:00,0.351,0.359,0.3488,0.3588,11595879.2
2024-09-20 04:00:00,0.3588,0.3613,0.3563,0.3596,18739416.8
2024-09-20 08:00:00,0.3596,0.3601,0.3557,0.3565,7937693.9
2024-09-20 12:00:00,0.3564,0.3586,0.3528,0.3547,12724818.6
2024-09-20 16:00:00,0.3547,0.3558,0.3496,0.3517,9622076.2
2024-09-20 20:00:00,0.3517,0.354,0.3507,0.3522,3379602.7
2024-09-21 00:00:00,0.3522,0.3551,0.3505,0.3549,6974267.0
2024-09-21 04:00:00,0.3549,0.3557,0.3511,0.3542,6138588.3
2024-09-21 08:00:00,0.3541,0.3561,0.3528,0.3537,5088676.8
2024-09-21 12:00:00,0.3538,0.3582,0.3535,0.3558,9084574.8
2024-09-21 16:00:00,0.3557,0.36,0.3556,0.3564,8146272.3
2024-09-21 20:00:00,0.3564,0.3592,0.3558,0.3584,5566795.2
2024-09-22 00:00:00,0.3584,0.3594,0.3536,0.3552,8475497.0
2024-09-22 04:00:00,0.3551,0.3552,0.3515,0.3535,5601987.0
2024-09-22 08:00:00,0.3536,0.3547,0.3502,0.3523,6588457.6
2024-09-22 12:00:00,0.3523,0.3545,0.3468,0.3477,10697923.8
2024-09-22 16:00:00,0.3476,0.3514,0.3452,0.3505,9529881.3
2024-09-22 20:00:00,0.3506,0.3531,0.3427,0.3517,12219797.3
2024-09-23 00:00:00,0.3516,0.3606,0.3453,0.3571,15490173.0
2024-09-23 04:00:00,0.357,0.3587,0.3529,0.3532,11893447.6
2024-09-23 08:00:00,0.3532,0.3549,0.3509,0.3537,8423854.0
2024-09-23 12:00:00,0.3537,0.3579,0.3525,0.3566,11258040.6
2024-09-23 16:00:00,0.3567,0.365,0.354,0.3611,20785928.8
2024-09-23 20:00:00,0.3611,0.3658,0.3594,0.3637,12716571.7
2024-09-24 00:00:00,0.3636,0.3642,0.3584,0.3623,12621755.7
2024-09-24 04:00:00,0.3623,0.3693,0.3605,0.3684,12549911.5
2024-09-24 08:00:00,0.3683,0.371,0.3677,0.3694,15630217.6
2024-09-24 12:00:00,0.3693,0.3771,0.3653,0.372,29250443.4
2024-09-24 16:00:00,0.372,0.3892,0.372,0.3884,22306325.6
2024-09-24 20:00:00,0.3885,0.3916,0.3842,0.3878,19610196.0
2024-09-25 00:00:00,0.3878,0.394,0.3875,0.3905,16095832.0
2024-09-25 04:00:00,0.3906,0.3912,0.3798,0.3813,23660186.0
2024-09-25 08:00:00,0.3813,0.3838,0.3802,0.3828,10995570.5
2024-09-25 12:00:00,0.3828,0.3874,0.3809,0.3834,13235820.8
2024-09-25 16:00:00,0.3834,0.3866,0.3811,0.3833,9836822.9
2024-09-25 20:00:00,0.3833,0.3848,0.3788,0.3809,6860262.7
2024-09-26 00:00:00,0.3809,0.3866,0.3779,0.3856,11773357.8
2024-09-26 04:00:00,0.3856,0.3964,0.3837,0.3956,14266096.4
2024-09-26 08:00:00,0.3955,0.3988,0.3925,0.3967,20288618.9
2024-09-26 12:00:00,0.3967,0.404,0.3947,0.4017,24511972.0
2024-09-26 16:00:00,0.4016,0.4036,0.3972,0.3978,14914538.7
2024-09-26 20:00:00,0.3979,0.4037,0.3948,0.4014,10034333.3
2024-09-27 00:00:00,0.4015,0.4099,0.4015,0.4096,17790863.7
2024-09-27 04:00:00,0.4097,0.4158,0.4068,0.4079,20337730.3
2024-09-27 08:00:00,0.4078,0.4094,0.4001,0.4027,13025726.2
2024-09-27 12:00:00,0.4025,0.4096,0.4012,0.4045,16063415.7
2024-09-27 16:00:00,0.4044,0.4073,0.4006,0.4009,13382822.1
2024-09-27 20:00:00,0.4009,0.4039,0.3993,0.4017,6396218.4
2024-09-28 00:00:00,0.4017,0.4059,0.4008,0.4039,7124923.4
2024-09-28 04:00:00,0.4038,0.4049,0.3964,0.397,12816571.9
2024-09-28 08:00:00,0.3969,0.4025,0.3922,0.4009,12496150.1
2024-09-28 12:00:00,0.4009,0.4041,0.4,0.4016,11852929.0
2024-09-28 16:00:00,0.4015,0.4043,0.4002,0.401,5257845.0
2024-09-28 20:00:00,0.401,0.4015,0.3959,0.4006,6353557.2
2024-09-29 00:00:00,0.4006,0.4014,0.3963,0.4003,5415904.2
2024-09-29 04:00:00,0.4003,0.4003,0.3931,0.3942,8185981.3
2024-09-29 08:00:00,0.3942,0.3978,0.3938,0.3972,4229511.9
2024-09-29 12:00:00,0.3973,0.4009,0.3926,0.4004,8601556.5
2024-09-29 16:00:00,0.4005,0.4042,0.3992,0.4037,8162021.1
2024-09-29 20:00:00,0.4036,0.4039,0.396,0.3975,7850012.1
2024-09-30 00:00:00,0.3976,0.3977,0.3862,0.3897,15873820.3
2024-09-30 04:00:00,0.3896,0.3927,0.3878,0.3905,8493434.9
2024-09-30 08:00:00,0.3904,0.3904,0.3816,0.3853,19959566.6
2024-09-30 12:00:00,0.3853,0.3862,0.3783,0.3784,14299668.8
2024-09-30 16:00:00,0.3785,0.3825,0.378,0.3792,8919957.1
2024-09-30 20:00:00,0.3792,0.3824,0.3707,0.3733,13396097.7
2024-10-01 00:00:00,0.3733,0.3823,0.371,0.382,9699123.7
2024-10-01 04:00:00,0.3819,0.3857,0.3805,0.3841,8814774.6
2024-10-01 08:00:00,0.384,0.386,0.3823,0.3843,7236836.9
2024-10-01 12:00:00,0.3844,0.3853,0.3552,0.3664,41853504.2
2024-10-01 16:00:00,0.3665,0.368,0.3424,0.3532,50657717.7
2024-10-01 20:00:00,0.3532,0.3545,0.3458,0.352,19599373.2
2024-10-02 00:00:00,0.352,0.3625,0.3498,0.3619,12401609.6
2024-10-02 04:00:00,0.3619,0.363,0.3554,0.3592,13291895.3
2024-10-02 08:00:00,0.3592,0.3596,0.3483,0.3506,15377922.4
2024-10-02 12:00:00,0.3506,0.3532,0.3441,0.3519,23936027.0
2024-10-02 16:00:00,0.3519,0.3554,0.3355,0.3392,30867318.4
2024-10-02 20:00:00,0.3391,0.3457,0.3378,0.3432,11828899.3
2024-10-03 00:00:00,0.3432,0.3496,0.3406,0.3492,12139280.2
2024-10-03 04:00:00,0.3491,0.3493,0.3425,0.3426,8187047.7
2024-10-03 08:00:00,0.3426,0.3433,0.3318,0.3392,19449375.2
2024-10-03 12:00:00,0.3392,0.3442,0.3333,0.3391,18708747.3
2024-10-03 16:00:00,0.3391,0.3429,0.3336,0.3427,12304103.1
2024-10-03 20:00:00,0.3428,0.347,0.3389,0.3453,9025085.2
2024-10-04 00:00:00,0.3452,0.3489,0.3429,0.3455,9579580.7
2024-10-04 04:00:00,0.3455,0.3505,0.3452,0.3499,7862723.7
2024-10-04 08:00:00,0.35,0.3536,0.3489,0.3533,8901171.1
2024-10-04 12:00:00,0.3533,0.3561,0.3477,0.353,17060768.9
2024-10-04 16:00:00,0.353,0.3561,0.3507,0.3534,11654811.2
2024-10-04 20:00:00,0.3533,0.3533,0.3501,0.3517,6711874.8
2024-10-05 00:00:00,0.3517,0.3549,0.3486,0.3497,6308170.7
2024-10-05 04:00:00,0.3497,0.3558,0.3491,0.3555,7618336.4
2024-10-05 08:00:00,0.3555,0.3556,0.3523,0.3531,6302569.7
2024-10-05 12:00:00,0.3531,0.3548,0.3503,0.353,6686121.3
2024-10-05 16:00:00,0.353,0.3531,0.3474,0.348,6519006.2
2024-10-05 20:00:00,0.3481,0.351,0.3454,0.351,5922004.2
2024-10-06 00:00:00,0.351,0.3526,0.3485,0.3488,2555095.5
2024-10-06 04:00:00,0.3488,0.3513,0.3481,0.3492,4712725.7
2024-10-06 08:00:00,0.3492,0.3511,0.3479,0.3494,3439981.6
2024-10-06 12:00:00,0.3494,0.3544,0.3488,0.3535,9926843.8
2024-10-06 16:00:00,0.3535,0.3571,0.3516,0.3547,11779310.8
2024-10-06 20:00:00,0.3546,0.3585,0.3527,0.3575,5026725.6
2024-10-07 00:00:00,0.3574,0.3685,0.3564,0.3654,15503637.0
2024-10-07 04:00:00,0.3654,0.3662,0.3621,0.3626,6530633.1
2024-10-07 08:00:00,0.3625,0.3645,0.3533,0.3578,12390708.3
2024-10-07 12:00:00,0.3577,0.3654,0.3549,0.3583,14329025.7
2024-10-07 16:00:00,0.3584,0.3613,0.3505,0.3572,18223746.8
2024-10-07 20:00:00,0.3572,0.3574,0.3502,0.3512,8960211.3
2024-10-08 00:00:00,0.3512,0.3569,0.3512,0.3557,6999872.6
2024-10-08 04:00:00,0.3558,0.357,0.3494,0.3521,8873171.6
2024-10-08 08:00:00,0.352,0.3534,0.35,0.3518,7595603.3
2024-10-08 12:00:00,0.3519,0.3526,0.3418,0.345,17724710.3
2024-10-08 16:00:00,0.345,0.3477,0.3408,0.3442,9484846.5
2024-10-08 20:00:00,0.3442,0.3469,0.3427,0.3448,4270707.1
2024-10-09 00:00:00,0.3447,0.3474,0.3422,0.3451,7806314.4
2024-10-09 04:00:00,0.3449,0.348,0.3438,0.3445,5981088.8
2024-10-09 08:00:00,0.3444,0.345,0.341,0.3427,8816525.6
2024-10-09 12:00:00,0.3427,0.3444,0.3374,0.3436,15626659.6
2024-10-09 16:00:00,0.3436,0.3436,0.3381,0.3397,13089182.3
2024-10-09 20:00:00,0.3397,0.3411,0.3338,0.3396,18221789.4
2024-10-10 00:00:00,0.3395,0.3418,0.3366,0.3399,5610189.8
2024-10-10 04:00:00,0.3399,0.341,0.3373,0.3376,5811022.5
2024-10-10 08:00:00,0.3376,0.3397,0.3342,0.3392,7291667.6
2024-10-10 12:00:00,0.3392,0.3395,0.3331,0.3376,14125464.9
2024-10-10 16:00:00,0.3376,0.3388,0.3315,0.3365,12501307.2
2024-10-10 20:00:00,0.3364,0.34,0.3357,0.3396,5759844.5
2024-10-11 00:00:00,0.3396,0.3422,0.3382,0.3409,12346891.2
2024-10-11 04:00:00,0.341,0.3462,0.3401,0.3449,7826881.3
2024-10-11 08:00:00,0.3449,0.3475,0.3443,0.3461,5109127.9
2024-10-11 12:00:00,0.3462,0.3505,0.3448,0.3502,10655845.3
2024-10-11 16:00:00,0.3502,0.355,0.349,0.3532,8663731.1
2024-10-11 20:00:00,0.3533,0.3542,0.3506,0.3517,4510663.1
2024-10-12 00:00:00,0.3517,0.3538,0.3509,0.3515,4018017.8
2024-10-12 04:00:00,0.3515,0.3546,0.3515,0.3533,5323040.2
2024-10-12 08:00:00,0.3533,0.3566,0.3524,0.3545,4923305.8
2024-10-12 12:00:00,0.3546,0.3565,0.3534,0.3545,5867073.2
2024-10-12 16:00:00,0.3545,0.3568,0.3514,0.3525,6003573.3
2024-10-12 20:00:00,0.3524,0.3544,0.3515,0.3532,7319940.6
2024-10-13 00:00:00,0.3532,0.3558,0.3516,0.355,11335079.8
2024-10-13 04:00:00,0.355,0.3596,0.3546,0.3588,7176645.6
2024-10-13 08:00:00,0.3588,0.3592,0.3517,0.352,6514982.5
2024-10-13 12:00:00,0.352,0.3539,0.3443,0.3455,11094330.0
2024-10-13 16:00:00,0.3455,0.3488,0.3443,0.3474,7566699.3
2024-10-13 20:00:00,0.3474,0.3497,0.3455,0.3486,6832841.5
2024-10-14 00:00:00,0.3485,0.3566,0.3422,0.3559,14941838.7
2024-10-14 04:00:00,0.356,0.3572,0.3505,0.3556,17202758.4
2024-10-14 08:00:00,0.3557,0.3569,0.3528,0.3558,10572172.6
2024-10-14 12:00:00,0.3558,0.364,0.3535,0.3633,23885445.6
2024-10-14 16:00:00,0.3632,0.3656,0.3609,0.3639,14611093.0
2024-10-14 20:00:00,0.3638,0.3654,0.3617,0.3643,9716031.0
2024-10-15 00:00:00,0.3644,0.366,0.3598,0.3598,11955144.3
2024-10-15 04:00:00,0.3599,0.3622,0.3567,0.3595,11292248.1
2024-10-15 08:00:00,0.3596,0.367,0.3537,0.3551,18868105.0
2024-10-15 12:00:00,0.3551,0.3711,0.3475,0.3556,57626791.3
2024-10-15 16:00:00,0.3556,0.364,0.355,0.3575,20601353.1
2024-10-15 20:00:00,0.3575,0.3593,0.3507,0.3591,13309708.9
2024-10-16 00:00:00,0.3592,0.3608,0.3554,0.3556,10952088.5
2024-10-16 04:00:00,0.3555,0.3575,0.3509,0.3522,8481070.7
2024-10-16 08:00:00,0.3523,0.3611,0.3509,0.3591,19901968.8
2024-10-16 12:00:00,0.3591,0.3609,0.353,0.3538,17844967.5
2024-10-16 16:00:00,0.3538,0.356,0.3514,0.3534,8509222.5
2024-10-16 20:00:00,0.3533,0.3564,0.3519,0.3521,6917980.7
2024-10-17 00:00:00,0.3522,0.3551,0.3505,0.353,20712440.1
2024-10-17 04:00:00,0.3529,0.3532,0.3466,0.3484,12275080.9
2024-10-17 08:00:00,0.3483,0.3493,0.3423,0.3435,17082475.9
2024-10-17 12:00:00,0.3434,0.3534,0.343,0.349,36692270.7
2024-10-17 16:00:00,0.349,0.349,0.3393,0.3431,16702382.2
2024-10-17 20:00:00,0.343,0.3447,0.3417,0.3432,7265908.7
2024-10-18 00:00:00,0.3432,0.3501,0.3426,0.3463,9296536.9
2024-10-18 04:00:00,0.3462,0.3489,0.3446,0.3478,8745507.3
2024-10-18 08:00:00,0.3477,0.3484,0.346,0.3463,6344457.0
2024-10-18 12:00:00,0.3462,0.3506,0.3439,0.3494,14072679.5
2024-10-18 16:00:00,0.3495,0.353,0.3477,0.3483,13351490.0
2024-10-18 20:00:00,0.3483,0.3509,0.3472,0.3507,4540754.2
2024-10-19 00:00:00,0.3507,0.357,0.35,0.3549,7401491.9
2024-10-19 04:00:00,0.3549,0.3563,0.3525,0.3532,5162412.2
2024-10-19 08:00:00,0.3533,0.3557,0.3495,0.3495,9000099.9
2024-10-19 12:00:00,0.3496,0.3538,0.3494,0.3517,6566730.3
2024-10-19 16:00:00,0.3518,0.3529,0.3492,0.3497,7363653.8
2024-10-19 20:00:00,0.3497,0.3527,0.3492,0.3513,5646198.3
2024-10-20 00:00:00,0.3513,0.3523,0.3482,0.3498,5713810.0
2024-10-20 04:00:00,0.3499,0.3515,0.349,0.3507,4829580.4
2024-10-20 08:00:00,0.3508,0.3538,0.3496,0.353,6373677.3
2024-10-20 12:00:00,0.3529,0.36,0.3516,0.3597,18859723.2
2024-10-20 16:00:00,0.3598,0.3623,0.3588,0.36,8535331.1
2024-10-20 20:00:00,0.36,0.3658,0.3595,0.3649,14579080.7
2024-10-21 00:00:00,0.3649,0.3696,0.3648,0.3667,16691444.6
2024-10-21 04:00:00,0.3666,0.3729,0.365,0.3662,20563050.7
2024-10-21 08:00:00,0.3662,0.3679,0.3612,0.362,12960430.7
2024-10-21 12:00:00,0.3622,0.3635,0.3541,0.358,21139360.1
2024-10-21 16:00:00,0.358,0.3605,0.3531,0.3595,10648141.3
2024-10-21 20:00:00,0.3595,0.3663,0.3585,0.3609,15550642.3
2024-10-22 00:00:00,0.3609,0.3681,0.3567,0.3642,16477273.3
2024-10-22 04:00:00,0.3643,0.3679,0.3623,0.3657,8525508.1
2024-10-22 08:00:00,0.3657,0.3658,0.358,0.3618,21332058.8
2024-10-22 12:00:00,0.3619,0.3656,0.355,0.3632,22114427.8
2024-10-22 16:00:00,0.3632,0.367,0.3599,0.3637,16217258.1
2024-10-22 20:00:00,0.3638,0.3666,0.3619,0.3645,7136733.7
2024-10-23 00:00:00,0.3645,0.3658,0.3604,0.3631,7279850.3
2024-10-23 04:00:00,0.3631,0.3692,0.3615,0.3648,16034130.6
2024-10-23 08:00:00,0.3648,0.3681,0.3538,0.3541,20088135.4
2024-10-23 12:00:00,0.3541,0.3566,0.3489,0.3502,18832224.6
2024-10-23 16:00:00,0.3503,0.3505,0.3423,0.3496,25906346.3
2024-10-23 20:00:00,0.3497,0.3519,0.3474,0.3497,8790476.5
2024-10-24 00:00:00,0.3497,0.3551,0.3479,0.3514,9478360.2
2024-10-24 04:00:00,0.3514,0.3532,0.3455,0.3457,14037774.5
2024-10-24 08:00:00,0.3457,0.3476,0.3396,0.3427,27595400.2
2024-10-24 12:00:00,0.3428,0.3459,0.3415,0.3434,21978681.6
2024-10-24 16:00:00,0.3434,0.3489,0.3418,0.3485,11816660.8
2024-10-24 20:00:00,0.3485,0.351,0.3455,0.3465,9345564.7
2024-10-25 00:00:00,0.3465,0.3472,0.3421,0.3445,8188966.0
2024-10-25 04:00:00,0.3445,0.3449,0.3373,0.3392,16238366.2
2024-10-25 08:00:00,0.3393,0.3453,0.3369,0.3431,13473325.7
2024-10-25 12:00:00,0.3431,0.3472,0.3399,0.342,26765995.2
2024-10-25 16:00:00,0.342,0.3441,0.3317,0.3364,27803998.9
2024-10-25 20:00:00,0.3363,0.3464,0.3141,0.3261,66100315.8
2024-10-26 00:00:00,0.326,0.3329,0.3206,0.3316,28543557.2
2024-10-26 04:00:00,0.3316,0.3338,0.3308,0.3322,12643624.4
2024-10-26 08:00:00,0.3323,0.3328,0.3293,0.3307,8300953.5
2024-10-26 12:00:00,0.3306,0.3311,0.3237,0.3256,16461072.2
2024-10-26 16:00:00,0.3256,0.332,0.3251,0.332,11364523.6
2024-10-26 20:00:00,0.332,0.335,0.3316,0.3337,6974259.5
2024-10-27 00:00:00,0.3338,0.3341,0.3309,0.3338,4691890.8
2024-10-27 04:00:00,0.3339,0.3345,0.3323,0.3337,4562149.1
2024-10-27 08:00:00,0.3337,0.3345,0.3316,0.3337,5079006.8
2024-10-27 12:00:00,0.3337,0.34,0.3337,0.3398,8739351.2
2024-10-27 16:00:00,0.3397,0.3421,0.3385,0.3395,7656436.6
2024-10-27 20:00:00,0.3395,0.3424,0.3391,0.3399,6360315.9
2024-10-28 00:00:00,0.3398,0.3415,0.3326,0.3334,11565116.3
2024-10-28 04:00:00,0.3335,0.3378,0.3303,0.3365,11553864.9
2024-10-28 08:00:00,0.3364,0.3402,0.3348,0.339,9916199.7
2024-10-28 12:00:00,0.339,0.3408,0.3334,0.3335,22621400.8
2024-10-28 16:00:00,0.3335,0.3437,0.3311,0.3423,16411845.4
2024-10-28 20:00:00,0.3423,0.348,0.3413,0.3437,17218492.9
2024-10-29 00:00:00,0.3438,0.3511,0.3428,0.3491,18141961.1
2024-10-29 04:00:00,0.3491,0.3498,0.3448,0.3474,11546927.3
2024-10-29 08:00:00,0.3473,0.3484,0.3454,0.348,11391699.4
2024-10-29 12:00:00,0.348,0.3509,0.3465,0.3504,14777434.6
2024-10-29 16:00:00,0.3505,0.3563,0.3505,0.3528,23234660.6
2024-10-29 20:00:00,0.3529,0.357,0.3491,0.3561,14670826.9
2024-10-30 00:00:00,0.3562,0.364,0.3546,0.359,27841156.4
2024-10-30 04:00:00,0.359,0.3611,0.3561,0.3566,12083029.6
2024-10-30 08:00:00,0.3567,0.3589,0.3515,0.3519,12594420.1
2024-10-30 12:00:00,0.3519,0.3567,0.3507,0.3546,23083470.1
2024-10-30 16:00:00,0.3545,0.3579,0.354,0.3551,9524236.0
2024-10-30 20:00:00,0.3551,0.3592,0.3539,0.355,9574845.2
2024-10-31 00:00:00,0.3551,0.3598,0.3541,0.3577,10064363.6
2024-10-31 04:00:00,0.3578,0.3586,0.3535,0.3557,7484008.1
2024-10-31 08:00:00,0.3558,0.3613,0.3525,0.3589,11954675.9
2024-10-31 12:00:00,0.3589,0.3612,0.3445,0.3448,32144850.8
2024-10-31 16:00:00,0.3448,0.3466,0.3402,0.3409,19029657.4
2024-10-31 20:00:00,0.341,0.3441,0.3403,0.3418,10852307.9
2024-11-01 00:00:00,0.3417,0.3431,0.3341,0.3401,16674104.0
2024-11-01 04:00:00,0.3402,0.3433,0.3378,0.3428,10718862.3
2024-11-01 08:00:00,0.3428,0.3495,0.3421,0.3474,11155332.8
2024-11-01 12:00:00,0.3473,0.362,0.3472,0.3524,42832406.2
2024-11-01 16:00:00,0.3525,0.3591,0.3518,0.3532,32668382.9
2024-11-01 20:00:00,0.3533,0.3585,0.3514,0.3575,16333436.5
2024-11-02 00:00:00,0.3575,0.3639,0.3573,0.3611,16552029.8
2024-11-02 04:00:00,0.361,0.3628,0.3547,0.3569,10258438.8
2024-11-02 08:00:00,0.3569,0.3593,0.3543,0.3583,9115274.0
2024-11-02 12:00:00,0.3582,0.3589,0.3484,0.3544,18408110.1
2024-11-02 16:00:00,0.3543,0.3569,0.3505,0.3518,16361265.2
2024-11-02 20:00:00,0.3519,0.3522,0.3453,0.3482,8550255.0
2024-11-03 00:00:00,0.3482,0.3482,0.3353,0.3405,22986514.5
2024-11-03 04:00:00,0.3405,0.3443,0.34,0.3408,8182881.2
2024-11-03 08:00:00,0.3408,0.3413,0.3353,0.3355,16890189.8
2024-11-03 12:00:00,0.3354,0.3376,0.3297,0.3333,24672921.0
2024-11-03 16:00:00,0.3334,0.3358,0.3275,0.3338,19385807.4
2024-11-03 20:00:00,0.3337,0.3365,0.3317,0.3341,11697916.5
2024-11-04 00:00:00,0.334,0.3368,0.3305,0.3334,9845004.2
2024-11-04 04:00:00,0.3334,0.3344,0.3291,0.3304,10215601.8
2024-11-04 08:00:00,0.3304,0.334,0.3289,0.3329,10521818.4
2024-11-04 12:00:00,0.3329,0.3351,0.325,0.3282,22019136.7
2024-11-04 16:00:00,0.3281,0.3296,0.3242,0.3283,13984176.6
2024-11-04 20:00:00,0.3283,0.3294,0.3201,0.3263,22061402.7
2024-11-05 00:00:00,0.3263,0.3307,0.326,0.3302,9956771.7
2024-11-05 04:00:00,0.3303,0.3318,0.3294,0.3313,6561461.4
2024-11-05 08:00:00,0.3312,0.3333,0.3302,0.3315,7572376.4
2024-11-05 12:00:00,0.3314,0.3367,0.3301,0.3339,22293401.6
2024-11-05 16:00:00,0.334,0.3382,0.3287,0.3298,18695850.0
2024-11-05 20:00:00,0.33,0.3358,0.329,0.3336,15115105.3
2024-11-06 00:00:00,0.3336,0.3614,0.3335,0.3584,54387875.1
2024-11-06 04:00:00,0.3584,0.3659,0.3557,0.3595,59437644.7
2024-11-06 08:00:00,0.3595,0.3609,0.3528,0.3582,32821015.6
2024-11-06 12:00:00,0.3582,0.3598,0.3514,0.3533,25194598.8
2024-11-06 16:00:00,0.3532,0.3581,0.3518,0.3574,15930307.3
2024-11-06 20:00:00,0.3574,0.3656,0.3571,0.363,22560053.3
2024-11-07 00:00:00,0.3631,0.3784,0.3613,0.3733,39563119.0
2024-11-07 04:00:00,0.3734,0.3736,0.3657,0.3688,23301336.9
2024-11-07 08:00:00,0.3688,0.3731,0.3684,0.3698,17694986.7
2024-11-07 12:00:00,0.3697,0.3885,0.3697,0.3884,28668656.2
2024-11-07 16:00:00,0.3885,0.3948,0.3848,0.3933,48674969.0
2024-11-07 20:00:00,0.3933,0.4068,0.3931,0.4065,55467146.7
2024-11-08 00:00:00,0.4066,0.4227,0.4038,0.4218,82659572.6
2024-11-08 04:00:00,0.4218,0.4436,0.4187,0.4279,103697516.5
2024-11-08 08:00:00,0.4278,0.437,0.4216,0.4349,62730516.1
2024-11-08 12:00:00,0.435,0.4508,0.4332,0.4501,91910455.1
2024-11-08 16:00:00,0.4501,0.4587,0.4362,0.4438,101384113.5
2024-11-08 20:00:00,0.4437,0.4459,0.4354,0.4447,35883693.2
2024-11-09 00:00:00,0.4447,0.4448,0.4285,0.4295,37247097.7
2024-11-09 04:00:00,0.4295,0.4396,0.4272,0.435,33966806.3
2024-11-09 08:00:00,0.4351,0.4417,0.4343,0.4415,17706557.4
2024-11-09 12:00:00,0.4415,0.4446,0.4313,0.4376,25096459.9
2024-11-09 16:00:00,0.4377,0.4433,0.4331,0.4395,23139264.0
2024-11-09 20:00:00,0.4396,0.4986,0.4394,0.4967,88285759.0
2024-11-10 00:00:00,0.4968,0.5408,0.488,0.5328,163184305.7
2024-11-10 04:00:00,0.5329,0.5971,0.5325,0.5843,228232918.5
2024-11-10 08:00:00,0.5843,0.599,0.574,0.5874,119052674.6
2024-11-10 12:00:00,0.5874,0.6599,0.5856,0.599,304194827.7
2024-11-10 16:00:00,0.599,0.6325,0.5958,0.6126,151636424.1
2024-11-10 20:00:00,0.6126,0.6152,0.5431,0.5901,192287227.5
2024-11-11 00:00:00,0.5903,0.6129,0.5843,0.5982,88715316.6
2024-11-11 04:00:00,0.5982,0.5992,0.5575,0.5734,85611966.8
2024-11-11 08:00:00,0.5733,0.5986,0.5726,0.5968,55911260.6
2024-11-11 12:00:00,0.5969,0.6248,0.58,0.6011,164264421.1
2024-11-11 16:00:00,0.6011,0.6094,0.5875,0.5972,92708258.0
2024-11-11 20:00:00,0.5971,0.622,0.5932,0.6132,109185448.7
2024-11-12 00:00:00,0.6131,0.6133,0.5777,0.5931,95676892.7
2024-11-12 04:00:00,0.5931,0.6235,0.5808,0.6113,95231242.5
2024-11-12 08:00:00,0.6113,0.6541,0.56,0.5852,266791571.2
2024-11-12 12:00:00,0.5852,0.5922,0.556,0.5708,119849145.1
2024-11-12 16:00:00,0.5709,0.5828,0.555,0.5765,63282320.0
2024-11-12 20:00:00,0.5765,0.5872,0.568,0.5709,55102304.9
2024-11-13 00:00:00,0.5709,0.5744,0.5352,0.5352,105497591.3
2024-11-13 04:00:00,0.5352,0.5471,0.5192,0.534,78440432.6
2024-11-13 08:00:00,0.5341,0.5436,0.5265,0.5378,61674065.8
2024-11-13 12:00:00,0.5378,0.6098,0.5291,0.5952,190724192.4
2024-11-13 16:00:00,0.5951,0.5994,0.5619,0.5699,109720347.8
2024-11-13 20:00:00,0.57,0.5812,0.5553,0.5783,57157026.2
2024-11-14 00:00:00,0.5783,0.5822,0.5635,0.5727,38115150.3
2024-11-14 04:00:00,0.5725,0.597,0.5653,0.581,45002532.1
2024-11-14 08:00:00,0.581,0.5834,0.5565,0.5679,45492487.0
2024-11-14 12:00:00,0.5678,0.5734,0.5417,0.5482,79257215.3
2024-11-14 16:00:00,0.548,0.5652,0.5463,0.565,45705056.7
2024-11-14 20:00:00,0.5651,0.6,0.5558,0.5792,97543652.2
2024-11-15 00:00:00,0.579,0.6013,0.5747,0.5943,76725568.0
2024-11-15 04:00:00,0.5942,0.6282,0.5764,0.5897,118595977.8
2024-11-15 08:00:00,0.5898,0.6299,0.5832,0.6135,93811133.1
2024-11-15 12:00:00,0.6136,0.6965,0.6134,0.6472,339733443.8
2024-11-15 16:00:00,0.6472,0.6826,0.6415,0.6779,120694295.0
2024-11-15 20:00:00,0.6778,0.7075,0.6612,0.7071,134316409.5
2024-11-16 00:00:00,0.7071,0.75,0.7026,0.7459,226968524.9
2024-11-16 04:00:00,0.7458,0.7587,0.7138,0.7254,136627462.6
2024-11-16 08:00:00,0.7254,0.7846,0.7079,0.7524,237007950.1
2024-11-16 12:00:00,0.7524,0.8193,0.7289,0.7454,311933023.4
2024-11-16 16:00:00,0.7454,0.7746,0.7393,0.7588,141346695.0
2024-11-16 20:00:00,0.7588,0.7672,0.7307,0.7416,78041268.1
2024-11-17 00:00:00,0.7416,0.7798,0.6893,0.7149,192966881.0
2024-11-17 04:00:00,0.7149,0.7303,0.7059,0.7178,73110393.9
2024-11-17 08:00:00,0.7178,0.7294,0.7075,0.708,54039756.7
2024-11-17 12:00:00,0.708,0.7336,0.7064,0.7254,49018241.3
2024-11-17 16:00:00,0.7255,0.7484,0.7104,0.7162,60905685.7
2024-11-17 20:00:00,0.7162,0.7213,0.6961,0.7026,44221777.8
2024-11-18 00:00:00,0.7026,0.7443,0.7002,0.737,66048222.9
2024-11-18 04:00:00,0.7371,0.7802,0.734,0.7612,105938171.2
2024-11-18 08:00:00,0.7613,0.7839,0.7304,0.7346,92099460.2
2024-11-18 12:00:00,0.7346,0.7693,0.7171,0.7649,71253516.1
2024-11-18 16:00:00,0.7648,0.7684,0.7225,0.7364,69752215.0
2024-11-18 20:00:00,0.7363,0.7503,0.7315,0.7325,37249542.8
2024-11-19 00:00:00,0.7324,0.7543,0.7287,0.7527,32132300.9
2024-11-19 04:00:00,0.7527,0.765,0.7365,0.755,44432400.6
2024-11-19 08:00:00,0.755,0.7557,0.73,0.7379,46780198.7
2024-11-19 12:00:00,0.7378,0.7561,0.7227,0.7296,65797320.9
2024-11-19 16:00:00,0.7296,0.752,0.7258,0.7462,46513392.3
2024-11-19 20:00:00,0.7463,0.7615,0.72,0.7387,61351689.6
2024-11-20 00:00:00,0.7386,0.7773,0.7384,0.7702,110102731.4
2024-11-20 04:00:00,0.7702,0.8039,0.761,0.789,108894932.9
2024-11-20 08:00:00,0.7889,0.8484,0.7863,0.8258,202551378.1
2024-11-20 12:00:00,0.8258,0.8435,0.8099,0.8349,136085811.0
2024-11-20 16:00:00,0.8349,0.8429,0.7838,0.7987,112809837.3
2024-11-20 20:00:00,0.7986,0.8217,0.7914,0.8003,59253741.3
2024-11-21 00:00:00,0.8003,0.8191,0.7655,0.776,84346986.2
2024-11-21 04:00:00,0.7759,0.8016,0.771,0.785,77798280.2
2024-11-21 08:00:00,0.7851,0.7942,0.7704,0.7858,66254052.1
2024-11-21 12:00:00,0.7858,0.8099,0.77,0.7791,100109125.7
2024-11-21 16:00:00,0.7792,0.8119,0.7778,0.796,91235909.9
2024-11-21 20:00:00,0.7959,0.8239,0.785,0.8218,66957113.6
2024-11-22 00:00:00,0.8219,0.8877,0.8123,0.8705,185199270.8
2024-11-22 04:00:00,0.8704,0.9,0.8533,0.8554,115969070.6
2024-11-22 08:00:00,0.8555,0.9176,0.8518,0.9139,103332015.4
2024-11-22 12:00:00,0.9139,0.9318,0.8789,0.9262,198819535.6
2024-11-22 16:00:00,0.9261,0.9884,0.9234,0.9675,233637203.9
2024-11-22 20:00:00,0.9675,1.044,0.9665,1.0175,194409053.4
2024-11-23 00:00:00,1.0175,1.1542,1.0157,1.0921,302628030.6
2024-11-23 04:00:00,1.0921,1.1103,1.0382,1.0943,124524348.0
2024-11-23 08:00:00,1.0943,1.1096,1.0657,1.0849,98878951.7
2024-11-23 12:00:00,1.0848,1.148,1.0602,1.1032,156480970.4
2024-11-23 16:00:00,1.1031,1.1296,1.0211,1.0668,161198249.8
2024-11-23 20:00:00,1.0668,1.0915,1.0292,1.0658,76053156.2
2024-11-24 00:00:00,1.0659,1.0978,1.0523,1.0817,73383166.7
2024-11-24 04:00:00,1.0817,1.0906,1.0454,1.0729,61506251.4
2024-11-24 08:00:00,1.0728,1.078,0.9986,1.0038,89880543.5
2024-11-24 12:00:00,1.0039,1.0204,0.9364,0.9485,180531232.7
2024-11-24 16:00:00,0.9485,1.0038,0.9396,0.9824,99069562.0
2024-11-24 20:00:00,0.9824,1.0388,0.978,1.0226,76986421.7
2024-11-25 00:00:00,1.0228,1.0236,0.972,1.0128,58715951.3
2024-11-25 04:00:00,1.0127,1.0778,1.0116,1.0386,88254096.8
2024-11-25 08:00:00,1.0386,1.073,1.0363,1.0484,70590694.7
2024-11-25 12:00:00,1.0485,1.0603,0.9711,1.0065,111458820.6
2024-11-25 16:00:00,1.0064,1.0196,0.9782,1.0031,86218598.9
2024-11-25 20:00:00,1.0033,1.0125,0.9294,0.9435,88933018.9
2024-11-26 00:00:00,0.9435,0.9815,0.9373,0.9712,58741261.8
2024-11-26 04:00:00,0.9711,0.9899,0.9523,0.9594,37034655.8
2024-11-26 08:00:00,0.9596,0.9602,0.8743,0.9051,162161374.2
2024-11-26 12:00:00,0.9051,0.9361,0.8881,0.9067,98474337.2
2024-11-26 16:00:00,0.9067,0.944,0.8928,0.9409,70228948.2
2024-11-26 20:00:00,0.9408,0.9655,0.9312,0.9603,52552398.5
2024-11-27 00:00:00,0.9602,0.9732,0.9312,0.9483,41854900.7
2024-11-27 04:00:00,0.9481,0.9878,0.9457,0.9829,46713674.5
2024-11-27 08:00:00,0.9829,1.0249,0.9679,1.007,96185993.1
2024-11-27 12:00:00,1.007,1.0419,0.9772,1.0341,91163770.9
2024-11-27 16:00:00,1.0342,1.0399,1.0041,1.0179,63113982.6
2024-11-27 20:00:00,1.0178,1.038,1.0009,1.0116,44466738.1
2024-11-28 00:00:00,1.0114,1.0309,0.988,1.0061,47797215.9
2024-11-28 04:00:00,1.0061,1.0262,0.9904,0.9966,32483522.6
2024-11-28 08:00:00,0.9966,1.0033,0.9816,0.9973,34269777.8
2024-11-28 12:00:00,0.9971,1.0095,0.9693,0.9771,63215877.8
2024-11-28 16:00:00,0.9772,1.0069,0.9771,1.0021,28090706.3
2024-11-28 20:00:00,1.0022,1.0491,0.9956,1.0321,48992569.1
2024-11-29 00:00:00,1.0321,1.0623,1.0274,1.0491,54651494.6
2024-11-29 04:00:00,1.049,1.0782,1.0357,1.0455,59610493.8
2024-11-29 08:00:00,1.0456,1.087,1.0435,1.0644,61560465.5
2024-11-29 12:00:00,1.0643,1.0996,1.0539,1.0752,71335048.2
2024-11-29 16:00:00,1.0753,1.0825,1.0378,1.0509,58411990.9
2024-11-29 20:00:00,1.051,1.0859,1.0433,1.0755,45668231.5
2024-11-30 00:00:00,1.0754,1.0886,1.0498,1.0695,53980989.1
2024-11-30 04:00:00,1.0697,1.1455,1.06,1.1297,109631432.7
2024-11-30 08:00:00,1.1297,1.1498,1.0781,1.095,96696162.5
2024-11-30 12:00:00,1.095,1.0959,1.0672,1.0922,48926989.9
2024-11-30 16:00:00,1.0921,1.0954,1.0781,1.0858,24307708.9
2024-11-30 20:00:00,1.0857,1.097,1.072,1.079,36017016.1
2024-12-01 00:00:00,1.079,1.0853,1.0375,1.051,53502882.2
2024-12-01 04:00:00,1.0512,1.0604,1.0434,1.0561,25137620.7
2024-12-01 08:00:00,1.0562,1.0778,1.0554,1.0715,36958464.6
2024-12-01 12:00:00,1.0715,1.0747,1.0569,1.0735,30456337.1
2024-12-01 16:00:00,1.0733,1.0984,1.0557,1.0939,46888673.8
2024-12-01 20:00:00,1.0939,1.1633,1.0741,1.1496,179909707.4
2024-12-02 00:00:00,1.1497,1.1911,1.1255,1.1394,154455960.3
2024-12-02 04:00:00,1.1393,1.1684,1.116,1.1412,102198783.2
2024-12-02 08:00:00,1.1411,1.1577,1.0567,1.0727,126459282.1
2024-12-02 12:00:00,1.073,1.2259,1.068,1.2061,204779858.7
2024-12-02 16:00:00,1.206,1.2424,1.1554,1.2187,201329394.0
2024-12-02 20:00:00,1.2186,1.2339,1.175,1.2022,77728476.1
2024-12-03 00:00:00,1.2022,1.3264,1.1833,1.298,204043498.9
2024-12-03 04:00:00,1.298,1.3124,1.2524,1.2687,126175004.6
2024-12-03 08:00:00,1.2687,1.2936,1.23,1.2843,100080289.9
2024-12-03 12:00:00,1.2842,1.2946,1.1401,1.1974,214187304.1
2024-12-03 16:00:00,1.1974,1.2257,1.1671,1.189,84097521.9
2024-12-03 20:00:00,1.189,1.2346,1.1831,1.1914,73567761.8
2024-12-04 00:00:00,1.1915,1.2202,1.1788,1.2091,64211187.9
2024-12-04 04:00:00,1.209,1.2405,1.2086,1.2288,43202024.0
2024-12-04 08:00:00,1.2289,1.2417,1.2163,1.2237,47682973.7
2024-12-04 12:00:00,1.2236,1.2284,1.1838,1.1905,76012232.8
2024-12-04 16:00:00,1.1905,1.1961,1.1403,1.1901,92802894.7
2024-12-04 20:00:00,1.1902,1.2099,1.1634,1.1871,59439599.0
2024-12-05 00:00:00,1.1871,1.2393,1.1138,1.1821,122262967.4
2024-12-05 04:00:00,1.182,1.2133,1.1728,1.206,52258171.1
2024-12-05 08:00:00,1.2061,1.2375,1.2051,1.2237,50303887.6
2024-12-05 12:00:00,1.2237,1.2335,1.18,1.2105,52816106.1
2024-12-05 16:00:00,1.2109,1.2445,1.1854,1.1888,55349110.5
2024-12-05 20:00:00,1.1888,1.2037,1.1409,1.1597,80695907.1
2024-12-06 00:00:00,1.1599,1.1962,1.1517,1.1883,50197075.8
2024-12-06 04:00:00,1.1884,1.2008,1.1844,1.1886,25182721.4
2024-12-06 08:00:00,1.1885,1.1933,1.1492,1.1618,49953910.0
2024-12-06 12:00:00,1.1617,1.2245,1.1336,1.2059,94849200.9
2024-12-06 16:00:00,1.2059,1.2304,1.1965,1.2243,52217090.7
2024-12-06 20:00:00,1.2244,1.2375,1.2102,1.2278,39387488.9
2024-12-07 00:00:00,1.2278,1.2369,1.1982,1.2024,32234900.2
2024-12-07 04:00:00,1.2024,1.216,1.1991,1.2094,21405434.8
2024-12-07 08:00:00,1.2095,1.217,1.1881,1.206,29124562.0
2024-12-07 12:00:00,1.206,1.22,1.1976,1.2194,27396044.0
2024-12-07 16:00:00,1.2194,1.228,1.194,1.2081,35857807.8
2024-12-07 20:00:00,1.2082,1.2188,1.2001,1.2103,19399074.1
2024-12-08 00:00:00,1.2103,1.224,1.2016,1.2084,26448185.5
2024-12-08 04:00:00,1.2084,1.2141,1.1797,1.2022,51978202.7
2024-12-08 08:00:00,1.2023,1.22,1.1723,1.2073,54992589.3
2024-12-08 12:00:00,1.2073,1.2164,1.18,1.1875,49223700.3
2024-12-08 16:00:00,1.1876,1.1956,1.1754,1.182,45499628.5
2024-12-08 20:00:00,1.1819,1.1988,1.1744,1.1936,27505862.0
2024-12-09 00:00:00,1.1936,1.1936,1.1501,1.1636,43877032.2
2024-12-09 04:00:00,1.1635,1.1789,1.1393,1.1568,37591629.6
2024-12-09 08:00:00,1.1567,1.157,1.0991,1.1034,85799126.0
2024-12-09 12:00:00,1.1034,1.151,1.0935,1.1152,72319668.6
2024-12-09 16:00:00,1.1152,1.1333,1.1056,1.107,29263458.1
2024-12-09 20:00:00,1.1069,1.1093,0.91,1.0034,349680020.5
2024-12-10 00:00:00,1.0035,1.0363,0.9438,0.9913,133315424.7
2024-12-10 04:00:00,0.9914,1.0233,0.9646,1.0152,82054717.9
2024-12-10 08:00:00,1.0151,1.0378,0.9979,1.0188,65342247.6
2024-12-10 12:00:00,1.0189,1.0228,0.9473,0.9487,116959635.0
2024-12-10 16:00:00,0.9488,0.9729,0.91,0.9645,140199546.9
2024-12-10 20:00:00,0.9646,1.0284,0.9596,1.0215,91001809.2
2024-12-11 00:00:00,1.0215,1.0247,0.9718,1.0108,56817001.4
2024-12-11 04:00:00,1.011,1.0197,0.994,0.9953,31363438.3
2024-12-11 08:00:00,0.9955,1.0335,0.995,1.0237,42968394.4
2024-12-11 12:00:00,1.0237,1.115,1.0234,1.0945,147390470.4
2024-12-11 16:00:00,1.0945,1.1018,1.0698,1.0813,59081409.9
2024-12-11 20:00:00,1.0814,1.0979,1.0764,1.0868,24329661.9
2024-12-12 00:00:00,1.0869,1.1394,1.0728,1.1309,48240334.0
2024-12-12 04:00:00,1.1309,1.1819,1.1288,1.1575,83608114.6
2024-12-12 08:00:00,1.1576,1.1789,1.1308,1.1405,50757712.7
2024-12-12 12:00:00,1.1404,1.1604,1.119,1.1381,65774707.4
2024-12-12 16:00:00,1.1384,1.155,1.105,1.108,55984303.9
2024-12-12 20:00:00,1.108,1.1379,1.1057,1.1231,33650658.0
2024-12-13 00:00:00,1.1231,1.1308,1.0917,1.1076,29128192.3
2024-12-13 04:00:00,1.1075,1.1101,1.0774,1.0886,27539407.4
2024-12-13 08:00:00,1.0886,1.108,1.081,1.0947,22836759.9
2024-12-13 12:00:00,1.0947,1.13,1.0822,1.0842,46684852.6
2024-12-13 16:00:00,1.0842,1.1124,1.0807,1.1035,35030274.0
2024-12-13 20:00:00,1.1035,1.1224,1.1001,1.1213,19076681.5
2024-12-14 00:00:00,1.1213,1.1294,1.108,1.1164,22066243.7
2024-12-14 04:00:00,1.1164,1.1332,1.105,1.1173,19548207.5
2024-12-14 08:00:00,1.1173,1.1256,1.0952,1.098,15416685.4
2024-12-14 12:00:00,1.098,1.1001,1.0638,1.0789,32408245.7
2024-12-14 16:00:00,1.0788,1.0788,1.0505,1.0594,29282853.2
2024-12-14 20:00:00,1.0594,1.0644,1.0431,1.061,20138345.8
2024-12-15 00:00:00,1.0609,1.0767,1.0502,1.0619,15897487.9
2024-12-15 04:00:00,1.0619,1.0784,1.0389,1.0489,17095289.4
2024-12-15 08:00:00,1.0488,1.0969,1.0483,1.0781,25598111.9
2024-12-15 12:00:00,1.0783,1.0947,1.0752,1.0874,24099471.6
2024-12-15 16:00:00,1.0875,1.096,1.0805,1.0866,14478331.6
2024-12-15 20:00:00,1.0865,1.1123,1.0522,1.0996,42245393.9
2024-12-16 00:00:00,1.0995,1.119,1.0684,1.0739,42215028.3
2024-12-16 04:00:00,1.0739,1.0984,1.0691,1.0904,23195288.3
2024-12-16 08:00:00,1.0904,1.0976,1.0496,1.0548,31154142.4
2024-12-16 12:00:00,1.0548,1.08,1.0474,1.0671,35812900.8
2024-12-16 16:00:00,1.0672,1.121,1.0671,1.1036,67626375.3
2024-12-16 20:00:00,1.1037,1.1072,1.0758,1.0775,20521444.6
2024-12-17 00:00:00,1.0775,1.0794,1.0603,1.0761,27106534.3
2024-12-17 04:00:00,1.076,1.076,1.0557,1.0595,30205578.9
2024-12-17 08:00:00,1.0595,1.1119,1.0588,1.0983,50370554.3
2024-12-17 12:00:00,1.0982,1.1098,1.0623,1.0706,64615846.5
2024-12-17 16:00:00,1.0705,1.0988,1.0635,1.0724,37913462.1
2024-12-17 20:00:00,1.0724,1.0827,1.0418,1.0522,42317541.3
2024-12-18 00:00:00,1.0523,1.0602,1.0355,1.0369,38436935.4
2024-12-18 04:00:00,1.0368,1.0388,1.0139,1.0229,50819089.8
2024-12-18 08:00:00,1.023,1.0506,1.0166,1.0502,29055700.7
2024-12-18 12:00:00,1.0502,1.0508,1.009,1.0228,36151031.1
2024-12-18 16:00:00,1.0228,1.0592,1.0096,1.0096,62558793.5
2024-12-18 20:00:00,1.0096,1.0174,0.958,0.9681,158950969.5
2024-12-19 00:00:00,0.9682,0.9817,0.9171,0.9777,89238098.1
2024-12-19 04:00:00,0.9778,0.9885,0.9712,0.9823,26527143.9
2024-12-19 08:00:00,0.9824,0.989,0.9636,0.9856,31976759.5
2024-12-19 12:00:00,0.9857,0.9868,0.9217,0.9432,60703678.2
2024-12-19 16:00:00,0.9432,0.9509,0.857,0.877,157172199.5
2024-12-19 20:00:00,0.877,0.9019,0.8475,0.8806,82114775.9
2024-12-20 00:00:00,0.8806,0.9186,0.8686,0.9049,48399533.9
2024-12-20 04:00:00,0.9049,0.9089,0.8711,0.8889,36496377.6
2024-12-20 08:00:00,0.8889,0.8896,0.7624,0.7624,221061684.7
2024-12-20 12:00:00,0.7624,0.8914,0.762,0.8763,160022289.7
2024-12-20 16:00:00,0.8763,0.9234,0.8694,0.911,69275750.2
2024-12-20 20:00:00,0.9111,0.9596,0.9005,0.9501,59531569.0
2024-12-21 00:00:00,0.95,0.9602,0.9363,0.9483,28032399.6
2024-12-21 04:00:00,0.9484,0.9979,0.9458,0.9888,50316846.8
2024-12-21 08:00:00,0.9888,0.9957,0.9515,0.9597,50955733.3
2024-12-21 12:00:00,0.9596,0.9596,0.8918,0.9212,81263163.4
2024-12-21 16:00:00,0.9213,0.9232,0.8867,0.9043,44626450.1
2024-12-21 20:00:00,0.9042,0.9176,0.8931,0.9052,34363471.2
2024-12-22 00:00:00,0.9053,0.9107,0.8824,0.9001,32398887.0
2024-12-22 04:00:00,0.9,0.9032,0.8698,0.8904,40114594.5
2024-12-22 08:00:00,0.8904,0.9249,0.8895,0.9125,29590722.2
2024-12-22 12:00:00,0.9126,0.9185,0.8756,0.8876,43300987.0
2024-12-22 16:00:00,0.8876,0.9028,0.8718,0.8749,37808303.0
2024-12-22 20:00:00,0.875,0.899,0.8589,0.8834,51490453.9
2024-12-23 00:00:00,0.8835,0.9119,0.8619,0.9089,48294892.5
2024-12-23 04:00:00,0.9089,0.9155,0.8731,0.8857,33165012.2
2024-12-23 08:00:00,0.8857,0.9112,0.8815,0.8949,25462381.2
2024-12-23 12:00:00,0.895,0.9032,0.8637,0.8656,41349469.7
2024-12-23 16:00:00,0.8655,0.9034,0.8643,0.8908,42133819.4
2024-12-23 20:00:00,0.8908,0.9425,0.8902,0.9264,55579107.7
2024-12-24 00:00:00,0.9265,0.9309,0.8931,0.9117,30383711.7
2024-12-24 04:00:00,0.9117,0.917,0.8952,0.8994,16784229.4
2024-12-24 08:00:00,0.8995,0.9098,0.8918,0.9039,18946372.5
2024-12-24 12:00:00,0.9039,0.9507,0.8947,0.9446,45320158.1
2024-12-24 16:00:00,0.9446,0.95,0.9257,0.9258,30350608.4
2024-12-24 20:00:00,0.9257,0.9416,0.914,0.9358,23293499.1
2024-12-25 00:00:00,0.9357,0.9401,0.9218,0.9251,17661119.8
2024-12-25 04:00:00,0.9251,0.9327,0.915,0.9164,13107665.6
2024-12-25 08:00:00,0.9164,0.9403,0.91,0.9115,22731348.3
2024-12-25 12:00:00,0.9117,0.9228,0.9057,0.9128,17649281.7
2024-12-25 16:00:00,0.9128,0.9182,0.9,0.9168,13357476.7
2024-12-25 20:00:00,0.9169,0.921,0.9042,0.9176,10599307.6
2024-12-26 00:00:00,0.9176,0.9281,0.8981,0.9002,20229350.8
2024-12-26 04:00:00,0.9002,0.9002,0.8832,0.8857,19906427.9
2024-12-26 08:00:00,0.8858,0.8873,0.8605,0.8718,31767287.7
2024-12-26 12:00:00,0.8717,0.8767,0.8636,0.8668,20013165.7
2024-12-26 16:00:00,0.8669,0.8764,0.852,0.8647,25688875.9
2024-12-26 20:00:00,0.8646,0.867,0.8507,0.8611,13469699.3
2024-12-27 00:00:00,0.8611,0.874,0.855,0.871,14678239.7
2024-12-27 04:00:00,0.8709,0.8837,0.8568,0.8637,21123701.0
2024-12-27 08:00:00,0.8636,0.9147,0.8636,0.9057,38179199.5
2024-12-27 12:00:00,0.9058,0.9083,0.8673,0.8745,26147367.4
2024-12-27 16:00:00,0.8745,0.8984,0.865,0.8929,22614721.4
2024-12-27 20:00:00,0.893,0.8947,0.8699,0.8771,12057013.8
2024-12-28 00:00:00,0.8771,0.8804,0.8662,0.8762,13015292.1
2024-12-28 04:00:00,0.8762,0.8831,0.8665,0.8681,10714951.2
2024-12-28 08:00:00,0.8681,0.8765,0.8673,0.874,9592768.4
2024-12-28 12:00:00,0.874,0.892,0.8668,0.8759,19869932.0
2024-12-28 16:00:00,0.8758,0.8939,0.8731,0.8844,13192825.4
2024-12-28 20:00:00,0.8844,0.9,0.8813,0.8895,12643356.5
2024-12-29 00:00:00,0.8895,0.8927,0.8814,0.8925,8545698.7
2024-12-29 04:00:00,0.8925,0.8957,0.8828,0.895,7797718.1
2024-12-29 08:00:00,0.895,0.8997,0.8857,0.8956,13102147.6
2024-12-29 12:00:00,0.8956,0.9123,0.8836,0.8839,32108470.2
2024-12-29 16:00:00,0.8839,0.8841,0.8672,0.8695,20035043.8
2024-12-29 20:00:00,0.8695,0.8707,0.851,0.859,24311302.3
2024-12-30 00:00:00,0.859,0.9048,0.855,0.8728,29554206.9
2024-12-30 04:00:00,0.8728,0.8804,0.8612,0.8698,17507342.7
2024-12-30 08:00:00,0.8698,0.8774,0.8636,0.8716,12451391.9
2024-12-30 12:00:00,0.8715,0.8795,0.831,0.8408,44419016.1
2024-12-30 16:00:00,0.8407,0.8699,0.8296,0.8697,34123047.7
2024-12-30 20:00:00,0.8697,0.8814,0.8478,0.8615,30263687.3
2024-12-31 00:00:00,0.8616,0.8635,0.8467,0.8489,12620831.6
2024-12-31 04:00:00,0.8489,0.8549,0.8397,0.8462,12935826.5
2024-12-31 08:00:00,0.8463,0.8727,0.8455,0.8576,22226140.0
2024-12-31 12:00:00,0.8577,0.8791,0.8548,0.8697,31628858.9
2024-12-31 16:00:00,0.8697,0.8724,0.8414,0.8494,18392136.4
2024-12-31 20:00:00,0.8493,0.8552,0.8423,0.8451,9551919.1
2025-01-01 00:00:00,0.845,0.8608,0.8438,0.8522,9526545.9
2025-01-01 04:00:00,0.8522,0.8595,0.8485,0.8518,11177100.0
2025-01-01 08:00:00,0.8519,0.8565,0.838,0.8532,15070533.4
2025-01-01 12:00:00,0.8532,0.8787,0.8529,0.877,22682516.6
2025-01-01 16:00:00,0.877,0.9355,0.876,0.9172,65220506.5
2025-01-01 20:00:00,0.9173,0.9324,0.9112,0.9222,48184114.9
2025-01-02 00:00:00,0.9222,0.9555,0.9222,0.9421,39877266.9
2025-01-02 04:00:00,0.9421,0.9495,0.9245,0.9335,22235260.8
2025-01-02 08:00:00,0.9335,0.9729,0.9288,0.9709,48596227.1
2025-01-02 12:00:00,0.971,0.9828,0.9494,0.955,46498786.4
2025-01-02 16:00:00,0.9551,0.9655,0.945,0.9571,23912861.1
2025-01-02 20:00:00,0.9571,0.9679,0.9555,0.9612,13861786.2
2025-01-03 00:00:00,0.9612,1.031,0.9569,1.027,47835959.6
2025-01-03 04:00:00,1.0269,1.0472,1.0059,1.0358,65348845.4
2025-01-03 08:00:00,1.0359,1.0877,1.0346,1.0737,80520180.1
2025-01-03 12:00:00,1.0737,1.1014,1.0545,1.086,85905976.9
2025-01-03 16:00:00,1.086,1.1153,1.078,1.0966,60372542.3
2025-01-03 20:00:00,1.0965,1.1194,1.085,1.0894,48443896.6
2025-01-04 00:00:00,1.0894,1.1144,1.0766,1.0922,39413287.7
2025-01-04 04:00:00,1.0922,1.0969,1.0734,1.0739,22153134.6
2025-01-04 08:00:00,1.0739,1.0766,1.0565,1.0614,35705424.4
2025-01-04 12:00:00,1.0614,1.093,1.0587,1.0653,43602869.6
2025-01-04 16:00:00,1.0652,1.0788,1.063,1.0728,17177422.7
2025-01-04 20:00:00,1.0728,1.0824,1.0687,1.0707,10916863.6
2025-01-05 00:00:00,1.0707,1.0764,1.0521,1.0583,15044033.9
2025-01-05 04:00:00,1.0582,1.115,1.0578,1.0934,39318621.3
2025-01-05 08:00:00,1.0934,1.096,1.072,1.0734,30865492.2
2025-01-05 12:00:00,1.0735,1.1025,1.068,1.0902,41770178.8
2025-01-05 16:00:00,1.0903,1.098,1.0774,1.0918,25330897.2
2025-01-05 20:00:00,1.0918,1.1049,1.0821,1.0911,19301611.9
2025-01-06 00:00:00,1.0911,1.1078,1.0753,1.0901,30755940.5
2025-01-06 04:00:00,1.0901,1.0944,1.0757,1.0784,21205574.4
2025-01-06 08:00:00,1.0784,1.0867,1.0717,1.0848,22234645.0
2025-01-06 12:00:00,1.0848,1.103,1.0575,1.0954,51145015.9
2025-01-06 16:00:00,1.0955,1.1162,1.0876,1.107,40411345.4
2025-01-06 20:00:00,1.107,1.1128,1.091,1.0934,15643397.7
2025-01-07 00:00:00,1.0934,1.1009,1.081,1.0874,15771736.0
2025-01-07 04:00:00,1.0874,1.1039,1.0841,1.1025,14421732.8
2025-01-07 08:00:00,1.1026,1.1519,1.1026,1.1341,80508364.3
2025-01-07 12:00:00,1.1341,1.1415,1.0276,1.0452,122820628.8
2025-01-07 16:00:00,1.0451,1.0644,1.0035,1.0092,78846235.6
2025-01-07 20:00:00,1.0092,1.0187,0.988,0.9892,53194141.7
2025-01-08 00:00:00,0.9893,1.0242,0.9854,0.9978,48582392.2
2025-01-08 04:00:00,0.9979,1.0013,0.9618,0.9828,42705984.5
2025-01-08 08:00:00,0.9828,1.0083,0.9743,0.9833,34776221.1
2025-01-08 12:00:00,0.9834,0.9999,0.9607,0.9746,54342302.5
2025-01-08 16:00:00,0.9746,0.9787,0.9079,0.9127,137640811.7
2025-01-08 20:00:00,0.9126,0.9533,0.9085,0.9468,51753663.9
2025-01-09 00:00:00,0.9467,0.9604,0.9336,0.9363,31012648.8
2025-01-09 04:00:00,0.9362,0.9421,0.909,0.9146,28978240.4
2025-01-09 08:00:00,0.9146,0.9271,0.8968,0.912,39234011.7
2025-01-09 12:00:00,0.9119,0.9366,0.8798,0.9292,70834517.8
2025-01-09 16:00:00,0.9292,0.9368,0.8949,0.8969,38682580.3
2025-01-09 20:00:00,0.8968,0.9155,0.8835,0.9045,30616340.9
2025-01-10 00:00:00,0.9045,0.9269,0.904,0.9212,17422923.3
2025-01-10 04:00:00,0.9211,0.9713,0.9143,0.9633,32698331.4
2025-01-10 08:00:00,0.9632,0.974,0.9489,0.9549,34153114.0
2025-01-10 12:00:00,0.9549,0.9597,0.9043,0.929,78178195.3
2025-01-10 16:00:00,0.9291,0.9575,0.9154,0.9425,34421173.9
2025-01-10 20:00:00,0.9425,0.9434,0.9252,0.9303,11385890.4
2025-01-11 00:00:00,0.9303,0.9322,0.9176,0.9186,10183043.3
2025-01-11 04:00:00,0.9186,0.9292,0.9156,0.9204,10781336.9
2025-01-11 08:00:00,0.9204,0.9504,0.9134,0.9439,16944010.0
2025-01-11 12:00:00,0.9439,0.946,0.93,0.9373,16681445.3
2025-01-11 16:00:00,0.9372,0.9572,0.932,0.9558,24288726.2
2025-01-11 20:00:00,0.9559,1.0176,0.9524,0.9955,67613048.9
2025-01-12 00:00:00,0.9955,1.0369,0.9857,1.0256,75742867.9
2025-01-12 04:00:00,1.0256,1.027,0.9965,1.003,24564371.1
2025-01-12 08:00:00,1.003,1.0089,0.9758,0.9886,30495606.5
2025-01-12 12:00:00,0.9886,1.0047,0.9833,0.9933,25113586.3
2025-01-12 16:00:00,0.9934,0.9983,0.9812,0.9858,17223019.3
2025-01-12 20:00:00,0.9859,0.9867,0.9613,0.9677,23402684.9
2025-01-13 00:00:00,0.9676,0.9938,0.9431,0.9481,32757623.7
2025-01-13 04:00:00,0.948,0.9619,0.9286,0.9363,22955191.2
2025-01-13 08:00:00,0.9364,0.9368,0.8933,0.8937,51532611.2
2025-01-13 12:00:00,0.8937,0.9416,0.8758,0.9258,108504075.3
2025-01-13 16:00:00,0.9259,0.931,0.9012,0.9122,38120634.5
2025-01-13 20:00:00,0.9121,0.9549,0.9072,0.9444,34807843.2
2025-01-14 00:00:00,0.9444,0.9555,0.938,0.95,17896309.1
2025-01-14 04:00:00,0.95,0.9657,0.944,0.9556,22212807.9
2025-01-14 08:00:00,0.9556,0.9903,0.9556,0.9657,33767202.0
2025-01-14 12:00:00,0.9657,0.9972,0.9555,0.9819,47284444.0
2025-01-14 16:00:00,0.9818,1.0109,0.9692,0.9962,44131139.4
2025-01-14 20:00:00,0.9961,0.9999,0.9866,0.9972,21876610.6
2025-01-15 00:00:00,0.9972,1.0344,0.9879,1.0229,51638229.3
2025-01-15 04:00:00,1.023,1.0563,1.0125,1.0504,43436728.5
2025-01-15 08:00:00,1.0503,1.0583,0.9933,1.0025,63858427.9
2025-01-15 12:00:00,1.0025,1.0769,0.9923,1.0644,123299076.4
2025-01-15 16:00:00,1.0644,1.0825,1.0501,1.0629,52916544.4
2025-01-15 20:00:00,1.063,1.09,1.0503,1.0755,49068798.8
2025-01-16 00:00:00,1.0755,1.0785,1.0369,1.0513,48419504.3
2025-01-16 04:00:00,1.0513,1.0658,1.0489,1.0565,19263097.6
2025-01-16 08:00:00,1.0565,1.067,1.0273,1.0666,53927670.2
2025-01-16 12:00:00,1.0666,1.115,1.0549,1.1023,134176007.3
2025-01-16 16:00:00,1.1023,1.145,1.1018,1.1365,85932530.7
2025-01-16 20:00:00,1.1364,1.1396,1.0805,1.0892,41530829.3
2025-01-17 00:00:00,1.0893,1.1272,1.0854,1.1173,46796410.5
2025-01-17 04:00:00,1.1172,1.1348,1.108,1.1153,31421806.1
2025-01-17 08:00:00,1.1152,1.1334,1.1071,1.1247,42407806.1
2025-01-17 12:00:00,1.1247,1.1296,1.0972,1.1104,47544323.6
2025-01-17 16:00:00,1.1104,1.1498,1.1069,1.1378,49841451.1
2025-01-17 20:00:00,1.1378,1.1662,1.1252,1.133,58519117.0
2025-01-18 00:00:00,1.1331,1.1466,1.0967,1.1056,37139635.7
2025-01-18 04:00:00,1.1055,1.111,1.058,1.0646,70289999.9
2025-01-18 08:00:00,1.0647,1.075,1.0482,1.071,47576516.5
2025-01-18 12:00:00,1.071,1.0952,1.0609,1.0714,41011774.9
2025-01-18 16:00:00,1.0714,1.0766,1.0506,1.0729,38044786.1
2025-01-18 20:00:00,1.073,1.1057,1.0566,1.1045,22719267.8
2025-01-19 00:00:00,1.1044,1.152,1.0844,1.0886,112122498.8
2025-01-19 04:00:00,1.0886,1.094,1.0594,1.0669,51089992.4
2025-01-19 08:00:00,1.0669,1.067,1.0061,1.0198,109997120.2
2025-01-19 12:00:00,1.0199,1.0912,1.0187,1.074,71764773.1
2025-01-19 16:00:00,1.074,1.0885,1.0666,1.0809,33716723.0
2025-01-19 20:00:00,1.081,1.0894,0.9636,0.993,182129486.1
2025-01-20 00:00:00,0.993,1.012,0.9594,1.0072,110586703.8
2025-01-20 04:00:00,1.0071,1.0897,0.9934,1.0777,90012179.1
2025-01-20 08:00:00,1.0777,1.1014,1.0659,1.0825,55627998.3
2025-01-20 12:00:00,1.0825,1.0871,1.0365,1.0473,68260930.9
2025-01-20 16:00:00,1.0473,1.0612,0.97,1.0336,109866931.6
2025-01-20 20:00:00,1.0337,1.0341,0.9963,1.0094,29943224.7
2025-01-21 00:00:00,1.0095,1.014,0.9808,0.9949,44945482.1
2025-01-21 04:00:00,0.995,0.9961,0.9658,0.9765,54591014.9
2025-01-21 08:00:00,0.9764,1.0025,0.9508,1.0002,96068943.2
2025-01-21 12:00:00,1.0003,1.0099,0.9778,0.9939,47675355.8
2025-01-21 16:00:00,0.9938,1.0288,0.9913,1.0147,38307789.5
2025-01-21 20:00:00,1.0147,1.0174,0.9973,1.0058,21749264.7
2025-01-22 00:00:00,1.0059,1.0198,0.9987,1.0028,17956699.4
2025-01-22 04:00:00,1.0028,1.0069,0.987,0.9904,21001196.9
2025-01-22 08:00:00,0.9903,1.0156,0.9783,1.0143,26621695.8
2025-01-22 12:00:00,1.0144,1.0199,0.9834,0.9907,40146635.3
2025-01-22 16:00:00,0.9908,1.0037,0.9781,0.9959,25506184.2
2025-01-22 20:00:00,0.996,1.0054,0.9759,0.9827,16653908.2
2025-01-23 00:00:00,0.9827,0.9887,0.9609,0.9742,26088030.9
2025-01-23 04:00:00,0.9742,0.9755,0.9601,0.9719,18764559.2
2025-01-23 08:00:00,0.9718,0.9737,0.9512,0.9665,23307598.7
2025-01-23 12:00:00,0.9666,1.0016,0.9534,0.9949,49906606.6
2025-01-23 16:00:00,0.9949,1.0118,0.9646,0.9693,30842130.9
2025-01-23 20:00:00,0.9692,1.0036,0.9622,0.9867,43660428.2
2025-01-24 00:00:00,0.9867,0.9902,0.9636,0.9836,20631951.9
2025-01-24 04:00:00,0.9837,1.01,0.9763,0.9978,26658726.8
2025-01-24 08:00:00,0.9978,1.0057,0.9935,0.9998,21163517.8
2025-01-24 12:00:00,0.9997,1.007,0.9867,0.995,24699066.9
2025-01-24 16:00:00,0.995,0.9993,0.984,0.9879,13545280.7
2025-01-24 20:00:00,0.9878,0.991,0.967,0.9712,17728384.2
2025-01-25 00:00:00,0.9712,0.9881,0.9642,0.9876,12879987.7
2025-01-25 04:00:00,0.9876,0.9897,0.9704,0.9764,8075523.3
2025-01-25 08:00:00,0.9764,0.9811,0.9683,0.9797,8867614.9
2025-01-25 12:00:00,0.9796,0.9891,0.9722,0.9871,11077328.4
2025-01-25 16:00:00,0.9872,0.9919,0.9771,0.9844,9387704.0
2025-01-25 20:00:00,0.9844,0.9879,0.9749,0.9766,6433498.5
2025-01-26 00:00:00,0.9766,0.9867,0.9739,0.9835,8195058.2
2025-01-26 04:00:00,0.9836,0.9928,0.9816,0.9926,9627484.9
2025-01-26 08:00:00,0.9927,0.9945,0.9791,0.9865,10463205.9
2025-01-26 12:00:00,0.9865,0.9948,0.9843,0.9924,9462882.8
2025-01-26 16:00:00,0.9923,1.0003,0.988,0.9991,11494301.2
2025-01-26 20:00:00,0.9991,0.9996,0.9515,0.953,23954986.3
2025-01-27 00:00:00,0.953,0.9587,0.915,0.9289,44765645.6
2025-01-27 04:00:00,0.929,0.929,0.8568,0.8875,77121137.1
2025-01-27 08:00:00,0.8875,0.8928,0.8666,0.8809,47193189.2
2025-01-27 12:00:00,0.8809,0.9279,0.8802,0.9186,42701012.5
2025-01-27 16:00:00,0.9187,0.928,0.8941,0.9053,24749904.3
2025-01-27 20:00:00,0.9053,0.9468,0.9053,0.9345,21419527.1
2025-01-28 00:00:00,0.9346,0.944,0.9246,0.942,13104286.8
2025-01-28 04:00:00,0.942,0.9639,0.9411,0.9574,19318138.2
2025-01-28 08:00:00,0.9574,0.9684,0.9444,0.9612,17093285.7
2025-01-28 12:00:00,0.9611,0.968,0.9451,0.959,28832110.0
2025-01-28 16:00:00,0.9589,0.9608,0.9293,0.9348,24607646.7
2025-01-28 20:00:00,0.9349,0.9364,0.9031,0.9169,21751755.5
2025-01-29 00:00:00,0.9168,0.9416,0.9156,0.9399,14648792.1
2025-01-29 04:00:00,0.9399,0.9503,0.9359,0.9438,13442048.0
2025-01-29 08:00:00,0.9437,0.9467,0.9256,0.9331,15208915.4
2025-01-29 12:00:00,0.9331,0.9347,0.912,0.9224,18446350.2
2025-01-29 16:00:00,0.9223,0.9512,0.9018,0.9356,42086829.0
2025-01-29 20:00:00,0.9356,0.9603,0.9249,0.9399,31309355.0
2025-01-30 00:00:00,0.9398,0.9684,0.9363,0.9675,12427929.7
2025-01-30 04:00:00,0.9674,0.9712,0.9546,0.9618,12522393.2
2025-01-30 08:00:00,0.9619,0.9673,0.956,0.9638,9952511.1
2025-01-30 12:00:00,0.9638,0.9886,0.9508,0.9761,27225986.7
2025-01-30 16:00:00,0.9762,0.9806,0.9618,0.9685,15883013.4
2025-01-30 20:00:00,0.9685,0.9704,0.959,0.9595,8709304.8
2025-01-31 00:00:00,0.9595,0.9622,0.9383,0.9436,14022743.3
2025-01-31 04:00:00,0.9436,0.9646,0.936,0.9512,13145369.8
2025-01-31 08:00:00,0.9512,0.9762,0.9439,0.9742,16076353.3
2025-01-31 12:00:00,0.9741,0.9837,0.9635,0.9792,29326785.8
2025-01-31 16:00:00,0.9791,0.9834,0.9435,0.9459,24526729.2
2025-01-31 20:00:00,0.9458,0.9507,0.9347,0.9429,16720783.8
2025-02-01 00:00:00,0.9428,0.9576,0.9391,0.9454,11019427.8
2025-02-01 04:00:00,0.9454,0.9554,0.9363,0.9375,9594294.8
2025-02-01 08:00:00,0.9374,0.9397,0.919,0.9329,17140501.0
2025-02-01 12:00:00,0.9329,0.9366,0.9178,0.927,11963900.2
2025-02-01 16:00:00,0.9271,0.9331,0.9082,0.9144,15274389.8
2025-02-01 20:00:00,0.9143,0.919,0.8875,0.8948,23392272.2
2025-02-02 00:00:00,0.8947,0.9113,0.8661,0.8681,28565519.0
2025-02-02 04:00:00,0.8681,0.8958,0.8657,0.88,20746264.8
2025-02-02 08:00:00,0.8799,0.8975,0.8638,0.8693,18881199.1
2025-02-02 12:00:00,0.8693,0.8829,0.8579,0.8704,29933196.7
2025-02-02 16:00:00,0.8704,0.871,0.786,0.8159,137372444.7
2025-02-02 20:00:00,0.8159,0.8273,0.7513,0.8052,105025102.3
2025-02-03 00:00:00,0.8051,0.8053,0.506,0.6598,610349056.7
2025-02-03 04:00:00,0.6599,0.721,0.626,0.7186,169998468.1
2025-02-03 08:00:00,0.7186,0.7193,0.6821,0.7125,133233251.4
2025-02-03 12:00:00,0.7125,0.7752,0.6726,0.7654,228094531.0
2025-02-03 16:00:00,0.7653,0.8043,0.7555,0.801,140161988.9
2025-02-03 20:00:00,0.8009,0.8245,0.7753,0.812,55113933.4
2025-02-04 00:00:00,0.8121,0.8198,0.7856,0.7922,36483106.8
2025-02-04 04:00:00,0.7921,0.7948,0.715,0.7165,72859415.7
2025-02-04 08:00:00,0.7165,0.7589,0.7165,0.7469,45454680.0
2025-02-04 12:00:00,0.7469,0.7782,0.7464,0.7582,67942345.4
2025-02-04 16:00:00,0.7583,0.7897,0.7498,0.752,46365416.0
2025-02-04 20:00:00,0.7521,0.7618,0.7217,0.7439,67097756.9
2025-02-05 00:00:00,0.744,0.7594,0.7386,0.7533,26900051.8
2025-02-05 04:00:00,0.7533,0.7591,0.7409,0.7513,23307361.8
2025-02-05 08:00:00,0.7513,0.7698,0.7459,0.7686,19424887.3
2025-02-05 12:00:00,0.7686,0.7764,0.7534,0.7629,32021788.1
2025-02-05 16:00:00,0.7628,0.7656,0.7281,0.7486,48673615.9
2025-02-05 20:00:00,0.7486,0.7529,0.7251,0.7325,24390169.4
2025-02-06 00:00:00,0.7325,0.7529,0.7311,0.7496,14271980.3
2025-02-06 04:00:00,0.7496,0.766,0.7482,0.7599,16502632.5
2025-02-06 08:00:00,0.76,0.7658,0.7483,0.7555,22144057.7
2025-02-06 12:00:00,0.7556,0.757,0.7034,0.711,57292243.7
2025-02-06 16:00:00,0.711,0.7248,0.6978,0.702,48590413.0
2025-02-06 20:00:00,0.7021,0.7217,0.6981,0.7052,28777320.1
2025-02-07 00:00:00,0.7052,0.733,0.7041,0.723,22535672.9
2025-02-07 04:00:00,0.7231,0.7289,0.703,0.7138,18218644.2
2025-02-07 08:00:00,0.7139,0.7378,0.7107,0.7332,27334881.1
2025-02-07 12:00:00,0.7331,0.7532,0.7205,0.731,72075614.8
2025-02-07 16:00:00,0.7311,0.7349,0.7145,0.7148,29575922.9
2025-02-07 20:00:00,0.7148,0.7158,0.6902,0.7072,36449450.0
2025-02-08 00:00:00,0.7072,0.718,0.6985,0.7011,18790291.3
2025-02-08 04:00:00,0.7011,0.7034,0.6874,0.6993,18858254.5
2025-02-08 08:00:00,0.6993,0.7014,0.6847,0.6909,14458284.0
2025-02-08 12:00:00,0.6909,0.7001,0.6853,0.6891,22211084.7
2025-02-08 16:00:00,0.6891,0.7045,0.6815,0.6996,21898533.6
2025-02-08 20:00:00,0.6996,0.7062,0.6954,0.7005,10223563.0
2025-02-09 00:00:00,0.7006,0.716,0.6958,0.7126,18804112.8
2025-02-09 04:00:00,0.7125,0.7128,0.6988,0.7044,14535528.3
2025-02-09 08:00:00,0.7044,0.7078,0.6964,0.6975,13850285.7
2025-02-09 12:00:00,0.6975,0.7004,0.6771,0.6941,27372317.3
2025-02-09 16:00:00,0.6941,0.6985,0.6786,0.6818,13625070.6
2025-02-09 20:00:00,0.6817,0.6891,0.6503,0.6814,57785328.8
2025-02-10 00:00:00,0.6815,0.6975,0.6632,0.6875,39261463.0
2025-02-10 04:00:00,0.6875,0.7003,0.6836,0.6962,17676843.7
2025-02-10 08:00:00,0.6961,0.7059,0.6946,0.7006,21418110.8
2025-02-10 12:00:00,0.7006,0.7177,0.6922,0.699,39389148.9
2025-02-10 16:00:00,0.699,0.7066,0.6969,0.6999,15723732.7
2025-02-10 20:00:00,0.6999,0.7245,0.6985,0.7121,35312626.3
2025-02-11 00:00:00,0.7121,0.759,0.7101,0.7509,52143520.0
2025-02-11 04:00:00,0.7509,0.8143,0.7462,0.802,81421942.7
2025-02-11 08:00:00,0.8019,0.8213,0.7917,0.8078,53284093.4
2025-02-11 12:00:00,0.8078,0.8188,0.7797,0.7962,65870589.5
2025-02-11 16:00:00,0.7962,0.8032,0.7513,0.7645,55470501.1
2025-02-11 20:00:00,0.7646,0.7977,0.7591,0.7781,55838866.0
2025-02-12 00:00:00,0.7782,0.7874,0.756,0.7636,29738897.2
2025-02-12 04:00:00,0.7636,0.7744,0.7538,0.7698,18375157.4
2025-02-12 08:00:00,0.7698,0.8006,0.7665,0.7866,43260953.6
2025-02-12 12:00:00,0.7866,0.7992,0.7448,0.7713,122227713.8
2025-02-12 16:00:00,0.7714,0.7928,0.759,0.7879,34033543.7
2025-02-12 20:00:00,0.788,0.8079,0.7839,0.7997,23698743.6
2025-02-13 00:00:00,0.7998,0.8039,0.7855,0.7882,15979458.1
2025-02-13 04:00:00,0.7883,0.789,0.7693,0.7846,26244222.8
2025-02-13 08:00:00,0.7846,0.7885,0.7732,0.7829,16141014.9
2025-02-13 12:00:00,0.7829,0.7927,0.7704,0.7882,26346838.6
2025-02-13 16:00:00,0.7881,0.8127,0.775,0.7984,33734121.4
2025-02-13 20:00:00,0.7984,0.8309,0.7971,0.8107,29963077.2
2025-02-14 00:00:00,0.8107,0.8146,0.7965,0.8129,13761265.6
2025-02-14 04:00:00,0.8129,0.8153,0.7949,0.7992,14079003.8
2025-02-14 08:00:00,0.7993,0.828,0.7984,0.8065,36109882.3
2025-02-14 12:00:00,0.8064,0.8184,0.7964,0.8074,27194300.7
2025-02-14 16:00:00,0.8074,0.8293,0.7997,0.8172,33810396.6
2025-02-14 20:00:00,0.8172,0.8204,0.7891,0.7998,19925494.5
2025-02-15 00:00:00,0.7997,0.8138,0.7906,0.8078,16147747.8
2025-02-15 04:00:00,0.8078,0.8141,0.7929,0.7963,11775386.8
2025-02-15 08:00:00,0.7962,0.8044,0.7896,0.7937,9867279.0
2025-02-15 12:00:00,0.7939,0.797,0.7798,0.7867,15257805.1
2025-02-15 16:00:00,0.7867,0.7913,0.7807,0.7839,9449432.8
2025-02-15 20:00:00,0.7839,0.7858,0.7745,0.7811,10151788.3
2025-02-16 00:00:00,0.7811,0.7893,0.7719,0.7767,10526167.5
2025-02-16 04:00:00,0.7768,0.7891,0.7753,0.7781,9341648.9
2025-02-16 08:00:00,0.7781,0.784,0.7721,0.7834,7885737.1
2025-02-16 12:00:00,0.7834,0.7847,0.7615,0.7705,16629950.4
2025-02-16 16:00:00,0.7705,0.7774,0.7634,0.7718,8249840.6
2025-02-16 20:00:00,0.7717,0.7844,0.7685,0.7714,10018029.0
2025-02-17 00:00:00,0.7714,0.7988,0.7705,0.7947,19779544.9
2025-02-17 04:00:00,0.7947,0.8176,0.7875,0.7943,49802893.1
2025-02-17 08:00:00,0.7943,0.8097,0.7913,0.8005,22432909.0
2025-02-17 12:00:00,0.8005,0.8291,0.8001,0.8097,46146319.8
2025-02-17 16:00:00,0.8096,0.8145,0.7831,0.8067,34181395.1
2025-02-17 20:00:00,0.8066,0.8181,0.7979,0.8089,21337941.4
2025-02-18 00:00:00,0.8089,0.8133,0.7902,0.8077,19418616.5
2025-02-18 04:00:00,0.8077,0.814,0.7736,0.7771,27864603.5
2025-02-18 08:00:00,0.7772,0.7874,0.7657,0.7735,22875543.3
2025-02-18 12:00:00,0.7734,0.7983,0.7472,0.7552,38139333.4
2025-02-18 16:00:00,0.7553,0.7605,0.7351,0.748,43707956.4
2025-02-18 20:00:00,0.7481,0.759,0.7404,0.7541,21062702.7
2025-02-19 00:00:00,0.7542,0.7583,0.74,0.7526,21942535.0
2025-02-19 04:00:00,0.7525,0.77,0.7328,0.7631,21183756.7
2025-02-19 08:00:00,0.763,0.7761,0.7558,0.7746,22547258.3
2025-02-19 12:00:00,0.7747,0.775,0.7503,0.7592,22689150.7
2025-02-19 16:00:00,0.7591,0.7707,0.752,0.7605,16357254.0
2025-02-19 20:00:00,0.7605,0.7759,0.7556,0.7738,13840287.1
2025-02-20 00:00:00,0.7737,0.7881,0.7703,0.7826,15152712.2
2025-02-20 04:00:00,0.7825,0.7855,0.776,0.7809,12901036.5
2025-02-20 08:00:00,0.781,0.7952,0.7795,0.7914,32980121.9
2025-02-20 12:00:00,0.7914,0.7999,0.7829,0.7841,22793690.2
2025-02-20 16:00:00,0.7841,0.8111,0.783,0.8107,22796667.2
2025-02-20 20:00:00,0.8107,0.811,0.7982,0.8036,16389370.3
2025-02-21 00:00:00,0.8036,0.807,0.7967,0.7993,11496667.8
2025-02-21 04:00:00,0.7992,0.805,0.7957,0.7973,12725674.1
2025-02-21 08:00:00,0.7973,0.8136,0.7945,0.7983,15962348.8
2025-02-21 12:00:00,0.7982,0.8187,0.7796,0.8002,52096074.3
2025-02-21 16:00:00,0.8001,0.8115,0.7516,0.7539,54112322.8
2025-02-21 20:00:00,0.7538,0.7655,0.7501,0.7621,29736433.8
2025-02-22 00:00:00,0.7622,0.7773,0.7571,0.7651,18975382.1
2025-02-22 04:00:00,0.765,0.7732,0.7629,0.7629,7955872.4
2025-02-22 08:00:00,0.763,0.7745,0.7584,0.7687,13239508.3
2025-02-22 12:00:00,0.7687,0.7761,0.7663,0.7737,10806822.0
2025-02-22 16:00:00,0.7736,0.7845,0.7718,0.7802,12361492.2
2025-02-22 20:00:00,0.7803,0.7814,0.7722,0.7734,6709747.6
2025-02-23 00:00:00,0.7733,0.7784,0.7667,0.7693,7959724.3
2025-02-23 04:00:00,0.7693,0.7879,0.7642,0.7872,19008197.3
2025-02-23 08:00:00,0.7873,0.7883,0.7713,0.7728,9457950.2
2025-02-23 12:00:00,0.7727,0.7796,0.7596,0.7617,13335654.0
2025-02-23 16:00:00,0.7616,0.7693,0.7606,0.7655,8301071.6
2025-02-23 20:00:00,0.7655,0.7738,0.7611,0.7697,10003872.2
2025-02-24 00:00:00,0.7698,0.7774,0.738,0.7384,21287566.5
2025-02-24 04:00:00,0.7384,0.7484,0.7258,0.7453,19301516.4
2025-02-24 08:00:00,0.7454,0.7456,0.7257,0.7354,21297668.8
2025-02-24 12:00:00,0.7354,0.7417,0.7077,0.7186,36845575.1
2025-02-24 16:00:00,0.7186,0.7345,0.7094,0.7161,18921499.4
2025-02-24 20:00:00,0.7162,0.7272,0.67,0.6816,70198942.0
2025-02-25 00:00:00,0.6816,0.6941,0.6652,0.6813,38566351.9
2025-02-25 04:00:00,0.6813,0.6905,0.64,0.6595,79659173.9
2025-02-25 08:00:00,0.6596,0.6731,0.6302,0.6601,72466452.8
2025-02-25 12:00:00,0.6602,0.6669,0.6346,0.6542,52598015.5
2025-02-25 16:00:00,0.6543,0.6767,0.6427,0.6754,33296136.5
2025-02-25 20:00:00,0.6753,0.695,0.6693,0.6832,38033818.1
2025-02-26 00:00:00,0.6832,0.6954,0.676,0.6898,20297079.6
2025-02-26 04:00:00,0.6897,0.6944,0.6765,0.682,13990192.8
2025-02-26 08:00:00,0.682,0.6906,0.6737,0.6803,20558083.5
2025-02-26 12:00:00,0.6804,0.6877,0.6553,0.6772,48627775.7
2025-02-26 16:00:00,0.6772,0.6793,0.6364,0.6403,50105998.1
2025-02-26 20:00:00,0.6402,0.6634,0.6312,0.6474,35103930.5
2025-02-27 00:00:00,0.6475,0.663,0.6413,0.6582,19572580.2
2025-02-27 04:00:00,0.6581,0.6722,0.6519,0.6687,14213166.4
2025-02-27 08:00:00,0.6687,0.6787,0.6617,0.6756,14072539.1
2025-02-27 12:00:00,0.6756,0.6798,0.6578,0.6661,23243126.3
2025-02-27 16:00:00,0.6661,0.6689,0.6439,0.6467,16486557.1
2025-02-27 20:00:00,0.6468,0.6489,0.6263,0.6451,31750126.7
2025-02-28 00:00:00,0.6451,0.6466,0.6,0.6025,74957955.4
2025-02-28 04:00:00,0.6026,0.6033,0.5812,0.5929,57858871.0
2025-02-28 08:00:00,0.5929,0.6082,0.5801,0.5994,34253418.4
2025-02-28 12:00:00,0.5993,0.6372,0.5944,0.6314,47133163.1
2025-02-28 16:00:00,0.6314,0.6393,0.6245,0.6347,23138567.7
2025-02-28 20:00:00,0.6347,0.6369,0.6267,0.6328,20768457.2
2025-03-01 00:00:00,0.6328,0.6493,0.6286,0.6452,16263306.4
2025-03-01 04:00:00,0.6452,0.6549,0.6389,0.6393,16924937.1
2025-03-01 08:00:00,0.6394,0.6499,0.6306,0.6361,18214880.1
2025-03-01 12:00:00,0.6362,0.6376,0.6252,0.6349,13409911.6
2025-03-01 16:00:00,0.635,0.645,0.6304,0.6442,9715997.0
2025-03-01 20:00:00,0.6441,0.677,0.6409,0.6593,27316286.1
2025-03-02 00:00:00,0.6593,0.6761,0.6541,0.6722,19888560.3
2025-03-02 04:00:00,0.6722,0.6743,0.6598,0.663,17612815.0
2025-03-02 08:00:00,0.663,0.6681,0.66,0.6629,8898193.6
2025-03-02 12:00:00,0.6629,0.8994,0.645,0.8659,335825728.5
2025-03-02 16:00:00,0.8662,1.1488,0.8657,1.0402,825867071.6
2025-03-02 20:00:00,1.0401,1.1445,1.018,1.135,253935040.9
2025-03-03 00:00:00,1.1349,1.1747,1.0421,1.0705,234568577.4
2025-03-03 04:00:00,1.0704,1.08,0.986,1.0141,162687134.2
2025-03-03 08:00:00,1.0141,1.0168,0.9265,0.9644,241423043.9
2025-03-03 12:00:00,0.9644,1.033,0.9265,0.9577,298086440.1
2025-03-03 16:00:00,0.9578,0.9884,0.8228,0.8367,300691450.3
2025-03-03 20:00:00,0.8367,0.8807,0.832,0.8578,172889820.7
2025-03-04 00:00:00,0.8577,0.8635,0.7576,0.8006,257818994.4
2025-03-04 04:00:00,0.8007,0.8338,0.7929,0.8085,113861392.7
2025-03-04 08:00:00,0.8084,0.8353,0.7964,0.8133,83026700.4
2025-03-04 12:00:00,0.8132,0.9108,0.7815,0.8544,277699659.6
2025-03-04 16:00:00,0.8544,0.9562,0.8226,0.9257,263592002.6
2025-03-04 20:00:00,0.9257,0.9557,0.9025,0.9409,107035027.9
2025-03-05 00:00:00,0.9409,0.984,0.9136,0.9277,126276268.0
2025-03-05 04:00:00,0.9278,0.9434,0.9156,0.9395,71652942.6
2025-03-05 08:00:00,0.9396,1.0278,0.9377,0.9813,147828834.2
2025-03-05 12:00:00,0.9812,1.0109,0.9296,0.9413,167373976.0
2025-03-05 16:00:00,0.9412,0.998,0.9313,0.9916,114895246.3
2025-03-05 20:00:00,0.9917,0.9993,0.9716,0.9741,56515630.1
2025-03-06 00:00:00,0.9741,0.9886,0.9488,0.9592,74633903.6
2025-03-06 04:00:00,0.9592,0.9684,0.9338,0.9388,57556866.9
2025-03-06 08:00:00,0.9388,0.9702,0.938,0.9524,63612977.3
2025-03-06 12:00:00,0.9524,0.9526,0.9,0.9325,104404249.6
2025-03-06 16:00:00,0.9325,0.9368,0.8854,0.903,81084060.6
2025-03-06 20:00:00,0.903,0.9286,0.8993,0.9065,45417080.1
2025-03-07 00:00:00,0.9065,0.9206,0.8165,0.8529,221697096.9
2025-03-07 04:00:00,0.8529,0.8824,0.8513,0.8753,50834855.6
2025-03-07 08:00:00,0.8754,0.8899,0.865,0.8797,84333386.6
2025-03-07 12:00:00,0.8797,0.8979,0.8441,0.8582,143859198.6
2025-03-07 16:00:00,0.8581,0.8668,0.8101,0.853,159593050.3
2025-03-07 20:00:00,0.8528,0.8647,0.8064,0.8181,129474375.0
2025-03-08 00:00:00,0.818,0.8392,0.812,0.8221,39586724.4
2025-03-08 04:00:00,0.8222,0.8319,0.8145,0.8242,27986666.7
2025-03-08 08:00:00,0.8243,0.8262,0.7931,0.8006,41106049.1
2025-03-08 12:00:00,0.8006,0.8254,0.7981,0.8166,39607072.0
2025-03-08 16:00:00,0.8165,0.8233,0.7934,0.8202,29652913.4
2025-03-08 20:00:00,0.8202,0.8215,0.8009,0.8052,17824488.0
2025-03-09 00:00:00,0.8052,0.817,0.7934,0.8012,25716055.9
2025-03-09 04:00:00,0.8012,0.8176,0.7978,0.8142,38985097.7
2025-03-09 08:00:00,0.8142,0.8155,0.7707,0.7808,55531075.6
2025-03-09 12:00:00,0.7808,0.781,0.7508,0.7562,67335808.4
2025-03-09 16:00:00,0.7561,0.7616,0.711,0.7313,97419799.2
2025-03-09 20:00:00,0.7313,0.7417,0.709,0.7215,56596533.1
2025-03-10 00:00:00,0.7216,0.753,0.7024,0.741,83431868.6
2025-03-10 04:00:00,0.741,0.7511,0.7362,0.7461,32166030.6
2025-03-10 08:00:00,0.7461,0.7786,0.7298,0.7571,77963808.9
2025-03-10 12:00:00,0.7571,0.7631,0.6852,0.7013,112294507.9
2025-03-10 16:00:00,0.7012,0.7047,0.6582,0.6891,105878768.1
2025-03-10 20:00:00,0.6891,0.6934,0.6688,0.6712,40395545.0
2025-03-11 00:00:00,0.6711,0.7049,0.6471,0.7011,106703319.7
2025-03-11 04:00:00,0.7011,0.7335,0.6983,0.7195,63947806.2
2025-03-11 08:00:00,0.7195,0.7387,0.7165,0.7311,51277356.5
2025-03-11 12:00:00,0.7312,0.7349,0.6972,0.7267,120342057.4
2025-03-11 16:00:00,0.7267,0.7444,0.7076,0.732,54354767.4
2025-03-11 20:00:00,0.7319,0.7346,0.7195,0.7241,21743170.5
2025-03-12 00:00:00,0.724,0.7471,0.7159,0.7167,46214308.1
2025-03-12 04:00:00,0.7168,0.7369,0.7111,0.7345,30723359.5
2025-03-12 08:00:00,0.7346,0.7506,0.7279,0.7424,48186210.2
2025-03-12 12:00:00,0.7424,0.77,0.7124,0.7298,96658271.8
2025-03-12 16:00:00,0.7297,0.7359,0.7173,0.7297,30627253.9
2025-03-12 20:00:00,0.7297,0.737,0.7249,0.736,19997594.6
2025-03-13 00:00:00,0.736,0.74,0.7236,0.7273,32047801.2
2025-03-13 04:00:00,0.7272,0.7297,0.7142,0.7176,27108295.1
2025-03-13 08:00:00,0.7175,0.7338,0.7088,0.7283,40067593.2
2025-03-13 12:00:00,0.7282,0.742,0.7026,0.7065,80965400.3
2025-03-13 16:00:00,0.7065,0.7103,0.6957,0.6979,56665763.1
2025-03-13 20:00:00,0.698,0.7104,0.6909,0.703,28028582.3
2025-03-14 00:00:00,0.703,0.7109,0.6963,0.7061,27611904.2
2025-03-14 04:00:00,0.7061,0.7178,0.7054,0.7114,23921859.7
2025-03-14 08:00:00,0.7115,0.7242,0.7095,0.719,25080830.6
2025-03-14 12:00:00,0.719,0.7514,0.7144,0.7398,63492555.9
2025-03-14 16:00:00,0.7399,0.7457,0.7322,0.7366,35220791.3
2025-03-14 20:00:00,0.7366,0.7472,0.7285,0.7373,25395070.6
2025-03-15 00:00:00,0.7372,0.7543,0.7346,0.7491,20962090.8
2025-03-15 04:00:00,0.7491,0.7575,0.7313,0.7339,26665455.4
2025-03-15 08:00:00,0.7339,0.744,0.7309,0.7434,24943801.0
2025-03-15 12:00:00,0.7435,0.7534,0.7423,0.7494,30112321.3
2025-03-15 16:00:00,0.7494,0.7563,0.744,0.7487,16585012.7
2025-03-15 20:00:00,0.7487,0.7594,0.7465,0.7468,15369842.0
2025-03-16 00:00:00,0.7468,0.7473,0.733,0.7424,15699779.1
2025-03-16 04:00:00,0.7425,0.7449,0.7352,0.7391,11133847.1
2025-03-16 08:00:00,0.7391,0.7408,0.7043,0.7058,36286533.4
2025-03-16 12:00:00,0.7058,0.7126,0.6969,0.7044,40239006.9
2025-03-16 16:00:00,0.7044,0.7169,0.6936,0.6991,44031245.4
2025-03-16 20:00:00,0.6992,0.7079,0.6955,0.7049,18913637.5
2025-03-17 00:00:00,0.7049,0.72,0.7041,0.7156,17943039.8
2025-03-17 04:00:00,0.7156,0.7234,0.7024,0.7209,22412792.7
2025-03-17 08:00:00,0.7209,0.7296,0.718,0.7236,23038957.8
2025-03-17 12:00:00,0.7237,0.732,0.7134,0.7244,34237130.0
2025-03-17 16:00:00,0.7244,0.73,0.7171,0.7255,15711853.3
2025-03-17 20:00:00,0.7256,0.7263,0.7149,0.7175,11449420.7
2025-03-18 00:00:00,0.7175,0.7184,0.7025,0.7048,16397389.5
2025-03-18 04:00:00,0.7047,0.7107,0.699,0.7088,20502252.9
2025-03-18 08:00:00,0.7088,0.7128,0.701,0.7016,14030537.9
2025-03-18 12:00:00,0.7015,0.7044,0.6816,0.6871,43571661.9
2025-03-18 16:00:00,0.6871,0.6975,0.6818,0.696,18690649.1
2025-03-18 20:00:00,0.696,0.7058,0.6908,0.7017,10994557.8
2025-03-19 00:00:00,0.7017,0.7128,0.7003,0.712,12634915.6
2025-03-19 04:00:00,0.7121,0.7126,0.7062,0.7083,12300023.4
2025-03-19 08:00:00,0.7083,0.7271,0.7082,0.7237,24447730.9
2025-03-19 12:00:00,0.7238,0.7458,0.7161,0.7405,73169730.3
2025-03-19 16:00:00,0.7406,0.7432,0.7188,0.7311,60708836.1
2025-03-19 20:00:00,0.7312,0.747,0.726,0.7436,20072391.0
2025-03-20 00:00:00,0.7436,0.7473,0.7267,0.7307,20224325.2
2025-03-20 04:00:00,0.7307,0.7324,0.7243,0.7307,16687968.7
2025-03-20 08:00:00,0.7306,0.7366,0.7199,0.7278,19345189.0
2025-03-20 12:00:00,0.7278,0.7554,0.7243,0.7257,63492386.9
2025-03-20 16:00:00,0.7256,0.7311,0.712,0.7192,31169131.9
2025-03-20 20:00:00,0.7193,0.7247,0.713,0.718,12868968.2
2025-03-21 00:00:00,0.7179,0.7277,0.7151,0.7173,16084830.2
2025-03-21 04:00:00,0.7173,0.7223,0.7108,0.7141,11772521.7
2025-03-21 08:00:00,0.714,0.7162,0.7008,0.7074,21926813.2
2025-03-21 12:00:00,0.7073,0.7136,0.7012,0.7038,20940567.9
2025-03-21 16:00:00,0.7037,0.7183,0.7006,0.7106,18391215.0
2025-03-21 20:00:00,0.7106,0.7165,0.7034,0.705,10221629.7
2025-03-22 00:00:00,0.705,0.7117,0.7036,0.7092,8746079.3
2025-03-22 04:00:00,0.7093,0.7154,0.7081,0.7111,6322642.6
2025-03-22 08:00:00,0.7112,0.7161,0.7097,0.7115,7445514.6
2025-03-22 12:00:00,0.7115,0.7117,0.7,0.7035,13845219.1
2025-03-22 16:00:00,0.7034,0.7095,0.7013,0.7074,9626574.4
2025-03-22 20:00:00,0.7073,0.7085,0.6971,0.7014,12028636.0
2025-03-23 00:00:00,0.7015,0.7129,0.7006,0.712,11214272.6
2025-03-23 04:00:00,0.712,0.7152,0.7087,0.7127,10010288.5
2025-03-23 08:00:00,0.7127,0.716,0.7086,0.7115,13556702.1
2025-03-23 12:00:00,0.7116,0.7137,0.7059,0.7089,12378233.2
2025-03-23 16:00:00,0.709,0.7123,0.6917,0.6992,24321685.0
2025-03-23 20:00:00,0.6992,0.7108,0.6979,0.7107,12310565.8
2025-03-24 00:00:00,0.7106,0.7209,0.7055,0.7193,25951461.4
2025-03-24 04:00:00,0.7194,0.7288,0.7193,0.7223,33922914.5
2025-03-24 08:00:00,0.7223,0.7345,0.7223,0.7318,21806700.5
2025-03-24 12:00:00,0.7319,0.742,0.7248,0.7329,32181718.5
2025-03-24 16:00:00,0.7328,0.7416,0.7259,0.7364,27010227.5
2025-03-24 20:00:00,0.7364,0.7452,0.725,0.732,24018514.1
2025-03-25 00:00:00,0.732,0.7382,0.7213,0.723,22550378.2
2025-03-25 04:00:00,0.723,0.7491,0.7209,0.7348,32802960.9
2025-03-25 08:00:00,0.7349,0.763,0.7348,0.7572,37251407.4
2025-03-25 12:00:00,0.7572,0.7666,0.7473,0.7566,53208380.8
2025-03-25 16:00:00,0.7566,0.7607,0.745,0.7491,25307695.1
2025-03-25 20:00:00,0.749,0.7523,0.7396,0.7448,20586406.7
2025-03-26 00:00:00,0.7447,0.7549,0.7386,0.7422,21784828.6
2025-03-26 04:00:00,0.7422,0.77,0.7409,0.768,20468234.0
2025-03-26 08:00:00,0.768,0.7744,0.7635,0.7686,37161503.9
2025-03-26 12:00:00,0.7687,0.7716,0.7364,0.7403,41136683.7
2025-03-26 16:00:00,0.7403,0.7434,0.7197,0.7273,28120924.5
2025-03-26 20:00:00,0.7272,0.7346,0.7208,0.7287,18201714.9
2025-03-27 00:00:00,0.7288,0.7444,0.7261,0.7424,15285089.1
2025-03-27 04:00:00,0.7424,0.7426,0.7341,0.738,9493002.1
2025-03-27 08:00:00,0.738,0.7432,0.7305,0.7321,11696280.8
2025-03-27 12:00:00,0.732,0.7416,0.7209,0.7336,22827388.8
2025-03-27 16:00:00,0.7336,0.7393,0.7296,0.7345,9384438.0
2025-03-27 20:00:00,0.7345,0.7432,0.7326,0.7381,9687964.1
2025-03-28 00:00:00,0.7381,0.7465,0.7287,0.7319,18087839.6
2025-03-28 04:00:00,0.7319,0.7324,0.7004,0.7015,42637476.9
2025-03-28 08:00:00,0.7015,0.7055,0.6942,0.7042,28924600.3
2025-03-28 12:00:00,0.7041,0.7083,0.6949,0.699,25035444.3
2025-03-28 16:00:00,0.6991,0.7016,0.6895,0.6961,14520925.9
2025-03-28 20:00:00,0.6961,0.7092,0.6958,0.7062,11736458.6
2025-03-29 00:00:00,0.7062,0.7122,0.69,0.7019,12096668.4
2025-03-29 04:00:00,0.7018,0.7034,0.6777,0.6834,16204201.1
2025-03-29 08:00:00,0.6834,0.6879,0.6607,0.667,35302372.9
2025-03-29 12:00:00,0.6671,0.6776,0.6652,0.6714,15211034.0
2025-03-29 16:00:00,0.6715,0.6748,0.6588,0.6733,16719325.1
2025-03-29 20:00:00,0.6734,0.6749,0.6652,0.6732,8819863.7
2025-03-30 00:00:00,0.6733,0.685,0.6675,0.6783,13263325.2
2025-03-30 04:00:00,0.6783,0.6849,0.6778,0.6812,7357116.9
2025-03-30 08:00:00,0.6811,0.6877,0.6735,0.6758,9835805.3
2025-03-30 12:00:00,0.6757,0.6774,0.666,0.6697,10540328.1
2025-03-30 16:00:00,0.6697,0.6752,0.6562,0.6677,17344181.8
2025-03-30 20:00:00,0.6676,0.671,0.6512,0.6612,15433473.3
2025-03-31 00:00:00,0.6613,0.6623,0.647,0.6499,18384385.3
2025-03-31 04:00:00,0.6499,0.6617,0.6413,0.6457,14372757.7
2025-03-31 08:00:00,0.6458,0.6516,0.6296,0.6442,23917902.4
2025-03-31 12:00:00,0.6441,0.6631,0.6347,0.6568,32879375.4
2025-03-31 16:00:00,0.6569,0.6655,0.6503,0.6554,23469811.2
2025-03-31 20:00:00,0.6554,0.6643,0.6545,0.6618,13535746.9
2025-04-01 00:00:00,0.6618,0.6728,0.6577,0.6682,16408960.0
2025-04-01 04:00:00,0.6683,0.6761,0.6663,0.6692,12673796.6
2025-04-01 08:00:00,0.6691,0.6845,0.6683,0.6734,21085336.5
2025-04-01 12:00:00,0.6735,0.6949,0.6669,0.6916,36166364.0
2025-04-01 16:00:00,0.6917,0.6938,0.6754,0.6783,12900167.6
2025-04-01 20:00:00,0.6782,0.6842,0.6733,0.677,7129696.8
2025-04-02 00:00:00,0.6771,0.6775,0.6644,0.673,12875844.0
2025-04-02 04:00:00,0.6729,0.6766,0.6632,0.6718,11843518.2
2025-04-02 08:00:00,0.6718,0.6845,0.6681,0.6767,14569458.1
2025-04-02 12:00:00,0.6767,0.6987,0.6746,0.6922,43401060.5
2025-04-02 16:00:00,0.6922,0.6966,0.6811,0.6897,14956234.4
2025-04-02 20:00:00,0.6898,0.7098,0.6348,0.64,70500253.4
2025-04-03 00:00:00,0.64,0.6576,0.6355,0.6518,21490681.8
2025-04-03 04:00:00,0.6519,0.657,0.6437,0.6494,10740293.6
2025-04-03 08:00:00,0.6493,0.6543,0.6379,0.6431,14866026.7
2025-04-03 12:00:00,0.6432,0.6442,0.613,0.6283,43319509.9
2025-04-03 16:00:00,0.6284,0.6434,0.6256,0.6382,13859026.6
2025-04-03 20:00:00,0.6383,0.6528,0.6375,0.6508,9943535.2
2025-04-04 00:00:00,0.6509,0.6534,0.6424,0.6517,8219165.1
2025-04-04 04:00:00,0.6518,0.6636,0.6458,0.663,12048866.1
2025-04-04 08:00:00,0.663,0.6665,0.6275,0.6361,30165711.0
2025-04-04 12:00:00,0.636,0.6717,0.6294,0.6568,49323281.6
2025-04-04 16:00:00,0.6568,0.6668,0.6506,0.6608,16992710.7
2025-04-04 20:00:00,0.6608,0.6686,0.6561,0.6603,9696299.0
2025-04-05 00:00:00,0.6603,0.6675,0.6575,0.6576,7139189.1
2025-04-05 04:00:00,0.6576,0.6602,0.6527,0.6566,6331286.4
2025-04-05 08:00:00,0.6566,0.6645,0.6545,0.6611,6750038.4
2025-04-05 12:00:00,0.6612,0.6627,0.6448,0.6478,11925074.0
2025-04-05 16:00:00,0.6477,0.6536,0.6458,0.6467,4803484.3
2025-04-05 20:00:00,0.6467,0.6564,0.6453,0.6547,6813846.4
2025-04-06 00:00:00,0.6547,0.6553,0.6442,0.6467,5724634.9
2025-04-06 04:00:00,0.6468,0.6487,0.6374,0.6385,9263810.4
2025-04-06 08:00:00,0.6384,0.6419,0.6355,0.6384,9837448.7
2025-04-06 12:00:00,0.6383,0.6391,0.6186,0.6273,25220485.7
2025-04-06 16:00:00,0.6273,0.6283,0.5826,0.5893,61015465.5
2025-04-06 20:00:00,0.5893,0.5912,0.5597,0.5737,55154624.7
2025-04-07 00:00:00,0.5737,0.5863,0.5481,0.557,37573821.5
2025-04-07 04:00:00,0.5569,0.5646,0.511,0.5204,99779088.8
2025-04-07 08:00:00,0.5203,0.5603,0.5189,0.5423,59948163.5
2025-04-07 12:00:00,0.5423,0.6055,0.5351,0.574,160209292.3
2025-04-07 16:00:00,0.5739,0.5847,0.5595,0.577,41222536.8
2025-04-07 20:00:00,0.5769,0.595,0.5769,0.5864,20337085.0
2025-04-08 00:00:00,0.5863,0.6048,0.5797,0.5932,18471352.1
2025-04-08 04:00:00,0.5932,0.5994,0.5803,0.5851,19626090.2
2025-04-08 08:00:00,0.5852,0.6076,0.5774,0.6057,24871637.6
2025-04-08 12:00:00,0.6058,0.6201,0.5904,0.5926,84379941.6
2025-04-08 16:00:00,0.5925,0.5941,0.5575,0.5602,72956488.6
2025-04-08 20:00:00,0.5602,0.5672,0.5528,0.5583,18672378.3
2025-04-09 00:00:00,0.5583,0.5648,0.5366,0.5484,51570449.8
2025-04-09 04:00:00,0.5484,0.5784,0.548,0.5757,43164260.5
2025-04-09 08:00:00,0.5757,0.5778,0.5551,0.559,30200261.7
2025-04-09 12:00:00,0.559,0.5759,0.5547,0.5701,40643188.3
2025-04-09 16:00:00,0.5701,0.6459,0.5691,0.6324,129859614.9
2025-04-09 20:00:00,0.6325,0.6464,0.6256,0.6315,32077289.4
2025-04-10 00:00:00,0.6315,0.6338,0.6061,0.6147,30762038.1
2025-04-10 04:00:00,0.6147,0.6275,0.6081,0.62,17883237.5
2025-04-10 08:00:00,0.6201,0.6332,0.6157,0.6209,26968578.6
2025-04-10 12:00:00,0.6208,0.6313,0.5867,0.59,44108405.1
2025-04-10 16:00:00,0.59,0.6019,0.5857,0.5987,27274935.8
2025-04-10 20:00:00,0.5986,0.6117,0.5982,0.6094,12602571.9
2025-04-11 00:00:00,0.6094,0.6267,0.6059,0.6236,19554686.8
2025-04-11 04:00:00,0.6235,0.6366,0.6219,0.6275,21298343.7
2025-04-11 08:00:00,0.6276,0.645,0.6214,0.6232,54273789.8
2025-04-11 12:00:00,0.6232,0.6323,0.6149,0.6214,29764123.3
2025-04-11 16:00:00,0.6215,0.6334,0.617,0.6279,17824438.5
2025-04-11 20:00:00,0.6279,0.6338,0.6222,0.6239,10011982.7
2025-04-12 00:00:00,0.6239,0.6254,0.617,0.6219,7884799.4
2025-04-12 04:00:00,0.6219,0.636,0.6217,0.6327,13631333.5
2025-04-12 08:00:00,0.6327,0.6412,0.6296,0.6369,17735975.5
2025-04-12 12:00:00,0.6369,0.6675,0.6354,0.66,40159407.9
2025-04-12 16:00:00,0.66,0.6641,0.647,0.6547,21696649.5
2025-04-12 20:00:00,0.6547,0.6653,0.6539,0.6595,14766254.5
2025-04-13 00:00:00,0.6596,0.6635,0.6473,0.651,14454569.6
2025-04-13 04:00:00,0.651,0.6512,0.6411,0.6436,11432883.9
2025-04-13 08:00:00,0.6437,0.6687,0.6406,0.6517,21552098.5
2025-04-13 12:00:00,0.6517,0.6549,0.637,0.6442,18141328.1
2025-04-13 16:00:00,0.6441,0.662,0.6322,0.6416,23024789.9
2025-04-13 20:00:00,0.6416,0.6482,0.6301,0.6383,15805046.6
2025-04-14 00:00:00,0.6383,0.6575,0.6357,0.6435,19550926.8
2025-04-14 04:00:00,0.6435,0.6533,0.634,0.6417,15385730.6
2025-04-14 08:00:00,0.6418,0.6506,0.6351,0.6497,21313596.1
2025-04-14 12:00:00,0.6498,0.6571,0.6307,0.6334,30869785.8
2025-04-14 16:00:00,0.6333,0.6436,0.6277,0.6401,22396380.9
2025-04-14 20:00:00,0.6402,0.6407,0.6306,0.6353,8183353.3
2025-04-15 00:00:00,0.6353,0.6454,0.6313,0.6446,20273094.0
2025-04-15 04:00:00,0.6445,0.6457,0.6389,0.6455,13104860.3
2025-04-15 08:00:00,0.6455,0.6486,0.6343,0.6374,17194999.2
2025-04-15 12:00:00,0.6374,0.6461,0.6191,0.6233,51335390.5
2025-04-15 16:00:00,0.6234,0.6261,0.6156,0.6185,23101257.4
2025-04-15 20:00:00,0.6185,0.6213,0.607,0.6091,18889255.4
2025-04-16 00:00:00,0.609,0.6178,0.6042,0.6116,18436491.1
2025-04-16 04:00:00,0.6115,0.612,0.602,0.6035,16725885.8
2025-04-16 08:00:00,0.6035,0.6115,0.6,0.607,15432695.4
2025-04-16 12:00:00,0.607,0.6183,0.6012,0.6099,21934272.5
2025-04-16 16:00:00,0.61,0.6178,0.5946,0.6151,40263365.3
2025-04-16 20:00:00,0.615,0.6245,0.6079,0.6105,13981457.1
2025-04-17 00:00:00,0.6106,0.6172,0.6088,0.6132,7232953.7
2025-04-17 04:00:00,0.6131,0.6239,0.6106,0.6194,10880998.5
2025-04-17 08:00:00,0.6194,0.6217,0.6128,0.6189,8090667.8
2025-04-17 12:00:00,0.619,0.6228,0.61,0.6194,18091540.4
2025-04-17 16:00:00,0.6195,0.6299,0.6148,0.6192,20324456.2
2025-04-17 20:00:00,0.6191,0.6242,0.6159,0.6167,5522156.8
2025-04-18 00:00:00,0.6169,0.6177,0.6109,0.6131,6207313.7
2025-04-18 04:00:00,0.6131,0.616,0.6104,0.6147,6645349.8
2025-04-18 08:00:00,0.6146,0.6186,0.6114,0.6162,6962743.6
2025-04-18 12:00:00,0.6162,0.6205,0.6134,0.6162,7997814.7
2025-04-18 16:00:00,0.6162,0.6292,0.6156,0.6274,11578339.7
2025-04-18 20:00:00,0.6273,0.632,0.6253,0.6275,16283243.4
2025-04-19 00:00:00,0.6276,0.6349,0.6275,0.6321,9925446.3
2025-04-19 04:00:00,0.6321,0.6349,0.6278,0.6306,6362854.8
2025-04-19 08:00:00,0.6306,0.6324,0.6261,0.6272,5273516.7
2025-04-19 12:00:00,0.6272,0.6283,0.6217,0.6223,7113949.5
2025-04-19 16:00:00,0.6223,0.6295,0.6191,0.6275,9083434.0
2025-04-19 20:00:00,0.6274,0.6318,0.6265,0.6282,4860357.5
2025-04-20 00:00:00,0.6282,0.6348,0.6282,0.6312,6455681.9
2025-04-20 04:00:00,0.6312,0.6332,0.6224,0.6251,8424583.5
2025-04-20 08:00:00,0.6251,0.6257,0.612,0.615,11749033.0
2025-04-20 12:00:00,0.6149,0.6182,0.6106,0.6116,10082453.9
2025-04-20 16:00:00,0.6117,0.6195,0.6095,0.6194,6772005.1
2025-04-20 20:00:00,0.6194,0.626,0.6155,0.6202,6763078.0
2025-04-21 00:00:00,0.6203,0.6409,0.6201,0.6369,24630942.7
2025-04-21 04:00:00,0.6369,0.6488,0.6366,0.6432,17153636.4
2025-04-21 08:00:00,0.6432,0.6491,0.6369,0.6389,18171225.2
2025-04-21 12:00:00,0.6388,0.6507,0.6343,0.6358,19426368.6
2025-04-21 16:00:00,0.6358,0.6364,0.6159,0.6238,26141189.2
2025-04-21 20:00:00,0.6238,0.6249,0.6182,0.6242,8199321.2
2025-04-22 00:00:00,0.6241,0.6314,0.6153,0.624,12472310.5
2025-04-22 04:00:00,0.624,0.635,0.6217,0.6328,9370564.6
2025-04-22 08:00:00,0.6328,0.6436,0.6323,0.6405,20667045.8
2025-04-22 12:00:00,0.6405,0.6668,0.6369,0.6564,50778488.2
2025-04-22 16:00:00,0.6564,0.6596,0.6522,0.6567,13963517.8
2025-04-22 20:00:00,0.6567,0.685,0.6535,0.6794,36089428.6
2025-04-23 00:00:00,0.6794,0.6939,0.6774,0.6938,26153375.5
2025-04-23 04:00:00,0.6938,0.7013,0.689,0.701,20784604.4
2025-04-23 08:00:00,0.701,0.7108,0.6959,0.7014,30473574.4
2025-04-23 12:00:00,0.7014,0.7183,0.6842,0.6984,51385173.7
2025-04-23 16:00:00,0.6985,0.7103,0.6946,0.6982,21181386.3
2025-04-23 20:00:00,0.6982,0.702,0.6945,0.6977,9636111.7
2025-04-24 00:00:00,0.6978,0.6998,0.6802,0.6805,13705459.0
2025-04-24 04:00:00,0.6804,0.6894,0.6775,0.6785,14990222.8
2025-04-24 08:00:00,0.6786,0.691,0.6701,0.6875,20174468.9
2025-04-24 12:00:00,0.6875,0.7452,0.6848,0.7261,69768794.2
2025-04-24 16:00:00,0.7262,0.746,0.7168,0.7281,38129349.6
2025-04-24 20:00:00,0.7281,0.7314,0.7127,0.7219,14922025.3
2025-04-25 00:00:00,0.722,0.7261,0.7019,0.7115,19555494.5
2025-04-25 04:00:00,0.7114,0.7237,0.7064,0.7222,18650875.7
2025-04-25 08:00:00,0.7221,0.7233,0.711,0.7212,20354797.2
2025-04-25 12:00:00,0.7212,0.729,0.7052,0.7195,40330575.4
2025-04-25 16:00:00,0.7195,0.7331,0.7102,0.717,39434230.4
2025-04-25 20:00:00,0.717,0.718,0.7068,0.7135,12538432.8
2025-04-26 00:00:00,0.7135,0.7267,0.7135,0.7212,19718705.8
2025-04-26 04:00:00,0.7212,0.7335,0.7121,0.7258,15809718.7
2025-04-26 08:00:00,0.7259,0.7344,0.7048,0.7075,26063620.5
2025-04-26 12:00:00,0.7075,0.7128,0.6996,0.7098,20680417.3
2025-04-26 16:00:00,0.7097,0.7104,0.7034,0.7072,7277288.9
2025-04-26 20:00:00,0.7072,0.7147,0.703,0.707,9017405.2
2025-04-27 00:00:00,0.707,0.7185,0.695,0.704,16840744.7
2025-04-27 04:00:00,0.704,0.7045,0.6918,0.6999,9344539.0
2025-04-27 08:00:00,0.7,0.7034,0.6967,0.6968,5915620.7
2025-04-27 12:00:00,0.6967,0.7087,0.6911,0.696,24665890.3
2025-04-27 16:00:00,0.6959,0.7159,0.6907,0.7159,13777428.7
2025-04-27 20:00:00,0.7159,0.7168,0.7024,0.7032,11591132.5
2025-04-28 00:00:00,0.7033,0.709,0.6821,0.7071,21415777.5
2025-04-28 04:00:00,0.7071,0.7258,0.7063,0.7251,20793082.8
2025-04-28 08:00:00,0.7252,0.729,0.7128,0.7224,22772484.8
2025-04-28 12:00:00,0.7224,0.7231,0.6845,0.69,42225169.4
2025-04-28 16:00:00,0.69,0.7099,0.6847,0.7067,33266164.4
2025-04-28 20:00:00,0.7066,0.7069,0.6956,0.7056,7830506.9
2025-04-29 00:00:00,0.7057,0.7102,0.6974,0.7035,9470500.1
2025-04-29 04:00:00,0.7034,0.715,0.6968,0.7119,20068596.0
2025-04-29 08:00:00,0.7118,0.7171,0.7094,0.7143,25883612.0
2025-04-29 12:00:00,0.7143,0.7181,0.704,0.7085,33540000.1
2025-04-29 16:00:00,0.7084,0.7179,0.7073,0.7083,29012907.1
2025-04-29 20:00:00,0.7084,0.7096,0.6888,0.6958,26706048.9
2025-04-30 00:00:00,0.6957,0.7037,0.6914,0.7027,11081991.6
2025-04-30 04:00:00,0.7027,0.7037,0.6924,0.6947,7653071.6
2025-04-30 08:00:00,0.6947,0.7007,0.6924,0.6998,6989737.2
2025-04-30 12:00:00,0.6999,0.7004,0.6647,0.6765,45991951.6
2025-04-30 16:00:00,0.6764,0.6884,0.6739,0.6828,15363885.5
2025-04-30 20:00:00,0.6828,0.6908,0.6791,0.6816,10396504.5
2025-05-01 00:00:00,0.6816,0.6932,0.6814,0.6888,9909883.2
2025-05-01 04:00:00,0.6888,0.6938,0.6848,0.6916,6759813.2
2025-05-01 08:00:00,0.6917,0.709,0.6912,0.7069,17375566.6
2025-05-01 12:00:00,0.7068,0.71,0.6944,0.7015,24321831.7
2025-05-01 16:00:00,0.7015,0.7097,0.6997,0.7052,13182283.2
2025-05-01 20:00:00,0.7051,0.7146,0.7023,0.705,14381294.4
2025-05-02 00:00:00,0.705,0.7255,0.7012,0.7137,22601326.2
2025-05-02 04:00:00,0.7137,0.7161,0.7009,0.7009,13046514.3
2025-05-02 08:00:00,0.701,0.7105,0.7006,0.7057,10819480.8
2025-05-02 12:00:00,0.7057,0.7158,0.7029,0.7057,21721092.0
2025-05-02 16:00:00,0.7058,0.7142,0.689,0.6908,19406883.3
2025-05-02 20:00:00,0.6908,0.7001,0.6888,0.6981,12021881.8
2025-05-03 00:00:00,0.6982,0.6997,0.6917,0.698,6929037.4
2025-05-03 04:00:00,0.6979,0.7021,0.695,0.6992,6589290.5
2025-05-03 08:00:00,0.6992,0.704,0.6939,0.6959,10028926.1
2025-05-03 12:00:00,0.6959,0.7297,0.6959,0.7217,54666605.7
2025-05-03 16:00:00,0.7217,0.7249,0.7037,0.7132,32324071.4
2025-05-03 20:00:00,0.7133,0.715,0.6988,0.6995,15126117.0
2025-05-04 00:00:00,0.6995,0.7147,0.6935,0.6979,23105152.7
2025-05-04 04:00:00,0.6979,0.7064,0.6935,0.6987,19167145.7
2025-05-04 08:00:00,0.6987,0.699,0.6871,0.69,16291855.1
2025-05-04 12:00:00,0.6901,0.6938,0.6824,0.6905,14061240.6
2025-05-04 16:00:00,0.6904,0.694,0.6801,0.6857,18051046.3
2025-05-04 20:00:00,0.6858,0.6898,0.6718,0.6762,23153981.7
2025-05-05 00:00:00,0.6762,0.6803,0.6664,0.673,22334159.3
2025-05-05 04:00:00,0.673,0.692,0.6725,0.6859,12305837.6
2025-05-05 08:00:00,0.6858,0.6894,0.6625,0.6636,21602281.1
2025-05-05 12:00:00,0.6636,0.6688,0.6546,0.6581,36680741.4
2025-05-05 16:00:00,0.658,0.6728,0.6567,0.6636,12889676.5
2025-05-05 20:00:00,0.6636,0.6697,0.6541,0.6622,9814453.1
2025-05-06 00:00:00,0.6621,0.6663,0.6529,0.6616,13841977.8
2025-05-06 04:00:00,0.6616,0.6674,0.6577,0.6616,8201137.9
2025-05-06 08:00:00,0.6617,0.6622,0.644,0.648,15038645.4
2025-05-06 12:00:00,0.648,0.6578,0.6426,0.6522,14944031.3
2025-05-06 16:00:00,0.6522,0.6656,0.6458,0.6641,11603713.7
2025-05-06 20:00:00,0.6642,0.6807,0.6532,0.6789,17790117.2
2025-05-07 00:00:00,0.6789,0.6892,0.6716,0.6781,19228195.3
2025-05-07 04:00:00,0.678,0.6833,0.6731,0.6824,10952944.3
2025-05-07 08:00:00,0.6823,0.6873,0.6795,0.6829,9936347.6
2025-05-07 12:00:00,0.683,0.6837,0.6643,0.6653,19122822.5
2025-05-07 16:00:00,0.6653,0.6702,0.655,0.6593,21289439.1
2025-05-07 20:00:00,0.6593,0.6754,0.6555,0.6715,8968177.8
2025-05-08 00:00:00,0.6716,0.7042,0.67,0.7028,36702707.1
2025-05-08 04:00:00,0.7029,0.7118,0.6986,0.7079,33032111.6
2025-05-08 08:00:00,0.7078,0.7243,0.7077,0.7192,33422860.3
2025-05-08 12:00:00,0.7193,0.7438,0.7152,0.7315,46110894.8
2025-05-08 16:00:00,0.7315,0.7413,0.7281,0.7404,38446218.8
2025-05-08 20:00:00,0.7405,0.771,0.7366,0.7693,51275240.3
2025-05-09 00:00:00,0.7694,0.7755,0.7532,0.7556,38218686.0
2025-05-09 04:00:00,0.7555,0.7969,0.7544,0.7941,32345056.0
2025-05-09 08:00:00,0.7941,0.818,0.7743,0.7942,88689323.5
2025-05-09 12:00:00,0.794,0.7998,0.772,0.7816,35074512.4
2025-05-09 16:00:00,0.7816,0.79,0.7723,0.7813,18222825.9
2025-05-09 20:00:00,0.7814,0.7839,0.7724,0.7774,11182823.2
2025-05-10 00:00:00,0.7773,0.7913,0.7704,0.7807,17980713.0
2025-05-10 04:00:00,0.7807,0.8021,0.7749,0.8005,27872075.8
2025-05-10 08:00:00,0.8006,0.813,0.7875,0.7889,30495145.7
2025-05-10 12:00:00,0.7888,0.814,0.7888,0.8014,26975243.9
2025-05-10 16:00:00,0.8015,0.8399,0.8013,0.8126,44621596.4
2025-05-10 20:00:00,0.8126,0.8435,0.805,0.8406,29706264.1
2025-05-11 00:00:00,0.8406,0.8466,0.8065,0.8163,32571382.6
2025-05-11 04:00:00,0.8163,0.8221,0.7837,0.7917,26461972.3
2025-05-11 08:00:00,0.7917,0.8042,0.7871,0.8039,17444624.4
2025-05-11 12:00:00,0.8039,0.806,0.7845,0.7902,21816629.8
2025-05-11 16:00:00,0.7901,0.8164,0.7813,0.8091,20078799.7
2025-05-11 20:00:00,0.8091,0.814,0.8003,0.8053,13034544.7
2025-05-12 00:00:00,0.8054,0.822,0.7963,0.8197,25140495.0
2025-05-12 04:00:00,0.8197,0.8449,0.807,0.8248,37656071.4
2025-05-12 08:00:00,0.8249,0.8377,0.8138,0.8245,33654965.3
2025-05-12 12:00:00,0.8244,0.8643,0.809,0.822,92444958.1
2025-05-12 16:00:00,0.8219,0.8341,0.7802,0.8075,45950286.3
2025-05-12 20:00:00,0.8074,0.8246,0.8003,0.817,15340211.7
2025-05-13 00:00:00,0.8169,0.8174,0.7741,0.7741,30587414.4
2025-05-13 04:00:00,0.7741,0.7976,0.7716,0.7916,16035855.2
2025-05-13 08:00:00,0.7917,0.8045,0.7867,0.7988,17726251.2
2025-05-13 12:00:00,0.7988,0.8089,0.7905,0.8058,34475708.6
2025-05-13 16:00:00,0.8059,0.8419,0.8048,0.8348,49146667.0
2025-05-13 20:00:00,0.8347,0.8362,0.8246,0.8299,22804823.9
2025-05-14 00:00:00,0.83,0.8337,0.8124,0.8168,22620198.3
2025-05-14 04:00:00,0.8168,0.8319,0.8126,0.8243,14677512.9
2025-05-14 08:00:00,0.8244,0.8296,0.7989,0.8209,39661758.3
2025-05-14 12:00:00,0.8209,0.829,0.798,0.8074,34038968.6
2025-05-14 16:00:00,0.8073,0.8103,0.7887,0.8014,16668014.0
2025-05-14 20:00:00,0.8015,0.8035,0.7916,0.7986,9562389.4
2025-05-15 00:00:00,0.7987,0.8102,0.7852,0.7922,20160746.4
2025-05-15 04:00:00,0.7922,0.7966,0.7659,0.7676,23897074.1
2025-05-15 08:00:00,0.7676,0.7839,0.7592,0.772,27873914.9
2025-05-15 12:00:00,0.7719,0.7789,0.7445,0.7757,47098078.3
2025-05-15 16:00:00,0.7757,0.7924,0.7587,0.7698,38323668.0
2025-05-15 20:00:00,0.7698,0.7774,0.7487,0.7624,24120597.2
2025-05-16 00:00:00,0.7624,0.7835,0.7596,0.7814,19982748.9
2025-05-16 04:00:00,0.7815,0.7859,0.773,0.7783,12925247.9
2025-05-16 08:00:00,0.7783,0.7854,0.7633,0.7791,16522582.9
2025-05-16 12:00:00,0.7791,0.7851,0.7686,0.7788,17387749.2
2025-05-16 16:00:00,0.7788,0.7828,0.7667,0.773,9134267.5
2025-05-16 20:00:00,0.7729,0.7729,0.7505,0.7588,13476304.7
2025-05-17 00:00:00,0.7588,0.7614,0.7352,0.7556,25479182.3
2025-05-17 04:00:00,0.7557,0.7814,0.754,0.7761,20664616.0
2025-05-17 08:00:00,0.776,0.777,0.7566,0.76,15946446.9
2025-05-17 12:00:00,0.76,0.7619,0.7456,0.7504,16471025.7
2025-05-17 16:00:00,0.7505,0.7511,0.7267,0.735,33464258.7
2025-05-17 20:00:00,0.7349,0.7537,0.7327,0.7427,15343625.3
2025-05-18 00:00:00,0.7428,0.746,0.7355,0.738,8876478.1
2025-05-18 04:00:00,0.738,0.7606,0.7378,0.7594,12216517.0
2025-05-18 08:00:00,0.7594,0.7664,0.7551,0.7557,13251244.3
2025-05-18 12:00:00,0.7556,0.7767,0.751,0.774,23103221.8
2025-05-18 16:00:00,0.7741,0.7762,0.7302,0.7304,40203764.8
2025-05-18 20:00:00,0.7305,0.7626,0.7171,0.7596,39392131.8
2025-05-19 00:00:00,0.7597,0.765,0.7266,0.7282,22913102.8
2025-05-19 04:00:00,0.7283,0.7313,0.71,0.7237,30418489.0
2025-05-19 08:00:00,0.7236,0.73,0.7163,0.7282,16002952.2
2025-05-19 12:00:00,0.7282,0.7396,0.7173,0.7362,22985727.2
2025-05-19 16:00:00,0.7363,0.7479,0.7305,0.7421,20400209.7
2025-05-19 20:00:00,0.742,0.7449,0.7373,0.7425,9016264.7
2025-05-20 00:00:00,0.7426,0.7538,0.7402,0.7431,20591607.1
2025-05-20 04:00:00,0.7431,0.7468,0.7312,0.733,13130806.3
2025-05-20 08:00:00,0.733,0.7367,0.724,0.7289,15659900.7
2025-05-20 12:00:00,0.7289,0.7337,0.7224,0.7321,13374276.7
2025-05-20 16:00:00,0.7321,0.7415,0.7248,0.7393,14376445.1
2025-05-20 20:00:00,0.7393,0.75,0.736,0.746,17327395.5
2025-05-21 00:00:00,0.7461,0.7549,0.7366,0.7519,16986482.4
2025-05-21 04:00:00,0.752,0.7665,0.7506,0.7528,25067279.6
2025-05-21 08:00:00,0.7529,0.767,0.7448,0.7553,16025554.8
2025-05-21 12:00:00,0.7553,0.7684,0.748,0.7655,25559183.4
2025-05-21 16:00:00,0.7655,0.7839,0.7423,0.7612,50383179.6
2025-05-21 20:00:00,0.7611,0.7786,0.7571,0.7693,18140226.8
2025-05-22 00:00:00,0.7693,0.7923,0.7688,0.7887,28752696.8
2025-05-22 04:00:00,0.7887,0.7948,0.7834,0.7941,26214081.7
2025-05-22 08:00:00,0.794,0.8108,0.7926,0.8024,29075286.6
2025-05-22 12:00:00,0.8024,0.809,0.7955,0.8032,26477313.1
2025-05-22 16:00:00,0.8033,0.8087,0.7992,0.8021,13651067.3
2025-05-22 20:00:00,0.8022,0.8095,0.7973,0.8093,11900993.4
2025-05-23 00:00:00,0.8093,0.8395,0.8067,0.8381,32600627.5
2025-05-23 04:00:00,0.8381,0.8414,0.804,0.8086,41171509.9
2025-05-23 08:00:00,0.8086,0.8249,0.7778,0.7818,38988889.0
2025-05-23 12:00:00,0.7819,0.7907,0.7601,0.7776,63573201.9
2025-05-23 16:00:00,0.7776,0.7851,0.7704,0.7734,21636176.2
2025-05-23 20:00:00,0.7734,0.7735,0.743,0.7471,30353005.5
2025-05-24 00:00:00,0.7472,0.763,0.7429,0.7617,21286425.0
2025-05-24 04:00:00,0.7617,0.7668,0.7549,0.7573,12683417.3
2025-05-24 08:00:00,0.7574,0.7658,0.7534,0.761,10518602.4
2025-05-24 12:00:00,0.761,0.7621,0.7551,0.7584,9034983.8
2025-05-24 16:00:00,0.7584,0.7623,0.752,0.7548,9268151.3
2025-05-24 20:00:00,0.7548,0.7548,0.7409,0.7467,10566123.9
2025-05-25 00:00:00,0.7467,0.7492,0.7313,0.7442,19331681.7
2025-05-25 04:00:00,0.7441,0.7443,0.7344,0.7386,6471396.8
2025-05-25 08:00:00,0.7387,0.7398,0.7277,0.739,12015015.0
2025-05-25 12:00:00,0.739,0.7522,0.7308,0.74,17826582.5
2025-05-25 16:00:00,0.74,0.7512,0.7347,0.7483,9409861.5
2025-05-25 20:00:00,0.7483,0.7604,0.7412,0.7598,15616252.0
2025-05-26 00:00:00,0.7598,0.7655,0.7548,0.763,13021304.0
2025-05-26 04:00:00,0.763,0.7754,0.7604,0.7753,14179933.1
2025-05-26 08:00:00,0.7753,0.7771,0.7616,0.767,13449272.5
2025-05-26 12:00:00,0.767,0.7726,0.7572,0.7686,20295943.2
2025-05-26 16:00:00,0.7687,0.7698,0.7516,0.7543,12072582.8
2025-05-26 20:00:00,0.7542,0.763,0.751,0.7604,6604427.4
2025-05-27 00:00:00,0.7604,0.7636,0.7434,0.7539,13928794.7
2025-05-27 04:00:00,0.754,0.7666,0.7505,0.7649,11806861.2
2025-05-27 08:00:00,0.7648,0.7732,0.7648,0.7694,16690516.9
2025-05-27 12:00:00,0.7694,0.7756,0.7559,0.7676,24663536.4
2025-05-27 16:00:00,0.7678,0.7749,0.7626,0.7638,13484199.7
2025-05-27 20:00:00,0.7639,0.7665,0.7553,0.7583,10563288.2
2025-05-28 00:00:00,0.7584,0.7605,0.7501,0.7546,12604924.2
2025-05-28 04:00:00,0.7546,0.7588,0.7456,0.7508,12260951.0
2025-05-28 08:00:00,0.7508,0.76,0.7475,0.7589,10380734.0
2025-05-28 12:00:00,0.7589,0.7614,0.7404,0.7415,18573110.6
2025-05-28 16:00:00,0.7415,0.7511,0.7327,0.7329,12117821.3
2025-05-28 20:00:00,0.7329,0.7481,0.7324,0.7476,9418749.4
2025-05-29 00:00:00,0.7476,0.7652,0.7438,0.758,24264873.1
2025-05-29 04:00:00,0.758,0.7602,0.7446,0.7506,14537993.2
2025-05-29 08:00:00,0.7506,0.7566,0.7466,0.7561,10100503.6
2025-05-29 12:00:00,0.7561,0.7564,0.7336,0.7376,19628692.6
2025-05-29 16:00:00,0.7377,0.7403,0.723,0.7274,21233784.1
2025-05-29 20:00:00,0.7273,0.7363,0.7194,0.7221,14705327.4
2025-05-30 00:00:00,0.7221,0.7281,0.6845,0.7092,69995078.9
2025-05-30 04:00:00,0.7091,0.713,0.6965,0.6998,18308637.9
2025-05-30 08:00:00,0.6999,0.7104,0.6941,0.709,17726525.7
2025-05-30 12:00:00,0.7091,0.7116,0.6963,0.7019,18759189.5
2025-05-30 16:00:00,0.702,0.7153,0.6821,0.7114,33429205.2
2025-05-30 20:00:00,0.7115,0.7125,0.6829,0.6889,16298546.4
2025-05-31 00:00:00,0.689,0.6912,0.6592,0.6617,36422822.2
2025-05-31 04:00:00,0.6618,0.6714,0.6561,0.6657,18355692.5
2025-05-31 08:00:00,0.6657,0.6723,0.6628,0.664,17027683.9
2025-05-31 12:00:00,0.664,0.6866,0.6632,0.6799,15758067.6
2025-05-31 16:00:00,0.6798,0.6937,0.6793,0.6891,11352690.3
2025-05-31 20:00:00,0.6891,0.6952,0.6841,0.6858,12361654.4
2025-06-01 00:00:00,0.6858,0.6861,0.6719,0.6781,9856573.2
2025-06-01 04:00:00,0.6781,0.6847,0.6707,0.6733,9172385.2
2025-06-01 08:00:00,0.6732,0.6733,0.6541,0.6637,26561016.6
2025-06-01 12:00:00,0.6638,0.6758,0.6571,0.6751,18209015.5
2025-06-01 16:00:00,0.675,0.6854,0.6699,0.6787,18441019.2
2025-06-01 20:00:00,0.6788,0.688,0.6762,0.6855,9916933.3
2025-06-02 00:00:00,0.6854,0.6898,0.6741,0.6772,15616753.8
2025-06-02 04:00:00,0.6771,0.6844,0.6758,0.6791,7500913.5
2025-06-02 08:00:00,0.6791,0.6803,0.6636,0.6664,15420404.2
2025-06-02 12:00:00,0.6663,0.6768,0.6645,0.6743,11807639.6
2025-06-02 16:00:00,0.6744,0.6796,0.6694,0.6733,9020222.3
2025-06-02 20:00:00,0.6734,0.6921,0.6734,0.6896,13576474.5
2025-06-03 00:00:00,0.6897,0.7072,0.6876,0.6938,17954388.4
2025-06-03 04:00:00,0.6939,0.6985,0.6895,0.6931,8443780.1
2025-06-03 08:00:00,0.6932,0.696,0.6883,0.6918,6480615.7
2025-06-03 12:00:00,0.6918,0.6971,0.683,0.6934,17442290.8
2025-06-03 16:00:00,0.6933,0.6937,0.6848,0.691,12951484.4
2025-06-03 20:00:00,0.691,0.6911,0.6738,0.6837,12239759.2
2025-06-04 00:00:00,0.6837,0.7027,0.6829,0.6957,10843603.5
2025-06-04 04:00:00,0.6957,0.6989,0.6908,0.6961,8159965.0
2025-06-04 08:00:00,0.6962,0.7018,0.6929,0.6929,9192379.8
2025-06-04 12:00:00,0.693,0.6938,0.6787,0.6884,13521878.2
2025-06-04 16:00:00,0.6884,0.6888,0.6711,0.6736,11416277.2
2025-06-04 20:00:00,0.6736,0.6741,0.662,0.6654,18357722.9
2025-06-05 00:00:00,0.6654,0.6759,0.6653,0.6757,8952566.5
2025-06-05 04:00:00,0.6758,0.6811,0.6721,0.6765,10129933.1
2025-06-05 08:00:00,0.6765,0.6843,0.6758,0.6811,11628172.5
2025-06-05 12:00:00,0.6811,0.6899,0.6685,0.6741,17870297.9
2025-06-05 16:00:00,0.6741,0.6742,0.6339,0.6421,39470312.7
2025-06-05 20:00:00,0.6421,0.643,0.6186,0.6256,57588689.9
2025-06-06 00:00:00,0.6256,0.6379,0.621,0.6374,14642726.9
2025-06-06 04:00:00,0.6375,0.643,0.6348,0.6395,14062109.6
2025-06-06 08:00:00,0.6395,0.6528,0.6385,0.6508,17593279.8
2025-06-06 12:00:00,0.6509,0.6723,0.6506,0.6667,26927235.6
2025-06-06 16:00:00,0.6666,0.6723,0.6606,0.6628,14697892.0
2025-06-06 20:00:00,0.6629,0.6664,0.6529,0.6554,11581414.5
2025-06-07 00:00:00,0.6554,0.6624,0.6494,0.662,10474900.3
2025-06-07 04:00:00,0.6619,0.6702,0.657,0.6689,9471017.7
2025-06-07 08:00:00,0.6689,0.6705,0.663,0.6681,8085230.1
2025-06-07 12:00:00,0.6681,0.6708,0.666,0.6662,8426518.9
2025-06-07 16:00:00,0.6662,0.6675,0.6619,0.6641,9429751.6
2025-06-07 20:00:00,0.6641,0.6698,0.664,0.6645,6766324.4
2025-06-08 00:00:00,0.6645,0.6649,0.6557,0.6581,8596364.6
2025-06-08 04:00:00,0.6582,0.6661,0.656,0.6623,7805674.9
2025-06-08 08:00:00,0.6623,0.6654,0.6517,0.6644,12899214.1
2025-06-08 12:00:00,0.6643,0.6796,0.6632,0.67,21341469.3
2025-06-08 16:00:00,0.67,0.6778,0.6699,0.6744,11193196.5
2025-06-08 20:00:00,0.6744,0.6791,0.6677,0.6703,11316662.3
2025-06-09 00:00:00,0.6703,0.672,0.6606,0.6635,10651904.1
2025-06-09 04:00:00,0.6635,0.6639,0.6565,0.6626,12849815.5
2025-06-09 08:00:00,0.6626,0.6777,0.6603,0.6758,16280135.4
2025-06-09 12:00:00,0.6757,0.6761,0.6655,0.6737,14043146.4
2025-06-09 16:00:00,0.6737,0.6865,0.6737,0.6814,17035403.7
2025-06-09 20:00:00,0.6814,0.708,0.6814,0.7049,28331840.1
2025-06-10 00:00:00,0.705,0.7158,0.7048,0.7059,24111994.2
2025-06-10 04:00:00,0.706,0.707,0.6934,0.6964,17273790.0
2025-06-10 08:00:00,0.6965,0.7074,0.6859,0.7048,28189586.8
2025-06-10 12:00:00,0.7049,0.7126,0.6877,0.6959,33821000.3
2025-06-10 16:00:00,0.6958,0.7154,0.6953,0.7087,19579834.2
2025-06-10 20:00:00,0.7087,0.7206,0.7036,0.7167,23856344.8
2025-06-11 00:00:00,0.7167,0.7218,0.7093,0.7201,16550192.6
2025-06-11 04:00:00,0.72,0.7276,0.7171,0.7236,16639434.9
2025-06-11 08:00:00,0.7235,0.729,0.7113,0.7148,18774493.5
2025-06-11 12:00:00,0.7148,0.7315,0.7111,0.7257,24416852.5
2025-06-11 16:00:00,0.7256,0.7263,0.7021,0.7042,21063112.8
2025-06-11 20:00:00,0.7041,0.7101,0.6909,0.698,16177128.7
2025-06-12 00:00:00,0.6979,0.7003,0.6887,0.6907,10371912.9
2025-06-12 04:00:00,0.6907,0.6947,0.6857,0.687,9747815.2
2025-06-12 08:00:00,0.6869,0.6888,0.6756,0.6774,15813530.2
2025-06-12 12:00:00,0.6774,0.6901,0.6763,0.6772,16571723.7
2025-06-12 16:00:00,0.6772,0.6884,0.6664,0.6685,20071096.9
2025-06-12 20:00:00,0.6685,0.6712,0.6569,0.6613,26518543.2
2025-06-13 00:00:00,0.6613,0.6614,0.6174,0.6346,85430885.3
2025-06-13 04:00:00,0.6346,0.637,0.625,0.6356,21847319.6
2025-06-13 08:00:00,0.6357,0.6424,0.6302,0.6417,21112583.7
2025-06-13 12:00:00,0.6416,0.6436,0.6277,0.6383,24608920.1
2025-06-13 16:00:00,0.6384,0.645,0.6279,0.632,17225496.1
2025-06-13 20:00:00,0.6321,0.6427,0.6308,0.642,10083476.9
2025-06-14 00:00:00,0.6421,0.6428,0.6334,0.6363,12464374.1
2025-06-14 04:00:00,0.6363,0.639,0.6324,0.6365,9280398.3
2025-06-14 08:00:00,0.6365,0.6379,0.6315,0.6361,7467458.4
2025-06-14 12:00:00,0.636,0.6374,0.6263,0.6285,6390220.2
2025-06-14 16:00:00,0.6285,0.6302,0.6145,0.6189,14177884.4
2025-06-14 20:00:00,0.619,0.6274,0.6131,0.6247,7969856.4
2025-06-15 00:00:00,0.6247,0.63,0.6236,0.6275,5890574.9
2025-06-15 04:00:00,0.6276,0.6348,0.6274,0.6278,6132111.4
2025-06-15 08:00:00,0.6279,0.6287,0.6211,0.6261,6188047.3
2025-06-15 12:00:00,0.6261,0.6359,0.6256,0.6305,12018134.7
2025-06-15 16:00:00,0.6305,0.6327,0.6274,0.6297,5917580.0
2025-06-15 20:00:00,0.6297,0.6349,0.6208,0.6334,8519831.2
2025-06-16 00:00:00,0.6333,0.641,0.6247,0.6369,11635574.1
2025-06-16 04:00:00,0.6369,0.6506,0.6363,0.6491,17061407.4
2025-06-16 08:00:00,0.6492,0.6497,0.639,0.6461,11447211.1
2025-06-16 12:00:00,0.6461,0.6541,0.643,0.6492,19282854.9
2025-06-16 16:00:00,0.6493,0.6575,0.6484,0.6551,13930565.1
2025-06-16 20:00:00,0.6551,0.6566,0.6283,0.6303,26244539.6
2025-06-17 00:00:00,0.6302,0.6426,0.6189,0.6367,29724755.4
2025-06-17 04:00:00,0.6367,0.6377,0.6301,0.6325,8890662.4
2025-06-17 08:00:00,0.6325,0.6329,0.6205,0.6217,11384598.8
2025-06-17 12:00:00,0.6218,0.628,0.6067,0.6118,24996786.1
2025-06-17 16:00:00,0.6117,0.6221,0.5998,0.6176,24497243.8
2025-06-17 20:00:00,0.6175,0.6196,0.6053,0.609,10876258.3
2025-06-18 00:00:00,0.609,0.6178,0.6082,0.6138,8010429.4
2025-06-18 04:00:00,0.6137,0.6217,0.6121,0.6155,10328812.0
2025-06-18 08:00:00,0.6156,0.6177,0.5995,0.607,14796806.1
2025-06-18 12:00:00,0.607,0.6079,0.5897,0.5947,36869312.1
2025-06-18 16:00:00,0.5947,0.601,0.588,0.5909,27304893.3
2025-06-18 20:00:00,0.5909,0.6099,0.5895,0.6039,23636529.9
2025-06-19 00:00:00,0.604,0.6117,0.5986,0.6032,19093534.0
2025-06-19 04:00:00,0.6033,0.6077,0.5968,0.5984,11309441.3
2025-06-19 08:00:00,0.5984,0.6038,0.5972,0.5986,9294886.0
2025-06-19 12:00:00,0.5987,0.6011,0.5907,0.591,9384844.9
2025-06-19 16:00:00,0.5911,0.602,0.5898,0.5996,11830388.5
2025-06-19 20:00:00,0.5997,0.6038,0.5975,0.602,8396321.0
2025-06-20 00:00:00,0.6021,0.6041,0.5978,0.598,7147447.5
2025-06-20 04:00:00,0.598,0.6034,0.5869,0.6027,17698978.6
2025-06-20 08:00:00,0.6028,0.6071,0.5992,0.6023,14522904.2
2025-06-20 12:00:00,0.6024,0.6055,0.5812,0.5832,27695889.9
2025-06-20 16:00:00,0.5833,0.5846,0.5613,0.5779,62158052.8
2025-06-20 20:00:00,0.5778,0.5842,0.5711,0.5774,11734850.2
2025-06-21 00:00:00,0.5775,0.587,0.577,0.5846,13740252.6
2025-06-21 04:00:00,0.5846,0.5882,0.5812,0.5823,18014533.5
2025-06-21 08:00:00,0.5824,0.5865,0.5813,0.584,14689488.2
2025-06-21 12:00:00,0.5839,0.5855,0.572,0.5757,12464292.4
2025-06-21 16:00:00,0.5756,0.5785,0.5637,0.5644,19436111.5
2025-06-21 20:00:00,0.5644,0.5698,0.5443,0.5561,62601993.0
2025-06-22 00:00:00,0.5562,0.5642,0.545,0.5477,39558157.1
2025-06-22 04:00:00,0.5476,0.558,0.5461,0.5488,19491737.4
2025-06-22 08:00:00,0.5488,0.5505,0.5386,0.5463,27987022.6
2025-06-22 12:00:00,0.5464,0.5514,0.5203,0.5232,100086876.1
2025-06-22 16:00:00,0.5232,0.5358,0.5205,0.5244,24395789.4
2025-06-22 20:00:00,0.5245,0.5421,0.51,0.5419,42912772.3
2025-06-23 00:00:00,0.5419,0.548,0.5393,0.5456,13128845.2
2025-06-23 04:00:00,0.5456,0.5522,0.5439,0.5485,13517295.3
2025-06-23 08:00:00,0.5485,0.5504,0.54,0.5431,17267911.4
2025-06-23 12:00:00,0.5431,0.5571,0.5377,0.5424,46377092.8
2025-06-23 16:00:00,0.5424,0.5562,0.5289,0.5549,58162275.0
2025-06-23 20:00:00,0.5549,0.5862,0.5533,0.5823,66487206.4
2025-06-24 00:00:00,0.5823,0.5845,0.5762,0.5797,22664570.6
2025-06-24 04:00:00,0.5797,0.5936,0.5788,0.5819,36866618.5
2025-06-24 08:00:00,0.5819,0.5876,0.5772,0.5849,28534015.6
2025-06-24 12:00:00,0.5848,0.5895,0.5795,0.5836,32436019.8
2025-06-24 16:00:00,0.5837,0.5925,0.579,0.5827,18915094.9
2025-06-24 20:00:00,0.5827,0.5879,0.5811,0.5875,8677661.8
2025-06-25 00:00:00,0.5875,0.5907,0.5838,0.584,10209812.7
2025-06-25 04:00:00,0.584,0.5863,0.5792,0.585,10196488.8
2025-06-25 08:00:00,0.5849,0.5853,0.5744,0.5806,20278524.8
2025-06-25 12:00:00,0.5805,0.5856,0.5661,0.5673,37165505.2
2025-06-25 16:00:00,0.5674,0.5726,0.5636,0.5715,19039382.0
2025-06-25 20:00:00,0.5715,0.5746,0.5631,0.5671,9624897.6
2025-06-26 00:00:00,0.5671,0.5819,0.566,0.5736,18560698.9
2025-06-26 04:00:00,0.5737,0.5751,0.5676,0.5723,13287051.8
2025-06-26 08:00:00,0.5722,0.5748,0.5627,0.5634,19102059.4
2025-06-26 12:00:00,0.5635,0.564,0.5498,0.5545,29471611.2
2025-06-26 16:00:00,0.5546,0.5584,0.5503,0.5558,10341693.6
2025-06-26 20:00:00,0.5557,0.564,0.5511,0.5543,11071396.1
2025-06-27 00:00:00,0.5544,0.5611,0.5488,0.5599,12506902.8
2025-06-27 04:00:00,0.5598,0.5605,0.553,0.5539,8483704.1
2025-06-27 08:00:00,0.5539,0.5593,0.5523,0.5543,10153516.3
2025-06-27 12:00:00,0.5543,0.5564,0.5471,0.5554,22857455.9
2025-06-27 16:00:00,0.5555,0.5633,0.545,0.5509,17991869.0
2025-06-27 20:00:00,0.5508,0.5613,0.5503,0.5587,8568694.3
2025-06-28 00:00:00,0.5586,0.5632,0.5563,0.5597,10337166.8
2025-06-28 04:00:00,0.5597,0.5645,0.5583,0.5625,12862515.0
2025-06-28 08:00:00,0.5626,0.5627,0.5585,0.5591,8180785.7
2025-06-28 12:00:00,0.5592,0.5647,0.5554,0.5642,7371386.5
2025-06-28 16:00:00,0.5643,0.5688,0.5621,0.5638,15995435.3
2025-06-28 20:00:00,0.5638,0.5675,0.5623,0.5654,5525400.3
2025-06-29 00:00:00,0.5654,0.5687,0.5625,0.5635,6298800.7
2025-06-29 04:00:00,0.5634,0.564,0.559,0.5612,8147110.5
2025-06-29 08:00:00,0.5612,0.5665,0.5605,0.5652,13814838.1
2025-06-29 12:00:00,0.5653,0.5666,0.5553,0.5559,21470152.4
2025-06-29 16:00:00,0.5559,0.5613,0.555,0.5588,14097994.7
2025-06-29 20:00:00,0.5588,0.5857,0.5553,0.5773,39422281.9
2025-06-30 00:00:00,0.5773,0.5798,0.566,0.5684,22891080.3
2025-06-30 04:00:00,0.5683,0.57,0.5587,0.5664,12865991.1
2025-06-30 08:00:00,0.5664,0.5685,0.5621,0.5641,13769671.2
2025-06-30 12:00:00,0.5641,0.5715,0.5561,0.5672,21047827.6
2025-06-30 16:00:00,0.5673,0.5904,0.5653,0.5896,26195056.4
2025-06-30 20:00:00,0.5896,0.5905,0.5712,0.5722,16475970.7
2025-07-01 00:00:00,0.5722,0.5765,0.5648,0.569,12664199.6
2025-07-01 04:00:00,0.569,0.569,0.5586,0.5672,18363711.3
2025-07-01 08:00:00,0.5671,0.5671,0.5581,0.5603,13412691.3
2025-07-01 12:00:00,0.5602,0.5608,0.5433,0.5469,32430895.8
2025-07-01 16:00:00,0.547,0.5547,0.5384,0.5392,34025703.6
2025-07-01 20:00:00,0.5392,0.5451,0.5366,0.542,11685381.5
2025-07-02 00:00:00,0.542,0.5492,0.5387,0.5484,13219032.7
2025-07-02 04:00:00,0.5485,0.5584,0.5484,0.5567,18752298.4
2025-07-02 08:00:00,0.5566,0.5649,0.5564,0.561,13171515.3
2025-07-02 12:00:00,0.5611,0.5788,0.5568,0.5778,31730271.1
2025-07-02 16:00:00,0.5778,0.5998,0.5778,0.5956,82547573.6
2025-07-02 20:00:00,0.5957,0.5993,0.5831,0.584,25960517.2
2025-07-03 00:00:00,0.584,0.5895,0.5827,0.5867,11924658.2
2025-07-03 04:00:00,0.5867,0.6093,0.5864,0.6084,24544422.1
2025-07-03 08:00:00,0.6085,0.6108,0.6007,0.6037,18199967.8
2025-07-03 12:00:00,0.6037,0.6119,0.5866,0.5877,41136569.2
2025-07-03 16:00:00,0.5877,0.5977,0.5874,0.5957,9715207.7
2025-07-03 20:00:00,0.5957,0.603,0.5956,0.5992,7605681.8
2025-07-04 00:00:00,0.5992,0.6034,0.5909,0.5937,12377042.0
2025-07-04 04:00:00,0.5937,0.5942,0.5794,0.5797,14107293.6
2025-07-04 08:00:00,0.5798,0.5843,0.5742,0.5816,12745420.4
2025-07-04 12:00:00,0.5816,0.5832,0.5701,0.5711,20770592.5
2025-07-04 16:00:00,0.5711,0.5729,0.5629,0.5667,17753696.2
2025-07-04 20:00:00,0.5666,0.5763,0.5657,0.5724,7044832.4
2025-07-05 00:00:00,0.5725,0.5791,0.5687,0.5782,7517758.1
2025-07-05 04:00:00,0.5782,0.5835,0.5754,0.5791,9042653.1
2025-07-05 08:00:00,0.5791,0.5791,0.5708,0.5748,6664931.2
2025-07-05 12:00:00,0.5748,0.5764,0.5714,0.5757,4533026.5
2025-07-05 16:00:00,0.5757,0.5774,0.5698,0.5738,4727883.8
2025-07-05 20:00:00,0.5737,0.5768,0.5716,0.5755,3210553.7
2025-07-06 00:00:00,0.5756,0.5757,0.5707,0.5751,4127044.8
2025-07-06 04:00:00,0.5752,0.577,0.5725,0.5738,3850787.5
2025-07-06 08:00:00,0.5738,0.5796,0.5719,0.578,7396848.5
2025-07-06 12:00:00,0.5781,0.5906,0.5768,0.5856,17604146.0
2025-07-06 16:00:00,0.5856,0.5876,0.5785,0.5834,7803825.3
2025-07-06 20:00:00,0.5834,0.5931,0.5829,0.5858,13652464.3
2025-07-07 00:00:00,0.5858,0.5947,0.582,0.5875,12777465.9
2025-07-07 04:00:00,0.5875,0.5903,0.5816,0.5902,8355156.9
2025-07-07 08:00:00,0.5901,0.5909,0.5841,0.5874,9483216.4
2025-07-07 12:00:00,0.5875,0.591,0.5798,0.5836,21360708.3
2025-07-07 16:00:00,0.5836,0.5884,0.575,0.5802,18847241.1
2025-07-07 20:00:00,0.5801,0.5808,0.5734,0.5805,8660748.3
2025-07-08 00:00:00,0.5806,0.584,0.5727,0.576,11780411.3
2025-07-08 04:00:00,0.576,0.5811,0.5722,0.5784,18414359.0
2025-07-08 08:00:00,0.5783,0.5876,0.5767,0.5845,8211452.6
2025-07-08 12:00:00,0.5846,0.5882,0.5791,0.5813,12500827.9
2025-07-08 16:00:00,0.5814,0.5921,0.5797,0.5891,16161982.4
2025-07-08 20:00:00,0.5892,0.5898,0.5853,0.5884,5552203.3
2025-07-09 00:00:00,0.5883,0.589,0.584,0.5852,7395477.1
2025-07-09 04:00:00,0.5852,0.5999,0.5843,0.5961,16204894.7
2025-07-09 08:00:00,0.5962,0.611,0.5924,0.6094,24162629.7
2025-07-09 12:00:00,0.6095,0.621,0.601,0.6109,40408724.6
2025-07-09 16:00:00,0.611,0.6249,0.6058,0.6221,28722597.9
2025-07-09 20:00:00,0.6221,0.6281,0.6148,0.6227,31175882.3
2025-07-10 00:00:00,0.6227,0.6267,0.6173,0.6216,12254986.1
2025-07-10 04:00:00,0.6215,0.6408,0.6184,0.628,24970962.2
2025-07-10 08:00:00,0.628,0.6342,0.6252,0.6317,16475840.9
2025-07-10 12:00:00,0.6318,0.6318,0.6211,0.6292,15468409.7
2025-07-10 16:00:00,0.6292,0.6598,0.6277,0.6521,45242922.8
2025-07-10 20:00:00,0.652,0.6803,0.6515,0.6775,42689047.5
2025-07-11 00:00:00,0.6776,0.6916,0.6681,0.6876,36124276.9
2025-07-11 04:00:00,0.6876,0.7025,0.6827,0.6992,55724040.3
2025-07-11 08:00:00,0.6992,0.7374,0.698,0.7277,68810435.8
2025-07-11 12:00:00,0.7277,0.7774,0.7274,0.7375,140996073.3
2025-07-11 16:00:00,0.7375,0.7461,0.723,0.7431,72504245.8
2025-07-11 20:00:00,0.7432,0.7432,0.6933,0.7094,48248324.9
2025-07-12 00:00:00,0.7094,0.7371,0.699,0.7289,39147524.4
2025-07-12 04:00:00,0.729,0.733,0.7115,0.7151,25486320.4
2025-07-12 08:00:00,0.7151,0.735,0.711,0.723,23022129.8
2025-07-12 12:00:00,0.7231,0.7249,0.6884,0.6935,50761160.1
2025-07-12 16:00:00,0.6934,0.7093,0.6899,0.7074,18614915.1
2025-07-12 20:00:00,0.7073,0.7105,0.6955,0.7089,11266322.3
2025-07-13 00:00:00,0.7089,0.7227,0.7052,0.7187,18385974.8
2025-07-13 04:00:00,0.7188,0.7486,0.7157,0.7402,48262429.8
2025-07-13 08:00:00,0.7402,0.7439,0.7233,0.7292,50270331.3
2025-07-13 12:00:00,0.7292,0.7562,0.7275,0.7419,57808493.8
2025-07-13 16:00:00,0.7419,0.7529,0.732,0.7449,22283517.5
2025-07-13 20:00:00,0.7448,0.75,0.7267,0.7367,18042437.0
2025-07-14 00:00:00,0.7368,0.7683,0.7343,0.7601,47289375.6
2025-07-14 04:00:00,0.7601,0.7674,0.7452,0.7623,45217159.5
2025-07-14 08:00:00,0.7624,0.7649,0.7427,0.7471,44472081.2
2025-07-14 12:00:00,0.747,0.761,0.7276,0.7343,52591392.4
2025-07-14 16:00:00,0.7343,0.7457,0.7281,0.7318,30368121.8
2025-07-14 20:00:00,0.7318,0.7376,0.7212,0.7352,16857898.5
2025-07-15 00:00:00,0.7352,0.7394,0.7105,0.7186,38092003.2
2025-07-15 04:00:00,0.7186,0.7314,0.7116,0.7199,23447364.8
2025-07-15 08:00:00,0.7198,0.7372,0.7135,0.7273,24669676.1
2025-07-15 12:00:00,0.7274,0.7401,0.7114,0.7244,54251333.5
2025-07-15 16:00:00,0.7244,0.7466,0.7206,0.7216,33754344.7
2025-07-15 20:00:00,0.7216,0.7495,0.7191,0.7466,19583421.7
2025-07-16 00:00:00,0.7467,0.7509,0.7327,0.7379,18426509.0
2025-07-16 04:00:00,0.738,0.7497,0.7328,0.7468,14282355.6
2025-07-16 08:00:00,0.7468,0.755,0.7422,0.7445,18904073.9
2025-07-16 12:00:00,0.7445,0.761,0.7426,0.7508,45058693.5
2025-07-16 16:00:00,0.7507,0.7711,0.7478,0.7638,47854856.5
2025-07-16 20:00:00,0.7639,0.7849,0.7588,0.7644,49436694.2
2025-07-17 00:00:00,0.7645,0.7726,0.7401,0.7449,30251306.4
2025-07-17 04:00:00,0.7448,0.7793,0.742,0.7733,34735500.4
2025-07-17 08:00:00,0.7733,0.8254,0.7678,0.8154,105554744.6
2025-07-17 12:00:00,0.8153,0.8189,0.7872,0.8028,56165406.5
2025-07-17 16:00:00,0.8027,0.8169,0.7854,0.7991,49910907.2
2025-07-17 20:00:00,0.7991,0.8386,0.7878,0.8216,82236907.4
2025-07-18 00:00:00,0.8216,0.8644,0.8188,0.8599,81692732.7
2025-07-18 04:00:00,0.8599,0.8955,0.8518,0.8533,105972176.1
2025-07-18 08:00:00,0.8533,0.8668,0.8406,0.8511,58150337.7
2025-07-18 12:00:00,0.8511,0.8627,0.8121,0.8221,79186012.5
2025-07-18 16:00:00,0.8222,0.8353,0.8104,0.8174,30531838.3
2025-07-18 20:00:00,0.8174,0.8225,0.7959,0.8158,37412847.0
2025-07-19 00:00:00,0.8159,0.8315,0.8017,0.8272,20766896.7
2025-07-19 04:00:00,0.8273,0.8372,0.8199,0.8252,19542374.1
2025-07-19 08:00:00,0.8252,0.8357,0.8175,0.819,17623554.5
2025-07-19 12:00:00,0.819,0.8297,0.8104,0.8217,18964391.0
2025-07-19 16:00:00,0.8218,0.8349,0.8169,0.8293,15106343.4
2025-07-19 20:00:00,0.8292,0.8351,0.8166,0.8298,19102672.2
2025-07-20 00:00:00,0.8298,0.8457,0.823,0.8404,28522026.9
2025-07-20 04:00:00,0.8404,0.8497,0.8309,0.8451,25936066.3
2025-07-20 08:00:00,0.8451,0.8622,0.8444,0.8507,36647245.2
2025-07-20 12:00:00,0.8507,0.8734,0.8465,0.8709,44677961.8
2025-07-20 16:00:00,0.8709,0.8786,0.8563,0.871,39520252.4
2025-07-20 20:00:00,0.8709,0.8784,0.837,0.858,50565168.7
2025-07-21 00:00:00,0.858,0.8706,0.8415,0.8659,40093538.1
2025-07-21 04:00:00,0.8659,0.8978,0.8617,0.8939,45753455.7
2025-07-21 08:00:00,0.8939,0.9115,0.8798,0.9085,64252686.1
2025-07-21 12:00:00,0.9086,0.9373,0.8995,0.9119,106653985.3
2025-07-21 16:00:00,0.9119,0.9133,0.8753,0.8766,55560024.9
2025-07-21 20:00:00,0.8765,0.8917,0.8729,0.8891,26791080.5
2025-07-22 00:00:00,0.889,0.9096,0.8647,0.8863,66526800.8
2025-07-22 04:00:00,0.8863,0.8863,0.855,0.871,55140617.3
2025-07-22 08:00:00,0.871,0.8832,0.8526,0.878,46449945.4
2025-07-22 12:00:00,0.878,0.891,0.8561,0.8804,54304617.4
2025-07-22 16:00:00,0.8803,0.8947,0.8732,0.8775,37683633.1
2025-07-22 20:00:00,0.8775,0.9042,0.876,0.9034,20626018.2
2025-07-23 00:00:00,0.9035,0.9037,0.8791,0.881,21551005.1
2025-07-23 04:00:00,0.8811,0.8886,0.8659,0.8678,20202865.0
2025-07-23 08:00:00,0.8678,0.8739,0.855,0.8623,23729082.5
2025-07-23 12:00:00,0.8623,0.8627,0.8085,0.8343,99919073.1
2025-07-23 16:00:00,0.8342,0.8342,0.7997,0.8138,44817576.0
2025-07-23 20:00:00,0.8136,0.8208,0.7857,0.816,70303664.6
2025-07-24 00:00:00,0.816,0.8251,0.8101,0.8162,23899142.8
2025-07-24 04:00:00,0.8162,0.8181,0.7613,0.7891,84985147.7
2025-07-24 08:00:00,0.789,0.817,0.7853,0.8154,48495565.5
2025-07-24 12:00:00,0.8154,0.8381,0.7967,0.8234,85178020.8
2025-07-24 16:00:00,0.8235,0.828,0.8046,0.8168,39039163.0
2025-07-24 20:00:00,0.8167,0.826,0.8007,0.806,19319467.4
2025-07-25 00:00:00,0.8059,0.8121,0.7828,0.7952,33743961.8
2025-07-25 04:00:00,0.7952,0.81,0.7855,0.7949,30288467.8
2025-07-25 08:00:00,0.7949,0.8174,0.7872,0.8103,31422820.0
2025-07-25 12:00:00,0.8104,0.8187,0.7747,0.7841,41806312.1
2025-07-25 16:00:00,0.7841,0.7999,0.7795,0.7934,27921943.3
2025-07-25 20:00:00,0.7935,0.8182,0.793,0.8158,19655561.1
2025-07-26 00:00:00,0.8158,0.8278,0.8119,0.8248,15520150.2
2025-07-26 04:00:00,0.8248,0.8272,0.8172,0.8186,10670824.1
2025-07-26 08:00:00,0.8186,0.8294,0.8185,0.8237,12947374.9
2025-07-26 12:00:00,0.8236,0.8348,0.8211,0.8326,28112997.6
2025-07-26 16:00:00,0.8327,0.8387,0.8214,0.829,24278755.3
2025-07-26 20:00:00,0.8291,0.8324,0.8188,0.8198,12909274.6
2025-07-27 00:00:00,0.8198,0.8321,0.8174,0.8286,11764165.2
2025-07-27 04:00:00,0.8286,0.8394,0.8221,0.8236,15423063.3
2025-07-27 08:00:00,0.8237,0.8318,0.8141,0.8233,17925906.3
2025-07-27 12:00:00,0.8233,0.8303,0.8146,0.8218,28086313.7
2025-07-27 16:00:00,0.8219,0.8337,0.8194,0.8247,25515569.3
2025-07-27 20:00:00,0.8247,0.839,0.8245,0.832,16675966.2
2025-07-28 00:00:00,0.832,0.8448,0.8241,0.842,25264060.8
2025-07-28 04:00:00,0.842,0.8559,0.8345,0.8384,28416409.2
2025-07-28 08:00:00,0.8383,0.8407,0.8239,0.83,22409377.4
2025-07-28 12:00:00,0.83,0.8345,0.8017,0.8059,48344226.8
2025-07-28 16:00:00,0.8058,0.8097,0.7913,0.7978,28667975.0
2025-07-28 20:00:00,0.7979,0.7991,0.786,0.7932,23118287.2
2025-07-29 00:00:00,0.7932,0.8009,0.7799,0.7936,23737370.2
2025-07-29 04:00:00,0.7936,0.8097,0.7881,0.8083,17127456.5
2025-07-29 08:00:00,0.8082,0.8099,0.7896,0.7962,17689884.7
2025-07-29 12:00:00,0.7962,0.8052,0.775,0.7811,30142066.6
2025-07-29 16:00:00,0.7812,0.7871,0.7694,0.7771,24847103.5
2025-07-29 20:00:00,0.7771,0.7853,0.77,0.7828,12647867.3
2025-07-30 00:00:00,0.7829,0.7898,0.7736,0.7853,12975304.0
2025-07-30 04:00:00,0.7853,0.788,0.7747,0.7791,9070085.5
2025-07-30 08:00:00,0.7792,0.7845,0.7521,0.7565,37456294.2
2025-07-30 12:00:00,0.7565,0.7776,0.7522,0.7735,45051720.1
2025-07-30 16:00:00,0.7735,0.7792,0.7301,0.7602,60657239.7
2025-07-30 20:00:00,0.7601,0.7675,0.7517,0.7634,15234133.5
2025-07-31 00:00:00,0.7633,0.7818,0.7622,0.7795,18184951.3
2025-07-31 04:00:00,0.7796,0.7841,0.7777,0.782,16154846.1
2025-07-31 08:00:00,0.7821,0.7893,0.7756,0.7786,18245005.6
2025-07-31 12:00:00,0.7786,0.7795,0.7526,0.7619,32161844.5
2025-07-31 16:00:00,0.7619,0.7757,0.7495,0.7517,25636704.5
2025-07-31 20:00:00,0.7518,0.755,0.7356,0.7392,25433198.6
2025-08-01 00:00:00,0.7392,0.7413,0.7172,0.7346,43132299.0
2025-08-01 04:00:00,0.7346,0.7346,0.7181,0.7248,29008069.6
2025-08-01 08:00:00,0.7247,0.7279,0.7099,0.7272,31610288.1
2025-08-01 12:00:00,0.7271,0.7383,0.7085,0.7331,41693966.1
2025-08-01 16:00:00,0.7331,0.7381,0.7163,0.7313,24492072.3
2025-08-01 20:00:00,0.7313,0.7336,0.6962,0.7141,38910982.0
2025-08-02 00:00:00,0.7141,0.7244,0.711,0.7215,16472279.9
2025-08-02 04:00:00,0.7216,0.7278,0.7057,0.7229,14784878.3
2025-08-02 08:00:00,0.7229,0.7241,0.7065,0.7148,12995716.3
2025-08-02 12:00:00,0.7148,0.7173,0.6966,0.6993,28349691.1
2025-08-02 16:00:00,0.6993,0.7062,0.6842,0.694,39634731.0
2025-08-02 20:00:00,0.6941,0.7053,0.6921,0.6975,16654992.9
2025-08-03 00:00:00,0.6975,0.718,0.6869,0.7161,28803048.4
2025-08-03 04:00:00,0.7161,0.7255,0.7118,0.722,15996119.9
2025-08-03 08:00:00,0.722,0.7293,0.721,0.7242,17702689.1
2025-08-03 12:00:00,0.7242,0.7274,0.7174,0.726,15546348.1
2025-08-03 16:00:00,0.726,0.7293,0.7222,0.7246,13284979.9
2025-08-03 20:00:00,0.7247,0.731,0.7221,0.727,9239577.9
2025-08-04 00:00:00,0.7271,0.7434,0.7251,0.7369,22743349.2
2025-08-04 04:00:00,0.7369,0.7425,0.7296,0.7413,16369293.3
2025-08-04 08:00:00,0.7413,0.743,0.7348,0.7382,13339406.2
2025-08-04 12:00:00,0.7383,0.7549,0.7363,0.7447,28055979.9
2025-08-04 16:00:00,0.7447,0.7591,0.7414,0.7438,17718521.5
2025-08-04 20:00:00,0.7437,0.7579,0.743,0.7549,11241895.7
2025-08-05 00:00:00,0.755,0.7601,0.7457,0.7472,17460552.8
2025-08-05 04:00:00,0.7471,0.7517,0.734,0.7353,20018917.8
2025-08-05 08:00:00,0.7353,0.7586,0.7331,0.7514,18861917.5
2025-08-05 12:00:00,0.7515,0.7523,0.7193,0.7232,36898910.7
2025-08-05 16:00:00,0.7231,0.7301,0.7184,0.7204,13926844.2
2025-08-05 20:00:00,0.7205,0.7285,0.7134,0.7258,8941692.0
2025-08-06 00:00:00,0.7258,0.726,0.7127,0.7133,12217289.9
2025-08-06 04:00:00,0.7133,0.7304,0.7107,0.727,17989572.2
2025-08-06 08:00:00,0.727,0.7298,0.7204,0.7262,9278429.9
2025-08-06 12:00:00,0.7262,0.7429,0.7197,0.7419,20737365.8
2025-08-06 16:00:00,0.7419,0.748,0.7348,0.7427,13422589.9
2025-08-06 20:00:00,0.7428,0.7437,0.7377,0.7413,6975302.9
2025-08-07 00:00:00,0.7413,0.7462,0.7342,0.7343,9925327.9
2025-08-07 04:00:00,0.7343,0.744,0.734,0.7413,15843491.3
2025-08-07 08:00:00,0.7414,0.77,0.7399,0.7674,35313822.6
2025-08-07 12:00:00,0.7675,0.774,0.7576,0.7629,26191420.3
2025-08-07 16:00:00,0.7629,0.7663,0.7417,0.766,27258823.3
2025-08-07 20:00:00,0.766,0.7884,0.764,0.7874,30794851.8
2025-08-08 00:00:00,0.7874,0.8012,0.778,0.7957,52903978.2
2025-08-08 04:00:00,0.7958,0.8003,0.7868,0.7993,19683463.9
2025-08-08 08:00:00,0.7992,0.8054,0.793,0.7997,19022626.0
2025-08-08 12:00:00,0.7996,0.8069,0.7759,0.7819,38954290.6
2025-08-08 16:00:00,0.7818,0.8011,0.7798,0.7994,19390598.2
2025-08-08 20:00:00,0.7995,0.8007,0.7903,0.7911,9563591.5
2025-08-09 00:00:00,0.7912,0.8005,0.7898,0.7957,9869543.0
2025-08-09 04:00:00,0.7957,0.8174,0.794,0.807,28472745.4
2025-08-09 08:00:00,0.807,0.8178,0.805,0.8069,24168229.8
2025-08-09 12:00:00,0.8069,0.8205,0.7964,0.8052,26307606.5
2025-08-09 16:00:00,0.8051,0.8212,0.8051,0.8158,20690709.2
2025-08-09 20:00:00,0.8159,0.82,0.8015,0.8029,17472359.9
2025-08-10 00:00:00,0.8029,0.8248,0.8009,0.8238,25506431.9
2025-08-10 04:00:00,0.8238,0.8344,0.79,0.7946,46906582.6
2025-08-10 08:00:00,0.7946,0.8025,0.7844,0.7905,21099408.5
2025-08-10 12:00:00,0.7904,0.8058,0.7872,0.801,17782016.2
2025-08-10 16:00:00,0.8009,0.8086,0.7993,0.8058,11105030.8
2025-08-10 20:00:00,0.8057,0.8064,0.7911,0.8014,13182915.7
2025-08-11 00:00:00,0.8015,0.8303,0.7969,0.8258,34010757.9
2025-08-11 04:00:00,0.8259,0.8338,0.808,0.8096,40145726.5
2025-08-11 08:00:00,0.8096,0.8208,0.7863,0.7908,37852711.0
2025-08-11 12:00:00,0.7909,0.7999,0.7829,0.7963,37051878.7
2025-08-11 16:00:00,0.7962,0.8047,0.7797,0.785,24199014.8
2025-08-11 20:00:00,0.7851,0.7859,0.7662,0.7728,24705279.2
2025-08-12 00:00:00,0.7727,0.7883,0.7714,0.7817,16807523.2
2025-08-12 04:00:00,0.7817,0.7889,0.7712,0.7822,17271412.7
2025-08-12 08:00:00,0.7823,0.7845,0.7658,0.775,19909277.9
2025-08-12 12:00:00,0.775,0.8154,0.7733,0.8143,71582121.1
2025-08-12 16:00:00,0.8143,0.8492,0.8127,0.8484,86098943.7
2025-08-12 20:00:00,0.8484,0.8579,0.8384,0.8411,56873468.2
2025-08-13 00:00:00,0.8411,0.8594,0.8334,0.8558,38540957.6
2025-08-13 04:00:00,0.8557,0.8637,0.838,0.8592,36173968.2
2025-08-13 08:00:00,0.8591,0.8876,0.8584,0.8797,65351797.6
2025-08-13 12:00:00,0.8796,0.8894,0.8616,0.8727,69518749.3
2025-08-13 16:00:00,0.8726,0.8854,0.8665,0.8839,23130772.1
2025-08-13 20:00:00,0.8839,0.922,0.8777,0.9042,58424312.2
2025-08-14 00:00:00,0.9042,0.9885,0.9039,0.9817,134985344.5
2025-08-14 04:00:00,0.9818,1.0193,0.9742,0.9978,185708536.2
2025-08-14 08:00:00,0.9978,1.0027,0.96,0.9627,128593707.5
2025-08-14 12:00:00,0.9627,0.9758,0.8853,0.925,266616083.9
2025-08-14 16:00:00,0.9251,0.9252,0.8881,0.9001,75466492.9
2025-08-14 20:00:00,0.9001,0.9388,0.8781,0.9258,110504045.3
2025-08-15 00:00:00,0.9257,0.9451,0.9108,0.9298,71986697.7
2025-08-15 04:00:00,0.9298,0.9633,0.9183,0.951,62254920.2
2025-08-15 08:00:00,0.951,0.9643,0.9376,0.9424,39709173.6
2025-08-15 12:00:00,0.9424,0.9594,0.9164,0.9242,127258253.9
2025-08-15 16:00:00,0.9241,0.9501,0.9107,0.9297,72351314.5
2025-08-15 20:00:00,0.9297,0.9626,0.926,0.9453,44128666.5
2025-08-16 00:00:00,0.9452,0.9777,0.9434,0.9577,55154003.5
2025-08-16 04:00:00,0.9578,0.9699,0.9421,0.9632,38979795.8
2025-08-16 08:00:00,0.9631,0.9642,0.9011,0.9031,95252899.7
2025-08-16 12:00:00,0.9031,0.9191,0.9028,0.91,44739923.0
2025-08-16 16:00:00,0.91,0.9246,0.9082,0.9169,35805048.8
2025-08-16 20:00:00,0.9169,0.9234,0.9141,0.9211,13612038.2
2025-08-17 00:00:00,0.9211,0.9443,0.9045,0.9377,30057409.0
2025-08-17 04:00:00,0.9378,0.9612,0.9371,0.9595,55739991.8
2025-08-17 08:00:00,0.9595,0.9878,0.9495,0.9721,54520283.5
2025-08-17 12:00:00,0.972,0.9795,0.9613,0.9754,37873271.3
2025-08-17 16:00:00,0.9754,0.9764,0.9434,0.9512,40347250.6
2025-08-17 20:00:00,0.9511,0.9684,0.9497,0.9609,17384001.2
2025-08-18 00:00:00,0.961,0.9683,0.9134,0.9216,67513537.9
2025-08-18 04:00:00,0.9215,0.9282,0.9066,0.9166,36320875.2
2025-08-18 08:00:00,0.9166,0.9242,0.8893,0.8973,46569394.5
2025-08-18 12:00:00,0.8972,0.9179,0.8877,0.9176,67172920.7
2025-08-18 16:00:00,0.9176,0.935,0.9035,0.9194,36671478.7
2025-08-18 20:00:00,0.9194,0.9331,0.9092,0.9236,20469564.5
2025-08-19 00:00:00,0.9235,0.9416,0.8992,0.9025,44489731.8
2025-08-19 04:00:00,0.9024,0.9323,0.8951,0.9288,45958731.6
2025-08-19 08:00:00,0.9288,0.9597,0.9164,0.9314,71854630.8
2025-08-19 12:00:00,0.9314,0.9355,0.86,0.8709,103561464.6
2025-08-19 16:00:00,0.8709,0.8745,0.8506,0.8545,63575908.9
2025-08-19 20:00:00,0.8544,0.864,0.8437,0.8464,31728820.5
2025-08-20 00:00:00,0.8464,0.8568,0.8429,0.8485,33503954.8
2025-08-20 04:00:00,0.8486,0.8561,0.8463,0.8479,38957008.3
2025-08-20 08:00:00,0.848,0.8647,0.8371,0.8492,64933552.2
2025-08-20 12:00:00,0.8492,0.8849,0.8389,0.8712,76279538.7
2025-08-20 16:00:00,0.8713,0.8925,0.8683,0.8911,38059769.0
2025-08-20 20:00:00,0.8911,0.8914,0.8777,0.8808,21059455.7
2025-08-21 00:00:00,0.8809,0.8926,0.8697,0.8852,33114594.3
2025-08-21 04:00:00,0.8851,0.8863,0.8682,0.8758,20170331.2
2025-08-21 08:00:00,0.8758,0.8794,0.8648,0.8673,23630036.5
2025-08-21 12:00:00,0.8673,0.8796,0.8575,0.8588,32973811.4
2025-08-21 16:00:00,0.8589,0.8688,0.8504,0.8528,20400956.7
2025-08-21 20:00:00,0.8528,0.8645,0.8466,0.8519,17017226.4
2025-08-22 00:00:00,0.8519,0.8672,0.8438,0.8509,19215252.5
2025-08-22 04:00:00,0.8509,0.8629,0.8478,0.8569,16401238.0
2025-08-22 08:00:00,0.8568,0.8638,0.8338,0.8343,29795138.5
2025-08-22 12:00:00,0.8343,0.9171,0.8218,0.9046,191530323.6
2025-08-22 16:00:00,0.9047,0.94,0.9047,0.9316,78595828.3
2025-08-22 20:00:00,0.9317,0.9426,0.927,0.9314,37969570.2
2025-08-23 00:00:00,0.9315,0.933,0.8912,0.9007,44469284.2
2025-08-23 04:00:00,0.9007,0.939,0.9004,0.926,47613527.1
2025-08-23 08:00:00,0.926,0.9297,0.9103,0.9156,21552162.7
2025-08-23 12:00:00,0.9156,0.9218,0.9081,0.915,22591405.5
2025-08-23 16:00:00,0.915,0.9159,0.908,0.9132,12926505.4
2025-08-23 20:00:00,0.9131,0.9177,0.9065,0.9143,14061544.1
2025-08-24 00:00:00,0.9142,0.9219,0.9096,0.9151,17227266.3
2025-08-24 04:00:00,0.9152,0.9196,0.9021,0.904,18619664.4
2025-08-24 08:00:00,0.9041,0.9096,0.8881,0.8925,24551954.4
2025-08-24 12:00:00,0.8924,0.908,0.8916,0.8992,22943336.3
2025-08-24 16:00:00,0.8992,0.9643,0.8961,0.9227,114488650.5
2025-08-24 20:00:00,0.9228,0.9297,0.8968,0.909,57699512.6
2025-08-25 00:00:00,0.909,0.9284,0.8874,0.9188,50169510.2
2025-08-25 04:00:00,0.9189,0.9223,0.87,0.8721,73799429.1
2025-08-25 08:00:00,0.8721,0.8758,0.8551,0.8663,44202558.9
2025-08-25 12:00:00,0.8662,0.8772,0.855,0.8653,44905614.8
2025-08-25 16:00:00,0.8653,0.8798,0.8491,0.85,33258756.8
2025-08-25 20:00:00,0.85,0.8551,0.8297,0.8371,51135424.2
2025-08-26 00:00:00,0.8372,0.8461,0.8267,0.8361,25305238.5
2025-08-26 04:00:00,0.8362,0.8498,0.8344,0.8403,25320371.9
2025-08-26 08:00:00,0.8403,0.8474,0.8351,0.8385,19729357.9
2025-08-26 12:00:00,0.8386,0.8593,0.8319,0.8491,49937269.1
2025-08-26 16:00:00,0.8491,0.8748,0.848,0.8734,21220202.4
2025-08-26 20:00:00,0.8733,0.8735,0.8627,0.8663,19143361.0
2025-08-27 00:00:00,0.8663,0.874,0.8569,0.8693,18691689.7
2025-08-27 04:00:00,0.8692,0.8764,0.853,0.8563,18103717.6
2025-08-27 08:00:00,0.8563,0.8671,0.8535,0.8642,17246794.1
2025-08-27 12:00:00,0.8642,0.8784,0.8553,0.8723,30991742.7
2025-08-27 16:00:00,0.8724,0.8756,0.8576,0.8629,22356799.2
2025-08-27 20:00:00,0.8629,0.8725,0.8469,0.8509,50132465.0
2025-08-28 00:00:00,0.8509,0.8612,0.8441,0.8588,16221217.1
2025-08-28 04:00:00,0.8588,0.8737,0.8567,0.8729,22550200.7
2025-08-28 08:00:00,0.8729,0.8799,0.863,0.8679,19116597.7
2025-08-28 12:00:00,0.8678,0.874,0.8546,0.8592,31132009.7
2025-08-28 16:00:00,0.8592,0.8653,0.8431,0.8434,23348249.2
2025-08-28 20:00:00,0.8433,0.8631,0.8417,0.8576,19643109.1
2025-08-29 00:00:00,0.8576,0.8664,0.8397,0.8526,27627552.2
2025-08-29 04:00:00,0.8527,0.8547,0.826,0.8276,42857935.7
2025-08-29 08:00:00,0.8277,0.8302,0.8148,0.8238,31118330.2
2025-08-29 12:00:00,0.8238,0.8486,0.8156,0.8255,53469947.2
2025-08-29 16:00:00,0.8254,0.8264,0.8119,0.8209,27974176.6
2025-08-29 20:00:00,0.8209,0.8296,0.81,0.8266,18295032.1
2025-08-30 00:00:00,0.8266,0.8358,0.813,0.8339,19987103.5
2025-08-30 04:00:00,0.8338,0.8444,0.8313,0.8371,13644112.7
2025-08-30 08:00:00,0.8371,0.8384,0.8248,0.8271,11662809.5
2025-08-30 12:00:00,0.8271,0.8275,0.8054,0.8235,24897982.7
2025-08-30 16:00:00,0.8235,0.824,0.8151,0.82,6433905.9
2025-08-30 20:00:00,0.8202,0.824,0.8163,0.8224,4896309.2
2025-08-31 00:00:00,0.8225,0.838,0.8221,0.8367,13370757.1
2025-08-31 04:00:00,0.8368,0.8377,0.8252,0.8264,9673204.1
2025-08-31 08:00:00,0.8265,0.8322,0.8174,0.8243,14124190.0
2025-08-31 12:00:00,0.8243,0.8277,0.8168,0.827,13111753.6
2025-08-31 16:00:00,0.8269,0.8284,0.8207,0.8216,7003032.4
2025-08-31 20:00:00,0.8217,0.8289,0.8094,0.8113,12801231.7
2025-09-01 00:00:00,0.8112,0.8144,0.8006,0.8091,27438699.1
2025-09-01 04:00:00,0.8092,0.8401,0.7944,0.8382,50636508.0
2025-09-01 08:00:00,0.8383,0.8452,0.818,0.8201,43942475.1
2025-09-01 12:00:00,0.8202,0.8261,0.8076,0.8102,24880092.3
2025-09-01 16:00:00,0.8101,0.8121,0.8013,0.8115,16561143.5
2025-09-01 20:00:00,0.8116,0.8116,0.7818,0.8014,37843213.6
2025-09-02 00:00:00,0.8015,0.8212,0.798,0.8172,18555200.9
2025-09-02 04:00:00,0.8173,0.8225,0.8143,0.8174,18945255.4
2025-09-02 08:00:00,0.8173,0.8259,0.8139,0.8162,15158387.6
2025-09-02 12:00:00,0.8163,0.8281,0.8003,0.81,49090519.0
2025-09-02 16:00:00,0.81,0.824,0.8076,0.8206,18321143.0
2025-09-02 20:00:00,0.8206,0.8356,0.8187,0.8349,21416441.8
2025-09-03 00:00:00,0.8348,0.8403,0.8265,0.8342,19990292.4
2025-09-03 04:00:00,0.8342,0.836,0.826,0.8305,14265576.4
2025-09-03 08:00:00,0.8305,0.837,0.8268,0.8324,12748631.1
2025-09-03 12:00:00,0.8324,0.8425,0.8286,0.8406,19066921.3
2025-09-03 16:00:00,0.8407,0.8423,0.8345,0.8416,11356965.2
2025-09-03 20:00:00,0.8417,0.8437,0.8352,0.8366,7911482.1
2025-09-04 00:00:00,0.8367,0.8418,0.8238,0.824,13022952.5
2025-09-04 04:00:00,0.8241,0.8273,0.8139,0.8177,15515445.0
2025-09-04 08:00:00,0.8178,0.8242,0.8158,0.8177,13477433.3
2025-09-04 12:00:00,0.8177,0.8218,0.8046,0.8081,21359896.2
2025-09-04 16:00:00,0.808,0.8122,0.8026,0.804,10485253.2
2025-09-04 20:00:00,0.804,0.8188,0.8032,0.8093,11229142.3
2025-09-05 00:00:00,0.8093,0.8184,0.8046,0.8179,11793619.6
2025-09-05 04:00:00,0.8179,0.8308,0.8146,0.8302,13484024.3
2025-09-05 08:00:00,0.8301,0.832,0.8215,0.8318,16868104.9
2025-09-05 12:00:00,0.8319,0.85,0.8183,0.8248,64909162.3
2025-09-05 16:00:00,0.8248,0.8362,0.8204,0.8361,12241045.7
2025-09-05 20:00:00,0.8361,0.8389,0.8275,0.8307,10538451.4
2025-09-06 00:00:00,0.8306,0.836,0.8281,0.8338,7062031.3
2025-09-06 04:00:00,0.8337,0.8338,0.8234,0.8256,6171420.0
2025-09-06 08:00:00,0.8255,0.8264,0.8188,0.8233,7687837.8
2025-09-06 12:00:00,0.8233,0.8281,0.821,0.8223,11397443.0
2025-09-06 16:00:00,0.8222,0.8253,0.8143,0.8158,9892501.2
2025-09-06 20:00:00,0.8157,0.821,0.8153,0.8184,4360906.2
2025-09-07 00:00:00,0.8185,0.8293,0.818,0.8281,6746808.8
2025-09-07 04:00:00,0.8281,0.829,0.8238,0.8264,7358047.4
2025-09-07 08:00:00,0.8264,0.8332,0.8257,0.8327,10090354.4
2025-09-07 12:00:00,0.8327,0.8385,0.8267,0.8342,22079227.4
2025-09-07 16:00:00,0.8342,0.8348,0.823,0.8287,9061217.6
2025-09-07 20:00:00,0.8286,0.8418,0.8273,0.8351,9442801.4
2025-09-08 00:00:00,0.8351,0.8484,0.83,0.8416,17788686.7
2025-09-08 04:00:00,0.8416,0.846,0.8337,0.8422,15921049.7
2025-09-08 08:00:00,0.8422,0.8566,0.8415,0.8525,27495562.6
2025-09-08 12:00:00,0.8526,0.8685,0.8505,0.8654,35651486.6
2025-09-08 16:00:00,0.8654,0.8692,0.8585,0.8621,20294725.5
2025-09-08 20:00:00,0.8622,0.8688,0.8579,0.8651,16249617.4
2025-09-09 00:00:00,0.8651,0.8752,0.8556,0.8675,26482220.1
2025-09-09 04:00:00,0.8675,0.8924,0.8629,0.8886,42233101.9
2025-09-09 08:00:00,0.8886,0.8947,0.882,0.8842,29735757.4
2025-09-09 12:00:00,0.8843,0.8926,0.8525,0.8575,60768485.7
2025-09-09 16:00:00,0.8576,0.8662,0.8566,0.8623,17377982.2
2025-09-09 20:00:00,0.8624,0.8679,0.8593,0.8652,10584385.6
2025-09-10 00:00:00,0.8653,0.8799,0.8596,0.8776,15600277.1
2025-09-10 04:00:00,0.8776,0.8828,0.8696,0.8801,13297348.1
2025-09-10 08:00:00,0.8801,0.8826,0.8716,0.8749,10194568.7
2025-09-10 12:00:00,0.875,0.8967,0.875,0.8881,41851999.6
2025-09-10 16:00:00,0.8882,0.8938,0.8724,0.877,19553112.0
2025-09-10 20:00:00,0.877,0.8877,0.8765,0.8854,8456107.8
2025-09-11 00:00:00,0.8854,0.8947,0.8829,0.8947,11659347.2
2025-09-11 04:00:00,0.8947,0.8948,0.8834,0.8873,18881043.7
2025-09-11 08:00:00,0.8874,0.8918,0.8824,0.8837,15853086.0
2025-09-11 12:00:00,0.8837,0.8981,0.8658,0.8766,52294630.5
2025-09-11 16:00:00,0.8765,0.8832,0.8762,0.8822,6594342.1
2025-09-11 20:00:00,0.8823,0.8968,0.8798,0.8939,12767689.2
2025-09-12 00:00:00,0.894,0.9097,0.8912,0.9009,33535436.2
2025-09-12 04:00:00,0.9008,0.9062,0.8973,0.8996,19044690.1
2025-09-12 08:00:00,0.8995,0.9006,0.8876,0.8881,15439671.3
2025-09-12 12:00:00,0.8881,0.8961,0.8825,0.8934,23573145.4
2025-09-12 16:00:00,0.8935,0.9077,0.8917,0.9074,23489551.0
2025-09-12 20:00:00,0.9074,0.9181,0.9006,0.9169,31376123.0
2025-09-13 00:00:00,0.917,0.9372,0.9162,0.9291,45394714.8
2025-09-13 04:00:00,0.9292,0.93,0.9235,0.926,17684038.2
2025-09-13 08:00:00,0.9259,0.954,0.9254,0.95,54445431.1
2025-09-13 12:00:00,0.9499,0.9519,0.9276,0.9377,46362451.8
2025-09-13 16:00:00,0.9378,0.9427,0.9143,0.9264,32391894.0
2025-09-13 20:00:00,0.9264,0.9356,0.9259,0.9294,11350216.1
2025-09-14 00:00:00,0.9294,0.9313,0.913,0.917,16830220.2
2025-09-14 04:00:00,0.917,0.9235,0.9101,0.9157,11017952.5
2025-09-14 08:00:00,0.9156,0.9196,0.9013,0.9025,16406188.1
2025-09-14 12:00:00,0.9026,0.9055,0.8792,0.8865,33928905.5
2025-09-14 16:00:00,0.8865,0.8969,0.885,0.8892,14203552.9
2025-09-14 20:00:00,0.8891,0.8978,0.8856,0.8879,14317003.5
2025-09-15 00:00:00,0.8878,0.8957,0.879,0.8942,14884755.4
2025-09-15 04:00:00,0.8943,0.9025,0.8741,0.8779,26090737.6
2025-09-15 08:00:00,0.8778,0.878,0.8524,0.8643,56332509.4
2025-09-15 12:00:00,0.8642,0.87,0.8539,0.8594,30343937.2
2025-09-15 16:00:00,0.8594,0.8645,0.853,0.8597,16718345.4
2025-09-15 20:00:00,0.8596,0.8661,0.8586,0.8632,10923141.6
2025-09-16 00:00:00,0.8631,0.8659,0.8582,0.8596,8048943.3
2025-09-16 04:00:00,0.8596,0.8667,0.853,0.8659,15240979.8
2025-09-16 08:00:00,0.866,0.8754,0.8659,0.8701,19510170.6
2025-09-16 12:00:00,0.8701,0.8755,0.8566,0.8705,22147580.5
2025-09-16 16:00:00,0.8705,0.8805,0.8667,0.8772,16888972.2
2025-09-16 20:00:00,0.8772,0.8841,0.8759,0.8803,10230839.9
2025-09-17 00:00:00,0.8803,0.8837,0.8732,0.8739,11248326.8
2025-09-17 04:00:00,0.8739,0.8872,0.8668,0.8823,19486023.2
2025-09-17 08:00:00,0.8824,0.8825,0.8691,0.8718,12075248.1
2025-09-17 12:00:00,0.8719,0.8742,0.8633,0.8683,13297838.4
2025-09-17 16:00:00,0.8682,0.8845,0.8608,0.8827,58150046.4
2025-09-17 20:00:00,0.8826,0.9197,0.8754,0.9138,40475930.0
2025-09-18 00:00:00,0.9138,0.9256,0.9071,0.9178,28418778.5
2025-09-18 04:00:00,0.9178,0.9189,0.8996,0.9082,24839889.8
2025-09-18 08:00:00,0.9081,0.9208,0.9074,0.9136,21890321.7
2025-09-18 12:00:00,0.9137,0.9285,0.908,0.9271,36135375.4
2025-09-18 16:00:00,0.927,0.9386,0.9223,0.93,28150718.5
2025-09-18 20:00:00,0.9299,0.9338,0.916,0.9244,24202121.3
2025-09-19 00:00:00,0.9244,0.9378,0.9186,0.9194,27086520.0
2025-09-19 04:00:00,0.9193,0.9231,0.9024,0.9043,27921535.6
2025-09-19 08:00:00,0.9043,0.9118,0.8934,0.8962,21886727.2
2025-09-19 12:00:00,0.8963,0.9089,0.8913,0.897,29579119.7
2025-09-19 16:00:00,0.897,0.9051,0.8911,0.8947,13343647.2
2025-09-19 20:00:00,0.8947,0.8988,0.8855,0.8904,11015249.2
2025-09-20 00:00:00,0.8904,0.8978,0.8885,0.8938,9466214.4
2025-09-20 04:00:00,0.8938,0.9063,0.8914,0.9062,10660333.5
2025-09-20 08:00:00,0.9062,0.9065,0.8871,0.8953,10973844.3
2025-09-20 12:00:00,0.8953,0.9048,0.8913,0.9003,7604949.6
2025-09-20 16:00:00,0.9003,0.9034,0.8898,0.8914,9367508.7
2025-09-20 20:00:00,0.8913,0.8979,0.8907,0.8931,4605299.0
2025-09-21 00:00:00,0.8931,0.8986,0.8898,0.8986,6297340.0
2025-09-21 04:00:00,0.8987,0.9026,0.8958,0.8996,7962737.8
2025-09-21 08:00:00,0.8996,0.9003,0.8771,0.8822,20273416.4
2025-09-21 12:00:00,0.8822,0.8898,0.8816,0.8857,11376305.9
2025-09-21 16:00:00,0.8857,0.8896,0.875,0.8886,12375809.8
2025-09-21 20:00:00,0.8886,0.8891,0.8795,0.884,6332182.1
2025-09-22 00:00:00,0.8841,0.8877,0.8465,0.856,50134134.3
2025-09-22 04:00:00,0.8559,0.8564,0.7873,0.817,111598389.4
2025-09-22 08:00:00,0.817,0.8281,0.8125,0.8222,39917963.6
2025-09-22 12:00:00,0.8223,0.8329,0.8189,0.8203,35462511.1
2025-09-22 16:00:00,0.8204,0.827,0.8138,0.8152,15993319.0
2025-09-22 20:00:00,0.8151,0.8276,0.8134,0.8256,9052088.1
2025-09-23 00:00:00,0.8257,0.8293,0.803,0.8223,21221746.7
2025-09-23 04:00:00,0.8224,0.8288,0.8146,0.8239,17253983.1
2025-09-23 08:00:00,0.824,0.8283,0.8189,0.822,15024545.9
2025-09-23 12:00:00,0.822,0.8265,0.8156,0.8223,15307051.2
2025-09-23 16:00:00,0.8224,0.8295,0.8065,0.8084,16290888.8
2025-09-23 20:00:00,0.8083,0.8162,0.805,0.806,8056431.5
2025-09-24 00:00:00,0.806,0.8161,0.798,0.8005,20718285.9
2025-09-24 04:00:00,0.8004,0.8172,0.7901,0.8148,26535946.5
2025-09-24 08:00:00,0.8149,0.8233,0.8131,0.8193,12527752.5
2025-09-24 12:00:00,0.8193,0.8304,0.8167,0.8208,16860921.0
2025-09-24 16:00:00,0.8208,0.8269,0.8188,0.8221,9550228.1
2025-09-24 20:00:00,0.8222,0.8234,0.8115,0.8127,9662570.9
2025-09-25 00:00:00,0.8128,0.8144,0.7928,0.8007,29425818.7
2025-09-25 04:00:00,0.8006,0.8032,0.7862,0.7906,30781762.3
2025-09-25 08:00:00,0.7907,0.7943,0.78,0.7812,29197817.5
2025-09-25 12:00:00,0.7812,0.8,0.7679,0.791,47004457.0
2025-09-25 16:00:00,0.791,0.7924,0.7542,0.7716,54666295.3
2025-09-25 20:00:00,0.7717,0.7744,0.7575,0.7637,21063043.1
2025-09-26 00:00:00,0.7637,0.7814,0.7637,0.7768,15968478.9
2025-09-26 04:00:00,0.7767,0.7795,0.7683,0.7744,12715092.3
2025-09-26 08:00:00,0.7743,0.778,0.7576,0.7638,15675843.5
2025-09-26 12:00:00,0.7637,0.7795,0.7576,0.7749,30548475.0
2025-09-26 16:00:00,0.7749,0.7964,0.7743,0.7891,19993342.4
2025-09-26 20:00:00,0.7891,0.7937,0.7867,0.7919,7523618.0
2025-09-27 00:00:00,0.7918,0.7941,0.7882,0.7923,5760646.2
2025-09-27 04:00:00,0.7923,0.7934,0.7817,0.7838,6766129.8
2025-09-27 08:00:00,0.7837,0.7862,0.7766,0.7832,8750689.4
2025-09-27 12:00:00,0.7832,0.7873,0.7804,0.7855,5929686.7
2025-09-27 16:00:00,0.7855,0.7858,0.7772,0.7815,5276099.3
2025-09-27 20:00:00,0.7815,0.7884,0.7786,0.7809,5821041.1
2025-09-28 00:00:00,0.781,0.7824,0.7721,0.775,8104781.7
2025-09-28 04:00:00,0.7749,0.7766,0.769,0.7731,4692452.4
2025-09-28 08:00:00,0.773,0.7736,0.7654,0.7687,9808621.1
2025-09-28 12:00:00,0.7687,0.7817,0.7645,0.7816,11012242.3
2025-09-28 16:00:00,0.7815,0.792,0.7815,0.7901,8385183.0
2025-09-28 20:00:00,0.7901,0.8119,0.7896,0.8086,18979053.2
2025-09-29 00:00:00,0.8086,0.8089,0.7982,0.8049,13088366.9
2025-09-29 04:00:00,0.8049,0.8059,0.7928,0.7982,9434782.0
2025-09-29 08:00:00,0.7982,0.8043,0.7896,0.7947,8461282.2
2025-09-29 12:00:00,0.7946,0.8161,0.788,0.8021,28672294.2
2025-09-29 16:00:00,0.8021,0.8057,0.795,0.8046,10330463.4
2025-09-29 20:00:00,0.8047,0.8148,0.8034,0.8061,14020670.0
2025-09-30 00:00:00,0.806,0.8086,0.7964,0.7978,15205738.8
2025-09-30 04:00:00,0.7978,0.8053,0.7927,0.7941,11981573.3
2025-09-30 08:00:00,0.7941,0.7954,0.7842,0.7911,11123378.3
2025-09-30 12:00:00,0.7911,0.7961,0.7781,0.7834,13972756.0
2025-09-30 16:00:00,0.7833,0.8017,0.7799,0.801,16006909.6
2025-09-30 20:00:00,0.8011,0.8132,0.7986,0.8072,20468164.5
2025-10-01 00:00:00,0.8073,0.8114,0.7968,0.7981,16239913.0
2025-10-01 04:00:00,0.798,0.8071,0.7971,0.8047,10270980.8
2025-10-01 08:00:00,0.8046,0.8376,0.803,0.8364,47256298.3
2025-10-01 12:00:00,0.8364,0.8429,0.8323,0.8409,24830197.2
2025-10-01 16:00:00,0.841,0.8479,0.8329,0.8454,18364703.0
2025-10-01 20:00:00,0.8455,0.8512,0.8386,0.8508,15680146.9
2025-10-02 00:00:00,0.8508,0.8603,0.848,0.8549,18067692.9
2025-10-02 04:00:00,0.8549,0.8642,0.8502,0.8542,19458682.5
2025-10-02 08:00:00,0.8541,0.8576,0.8489,0.8502,16483540.4
2025-10-02 12:00:00,0.8501,0.8567,0.8361,0.8538,30481485.1
2025-10-02 16:00:00,0.8537,0.8778,0.8526,0.8743,35855346.5
2025-10-02 20:00:00,0.8744,0.8751,0.8646,0.8706,13790784.1
2025-10-03 00:00:00,0.8706,0.8712,0.8545,0.8618,17217427.5
2025-10-03 04:00:00,0.8617,0.8674,0.8538,0.857,12770802.6
2025-10-03 08:00:00,0.8569,0.8603,0.8513,0.8542,11096196.4
2025-10-03 12:00:00,0.8543,0.8742,0.8482,0.8734,22927752.2
2025-10-03 16:00:00,0.8734,0.8924,0.8575,0.8702,59435574.8
2025-10-03 20:00:00,0.8702,0.874,0.8647,0.8655,10183851.4
2025-10-04 00:00:00,0.8655,0.8688,0.8497,0.8545,13873837.3
2025-10-04 04:00:00,0.8545,0.8588,0.8519,0.8525,7569742.7
2025-10-04 08:00:00,0.8526,0.8536,0.8408,0.8432,13873505.3
2025-10-04 12:00:00,0.8432,0.8497,0.8331,0.8355,16092901.6
2025-10-04 16:00:00,0.8354,0.8423,0.8345,0.838,11448738.4
2025-10-04 20:00:00,0.8381,0.8439,0.8378,0.8395,8813717.7
2025-10-05 00:00:00,0.8395,0.8634,0.8351,0.8549,20735974.3
2025-10-05 04:00:00,0.8549,0.8781,0.8547,0.878,38576901.4
2025-10-05 08:00:00,0.8781,0.8826,0.8577,0.8631,35948512.7
2025-10-05 12:00:00,0.8631,0.8631,0.851,0.8538,14240661.0
2025-10-05 16:00:00,0.8537,0.8568,0.8269,0.8303,24465474.0
2025-10-05 20:00:00,0.8304,0.8406,0.8279,0.8371,15459530.5
2025-10-06 00:00:00,0.8372,0.8455,0.8317,0.8399,27666179.7
2025-10-06 04:00:00,0.8398,0.85,0.836,0.8428,17516431.1
2025-10-06 08:00:00,0.8429,0.8549,0.8429,0.8509,16820246.8
2025-10-06 12:00:00,0.8509,0.881,0.8509,0.8731,47973527.6
2025-10-06 16:00:00,0.8732,0.8806,0.8695,0.8775,33979393.4
2025-10-06 20:00:00,0.8775,0.8808,0.8667,0.8715,27623831.8
2025-10-07 00:00:00,0.8716,0.878,0.8669,0.8682,13050302.6
2025-10-07 04:00:00,0.8681,0.8747,0.8541,0.857,18441314.3
2025-10-07 08:00:00,0.857,0.8612,0.848,0.8596,16623048.8
2025-10-07 12:00:00,0.8595,0.8722,0.8281,0.8331,59468512.9
2025-10-07 16:00:00,0.8332,0.8407,0.8232,0.8254,36240816.8
2025-10-07 20:00:00,0.8255,0.835,0.817,0.8198,26961504.8
2025-10-08 00:00:00,0.8199,0.8297,0.8095,0.8128,22907594.0
2025-10-08 04:00:00,0.8129,0.8183,0.8079,0.8174,14978524.5
2025-10-08 08:00:00,0.8173,0.8273,0.8162,0.8215,15015775.2
2025-10-08 12:00:00,0.8215,0.83,0.8127,0.8183,21331587.1
2025-10-08 16:00:00,0.8183,0.8515,0.817,0.8396,26562253.1
2025-10-08 20:00:00,0.8396,0.8428,0.8344,0.8387,8820763.9
2025-10-09 00:00:00,0.8387,0.8396,0.8129,0.8213,18674936.8
2025-10-09 04:00:00,0.8213,0.8259,0.8137,0.8148,12249898.0
2025-10-09 08:00:00,0.8147,0.8153,0.8022,0.8127,31030714.8
2025-10-09 12:00:00,0.8126,0.8213,0.7979,0.8041,34142996.2
2025-10-09 16:00:00,0.804,0.8103,0.7939,0.8092,20952920.6
2025-10-09 20:00:00,0.8092,0.819,0.8068,0.8152,8572585.1
2025-10-10 00:00:00,0.8152,0.8219,0.8089,0.8158,12457153.0
2025-10-10 04:00:00,0.8157,0.8223,0.8101,0.8105,10766963.7
2025-10-10 08:00:00,0.8106,0.8194,0.8084,0.8175,8517339.8
2025-10-10 12:00:00,0.8175,0.8242,0.7768,0.7832,68308925.9
2025-10-10 16:00:00,0.7832,0.7897,0.7592,0.7674,55864854.6
2025-10-10 20:00:00,0.7674,0.7751,0.2737,0.6353,631285911.9
2025-10-11 00:00:00,0.6353,0.6736,0.6195,0.6474,153972054.9
2025-10-11 04:00:00,0.6475,0.6596,0.6412,0.6523,76968128.7
2025-10-11 08:00:00,0.6523,0.6832,0.6485,0.6662,61012480.8
2025-10-11 12:00:00,0.6662,0.6665,0.6401,0.6548,39287552.7
2025-10-11 16:00:00,0.6547,0.6586,0.624,0.6315,38468303.5
2025-10-11 20:00:00,0.6314,0.6349,0.6092,0.6316,50025692.1
2025-10-12 00:00:00,0.6316,0.6378,0.6176,0.6333,25664225.3
2025-10-12 04:00:00,0.6334,0.6512,0.6324,0.6469,17838501.4
2025-10-12 08:00:00,0.6468,0.6512,0.6382,0.6438,13831764.8
2025-10-12 12:00:00,0.6438,0.6842,0.637,0.6803,73743253.2
2025-10-12 16:00:00,0.6804,0.6995,0.6785,0.6988,46387049.2
2025-10-12 20:00:00,0.6988,0.7095,0.6863,0.7,33341955.1
2025-10-13 00:00:00,0.7001,0.7163,0.6949,0.7038,36280540.0
2025-10-13 04:00:00,0.7038,0.7255,0.6969,0.7171,38171316.3
2025-10-13 08:00:00,0.7172,0.7299,0.6917,0.7065,52067776.8
2025-10-13 12:00:00,0.7064,0.7273,0.7015,0.7158,62953496.8
2025-10-13 16:00:00,0.7158,0.7284,0.7082,0.7245,34458732.3
2025-10-13 20:00:00,0.7244,0.736,0.723,0.7284,19528876.6
2025-10-14 00:00:00,0.7284,0.7334,0.7105,0.7158,26684010.9
2025-10-14 04:00:00,0.7158,0.7184,0.6692,0.6778,74316381.6
2025-10-14 08:00:00,0.6777,0.6867,0.6626,0.677,44200469.1
2025-10-14 12:00:00,0.6771,0.6971,0.6619,0.696,67282733.8
2025-10-14 16:00:00,0.6961,0.709,0.6861,0.6943,52197301.0
2025-10-14 20:00:00,0.6943,0.7019,0.69,0.6989,26350731.2
2025-10-15 00:00:00,0.6988,0.7042,0.6873,0.6909,20812439.0
2025-10-15 04:00:00,0.691,0.7038,0.6881,0.7024,17094704.2
2025-10-15 08:00:00,0.7023,0.716,0.6866,0.6906,34926560.5
2025-10-15 12:00:00,0.6906,0.694,0.6688,0.6726,39135594.7
2025-10-15 16:00:00,0.6727,0.6768,0.6638,0.6695,24642477.1
2025-10-15 20:00:00,0.6696,0.673,0.6575,0.6684,23464006.0
2025-10-16 00:00:00,0.6685,0.6758,0.6659,0.6702,14858033.2
2025-10-16 04:00:00,0.6703,0.6765,0.6646,0.6707,16464309.5
2025-10-16 08:00:00,0.6707,0.6816,0.652,0.6802,35161230.5
2025-10-16 12:00:00,0.6802,0.6847,0.6486,0.6521,43942458.3
2025-10-16 16:00:00,0.6521,0.6646,0.6387,0.6434,66490843.7
2025-10-16 20:00:00,0.6434,0.6462,0.6332,0.6453,23135680.8
2025-10-17 00:00:00,0.6452,0.656,0.6436,0.652,16872345.6
2025-10-17 04:00:00,0.652,0.6523,0.6071,0.6092,61591305.0
2025-10-17 08:00:00,0.6091,0.622,0.5923,0.6171,87078933.0
2025-10-17 12:00:00,0.617,0.6257,0.6063,0.6255,57385431.5
2025-10-17 16:00:00,0.6256,0.6341,0.6201,0.624,31890275.9
2025-10-17 20:00:00,0.6241,0.6351,0.6225,0.6245,13961342.7
2025-10-18 00:00:00,0.6246,0.6368,0.623,0.6322,11736558.2
2025-10-18 04:00:00,0.6321,0.6391,0.6247,0.6319,14990254.2
2025-10-18 08:00:00,0.6319,0.6383,0.6301,0.6382,11075884.4
2025-10-18 12:00:00,0.6382,0.6409,0.6269,0.6321,8954119.8
2025-10-18 16:00:00,0.632,0.6377,0.626,0.6367,7556721.3
2025-10-18 20:00:00,0.6367,0.6392,0.6317,0.6343,5070964.0
2025-10-19 00:00:00,0.6342,0.6365,0.6278,0.6351,8135146.7
2025-10-19 04:00:00,0.6351,0.6358,0.6267,0.6303,5622974.3
2025-10-19 08:00:00,0.6302,0.65,0.6225,0.6427,39243611.7
2025-10-19 12:00:00,0.6427,0.6615,0.6382,0.6603,24665037.9
2025-10-19 16:00:00,0.6603,0.6652,0.6551,0.6593,19500985.5
2025-10-19 20:00:00,0.6594,0.6621,0.6508,0.6528,12452680.9
2025-10-20 00:00:00,0.6527,0.6651,0.6391,0.6627,26521735.4
2025-10-20 04:00:00,0.6628,0.676,0.6606,0.6699,25362119.4
2025-10-20 08:00:00,0.6698,0.6744,0.6621,0.6665,37898773.4
2025-10-20 12:00:00,0.6664,0.6714,0.6629,0.6643,21081773.9
2025-10-20 16:00:00,0.6642,0.6706,0.6537,0.6674,25994866.7
2025-10-20 20:00:00,0.6674,0.6707,0.662,0.6625,7875853.9
2025-10-21 00:00:00,0.6626,0.6635,0.6491,0.6508,13161190.7
2025-10-21 04:00:00,0.6508,0.651,0.6382,0.6438,22521708.3
2025-10-21 08:00:00,0.6437,0.6488,0.6369,0.6457,13654762.7
2025-10-21 12:00:00,0.6457,0.6855,0.6438,0.6804,44071731.1
2025-10-21 16:00:00,0.6804,0.684,0.6644,0.6688,33543656.8
2025-10-21 20:00:00,0.6689,0.67,0.6403,0.6428,27192889.7
2025-10-22 00:00:00,0.6428,0.6468,0.6376,0.6417,15973917.7
2025-10-22 04:00:00,0.6417,0.6448,0.6324,0.6375,16353670.8
2025-10-22 08:00:00,0.6374,0.6388,0.6231,0.6359,21344690.4
2025-10-22 12:00:00,0.6359,0.6435,0.6279,0.6355,38860323.1
2025-10-22 16:00:00,0.6356,0.6379,0.6221,0.6275,25979656.0
2025-10-22 20:00:00,0.6276,0.6292,0.6061,0.6238,37101374.5
2025-10-23 00:00:00,0.6238,0.63,0.6227,0.6272,12313854.9
2025-10-23 04:00:00,0.6272,0.6429,0.6263,0.6394,13831765.1
2025-10-23 08:00:00,0.6395,0.6433,0.6349,0.636,11518041.5
2025-10-23 12:00:00,0.636,0.6461,0.631,0.6426,22461534.9
2025-10-23 16:00:00,0.6427,0.654,0.6413,0.6453,20264647.8
2025-10-23 20:00:00,0.6452,0.6454,0.6366,0.6428,13159019.0
2025-10-24 00:00:00,0.6429,0.6473,0.6391,0.6406,9088992.5
2025-10-24 04:00:00,0.6405,0.655,0.6387,0.6495,21775175.9
2025-10-24 08:00:00,0.6496,0.6535,0.6432,0.6506,11829269.6
2025-10-24 12:00:00,0.6506,0.6643,0.6433,0.645,35535770.1
2025-10-24 16:00:00,0.6451,0.6558,0.6425,0.6548,11464367.9
2025-10-24 20:00:00,0.6548,0.6589,0.6542,0.656,9674166.5
2025-10-25 00:00:00,0.6559,0.6595,0.6529,0.6535,10351111.1
2025-10-25 04:00:00,0.6534,0.6582,0.6511,0.6517,6846061.6
2025-10-25 08:00:00,0.6517,0.6549,0.648,0.6539,4634460.6
2025-10-25 12:00:00,0.6539,0.6571,0.651,0.6528,8081800.6
2025-10-25 16:00:00,0.6529,0.6592,0.6517,0.6576,5074420.7
2025-10-25 20:00:00,0.6577,0.6589,0.6536,0.6542,5628743.4
2025-10-26 00:00:00,0.6542,0.6564,0.6466,0.6479,8470698.1
2025-10-26 04:00:00,0.6479,0.6563,0.6476,0.6556,4298224.6
2025-10-26 08:00:00,0.6555,0.6734,0.6555,0.6734,20936889.2
2025-10-26 12:00:00,0.6734,0.6804,0.6727,0.6778,22534609.9
2025-10-26 16:00:00,0.6777,0.6787,0.6721,0.6729,9646676.3
2025-10-26 20:00:00,0.6729,0.6884,0.6681,0.6812,26431019.4
2025-10-27 00:00:00,0.6812,0.6938,0.6796,0.6846,14803715.2
2025-10-27 04:00:00,0.6847,0.6912,0.6775,0.68,15762746.3
2025-10-27 08:00:00,0.68,0.6837,0.6717,0.6777,19391151.5
2025-10-27 12:00:00,0.6778,0.678,0.6657,0.6743,19530259.6
2025-10-27 16:00:00,0.6743,0.685,0.6739,0.6748,12187493.4
2025-10-27 20:00:00,0.6748,0.6748,0.6634,0.667,13447252.6
2025-10-28 00:00:00,0.6669,0.6722,0.6612,0.6651,12290459.3
2025-10-28 04:00:00,0.6651,0.6713,0.6564,0.6632,24785050.7
2025-10-28 08:00:00,0.6633,0.6675,0.6618,0.6625,11146828.5
2025-10-28 12:00:00,0.6624,0.6755,0.6519,0.6642,23680304.6
2025-10-28 16:00:00,0.6641,0.6716,0.6523,0.6546,13621093.3
2025-10-28 20:00:00,0.6546,0.6548,0.6359,0.6459,31127343.5
2025-10-29 00:00:00,0.6459,0.6476,0.641,0.6421,9785806.4
2025-10-29 04:00:00,0.642,0.647,0.6414,0.646,10879148.2
2025-10-29 08:00:00,0.6461,0.651,0.6398,0.6499,13650804.5
2025-10-29 12:00:00,0.6498,0.6551,0.6363,0.6389,20602434.9
2025-10-29 16:00:00,0.639,0.6604,0.6252,0.6502,65874055.8
2025-10-29 20:00:00,0.6503,0.6571,0.6367,0.6401,18475223.3
2025-10-30 00:00:00,0.6401,0.6486,0.6357,0.6448,8552266.6
2025-10-30 04:00:00,0.6447,0.6481,0.6205,0.6453,31354878.0
2025-10-30 08:00:00,0.6453,0.6454,0.6289,0.6291,12048083.9
2025-10-30 12:00:00,0.6291,0.63,0.6012,0.6031,51062863.8
2025-10-30 16:00:00,0.603,0.6079,0.5864,0.588,39051454.9
2025-10-30 20:00:00,0.588,0.6019,0.5867,0.6016,22592157.8
2025-10-31 00:00:00,0.6016,0.6118,0.6003,0.6101,16506921.9
2025-10-31 04:00:00,0.6101,0.6157,0.6097,0.6112,15907657.2
2025-10-31 08:00:00,0.6112,0.6172,0.6083,0.6168,13845178.0
2025-10-31 12:00:00,0.6167,0.62,0.6091,0.6127,21022943.3
2025-10-31 16:00:00,0.6126,0.6137,0.5978,0.6112,24930361.7
2025-10-31 20:00:00,0.6111,0.6115,0.6059,0.6091,7261367.9
2025-11-01 00:00:00,0.6091,0.6128,0.6033,0.6125,8948719.2
2025-11-01 04:00:00,0.6125,0.6146,0.6071,0.6139,6757003.0
2025-11-01 08:00:00,0.6139,0.6178,0.6113,0.6127,6969987.8
2025-11-01 12:00:00,0.6128,0.615,0.6052,0.6124,9948249.5
2025-11-01 16:00:00,0.6124,0.6147,0.6097,0.6136,6885182.9
2025-11-01 20:00:00,0.6137,0.6158,0.608,0.6128,5174582.9
2025-11-02 00:00:00,0.6129,0.613,0.608,0.6088,4230125.2
2025-11-02 04:00:00,0.6088,0.6189,0.6081,0.6177,7711775.4
2025-11-02 08:00:00,0.6177,0.6186,0.6054,0.6143,10171701.9
2025-11-02 12:00:00,0.6143,0.6144,0.597,0.5994,13223163.9
2025-11-02 16:00:00,0.5995,0.6015,0.5922,0.597,10470713.5
2025-11-02 20:00:00,0.597,0.6119,0.5954,0.6106,8007865.5
2025-11-03 00:00:00,0.6105,0.6122,0.5743,0.5754,28580173.1
2025-11-03 04:00:00,0.5753,0.5809,0.5666,0.5772,31903106.6
2025-11-03 08:00:00,0.5772,0.5854,0.5707,0.5758,26101196.3
2025-11-03 12:00:00,0.5757,0.5805,0.5259,0.5505,88040862.7
2025-11-03 16:00:00,0.5505,0.5693,0.5467,0.5552,33265721.7
2025-11-03 20:00:00,0.5553,0.5564,0.5421,0.5528,29673673.4
2025-11-04 00:00:00,0.5529,0.5628,0.5464,0.5615,18333126.7
2025-11-04 04:00:00,0.5615,0.5633,0.5304,0.5341,65618714.7
2025-11-04 08:00:00,0.5341,0.5485,0.5323,0.5462,34935265.0
2025-11-04 12:00:00,0.5461,0.5537,0.5323,0.5426,34554185.6
2025-11-04 16:00:00,0.5426,0.5466,0.508,0.5146,77621527.6
2025-11-04 20:00:00,0.5145,0.5264,0.4898,0.5208,105918127.3
2025-11-05 00:00:00,0.5208,0.5342,0.4947,0.5326,52512739.1
2025-11-05 04:00:00,0.5326,0.5377,0.5285,0.5344,16891108.7
2025-11-05 08:00:00,0.5344,0.5361,0.5231,0.535,22188773.8
2025-11-05 12:00:00,0.535,0.5489,0.534,0.5489,32369813.3
2025-11-05 16:00:00,0.5489,0.5503,0.5421,0.5436,25014950.7
2025-11-05 20:00:00,0.5436,0.5488,0.539,0.5453,16382276.2
2025-11-06 00:00:00,0.5453,0.5456,0.5347,0.543,15658966.8
2025-11-06 04:00:00,0.5431,0.5449,0.5327,0.5343,16618682.1
2025-11-06 08:00:00,0.5342,0.5388,0.5315,0.5353,13983692.0
2025-11-06 12:00:00,0.5353,0.5396,0.5214,0.5237,36592978.4
2025-11-06 16:00:00,0.5237,0.5322,0.5168,0.5284,23661700.7
2025-11-06 20:00:00,0.5284,0.5347,0.5228,0.5318,15455427.1
2025-11-07 00:00:00,0.5319,0.5413,0.5288,0.5407,22985302.9
2025-11-07 04:00:00,0.5407,0.5481,0.5357,0.5479,17522954.2
2025-11-07 08:00:00,0.5479,0.5499,0.5258,0.5311,25045621.9
2025-11-07 12:00:00,0.5311,0.5473,0.5196,0.5442,40459643.9
2025-11-07 16:00:00,0.5441,0.5856,0.542,0.5802,69129263.8
2025-11-07 20:00:00,0.5802,0.5863,0.5756,0.5763,19798538.7
2025-11-08 00:00:00,0.5763,0.5932,0.574,0.5823,27204388.9
2025-11-08 04:00:00,0.5824,0.5908,0.574,0.5825,20148891.5
2025-11-08 08:00:00,0.5825,0.5861,0.5719,0.5747,13680311.3
2025-11-08 12:00:00,0.5748,0.5782,0.5556,0.5574,18531141.2
2025-11-08 16:00:00,0.5574,0.5642,0.5539,0.5609,13433310.0
2025-11-08 20:00:00,0.5609,0.5694,0.5587,0.5688,6120909.1
2025-11-09 00:00:00,0.5688,0.5688,0.5478,0.5504,13100710.1
2025-11-09 04:00:00,0.5503,0.5636,0.5503,0.5629,10394842.0
2025-11-09 08:00:00,0.5629,0.5636,0.55,0.5627,10667667.2
2025-11-09 12:00:00,0.5627,0.5788,0.5607,0.5754,23626560.6
2025-11-09 16:00:00,0.5754,0.5834,0.5694,0.583,17205034.6
2025-11-09 20:00:00,0.583,0.5844,0.5734,0.579,16377537.2
2025-11-10 00:00:00,0.5789,0.5912,0.5737,0.5884,17693239.7
2025-11-10 04:00:00,0.5885,0.5919,0.585,0.5894,12559451.5
2025-11-10 08:00:00,0.5895,0.6031,0.5837,0.5959,20409153.1
2025-11-10 12:00:00,0.5959,0.601,0.5808,0.5849,22750434.0
2025-11-10 16:00:00,0.5848,0.5926,0.578,0.5883,15736460.9
2025-11-10 20:00:00,0.5883,0.5983,0.584,0.5928,13679093.6
2025-11-11 00:00:00,0.5929,0.6069,0.5866,0.5988,24033035.1
2025-11-11 04:00:00,0.5987,0.6004,0.5756,0.5759,19507868.5
2025-11-11 08:00:00,0.5759,0.5839,0.5747,0.5803,11183668.0
2025-11-11 12:00:00,0.5804,0.5842,0.5706,0.5722,18933592.1
2025-11-11 16:00:00,0.5722,0.5755,0.5591,0.5623,26329683.0
2025-11-11 20:00:00,0.5622,0.5644,0.5535,0.5564,15717398.0
2025-11-12 00:00:00,0.5565,0.562,0.5528,0.5606,10378864.9
2025-11-12 04:00:00,0.5607,0.5653,0.5559,0.5568,10703867.0
2025-11-12 08:00:00,0.5568,0.5746,0.5568,0.5738,12375138.2
2025-11-12 12:00:00,0.5737,0.5809,0.5562,0.558,23534198.4
2025-11-12 16:00:00,0.558,0.5598,0.5394,0.5436,32783999.5
2025-11-12 20:00:00,0.5436,0.551,0.5421,0.5458,9614401.3
2025-11-13 00:00:00,0.5457,0.564,0.5436,0.5588,13084957.0
2025-11-13 04:00:00,0.5588,0.571,0.5553,0.5647,18294462.3
2025-11-13 08:00:00,0.5647,0.5716,0.5622,0.5648,11345668.8
2025-11-13 12:00:00,0.5648,0.5688,0.5517,0.5541,28546532.0
2025-11-13 16:00:00,0.554,0.5547,0.519,0.5216,47301471.1
2025-11-13 20:00:00,0.5216,0.5348,0.5144,0.5298,31091206.9
2025-11-14 00:00:00,0.5298,0.5336,0.5236,0.5258,18146588.2
2025-11-14 04:00:00,0.5258,0.528,0.5066,0.5241,48272598.7
2025-11-14 08:00:00,0.5242,0.5242,0.5102,0.5132,20130286.5
2025-11-14 12:00:00,0.5132,0.5193,0.4998,0.5143,55332284.3
2025-11-14 16:00:00,0.5144,0.5208,0.5072,0.5159,20333698.5
2025-11-14 20:00:00,0.516,0.5161,0.4901,0.4984,28588210.0
2025-11-15 00:00:00,0.4984,0.5147,0.4979,0.5115,18231020.9
2025-11-15 04:00:00,0.5116,0.5154,0.5062,0.5101,30893384.5
2025-11-15 08:00:00,0.5101,0.5106,0.5,0.5019,26478606.8
2025-11-15 12:00:00,0.5018,0.5102,0.5007,0.5069,13141307.3
2025-11-15 16:00:00,0.5069,0.5115,0.5027,0.5078,11315520.8
2025-11-15 20:00:00,0.5078,0.508,0.4989,0.5036,9042288.3
2025-11-16 00:00:00,0.5035,0.5063,0.4925,0.5043,16930345.6
2025-11-16 04:00:00,0.5044,0.5062,0.4998,0.5053,9369538.4
2025-11-16 08:00:00,0.5052,0.5093,0.4957,0.4974,16629399.8
2025-11-16 12:00:00,0.4973,0.5,0.4823,0.4839,37509381.0
2025-11-16 16:00:00,0.4839,0.4905,0.4754,0.4813,50478413.2
2025-11-16 20:00:00,0.4813,0.488,0.4735,0.4845,43113062.6
2025-11-17 00:00:00,0.4845,0.4959,0.4791,0.4935,35727591.9
2025-11-17 04:00:00,0.4936,0.498,0.4902,0.496,18201580.4
2025-11-17 08:00:00,0.4961,0.4989,0.4912,0.4953,17061344.8
2025-11-17 12:00:00,0.4954,0.4997,0.4728,0.4757,63465679.6
2025-11-17 16:00:00,0.4756,0.4842,0.4597,0.4607,55717177.2
2025-11-17 20:00:00,0.4607,0.4667,0.4576,0.4663,33877909.7
2025-11-18 00:00:00,0.4664,0.4704,0.4562,0.4685,45386425.0
2025-11-18 04:00:00,0.4685,0.4718,0.4579,0.465,37671427.9
2025-11-18 08:00:00,0.465,0.4712,0.464,0.4689,29218642.2
2025-11-18 12:00:00,0.469,0.4776,0.4598,0.4741,39972895.9
2025-11-18 16:00:00,0.474,0.4823,0.4723,0.4783,29955851.7
2025-11-18 20:00:00,0.4783,0.4812,0.4715,0.4752,13411899.8
2025-11-19 00:00:00,0.4752,0.4775,0.4678,0.4687,22726105.8
2025-11-19 04:00:00,0.4687,0.4701,0.4531,0.4683,27591973.1
2025-11-19 08:00:00,0.4683,0.4708,0.4633,0.4657,16925883.6
2025-11-19 12:00:00,0.4657,0.4735,0.4561,0.4565,32328368.1
2025-11-19 16:00:00,0.4565,0.4598,0.4381,0.4415,52191217.1
2025-11-19 20:00:00,0.4416,0.4644,0.4403,0.464,37247489.4
2025-11-20 00:00:00,0.464,0.4699,0.4612,0.4668,18378664.5
2025-11-20 04:00:00,0.4667,0.471,0.4635,0.4703,17738177.4
2025-11-20 08:00:00,0.4703,0.471,0.4641,0.4662,12848036.9
2025-11-20 12:00:00,0.4663,0.4722,0.4551,0.4557,32308243.3
2025-11-20 16:00:00,0.4557,0.4565,0.4288,0.4359,76789256.4
2025-11-20 20:00:00,0.4359,0.4453,0.4311,0.4324,23577653.5
2025-11-21 00:00:00,0.4323,0.4397,0.4246,0.4302,41420956.6
2025-11-21 04:00:00,0.4301,0.4314,0.3912,0.4088,137009836.9
2025-11-21 08:00:00,0.4087,0.418,0.3983,0.3988,95156988.7
2025-11-21 12:00:00,0.3988,0.414,0.3876,0.401,88258711.0
2025-11-21 16:00:00,0.401,0.4177,0.396,0.4099,61612104.0
2025-11-21 20:00:00,0.4098,0.4143,0.3977,0.4091,28344712.6
2025-11-22 00:00:00,0.4091,0.4132,0.405,0.4073,16850355.1
2025-11-22 04:00:00,0.4072,0.4076,0.398,0.4058,16333105.6
2025-11-22 08:00:00,0.4058,0.4058,0.3961,0.4019,17379011.2
2025-11-22 12:00:00,0.4019,0.4019,0.3907,0.3983,26293212.2
2025-11-22 16:00:00,0.3983,0.4048,0.3979,0.4014,11048652.7
2025-11-22 20:00:00,0.4015,0.4109,0.3993,0.4046,10969369.8
2025-11-23 00:00:00,0.4045,0.4115,0.4016,0.4107,17219038.6
2025-11-23 04:00:00,0.4108,0.4157,0.406,0.4088,20132601.4
2025-11-23 08:00:00,0.4087,0.4132,0.4061,0.4096,16094630.4
2025-11-23 12:00:00,0.4096,0.4185,0.4088,0.4169,19796386.8
2025-11-23 16:00:00,0.4169,0.4183,0.4083,0.4132,24452164.2
2025-11-23 20:00:00,0.4133,0.4168,0.4077,0.4085,15266621.0
2025-11-24 00:00:00,0.4085,0.4202,0.404,0.4165,23923717.9
2025-11-24 04:00:00,0.4165,0.4218,0.4085,0.4132,24899425.2
2025-11-24 08:00:00,0.4132,0.414,0.4052,0.4083,17529795.8
2025-11-24 12:00:00,0.4083,0.4153,0.402,0.4129,31693844.9
2025-11-24 16:00:00,0.4129,0.4302,0.4127,0.4273,42564424.5
2025-11-24 20:00:00,0.4273,0.4342,0.4272,0.4276,16255751.1
2025-11-25 00:00:00,0.4276,0.4291,0.4219,0.4243,16847944.1
2025-11-25 04:00:00,0.4242,0.4276,0.4182,0.4184,11793997.2
2025-11-25 08:00:00,0.4183,0.4197,0.4131,0.4149,16584587.8
2025-11-25 12:00:00,0.4149,0.4174,0.4046,0.4109,29125669.1
2025-11-25 16:00:00,0.4109,0.4214,0.4105,0.417,23515252.9
2025-11-25 20:00:00,0.417,0.4263,0.4136,0.4218,18668363.4
2025-11-26 00:00:00,0.4219,0.4286,0.4207,0.4208,12736654.8
2025-11-26 04:00:00,0.4208,0.4251,0.4187,0.425,10038416.4
2025-11-26 08:00:00,0.4249,0.4251,0.4137,0.4152,11593280.6
2025-11-26 12:00:00,0.4151,0.4181,0.4104,0.4128,19972587.8
2025-11-26 16:00:00,0.4128,0.4358,0.4127,0.434,28579675.5
2025-11-26 20:00:00,0.434,0.4373,0.4312,0.4356,11768810.8
2025-11-27 00:00:00,0.4357,0.439,0.4325,0.4328,19755335.5
2025-11-27 04:00:00,0.4328,0.4356,0.4302,0.4339,10330082.0
2025-11-27 08:00:00,0.4338,0.4372,0.4287,0.4303,11168136.0
2025-11-27 12:00:00,0.4303,0.4337,0.4265,0.4332,10585375.6
2025-11-27 16:00:00,0.4332,0.4376,0.4304,0.436,10935779.4
2025-11-27 20:00:00,0.436,0.439,0.4315,0.4331,6895467.0
2025-11-28 00:00:00,0.433,0.4334,0.4217,0.4261,16303821.2
2025-11-28 04:00:00,0.4262,0.428,0.4225,0.4242,9248879.1
2025-11-28 08:00:00,0.4241,0.4371,0.4241,0.4259,17240228.3
2025-11-28 12:00:00,0.4258,0.4347,0.423,0.4326,28409029.6
2025-11-28 16:00:00,0.4326,0.4328,0.4148,0.4214,22313069.0
2025-11-28 20:00:00,0.4215,0.4229,0.4174,0.4199,9247404.2
2025-11-29 00:00:00,0.42,0.422,0.4162,0.4163,5878568.2
2025-11-29 04:00:00,0.4162,0.4187,0.4134,0.4154,10853641.2
2025-11-29 08:00:00,0.4153,0.4192,0.4137,0.4185,6744520.3
2025-11-29 12:00:00,0.4185,0.421,0.4155,0.4202,11725671.0
2025-11-29 16:00:00,0.4202,0.4216,0.4114,0.4149,10137531.2
2025-11-29 20:00:00,0.4149,0.4183,0.4133,0.4147,6023525.4
2025-11-30 00:00:00,0.4147,0.4204,0.4135,0.42,14843761.5
2025-11-30 04:00:00,0.4201,0.4205,0.415,0.4185,6248417.8
2025-11-30 08:00:00,0.4185,0.4219,0.4168,0.4176,10069612.4
2025-11-30 12:00:00,0.4175,0.4263,0.4171,0.4229,11312815.7
2025-11-30 16:00:00,0.4229,0.4274,0.4227,0.4251,8311704.2
2025-11-30 20:00:00,0.4251,0.4269,0.4142,0.4143,11219337.4
2025-12-01 00:00:00,0.4142,0.4158,0.384,0.3862,87748453.9
2025-12-01 04:00:00,0.3861,0.3891,0.3811,0.3886,27144065.0
2025-12-01 08:00:00,0.3886,0.3889,0.3823,0.3827,14599042.8
2025-12-01 12:00:00,0.3827,0.3844,0.3707,0.3762,46986217.2
2025-12-01 16:00:00,0.3763,0.3792,0.3715,0.3764,17650911.1
2025-12-01 20:00:00,0.3763,0.3877,0.3762,0.3856,15242486.8
2025-12-02 00:00:00,0.3856,0.392,0.3848,0.3913,14162561.1
2025-12-02 04:00:00,0.3913,0.3937,0.3888,0.3894,10927943.0
2025-12-02 08:00:00,0.3894,0.3949,0.3854,0.3939,15639341.7
2025-12-02 12:00:00,0.3938,0.4312,0.3929,0.4283,52090385.6
2025-12-02 16:00:00,0.4284,0.438,0.4259,0.4345,40761812.4
2025-12-02 20:00:00,0.4346,0.439,0.4323,0.4335,26736599.4
2025-12-03 00:00:00,0.4335,0.4389,0.4298,0.4381,19349044.5
2025-12-03 04:00:00,0.4381,0.4472,0.4354,0.4429,25091458.8
2025-12-03 08:00:00,0.4428,0.447,0.4356,0.437,13357937.6
2025-12-03 12:00:00,0.437,0.4414,0.4265,0.4342,33363638.1
2025-12-03 16:00:00,0.4343,0.4454,0.4317,0.445,16131424.6
2025-12-03 20:00:00,0.445,0.4541,0.4438,0.4499,23113699.8
2025-12-04 00:00:00,0.45,0.4558,0.4469,0.4494,19092793.3
2025-12-04 04:00:00,0.4494,0.454,0.4451,0.4518,20309415.7
2025-12-04 08:00:00,0.4518,0.4527,0.4443,0.4464,12644020.1
2025-12-04 12:00:00,0.4463,0.4529,0.4396,0.4506,22998115.5
2025-12-04 16:00:00,0.4507,0.452,0.4346,0.4414,18301644.8
2025-12-04 20:00:00,0.4415,0.4438,0.4376,0.4394,10203497.9
2025-12-05 00:00:00,0.4394,0.4429,0.4381,0.4397,8917019.7
2025-12-05 04:00:00,0.4396,0.4424,0.436,0.4416,11836135.2
2025-12-05 08:00:00,0.4416,0.4416,0.428,0.4304,14337394.2
2025-12-05 12:00:00,0.4304,0.4325,0.4232,0.4262,23219209.3
2025-12-05 16:00:00,0.4262,0.4264,0.4091,0.4161,31386170.0
2025-12-05 20:00:00,0.4161,0.4171,0.4128,0.4157,7923889.8
2025-12-06 00:00:00,0.4156,0.4178,0.4121,0.4167,6070459.7
2025-12-06 04:00:00,0.4166,0.417,0.4102,0.4117,5599056.7
2025-12-06 08:00:00,0.4117,0.4153,0.4099,0.4149,4755836.7
2025-12-06 12:00:00,0.4148,0.4167,0.4117,0.4148,12219158.1
2025-12-06 16:00:00,0.4147,0.4213,0.4121,0.413,12991197.7
2025-12-06 20:00:00,0.413,0.4169,0.4111,0.4138,5843295.3
2025-12-07 00:00:00,0.4138,0.4197,0.4135,0.4193,6029526.5
2025-12-07 04:00:00,0.4193,0.4207,0.4139,0.4173,10497721.3
2025-12-07 08:00:00,0.4174,0.4196,0.4143,0.415,5632851.8
2025-12-07 12:00:00,0.4149,0.4202,0.4057,0.4199,34570806.1
2025-12-07 16:00:00,0.4199,0.435,0.4181,0.4319,27573999.3
2025-12-07 20:00:00,0.4319,0.4332,0.411,0.4173,20152455.3
2025-12-08 00:00:00,0.4174,0.4271,0.4144,0.4228,12303123.6
2025-12-08 04:00:00,0.4229,0.4303,0.4226,0.4291,7729841.6
2025-12-08 08:00:00,0.4291,0.4391,0.4283,0.4317,27273650.7
2025-12-08 12:00:00,0.4317,0.44,0.43,0.4353,28146980.7
2025-12-08 16:00:00,0.4353,0.4414,0.4301,0.4343,20310375.6
2025-12-08 20:00:00,0.4344,0.4374,0.4296,0.4328,9667229.1
2025-12-09 00:00:00,0.4328,0.4347,0.4269,0.432,10179127.9
2025-12-09 04:00:00,0.4321,0.4326,0.424,0.4277,12282459.1
2025-12-09 08:00:00,0.4276,0.444,0.4239,0.4379,31383785.7
2025-12-09 12:00:00,0.4379,0.4697,0.4368,0.4672,95003073.1
2025-12-09 16:00:00,0.4671,0.4842,0.4671,0.4767,70501698.7
2025-12-09 20:00:00,0.4767,0.4817,0.4642,0.4697,36960590.7
2025-12-10 00:00:00,0.4697,0.4719,0.4618,0.4626,18280979.4
2025-12-10 04:00:00,0.4626,0.4658,0.4583,0.4614,22330377.0
2025-12-10 08:00:00,0.4613,0.4761,0.4595,0.4657,59834622.1
2025-12-10 12:00:00,0.4657,0.4664,0.461,0.4619,16923637.9
2025-12-10 16:00:00,0.4619,0.4711,0.4572,0.4649,35715098.4
2025-12-10 20:00:00,0.465,0.4747,0.4522,0.4536,35488808.6
2025-12-11 00:00:00,0.4536,0.455,0.4291,0.4297,35717713.1
2025-12-11 04:00:00,0.4297,0.4346,0.4247,0.4267,29462647.3
2025-12-11 08:00:00,0.4268,0.4268,0.4196,0.4205,34907477.9
2025-12-11 12:00:00,0.4204,0.4216,0.4117,0.4175,79659705.1
2025-12-11 16:00:00,0.4175,0.4223,0.4093,0.4176,40183985.5
2025-12-11 20:00:00,0.4176,0.428,0.4171,0.4255,35092832.2
2025-12-12 00:00:00,0.4255,0.4272,0.4176,0.4226,18282688.6
2025-12-12 04:00:00,0.4225,0.4293,0.4194,0.4263,15658185.2
2025-12-12 08:00:00,0.4263,0.4275,0.4213,0.4245,12070543.4
2025-12-12 12:00:00,0.4244,0.4272,0.4065,0.4084,32057672.8
2025-12-12 16:00:00,0.4083,0.4158,0.4035,0.4096,57787769.7
2025-12-12 20:00:00,0.4095,0.4115,0.4079,0.4091,9741106.6
2025-12-13 00:00:00,0.409,0.4119,0.409,0.4091,5513351.4
2025-12-13 04:00:00,0.4092,0.4122,0.4081,0.4105,9353215.8
2025-12-13 08:00:00,0.4105,0.4157,0.41,0.4123,6612582.3
2025-12-13 12:00:00,0.4122,0.4147,0.4105,0.4132,6875137.7
2025-12-13 16:00:00,0.4131,0.4144,0.4089,0.4102,7108568.0
2025-12-13 20:00:00,0.4103,0.4115,0.4061,0.4105,8001647.9
2025-12-14 00:00:00,0.4106,0.4116,0.4087,0.4098,5938208.1
2025-12-14 04:00:00,0.4097,0.4102,0.4062,0.4078,8778264.5
2025-12-14 08:00:00,0.4078,0.4097,0.3976,0.4034,19068591.3
2025-12-14 12:00:00,0.4034,0.4051,0.397,0.3993,23580736.5
2025-12-14 16:00:00,0.3993,0.4026,0.3956,0.3986,18543680.4
2025-12-14 20:00:00,0.3986,0.4003,0.3915,0.3963,17668643.0
2025-12-15 00:00:00,0.3963,0.4077,0.3956,0.4015,12809469.4
2025-12-15 04:00:00,0.4015,0.4065,0.4013,0.4022,7398168.6
2025-12-15 08:00:00,0.4022,0.4059,0.4004,0.403,9044500.6
2025-12-15 12:00:00,0.403,0.4053,0.3822,0.3855,42293085.0
2025-12-15 16:00:00,0.3855,0.3905,0.3773,0.3847,32069947.6
2025-12-15 20:00:00,0.3847,0.3884,0.3797,0.3882,13072788.4
2025-12-16 00:00:00,0.3882,0.39,0.38,0.3828,15264006.6
2025-12-16 04:00:00,0.3827,0.3853,0.3775,0.3804,13853321.5
2025-12-16 08:00:00,0.3803,0.3907,0.3799,0.3881,15501271.1
2025-12-16 12:00:00,0.3881,0.3916,0.3783,0.3901,33445233.8
2025-12-16 16:00:00,0.3901,0.3908,0.3839,0.3872,10240855.0
2025-12-16 20:00:00,0.3871,0.3885,0.3845,0.3859,5867043.2
2025-12-17 00:00:00,0.3859,0.3879,0.3823,0.3834,6457488.6
2025-12-17 04:00:00,0.3835,0.3838,0.3762,0.3809,14632735.8
2025-12-17 08:00:00,0.3809,0.3811,0.3768,0.3806,6560407.4
2025-12-17 12:00:00,0.3806,0.4001,0.3784,0.382,48446393.7
2025-12-17 16:00:00,0.3819,0.3849,0.3639,0.3688,47412941.7
2025-12-17 20:00:00,0.3688,0.372,0.3647,0.3673,11390655.0
2025-12-18 00:00:00,0.3673,0.3688,0.3628,0.365,12703211.4
2025-12-18 04:00:00,0.365,0.3668,0.3607,0.3623,13686371.5
2025-12-18 08:00:00,0.3623,0.3659,0.3616,0.3648,20268567.4
2025-12-18 12:00:00,0.3648,0.3794,0.3636,0.3731,36390711.4
2025-12-18 16:00:00,0.3732,0.3736,0.3468,0.3478,54537462.0
2025-12-18 20:00:00,0.3477,0.3555,0.3472,0.3514,16875476.8
2025-12-19 00:00:00,0.3513,0.363,0.3466,0.3597,26315403.3
2025-12-19 04:00:00,0.3597,0.3696,0.3595,0.3665,15581137.6
2025-12-19 08:00:00,0.3665,0.3675,0.3647,0.3662,10048802.9
2025-12-19 12:00:00,0.3663,0.379,0.365,0.3711,23915526.5
2025-12-19 16:00:00,0.3711,0.3809,0.3692,0.3781,25369485.9
2025-12-19 20:00:00,0.3781,0.3807,0.3751,0.3767,10018877.7
2025-12-20 00:00:00,0.3767,0.3772,0.3734,0.3743,6294552.5
2025-12-20 04:00:00,0.3743,0.3752,0.3723,0.3744,5974995.8
2025-12-20 08:00:00,0.3744,0.3806,0.3744,0.3786,10387243.3
2025-12-20 12:00:00,0.3786,0.3795,0.3744,0.3775,8649507.6
2025-12-20 16:00:00,0.3776,0.3781,0.3751,0.3755,6957673.2
2025-12-20 20:00:00,0.3755,0.3765,0.3727,0.373,6795275.2
2025-12-21 00:00:00,0.3731,0.3739,0.3675,0.3696,8734249.0
2025-12-21 04:00:00,0.3696,0.3696,0.367,0.3674,7041989.1
2025-12-21 08:00:00,0.3675,0.3747,0.3666,0.37,16185145.4
2025-12-21 12:00:00,0.3701,0.3724,0.3576,0.361,27047968.3
2025-12-21 16:00:00,0.361,0.3658,0.36,0.3651,10819787.2
2025-12-21 20:00:00,0.3652,0.3684,0.3592,0.3662,10212627.8
2025-12-22 00:00:00,0.3662,0.3754,0.3619,0.3673,26961454.0
2025-12-22 04:00:00,0.3673,0.3699,0.365,0.3684,10617474.4
2025-12-22 08:00:00,0.3684,0.3721,0.3669,0.3709,12276191.0
2025-12-22 12:00:00,0.3709,0.3822,0.3709,0.3793,30851899.9
2025-12-22 16:00:00,0.3794,0.3815,0.3678,0.3685,20678484.9
2025-12-22 20:00:00,0.3684,0.3736,0.3658,0.3711,13631668.2
2025-12-23 00:00:00,0.3712,0.3744,0.3658,0.3686,9935418.3
2025-12-23 04:00:00,0.3685,0.3695,0.3633,0.3641,10824685.4
2025-12-23 08:00:00,0.3641,0.3691,0.3623,0.3673,11214793.0
2025-12-23 12:00:00,0.3674,0.3674,0.3552,0.361,31085543.8
2025-12-23 16:00:00,0.3609,0.3652,0.3593,0.3614,15054593.9
2025-12-23 20:00:00,0.3615,0.3662,0.3604,0.3628,9274577.5
2025-12-24 00:00:00,0.3629,0.3652,0.3569,0.3602,15354038.5
2025-12-24 04:00:00,0.3602,0.3621,0.354,0.3558,18740392.0
2025-12-24 08:00:00,0.3559,0.3595,0.3544,0.3587,8341155.2
2025-12-24 12:00:00,0.3588,0.3596,0.3523,0.3556,13888529.5
2025-12-24 16:00:00,0.3556,0.3583,0.3538,0.3561,14229074.7
2025-12-24 20:00:00,0.3562,0.3588,0.3548,0.3566,10129582.2
2025-12-25 00:00:00,0.3566,0.3609,0.3547,0.3605,6959053.0
2025-12-25 04:00:00,0.3605,0.3614,0.3586,0.359,7852547.9
2025-12-25 08:00:00,0.359,0.3609,0.3498,0.3511,19766797.8
2025-12-25 12:00:00,0.351,0.3593,0.3495,0.3572,24931420.9
2025-12-25 16:00:00,0.3573,0.36,0.3531,0.3596,21611477.1
2025-12-25 20:00:00,0.3595,0.3599,0.3393,0.3434,36260460.6
2025-12-26 00:00:00,0.3434,0.3584,0.3418,0.3533,34954916.5
2025-12-26 04:00:00,0.3533,0.3576,0.351,0.3521,26453469.5
2025-12-26 08:00:00,0.3522,0.3563,0.3518,0.3551,8601189.8
2025-12-26 12:00:00,0.3552,0.358,0.3455,0.3469,26470240.7
2025-12-26 16:00:00,0.3469,0.3511,0.3443,0.3501,15866905.9
2025-12-26 20:00:00,0.3501,0.3512,0.3488,0.3496,5787469.0
2025-12-27 00:00:00,0.3496,0.3558,0.3488,0.3547,8548357.4
2025-12-27 04:00:00,0.3547,0.355,0.3521,0.3523,8804038.3
2025-12-27 08:00:00,0.3523,0.3555,0.3521,0.3552,10092139.1
2025-12-27 12:00:00,0.3553,0.359,0.3553,0.357,12053644.1
2025-12-27 16:00:00,0.3571,0.3582,0.3557,0.3577,6581809.2
2025-12-27 20:00:00,0.3577,0.3711,0.3577,0.37,28434754.0
2025-12-28 00:00:00,0.3699,0.3711,0.3677,0.3699,12363358.3
2025-12-28 04:00:00,0.3699,0.3771,0.369,0.374,19190645.2
2025-12-28 08:00:00,0.3741,0.3753,0.3698,0.3715,12256661.6
2025-12-28 12:00:00,0.3715,0.3724,0.3686,0.3695,10466118.6
2025-12-28 16:00:00,0.3696,0.3715,0.3614,0.3627,17589384.3
2025-12-28 20:00:00,0.3627,0.3692,0.3616,0.3688,18107284.1
2025-12-29 00:00:00,0.3689,0.383,0.3668,0.3811,41990298.7
2025-12-29 04:00:00,0.3811,0.3847,0.3737,0.3759,23998334.8
2025-12-29 08:00:00,0.3759,0.3777,0.3674,0.3693,18168378.6
2025-12-29 12:00:00,0.3693,0.3697,0.3621,0.3656,26996056.4
2025-12-29 16:00:00,0.3656,0.3657,0.3528,0.353,27622041.5
2025-12-29 20:00:00,0.353,0.3555,0.3506,0.3532,14763308.7
2025-12-30 00:00:00,0.3531,0.3555,0.3481,0.3526,25321234.9
2025-12-30 04:00:00,0.3526,0.354,0.3508,0.3521,12759888.9
2025-12-30 08:00:00,0.3522,0.3568,0.352,0.3523,13812061.7
2025-12-30 12:00:00,0.3523,0.3568,0.3503,0.3543,19616862.9
2025-12-30 16:00:00,0.3543,0.3557,0.3496,0.3513,13661637.1
2025-12-30 20:00:00,0.3512,0.352,0.3488,0.3514,10610195.5
2025-12-31 00:00:00,0.3513,0.3536,0.3494,0.3518,13239069.5
2025-12-31 04:00:00,0.3518,0.3538,0.3501,0.3511,19783392.8
2025-12-31 08:00:00,0.3512,0.3524,0.3489,0.352,9238617.9
2025-12-31 12:00:00,0.352,0.3521,0.3405,0.3424,26555390.1
2025-12-31 16:00:00,0.3425,0.3427,0.3294,0.3321,43979358.3
2025-12-31 20:00:00,0.3322,0.3349,0.3304,0.3335,19250886.9
2026-01-01 00:00:00,0.3336,0.3355,0.3322,0.3327,16338534.5
2026-01-01 04:00:00,0.3328,0.3386,0.332,0.3365,16514617.9
2026-01-01 08:00:00,0.3365,0.3411,0.3363,0.3407,9997024.9
2026-01-01 12:00:00,0.3407,0.3493,0.3393,0.3471,15945197.0
2026-01-01 16:00:00,0.3472,0.3584,0.3456,0.3581,27043251.2
2026-01-01 20:00:00,0.3581,0.361,0.3553,0.3565,19492882.7
2026-01-02 00:00:00,0.3565,0.3635,0.3544,0.3622,16392468.4
2026-01-02 04:00:00,0.3623,0.3639,0.3553,0.3556,12149559.4
2026-01-02 08:00:00,0.3557,0.3678,0.3556,0.3606,28639415.9
2026-01-02 12:00:00,0.3607,0.3747,0.3584,0.3716,47895340.7
2026-01-02 16:00:00,0.3717,0.3936,0.3717,0.3884,81157304.1
2026-01-02 20:00:00,0.3885,0.3963,0.3847,0.3949,26879046.1
2026-01-03 00:00:00,0.3949,0.3992,0.3913,0.3984,23155615.7
2026-01-03 04:00:00,0.3983,0.399,0.383,0.3842,30746251.0
2026-01-03 08:00:00,0.3843,0.389,0.3826,0.3845,15253069.3
2026-01-03 12:00:00,0.3845,0.3911,0.3836,0.3862,15473893.0
2026-01-03 16:00:00,0.3863,0.3898,0.3856,0.3886,7040302.5
2026-01-03 20:00:00,0.3886,0.3909,0.3858,0.3893,6915796.8
2026-01-04 00:00:00,0.3893,0.4004,0.3887,0.3995,22734840.2
2026-01-04 04:00:00,0.3995,0.402,0.3939,0.3962,17626043.5
2026-01-04 08:00:00,0.3963,0.4055,0.3929,0.4014,26060882.7
2026-01-04 12:00:00,0.4014,0.4045,0.3958,0.3988,19518833.1
2026-01-04 16:00:00,0.3989,0.4043,0.3955,0.3988,20822279.5
2026-01-04 20:00:00,0.3988,0.4026,0.3969,0.4007,13980546.5
2026-01-05 00:00:00,0.4006,0.408,0.398,0.4033,30408484.1
2026-01-05 04:00:00,0.4032,0.4035,0.3939,0.401,21385171.7
2026-01-05 08:00:00,0.4011,0.4041,0.3959,0.4,20408627.3
2026-01-05 12:00:00,0.4,0.4143,0.397,0.4127,36196887.4
2026-01-05 16:00:00,0.4127,0.4197,0.4068,0.4175,45439350.5
2026-01-05 20:00:00,0.4176,0.425,0.417,0.4211,27941729.1
2026-01-06 00:00:00,0.4211,0.4309,0.4178,0.4259,27168776.0
2026-01-06 04:00:00,0.4259,0.4271,0.4141,0.4147,26265682.9
2026-01-06 08:00:00,0.4148,0.4226,0.4148,0.4223,13678320.5
2026-01-06 12:00:00,0.4223,0.4374,0.4177,0.4202,58594571.7
2026-01-06 16:00:00,0.4201,0.4211,0.4011,0.4075,44277405.3
2026-01-06 20:00:00,0.4074,0.4221,0.4074,0.4194,18844050.5
2026-01-07 00:00:00,0.4194,0.4195,0.409,0.4121,10958657.8
2026-01-07 04:00:00,0.4121,0.4189,0.4096,0.4188,9777569.9
2026-01-07 08:00:00,0.4189,0.4228,0.4093,0.415,19354074.1
2026-01-07 12:00:00,0.415,0.4157,0.4004,0.4029,30963289.5
2026-01-07 16:00:00,0.4029,0.4078,0.4004,0.403,13069761.1
2026-01-07 20:00:00,0.403,0.4046,0.3976,0.4022,12343925.6
2026-01-08 00:00:00,0.4023,0.4049,0.3955,0.3978,14540556.4
2026-01-08 04:00:00,0.3978,0.4021,0.3891,0.3953,24957310.4
2026-01-08 08:00:00,0.3954,0.3972,0.3868,0.3905,21130017.3
2026-01-08 12:00:00,0.3906,0.3955,0.3849,0.3954,24998105.1
2026-01-08 16:00:00,0.3953,0.3979,0.3903,0.3932,16640314.1
2026-01-08 20:00:00,0.3932,0.399,0.3896,0.3956,11111368.1
2026-01-09 00:00:00,0.3957,0.4007,0.3946,0.3985,11968129.4
2026-01-09 04:00:00,0.3985,0.3998,0.394,0.3971,6151796.3
2026-01-09 08:00:00,0.3972,0.3977,0.3896,0.3918,12610890.5
2026-01-09 12:00:00,0.3918,0.4052,0.3874,0.3971,30189522.2
2026-01-09 16:00:00,0.3972,0.4045,0.3889,0.3902,15468262.4
2026-01-09 20:00:00,0.3902,0.3939,0.3895,0.3914,8192263.9
2026-01-10 00:00:00,0.3914,0.3915,0.3867,0.3892,8332915.8
2026-01-10 04:00:00,0.3891,0.3894,0.3846,0.3881,6576502.2
2026-01-10 08:00:00,0.3881,0.3915,0.387,0.3912,7148736.6
2026-01-10 12:00:00,0.3911,0.3925,0.3888,0.3897,5147164.5
2026-01-10 16:00:00,0.3896,0.3919,0.3885,0.3913,3766252.5
2026-01-10 20:00:00,0.3913,0.3915,0.3856,0.3886,6419064.1
2026-01-11 00:00:00,0.3886,0.3921,0.3877,0.3905,3994627.6
2026-01-11 04:00:00,0.3906,0.392,0.3889,0.3914,4350831.7
2026-01-11 08:00:00,0.3913,0.3933,0.3897,0.3919,6784618.3
2026-01-11 12:00:00,0.392,0.3972,0.3888,0.3906,19475087.4
2026-01-11 16:00:00,0.3906,0.3961,0.3903,0.3925,12883713.3
2026-01-11 20:00:00,0.3924,0.3929,0.3839,0.391,23814792.4
2026-01-12 00:00:00,0.391,0.4036,0.3857,0.3974,25806717.2
2026-01-12 04:00:00,0.3975,0.4013,0.3899,0.3904,12811957.7
2026-01-12 08:00:00,0.3904,0.3928,0.3848,0.3874,15845861.6
2026-01-12 12:00:00,0.3875,0.395,0.3815,0.3945,30655372.0
2026-01-12 16:00:00,0.3944,0.3995,0.3907,0.3934,23930784.4
2026-01-12 20:00:00,0.3933,0.3953,0.3838,0.3862,21102069.7
2026-01-13 00:00:00,0.3862,0.389,0.385,0.3868,7436059.5
2026-01-13 04:00:00,0.3869,0.3958,0.3864,0.39,11781244.6
2026-01-13 08:00:00,0.3899,0.3955,0.3897,0.3923,11262846.5
2026-01-13 12:00:00,0.3923,0.4064,0.3908,0.4062,33665771.6
2026-01-13 16:00:00,0.4061,0.411,0.405,0.4103,38376797.3
2026-01-13 20:00:00,0.4104,0.4267,0.4066,0.4218,59108134.1
2026-01-14 00:00:00,0.4219,0.426,0.4198,0.4259,28088551.6
2026-01-14 04:00:00,0.4259,0.4273,0.4182,0.4238,29666104.6
2026-01-14 08:00:00,0.4238,0.4254,0.4133,0.4139,12564062.9
2026-01-14 12:00:00,0.414,0.4232,0.4113,0.4201,30676674.5
2026-01-14 16:00:00,0.4202,0.4241,0.4097,0.4149,32390509.2
2026-01-14 20:00:00,0.415,0.4177,0.4104,0.4143,14951760.1
2026-01-15 00:00:00,0.4144,0.4144,0.3992,0.4002,24085842.1
2026-01-15 04:00:00,0.4003,0.4055,0.3997,0.4045,13772863.2
2026-01-15 08:00:00,0.4044,0.4067,0.4011,0.4048,18504906.3
2026-01-15 12:00:00,0.4048,0.4107,0.3934,0.3997,42198937.8
2026-01-15 16:00:00,0.3996,0.401,0.3894,0.3925,27128447.6
2026-01-15 20:00:00,0.3925,0.3946,0.3891,0.3936,12139359.8
2026-01-16 00:00:00,0.3937,0.3944,0.3897,0.3915,9633510.2
2026-01-16 04:00:00,0.3914,0.3945,0.3885,0.3926,9712138.2
2026-01-16 08:00:00,0.3926,0.3938,0.3904,0.3927,8027445.3
2026-01-16 12:00:00,0.3928,0.3929,0.3788,0.3816,32585618.1
2026-01-16 16:00:00,0.3816,0.388,0.3803,0.3868,18866894.2
2026-01-16 20:00:00,0.3868,0.3987,0.3849,0.3955,25770432.2
2026-01-17 00:00:00,0.3956,0.3974,0.3935,0.3946,9761324.3
2026-01-17 04:00:00,0.3945,0.3969,0.3937,0.3956,4540790.6
2026-01-17 08:00:00,0.3956,0.3971,0.3946,0.3948,6121053.4
2026-01-17 12:00:00,0.3947,0.4027,0.3945,0.4026,12294376.1
2026-01-17 16:00:00,0.4026,0.4042,0.3987,0.4002,10391796.0
2026-01-17 20:00:00,0.4002,0.4022,0.395,0.3973,7444033.6
2026-01-18 00:00:00,0.3973,0.3988,0.3928,0.3956,10690040.4
2026-01-18 04:00:00,0.3956,0.396,0.3932,0.3942,4703396.2
2026-01-18 08:00:00,0.3942,0.3948,0.392,0.3929,10348989.8
2026-01-18 12:00:00,0.3929,0.3953,0.3894,0.3924,12690215.9
2026-01-18 16:00:00,0.3925,0.3962,0.39,0.3927,9040321.0
2026-01-18 20:00:00,0.3926,0.3971,0.3747,0.3758,31784561.9
2026-01-19 00:00:00,0.3757,0.3757,0.3421,0.3656,126522019.3
2026-01-19 04:00:00,0.3655,0.3669,0.3606,0.3641,39713108.6
2026-01-19 08:00:00,0.3641,0.373,0.3634,0.3693,58218012.2
2026-01-19 12:00:00,0.3692,0.3706,0.3652,0.3668,14746516.5
2026-01-19 16:00:00,0.3668,0.373,0.3664,0.371,9648324.8
2026-01-19 20:00:00,0.371,0.3726,0.367,0.3703,10269968.9
2026-01-20 00:00:00,0.3703,0.3706,0.3655,0.3666,9908833.2
2026-01-20 04:00:00,0.3665,0.3689,0.3638,0.366,37193520.1
2026-01-20 08:00:00,0.3661,0.3667,0.3574,0.3578,39853156.6
2026-01-20 12:00:00,0.3578,0.3641,0.3558,0.3594,43652405.5
2026-01-20 16:00:00,0.3593,0.3604,0.3499,0.3524,25694899.2
2026-01-20 20:00:00,0.3524,0.3543,0.3467,0.3507,19606748.9
2026-01-21 00:00:00,0.3506,0.361,0.3504,0.3582,14415549.6
2026-01-21 04:00:00,0.3583,0.363,0.3577,0.3597,11533903.4
2026-01-21 08:00:00,0.3597,0.3597,0.3544,0.3548,9452932.0
2026-01-21 12:00:00,0.3548,0.3639,0.3501,0.3624,47622584.8
2026-01-21 16:00:00,0.3625,0.3676,0.3466,0.3674,36135055.6
2026-01-21 20:00:00,0.3674,0.3739,0.3624,0.3659,27978431.1
2026-01-22 00:00:00,0.366,0.369,0.3633,0.364,13843100.0
2026-01-22 04:00:00,0.3639,0.3675,0.3634,0.3635,15868306.5
2026-01-22 08:00:00,0.3635,0.3664,0.3627,0.3637,8997956.2
2026-01-22 12:00:00,0.3638,0.3663,0.3554,0.3585,16380229.1
2026-01-22 16:00:00,0.3585,0.3633,0.3583,0.3615,10232837.9
2026-01-22 20:00:00,0.3615,0.3619,0.3577,0.3594,6222181.2
2026-01-23 00:00:00,0.3594,0.3634,0.3585,0.362,7413208.2
2026-01-23 04:00:00,0.362,0.3652,0.359,0.3613,9616072.7
2026-01-23 08:00:00,0.3612,0.3616,0.3576,0.36,11144005.1
2026-01-23 12:00:00,0.36,0.3615,0.3525,0.3604,15738702.4
2026-01-23 16:00:00,0.3604,0.3707,0.3597,0.3615,22952931.3
2026-01-23 20:00:00,0.3616,0.3628,0.3573,0.3602,8502690.5
2026-01-24 00:00:00,0.3603,0.3624,0.3584,0.3618,5361270.1
2026-01-24 04:00:00,0.3618,0.3625,0.3595,0.3596,4290913.3
2026-01-24 08:00:00,0.3596,0.3608,0.3586,0.36,2740441.5
2026-01-24 12:00:00,0.3599,0.3605,0.3574,0.358,5928733.7
2026-01-24 16:00:00,0.358,0.3598,0.3564,0.3583,5066166.3
2026-01-24 20:00:00,0.3583,0.3602,0.3579,0.3583,2952338.8
2026-01-25 00:00:00,0.3583,0.3595,0.3543,0.3557,5422759.7
2026-01-25 04:00:00,0.3557,0.3578,0.3541,0.3558,4178009.5
2026-01-25 08:00:00,0.3558,0.3603,0.3538,0.3565,5960363.7
2026-01-25 12:00:00,0.3564,0.3572,0.3506,0.3524,8261478.2
2026-01-25 16:00:00,0.3523,0.3523,0.3327,0.3345,65681133.1
2026-01-25 20:00:00,0.3346,0.3398,0.333,0.3391,23548975.7
2026-01-26 00:00:00,0.339,0.3495,0.3388,0.3451,18734417.8
2026-01-26 04:00:00,0.3451,0.3499,0.3451,0.3482,10488116.0
2026-01-26 08:00:00,0.3483,0.3517,0.3449,0.3471,11891338.4
2026-01-26 12:00:00,0.3471,0.3584,0.3468,0.3524,25843842.8
2026-01-26 16:00:00,0.3524,0.356,0.3494,0.3522,15830720.3
2026-01-26 20:00:00,0.3521,0.3545,0.349,0.3521,9986432.0
2026-01-27 00:00:00,0.3521,0.3553,0.3511,0.3527,12668753.9
2026-01-27 04:00:00,0.3526,0.3548,0.3509,0.3519,5461648.6
2026-01-27 08:00:00,0.3519,0.3529,0.3489,0.3506,11938279.5
2026-01-27 12:00:00,0.3506,0.3527,0.3476,0.3516,11916212.6
2026-01-27 16:00:00,0.3517,0.3578,0.3492,0.3556,35295719.4
2026-01-27 20:00:00,0.3555,0.3636,0.3555,0.3608,20373862.3
2026-01-28 00:00:00,0.3607,0.3615,0.3562,0.3568,10381579.8
2026-01-28 04:00:00,0.3568,0.3592,0.355,0.3576,8438609.1
2026-01-28 08:00:00,0.3576,0.3647,0.3564,0.3645,13340596.1
2026-01-28 12:00:00,0.3644,0.365,0.3546,0.3572,30265541.2
2026-01-28 16:00:00,0.3572,0.3615,0.3551,0.3584,17243013.6
2026-01-28 20:00:00,0.3583,0.362,0.3551,0.3583,10622433.5
2026-01-29 00:00:00,0.3583,0.3592,0.3495,0.3512,16923824.6
2026-01-29 04:00:00,0.3511,0.3525,0.3473,0.3514,11209981.5
2026-01-29 08:00:00,0.3514,0.3518,0.3459,0.3466,10248901.1
2026-01-29 12:00:00,0.3466,0.3474,0.3297,0.3333,48890039.7
2026-01-29 16:00:00,0.3332,0.341,0.3272,0.3309,43061130.2
2026-01-29 20:00:00,0.3309,0.3365,0.3301,0.3347,14565538.2
2026-01-30 00:00:00,0.3346,0.3359,0.318,0.3251,48848382.3
2026-01-30 04:00:00,0.3251,0.3298,0.3197,0.3254,20504372.5
2026-01-30 08:00:00,0.3255,0.3292,0.3204,0.3279,14922923.0
2026-01-30 12:00:00,0.3279,0.3284,0.3208,0.3257,24760439.3
2026-01-30 16:00:00,0.3257,0.3319,0.3161,0.3291,38363655.8
2026-01-30 20:00:00,0.3291,0.3292,0.32,0.3208,27042398.5
2026-01-31 00:00:00,0.3208,0.3224,0.318,0.3184,15135467.3
2026-01-31 04:00:00,0.3184,0.3192,0.3104,0.3124,72606216.9
2026-01-31 08:00:00,0.3124,0.3132,0.307,0.3104,32122384.9
2026-01-31 12:00:00,0.3104,0.3109,0.2939,0.2963,74514568.0
2026-01-31 16:00:00,0.2962,0.3003,0.2685,0.2853,196899494.4
2026-01-31 20:00:00,0.2853,0.2958,0.2819,0.2936,44597545.2
2026-02-01 00:00:00,0.2937,0.2978,0.2915,0.2959,22658387.8
2026-02-01 04:00:00,0.2959,0.2992,0.2928,0.2963,22619871.8
2026-02-01 08:00:00,0.2962,0.298,0.2915,0.2955,16589635.8
2026-02-01 12:00:00,0.2954,0.2968,0.2848,0.2894,51678706.4
2026-02-01 16:00:00,0.2894,0.2929,0.2846,0.2869,30659478.9
2026-02-01 20:00:00,0.2869,0.2911,0.279,0.2858,39397841.7
2026-02-02 00:00:00,0.2859,0.2936,0.2764,0.2864,49965195.0
2026-02-02 04:00:00,0.2865,0.29,0.2757,0.2841,54111869.6
2026-02-02 08:00:00,0.2841,0.2948,0.2841,0.2924,32385534.9
2026-02-02 12:00:00,0.2924,0.3033,0.2924,0.3014,45580717.7
2026-02-02 16:00:00,0.3014,0.3034,0.2991,0.3002,21106937.5
2026-02-02 20:00:00,0.3002,0.3016,0.2978,0.2991,14956360.2
2026-02-03 00:00:00,0.2991,0.3004,0.2934,0.2993,14594103.1
2026-02-03 04:00:00,0.2993,0.3019,0.2956,0.2993,12993042.7
2026-02-03 08:00:00,0.2994,0.3007,0.2938,0.2973,14595693.9
2026-02-03 12:00:00,0.2973,0.305,0.2933,0.3039,34746319.0
2026-02-03 16:00:00,0.304,0.304,0.2817,0.2949,62940634.9
2026-02-03 20:00:00,0.2948,0.3046,0.2897,0.2917,38983383.3
2026-02-04 00:00:00,0.2917,0.3018,0.2906,0.3011,18591843.9
2026-02-04 04:00:00,0.3012,0.3027,0.2964,0.2998,13328579.4
2026-02-04 08:00:00,0.2999,0.3027,0.2942,0.2972,24658110.1
2026-02-04 12:00:00,0.2972,0.2977,0.2834,0.2866,33007689.6
2026-02-04 16:00:00,0.2867,0.2934,0.2812,0.2924,58107227.9
2026-02-04 20:00:00,0.2925,0.2933,0.2803,0.2864,24063973.2
2026-02-05 00:00:00,0.2864,0.2899,0.2823,0.2828,26204618.9
2026-02-05 04:00:00,0.2828,0.2867,0.2785,0.2794,48369620.6
2026-02-05 08:00:00,0.2795,0.284,0.2671,0.2721,49890455.9
2026-02-05 12:00:00,0.2721,0.2779,0.2575,0.2623,108851122.4
2026-02-05 16:00:00,0.2623,0.2676,0.2531,0.2538,94668778.2
2026-02-05 20:00:00,0.2538,0.2565,0.2436,0.2455,140439483.2
2026-02-06 00:00:00,0.2455,0.2539,0.2205,0.249,219365444.4
2026-02-06 04:00:00,0.2491,0.2594,0.2479,0.2515,91951947.5
2026-02-06 08:00:00,0.2515,0.2639,0.2488,0.2616,91882909.5
2026-02-06 12:00:00,0.2615,0.2747,0.2599,0.2735,115894707.8
2026-02-06 16:00:00,0.2735,0.2843,0.2726,0.2782,102301950.8
2026-02-06 20:00:00,0.2782,0.2809,0.274,0.2762,62538814.3
2026-02-07 00:00:00,0.2761,0.2766,0.2708,0.2759,46194531.7
2026-02-07 04:00:00,0.276,0.278,0.2656,0.2683,83935783.5
2026-02-07 08:00:00,0.2682,0.2706,0.266,0.2672,60235625.3
2026-02-07 12:00:00,0.2671,0.2744,0.2668,0.2727,59893502.0
2026-02-07 16:00:00,0.2728,0.2798,0.2712,0.2746,178192291.8
2026-02-07 20:00:00,0.2746,0.2761,0.2703,0.2721,43822583.9
2026-02-08 00:00:00,0.2722,0.2737,0.2694,0.2698,41172003.4
2026-02-08 04:00:00,0.2697,0.2715,0.2686,0.2711,40097520.2
2026-02-08 08:00:00,0.2711,0.2763,0.2696,0.2746,50270236.6
2026-02-08 12:00:00,0.2747,0.2756,0.2708,0.2727,46798965.8
2026-02-08 16:00:00,0.2727,0.2748,0.267,0.2746,42467745.3
2026-02-08 20:00:00,0.2746,0.2766,0.2682,0.2701,45785948.9
2026-02-09 00:00:00,0.2701,0.274,0.2681,0.2735,42767887.8
2026-02-09 04:00:00,0.2735,0.2736,0.2689,0.2693,30105906.5
2026-02-09 08:00:00,0.2692,0.27,0.2596,0.2617,33557283.7
2026-02-09 12:00:00,0.2618,0.2683,0.2616,0.2679,28082287.2
2026-02-09 16:00:00,0.2679,0.2736,0.2655,0.2711,20375046.8
2026-02-09 20:00:00,0.2711,0.2722,0.2679,0.2699,12428837.6
2026-02-10 00:00:00,0.27,0.2705,0.2645,0.2662,13952828.9
2026-02-10 04:00:00,0.2661,0.2682,0.2615,0.2629,20554574.4
2026-02-10 08:00:00,0.2629,0.2659,0.2627,0.2631,12934966.4
2026-02-10 12:00:00,0.2631,0.2662,0.2612,0.2634,22305848.5
2026-02-10 16:00:00,0.2635,0.2652,0.2597,0.2626,17254009.5
2026-02-10 20:00:00,0.2625,0.2631,0.2606,0.262,6923697.4
2026-02-11 00:00:00,0.2619,0.2648,0.2603,0.2625,7809794.8
2026-02-11 04:00:00,0.2625,0.2629,0.2546,0.2555,19950116.5
2026-02-11 08:00:00,0.2555,0.256,0.252,0.2554,10730831.9
2026-02-11 12:00:00,0.2553,0.2634,0.2504,0.2531,35727701.5
2026-02-11 16:00:00,0.2531,0.2598,0.2512,0.2572,17709367.9
2026-02-11 20:00:00,0.2572,0.2601,0.2542,0.2559,12948221.4
2026-02-12 00:00:00,0.2559,0.2596,0.2559,0.2592,7580167.8
2026-02-12 04:00:00,0.2592,0.263,0.2571,0.2627,8073414.9
2026-02-12 08:00:00,0.2627,0.2696,0.2614,0.2676,24982122.9
2026-02-12 12:00:00,0.2675,0.268,0.2623,0.2626,27456543.9
2026-02-12 16:00:00,0.2626,0.2647,0.2575,0.2617,29814033.2
2026-02-12 20:00:00,0.2616,0.2648,0.2582,0.2643,13239722.0
2026-02-13 00:00:00,0.2643,0.2655,0.2615,0.2629,14162028.4
2026-02-13 04:00:00,0.263,0.2635,0.2582,0.262,9673567.3
2026-02-13 08:00:00,0.2621,0.2643,0.2618,0.2639,10004559.2
2026-02-13 12:00:00,0.264,0.2737,0.2622,0.2691,37819917.3
2026-02-13 16:00:00,0.2692,0.2747,0.2684,0.2725,19126211.8
2026-02-13 20:00:00,0.2726,0.2744,0.2714,0.2728,10864519.2
2026-02-14 00:00:00,0.2729,0.278,0.2727,0.2773,8911601.8
2026-02-14 04:00:00,0.2774,0.2775,0.2738,0.2757,8397114.3
2026-02-14 08:00:00,0.2758,0.2844,0.2758,0.2831,16061723.2
2026-02-14 12:00:00,0.2832,0.2869,0.2805,0.2863,22186280.4
2026-02-14 16:00:00,0.2862,0.2997,0.2848,0.2985,31825075.2
2026-02-14 20:00:00,0.2985,0.3007,0.2943,0.295,24501903.4
2026-02-15 00:00:00,0.2949,0.2984,0.2926,0.2974,28749028.6
2026-02-15 04:00:00,0.2974,0.301,0.2963,0.3008,22486739.5
2026-02-15 08:00:00,0.3008,0.302,0.2898,0.2905,24293629.7
2026-02-15 12:00:00,0.2906,0.2911,0.2809,0.2842,33878054.7
2026-02-15 16:00:00,0.2843,0.2845,0.2775,0.2791,26555509.4
2026-02-15 20:00:00,0.2791,0.2829,0.278,0.2818,9087205.5
2026-02-16 00:00:00,0.2818,0.2835,0.2794,0.2802,5698828.6
2026-02-16 04:00:00,0.2802,0.2828,0.2773,0.2801,8973947.6
2026-02-16 08:00:00,0.2802,0.2859,0.2789,0.2829,13456259.8
2026-02-16 12:00:00,0.2829,0.2892,0.2769,0.279,27757575.7
2026-02-16 16:00:00,0.2791,0.284,0.2786,0.2823,9504546.7
2026-02-16 20:00:00,0.2822,0.2877,0.2814,0.2858,11664520.3
2026-02-17 00:00:00,0.2859,0.2892,0.283,0.2865,8507905.2
2026-02-17 04:00:00,0.2865,0.2899,0.2837,0.2865,15685436.8
2026-02-17 08:00:00,0.2866,0.2872,0.2794,0.2804,12438452.7
2026-02-17 12:00:00,0.2804,0.2845,0.2773,0.2813,17941044.5
2026-02-17 16:00:00,0.2814,0.2868,0.2785,0.2832,14130369.6
2026-02-17 20:00:00,0.2831,0.2837,0.2803,0.2811,6357830.4
2026-02-18 00:00:00,0.2811,0.284,0.279,0.2832,7072103.1
2026-02-18 04:00:00,0.2832,0.285,0.2817,0.2845,6346300.9
2026-02-18 08:00:00,0.2846,0.2866,0.2804,0.2807,16165138.8
2026-02-18 12:00:00,0.2808,0.2874,0.2786,0.284,17769056.0
2026-02-18 16:00:00,0.2841,0.2841,0.2714,0.2736,21304394.0
2026-02-18 20:00:00,0.2736,0.2759,0.2724,0.2735,12009071.6
2026-02-19 00:00:00,0.2735,0.2759,0.2722,0.2752,10669211.3
2026-02-19 04:00:00,0.2752,0.2774,0.2734,0.2764,7059961.3
2026-02-19 08:00:00,0.2764,0.2765,0.2721,0.2722,17269476.8
2026-02-19 12:00:00,0.2722,0.2739,0.2685,0.2702,20090052.1
2026-02-19 16:00:00,0.2703,0.274,0.267,0.2729,16075885.0
2026-02-19 20:00:00,0.2729,0.2734,0.2706,0.2729,5983759.3
2026-02-20 00:00:00,0.273,0.2753,0.2723,0.2738,4807729.0
2026-02-20 04:00:00,0.2739,0.2761,0.271,0.2737,8380502.7
2026-02-20 08:00:00,0.2737,0.28,0.2734,0.2768,12370692.2
2026-02-20 12:00:00,0.2769,0.2889,0.2699,0.2888,38027394.1
2026-02-20 16:00:00,0.2889,0.2938,0.2802,0.283,49069416.9
2026-02-20 20:00:00,0.283,0.2861,0.2823,0.2849,10123497.9
2026-02-21 00:00:00,0.2849,0.2855,0.2822,0.2831,6643344.5
2026-02-21 04:00:00,0.2832,0.2844,0.2808,0.2814,5576495.8
2026-02-21 08:00:00,0.2814,0.2865,0.2812,0.2835,7353844.3
2026-02-21 12:00:00,0.2835,0.2852,0.2817,0.2825,10021272.6
2026-02-21 16:00:00,0.2825,0.2828,0.2795,0.2803,13073169.9
2026-02-21 20:00:00,0.2802,0.2815,0.279,0.28,7868488.2
2026-02-22 00:00:00,0.2799,0.2802,0.2756,0.2772,8010233.7
2026-02-22 04:00:00,0.2772,0.2777,0.275,0.2758,7965594.7
2026-02-22 08:00:00,0.2758,0.2775,0.275,0.2759,6699902.5
2026-02-22 12:00:00,0.2759,0.2761,0.2703,0.2718,11181402.7
2026-02-22 16:00:00,0.2719,0.2719,0.2689,0.2699,9531032.0
2026-02-22 20:00:00,0.2699,0.272,0.2688,0.2717,6881445.0
2026-02-23 00:00:00,0.2717,0.2719,0.2571,0.2611,46839561.9
2026-02-23 04:00:00,0.2611,0.2676,0.2596,0.2667,12070313.4
2026-02-23 08:00:00,0.2666,0.2721,0.2648,0.2714,12432619.3
2026-02-23 12:00:00,0.2714,0.2755,0.2665,0.267,22383489.1
2026-02-23 16:00:00,0.2669,0.2685,0.2603,0.262,19325642.9
2026-02-23 20:00:00,0.2619,0.265,0.2607,0.2623,11553169.1
2026-02-24 00:00:00,0.2623,0.2646,0.2576,0.2587,20833370.5
2026-02-24 04:00:00,0.2587,0.2593,0.2558,0.2576,14314452.8
2026-02-24 08:00:00,0.2577,0.2587,0.2562,0.2574,14632959.9
2026-02-24 12:00:00,0.2574,0.2612,0.2536,0.2597,21437374.1
2026-02-24 16:00:00,0.2597,0.2628,0.2593,0.2605,13350739.6
2026-02-24 20:00:00,0.2605,0.2611,0.2576,0.2587,8160078.3
2026-02-25 00:00:00,0.2587,0.2716,0.2579,0.266,33112335.2
2026-02-25 04:00:00,0.2661,0.2669,0.2622,0.2661,13754573.3
2026-02-25 08:00:00,0.2662,0.2714,0.2655,0.271,13862063.2
2026-02-25 12:00:00,0.271,0.2926,0.271,0.2905,68842076.9
2026-02-25 16:00:00,0.2905,0.3036,0.2905,0.3028,77649537.0
2026-02-25 20:00:00,0.3029,0.3136,0.2943,0.2971,119923766.8
2026-02-26 00:00:00,0.2971,0.301,0.2939,0.2953,29968313.5
2026-02-26 04:00:00,0.2952,0.3002,0.2928,0.2933,17213094.5
2026-02-26 08:00:00,0.2933,0.2958,0.2887,0.2894,32191636.3
2026-02-26 12:00:00,0.2893,0.2949,0.289,0.2916,29948573.2
2026-02-26 16:00:00,0.2916,0.2916,0.2822,0.2883,41287906.8
2026-02-26 20:00:00,0.2883,0.2897,0.2842,0.287,13361821.0
2026-02-27 00:00:00,0.287,0.2907,0.2849,0.2901,10279457.1
2026-02-27 04:00:00,0.2901,0.2963,0.2893,0.2903,25978354.7
2026-02-27 08:00:00,0.2903,0.2938,0.2814,0.2818,19511918.2
2026-02-27 12:00:00,0.2818,0.2848,0.2796,0.2807,21846755.8
2026-02-27 16:00:00,0.2806,0.2806,0.2744,0.2756,18466145.5
2026-02-27 20:00:00,0.2756,0.2785,0.2726,0.2776,10243747.5
2026-02-28 00:00:00,0.2776,0.2796,0.2765,0.2768,8575618.9
2026-02-28 04:00:00,0.2769,0.2776,0.261,0.265,65199162.0
2026-02-28 08:00:00,0.265,0.2656,0.2594,0.2627,33091012.8
2026-02-28 12:00:00,0.2627,0.2718,0.2625,0.2679,33934671.1
2026-02-28 16:00:00,0.2679,0.2781,0.2662,0.2754,27519715.2
2026-02-28 20:00:00,0.2755,0.2843,0.2746,0.281,25912161.4
2026-03-01 00:00:00,0.281,0.2922,0.2775,0.2868,36752116.3
2026-03-01 04:00:00,0.2869,0.2881,0.2816,0.2827,15160872.0
2026-03-01 08:00:00,0.2828,0.2835,0.2774,0.2781,22871829.8
2026-03-01 12:00:00,0.278,0.2836,0.2748,0.2802,24244691.2
2026-03-01 16:00:00,0.2803,0.2822,0.2729,0.2736,24585223.8
2026-03-01 20:00:00,0.2736,0.277,0.2691,0.2735,27319064.7
2026-03-02 00:00:00,0.2735,0.2805,0.2721,0.2771,21683817.5
2026-03-02 04:00:00,0.2771,0.278,0.2691,0.2707,13645459.2
2026-03-02 08:00:00,0.2708,0.2745,0.2685,0.272,14701381.3
2026-03-02 12:00:00,0.2721,0.2867,0.2697,0.2842,43191747.6
2026-03-02 16:00:00,0.2843,0.2887,0.2782,0.2804,38303663.3
2026-03-02 20:00:00,0.2804,0.2824,0.2759,0.2771,16921832.6
2026-03-03 00:00:00,0.2771,0.2771,0.2717,0.2734,21338426.6
2026-03-03 04:00:00,0.2735,0.274,0.2678,0.2688,23582338.3
2026-03-03 08:00:00,0.2687,0.2701,0.2627,0.2647,29910818.8
2026-03-03 12:00:00,0.2647,0.2674,0.2615,0.2651,52524512.7
2026-03-03 16:00:00,0.2651,0.2721,0.2627,0.2636,41798481.3
2026-03-03 20:00:00,0.2636,0.2647,0.2604,0.2625,33275883.5
2026-03-04 00:00:00,0.2626,0.2663,0.2608,0.2627,22845244.2
2026-03-04 04:00:00,0.2627,0.2654,0.2584,0.265,32404733.6
2026-03-04 08:00:00,0.265,0.2743,0.2637,0.2687,62825422.9
2026-03-04 12:00:00,0.2687,0.2813,0.2658,0.2808,75752499.5
2026-03-04 16:00:00,0.2809,0.285,0.2771,0.2821,71731073.7
2026-03-04 20:00:00,0.2822,0.2828,0.2737,0.2763,30452841.2
2026-03-05 00:00:00,0.2763,0.2769,0.2726,0.2741,23266678.2
2026-03-05 04:00:00,0.2742,0.2765,0.2709,0.2722,17491549.7
2026-03-05 08:00:00,0.2722,0.2779,0.2702,0.2742,31291803.9
2026-03-05 12:00:00,0.2742,0.278,0.2697,0.2712,34963412.8
2026-03-05 16:00:00,0.2712,0.2719,0.2651,0.2694,27140495.0
2026-03-05 20:00:00,0.2694,0.272,0.2676,0.2692,12941563.2
2026-03-06 00:00:00,0.2691,0.2716,0.2671,0.2707,11197643.6
2026-03-06 04:00:00,0.2707,0.272,0.2672,0.2715,8709670.1
2026-03-06 08:00:00,0.2716,0.2716,0.2657,0.2663,12458479.4
2026-03-06 12:00:00,0.2662,0.2691,0.2558,0.2568,64933302.6
2026-03-06 16:00:00,0.2568,0.2606,0.2555,0.2586,25675701.0
2026-03-06 20:00:00,0.2585,0.2602,0.2573,0.259,8653011.9
2026-03-07 00:00:00,0.259,0.261,0.2586,0.2587,8346002.1
2026-03-07 04:00:00,0.2586,0.2592,0.2568,0.2584,8929922.0
2026-03-07 08:00:00,0.2583,0.2595,0.2575,0.2589,7480024.2
2026-03-07 12:00:00,0.2588,0.259,0.2517,0.2549,48248851.4
2026-03-07 16:00:00,0.2549,0.2573,0.2533,0.2543,17765623.8
2026-03-07 20:00:00,0.2543,0.2557,0.2529,0.2544,7613504.1
2026-03-08 00:00:00,0.2545,0.2548,0.2508,0.2521,9646053.1
2026-03-08 04:00:00,0.2521,0.2535,0.2496,0.2524,16161722.9
2026-03-08 08:00:00,0.2524,0.2574,0.2509,0.2548,18065888.0
2026-03-08 12:00:00,0.2548,0.2553,0.2481,0.2496,22658968.0
2026-03-08 16:00:00,0.2497,0.2543,0.2485,0.2533,14214119.9
2026-03-08 20:00:00,0.2532,0.2546,0.2458,0.2493,32166987.5
2026-03-09 00:00:00,0.2493,0.2567,0.2489,0.2536,19035848.3
2026-03-09 04:00:00,0.2537,0.2594,0.2524,0.255,23232019.6
2026-03-09 08:00:00,0.2551,0.2587,0.2535,0.2549,15054100.9
2026-03-09 12:00:00,0.255,0.2601,0.2543,0.2559,40148089.1
2026-03-09 16:00:00,0.2559,0.2629,0.2551,0.2595,27307622.0
2026-03-09 20:00:00,0.2595,0.2601,0.2547,0.2552,13721995.6
2026-03-10 00:00:00,0.2551,0.2636,0.255,0.2588,20230356.9
2026-03-10 04:00:00,0.2588,0.2618,0.2582,0.2604,12646282.1
2026-03-10 08:00:00,0.2605,0.2684,0.2602,0.2642,33430735.5
2026-03-10 12:00:00,0.2643,0.2738,0.261,0.2714,58420396.3
2026-03-10 16:00:00,0.2714,0.2739,0.262,0.2624,41432543.6
2026-03-10 20:00:00,0.2624,0.2645,0.2605,0.2621,23794332.9
2026-03-11 00:00:00,0.262,0.2626,0.2587,0.2597,21590131.6
2026-03-11 04:00:00,0.2597,0.2624,0.2566,0.2575,17134640.3
2026-03-11 08:00:00,0.2574,0.2601,0.2571,0.2588,14014169.7
2026-03-11 12:00:00,0.2587,0.2679,0.2579,0.2625,65685417.1
2026-03-11 16:00:00,0.2625,0.2668,0.2618,0.2652,17811844.7
2026-03-11 20:00:00,0.2651,0.2662,0.2617,0.2626,12149099.9
2026-03-12 00:00:00,0.2626,0.2631,0.2585,0.259,11346192.8
2026-03-12 04:00:00,0.259,0.261,0.258,0.2606,8360429.3
2026-03-12 08:00:00,0.2606,0.2638,0.26,0.2621,17136090.1
2026-03-12 12:00:00,0.262,0.2642,0.2583,0.262,24734841.6
2026-03-12 16:00:00,0.262,0.2636,0.2602,0.263,12046395.1
2026-03-12 20:00:00,0.263,0.2659,0.2616,0.2636,12449010.6
2026-03-13 00:00:00,0.2635,0.273,0.2629,0.2717,40604381.6
2026-03-13 04:00:00,0.2717,0.2758,0.2702,0.2716,30188613.8
2026-03-13 08:00:00,0.2716,0.2759,0.2709,0.2743,20606108.2
2026-03-13 12:00:00,0.2744,0.2816,0.2706,0.2715,61484745.9
2026-03-13 16:00:00,0.2716,0.2731,0.2661,0.2673,26412942.8
2026-03-13 20:00:00,0.2673,0.2689,0.2636,0.2656,13317433.8
2026-03-14 00:00:00,0.2656,0.2661,0.263,0.2654,17615773.4
2026-03-14 04:00:00,0.2654,0.2666,0.2611,0.2617,18470382.7
2026-03-14 08:00:00,0.2617,0.262,0.2594,0.2611,20528951.5
2026-03-14 12:00:00,0.261,0.2619,0.2599,0.2607,13748453.6
2026-03-14 16:00:00,0.2606,0.2617,0.2585,0.2592,13238111.9
2026-03-14 20:00:00,0.2592,0.2638,0.2588,0.2634,14055779.9
2026-03-15 00:00:00,0.2634,0.2662,0.2612,0.2649,13265474.0
2026-03-15 04:00:00,0.2649,0.2673,0.2631,0.2647,13279819.0
2026-03-15 08:00:00,0.2648,0.2665,0.2645,0.2656,10681876.4
2026-03-15 12:00:00,0.2657,0.2665,0.2623,0.2638,10860294.5
2026-03-15 16:00:00,0.2637,0.2655,0.2621,0.2637,7305043.2
2026-03-15 20:00:00,0.2638,0.272,0.2626,0.2702,31475365.3
2026-03-16 00:00:00,0.2702,0.2805,0.2687,0.2774,54692447.3
2026-03-16 04:00:00,0.2774,0.2926,0.2774,0.2899,106125564.2
2026-03-16 08:00:00,0.29,0.2936,0.2842,0.2854,57222294.0
2026-03-16 12:00:00,0.2854,0.2894,0.2823,0.2835,41509398.0
2026-03-16 16:00:00,0.2836,0.2897,0.2835,0.2883,36572275.1
2026-03-16 20:00:00,0.2882,0.2919,0.2868,0.2904,39219628.3
2026-03-17 00:00:00,0.2904,0.2932,0.284,0.2857,36188854.2
2026-03-17 04:00:00,0.2858,0.2885,0.2819,0.2866,43099742.4
2026-03-17 08:00:00,0.2865,0.2885,0.2851,0.287,16579351.4
2026-03-17 12:00:00,0.287,0.2897,0.2836,0.2866,26584620.0
2026-03-17 16:00:00,0.2865,0.2916,0.2858,0.2885,18849293.4
2026-03-17 20:00:00,0.2886,0.2923,0.2878,0.2891,15925491.5
2026-03-18 00:00:00,0.2891,0.294,0.2864,0.2918,16748587.9
2026-03-18 04:00:00,0.2918,0.2955,0.2873,0.2885,20273516.7
2026-03-18 08:00:00,0.2886,0.2915,0.2786,0.2796,34556584.4
2026-03-18 12:00:00,0.2795,0.2799,0.2696,0.2716,45755977.3
2026-03-18 16:00:00,0.2715,0.2752,0.2699,0.2724,21079921.4
2026-03-18 20:00:00,0.2724,0.2748,0.27,0.2742,10540200.8
2026-03-19 00:00:00,0.2743,0.2767,0.2713,0.2746,12336170.1
2026-03-19 04:00:00,0.2747,0.2749,0.2664,0.2685,19703926.6
2026-03-19 08:00:00,0.2685,0.2718,0.2674,0.2688,17259671.9
2026-03-19 12:00:00,0.2687,0.2688,0.2631,0.2656,30312100.1
2026-03-19 16:00:00,0.2656,0.2691,0.2625,0.2674,15418641.9
2026-03-19 20:00:00,0.2674,0.2689,0.2656,0.2675,11733287.8
2026-03-20 00:00:00,0.2676,0.2709,0.2675,0.2698,13751279.4
2026-03-20 04:00:00,0.2699,0.273,0.2677,0.27,11886857.2
2026-03-20 08:00:00,0.27,0.2726,0.2673,0.268,12840938.1
2026-03-20 12:00:00,0.268,0.2691,0.2645,0.2668,16341914.4
2026-03-20 16:00:00,0.2668,0.2668,0.2616,0.264,18647005.8
2026-03-20 20:00:00,0.2641,0.2678,0.2622,0.2661,11646946.0
2026-03-21 00:00:00,0.2661,0.2674,0.2656,0.266,5641589.2
2026-03-21 04:00:00,0.266,0.267,0.2647,0.2649,9212057.4
2026-03-21 08:00:00,0.2648,0.2659,0.2639,0.2646,6827816.6
2026-03-21 12:00:00,0.2647,0.2654,0.263,0.2649,11554893.3
2026-03-21 16:00:00,0.2649,0.265,0.2636,0.2649,5508345.2
2026-03-21 20:00:00,0.2649,0.2664,0.2554,0.2574,29248650.5
2026-03-22 00:00:00,0.2573,0.2601,0.2523,0.2583,36343362.6
2026-03-22 04:00:00,0.2583,0.2592,0.2567,0.2568,9094506.4
2026-03-22 08:00:00,0.2567,0.2574,0.2549,0.2551,10087598.4
2026-03-22 12:00:00,0.2552,0.2572,0.2551,0.2557,13204558.7
2026-03-22 16:00:00,0.2557,0.2559,0.2506,0.2517,18745009.6
2026-03-22 20:00:00,0.2517,0.2529,0.248,0.2506,25722405.4
2026-03-23 00:00:00,0.2507,0.2543,0.2495,0.2513,13281639.9
2026-03-23 04:00:00,0.2513,0.253,0.2476,0.25,23369970.6
2026-03-23 08:00:00,0.2501,0.2644,0.2478,0.2588,91067125.9
2026-03-23 12:00:00,0.2589,0.267,0.2569,0.2611,42652837.3
2026-03-23 16:00:00,0.2612,0.2638,0.2586,0.261,15649818.4
2026-03-23 20:00:00,0.2609,0.2646,0.2602,0.2616,14261447.6
2026-03-24 00:00:00,0.2617,0.2625,0.2581,0.2616,13917713.2
2026-03-24 04:00:00,0.2617,0.266,0.2597,0.2657,16129604.7
2026-03-24 08:00:00,0.2658,0.2684,0.262,0.2638,24719915.5
2026-03-24 12:00:00,0.2637,0.2639,0.2591,0.261,20185329.7
2026-03-24 16:00:00,0.2611,0.262,0.2581,0.2602,14447682.7
2026-03-24 20:00:00,0.2601,0.2671,0.2599,0.2664,17179707.7
2026-03-25 00:00:00,0.2665,0.2692,0.2657,0.2677,17529957.3
2026-03-25 04:00:00,0.2677,0.2717,0.2669,0.2694,20534350.2
2026-03-25 08:00:00,0.2695,0.2748,0.2695,0.273,26619337.5
2026-03-25 12:00:00,0.2731,0.2769,0.2687,0.2703,33138253.9
2026-03-25 16:00:00,0.2703,0.2727,0.2696,0.2705,15062658.7
2026-03-25 20:00:00,0.2706,0.2714,0.2683,0.2705,7789813.7
2026-03-26 00:00:00,0.2704,0.2708,0.2657,0.2663,14720136.7
2026-03-26 04:00:00,0.2664,0.2666,0.2609,0.2621,19231802.0
2026-03-26 08:00:00,0.2621,0.2621,0.2568,0.2573,27881104.7
2026-03-26 12:00:00,0.2573,0.2598,0.2544,0.256,28353954.7
2026-03-26 16:00:00,0.2561,0.2567,0.2531,0.2536,18758008.9
2026-03-26 20:00:00,0.2536,0.2575,0.2526,0.2547,38493662.4
2026-03-27 00:00:00,0.2547,0.2562,0.2534,0.2544,14653100.1
2026-03-27 04:00:00,0.2545,0.2557,0.2526,0.2547,14016423.7
2026-03-27 08:00:00,0.2548,0.2554,0.2442,0.2474,56152824.7
2026-03-27 12:00:00,0.2473,0.2498,0.2459,0.2477,35357829.3
2026-03-27 16:00:00,0.2477,0.2487,0.2452,0.2466,16434514.1
2026-03-27 20:00:00,0.2466,0.2472,0.245,0.2461,9014372.3
2026-03-28 00:00:00,0.2461,0.2473,0.2446,0.2448,15782380.3
2026-03-28 04:00:00,0.2448,0.2485,0.244,0.2484,10306826.0
2026-03-28 08:00:00,0.2485,0.2493,0.2472,0.2485,7906424.1
2026-03-28 12:00:00,0.2485,0.253,0.2467,0.2513,21423698.4
2026-03-28 16:00:00,0.2514,0.2518,0.2493,0.2498,8185807.9
2026-03-28 20:00:00,0.2499,0.2507,0.245,0.246,9663824.6
2026-03-29 00:00:00,0.2459,0.2474,0.245,0.2467,22798318.5
2026-03-29 04:00:00,0.2467,0.2467,0.2428,0.2451,19001114.3
2026-03-29 08:00:00,0.2452,0.2454,0.2414,0.2437,15803828.3
2026-03-29 12:00:00,0.2437,0.2437,0.2402,0.2415,16779125.6
2026-03-29 16:00:00,0.2415,0.2422,0.2395,0.24,15430498.2
2026-03-29 20:00:00,0.2399,0.242,0.2328,0.2398,34830999.0
2026-03-30 00:00:00,0.2398,0.2477,0.2394,0.2462,22549575.6
2026-03-30 04:00:00,0.2462,0.2494,0.2457,0.2487,18778150.0
2026-03-30 08:00:00,0.2487,0.2529,0.2476,0.2506,26023073.4
2026-03-30 12:00:00,0.2507,0.2517,0.2473,0.2484,16904101.1
2026-03-30 16:00:00,0.2485,0.2489,0.2425,0.2437,18117840.4
2026-03-30 20:00:00,0.2436,0.2462,0.2426,0.2434,10040887.8
2026-03-31 00:00:00,0.2435,0.2494,0.2433,0.2461,14624328.8
2026-03-31 04:00:00,0.2462,0.2465,0.2431,0.2436,20930332.4
2026-03-31 08:00:00,0.2437,0.2442,0.2396,0.2411,24181020.3
2026-03-31 12:00:00,0.2411,0.2455,0.2375,0.238,23437917.4
2026-03-31 16:00:00,0.2379,0.2423,0.2342,0.241,38891569.4
2026-03-31 20:00:00,0.2409,0.2427,0.2383,0.2418,20152474.8
2026-04-01 00:00:00,0.2418,0.2464,0.2413,0.2456,18149445.7
2026-04-01 04:00:00,0.2456,0.2548,0.2439,0.2498,44415960.8
2026-04-01 08:00:00,0.2499,0.2501,0.2458,0.2482,28367791.0
2026-04-01 12:00:00,0.2483,0.2512,0.2454,0.2491,28459670.4
2026-04-01 16:00:00,0.2493,0.2523,0.2481,0.2495,15560535.3
2026-04-01 20:00:00,0.2495,0.2506,0.2472,0.2484,11616751.8
2026-04-02 00:00:00,0.2484,0.2507,0.2378,0.2391,67856023.3
2026-04-02 04:00:00,0.2391,0.2393,0.2357,0.239,37118006.6
2026-04-02 08:00:00,0.2389,0.2394,0.2361,0.2369,24158881.6
2026-04-02 12:00:00,0.2369,0.2434,0.2348,0.2397,31378846.2
2026-04-02 16:00:00,0.2397,0.2427,0.238,0.2397,23921465.6
2026-04-02 20:00:00,0.2397,0.2409,0.2387,0.2394,11100036.9
2026-04-03 00:00:00,0.2394,0.2415,0.2388,0.2413,8713458.8
2026-04-03 04:00:00,0.2413,0.2452,0.2411,0.2435,14718944.7
2026-04-03 08:00:00,0.2436,0.2466,0.2427,0.2456,18435355.8
2026-04-03 12:00:00,0.2456,0.2514,0.2447,0.2461,35952986.3
2026-04-03 16:00:00,0.2461,0.2506,0.2458,0.2476,20410616.6
2026-04-03 20:00:00,0.2475,0.2487,0.2451,0.2463,8755354.9
2026-04-04 00:00:00,0.2463,0.247,0.2445,0.2468,7413841.8
2026-04-04 04:00:00,0.2468,0.2474,0.244,0.2453,11038160.3
2026-04-04 08:00:00,0.2454,0.2459,0.2432,0.245,6520376.8
2026-04-04 12:00:00,0.245,0.2468,0.2435,0.2452,6390270.9
2026-04-04 16:00:00,0.2452,0.25,0.245,0.2479,10497908.2
2026-04-04 20:00:00,0.2479,0.2485,0.2464,0.2479,8433617.6
2026-04-05 00:00:00,0.2479,0.2487,0.2466,0.2467,7991463.0
2026-04-05 04:00:00,0.2466,0.2469,0.2415,0.2421,9239463.9
2026-04-05 08:00:00,0.242,0.2432,0.24,0.2426,9474722.6
2026-04-05 12:00:00,0.2425,0.2458,0.2403,0.2436,12405070.7
2026-04-05 16:00:00,0.2435,0.2443,0.2426,0.2437,5874054.7
2026-04-05 20:00:00,0.2437,0.251,0.2421,0.2508,23524002.5
2026-04-06 00:00:00,0.2509,0.2594,0.2509,0.2569,51092568.6
2026-04-06 04:00:00,0.257,0.2587,0.2543,0.2552,28686588.5
2026-04-06 08:00:00,0.2553,0.2601,0.2549,0.2556,24777666.1
2026-04-06 12:00:00,0.2557,0.257,0.2537,0.2543,15430854.1
2026-04-06 16:00:00,0.2544,0.2545,0.2512,0.2521,13456635.8
2026-04-06 20:00:00,0.2522,0.2529,0.2448,0.2461,14384762.2
2026-04-07 00:00:00,0.246,0.2465,0.2435,0.2452,16182025.4
2026-04-07 04:00:00,0.2451,0.246,0.2424,0.2434,12406315.9
2026-04-07 08:00:00,0.2434,0.2457,0.2413,0.2423,23456034.0
2026-04-07 12:00:00,0.2423,0.2436,0.24,0.2423,24462680.7
2026-04-07 16:00:00,0.2423,0.247,0.2417,0.2466,12864284.8
2026-04-07 20:00:00,0.2468,0.2664,0.2458,0.2627,79967954.1
2026-04-08 00:00:00,0.2627,0.2644,0.2595,0.2607,37257834.8
2026-04-08 04:00:00,0.2606,0.2637,0.2602,0.2612,16938822.6
2026-04-08 08:00:00,0.2611,0.2615,0.2559,0.2577,18498512.0
2026-04-08 12:00:00,0.2577,0.2597,0.2519,0.2542,30566958.6
2026-04-08 16:00:00,0.2541,0.2563,0.252,0.253,16175913.2
2026-04-08 20:00:00,0.253,0.2546,0.2498,0.2508,15613345.0
2026-04-09 00:00:00,0.2507,0.2508,0.2477,0.2491,11928364.2
2026-04-09 04:00:00,0.2491,0.2517,0.2485,0.2506,11077010.9
2026-04-09 08:00:00,0.2506,0.2523,0.2493,0.2507,13381844.8
2026-04-09 12:00:00,0.2506,0.2557,0.2488,0.2546,19846269.3
2026-04-09 16:00:00,0.2547,0.2569,0.2529,0.2557,16004602.9
2026-04-09 20:00:00,0.2557,0.2611,0.2534,0.2541,17143824.3
2026-04-10 00:00:00,0.2541,0.255,0.2513,0.2517,14228339.8
2026-04-10 04:00:00,0.2517,0.254,0.2498,0.2507,13315870.0
2026-04-10 08:00:00,0.2507,0.252,0.2498,0.2513,15392319.7
2026-04-10 12:00:00,0.2513,0.2566,0.2507,0.254,25547545.2
2026-04-10 16:00:00,0.254,0.2584,0.2536,0.2581,19564726.8
2026-04-10 20:00:00,0.258,0.2589,0.2538,0.2542,14983504.9
2026-04-11 00:00:00,0.2542,0.2553,0.2524,0.2532,14758882.8
2026-04-11 04:00:00,0.2531,0.2543,0.2496,0.2506,15845009.2
2026-04-11 08:00:00,0.2506,0.2508,0.2492,0.2497,19375056.9
2026-04-11 12:00:00,0.2498,0.2504,0.2464,0.2482,27210691.7
2026-04-11 16:00:00,0.2483,0.2554,0.248,0.2544,31468828.0
2026-04-11 20:00:00,0.2545,0.2551,0.2486,0.2495,25402565.3
2026-04-12 00:00:00,0.2495,0.2506,0.2423,0.2438,36251308.5
2026-04-12 04:00:00,0.2438,0.244,0.2413,0.2415,27957693.1
2026-04-12 08:00:00,0.2415,0.2415,0.2385,0.2406,39604311.0
2026-04-12 12:00:00,0.2406,0.2411,0.2373,0.2384,34135449.1
2026-04-12 16:00:00,0.2383,0.24,0.2377,0.2381,18469414.0
2026-04-12 20:00:00,0.2381,0.2399,0.2354,0.2361,25359134.1
2026-04-13 00:00:00,0.2362,0.2387,0.2358,0.2382,18215994.2
2026-04-13 04:00:00,0.2382,0.2398,0.2372,0.2381,15118000.8
2026-04-13 08:00:00,0.2381,0.2395,0.2374,0.2382,11066057.1
2026-04-13 12:00:00,0.2382,0.2433,0.2378,0.2394,36875493.7
2026-04-13 16:00:00,0.2393,0.2419,0.2374,0.2414,28339619.8
2026-04-13 20:00:00,0.2414,0.249,0.2389,0.2486,42647563.1
2026-04-14 00:00:00,0.2487,0.249,0.2436,0.2447,24618244.4
2026-04-14 04:00:00,0.2447,0.2457,0.2412,0.2434,20254267.6
2026-04-14 08:00:00,0.2435,0.2451,0.2423,0.2433,20131584.4
2026-04-14 12:00:00,0.2434,0.2496,0.2428,0.2444,39028242.7
2026-04-14 16:00:00,0.2444,0.2462,0.2388,0.2404,24437363.4
2026-04-14 20:00:00,0.2404,0.2417,0.2386,0.2396,17864783.8
2026-04-15 00:00:00,0.2396,0.2413,0.2389,0.2396,13984699.4
2026-04-15 04:00:00,0.2397,0.2419,0.2381,0.2383,20208632.4
2026-04-15 08:00:00,0.2383,0.2426,0.2382,0.2416,13459917.0
2026-04-15 12:00:00,0.2416,0.2439,0.2399,0.2427,18914271.0
2026-04-15 16:00:00,0.2426,0.2505,0.2423,0.249,36453007.3
2026-04-15 20:00:00,0.2489,0.2499,0.2449,0.246,25378685.1
2026-04-16 00:00:00,0.2461,0.25,0.2438,0.2492,23657349.3
2026-04-16 04:00:00,0.2492,0.2518,0.2485,0.2501,33110767.6
2026-04-16 08:00:00,0.2501,0.2506,0.2469,0.2484,24949990.1
2026-04-16 12:00:00,0.2484,0.2545,0.2454,0.2533,52000991.4
2026-04-16 16:00:00,0.2533,0.2608,0.2506,0.2604,58942515.4
2026-04-16 20:00:00,0.2603,0.2615,0.2567,0.2591,29804499.4
2026-04-17 00:00:00,0.2591,0.2599,0.254,0.255,24396505.9
2026-04-17 04:00:00,0.255,0.2565,0.252,0.2561,19568633.4
2026-04-17 08:00:00,0.2562,0.2599,0.2543,0.2575,35619852.6
2026-04-17 12:00:00,0.2576,0.268,0.2568,0.2635,75221055.2
2026-04-17 16:00:00,0.2636,0.2663,0.2604,0.2611,30651751.7
2026-04-17 20:00:00,0.2612,0.262,0.2573,0.2586,26166630.3
2026-04-18 00:00:00,0.2586,0.2596,0.2563,0.257,13660539.1
2026-04-18 04:00:00,0.2571,0.2589,0.256,0.2586,12663592.6
2026-04-18 08:00:00,0.2587,0.2587,0.2496,0.251,29039079.0
2026-04-18 12:00:00,0.251,0.2522,0.2497,0.2511,16213460.5
2026-04-18 16:00:00,0.251,0.251,0.2473,0.2488,22921305.1
2026-04-18 20:00:00,0.2488,0.2508,0.248,0.2491,9951923.2
2026-04-19 00:00:00,0.2492,0.2498,0.2469,0.2482,11330880.4
2026-04-19 04:00:00,0.2482,0.249,0.2444,0.246,20667424.2
2026-04-19 08:00:00,0.2459,0.2482,0.2445,0.2473,16489517.5
2026-04-19 12:00:00,0.2473,0.2509,0.2462,0.2488,29342291.1
2026-04-19 16:00:00,0.2489,0.2496,0.2443,0.2467,23012955.0
2026-04-19 20:00:00,0.2466,0.2466,0.2408,0.2424,34474681.4
2026-04-20 00:00:00,0.2424,0.2464,0.2419,0.2459,14665325.9
2026-04-20 04:00:00,0.2459,0.2492,0.2436,0.2467,15535279.6
2026-04-20 08:00:00,0.2467,0.2486,0.2443,0.2465,13984713.2
2026-04-20 12:00:00,0.2465,0.2494,0.2448,0.2478,21760753.9
2026-04-20 16:00:00,0.2478,0.2502,0.2456,0.2489,18077260.2
2026-04-20 20:00:00,0.2488,0.2514,0.2476,0.2479,18708465.9
2026-04-21 00:00:00,0.2479,0.2498,0.2465,0.247,11108879.4
2026-04-21 04:00:00,0.247,0.2503,0.2469,0.2495,10728642.8
2026-04-21 08:00:00,0.2494,0.2525,0.2493,0.2502,17822654.9
2026-04-21 12:00:00,0.2502,0.2507,0.2475,0.2488,19901527.7
2026-04-21 16:00:00,0.2488,0.2494,0.2441,0.2447,26940624.3
2026-04-21 20:00:00,0.2448,0.2501,0.2446,0.2499,18683507.8
2026-04-22 00:00:00,0.2499,0.2554,0.2488,0.2542,34826683.0
2026-04-22 04:00:00,0.2543,0.2576,0.2533,0.2548,27884297.7
2026-04-22 08:00:00,0.2549,0.2564,0.2542,0.2556,11508590.4
2026-04-22 12:00:00,0.2557,0.2562,0.254,0.255,22096565.0
2026-04-22 16:00:00,0.2551,0.2556,0.2513,0.2524,14749189.2
2026-04-22 20:00:00,0.2524,0.2526,0.2481,0.2484,15799798.2
2026-04-23 00:00:00,0.2483,0.2496,0.2453,0.2464,27083327.7
2026-04-23 04:00:00,0.2464,0.2484,0.2461,0.2469,13414307.9
2026-04-23 08:00:00,0.2469,0.2481,0.2449,0.2476,20788573.5
2026-04-23 12:00:00,0.2475,0.2508,0.2467,0.2503,20185818.1
2026-04-23 16:00:00,0.2504,0.2508,0.2446,0.2467,32117542.1
2026-04-23 20:00:00,0.2468,0.2504,0.2465,0.2499,12819098.2
2026-04-24 00:00:00,0.2499,0.2519,0.2481,0.2485,16331683.2
2026-04-24 04:00:00,0.2485,0.2496,0.2472,0.249,8366048.7
2026-04-24 08:00:00,0.2489,0.2519,0.248,0.2511,12629359.9
2026-04-24 12:00:00,0.2511,0.2523,0.2489,0.2522,10421567.5
2026-04-24 16:00:00,0.2522,0.2525,0.2506,0.2517,11258791.4
2026-04-24 20:00:00,0.2517,0.253,0.2499,0.2503,10152288.8
2026-04-25 00:00:00,0.2503,0.2522,0.2496,0.2517,15207909.0
2026-04-25 04:00:00,0.2517,0.2529,0.2503,0.2514,20322620.9
2026-04-25 08:00:00,0.2514,0.2539,0.2512,0.2517,11373361.0
2026-04-25 12:00:00,0.2517,0.2537,0.2497,0.2502,15469142.7
2026-04-25 16:00:00,0.2501,0.2507,0.2482,0.2491,10698201.9
2026-04-25 20:00:00,0.2491,0.2506,0.2489,0.2503,4279286.0
2026-04-26 00:00:00,0.2503,0.2503,0.2485,0.2494,5185877.3
2026-04-26 04:00:00,0.2495,0.2521,0.2489,0.2515,8340477.6
2026-04-26 08:00:00,0.2515,0.2544,0.25,0.2535,19219048.6
2026-04-26 12:00:00,0.2536,0.2539,0.2514,0.2529,8544958.5
2026-04-26 16:00:00,0.2529,0.2537,0.2508,0.2524,8987494.6
2026-04-26 20:00:00,0.2525,0.2535,0.2507,0.2522,10486273.3
2026-04-27 00:00:00,0.2522,0.2561,0.2516,0.254,15815680.9
2026-04-27 04:00:00,0.2541,0.2545,0.2463,0.247,28131107.2
2026-04-27 08:00:00,0.2471,0.2482,0.2465,0.2478,14167288.7
2026-04-27 12:00:00,0.2478,0.2487,0.243,0.2446,31678963.7
2026-04-27 16:00:00,0.2446,0.2461,0.2441,0.2453,9329419.3
2026-04-27 20:00:00,0.2454,0.2485,0.245,0.2482,6959531.5
2026-04-28 00:00:00,0.2481,0.2485,0.2465,0.2473,8468563.5
2026-04-28 04:00:00,0.2474,0.2488,0.245,0.2471,14452275.5
2026-04-28 08:00:00,0.247,0.2472,0.245,0.2456,11152533.1
2026-04-28 12:00:00,0.2457,0.2474,0.2443,0.2465,14512685.1
2026-04-28 16:00:00,0.2466,0.2477,0.2452,0.2474,6902320.0
2026-04-28 20:00:00,0.2474,0.2482,0.2463,0.2468,5064187.4
2026-04-29 00:00:00,0.2468,0.2495,0.2461,0.2491,10130415.1
2026-04-29 04:00:00,0.2491,0.2506,0.2484,0.2495,18184980.3
2026-04-29 08:00:00,0.2495,0.254,0.2492,0.2513,26852432.9
2026-04-29 12:00:00,0.2513,0.2514,0.2434,0.2441,35230532.3
2026-04-29 16:00:00,0.2441,0.2453,0.2383,0.2417,52160109.2
2026-04-29 20:00:00,0.2417,0.245,0.2413,0.2446,15162302.7
2026-04-30 00:00:00,0.2446,0.2478,0.2445,0.2468,20756191.0
2026-04-30 04:00:00,0.2467,0.247,0.2445,0.2468,8944593.8
2026-04-30 08:00:00,0.2467,0.2484,0.2454,0.2462,12309852.4
2026-04-30 12:00:00,0.2462,0.2483,0.245,0.2475,11386499.8
2026-04-30 16:00:00,0.2475,0.2476,0.2453,0.2463,6861681.2
2026-04-30 20:00:00,0.2463,0.2474,0.2454,0.2463,7124291.3
2026-05-01 00:00:00,0.2463,0.2504,0.246,0.2488,13588847.1
2026-05-01 04:00:00,0.2488,0.2499,0.2479,0.2486,9435873.9
2026-05-01 08:00:00,0.2487,0.2497,0.247,0.2478,8904993.7
2026-05-01 12:00:00,0.2479,0.2515,0.2477,0.2502,25106357.3
2026-05-01 16:00:00,0.2503,0.2509,0.2489,0.2498,9541322.1
2026-05-01 20:00:00,0.2498,0.2501,0.2475,0.2482,7247766.2
2026-05-02 00:00:00,0.2483,0.2488,0.2476,0.2481,6176095.7
2026-05-02 04:00:00,0.2481,0.2483,0.247,0.2476,6962826.7
2026-05-02 08:00:00,0.2476,0.2492,0.2474,0.2482,5931537.5
2026-05-02 12:00:00,0.2482,0.2502,0.2476,0.25,5730800.6
2026-05-02 16:00:00,0.25,0.2514,0.2491,0.2513,9443830.7
2026-05-02 20:00:00,0.2513,0.2528,0.25,0.2501,11426813.2
2026-05-03 00:00:00,0.2502,0.2505,0.2475,0.2481,10485933.7
2026-05-03 04:00:00,0.2481,0.2496,0.2475,0.2488,7691542.2
2026-05-03 08:00:00,0.2488,0.2505,0.2482,0.2496,8285046.3
2026-05-03 12:00:00,0.2497,0.2512,0.2495,0.2507,7507468.8
2026-05-03 16:00:00,0.2507,0.2514,0.2504,0.2509,6603707.7
2026-05-03 20:00:00,0.2509,0.2518,0.2485,0.2495,18022428.5
2026-05-04 00:00:00,0.2495,0.2545,0.2473,0.2537,27351280.6
2026-05-04 04:00:00,0.2537,0.255,0.2509,0.2517,20548760.5
2026-05-04 08:00:00,0.2517,0.2535,0.247,0.2485,30957778.7
2026-05-04 12:00:00,0.2485,0.2533,0.2482,0.2508,28467543.0
2026-05-04 16:00:00,0.2508,0.2528,0.2495,0.2511,15394976.6
2026-05-04 20:00:00,0.251,0.2516,0.2494,0.2499,8582549.9
2026-05-05 00:00:00,0.25,0.253,0.2497,0.2526,14731786.0
2026-05-05 04:00:00,0.2526,0.2583,0.252,0.2566,30314666.3
2026-05-05 08:00:00,0.2567,0.2599,0.2564,0.2585,31755862.4
2026-05-05 12:00:00,0.2585,0.2597,0.2558,0.2568,25098791.0
2026-05-05 16:00:00,0.2569,0.2589,0.2561,0.2587,11748718.3
2026-05-05 20:00:00,0.2587,0.2657,0.2584,0.262,42514750.9
2026-05-06 00:00:00,0.2619,0.2644,0.26,0.264,18723934.3
2026-05-06 04:00:00,0.264,0.2653,0.262,0.265,20920339.3
2026-05-06 08:00:00,0.265,0.2738,0.2647,0.2718,65133934.0
2026-05-06 12:00:00,0.2718,0.2723,0.2628,0.2676,44294150.2
2026-05-06 16:00:00,0.2676,0.2683,0.2649,0.2664,12487199.2
2026-05-06 20:00:00,0.2664,0.2689,0.2643,0.267,11451362.0
2026-05-07 00:00:00,0.2669,0.2674,0.2632,0.2638,19492277.6
2026-05-07 04:00:00,0.2637,0.2687,0.2635,0.2684,16374031.2
2026-05-07 08:00:00,0.2684,0.2689,0.2657,0.268,13653139.4
2026-05-07 12:00:00,0.2679,0.2704,0.2611,0.2618,31010792.5
2026-05-07 16:00:00,0.2619,0.2643,0.2596,0.263,18495960.1
2026-05-07 20:00:00,0.2631,0.2647,0.2608,0.2627,9875646.1
2026-05-08 00:00:00,0.2627,0.2634,0.2601,0.2619,9948625.5
2026-05-08 04:00:00,0.2619,0.2627,0.2605,0.262,9482493.0
2026-05-08 08:00:00,0.2621,0.2648,0.2617,0.2644,9668354.3
2026-05-08 12:00:00,0.2644,0.2697,0.2628,0.2696,16606095.4
2026-05-08 16:00:00,0.2697,0.2734,0.2677,0.2718,23079116.8
2026-05-08 20:00:00,0.2718,0.2788,0.271,0.2734,28627782.0
2026-05-09 00:00:00,0.2735,0.2785,0.2731,0.2763,16263874.4
2026-05-09 04:00:00,0.2763,0.2781,0.2741,0.2752,12362245.3
2026-05-09 08:00:00,0.2752,0.2767,0.2722,0.2736,7895149.4
2026-05-09 12:00:00,0.2736,0.2742,0.27,0.2704,10134369.7
2026-05-09 16:00:00,0.2705,0.2731,0.2695,0.2727,8684982.2
2026-05-09 20:00:00,0.2727,0.2728,0.2704,0.2708,4657783.1
2026-05-10 00:00:00,0.2708,0.2719,0.2688,0.27,9217347.6
2026-05-10 04:00:00,0.27,0.2713,0.2682,0.2707,8420410.3
2026-05-10 08:00:00,0.2706,0.2736,0.2705,0.2728,12709622.7
2026-05-10 12:00:00,0.2727,0.2825,0.272,0.2815,25349657.8
2026-05-10 16:00:00,0.2816,0.2887,0.2802,0.287,44754612.6
2026-05-10 20:00:00,0.2871,0.2882,0.2751,0.2824,39910833.8
2026-05-11 00:00:00,0.2824,0.2829,0.274,0.2765,22449517.1
2026-05-11 04:00:00,0.2765,0.2799,0.2753,0.2778,12538977.1
2026-05-11 08:00:00,0.2777,0.2812,0.2758,0.2794,15981794.3
2026-05-11 12:00:00,0.2794,0.2836,0.2777,0.2824,25669844.2
2026-05-11 16:00:00,0.2824,0.283,0.2794,0.2812,9322613.7
2026-05-11 20:00:00,0.2813,0.282,0.2792,0.2804,10958384.8
2026-05-12 00:00:00,0.2803,0.2819,0.2764,0.2772,14778912.2
2026-05-12 04:00:00,0.2771,0.2784,0.275,0.2769,12976793.7
2026-05-12 08:00:00,0.2768,0.2777,0.2734,0.2745,16290222.9
2026-05-12 12:00:00,0.2744,0.2754,0.2679,0.2691,25405532.5
2026-05-12 16:00:00,0.2691,0.2726,0.2672,0.272,18828968.9
2026-05-12 20:00:00,0.2721,0.273,0.2707,0.2711,8633096.7
2026-05-13 00:00:00,0.2712,0.2744,0.2709,0.2741,14689307.4
2026-05-13 04:00:00,0.2742,0.2749,0.2725,0.2733,8609277.4
2026-05-13 08:00:00,0.2733,0.2777,0.2703,0.2706,16136491.0
2026-05-13 12:00:00,0.2706,0.2716,0.2612,0.262,41825126.2
2026-05-13 16:00:00,0.262,0.266,0.2619,0.2639,15367167.4
2026-05-13 20:00:00,0.2638,0.2664,0.263,0.2648,14089810.6
2026-05-14 00:00:00,0.2648,0.2662,0.2623,0.263,10391997.5
2026-05-14 04:00:00,0.2629,0.2667,0.2625,0.2645,8976724.7
2026-05-14 08:00:00,0.2645,0.2658,0.2637,0.264,6201242.8
2026-05-14 12:00:00,0.264,0.2709,0.2638,0.2703,21073859.3
2026-05-14 16:00:00,0.2703,0.2804,0.2694,0.274,47279869.4
2026-05-14 20:00:00,0.274,0.2744,0.2698,0.2706,25746172.4
2026-05-15 00:00:00,0.2705,0.2729,0.2684,0.2698,10464857.5
2026-05-15 04:00:00,0.2698,0.2701,0.2649,0.2683,13276855.0
2026-05-15 08:00:00,0.2684,0.2687,0.2661,0.2672,8297950.7
2026-05-15 12:00:00,0.2671,0.2672,0.2568,0.2583,44416867.1
2026-05-15 16:00:00,0.2582,0.2628,0.2577,0.261,17996452.3
2026-05-15 20:00:00,0.2611,0.262,0.2601,0.2616,8313500.3
2026-05-16 00:00:00,0.2615,0.2625,0.2607,0.2612,6275614.2
2026-05-16 04:00:00,0.2612,0.2613,0.2532,0.2554,23276081.1
2026-05-16 08:00:00,0.2554,0.2562,0.2521,0.2541,18556780.8
2026-05-16 12:00:00,0.254,0.2561,0.2537,0.2556,9227447.4
2026-05-16 16:00:00,0.2556,0.2565,0.255,0.2551,8976948.0
2026-05-16 20:00:00,0.2552,0.2558,0.254,0.2551,8858354.3
2026-05-17 00:00:00,0.255,0.2555,0.2527,0.2544,10319912.9
2026-05-17 04:00:00,0.2543,0.2569,0.2542,0.2562,6095047.9
2026-05-17 08:00:00,0.2563,0.2582,0.2555,0.2566,6750113.4
2026-05-17 12:00:00,0.2566,0.2572,0.2535,0.2552,10134729.3
2026-05-17 16:00:00,0.2552,0.2556,0.253,0.2553,6482735.9
2026-05-17 20:00:00,0.2553,0.256,0.2452,0.2521,43340546.1
2026-05-18 00:00:00,0.2521,0.2531,0.2488,0.2502,19828733.1
2026-05-18 04:00:00,0.2502,0.252,0.247,0.2494,23596572.7
2026-05-18 08:00:00,0.2494,0.2521,0.2479,0.2506,11916961.1
2026-05-18 12:00:00,0.2506,0.2525,0.2462,0.2482,29182018.8
2026-05-18 16:00:00,0.2483,0.2514,0.2464,0.2508,19488390.2
2026-05-18 20:00:00,0.2509,0.253,0.2497,0.2516,9745421.7
2026-05-19 00:00:00,0.2517,0.2536,0.2505,0.2515,14327174.5
2026-05-19 04:00:00,0.2516,0.2532,0.2506,0.2526,11020631.4
2026-05-19 08:00:00,0.2525,0.2525,0.2481,0.2486,18594517.5
2026-05-19 12:00:00,0.2486,0.2512,0.2471,0.2485,20666144.5
2026-05-19 16:00:00,0.2485,0.2501,0.248,0.2484,8008469.9
2026-05-19 20:00:00,0.2484,0.2498,0.2475,0.2482,5248239.6
2026-05-20 00:00:00,0.2482,0.2488,0.2469,0.2482,13352757.5
2026-05-20 04:00:00,0.2483,0.251,0.2478,0.2491,12976665.2
2026-05-20 08:00:00,0.2492,0.2506,0.2483,0.2488,7489160.6
2026-05-20 12:00:00,0.2489,0.2515,0.2473,0.2502,20863604.3
2026-05-20 16:00:00,0.2503,0.2514,0.2481,0.2502,19716255.2
2026-05-20 20:00:00,0.2503,0.2509,0.2483,0.2492,8825850.7
2026-05-21 00:00:00,0.2492,0.2523,0.2489,0.2521,13439765.8
2026-05-21 04:00:00,0.2522,0.2527,0.2476,0.2492,20547692.4
2026-05-21 08:00:00,0.2491,0.2505,0.2458,0.2467,17024003.3
2026-05-21 12:00:00,0.2467,0.2497,0.2463,0.2485,16762981.0
2026-05-21 16:00:00,0.2486,0.2537,0.2478,0.2524,28409401.4
2026-05-21 20:00:00,0.2524,0.2532,0.2499,0.2507,10969201.7
2026-05-22 00:00:00,0.2507,0.252,0.2491,0.2517,8499028.2
2026-05-22 04:00:00,0.2518,0.253,0.2494,0.2516,13514691.7
2026-05-22 08:00:00,0.2516,0.2528,0.2507,0.2526,10546528.3
2026-05-22 12:00:00,0.2526,0.2546,0.248,0.2497,33647871.3
2026-05-22 16:00:00,0.2497,0.2503,0.2424,0.2443,50061467.3
2026-05-22 20:00:00,0.2444,0.2468,0.241,0.2424,18434551.2
2026-05-23 00:00:00,0.2424,0.2442,0.2416,0.2438,15495574.5
2026-05-23 04:00:00,0.2438,0.2438,0.2358,0.2378,36205830.2
2026-05-23 08:00:00,0.2378,0.2394,0.2369,0.2382,19436169.1
2026-05-23 12:00:00,0.2381,0.2438,0.2378,0.2423,24324074.1
2026-05-23 16:00:00,0.2424,0.2454,0.2418,0.2443,13752901.1
2026-05-23 20:00:00,0.2443,0.2508,0.2438,0.246,29684423.8
2026-05-24 00:00:00,0.2461,0.247,0.2448,0.2454,11547032.9
2026-05-24 04:00:00,0.2454,0.2465,0.2451,0.2454,6945010.4
2026-05-24 08:00:00,0.2455,0.2467,0.2451,0.2457,10079856.4
2026-05-24 12:00:00,0.2457,0.2457,0.241,0.243,10790823.0
2026-05-24 16:00:00,0.2429,0.2436,0.242,0.2425,5527541.7
2026-05-24 20:00:00,0.2426,0.2428,0.2385,0.2423,17357788.2
2026-05-25 00:00:00,0.2424,0.2433,0.2404,0.241,9308668.6
2026-05-25 04:00:00,0.241,0.2451,0.2407,0.2451,17097129.2
2026-05-25 08:00:00,0.2451,0.2462,0.244,0.2449,17055641.2
2026-05-25 12:00:00,0.245,0.2473,0.2444,0.2461,11533525.6
2026-05-25 16:00:00,0.2461,0.248,0.245,0.2455,9187350.4
2026-05-25 20:00:00,0.2454,0.2461,0.2423,0.2437,8350831.2
2026-05-26 00:00:00,0.2436,0.2438,0.2394,0.2408,17272674.5
2026-05-26 04:00:00,0.2409,0.243,0.2405,0.2412,14038368.1
2026-05-26 08:00:00,0.2413,0.2457,0.2412,0.2443,14396903.7
2026-05-26 12:00:00,0.2443,0.2473,0.2412,0.2427,26978831.4
2026-05-26 16:00:00,0.2427,0.2428,0.2381,0.2402,30099562.2
2026-05-26 20:00:00,0.2403,0.241,0.2392,0.2401,6956708.9
2026-05-27 00:00:00,0.2401,0.2419,0.2392,0.2401,10426322.5
2026-05-27 04:00:00,0.2401,0.2409,0.237,0.2404,16562694.4
2026-05-27 08:00:00,0.2404,0.2413,0.2389,0.2396,9403218.0
2026-05-27 12:00:00,0.2397,0.2435,0.2374,0.2415,28774904.5
2026-05-27 16:00:00,0.2415,0.242,0.2378,0.241,13671526.7
2026-05-27 20:00:00,0.241,0.2413,0.236,0.2372,26271094.9
2026-05-28 00:00:00,0.2372,0.2384,0.2316,0.2322,27615019.8
2026-05-28 04:00:00,0.2322,0.2323,0.228,0.2315,37203796.2
2026-05-28 08:00:00,0.2315,0.2321,0.2294,0.2302,16795368.0
2026-05-28 12:00:00,0.2302,0.2341,0.2291,0.233,26271339.1
2026-05-28 16:00:00,0.233,0.2377,0.2316,0.2345,20649664.4
2026-05-28 20:00:00,0.2345,0.2363,0.2336,0.2349,9508026.5
2026-05-29 00:00:00,0.2349,0.236,0.2328,0.2334,8001377.9
2026-05-29 04:00:00,0.2334,0.237,0.2325,0.2349,7405081.6
2026-05-29 08:00:00,0.2349,0.236,0.2328,0.2335,5645814.6
2026-05-29 12:00:00,0.2335,0.2381,0.2298,0.2358,25127745.4
2026-05-29 16:00:00,0.2358,0.2363,0.2306,0.2329,27405179.8
2026-05-29 20:00:00,0.2329,0.234,0.2317,0.2329,10430440.5
2026-05-30 00:00:00,0.233,0.2394,0.2327,0.2364,30068452.1
2026-05-30 04:00:00,0.2365,0.2371,0.2339,0.2353,15681958.2
2026-05-30 08:00:00,0.2353,0.2356,0.234,0.2353,6402099.0
2026-05-30 12:00:00,0.2353,0.237,0.2349,0.2365,10560689.3
2026-05-30 16:00:00,0.2365,0.2379,0.2358,0.2372,7912858.2
2026-05-30 20:00:00,0.2373,0.2384,0.2353,0.236,11069097.7
2026-05-31 00:00:00,0.236,0.2385,0.2356,0.2381,9318629.4
2026-05-31 04:00:00,0.2381,0.2388,0.2363,0.2366,6169457.1
2026-05-31 08:00:00,0.2366,0.2381,0.2356,0.2371,6296446.0
2026-05-31 12:00:00,0.2371,0.2381,0.2335,0.2338,19977289.6
2026-05-31 16:00:00,0.2339,0.2343,0.2319,0.2328,12196442.4
2026-05-31 20:00:00,0.2329,0.2371,0.2328,0.2357,9221133.6
2026-06-01 00:00:00,0.2357,0.2376,0.2328,0.2369,14554160.0
2026-06-01 04:00:00,0.2369,0.2376,0.2307,0.231,19474292.0
2026-06-01 08:00:00,0.231,0.2324,0.2294,0.2302,22928125.0
2026-06-01 12:00:00,0.2303,0.2316,0.2254,0.227,40777198.1
2026-06-01 16:00:00,0.227,0.2319,0.2262,0.2314,16832022.9
2026-06-01 20:00:00,0.2314,0.2317,0.2284,0.2311,9736193.9
2026-06-02 00:00:00,0.2311,0.2313,0.2247,0.228,18601272.9
2026-06-02 04:00:00,0.228,0.2286,0.2227,0.224,25561419.4
2026-06-02 08:00:00,0.224,0.2247,0.2224,0.2232,13214752.8
2026-06-02 12:00:00,0.2231,0.2239,0.2138,0.2154,79647725.3
2026-06-02 16:00:00,0.2153,0.2193,0.2119,0.2157,61602646.1
2026-06-02 20:00:00,0.2157,0.2184,0.2094,0.213,39286817.2
2026-06-03 00:00:00,0.213,0.2146,0.2074,0.2088,27766019.9
2026-06-03 04:00:00,0.2088,0.2182,0.2088,0.2171,29747773.1
2026-06-03 08:00:00,0.2172,0.2184,0.2154,0.2162,30101087.2
2026-06-03 12:00:00,0.2161,0.2165,0.2116,0.212,43937466.6
2026-06-03 16:00:00,0.212,0.2122,0.2043,0.2048,53163796.1
2026-06-03 20:00:00,0.2048,0.2066,0.2001,0.2004,60138820.9
2026-06-04 00:00:00,0.2004,0.2019,0.1877,0.1998,114872694.3
2026-06-04 04:00:00,0.1999,0.2012,0.1947,0.1948,36622578.1
2026-06-04 08:00:00,0.1949,0.1957,0.1871,0.1903,65914067.8
2026-06-04 12:00:00,0.1902,0.1927,0.1871,0.1889,60049929.1
2026-06-04 16:00:00,0.1889,0.1906,0.1857,0.1866,44915067.3
2026-06-04 20:00:00,0.1866,0.1868,0.1788,0.1798,57571504.1
2026-06-05 00:00:00,0.1798,0.1798,0.1581,0.1584,148798442.5
2026-06-05 04:00:00,0.1585,0.1692,0.1583,0.1635,109824516.2
2026-06-05 08:00:00,0.1634,0.1664,0.1587,0.1624,71585515.2
2026-06-05 12:00:00,0.1623,0.1652,0.1564,0.1573,87300452.7
2026-06-05 16:00:00,0.1572,0.1638,0.1544,0.1606,85629410.1
2026-06-05 20:00:00,0.1606,0.1639,0.1551,0.1567,59446172.8
2026-06-06 00:00:00,0.1567,0.1624,0.1538,0.1552,48978757.5
2026-06-06 04:00:00,0.1551,0.1584,0.1486,0.1574,120842732.6
2026-06-06 08:00:00,0.1574,0.1603,0.1536,0.1563,50133782.8
2026-06-06 12:00:00,0.1564,0.1617,0.155,0.1585,54504477.9
2026-06-06 16:00:00,0.1584,0.1602,0.1567,0.1569,33698248.9
2026-06-06 20:00:00,0.1569,0.1587,0.1556,0.1573,22968153.6
2026-06-07 00:00:00,0.1574,0.1622,0.1568,0.1614,34695522.0
2026-06-07 04:00:00,0.1614,0.1631,0.1597,0.1624,37594959.7
2026-06-07 08:00:00,0.1624,0.167,0.1617,0.1647,52848524.6
2026-06-07 12:00:00,0.1647,0.165,0.1605,0.1622,38058467.2
2026-06-07 16:00:00,0.1623,0.164,0.158,0.1586,35769456.9
2026-06-07 20:00:00,0.1585,0.1688,0.1581,0.1653,51771525.5
2026-06-08 00:00:00,0.1653,0.1666,0.1615,0.1641,27156176.8
2026-06-08 04:00:00,0.1641,0.1644,0.16,0.1639,22705186.7
2026-06-08 08:00:00,0.1639,0.1683,0.1623,0.1676,41308768.8
2026-06-08 12:00:00,0.1677,0.1714,0.1649,0.1693,48813230.2
2026-06-08 16:00:00,0.1694,0.1727,0.1672,0.1719,35438117.0
2026-06-08 20:00:00,0.1719,0.1745,0.1688,0.1704,24500613.0
2026-06-09 00:00:00,0.1704,0.1708,0.1657,0.1664,28207678.1
2026-06-09 04:00:00,0.1663,0.1711,0.1651,0.1703,22171826.4
2026-06-09 08:00:00,0.1703,0.1705,0.1667,0.1674,19816377.3
2026-06-09 12:00:00,0.1674,0.1698,0.1627,0.1631,37288851.4
2026-06-09 16:00:00,0.163,0.169,0.1608,0.1685,39810748.0
2026-06-09 20:00:00,0.1686,0.1699,0.1649,0.1653,16022407.6
2026-06-10 00:00:00,0.1653,0.1669,0.1613,0.1624,22302001.6
2026-06-10 04:00:00,0.1624,0.163,0.1597,0.1614,27481394.4
2026-06-10 08:00:00,0.1613,0.1616,0.1586,0.1596,27282386.4
2026-06-10 12:00:00,0.1595,0.1668,0.1591,0.165,51433567.9
2026-06-10 16:00:00,0.165,0.1652,0.1603,0.1608,34162140.0
2026-06-10 20:00:00,0.1608,0.1617,0.1582,0.1607,23479139.8
2026-06-11 00:00:00,0.1607,0.1673,0.1607,0.1665,29291874.3
2026-06-11 04:00:00,0.1666,0.1678,0.1641,0.1668,28334343.6
2026-06-11 08:00:00,0.1668,0.1681,0.1654,0.1669,25658608.8
2026-06-11 12:00:00,0.1669,0.1674,0.1642,0.1662,30648469.8
2026-06-11 16:00:00,0.1662,0.1719,0.1641,0.1694,49180318.2
2026-06-11 20:00:00,0.1694,0.172,0.1675,0.1707,22412934.9
2026-06-12 00:00:00,0.1707,0.1719,0.1688,0.1718,18589603.9
2026-06-12 04:00:00,0.1719,0.1736,0.1681,0.1692,22564263.5
2026-06-12 08:00:00,0.1692,0.1723,0.1692,0.1714,21982301.4
2026-06-12 12:00:00,0.1713,0.1743,0.1677,0.1705,58083874.7
2026-06-12 16:00:00,0.1705,0.1744,0.1696,0.1708,31668670.7
2026-06-12 20:00:00,0.1709,0.1713,0.1687,0.1697,16377758.4
2026-06-13 00:00:00,0.1697,0.1734,0.1695,0.1704,24132301.5
2026-06-13 04:00:00,0.1705,0.1742,0.169,0.1732,21489265.0
2026-06-13 08:00:00,0.1731,0.1739,0.1721,0.1734,13697713.4
2026-06-13 12:00:00,0.1735,0.1758,0.1731,0.175,14772014.8
2026-06-13 16:00:00,0.175,0.1751,0.1715,0.1722,15532604.8
2026-06-13 20:00:00,0.1721,0.1735,0.1712,0.1718,16177702.3
2026-06-14 00:00:00,0.1718,0.1737,0.1714,0.1731,15566485.8
2026-06-14 04:00:00,0.1731,0.1733,0.1709,0.1711,11135853.8
2026-06-14 08:00:00,0.1711,0.1719,0.1695,0.1698,16709002.7
2026-06-14 12:00:00,0.1698,0.17,0.1654,0.167,28790169.9
2026-06-14 16:00:00,0.167,0.1677,0.1658,0.1661,15935296.1
2026-06-14 20:00:00,0.1661,0.1839,0.1658,0.183,64645589.0
2026-06-15 00:00:00,0.183,0.187,0.1794,0.1813,60833263.0
2026-06-15 04:00:00,0.1812,0.182,0.1795,0.1802,20481521.5
2026-06-15 08:00:00,0.1803,0.1856,0.18,0.1852,34324932.2
2026-06-15 12:00:00,0.1852,0.19,0.1844,0.1889,63385788.2
2026-06-15 16:00:00,0.1889,0.1897,0.185,0.1862,34303493.4
2026-06-15 20:00:00,0.1862,0.1866,0.1768,0.1786,41529174.5
2026-06-16 00:00:00,0.1785,0.1793,0.1755,0.1772,21101291.2
2026-06-16 04:00:00,0.1773,0.1793,0.1757,0.1788,16948307.8
2026-06-16 08:00:00,0.1787,0.1814,0.1783,0.1788,24157979.4
2026-06-16 12:00:00,0.1789,0.1814,0.1728,0.1741,32861887.0
2026-06-16 16:00:00,0.1741,0.1766,0.1719,0.1732,29868668.0
2026-06-16 20:00:00,0.1733,0.1756,0.172,0.1724,26205414.7
2026-06-17 00:00:00,0.1723,0.175,0.171,0.173,27963775.4
2026-06-17 04:00:00,0.1731,0.1738,0.1703,0.1713,23131890.0
2026-06-17 08:00:00,0.1713,0.1714,0.1678,0.1688,31353842.6
2026-06-17 12:00:00,0.1689,0.1715,0.167,0.1714,49810848.2
2026-06-17 16:00:00,0.1714,0.1729,0.1648,0.1656,60485850.9
2026-06-17 20:00:00,0.1655,0.1675,0.1637,0.1669,24551225.7
2026-06-18 00:00:00,0.1669,0.1689,0.1665,0.1669,10902775.8
2026-06-18 04:00:00,0.1669,0.1673,0.1639,0.1669,20320287.2
2026-06-18 08:00:00,0.1669,0.1675,0.1646,0.165,17481470.0
2026-06-18 12:00:00,0.1651,0.1665,0.1598,0.1604,41718112.4
2026-06-18 16:00:00,0.1603,0.1634,0.1601,0.163,23244489.8
2026-06-18 20:00:00,0.1631,0.1642,0.1624,0.1637,10358956.4
2026-06-19 00:00:00,0.1637,0.1651,0.1611,0.1621,17700255.6
2026-06-19 04:00:00,0.1622,0.1624,0.1586,0.1596,19936627.5
2026-06-19 08:00:00,0.1597,0.1611,0.1591,0.1599,13256973.6
2026-06-19 12:00:00,0.1599,0.1629,0.1587,0.1618,16997083.9
2026-06-19 16:00:00,0.1619,0.1624,0.1603,0.1608,11089934.8
2026-06-19 20:00:00,0.1609,0.1624,0.1604,0.1621,7938894.7
2026-06-20 00:00:00,0.1621,0.164,0.1616,0.1625,9650600.9
2026-06-20 04:00:00,0.1625,0.1651,0.1623,0.1629,11163019.1
2026-06-20 08:00:00,0.1629,0.164,0.1622,0.1629,7734232.8
2026-06-20 12:00:00,0.1629,0.1633,0.16,0.1623,20391691.5
2026-06-20 16:00:00,0.1623,0.1625,0.1601,0.1613,13812271.7
2026-06-20 20:00:00,0.1614,0.1639,0.1612,0.1633,9527261.3
2026-06-21 00:00:00,0.1633,0.1636,0.162,0.1626,8986845.9
2026-06-21 04:00:00,0.1627,0.1628,0.1601,0.1616,15689935.3
2026-06-21 08:00:00,0.1616,0.1626,0.16,0.161,13076458.7
2026-06-21 12:00:00,0.1609,0.1629,0.1603,0.1623,8832848.3
2026-06-21 16:00:00,0.1624,0.1625,0.1609,0.162,6639379.7
2026-06-21 20:00:00,0.162,0.1623,0.1563,0.1566,31559457.7
2026-06-22 00:00:00,0.1566,0.163,0.1566,0.1582,23624278.7
2026-06-22 04:00:00,0.1582,0.1621,0.1579,0.1618,12636019.9
2026-06-22 08:00:00,0.1618,0.1624,0.1598,0.1617,14595440.7
2026-06-22 12:00:00,0.1617,0.1633,0.1589,0.1595,22610644.5
2026-06-22 16:00:00,0.1596,0.1601,0.1577,0.159,15168447.2
2026-06-22 20:00:00,0.159,0.1601,0.1572,0.1585,12226835.0
2026-06-23 00:00:00,0.1586,0.16,0.1576,0.1599,13556890.6
2026-06-23 04:00:00,0.16,0.1601,0.1536,0.1546,32808562.9
2026-06-23 08:00:00,0.1547,0.1548,0.1508,0.1537,38398814.8
2026-06-23 12:00:00,0.1536,0.1537,0.1498,0.151,54155190.4
2026-06-23 16:00:00,0.151,0.152,0.1493,0.1501,36546866.4
2026-06-23 20:00:00,0.1502,0.1524,0.1499,0.1515,15944945.9
2026-06-24 00:00:00,0.1514,0.1544,0.1512,0.1522,20220627.6
2026-06-24 04:00:00,0.1522,0.1531,0.1502,0.1506,15461314.1
2026-06-24 08:00:00,0.1506,0.1513,0.1458,0.1483,59331749.5
2026-06-24 12:00:00,0.1483,0.1489,0.1435,0.1439,63334909.7
2026-06-24 16:00:00,0.1439,0.1445,0.1396,0.1412,78126445.6
2026-06-24 20:00:00,0.1412,0.1494,0.1408,0.1477,48978305.2
2026-06-25 00:00:00,0.1477,0.1492,0.147,0.1475,24033452.4
2026-06-25 04:00:00,0.1475,0.1508,0.1471,0.1499,20125840.2
2026-06-25 08:00:00,0.1499,0.1501,0.1473,0.1476,14681630.2
2026-06-25 12:00:00,0.1477,0.1489,0.1382,0.1432,74436590.9
2026-06-25 16:00:00,0.1432,0.1452,0.1406,0.1411,25672468.3
2026-06-25 20:00:00,0.1412,0.1444,0.1412,0.1438,15072350.4
2026-06-26 00:00:00,0.1438,0.1444,0.1385,0.1427,30979153.6
2026-06-26 04:00:00,0.1428,0.1473,0.1415,0.1466,29569913.5
2026-06-26 08:00:00,0.1467,0.1469,0.1427,0.1433,18926642.0
2026-06-26 12:00:00,0.1434,0.1483,0.1412,0.1481,46249678.7
2026-06-26 16:00:00,0.1481,0.15,0.1465,0.1477,29304637.8
2026-06-26 20:00:00,0.1477,0.1494,0.1464,0.1484,24722783.7
2026-06-27 00:00:00,0.1485,0.1497,0.1473,0.1483,21350075.5
2026-06-27 04:00:00,0.1483,0.1491,0.1471,0.1476,12704818.7
2026-06-27 08:00:00,0.1476,0.1478,0.1464,0.1472,11760587.2
2026-06-27 12:00:00,0.1473,0.1494,0.1467,0.1489,14434064.5
2026-06-27 16:00:00,0.1489,0.1491,0.1448,0.1453,18946885.9
2026-06-27 20:00:00,0.1453,0.1461,0.1438,0.1453,10408848.2
2026-06-28 00:00:00,0.1453,0.146,0.1446,0.1454,6016467.7
2026-06-28 04:00:00,0.1454,0.1456,0.1434,0.1452,8371781.3
2026-06-28 08:00:00,0.1453,0.1465,0.1443,0.1454,8060036.5
2026-06-28 12:00:00,0.1453,0.1457,0.1441,0.1445,10981979.9
2026-06-28 16:00:00,0.1446,0.1447,0.1422,0.1429,14228553.4
2026-06-28 20:00:00,0.1428,0.1445,0.1412,0.1438,13792010.1
2026-06-29 00:00:00,0.1438,0.146,0.1419,0.1452,15473950.9
2026-06-29 04:00:00,0.1451,0.1464,0.1427,0.1451,13332891.1
2026-06-29 08:00:00,0.145,0.146,0.1437,0.1449,16481945.3
2026-06-29 12:00:00,0.1449,0.1469,0.1432,0.1455,35491283.7
2026-06-29 16:00:00,0.1455,0.1488,0.1447,0.1477,15142361.9
2026-06-29 20:00:00,0.1476,0.1478,0.1455,0.1458,8952899.9
2026-06-30 00:00:00,0.1458,0.146,0.1437,0.1443,11276607.5
2026-06-30 04:00:00,0.1443,0.1457,0.144,0.145,11154119.7
2026-06-30 08:00:00,0.1451,0.1452,0.1438,0.144,14205741.8
2026-06-30 12:00:00,0.144,0.1456,0.1421,0.1444,36326897.9
2026-06-30 16:00:00,0.1444,0.1465,0.1436,0.1449,23010214.3
2026-06-30 20:00:00,0.1448,0.145,0.1435,0.1444,9871498.3
2026-07-01 00:00:00,0.1444,0.1509,0.142,0.1495,46721018.3
2026-07-01 04:00:00,0.1495,0.153,0.1488,0.1501,60439950.5
2026-07-01 08:00:00,0.1501,0.1524,0.149,0.1508,29590374.5
2026-07-01 12:00:00,0.1508,0.1581,0.1503,0.1553,68221832.2
2026-07-01 16:00:00,0.1553,0.1559,0.1527,0.1534,25463157.7
2026-07-01 20:00:00,0.1535,0.158,0.1529,0.1539,26509523.6
2026-07-02 00:00:00,0.1539,0.1566,0.1526,0.1563,28690690.7
2026-07-02 04:00:00,0.1563,0.1563,0.1542,0.1551,14347714.6
2026-07-02 08:00:00,0.1552,0.1603,0.1549,0.1597,36493707.9
2026-07-02 12:00:00,0.1596,0.1628,0.1587,0.1608,34017322.2
2026-07-02 16:00:00,0.1608,0.1627,0.1589,0.1597,24319758.5
2026-07-02 20:00:00,0.1598,0.163,0.1596,0.1615,27166079.2
2026-07-03 00:00:00,0.1615,0.1685,0.1606,0.1668,53689444.1
2026-07-03 04:00:00,0.1668,0.167,0.1632,0.1651,30231209.3
2026-07-03 08:00:00,0.1651,0.17,0.1648,0.1696,41853090.4
2026-07-03 12:00:00,0.1696,0.1737,0.1679,0.1735,35922266.1
2026-07-03 16:00:00,0.1736,0.1832,0.1718,0.1811,96023814.8
2026-07-03 20:00:00,0.181,0.183,0.1782,0.1798,45008262.8
2026-07-04 00:00:00,0.1798,0.1803,0.1763,0.177,33330755.8
2026-07-04 04:00:00,0.1771,0.1801,0.1751,0.1759,28946515.2
2026-07-04 08:00:00,0.1759,0.1776,0.175,0.1765,19742357.3
2026-07-04 12:00:00,0.1766,0.192,0.1765,0.1909,81944389.4
2026-07-04 16:00:00,0.1909,0.2,0.1909,0.1931,135125257.6
2026-07-04 20:00:00,0.1932,0.1943,0.1905,0.1922,24281017.6
2026-07-05 00:00:00,0.1921,0.1952,0.1893,0.1904,48867677.7
2026-07-05 04:00:00,0.1903,0.1943,0.1882,0.1931,26967747.0
2026-07-05 08:00:00,0.1931,0.1937,0.1851,0.1868,35643249.1
2026-07-05 12:00:00,0.1867,0.1908,0.1853,0.1892,26557824.5
2026-07-05 16:00:00,0.1892,0.1914,0.1884,0.1891,22268505.1
2026-07-05 20:00:00,0.1891,0.1927,0.1875,0.1895,29875053.1
2026-07-06 00:00:00,0.1895,0.1907,0.1874,0.1881,21220729.9
2026-07-06 04:00:00,0.1881,0.1885,0.1829,0.1842,23389242.0
2026-07-06 08:00:00,0.1842,0.1864,0.1816,0.1825,19550760.0
2026-07-06 12:00:00,0.1824,0.1865,0.178,0.186,45730443.8
2026-07-06 16:00:00,0.1861,0.1865,0.1828,0.1841,31551645.0
2026-07-06 20:00:00,0.1841,0.1871,0.1827,0.1842,16862742.9
2026-07-07 00:00:00,0.1842,0.1852,0.1807,0.1813,14331807.0
2026-07-07 04:00:00,0.1813,0.1815,0.1788,0.1795,19541530.9
2026-07-07 08:00:00,0.1796,0.1799,0.1765,0.1774,23178443.4
2026-07-07 12:00:00,0.1775,0.1799,0.1755,0.1772,30175570.0
2026-07-07 16:00:00,0.1773,0.1785,0.1749,0.1767,20323118.6
2026-07-07 20:00:00,0.1766,0.177,0.1733,0.1746,11582176.8
2026-07-08 00:00:00,0.1747,0.1763,0.1705,0.1706,25801766.7
2026-07-08 04:00:00,0.1706,0.1715,0.1684,0.1696,19523157.2
2026-07-08 08:00:00,0.1696,0.1697,0.1651,0.1671,31572132.2
2026-07-08 12:00:00,0.1671,0.1696,0.1647,0.1656,24090228.8
2026-07-08 16:00:00,0.1656,0.1674,0.1655,0.1668,13967286.0
2026-07-08 20:00:00,0.1667,0.1672,0.1653,0.1671,9414607.8
2026-07-09 00:00:00,0.1671,0.1689,0.1658,0.1664,12171705.5
2026-07-09 04:00:00,0.1665,0.17,0.1661,0.1683,23530045.0
2026-07-09 08:00:00,0.1682,0.1699,0.1669,0.1696,27168739.2
2026-07-09 12:00:00,0.1696,0.17,0.1661,0.1667,28069962.3
2026-07-09 16:00:00,0.1667,0.1676,0.165,0.1658,20683109.2
2026-07-09 20:00:00,0.1658,0.1676,0.1655,0.1666,7701085.6
2026-07-10 00:00:00,0.1665,0.1698,0.1657,0.1675,23623337.6
2026-07-10 04:00:00,0.1675,0.1683,0.166,0.1665,45969901.9
2026-07-10 08:00:00,0.1666,0.1698,0.1666,0.168,21070452.1
2026-07-10 12:00:00,0.1681,0.1689,0.1652,0.1665,26795934.5
2026-07-10 16:00:00,0.1665,0.1676,0.1659,0.1667,8611076.3
2026-07-10 20:00:00,0.1666,0.1674,0.1664,0.1667,6246075.4
2026-07-11 00:00:00,0.1667,0.1672,0.1662,0.1662,6814430.0
2026-07-11 04:00:00,0.1663,0.1679,0.1658,0.1678,11797091.1
2026-07-11 08:00:00,0.1678,0.1685,0.167,0.1679,7414874.2
2026-07-11 12:00:00,0.1678,0.1745,0.1673,0.1719,30538855.5
2026-07-11 16:00:00,0.1719,0.1733,0.1702,0.1717,17579609.5
2026-07-11 20:00:00,0.1717,0.172,0.1656,0.1658,18534502.9
2026-07-12 00:00:00,0.1657,0.1665,0.163,0.1664,18429346.6
2026-07-12 04:00:00,0.1664,0.1665,0.1623,0.1637,18092092.3
2026-07-12 08:00:00,0.1638,0.1653,0.1633,0.1644,8543304.7
2026-07-12 12:00:00,0.1644,0.1655,0.1639,0.1645,9606827.1
2026-07-12 16:00:00,0.1646,0.1649,0.1635,0.1644,7426406.7
2026-07-12 20:00:00,0.1644,0.1647,0.161,0.1621,12064766.6
2026-07-13 00:00:00,0.1621,0.1644,0.1573,0.1589,27800827.8
2026-07-13 04:00:00,0.1589,0.1606,0.1585,0.1605,12589739.5
2026-07-13 08:00:00,0.1604,0.1607,0.1594,0.1595,7701918.6
2026-07-13 12:00:00,0.1595,0.1601,0.1574,0.1589,18815910.7
2026-07-13 16:00:00,0.1589,0.1592,0.1565,0.1583,13915790.7
2026-07-13 20:00:00,0.1583,0.1584,0.1554,0.1576,9569404.7
2026-07-14 00:00:00,0.1575,0.1585,0.156,0.1576,10908420.5
2026-07-14 04:00:00,0.1577,0.1604,0.1573,0.1588,13257803.7
2026-07-14 08:00:00,0.1587,0.1594,0.1582,0.1592,7162553.3
2026-07-14 12:00:00,0.1593,0.1682,0.1583,0.1656,57034695.2
2026-07-14 16:00:00,0.1657,0.1666,0.1626,0.1635,19708107.4
2026-07-14 20:00:00,0.1635,0.1656,0.1629,0.1656,12880786.1
2026-07-15 00:00:00,0.1656,0.1659,0.162,0.1641,15349794.8
2026-07-15 04:00:00,0.1642,0.1656,0.1626,0.1632,16796110.9
2026-07-15 08:00:00,0.1632,0.1655,0.1627,0.1646,14705181.6
2026-07-15 12:00:00,0.1646,0.1694,0.1642,0.1657,33190141.5
2026-07-15 16:00:00,0.1658,0.1659,0.1625,0.1637,18182492.3
2026-07-15 20:00:00,0.1637,0.1663,0.1635,0.1651,12721208.9
2026-07-16 00:00:00,0.1651,0.1664,0.1639,0.165,10608106.3
2026-07-16 04:00:00,0.1649,0.1652,0.1624,0.163,17888047.7
2026-07-16 08:00:00,0.163,0.163,0.1611,0.1629,15579237.1
2026-07-16 12:00:00,0.163,0.1653,0.1616,0.1637,16559406.6
2026-07-16 16:00:00,0.1636,0.1638,0.1618,0.1629,8156495.6
2026-07-16 20:00:00,0.1629,0.1636,0.1599,0.1609,12625817.6
2026-07-17 00:00:00,0.1609,0.162,0.1592,0.1604,11010353.7
2026-07-17 04:00:00,0.1604,0.1607,0.1578,0.159,13306110.3
2026-07-17 08:00:00,0.1589,0.1625,0.1583,0.161,16139121.7
2026-07-17 12:00:00,0.1609,0.1642,0.1578,0.164,36893294.4
2026-07-17 16:00:00,0.1641,0.1671,0.1636,0.166,49893709.4
2026-07-17 20:00:00,0.1661,0.1676,0.1649,0.1667,21113978.8
2026-07-18 00:00:00,0.1667,0.1684,0.1665,0.1677,9431487.2
