timestamp,open,high,low,close,volume
2025-11-13 14:00:00,0.077,0.0895,0.0516,0.0574,271779587.5
2025-11-13 15:00:00,0.0573,0.0613,0.0491,0.0563,121683397.2
2025-11-13 16:00:00,0.0562,0.065,0.0533,0.058,113221324.6
2025-11-13 17:00:00,0.0579,0.0585,0.0533,0.057,31214049.0
2025-11-13 18:00:00,0.057,0.0574,0.0536,0.0559,23537446.9
2025-11-13 19:00:00,0.0559,0.0569,0.0517,0.053,26419547.1
2025-11-13 20:00:00,0.0529,0.0535,0.0511,0.052,15331792.1
2025-11-13 21:00:00,0.0521,0.055,0.0509,0.0543,16667200.6
2025-11-13 22:00:00,0.0542,0.057,0.0536,0.0554,16499208.4
2025-11-13 23:00:00,0.0554,0.0563,0.054,0.0543,8395123.4
2025-11-14 00:00:00,0.0543,0.055,0.0525,0.0535,10015507.6
2025-11-14 01:00:00,0.0534,0.0536,0.0514,0.0527,11802817.6
2025-11-14 02:00:00,0.0526,0.055,0.0525,0.0549,10046761.7
2025-11-14 03:00:00,0.055,0.0563,0.0532,0.0549,11964681.7
2025-11-14 04:00:00,0.055,0.055,0.0522,0.0539,10713760.4
2025-11-14 05:00:00,0.0539,0.0543,0.0508,0.0516,16511257.4
2025-11-14 06:00:00,0.0516,0.0531,0.0504,0.0531,18070042.0
2025-11-14 07:00:00,0.0531,0.0549,0.0529,0.0543,23481780.8
2025-11-14 08:00:00,0.0544,0.0548,0.0515,0.0525,21804806.5
2025-11-14 09:00:00,0.0524,0.0544,0.0521,0.0541,16702417.8
2025-11-14 10:00:00,0.054,0.0553,0.0534,0.0543,16844032.4
2025-11-14 11:00:00,0.0543,0.0547,0.0512,0.0529,25993186.2
2025-11-14 12:00:00,0.0529,0.0532,0.0507,0.0514,20917654.7
2025-11-14 13:00:00,0.0514,0.0519,0.0504,0.0517,16217842.2
2025-11-14 14:00:00,0.0517,0.0521,0.05,0.0502,16478693.1
2025-11-14 15:00:00,0.0503,0.0545,0.0475,0.0535,76114556.0
2025-11-14 16:00:00,0.0535,0.0569,0.0533,0.0533,33936970.7
2025-11-14 17:00:00,0.0532,0.054,0.0521,0.0532,13750207.5
2025-11-14 18:00:00,0.0531,0.0543,0.0514,0.0516,9719193.9
2025-11-14 19:00:00,0.0515,0.0528,0.051,0.0521,7594696.4
2025-11-14 20:00:00,0.0521,0.0528,0.0507,0.0517,7968671.2
2025-11-14 21:00:00,0.0516,0.0521,0.0509,0.0515,5737632.3
2025-11-14 22:00:00,0.0515,0.0525,0.0512,0.0514,3897478.7
2025-11-14 23:00:00,0.0514,0.0515,0.0494,0.0495,8378206.9
2025-11-15 00:00:00,0.0495,0.052,0.0492,0.0502,11392526.8
2025-11-15 01:00:00,0.0503,0.0515,0.0498,0.0514,6818289.8
2025-11-15 02:00:00,0.0513,0.0525,0.0509,0.0521,9378752.8
2025-11-15 03:00:00,0.0521,0.0531,0.0521,0.0523,7635966.3
2025-11-15 04:00:00,0.0523,0.0534,0.0517,0.0522,5404854.0
2025-11-15 05:00:00,0.0522,0.0545,0.0522,0.0531,13080723.9
2025-11-15 06:00:00,0.053,0.0559,0.0525,0.0558,14019779.8
2025-11-15 07:00:00,0.0558,0.0589,0.054,0.0566,30126216.2
2025-11-15 08:00:00,0.0567,0.0575,0.0543,0.0548,12548985.5
2025-11-15 09:00:00,0.0547,0.0567,0.0535,0.0563,15180493.3
2025-11-15 10:00:00,0.0562,0.0571,0.0551,0.0553,12454088.3
2025-11-15 11:00:00,0.0552,0.0555,0.0521,0.0526,8013730.3
2025-11-15 12:00:00,0.0527,0.056,0.0525,0.0553,17279220.4
2025-11-15 13:00:00,0.0553,0.0556,0.0545,0.0555,5394667.7
2025-11-15 14:00:00,0.0555,0.056,0.0543,0.055,6549060.1
2025-11-15 15:00:00,0.055,0.0552,0.0539,0.0541,5149973.4
2025-11-15 16:00:00,0.0541,0.0549,0.0527,0.0541,8661197.4
2025-11-15 17:00:00,0.0541,0.0543,0.053,0.0534,4019281.5
2025-11-15 18:00:00,0.0534,0.0541,0.0529,0.0536,3054821.1
2025-11-15 19:00:00,0.0536,0.0538,0.0524,0.053,4890629.0
2025-11-15 20:00:00,0.053,0.0531,0.0519,0.0523,5157594.2
2025-11-15 21:00:00,0.0522,0.0533,0.0518,0.052,4447612.7
2025-11-15 22:00:00,0.0519,0.0534,0.0518,0.0528,5274399.5
2025-11-15 23:00:00,0.0527,0.0565,0.0527,0.0561,8275062.3
2025-11-16 00:00:00,0.0561,0.0567,0.0538,0.0542,15297415.4
2025-11-16 01:00:00,0.0541,0.0553,0.0537,0.0547,3997303.0
2025-11-16 02:00:00,0.0548,0.0554,0.0547,0.0549,2428129.3
2025-11-16 03:00:00,0.055,0.0552,0.0544,0.055,1980061.5
2025-11-16 04:00:00,0.055,0.0563,0.0548,0.0551,5300839.7
2025-11-16 05:00:00,0.0552,0.0561,0.0546,0.0557,4254532.0
2025-11-16 06:00:00,0.0557,0.057,0.0546,0.0549,6752375.3
2025-11-16 07:00:00,0.055,0.055,0.0523,0.0533,11203656.9
2025-11-16 08:00:00,0.0534,0.0536,0.0523,0.0526,4817205.3
2025-11-16 09:00:00,0.0525,0.0542,0.0524,0.0531,7763551.0
2025-11-16 10:00:00,0.053,0.0535,0.0528,0.0528,3454259.7
2025-11-16 11:00:00,0.0528,0.0529,0.0521,0.0524,4451728.0
2025-11-16 12:00:00,0.0524,0.0545,0.0521,0.0531,10907012.4
2025-11-16 13:00:00,0.053,0.0542,0.0522,0.0535,13146546.8
2025-11-16 14:00:00,0.0535,0.0551,0.0527,0.055,10805024.1
2025-11-16 15:00:00,0.0551,0.0565,0.0543,0.0548,11799666.4
2025-11-16 16:00:00,0.0548,0.0564,0.0546,0.0559,10225510.3
2025-11-16 17:00:00,0.056,0.0608,0.0543,0.0552,38271455.6
2025-11-16 18:00:00,0.0552,0.0555,0.0533,0.054,8622148.9
2025-11-16 19:00:00,0.054,0.0559,0.0533,0.0543,6318826.2
2025-11-16 20:00:00,0.0544,0.0567,0.0543,0.0557,7215602.5
2025-11-16 21:00:00,0.0557,0.0558,0.0543,0.0549,4821417.3
2025-11-16 22:00:00,0.0548,0.0567,0.0546,0.0565,5935868.7
2025-11-16 23:00:00,0.0565,0.0581,0.0559,0.0567,7328707.5
2025-11-17 00:00:00,0.0567,0.058,0.0553,0.0568,7990541.2
2025-11-17 01:00:00,0.0567,0.0573,0.0558,0.056,3839660.4
2025-11-17 02:00:00,0.0559,0.0566,0.0554,0.0555,2443079.9
2025-11-17 03:00:00,0.0555,0.056,0.0544,0.0548,2227345.9
2025-11-17 04:00:00,0.0548,0.055,0.054,0.054,3778328.7
2025-11-17 05:00:00,0.0541,0.0547,0.0535,0.0541,4308006.8
2025-11-17 06:00:00,0.0541,0.0541,0.0528,0.0535,3855043.4
2025-11-17 07:00:00,0.0535,0.0542,0.0531,0.0536,4545323.2
2025-11-17 08:00:00,0.0536,0.0556,0.0536,0.0552,6505777.9
2025-11-17 09:00:00,0.0553,0.0561,0.0546,0.0548,4437118.3
2025-11-17 10:00:00,0.0548,0.0552,0.0538,0.055,4926123.2
2025-11-17 11:00:00,0.0549,0.0549,0.0538,0.0539,2943221.0
2025-11-17 12:00:00,0.0539,0.0545,0.0538,0.0543,3053927.0
2025-11-17 13:00:00,0.0543,0.0543,0.051,0.0514,7570646.5
2025-11-17 14:00:00,0.0514,0.0545,0.0508,0.054,20815364.9
2025-11-17 15:00:00,0.054,0.0544,0.052,0.0523,5122643.7
2025-11-17 16:00:00,0.0523,0.0543,0.0516,0.0542,11798911.2
2025-11-17 17:00:00,0.0541,0.0545,0.0534,0.0538,5453620.9
2025-11-17 18:00:00,0.0538,0.0539,0.0527,0.0532,3898519.7
2025-11-17 19:00:00,0.0532,0.0533,0.0523,0.0524,3396889.4
2025-11-17 20:00:00,0.0524,0.0529,0.052,0.0525,1756509.8
2025-11-17 21:00:00,0.0525,0.0533,0.0525,0.0531,1479886.7
2025-11-17 22:00:00,0.0531,0.0533,0.0526,0.0527,1039229.0
2025-11-17 23:00:00,0.0527,0.0527,0.052,0.0525,764858.6
2025-11-18 00:00:00,0.0524,0.0528,0.0516,0.0523,1948007.4
2025-11-18 01:00:00,0.0522,0.0533,0.0508,0.051,4645298.3
2025-11-18 02:00:00,0.0509,0.0523,0.0504,0.0513,4345133.1
2025-11-18 03:00:00,0.0514,0.0534,0.0511,0.053,8672260.2
2025-11-18 04:00:00,0.053,0.0536,0.0527,0.0531,4147294.7
2025-11-18 05:00:00,0.0532,0.0533,0.0527,0.0529,1492319.3
2025-11-18 06:00:00,0.0529,0.0551,0.0528,0.054,7716150.9
2025-11-18 07:00:00,0.054,0.0547,0.0534,0.0538,4250832.0
2025-11-18 08:00:00,0.0538,0.0543,0.0527,0.0532,4784047.2
2025-11-18 09:00:00,0.0532,0.0537,0.0529,0.0533,2146604.3
2025-11-18 10:00:00,0.0533,0.0535,0.0523,0.0524,2877350.2
2025-11-18 11:00:00,0.0524,0.0528,0.0521,0.0528,1659675.2
2025-11-18 12:00:00,0.0528,0.0529,0.0524,0.0527,1021899.0
2025-11-18 13:00:00,0.0527,0.0527,0.052,0.0522,1439325.8
2025-11-18 14:00:00,0.0522,0.0533,0.052,0.0528,3159944.5
2025-11-18 15:00:00,0.0529,0.0534,0.0526,0.0527,2710592.3
2025-11-18 16:00:00,0.0526,0.0532,0.0524,0.0524,2542694.8
2025-11-18 17:00:00,0.0524,0.0527,0.0522,0.0523,1228711.9
2025-11-18 18:00:00,0.0523,0.0527,0.0521,0.0524,1126149.8
2025-11-18 19:00:00,0.0525,0.0527,0.0521,0.0522,952749.3
2025-11-18 20:00:00,0.0522,0.0522,0.0514,0.0515,2502814.7
2025-11-18 21:00:00,0.0515,0.0518,0.0506,0.0506,1693285.2
2025-11-18 22:00:00,0.0506,0.0511,0.0505,0.0507,1782779.4
2025-11-18 23:00:00,0.0507,0.0509,0.0499,0.0507,2772488.0
2025-11-19 00:00:00,0.0506,0.0508,0.0499,0.0505,1773670.5
2025-11-19 01:00:00,0.0505,0.0507,0.0498,0.0507,2261783.0
2025-11-19 02:00:00,0.0507,0.0509,0.0502,0.0504,1117722.1
2025-11-19 03:00:00,0.0504,0.0504,0.0493,0.0495,2595541.5
2025-11-19 04:00:00,0.0495,0.0497,0.0487,0.0495,2471563.4
2025-11-19 05:00:00,0.0496,0.0497,0.0486,0.0489,3578083.4
2025-11-19 06:00:00,0.049,0.0507,0.0482,0.0503,6869273.5
2025-11-19 07:00:00,0.0502,0.0505,0.05,0.0502,881572.0
2025-11-19 08:00:00,0.0501,0.0524,0.05,0.0508,6357406.9
2025-11-19 09:00:00,0.0509,0.0524,0.0505,0.0516,4799663.7
2025-11-19 10:00:00,0.0516,0.0521,0.051,0.0513,3411319.8
2025-11-19 11:00:00,0.0512,0.0518,0.0511,0.0516,1159982.6
2025-11-19 12:00:00,0.0516,0.0522,0.0507,0.0516,6339228.0
2025-11-19 13:00:00,0.0515,0.0516,0.0501,0.0502,3913100.0
2025-11-19 14:00:00,0.0503,0.0503,0.0495,0.0498,4837005.7
2025-11-19 15:00:00,0.0498,0.0515,0.0498,0.0498,6664604.7
2025-11-19 16:00:00,0.0498,0.0502,0.0486,0.0487,3853938.1
2025-11-19 17:00:00,0.0487,0.0489,0.0479,0.0486,3794829.5
2025-11-19 18:00:00,0.0487,0.0494,0.047,0.0474,4822770.6
2025-11-19 19:00:00,0.0474,0.0479,0.0468,0.047,6375003.1
2025-11-19 20:00:00,0.047,0.0482,0.0469,0.0481,5716589.7
2025-11-19 21:00:00,0.0481,0.0491,0.0481,0.0487,2548413.9
2025-11-19 22:00:00,0.0487,0.0491,0.0485,0.0487,1687804.6
2025-11-19 23:00:00,0.0488,0.0492,0.0485,0.0492,1297567.1
2025-11-20 00:00:00,0.0491,0.0497,0.0491,0.0495,1189832.8
2025-11-20 01:00:00,0.0496,0.0499,0.0495,0.0497,722833.3
2025-11-20 02:00:00,0.0497,0.0497,0.0491,0.0493,1130763.0
2025-11-20 03:00:00,0.0493,0.0493,0.049,0.0491,657279.9
2025-11-20 04:00:00,0.0491,0.0492,0.0489,0.0492,1635544.7
2025-11-20 05:00:00,0.0491,0.0492,0.0484,0.0484,3072248.3
2025-11-20 06:00:00,0.0483,0.0485,0.048,0.0481,1639080.8
2025-11-20 07:00:00,0.048,0.048,0.0469,0.047,4098963.1
2025-11-20 08:00:00,0.0471,0.0478,0.0469,0.0473,3449891.1
2025-11-20 09:00:00,0.0473,0.0475,0.0472,0.0472,1699479.7
2025-11-20 10:00:00,0.0473,0.0477,0.0468,0.0473,3002905.2
2025-11-20 11:00:00,0.0473,0.0474,0.0457,0.0461,5445013.5
2025-11-20 12:00:00,0.0462,0.0462,0.0432,0.044,10747827.1
2025-11-20 13:00:00,0.0439,0.0463,0.0438,0.045,10147412.8
2025-11-20 14:00:00,0.045,0.0458,0.0448,0.0453,5309205.5
2025-11-20 15:00:00,0.0453,0.0455,0.0418,0.0434,14763584.2
2025-11-20 16:00:00,0.0433,0.0441,0.0423,0.0432,13303766.2
2025-11-20 17:00:00,0.0432,0.0438,0.043,0.0433,4372968.6
2025-11-20 18:00:00,0.0433,0.045,0.0432,0.0444,4232612.7
2025-11-20 19:00:00,0.0445,0.0449,0.0433,0.044,4486193.8
2025-11-20 20:00:00,0.0439,0.0443,0.0439,0.0441,917207.8
2025-11-20 21:00:00,0.0441,0.0444,0.0439,0.0444,919562.0
2025-11-20 22:00:00,0.0443,0.045,0.0443,0.0448,1287291.8
2025-11-20 23:00:00,0.0448,0.0452,0.0437,0.0438,1574500.6
2025-11-21 00:00:00,0.0438,0.0445,0.0437,0.0445,992948.7
2025-11-21 01:00:00,0.0445,0.046,0.0445,0.0456,1991865.8
2025-11-21 02:00:00,0.0455,0.0469,0.0454,0.0462,4982996.9
2025-11-21 03:00:00,0.0461,0.0492,0.0461,0.0475,12431532.6
2025-11-21 04:00:00,0.0476,0.048,0.0466,0.0468,2430076.1
2025-11-21 05:00:00,0.0467,0.0472,0.0463,0.0467,1989836.4
2025-11-21 06:00:00,0.0467,0.0485,0.0463,0.0472,6525931.0
2025-11-21 07:00:00,0.0472,0.0475,0.0421,0.0451,8983504.5
2025-11-21 08:00:00,0.0451,0.0469,0.0448,0.0454,7667416.1
2025-11-21 09:00:00,0.0455,0.0459,0.0445,0.0448,5956607.0
2025-11-21 10:00:00,0.0448,0.0452,0.0439,0.0444,3688179.2
2025-11-21 11:00:00,0.0444,0.0462,0.0443,0.0447,3827086.2
2025-11-21 12:00:00,0.0446,0.0521,0.0439,0.05,33765679.3
2025-11-21 13:00:00,0.05,0.05,0.0449,0.0461,24524343.2
2025-11-21 14:00:00,0.0461,0.0479,0.0455,0.0472,7972039.6
2025-11-21 15:00:00,0.0472,0.0472,0.0459,0.0463,4865954.5
2025-11-21 16:00:00,0.0464,0.0481,0.0459,0.0466,12569846.6
2025-11-21 17:00:00,0.0467,0.0474,0.0464,0.0466,5676002.1
2025-11-21 18:00:00,0.0466,0.0467,0.0454,0.0459,8684681.2
2025-11-21 19:00:00,0.046,0.0465,0.0454,0.0456,2353689.8
2025-11-21 20:00:00,0.0456,0.0457,0.0445,0.0453,2019547.4
2025-11-21 21:00:00,0.0453,0.0457,0.0449,0.0454,1132413.0
2025-11-21 22:00:00,0.0455,0.0457,0.0437,0.0437,1968159.5
2025-11-21 23:00:00,0.0437,0.0448,0.043,0.0444,5125680.5
2025-11-22 00:00:00,0.0443,0.0453,0.0443,0.0449,3338973.0
2025-11-22 01:00:00,0.0448,0.0452,0.0445,0.0449,2002871.0
2025-11-22 02:00:00,0.0449,0.0452,0.0448,0.045,1430591.5
2025-11-22 03:00:00,0.0449,0.045,0.0441,0.0441,1693002.4
2025-11-22 04:00:00,0.0441,0.0442,0.0429,0.044,4404057.7
2025-11-22 05:00:00,0.044,0.0442,0.0429,0.043,2389511.5
2025-11-22 06:00:00,0.043,0.0437,0.0426,0.0435,1445904.7
2025-11-22 07:00:00,0.0435,0.0444,0.0431,0.0443,3842143.8
2025-11-22 08:00:00,0.0442,0.0443,0.0423,0.0424,2451219.7
2025-11-22 09:00:00,0.0425,0.0431,0.0423,0.0428,1599835.1
2025-11-22 10:00:00,0.0427,0.043,0.0424,0.0426,2203716.3
2025-11-22 11:00:00,0.0426,0.0432,0.0425,0.0429,1300363.6
2025-11-22 12:00:00,0.0429,0.0429,0.0424,0.0425,1738360.3
2025-11-22 13:00:00,0.0425,0.0425,0.0409,0.0413,7203370.9
2025-11-22 14:00:00,0.0412,0.0416,0.0408,0.0409,2717942.4
2025-11-22 15:00:00,0.0409,0.0426,0.0403,0.0421,5848475.4
2025-11-22 16:00:00,0.042,0.0435,0.042,0.0425,7057917.2
2025-11-22 17:00:00,0.0424,0.0428,0.0421,0.0425,1967757.9
2025-11-22 18:00:00,0.0425,0.043,0.0424,0.0428,1112285.3
2025-11-22 19:00:00,0.0428,0.043,0.0424,0.0426,566461.7
2025-11-22 20:00:00,0.0426,0.0429,0.0419,0.0419,1196926.0
2025-11-22 21:00:00,0.042,0.0427,0.0418,0.0425,1398639.7
2025-11-22 22:00:00,0.0425,0.0429,0.0421,0.0428,1638723.4
2025-11-22 23:00:00,0.0428,0.0431,0.0424,0.0426,1323792.7
2025-11-23 00:00:00,0.0425,0.0427,0.0421,0.0423,808506.5
2025-11-23 01:00:00,0.0424,0.0435,0.0422,0.0432,1204020.8
2025-11-23 02:00:00,0.0432,0.0434,0.0428,0.0429,1718051.1
2025-11-23 03:00:00,0.0429,0.0429,0.042,0.0421,1150344.7
2025-11-23 04:00:00,0.0422,0.0444,0.042,0.044,6127588.3
2025-11-23 05:00:00,0.044,0.0446,0.0434,0.0441,2629662.9
2025-11-23 06:00:00,0.044,0.0448,0.044,0.0443,2965317.6
2025-11-23 07:00:00,0.0444,0.0445,0.0435,0.0437,1225034.7
2025-11-23 08:00:00,0.0436,0.0441,0.043,0.0437,2576505.1
2025-11-23 09:00:00,0.0436,0.044,0.0435,0.0436,1604120.8
2025-11-23 10:00:00,0.0437,0.0445,0.0426,0.0442,2423178.2
2025-11-23 11:00:00,0.0442,0.0443,0.0425,0.0428,2335389.9
2025-11-23 12:00:00,0.0428,0.0433,0.0419,0.0421,3800581.7
2025-11-23 13:00:00,0.0421,0.0433,0.0418,0.0432,4068574.7
2025-11-23 14:00:00,0.0434,0.0436,0.0419,0.0419,2156468.6
2025-11-23 15:00:00,0.0419,0.0447,0.0414,0.0447,6694733.0
2025-11-23 16:00:00,0.0446,0.045,0.0434,0.0437,4684952.3
2025-11-23 17:00:00,0.0436,0.0447,0.0436,0.0441,3768279.2
2025-11-23 18:00:00,0.0441,0.0448,0.0437,0.0442,2251875.1
2025-11-23 19:00:00,0.0442,0.0446,0.044,0.0442,1757783.6
2025-11-23 20:00:00,0.0441,0.045,0.0436,0.0448,2616370.4
2025-11-23 21:00:00,0.0449,0.0459,0.0443,0.0448,5685868.7
2025-11-23 22:00:00,0.0449,0.0453,0.0445,0.0445,1644418.1
2025-11-23 23:00:00,0.0445,0.0448,0.044,0.0444,2146736.7
2025-11-24 00:00:00,0.0444,0.0445,0.0436,0.0439,2224634.6
2025-11-24 01:00:00,0.0438,0.0447,0.0438,0.0441,1538302.1
2025-11-24 02:00:00,0.044,0.0452,0.044,0.0449,1791483.4
2025-11-24 03:00:00,0.0448,0.045,0.0443,0.0444,956200.8
2025-11-24 04:00:00,0.0444,0.0446,0.0437,0.0441,1424480.9
2025-11-24 05:00:00,0.044,0.0452,0.044,0.0446,1598294.7
2025-11-24 06:00:00,0.0446,0.0448,0.0438,0.0441,1948941.1
2025-11-24 07:00:00,0.044,0.0451,0.044,0.045,3420869.0
2025-11-24 08:00:00,0.0449,0.0464,0.0446,0.0456,5191055.4
2025-11-24 09:00:00,0.0455,0.0455,0.0442,0.0445,2922439.5
2025-11-24 10:00:00,0.0445,0.0451,0.0443,0.0445,1740715.6
2025-11-24 11:00:00,0.0446,0.0449,0.0441,0.0441,1505412.8
2025-11-24 12:00:00,0.0441,0.0445,0.0437,0.044,2046813.6
2025-11-24 13:00:00,0.044,0.0446,0.044,0.0443,1592244.6
2025-11-24 14:00:00,0.0442,0.0448,0.044,0.0443,3082156.1
2025-11-24 15:00:00,0.0444,0.0444,0.0438,0.0444,1747795.1
2025-11-24 16:00:00,0.0444,0.0449,0.0443,0.0446,2167742.3
2025-11-24 17:00:00,0.0446,0.0456,0.0445,0.0455,2734020.6
2025-11-24 18:00:00,0.0456,0.0459,0.0452,0.0455,2141688.5
2025-11-24 19:00:00,0.0454,0.0458,0.0452,0.0453,2024432.5
2025-11-24 20:00:00,0.0453,0.0461,0.0452,0.0456,1525747.6
2025-11-24 21:00:00,0.0455,0.0459,0.0454,0.0457,1801002.7
2025-11-24 22:00:00,0.0457,0.046,0.0449,0.045,1321280.7
2025-11-24 23:00:00,0.045,0.0452,0.0445,0.0445,1076854.3
2025-11-25 00:00:00,0.0446,0.0448,0.0441,0.0447,1358563.4
2025-11-25 01:00:00,0.0447,0.0455,0.0446,0.045,1814593.8
2025-11-25 02:00:00,0.045,0.0452,0.0446,0.0452,1240076.3
2025-11-25 03:00:00,0.0451,0.0455,0.0445,0.0452,2864236.6
2025-11-25 04:00:00,0.0451,0.0465,0.0451,0.0461,1569263.9
2025-11-25 05:00:00,0.046,0.046,0.0445,0.0446,4893636.9
2025-11-25 06:00:00,0.0447,0.0447,0.0441,0.0443,2052900.0
2025-11-25 07:00:00,0.0443,0.0445,0.0439,0.0443,1240829.0
2025-11-25 08:00:00,0.0443,0.0444,0.0436,0.0441,1876900.9
2025-11-25 09:00:00,0.0442,0.0442,0.0434,0.0436,1602484.1
2025-11-25 10:00:00,0.0436,0.0437,0.0432,0.0435,865866.3
2025-11-25 11:00:00,0.0434,0.0437,0.0432,0.0434,1087607.8
2025-11-25 12:00:00,0.0433,0.044,0.0433,0.0436,1214176.9
2025-11-25 13:00:00,0.0435,0.045,0.0434,0.0438,5521340.5
2025-11-25 14:00:00,0.0439,0.0444,0.0431,0.0436,6190959.1
2025-11-25 15:00:00,0.0437,0.0442,0.0431,0.0436,2223286.5
2025-11-25 16:00:00,0.0436,0.0445,0.0435,0.0442,1399067.9
2025-11-25 17:00:00,0.0442,0.0446,0.0436,0.0437,4288404.2
2025-11-25 18:00:00,0.0437,0.0439,0.0432,0.0432,811354.2
2025-11-25 19:00:00,0.0433,0.0434,0.0423,0.043,3309737.8
2025-11-25 20:00:00,0.0429,0.0439,0.0429,0.0432,4402852.8
2025-11-25 21:00:00,0.0432,0.0439,0.0432,0.0436,2919980.0
2025-11-25 22:00:00,0.0435,0.0441,0.043,0.0441,1085579.7
2025-11-25 23:00:00,0.0441,0.0446,0.044,0.0442,1322593.0
2025-11-26 00:00:00,0.0441,0.0446,0.0436,0.0441,1115411.4
2025-11-26 01:00:00,0.0442,0.0444,0.0438,0.0444,688062.1
2025-11-26 02:00:00,0.0444,0.0446,0.0442,0.0445,671974.0
2025-11-26 03:00:00,0.0446,0.0448,0.0438,0.044,3413363.4
2025-11-26 04:00:00,0.044,0.0444,0.0438,0.044,1770571.2
2025-11-26 05:00:00,0.044,0.0443,0.0439,0.0442,674431.1
2025-11-26 06:00:00,0.0443,0.0446,0.044,0.0445,1470425.9
2025-11-26 07:00:00,0.0446,0.0449,0.0441,0.0447,1936505.6
2025-11-26 08:00:00,0.0446,0.0449,0.0442,0.0443,2248916.6
2025-11-26 09:00:00,0.0443,0.0444,0.0435,0.0438,1956656.5
2025-11-26 10:00:00,0.0438,0.044,0.0435,0.0436,896744.1
2025-11-26 11:00:00,0.0436,0.0437,0.0432,0.0433,989718.8
2025-11-26 12:00:00,0.0434,0.0434,0.043,0.0432,999368.5
2025-11-26 13:00:00,0.0433,0.0437,0.0431,0.0437,1116975.7
2025-11-26 14:00:00,0.0436,0.0438,0.0433,0.0433,1104699.9
2025-11-26 15:00:00,0.0434,0.0437,0.0427,0.0433,3170129.0
2025-11-26 16:00:00,0.0432,0.0442,0.0432,0.0441,1015528.6
2025-11-26 17:00:00,0.0441,0.0457,0.0441,0.0454,1782001.3
2025-11-26 18:00:00,0.0455,0.0469,0.0454,0.0459,6571650.9
2025-11-26 19:00:00,0.0459,0.0467,0.0458,0.0464,2240575.3
2025-11-26 20:00:00,0.0464,0.0469,0.0458,0.0465,2764321.3
2025-11-26 21:00:00,0.0465,0.0488,0.0465,0.0468,10735993.8
2025-11-26 22:00:00,0.0469,0.0473,0.046,0.0463,2874785.9
2025-11-26 23:00:00,0.0463,0.0469,0.0461,0.0468,1281253.1
2025-11-27 00:00:00,0.0468,0.047,0.0464,0.047,1557545.1
2025-11-27 01:00:00,0.047,0.0497,0.047,0.0489,8541047.7
2025-11-27 02:00:00,0.0489,0.0499,0.0481,0.0492,5262844.3
2025-11-27 03:00:00,0.0492,0.0509,0.049,0.0495,4997086.6
2025-11-27 04:00:00,0.0495,0.0502,0.0484,0.0502,4567569.3
2025-11-27 05:00:00,0.0501,0.0524,0.0493,0.0523,11736048.3
2025-11-27 06:00:00,0.0523,0.0526,0.0499,0.0516,13662683.0
2025-11-27 07:00:00,0.0516,0.0519,0.0479,0.0494,10527243.8
2025-11-27 08:00:00,0.0494,0.0501,0.0481,0.0489,5821665.4
2025-11-27 09:00:00,0.0488,0.0498,0.0486,0.0489,3774024.8
2025-11-27 10:00:00,0.0489,0.0496,0.0486,0.0494,3224382.8
2025-11-27 11:00:00,0.0495,0.0498,0.0481,0.0487,3794902.9
2025-11-27 12:00:00,0.0487,0.049,0.048,0.0488,2410030.2
2025-11-27 13:00:00,0.0488,0.0492,0.0475,0.0475,3601120.1
2025-11-27 14:00:00,0.0476,0.0484,0.0474,0.0479,3374491.3
2025-11-27 15:00:00,0.0478,0.048,0.0471,0.0478,2598877.0
2025-11-27 16:00:00,0.0479,0.0482,0.0476,0.0477,1240282.4
2025-11-27 17:00:00,0.0477,0.048,0.0472,0.0474,927496.5
2025-11-27 18:00:00,0.0474,0.0475,0.0473,0.0473,394094.0
2025-11-27 19:00:00,0.0474,0.0474,0.0468,0.0471,1040587.5
2025-11-27 20:00:00,0.0471,0.0473,0.0469,0.047,472724.9
2025-11-27 21:00:00,0.0469,0.047,0.0465,0.0466,1476739.7
2025-11-27 22:00:00,0.0466,0.0469,0.0465,0.0466,454847.9
2025-11-27 23:00:00,0.0466,0.0466,0.046,0.0463,891356.6
2025-11-28 00:00:00,0.0463,0.0466,0.0461,0.0462,865323.2
2025-11-28 01:00:00,0.0461,0.0463,0.0455,0.0457,1049426.7
2025-11-28 02:00:00,0.0457,0.046,0.0455,0.0457,793363.2
2025-11-28 03:00:00,0.0457,0.046,0.0455,0.0459,566806.8
2025-11-28 04:00:00,0.046,0.046,0.0455,0.0455,562427.2
2025-11-28 05:00:00,0.0455,0.0459,0.0452,0.0456,639208.9
2025-11-28 06:00:00,0.0457,0.0464,0.0457,0.046,3133890.5
2025-11-28 07:00:00,0.0459,0.0459,0.0454,0.0454,1619964.3
2025-11-28 08:00:00,0.0454,0.046,0.0453,0.0457,674112.9
2025-11-28 09:00:00,0.0458,0.0462,0.0456,0.0457,1125749.5
2025-11-28 10:00:00,0.0457,0.0458,0.0454,0.0455,792444.7
2025-11-28 11:00:00,0.0454,0.0455,0.0449,0.045,1521828.6
2025-11-28 12:00:00,0.045,0.0451,0.0447,0.0449,1196524.6
2025-11-28 13:00:00,0.0449,0.045,0.0441,0.0449,3076188.6
2025-11-28 14:00:00,0.0449,0.0455,0.0448,0.0452,1743855.2
2025-11-28 15:00:00,0.0453,0.0458,0.045,0.0453,1372358.7
2025-11-28 16:00:00,0.0453,0.0468,0.0449,0.046,5892731.3
2025-11-28 17:00:00,0.046,0.0467,0.0452,0.0453,1399644.5
2025-11-28 18:00:00,0.0453,0.0458,0.045,0.0458,541367.6
2025-11-28 19:00:00,0.0458,0.0465,0.0457,0.0464,381451.9
2025-11-28 20:00:00,0.0465,0.047,0.0461,0.0468,604290.3
2025-11-28 21:00:00,0.0469,0.0475,0.0461,0.0468,1263000.3
2025-11-28 22:00:00,0.0467,0.0473,0.0465,0.0469,579039.6
2025-11-28 23:00:00,0.0468,0.0469,0.0464,0.0465,1018292.0
2025-11-29 00:00:00,0.0465,0.0475,0.0465,0.0467,1561320.7
2025-11-29 01:00:00,0.0467,0.047,0.0464,0.0464,316406.0
2025-11-29 02:00:00,0.0464,0.0467,0.046,0.0465,433984.1
2025-11-29 03:00:00,0.0465,0.0468,0.0462,0.0462,801023.9
2025-11-29 04:00:00,0.0462,0.0467,0.046,0.0465,598709.5
2025-11-29 05:00:00,0.0465,0.0466,0.0461,0.0462,458715.6
2025-11-29 06:00:00,0.0462,0.0465,0.0458,0.046,564799.6
2025-11-29 07:00:00,0.046,0.0461,0.0453,0.0456,656452.2
2025-11-29 08:00:00,0.0457,0.046,0.0456,0.0459,485455.6
2025-11-29 09:00:00,0.0459,0.046,0.0456,0.0457,1070452.4
2025-11-29 10:00:00,0.0457,0.0458,0.0455,0.0458,674438.4
2025-11-29 11:00:00,0.0458,0.046,0.0455,0.0456,922161.2
2025-11-29 12:00:00,0.0457,0.0459,0.045,0.045,674882.8
2025-11-29 13:00:00,0.045,0.0454,0.0449,0.0453,1569411.7
2025-11-29 14:00:00,0.0453,0.0459,0.0442,0.0448,4759698.8
2025-11-29 15:00:00,0.0448,0.0464,0.0447,0.0463,4746278.9
2025-11-29 16:00:00,0.0462,0.0466,0.0455,0.0456,2515320.5
2025-11-29 17:00:00,0.0457,0.0457,0.0448,0.0449,687616.0
2025-11-29 18:00:00,0.0448,0.0449,0.0443,0.0448,932719.1
2025-11-29 19:00:00,0.0448,0.0451,0.0447,0.0449,430436.2
2025-11-29 20:00:00,0.0449,0.045,0.0444,0.0446,506979.4
2025-11-29 21:00:00,0.0447,0.0449,0.0444,0.0448,449419.6
2025-11-29 22:00:00,0.0448,0.045,0.0444,0.0448,431360.7
2025-11-29 23:00:00,0.0448,0.045,0.0443,0.0448,942889.1
2025-11-30 00:00:00,0.0449,0.0458,0.0447,0.0449,2850282.7
2025-11-30 01:00:00,0.0449,0.0452,0.0448,0.0448,450653.0
2025-11-30 02:00:00,0.0448,0.045,0.0445,0.0446,394321.0
2025-11-30 03:00:00,0.0445,0.0447,0.0441,0.0444,531920.0
2025-11-30 04:00:00,0.0444,0.0445,0.0442,0.0442,347783.5
2025-11-30 05:00:00,0.0442,0.0443,0.0435,0.0438,1104386.9
2025-11-30 06:00:00,0.0437,0.044,0.0437,0.0439,412493.5
2025-11-30 07:00:00,0.0438,0.0444,0.0438,0.0444,165706.5
2025-11-30 08:00:00,0.0443,0.0445,0.044,0.0442,1198525.8
2025-11-30 09:00:00,0.0443,0.0443,0.0438,0.0441,2066093.2
2025-11-30 10:00:00,0.0441,0.0441,0.0438,0.0438,174312.5
2025-11-30 11:00:00,0.0438,0.0441,0.0438,0.0441,371702.1
2025-11-30 12:00:00,0.044,0.0443,0.0436,0.0442,220532.7
2025-11-30 13:00:00,0.0442,0.0448,0.0442,0.0448,335074.9
2025-11-30 14:00:00,0.0447,0.0448,0.0441,0.0442,458698.0
2025-11-30 15:00:00,0.0442,0.0443,0.0437,0.0442,743845.2
2025-11-30 16:00:00,0.0443,0.0446,0.0441,0.0446,561325.2
2025-11-30 17:00:00,0.0446,0.0446,0.0442,0.0443,253697.7
2025-11-30 18:00:00,0.0443,0.0444,0.0439,0.0442,364541.7
2025-11-30 19:00:00,0.0442,0.0444,0.0436,0.0438,580775.5
2025-11-30 20:00:00,0.0438,0.0442,0.0435,0.0437,412382.6
2025-11-30 21:00:00,0.0436,0.0439,0.0436,0.0438,404907.4
2025-11-30 22:00:00,0.0437,0.0443,0.0437,0.0439,650418.9
2025-11-30 23:00:00,0.044,0.044,0.0429,0.043,831960.0
2025-12-01 00:00:00,0.043,0.0431,0.0403,0.0406,7383327.5
2025-12-01 01:00:00,0.0406,0.0414,0.0405,0.0412,1117581.4
2025-12-01 02:00:00,0.0412,0.0415,0.041,0.0412,693528.2
2025-12-01 03:00:00,0.0412,0.0412,0.0404,0.0407,1308568.7
2025-12-01 04:00:00,0.0407,0.0408,0.0401,0.0408,990635.2
2025-12-01 05:00:00,0.0408,0.0413,0.0407,0.0413,282935.8
2025-12-01 06:00:00,0.0412,0.0418,0.0412,0.0413,314058.5
2025-12-01 07:00:00,0.0413,0.042,0.0412,0.0419,533855.5
2025-12-01 08:00:00,0.0419,0.0459,0.0417,0.0446,6775495.0
2025-12-01 09:00:00,0.0445,0.0454,0.044,0.0447,3229490.2
2025-12-01 10:00:00,0.0447,0.0455,0.0443,0.0451,2012516.2
2025-12-01 11:00:00,0.045,0.0451,0.0441,0.0448,1450253.2
2025-12-01 12:00:00,0.0448,0.0448,0.0437,0.0442,2002790.0
2025-12-01 13:00:00,0.0442,0.0466,0.0438,0.0455,5901731.8
2025-12-01 14:00:00,0.0454,0.0478,0.0451,0.0453,7506177.5
2025-12-01 15:00:00,0.0452,0.0457,0.0446,0.0453,3785591.0
2025-12-01 16:00:00,0.0454,0.0458,0.0447,0.0452,1338362.8
2025-12-01 17:00:00,0.0452,0.0457,0.0446,0.0452,2100840.8
2025-12-01 18:00:00,0.0452,0.0458,0.045,0.0458,1147138.3
2025-12-01 19:00:00,0.0457,0.0459,0.0448,0.0452,1164812.3
2025-12-01 20:00:00,0.0453,0.0463,0.0451,0.0452,1222894.3
2025-12-01 21:00:00,0.0453,0.0453,0.0444,0.0446,730123.7
2025-12-01 22:00:00,0.0447,0.0449,0.0444,0.0447,379748.4
2025-12-01 23:00:00,0.0446,0.0451,0.0443,0.0444,834304.5
2025-12-02 00:00:00,0.0443,0.0452,0.0443,0.045,1543615.5
2025-12-02 01:00:00,0.045,0.0456,0.0436,0.0438,1983121.7
2025-12-02 02:00:00,0.0439,0.0441,0.0435,0.0439,779294.5
2025-12-02 03:00:00,0.0438,0.0447,0.0432,0.0443,2112943.3
2025-12-02 04:00:00,0.0442,0.0445,0.0433,0.0434,736882.9
2025-12-02 05:00:00,0.0434,0.0437,0.0426,0.0427,1209500.5
2025-12-02 06:00:00,0.0427,0.0433,0.0425,0.0425,489022.2
2025-12-02 07:00:00,0.0425,0.044,0.0423,0.044,1846409.0
2025-12-02 08:00:00,0.0439,0.0439,0.043,0.043,965896.5
2025-12-02 09:00:00,0.0431,0.0432,0.0425,0.0427,773241.8
2025-12-02 10:00:00,0.0427,0.043,0.0425,0.043,980893.9
2025-12-02 11:00:00,0.0429,0.0431,0.0425,0.0429,1038086.9
2025-12-02 12:00:00,0.0429,0.0432,0.0425,0.0427,586605.6
2025-12-02 13:00:00,0.0427,0.0435,0.0427,0.0432,823181.3
2025-12-02 14:00:00,0.0432,0.0442,0.0431,0.0442,1323599.4
2025-12-02 15:00:00,0.0442,0.0452,0.044,0.045,2622226.7
2025-12-02 16:00:00,0.045,0.0453,0.0443,0.0445,1352449.8
2025-12-02 17:00:00,0.0444,0.0446,0.0442,0.0443,655238.5
2025-12-02 18:00:00,0.0442,0.0442,0.0437,0.0438,492667.6
2025-12-02 19:00:00,0.0438,0.0443,0.0434,0.0435,1656319.6
2025-12-02 20:00:00,0.0435,0.0438,0.0432,0.0435,1022989.2
2025-12-02 21:00:00,0.0435,0.0439,0.0434,0.0438,501455.7
2025-12-02 22:00:00,0.0439,0.0441,0.0437,0.044,729904.8
2025-12-02 23:00:00,0.0439,0.0442,0.0435,0.0437,1157303.4
2025-12-03 00:00:00,0.0437,0.0438,0.0431,0.0432,576172.3
2025-12-03 01:00:00,0.0432,0.0434,0.0428,0.0428,1334357.7
2025-12-03 02:00:00,0.0428,0.044,0.0427,0.0434,2200790.7
2025-12-03 03:00:00,0.0435,0.0439,0.0433,0.0437,1491627.6
2025-12-03 04:00:00,0.0437,0.0439,0.0435,0.0438,607881.4
2025-12-03 05:00:00,0.0438,0.0441,0.0435,0.0438,1330141.6
2025-12-03 06:00:00,0.0438,0.0443,0.0437,0.0439,788455.0
2025-12-03 07:00:00,0.0439,0.0445,0.0438,0.0443,1331768.4
2025-12-03 08:00:00,0.0442,0.0445,0.0438,0.0439,1467643.0
2025-12-03 09:00:00,0.0439,0.0441,0.0435,0.0437,1151489.5
2025-12-03 10:00:00,0.0437,0.0442,0.0436,0.0438,887670.5
2025-12-03 11:00:00,0.0438,0.0443,0.0436,0.0442,385950.0
2025-12-03 12:00:00,0.0441,0.0444,0.0437,0.0439,1152907.4
2025-12-03 13:00:00,0.044,0.044,0.0435,0.0436,744115.9
2025-12-03 14:00:00,0.0436,0.0445,0.0428,0.0442,1838615.3
2025-12-03 15:00:00,0.0441,0.0456,0.0441,0.0453,2567003.6
2025-12-03 16:00:00,0.0452,0.0455,0.0443,0.0451,2305461.9
2025-12-03 17:00:00,0.045,0.0452,0.0447,0.0452,825059.4
2025-12-03 18:00:00,0.0451,0.0457,0.0451,0.0454,517763.7
2025-12-03 19:00:00,0.0454,0.0459,0.0451,0.0452,537450.1
2025-12-03 20:00:00,0.0452,0.0469,0.0451,0.0462,4069550.3
2025-12-03 21:00:00,0.0463,0.047,0.0463,0.0464,843860.4
2025-12-03 22:00:00,0.0464,0.0469,0.0461,0.0465,780583.9
2025-12-03 23:00:00,0.0465,0.0468,0.0459,0.0461,923005.9
2025-12-04 00:00:00,0.0461,0.0462,0.0451,0.0453,1343921.5
2025-12-04 01:00:00,0.0453,0.0462,0.0452,0.0458,1018643.6
2025-12-04 02:00:00,0.0458,0.0463,0.0457,0.046,597474.2
2025-12-04 03:00:00,0.0459,0.0463,0.0456,0.0458,928366.3
2025-12-04 04:00:00,0.0458,0.0462,0.0457,0.046,753808.8
2025-12-04 05:00:00,0.046,0.0467,0.0458,0.0465,1129984.8
2025-12-04 06:00:00,0.0465,0.0473,0.0463,0.0467,883145.6
2025-12-04 07:00:00,0.0467,0.0468,0.0458,0.0466,998467.9
2025-12-04 08:00:00,0.0466,0.0467,0.0458,0.046,694176.3
2025-12-04 09:00:00,0.046,0.0466,0.0459,0.0459,847668.5
2025-12-04 10:00:00,0.0458,0.046,0.0453,0.0455,609740.5
2025-12-04 11:00:00,0.0454,0.048,0.0454,0.0476,4593063.4
2025-12-04 12:00:00,0.0475,0.0478,0.0458,0.0469,5467137.7
2025-12-04 13:00:00,0.047,0.0472,0.0465,0.0469,1547164.9
2025-12-04 14:00:00,0.0468,0.0472,0.046,0.046,2277661.8
2025-12-04 15:00:00,0.0461,0.0473,0.0461,0.0469,578709.9
2025-12-04 16:00:00,0.047,0.0473,0.0466,0.0473,792551.9
2025-12-04 17:00:00,0.0473,0.0477,0.0465,0.0472,1671385.6
2025-12-04 18:00:00,0.0473,0.0476,0.0467,0.047,1323099.1
2025-12-04 19:00:00,0.047,0.0472,0.0457,0.0464,1344687.7
2025-12-04 20:00:00,0.0465,0.0479,0.0465,0.0477,1192574.3
2025-12-04 21:00:00,0.0476,0.0476,0.0469,0.047,457222.2
2025-12-04 22:00:00,0.047,0.0474,0.0469,0.0472,324289.0
2025-12-04 23:00:00,0.0471,0.0474,0.0467,0.0468,607715.1
2025-12-05 00:00:00,0.0468,0.0469,0.0459,0.0461,1070488.1
2025-12-05 01:00:00,0.0461,0.0475,0.0461,0.0471,1196838.9
2025-12-05 02:00:00,0.0471,0.0483,0.047,0.0482,1196829.5
2025-12-05 03:00:00,0.0482,0.0487,0.0468,0.0471,2575957.1
2025-12-05 04:00:00,0.0471,0.0475,0.0467,0.0469,464590.6
2025-12-05 05:00:00,0.0468,0.0471,0.0466,0.0467,239845.9
2025-12-05 06:00:00,0.0468,0.0468,0.0462,0.0464,776355.6
2025-12-05 07:00:00,0.0464,0.047,0.0463,0.0469,972388.9
2025-12-05 08:00:00,0.0469,0.047,0.0454,0.0457,1058064.8
2025-12-05 09:00:00,0.0456,0.0459,0.0453,0.0454,1219137.1
2025-12-05 10:00:00,0.0453,0.0457,0.0453,0.0455,651060.8
2025-12-05 11:00:00,0.0455,0.0458,0.0446,0.0451,1197745.6
2025-12-05 12:00:00,0.0452,0.0454,0.0443,0.0453,1939491.7
2025-12-05 13:00:00,0.0453,0.046,0.0446,0.0449,879584.6
2025-12-05 14:00:00,0.0449,0.045,0.0444,0.0446,617610.2
2025-12-05 15:00:00,0.0447,0.0454,0.0446,0.0448,639438.2
2025-12-05 16:00:00,0.0447,0.0449,0.0435,0.0447,1023144.5
2025-12-05 17:00:00,0.0446,0.0451,0.0444,0.0449,565643.4
2025-12-05 18:00:00,0.0449,0.0452,0.0441,0.0443,433166.4
2025-12-05 19:00:00,0.0443,0.0453,0.0442,0.045,1306449.2
2025-12-05 20:00:00,0.0451,0.0452,0.0446,0.0446,298141.1
2025-12-05 21:00:00,0.0446,0.0449,0.0444,0.0446,377479.3
2025-12-05 22:00:00,0.0446,0.0452,0.0445,0.045,602643.8
2025-12-05 23:00:00,0.0451,0.0453,0.0449,0.0452,256651.6
2025-12-06 00:00:00,0.0451,0.0453,0.0448,0.0451,392053.9
2025-12-06 01:00:00,0.045,0.045,0.0443,0.0444,2375334.8
2025-12-06 02:00:00,0.0444,0.0448,0.0443,0.0445,939631.2
2025-12-06 03:00:00,0.0444,0.0449,0.0444,0.0449,752662.6
2025-12-06 04:00:00,0.0449,0.0451,0.0444,0.0445,195850.5
2025-12-06 05:00:00,0.0445,0.0447,0.0445,0.0445,378878.2
2025-12-06 06:00:00,0.0445,0.0447,0.0442,0.0445,488265.3
2025-12-06 07:00:00,0.0445,0.0448,0.0445,0.0446,407658.9
2025-12-06 08:00:00,0.0446,0.0447,0.044,0.0441,495342.0
2025-12-06 09:00:00,0.044,0.0441,0.0436,0.044,997209.4
2025-12-06 10:00:00,0.0439,0.0445,0.0435,0.0439,1730007.7
2025-12-06 11:00:00,0.0439,0.0445,0.0439,0.0444,629715.9
2025-12-06 12:00:00,0.0443,0.0446,0.0442,0.0445,319179.3
2025-12-06 13:00:00,0.0445,0.0447,0.0443,0.0444,370630.5
2025-12-06 14:00:00,0.0443,0.0448,0.0443,0.0446,657586.3
2025-12-06 15:00:00,0.0446,0.0448,0.0443,0.0445,675747.7
2025-12-06 16:00:00,0.0446,0.045,0.0445,0.0448,500706.8
2025-12-06 17:00:00,0.0447,0.0453,0.0447,0.0451,420332.2
2025-12-06 18:00:00,0.0451,0.0452,0.0449,0.0451,348942.0
2025-12-06 19:00:00,0.0452,0.0453,0.0448,0.0448,962835.9
2025-12-06 20:00:00,0.0449,0.0451,0.0447,0.0451,631661.9
2025-12-06 21:00:00,0.0451,0.0453,0.0448,0.0452,862563.7
2025-12-06 22:00:00,0.0452,0.0456,0.0451,0.0451,384079.8
2025-12-06 23:00:00,0.0451,0.0454,0.0449,0.0453,352164.5
2025-12-07 00:00:00,0.0454,0.0459,0.0454,0.0456,481913.7
2025-12-07 01:00:00,0.0457,0.0458,0.0452,0.0453,685723.0
2025-12-07 02:00:00,0.0453,0.0456,0.0451,0.0455,524448.9
2025-12-07 03:00:00,0.0454,0.0461,0.0453,0.0461,733423.3
2025-12-07 04:00:00,0.0461,0.0461,0.0455,0.0456,292498.5
2025-12-07 05:00:00,0.0456,0.046,0.0455,0.0456,695485.3
2025-12-07 06:00:00,0.0456,0.0461,0.0456,0.0457,411609.8
2025-12-07 07:00:00,0.0458,0.0458,0.0453,0.0455,501504.0
2025-12-07 08:00:00,0.0454,0.0457,0.0451,0.0455,665115.7
2025-12-07 09:00:00,0.0455,0.0458,0.0452,0.0456,946189.7
2025-12-07 10:00:00,0.0456,0.0457,0.0452,0.0455,1171622.8
2025-12-07 11:00:00,0.0453,0.0462,0.0453,0.046,676503.7
2025-12-07 12:00:00,0.0461,0.0474,0.0455,0.0458,4043122.1
2025-12-07 13:00:00,0.0457,0.0459,0.045,0.0456,868252.2
2025-12-07 14:00:00,0.0456,0.0459,0.0447,0.045,1902441.0
2025-12-07 15:00:00,0.045,0.0461,0.0448,0.046,1043956.0
2025-12-07 16:00:00,0.046,0.0465,0.0455,0.0455,1480478.6
2025-12-07 17:00:00,0.0456,0.0464,0.0455,0.0463,535748.3
2025-12-07 18:00:00,0.0462,0.0465,0.0461,0.0462,254464.4
2025-12-07 19:00:00,0.0462,0.0462,0.0459,0.0461,269812.0
2025-12-07 20:00:00,0.046,0.0461,0.0458,0.046,224970.8
2025-12-07 21:00:00,0.046,0.046,0.0448,0.0451,903127.6
2025-12-07 22:00:00,0.0451,0.0451,0.0437,0.0442,1514080.0
2025-12-07 23:00:00,0.0443,0.0447,0.0439,0.0444,1054380.2
2025-12-08 00:00:00,0.0444,0.0445,0.0442,0.0442,525126.3
2025-12-08 01:00:00,0.0442,0.0452,0.0441,0.0447,767883.1
2025-12-08 02:00:00,0.0446,0.0449,0.0444,0.0445,633526.9
2025-12-08 03:00:00,0.0446,0.0456,0.0445,0.0452,739955.4
2025-12-08 04:00:00,0.0452,0.0456,0.0451,0.0453,574951.3
2025-12-08 05:00:00,0.0453,0.0454,0.045,0.0452,162652.6
2025-12-08 06:00:00,0.0452,0.0454,0.045,0.0451,499012.6
2025-12-08 07:00:00,0.045,0.0462,0.0449,0.0452,2572329.2
2025-12-08 08:00:00,0.0453,0.0459,0.045,0.0455,1292058.7
2025-12-08 09:00:00,0.0455,0.046,0.0451,0.0451,1208570.6
2025-12-08 10:00:00,0.0452,0.0452,0.0449,0.0451,975059.8
2025-12-08 11:00:00,0.045,0.0451,0.0444,0.0445,1239342.3
2025-12-08 12:00:00,0.0445,0.0448,0.0441,0.0447,1537904.2
2025-12-08 13:00:00,0.0447,0.0454,0.0445,0.0448,3601441.3
2025-12-08 14:00:00,0.0447,0.045,0.0444,0.0445,1069594.0
2025-12-08 15:00:00,0.0445,0.0445,0.0439,0.0442,1058689.4
2025-12-08 16:00:00,0.0442,0.0445,0.044,0.0442,475240.8
2025-12-08 17:00:00,0.0443,0.0443,0.0439,0.0441,480969.1
2025-12-08 18:00:00,0.0442,0.0446,0.044,0.0441,1020453.4
2025-12-08 19:00:00,0.0442,0.0445,0.0441,0.0443,276918.0
2025-12-08 20:00:00,0.0444,0.0446,0.0442,0.0446,292821.6
2025-12-08 21:00:00,0.0446,0.0447,0.0444,0.0447,327680.2
2025-12-08 22:00:00,0.0447,0.0447,0.0443,0.0444,341538.4
2025-12-08 23:00:00,0.0444,0.0445,0.0443,0.0443,66191.5
2025-12-09 00:00:00,0.0443,0.0446,0.0442,0.0442,147013.2
2025-12-09 01:00:00,0.0442,0.0442,0.0439,0.0439,237120.8
2025-12-09 02:00:00,0.0439,0.0441,0.0438,0.044,326935.6
2025-12-09 03:00:00,0.044,0.0442,0.0433,0.0441,1880092.4
2025-12-09 04:00:00,0.0441,0.0442,0.0435,0.0436,197678.3
2025-12-09 05:00:00,0.0436,0.044,0.0436,0.0437,235067.3
2025-12-09 06:00:00,0.0438,0.044,0.0437,0.0439,268579.2
2025-12-09 07:00:00,0.0439,0.0441,0.0436,0.0436,332965.4
2025-12-09 08:00:00,0.0436,0.0438,0.043,0.0431,895927.2
2025-12-09 09:00:00,0.0431,0.0432,0.0427,0.0429,690674.4
2025-12-09 10:00:00,0.0429,0.0431,0.0417,0.0421,3426406.9
2025-12-09 11:00:00,0.0421,0.0423,0.0418,0.042,1106634.5
2025-12-09 12:00:00,0.0419,0.0423,0.0418,0.0422,773864.5
2025-12-09 13:00:00,0.0422,0.0424,0.0421,0.0421,369253.1
2025-12-09 14:00:00,0.0422,0.0423,0.0419,0.042,582673.7
2025-12-09 15:00:00,0.0421,0.0431,0.042,0.043,1370554.3
2025-12-09 16:00:00,0.0431,0.0439,0.0431,0.0437,1202377.7
2025-12-09 17:00:00,0.0437,0.0439,0.0432,0.0436,1318863.2
2025-12-09 18:00:00,0.0436,0.0437,0.0433,0.0434,358208.8
2025-12-09 19:00:00,0.0435,0.0435,0.0433,0.0434,247137.0
2025-12-09 20:00:00,0.0434,0.0434,0.0429,0.0431,399786.5
2025-12-09 21:00:00,0.0432,0.0432,0.0421,0.0423,859761.8
2025-12-09 22:00:00,0.0424,0.0431,0.0424,0.0429,691334.5
2025-12-09 23:00:00,0.043,0.0431,0.0428,0.0429,487680.2
2025-12-10 00:00:00,0.0429,0.0429,0.0424,0.0425,471978.9
2025-12-10 01:00:00,0.0425,0.0425,0.0421,0.0424,687622.7
2025-12-10 02:00:00,0.0424,0.0427,0.0424,0.0425,376097.4
2025-12-10 03:00:00,0.0425,0.0426,0.0423,0.0425,302912.8
2025-12-10 04:00:00,0.0424,0.0427,0.0422,0.0425,773312.9
2025-12-10 05:00:00,0.0425,0.0425,0.0421,0.0422,353161.7
2025-12-10 06:00:00,0.0421,0.0421,0.0414,0.0417,2723888.9
2025-12-10 07:00:00,0.0417,0.0419,0.0414,0.0417,915032.4
2025-12-10 08:00:00,0.0416,0.0417,0.0411,0.0412,953477.5
2025-12-10 09:00:00,0.0412,0.0413,0.0409,0.0412,837652.5
2025-12-10 10:00:00,0.0411,0.0413,0.0407,0.0409,1343254.8
2025-12-10 11:00:00,0.0409,0.0412,0.0408,0.0409,1810297.8
2025-12-10 12:00:00,0.0409,0.0415,0.0408,0.0411,879955.3
2025-12-10 13:00:00,0.0411,0.0414,0.041,0.0412,748053.7
2025-12-10 14:00:00,0.0412,0.0412,0.0408,0.041,687201.9
2025-12-10 15:00:00,0.041,0.0412,0.0408,0.0409,645813.9
2025-12-10 16:00:00,0.0409,0.0411,0.0407,0.0409,424531.9
2025-12-10 17:00:00,0.0409,0.0414,0.0409,0.041,574883.3
2025-12-10 18:00:00,0.041,0.0413,0.0408,0.0411,443058.8
2025-12-10 19:00:00,0.0411,0.0415,0.0404,0.0413,1184240.8
2025-12-10 20:00:00,0.0414,0.0417,0.041,0.041,776839.0
2025-12-10 21:00:00,0.041,0.0412,0.0404,0.0404,1089659.7
2025-12-10 22:00:00,0.0404,0.041,0.0401,0.041,625009.3
2025-12-10 23:00:00,0.041,0.0411,0.0405,0.0405,500957.2
2025-12-11 00:00:00,0.0405,0.0407,0.0396,0.0401,1703175.8
2025-12-11 01:00:00,0.04,0.0414,0.0398,0.041,2547479.8
2025-12-11 02:00:00,0.041,0.0419,0.0408,0.0411,2349748.1
2025-12-11 03:00:00,0.0412,0.0414,0.041,0.0411,610188.0
2025-12-11 04:00:00,0.0411,0.0414,0.0408,0.041,778564.7
2025-12-11 05:00:00,0.0409,0.041,0.0405,0.0408,494041.8
2025-12-11 06:00:00,0.0409,0.0412,0.0407,0.041,334242.4
2025-12-11 07:00:00,0.041,0.0411,0.0404,0.0407,1017100.8
2025-12-11 08:00:00,0.0406,0.0409,0.0405,0.0408,725433.9
2025-12-11 09:00:00,0.0409,0.0412,0.0408,0.0409,438370.4
2025-12-11 10:00:00,0.0409,0.0419,0.0406,0.0413,2302166.8
2025-12-11 11:00:00,0.0413,0.0416,0.0409,0.041,1977508.4
2025-12-11 12:00:00,0.041,0.0416,0.0408,0.0414,1121733.4
2025-12-11 13:00:00,0.0413,0.0414,0.0409,0.041,849744.9
2025-12-11 14:00:00,0.041,0.0416,0.0409,0.0411,1354360.7
2025-12-11 15:00:00,0.0411,0.0417,0.0411,0.0416,1537313.1
2025-12-11 16:00:00,0.0415,0.0429,0.0409,0.0412,6314308.2
2025-12-11 17:00:00,0.0411,0.0412,0.0406,0.0408,1507203.1
2025-12-11 18:00:00,0.0408,0.0411,0.0406,0.041,1443406.4
2025-12-11 19:00:00,0.041,0.0412,0.0408,0.0408,583031.5
2025-12-11 20:00:00,0.0408,0.0411,0.0407,0.0411,422547.5
2025-12-11 21:00:00,0.0412,0.0415,0.041,0.041,464812.7
2025-12-11 22:00:00,0.0411,0.0411,0.0407,0.0407,265415.2
2025-12-11 23:00:00,0.0408,0.041,0.0405,0.0408,303335.4
2025-12-12 00:00:00,0.0408,0.041,0.0402,0.0403,575281.8
2025-12-12 01:00:00,0.0403,0.0407,0.0402,0.0402,895296.5
2025-12-12 02:00:00,0.0402,0.0405,0.0402,0.0402,286252.2
2025-12-12 03:00:00,0.0402,0.0402,0.0397,0.0399,1034552.3
2025-12-12 04:00:00,0.0399,0.04,0.0386,0.0392,2267088.0
2025-12-12 05:00:00,0.0392,0.0393,0.0388,0.0392,589796.6
2025-12-12 06:00:00,0.0392,0.0393,0.0387,0.0387,1086149.5
2025-12-12 07:00:00,0.0387,0.0391,0.0387,0.039,772700.8
2025-12-12 08:00:00,0.0389,0.0401,0.0389,0.0393,1040785.4
2025-12-12 09:00:00,0.0394,0.0398,0.0392,0.0394,1369996.9
2025-12-12 10:00:00,0.0394,0.0396,0.0391,0.0392,439810.9
2025-12-12 11:00:00,0.0392,0.0393,0.039,0.0392,289980.2
2025-12-12 12:00:00,0.0391,0.0394,0.039,0.0394,388015.2
2025-12-12 13:00:00,0.0395,0.0426,0.0394,0.0405,6140419.8
2025-12-12 14:00:00,0.0406,0.0411,0.0405,0.041,825155.0
2025-12-12 15:00:00,0.0409,0.0411,0.0402,0.0404,1232987.8
2025-12-12 16:00:00,0.0405,0.0408,0.0399,0.0403,1484156.0
2025-12-12 17:00:00,0.0403,0.0406,0.04,0.0405,544239.1
2025-12-12 18:00:00,0.0405,0.0428,0.0405,0.0412,4895490.2
2025-12-12 19:00:00,0.0412,0.0422,0.0412,0.0419,2402361.0
2025-12-12 20:00:00,0.042,0.0429,0.0419,0.0422,4123680.0
2025-12-12 21:00:00,0.0422,0.0425,0.042,0.0422,764260.5
2025-12-12 22:00:00,0.0423,0.0441,0.042,0.0421,5188394.0
2025-12-12 23:00:00,0.0422,0.0425,0.0419,0.0421,540608.8
2025-12-13 00:00:00,0.0421,0.0425,0.0418,0.0418,603622.8
2025-12-13 01:00:00,0.0418,0.0419,0.0403,0.0406,2460650.0
2025-12-13 02:00:00,0.0406,0.0406,0.0403,0.0405,590413.4
2025-12-13 03:00:00,0.0405,0.0408,0.0404,0.0404,603459.7
2025-12-13 04:00:00,0.0404,0.0407,0.0402,0.0404,362069.0
2025-12-13 05:00:00,0.0404,0.0407,0.0403,0.0404,352354.6
2025-12-13 06:00:00,0.0404,0.0408,0.0404,0.0408,499687.9
2025-12-13 07:00:00,0.0407,0.041,0.0406,0.0409,1561309.5
2025-12-13 08:00:00,0.0408,0.0411,0.0403,0.0404,960125.1
2025-12-13 09:00:00,0.0404,0.0406,0.0403,0.0404,207925.4
2025-12-13 10:00:00,0.0404,0.0408,0.0404,0.0407,421612.6
2025-12-13 11:00:00,0.0408,0.0409,0.0405,0.0407,548436.8
2025-12-13 12:00:00,0.0407,0.041,0.0406,0.0407,297624.1
2025-12-13 13:00:00,0.0408,0.0409,0.0403,0.0404,526709.7
2025-12-13 14:00:00,0.0404,0.0404,0.0397,0.0398,1135737.5
2025-12-13 15:00:00,0.0399,0.0401,0.0397,0.0399,735562.7
2025-12-13 16:00:00,0.0399,0.0401,0.0398,0.0399,226064.8
2025-12-13 17:00:00,0.04,0.0412,0.0397,0.0399,6824536.8
2025-12-13 18:00:00,0.0399,0.0401,0.0398,0.04,541406.9
2025-12-13 19:00:00,0.04,0.0402,0.0399,0.04,652180.9
2025-12-13 20:00:00,0.0399,0.0401,0.0399,0.04,189796.9
2025-12-13 21:00:00,0.04,0.04,0.0395,0.0397,422028.1
2025-12-13 22:00:00,0.0398,0.04,0.0396,0.0397,515306.7
2025-12-13 23:00:00,0.0398,0.0399,0.0396,0.0397,450581.7
2025-12-14 00:00:00,0.0396,0.04,0.0396,0.0398,1405143.9
2025-12-14 01:00:00,0.0399,0.0401,0.0398,0.0399,676872.9
2025-12-14 02:00:00,0.0399,0.0401,0.0396,0.0399,600617.4
2025-12-14 03:00:00,0.04,0.0402,0.0397,0.0398,355545.0
2025-12-14 04:00:00,0.0398,0.0399,0.0391,0.0393,1017632.1
2025-12-14 05:00:00,0.0393,0.0394,0.0389,0.0392,820154.4
2025-12-14 06:00:00,0.0392,0.0394,0.0391,0.0392,481819.2
2025-12-14 07:00:00,0.0392,0.0398,0.0391,0.0395,946306.9
2025-12-14 08:00:00,0.0395,0.0399,0.0392,0.0393,575996.9
2025-12-14 09:00:00,0.0393,0.0396,0.0391,0.0392,552565.1
2025-12-14 10:00:00,0.0392,0.0394,0.039,0.0391,586519.9
2025-12-14 11:00:00,0.0391,0.0392,0.0387,0.0388,501878.8
2025-12-14 12:00:00,0.0388,0.039,0.0387,0.0387,406713.3
2025-12-14 13:00:00,0.0387,0.0387,0.0384,0.0385,749601.4
2025-12-14 14:00:00,0.0386,0.0387,0.0381,0.0383,750697.6
2025-12-14 15:00:00,0.0383,0.0409,0.0382,0.04,5586664.8
2025-12-14 16:00:00,0.0399,0.0402,0.0397,0.0398,1274675.0
2025-12-14 17:00:00,0.0399,0.0402,0.0397,0.04,707176.4
2025-12-14 18:00:00,0.0399,0.0403,0.0398,0.0399,601315.1
2025-12-14 19:00:00,0.0399,0.0401,0.0398,0.0401,410314.0
2025-12-14 20:00:00,0.0401,0.0402,0.0398,0.0398,566094.5
2025-12-14 21:00:00,0.0399,0.04,0.0395,0.0397,540185.4
2025-12-14 22:00:00,0.0397,0.0399,0.0396,0.0397,480759.5
2025-12-14 23:00:00,0.0398,0.04,0.0394,0.0394,454469.7
2025-12-15 00:00:00,0.0394,0.0398,0.0392,0.0395,813591.3
2025-12-15 01:00:00,0.0395,0.0398,0.0394,0.0395,652840.1
2025-12-15 02:00:00,0.0396,0.0399,0.0394,0.0395,687453.8
2025-12-15 03:00:00,0.0395,0.0397,0.0392,0.0393,480689.4
2025-12-15 04:00:00,0.0393,0.0396,0.0392,0.0395,345548.4
2025-12-15 05:00:00,0.0395,0.041,0.0395,0.041,783681.4
2025-12-15 06:00:00,0.041,0.0418,0.0403,0.0404,3522270.3
2025-12-15 07:00:00,0.0404,0.0407,0.04,0.04,964494.3
2025-12-15 08:00:00,0.0401,0.0401,0.0397,0.0398,914247.3
2025-12-15 09:00:00,0.0399,0.0403,0.0397,0.0399,1251898.0
2025-12-15 10:00:00,0.0399,0.0399,0.0395,0.0396,1700388.5
2025-12-15 11:00:00,0.0396,0.0397,0.0394,0.0395,795214.6
2025-12-15 12:00:00,0.0395,0.0398,0.0394,0.0397,663160.2
2025-12-15 13:00:00,0.0397,0.0397,0.0394,0.0394,618862.5
2025-12-15 14:00:00,0.0393,0.0395,0.0385,0.0388,705609.4
2025-12-15 15:00:00,0.0388,0.0391,0.0367,0.0371,7082394.8
2025-12-15 16:00:00,0.0371,0.0372,0.036,0.0363,2236106.3
2025-12-15 17:00:00,0.0363,0.0392,0.0361,0.0378,7728958.4
2025-12-15 18:00:00,0.0378,0.04,0.0377,0.0386,2626049.1
2025-12-15 19:00:00,0.0385,0.0387,0.0381,0.0381,267424.7
2025-12-15 20:00:00,0.0381,0.0385,0.0381,0.0381,246633.0
2025-12-15 21:00:00,0.0381,0.0383,0.0379,0.0382,198068.5
2025-12-15 22:00:00,0.0382,0.0384,0.0382,0.0383,163908.5
2025-12-15 23:00:00,0.0383,0.0384,0.0379,0.0379,264230.6
2025-12-16 00:00:00,0.0379,0.0381,0.0373,0.0373,403463.2
2025-12-16 01:00:00,0.0373,0.0377,0.037,0.0373,465130.2
2025-12-16 02:00:00,0.0372,0.0376,0.0371,0.0376,410432.3
2025-12-16 03:00:00,0.0376,0.0379,0.0375,0.0377,562943.9
2025-12-16 04:00:00,0.0377,0.0379,0.0373,0.0376,475187.0
2025-12-16 05:00:00,0.0376,0.0377,0.0374,0.0376,341709.7
2025-12-16 06:00:00,0.0376,0.0379,0.0374,0.0375,482058.9
2025-12-16 07:00:00,0.0375,0.0376,0.037,0.037,293524.1
2025-12-16 08:00:00,0.037,0.0375,0.037,0.0374,530591.0
2025-12-16 09:00:00,0.0374,0.0379,0.0371,0.0373,1123315.4
2025-12-16 10:00:00,0.0373,0.0378,0.0372,0.0376,843797.1
2025-12-16 11:00:00,0.0376,0.0377,0.0375,0.0376,305192.5
2025-12-16 12:00:00,0.0377,0.0378,0.0372,0.0373,756438.1
2025-12-16 13:00:00,0.0373,0.0374,0.0369,0.0371,998927.2
2025-12-16 14:00:00,0.0371,0.0373,0.0369,0.0371,1345349.1
2025-12-16 15:00:00,0.0371,0.0374,0.037,0.0373,807038.7
2025-12-16 16:00:00,0.0373,0.0373,0.037,0.037,607714.1
2025-12-16 17:00:00,0.037,0.0371,0.0365,0.0366,1452303.6
2025-12-16 18:00:00,0.0366,0.0369,0.0365,0.0368,601260.0
2025-12-16 19:00:00,0.0369,0.037,0.0365,0.0368,387531.3
2025-12-16 20:00:00,0.0368,0.0368,0.0363,0.0364,599305.3
2025-12-16 21:00:00,0.0363,0.0364,0.0362,0.0363,179849.8
2025-12-16 22:00:00,0.0363,0.0364,0.0362,0.0363,276763.2
2025-12-16 23:00:00,0.0363,0.0363,0.0361,0.0363,213135.7
2025-12-17 00:00:00,0.0362,0.0369,0.0362,0.0368,1002458.2
2025-12-17 01:00:00,0.0368,0.0369,0.0365,0.0367,843810.7
2025-12-17 02:00:00,0.0367,0.0368,0.0362,0.0365,752469.0
2025-12-17 03:00:00,0.0365,0.0366,0.0361,0.0362,461038.5
2025-12-17 04:00:00,0.0362,0.0362,0.0356,0.0358,641264.3
2025-12-17 05:00:00,0.0359,0.0361,0.0357,0.0361,491915.2
2025-12-17 06:00:00,0.036,0.0361,0.0357,0.0358,456597.8
2025-12-17 07:00:00,0.0358,0.036,0.0357,0.0359,249461.9
2025-12-17 08:00:00,0.0359,0.0369,0.0356,0.0363,3544671.0
2025-12-17 09:00:00,0.0364,0.0365,0.0362,0.0363,620749.9
2025-12-17 10:00:00,0.0363,0.0365,0.0362,0.0363,367812.7
2025-12-17 11:00:00,0.0363,0.0365,0.0363,0.0364,494006.5
2025-12-17 12:00:00,0.0364,0.0365,0.0361,0.0361,123856.8
2025-12-17 13:00:00,0.0361,0.0364,0.0361,0.0364,350847.8
2025-12-17 14:00:00,0.0363,0.0363,0.0354,0.0363,1073415.7
2025-12-17 15:00:00,0.0363,0.0365,0.0352,0.0352,2259024.2
2025-12-17 16:00:00,0.0352,0.0354,0.0347,0.0351,1441033.1
2025-12-17 17:00:00,0.0351,0.0354,0.0349,0.0349,500587.3
2025-12-17 18:00:00,0.0349,0.035,0.0345,0.0347,932707.1
2025-12-17 19:00:00,0.0346,0.0352,0.0343,0.0349,746281.3
2025-12-17 20:00:00,0.0349,0.0351,0.0347,0.0347,132036.3
2025-12-17 21:00:00,0.0348,0.0349,0.0343,0.0344,105410.1
2025-12-17 22:00:00,0.0344,0.0346,0.0343,0.0346,259454.1
2025-12-17 23:00:00,0.0345,0.0348,0.0345,0.0346,294958.7
2025-12-18 00:00:00,0.0347,0.0349,0.0346,0.0348,265323.3
2025-12-18 01:00:00,0.0347,0.0347,0.0341,0.0341,312397.6
2025-12-18 02:00:00,0.0342,0.0343,0.0341,0.0342,188420.5
2025-12-18 03:00:00,0.0341,0.0346,0.0336,0.0344,2269403.7
2025-12-18 04:00:00,0.0343,0.0345,0.034,0.0341,452725.5
2025-12-18 05:00:00,0.0341,0.0343,0.0339,0.034,449108.7
2025-12-18 06:00:00,0.0341,0.0341,0.0339,0.034,204775.8
2025-12-18 07:00:00,0.0341,0.0345,0.034,0.034,2133313.2
2025-12-18 08:00:00,0.0341,0.0342,0.0339,0.034,544540.9
2025-12-18 09:00:00,0.0341,0.0341,0.0338,0.0338,392517.3
2025-12-18 10:00:00,0.0338,0.034,0.0335,0.0338,808711.4
2025-12-18 11:00:00,0.0338,0.034,0.0338,0.0339,854216.6
2025-12-18 12:00:00,0.0339,0.0392,0.0339,0.0358,13629079.3
2025-12-18 13:00:00,0.0359,0.0368,0.0357,0.0365,1178916.8
2025-12-18 14:00:00,0.0364,0.0371,0.0363,0.0363,1002396.9
2025-12-18 15:00:00,0.0363,0.0363,0.0358,0.036,487485.4
2025-12-18 16:00:00,0.0361,0.0364,0.0358,0.0359,635465.0
2025-12-18 17:00:00,0.0358,0.0359,0.0348,0.0354,1282118.9
2025-12-18 18:00:00,0.0354,0.0357,0.0351,0.0351,117814.3
2025-12-18 19:00:00,0.0351,0.0352,0.0349,0.035,981217.3
2025-12-18 20:00:00,0.035,0.0358,0.035,0.0356,784987.2
2025-12-18 21:00:00,0.0356,0.0359,0.0354,0.0357,601897.9
2025-12-18 22:00:00,0.0357,0.0358,0.0354,0.0356,285522.6
2025-12-18 23:00:00,0.0355,0.0356,0.0353,0.0353,571419.1
2025-12-19 00:00:00,0.0353,0.0354,0.0351,0.0353,327910.8
2025-12-19 01:00:00,0.0353,0.0353,0.0349,0.0351,627824.4
2025-12-19 02:00:00,0.035,0.0352,0.0349,0.0351,234344.6
2025-12-19 03:00:00,0.0351,0.0357,0.0351,0.0355,574361.5
2025-12-19 04:00:00,0.0356,0.036,0.0355,0.0359,237881.0
2025-12-19 05:00:00,0.0358,0.0359,0.0356,0.0357,133577.5
2025-12-19 06:00:00,0.0356,0.0362,0.0355,0.0359,804384.9
2025-12-19 07:00:00,0.036,0.0367,0.0359,0.0364,1933634.7
2025-12-19 08:00:00,0.0363,0.0368,0.0361,0.0366,501732.0
2025-12-19 09:00:00,0.0366,0.0367,0.0358,0.0359,1141437.2
2025-12-19 10:00:00,0.036,0.0363,0.0359,0.0363,349817.0
2025-12-19 11:00:00,0.0363,0.0363,0.036,0.0361,438126.6
2025-12-19 12:00:00,0.0362,0.0362,0.0358,0.0359,531535.9
2025-12-19 13:00:00,0.0359,0.0364,0.0358,0.0361,533605.4
2025-12-19 14:00:00,0.0361,0.0362,0.0357,0.0359,761404.5
2025-12-19 15:00:00,0.036,0.0362,0.0357,0.0359,1101584.8
2025-12-19 16:00:00,0.0359,0.0368,0.0359,0.0365,2157701.6
2025-12-19 17:00:00,0.0365,0.0367,0.0364,0.0365,972251.9
2025-12-19 18:00:00,0.0365,0.0368,0.0364,0.0367,711418.0
2025-12-19 19:00:00,0.0366,0.037,0.0366,0.0369,357822.2
2025-12-19 20:00:00,0.0369,0.0373,0.0368,0.0372,446130.1
2025-12-19 21:00:00,0.0371,0.0371,0.0366,0.0369,933067.7
2025-12-19 22:00:00,0.0369,0.037,0.0366,0.037,428869.9
2025-12-19 23:00:00,0.0369,0.0371,0.0369,0.0369,177443.3
2025-12-20 00:00:00,0.0369,0.037,0.0367,0.0369,300498.0
2025-12-20 01:00:00,0.0368,0.037,0.0367,0.0367,242894.7
2025-12-20 02:00:00,0.0368,0.0373,0.0366,0.0371,471035.0
2025-12-20 03:00:00,0.0371,0.0376,0.0371,0.0374,512169.9
2025-12-20 04:00:00,0.0374,0.0378,0.0365,0.0369,3438631.3
2025-12-20 05:00:00,0.0368,0.0372,0.0368,0.0371,411031.6
2025-12-20 06:00:00,0.0371,0.0375,0.037,0.0374,164528.7
2025-12-20 07:00:00,0.0374,0.0375,0.0373,0.0374,158495.8
2025-12-20 08:00:00,0.0374,0.0374,0.0371,0.0372,702264.1
2025-12-20 09:00:00,0.0372,0.0387,0.037,0.0386,3189988.0
2025-12-20 10:00:00,0.0386,0.0388,0.0376,0.0379,904720.7
2025-12-20 11:00:00,0.0379,0.038,0.0376,0.038,449983.7
2025-12-20 12:00:00,0.0379,0.0379,0.0373,0.0376,1001411.3
2025-12-20 13:00:00,0.0376,0.0379,0.0374,0.0377,765994.8
2025-12-20 14:00:00,0.0377,0.0378,0.0375,0.0376,324687.6
2025-12-20 15:00:00,0.0376,0.0379,0.0374,0.0376,1164749.3
2025-12-20 16:00:00,0.0376,0.0376,0.0372,0.0376,846295.0
2025-12-20 17:00:00,0.0376,0.0377,0.0375,0.0376,174982.0
2025-12-20 18:00:00,0.0376,0.0376,0.0374,0.0376,104775.7
2025-12-20 19:00:00,0.0375,0.0376,0.0373,0.0375,475790.6
2025-12-20 20:00:00,0.0376,0.0376,0.0375,0.0376,96272.3
2025-12-20 21:00:00,0.0376,0.0378,0.0376,0.0378,94750.8
2025-12-20 22:00:00,0.0378,0.0378,0.0375,0.0377,166668.8
2025-12-20 23:00:00,0.0376,0.0376,0.0375,0.0376,96953.3
2025-12-21 00:00:00,0.0376,0.0378,0.0374,0.0378,337578.9
2025-12-21 01:00:00,0.0378,0.0378,0.0374,0.0375,378434.4
2025-12-21 02:00:00,0.0375,0.0408,0.0371,0.0384,6714321.0
2025-12-21 03:00:00,0.0384,0.0388,0.0383,0.0385,647643.0
2025-12-21 04:00:00,0.0386,0.0386,0.0383,0.0384,298624.4
2025-12-21 05:00:00,0.0384,0.0389,0.0383,0.0385,282902.5
2025-12-21 06:00:00,0.0386,0.0386,0.0381,0.0382,451007.7
2025-12-21 07:00:00,0.0382,0.0383,0.038,0.0381,354691.4
2025-12-21 08:00:00,0.0382,0.0393,0.0381,0.0387,1548035.1
2025-12-21 09:00:00,0.0387,0.0393,0.0387,0.0391,788423.6
2025-12-21 10:00:00,0.0391,0.0391,0.0383,0.0385,418804.3
2025-12-21 11:00:00,0.0385,0.0385,0.0379,0.038,336685.9
2025-12-21 12:00:00,0.038,0.0384,0.0378,0.0379,654634.6
2025-12-21 13:00:00,0.038,0.0382,0.0376,0.038,425264.6
2025-12-21 14:00:00,0.0379,0.0388,0.0379,0.0385,981600.6
2025-12-21 15:00:00,0.0385,0.0425,0.0384,0.0414,27281645.6
2025-12-21 16:00:00,0.0413,0.0438,0.0412,0.0434,26167471.9
2025-12-21 17:00:00,0.0434,0.0456,0.0421,0.0422,25961737.2
2025-12-21 18:00:00,0.0423,0.0463,0.0419,0.0461,13199538.9
2025-12-21 19:00:00,0.0461,0.0474,0.0446,0.0453,25104130.2
2025-12-21 20:00:00,0.0453,0.0453,0.0421,0.0429,15031235.4
2025-12-21 21:00:00,0.0428,0.0431,0.0413,0.0417,7536860.1
2025-12-21 22:00:00,0.0417,0.0424,0.0412,0.0417,2520295.7
2025-12-21 23:00:00,0.0417,0.0427,0.0417,0.0422,2268334.2
2025-12-22 00:00:00,0.0422,0.0428,0.0417,0.0422,2871098.3
2025-12-22 01:00:00,0.0421,0.0436,0.0421,0.0429,2091405.9
2025-12-22 02:00:00,0.0429,0.0436,0.0419,0.0425,4478559.4
2025-12-22 03:00:00,0.0425,0.0441,0.0425,0.0427,2418897.2
2025-12-22 04:00:00,0.0427,0.0438,0.0427,0.0433,1865836.9
2025-12-22 05:00:00,0.0433,0.0451,0.0432,0.0444,4739558.4
2025-12-22 06:00:00,0.0445,0.0458,0.043,0.0433,7939025.1
2025-12-22 07:00:00,0.0432,0.0438,0.0423,0.0437,3488231.4
2025-12-22 08:00:00,0.0436,0.0445,0.043,0.0435,2475941.4
2025-12-22 09:00:00,0.0435,0.045,0.0429,0.0437,6075847.6
2025-12-22 10:00:00,0.0437,0.0453,0.0437,0.045,3457902.4
2025-12-22 11:00:00,0.045,0.0476,0.045,0.0467,12756173.5
2025-12-22 12:00:00,0.0467,0.0477,0.0452,0.0459,13318163.2
2025-12-22 13:00:00,0.046,0.0464,0.0452,0.0455,3422676.7
2025-12-22 14:00:00,0.0454,0.0457,0.0445,0.0454,3017379.1
2025-12-22 15:00:00,0.0455,0.0465,0.0446,0.0462,4315040.8
2025-12-22 16:00:00,0.0463,0.0473,0.0458,0.0462,3907732.6
2025-12-22 17:00:00,0.0463,0.0471,0.0461,0.0468,1867988.5
2025-12-22 18:00:00,0.0468,0.0469,0.0458,0.0462,3358996.2
2025-12-22 19:00:00,0.0462,0.0465,0.0454,0.0456,1698654.3
2025-12-22 20:00:00,0.0456,0.0468,0.0456,0.0464,1330416.9
2025-12-22 21:00:00,0.0464,0.0467,0.0462,0.0465,601620.3
2025-12-22 22:00:00,0.0464,0.0471,0.046,0.047,978832.1
2025-12-22 23:00:00,0.0469,0.0472,0.0461,0.0462,928490.3
2025-12-23 00:00:00,0.0462,0.0466,0.0457,0.0458,724212.2
2025-12-23 01:00:00,0.0459,0.0465,0.0458,0.0465,611044.0
2025-12-23 02:00:00,0.0464,0.048,0.0454,0.0456,3561036.9
2025-12-23 03:00:00,0.0456,0.0463,0.0454,0.0462,557517.4
2025-12-23 04:00:00,0.0461,0.0468,0.0458,0.0468,483953.9
2025-12-23 05:00:00,0.0468,0.0473,0.0466,0.0466,597747.3
2025-12-23 06:00:00,0.0465,0.0475,0.0457,0.0471,2629117.1
2025-12-23 07:00:00,0.0471,0.05,0.0468,0.0491,11939158.8
2025-12-23 08:00:00,0.0492,0.0496,0.0474,0.0485,5337686.5
2025-12-23 09:00:00,0.0484,0.0493,0.048,0.0483,2046092.8
2025-12-23 10:00:00,0.0483,0.0503,0.0483,0.0494,8845381.9
2025-12-23 11:00:00,0.0493,0.0511,0.0491,0.0501,3814061.5
2025-12-23 12:00:00,0.05,0.0504,0.049,0.0491,4957396.7
2025-12-23 13:00:00,0.0491,0.0494,0.0474,0.0478,3843106.0
2025-12-23 14:00:00,0.0478,0.0487,0.0473,0.048,2509191.3
2025-12-23 15:00:00,0.048,0.0495,0.0475,0.0487,2816466.4
2025-12-23 16:00:00,0.0487,0.0488,0.0469,0.0474,1621666.4
2025-12-23 17:00:00,0.0474,0.0485,0.0473,0.048,1096657.0
2025-12-23 18:00:00,0.048,0.0485,0.0471,0.0479,2422979.8
2025-12-23 19:00:00,0.0478,0.0491,0.0478,0.0487,1078960.5
2025-12-23 20:00:00,0.0487,0.049,0.0482,0.0486,995684.7
2025-12-23 21:00:00,0.0487,0.0488,0.0481,0.0485,529200.1
2025-12-23 22:00:00,0.0485,0.0488,0.048,0.0482,330354.2
2025-12-23 23:00:00,0.0481,0.0484,0.0477,0.0478,410669.1
2025-12-24 00:00:00,0.0479,0.0479,0.0473,0.0475,636387.9
2025-12-24 01:00:00,0.0475,0.0485,0.0463,0.0463,1566980.8
2025-12-24 02:00:00,0.0464,0.0467,0.0458,0.0459,1974369.2
2025-12-24 03:00:00,0.0459,0.0463,0.0456,0.046,767696.6
2025-12-24 04:00:00,0.046,0.0462,0.0456,0.0461,378717.5
2025-12-24 05:00:00,0.0461,0.0471,0.0457,0.0462,784330.9
2025-12-24 06:00:00,0.0462,0.0468,0.0461,0.0463,250101.8
2025-12-24 07:00:00,0.0463,0.0468,0.0459,0.0464,962053.2
2025-12-24 08:00:00,0.0463,0.0463,0.0447,0.0451,1851183.7
2025-12-24 09:00:00,0.0451,0.0452,0.0443,0.0445,1036990.2
2025-12-24 10:00:00,0.0445,0.0447,0.0443,0.0444,484711.0
2025-12-24 11:00:00,0.0444,0.0445,0.0433,0.0433,1054726.2
2025-12-24 12:00:00,0.0433,0.0438,0.043,0.0436,746423.5
2025-12-24 13:00:00,0.0435,0.0436,0.0425,0.0425,1692057.9
2025-12-24 14:00:00,0.0426,0.0435,0.0426,0.0434,741388.3
2025-12-24 15:00:00,0.0433,0.0434,0.0427,0.0429,657439.5
2025-12-24 16:00:00,0.0428,0.0431,0.0425,0.0428,1047852.3
2025-12-24 17:00:00,0.0427,0.0429,0.0426,0.0428,308582.0
2025-12-24 18:00:00,0.0427,0.0434,0.0425,0.0433,501384.3
2025-12-24 19:00:00,0.0433,0.0443,0.043,0.0436,2760072.6
2025-12-24 20:00:00,0.0436,0.0442,0.0434,0.0437,674918.3
2025-12-24 21:00:00,0.0437,0.0437,0.0427,0.0429,1445386.0
2025-12-24 22:00:00,0.0428,0.0432,0.0426,0.0429,372313.3
2025-12-24 23:00:00,0.0429,0.0431,0.0426,0.043,557637.7
2025-12-25 00:00:00,0.043,0.0444,0.043,0.0437,3105194.5
2025-12-25 01:00:00,0.0437,0.0449,0.0436,0.0445,1530824.2
2025-12-25 02:00:00,0.0446,0.0446,0.0438,0.044,702866.2
2025-12-25 03:00:00,0.0439,0.0441,0.0434,0.0436,1227225.1
2025-12-25 04:00:00,0.0435,0.0441,0.0435,0.0438,1121903.4
2025-12-25 05:00:00,0.0438,0.0443,0.0437,0.0441,837048.0
2025-12-25 06:00:00,0.0441,0.0448,0.044,0.0447,1308326.7
2025-12-25 07:00:00,0.0447,0.0448,0.044,0.0443,499916.5
2025-12-25 08:00:00,0.0443,0.0443,0.0435,0.0436,1538540.2
2025-12-25 09:00:00,0.0436,0.0437,0.0433,0.0434,490125.8
2025-12-25 10:00:00,0.0435,0.0435,0.0417,0.0422,3764881.4
2025-12-25 11:00:00,0.0422,0.0423,0.0418,0.042,2379230.0
2025-12-25 12:00:00,0.0421,0.0424,0.0416,0.0423,4173940.8
2025-12-25 13:00:00,0.0421,0.0432,0.0421,0.0428,1765893.3
2025-12-25 14:00:00,0.0428,0.0429,0.0423,0.0425,288563.9
2025-12-25 15:00:00,0.0425,0.0428,0.0423,0.0425,332151.5
2025-12-25 16:00:00,0.0426,0.0429,0.0425,0.0425,471683.4
2025-12-25 17:00:00,0.0425,0.0429,0.0425,0.0429,368010.2
2025-12-25 18:00:00,0.0428,0.0433,0.0428,0.0431,422836.1
2025-12-25 19:00:00,0.0431,0.0433,0.0431,0.0431,136989.3
2025-12-25 20:00:00,0.0432,0.0435,0.0429,0.0432,747391.1
2025-12-25 21:00:00,0.0432,0.0439,0.0432,0.0435,750435.5
2025-12-25 22:00:00,0.0436,0.044,0.043,0.0434,1033634.0
2025-12-25 23:00:00,0.0434,0.0436,0.0427,0.043,1317543.8
2025-12-26 00:00:00,0.043,0.0437,0.0427,0.0436,897639.9
2025-12-26 01:00:00,0.0436,0.0442,0.0435,0.0439,1367255.5
2025-12-26 02:00:00,0.0439,0.0444,0.0436,0.0436,470156.5
2025-12-26 03:00:00,0.0436,0.0436,0.0433,0.0435,323089.1
2025-12-26 04:00:00,0.0436,0.0442,0.0435,0.0442,444667.7
2025-12-26 05:00:00,0.0442,0.0444,0.0438,0.0442,458736.6
2025-12-26 06:00:00,0.0442,0.0449,0.0442,0.0445,850346.4
2025-12-26 07:00:00,0.0446,0.0456,0.0443,0.0453,1726978.6
2025-12-26 08:00:00,0.0453,0.0454,0.0445,0.0447,603107.5
2025-12-26 09:00:00,0.0447,0.0449,0.0445,0.0449,292421.9
2025-12-26 10:00:00,0.045,0.0455,0.0446,0.0455,1351720.2
2025-12-26 11:00:00,0.0455,0.0465,0.0451,0.0464,2706495.7
2025-12-26 12:00:00,0.0464,0.0476,0.0456,0.0466,7106724.6
2025-12-26 13:00:00,0.0467,0.0488,0.0463,0.0481,6101976.5
2025-12-26 14:00:00,0.0482,0.0496,0.048,0.0481,4832162.5
2025-12-26 15:00:00,0.0481,0.0517,0.0476,0.0515,14170682.8
2025-12-26 16:00:00,0.0516,0.054,0.0506,0.0519,27091494.5
2025-12-26 17:00:00,0.0518,0.056,0.0513,0.0541,22315836.2
2025-12-26 18:00:00,0.0541,0.0579,0.0535,0.0564,22593017.0
2025-12-26 19:00:00,0.0564,0.0568,0.0512,0.0518,22136420.7
2025-12-26 20:00:00,0.0517,0.0526,0.0481,0.0496,19582356.6
2025-12-26 21:00:00,0.0496,0.0499,0.0482,0.0488,6287208.2
2025-12-26 22:00:00,0.0488,0.0507,0.0486,0.0502,6746188.8
2025-12-26 23:00:00,0.0502,0.0504,0.0487,0.049,2586559.3
2025-12-27 00:00:00,0.0489,0.0493,0.0485,0.0489,1583774.9
2025-12-27 01:00:00,0.0489,0.0507,0.0489,0.0503,2264763.3
2025-12-27 02:00:00,0.0502,0.0505,0.0493,0.0502,2078054.1
2025-12-27 03:00:00,0.0502,0.0503,0.0486,0.0493,1877899.3
2025-12-27 04:00:00,0.0493,0.0503,0.0492,0.0503,1445474.9
2025-12-27 05:00:00,0.0503,0.0507,0.0498,0.0501,2195432.1
2025-12-27 06:00:00,0.0501,0.0505,0.0494,0.0496,1355308.1
2025-12-27 07:00:00,0.0497,0.0504,0.0496,0.0496,1282949.8
2025-12-27 08:00:00,0.0497,0.0509,0.0496,0.0504,2692190.5
2025-12-27 09:00:00,0.0503,0.051,0.05,0.0505,2148487.8
2025-12-27 10:00:00,0.0505,0.0507,0.0496,0.0498,2036039.5
2025-12-27 11:00:00,0.0497,0.0504,0.0494,0.0498,2198191.9
2025-12-27 12:00:00,0.0499,0.0506,0.0498,0.0506,1924603.6
2025-12-27 13:00:00,0.0505,0.0528,0.0501,0.0524,6897470.0
2025-12-27 14:00:00,0.0524,0.0537,0.0513,0.0516,7076887.0
2025-12-27 15:00:00,0.0516,0.0522,0.0505,0.0507,4194231.1
2025-12-27 16:00:00,0.0506,0.051,0.0505,0.0508,1562445.1
2025-12-27 17:00:00,0.0509,0.0515,0.0507,0.0514,1546583.8
2025-12-27 18:00:00,0.0514,0.0534,0.0512,0.0531,2876274.8
2025-12-27 19:00:00,0.0531,0.0536,0.0524,0.0529,2438868.8
2025-12-27 20:00:00,0.0529,0.0555,0.0529,0.054,9516301.6
2025-12-27 21:00:00,0.0539,0.0541,0.0523,0.0531,2682830.9
2025-12-27 22:00:00,0.0531,0.0544,0.053,0.0532,2136247.8
2025-12-27 23:00:00,0.0532,0.0547,0.0532,0.0539,1715508.0
2025-12-28 00:00:00,0.054,0.0558,0.0537,0.0558,2773480.5
2025-12-28 01:00:00,0.0558,0.0572,0.0554,0.0567,3779808.8
2025-12-28 02:00:00,0.0567,0.0569,0.0535,0.0537,3110856.1
2025-12-28 03:00:00,0.0536,0.0537,0.0517,0.0522,1838783.1
2025-12-28 04:00:00,0.0521,0.0524,0.0507,0.0509,1114247.9
2025-12-28 05:00:00,0.051,0.0513,0.05,0.0501,1102664.6
2025-12-28 06:00:00,0.0501,0.0545,0.0497,0.0533,4585666.1
2025-12-28 07:00:00,0.0532,0.0534,0.0513,0.0514,4357616.4
2025-12-28 08:00:00,0.0514,0.0523,0.051,0.0515,1767535.9
2025-12-28 09:00:00,0.0516,0.0528,0.0515,0.0527,1006448.7
2025-12-28 10:00:00,0.0527,0.0527,0.0519,0.052,591404.4
2025-12-28 11:00:00,0.052,0.0538,0.052,0.0521,1984372.5
2025-12-28 12:00:00,0.0522,0.0527,0.0516,0.0524,624055.6
2025-12-28 13:00:00,0.0523,0.054,0.0521,0.0533,1417051.8
2025-12-28 14:00:00,0.0532,0.0545,0.0531,0.0541,1649446.5
2025-12-28 15:00:00,0.0541,0.0548,0.0528,0.0534,2073212.6
2025-12-28 16:00:00,0.0534,0.0549,0.053,0.0544,3232515.1
2025-12-28 17:00:00,0.0543,0.0555,0.0543,0.0551,3262972.3
2025-12-28 18:00:00,0.0551,0.0569,0.0547,0.0557,5754850.0
2025-12-28 19:00:00,0.0557,0.0557,0.0546,0.0547,2516548.6
2025-12-28 20:00:00,0.0547,0.055,0.0527,0.0533,2153395.5
2025-12-28 21:00:00,0.0533,0.0543,0.0526,0.0535,1398897.3
2025-12-28 22:00:00,0.0534,0.0546,0.0532,0.0544,923643.6
2025-12-28 23:00:00,0.0544,0.0546,0.0534,0.0536,781666.2
2025-12-29 00:00:00,0.0536,0.0538,0.0529,0.0536,1037778.5
2025-12-29 01:00:00,0.0536,0.0543,0.0532,0.0536,763170.3
2025-12-29 02:00:00,0.0536,0.0537,0.0525,0.0525,1454235.9
2025-12-29 03:00:00,0.0526,0.0533,0.0525,0.0531,829152.2
2025-12-29 04:00:00,0.053,0.0534,0.0524,0.0531,952379.9
2025-12-29 05:00:00,0.053,0.054,0.0529,0.0529,927170.8
2025-12-29 06:00:00,0.0529,0.0535,0.0528,0.053,663447.6
2025-12-29 07:00:00,0.053,0.0531,0.0525,0.0527,819227.0
2025-12-29 08:00:00,0.0527,0.0527,0.0506,0.0513,2383685.4
2025-12-29 09:00:00,0.0513,0.052,0.0513,0.0514,698105.9
2025-12-29 10:00:00,0.0514,0.0517,0.0508,0.0511,722911.7
2025-12-29 11:00:00,0.0511,0.0512,0.0506,0.0507,966495.8
2025-12-29 12:00:00,0.0508,0.0511,0.0504,0.0511,540376.7
2025-12-29 13:00:00,0.051,0.051,0.0495,0.0496,2502732.1
2025-12-29 14:00:00,0.0496,0.0502,0.0494,0.0498,888774.2
2025-12-29 15:00:00,0.0498,0.05,0.0483,0.0486,2737541.4
2025-12-29 16:00:00,0.0486,0.0496,0.0485,0.049,1714295.5
2025-12-29 17:00:00,0.0491,0.0493,0.049,0.0492,406612.7
2025-12-29 18:00:00,0.0491,0.0491,0.0481,0.0484,1060260.0
2025-12-29 19:00:00,0.0483,0.0486,0.0482,0.0484,511072.3
2025-12-29 20:00:00,0.0485,0.0491,0.0483,0.049,742996.0
2025-12-29 21:00:00,0.049,0.0491,0.0486,0.0487,668890.8
2025-12-29 22:00:00,0.0486,0.0489,0.0482,0.0488,568458.8
2025-12-29 23:00:00,0.0487,0.0498,0.0487,0.0489,2276122.5
2025-12-30 00:00:00,0.0489,0.0492,0.0487,0.0488,1104938.9
2025-12-30 01:00:00,0.0488,0.0488,0.0467,0.0479,3243662.9
2025-12-30 02:00:00,0.048,0.049,0.0479,0.0487,1150888.9
2025-12-30 03:00:00,0.0487,0.0488,0.0484,0.0485,575068.6
2025-12-30 04:00:00,0.0485,0.049,0.0485,0.0488,416610.5
2025-12-30 05:00:00,0.0487,0.0487,0.0478,0.0481,669852.9
2025-12-30 06:00:00,0.0481,0.0482,0.0474,0.0478,750011.6
2025-12-30 07:00:00,0.0478,0.0484,0.0478,0.0479,331841.2
2025-12-30 08:00:00,0.048,0.0483,0.048,0.0481,190736.8
2025-12-30 09:00:00,0.0481,0.0485,0.0479,0.0482,1157883.6
2025-12-30 10:00:00,0.0483,0.0483,0.0476,0.0476,645109.1
2025-12-30 11:00:00,0.0477,0.0482,0.0476,0.0478,716023.6
2025-12-30 12:00:00,0.0478,0.0479,0.0465,0.047,1507510.2
2025-12-30 13:00:00,0.0469,0.047,0.0456,0.0459,2276548.8
2025-12-30 14:00:00,0.046,0.0463,0.0456,0.0457,2135542.4
2025-12-30 15:00:00,0.0457,0.0463,0.0456,0.046,1141548.4
2025-12-30 16:00:00,0.046,0.0462,0.0456,0.046,600728.6
2025-12-30 17:00:00,0.046,0.0461,0.0457,0.046,473217.5
2025-12-30 18:00:00,0.0461,0.0468,0.046,0.0461,1148322.7
2025-12-30 19:00:00,0.0462,0.0462,0.0455,0.0458,672270.2
2025-12-30 20:00:00,0.0459,0.0461,0.0456,0.0458,613599.9
2025-12-30 21:00:00,0.0457,0.0461,0.0456,0.0457,404648.6
2025-12-30 22:00:00,0.0458,0.0459,0.0449,0.0456,1472215.4
2025-12-30 23:00:00,0.0456,0.0457,0.0454,0.0455,472011.6
2025-12-31 00:00:00,0.0454,0.0455,0.0448,0.0451,712773.8
2025-12-31 01:00:00,0.0452,0.0457,0.0452,0.0456,372622.8
2025-12-31 02:00:00,0.0456,0.0459,0.0455,0.0457,751009.3
2025-12-31 03:00:00,0.0457,0.0461,0.0455,0.0457,525576.3
2025-12-31 04:00:00,0.0457,0.0458,0.0454,0.0456,618042.5
2025-12-31 05:00:00,0.0455,0.0459,0.0455,0.0459,436671.4
2025-12-31 06:00:00,0.0459,0.047,0.0458,0.047,1461604.3
2025-12-31 07:00:00,0.047,0.0479,0.0467,0.0471,3051596.5
2025-12-31 08:00:00,0.047,0.0475,0.0468,0.0474,596218.5
2025-12-31 09:00:00,0.0474,0.0483,0.0471,0.0481,1580875.0
2025-12-31 10:00:00,0.0481,0.0484,0.0474,0.0475,1220336.9
2025-12-31 11:00:00,0.0475,0.0481,0.047,0.048,776833.2
2025-12-31 12:00:00,0.0479,0.048,0.0466,0.0468,998313.6
2025-12-31 13:00:00,0.0468,0.0472,0.0464,0.047,828967.2
2025-12-31 14:00:00,0.0469,0.047,0.0465,0.0467,484679.5
2025-12-31 15:00:00,0.0467,0.0473,0.0465,0.0471,557389.2
2025-12-31 16:00:00,0.0471,0.0482,0.0468,0.0471,2747189.6
2025-12-31 17:00:00,0.0471,0.0472,0.0449,0.0459,3975213.0
2025-12-31 18:00:00,0.0458,0.0458,0.0452,0.0453,220987.5
2025-12-31 19:00:00,0.0453,0.0458,0.0453,0.0454,510061.6
2025-12-31 20:00:00,0.0453,0.0454,0.0451,0.0453,386186.5
2025-12-31 21:00:00,0.0453,0.0454,0.045,0.0451,199529.6
2025-12-31 22:00:00,0.0451,0.0451,0.0442,0.0446,1091676.9
2025-12-31 23:00:00,0.0446,0.0449,0.0442,0.0444,754763.6
2026-01-01 00:00:00,0.0444,0.0446,0.0442,0.0444,311469.6
2026-01-01 01:00:00,0.0444,0.0446,0.0443,0.0446,217559.6
2026-01-01 02:00:00,0.0446,0.0453,0.0444,0.0449,1107399.7
2026-01-01 03:00:00,0.0449,0.0455,0.0449,0.0452,558426.9
2026-01-01 04:00:00,0.0452,0.0452,0.0447,0.0448,339552.5
2026-01-01 05:00:00,0.0449,0.045,0.0447,0.0449,131623.3
2026-01-01 06:00:00,0.045,0.0451,0.0448,0.045,250773.7
2026-01-01 07:00:00,0.045,0.0451,0.0448,0.045,258484.9
2026-01-01 08:00:00,0.0449,0.045,0.0444,0.0446,808828.6
2026-01-01 09:00:00,0.0447,0.0448,0.0445,0.0445,174943.4
2026-01-01 10:00:00,0.0446,0.0448,0.0445,0.0448,295449.4
2026-01-01 11:00:00,0.0449,0.0459,0.0448,0.0452,1739023.5
2026-01-01 12:00:00,0.0452,0.0455,0.0446,0.045,1485453.8
2026-01-01 13:00:00,0.0451,0.0452,0.0449,0.045,247627.8
2026-01-01 14:00:00,0.045,0.045,0.0443,0.0443,754655.0
2026-01-01 15:00:00,0.0443,0.0447,0.0443,0.0446,500464.6
2026-01-01 16:00:00,0.0446,0.0449,0.0444,0.0445,767951.0
2026-01-01 17:00:00,0.0446,0.045,0.0445,0.0448,239529.7
2026-01-01 18:00:00,0.0448,0.0449,0.0444,0.0446,405705.0
2026-01-01 19:00:00,0.0446,0.0447,0.0444,0.0446,511524.4
2026-01-01 20:00:00,0.0446,0.0447,0.0443,0.0443,471874.5
2026-01-01 21:00:00,0.0443,0.0446,0.0442,0.0444,409001.8
2026-01-01 22:00:00,0.0444,0.0446,0.0443,0.0446,314790.7
2026-01-01 23:00:00,0.0446,0.045,0.0444,0.0447,1073191.1
2026-01-02 00:00:00,0.0446,0.0447,0.0444,0.0446,874665.3
2026-01-02 01:00:00,0.0446,0.0446,0.043,0.0437,2960248.6
2026-01-02 02:00:00,0.0438,0.044,0.0434,0.0436,825145.9
2026-01-02 03:00:00,0.0437,0.044,0.0436,0.0439,274453.6
2026-01-02 04:00:00,0.0438,0.0438,0.0433,0.0433,1260800.9
2026-01-02 05:00:00,0.0433,0.0435,0.0425,0.0429,1646288.0
2026-01-02 06:00:00,0.0431,0.0432,0.0427,0.0429,612272.5
2026-01-02 07:00:00,0.043,0.0431,0.0425,0.0425,814742.0
2026-01-02 08:00:00,0.0426,0.0446,0.0426,0.0439,5191708.3
2026-01-02 09:00:00,0.0438,0.0443,0.0431,0.0435,1069033.5
2026-01-02 10:00:00,0.0435,0.0442,0.0431,0.0438,1635757.2
2026-01-02 11:00:00,0.0438,0.0438,0.0429,0.0433,595261.7
2026-01-02 12:00:00,0.0433,0.0436,0.0429,0.0431,1141138.3
2026-01-02 13:00:00,0.043,0.0436,0.0429,0.0433,1019718.0
2026-01-02 14:00:00,0.0433,0.0437,0.0431,0.0435,517705.3
2026-01-02 15:00:00,0.0435,0.0437,0.0431,0.0434,668499.3
2026-01-02 16:00:00,0.0435,0.0438,0.0434,0.0437,1003201.2
2026-01-02 17:00:00,0.0437,0.0437,0.0432,0.0433,1264862.5
2026-01-02 18:00:00,0.0433,0.0438,0.0432,0.0436,760158.1
2026-01-02 19:00:00,0.0435,0.0437,0.0435,0.0437,98206.5
2026-01-02 20:00:00,0.0437,0.044,0.0436,0.0438,232679.0
2026-01-02 21:00:00,0.0437,0.0439,0.0435,0.0437,380673.8
2026-01-02 22:00:00,0.0438,0.0441,0.043,0.0436,3053321.8
2026-01-02 23:00:00,0.0435,0.0438,0.0435,0.0438,289404.2
2026-01-03 00:00:00,0.0438,0.0438,0.0435,0.0437,209079.9
2026-01-03 01:00:00,0.0437,0.044,0.0436,0.0439,316870.1
2026-01-03 02:00:00,0.0439,0.0442,0.0437,0.0441,417096.7
2026-01-03 03:00:00,0.044,0.0446,0.0438,0.0444,637413.6
2026-01-03 04:00:00,0.0444,0.0445,0.0441,0.0441,219314.4
2026-01-03 05:00:00,0.0441,0.0445,0.044,0.0444,486445.9
2026-01-03 06:00:00,0.0444,0.0446,0.0437,0.0439,552324.8
2026-01-03 07:00:00,0.044,0.0441,0.0433,0.0438,900157.7
2026-01-03 08:00:00,0.0436,0.0437,0.0432,0.0435,1014253.1
2026-01-03 09:00:00,0.0435,0.0441,0.0435,0.044,204885.9
2026-01-03 10:00:00,0.044,0.0442,0.0439,0.044,309442.2
2026-01-03 11:00:00,0.0439,0.0442,0.0438,0.0441,338333.6
2026-01-03 12:00:00,0.0441,0.045,0.0441,0.0447,1304817.4
2026-01-03 13:00:00,0.0448,0.0455,0.0447,0.0448,690110.4
2026-01-03 14:00:00,0.0449,0.0449,0.0444,0.0444,542121.8
2026-01-03 15:00:00,0.0444,0.0449,0.0443,0.0449,314906.5
2026-01-03 16:00:00,0.0449,0.0452,0.0444,0.0447,562377.7
2026-01-03 17:00:00,0.0447,0.047,0.0447,0.0466,2987079.9
2026-01-03 18:00:00,0.0467,0.0479,0.0455,0.0456,9307378.5
2026-01-03 19:00:00,0.0457,0.0464,0.0454,0.0459,1760643.7
2026-01-03 20:00:00,0.0459,0.0466,0.0456,0.0462,1677219.2
2026-01-03 21:00:00,0.0462,0.0466,0.046,0.0466,1489882.2
2026-01-03 22:00:00,0.0465,0.0466,0.0458,0.0459,828906.5
2026-01-03 23:00:00,0.0459,0.046,0.0457,0.0458,393373.4
2026-01-04 00:00:00,0.0458,0.0459,0.0453,0.0455,358493.2
2026-01-04 01:00:00,0.0454,0.0463,0.0453,0.046,972086.2
2026-01-04 02:00:00,0.0459,0.0461,0.0458,0.0461,248361.8
2026-01-04 03:00:00,0.046,0.0461,0.0453,0.0456,769752.4
2026-01-04 04:00:00,0.0457,0.0465,0.0456,0.0461,560397.7
2026-01-04 05:00:00,0.0462,0.0474,0.0458,0.0465,4345819.2
2026-01-04 06:00:00,0.0466,0.0468,0.0456,0.046,867927.0
2026-01-04 07:00:00,0.046,0.0461,0.0456,0.046,267119.6
2026-01-04 08:00:00,0.046,0.0461,0.0448,0.0453,3761618.8
2026-01-04 09:00:00,0.0452,0.0454,0.0445,0.0449,791631.2
2026-01-04 10:00:00,0.045,0.0451,0.0446,0.0448,448754.8
2026-01-04 11:00:00,0.0449,0.0451,0.0447,0.0448,687891.3
2026-01-04 12:00:00,0.0448,0.0451,0.0448,0.0449,381789.2
2026-01-04 13:00:00,0.0449,0.0453,0.0448,0.0453,544804.9
2026-01-04 14:00:00,0.0452,0.0452,0.0448,0.0451,330287.4
2026-01-04 15:00:00,0.0451,0.0455,0.0451,0.0452,192935.6
2026-01-04 16:00:00,0.0453,0.0461,0.0452,0.0458,836950.2
2026-01-04 17:00:00,0.0458,0.0462,0.0457,0.0461,383390.4
2026-01-04 18:00:00,0.0461,0.0461,0.0453,0.0456,891867.7
2026-01-04 19:00:00,0.0455,0.0456,0.045,0.0452,635596.8
2026-01-04 20:00:00,0.0452,0.0453,0.045,0.0451,197636.0
2026-01-04 21:00:00,0.0452,0.0452,0.0448,0.045,261925.2
2026-01-04 22:00:00,0.0449,0.0452,0.0449,0.0449,135511.9
2026-01-04 23:00:00,0.045,0.0451,0.0447,0.0449,244033.1
2026-01-05 00:00:00,0.0449,0.0451,0.0442,0.0446,1538915.0
2026-01-05 01:00:00,0.0446,0.0452,0.0446,0.0451,289672.9
2026-01-05 02:00:00,0.0451,0.0451,0.0444,0.0446,232496.4
2026-01-05 03:00:00,0.0446,0.0446,0.0441,0.0444,471715.8
2026-01-05 04:00:00,0.0444,0.0445,0.0437,0.044,863175.1
2026-01-05 05:00:00,0.044,0.0443,0.0439,0.0441,862344.0
2026-01-05 06:00:00,0.0442,0.0447,0.0442,0.0444,529906.2
2026-01-05 07:00:00,0.0443,0.0446,0.0443,0.0445,242886.6
2026-01-05 08:00:00,0.0444,0.0449,0.0443,0.0445,542591.9
2026-01-05 09:00:00,0.0444,0.0447,0.0443,0.0444,497280.6
2026-01-05 10:00:00,0.0444,0.0445,0.0443,0.0444,480893.9
2026-01-05 11:00:00,0.0444,0.0445,0.0443,0.0444,166765.4
2026-01-05 12:00:00,0.0444,0.0445,0.0443,0.0444,211476.8
2026-01-05 13:00:00,0.0444,0.0446,0.0436,0.0439,581062.6
2026-01-05 14:00:00,0.0439,0.0441,0.0436,0.044,416179.3
2026-01-05 15:00:00,0.044,0.0442,0.0438,0.0441,178729.4
2026-01-05 16:00:00,0.0441,0.0441,0.0437,0.0441,1275670.9
2026-01-05 17:00:00,0.044,0.0442,0.0439,0.0441,147472.1
2026-01-05 18:00:00,0.0441,0.0443,0.0441,0.0443,188060.2
2026-01-05 19:00:00,0.0443,0.0444,0.0442,0.0443,124063.8
2026-01-05 20:00:00,0.0443,0.0445,0.0443,0.0445,230257.7
2026-01-05 21:00:00,0.0445,0.0445,0.0442,0.0445,362392.2
2026-01-05 22:00:00,0.0444,0.0448,0.0442,0.0444,317198.0
2026-01-05 23:00:00,0.0444,0.0446,0.0443,0.0444,186876.8
2026-01-06 00:00:00,0.0445,0.0447,0.0443,0.0446,551702.5
2026-01-06 01:00:00,0.0446,0.0451,0.0444,0.0447,980309.2
2026-01-06 02:00:00,0.0447,0.0449,0.0444,0.0445,247676.5
2026-01-06 03:00:00,0.0445,0.0448,0.0443,0.0447,458121.1
2026-01-06 04:00:00,0.0448,0.045,0.0446,0.0448,165363.0
2026-01-06 05:00:00,0.0449,0.0449,0.0443,0.0443,684101.6
2026-01-06 06:00:00,0.0444,0.0449,0.0444,0.0448,364520.1
2026-01-06 07:00:00,0.0447,0.0448,0.0443,0.0445,798925.0
2026-01-06 08:00:00,0.0445,0.0454,0.0444,0.0448,519424.0
2026-01-06 09:00:00,0.0448,0.0454,0.0447,0.0449,568763.3
2026-01-06 10:00:00,0.0449,0.0452,0.0448,0.0452,213452.0
2026-01-06 11:00:00,0.0451,0.0453,0.045,0.0451,252153.8
2026-01-06 12:00:00,0.0451,0.0454,0.045,0.0453,614934.0
2026-01-06 13:00:00,0.0454,0.0454,0.0449,0.0451,1096352.8
2026-01-06 14:00:00,0.045,0.0454,0.0448,0.0451,518612.0
2026-01-06 15:00:00,0.0452,0.0456,0.0451,0.0455,639068.7
2026-01-06 16:00:00,0.0456,0.0458,0.0451,0.0455,1542641.8
2026-01-06 17:00:00,0.0456,0.0464,0.0455,0.0458,1537541.5
2026-01-06 18:00:00,0.0458,0.047,0.0458,0.047,1862782.3
2026-01-06 19:00:00,0.0469,0.0472,0.0465,0.0467,1448517.8
2026-01-06 20:00:00,0.0468,0.0479,0.0467,0.0471,1749574.3
2026-01-06 21:00:00,0.0472,0.0479,0.047,0.0474,1462414.9
2026-01-06 22:00:00,0.0473,0.0478,0.0468,0.0468,534741.3
2026-01-06 23:00:00,0.0468,0.0485,0.0464,0.0479,2590455.1
2026-01-07 00:00:00,0.0479,0.0484,0.0469,0.0472,1373630.2
2026-01-07 01:00:00,0.0472,0.0473,0.0469,0.047,571287.8
2026-01-07 02:00:00,0.047,0.0482,0.0469,0.0477,760870.3
2026-01-07 03:00:00,0.0478,0.0481,0.047,0.0476,522639.2
2026-01-07 04:00:00,0.0476,0.0477,0.0465,0.0467,363580.0
2026-01-07 05:00:00,0.0469,0.0471,0.0466,0.0468,166948.4
2026-01-07 06:00:00,0.0467,0.0473,0.0463,0.0473,797390.3
2026-01-07 07:00:00,0.0472,0.0475,0.0467,0.0469,283310.3
2026-01-07 08:00:00,0.047,0.0471,0.0467,0.0469,251201.3
2026-01-07 09:00:00,0.0468,0.047,0.0464,0.0468,466388.1
2026-01-07 10:00:00,0.0467,0.0476,0.0467,0.0473,1002749.7
2026-01-07 11:00:00,0.0473,0.0474,0.0469,0.0469,516561.1
2026-01-07 12:00:00,0.047,0.0471,0.0464,0.0465,292238.3
2026-01-07 13:00:00,0.0465,0.0477,0.0465,0.0469,630631.2
2026-01-07 14:00:00,0.0468,0.0472,0.0464,0.0472,558760.3
2026-01-07 15:00:00,0.0471,0.0472,0.0466,0.047,387943.2
2026-01-07 16:00:00,0.0472,0.0473,0.0462,0.0464,646992.2
2026-01-07 17:00:00,0.0464,0.0467,0.0463,0.0465,197214.6
2026-01-07 18:00:00,0.0464,0.0467,0.0463,0.0463,212421.4
2026-01-07 19:00:00,0.0464,0.0465,0.0452,0.0455,620843.2
2026-01-07 20:00:00,0.0454,0.0459,0.0454,0.0457,628757.6
2026-01-07 21:00:00,0.0458,0.046,0.0458,0.0459,35334.1
2026-01-07 22:00:00,0.0458,0.046,0.0458,0.0458,106552.7
2026-01-07 23:00:00,0.0458,0.0459,0.0455,0.0456,116631.5
2026-01-08 00:00:00,0.0456,0.0457,0.0454,0.0455,207811.6
2026-01-08 01:00:00,0.0456,0.0458,0.0455,0.0457,270848.4
2026-01-08 02:00:00,0.0457,0.0461,0.0456,0.046,402473.9
2026-01-08 03:00:00,0.0459,0.046,0.0454,0.0456,181092.1
2026-01-08 04:00:00,0.0455,0.0461,0.0454,0.0458,97862.1
2026-01-08 05:00:00,0.0458,0.0459,0.0458,0.0458,60514.9
2026-01-08 06:00:00,0.0458,0.0459,0.0451,0.0452,112862.3
2026-01-08 07:00:00,0.0451,0.0453,0.0448,0.0449,351188.8
2026-01-08 08:00:00,0.0449,0.045,0.0427,0.043,2399966.7
2026-01-08 09:00:00,0.043,0.0431,0.0423,0.0424,910724.5
2026-01-08 10:00:00,0.0425,0.0438,0.0423,0.0433,1144483.0
2026-01-08 11:00:00,0.0433,0.0448,0.0433,0.0446,2444643.8
2026-01-08 12:00:00,0.0447,0.045,0.0437,0.0439,1844410.4
2026-01-08 13:00:00,0.0439,0.0441,0.0437,0.044,202859.9
2026-01-08 14:00:00,0.044,0.0442,0.0437,0.0441,357846.8
2026-01-08 15:00:00,0.044,0.0445,0.0439,0.0444,147585.0
2026-01-08 16:00:00,0.0444,0.0444,0.0435,0.0444,1684094.7
2026-01-08 17:00:00,0.0445,0.0454,0.0444,0.0447,1448575.1
2026-01-08 18:00:00,0.0447,0.045,0.0445,0.0446,204702.2
2026-01-08 19:00:00,0.0446,0.0447,0.0444,0.0446,185957.0
2026-01-08 20:00:00,0.0446,0.0448,0.0445,0.0448,135149.0
2026-01-08 21:00:00,0.0449,0.0451,0.0448,0.0448,258127.3
2026-01-08 22:00:00,0.0447,0.0449,0.0445,0.0446,173621.9
2026-01-08 23:00:00,0.0446,0.045,0.0443,0.0448,268997.6
2026-01-09 00:00:00,0.0447,0.0451,0.0446,0.0448,369330.2
2026-01-09 01:00:00,0.0448,0.0455,0.0448,0.0454,483587.3
2026-01-09 02:00:00,0.0455,0.0456,0.0452,0.0452,174897.4
2026-01-09 03:00:00,0.0452,0.0452,0.0449,0.0451,90457.7
2026-01-09 04:00:00,0.0451,0.0453,0.0449,0.045,81735.7
2026-01-09 05:00:00,0.045,0.0453,0.045,0.0452,16166.2
2026-01-09 06:00:00,0.0453,0.0456,0.0451,0.0455,140058.1
2026-01-09 07:00:00,0.0456,0.0457,0.0454,0.0455,112886.1
2026-01-09 08:00:00,0.0455,0.0459,0.0453,0.0457,338132.7
2026-01-09 09:00:00,0.0457,0.0472,0.0456,0.0466,2340417.6
2026-01-09 10:00:00,0.0467,0.0468,0.0446,0.045,3255692.2
2026-01-09 11:00:00,0.0451,0.0464,0.0451,0.046,503035.9
2026-01-09 12:00:00,0.046,0.0462,0.0452,0.0453,467738.9
2026-01-09 13:00:00,0.0453,0.0456,0.0452,0.0454,383570.2
2026-01-09 14:00:00,0.0454,0.0458,0.0453,0.0457,348976.4
2026-01-09 15:00:00,0.0456,0.046,0.0454,0.0456,312138.2
2026-01-09 16:00:00,0.0456,0.0457,0.0454,0.0454,233043.5
2026-01-09 17:00:00,0.0455,0.0456,0.0454,0.0455,259242.2
2026-01-09 18:00:00,0.0455,0.0459,0.0454,0.0459,138612.7
2026-01-09 19:00:00,0.0459,0.0459,0.0454,0.0456,124595.6
2026-01-09 20:00:00,0.0455,0.0456,0.0453,0.0453,449467.0
2026-01-09 21:00:00,0.0453,0.0459,0.0453,0.0459,440872.2
2026-01-09 22:00:00,0.0459,0.0462,0.0457,0.0457,212578.0
2026-01-09 23:00:00,0.0457,0.0459,0.0456,0.0458,117266.8
2026-01-10 00:00:00,0.0457,0.0457,0.0453,0.0453,102025.8
2026-01-10 01:00:00,0.0454,0.0456,0.0453,0.0456,122713.9
2026-01-10 02:00:00,0.0456,0.0457,0.0453,0.0455,91153.5
2026-01-10 03:00:00,0.0455,0.0457,0.0455,0.0457,39996.8
2026-01-10 04:00:00,0.0457,0.0464,0.0456,0.0461,332814.1
2026-01-10 05:00:00,0.0461,0.0465,0.0461,0.0463,79765.8
2026-01-10 06:00:00,0.0463,0.048,0.0463,0.0473,3792608.3
2026-01-10 07:00:00,0.0474,0.0475,0.0468,0.0472,528093.7
2026-01-10 08:00:00,0.0471,0.0473,0.0466,0.0471,232339.6
2026-01-10 09:00:00,0.0471,0.0471,0.0468,0.047,69134.0
2026-01-10 10:00:00,0.0469,0.0469,0.0468,0.0468,27932.0
2026-01-10 11:00:00,0.0468,0.0468,0.0461,0.0462,109666.0
2026-01-10 12:00:00,0.0462,0.0464,0.0461,0.0463,202323.4
2026-01-10 13:00:00,0.0463,0.0466,0.0463,0.0465,97358.5
2026-01-10 14:00:00,0.0466,0.0468,0.0465,0.0467,94955.6
2026-01-10 15:00:00,0.0467,0.0469,0.0466,0.0467,195627.1
2026-01-10 16:00:00,0.0467,0.0472,0.0465,0.047,175423.0
2026-01-10 17:00:00,0.047,0.047,0.0464,0.0465,185995.8
2026-01-10 18:00:00,0.0465,0.0466,0.0463,0.0463,80501.7
2026-01-10 19:00:00,0.0464,0.0465,0.0463,0.0464,65362.2
2026-01-10 20:00:00,0.0465,0.0466,0.0465,0.0465,33110.2
2026-01-10 21:00:00,0.0465,0.0466,0.0463,0.0464,36974.8
2026-01-10 22:00:00,0.0464,0.0465,0.0462,0.0464,72604.8
2026-01-10 23:00:00,0.0464,0.0468,0.0464,0.0467,38868.0
2026-01-11 00:00:00,0.0468,0.0471,0.0467,0.047,181224.9
2026-01-11 01:00:00,0.047,0.0473,0.0468,0.0469,512045.4
2026-01-11 02:00:00,0.0468,0.0469,0.0453,0.0455,3209346.4
2026-01-11 03:00:00,0.0455,0.0457,0.0454,0.0457,198558.1
2026-01-11 04:00:00,0.0458,0.0463,0.0457,0.0463,136948.3
2026-01-11 05:00:00,0.0462,0.0463,0.046,0.0462,111350.9
2026-01-11 06:00:00,0.0462,0.0462,0.046,0.0461,108717.6
2026-01-11 07:00:00,0.046,0.0463,0.046,0.0463,78259.6
2026-01-11 08:00:00,0.0462,0.0465,0.0462,0.0464,57559.9
2026-01-11 09:00:00,0.0464,0.0467,0.0462,0.0463,300470.3
2026-01-11 10:00:00,0.0462,0.0463,0.046,0.0463,65765.8
2026-01-11 11:00:00,0.0462,0.0466,0.0462,0.0463,195702.1
2026-01-11 12:00:00,0.0463,0.0466,0.0462,0.0463,220651.2
2026-01-11 13:00:00,0.0463,0.0463,0.0461,0.0461,205184.8
2026-01-11 14:00:00,0.0462,0.0462,0.046,0.0461,50833.2
2026-01-11 15:00:00,0.0462,0.0462,0.0455,0.0458,262934.3
2026-01-11 16:00:00,0.0457,0.0459,0.0455,0.0456,61819.7
2026-01-11 17:00:00,0.0456,0.0456,0.0453,0.0454,30311.6
2026-01-11 18:00:00,0.0453,0.0454,0.0453,0.0454,264884.5
2026-01-11 19:00:00,0.0454,0.0454,0.0449,0.0452,354110.2
2026-01-11 20:00:00,0.0451,0.0454,0.0451,0.0453,41531.6
2026-01-11 21:00:00,0.0454,0.0454,0.0451,0.0452,8757.1
2026-01-11 22:00:00,0.0451,0.0452,0.0447,0.0449,262718.1
2026-01-11 23:00:00,0.0447,0.0449,0.0446,0.0448,83411.2
2026-01-12 00:00:00,0.0448,0.0454,0.0448,0.0453,287105.2
2026-01-12 01:00:00,0.0453,0.0455,0.0451,0.0453,40357.7
2026-01-12 02:00:00,0.0452,0.0455,0.0451,0.0455,53523.3
2026-01-12 03:00:00,0.0454,0.0456,0.0453,0.0454,43738.7
2026-01-12 04:00:00,0.0455,0.0456,0.0453,0.0455,50983.6
2026-01-12 05:00:00,0.0455,0.0456,0.0454,0.0454,47408.8
2026-01-12 06:00:00,0.0454,0.0455,0.0452,0.0453,34482.0
2026-01-12 07:00:00,0.0453,0.0455,0.0451,0.0452,48388.6
2026-01-12 08:00:00,0.0452,0.0455,0.045,0.0455,53472.3
2026-01-12 09:00:00,0.0455,0.0458,0.0455,0.0456,137241.6
2026-01-12 10:00:00,0.0456,0.0458,0.0456,0.0456,30564.9
2026-01-12 11:00:00,0.0456,0.0461,0.0456,0.0457,221502.9
2026-01-12 12:00:00,0.0457,0.046,0.0456,0.0459,67203.4
2026-01-12 13:00:00,0.0459,0.0469,0.0459,0.0464,911490.0
2026-01-12 14:00:00,0.0464,0.049,0.0464,0.0475,8815487.3
2026-01-12 15:00:00,0.0475,0.0477,0.0448,0.0455,2639773.0
2026-01-12 16:00:00,0.0455,0.0464,0.0453,0.0463,953190.7
2026-01-12 17:00:00,0.0465,0.0467,0.0458,0.0465,4733175.2
2026-01-12 18:00:00,0.0464,0.0476,0.0463,0.0471,2371372.1
2026-01-12 19:00:00,0.0472,0.0477,0.0466,0.0468,1745959.0
2026-01-12 20:00:00,0.0469,0.0471,0.0465,0.0468,731818.0
2026-01-12 21:00:00,0.0468,0.0471,0.0464,0.0467,976332.7
2026-01-12 22:00:00,0.0466,0.047,0.0466,0.0468,96978.1
2026-01-12 23:00:00,0.0468,0.0471,0.0468,0.0471,180431.4
2026-01-13 00:00:00,0.0471,0.0472,0.0467,0.0471,250924.0
2026-01-13 01:00:00,0.0471,0.0475,0.047,0.0472,237265.6
2026-01-13 02:00:00,0.0473,0.0475,0.047,0.0472,229444.6
2026-01-13 03:00:00,0.0472,0.0473,0.0466,0.0467,624560.1
2026-01-13 04:00:00,0.0467,0.0467,0.0461,0.0465,416147.2
2026-01-13 05:00:00,0.0465,0.0467,0.0452,0.0455,1432597.2
2026-01-13 06:00:00,0.0456,0.046,0.0454,0.0456,634745.2
2026-01-13 07:00:00,0.0455,0.0456,0.0453,0.0456,117422.0
2026-01-13 08:00:00,0.0456,0.0457,0.0454,0.0455,143173.1
2026-01-13 09:00:00,0.0456,0.0456,0.0454,0.0455,225876.9
2026-01-13 10:00:00,0.0455,0.0456,0.0452,0.0454,504336.0
2026-01-13 11:00:00,0.0454,0.0457,0.0452,0.0455,344783.5
2026-01-13 12:00:00,0.0455,0.0457,0.0453,0.0456,255837.5
2026-01-13 13:00:00,0.0456,0.0458,0.0453,0.0453,137030.9
2026-01-13 14:00:00,0.0453,0.0456,0.0452,0.0454,255661.4
2026-01-13 15:00:00,0.0454,0.0458,0.0453,0.0457,379199.7
2026-01-13 16:00:00,0.0456,0.0458,0.045,0.0451,974117.7
2026-01-13 17:00:00,0.0451,0.0454,0.045,0.0452,225644.2
2026-01-13 18:00:00,0.0452,0.0453,0.0449,0.0451,272568.4
2026-01-13 19:00:00,0.045,0.0453,0.0448,0.0449,486283.6
2026-01-13 20:00:00,0.045,0.0451,0.0445,0.0447,143770.4
2026-01-13 21:00:00,0.0447,0.0448,0.0443,0.0447,312069.9
2026-01-13 22:00:00,0.0447,0.0453,0.0444,0.0451,1000828.1
2026-01-13 23:00:00,0.0453,0.0455,0.045,0.0454,481760.6
2026-01-14 00:00:00,0.0454,0.046,0.0452,0.046,491567.2
2026-01-14 01:00:00,0.0461,0.0466,0.0458,0.046,533130.7
2026-01-14 02:00:00,0.0461,0.0466,0.046,0.0465,556094.0
2026-01-14 03:00:00,0.0465,0.0475,0.0465,0.0472,1292976.7
2026-01-14 04:00:00,0.0472,0.0483,0.0469,0.047,1561206.5
2026-01-14 05:00:00,0.0469,0.0483,0.0468,0.0476,1834658.1
2026-01-14 06:00:00,0.0476,0.0478,0.0462,0.0465,1792916.7
2026-01-14 07:00:00,0.0464,0.0466,0.0463,0.0464,183395.1
2026-01-14 08:00:00,0.0464,0.0467,0.0461,0.0467,296921.2
2026-01-14 09:00:00,0.0467,0.0473,0.0466,0.0471,1274594.4
2026-01-14 10:00:00,0.0471,0.0473,0.0467,0.0468,436536.2
2026-01-14 11:00:00,0.0468,0.0473,0.0464,0.0469,1552666.2
2026-01-14 12:00:00,0.0468,0.0468,0.0462,0.0463,221865.9
2026-01-14 13:00:00,0.0462,0.0462,0.0457,0.0458,305086.0
2026-01-14 14:00:00,0.0459,0.047,0.0459,0.0465,1058356.7
2026-01-14 15:00:00,0.0464,0.0466,0.0463,0.0465,196410.0
2026-01-14 16:00:00,0.0465,0.0475,0.0465,0.0474,380294.7
2026-01-14 17:00:00,0.0473,0.0476,0.0465,0.047,2474678.2
2026-01-14 18:00:00,0.047,0.0498,0.0469,0.0487,5516514.5
2026-01-14 19:00:00,0.0487,0.0505,0.0481,0.0482,4817786.8
2026-01-14 20:00:00,0.0483,0.0492,0.0482,0.0485,701207.7
2026-01-14 21:00:00,0.0486,0.049,0.0483,0.0485,585747.5
2026-01-14 22:00:00,0.0485,0.049,0.0478,0.0489,1299510.1
2026-01-14 23:00:00,0.0489,0.0489,0.0479,0.0479,512032.1
2026-01-15 00:00:00,0.048,0.0481,0.0474,0.0477,362168.7
2026-01-15 01:00:00,0.0477,0.0487,0.0476,0.0481,627709.7
2026-01-15 02:00:00,0.0481,0.0492,0.048,0.0486,656897.3
2026-01-15 03:00:00,0.0485,0.05,0.0485,0.0495,2332838.5
2026-01-15 04:00:00,0.0495,0.0505,0.0472,0.048,4292731.8
2026-01-15 05:00:00,0.0481,0.0491,0.0478,0.0486,1178591.9
2026-01-15 06:00:00,0.0485,0.0494,0.0482,0.049,883618.7
2026-01-15 07:00:00,0.049,0.0492,0.0456,0.0479,8130564.5
2026-01-15 08:00:00,0.048,0.0488,0.0471,0.0471,778378.1
2026-01-15 09:00:00,0.0472,0.0475,0.0466,0.0474,1364822.1
2026-01-15 10:00:00,0.0474,0.0476,0.0469,0.0471,504396.2
2026-01-15 11:00:00,0.0472,0.0472,0.0464,0.0466,431873.0
2026-01-15 12:00:00,0.0466,0.0468,0.0458,0.0464,2265317.0
2026-01-15 13:00:00,0.0464,0.047,0.0463,0.0469,1065061.8
2026-01-15 14:00:00,0.0468,0.0482,0.0464,0.047,2322965.3
2026-01-15 15:00:00,0.0471,0.0473,0.0468,0.0472,473942.7
2026-01-15 16:00:00,0.0472,0.0478,0.047,0.0477,378671.4
2026-01-15 17:00:00,0.0477,0.0482,0.0474,0.0481,670696.1
2026-01-15 18:00:00,0.0481,0.0492,0.0481,0.0484,1592254.7
2026-01-15 19:00:00,0.0483,0.0489,0.0483,0.0487,654593.0
2026-01-15 20:00:00,0.0486,0.0487,0.0478,0.0479,274056.1
2026-01-15 21:00:00,0.048,0.0486,0.0479,0.0482,227811.4
2026-01-15 22:00:00,0.0482,0.0487,0.0481,0.0484,401054.4
2026-01-15 23:00:00,0.0484,0.0486,0.0482,0.0484,193931.4
2026-01-16 00:00:00,0.0484,0.0492,0.0484,0.049,567761.4
2026-01-16 01:00:00,0.0491,0.0493,0.0488,0.0492,503341.3
2026-01-16 02:00:00,0.0493,0.0499,0.0492,0.0496,486363.6
2026-01-16 03:00:00,0.0495,0.0495,0.049,0.0491,468316.4
2026-01-16 04:00:00,0.0491,0.0492,0.0488,0.0491,309607.2
2026-01-16 05:00:00,0.0492,0.0501,0.0492,0.0499,675519.6
2026-01-16 06:00:00,0.0499,0.0518,0.0495,0.051,3631011.7
2026-01-16 07:00:00,0.0511,0.0517,0.0481,0.0483,4669670.3
2026-01-16 08:00:00,0.0483,0.0486,0.0479,0.0486,1243737.1
2026-01-16 09:00:00,0.0487,0.0495,0.0476,0.0479,1167345.5
2026-01-16 10:00:00,0.048,0.0494,0.048,0.0491,1516549.5
2026-01-16 11:00:00,0.049,0.0494,0.0489,0.0493,360842.0
2026-01-16 12:00:00,0.0492,0.0498,0.0492,0.0497,612457.7
2026-01-16 13:00:00,0.0497,0.0513,0.0494,0.0502,3530829.2
2026-01-16 14:00:00,0.0503,0.0506,0.0491,0.0502,1909882.1
2026-01-16 15:00:00,0.0502,0.0525,0.0502,0.0524,2762107.4
2026-01-16 16:00:00,0.0523,0.0539,0.0514,0.053,4270239.9
2026-01-16 17:00:00,0.053,0.054,0.0525,0.0533,2770199.3
2026-01-16 18:00:00,0.0532,0.0533,0.0504,0.0508,3379357.3
2026-01-16 19:00:00,0.0508,0.051,0.0499,0.05,685467.2
2026-01-16 20:00:00,0.05,0.0505,0.0499,0.0504,491369.1
2026-01-16 21:00:00,0.0505,0.051,0.05,0.05,510938.0
2026-01-16 22:00:00,0.05,0.0509,0.05,0.0508,496979.5
2026-01-16 23:00:00,0.0507,0.0509,0.05,0.0502,420125.8
2026-01-17 00:00:00,0.0501,0.0501,0.0493,0.0493,509855.6
2026-01-17 01:00:00,0.0494,0.0499,0.049,0.0499,858018.7
2026-01-17 02:00:00,0.0497,0.0498,0.0492,0.0494,658146.2
2026-01-17 03:00:00,0.0494,0.0513,0.0491,0.0499,2420040.2
2026-01-17 04:00:00,0.0499,0.0501,0.0494,0.0494,642986.8
2026-01-17 05:00:00,0.0494,0.0505,0.0493,0.0503,538454.5
2026-01-17 06:00:00,0.0503,0.0505,0.0501,0.0502,206605.3
2026-01-17 07:00:00,0.0501,0.0501,0.0497,0.0501,231736.4
2026-01-17 08:00:00,0.05,0.0501,0.0495,0.0496,163240.7
2026-01-17 09:00:00,0.0496,0.0497,0.0495,0.0496,208910.7
2026-01-17 10:00:00,0.0497,0.0506,0.0496,0.0499,839174.8
2026-01-17 11:00:00,0.0498,0.0506,0.0497,0.0497,231089.1
2026-01-17 12:00:00,0.0497,0.0501,0.0495,0.0495,250613.9
2026-01-17 13:00:00,0.0496,0.0498,0.0492,0.0498,302435.7
2026-01-17 14:00:00,0.0497,0.0501,0.0495,0.0499,387540.9
2026-01-17 15:00:00,0.0498,0.0502,0.0498,0.0501,126849.0
2026-01-17 16:00:00,0.0501,0.0504,0.0495,0.0498,332970.5
2026-01-17 17:00:00,0.0498,0.0502,0.0498,0.05,98036.6
2026-01-17 18:00:00,0.05,0.05,0.0497,0.0498,157824.6
2026-01-17 19:00:00,0.0498,0.0498,0.0493,0.0495,131732.0
2026-01-17 20:00:00,0.0496,0.0497,0.0494,0.0496,91410.0
2026-01-17 21:00:00,0.0496,0.0497,0.0495,0.0496,93357.5
2026-01-17 22:00:00,0.0495,0.0496,0.049,0.0492,222035.3
2026-01-17 23:00:00,0.0492,0.0493,0.0488,0.049,71138.4
2026-01-18 00:00:00,0.049,0.0491,0.0488,0.0489,131755.0
2026-01-18 01:00:00,0.049,0.049,0.0484,0.0486,240772.7
2026-01-18 02:00:00,0.0486,0.0487,0.0485,0.0486,158451.1
2026-01-18 03:00:00,0.0486,0.0506,0.0486,0.0496,705093.4
2026-01-18 04:00:00,0.0495,0.0496,0.0492,0.0494,250706.4
2026-01-18 05:00:00,0.0495,0.0495,0.0492,0.0493,68301.5
2026-01-18 06:00:00,0.0493,0.0493,0.0491,0.0491,33995.7
2026-01-18 07:00:00,0.049,0.049,0.0483,0.0485,143826.8
2026-01-18 08:00:00,0.0485,0.049,0.0485,0.049,97797.6
2026-01-18 09:00:00,0.049,0.0492,0.0486,0.049,324351.2
2026-01-18 10:00:00,0.049,0.0496,0.0488,0.0491,312216.6
2026-01-18 11:00:00,0.0491,0.0493,0.0489,0.0493,55581.9
2026-01-18 12:00:00,0.0492,0.0492,0.049,0.049,69618.1
2026-01-18 13:00:00,0.049,0.0494,0.0489,0.0492,109179.7
2026-01-18 14:00:00,0.0492,0.052,0.0492,0.0506,3581599.6
2026-01-18 15:00:00,0.0506,0.0508,0.0497,0.0501,975366.3
2026-01-18 16:00:00,0.0501,0.0506,0.0488,0.0494,2400778.5
2026-01-18 17:00:00,0.0495,0.0498,0.0491,0.0494,1104639.2
2026-01-18 18:00:00,0.0494,0.0498,0.0492,0.0496,624756.4
2026-01-18 19:00:00,0.0495,0.0498,0.0492,0.0496,834398.1
2026-01-18 20:00:00,0.0495,0.0498,0.0493,0.0497,252602.8
2026-01-18 21:00:00,0.0496,0.0499,0.0494,0.0498,218835.7
2026-01-18 22:00:00,0.0498,0.05,0.0498,0.05,160608.8
2026-01-18 23:00:00,0.05,0.0503,0.0496,0.0499,393157.9
2026-01-19 00:00:00,0.05,0.05,0.0451,0.0492,8880350.2
2026-01-19 01:00:00,0.0491,0.0498,0.0489,0.0497,583239.4
2026-01-19 02:00:00,0.0496,0.0502,0.0489,0.0492,863517.0
2026-01-19 03:00:00,0.0492,0.0496,0.0491,0.0496,129422.6
2026-01-19 04:00:00,0.0496,0.0498,0.0491,0.0492,215264.8
2026-01-19 05:00:00,0.0493,0.0502,0.0493,0.05,327240.7
2026-01-19 06:00:00,0.0501,0.0501,0.0487,0.049,678915.3
2026-01-19 07:00:00,0.049,0.0495,0.049,0.0494,151852.7
2026-01-19 08:00:00,0.0493,0.0499,0.0492,0.0497,530302.5
2026-01-19 09:00:00,0.0499,0.051,0.0497,0.0508,506193.7
2026-01-19 10:00:00,0.0508,0.0528,0.0506,0.0508,2835759.8
2026-01-19 11:00:00,0.0509,0.0525,0.0509,0.0516,1563037.9
2026-01-19 12:00:00,0.0516,0.0518,0.051,0.0516,1055619.8
2026-01-19 13:00:00,0.0517,0.0545,0.0505,0.0527,7982832.5
2026-01-19 14:00:00,0.0528,0.0538,0.0517,0.052,2505149.4
2026-01-19 15:00:00,0.0521,0.0534,0.0518,0.0532,548776.7
2026-01-19 16:00:00,0.0533,0.0539,0.0522,0.0524,1563801.9
2026-01-19 17:00:00,0.0524,0.0529,0.0513,0.0515,1197670.1
2026-01-19 18:00:00,0.0514,0.052,0.0511,0.0519,394068.6
2026-01-19 19:00:00,0.0519,0.052,0.0505,0.0509,867993.5
2026-01-19 20:00:00,0.0509,0.0509,0.0502,0.0504,650107.0
2026-01-19 21:00:00,0.0503,0.0508,0.0503,0.0505,222960.1
2026-01-19 22:00:00,0.0505,0.0509,0.0503,0.0504,219411.7
2026-01-19 23:00:00,0.0505,0.0509,0.0503,0.0509,124786.3
2026-01-20 00:00:00,0.051,0.0513,0.0506,0.0511,466767.2
2026-01-20 01:00:00,0.0511,0.0534,0.051,0.0533,2496986.8
2026-01-20 02:00:00,0.0533,0.0548,0.053,0.0532,3517961.0
2026-01-20 03:00:00,0.0532,0.0534,0.0526,0.053,659995.3
2026-01-20 04:00:00,0.0531,0.0531,0.0521,0.0521,227745.8
2026-01-20 05:00:00,0.052,0.054,0.0518,0.0536,2966596.2
2026-01-20 06:00:00,0.0536,0.0537,0.052,0.0526,2552774.4
2026-01-20 07:00:00,0.0528,0.0535,0.0521,0.0529,1895521.7
2026-01-20 08:00:00,0.0529,0.0535,0.0524,0.0531,999683.0
2026-01-20 09:00:00,0.053,0.0537,0.0523,0.0527,1379671.6
2026-01-20 10:00:00,0.0526,0.0533,0.0523,0.0528,1079505.0
2026-01-20 11:00:00,0.053,0.054,0.0529,0.0538,1192559.9
2026-01-20 12:00:00,0.0539,0.0545,0.0527,0.053,3072327.6
2026-01-20 13:00:00,0.053,0.0538,0.0522,0.0522,2050453.2
2026-01-20 14:00:00,0.0522,0.0528,0.0516,0.0523,1291308.3
2026-01-20 15:00:00,0.0522,0.0527,0.0519,0.0527,780562.7
2026-01-20 16:00:00,0.0526,0.0527,0.0519,0.0521,409163.1
2026-01-20 17:00:00,0.0521,0.0531,0.052,0.0524,1453510.5
2026-01-20 18:00:00,0.0526,0.0531,0.052,0.0522,785417.0
2026-01-20 19:00:00,0.0521,0.0527,0.0511,0.0512,779001.0
2026-01-20 20:00:00,0.0512,0.0513,0.0506,0.0508,1422554.6
2026-01-20 21:00:00,0.0508,0.0511,0.0504,0.0505,175966.8
2026-01-20 22:00:00,0.0506,0.0508,0.0489,0.0498,1300690.2
2026-01-20 23:00:00,0.0499,0.0499,0.0493,0.0494,650958.5
2026-01-21 00:00:00,0.0495,0.0504,0.0493,0.0504,564130.4
2026-01-21 01:00:00,0.0505,0.0527,0.0504,0.0511,2484291.5
2026-01-21 02:00:00,0.0512,0.0516,0.0509,0.051,511131.1
2026-01-21 03:00:00,0.0511,0.0513,0.0506,0.0511,535579.0
2026-01-21 04:00:00,0.0511,0.0515,0.0508,0.0514,268556.5
2026-01-21 05:00:00,0.0514,0.0521,0.0509,0.0516,1458097.4
2026-01-21 06:00:00,0.0515,0.0519,0.0511,0.0512,1209892.5
2026-01-21 07:00:00,0.0512,0.0514,0.0509,0.0513,1501970.0
2026-01-21 08:00:00,0.0512,0.0514,0.0508,0.0513,309997.8
2026-01-21 09:00:00,0.0512,0.0516,0.051,0.0515,241181.1
2026-01-21 10:00:00,0.0514,0.0519,0.0513,0.0514,372609.1
2026-01-21 11:00:00,0.0514,0.0521,0.0513,0.052,731451.0
2026-01-21 12:00:00,0.0519,0.0523,0.0512,0.0516,1149375.9
2026-01-21 13:00:00,0.0516,0.0519,0.0507,0.0515,1147350.5
2026-01-21 14:00:00,0.0515,0.0519,0.0508,0.0512,779164.3
2026-01-21 15:00:00,0.0512,0.0524,0.0512,0.0523,373394.0
2026-01-21 16:00:00,0.0523,0.0527,0.0514,0.0516,889222.1
2026-01-21 17:00:00,0.0517,0.0533,0.0516,0.0527,3144981.4
2026-01-21 18:00:00,0.0528,0.054,0.0526,0.0537,2085188.5
2026-01-21 19:00:00,0.0536,0.0541,0.0534,0.0535,579359.8
2026-01-21 20:00:00,0.0534,0.0538,0.0529,0.0534,1007789.7
2026-01-21 21:00:00,0.0534,0.0535,0.053,0.0532,391082.9
2026-01-21 22:00:00,0.0532,0.0532,0.0525,0.0527,268665.4
2026-01-21 23:00:00,0.0527,0.053,0.0527,0.053,123182.3
2026-01-22 00:00:00,0.0529,0.0542,0.0527,0.054,912941.2
2026-01-22 01:00:00,0.054,0.0542,0.0534,0.0535,1316148.8
2026-01-22 02:00:00,0.0535,0.0536,0.053,0.0536,300176.4
2026-01-22 03:00:00,0.0535,0.0536,0.0531,0.0532,354105.9
2026-01-22 04:00:00,0.0533,0.0535,0.0526,0.0526,257766.3
2026-01-22 05:00:00,0.0525,0.0527,0.0517,0.0525,906097.6
2026-01-22 06:00:00,0.0524,0.0529,0.0522,0.0526,166807.4
2026-01-22 07:00:00,0.0526,0.0526,0.0517,0.0524,789535.6
2026-01-22 08:00:00,0.0524,0.0527,0.0523,0.0523,157769.1
2026-01-22 09:00:00,0.0523,0.0527,0.0522,0.0525,314109.5
2026-01-22 10:00:00,0.0526,0.0527,0.0523,0.0524,410589.8
2026-01-22 11:00:00,0.0523,0.0527,0.0518,0.052,1115451.8
2026-01-22 12:00:00,0.052,0.0524,0.0518,0.052,626108.9
2026-01-22 13:00:00,0.0519,0.0525,0.0517,0.0523,460735.3
2026-01-22 14:00:00,0.0523,0.0526,0.0521,0.0523,338972.9
2026-01-22 15:00:00,0.0523,0.0531,0.0522,0.0531,397282.8
2026-01-22 16:00:00,0.0531,0.0531,0.0526,0.053,182949.5
2026-01-22 17:00:00,0.0529,0.0531,0.0528,0.0529,137878.7
2026-01-22 18:00:00,0.0529,0.053,0.0523,0.0523,497378.5
2026-01-22 19:00:00,0.0523,0.0526,0.0521,0.0523,101350.4
2026-01-22 20:00:00,0.0523,0.0527,0.0521,0.0525,28861.4
2026-01-22 21:00:00,0.0525,0.0527,0.0523,0.0525,109443.1
2026-01-22 22:00:00,0.0525,0.0529,0.0519,0.052,1098279.2
2026-01-22 23:00:00,0.052,0.052,0.0511,0.0514,657886.7
2026-01-23 00:00:00,0.0515,0.0515,0.0504,0.0506,461834.9
2026-01-23 01:00:00,0.0506,0.0512,0.0506,0.0511,532215.7
2026-01-23 02:00:00,0.0512,0.0513,0.051,0.051,95900.2
2026-01-23 03:00:00,0.051,0.0511,0.0507,0.0507,133010.3
2026-01-23 04:00:00,0.0509,0.0516,0.0509,0.0511,329750.9
2026-01-23 05:00:00,0.0512,0.0516,0.051,0.0516,113581.2
2026-01-23 06:00:00,0.0516,0.053,0.0515,0.053,575769.2
2026-01-23 07:00:00,0.053,0.0534,0.0523,0.0528,2297117.0
2026-01-23 08:00:00,0.0528,0.053,0.0526,0.0528,207482.4
2026-01-23 09:00:00,0.053,0.0536,0.0524,0.0532,1715110.8
2026-01-23 10:00:00,0.0533,0.0541,0.0525,0.0528,1479963.5
2026-01-23 11:00:00,0.0528,0.0529,0.0524,0.0527,544296.4
2026-01-23 12:00:00,0.0528,0.0528,0.0519,0.0521,1140631.5
2026-01-23 13:00:00,0.0522,0.0524,0.0521,0.0521,512982.0
2026-01-23 14:00:00,0.0521,0.0535,0.0521,0.0534,1566776.8
2026-01-23 15:00:00,0.0534,0.0558,0.0531,0.0556,2389736.7
2026-01-23 16:00:00,0.0557,0.0561,0.0545,0.0547,886422.6
2026-01-23 17:00:00,0.0548,0.0554,0.0548,0.0553,379726.7
2026-01-23 18:00:00,0.0553,0.0557,0.0547,0.0552,1018339.8
2026-01-23 19:00:00,0.0553,0.0553,0.0544,0.0547,649271.0
2026-01-23 20:00:00,0.0548,0.055,0.0545,0.055,201178.4
2026-01-23 21:00:00,0.055,0.0555,0.0549,0.055,472667.8
2026-01-23 22:00:00,0.0549,0.0551,0.0545,0.0548,131565.8
2026-01-23 23:00:00,0.0549,0.0552,0.0547,0.0551,679965.1
2026-01-24 00:00:00,0.0551,0.0568,0.0545,0.0566,2597683.7
2026-01-24 01:00:00,0.0565,0.0586,0.0552,0.0564,5779268.5
2026-01-24 02:00:00,0.0563,0.0563,0.053,0.0535,3059431.5
2026-01-24 03:00:00,0.0534,0.0546,0.0532,0.0543,675484.1
2026-01-24 04:00:00,0.0543,0.0549,0.0542,0.0544,535071.9
2026-01-24 05:00:00,0.0544,0.0546,0.0538,0.054,493545.6
2026-01-24 06:00:00,0.0541,0.0544,0.0538,0.0544,400486.0
2026-01-24 07:00:00,0.0544,0.0547,0.0537,0.0539,480961.6
2026-01-24 08:00:00,0.0538,0.0539,0.0529,0.0535,1053618.3
2026-01-24 09:00:00,0.0535,0.0544,0.0534,0.0535,1526722.6
2026-01-24 10:00:00,0.0535,0.0537,0.0531,0.0532,192568.0
2026-01-24 11:00:00,0.0532,0.0533,0.0529,0.0529,231910.5
2026-01-24 12:00:00,0.0529,0.0532,0.0521,0.0527,1783113.0
2026-01-24 13:00:00,0.0526,0.0527,0.0521,0.0525,164427.1
2026-01-24 14:00:00,0.0525,0.0528,0.0523,0.0525,347076.4
2026-01-24 15:00:00,0.0525,0.0525,0.0516,0.0519,497463.4
2026-01-24 16:00:00,0.0518,0.0519,0.0515,0.0516,198567.8
2026-01-24 17:00:00,0.0516,0.0518,0.0515,0.0516,228571.9
2026-01-24 18:00:00,0.0515,0.0516,0.0508,0.0511,352838.0
2026-01-24 19:00:00,0.0511,0.0511,0.0509,0.051,119070.9
2026-01-24 20:00:00,0.051,0.0511,0.0507,0.0507,67237.6
2026-01-24 21:00:00,0.0506,0.051,0.0505,0.0505,326088.7
2026-01-24 22:00:00,0.0505,0.0509,0.05,0.0508,585608.8
2026-01-24 23:00:00,0.0508,0.0511,0.0503,0.0506,860401.6
2026-01-25 00:00:00,0.0507,0.0515,0.0507,0.0512,735911.5
2026-01-25 01:00:00,0.0513,0.0513,0.0492,0.0492,2316696.3
2026-01-25 02:00:00,0.0493,0.0493,0.048,0.0483,1218798.6
2026-01-25 03:00:00,0.0483,0.0495,0.0474,0.048,4012437.0
2026-01-25 04:00:00,0.0481,0.0483,0.0478,0.0479,794524.1
2026-01-25 05:00:00,0.0478,0.0479,0.0473,0.0474,538316.6
2026-01-25 06:00:00,0.0474,0.0482,0.0472,0.0482,924462.8
2026-01-25 07:00:00,0.0483,0.0496,0.0478,0.0483,1993520.8
2026-01-25 08:00:00,0.0482,0.0485,0.0477,0.0477,1134084.5
2026-01-25 09:00:00,0.0478,0.0481,0.0467,0.0467,1991238.0
2026-01-25 10:00:00,0.0468,0.0495,0.0467,0.0492,5825367.5
2026-01-25 11:00:00,0.0492,0.0506,0.049,0.0501,942858.9
2026-01-25 12:00:00,0.05,0.0505,0.0496,0.05,1227821.0
2026-01-25 13:00:00,0.05,0.0506,0.0497,0.05,1035074.9
2026-01-25 14:00:00,0.05,0.051,0.05,0.0509,1006379.4
2026-01-25 15:00:00,0.0509,0.0509,0.0504,0.0508,278684.5
2026-01-25 16:00:00,0.0508,0.0527,0.05,0.0525,3152947.2
2026-01-25 17:00:00,0.0524,0.0524,0.0511,0.0515,1602628.8
2026-01-25 18:00:00,0.0515,0.0523,0.0513,0.0515,1196365.5
2026-01-25 19:00:00,0.0514,0.0518,0.0511,0.0518,639678.0
2026-01-25 20:00:00,0.0518,0.0531,0.0518,0.0529,2374481.9
2026-01-25 21:00:00,0.0528,0.0538,0.0525,0.0527,2525258.3
2026-01-25 22:00:00,0.0528,0.053,0.0522,0.0529,899403.8
2026-01-25 23:00:00,0.0528,0.0531,0.0521,0.0526,1300754.1
2026-01-26 00:00:00,0.0527,0.0542,0.0524,0.053,2870183.6
2026-01-26 01:00:00,0.0531,0.0541,0.0531,0.0541,1147198.0
2026-01-26 02:00:00,0.0541,0.0567,0.0536,0.0552,6761028.1
2026-01-26 03:00:00,0.0553,0.0553,0.0506,0.0521,2975921.0
2026-01-26 04:00:00,0.0522,0.0527,0.0507,0.051,1295728.9
2026-01-26 05:00:00,0.0509,0.0528,0.0508,0.0525,1752471.7
2026-01-26 06:00:00,0.0523,0.054,0.0519,0.0519,3119881.7
2026-01-26 07:00:00,0.0519,0.0523,0.0514,0.0517,1582819.9
2026-01-26 08:00:00,0.0516,0.0532,0.0515,0.0527,918095.6
2026-01-26 09:00:00,0.0528,0.0536,0.0525,0.0532,1800184.6
2026-01-26 10:00:00,0.0531,0.0535,0.052,0.0521,1709900.7
2026-01-26 11:00:00,0.052,0.0527,0.0519,0.0524,477204.4
2026-01-26 12:00:00,0.0524,0.0535,0.052,0.0533,1915729.8
2026-01-26 13:00:00,0.0533,0.0538,0.0529,0.0533,1429750.0
2026-01-26 14:00:00,0.0534,0.0538,0.0525,0.053,711774.0
2026-01-26 15:00:00,0.053,0.0539,0.0529,0.0534,636138.0
2026-01-26 16:00:00,0.0533,0.0541,0.0533,0.0538,480056.6
2026-01-26 17:00:00,0.0539,0.0542,0.0537,0.054,304642.8
2026-01-26 18:00:00,0.0539,0.0542,0.0535,0.0538,343132.9
2026-01-26 19:00:00,0.0539,0.0543,0.0537,0.0537,885872.7
2026-01-26 20:00:00,0.0538,0.0546,0.0538,0.0543,470458.5
2026-01-26 21:00:00,0.0542,0.0544,0.0535,0.0539,1051828.1
2026-01-26 22:00:00,0.054,0.0541,0.053,0.0533,307517.0
2026-01-26 23:00:00,0.0533,0.0535,0.0528,0.0531,568881.0
2026-01-27 00:00:00,0.0529,0.0533,0.0521,0.0523,838309.3
2026-01-27 01:00:00,0.0524,0.0525,0.052,0.0521,104066.3
2026-01-27 02:00:00,0.0521,0.0524,0.052,0.0521,148515.5
2026-01-27 03:00:00,0.0521,0.0521,0.0515,0.0519,440948.8
2026-01-27 04:00:00,0.0519,0.0519,0.0513,0.0514,180147.6
2026-01-27 05:00:00,0.0513,0.0517,0.0513,0.0516,84969.1
2026-01-27 06:00:00,0.0516,0.0516,0.0512,0.0512,64206.7
2026-01-27 07:00:00,0.0512,0.0513,0.0508,0.0508,282180.4
2026-01-27 08:00:00,0.0509,0.0511,0.0509,0.051,145172.3
2026-01-27 09:00:00,0.0511,0.0511,0.0504,0.0506,346329.6
2026-01-27 10:00:00,0.0506,0.0517,0.0503,0.0508,1228240.9
2026-01-27 11:00:00,0.0508,0.051,0.0504,0.0506,486231.3
2026-01-27 12:00:00,0.0505,0.0508,0.0505,0.0507,170451.6
2026-01-27 13:00:00,0.0507,0.0512,0.0506,0.0506,102404.8
2026-01-27 14:00:00,0.0507,0.0508,0.0501,0.0505,69463.4
2026-01-27 15:00:00,0.0506,0.0512,0.0504,0.0506,249406.4
2026-01-27 16:00:00,0.0506,0.0516,0.0506,0.0512,451144.1
2026-01-27 17:00:00,0.0513,0.0517,0.0511,0.0513,256554.6
2026-01-27 18:00:00,0.0513,0.0514,0.0508,0.0509,342403.8
2026-01-27 19:00:00,0.0509,0.051,0.0506,0.0509,92061.6
2026-01-27 20:00:00,0.051,0.0516,0.0509,0.0513,32840.2
2026-01-27 21:00:00,0.0514,0.0516,0.051,0.0511,235251.0
2026-01-27 22:00:00,0.0511,0.0512,0.0509,0.0512,46837.0
2026-01-27 23:00:00,0.0512,0.0513,0.0511,0.0512,24803.7
2026-01-28 00:00:00,0.0513,0.0513,0.0509,0.0511,39915.5
2026-01-28 01:00:00,0.0511,0.0511,0.0504,0.0504,177279.1
2026-01-28 02:00:00,0.0504,0.0525,0.05,0.0514,1290608.1
2026-01-28 03:00:00,0.0515,0.052,0.0511,0.0512,267405.2
2026-01-28 04:00:00,0.0513,0.0518,0.0512,0.0513,172221.6
2026-01-28 05:00:00,0.0513,0.0513,0.0508,0.0511,175217.7
2026-01-28 06:00:00,0.0512,0.0516,0.0511,0.0516,128438.6
2026-01-28 07:00:00,0.0515,0.0519,0.0514,0.0515,82783.5
2026-01-28 08:00:00,0.0515,0.0518,0.0514,0.0514,32435.6
2026-01-28 09:00:00,0.0514,0.0517,0.0513,0.0516,63660.4
2026-01-28 10:00:00,0.0515,0.0518,0.0513,0.0514,377092.2
2026-01-28 11:00:00,0.0514,0.0517,0.0505,0.051,1059161.1
2026-01-28 12:00:00,0.0509,0.0512,0.0505,0.0506,641621.7
2026-01-28 13:00:00,0.0507,0.0512,0.0504,0.0504,616765.4
2026-01-28 14:00:00,0.0504,0.0507,0.0504,0.0505,251467.1
2026-01-28 15:00:00,0.0505,0.0507,0.0502,0.0503,307771.4
2026-01-28 16:00:00,0.0503,0.0504,0.05,0.0501,186654.6
2026-01-28 17:00:00,0.0501,0.0502,0.05,0.0501,37721.3
2026-01-28 18:00:00,0.05,0.0501,0.0496,0.0499,298513.1
2026-01-28 19:00:00,0.0499,0.0504,0.0498,0.0501,331649.9
2026-01-28 20:00:00,0.0501,0.0503,0.05,0.0501,87144.8
2026-01-28 21:00:00,0.0502,0.0506,0.0502,0.0506,74888.1
2026-01-28 22:00:00,0.0506,0.0506,0.0502,0.0505,48868.0
2026-01-28 23:00:00,0.0504,0.0504,0.0499,0.0502,282370.4
2026-01-29 00:00:00,0.0502,0.0505,0.0501,0.0505,189374.0
2026-01-29 01:00:00,0.0505,0.0507,0.0504,0.0504,171054.3
2026-01-29 02:00:00,0.0503,0.0507,0.0502,0.0505,244363.7
2026-01-29 03:00:00,0.0505,0.0508,0.0503,0.0507,249830.3
2026-01-29 04:00:00,0.0506,0.0506,0.05,0.0501,382194.6
2026-01-29 05:00:00,0.0501,0.0502,0.0501,0.0501,176857.9
2026-01-29 06:00:00,0.0502,0.0511,0.05,0.0506,475991.0
2026-01-29 07:00:00,0.0505,0.0522,0.0502,0.0516,2305521.4
2026-01-29 08:00:00,0.0517,0.0529,0.0513,0.0528,1493864.5
2026-01-29 09:00:00,0.0528,0.053,0.0523,0.0525,860911.2
2026-01-29 10:00:00,0.0524,0.0525,0.0517,0.0519,422240.1
2026-01-29 11:00:00,0.052,0.0521,0.0516,0.052,415893.5
2026-01-29 12:00:00,0.052,0.052,0.0507,0.051,741190.1
2026-01-29 13:00:00,0.0511,0.0548,0.051,0.0514,6972511.0
2026-01-29 14:00:00,0.0515,0.052,0.0506,0.0511,1578279.0
2026-01-29 15:00:00,0.051,0.0524,0.0508,0.052,3784393.4
2026-01-29 16:00:00,0.0518,0.0534,0.0518,0.0525,3849256.0
2026-01-29 17:00:00,0.0526,0.0526,0.052,0.0521,739724.2
2026-01-29 18:00:00,0.0522,0.0527,0.052,0.0522,425666.0
2026-01-29 19:00:00,0.0522,0.0527,0.0518,0.0524,572651.9
2026-01-29 20:00:00,0.0524,0.0526,0.0523,0.0523,315653.4
2026-01-29 21:00:00,0.0523,0.0526,0.0521,0.0524,692299.6
2026-01-29 22:00:00,0.0524,0.0524,0.0511,0.0513,771674.2
2026-01-29 23:00:00,0.0513,0.0517,0.0509,0.0516,680836.7
2026-01-30 00:00:00,0.0516,0.0519,0.0513,0.0518,365861.5
2026-01-30 01:00:00,0.0518,0.052,0.0511,0.0519,1152234.5
2026-01-30 02:00:00,0.0518,0.052,0.051,0.0512,1139621.9
2026-01-30 03:00:00,0.0513,0.0514,0.0511,0.0512,382229.7
2026-01-30 04:00:00,0.0512,0.0516,0.051,0.0513,364200.5
2026-01-30 05:00:00,0.0512,0.0513,0.0507,0.0508,240454.4
2026-01-30 06:00:00,0.0507,0.0512,0.0502,0.0512,687533.0
2026-01-30 07:00:00,0.0511,0.0516,0.0511,0.0514,255933.0
2026-01-30 08:00:00,0.0514,0.0522,0.0509,0.0511,1057653.3
2026-01-30 09:00:00,0.051,0.0515,0.0509,0.0512,308105.7
2026-01-30 10:00:00,0.0512,0.0527,0.0512,0.0526,1581306.8
2026-01-30 11:00:00,0.0526,0.0529,0.0515,0.0517,871452.4
2026-01-30 12:00:00,0.0517,0.0521,0.0514,0.0517,250609.7
2026-01-30 13:00:00,0.0518,0.0522,0.0515,0.0516,390905.3
2026-01-30 14:00:00,0.0517,0.0529,0.0517,0.0527,835002.0
2026-01-30 15:00:00,0.0527,0.0527,0.0517,0.052,648773.3
2026-01-30 16:00:00,0.0519,0.0524,0.0518,0.0522,322055.0
2026-01-30 17:00:00,0.0523,0.0535,0.0523,0.0527,894405.0
2026-01-30 18:00:00,0.0528,0.0538,0.0526,0.0538,760610.7
2026-01-30 19:00:00,0.0538,0.0539,0.053,0.0533,481031.7
2026-01-30 20:00:00,0.0533,0.0534,0.0526,0.0529,292818.4
2026-01-30 21:00:00,0.053,0.0532,0.0524,0.0528,326409.1
2026-01-30 22:00:00,0.0529,0.0531,0.0526,0.053,123079.0
2026-01-30 23:00:00,0.053,0.0533,0.0527,0.0532,382319.6
2026-01-31 00:00:00,0.0533,0.0535,0.0529,0.0535,222159.1
2026-01-31 01:00:00,0.0534,0.0534,0.0515,0.052,749754.7
2026-01-31 02:00:00,0.0521,0.0523,0.052,0.052,201261.6
2026-01-31 03:00:00,0.0519,0.0522,0.0517,0.0518,335021.2
2026-01-31 04:00:00,0.0519,0.0523,0.0519,0.0523,144584.1
2026-01-31 05:00:00,0.0523,0.0531,0.0523,0.0529,832388.4
2026-01-31 06:00:00,0.0529,0.0529,0.0516,0.0518,935121.9
2026-01-31 07:00:00,0.0518,0.0519,0.0486,0.0497,5129642.3
2026-01-31 08:00:00,0.0497,0.0497,0.0493,0.0495,726702.8
2026-01-31 09:00:00,0.0495,0.0499,0.0492,0.0493,302565.9
2026-01-31 10:00:00,0.0493,0.0504,0.0492,0.0495,1049459.4
2026-01-31 11:00:00,0.0495,0.05,0.0494,0.0495,275179.1
2026-01-31 12:00:00,0.0496,0.05,0.0495,0.0497,242149.4
2026-01-31 13:00:00,0.0497,0.0501,0.0495,0.0496,153916.4
2026-01-31 14:00:00,0.0496,0.0496,0.0482,0.0488,1985923.1
2026-01-31 15:00:00,0.0488,0.0493,0.0479,0.0479,2041763.1
2026-01-31 16:00:00,0.0479,0.048,0.0471,0.0476,1225114.2
2026-01-31 17:00:00,0.0475,0.0479,0.0451,0.0472,4308614.7
2026-01-31 18:00:00,0.0473,0.0474,0.0448,0.0465,1878518.1
2026-01-31 19:00:00,0.0465,0.047,0.0461,0.0465,630882.8
2026-01-31 20:00:00,0.0465,0.0466,0.0461,0.0464,224847.2
2026-01-31 21:00:00,0.0465,0.0466,0.046,0.0466,118420.0
2026-01-31 22:00:00,0.0465,0.0471,0.0465,0.0469,148679.9
2026-01-31 23:00:00,0.0469,0.0477,0.0468,0.0473,568136.9
2026-02-01 00:00:00,0.0472,0.0476,0.0471,0.0473,177133.2
2026-02-01 01:00:00,0.0473,0.0497,0.047,0.0495,2027064.6
2026-02-01 02:00:00,0.0495,0.0496,0.0482,0.0484,1455254.3
2026-02-01 03:00:00,0.0483,0.0483,0.0477,0.0479,226504.6
2026-02-01 04:00:00,0.0477,0.0477,0.0473,0.0475,222522.3
2026-02-01 05:00:00,0.0475,0.0475,0.0467,0.0469,318603.8
2026-02-01 06:00:00,0.0467,0.047,0.0465,0.0468,213408.3
2026-02-01 07:00:00,0.0467,0.0467,0.0457,0.046,558112.5
2026-02-01 08:00:00,0.046,0.0474,0.0458,0.0471,609516.0
2026-02-01 09:00:00,0.047,0.0472,0.0463,0.0465,596034.1
2026-02-01 10:00:00,0.0464,0.0466,0.046,0.046,269775.6
2026-02-01 11:00:00,0.0462,0.0476,0.0459,0.0471,1864113.5
2026-02-01 12:00:00,0.0471,0.0472,0.0467,0.0468,60106.8
2026-02-01 13:00:00,0.0468,0.0471,0.0465,0.0466,186260.2
2026-02-01 14:00:00,0.0466,0.047,0.0461,0.0465,248050.4
2026-02-01 15:00:00,0.0464,0.0465,0.0445,0.0449,2421702.0
2026-02-01 16:00:00,0.0447,0.0449,0.0438,0.0444,837584.4
2026-02-01 17:00:00,0.0444,0.0445,0.0438,0.0441,155708.6
2026-02-01 18:00:00,0.0442,0.0447,0.0442,0.0444,195489.5
2026-02-01 19:00:00,0.0445,0.0459,0.0442,0.0456,760864.1
2026-02-01 20:00:00,0.0455,0.0456,0.0451,0.0452,92339.0
2026-02-01 21:00:00,0.0452,0.0452,0.0441,0.0442,845283.5
2026-02-01 22:00:00,0.0442,0.0446,0.044,0.0442,373467.0
2026-02-01 23:00:00,0.0441,0.0446,0.0434,0.0444,621044.9
2026-02-02 00:00:00,0.0444,0.0456,0.0441,0.0456,283984.0
2026-02-02 01:00:00,0.0455,0.0455,0.044,0.0448,737919.8
2026-02-02 02:00:00,0.0448,0.0448,0.0443,0.0443,70619.5
2026-02-02 03:00:00,0.0444,0.0446,0.0432,0.0445,530963.4
2026-02-02 04:00:00,0.0444,0.0449,0.0439,0.0446,291204.2
2026-02-02 05:00:00,0.0445,0.0445,0.0435,0.0438,218373.8
2026-02-02 06:00:00,0.0437,0.0437,0.0414,0.043,4600057.7
2026-02-02 07:00:00,0.043,0.0434,0.0414,0.042,1275717.1
2026-02-02 08:00:00,0.0421,0.0425,0.0416,0.0419,295707.5
2026-02-02 09:00:00,0.0419,0.0431,0.0414,0.0426,1916761.6
2026-02-02 10:00:00,0.0425,0.0432,0.0424,0.043,256213.2
2026-02-02 11:00:00,0.043,0.0431,0.0428,0.0429,66062.8
2026-02-02 12:00:00,0.0429,0.0433,0.0419,0.0423,1626809.4
2026-02-02 13:00:00,0.0424,0.0425,0.0421,0.0425,202283.6
2026-02-02 14:00:00,0.0424,0.0428,0.0422,0.0422,574466.7
2026-02-02 15:00:00,0.0421,0.0423,0.0417,0.0419,484002.8
2026-02-02 16:00:00,0.0419,0.0419,0.0407,0.0408,579481.0
2026-02-02 17:00:00,0.0408,0.0419,0.0406,0.0414,1887114.6
2026-02-02 18:00:00,0.0415,0.0428,0.0414,0.042,1726446.8
2026-02-02 19:00:00,0.042,0.0425,0.0419,0.0421,281802.5
2026-02-02 20:00:00,0.0419,0.0419,0.0415,0.0416,180229.6
2026-02-02 21:00:00,0.0417,0.0417,0.0413,0.0413,179125.3
2026-02-02 22:00:00,0.0414,0.0416,0.0413,0.0413,120010.2
2026-02-02 23:00:00,0.0415,0.0415,0.0413,0.0414,99829.7
2026-02-03 00:00:00,0.0413,0.0415,0.0408,0.0412,424168.5
2026-02-03 01:00:00,0.0412,0.0412,0.0407,0.0409,108729.7
2026-02-03 02:00:00,0.0408,0.0409,0.0399,0.0402,659690.6
2026-02-03 03:00:00,0.0402,0.0405,0.0397,0.0404,205261.3
2026-02-03 04:00:00,0.0403,0.0405,0.0402,0.0403,385401.2
2026-02-03 05:00:00,0.0404,0.0404,0.0398,0.0399,292731.8
2026-02-03 06:00:00,0.0399,0.04,0.0394,0.04,221985.2
2026-02-03 07:00:00,0.0398,0.0399,0.0396,0.0398,252014.8
2026-02-03 08:00:00,0.0397,0.0406,0.0394,0.0404,1367497.1
2026-02-03 09:00:00,0.0405,0.041,0.0394,0.0399,1351592.0
2026-02-03 10:00:00,0.0399,0.0401,0.0391,0.0391,456894.0
2026-02-03 11:00:00,0.0392,0.0392,0.0386,0.0387,816477.8
2026-02-03 12:00:00,0.0386,0.039,0.0381,0.0387,1529921.1
2026-02-03 13:00:00,0.0387,0.0389,0.0383,0.0385,402965.0
2026-02-03 14:00:00,0.0385,0.0386,0.0379,0.0381,659728.2
2026-02-03 15:00:00,0.038,0.0384,0.0375,0.0383,1044047.7
2026-02-03 16:00:00,0.0383,0.0383,0.0374,0.0375,373481.6
2026-02-03 17:00:00,0.0375,0.0376,0.0356,0.036,5056076.3
2026-02-03 18:00:00,0.0358,0.0361,0.0355,0.0356,590933.6
2026-02-03 19:00:00,0.0357,0.0366,0.0355,0.0365,633259.2
2026-02-03 20:00:00,0.0365,0.0373,0.0359,0.0371,1572437.2
2026-02-03 21:00:00,0.0372,0.0377,0.0367,0.0369,512564.3
2026-02-03 22:00:00,0.0369,0.0369,0.0358,0.0361,632824.0
2026-02-03 23:00:00,0.0361,0.0362,0.0356,0.0358,721750.8
2026-02-04 00:00:00,0.0359,0.0361,0.0355,0.0358,506863.0
2026-02-04 01:00:00,0.0358,0.0363,0.0358,0.0361,599559.1
2026-02-04 02:00:00,0.0361,0.0362,0.0356,0.0358,578387.5
2026-02-04 03:00:00,0.0358,0.036,0.0356,0.0359,359101.5
2026-02-04 04:00:00,0.036,0.036,0.0352,0.0353,729301.9
2026-02-04 05:00:00,0.0354,0.0354,0.0346,0.0352,1281895.9
2026-02-04 06:00:00,0.0352,0.0353,0.0345,0.0347,1138612.5
2026-02-04 07:00:00,0.0346,0.0346,0.0339,0.0342,1548565.6
2026-02-04 08:00:00,0.0344,0.0349,0.034,0.0348,1086754.4
2026-02-04 09:00:00,0.0349,0.0351,0.0343,0.0345,870930.2
2026-02-04 10:00:00,0.0344,0.0345,0.0336,0.034,723323.7
2026-02-04 11:00:00,0.034,0.034,0.0332,0.0333,1799846.9
2026-02-04 12:00:00,0.0333,0.0361,0.033,0.0348,5731758.0
2026-02-04 13:00:00,0.0349,0.0356,0.0345,0.0353,1719974.3
2026-02-04 14:00:00,0.0353,0.0357,0.035,0.0352,995245.7
2026-02-04 15:00:00,0.0352,0.037,0.0351,0.0358,3465729.8
2026-02-04 16:00:00,0.0357,0.0359,0.0352,0.0357,968715.0
2026-02-04 17:00:00,0.0357,0.0359,0.0355,0.0356,438411.2
2026-02-04 18:00:00,0.0356,0.0359,0.0351,0.0354,571175.2
2026-02-04 19:00:00,0.0354,0.0354,0.0348,0.0352,576431.8
2026-02-04 20:00:00,0.0353,0.036,0.0351,0.0351,774549.1
2026-02-04 21:00:00,0.0353,0.0359,0.0352,0.0359,231499.9
2026-02-04 22:00:00,0.036,0.0368,0.0359,0.0366,883640.2
2026-02-04 23:00:00,0.0367,0.0371,0.0363,0.0368,1214394.8
2026-02-05 00:00:00,0.0369,0.0369,0.0362,0.0365,556591.2
2026-02-05 01:00:00,0.0366,0.0382,0.0365,0.037,1438665.3
2026-02-05 02:00:00,0.0372,0.0379,0.0367,0.0375,1032645.9
2026-02-05 03:00:00,0.0375,0.0379,0.037,0.0371,1232697.2
2026-02-05 04:00:00,0.037,0.038,0.0367,0.0377,2524907.8
2026-02-05 05:00:00,0.0377,0.0387,0.0367,0.0371,6955268.3
2026-02-05 06:00:00,0.0371,0.0383,0.0371,0.0379,4044145.6
2026-02-05 07:00:00,0.0379,0.0381,0.0369,0.0372,2349382.7
2026-02-05 08:00:00,0.0372,0.0382,0.0372,0.0377,2764187.2
2026-02-05 09:00:00,0.0376,0.038,0.0373,0.0375,1099695.3
2026-02-05 10:00:00,0.0375,0.0381,0.0373,0.0374,1708758.0
2026-02-05 11:00:00,0.0374,0.0378,0.037,0.0375,1734183.1
2026-02-05 12:00:00,0.0376,0.0383,0.0372,0.038,2049042.7
2026-02-05 13:00:00,0.038,0.0382,0.0371,0.0373,1651737.3
2026-02-05 14:00:00,0.0373,0.0379,0.037,0.0371,1007492.5
2026-02-05 15:00:00,0.0371,0.0372,0.0349,0.0359,4033880.4
2026-02-05 16:00:00,0.0361,0.0369,0.0356,0.0364,1405838.5
2026-02-05 17:00:00,0.0365,0.0365,0.0351,0.0351,1809188.4
2026-02-05 18:00:00,0.0351,0.0353,0.0346,0.0351,1049818.7
2026-02-05 19:00:00,0.0351,0.0351,0.0343,0.0343,1011968.8
2026-02-05 20:00:00,0.0344,0.0346,0.0332,0.0336,1765558.5
2026-02-05 21:00:00,0.0336,0.0344,0.0333,0.0338,1555068.6
2026-02-05 22:00:00,0.0338,0.0344,0.0334,0.0342,773405.6
2026-02-05 23:00:00,0.0341,0.0347,0.0338,0.0339,1107779.4
2026-02-06 00:00:00,0.0339,0.0339,0.031,0.0327,5653002.3
2026-02-06 01:00:00,0.0327,0.0341,0.0324,0.0338,1243402.2
2026-02-06 02:00:00,0.0339,0.0339,0.0331,0.0332,1014493.9
2026-02-06 03:00:00,0.0332,0.0333,0.0329,0.0331,558808.0
2026-02-06 04:00:00,0.0331,0.0336,0.033,0.0333,383723.1
2026-02-06 05:00:00,0.0334,0.0341,0.0334,0.034,207936.5
2026-02-06 06:00:00,0.034,0.0342,0.033,0.033,606197.0
2026-02-06 07:00:00,0.0329,0.0331,0.0326,0.0328,410441.1
2026-02-06 08:00:00,0.0329,0.0329,0.0323,0.0325,1249012.6
2026-02-06 09:00:00,0.0325,0.033,0.0325,0.033,465976.5
2026-02-06 10:00:00,0.0329,0.033,0.0327,0.0328,487112.5
2026-02-06 11:00:00,0.0327,0.0328,0.032,0.0321,551262.7
2026-02-06 12:00:00,0.0321,0.0321,0.0314,0.0318,1038453.5
2026-02-06 13:00:00,0.0319,0.0327,0.0319,0.0321,1897146.6
2026-02-06 14:00:00,0.032,0.0326,0.0319,0.0323,861496.5
2026-02-06 15:00:00,0.0324,0.0325,0.0316,0.0322,1518315.2
2026-02-06 16:00:00,0.0322,0.033,0.032,0.0328,625233.7
2026-02-06 17:00:00,0.0327,0.0334,0.0326,0.033,1075979.3
2026-02-06 18:00:00,0.0329,0.0329,0.032,0.0322,1045431.3
2026-02-06 19:00:00,0.0321,0.0328,0.0319,0.0325,1543771.0
2026-02-06 20:00:00,0.0325,0.0331,0.0324,0.0326,1913096.0
2026-02-06 21:00:00,0.0327,0.0333,0.0327,0.033,1404668.3
2026-02-06 22:00:00,0.0331,0.0336,0.033,0.0332,678387.9
2026-02-06 23:00:00,0.0332,0.0333,0.0327,0.0328,754155.2
2026-02-07 00:00:00,0.0328,0.0331,0.0324,0.0325,907116.5
2026-02-07 01:00:00,0.0324,0.0327,0.0322,0.0326,328260.3
2026-02-07 02:00:00,0.0326,0.0332,0.0326,0.033,781465.3
2026-02-07 03:00:00,0.0331,0.0331,0.0327,0.0328,336073.2
2026-02-07 04:00:00,0.0328,0.0331,0.0327,0.0328,387322.0
2026-02-07 05:00:00,0.0328,0.0334,0.0326,0.0326,1144145.9
2026-02-07 06:00:00,0.0328,0.0328,0.0322,0.0323,435953.1
2026-02-07 07:00:00,0.0324,0.0324,0.0309,0.0315,2295796.6
2026-02-07 08:00:00,0.0314,0.0319,0.0312,0.0318,1025794.0
2026-02-07 09:00:00,0.0318,0.0319,0.0316,0.0317,218008.9
2026-02-07 10:00:00,0.0317,0.0318,0.0314,0.0315,491929.4
2026-02-07 11:00:00,0.0316,0.0318,0.0315,0.0318,539220.1
2026-02-07 12:00:00,0.0318,0.0329,0.0318,0.0326,1276503.4
2026-02-07 13:00:00,0.0326,0.0326,0.0317,0.0319,1014567.9
2026-02-07 14:00:00,0.032,0.032,0.0312,0.0312,3258707.9
2026-02-07 15:00:00,0.0313,0.0318,0.0313,0.0317,495479.7
2026-02-07 16:00:00,0.0318,0.0321,0.0316,0.032,1191883.6
2026-02-07 17:00:00,0.032,0.032,0.0316,0.0317,353569.0
2026-02-07 18:00:00,0.0317,0.0322,0.0317,0.0322,386698.2
2026-02-07 19:00:00,0.0321,0.0321,0.0319,0.032,169588.2
2026-02-07 20:00:00,0.0319,0.0321,0.0318,0.0319,211503.8
2026-02-07 21:00:00,0.032,0.032,0.0319,0.032,112439.4
2026-02-07 22:00:00,0.032,0.032,0.0317,0.0319,182012.3
2026-02-07 23:00:00,0.0317,0.0319,0.0317,0.0318,177606.9
2026-02-08 00:00:00,0.0318,0.0323,0.0315,0.0321,2451998.3
2026-02-08 01:00:00,0.0321,0.0323,0.0321,0.0321,131862.3
2026-02-08 02:00:00,0.0321,0.0322,0.0319,0.0321,668410.3
2026-02-08 03:00:00,0.0321,0.0322,0.0319,0.032,144209.2
2026-02-08 04:00:00,0.032,0.0321,0.0318,0.0318,425410.7
2026-02-08 05:00:00,0.0318,0.0319,0.0317,0.0317,148481.0
2026-02-08 06:00:00,0.0318,0.0321,0.0318,0.0319,465379.8
2026-02-08 07:00:00,0.032,0.032,0.0317,0.0319,249846.5
2026-02-08 08:00:00,0.0319,0.032,0.0316,0.0319,690341.5
2026-02-08 09:00:00,0.0318,0.0319,0.03,0.0304,3520680.1
2026-02-08 10:00:00,0.0304,0.031,0.0304,0.0306,1112613.0
2026-02-08 11:00:00,0.0306,0.0314,0.0305,0.0313,427807.6
2026-02-08 12:00:00,0.0313,0.032,0.0311,0.0318,2439957.3
2026-02-08 13:00:00,0.0318,0.032,0.0315,0.0316,622421.8
2026-02-08 14:00:00,0.0316,0.0316,0.0312,0.0312,440062.1
2026-02-08 15:00:00,0.0311,0.0314,0.0299,0.0305,2847179.7
2026-02-08 16:00:00,0.0305,0.0308,0.0299,0.0302,788579.8
2026-02-08 17:00:00,0.0302,0.0305,0.0302,0.0302,131259.4
2026-02-08 18:00:00,0.0302,0.0309,0.0302,0.0307,153028.9
2026-02-08 19:00:00,0.0307,0.0314,0.0307,0.0312,359451.3
2026-02-08 20:00:00,0.0312,0.0313,0.031,0.031,219033.6
2026-02-08 21:00:00,0.031,0.0311,0.0306,0.0307,211327.8
2026-02-08 22:00:00,0.0308,0.031,0.0307,0.0307,155582.2
2026-02-08 23:00:00,0.0308,0.0312,0.0303,0.0307,482098.1
2026-02-09 00:00:00,0.0308,0.0309,0.0305,0.0306,288727.7
2026-02-09 01:00:00,0.0306,0.0308,0.0297,0.0301,550493.8
2026-02-09 02:00:00,0.03,0.0306,0.03,0.0305,555050.4
2026-02-09 03:00:00,0.0304,0.0313,0.0304,0.0309,753464.2
2026-02-09 04:00:00,0.031,0.0314,0.031,0.0312,347275.7
2026-02-09 05:00:00,0.0311,0.0312,0.0309,0.0311,270021.0
2026-02-09 06:00:00,0.031,0.031,0.0306,0.0307,256871.8
2026-02-09 07:00:00,0.0307,0.0307,0.0302,0.0303,1154644.4
2026-02-09 08:00:00,0.0302,0.0305,0.0301,0.0304,528858.1
2026-02-09 09:00:00,0.0304,0.0309,0.0302,0.0302,1803749.4
2026-02-09 10:00:00,0.0303,0.0304,0.0292,0.0294,2564440.3
2026-02-09 11:00:00,0.0295,0.03,0.0293,0.0294,2518187.9
2026-02-09 12:00:00,0.0295,0.0295,0.0294,0.0295,241846.3
2026-02-09 13:00:00,0.0295,0.0296,0.0288,0.0289,1381042.1
2026-02-09 14:00:00,0.0289,0.0294,0.0286,0.0291,2096546.8
2026-02-09 15:00:00,0.0291,0.0292,0.0284,0.0288,2119533.6
2026-02-09 16:00:00,0.0288,0.0295,0.0284,0.0295,635127.6
2026-02-09 17:00:00,0.0295,0.0299,0.0292,0.0295,1653634.1
2026-02-09 18:00:00,0.0295,0.0299,0.0294,0.0296,546304.9
2026-02-09 19:00:00,0.0296,0.0298,0.0294,0.0297,260898.4
2026-02-09 20:00:00,0.0298,0.0299,0.0296,0.0298,208684.4
2026-02-09 21:00:00,0.0298,0.0299,0.0294,0.0297,973668.4
2026-02-09 22:00:00,0.0297,0.03,0.0297,0.0299,175666.6
2026-02-09 23:00:00,0.0299,0.0303,0.0299,0.0301,372108.9
2026-02-10 00:00:00,0.0302,0.0306,0.0302,0.0305,591696.5
2026-02-10 01:00:00,0.0304,0.0304,0.0302,0.0302,205247.8
2026-02-10 02:00:00,0.0302,0.0302,0.0298,0.0299,80401.4
2026-02-10 03:00:00,0.0297,0.0297,0.0293,0.0293,184590.0
2026-02-10 04:00:00,0.0293,0.0299,0.0293,0.0298,258594.3
2026-02-10 05:00:00,0.0297,0.0297,0.0291,0.0292,108263.8
2026-02-10 06:00:00,0.0292,0.0293,0.0289,0.0291,710745.9
2026-02-10 07:00:00,0.0292,0.0293,0.0284,0.0286,1131172.4
2026-02-10 08:00:00,0.0286,0.0288,0.0285,0.0286,127937.3
2026-02-10 09:00:00,0.0287,0.0294,0.0287,0.0293,2207412.6
2026-02-10 10:00:00,0.0293,0.0295,0.029,0.0291,1462221.4
2026-02-10 11:00:00,0.0291,0.0293,0.029,0.029,596305.1
2026-02-10 12:00:00,0.0291,0.0292,0.0289,0.029,376491.0
2026-02-10 13:00:00,0.029,0.0292,0.0289,0.0291,113857.1
2026-02-10 14:00:00,0.029,0.0294,0.0289,0.0291,206058.5
2026-02-10 15:00:00,0.029,0.0296,0.029,0.0296,225200.8
2026-02-10 16:00:00,0.0295,0.0297,0.0294,0.0297,175234.5
2026-02-10 17:00:00,0.0297,0.03,0.0297,0.0298,626717.4
2026-02-10 18:00:00,0.0299,0.03,0.0298,0.03,339509.9
2026-02-10 19:00:00,0.0299,0.0302,0.0298,0.0302,673294.0
2026-02-10 20:00:00,0.0303,0.0306,0.0302,0.0305,490199.6
2026-02-10 21:00:00,0.0306,0.0312,0.0304,0.0307,1254645.7
2026-02-10 22:00:00,0.0308,0.031,0.0308,0.0308,107683.5
2026-02-10 23:00:00,0.0308,0.0309,0.0307,0.0309,145684.1
2026-02-11 00:00:00,0.0309,0.0309,0.0304,0.0306,180660.4
2026-02-11 01:00:00,0.0305,0.0305,0.0303,0.0305,94797.8
2026-02-11 02:00:00,0.0305,0.0305,0.03,0.03,722037.8
2026-02-11 03:00:00,0.0299,0.03,0.0295,0.0296,968969.7
2026-02-11 04:00:00,0.0296,0.0296,0.029,0.0291,356459.8
2026-02-11 05:00:00,0.0293,0.0293,0.029,0.0292,212773.6
2026-02-11 06:00:00,0.0291,0.0291,0.0281,0.0282,1263335.9
2026-02-11 07:00:00,0.0283,0.0285,0.0281,0.0284,533701.4
2026-02-11 08:00:00,0.0284,0.0288,0.0284,0.0287,256890.4
2026-02-11 09:00:00,0.0287,0.0288,0.0287,0.0287,34054.7
2026-02-11 10:00:00,0.0286,0.029,0.0279,0.0288,2404385.2
2026-02-11 11:00:00,0.0287,0.0299,0.0286,0.0294,2466281.1
2026-02-11 12:00:00,0.0295,0.0301,0.0295,0.0301,436779.6
2026-02-11 13:00:00,0.0301,0.0306,0.03,0.0304,526122.8
2026-02-11 14:00:00,0.0304,0.0308,0.0298,0.03,1273251.1
2026-02-11 15:00:00,0.0301,0.0302,0.0298,0.0302,1469393.0
2026-02-11 16:00:00,0.0303,0.0307,0.03,0.0301,416564.4
2026-02-11 17:00:00,0.0301,0.0304,0.0299,0.0303,1521297.3
2026-02-11 18:00:00,0.0302,0.0304,0.03,0.0303,277796.2
2026-02-11 19:00:00,0.0303,0.0304,0.03,0.0301,187281.0
2026-02-11 20:00:00,0.0301,0.0303,0.0301,0.0303,206595.3
2026-02-11 21:00:00,0.0302,0.0304,0.0301,0.0303,89291.1
2026-02-11 22:00:00,0.0304,0.0306,0.0303,0.0306,386417.5
2026-02-11 23:00:00,0.0305,0.0307,0.0304,0.0306,395982.9
2026-02-12 00:00:00,0.0306,0.0314,0.0306,0.0314,474053.9
2026-02-12 01:00:00,0.0314,0.032,0.0313,0.0316,569163.7
2026-02-12 02:00:00,0.0316,0.033,0.0316,0.0328,2179500.3
2026-02-12 03:00:00,0.0328,0.034,0.0326,0.0332,1717416.9
2026-02-12 04:00:00,0.0331,0.0337,0.0321,0.0324,3064962.1
2026-02-12 05:00:00,0.0324,0.0331,0.0324,0.033,324816.3
2026-02-12 06:00:00,0.0331,0.0333,0.0324,0.0327,1474558.4
2026-02-12 07:00:00,0.0325,0.033,0.0325,0.0328,354677.0
2026-02-12 08:00:00,0.0329,0.033,0.0325,0.0327,269781.7
2026-02-12 09:00:00,0.0326,0.0328,0.0317,0.0318,1404942.8
2026-02-12 10:00:00,0.0318,0.0319,0.0314,0.0319,333029.5
2026-02-12 11:00:00,0.0319,0.0319,0.0315,0.0316,230326.6
2026-02-12 12:00:00,0.0315,0.0321,0.0315,0.0316,452935.0
2026-02-12 13:00:00,0.0315,0.0319,0.0314,0.0319,341676.5
2026-02-12 14:00:00,0.0318,0.0319,0.0316,0.0317,168605.5
2026-02-12 15:00:00,0.0318,0.0328,0.0317,0.0326,1865524.9
2026-02-12 16:00:00,0.0324,0.0326,0.0319,0.0321,1535553.8
2026-02-12 17:00:00,0.032,0.0331,0.0317,0.033,1881151.1
2026-02-12 18:00:00,0.033,0.0334,0.0323,0.033,1794625.9
2026-02-12 19:00:00,0.0331,0.0342,0.033,0.0335,2504758.1
2026-02-12 20:00:00,0.0336,0.0336,0.0325,0.0325,750690.0
2026-02-12 21:00:00,0.0327,0.0327,0.0323,0.0326,161850.7
2026-02-12 22:00:00,0.0327,0.0334,0.0327,0.0332,272122.1
2026-02-12 23:00:00,0.0332,0.0338,0.033,0.0333,1025861.3
2026-02-13 00:00:00,0.0333,0.0333,0.0326,0.033,1297021.4
2026-02-13 01:00:00,0.0331,0.0341,0.0331,0.034,979114.8
2026-02-13 02:00:00,0.034,0.0344,0.0334,0.0335,766900.1
2026-02-13 03:00:00,0.0336,0.0339,0.0335,0.0339,180297.2
2026-02-13 04:00:00,0.0339,0.0343,0.0337,0.0338,437423.7
2026-02-13 05:00:00,0.0337,0.034,0.0333,0.0338,545135.1
2026-02-13 06:00:00,0.0338,0.0338,0.033,0.0335,1044496.2
2026-02-13 07:00:00,0.0335,0.0343,0.0334,0.034,679676.5
2026-02-13 08:00:00,0.034,0.0352,0.034,0.0349,2396139.6
2026-02-13 09:00:00,0.0348,0.0368,0.0348,0.0361,5962173.6
2026-02-13 10:00:00,0.036,0.0362,0.0348,0.0354,3192601.0
2026-02-13 11:00:00,0.0355,0.0365,0.0353,0.0358,5178840.5
2026-02-13 12:00:00,0.0359,0.0376,0.0356,0.0371,7570497.5
2026-02-13 13:00:00,0.0371,0.0388,0.0367,0.0377,9575155.1
2026-02-13 14:00:00,0.0378,0.0396,0.0374,0.0388,7242459.9
2026-02-13 15:00:00,0.0389,0.041,0.0387,0.0404,7734178.1
2026-02-13 16:00:00,0.0404,0.0438,0.0392,0.0425,13143437.2
2026-02-13 17:00:00,0.0425,0.0431,0.0404,0.0414,8038341.8
2026-02-13 18:00:00,0.0415,0.0438,0.041,0.0436,4353568.2
2026-02-13 19:00:00,0.0437,0.0439,0.042,0.0423,4367915.1
2026-02-13 20:00:00,0.0422,0.043,0.0413,0.0415,4113421.4
2026-02-13 21:00:00,0.0415,0.0419,0.0402,0.0407,2393224.0
2026-02-13 22:00:00,0.0406,0.043,0.0404,0.0428,2187049.0
2026-02-13 23:00:00,0.0426,0.0427,0.0409,0.041,1458489.0
2026-02-14 00:00:00,0.041,0.0419,0.0407,0.0419,1486180.3
2026-02-14 01:00:00,0.0419,0.0426,0.0417,0.0422,665233.2
2026-02-14 02:00:00,0.0421,0.0433,0.0421,0.043,2176544.4
2026-02-14 03:00:00,0.0429,0.0431,0.0417,0.0429,2514017.1
2026-02-14 04:00:00,0.043,0.043,0.0419,0.0421,2929753.4
2026-02-14 05:00:00,0.0422,0.0428,0.0414,0.0418,1442980.0
2026-02-14 06:00:00,0.0417,0.042,0.0411,0.0414,1726353.0
2026-02-14 07:00:00,0.0413,0.0422,0.0413,0.0418,1271339.0
2026-02-14 08:00:00,0.0418,0.044,0.0415,0.0428,3612919.6
2026-02-14 09:00:00,0.0429,0.0453,0.0428,0.0447,3545617.8
2026-02-14 10:00:00,0.0447,0.0454,0.044,0.0447,6240991.2
2026-02-14 11:00:00,0.0447,0.0451,0.0435,0.0439,2529461.8
2026-02-14 12:00:00,0.0438,0.044,0.0423,0.0424,1235592.1
2026-02-14 13:00:00,0.0423,0.0429,0.0422,0.0428,897266.7
2026-02-14 14:00:00,0.0428,0.0428,0.0422,0.0425,1360534.8
2026-02-14 15:00:00,0.0427,0.0432,0.0424,0.0428,867394.9
2026-02-14 16:00:00,0.0428,0.0428,0.0415,0.0421,1300408.6
2026-02-14 17:00:00,0.0422,0.0425,0.0413,0.0416,1242390.1
2026-02-14 18:00:00,0.0416,0.0418,0.0411,0.0412,894038.1
2026-02-14 19:00:00,0.0412,0.0413,0.0404,0.041,988346.7
2026-02-14 20:00:00,0.041,0.0414,0.0409,0.0409,590173.0
2026-02-14 21:00:00,0.041,0.0413,0.0404,0.0405,596477.6
2026-02-14 22:00:00,0.0405,0.0409,0.0403,0.0405,461035.1
2026-02-14 23:00:00,0.0404,0.0406,0.0402,0.0403,304274.4
2026-02-15 00:00:00,0.0403,0.0408,0.0402,0.0407,475568.9
2026-02-15 01:00:00,0.0407,0.0408,0.0396,0.0407,2096871.5
2026-02-15 02:00:00,0.0407,0.0411,0.0401,0.0401,623569.4
2026-02-15 03:00:00,0.0402,0.0414,0.0399,0.0414,2206384.2
2026-02-15 04:00:00,0.0414,0.0414,0.0408,0.041,396700.2
2026-02-15 05:00:00,0.041,0.0432,0.041,0.0422,5565213.5
2026-02-15 06:00:00,0.0421,0.0432,0.042,0.0429,780421.5
2026-02-15 07:00:00,0.043,0.0438,0.043,0.0434,702492.2
2026-02-15 08:00:00,0.0433,0.0435,0.0428,0.0432,585322.7
2026-02-15 09:00:00,0.0432,0.0434,0.0425,0.0426,543356.9
2026-02-15 10:00:00,0.0426,0.0434,0.0425,0.0433,513645.3
2026-02-15 11:00:00,0.0432,0.0433,0.0428,0.0433,303724.4
2026-02-15 12:00:00,0.0433,0.0435,0.0428,0.0429,418775.3
2026-02-15 13:00:00,0.0429,0.0433,0.0421,0.0425,1675226.5
2026-02-15 14:00:00,0.0425,0.0429,0.0422,0.0424,477827.5
2026-02-15 15:00:00,0.0423,0.0423,0.0395,0.0403,4140300.1
2026-02-15 16:00:00,0.0403,0.0422,0.0401,0.041,4120694.8
2026-02-15 17:00:00,0.0411,0.0411,0.0405,0.0407,287970.4
2026-02-15 18:00:00,0.0406,0.0412,0.0399,0.0407,1367160.2
2026-02-15 19:00:00,0.0407,0.0423,0.0405,0.0413,2617918.2
2026-02-15 20:00:00,0.0413,0.0414,0.0408,0.0409,389271.4
2026-02-15 21:00:00,0.0411,0.0416,0.0411,0.0414,368688.5
2026-02-15 22:00:00,0.0414,0.0415,0.0408,0.0411,643614.5
2026-02-15 23:00:00,0.0411,0.0413,0.0409,0.041,276473.5
2026-02-16 00:00:00,0.0411,0.0411,0.0408,0.0409,351849.0
2026-02-16 01:00:00,0.041,0.0414,0.0408,0.041,160827.2
2026-02-16 02:00:00,0.041,0.0411,0.0405,0.0407,338836.7
2026-02-16 03:00:00,0.0407,0.0408,0.04,0.0404,899370.4
2026-02-16 04:00:00,0.0405,0.0406,0.0403,0.0404,61317.7
2026-02-16 05:00:00,0.0404,0.0404,0.04,0.0403,146909.2
2026-02-16 06:00:00,0.0404,0.0404,0.0399,0.0401,131488.0
2026-02-16 07:00:00,0.04,0.0409,0.04,0.0407,577437.8
2026-02-16 08:00:00,0.0407,0.0413,0.0406,0.0413,249360.2
2026-02-16 09:00:00,0.0412,0.0414,0.0406,0.0408,393209.5
2026-02-16 10:00:00,0.0408,0.0411,0.0406,0.041,205043.4
2026-02-16 11:00:00,0.0409,0.0413,0.0406,0.0412,109004.7
2026-02-16 12:00:00,0.0412,0.0412,0.0407,0.041,506033.9
2026-02-16 13:00:00,0.041,0.0411,0.0404,0.0409,757178.8
2026-02-16 14:00:00,0.0408,0.0412,0.0406,0.0412,206267.3
2026-02-16 15:00:00,0.0412,0.042,0.0412,0.0414,759712.8
2026-02-16 16:00:00,0.0414,0.0416,0.0412,0.0413,641844.2
2026-02-16 17:00:00,0.0413,0.0418,0.0412,0.0418,338139.7
2026-02-16 18:00:00,0.0418,0.0419,0.0412,0.0414,153255.3
2026-02-16 19:00:00,0.0414,0.0414,0.0409,0.041,140884.7
2026-02-16 20:00:00,0.041,0.0414,0.0409,0.0413,211233.0
2026-02-16 21:00:00,0.0412,0.0412,0.0411,0.0412,38013.7
2026-02-16 22:00:00,0.0412,0.0412,0.0411,0.0411,30066.8
2026-02-16 23:00:00,0.041,0.0411,0.041,0.0411,13841.0
2026-02-17 00:00:00,0.041,0.0412,0.0409,0.0411,151675.1
2026-02-17 01:00:00,0.041,0.041,0.0405,0.0405,218331.7
2026-02-17 02:00:00,0.0406,0.0409,0.0404,0.0407,111745.7
2026-02-17 03:00:00,0.0408,0.0408,0.0405,0.0406,94119.5
2026-02-17 04:00:00,0.0406,0.0406,0.0404,0.0404,19005.3
2026-02-17 05:00:00,0.0403,0.0403,0.0397,0.04,1094739.9
2026-02-17 06:00:00,0.0401,0.0403,0.0397,0.0398,751640.3
2026-02-17 07:00:00,0.0399,0.0399,0.0371,0.0381,3983944.1
2026-02-17 08:00:00,0.0381,0.0388,0.0379,0.0383,922102.5
2026-02-17 09:00:00,0.0383,0.0384,0.0379,0.0379,192738.9
2026-02-17 10:00:00,0.0379,0.0381,0.0376,0.0377,361332.3
2026-02-17 11:00:00,0.0378,0.0382,0.0378,0.0379,429686.6
2026-02-17 12:00:00,0.0379,0.038,0.0374,0.0376,411010.2
2026-02-17 13:00:00,0.0377,0.0401,0.0373,0.0393,3353178.2
2026-02-17 14:00:00,0.0393,0.0402,0.0392,0.0397,1065148.4
2026-02-17 15:00:00,0.0397,0.0408,0.0397,0.0404,1035141.6
2026-02-17 16:00:00,0.0404,0.0413,0.0402,0.0404,582543.9
2026-02-17 17:00:00,0.0403,0.0407,0.0402,0.0407,303431.1
2026-02-17 18:00:00,0.0408,0.0412,0.0407,0.0409,132357.5
2026-02-17 19:00:00,0.0408,0.0408,0.04,0.04,279320.0
2026-02-17 20:00:00,0.04,0.0412,0.0399,0.0411,803094.1
2026-02-17 21:00:00,0.041,0.0415,0.0408,0.0413,732443.4
2026-02-17 22:00:00,0.0413,0.0413,0.0405,0.0407,226307.7
2026-02-17 23:00:00,0.0407,0.0414,0.0407,0.0412,335908.9
2026-02-18 00:00:00,0.0412,0.0414,0.0409,0.041,133199.8
2026-02-18 01:00:00,0.0411,0.0417,0.0411,0.0415,711939.0
2026-02-18 02:00:00,0.0415,0.0417,0.0413,0.0413,64111.2
2026-02-18 03:00:00,0.0413,0.0418,0.0412,0.0417,204219.8
2026-02-18 04:00:00,0.0418,0.0421,0.0414,0.0421,476695.4
2026-02-18 05:00:00,0.042,0.0422,0.0419,0.042,226652.3
2026-02-18 06:00:00,0.042,0.0428,0.0419,0.0428,208510.8
2026-02-18 07:00:00,0.0428,0.0437,0.0402,0.0408,5276776.6
2026-02-18 08:00:00,0.0409,0.0412,0.0404,0.0405,952946.8
2026-02-18 09:00:00,0.0405,0.0405,0.0399,0.0403,721635.8
2026-02-18 10:00:00,0.0404,0.0405,0.0401,0.0402,129766.3
2026-02-18 11:00:00,0.0403,0.0406,0.0401,0.0403,470453.5
2026-02-18 12:00:00,0.0403,0.0407,0.0401,0.0405,324842.0
2026-02-18 13:00:00,0.0406,0.0426,0.0404,0.0415,4263742.7
2026-02-18 14:00:00,0.0417,0.0422,0.0412,0.0417,812830.8
2026-02-18 15:00:00,0.0418,0.0425,0.0417,0.0422,747568.1
2026-02-18 16:00:00,0.0422,0.0428,0.0418,0.0421,757990.7
2026-02-18 17:00:00,0.0421,0.0424,0.0419,0.0422,301944.0
2026-02-18 18:00:00,0.0422,0.0422,0.0413,0.0413,525012.2
2026-02-18 19:00:00,0.0414,0.0416,0.0409,0.041,295002.4
2026-02-18 20:00:00,0.0409,0.0415,0.0409,0.0414,87990.7
2026-02-18 21:00:00,0.0414,0.0418,0.0414,0.0416,390899.4
2026-02-18 22:00:00,0.0415,0.0417,0.0402,0.0404,906228.6
2026-02-18 23:00:00,0.0405,0.0409,0.0393,0.0407,3170428.0
2026-02-19 00:00:00,0.0406,0.0407,0.0402,0.0406,383582.0
2026-02-19 01:00:00,0.0406,0.0416,0.0406,0.0414,472482.4
2026-02-19 02:00:00,0.0414,0.0414,0.041,0.0412,37898.4
2026-02-19 03:00:00,0.0412,0.0423,0.0412,0.0422,560971.5
2026-02-19 04:00:00,0.0421,0.0422,0.0417,0.0417,300255.9
2026-02-19 05:00:00,0.0417,0.0421,0.0416,0.0421,75681.9
2026-02-19 06:00:00,0.042,0.0421,0.0417,0.0418,46960.0
2026-02-19 07:00:00,0.0418,0.0422,0.0417,0.0421,169602.0
2026-02-19 08:00:00,0.042,0.0423,0.0415,0.0418,222217.6
2026-02-19 09:00:00,0.0418,0.043,0.0418,0.0428,1255829.2
2026-02-19 10:00:00,0.0428,0.0434,0.0423,0.0426,2749433.6
2026-02-19 11:00:00,0.0425,0.0429,0.0423,0.0427,771212.4
2026-02-19 12:00:00,0.0427,0.0429,0.0423,0.0424,712117.1
2026-02-19 13:00:00,0.0424,0.0424,0.0412,0.0419,1839223.8
2026-02-19 14:00:00,0.042,0.0423,0.0416,0.0422,496050.9
2026-02-19 15:00:00,0.0422,0.0426,0.0419,0.0422,559454.2
2026-02-19 16:00:00,0.0422,0.0422,0.0417,0.0418,639668.8
2026-02-19 17:00:00,0.0418,0.0426,0.0418,0.0422,352125.1
2026-02-19 18:00:00,0.0422,0.0423,0.0421,0.0422,36471.5
2026-02-19 19:00:00,0.0422,0.0423,0.042,0.0421,477699.0
2026-02-19 20:00:00,0.042,0.042,0.0413,0.0417,1146775.9
2026-02-19 21:00:00,0.0417,0.0418,0.0416,0.0417,46749.2
2026-02-19 22:00:00,0.0416,0.0422,0.0415,0.0417,200585.3
2026-02-19 23:00:00,0.0418,0.042,0.0411,0.0413,900292.3
2026-02-20 00:00:00,0.0413,0.0415,0.0411,0.0414,143072.8
2026-02-20 01:00:00,0.0412,0.0413,0.041,0.041,226109.7
2026-02-20 02:00:00,0.0409,0.0414,0.0407,0.0411,490246.8
2026-02-20 03:00:00,0.041,0.0413,0.0409,0.0409,218949.3
2026-02-20 04:00:00,0.0409,0.041,0.0404,0.0405,949692.1
2026-02-20 05:00:00,0.0404,0.0408,0.0403,0.0407,115810.5
2026-02-20 06:00:00,0.0407,0.0407,0.0401,0.0401,105415.6
2026-02-20 07:00:00,0.0401,0.0404,0.0399,0.0403,130643.6
2026-02-20 08:00:00,0.0405,0.0406,0.0397,0.0398,647835.4
2026-02-20 09:00:00,0.0398,0.0398,0.0394,0.0394,317005.8
2026-02-20 10:00:00,0.0394,0.0397,0.0393,0.0393,298216.3
2026-02-20 11:00:00,0.0393,0.0393,0.0383,0.0386,491545.8
2026-02-20 12:00:00,0.0386,0.0389,0.0384,0.0387,956842.9
2026-02-20 13:00:00,0.0386,0.0386,0.0379,0.0381,330013.6
2026-02-20 14:00:00,0.038,0.0394,0.038,0.0391,1058952.5
2026-02-20 15:00:00,0.0392,0.0398,0.0392,0.0397,540094.2
2026-02-20 16:00:00,0.0397,0.0405,0.0396,0.0397,656400.7
2026-02-20 17:00:00,0.0397,0.0398,0.039,0.0396,597980.7
2026-02-20 18:00:00,0.0396,0.04,0.0394,0.0399,373408.0
2026-02-20 19:00:00,0.04,0.04,0.0395,0.0398,291774.4
2026-02-20 20:00:00,0.0398,0.0404,0.0396,0.04,372704.9
2026-02-20 21:00:00,0.04,0.0404,0.04,0.0404,75351.1
2026-02-20 22:00:00,0.0404,0.0409,0.0401,0.0408,226894.5
2026-02-20 23:00:00,0.0408,0.041,0.0406,0.0409,141887.5
2026-02-21 00:00:00,0.0409,0.0411,0.0403,0.0403,441321.7
2026-02-21 01:00:00,0.0403,0.0409,0.0403,0.0407,212778.1
2026-02-21 02:00:00,0.0404,0.0407,0.0402,0.0407,516157.1
2026-02-21 03:00:00,0.0406,0.0407,0.04,0.0402,932321.8
2026-02-21 04:00:00,0.0402,0.0402,0.04,0.0402,111458.4
2026-02-21 05:00:00,0.0403,0.0406,0.0402,0.0406,127818.8
2026-02-21 06:00:00,0.0406,0.041,0.0406,0.0408,299150.7
2026-02-21 07:00:00,0.0408,0.0412,0.0408,0.041,75292.6
2026-02-21 08:00:00,0.0409,0.0409,0.0406,0.0408,178476.3
2026-02-21 09:00:00,0.0409,0.041,0.0408,0.0408,191241.9
2026-02-21 10:00:00,0.041,0.041,0.0404,0.0404,223076.1
2026-02-21 11:00:00,0.0404,0.0405,0.0398,0.04,906330.2
2026-02-21 12:00:00,0.04,0.04,0.039,0.0391,512853.8
2026-02-21 13:00:00,0.0392,0.0394,0.0389,0.039,571701.3
2026-02-21 14:00:00,0.039,0.0392,0.0386,0.0386,595976.4
2026-02-21 15:00:00,0.0386,0.0388,0.0379,0.0386,1621885.0
2026-02-21 16:00:00,0.0387,0.0391,0.0384,0.0389,1101555.7
2026-02-21 17:00:00,0.0389,0.039,0.0388,0.039,99813.6
2026-02-21 18:00:00,0.0388,0.0389,0.0387,0.0388,16933.0
2026-02-21 19:00:00,0.0386,0.0388,0.0384,0.0384,9040.3
2026-02-21 20:00:00,0.0385,0.0389,0.0383,0.0384,78710.6
2026-02-21 21:00:00,0.0383,0.0385,0.0383,0.0383,33226.0
2026-02-21 22:00:00,0.0384,0.0385,0.0383,0.0385,73566.0
2026-02-21 23:00:00,0.0386,0.0386,0.0384,0.0385,16051.9
2026-02-22 00:00:00,0.0386,0.0388,0.0382,0.0384,163086.1
2026-02-22 01:00:00,0.0385,0.0386,0.0385,0.0385,117348.3
2026-02-22 02:00:00,0.0385,0.0387,0.0385,0.0386,87387.8
2026-02-22 03:00:00,0.0386,0.0387,0.0384,0.0385,108332.2
2026-02-22 04:00:00,0.0385,0.0386,0.0382,0.0384,80985.3
2026-02-22 05:00:00,0.0384,0.0387,0.0384,0.0386,23768.0
2026-02-22 06:00:00,0.0385,0.0385,0.0382,0.0385,164723.8
2026-02-22 07:00:00,0.0386,0.0388,0.0386,0.0388,68275.8
2026-02-22 08:00:00,0.0388,0.0391,0.0387,0.0389,101758.2
2026-02-22 09:00:00,0.0389,0.0394,0.0388,0.0393,97260.5
2026-02-22 10:00:00,0.0392,0.0394,0.0391,0.0391,96331.5
2026-02-22 11:00:00,0.039,0.0391,0.0387,0.0388,124426.7
2026-02-22 12:00:00,0.0388,0.0388,0.0387,0.0388,11181.0
2026-02-22 13:00:00,0.0387,0.0397,0.0386,0.0386,2316698.3
2026-02-22 14:00:00,0.0386,0.0393,0.0386,0.0389,218934.2
2026-02-22 15:00:00,0.0388,0.0393,0.0387,0.0391,59902.8
2026-02-22 16:00:00,0.039,0.039,0.0378,0.0379,1881924.2
2026-02-22 17:00:00,0.0379,0.0382,0.0378,0.0379,243283.6
2026-02-22 18:00:00,0.0379,0.0379,0.0377,0.0377,172803.3
2026-02-22 19:00:00,0.0378,0.038,0.0378,0.0379,67442.1
2026-02-22 20:00:00,0.0379,0.038,0.0377,0.0378,46073.3
2026-02-22 21:00:00,0.0377,0.038,0.0377,0.038,55806.4
2026-02-22 22:00:00,0.038,0.0383,0.0379,0.0382,40754.6
2026-02-22 23:00:00,0.0381,0.0383,0.0381,0.0382,32249.5
2026-02-23 00:00:00,0.0382,0.0383,0.038,0.038,63305.9
2026-02-23 01:00:00,0.0378,0.0379,0.0371,0.0371,1391289.0
2026-02-23 02:00:00,0.0371,0.0379,0.0371,0.0376,535836.8
2026-02-23 03:00:00,0.0376,0.0376,0.0373,0.0374,182633.1
2026-02-23 04:00:00,0.0374,0.0377,0.0373,0.0375,64705.4
2026-02-23 05:00:00,0.0374,0.0377,0.0374,0.0376,13790.0
2026-02-23 06:00:00,0.0375,0.0404,0.0375,0.0403,2942912.6
2026-02-23 07:00:00,0.0404,0.0407,0.0384,0.0387,2861425.7
2026-02-23 08:00:00,0.0385,0.0394,0.0383,0.0392,683950.1
2026-02-23 09:00:00,0.0391,0.0394,0.0388,0.039,371919.7
2026-02-23 10:00:00,0.0391,0.0396,0.0391,0.0394,209061.4
2026-02-23 11:00:00,0.0394,0.0397,0.0394,0.0396,107006.1
2026-02-23 12:00:00,0.0393,0.0397,0.0392,0.0395,246577.6
2026-02-23 13:00:00,0.0392,0.0393,0.0389,0.0391,522567.0
2026-02-23 14:00:00,0.0391,0.0391,0.037,0.0379,2456651.5
2026-02-23 15:00:00,0.038,0.0381,0.0377,0.0378,184278.6
2026-02-23 16:00:00,0.0378,0.0378,0.0377,0.0377,118287.4
2026-02-23 17:00:00,0.0377,0.0378,0.0375,0.0378,162095.6
2026-02-23 18:00:00,0.0377,0.0379,0.0376,0.0376,55066.5
2026-02-23 19:00:00,0.0377,0.0377,0.0372,0.0373,82938.6
2026-02-23 20:00:00,0.0372,0.0374,0.0369,0.0373,155972.9
2026-02-23 21:00:00,0.0373,0.0374,0.0373,0.0373,245692.5
2026-02-23 22:00:00,0.0373,0.0374,0.0368,0.0369,323053.8
2026-02-23 23:00:00,0.0371,0.0371,0.0369,0.0371,159065.8
2026-02-24 00:00:00,0.0372,0.0376,0.0372,0.0374,249936.5
2026-02-24 01:00:00,0.0374,0.0377,0.037,0.0374,130150.5
2026-02-24 02:00:00,0.0374,0.0376,0.0373,0.0376,23396.5
2026-02-24 03:00:00,0.0376,0.0376,0.0374,0.0376,42027.4
2026-02-24 04:00:00,0.0376,0.0381,0.0375,0.038,247636.7
2026-02-24 05:00:00,0.0379,0.0382,0.0372,0.0374,439292.5
2026-02-24 06:00:00,0.0373,0.0378,0.0371,0.0372,713963.6
2026-02-24 07:00:00,0.0372,0.0375,0.0368,0.0373,324228.1
2026-02-24 08:00:00,0.0373,0.0375,0.037,0.0373,564783.6
2026-02-24 09:00:00,0.0373,0.0376,0.037,0.0373,357657.1
2026-02-24 10:00:00,0.0373,0.0383,0.0372,0.0383,778408.4
2026-02-24 11:00:00,0.0383,0.0388,0.0383,0.0385,695167.6
2026-02-24 12:00:00,0.0385,0.0385,0.0382,0.0383,189794.2
2026-02-24 13:00:00,0.0384,0.0384,0.038,0.0384,42406.0
2026-02-24 14:00:00,0.0383,0.0386,0.0381,0.0386,97887.7
2026-02-24 15:00:00,0.0385,0.0391,0.0385,0.0389,233829.9
2026-02-24 16:00:00,0.039,0.0391,0.0386,0.0389,128251.2
2026-02-24 17:00:00,0.0389,0.0392,0.0389,0.0392,37236.8
2026-02-24 18:00:00,0.0392,0.0395,0.039,0.0394,32081.7
2026-02-24 19:00:00,0.0395,0.0395,0.0392,0.0393,24957.9
2026-02-24 20:00:00,0.0392,0.0394,0.0387,0.039,452067.8
2026-02-24 21:00:00,0.039,0.0395,0.0389,0.0395,114884.8
2026-02-24 22:00:00,0.0394,0.0396,0.0393,0.0394,67647.2
2026-02-24 23:00:00,0.0394,0.0396,0.0393,0.0394,114660.8
2026-02-25 00:00:00,0.0394,0.0397,0.0391,0.0391,288057.8
2026-02-25 01:00:00,0.0391,0.04,0.0391,0.0398,380096.3
2026-02-25 02:00:00,0.0399,0.04,0.0397,0.0399,226559.0
2026-02-25 03:00:00,0.0399,0.0401,0.0398,0.04,169997.2
2026-02-25 04:00:00,0.0399,0.0399,0.0395,0.0398,20925.5
2026-02-25 05:00:00,0.0398,0.04,0.0395,0.0396,80752.3
2026-02-25 06:00:00,0.0397,0.0406,0.0397,0.0401,381711.0
2026-02-25 07:00:00,0.0402,0.0408,0.04,0.0408,227714.2
2026-02-25 08:00:00,0.0408,0.0415,0.0407,0.0413,393441.7
2026-02-25 09:00:00,0.0413,0.042,0.0412,0.0414,431757.0
2026-02-25 10:00:00,0.0415,0.0417,0.0412,0.0413,239260.3
2026-02-25 11:00:00,0.0413,0.0413,0.0402,0.0409,1146542.2
2026-02-25 12:00:00,0.041,0.0411,0.0405,0.0409,678255.7
2026-02-25 13:00:00,0.0409,0.0417,0.0409,0.0417,56333.0
2026-02-25 14:00:00,0.0415,0.0418,0.0414,0.0416,120598.1
2026-02-25 15:00:00,0.0417,0.0418,0.0408,0.0409,661136.0
2026-02-25 16:00:00,0.0409,0.0413,0.0408,0.0409,188808.1
2026-02-25 17:00:00,0.0408,0.041,0.0403,0.0403,99438.2
2026-02-25 18:00:00,0.0403,0.0404,0.0396,0.0397,588960.6
2026-02-25 19:00:00,0.0396,0.0397,0.0391,0.0392,417813.2
2026-02-25 20:00:00,0.039,0.0394,0.0387,0.0387,259515.4
2026-02-25 21:00:00,0.0387,0.039,0.0381,0.039,1110939.7
2026-02-25 22:00:00,0.0391,0.0392,0.0388,0.0391,217438.5
2026-02-25 23:00:00,0.0391,0.0394,0.0389,0.0393,226773.5
2026-02-26 00:00:00,0.0394,0.0396,0.0391,0.0396,158229.5
2026-02-26 01:00:00,0.0396,0.0399,0.0396,0.0397,138498.3
2026-02-26 02:00:00,0.0395,0.0395,0.0392,0.0392,51977.0
2026-02-26 03:00:00,0.0393,0.0396,0.0393,0.0396,32566.8
2026-02-26 04:00:00,0.0396,0.0396,0.0391,0.0392,260252.2
2026-02-26 05:00:00,0.0392,0.0392,0.0387,0.039,110712.8
2026-02-26 06:00:00,0.039,0.0392,0.0387,0.0388,73584.5
2026-02-26 07:00:00,0.0388,0.039,0.0385,0.0387,526449.6
2026-02-26 08:00:00,0.0388,0.0392,0.0388,0.039,188664.0
2026-02-26 09:00:00,0.039,0.0393,0.039,0.0391,211203.2
2026-02-26 10:00:00,0.039,0.039,0.0384,0.0389,235505.4
2026-02-26 11:00:00,0.0388,0.0389,0.0387,0.0388,55586.8
2026-02-26 12:00:00,0.0388,0.0392,0.0387,0.0392,66027.0
2026-02-26 13:00:00,0.0392,0.0392,0.0388,0.0388,71957.0
2026-02-26 14:00:00,0.0388,0.0389,0.0381,0.0386,489262.8
2026-02-26 15:00:00,0.0386,0.0388,0.0378,0.0384,1141322.6
2026-02-26 16:00:00,0.0384,0.0385,0.0379,0.038,405451.1
2026-02-26 17:00:00,0.0381,0.0383,0.038,0.0382,112622.2
2026-02-26 18:00:00,0.0382,0.0388,0.0382,0.0388,147503.3
2026-02-26 19:00:00,0.0388,0.0392,0.0388,0.039,211123.2
2026-02-26 20:00:00,0.0389,0.039,0.0387,0.0387,43565.9
2026-02-26 21:00:00,0.0388,0.039,0.0387,0.039,57245.1
2026-02-26 22:00:00,0.039,0.0406,0.039,0.0397,2665463.0
2026-02-26 23:00:00,0.0397,0.0401,0.0395,0.0398,202965.0
2026-02-27 00:00:00,0.0399,0.0401,0.0394,0.04,206700.3
2026-02-27 01:00:00,0.0399,0.0401,0.0396,0.0397,48517.0
2026-02-27 02:00:00,0.0396,0.04,0.0394,0.0394,524152.3
2026-02-27 03:00:00,0.0394,0.0396,0.0389,0.039,369562.2
2026-02-27 04:00:00,0.0391,0.0393,0.0386,0.0386,122272.4
2026-02-27 05:00:00,0.0386,0.0392,0.0386,0.0392,128738.8
2026-02-27 06:00:00,0.0391,0.0392,0.0389,0.039,123329.4
2026-02-27 07:00:00,0.039,0.039,0.0387,0.0389,36591.6
2026-02-27 08:00:00,0.0388,0.0388,0.0385,0.0387,545524.3
2026-02-27 09:00:00,0.0386,0.0389,0.0386,0.0388,107598.8
2026-02-27 10:00:00,0.0388,0.0388,0.0384,0.0384,693954.8
2026-02-27 11:00:00,0.0383,0.0386,0.038,0.0382,204532.1
2026-02-27 12:00:00,0.0383,0.0385,0.0381,0.0383,281974.2
2026-02-27 13:00:00,0.0384,0.0384,0.0378,0.0382,181225.6
2026-02-27 14:00:00,0.0382,0.0384,0.0378,0.038,698609.4
2026-02-27 15:00:00,0.0381,0.0383,0.0379,0.0382,224207.0
2026-02-27 16:00:00,0.0382,0.0383,0.038,0.0382,62315.2
2026-02-27 17:00:00,0.0382,0.0382,0.0376,0.038,244173.4
2026-02-27 18:00:00,0.038,0.0381,0.0378,0.0378,119258.7
2026-02-27 19:00:00,0.0377,0.0377,0.0375,0.0377,45656.7
2026-02-27 20:00:00,0.0378,0.0379,0.0376,0.0377,179343.3
2026-02-27 21:00:00,0.0377,0.0379,0.0376,0.0377,104914.8
2026-02-27 22:00:00,0.0377,0.0379,0.037,0.0376,732507.9
2026-02-27 23:00:00,0.0376,0.0376,0.0374,0.0375,142086.2
2026-02-28 00:00:00,0.0377,0.0378,0.0374,0.0377,74777.7
2026-02-28 01:00:00,0.0377,0.0378,0.0373,0.0374,54318.5
2026-02-28 02:00:00,0.0374,0.0376,0.0372,0.0374,244099.0
2026-02-28 03:00:00,0.0374,0.0376,0.0374,0.0375,76689.4
2026-02-28 04:00:00,0.0375,0.0376,0.0372,0.0374,35807.4
2026-02-28 05:00:00,0.0374,0.0378,0.0374,0.0374,67950.6
2026-02-28 06:00:00,0.0374,0.0374,0.0358,0.0359,965539.0
2026-02-28 07:00:00,0.0357,0.0364,0.0354,0.0358,851331.3
2026-02-28 08:00:00,0.0358,0.0359,0.0355,0.0355,178012.0
2026-02-28 09:00:00,0.0356,0.0362,0.0354,0.0358,981826.0
2026-02-28 10:00:00,0.0357,0.0359,0.0355,0.0357,235319.9
2026-02-28 11:00:00,0.0357,0.0361,0.0357,0.0358,147887.2
2026-02-28 12:00:00,0.0359,0.036,0.0358,0.0358,20096.6
2026-02-28 13:00:00,0.036,0.0367,0.0357,0.0366,709751.6
2026-02-28 14:00:00,0.0366,0.0372,0.0363,0.0366,1163772.5
2026-02-28 15:00:00,0.0366,0.0369,0.0363,0.0367,756996.5
2026-02-28 16:00:00,0.0367,0.0373,0.0365,0.0372,242494.9
2026-02-28 17:00:00,0.0373,0.0373,0.0369,0.037,219655.5
2026-02-28 18:00:00,0.037,0.0374,0.037,0.0373,39374.5
2026-02-28 19:00:00,0.0373,0.0374,0.037,0.0372,62807.8
2026-02-28 20:00:00,0.0373,0.0377,0.0369,0.037,2218107.9
2026-02-28 21:00:00,0.0369,0.0369,0.0364,0.0366,170497.4
2026-02-28 22:00:00,0.0366,0.0369,0.0366,0.0366,152079.4
2026-02-28 23:00:00,0.0366,0.0366,0.0363,0.0364,144902.6
2026-03-01 00:00:00,0.0365,0.0366,0.0362,0.0363,45283.2
2026-03-01 01:00:00,0.0363,0.0369,0.0361,0.0366,326285.8
2026-03-01 02:00:00,0.0367,0.0369,0.0365,0.0368,356115.4
2026-03-01 03:00:00,0.0369,0.0369,0.0359,0.0361,540038.2
2026-03-01 04:00:00,0.0362,0.0365,0.0361,0.0364,823598.0
2026-03-01 05:00:00,0.0363,0.0364,0.0361,0.0362,207734.4
2026-03-01 06:00:00,0.0362,0.0362,0.0358,0.036,71983.6
2026-03-01 07:00:00,0.0361,0.0364,0.036,0.0364,51191.5
2026-03-01 08:00:00,0.0363,0.0364,0.0361,0.0361,115940.9
2026-03-01 09:00:00,0.0361,0.0362,0.0358,0.0358,193796.1
2026-03-01 10:00:00,0.0358,0.0361,0.0358,0.0358,262952.9
2026-03-01 11:00:00,0.0359,0.0361,0.0358,0.0359,180439.3
2026-03-01 12:00:00,0.0359,0.0359,0.0354,0.0354,107312.7
2026-03-01 13:00:00,0.0354,0.0357,0.0352,0.0355,147088.2
2026-03-01 14:00:00,0.0355,0.0355,0.0351,0.0353,32817.8
2026-03-01 15:00:00,0.0352,0.0354,0.0349,0.035,440048.0
2026-03-01 16:00:00,0.035,0.0352,0.0346,0.0349,319828.6
2026-03-01 17:00:00,0.0349,0.0349,0.0341,0.0343,440382.6
2026-03-01 18:00:00,0.0342,0.036,0.0342,0.0354,3353652.1
2026-03-01 19:00:00,0.0353,0.0357,0.0351,0.0355,512056.6
2026-03-01 20:00:00,0.0355,0.0358,0.0352,0.0357,174694.9
2026-03-01 21:00:00,0.0357,0.0373,0.0357,0.0371,2775849.6
2026-03-01 22:00:00,0.0369,0.0376,0.0362,0.0368,2167320.5
2026-03-01 23:00:00,0.0368,0.0375,0.0368,0.0371,934613.8
2026-03-02 00:00:00,0.037,0.0376,0.037,0.0372,313765.0
2026-03-02 01:00:00,0.0373,0.0373,0.0367,0.0369,402638.8
2026-03-02 02:00:00,0.0368,0.0375,0.0367,0.0369,633850.2
2026-03-02 03:00:00,0.0369,0.0374,0.0368,0.0374,138637.2
2026-03-02 04:00:00,0.0372,0.0373,0.0368,0.0368,236622.0
2026-03-02 05:00:00,0.0368,0.0371,0.0363,0.0367,705847.7
2026-03-02 06:00:00,0.0366,0.0366,0.0364,0.0364,338053.5
2026-03-02 07:00:00,0.0364,0.0366,0.0361,0.0363,233090.6
2026-03-02 08:00:00,0.0363,0.0363,0.0359,0.0362,488970.0
2026-03-02 09:00:00,0.0363,0.0363,0.0359,0.036,231320.3
2026-03-02 10:00:00,0.0361,0.0361,0.0358,0.0358,88520.2
2026-03-02 11:00:00,0.0358,0.036,0.035,0.036,2251204.6
2026-03-02 12:00:00,0.0362,0.0362,0.0359,0.0361,162568.3
2026-03-02 13:00:00,0.0361,0.0363,0.036,0.036,224462.7
2026-03-02 14:00:00,0.0361,0.0369,0.0361,0.0367,927595.5
2026-03-02 15:00:00,0.037,0.0373,0.0368,0.0372,255799.9
2026-03-02 16:00:00,0.0372,0.0372,0.0368,0.0368,455706.3
2026-03-02 17:00:00,0.0368,0.0369,0.0364,0.0368,824242.0
2026-03-02 18:00:00,0.0369,0.0369,0.0364,0.0365,168566.4
2026-03-02 19:00:00,0.0362,0.0364,0.036,0.036,157200.8
2026-03-02 20:00:00,0.036,0.0362,0.0358,0.0358,182929.4
2026-03-02 21:00:00,0.0357,0.0358,0.0354,0.0358,58181.9
2026-03-02 22:00:00,0.0358,0.0358,0.0356,0.0356,43945.6
2026-03-02 23:00:00,0.0358,0.0358,0.0355,0.0355,132933.4
2026-03-03 00:00:00,0.0356,0.0358,0.0353,0.0356,383191.0
2026-03-03 01:00:00,0.0355,0.0361,0.0354,0.0358,184445.6
2026-03-03 02:00:00,0.0358,0.0358,0.0354,0.0355,34491.1
2026-03-03 03:00:00,0.0354,0.0355,0.0352,0.0355,316859.4
2026-03-03 04:00:00,0.0356,0.0357,0.0351,0.0352,606926.9
2026-03-03 05:00:00,0.0352,0.0356,0.0352,0.0354,157322.0
2026-03-03 06:00:00,0.0353,0.036,0.0353,0.0359,146469.0
2026-03-03 07:00:00,0.0361,0.0362,0.0359,0.036,72644.0
2026-03-03 08:00:00,0.036,0.036,0.0356,0.0359,561844.3
2026-03-03 09:00:00,0.036,0.0361,0.0357,0.0359,224510.2
2026-03-03 10:00:00,0.0358,0.036,0.0355,0.036,61636.6
2026-03-03 11:00:00,0.0363,0.0364,0.036,0.0363,95328.4
2026-03-03 12:00:00,0.0364,0.0368,0.0362,0.0363,751044.3
2026-03-03 13:00:00,0.0364,0.0365,0.036,0.0362,244839.8
2026-03-03 14:00:00,0.0361,0.0363,0.0357,0.0359,329790.1
2026-03-03 15:00:00,0.0359,0.0365,0.0357,0.0364,573397.1
2026-03-03 16:00:00,0.0364,0.0364,0.0358,0.0361,214793.5
2026-03-03 17:00:00,0.0362,0.0368,0.036,0.0366,320327.9
2026-03-03 18:00:00,0.0364,0.037,0.0364,0.0368,180443.2
2026-03-03 19:00:00,0.0368,0.037,0.0365,0.0365,260029.2
2026-03-03 20:00:00,0.0365,0.0367,0.0365,0.0365,68645.9
2026-03-03 21:00:00,0.0365,0.0369,0.0365,0.0365,168144.2
2026-03-03 22:00:00,0.0366,0.0368,0.0366,0.0367,15410.8
2026-03-03 23:00:00,0.0368,0.0369,0.0365,0.0365,103563.6
2026-03-04 00:00:00,0.0365,0.0366,0.0365,0.0365,20369.0
2026-03-04 01:00:00,0.0365,0.0366,0.0364,0.0364,87816.4
2026-03-04 02:00:00,0.0363,0.0365,0.0362,0.0363,159274.1
2026-03-04 03:00:00,0.0363,0.0366,0.0358,0.0365,328654.8
2026-03-04 04:00:00,0.0365,0.0365,0.0362,0.0362,547653.5
2026-03-04 05:00:00,0.0362,0.0362,0.0361,0.0361,58844.5
2026-03-04 06:00:00,0.0361,0.0362,0.0359,0.0359,99559.3
2026-03-04 07:00:00,0.0359,0.0361,0.0358,0.0361,204065.9
2026-03-04 08:00:00,0.0361,0.0362,0.0358,0.036,642891.2
2026-03-04 09:00:00,0.0361,0.0368,0.0361,0.0367,221549.0
2026-03-04 10:00:00,0.0364,0.0366,0.0361,0.0361,22114.0
2026-03-04 11:00:00,0.0362,0.0367,0.0359,0.0366,142720.2
2026-03-04 12:00:00,0.0367,0.037,0.0365,0.0368,320340.5
2026-03-04 13:00:00,0.0368,0.0372,0.0367,0.0368,365854.2
2026-03-04 14:00:00,0.037,0.0376,0.037,0.0375,184475.5
2026-03-04 15:00:00,0.0378,0.0382,0.0375,0.0379,530877.2
2026-03-04 16:00:00,0.038,0.0381,0.0377,0.0379,233027.7
2026-03-04 17:00:00,0.038,0.0387,0.0377,0.0386,296230.2
2026-03-04 18:00:00,0.0386,0.0399,0.0385,0.0399,869999.5
2026-03-04 19:00:00,0.0398,0.0413,0.0397,0.0409,1360462.5
2026-03-04 20:00:00,0.0411,0.0419,0.0406,0.0416,2789822.6
2026-03-04 21:00:00,0.0416,0.0421,0.041,0.0413,3324802.1
2026-03-04 22:00:00,0.0413,0.0419,0.0406,0.0412,1253715.8
2026-03-04 23:00:00,0.0413,0.0417,0.0395,0.04,2371342.2
2026-03-05 00:00:00,0.04,0.0401,0.0388,0.0395,1170190.1
2026-03-05 01:00:00,0.0395,0.0398,0.0385,0.039,490977.5
2026-03-05 02:00:00,0.0389,0.0392,0.0388,0.0388,123823.8
2026-03-05 03:00:00,0.0388,0.0396,0.0388,0.0396,170443.6
2026-03-05 04:00:00,0.0396,0.04,0.0392,0.0393,312075.6
2026-03-05 05:00:00,0.0393,0.0395,0.0386,0.0395,702973.6
2026-03-05 06:00:00,0.0396,0.0403,0.0394,0.0401,223951.6
2026-03-05 07:00:00,0.04,0.0415,0.0397,0.0411,1796972.8
2026-03-05 08:00:00,0.0412,0.0414,0.0403,0.041,2610965.6
2026-03-05 09:00:00,0.041,0.0415,0.0401,0.0414,1642249.3
2026-03-05 10:00:00,0.0412,0.0415,0.0405,0.0407,2517648.2
2026-03-05 11:00:00,0.0406,0.0412,0.0403,0.0407,994254.0
2026-03-05 12:00:00,0.0407,0.0411,0.0402,0.0404,1197561.9
2026-03-05 13:00:00,0.0403,0.0408,0.0398,0.0405,515900.2
2026-03-05 14:00:00,0.0405,0.0411,0.0404,0.0409,532636.6
2026-03-05 15:00:00,0.041,0.041,0.0404,0.0409,384902.8
2026-03-05 16:00:00,0.0407,0.0412,0.0405,0.0411,387584.5
2026-03-05 17:00:00,0.0411,0.0412,0.0408,0.0409,396668.2
2026-03-05 18:00:00,0.0409,0.0419,0.0409,0.0418,644792.3
2026-03-05 19:00:00,0.0419,0.0421,0.0413,0.0414,216371.6
2026-03-05 20:00:00,0.0413,0.0417,0.0413,0.0413,188882.7
2026-03-05 21:00:00,0.0413,0.0414,0.0408,0.041,265392.1
2026-03-05 22:00:00,0.041,0.0411,0.0406,0.0407,60092.8
2026-03-05 23:00:00,0.0407,0.041,0.0405,0.0408,173736.0
2026-03-06 00:00:00,0.0408,0.0408,0.04,0.0401,198617.3
2026-03-06 01:00:00,0.04,0.0402,0.0396,0.0401,333968.5
2026-03-06 02:00:00,0.0401,0.0405,0.0398,0.0404,628092.8
2026-03-06 03:00:00,0.0404,0.0408,0.0402,0.0405,205277.6
2026-03-06 04:00:00,0.0403,0.0417,0.0403,0.0413,1171336.3
2026-03-06 05:00:00,0.0413,0.0417,0.0407,0.0417,749168.5
2026-03-06 06:00:00,0.0417,0.0419,0.041,0.0414,1960829.3
2026-03-06 07:00:00,0.0414,0.0416,0.0412,0.0414,143978.6
2026-03-06 08:00:00,0.0413,0.0413,0.0408,0.0412,541003.5
2026-03-06 09:00:00,0.0412,0.0418,0.0409,0.0418,595224.1
2026-03-06 10:00:00,0.0418,0.042,0.0415,0.0418,248710.0
2026-03-06 11:00:00,0.0417,0.0426,0.0417,0.0419,2826564.3
2026-03-06 12:00:00,0.0419,0.042,0.0411,0.0411,483251.4
2026-03-06 13:00:00,0.0411,0.0413,0.0392,0.0403,1983851.4
2026-03-06 14:00:00,0.0403,0.0409,0.0402,0.0405,427143.0
2026-03-06 15:00:00,0.0406,0.0418,0.0405,0.0411,759085.1
2026-03-06 16:00:00,0.0411,0.0412,0.0409,0.041,336242.7
2026-03-06 17:00:00,0.041,0.041,0.0406,0.0408,252295.9
2026-03-06 18:00:00,0.0409,0.0409,0.0407,0.0409,208982.2
2026-03-06 19:00:00,0.0408,0.0412,0.0403,0.0405,539523.8
2026-03-06 20:00:00,0.0405,0.0407,0.0404,0.0407,86243.1
2026-03-06 21:00:00,0.0407,0.0407,0.0403,0.0404,122808.0
2026-03-06 22:00:00,0.0403,0.0406,0.0403,0.0406,266625.1
2026-03-06 23:00:00,0.0405,0.0406,0.04,0.0401,21224.4
2026-03-07 00:00:00,0.0401,0.0403,0.0401,0.0402,70291.3
2026-03-07 01:00:00,0.0401,0.0403,0.0399,0.0401,241482.5
2026-03-07 02:00:00,0.0402,0.0403,0.0397,0.0401,99648.2
2026-03-07 03:00:00,0.0401,0.0402,0.0399,0.0399,94666.0
2026-03-07 04:00:00,0.0399,0.0402,0.0398,0.0401,138620.6
2026-03-07 05:00:00,0.04,0.0417,0.04,0.0417,1697879.5
2026-03-07 06:00:00,0.0417,0.0417,0.0406,0.0406,1136376.6
2026-03-07 07:00:00,0.0406,0.0408,0.0398,0.0399,1155044.0
2026-03-07 08:00:00,0.0399,0.04,0.0398,0.0398,530479.9
2026-03-07 09:00:00,0.0397,0.0397,0.0394,0.0394,192991.9
2026-03-07 10:00:00,0.0394,0.0395,0.0391,0.0391,255856.1
2026-03-07 11:00:00,0.0392,0.0392,0.0388,0.039,676824.6
2026-03-07 12:00:00,0.0392,0.0396,0.0392,0.0396,405872.0
2026-03-07 13:00:00,0.0396,0.0404,0.0396,0.0401,436636.3
2026-03-07 14:00:00,0.0401,0.0404,0.0399,0.0404,306159.6
2026-03-07 15:00:00,0.0404,0.0407,0.0395,0.0403,850828.2
2026-03-07 16:00:00,0.0404,0.041,0.0403,0.0409,240822.7
2026-03-07 17:00:00,0.0409,0.0414,0.0408,0.0413,387514.9
2026-03-07 18:00:00,0.0413,0.0421,0.0411,0.0418,1343262.0
2026-03-07 19:00:00,0.0418,0.0419,0.0391,0.0402,4911712.4
2026-03-07 20:00:00,0.0402,0.0402,0.04,0.0402,66461.3
2026-03-07 21:00:00,0.0403,0.0404,0.0399,0.0399,171805.0
2026-03-07 22:00:00,0.0399,0.0399,0.0392,0.0394,373911.0
2026-03-07 23:00:00,0.0394,0.0406,0.0394,0.0405,383077.4
2026-03-08 00:00:00,0.0405,0.0408,0.0403,0.0403,191316.8
2026-03-08 01:00:00,0.0404,0.0409,0.0403,0.0407,195986.9
2026-03-08 02:00:00,0.0407,0.041,0.0406,0.0409,324449.0
2026-03-08 03:00:00,0.0408,0.0409,0.0402,0.0408,579309.2
2026-03-08 04:00:00,0.0408,0.0412,0.0406,0.0407,339150.1
2026-03-08 05:00:00,0.0407,0.0412,0.0405,0.0406,329388.5
2026-03-08 06:00:00,0.0406,0.0407,0.0404,0.0405,263163.6
2026-03-08 07:00:00,0.0405,0.0408,0.0405,0.0406,40110.7
2026-03-08 08:00:00,0.0408,0.0409,0.0406,0.0409,84387.6
2026-03-08 09:00:00,0.0409,0.0409,0.0405,0.0405,102418.4
2026-03-08 10:00:00,0.0405,0.0405,0.0397,0.0398,362778.6
2026-03-08 11:00:00,0.0396,0.04,0.0395,0.0398,179468.3
2026-03-08 12:00:00,0.0399,0.0401,0.0398,0.04,95108.5
2026-03-08 13:00:00,0.0401,0.0401,0.0399,0.0401,161146.3
2026-03-08 14:00:00,0.0402,0.0405,0.04,0.0403,40745.7
2026-03-08 15:00:00,0.0403,0.0404,0.0401,0.0403,121289.0
2026-03-08 16:00:00,0.0403,0.0405,0.0396,0.0396,1017629.1
2026-03-08 17:00:00,0.0397,0.0398,0.0393,0.0393,257401.9
2026-03-08 18:00:00,0.0392,0.0392,0.0385,0.0388,581787.2
2026-03-08 19:00:00,0.0389,0.0402,0.0389,0.0399,449381.0
2026-03-08 20:00:00,0.0399,0.0404,0.0397,0.0401,943226.6
2026-03-08 21:00:00,0.0402,0.0402,0.0398,0.0398,80569.9
2026-03-08 22:00:00,0.0396,0.04,0.0395,0.0399,299078.5
2026-03-08 23:00:00,0.0399,0.0399,0.0395,0.0397,112185.1
2026-03-09 00:00:00,0.0397,0.0404,0.0396,0.0401,273925.2
2026-03-09 01:00:00,0.04,0.0404,0.0399,0.0399,133780.4
2026-03-09 02:00:00,0.0399,0.0403,0.0398,0.04,741469.6
2026-03-09 03:00:00,0.04,0.0405,0.0399,0.0405,234988.2
2026-03-09 04:00:00,0.0404,0.0404,0.04,0.04,59112.6
2026-03-09 05:00:00,0.0399,0.0399,0.0392,0.0395,1071533.3
2026-03-09 06:00:00,0.0394,0.0402,0.0386,0.04,1382807.1
2026-03-09 07:00:00,0.04,0.0414,0.0391,0.0394,2733554.6
2026-03-09 08:00:00,0.0395,0.0396,0.0392,0.0394,202784.5
2026-03-09 09:00:00,0.0393,0.0399,0.0391,0.0396,458307.2
2026-03-09 10:00:00,0.0397,0.0398,0.0391,0.0392,188237.4
2026-03-09 11:00:00,0.0393,0.0394,0.0391,0.0392,235704.9
2026-03-09 12:00:00,0.0393,0.0398,0.0393,0.0398,61842.6
2026-03-09 13:00:00,0.0397,0.0399,0.0394,0.0396,114670.7
2026-03-09 14:00:00,0.0396,0.0396,0.0389,0.039,586886.4
2026-03-09 15:00:00,0.039,0.0394,0.0372,0.0393,3949780.0
2026-03-09 16:00:00,0.0391,0.0392,0.0386,0.0386,283744.6
2026-03-09 17:00:00,0.0385,0.0386,0.0382,0.0382,91191.3
2026-03-09 18:00:00,0.0381,0.0382,0.0378,0.0378,204657.3
2026-03-09 19:00:00,0.0379,0.0381,0.0376,0.0377,273939.7
2026-03-09 20:00:00,0.0377,0.039,0.0377,0.039,265896.8
2026-03-09 21:00:00,0.0389,0.0393,0.0389,0.0392,114479.4
2026-03-09 22:00:00,0.0392,0.0393,0.0388,0.0388,217561.5
2026-03-09 23:00:00,0.0388,0.0389,0.0382,0.0382,73688.7
2026-03-10 00:00:00,0.0384,0.0384,0.0378,0.0384,123698.5
2026-03-10 01:00:00,0.0383,0.0389,0.0381,0.0389,206835.5
2026-03-10 02:00:00,0.0389,0.039,0.0387,0.0387,203467.6
2026-03-10 03:00:00,0.0387,0.0388,0.0382,0.0385,603342.5
2026-03-10 04:00:00,0.0385,0.0385,0.0382,0.0382,123632.7
2026-03-10 05:00:00,0.0383,0.0386,0.0383,0.0386,51644.6
2026-03-10 06:00:00,0.0386,0.0392,0.0386,0.0391,71966.8
2026-03-10 07:00:00,0.039,0.0391,0.0389,0.039,39954.6
2026-03-10 08:00:00,0.0388,0.0388,0.0386,0.0388,66094.3
2026-03-10 09:00:00,0.039,0.0392,0.0387,0.039,69324.1
2026-03-10 10:00:00,0.0389,0.0391,0.0384,0.0385,97211.5
2026-03-10 11:00:00,0.0386,0.039,0.0384,0.0387,279277.6
2026-03-10 12:00:00,0.0387,0.0387,0.0382,0.0385,316699.3
2026-03-10 13:00:00,0.0383,0.0395,0.0383,0.0388,491036.2
2026-03-10 14:00:00,0.0388,0.0395,0.0383,0.0394,433216.1
2026-03-10 15:00:00,0.0395,0.0395,0.0391,0.0395,377193.9
2026-03-10 16:00:00,0.0394,0.0402,0.0391,0.0397,722367.6
2026-03-10 17:00:00,0.0397,0.0398,0.0395,0.0397,137460.8
2026-03-10 18:00:00,0.0396,0.04,0.0393,0.04,297978.6
2026-03-10 19:00:00,0.0402,0.0406,0.0394,0.0403,1415773.5
2026-03-10 20:00:00,0.0403,0.0407,0.04,0.0405,441519.0
2026-03-10 21:00:00,0.0404,0.0404,0.0397,0.0398,698528.3
2026-03-10 22:00:00,0.0399,0.0402,0.0397,0.04,195148.9
2026-03-10 23:00:00,0.04,0.0402,0.04,0.0402,33574.0
2026-03-11 00:00:00,0.0402,0.0404,0.0401,0.0404,41538.2
2026-03-11 01:00:00,0.0404,0.0405,0.0402,0.0402,58906.6
2026-03-11 02:00:00,0.0401,0.0402,0.0396,0.0397,160521.1
2026-03-11 03:00:00,0.0398,0.0401,0.0397,0.04,69091.3
2026-03-11 04:00:00,0.04,0.0404,0.0399,0.04,112028.1
2026-03-11 05:00:00,0.04,0.04,0.0394,0.0395,138599.4
2026-03-11 06:00:00,0.0395,0.0395,0.039,0.0391,259213.8
2026-03-11 07:00:00,0.0389,0.0389,0.0387,0.0388,35123.7
2026-03-11 08:00:00,0.0388,0.0391,0.0387,0.0388,19943.0
2026-03-11 09:00:00,0.0389,0.039,0.0389,0.0389,10152.7
2026-03-11 10:00:00,0.039,0.0394,0.039,0.0393,76090.7
2026-03-11 11:00:00,0.0393,0.0394,0.0391,0.0391,162374.4
2026-03-11 12:00:00,0.0391,0.0397,0.039,0.0395,744091.5
2026-03-11 13:00:00,0.0396,0.0398,0.0392,0.0393,296286.5
2026-03-11 14:00:00,0.0394,0.0396,0.0389,0.0391,545401.7
2026-03-11 15:00:00,0.0391,0.0395,0.039,0.0395,224054.8
2026-03-11 16:00:00,0.0395,0.04,0.0394,0.0399,509859.2
2026-03-11 17:00:00,0.0399,0.0404,0.0399,0.04,250419.7
2026-03-11 18:00:00,0.04,0.04,0.0395,0.0398,171431.1
2026-03-11 19:00:00,0.0398,0.0399,0.0396,0.0399,183679.6
2026-03-11 20:00:00,0.0398,0.0399,0.0397,0.0399,211116.6
2026-03-11 21:00:00,0.0399,0.04,0.0398,0.0398,68842.7
2026-03-11 22:00:00,0.0399,0.0401,0.0399,0.0401,11895.5
2026-03-11 23:00:00,0.0401,0.0405,0.0401,0.0404,155443.5
2026-03-12 00:00:00,0.0404,0.0404,0.0401,0.0403,80030.1
2026-03-12 01:00:00,0.0403,0.0405,0.04,0.0405,142053.5
2026-03-12 02:00:00,0.0404,0.0411,0.0404,0.0407,183504.3
2026-03-12 03:00:00,0.0409,0.0427,0.0409,0.0421,2173448.6
2026-03-12 04:00:00,0.0422,0.0434,0.0418,0.0428,1889966.5
2026-03-12 05:00:00,0.0427,0.0439,0.0427,0.043,2183219.4
2026-03-12 06:00:00,0.0431,0.0433,0.0407,0.0419,1459249.6
2026-03-12 07:00:00,0.0419,0.0422,0.0408,0.0414,1415612.1
2026-03-12 08:00:00,0.0413,0.0416,0.0406,0.0408,1548339.3
2026-03-12 09:00:00,0.0408,0.0409,0.0402,0.0402,547567.5
2026-03-12 10:00:00,0.0403,0.0408,0.0403,0.0408,359406.9
2026-03-12 11:00:00,0.0409,0.0416,0.0409,0.0411,255170.3
2026-03-12 12:00:00,0.0412,0.0412,0.0387,0.0398,5283714.1
2026-03-12 13:00:00,0.0398,0.0406,0.0396,0.0404,264619.7
2026-03-12 14:00:00,0.0404,0.0418,0.0404,0.0414,492288.7
2026-03-12 15:00:00,0.0413,0.0414,0.0387,0.0398,6573759.5
2026-03-12 16:00:00,0.0397,0.0397,0.038,0.0382,2397884.4
2026-03-12 17:00:00,0.0382,0.0389,0.0381,0.0386,1120991.1
2026-03-12 18:00:00,0.0386,0.0391,0.0386,0.0387,190197.8
2026-03-12 19:00:00,0.0386,0.0388,0.0385,0.0385,70119.9
2026-03-12 20:00:00,0.0385,0.0386,0.0382,0.0383,176472.7
2026-03-12 21:00:00,0.0383,0.0384,0.0377,0.0381,656628.1
2026-03-12 22:00:00,0.0382,0.0382,0.038,0.0381,142625.7
2026-03-12 23:00:00,0.0382,0.0383,0.038,0.0381,109776.4
2026-03-13 00:00:00,0.0381,0.0385,0.0381,0.0382,402996.7
2026-03-13 01:00:00,0.0383,0.0388,0.038,0.0381,1098322.8
2026-03-13 02:00:00,0.0381,0.0386,0.038,0.0384,397005.7
2026-03-13 03:00:00,0.0384,0.0388,0.038,0.0382,749761.4
2026-03-13 04:00:00,0.0382,0.0386,0.038,0.0384,324521.3
2026-03-13 05:00:00,0.0387,0.0388,0.0381,0.0384,437283.7
2026-03-13 06:00:00,0.0384,0.0393,0.0384,0.039,474157.2
2026-03-13 07:00:00,0.0389,0.0399,0.0387,0.0399,900886.1
2026-03-13 08:00:00,0.0397,0.0397,0.0387,0.0389,582788.7
2026-03-13 09:00:00,0.0388,0.039,0.0381,0.0382,520341.6
2026-03-13 10:00:00,0.0381,0.0383,0.0378,0.0379,1281240.3
2026-03-13 11:00:00,0.0379,0.0379,0.0374,0.0376,465398.2
2026-03-13 12:00:00,0.0376,0.0382,0.0375,0.038,328325.0
2026-03-13 13:00:00,0.038,0.0385,0.038,0.0382,142784.5
2026-03-13 14:00:00,0.0382,0.0384,0.0379,0.038,216703.9
2026-03-13 15:00:00,0.0381,0.0387,0.0379,0.0381,762565.2
2026-03-13 16:00:00,0.0381,0.0391,0.038,0.0387,853406.8
2026-03-13 17:00:00,0.0387,0.0388,0.0386,0.0386,101689.3
2026-03-13 18:00:00,0.0386,0.0396,0.0386,0.0396,452521.8
2026-03-13 19:00:00,0.0396,0.0402,0.0393,0.0397,1000627.7
2026-03-13 20:00:00,0.0395,0.0395,0.0384,0.0384,581568.9
2026-03-13 21:00:00,0.0385,0.0386,0.0381,0.0382,246366.6
2026-03-13 22:00:00,0.0381,0.0386,0.038,0.0384,419928.0
2026-03-13 23:00:00,0.0385,0.0389,0.0385,0.0388,186666.8
2026-03-14 00:00:00,0.0387,0.0387,0.0384,0.0385,165909.4
2026-03-14 01:00:00,0.0385,0.0388,0.0384,0.0388,24735.4
2026-03-14 02:00:00,0.0387,0.0392,0.0387,0.039,217206.0
2026-03-14 03:00:00,0.0391,0.0395,0.0391,0.0393,113204.0
2026-03-14 04:00:00,0.0392,0.0393,0.0388,0.0391,90741.1
2026-03-14 05:00:00,0.0391,0.0399,0.0388,0.0396,357064.2
2026-03-14 06:00:00,0.0397,0.0399,0.0389,0.0393,589959.0
2026-03-14 07:00:00,0.0393,0.0395,0.0393,0.0394,90259.4
2026-03-14 08:00:00,0.0395,0.0395,0.0391,0.0393,101140.9
2026-03-14 09:00:00,0.0392,0.0392,0.0386,0.0387,177085.2
2026-03-14 10:00:00,0.0386,0.0386,0.0377,0.0379,489038.4
2026-03-14 11:00:00,0.0378,0.038,0.0376,0.0377,100041.3
2026-03-14 12:00:00,0.0376,0.0379,0.0375,0.0376,192222.8
2026-03-14 13:00:00,0.0377,0.0381,0.0377,0.0381,204813.7
2026-03-14 14:00:00,0.0381,0.0383,0.0377,0.0378,102874.9
2026-03-14 15:00:00,0.0378,0.0379,0.0377,0.0379,126622.6
2026-03-14 16:00:00,0.0378,0.0379,0.0377,0.0377,47880.9
2026-03-14 17:00:00,0.0377,0.0377,0.0366,0.0368,1317587.0
2026-03-14 18:00:00,0.0367,0.0372,0.0366,0.0369,532213.4
2026-03-14 19:00:00,0.037,0.0372,0.0368,0.0372,286569.5
2026-03-14 20:00:00,0.0372,0.0373,0.037,0.037,233441.6
2026-03-14 21:00:00,0.0372,0.0372,0.0367,0.0369,174154.4
2026-03-14 22:00:00,0.0369,0.037,0.0366,0.0367,438188.3
2026-03-14 23:00:00,0.0368,0.0371,0.0368,0.0371,166118.7
2026-03-15 00:00:00,0.0372,0.0372,0.0365,0.0366,244481.7
2026-03-15 01:00:00,0.0366,0.0368,0.0365,0.0367,81862.6
2026-03-15 02:00:00,0.0368,0.0374,0.0367,0.037,681000.7
2026-03-15 03:00:00,0.0371,0.0375,0.0369,0.0373,354953.3
2026-03-15 04:00:00,0.0375,0.0376,0.0372,0.0374,257413.9
2026-03-15 05:00:00,0.0373,0.0373,0.0368,0.0369,63070.2
2026-03-15 06:00:00,0.037,0.0373,0.0368,0.037,178345.4
2026-03-15 07:00:00,0.037,0.0374,0.037,0.0374,113758.6
2026-03-15 08:00:00,0.0372,0.0376,0.0369,0.0372,734364.2
2026-03-15 09:00:00,0.0372,0.0376,0.0372,0.0376,147921.0
2026-03-15 10:00:00,0.0378,0.0387,0.0378,0.038,919650.8
2026-03-15 11:00:00,0.038,0.0383,0.0376,0.0376,221264.4
2026-03-15 12:00:00,0.0376,0.0381,0.0376,0.0379,143236.1
2026-03-15 13:00:00,0.0379,0.0379,0.0372,0.0375,141790.7
2026-03-15 14:00:00,0.0375,0.0376,0.0374,0.0374,124125.5
2026-03-15 15:00:00,0.0374,0.0375,0.0373,0.0374,167161.5
2026-03-15 16:00:00,0.0373,0.0377,0.0372,0.0376,131231.0
2026-03-15 17:00:00,0.0376,0.0377,0.0374,0.0374,206692.1
2026-03-15 18:00:00,0.0375,0.0375,0.0373,0.0375,33544.3
2026-03-15 19:00:00,0.0373,0.0374,0.0372,0.0373,82468.9
2026-03-15 20:00:00,0.0373,0.038,0.0373,0.0379,609586.7
2026-03-15 21:00:00,0.0378,0.0381,0.0377,0.038,90833.0
2026-03-15 22:00:00,0.038,0.0381,0.0377,0.038,85051.5
2026-03-15 23:00:00,0.038,0.038,0.0376,0.0377,34814.6
2026-03-16 00:00:00,0.0377,0.0381,0.0377,0.038,279581.2
2026-03-16 01:00:00,0.038,0.0384,0.0379,0.0383,76460.1
2026-03-16 02:00:00,0.0383,0.0386,0.0383,0.0384,112308.0
2026-03-16 03:00:00,0.0384,0.0387,0.0381,0.0385,204047.5
2026-03-16 04:00:00,0.0385,0.0387,0.0384,0.0386,158223.1
2026-03-16 05:00:00,0.0385,0.0386,0.0384,0.0386,36276.4
2026-03-16 06:00:00,0.0385,0.0387,0.0384,0.0386,23179.1
2026-03-16 07:00:00,0.0386,0.0387,0.038,0.0382,1134919.6
2026-03-16 08:00:00,0.0382,0.0382,0.0377,0.0379,218945.0
2026-03-16 09:00:00,0.038,0.0382,0.0379,0.0382,101061.5
2026-03-16 10:00:00,0.0383,0.0384,0.038,0.0381,112731.6
2026-03-16 11:00:00,0.0381,0.0384,0.0381,0.0383,124694.0
2026-03-16 12:00:00,0.0382,0.0385,0.0382,0.0385,63830.1
2026-03-16 13:00:00,0.0383,0.0384,0.038,0.038,149054.6
2026-03-16 14:00:00,0.038,0.0381,0.0377,0.0381,477808.1
2026-03-16 15:00:00,0.0381,0.0382,0.0379,0.038,254404.5
2026-03-16 16:00:00,0.038,0.0386,0.0379,0.0386,141461.1
2026-03-16 17:00:00,0.0387,0.0387,0.0383,0.0384,39800.8
2026-03-16 18:00:00,0.0384,0.0386,0.0383,0.0385,333326.9
2026-03-16 19:00:00,0.0385,0.0388,0.0385,0.0385,66866.7
2026-03-16 20:00:00,0.0387,0.0387,0.0384,0.0384,9960.6
2026-03-16 21:00:00,0.0384,0.0387,0.0384,0.0387,195311.8
2026-03-16 22:00:00,0.0386,0.0387,0.0385,0.0385,42644.4
2026-03-16 23:00:00,0.0384,0.0389,0.0383,0.0388,198505.0
2026-03-17 00:00:00,0.0387,0.0389,0.0387,0.0389,109798.3
2026-03-17 01:00:00,0.0389,0.0389,0.0387,0.0388,75434.4
2026-03-17 02:00:00,0.0387,0.0388,0.0384,0.0385,1010554.0
2026-03-17 03:00:00,0.0385,0.0385,0.038,0.0381,163839.6
2026-03-17 04:00:00,0.0383,0.0383,0.038,0.038,158893.4
2026-03-17 05:00:00,0.0382,0.0382,0.0377,0.0382,615204.8
2026-03-17 06:00:00,0.0383,0.0386,0.0381,0.0382,211428.7
2026-03-17 07:00:00,0.0383,0.0383,0.0381,0.0382,36999.0
2026-03-17 08:00:00,0.0382,0.0383,0.0381,0.0381,24027.7
2026-03-17 09:00:00,0.0381,0.0383,0.038,0.0383,43453.9
2026-03-17 10:00:00,0.0382,0.0383,0.0381,0.0382,13281.1
2026-03-17 11:00:00,0.0382,0.0383,0.038,0.0381,99160.9
2026-03-17 12:00:00,0.0381,0.0385,0.038,0.0384,161672.6
2026-03-17 13:00:00,0.0383,0.0384,0.0382,0.0383,174031.0
2026-03-17 14:00:00,0.0383,0.0383,0.0381,0.0382,202518.9
2026-03-17 15:00:00,0.0383,0.0384,0.0382,0.0384,110992.0
2026-03-17 16:00:00,0.0385,0.0385,0.0378,0.038,314479.5
2026-03-17 17:00:00,0.0381,0.0383,0.038,0.0382,32610.0
2026-03-17 18:00:00,0.0382,0.0384,0.0382,0.0384,115152.2
2026-03-17 19:00:00,0.0383,0.0383,0.0381,0.0381,51663.7
2026-03-17 20:00:00,0.038,0.0381,0.038,0.038,23519.9
2026-03-17 21:00:00,0.038,0.038,0.0379,0.038,22226.0
2026-03-17 22:00:00,0.038,0.0381,0.0378,0.0378,30410.4
2026-03-17 23:00:00,0.0377,0.0378,0.0374,0.0374,184325.4
2026-03-18 00:00:00,0.0374,0.0375,0.0372,0.0374,164534.0
2026-03-18 01:00:00,0.0374,0.0377,0.0373,0.0376,74392.8
2026-03-18 02:00:00,0.0377,0.0382,0.0377,0.0382,184790.8
2026-03-18 03:00:00,0.0382,0.0383,0.038,0.0383,166769.0
2026-03-18 04:00:00,0.0381,0.0382,0.0377,0.0378,149096.3
2026-03-18 05:00:00,0.0379,0.0381,0.0377,0.0377,37094.9
2026-03-18 06:00:00,0.0378,0.0378,0.0376,0.0378,23226.3
2026-03-18 07:00:00,0.0378,0.0381,0.0378,0.038,143697.8
2026-03-18 08:00:00,0.038,0.038,0.0379,0.0379,37660.9
2026-03-18 09:00:00,0.0379,0.0379,0.0377,0.0377,31711.6
2026-03-18 10:00:00,0.0377,0.0377,0.0375,0.0376,14370.4
2026-03-18 11:00:00,0.0375,0.0375,0.0369,0.0369,283890.6
2026-03-18 12:00:00,0.0369,0.037,0.0359,0.0362,1657075.9
2026-03-18 13:00:00,0.0361,0.0363,0.0356,0.0361,1247841.7
2026-03-18 14:00:00,0.036,0.0364,0.0359,0.0361,222877.8
2026-03-18 15:00:00,0.0361,0.0364,0.0358,0.0361,251631.3
2026-03-18 16:00:00,0.036,0.036,0.0357,0.0357,114707.6
2026-03-18 17:00:00,0.0357,0.0359,0.0356,0.0358,195061.3
2026-03-18 18:00:00,0.0358,0.036,0.0356,0.0356,95539.0
2026-03-18 19:00:00,0.0356,0.0357,0.0352,0.0353,140130.9
2026-03-18 20:00:00,0.0353,0.0356,0.0352,0.0355,301456.5
2026-03-18 21:00:00,0.0355,0.0357,0.0355,0.0357,60470.0
2026-03-18 22:00:00,0.0354,0.0355,0.0354,0.0355,71863.5
2026-03-18 23:00:00,0.0356,0.0357,0.0355,0.0355,40483.0
2026-03-19 00:00:00,0.0356,0.0356,0.0353,0.0353,24236.0
2026-03-19 01:00:00,0.0352,0.0352,0.0348,0.0349,123452.3
2026-03-19 02:00:00,0.0348,0.035,0.0347,0.035,52129.5
2026-03-19 03:00:00,0.0349,0.0353,0.0349,0.0352,119012.7
2026-03-19 04:00:00,0.0352,0.0352,0.035,0.0351,29838.6
2026-03-19 05:00:00,0.035,0.035,0.0348,0.0348,35405.6
2026-03-19 06:00:00,0.0348,0.0348,0.0346,0.0347,73968.5
2026-03-19 07:00:00,0.0347,0.0358,0.0346,0.0353,533519.9
2026-03-19 08:00:00,0.0352,0.0353,0.035,0.0351,351208.0
2026-03-19 09:00:00,0.0354,0.0358,0.0354,0.0358,141892.4
2026-03-19 10:00:00,0.0359,0.0362,0.0358,0.0361,101205.3
2026-03-19 11:00:00,0.036,0.0362,0.0359,0.0359,128275.4
2026-03-19 12:00:00,0.0356,0.0356,0.0351,0.0351,156122.9
2026-03-19 13:00:00,0.0352,0.0356,0.0351,0.0355,597369.0
2026-03-19 14:00:00,0.0355,0.036,0.0354,0.036,812110.7
2026-03-19 15:00:00,0.0359,0.036,0.0355,0.0356,477705.2
2026-03-19 16:00:00,0.0356,0.0357,0.0353,0.0353,256681.2
2026-03-19 17:00:00,0.0353,0.0356,0.0353,0.0356,162174.6
2026-03-19 18:00:00,0.0356,0.0358,0.0354,0.0354,65704.4
2026-03-19 19:00:00,0.0354,0.0357,0.0352,0.0355,344208.4
2026-03-19 20:00:00,0.0355,0.036,0.0355,0.0359,84600.9
2026-03-19 21:00:00,0.0359,0.0359,0.0357,0.0359,63542.8
2026-03-19 22:00:00,0.0357,0.036,0.0356,0.0357,127768.7
2026-03-19 23:00:00,0.0357,0.0358,0.0357,0.0357,47408.1
2026-03-20 00:00:00,0.0357,0.0358,0.0356,0.0358,302604.4
2026-03-20 01:00:00,0.0359,0.036,0.0354,0.0354,194394.3
2026-03-20 02:00:00,0.0354,0.0364,0.0354,0.0363,1086466.1
2026-03-20 03:00:00,0.0364,0.0365,0.0361,0.0361,51270.3
2026-03-20 04:00:00,0.0361,0.0361,0.0358,0.0358,75949.3
2026-03-20 05:00:00,0.0359,0.036,0.0357,0.0357,201325.8
2026-03-20 06:00:00,0.0356,0.0358,0.0356,0.0356,88287.6
2026-03-20 07:00:00,0.0356,0.0358,0.0355,0.0358,84109.9
2026-03-20 08:00:00,0.0359,0.0369,0.0357,0.0369,289645.2
2026-03-20 09:00:00,0.0369,0.0369,0.0362,0.0363,319961.5
2026-03-20 10:00:00,0.0364,0.0372,0.0364,0.037,82569.9
2026-03-20 11:00:00,0.037,0.0372,0.0369,0.037,157405.9
2026-03-20 12:00:00,0.037,0.0371,0.0366,0.0368,130546.6
2026-03-20 13:00:00,0.0368,0.0374,0.0368,0.0369,1245577.5
2026-03-20 14:00:00,0.0368,0.0374,0.0367,0.0374,163971.9
2026-03-20 15:00:00,0.0374,0.0376,0.0372,0.0373,60257.0
2026-03-20 16:00:00,0.0374,0.0379,0.0374,0.0377,136453.0
2026-03-20 17:00:00,0.0377,0.0381,0.0377,0.038,59381.8
2026-03-20 18:00:00,0.0381,0.0381,0.0379,0.0379,55045.0
2026-03-20 19:00:00,0.0379,0.038,0.0374,0.038,170216.3
2026-03-20 20:00:00,0.0379,0.0382,0.0379,0.0381,92510.1
2026-03-20 21:00:00,0.0381,0.0383,0.0379,0.0381,400338.7
2026-03-20 22:00:00,0.0382,0.0384,0.0374,0.0375,288687.9
2026-03-20 23:00:00,0.0373,0.0374,0.0371,0.0372,158587.3
2026-03-21 00:00:00,0.0371,0.0373,0.0366,0.0368,175571.4
2026-03-21 01:00:00,0.0368,0.037,0.0365,0.0365,66416.8
2026-03-21 02:00:00,0.0365,0.0366,0.0364,0.0366,30329.3
2026-03-21 03:00:00,0.0367,0.037,0.0366,0.0366,22083.1
2026-03-21 04:00:00,0.0366,0.0366,0.0364,0.0364,29119.6
2026-03-21 05:00:00,0.0366,0.0369,0.0366,0.0368,97768.1
2026-03-21 06:00:00,0.0367,0.037,0.0366,0.0366,35118.4
2026-03-21 07:00:00,0.0366,0.0368,0.0365,0.0365,8190.6
2026-03-21 08:00:00,0.0364,0.037,0.0364,0.037,841934.9
2026-03-21 09:00:00,0.037,0.0373,0.0367,0.0369,490186.0
2026-03-21 10:00:00,0.0369,0.0369,0.0368,0.0368,42777.8
2026-03-21 11:00:00,0.0367,0.0367,0.0366,0.0367,24448.2
2026-03-21 12:00:00,0.0368,0.0368,0.0367,0.0368,59470.8
2026-03-21 13:00:00,0.0369,0.0369,0.0361,0.0362,807008.7
2026-03-21 14:00:00,0.0362,0.0366,0.0362,0.0364,101343.8
2026-03-21 15:00:00,0.0363,0.0373,0.0361,0.0368,2164630.3
2026-03-21 16:00:00,0.0369,0.0394,0.0369,0.0383,1271868.4
2026-03-21 17:00:00,0.0385,0.0396,0.0383,0.0392,3091624.5
2026-03-21 18:00:00,0.0392,0.0407,0.0391,0.04,2469132.1
2026-03-21 19:00:00,0.04,0.0405,0.0388,0.0393,2468482.4
2026-03-21 20:00:00,0.0392,0.0399,0.0392,0.0398,313875.2
2026-03-21 21:00:00,0.0399,0.0405,0.0395,0.0402,744633.6
2026-03-21 22:00:00,0.0402,0.0409,0.0401,0.0407,360836.5
2026-03-21 23:00:00,0.0407,0.0419,0.0405,0.0408,4643522.7
2026-03-22 00:00:00,0.0408,0.0414,0.0403,0.0405,2700788.8
2026-03-22 01:00:00,0.0406,0.0412,0.0403,0.0407,1352033.2
2026-03-22 02:00:00,0.0407,0.0413,0.0405,0.0411,1317209.6
2026-03-22 03:00:00,0.0411,0.0412,0.0407,0.0412,332892.5
2026-03-22 04:00:00,0.0412,0.0413,0.0404,0.0406,802754.6
2026-03-22 05:00:00,0.0406,0.0409,0.0401,0.0403,562665.1
2026-03-22 06:00:00,0.0402,0.0409,0.0401,0.0407,473970.0
2026-03-22 07:00:00,0.0408,0.0417,0.0406,0.0412,946093.1
2026-03-22 08:00:00,0.0412,0.0419,0.0409,0.0415,2275386.8
2026-03-22 09:00:00,0.0414,0.0415,0.0403,0.0407,1296210.5
2026-03-22 10:00:00,0.0405,0.0414,0.0403,0.0408,805613.5
2026-03-22 11:00:00,0.0408,0.0416,0.0406,0.0414,550328.2
2026-03-22 12:00:00,0.0414,0.0417,0.0408,0.0415,561002.4
2026-03-22 13:00:00,0.0415,0.042,0.0407,0.041,965621.9
2026-03-22 14:00:00,0.0411,0.0418,0.0405,0.0414,1253168.8
2026-03-22 15:00:00,0.0414,0.0433,0.0414,0.0421,5671409.9
2026-03-22 16:00:00,0.0421,0.043,0.0415,0.0425,2682418.6
2026-03-22 17:00:00,0.0425,0.0433,0.0414,0.0417,1818645.5
2026-03-22 18:00:00,0.0418,0.0423,0.0417,0.0419,370359.9
2026-03-22 19:00:00,0.0419,0.0425,0.0398,0.0409,3388119.9
2026-03-22 20:00:00,0.0409,0.041,0.0401,0.0407,1115290.7
2026-03-22 21:00:00,0.0408,0.0408,0.0401,0.0403,797970.2
2026-03-22 22:00:00,0.0404,0.0404,0.0393,0.0396,548730.0
2026-03-22 23:00:00,0.0395,0.0397,0.0392,0.0393,162827.1
2026-03-23 00:00:00,0.0392,0.0399,0.039,0.0398,1225523.9
2026-03-23 01:00:00,0.0398,0.0402,0.0394,0.0395,747642.6
2026-03-23 02:00:00,0.0394,0.0407,0.0393,0.0405,537534.9
2026-03-23 03:00:00,0.0404,0.041,0.0404,0.0408,173401.4
2026-03-23 04:00:00,0.0408,0.041,0.0406,0.0406,146295.9
2026-03-23 05:00:00,0.0406,0.0407,0.0399,0.0402,176909.9
2026-03-23 06:00:00,0.0402,0.041,0.0402,0.041,190492.4
2026-03-23 07:00:00,0.0409,0.0413,0.0407,0.0411,97400.0
2026-03-23 08:00:00,0.0411,0.0411,0.0407,0.0411,59879.9
2026-03-23 09:00:00,0.0411,0.0415,0.0408,0.0415,97026.7
2026-03-23 10:00:00,0.0413,0.0424,0.0413,0.0421,468806.6
2026-03-23 11:00:00,0.0422,0.0426,0.0412,0.0413,824302.1
2026-03-23 12:00:00,0.0413,0.042,0.041,0.0412,508733.0
2026-03-23 13:00:00,0.0412,0.0415,0.041,0.0415,284096.8
2026-03-23 14:00:00,0.0413,0.0415,0.0406,0.0409,213707.5
2026-03-23 15:00:00,0.0407,0.0408,0.0404,0.0407,90169.3
2026-03-23 16:00:00,0.0407,0.0412,0.0406,0.0409,134768.0
2026-03-23 17:00:00,0.0407,0.0408,0.0404,0.0408,203453.4
2026-03-23 18:00:00,0.0407,0.0409,0.0404,0.0405,161403.8
2026-03-23 19:00:00,0.0405,0.0405,0.0402,0.0402,167837.8
2026-03-23 20:00:00,0.0402,0.0403,0.04,0.0403,49912.7
2026-03-23 21:00:00,0.0401,0.0407,0.04,0.0407,259920.7
2026-03-23 22:00:00,0.0407,0.0411,0.0406,0.0411,47969.7
2026-03-23 23:00:00,0.041,0.041,0.0404,0.0404,108768.4
2026-03-24 00:00:00,0.0404,0.0404,0.0396,0.04,255053.2
2026-03-24 01:00:00,0.04,0.0401,0.0388,0.0389,474006.8
2026-03-24 02:00:00,0.0388,0.0392,0.0387,0.0391,262438.8
2026-03-24 03:00:00,0.0391,0.0398,0.0391,0.0396,326319.7
2026-03-24 04:00:00,0.0396,0.0396,0.039,0.0392,264021.7
2026-03-24 05:00:00,0.0392,0.0393,0.0391,0.0393,23864.5
2026-03-24 06:00:00,0.0394,0.0396,0.0394,0.0394,67379.1
2026-03-24 07:00:00,0.0394,0.0394,0.0391,0.0392,208702.6
2026-03-24 08:00:00,0.0391,0.0392,0.0386,0.0386,110092.0
2026-03-24 09:00:00,0.0387,0.0391,0.0387,0.039,210397.8
2026-03-24 10:00:00,0.0391,0.0391,0.0382,0.0386,376016.9
2026-03-24 11:00:00,0.0386,0.0387,0.0383,0.0386,250489.8
2026-03-24 12:00:00,0.0385,0.0385,0.0383,0.0384,115030.0
2026-03-24 13:00:00,0.0385,0.0385,0.0377,0.0378,438823.9
2026-03-24 14:00:00,0.0378,0.0381,0.0377,0.0378,225031.7
2026-03-24 15:00:00,0.0378,0.0379,0.0377,0.0377,155552.0
2026-03-24 16:00:00,0.0376,0.0377,0.0346,0.0348,2040288.2
2026-03-24 17:00:00,0.0348,0.0371,0.0331,0.0354,11866798.1
2026-03-24 18:00:00,0.0354,0.0398,0.0353,0.038,4091593.8
2026-03-24 19:00:00,0.038,0.0391,0.0377,0.0391,732639.2
2026-03-24 20:00:00,0.0391,0.0393,0.0373,0.0376,1316043.5
2026-03-24 21:00:00,0.0377,0.0385,0.0373,0.0381,340183.9
2026-03-24 22:00:00,0.0384,0.0384,0.0381,0.0384,127321.3
2026-03-24 23:00:00,0.0384,0.0387,0.0382,0.0383,104449.5
2026-03-25 00:00:00,0.0383,0.039,0.0382,0.0388,311375.0
2026-03-25 01:00:00,0.0388,0.039,0.0379,0.0386,512537.1
2026-03-25 02:00:00,0.0386,0.0394,0.0386,0.0394,200403.0
2026-03-25 03:00:00,0.0393,0.0393,0.0389,0.039,127124.7
2026-03-25 04:00:00,0.0391,0.0398,0.0388,0.0397,328602.1
2026-03-25 05:00:00,0.0396,0.0396,0.0391,0.0391,175999.7
2026-03-25 06:00:00,0.0392,0.0392,0.039,0.0391,17816.3
2026-03-25 07:00:00,0.039,0.0397,0.039,0.0395,101522.1
2026-03-25 08:00:00,0.0395,0.04,0.0394,0.0399,94886.4
2026-03-25 09:00:00,0.0398,0.04,0.0395,0.0396,282748.9
2026-03-25 10:00:00,0.0395,0.04,0.0395,0.0397,185482.3
2026-03-25 11:00:00,0.0397,0.0397,0.0394,0.0394,40916.1
2026-03-25 12:00:00,0.0393,0.0394,0.0385,0.0388,776925.8
2026-03-25 13:00:00,0.0387,0.0387,0.0386,0.0386,100788.9
2026-03-25 14:00:00,0.0386,0.0388,0.0377,0.0383,431582.6
2026-03-25 15:00:00,0.0383,0.039,0.0383,0.0388,352262.8
2026-03-25 16:00:00,0.0389,0.0392,0.0388,0.039,286229.9
2026-03-25 17:00:00,0.039,0.0398,0.0382,0.0385,3621783.8
2026-03-25 18:00:00,0.0385,0.0392,0.0384,0.0389,1062817.6
2026-03-25 19:00:00,0.0389,0.0391,0.0386,0.0389,296858.0
2026-03-25 20:00:00,0.0388,0.039,0.0388,0.039,22060.3
2026-03-25 21:00:00,0.039,0.0391,0.0387,0.0387,107546.1
2026-03-25 22:00:00,0.0387,0.0391,0.0387,0.039,307445.1
2026-03-25 23:00:00,0.0392,0.0392,0.0386,0.0388,312083.0
2026-03-26 00:00:00,0.0388,0.039,0.0387,0.0387,56024.5
2026-03-26 01:00:00,0.0387,0.0389,0.0386,0.0389,66618.4
2026-03-26 02:00:00,0.0389,0.0391,0.0388,0.0389,412430.8
2026-03-26 03:00:00,0.0389,0.0396,0.0389,0.0394,418673.6
2026-03-26 04:00:00,0.0395,0.0397,0.0392,0.0395,199795.6
2026-03-26 05:00:00,0.0395,0.0395,0.0389,0.0389,533395.3
2026-03-26 06:00:00,0.039,0.0393,0.0389,0.0389,772854.4
2026-03-26 07:00:00,0.0389,0.0395,0.0389,0.0395,45432.6
2026-03-26 08:00:00,0.0395,0.0395,0.0375,0.038,1527731.2
2026-03-26 09:00:00,0.0381,0.0387,0.0379,0.0384,545659.7
2026-03-26 10:00:00,0.0383,0.0395,0.038,0.0393,1613555.0
2026-03-26 11:00:00,0.0392,0.0395,0.0389,0.0389,654270.0
2026-03-26 12:00:00,0.0391,0.0395,0.0388,0.0389,1638714.8
2026-03-26 13:00:00,0.0389,0.0392,0.0388,0.0389,123042.7
2026-03-26 14:00:00,0.0391,0.0394,0.0385,0.0386,1089806.2
2026-03-26 15:00:00,0.0387,0.0393,0.0386,0.0392,1304938.5
2026-03-26 16:00:00,0.0392,0.0403,0.039,0.0401,1234403.7
2026-03-26 17:00:00,0.04,0.0416,0.04,0.0408,1055766.3
2026-03-26 18:00:00,0.0408,0.0415,0.0405,0.0408,813538.8
2026-03-26 19:00:00,0.0409,0.0414,0.0406,0.0414,877743.2
2026-03-26 20:00:00,0.0413,0.0419,0.0407,0.0408,859045.5
2026-03-26 21:00:00,0.0408,0.0416,0.0407,0.0414,436722.9
2026-03-26 22:00:00,0.0415,0.0416,0.0411,0.0412,283488.2
2026-03-26 23:00:00,0.041,0.0415,0.041,0.0415,161679.0
2026-03-27 00:00:00,0.0413,0.0418,0.0412,0.0416,313655.4
2026-03-27 01:00:00,0.0416,0.0416,0.0408,0.0411,386220.6
2026-03-27 02:00:00,0.0411,0.0411,0.0407,0.0411,103202.5
2026-03-27 03:00:00,0.0411,0.0411,0.0409,0.0411,165084.3
2026-03-27 04:00:00,0.041,0.0415,0.0408,0.0414,382938.4
2026-03-27 05:00:00,0.0413,0.0417,0.041,0.0411,269860.1
2026-03-27 06:00:00,0.0411,0.0414,0.0411,0.0412,83840.8
2026-03-27 07:00:00,0.0411,0.0411,0.0409,0.041,66972.5
2026-03-27 08:00:00,0.041,0.0412,0.04,0.0403,525119.0
2026-03-27 09:00:00,0.0404,0.041,0.0402,0.0409,76549.6
2026-03-27 10:00:00,0.041,0.042,0.0408,0.0418,291367.3
2026-03-27 11:00:00,0.0418,0.0419,0.0412,0.0414,278560.7
2026-03-27 12:00:00,0.0416,0.0424,0.0412,0.0414,775970.2
2026-03-27 13:00:00,0.0415,0.0416,0.0406,0.0411,697375.9
2026-03-27 14:00:00,0.0411,0.0411,0.0405,0.0409,263168.2
2026-03-27 15:00:00,0.0409,0.0412,0.0406,0.0407,144644.8
2026-03-27 16:00:00,0.0406,0.0415,0.0406,0.041,158748.8
2026-03-27 17:00:00,0.041,0.0414,0.041,0.041,68768.8
2026-03-27 18:00:00,0.041,0.0415,0.0409,0.0415,337568.3
2026-03-27 19:00:00,0.0415,0.0415,0.0411,0.0412,98709.9
2026-03-27 20:00:00,0.0413,0.0413,0.041,0.041,192379.4
2026-03-27 21:00:00,0.0409,0.041,0.0407,0.0409,238051.8
2026-03-27 22:00:00,0.0407,0.0408,0.0405,0.0407,125671.2
2026-03-27 23:00:00,0.0407,0.041,0.0407,0.041,123000.0
2026-03-28 00:00:00,0.0409,0.0414,0.0407,0.0414,145058.1
2026-03-28 01:00:00,0.0413,0.042,0.0412,0.0416,234828.1
2026-03-28 02:00:00,0.0417,0.0424,0.0417,0.0423,228810.3
2026-03-28 03:00:00,0.0424,0.0426,0.0412,0.0415,611892.4
2026-03-28 04:00:00,0.0414,0.042,0.0412,0.042,672805.0
2026-03-28 05:00:00,0.0419,0.0422,0.0416,0.0418,427705.2
2026-03-28 06:00:00,0.0419,0.0419,0.0415,0.0415,170190.9
2026-03-28 07:00:00,0.0415,0.0416,0.0403,0.0403,504117.9
2026-03-28 08:00:00,0.0403,0.0406,0.0397,0.0398,339047.0
2026-03-28 09:00:00,0.0398,0.0405,0.0397,0.0403,279123.6
2026-03-28 10:00:00,0.0403,0.0412,0.0403,0.0411,216199.5
2026-03-28 11:00:00,0.0413,0.0415,0.0413,0.0414,134601.0
2026-03-28 12:00:00,0.0414,0.0415,0.0413,0.0415,28227.7
2026-03-28 13:00:00,0.0414,0.0417,0.0414,0.0414,168086.5
2026-03-28 14:00:00,0.0414,0.0415,0.0412,0.0412,22463.8
2026-03-28 15:00:00,0.0413,0.042,0.0413,0.0417,156355.2
2026-03-28 16:00:00,0.0418,0.0418,0.0413,0.0413,171970.1
2026-03-28 17:00:00,0.0415,0.0418,0.0413,0.0418,73896.6
2026-03-28 18:00:00,0.0416,0.0416,0.0415,0.0415,59840.3
2026-03-28 19:00:00,0.0415,0.0418,0.0413,0.0418,94696.7
2026-03-28 20:00:00,0.0417,0.0417,0.0413,0.0413,23214.2
2026-03-28 21:00:00,0.0412,0.0414,0.0409,0.0409,103679.3
2026-03-28 22:00:00,0.041,0.0411,0.0408,0.041,156765.6
2026-03-28 23:00:00,0.041,0.0413,0.0409,0.0412,185004.1
2026-03-29 00:00:00,0.0411,0.0415,0.0411,0.0415,250785.2
2026-03-29 01:00:00,0.0415,0.0425,0.0415,0.0425,163023.5
2026-03-29 02:00:00,0.0426,0.0426,0.042,0.042,74480.4
2026-03-29 03:00:00,0.042,0.042,0.0413,0.0413,98234.9
2026-03-29 04:00:00,0.0412,0.0417,0.0411,0.0411,38700.6
2026-03-29 05:00:00,0.0411,0.0417,0.0411,0.0416,31611.6
2026-03-29 06:00:00,0.0413,0.0415,0.0413,0.0414,6938.0
2026-03-29 07:00:00,0.0413,0.0415,0.0411,0.0412,147206.0
2026-03-29 08:00:00,0.0412,0.0425,0.0412,0.0423,277264.3
2026-03-29 09:00:00,0.0422,0.0428,0.0422,0.0427,199820.6
2026-03-29 10:00:00,0.0427,0.0427,0.042,0.0424,343912.8
2026-03-29 11:00:00,0.0424,0.0426,0.0417,0.0417,151510.2
2026-03-29 12:00:00,0.0418,0.0435,0.0418,0.0432,367948.4
2026-03-29 13:00:00,0.0431,0.0431,0.0416,0.0417,719187.4
2026-03-29 14:00:00,0.0418,0.0426,0.0418,0.0424,167860.0
2026-03-29 15:00:00,0.0425,0.0427,0.0423,0.0423,179578.3
2026-03-29 16:00:00,0.0425,0.0427,0.0417,0.0422,1738795.1
2026-03-29 17:00:00,0.0422,0.0424,0.0414,0.0418,456829.5
2026-03-29 18:00:00,0.0418,0.0419,0.0414,0.0417,190576.5
2026-03-29 19:00:00,0.0417,0.0418,0.041,0.0413,705735.1
2026-03-29 20:00:00,0.0412,0.0415,0.0411,0.0415,161841.5
2026-03-29 21:00:00,0.0416,0.0417,0.0415,0.0416,79885.5
2026-03-29 22:00:00,0.0416,0.0426,0.0415,0.0422,799287.5
2026-03-29 23:00:00,0.0423,0.0424,0.0419,0.0419,405237.8
2026-03-30 00:00:00,0.042,0.0423,0.0418,0.042,46004.0
2026-03-30 01:00:00,0.0421,0.0421,0.0416,0.0416,94099.1
2026-03-30 02:00:00,0.0416,0.0416,0.0411,0.0412,54319.6
2026-03-30 03:00:00,0.0412,0.0416,0.0411,0.0415,276155.0
2026-03-30 04:00:00,0.0415,0.0417,0.0415,0.0416,71260.7
2026-03-30 05:00:00,0.0416,0.0416,0.0413,0.0413,34530.1
2026-03-30 06:00:00,0.0413,0.0416,0.0413,0.0415,37362.9
2026-03-30 07:00:00,0.0414,0.0414,0.041,0.0411,75312.8
2026-03-30 08:00:00,0.041,0.0414,0.041,0.0412,135988.1
2026-03-30 09:00:00,0.0412,0.0413,0.0405,0.0406,315380.5
2026-03-30 10:00:00,0.0407,0.041,0.0406,0.0408,234738.6
2026-03-30 11:00:00,0.0409,0.0412,0.0405,0.0405,192682.3
2026-03-30 12:00:00,0.0405,0.0407,0.0401,0.0405,407397.6
2026-03-30 13:00:00,0.0405,0.0405,0.0398,0.0402,468017.7
2026-03-30 14:00:00,0.0404,0.0418,0.0402,0.0417,823297.6
2026-03-30 15:00:00,0.0418,0.0419,0.0412,0.0414,401525.3
2026-03-30 16:00:00,0.0414,0.0418,0.0411,0.0411,210705.0
2026-03-30 17:00:00,0.0411,0.0413,0.041,0.0413,90236.9
2026-03-30 18:00:00,0.0414,0.0416,0.0413,0.0413,104244.7
2026-03-30 19:00:00,0.0413,0.042,0.0413,0.0418,392264.4
2026-03-30 20:00:00,0.0418,0.0418,0.0414,0.0414,68160.0
2026-03-30 21:00:00,0.0413,0.0415,0.0412,0.0412,147845.6
2026-03-30 22:00:00,0.0412,0.0412,0.0412,0.0412,290.8
2026-03-30 23:00:00,0.041,0.0412,0.0403,0.0405,244019.5
2026-03-31 00:00:00,0.0405,0.041,0.0404,0.0409,359159.4
2026-03-31 01:00:00,0.0409,0.0414,0.0406,0.0411,171820.1
2026-03-31 02:00:00,0.0411,0.0414,0.041,0.041,32869.7
2026-03-31 03:00:00,0.0409,0.041,0.0406,0.041,195276.3
2026-03-31 04:00:00,0.0409,0.0409,0.0406,0.0408,137154.1
2026-03-31 05:00:00,0.0407,0.0408,0.0406,0.0406,86528.4
2026-03-31 06:00:00,0.0407,0.0411,0.0407,0.0411,190806.5
2026-03-31 07:00:00,0.0411,0.0411,0.0395,0.0399,2389173.5
2026-03-31 08:00:00,0.0399,0.0406,0.0399,0.0406,77328.7
2026-03-31 09:00:00,0.0406,0.0406,0.0396,0.0399,253281.6
2026-03-31 10:00:00,0.0399,0.0402,0.0399,0.0399,97482.0
2026-03-31 11:00:00,0.0398,0.0398,0.0383,0.0391,1083748.6
2026-03-31 12:00:00,0.0391,0.0392,0.0389,0.0391,183476.3
2026-03-31 13:00:00,0.0392,0.0393,0.0383,0.0384,282479.7
2026-03-31 14:00:00,0.0384,0.039,0.0381,0.0389,710239.7
2026-03-31 15:00:00,0.0385,0.0387,0.0383,0.0384,55524.6
2026-03-31 16:00:00,0.0382,0.0384,0.0378,0.0379,356281.0
2026-03-31 17:00:00,0.0379,0.0382,0.0379,0.038,115192.7
2026-03-31 18:00:00,0.038,0.0388,0.038,0.0386,184339.4
2026-03-31 19:00:00,0.0388,0.0388,0.0383,0.0383,441937.1
2026-03-31 20:00:00,0.0384,0.0387,0.0382,0.0386,151625.9
2026-03-31 21:00:00,0.0386,0.0398,0.0386,0.0397,460624.9
2026-03-31 22:00:00,0.0397,0.04,0.0391,0.0394,286332.6
2026-03-31 23:00:00,0.0395,0.0396,0.039,0.0393,142490.6
2026-04-01 00:00:00,0.0393,0.0394,0.039,0.0393,51876.5
2026-04-01 01:00:00,0.0394,0.0394,0.0386,0.0388,55043.6
2026-04-01 02:00:00,0.0386,0.0387,0.0378,0.0379,635171.6
2026-04-01 03:00:00,0.0379,0.0383,0.0377,0.0382,211134.4
2026-04-01 04:00:00,0.0382,0.0386,0.0381,0.0386,74223.4
2026-04-01 05:00:00,0.0384,0.0386,0.0383,0.0385,188048.6
2026-04-01 06:00:00,0.0385,0.0388,0.0384,0.0386,178128.3
2026-04-01 07:00:00,0.0385,0.0386,0.0382,0.0385,497808.5
2026-04-01 08:00:00,0.0384,0.0391,0.0383,0.039,739711.5
2026-04-01 09:00:00,0.039,0.0398,0.0388,0.039,1330108.6
2026-04-01 10:00:00,0.039,0.0391,0.0387,0.0391,89824.4
2026-04-01 11:00:00,0.039,0.0394,0.0389,0.0393,79968.2
2026-04-01 12:00:00,0.0393,0.0395,0.0392,0.0394,70243.3
2026-04-01 13:00:00,0.0395,0.0411,0.0395,0.0408,421490.8
2026-04-01 14:00:00,0.0408,0.0436,0.0407,0.043,3256386.2
2026-04-01 15:00:00,0.0431,0.0515,0.0428,0.0467,26377959.5
2026-04-01 16:00:00,0.0467,0.0497,0.0452,0.0469,8643527.3
2026-04-01 17:00:00,0.047,0.0602,0.0462,0.0566,22922213.8
2026-04-01 18:00:00,0.0566,0.0569,0.053,0.0543,9003731.4
2026-04-01 19:00:00,0.0542,0.059,0.0535,0.0586,7834325.9
2026-04-01 20:00:00,0.0586,0.066,0.0565,0.062,34241889.0
2026-04-01 21:00:00,0.0619,0.0619,0.0546,0.0564,16345097.6
2026-04-01 22:00:00,0.0564,0.0568,0.0548,0.0566,4589434.9
2026-04-01 23:00:00,0.0565,0.0587,0.055,0.056,7805206.0
2026-04-02 00:00:00,0.056,0.0576,0.0533,0.0568,9342391.7
2026-04-02 01:00:00,0.0568,0.06,0.0437,0.054,28165129.6
2026-04-02 02:00:00,0.0541,0.0552,0.0495,0.0506,7820550.7
2026-04-02 03:00:00,0.0505,0.0515,0.0494,0.0501,4804345.9
2026-04-02 04:00:00,0.0502,0.0536,0.05,0.0508,9243865.6
2026-04-02 05:00:00,0.0507,0.0539,0.0507,0.0528,7917209.0
2026-04-02 06:00:00,0.0529,0.053,0.05,0.0512,6060439.5
2026-04-02 07:00:00,0.0511,0.0513,0.0442,0.0451,10053784.7
2026-04-02 08:00:00,0.0451,0.0471,0.043,0.0457,12791205.6
2026-04-02 09:00:00,0.0459,0.0468,0.042,0.0426,8080012.3
2026-04-02 10:00:00,0.0426,0.0427,0.0402,0.0405,3327051.4
2026-04-02 11:00:00,0.0404,0.0406,0.0385,0.0386,3047100.9
2026-04-02 12:00:00,0.0385,0.0396,0.0376,0.0386,3535156.4
2026-04-02 13:00:00,0.0385,0.0386,0.0358,0.0363,4249454.8
2026-04-02 14:00:00,0.0363,0.0367,0.0353,0.0362,2571371.4
2026-04-02 15:00:00,0.036,0.0361,0.0327,0.0328,9240637.2
2026-04-02 16:00:00,0.0329,0.0329,0.0311,0.0315,13092581.0
2026-04-02 17:00:00,0.0315,0.0324,0.0297,0.0311,24134874.8
2026-04-02 18:00:00,0.0311,0.0319,0.0308,0.0313,8810321.3
2026-04-02 19:00:00,0.0312,0.0321,0.0302,0.0308,9240123.3
2026-04-02 20:00:00,0.0308,0.0315,0.0307,0.031,7996729.5
2026-04-02 21:00:00,0.0309,0.0311,0.0302,0.0304,3364551.5
2026-04-02 22:00:00,0.0303,0.0304,0.0296,0.03,7167294.1
2026-04-02 23:00:00,0.0301,0.0304,0.0298,0.03,4563031.7
2026-04-03 00:00:00,0.03,0.0303,0.0284,0.0288,6082823.9
2026-04-03 01:00:00,0.0288,0.0288,0.0258,0.027,13084344.9
2026-04-03 02:00:00,0.0269,0.0279,0.0264,0.0268,7104593.3
2026-04-03 03:00:00,0.0268,0.0269,0.0258,0.0258,4487718.7
2026-04-03 04:00:00,0.0259,0.0273,0.0258,0.0267,6677357.6
2026-04-03 05:00:00,0.0267,0.0279,0.0266,0.027,5198198.8
2026-04-03 06:00:00,0.027,0.0286,0.0269,0.0283,9526824.3
2026-04-03 07:00:00,0.0284,0.03,0.0279,0.0299,11247254.5
2026-04-03 08:00:00,0.03,0.031,0.0291,0.0304,9015985.9
2026-04-03 09:00:00,0.0305,0.031,0.0294,0.0298,6408397.5
2026-04-03 10:00:00,0.0298,0.0302,0.0285,0.0287,5210565.8
2026-04-03 11:00:00,0.0287,0.0301,0.0282,0.0298,4999900.6
2026-04-03 12:00:00,0.0297,0.0303,0.0295,0.0296,3083205.8
2026-04-03 13:00:00,0.0297,0.0302,0.0291,0.0293,2194472.3
2026-04-03 14:00:00,0.0293,0.0296,0.0287,0.0289,1512532.1
2026-04-03 15:00:00,0.0289,0.0301,0.0288,0.0295,2756702.7
2026-04-03 16:00:00,0.0295,0.03,0.0293,0.0297,1521082.4
2026-04-03 17:00:00,0.0298,0.0302,0.0295,0.0298,1170406.5
2026-04-03 18:00:00,0.0298,0.0315,0.0297,0.0312,3344599.1
2026-04-03 19:00:00,0.0313,0.0324,0.0304,0.0307,6108732.7
2026-04-03 20:00:00,0.0307,0.0307,0.0294,0.0296,1640863.2
2026-04-03 21:00:00,0.0297,0.0298,0.0291,0.0296,1210548.4
2026-04-03 22:00:00,0.0297,0.0298,0.029,0.029,1210822.7
2026-04-03 23:00:00,0.0291,0.0291,0.0288,0.0289,1360070.2
2026-04-04 00:00:00,0.0289,0.029,0.0284,0.0286,1056944.7
2026-04-04 01:00:00,0.0286,0.0296,0.0286,0.0294,1918702.9
2026-04-04 02:00:00,0.0293,0.0303,0.0292,0.0295,3212695.9
2026-04-04 03:00:00,0.0294,0.0294,0.0287,0.029,1076345.7
2026-04-04 04:00:00,0.0291,0.0291,0.0281,0.0283,2668572.3
2026-04-04 05:00:00,0.0284,0.0289,0.0282,0.0286,2284696.8
2026-04-04 06:00:00,0.0287,0.0289,0.0284,0.0285,3038381.1
2026-04-04 07:00:00,0.0285,0.0286,0.0283,0.0284,1363979.8
2026-04-04 08:00:00,0.0284,0.0285,0.0276,0.028,2647268.0
2026-04-04 09:00:00,0.0281,0.0286,0.0281,0.0283,1497759.5
2026-04-04 10:00:00,0.0283,0.0283,0.0278,0.0282,1973801.2
2026-04-04 11:00:00,0.0283,0.0284,0.028,0.0282,1273723.0
2026-04-04 12:00:00,0.0281,0.0288,0.028,0.0288,1183256.5
2026-04-04 13:00:00,0.0288,0.0291,0.0285,0.0288,2189019.4
2026-04-04 14:00:00,0.0288,0.029,0.0284,0.0286,3696167.4
2026-04-04 15:00:00,0.0286,0.0286,0.0281,0.0281,1647890.2
2026-04-04 16:00:00,0.0281,0.0283,0.0277,0.0279,2743258.0
2026-04-04 17:00:00,0.0278,0.0283,0.0277,0.0279,1885830.2
2026-04-04 18:00:00,0.0279,0.0287,0.0279,0.0284,1394601.2
2026-04-04 19:00:00,0.0285,0.031,0.0284,0.0294,9826932.1
2026-04-04 20:00:00,0.0294,0.0294,0.0283,0.0283,2740702.6
2026-04-04 21:00:00,0.0283,0.0285,0.0281,0.0284,1483786.0
2026-04-04 22:00:00,0.0284,0.0287,0.0281,0.0284,1048803.9
2026-04-04 23:00:00,0.0284,0.0285,0.0281,0.0283,914211.2
2026-04-05 00:00:00,0.0283,0.0284,0.028,0.0282,887102.2
2026-04-05 01:00:00,0.0282,0.0285,0.0282,0.0285,625579.9
2026-04-05 02:00:00,0.0286,0.0292,0.0284,0.0292,2418477.7
2026-04-05 03:00:00,0.0291,0.0296,0.0288,0.0289,1697378.4
2026-04-05 04:00:00,0.0288,0.0292,0.0288,0.0291,1374413.6
2026-04-05 05:00:00,0.0289,0.029,0.0285,0.0285,855333.1
2026-04-05 06:00:00,0.0285,0.0291,0.0285,0.0289,1024115.5
2026-04-05 07:00:00,0.0289,0.0303,0.0284,0.0302,2488091.2
2026-04-05 08:00:00,0.0302,0.0302,0.029,0.029,5108551.8
2026-04-05 09:00:00,0.0289,0.0289,0.0285,0.0289,1340716.8
2026-04-05 10:00:00,0.0289,0.0289,0.0285,0.0286,1642881.0
2026-04-05 11:00:00,0.0287,0.029,0.0285,0.0289,541996.9
2026-04-05 12:00:00,0.0289,0.029,0.0279,0.028,2889508.7
2026-04-05 13:00:00,0.028,0.0282,0.0272,0.0272,1716843.0
2026-04-05 14:00:00,0.0272,0.0276,0.0271,0.0276,993863.7
2026-04-05 15:00:00,0.0276,0.0282,0.0275,0.0281,943972.6
2026-04-05 16:00:00,0.0281,0.0283,0.0276,0.0278,1171892.3
2026-04-05 17:00:00,0.0277,0.0277,0.0273,0.0274,715503.3
2026-04-05 18:00:00,0.0273,0.0277,0.0272,0.0276,578840.8
2026-04-05 19:00:00,0.0276,0.028,0.0275,0.028,520322.5
2026-04-05 20:00:00,0.028,0.028,0.0278,0.0278,283134.9
2026-04-05 21:00:00,0.0279,0.0279,0.0276,0.0277,566098.9
2026-04-05 22:00:00,0.0277,0.0282,0.0277,0.0281,458581.8
2026-04-05 23:00:00,0.0281,0.0288,0.028,0.0284,1468421.6
2026-04-06 00:00:00,0.0283,0.0284,0.0282,0.0284,677518.1
2026-04-06 01:00:00,0.0284,0.0287,0.0282,0.0283,2350367.7
2026-04-06 02:00:00,0.0283,0.0284,0.0281,0.0284,565494.2
2026-04-06 03:00:00,0.0284,0.0288,0.0284,0.0286,259829.3
2026-04-06 04:00:00,0.0286,0.0293,0.0286,0.0289,858977.4
2026-04-06 05:00:00,0.029,0.029,0.0284,0.0284,1492118.1
2026-04-06 06:00:00,0.0285,0.0286,0.0281,0.0281,1268876.1
2026-04-06 07:00:00,0.0282,0.0282,0.0276,0.0277,1550233.6
2026-04-06 08:00:00,0.0277,0.028,0.0275,0.028,733271.4
2026-04-06 09:00:00,0.028,0.0281,0.0278,0.0281,812970.0
2026-04-06 10:00:00,0.0281,0.0283,0.028,0.0281,362140.7
2026-04-06 11:00:00,0.0282,0.0283,0.0279,0.028,512853.7
2026-04-06 12:00:00,0.028,0.0283,0.0278,0.0283,1040720.6
2026-04-06 13:00:00,0.0283,0.0294,0.0283,0.0293,2969996.8
2026-04-06 14:00:00,0.0294,0.0294,0.0287,0.0288,2696055.3
2026-04-06 15:00:00,0.0288,0.0294,0.0286,0.0294,1421012.1
2026-04-06 16:00:00,0.0293,0.0347,0.0292,0.0342,35325664.9
2026-04-06 17:00:00,0.0342,0.0442,0.0336,0.0431,100342918.7
2026-04-06 18:00:00,0.0431,0.046,0.0388,0.0422,74103593.9
2026-04-06 19:00:00,0.0422,0.0464,0.0406,0.0425,34213121.7
2026-04-06 20:00:00,0.0426,0.0427,0.0395,0.0398,16180687.4
2026-04-06 21:00:00,0.0397,0.0426,0.0391,0.0405,14912260.7
2026-04-06 22:00:00,0.0405,0.0424,0.0398,0.0401,9650903.9
2026-04-06 23:00:00,0.0402,0.0402,0.0368,0.038,11367216.8
2026-04-07 00:00:00,0.038,0.0395,0.037,0.0389,4973268.8
2026-04-07 01:00:00,0.0388,0.0402,0.0381,0.0396,7765503.1
2026-04-07 02:00:00,0.0396,0.0453,0.0388,0.0409,19729516.9
2026-04-07 03:00:00,0.0409,0.0415,0.04,0.0407,5600611.6
2026-04-07 04:00:00,0.0407,0.043,0.0396,0.0407,8918897.0
2026-04-07 05:00:00,0.0408,0.0411,0.0369,0.0373,11662459.4
2026-04-07 06:00:00,0.0372,0.0392,0.0356,0.0368,12368230.6
2026-04-07 07:00:00,0.0369,0.0378,0.0352,0.0376,8666827.1
2026-04-07 08:00:00,0.0376,0.0381,0.0367,0.0378,6810111.8
2026-04-07 09:00:00,0.0377,0.0379,0.0335,0.0339,13002291.7
2026-04-07 10:00:00,0.0339,0.0353,0.0339,0.0344,6904832.4
2026-04-07 11:00:00,0.0343,0.0351,0.0342,0.0349,3108014.9
2026-04-07 12:00:00,0.0349,0.0352,0.0337,0.0337,4159040.3
2026-04-07 13:00:00,0.0337,0.035,0.0337,0.0349,3396843.8
2026-04-07 14:00:00,0.0349,0.036,0.0331,0.0341,5951402.4
2026-04-07 15:00:00,0.0342,0.0344,0.0327,0.0328,7042514.3
2026-04-07 16:00:00,0.0328,0.0335,0.0322,0.0325,3205315.4
2026-04-07 17:00:00,0.0326,0.0327,0.0315,0.0323,3580241.9
2026-04-07 18:00:00,0.0323,0.0324,0.0317,0.0319,2623323.2
2026-04-07 19:00:00,0.0319,0.0327,0.0317,0.0327,4938923.6
2026-04-07 20:00:00,0.0326,0.0331,0.0325,0.0328,2173856.0
2026-04-07 21:00:00,0.0328,0.0341,0.0328,0.0337,4753628.8
2026-04-07 22:00:00,0.0337,0.0341,0.0336,0.0338,1914463.9
2026-04-07 23:00:00,0.0338,0.0343,0.0333,0.0338,3029370.0
2026-04-08 00:00:00,0.0337,0.0339,0.0328,0.0329,3228284.1
2026-04-08 01:00:00,0.0329,0.0332,0.0325,0.033,2732975.3
2026-04-08 02:00:00,0.033,0.0331,0.0325,0.0327,1719245.5
2026-04-08 03:00:00,0.0326,0.033,0.0324,0.0326,1397786.3
2026-04-08 04:00:00,0.0325,0.0331,0.0324,0.033,3779633.4
2026-04-08 05:00:00,0.033,0.0347,0.0328,0.0344,6453037.3
2026-04-08 06:00:00,0.0344,0.035,0.0339,0.0343,6058285.2
2026-04-08 07:00:00,0.0342,0.0344,0.0337,0.0344,1688522.6
2026-04-08 08:00:00,0.0344,0.0345,0.0335,0.0335,2391011.1
2026-04-08 09:00:00,0.0335,0.0335,0.0328,0.0331,2251070.1
2026-04-08 10:00:00,0.0331,0.034,0.0331,0.0336,1733604.8
2026-04-08 11:00:00,0.0336,0.0341,0.0334,0.0338,1145425.4
2026-04-08 12:00:00,0.0338,0.0338,0.0329,0.0332,1883261.0
2026-04-08 13:00:00,0.0333,0.0338,0.0329,0.033,3856774.0
2026-04-08 14:00:00,0.0331,0.0332,0.0322,0.0329,3447901.9
2026-04-08 15:00:00,0.0329,0.0331,0.0326,0.0328,1258900.3
2026-04-08 16:00:00,0.0328,0.033,0.0327,0.0329,518552.7
2026-04-08 17:00:00,0.033,0.0333,0.0324,0.0333,2241186.4
2026-04-08 18:00:00,0.0332,0.0334,0.0328,0.0329,794365.6
2026-04-08 19:00:00,0.0329,0.0334,0.0329,0.0334,1101941.1
2026-04-08 20:00:00,0.0333,0.0333,0.0329,0.0332,465075.3
2026-04-08 21:00:00,0.0331,0.0332,0.0326,0.0326,999717.3
2026-04-08 22:00:00,0.0327,0.0327,0.0323,0.0324,815048.2
2026-04-08 23:00:00,0.0324,0.0325,0.032,0.0323,1520532.8
2026-04-09 00:00:00,0.0323,0.0325,0.0317,0.0318,882419.3
2026-04-09 01:00:00,0.0318,0.0318,0.0311,0.0313,1933793.9
2026-04-09 02:00:00,0.0313,0.0321,0.0313,0.0319,1861295.7
2026-04-09 03:00:00,0.0319,0.0323,0.0315,0.0322,2112934.5
2026-04-09 04:00:00,0.0323,0.033,0.0321,0.0328,1328898.9
2026-04-09 05:00:00,0.0328,0.0331,0.0326,0.0326,639194.6
2026-04-09 06:00:00,0.0326,0.0329,0.0324,0.0328,1425808.2
2026-04-09 07:00:00,0.0328,0.0337,0.0327,0.0337,1224232.0
2026-04-09 08:00:00,0.0337,0.0338,0.033,0.033,1004078.6
2026-04-09 09:00:00,0.033,0.0339,0.0329,0.0337,2458464.3
2026-04-09 10:00:00,0.0337,0.0339,0.0332,0.0334,848909.5
2026-04-09 11:00:00,0.0334,0.0338,0.0332,0.0332,1428621.0
2026-04-09 12:00:00,0.0333,0.0339,0.0332,0.0332,1926566.9
2026-04-09 13:00:00,0.0333,0.0334,0.0326,0.0327,1055518.2
2026-04-09 14:00:00,0.0328,0.0336,0.0326,0.0334,827246.5
2026-04-09 15:00:00,0.0334,0.0337,0.0333,0.0336,734701.7
2026-04-09 16:00:00,0.0336,0.0339,0.0332,0.0332,403401.5
2026-04-09 17:00:00,0.0333,0.0336,0.0331,0.0334,410692.0
2026-04-09 18:00:00,0.0334,0.0337,0.0334,0.0335,941454.8
2026-04-09 19:00:00,0.0335,0.0335,0.0332,0.0333,525883.1
2026-04-09 20:00:00,0.0333,0.0335,0.0328,0.0328,1232864.5
2026-04-09 21:00:00,0.0328,0.0337,0.0326,0.0336,1193507.3
2026-04-09 22:00:00,0.0337,0.0344,0.0336,0.0341,3281670.2
2026-04-09 23:00:00,0.0341,0.0349,0.0341,0.0346,3770545.8
2026-04-10 00:00:00,0.0345,0.035,0.0342,0.0344,2044710.8
2026-04-10 01:00:00,0.0345,0.0346,0.0335,0.0335,1151213.3
2026-04-10 02:00:00,0.0334,0.0342,0.0325,0.0326,2565242.4
2026-04-10 03:00:00,0.0327,0.033,0.0325,0.0328,896154.1
2026-04-10 04:00:00,0.0328,0.0332,0.0327,0.0329,995357.6
2026-04-10 05:00:00,0.0329,0.0331,0.0328,0.033,447685.8
2026-04-10 06:00:00,0.0331,0.0335,0.0331,0.0334,1351898.8
2026-04-10 07:00:00,0.0335,0.0337,0.0318,0.0322,5749075.8
2026-04-10 08:00:00,0.0323,0.0328,0.0323,0.0328,861820.2
2026-04-10 09:00:00,0.0329,0.0335,0.0328,0.0334,964473.3
2026-04-10 10:00:00,0.0334,0.0334,0.0328,0.0333,721393.2
2026-04-10 11:00:00,0.0333,0.0335,0.0329,0.0331,445732.7
2026-04-10 12:00:00,0.0333,0.0337,0.0333,0.0336,728373.1
2026-04-10 13:00:00,0.0335,0.0339,0.0331,0.0331,1037586.8
2026-04-10 14:00:00,0.0331,0.0333,0.0328,0.033,1137918.5
2026-04-10 15:00:00,0.033,0.0333,0.0329,0.033,1754318.0
2026-04-10 16:00:00,0.033,0.0331,0.0328,0.033,484160.9
2026-04-10 17:00:00,0.0331,0.0336,0.0331,0.0335,405770.5
2026-04-10 18:00:00,0.0336,0.0337,0.0333,0.0335,620189.7
2026-04-10 19:00:00,0.0336,0.0339,0.0334,0.0334,899995.8
2026-04-10 20:00:00,0.0334,0.0335,0.0332,0.0335,510108.9
2026-04-10 21:00:00,0.0335,0.0335,0.0331,0.0332,342781.1
2026-04-10 22:00:00,0.0333,0.0333,0.0331,0.0333,408539.2
2026-04-10 23:00:00,0.0333,0.0341,0.033,0.0337,2516637.0
2026-04-11 00:00:00,0.0337,0.0337,0.0329,0.0334,783352.3
2026-04-11 01:00:00,0.0332,0.0333,0.0329,0.0329,1041495.4
2026-04-11 02:00:00,0.0329,0.0333,0.0329,0.0333,340604.1
2026-04-11 03:00:00,0.0333,0.0337,0.0327,0.0329,890515.6
2026-04-11 04:00:00,0.0329,0.033,0.0325,0.0329,707019.3
2026-04-11 05:00:00,0.0329,0.0335,0.0329,0.0334,422715.6
2026-04-11 06:00:00,0.0334,0.0341,0.0334,0.0335,1238361.3
2026-04-11 07:00:00,0.0336,0.0338,0.0335,0.0337,245638.2
2026-04-11 08:00:00,0.0337,0.0341,0.0335,0.0338,677747.3
2026-04-11 09:00:00,0.0338,0.034,0.0333,0.0335,599784.8
2026-04-11 10:00:00,0.0335,0.0335,0.0328,0.0329,742164.1
2026-04-11 11:00:00,0.0329,0.0334,0.0329,0.0334,234260.0
2026-04-11 12:00:00,0.0334,0.0344,0.0332,0.0337,1665820.3
2026-04-11 13:00:00,0.0338,0.0341,0.0336,0.034,1456423.1
2026-04-11 14:00:00,0.034,0.0361,0.0337,0.0358,5032235.9
2026-04-11 15:00:00,0.0358,0.0364,0.0342,0.0354,7768683.4
2026-04-11 16:00:00,0.0354,0.0355,0.0344,0.0345,2515315.6
2026-04-11 17:00:00,0.0345,0.0345,0.034,0.0341,1294307.7
2026-04-11 18:00:00,0.0341,0.0347,0.034,0.0347,754023.4
2026-04-11 19:00:00,0.0347,0.0355,0.0346,0.035,1435813.1
2026-04-11 20:00:00,0.035,0.0355,0.0348,0.0352,863761.9
2026-04-11 21:00:00,0.0352,0.0355,0.0347,0.0349,1206758.2
2026-04-11 22:00:00,0.035,0.0352,0.0347,0.0349,896791.6
2026-04-11 23:00:00,0.0347,0.035,0.0346,0.0348,1050547.3
2026-04-12 00:00:00,0.0347,0.0355,0.0346,0.0353,487387.9
2026-04-12 01:00:00,0.0354,0.0357,0.0347,0.0352,1690410.1
2026-04-12 02:00:00,0.0352,0.036,0.0347,0.0356,1700212.7
2026-04-12 03:00:00,0.0356,0.0372,0.0356,0.037,3450113.1
2026-04-12 04:00:00,0.0371,0.0392,0.0366,0.0388,7506286.2
2026-04-12 05:00:00,0.0387,0.0397,0.0377,0.038,8159281.3
2026-04-12 06:00:00,0.0381,0.0401,0.0377,0.0399,7226350.9
2026-04-12 07:00:00,0.04,0.0404,0.0368,0.0374,11913987.5
2026-04-12 08:00:00,0.0374,0.0375,0.0352,0.0358,5930453.5
2026-04-12 09:00:00,0.0358,0.0379,0.0358,0.0376,3524235.0
2026-04-12 10:00:00,0.0376,0.0384,0.0373,0.0375,3760246.4
2026-04-12 11:00:00,0.0376,0.0384,0.0367,0.0374,3451840.0
2026-04-12 12:00:00,0.0374,0.0375,0.0366,0.0367,1736122.2
2026-04-12 13:00:00,0.0366,0.0373,0.0361,0.0372,1780640.3
2026-04-12 14:00:00,0.0372,0.0377,0.0362,0.0373,2084076.4
2026-04-12 15:00:00,0.0374,0.0386,0.0373,0.0386,2145279.0
2026-04-12 16:00:00,0.0386,0.0389,0.0374,0.0376,2348046.4
2026-04-12 17:00:00,0.0377,0.0378,0.0369,0.037,1229605.5
2026-04-12 18:00:00,0.037,0.037,0.0364,0.0364,1221292.8
2026-04-12 19:00:00,0.0364,0.0365,0.036,0.036,1135827.6
2026-04-12 20:00:00,0.0361,0.0368,0.036,0.0364,1001718.4
2026-04-12 21:00:00,0.0364,0.0373,0.036,0.0372,1150910.7
2026-04-12 22:00:00,0.0372,0.0377,0.037,0.0375,692161.0
2026-04-12 23:00:00,0.0375,0.038,0.0375,0.0378,575643.5
2026-04-13 00:00:00,0.0377,0.0387,0.0376,0.0384,1230015.0
2026-04-13 01:00:00,0.0383,0.0389,0.038,0.038,1894452.1
2026-04-13 02:00:00,0.038,0.038,0.0372,0.0379,988333.3
2026-04-13 03:00:00,0.0379,0.0382,0.0375,0.038,792514.8
2026-04-13 04:00:00,0.0379,0.0389,0.0379,0.0387,1353782.6
2026-04-13 05:00:00,0.0387,0.0389,0.0381,0.0388,1188666.0
2026-04-13 06:00:00,0.0387,0.0388,0.0366,0.0368,3894547.0
2026-04-13 07:00:00,0.0368,0.0372,0.0358,0.0358,2558094.4
2026-04-13 08:00:00,0.0359,0.0365,0.0356,0.0364,1603396.4
2026-04-13 09:00:00,0.0365,0.0377,0.0365,0.0369,1876057.1
2026-04-13 10:00:00,0.0369,0.0373,0.0369,0.0369,480520.1
2026-04-13 11:00:00,0.0369,0.0372,0.0366,0.0369,982370.0
2026-04-13 12:00:00,0.0369,0.0373,0.0365,0.0365,617375.8
2026-04-13 13:00:00,0.0365,0.0371,0.0365,0.037,315232.2
2026-04-13 14:00:00,0.0371,0.0378,0.0368,0.0373,1717709.0
2026-04-13 15:00:00,0.0373,0.0377,0.0368,0.0369,976183.2
2026-04-13 16:00:00,0.037,0.0372,0.0358,0.0368,1790831.3
2026-04-13 17:00:00,0.0368,0.0371,0.0362,0.0362,687967.6
2026-04-13 18:00:00,0.0362,0.0362,0.0355,0.0358,1255347.7
2026-04-13 19:00:00,0.0357,0.036,0.0356,0.0359,698316.6
2026-04-13 20:00:00,0.0358,0.0368,0.0358,0.0363,989966.7
2026-04-13 21:00:00,0.0362,0.0369,0.036,0.0368,617889.1
2026-04-13 22:00:00,0.0369,0.0371,0.0365,0.037,960878.0
2026-04-13 23:00:00,0.037,0.0371,0.0368,0.0369,358853.9
2026-04-14 00:00:00,0.0368,0.0368,0.0362,0.0363,526463.9
2026-04-14 01:00:00,0.0363,0.0369,0.0363,0.0369,337309.7
2026-04-14 02:00:00,0.037,0.0371,0.0365,0.0367,488747.2
2026-04-14 03:00:00,0.0366,0.0373,0.0365,0.0373,684295.1
2026-04-14 04:00:00,0.0372,0.0384,0.0372,0.0376,1550481.3
2026-04-14 05:00:00,0.0376,0.0381,0.037,0.0373,1098539.9
2026-04-14 06:00:00,0.0373,0.0375,0.0369,0.0374,631805.7
2026-04-14 07:00:00,0.0374,0.0384,0.0373,0.038,1308492.1
2026-04-14 08:00:00,0.038,0.0382,0.0369,0.037,1317230.5
2026-04-14 09:00:00,0.0369,0.0369,0.036,0.0362,918678.7
2026-04-14 10:00:00,0.0363,0.0369,0.0361,0.0367,484086.3
2026-04-14 11:00:00,0.0367,0.037,0.036,0.0362,936620.3
2026-04-14 12:00:00,0.0362,0.0371,0.0359,0.0368,1512359.1
2026-04-14 13:00:00,0.0368,0.037,0.0365,0.037,654177.3
2026-04-14 14:00:00,0.0369,0.0381,0.0367,0.0381,2078542.4
2026-04-14 15:00:00,0.038,0.0385,0.0378,0.0384,1263376.0
2026-04-14 16:00:00,0.0385,0.04,0.0374,0.0376,4380637.7
2026-04-14 17:00:00,0.0377,0.0378,0.0367,0.0377,1555383.1
2026-04-14 18:00:00,0.0377,0.038,0.0373,0.0376,469178.4
2026-04-14 19:00:00,0.0375,0.038,0.0373,0.038,668714.1
2026-04-14 20:00:00,0.0379,0.0381,0.0375,0.0375,604989.4
2026-04-14 21:00:00,0.0376,0.0383,0.0375,0.0382,344796.4
2026-04-14 22:00:00,0.0382,0.0384,0.0377,0.0377,368025.3
2026-04-14 23:00:00,0.0377,0.038,0.0376,0.0379,270910.6
2026-04-15 00:00:00,0.0379,0.0382,0.0373,0.0373,899902.5
2026-04-15 01:00:00,0.0373,0.0376,0.0368,0.0369,956434.6
2026-04-15 02:00:00,0.037,0.0375,0.0369,0.0373,289781.7
2026-04-15 03:00:00,0.0374,0.0376,0.0372,0.0372,238873.0
2026-04-15 04:00:00,0.0372,0.0373,0.0365,0.0366,629046.2
2026-04-15 05:00:00,0.0366,0.037,0.0363,0.0364,552274.4
2026-04-15 06:00:00,0.0365,0.0369,0.0364,0.0367,302547.5
2026-04-15 07:00:00,0.0367,0.0369,0.0363,0.0364,321024.2
2026-04-15 08:00:00,0.0364,0.0368,0.0363,0.0367,350427.2
2026-04-15 09:00:00,0.0368,0.0368,0.036,0.0362,559405.3
2026-04-15 10:00:00,0.0361,0.0363,0.0361,0.0361,205241.5
2026-04-15 11:00:00,0.0361,0.0383,0.036,0.0381,4083129.8
2026-04-15 12:00:00,0.038,0.0383,0.0371,0.0371,1187902.6
2026-04-15 13:00:00,0.0372,0.0383,0.0372,0.0382,1777988.4
2026-04-15 14:00:00,0.0382,0.0383,0.0373,0.0375,970928.5
2026-04-15 15:00:00,0.0375,0.0376,0.0372,0.0374,541209.3
2026-04-15 16:00:00,0.0374,0.0377,0.0372,0.0373,821962.7
2026-04-15 17:00:00,0.0373,0.0373,0.0367,0.0367,440746.8
2026-04-15 18:00:00,0.0368,0.037,0.0362,0.0364,752951.8
2026-04-15 19:00:00,0.0364,0.0367,0.0363,0.0367,251024.5
2026-04-15 20:00:00,0.0367,0.0371,0.0366,0.0371,820456.7
2026-04-15 21:00:00,0.0371,0.038,0.037,0.0377,1026717.0
2026-04-15 22:00:00,0.0378,0.0385,0.0377,0.0377,1268311.5
2026-04-15 23:00:00,0.0377,0.038,0.0374,0.038,493010.3
2026-04-16 00:00:00,0.038,0.0381,0.0375,0.0376,463624.5
2026-04-16 01:00:00,0.0376,0.0382,0.0375,0.0381,510944.0
2026-04-16 02:00:00,0.0381,0.0381,0.0375,0.0375,374220.4
2026-04-16 03:00:00,0.0376,0.0379,0.0375,0.0375,376519.4
2026-04-16 04:00:00,0.0375,0.0376,0.0369,0.0371,453643.6
2026-04-16 05:00:00,0.0372,0.0376,0.0369,0.0376,778730.4
2026-04-16 06:00:00,0.0375,0.0381,0.0375,0.0376,448910.1
2026-04-16 07:00:00,0.0377,0.0379,0.0372,0.0378,581813.6
2026-04-16 08:00:00,0.0378,0.0382,0.0377,0.0381,822960.6
2026-04-16 09:00:00,0.038,0.0382,0.0378,0.038,451738.3
2026-04-16 10:00:00,0.038,0.039,0.038,0.039,842942.5
2026-04-16 11:00:00,0.0388,0.0393,0.0386,0.0392,1243298.8
2026-04-16 12:00:00,0.0393,0.0393,0.0383,0.0385,1886141.9
2026-04-16 13:00:00,0.0385,0.0389,0.0383,0.0388,732379.5
2026-04-16 14:00:00,0.0387,0.039,0.0384,0.0384,764354.9
2026-04-16 15:00:00,0.0384,0.0384,0.0378,0.0384,1230337.5
2026-04-16 16:00:00,0.0384,0.0399,0.0384,0.0396,2614271.3
2026-04-16 17:00:00,0.0396,0.0408,0.0394,0.0401,2648591.6
2026-04-16 18:00:00,0.04,0.0401,0.0374,0.0382,5953552.5
2026-04-16 19:00:00,0.0382,0.0383,0.0379,0.0382,314736.4
2026-04-16 20:00:00,0.0382,0.0386,0.0382,0.0386,324418.6
2026-04-16 21:00:00,0.0387,0.0391,0.0386,0.0388,706073.0
2026-04-16 22:00:00,0.0388,0.0391,0.0387,0.0388,217042.6
2026-04-16 23:00:00,0.0388,0.0391,0.0381,0.0385,858748.2
2026-04-17 00:00:00,0.0385,0.0385,0.0381,0.0382,666966.5
2026-04-17 01:00:00,0.0382,0.0384,0.0379,0.0384,1077137.0
2026-04-17 02:00:00,0.0384,0.0384,0.0379,0.0381,137110.5
2026-04-17 03:00:00,0.0381,0.0391,0.038,0.0389,946805.5
2026-04-17 04:00:00,0.0387,0.0398,0.0387,0.0393,1613414.2
2026-04-17 05:00:00,0.0393,0.0403,0.0392,0.0399,2490565.1
2026-04-17 06:00:00,0.0399,0.0402,0.0394,0.0396,1178154.6
2026-04-17 07:00:00,0.0396,0.0397,0.0391,0.0391,347435.3
2026-04-17 08:00:00,0.0393,0.0398,0.0388,0.039,970935.8
2026-04-17 09:00:00,0.039,0.0391,0.0385,0.039,777998.7
2026-04-17 10:00:00,0.039,0.0399,0.039,0.0398,809287.3
2026-04-17 11:00:00,0.0398,0.0401,0.0396,0.0399,463782.8
2026-04-17 12:00:00,0.0398,0.0401,0.0397,0.0398,356258.8
2026-04-17 13:00:00,0.0397,0.0399,0.0391,0.0392,878411.8
2026-04-17 14:00:00,0.0393,0.0394,0.039,0.0393,1865576.7
2026-04-17 15:00:00,0.0393,0.0395,0.0376,0.0383,4192233.1
2026-04-17 16:00:00,0.0382,0.0386,0.0378,0.0383,1122370.7
2026-04-17 17:00:00,0.0384,0.0387,0.0376,0.0377,1485986.6
2026-04-17 18:00:00,0.0377,0.0381,0.0373,0.0381,651017.5
2026-04-17 19:00:00,0.0383,0.0384,0.0382,0.0383,172498.7
2026-04-17 20:00:00,0.0384,0.0386,0.0381,0.0383,241635.1
2026-04-17 21:00:00,0.0383,0.0385,0.0381,0.0383,379701.5
2026-04-17 22:00:00,0.0383,0.0384,0.038,0.038,112206.2
2026-04-17 23:00:00,0.0381,0.0382,0.0379,0.0379,260830.5
2026-04-18 00:00:00,0.0379,0.0383,0.0379,0.0382,276901.2
2026-04-18 01:00:00,0.0382,0.0382,0.0377,0.0378,513656.7
2026-04-18 02:00:00,0.0378,0.0387,0.0378,0.0386,733912.6
2026-04-18 03:00:00,0.0386,0.0387,0.038,0.038,999485.0
2026-04-18 04:00:00,0.038,0.0381,0.0377,0.0381,1197596.2
2026-04-18 05:00:00,0.0381,0.0389,0.0379,0.0387,1436709.7
2026-04-18 06:00:00,0.0387,0.039,0.0385,0.0386,1261224.0
2026-04-18 07:00:00,0.0385,0.0389,0.0384,0.0388,381540.9
2026-04-18 08:00:00,0.0387,0.0389,0.0385,0.0389,428024.6
2026-04-18 09:00:00,0.0389,0.0389,0.0382,0.0382,352717.5
2026-04-18 10:00:00,0.0382,0.0383,0.0379,0.0381,417331.0
2026-04-18 11:00:00,0.0381,0.0384,0.0374,0.038,1660889.3
2026-04-18 12:00:00,0.038,0.0382,0.0377,0.0381,734587.8
2026-04-18 13:00:00,0.0381,0.0382,0.0376,0.0379,311616.0
2026-04-18 14:00:00,0.038,0.0381,0.0375,0.0377,511333.1
2026-04-18 15:00:00,0.0378,0.0378,0.0367,0.0367,505807.5
2026-04-18 16:00:00,0.0368,0.037,0.0353,0.0355,3047978.7
2026-04-18 17:00:00,0.0356,0.036,0.0353,0.0354,872700.9
2026-04-18 18:00:00,0.0354,0.0355,0.0345,0.0347,1734016.1
2026-04-18 19:00:00,0.0348,0.0349,0.034,0.0343,830657.4
2026-04-18 20:00:00,0.0343,0.0344,0.0337,0.0337,604757.3
2026-04-18 21:00:00,0.0337,0.0341,0.0336,0.0338,734565.2
2026-04-18 22:00:00,0.0338,0.0345,0.0338,0.0345,652473.2
2026-04-18 23:00:00,0.0346,0.0346,0.0341,0.0343,451591.8
2026-04-19 00:00:00,0.0343,0.0343,0.0333,0.0335,887777.8
2026-04-19 01:00:00,0.0337,0.0342,0.0337,0.0339,240546.6
2026-04-19 02:00:00,0.0338,0.0343,0.0338,0.0341,551229.1
2026-04-19 03:00:00,0.0341,0.0341,0.0337,0.0338,360389.0
2026-04-19 04:00:00,0.0338,0.0342,0.0338,0.0339,191777.8
2026-04-19 05:00:00,0.0339,0.034,0.0337,0.0337,290389.6
2026-04-19 06:00:00,0.0337,0.0341,0.0336,0.034,319391.4
2026-04-19 07:00:00,0.034,0.0342,0.0336,0.0336,710550.0
2026-04-19 08:00:00,0.0336,0.0337,0.0333,0.0334,302492.9
2026-04-19 09:00:00,0.0333,0.0335,0.0325,0.033,2751805.4
2026-04-19 10:00:00,0.033,0.0333,0.033,0.0333,742642.8
2026-04-19 11:00:00,0.0334,0.0336,0.0332,0.0332,469278.3
2026-04-19 12:00:00,0.0331,0.0334,0.0331,0.0334,731300.6
2026-04-19 13:00:00,0.0334,0.0335,0.0331,0.0331,628428.9
2026-04-19 14:00:00,0.0331,0.0331,0.0325,0.0325,723892.9
2026-04-19 15:00:00,0.0325,0.0327,0.0321,0.0326,1283680.2
2026-04-19 16:00:00,0.0325,0.0329,0.032,0.0328,893411.7
2026-04-19 17:00:00,0.0329,0.0332,0.0327,0.0327,583612.7
2026-04-19 18:00:00,0.0328,0.0331,0.0326,0.0331,431486.9
2026-04-19 19:00:00,0.0331,0.0352,0.033,0.0348,6913113.0
2026-04-19 20:00:00,0.0348,0.0348,0.0338,0.0341,1521146.4
2026-04-19 21:00:00,0.0339,0.0344,0.0337,0.0341,667715.7
2026-04-19 22:00:00,0.0341,0.0345,0.0338,0.0342,868231.6
2026-04-19 23:00:00,0.0342,0.0346,0.0336,0.0338,681769.6
2026-04-20 00:00:00,0.0338,0.0348,0.0338,0.0345,1883142.3
2026-04-20 01:00:00,0.0345,0.0345,0.0341,0.0342,215241.3
2026-04-20 02:00:00,0.0342,0.0342,0.0337,0.0338,276935.7
2026-04-20 03:00:00,0.0338,0.0359,0.0338,0.0352,3483366.5
2026-04-20 04:00:00,0.0353,0.0358,0.035,0.0354,1720158.6
2026-04-20 05:00:00,0.0354,0.0363,0.0353,0.0363,682926.3
2026-04-20 06:00:00,0.0364,0.0365,0.0352,0.0355,2432097.4
2026-04-20 07:00:00,0.0355,0.0357,0.0352,0.0354,691176.1
2026-04-20 08:00:00,0.0354,0.0356,0.0345,0.0348,1597160.4
2026-04-20 09:00:00,0.0348,0.0348,0.0343,0.0344,601576.6
2026-04-20 10:00:00,0.0343,0.0345,0.0341,0.0344,329568.5
2026-04-20 11:00:00,0.0344,0.0346,0.034,0.034,366131.7
2026-04-20 12:00:00,0.034,0.0346,0.034,0.0344,233873.8
2026-04-20 13:00:00,0.0344,0.0344,0.0342,0.0343,214157.4
2026-04-20 14:00:00,0.0343,0.0351,0.0343,0.0348,685608.3
2026-04-20 15:00:00,0.0348,0.0349,0.0343,0.0346,435254.0
2026-04-20 16:00:00,0.0346,0.035,0.0343,0.0346,356807.5
2026-04-20 17:00:00,0.0346,0.0346,0.0343,0.0346,162213.7
2026-04-20 18:00:00,0.0347,0.035,0.0344,0.0344,263294.0
2026-04-20 19:00:00,0.0345,0.0348,0.0345,0.0347,91372.9
2026-04-20 20:00:00,0.0347,0.0347,0.0344,0.0344,120091.0
2026-04-20 21:00:00,0.0344,0.0345,0.0344,0.0345,61923.7
2026-04-20 22:00:00,0.0345,0.0348,0.0345,0.0347,115811.6
2026-04-20 23:00:00,0.0346,0.0346,0.0344,0.0345,57508.5
2026-04-21 00:00:00,0.0346,0.0346,0.0343,0.0345,244266.4
2026-04-21 01:00:00,0.0345,0.0347,0.0345,0.0346,67881.0
2026-04-21 02:00:00,0.0345,0.036,0.0345,0.0358,1122000.3
2026-04-21 03:00:00,0.0357,0.0366,0.0357,0.0362,1864408.6
2026-04-21 04:00:00,0.0362,0.037,0.0359,0.0366,1014724.6
2026-04-21 05:00:00,0.0367,0.0375,0.0363,0.037,999835.4
2026-04-21 06:00:00,0.0371,0.0385,0.0371,0.0383,1967739.9
2026-04-21 07:00:00,0.0384,0.0392,0.0381,0.0386,1697062.1
2026-04-21 08:00:00,0.0387,0.0388,0.037,0.0379,3253117.5
2026-04-21 09:00:00,0.0379,0.0381,0.0368,0.0373,1198620.3
2026-04-21 10:00:00,0.0373,0.0375,0.0363,0.0366,956540.8
2026-04-21 11:00:00,0.0366,0.0371,0.0364,0.0368,406591.9
2026-04-21 12:00:00,0.0368,0.037,0.0365,0.0366,195433.5
2026-04-21 13:00:00,0.0366,0.0375,0.0366,0.0373,353984.4
2026-04-21 14:00:00,0.0374,0.0377,0.0372,0.0375,319854.1
2026-04-21 15:00:00,0.0373,0.0387,0.0373,0.0383,964703.8
2026-04-21 16:00:00,0.0383,0.0386,0.0378,0.0381,722849.9
2026-04-21 17:00:00,0.0382,0.0385,0.0379,0.038,861425.9
2026-04-21 18:00:00,0.038,0.0381,0.0376,0.0379,179493.9
2026-04-21 19:00:00,0.038,0.0383,0.0376,0.0378,271594.0
2026-04-21 20:00:00,0.0378,0.0378,0.0373,0.0374,321166.8
2026-04-21 21:00:00,0.0373,0.0375,0.0371,0.0374,374474.7
2026-04-21 22:00:00,0.0375,0.0379,0.0374,0.0379,105726.7
2026-04-21 23:00:00,0.0379,0.0381,0.0376,0.0377,327773.5
2026-04-22 00:00:00,0.0377,0.0383,0.0366,0.0376,3529719.6
2026-04-22 01:00:00,0.0377,0.038,0.0375,0.0377,427568.3
2026-04-22 02:00:00,0.0377,0.0379,0.0374,0.0379,279991.9
2026-04-22 03:00:00,0.0379,0.038,0.0372,0.0372,111919.4
2026-04-22 04:00:00,0.0372,0.0373,0.037,0.0372,87904.5
2026-04-22 05:00:00,0.0373,0.0377,0.0373,0.0376,202072.7
2026-04-22 06:00:00,0.0377,0.0378,0.0374,0.0377,163161.7
2026-04-22 07:00:00,0.0378,0.0383,0.0377,0.0379,397074.1
2026-04-22 08:00:00,0.0379,0.0389,0.0376,0.0389,923865.2
2026-04-22 09:00:00,0.0388,0.0392,0.0368,0.0381,5313543.1
2026-04-22 10:00:00,0.0382,0.0385,0.0378,0.0383,678492.1
2026-04-22 11:00:00,0.0382,0.0386,0.0366,0.037,2475176.4
2026-04-22 12:00:00,0.037,0.0381,0.0367,0.0379,1360535.3
2026-04-22 13:00:00,0.038,0.0388,0.0376,0.0385,855982.6
2026-04-22 14:00:00,0.0386,0.0386,0.0377,0.0379,1028311.6
2026-04-22 15:00:00,0.0379,0.0381,0.0374,0.038,554296.2
2026-04-22 16:00:00,0.038,0.0382,0.0376,0.0378,380476.7
2026-04-22 17:00:00,0.0377,0.0379,0.0376,0.0379,237909.6
2026-04-22 18:00:00,0.0378,0.0384,0.0378,0.0384,327384.7
2026-04-22 19:00:00,0.0384,0.0385,0.0376,0.0379,855801.7
2026-04-22 20:00:00,0.038,0.038,0.0372,0.0372,603972.1
2026-04-22 21:00:00,0.0372,0.0377,0.037,0.0375,313162.9
2026-04-22 22:00:00,0.0374,0.0376,0.037,0.0374,396176.6
2026-04-22 23:00:00,0.0374,0.0377,0.0373,0.0374,363628.5
2026-04-23 00:00:00,0.0374,0.0377,0.0371,0.0373,587503.3
2026-04-23 01:00:00,0.0373,0.0378,0.0366,0.0377,505453.7
2026-04-23 02:00:00,0.0377,0.0382,0.0375,0.0377,564824.2
2026-04-23 03:00:00,0.0379,0.0382,0.0373,0.0377,429457.2
2026-04-23 04:00:00,0.0377,0.0377,0.0372,0.0374,114665.5
2026-04-23 05:00:00,0.0372,0.0373,0.037,0.0372,196062.6
2026-04-23 06:00:00,0.0372,0.0372,0.0368,0.0369,230189.8
2026-04-23 07:00:00,0.037,0.0374,0.0365,0.037,737915.2
2026-04-23 08:00:00,0.037,0.0374,0.037,0.0371,233107.7
2026-04-23 09:00:00,0.0371,0.0372,0.0365,0.0369,215324.3
2026-04-23 10:00:00,0.0369,0.0377,0.0367,0.0376,451945.0
2026-04-23 11:00:00,0.0376,0.0378,0.0371,0.0372,592074.5
2026-04-23 12:00:00,0.0372,0.0374,0.0366,0.0366,755221.2
2026-04-23 13:00:00,0.0368,0.0373,0.0364,0.0368,801921.6
2026-04-23 14:00:00,0.0368,0.0369,0.0366,0.0367,253936.8
2026-04-23 15:00:00,0.0368,0.0371,0.0367,0.0369,531448.0
2026-04-23 16:00:00,0.0369,0.0377,0.0369,0.0375,525272.0
2026-04-23 17:00:00,0.0375,0.0375,0.0368,0.0371,700943.2
2026-04-23 18:00:00,0.0372,0.0372,0.037,0.037,108761.9
2026-04-23 19:00:00,0.0371,0.0374,0.0371,0.0373,203921.2
2026-04-23 20:00:00,0.0371,0.0372,0.037,0.037,60266.4
2026-04-23 21:00:00,0.037,0.0372,0.037,0.0371,44232.8
2026-04-23 22:00:00,0.037,0.0371,0.0368,0.0369,87567.8
2026-04-23 23:00:00,0.0368,0.037,0.0368,0.0368,97513.5
2026-04-24 00:00:00,0.0368,0.0375,0.0367,0.0371,912604.2
2026-04-24 01:00:00,0.037,0.0375,0.037,0.0373,408563.8
2026-04-24 02:00:00,0.0373,0.0373,0.0371,0.0371,68061.7
2026-04-24 03:00:00,0.0371,0.0375,0.0371,0.0375,218915.7
2026-04-24 04:00:00,0.0375,0.0377,0.0372,0.0373,207901.2
2026-04-24 05:00:00,0.0374,0.0381,0.0374,0.0379,268247.2
2026-04-24 06:00:00,0.0379,0.0379,0.0375,0.0376,180152.7
2026-04-24 07:00:00,0.0377,0.0377,0.0373,0.0374,271718.2
2026-04-24 08:00:00,0.0375,0.0377,0.0373,0.0376,258401.7
2026-04-24 09:00:00,0.0376,0.0379,0.0376,0.0376,195204.3
2026-04-24 10:00:00,0.0375,0.0377,0.0373,0.0374,261911.7
2026-04-24 11:00:00,0.0374,0.0375,0.0372,0.0373,275357.2
2026-04-24 12:00:00,0.0373,0.0377,0.0372,0.0375,149097.9
2026-04-24 13:00:00,0.0375,0.0378,0.0373,0.0374,152324.1
2026-04-24 14:00:00,0.0374,0.0375,0.0367,0.0368,549974.2
2026-04-24 15:00:00,0.0367,0.0371,0.0367,0.0369,385929.5
2026-04-24 16:00:00,0.0369,0.0369,0.0365,0.0368,304500.5
2026-04-24 17:00:00,0.0368,0.037,0.0367,0.0368,74211.6
2026-04-24 18:00:00,0.0368,0.037,0.0367,0.0368,115896.2
2026-04-24 19:00:00,0.0369,0.0369,0.0367,0.0369,42777.7
2026-04-24 20:00:00,0.0368,0.037,0.0366,0.0368,321793.4
2026-04-24 21:00:00,0.0368,0.0368,0.0365,0.0365,55667.2
2026-04-24 22:00:00,0.0365,0.0365,0.0363,0.0364,60302.5
2026-04-24 23:00:00,0.0364,0.0366,0.0364,0.0366,62789.4
2026-04-25 00:00:00,0.0366,0.0372,0.0365,0.0371,203380.8
2026-04-25 01:00:00,0.037,0.0371,0.0368,0.037,86232.3
2026-04-25 02:00:00,0.037,0.0372,0.0364,0.037,721429.3
2026-04-25 03:00:00,0.037,0.037,0.0366,0.0368,300387.6
2026-04-25 04:00:00,0.0369,0.037,0.0367,0.0369,108248.3
2026-04-25 05:00:00,0.0369,0.0369,0.0366,0.0368,33131.8
2026-04-25 06:00:00,0.0367,0.0371,0.0366,0.0371,350866.9
2026-04-25 07:00:00,0.0371,0.0373,0.037,0.037,156309.6
2026-04-25 08:00:00,0.0369,0.0371,0.0369,0.0369,96937.4
2026-04-25 09:00:00,0.0368,0.0369,0.0345,0.0348,3280049.9
2026-04-25 10:00:00,0.0348,0.0358,0.0348,0.0351,1417161.2
2026-04-25 11:00:00,0.0352,0.0354,0.0348,0.0352,621431.0
2026-04-25 12:00:00,0.0353,0.0354,0.0347,0.0347,476010.0
2026-04-25 13:00:00,0.0348,0.0349,0.0344,0.0344,214031.7
2026-04-25 14:00:00,0.0344,0.0344,0.0338,0.034,727154.6
2026-04-25 15:00:00,0.034,0.0342,0.0336,0.034,893016.4
2026-04-25 16:00:00,0.0341,0.0341,0.0332,0.0335,591535.5
2026-04-25 17:00:00,0.0335,0.0337,0.0334,0.0335,401648.8
2026-04-25 18:00:00,0.0336,0.0336,0.033,0.0334,581999.7
2026-04-25 19:00:00,0.0334,0.0335,0.0327,0.0331,838776.6
2026-04-25 20:00:00,0.0331,0.0332,0.0329,0.0331,425152.3
2026-04-25 21:00:00,0.033,0.0334,0.0329,0.0333,446813.9
2026-04-25 22:00:00,0.0333,0.0334,0.033,0.033,183739.1
2026-04-25 23:00:00,0.033,0.0332,0.0329,0.0329,201566.0
2026-04-26 00:00:00,0.0329,0.033,0.0326,0.0329,262445.8
2026-04-26 01:00:00,0.0329,0.0335,0.0329,0.0334,623265.2
2026-04-26 02:00:00,0.0334,0.034,0.0334,0.0337,954810.9
2026-04-26 03:00:00,0.0337,0.0338,0.0334,0.0337,216531.9
2026-04-26 04:00:00,0.0337,0.0341,0.0337,0.034,245530.4
2026-04-26 05:00:00,0.0341,0.0345,0.0338,0.0338,506490.6
2026-04-26 06:00:00,0.0338,0.0343,0.0338,0.0343,183664.1
2026-04-26 07:00:00,0.0343,0.0344,0.0341,0.0342,92180.8
2026-04-26 08:00:00,0.0342,0.0345,0.0342,0.0343,374506.2
2026-04-26 09:00:00,0.0344,0.0346,0.0341,0.0344,382523.8
2026-04-26 10:00:00,0.0344,0.0345,0.0341,0.0344,330172.7
2026-04-26 11:00:00,0.0345,0.0346,0.0344,0.0345,184603.5
2026-04-26 12:00:00,0.0345,0.0347,0.0343,0.0347,222037.7
2026-04-26 13:00:00,0.0347,0.0347,0.0344,0.0344,180673.4
2026-04-26 14:00:00,0.0343,0.0344,0.034,0.034,341777.5
2026-04-26 15:00:00,0.0341,0.0343,0.0341,0.0342,24026.9
2026-04-26 16:00:00,0.0341,0.0343,0.0341,0.0342,51352.4
2026-04-26 17:00:00,0.0342,0.0342,0.034,0.034,214254.3
2026-04-26 18:00:00,0.0341,0.0342,0.034,0.0342,92715.1
2026-04-26 19:00:00,0.0341,0.0341,0.034,0.034,21352.6
2026-04-26 20:00:00,0.034,0.034,0.0338,0.0339,122910.6
2026-04-26 21:00:00,0.034,0.0341,0.0339,0.034,97566.5
2026-04-26 22:00:00,0.0341,0.0343,0.0341,0.0342,60335.2
2026-04-26 23:00:00,0.0342,0.0343,0.034,0.0341,70700.4
2026-04-27 00:00:00,0.0342,0.0343,0.034,0.0341,173485.7
2026-04-27 01:00:00,0.0342,0.0345,0.0342,0.0343,345091.3
2026-04-27 02:00:00,0.0344,0.0344,0.0341,0.0342,74330.0
2026-04-27 03:00:00,0.0341,0.0342,0.034,0.034,35301.6
2026-04-27 04:00:00,0.0341,0.0342,0.034,0.0341,34026.8
2026-04-27 05:00:00,0.0342,0.0344,0.0338,0.0339,439086.7
2026-04-27 06:00:00,0.0338,0.0338,0.0335,0.0337,256248.2
2026-04-27 07:00:00,0.0336,0.0337,0.0334,0.0334,135780.7
2026-04-27 08:00:00,0.0335,0.0338,0.0334,0.0338,76463.6
2026-04-27 09:00:00,0.0338,0.0339,0.0336,0.0337,95091.1
2026-04-27 10:00:00,0.0337,0.0338,0.0336,0.0336,60242.1
2026-04-27 11:00:00,0.0336,0.034,0.0336,0.0337,100899.7
2026-04-27 12:00:00,0.0337,0.0338,0.0335,0.0336,269648.4
2026-04-27 13:00:00,0.0336,0.0336,0.0329,0.0332,3296595.7
2026-04-27 14:00:00,0.0332,0.0333,0.033,0.0332,518702.5
2026-04-27 15:00:00,0.0333,0.0333,0.0327,0.033,469908.1
2026-04-27 16:00:00,0.0328,0.0334,0.0328,0.0332,652631.2
2026-04-27 17:00:00,0.0332,0.0339,0.0331,0.0335,1058125.7
2026-04-27 18:00:00,0.0334,0.0334,0.0332,0.0334,39479.1
2026-04-27 19:00:00,0.0333,0.034,0.0333,0.0335,342009.8
2026-04-27 20:00:00,0.0335,0.0335,0.0334,0.0334,40739.9
2026-04-27 21:00:00,0.0334,0.0342,0.0334,0.0339,605163.7
2026-04-27 22:00:00,0.0339,0.0341,0.0339,0.0339,240486.2
2026-04-27 23:00:00,0.0338,0.0338,0.0337,0.0338,17297.1
2026-04-28 00:00:00,0.0338,0.0339,0.0337,0.0339,90010.2
2026-04-28 01:00:00,0.0339,0.034,0.0338,0.034,15734.4
2026-04-28 02:00:00,0.034,0.034,0.0337,0.0339,99131.5
2026-04-28 03:00:00,0.0338,0.0339,0.0338,0.0338,7765.0
2026-04-28 04:00:00,0.0338,0.0338,0.0335,0.0338,172931.3
2026-04-28 05:00:00,0.0339,0.0339,0.0334,0.0334,231112.2
2026-04-28 06:00:00,0.0334,0.0335,0.0334,0.0334,115038.3
2026-04-28 07:00:00,0.0334,0.0336,0.0333,0.0333,781923.3
2026-04-28 08:00:00,0.0333,0.0334,0.0331,0.0333,353180.0
2026-04-28 09:00:00,0.0333,0.0353,0.0332,0.0341,4828541.5
2026-04-28 10:00:00,0.0341,0.0349,0.034,0.0348,571864.6
2026-04-28 11:00:00,0.0346,0.0348,0.0334,0.0336,1225942.1
2026-04-28 12:00:00,0.0336,0.0338,0.0334,0.0337,332213.7
2026-04-28 13:00:00,0.0337,0.034,0.0334,0.034,736213.9
2026-04-28 14:00:00,0.034,0.0344,0.0338,0.0343,416640.3
2026-04-28 15:00:00,0.0341,0.0342,0.034,0.034,150905.5
2026-04-28 16:00:00,0.0342,0.0342,0.0339,0.034,134795.0
2026-04-28 17:00:00,0.034,0.0341,0.0338,0.034,210548.9
2026-04-28 18:00:00,0.034,0.0342,0.034,0.0341,57336.8
2026-04-28 19:00:00,0.0341,0.0341,0.034,0.034,72658.2
2026-04-28 20:00:00,0.0341,0.0341,0.034,0.0341,89793.4
2026-04-28 21:00:00,0.0341,0.0341,0.0339,0.0339,60587.4
2026-04-28 22:00:00,0.0339,0.0342,0.0339,0.034,123498.4
2026-04-28 23:00:00,0.0339,0.0341,0.0339,0.0341,4714.8
2026-04-29 00:00:00,0.0341,0.0344,0.0341,0.0344,92630.2
2026-04-29 01:00:00,0.0344,0.0344,0.034,0.0342,194176.6
2026-04-29 02:00:00,0.0342,0.0343,0.0341,0.0343,235647.2
2026-04-29 03:00:00,0.0342,0.0345,0.0342,0.0344,44527.7
2026-04-29 04:00:00,0.0344,0.0345,0.0342,0.0344,79792.6
2026-04-29 05:00:00,0.0344,0.0347,0.0343,0.0344,396413.8
2026-04-29 06:00:00,0.0344,0.0345,0.0335,0.0339,1425298.5
2026-04-29 07:00:00,0.034,0.035,0.0337,0.0347,1868633.8
2026-04-29 08:00:00,0.0346,0.0356,0.0345,0.0353,1096421.0
2026-04-29 09:00:00,0.0353,0.037,0.0352,0.0365,2005281.7
2026-04-29 10:00:00,0.0366,0.0376,0.0365,0.0369,1696393.8
2026-04-29 11:00:00,0.0369,0.0375,0.0358,0.0368,1836809.6
2026-04-29 12:00:00,0.0368,0.0376,0.0342,0.0347,3684646.7
2026-04-29 13:00:00,0.0348,0.0351,0.0332,0.0348,4738307.7
2026-04-29 14:00:00,0.0348,0.0353,0.0341,0.0344,564452.6
2026-04-29 15:00:00,0.0343,0.0346,0.0341,0.0343,553565.5
2026-04-29 16:00:00,0.0343,0.0346,0.034,0.034,287495.6
2026-04-29 17:00:00,0.0341,0.0342,0.0339,0.034,275582.5
2026-04-29 18:00:00,0.0341,0.0341,0.0337,0.034,488431.6
2026-04-29 19:00:00,0.034,0.0344,0.0339,0.0341,168911.4
2026-04-29 20:00:00,0.0342,0.0345,0.0341,0.0342,52052.5
2026-04-29 21:00:00,0.0342,0.0344,0.0342,0.0343,167858.2
2026-04-29 22:00:00,0.0343,0.0347,0.0342,0.0345,221205.6
2026-04-29 23:00:00,0.0344,0.0347,0.0342,0.0345,62663.6
2026-04-30 00:00:00,0.0346,0.0349,0.0346,0.0348,178469.1
2026-04-30 01:00:00,0.0348,0.0348,0.0345,0.0345,92500.7
2026-04-30 02:00:00,0.0345,0.0346,0.0344,0.0345,54981.8
2026-04-30 03:00:00,0.0345,0.0348,0.0342,0.0344,167334.0
2026-04-30 04:00:00,0.0343,0.0346,0.0343,0.0346,209635.4
2026-04-30 05:00:00,0.0346,0.0347,0.0344,0.0344,249447.0
2026-04-30 06:00:00,0.0344,0.0344,0.0342,0.0343,116950.6
2026-04-30 07:00:00,0.0343,0.0347,0.0343,0.0345,111778.5
2026-04-30 08:00:00,0.0347,0.0347,0.0344,0.0344,55160.7
2026-04-30 09:00:00,0.0343,0.0343,0.034,0.0342,183518.3
2026-04-30 10:00:00,0.0343,0.0343,0.0339,0.0339,186148.1
2026-04-30 11:00:00,0.034,0.0342,0.034,0.0341,83808.3
2026-04-30 12:00:00,0.0341,0.0342,0.0339,0.0342,320848.0
2026-04-30 13:00:00,0.034,0.0344,0.034,0.0344,194441.7
2026-04-30 14:00:00,0.0344,0.0344,0.0341,0.0342,101024.5
2026-04-30 15:00:00,0.0341,0.0343,0.034,0.034,90906.8
2026-04-30 16:00:00,0.034,0.0342,0.034,0.0341,50782.1
2026-04-30 17:00:00,0.0341,0.0342,0.034,0.0342,59370.8
2026-04-30 18:00:00,0.0342,0.0342,0.0338,0.034,228376.6
2026-04-30 19:00:00,0.034,0.0341,0.0339,0.0339,157960.0
2026-04-30 20:00:00,0.0339,0.034,0.0337,0.0338,178845.3
2026-04-30 21:00:00,0.0338,0.0339,0.0337,0.0339,130931.8
2026-04-30 22:00:00,0.0338,0.0339,0.0338,0.0338,54179.5
2026-04-30 23:00:00,0.0338,0.0339,0.0338,0.0339,32814.2
2026-05-01 00:00:00,0.0339,0.034,0.0338,0.0339,52085.0
2026-05-01 01:00:00,0.0338,0.0338,0.0335,0.0337,655701.7
2026-05-01 02:00:00,0.0337,0.0338,0.0337,0.0337,13644.3
2026-05-01 03:00:00,0.0337,0.034,0.0337,0.0338,155990.4
2026-05-01 04:00:00,0.0338,0.034,0.0338,0.034,64927.5
2026-05-01 05:00:00,0.0338,0.0339,0.0337,0.0338,130290.2
2026-05-01 06:00:00,0.0339,0.0339,0.0337,0.0337,56110.9
2026-05-01 07:00:00,0.0337,0.0337,0.0335,0.0336,92253.1
2026-05-01 08:00:00,0.0337,0.0337,0.0336,0.0336,75979.8
2026-05-01 09:00:00,0.0337,0.0337,0.0335,0.0337,126985.4
2026-05-01 10:00:00,0.0336,0.0337,0.0336,0.0337,146569.3
2026-05-01 11:00:00,0.0337,0.0338,0.0336,0.0338,76455.3
2026-05-01 12:00:00,0.0338,0.0338,0.0336,0.0337,169826.6
2026-05-01 13:00:00,0.0337,0.0338,0.0336,0.0338,106547.0
2026-05-01 14:00:00,0.0337,0.0338,0.0337,0.0337,138240.4
2026-05-01 15:00:00,0.0336,0.0337,0.0335,0.0336,173319.6
2026-05-01 16:00:00,0.0336,0.0341,0.0336,0.034,1503686.7
2026-05-01 17:00:00,0.034,0.0343,0.0339,0.0341,343322.6
2026-05-01 18:00:00,0.0341,0.0344,0.0337,0.0338,477625.8
2026-05-01 19:00:00,0.0338,0.034,0.0337,0.0338,100952.1
2026-05-01 20:00:00,0.0338,0.0339,0.0336,0.0336,199622.8
2026-05-01 21:00:00,0.0336,0.0338,0.0336,0.0337,138471.0
2026-05-01 22:00:00,0.0337,0.0337,0.0335,0.0335,138811.2
2026-05-01 23:00:00,0.0335,0.0335,0.033,0.0333,651858.2
2026-05-02 00:00:00,0.0333,0.0333,0.0332,0.0333,390440.7
2026-05-02 01:00:00,0.0333,0.0333,0.033,0.0331,875306.6
2026-05-02 02:00:00,0.0331,0.0334,0.033,0.0334,2345734.5
2026-05-02 03:00:00,0.0334,0.0337,0.0333,0.0333,250187.7
2026-05-02 04:00:00,0.0334,0.0341,0.0331,0.0338,1167561.2
2026-05-02 05:00:00,0.0338,0.0338,0.0333,0.0333,164684.0
2026-05-02 06:00:00,0.0334,0.0335,0.0334,0.0334,239787.3
2026-05-02 07:00:00,0.0334,0.0335,0.0333,0.0334,52613.3
2026-05-02 08:00:00,0.0334,0.0336,0.0334,0.0334,257111.8
2026-05-02 09:00:00,0.0334,0.0335,0.0333,0.0333,104673.9
2026-05-02 10:00:00,0.0333,0.0335,0.0333,0.0334,148908.9
2026-05-02 11:00:00,0.0333,0.0335,0.0332,0.0332,97310.3
2026-05-02 12:00:00,0.0332,0.0332,0.0331,0.0332,144992.6
2026-05-02 13:00:00,0.0333,0.0334,0.0332,0.0332,165858.6
2026-05-02 14:00:00,0.0332,0.0335,0.0331,0.0334,554772.1
2026-05-02 15:00:00,0.0334,0.0334,0.0331,0.0332,180457.2
2026-05-02 16:00:00,0.0333,0.0333,0.0331,0.0333,196933.8
2026-05-02 17:00:00,0.0333,0.0335,0.0332,0.0334,255810.4
2026-05-02 18:00:00,0.0334,0.0336,0.0334,0.0335,60907.6
2026-05-02 19:00:00,0.0335,0.0343,0.0335,0.0337,598183.5
2026-05-02 20:00:00,0.0337,0.0337,0.0335,0.0335,55444.0
2026-05-02 21:00:00,0.0335,0.0335,0.0333,0.0334,46608.0
2026-05-02 22:00:00,0.0334,0.0334,0.033,0.0331,1174042.9
2026-05-02 23:00:00,0.0331,0.0331,0.033,0.0331,114491.4
2026-05-03 00:00:00,0.0331,0.0331,0.033,0.0331,53250.3
2026-05-03 01:00:00,0.0331,0.0332,0.033,0.0331,143002.5
2026-05-03 02:00:00,0.0331,0.0332,0.0331,0.0332,74829.7
2026-05-03 03:00:00,0.0331,0.0334,0.0331,0.0333,154015.5
2026-05-03 04:00:00,0.0332,0.0332,0.0331,0.0332,144207.4
2026-05-03 05:00:00,0.0332,0.0333,0.0331,0.0333,72596.3
2026-05-03 06:00:00,0.0333,0.0334,0.0331,0.0332,169242.3
2026-05-03 07:00:00,0.0333,0.0333,0.033,0.0331,627695.4
2026-05-03 08:00:00,0.033,0.0335,0.033,0.0333,486709.8
2026-05-03 09:00:00,0.0333,0.0335,0.0332,0.0333,55357.3
2026-05-03 10:00:00,0.0333,0.0334,0.0332,0.0332,223327.4
2026-05-03 11:00:00,0.0332,0.0333,0.033,0.033,196688.5
2026-05-03 12:00:00,0.033,0.0333,0.033,0.0332,306194.8
2026-05-03 13:00:00,0.0332,0.0332,0.0331,0.0332,70761.6
2026-05-03 14:00:00,0.0332,0.0334,0.0331,0.0333,229688.9
2026-05-03 15:00:00,0.0333,0.0334,0.0333,0.0333,39209.9
2026-05-03 16:00:00,0.0332,0.0334,0.0331,0.0331,209195.5
2026-05-03 17:00:00,0.0331,0.0332,0.0331,0.0332,87027.9
2026-05-03 18:00:00,0.0332,0.0334,0.0332,0.0332,172274.1
2026-05-03 19:00:00,0.0332,0.0332,0.0331,0.0332,86104.5
2026-05-03 20:00:00,0.0332,0.0334,0.0332,0.0333,29469.4
2026-05-03 21:00:00,0.0333,0.0334,0.0332,0.0333,99818.4
2026-05-03 22:00:00,0.0334,0.0335,0.0333,0.0333,77108.8
2026-05-03 23:00:00,0.0333,0.0335,0.0333,0.0333,203213.7
2026-05-04 00:00:00,0.0332,0.0335,0.0332,0.0333,240714.8
2026-05-04 01:00:00,0.0333,0.0334,0.0333,0.0333,208341.4
2026-05-04 02:00:00,0.0334,0.0337,0.0333,0.0337,149031.4
2026-05-04 03:00:00,0.0336,0.0338,0.0336,0.0337,443223.3
2026-05-04 04:00:00,0.0338,0.0342,0.0337,0.0337,312288.0
2026-05-04 05:00:00,0.0337,0.0338,0.0335,0.0337,180244.9
2026-05-04 06:00:00,0.0337,0.0337,0.0335,0.0336,147448.8
2026-05-04 07:00:00,0.0336,0.0338,0.0336,0.0336,70763.5
2026-05-04 08:00:00,0.0336,0.0336,0.0335,0.0335,53675.7
2026-05-04 09:00:00,0.0335,0.0337,0.0335,0.0337,158723.8
2026-05-04 10:00:00,0.0337,0.0337,0.0334,0.0335,211300.2
2026-05-04 11:00:00,0.0335,0.0335,0.0333,0.0334,174350.3
2026-05-04 12:00:00,0.0334,0.0335,0.0334,0.0334,21582.6
2026-05-04 13:00:00,0.0333,0.0336,0.0333,0.0335,244470.6
2026-05-04 14:00:00,0.0335,0.0337,0.0334,0.0336,269791.8
2026-05-04 15:00:00,0.0336,0.0338,0.0336,0.0337,158961.0
2026-05-04 16:00:00,0.0337,0.034,0.0336,0.0337,222211.6
2026-05-04 17:00:00,0.0337,0.0338,0.0336,0.0337,80199.7
2026-05-04 18:00:00,0.0337,0.0337,0.0335,0.0335,86819.0
2026-05-04 19:00:00,0.0335,0.0336,0.0335,0.0335,97673.6
2026-05-04 20:00:00,0.0336,0.0336,0.0334,0.0335,19209.7
2026-05-04 21:00:00,0.0335,0.0338,0.0334,0.0335,246220.4
2026-05-04 22:00:00,0.0336,0.0336,0.0335,0.0335,181446.1
2026-05-04 23:00:00,0.0334,0.0337,0.0334,0.0336,88620.5
2026-05-05 00:00:00,0.0336,0.0339,0.0336,0.0338,130945.9
2026-05-05 01:00:00,0.0338,0.0339,0.0337,0.0338,273234.6
2026-05-05 02:00:00,0.0338,0.0338,0.0337,0.0338,147895.4
2026-05-05 03:00:00,0.0337,0.0339,0.0336,0.0339,147079.5
2026-05-05 04:00:00,0.0339,0.0339,0.033,0.0336,1271962.0
2026-05-05 05:00:00,0.0335,0.0335,0.0334,0.0335,133448.8
2026-05-05 06:00:00,0.0334,0.0336,0.0334,0.0336,101939.5
2026-05-05 07:00:00,0.0335,0.0337,0.0335,0.0336,125626.8
2026-05-05 08:00:00,0.0335,0.0336,0.0335,0.0336,92426.1
2026-05-05 09:00:00,0.0335,0.0336,0.0332,0.0334,82071.4
2026-05-05 10:00:00,0.0335,0.0335,0.0334,0.0334,48778.2
2026-05-05 11:00:00,0.0334,0.0336,0.0334,0.0335,207430.7
2026-05-05 12:00:00,0.0335,0.0337,0.0334,0.0334,219062.2
2026-05-05 13:00:00,0.0335,0.0335,0.0334,0.0334,33352.3
2026-05-05 14:00:00,0.0335,0.0335,0.0333,0.0334,75757.1
2026-05-05 15:00:00,0.0333,0.0333,0.0332,0.0333,105470.9
2026-05-05 16:00:00,0.0332,0.0333,0.033,0.0331,220942.8
2026-05-05 17:00:00,0.0331,0.0332,0.0331,0.0331,48024.2
2026-05-05 18:00:00,0.0331,0.0332,0.0331,0.0331,100517.0
2026-05-05 19:00:00,0.0331,0.0332,0.033,0.033,95858.7
2026-05-05 20:00:00,0.033,0.0332,0.033,0.0331,156748.9
2026-05-05 21:00:00,0.0331,0.0334,0.0331,0.0331,692590.9
2026-05-05 22:00:00,0.0331,0.0332,0.033,0.033,171522.2
2026-05-05 23:00:00,0.033,0.0331,0.033,0.0331,24645.8
2026-05-06 00:00:00,0.0332,0.0335,0.0332,0.0334,236975.1
2026-05-06 01:00:00,0.0333,0.0335,0.0333,0.0335,127031.3
2026-05-06 02:00:00,0.0334,0.0335,0.0332,0.0332,148697.2
2026-05-06 03:00:00,0.0332,0.0334,0.0331,0.0333,204478.3
2026-05-06 04:00:00,0.0334,0.0334,0.0331,0.0331,234165.0
2026-05-06 05:00:00,0.0331,0.0333,0.0331,0.0333,181603.4
2026-05-06 06:00:00,0.0334,0.0335,0.0332,0.0334,93778.9
2026-05-06 07:00:00,0.0334,0.0336,0.0333,0.0335,559587.5
2026-05-06 08:00:00,0.0334,0.0337,0.0334,0.0336,486745.6
2026-05-06 09:00:00,0.0337,0.0339,0.0337,0.0338,225534.0
2026-05-06 10:00:00,0.0339,0.0339,0.0337,0.0338,12135.4
2026-05-06 11:00:00,0.0338,0.0338,0.0337,0.0338,128810.3
2026-05-06 12:00:00,0.0337,0.0338,0.0335,0.0338,305943.1
2026-05-06 13:00:00,0.0338,0.0338,0.0335,0.0337,402680.2
2026-05-06 14:00:00,0.0337,0.0337,0.0335,0.0337,121210.9
2026-05-06 15:00:00,0.0337,0.0338,0.0336,0.0337,195977.4
2026-05-06 16:00:00,0.0337,0.0338,0.0336,0.0338,154093.9
2026-05-06 17:00:00,0.0338,0.034,0.0337,0.0339,277329.9
2026-05-06 18:00:00,0.0339,0.0339,0.0337,0.0338,100843.4
2026-05-06 19:00:00,0.0338,0.0339,0.0337,0.0339,74973.8
2026-05-06 20:00:00,0.0339,0.034,0.0338,0.034,190836.4
2026-05-06 21:00:00,0.0339,0.0343,0.0339,0.0342,156388.5
2026-05-06 22:00:00,0.0342,0.0343,0.0341,0.0343,193329.6
2026-05-06 23:00:00,0.0343,0.0345,0.0342,0.0344,124019.2
2026-05-07 00:00:00,0.0345,0.0347,0.0343,0.0345,604237.3
2026-05-07 01:00:00,0.0345,0.0345,0.0343,0.0344,188171.3
2026-05-07 02:00:00,0.0344,0.0344,0.0339,0.0339,505306.1
2026-05-07 03:00:00,0.0339,0.0343,0.0335,0.0338,1116665.7
2026-05-07 04:00:00,0.0338,0.0339,0.0336,0.0339,282587.2
2026-05-07 05:00:00,0.0339,0.0345,0.0339,0.0344,346168.5
2026-05-07 06:00:00,0.0344,0.0358,0.0343,0.0356,1198169.5
2026-05-07 07:00:00,0.0357,0.0361,0.0352,0.0361,2457914.1
2026-05-07 08:00:00,0.0361,0.0363,0.0354,0.0356,1000579.0
2026-05-07 09:00:00,0.0357,0.0364,0.0356,0.0359,1099132.8
2026-05-07 10:00:00,0.0359,0.0361,0.0358,0.0359,134143.1
2026-05-07 11:00:00,0.0359,0.0359,0.0352,0.0358,717340.9
2026-05-07 12:00:00,0.0358,0.0367,0.0357,0.0365,926511.1
2026-05-07 13:00:00,0.0363,0.038,0.0363,0.0374,2946657.2
2026-05-07 14:00:00,0.0374,0.039,0.0374,0.0386,5969457.4
2026-05-07 15:00:00,0.0387,0.039,0.0373,0.038,5608572.1
2026-05-07 16:00:00,0.038,0.0385,0.0373,0.038,1622490.6
2026-05-07 17:00:00,0.0379,0.0384,0.0374,0.0384,974948.5
2026-05-07 18:00:00,0.0383,0.039,0.0382,0.0388,2323952.4
2026-05-07 19:00:00,0.0388,0.039,0.0382,0.0384,1075611.7
2026-05-07 20:00:00,0.0385,0.0389,0.0381,0.0387,879171.7
2026-05-07 21:00:00,0.0387,0.0395,0.0371,0.0376,4671715.6
2026-05-07 22:00:00,0.0376,0.0379,0.0372,0.0376,659318.7
2026-05-07 23:00:00,0.0377,0.0386,0.0377,0.0385,151682.3
2026-05-08 00:00:00,0.0385,0.0391,0.0382,0.0384,928468.6
2026-05-08 01:00:00,0.0385,0.0395,0.0385,0.0395,1466367.5
2026-05-08 02:00:00,0.0393,0.0395,0.0367,0.0372,5678382.4
2026-05-08 03:00:00,0.0372,0.0377,0.0363,0.037,3510474.7
2026-05-08 04:00:00,0.0371,0.0381,0.037,0.0379,1594985.1
2026-05-08 05:00:00,0.0379,0.0382,0.0374,0.0375,938731.1
2026-05-08 06:00:00,0.0375,0.0376,0.0373,0.0374,353532.6
2026-05-08 07:00:00,0.0374,0.0375,0.037,0.0374,762815.8
2026-05-08 08:00:00,0.0373,0.0377,0.0372,0.0376,604599.1
2026-05-08 09:00:00,0.0375,0.0376,0.0371,0.0371,733386.8
2026-05-08 10:00:00,0.0371,0.0376,0.037,0.0374,386645.3
2026-05-08 11:00:00,0.0374,0.0378,0.0373,0.0377,650228.6
2026-05-08 12:00:00,0.0376,0.0377,0.0374,0.0375,217540.2
2026-05-08 13:00:00,0.0374,0.0375,0.0368,0.037,778517.5
2026-05-08 14:00:00,0.0371,0.0375,0.0371,0.0372,471797.5
2026-05-08 15:00:00,0.0372,0.0374,0.0371,0.0374,89324.5
2026-05-08 16:00:00,0.0374,0.0378,0.0373,0.0378,309744.9
2026-05-08 17:00:00,0.0377,0.038,0.0375,0.0377,141959.5
2026-05-08 18:00:00,0.0378,0.0379,0.0377,0.0377,33064.4
2026-05-08 19:00:00,0.0377,0.0378,0.0375,0.0375,60274.0
2026-05-08 20:00:00,0.0375,0.0375,0.0372,0.0374,317852.8
2026-05-08 21:00:00,0.0373,0.0375,0.0372,0.0375,220191.7
2026-05-08 22:00:00,0.0375,0.0379,0.0374,0.0377,125743.4
2026-05-08 23:00:00,0.0376,0.0377,0.0373,0.0376,93521.3
2026-05-09 00:00:00,0.0376,0.038,0.0375,0.0379,39173.7
2026-05-09 01:00:00,0.038,0.0381,0.0377,0.038,165113.0
2026-05-09 02:00:00,0.038,0.038,0.0378,0.0378,225793.9
2026-05-09 03:00:00,0.0378,0.0383,0.0378,0.0381,120939.6
2026-05-09 04:00:00,0.0382,0.0385,0.038,0.0381,288067.6
2026-05-09 05:00:00,0.0382,0.0385,0.0382,0.0382,237353.3
2026-05-09 06:00:00,0.0382,0.0383,0.0379,0.038,225329.3
2026-05-09 07:00:00,0.038,0.0381,0.0377,0.0377,427577.0
2026-05-09 08:00:00,0.0378,0.038,0.0367,0.0374,1774312.4
2026-05-09 09:00:00,0.0374,0.0374,0.0371,0.0372,159137.9
2026-05-09 10:00:00,0.0372,0.0373,0.0369,0.0371,405466.1
2026-05-09 11:00:00,0.037,0.0371,0.0368,0.037,352183.6
2026-05-09 12:00:00,0.0369,0.0372,0.0368,0.0369,598915.7
2026-05-09 13:00:00,0.0368,0.0369,0.0366,0.0368,132863.0
2026-05-09 14:00:00,0.0368,0.0368,0.0364,0.0366,544425.0
2026-05-09 15:00:00,0.0367,0.0374,0.0367,0.0373,408107.1
2026-05-09 16:00:00,0.0372,0.0423,0.0371,0.0411,10894773.8
2026-05-09 17:00:00,0.0411,0.0436,0.0403,0.0431,11453755.1
2026-05-09 18:00:00,0.0432,0.0437,0.0404,0.0406,9411258.8
2026-05-09 19:00:00,0.0406,0.0412,0.0402,0.0411,1142664.7
2026-05-09 20:00:00,0.041,0.0414,0.0406,0.0408,542565.4
2026-05-09 21:00:00,0.0408,0.0411,0.0403,0.041,582972.3
2026-05-09 22:00:00,0.0411,0.0417,0.041,0.0416,678643.8
2026-05-09 23:00:00,0.0416,0.0421,0.0413,0.0414,1728197.6
2026-05-10 00:00:00,0.0414,0.0422,0.0409,0.0418,1263758.6
2026-05-10 01:00:00,0.0417,0.0419,0.0394,0.0399,2747212.6
2026-05-10 02:00:00,0.0399,0.04,0.0385,0.0392,1124394.4
2026-05-10 03:00:00,0.0393,0.0403,0.0393,0.0403,291686.7
2026-05-10 04:00:00,0.0404,0.0409,0.04,0.0406,545384.5
2026-05-10 05:00:00,0.0406,0.0409,0.0405,0.0407,254130.4
2026-05-10 06:00:00,0.0407,0.0407,0.0399,0.0401,1013086.7
2026-05-10 07:00:00,0.0401,0.0409,0.0401,0.0402,687762.6
2026-05-10 08:00:00,0.0402,0.0408,0.04,0.0406,551772.7
2026-05-10 09:00:00,0.0405,0.0406,0.0399,0.0402,719693.5
2026-05-10 10:00:00,0.0402,0.0402,0.0399,0.04,315305.1
2026-05-10 11:00:00,0.04,0.04,0.0389,0.0392,3267553.5
2026-05-10 12:00:00,0.0393,0.0397,0.039,0.0392,591993.1
2026-05-10 13:00:00,0.0392,0.0395,0.0391,0.0391,175432.4
2026-05-10 14:00:00,0.0392,0.0394,0.0391,0.0392,223612.4
2026-05-10 15:00:00,0.0392,0.0401,0.0391,0.0398,607066.8
2026-05-10 16:00:00,0.0398,0.0402,0.0396,0.0401,457477.6
2026-05-10 17:00:00,0.0401,0.0401,0.0395,0.04,685613.7
2026-05-10 18:00:00,0.04,0.0401,0.0396,0.0397,278464.5
2026-05-10 19:00:00,0.0397,0.0398,0.0396,0.0396,64878.2
2026-05-10 20:00:00,0.0397,0.0398,0.0389,0.0389,697869.9
2026-05-10 21:00:00,0.0389,0.0391,0.0386,0.0389,274201.1
2026-05-10 22:00:00,0.0389,0.0395,0.0389,0.0395,141966.3
2026-05-10 23:00:00,0.0395,0.0398,0.0392,0.0392,229568.5
2026-05-11 00:00:00,0.0393,0.0394,0.0387,0.0387,384748.4
2026-05-11 01:00:00,0.0387,0.0388,0.0381,0.0387,769104.2
2026-05-11 02:00:00,0.0386,0.0386,0.0378,0.0379,1063829.9
2026-05-11 03:00:00,0.0379,0.038,0.0373,0.0376,508445.0
2026-05-11 04:00:00,0.0376,0.0379,0.0375,0.0377,484258.1
2026-05-11 05:00:00,0.0377,0.0381,0.0377,0.038,150356.7
2026-05-11 06:00:00,0.0379,0.0383,0.0379,0.0379,502481.2
2026-05-11 07:00:00,0.0378,0.038,0.0376,0.0377,221009.6
2026-05-11 08:00:00,0.0378,0.0382,0.0376,0.0381,486169.6
2026-05-11 09:00:00,0.038,0.0409,0.0379,0.0405,2398967.8
2026-05-11 10:00:00,0.0405,0.0413,0.0387,0.0393,3679649.3
2026-05-11 11:00:00,0.0393,0.0395,0.0389,0.0391,471801.0
2026-05-11 12:00:00,0.0391,0.0391,0.0386,0.0387,137959.6
2026-05-11 13:00:00,0.0387,0.0388,0.0385,0.0388,92169.6
2026-05-11 14:00:00,0.0387,0.0395,0.0387,0.0388,387282.6
2026-05-11 15:00:00,0.0389,0.0394,0.0389,0.0393,378012.2
2026-05-11 16:00:00,0.0392,0.0393,0.0391,0.0392,86412.8
2026-05-11 17:00:00,0.0391,0.0394,0.0391,0.0392,53757.6
2026-05-11 18:00:00,0.0391,0.0405,0.0391,0.0402,796047.3
2026-05-11 19:00:00,0.0403,0.0433,0.0403,0.0422,8371551.3
2026-05-11 20:00:00,0.0421,0.0432,0.0419,0.0432,2423223.5
2026-05-11 21:00:00,0.0432,0.0442,0.0428,0.0435,3309360.6
2026-05-11 22:00:00,0.0436,0.0445,0.0427,0.0435,5827038.3
2026-05-11 23:00:00,0.0435,0.0435,0.0422,0.0429,7175502.8
2026-05-12 00:00:00,0.0428,0.043,0.0416,0.0425,4314314.8
2026-05-12 01:00:00,0.0423,0.0425,0.042,0.042,484468.6
2026-05-12 02:00:00,0.042,0.0423,0.0419,0.0423,286314.6
2026-05-12 03:00:00,0.0422,0.0423,0.0418,0.0421,612057.0
2026-05-12 04:00:00,0.0422,0.0433,0.0421,0.0432,1766018.6
2026-05-12 05:00:00,0.0434,0.0448,0.0428,0.0441,1990257.5
2026-05-12 06:00:00,0.0441,0.0448,0.0428,0.0432,2146406.9
2026-05-12 07:00:00,0.0434,0.0439,0.0428,0.043,950107.2
2026-05-12 08:00:00,0.0431,0.044,0.0429,0.0432,981557.3
2026-05-12 09:00:00,0.0432,0.0434,0.0417,0.0428,4048683.9
2026-05-12 10:00:00,0.0427,0.0434,0.0398,0.0428,5788611.1
2026-05-12 11:00:00,0.0429,0.0434,0.0416,0.0421,4416151.4
2026-05-12 12:00:00,0.0421,0.0424,0.0407,0.0413,2094195.7
2026-05-12 13:00:00,0.0414,0.0417,0.0412,0.0414,414990.4
2026-05-12 14:00:00,0.0415,0.042,0.0415,0.0418,864296.6
2026-05-12 15:00:00,0.0417,0.0425,0.0415,0.0423,490099.5
2026-05-12 16:00:00,0.0422,0.0422,0.0405,0.041,1403475.8
2026-05-12 17:00:00,0.041,0.0419,0.0408,0.0417,474955.2
2026-05-12 18:00:00,0.0416,0.0416,0.0412,0.0412,288155.6
2026-05-12 19:00:00,0.0412,0.0416,0.0412,0.0414,119565.2
2026-05-12 20:00:00,0.0414,0.0417,0.041,0.0411,230626.9
2026-05-12 21:00:00,0.0411,0.0411,0.0409,0.041,187713.1
2026-05-12 22:00:00,0.0411,0.0413,0.041,0.0411,170533.7
2026-05-12 23:00:00,0.041,0.041,0.0409,0.041,29299.6
2026-05-13 00:00:00,0.0409,0.0414,0.0409,0.0414,107880.2
2026-05-13 01:00:00,0.0414,0.0417,0.0413,0.0415,98322.8
2026-05-13 02:00:00,0.0417,0.0419,0.0415,0.0415,173359.7
2026-05-13 03:00:00,0.0416,0.042,0.0416,0.0418,109655.9
2026-05-13 04:00:00,0.0418,0.0418,0.0414,0.0416,98721.7
2026-05-13 05:00:00,0.0417,0.0418,0.0409,0.0409,1325812.5
2026-05-13 06:00:00,0.041,0.0413,0.0408,0.0411,423200.3
2026-05-13 07:00:00,0.0412,0.0413,0.0408,0.0411,559181.7
2026-05-13 08:00:00,0.041,0.0411,0.0406,0.041,230827.7
2026-05-13 09:00:00,0.0411,0.0414,0.0411,0.0413,122849.5
2026-05-13 10:00:00,0.0414,0.0414,0.041,0.0414,181158.9
2026-05-13 11:00:00,0.0414,0.0415,0.0406,0.0409,676707.7
2026-05-13 12:00:00,0.0409,0.0413,0.0402,0.0408,1573651.0
2026-05-13 13:00:00,0.0408,0.0413,0.0407,0.0413,1453851.2
2026-05-13 14:00:00,0.0413,0.0427,0.0412,0.0423,1724219.5
2026-05-13 15:00:00,0.0423,0.0433,0.042,0.0423,3247178.7
2026-05-13 16:00:00,0.0423,0.0435,0.0423,0.0435,1428378.2
2026-05-13 17:00:00,0.0435,0.0438,0.0424,0.0432,2139289.4
2026-05-13 18:00:00,0.0433,0.0433,0.0421,0.0423,487936.4
2026-05-13 19:00:00,0.0423,0.0425,0.0419,0.042,220013.1
2026-05-13 20:00:00,0.042,0.042,0.0415,0.042,637194.1
2026-05-13 21:00:00,0.042,0.0423,0.0413,0.0415,620296.2
2026-05-13 22:00:00,0.0416,0.0418,0.0415,0.0416,129071.9
2026-05-13 23:00:00,0.0416,0.0424,0.0416,0.0421,560652.0
2026-05-14 00:00:00,0.0422,0.0424,0.042,0.0424,230090.6
2026-05-14 01:00:00,0.0424,0.0429,0.0423,0.0424,292189.3
2026-05-14 02:00:00,0.0424,0.0426,0.0419,0.0422,458640.6
2026-05-14 03:00:00,0.0422,0.0428,0.0416,0.0419,1821087.0
2026-05-14 04:00:00,0.042,0.0421,0.0418,0.0418,407841.5
2026-05-14 05:00:00,0.0418,0.0418,0.041,0.0411,460733.4
2026-05-14 06:00:00,0.041,0.0412,0.0401,0.0403,1881296.1
2026-05-14 07:00:00,0.0402,0.0404,0.0388,0.0391,1906295.8
2026-05-14 08:00:00,0.0391,0.0396,0.0391,0.0394,340860.8
2026-05-14 09:00:00,0.0394,0.0396,0.0383,0.0386,976213.4
2026-05-14 10:00:00,0.0385,0.039,0.0383,0.039,383320.1
2026-05-14 11:00:00,0.0389,0.0392,0.0387,0.0391,371410.4
2026-05-14 12:00:00,0.039,0.0397,0.039,0.0396,180294.2
2026-05-14 13:00:00,0.0397,0.0399,0.0395,0.0397,159134.4
2026-05-14 14:00:00,0.0397,0.0403,0.0397,0.0399,237685.9
2026-05-14 15:00:00,0.0399,0.0401,0.0397,0.04,314406.0
2026-05-14 16:00:00,0.0399,0.0403,0.0398,0.0401,240063.9
2026-05-14 17:00:00,0.0401,0.0407,0.0398,0.0405,484332.8
2026-05-14 18:00:00,0.0404,0.0421,0.0403,0.0421,404095.2
2026-05-14 19:00:00,0.0421,0.0421,0.0406,0.0407,533723.2
2026-05-14 20:00:00,0.0407,0.041,0.0404,0.0405,160809.6
2026-05-14 21:00:00,0.0405,0.0409,0.0404,0.0405,162480.0
2026-05-14 22:00:00,0.0404,0.0406,0.0403,0.0406,55804.3
2026-05-14 23:00:00,0.0406,0.0406,0.0405,0.0406,42670.1
2026-05-15 00:00:00,0.0404,0.0411,0.0404,0.0405,409448.0
2026-05-15 01:00:00,0.0406,0.0408,0.0403,0.0408,156874.1
2026-05-15 02:00:00,0.0408,0.041,0.0406,0.0409,235387.5
2026-05-15 03:00:00,0.041,0.0413,0.041,0.0412,79607.1
2026-05-15 04:00:00,0.0412,0.0412,0.0406,0.0406,29937.5
2026-05-15 05:00:00,0.0405,0.0416,0.0405,0.041,458267.5
2026-05-15 06:00:00,0.041,0.0417,0.041,0.0412,209477.8
2026-05-15 07:00:00,0.0413,0.0423,0.041,0.0418,895681.2
2026-05-15 08:00:00,0.0418,0.0418,0.0408,0.041,463514.6
2026-05-15 09:00:00,0.041,0.0413,0.0406,0.0409,161119.1
2026-05-15 10:00:00,0.0409,0.0411,0.0403,0.0407,530206.1
2026-05-15 11:00:00,0.0406,0.0408,0.0404,0.0405,145872.0
2026-05-15 12:00:00,0.0404,0.0409,0.0402,0.0406,390332.2
2026-05-15 13:00:00,0.0404,0.0404,0.0382,0.0383,2447919.5
2026-05-15 14:00:00,0.0383,0.0388,0.038,0.0386,532083.2
2026-05-15 15:00:00,0.0386,0.039,0.0385,0.039,458324.7
2026-05-15 16:00:00,0.039,0.0391,0.0387,0.039,164948.8
2026-05-15 17:00:00,0.039,0.0396,0.039,0.0396,204102.1
2026-05-15 18:00:00,0.0397,0.0398,0.0391,0.0392,330996.0
2026-05-15 19:00:00,0.0392,0.0392,0.039,0.039,24940.6
2026-05-15 20:00:00,0.039,0.0392,0.039,0.039,88399.8
2026-05-15 21:00:00,0.0391,0.0391,0.0388,0.0389,51164.0
2026-05-15 22:00:00,0.0389,0.039,0.0388,0.0389,47127.8
2026-05-15 23:00:00,0.0388,0.0388,0.0384,0.0387,384203.3
2026-05-16 00:00:00,0.0388,0.0393,0.0387,0.0393,58985.1
2026-05-16 01:00:00,0.0392,0.0393,0.0387,0.0388,78130.6
2026-05-16 02:00:00,0.0389,0.039,0.0387,0.0388,12071.3
2026-05-16 03:00:00,0.0388,0.0391,0.0388,0.0388,86071.6
2026-05-16 04:00:00,0.0388,0.0388,0.0383,0.0385,224571.1
2026-05-16 05:00:00,0.0385,0.0386,0.0384,0.0384,112577.2
2026-05-16 06:00:00,0.0383,0.0385,0.038,0.038,502117.8
2026-05-16 07:00:00,0.038,0.038,0.0371,0.0374,1527625.6
2026-05-16 08:00:00,0.0376,0.0379,0.0376,0.0377,109212.1
2026-05-16 09:00:00,0.0377,0.0377,0.0372,0.0374,282136.6
2026-05-16 10:00:00,0.0373,0.0374,0.0371,0.0374,350382.6
2026-05-16 11:00:00,0.0373,0.038,0.0373,0.0378,205666.3
2026-05-16 12:00:00,0.0378,0.0382,0.0377,0.038,192268.9
2026-05-16 13:00:00,0.0379,0.0379,0.0376,0.0379,30223.8
2026-05-16 14:00:00,0.0378,0.0378,0.0376,0.0376,33282.5
2026-05-16 15:00:00,0.0376,0.0377,0.0376,0.0377,38802.0
2026-05-16 16:00:00,0.0377,0.0379,0.0377,0.0377,53383.1
2026-05-16 17:00:00,0.0377,0.0379,0.0376,0.0378,164803.2
2026-05-16 18:00:00,0.0377,0.0378,0.0377,0.0377,4480.2
2026-05-16 19:00:00,0.0377,0.0378,0.0377,0.0377,32638.4
2026-05-16 20:00:00,0.0377,0.0377,0.0375,0.0375,48663.6
2026-05-16 21:00:00,0.0376,0.0376,0.0375,0.0375,21626.3
2026-05-16 22:00:00,0.0375,0.0375,0.0373,0.0373,49183.3
2026-05-16 23:00:00,0.0373,0.0373,0.0371,0.0371,144507.0
2026-05-17 00:00:00,0.0372,0.0373,0.037,0.037,114475.4
2026-05-17 01:00:00,0.0369,0.037,0.0368,0.037,205347.1
2026-05-17 02:00:00,0.037,0.0374,0.037,0.0373,47765.5
2026-05-17 03:00:00,0.0374,0.0377,0.0373,0.0377,41923.4
2026-05-17 04:00:00,0.0376,0.0386,0.0376,0.0386,623981.2
2026-05-17 05:00:00,0.0388,0.0391,0.0385,0.0389,393592.7
2026-05-17 06:00:00,0.0388,0.039,0.0385,0.0388,403469.1
2026-05-17 07:00:00,0.0389,0.0389,0.0385,0.0386,97327.1
2026-05-17 08:00:00,0.0386,0.0386,0.0383,0.0383,606334.2
2026-05-17 09:00:00,0.0383,0.0385,0.0383,0.0385,33494.3
2026-05-17 10:00:00,0.0387,0.039,0.0386,0.0387,174185.1
2026-05-17 11:00:00,0.0386,0.0386,0.0383,0.0383,86247.1
2026-05-17 12:00:00,0.0384,0.0385,0.0383,0.0383,58510.3
2026-05-17 13:00:00,0.0383,0.0383,0.0381,0.0381,76669.1
2026-05-17 14:00:00,0.0381,0.0381,0.0379,0.038,90921.1
2026-05-17 15:00:00,0.0379,0.0381,0.0378,0.038,208783.9
2026-05-17 16:00:00,0.0379,0.0383,0.0379,0.038,176095.3
2026-05-17 17:00:00,0.038,0.038,0.0379,0.038,60660.6
2026-05-17 18:00:00,0.0381,0.0382,0.0379,0.038,25438.7
2026-05-17 19:00:00,0.0381,0.0381,0.038,0.0381,25887.9
2026-05-17 20:00:00,0.038,0.038,0.0379,0.0379,9884.2
2026-05-17 21:00:00,0.0379,0.0384,0.0379,0.0384,39928.8
2026-05-17 22:00:00,0.038,0.0381,0.0376,0.0377,52677.6
2026-05-17 23:00:00,0.0377,0.0377,0.0359,0.0369,1837956.3
2026-05-18 00:00:00,0.0369,0.0371,0.0367,0.0368,350036.0
2026-05-18 01:00:00,0.0368,0.0369,0.036,0.0361,2364345.0
2026-05-18 02:00:00,0.0361,0.0363,0.0358,0.036,470145.4
2026-05-18 03:00:00,0.0361,0.0363,0.0355,0.0355,1736308.5
2026-05-18 04:00:00,0.0356,0.0358,0.0351,0.0351,1530513.5
2026-05-18 05:00:00,0.0352,0.0359,0.0351,0.0357,766075.7
2026-05-18 06:00:00,0.0357,0.0359,0.0352,0.0355,582147.8
2026-05-18 07:00:00,0.0356,0.0357,0.0353,0.0354,296747.1
2026-05-18 08:00:00,0.0354,0.0359,0.0353,0.0359,338226.4
2026-05-18 09:00:00,0.036,0.0368,0.0357,0.0368,1674867.5
2026-05-18 10:00:00,0.0366,0.0368,0.0363,0.0366,1044112.1
2026-05-18 11:00:00,0.0365,0.0373,0.0363,0.0368,894243.0
2026-05-18 12:00:00,0.0366,0.0367,0.0361,0.0362,487862.5
2026-05-18 13:00:00,0.0362,0.0364,0.0361,0.0362,334795.8
2026-05-18 14:00:00,0.036,0.0362,0.0355,0.0357,384459.1
2026-05-18 15:00:00,0.0357,0.0358,0.0353,0.0358,579970.5
2026-05-18 16:00:00,0.0357,0.0359,0.0355,0.0357,388456.8
2026-05-18 17:00:00,0.0356,0.0358,0.0356,0.0358,91544.4
2026-05-18 18:00:00,0.0356,0.0357,0.0353,0.0354,180452.4
2026-05-18 19:00:00,0.0354,0.0362,0.0354,0.036,215482.8
2026-05-18 20:00:00,0.036,0.0361,0.0357,0.0357,69424.1
2026-05-18 21:00:00,0.0357,0.0361,0.0356,0.0361,106271.6
2026-05-18 22:00:00,0.0361,0.0362,0.036,0.036,200437.3
2026-05-18 23:00:00,0.036,0.0361,0.0359,0.0359,168266.1
2026-05-19 00:00:00,0.0358,0.0359,0.0356,0.0358,264321.7
2026-05-19 01:00:00,0.0358,0.0358,0.0354,0.0356,72600.0
2026-05-19 02:00:00,0.0355,0.0356,0.0353,0.0353,334477.0
2026-05-19 03:00:00,0.0353,0.0356,0.0353,0.0355,61903.4
2026-05-19 04:00:00,0.0355,0.0358,0.0355,0.0357,124810.2
2026-05-19 05:00:00,0.0357,0.0357,0.0355,0.0357,134050.5
2026-05-19 06:00:00,0.0356,0.0357,0.0355,0.0356,196623.6
2026-05-19 07:00:00,0.0355,0.0356,0.0351,0.0352,2167302.7
2026-05-19 08:00:00,0.0352,0.0352,0.0349,0.0349,269622.8
2026-05-19 09:00:00,0.0349,0.035,0.0345,0.0346,262371.8
2026-05-19 10:00:00,0.0346,0.0349,0.0346,0.0349,118617.5
2026-05-19 11:00:00,0.0348,0.035,0.0344,0.0348,241066.8
2026-05-19 12:00:00,0.0348,0.0349,0.0346,0.0348,72396.3
2026-05-19 13:00:00,0.0349,0.0351,0.0348,0.0351,90889.4
2026-05-19 14:00:00,0.035,0.035,0.0347,0.0348,74192.6
2026-05-19 15:00:00,0.0348,0.0356,0.0348,0.0354,179922.3
2026-05-19 16:00:00,0.0356,0.0372,0.0354,0.0359,2969233.8
2026-05-19 17:00:00,0.0361,0.0363,0.0358,0.036,363186.0
2026-05-19 18:00:00,0.0361,0.0363,0.0359,0.036,166329.3
2026-05-19 19:00:00,0.0359,0.0361,0.0356,0.0358,257889.4
2026-05-19 20:00:00,0.0358,0.0361,0.0358,0.0361,129447.9
2026-05-19 21:00:00,0.0362,0.0362,0.0359,0.0359,103722.1
2026-05-19 22:00:00,0.036,0.036,0.0359,0.0359,10438.5
2026-05-19 23:00:00,0.036,0.0362,0.036,0.036,61911.9
2026-05-20 00:00:00,0.0359,0.0371,0.0357,0.0367,1098478.8
2026-05-20 01:00:00,0.0368,0.0369,0.0365,0.0367,388645.2
2026-05-20 02:00:00,0.0367,0.037,0.0367,0.0369,64761.0
2026-05-20 03:00:00,0.0369,0.0372,0.0368,0.037,70998.2
2026-05-20 04:00:00,0.0369,0.037,0.0367,0.037,104206.3
2026-05-20 05:00:00,0.0369,0.0372,0.0368,0.0371,129818.6
2026-05-20 06:00:00,0.0372,0.0375,0.0372,0.0374,415026.0
2026-05-20 07:00:00,0.0374,0.0376,0.0373,0.0374,440524.4
2026-05-20 08:00:00,0.0373,0.0373,0.0365,0.0366,467680.7
2026-05-20 09:00:00,0.0366,0.0369,0.0366,0.0368,175240.3
2026-05-20 10:00:00,0.0369,0.037,0.0367,0.0369,97610.0
2026-05-20 11:00:00,0.037,0.037,0.0369,0.0369,75506.2
2026-05-20 12:00:00,0.037,0.0376,0.037,0.0374,377885.1
2026-05-20 13:00:00,0.0375,0.0381,0.037,0.0371,3026712.5
2026-05-20 14:00:00,0.037,0.0372,0.0369,0.037,207454.5
2026-05-20 15:00:00,0.037,0.0376,0.037,0.0375,362988.0
2026-05-20 16:00:00,0.0375,0.0376,0.0373,0.0375,224507.6
2026-05-20 17:00:00,0.0375,0.0376,0.0374,0.0375,35125.9
2026-05-20 18:00:00,0.0375,0.0377,0.0374,0.0374,337692.9
2026-05-20 19:00:00,0.0374,0.0377,0.0374,0.0375,182570.1
2026-05-20 20:00:00,0.0374,0.0374,0.0371,0.0373,95445.0
2026-05-20 21:00:00,0.0373,0.0373,0.0371,0.0372,13889.1
2026-05-20 22:00:00,0.0371,0.0371,0.037,0.0371,80779.9
2026-05-20 23:00:00,0.0372,0.0373,0.0371,0.0372,26304.9
2026-05-21 00:00:00,0.0371,0.0374,0.0368,0.0374,417937.2
2026-05-21 01:00:00,0.0374,0.0376,0.0373,0.0375,97958.9
2026-05-21 02:00:00,0.0375,0.0375,0.0373,0.0373,32080.1
2026-05-21 03:00:00,0.0373,0.0375,0.0373,0.0374,51293.6
2026-05-21 04:00:00,0.0373,0.0374,0.0372,0.0372,68849.1
2026-05-21 05:00:00,0.0373,0.0373,0.0371,0.0371,51038.4
2026-05-21 06:00:00,0.0371,0.0375,0.0371,0.0375,63677.7
2026-05-21 07:00:00,0.0374,0.0382,0.0374,0.0377,822926.7
2026-05-21 08:00:00,0.0378,0.0378,0.0375,0.0377,183481.7
2026-05-21 09:00:00,0.0376,0.0376,0.0371,0.0372,488041.0
2026-05-21 10:00:00,0.0371,0.0371,0.0368,0.0369,275240.8
2026-05-21 11:00:00,0.0369,0.0371,0.0369,0.037,149296.3
2026-05-21 12:00:00,0.0371,0.0371,0.037,0.0371,50225.4
2026-05-21 13:00:00,0.0372,0.0373,0.037,0.037,46904.7
2026-05-21 14:00:00,0.0372,0.0373,0.0371,0.0371,28851.0
2026-05-21 15:00:00,0.0371,0.0373,0.037,0.0372,144563.4
2026-05-21 16:00:00,0.0372,0.0372,0.0372,0.0372,43117.3
2026-05-21 17:00:00,0.0373,0.0376,0.0373,0.0375,96916.8
2026-05-21 18:00:00,0.0375,0.0379,0.0374,0.0377,85842.3
2026-05-21 19:00:00,0.0377,0.0379,0.0375,0.0376,191359.6
2026-05-21 20:00:00,0.0377,0.0377,0.0376,0.0377,36694.0
2026-05-21 21:00:00,0.0377,0.0378,0.0377,0.0378,65167.4
2026-05-21 22:00:00,0.0377,0.0377,0.0375,0.0375,58304.8
2026-05-21 23:00:00,0.0376,0.0379,0.0376,0.0378,120745.9
2026-05-22 00:00:00,0.0377,0.0378,0.0375,0.0375,93946.3
2026-05-22 01:00:00,0.0374,0.0375,0.0374,0.0375,111429.3
2026-05-22 02:00:00,0.0376,0.038,0.0374,0.0378,776813.2
2026-05-22 03:00:00,0.0378,0.0379,0.0376,0.0378,213937.6
2026-05-22 04:00:00,0.0378,0.0379,0.0377,0.0378,134655.9
2026-05-22 05:00:00,0.0377,0.0378,0.0374,0.0375,151550.5
2026-05-22 06:00:00,0.0375,0.0375,0.0373,0.0374,248934.8
2026-05-22 07:00:00,0.0373,0.0375,0.0372,0.0373,197439.5
2026-05-22 08:00:00,0.0374,0.038,0.0374,0.0379,376898.2
2026-05-22 09:00:00,0.038,0.038,0.0377,0.0379,372798.4
2026-05-22 10:00:00,0.0378,0.038,0.0376,0.0377,503895.6
2026-05-22 11:00:00,0.0377,0.0379,0.0377,0.0379,207923.6
2026-05-22 12:00:00,0.0379,0.0382,0.0378,0.038,245151.6
2026-05-22 13:00:00,0.038,0.0381,0.0378,0.0378,275447.3
2026-05-22 14:00:00,0.0377,0.0378,0.0375,0.0376,481743.7
2026-05-22 15:00:00,0.0376,0.0381,0.0376,0.0379,452275.2
2026-05-22 16:00:00,0.0379,0.0385,0.0378,0.0384,212557.7
2026-05-22 17:00:00,0.0385,0.0387,0.038,0.0382,650718.4
2026-05-22 18:00:00,0.0383,0.0394,0.0378,0.0381,5274797.2
2026-05-22 19:00:00,0.038,0.0388,0.0376,0.0384,2346756.9
2026-05-22 20:00:00,0.0386,0.039,0.0382,0.0388,680606.2
2026-05-22 21:00:00,0.0388,0.0397,0.0386,0.0395,1106498.3
2026-05-22 22:00:00,0.0396,0.0398,0.0391,0.0393,842576.1
2026-05-22 23:00:00,0.0393,0.0395,0.0387,0.0389,936231.7
2026-05-23 00:00:00,0.0389,0.0394,0.0388,0.0389,385669.3
2026-05-23 01:00:00,0.0391,0.0398,0.039,0.0396,310431.8
2026-05-23 02:00:00,0.0397,0.0404,0.0389,0.0391,3912910.1
2026-05-23 03:00:00,0.0391,0.0397,0.039,0.0396,292214.7
2026-05-23 04:00:00,0.0396,0.0399,0.0395,0.0397,846432.8
2026-05-23 05:00:00,0.0397,0.0402,0.0396,0.0402,442098.9
2026-05-23 06:00:00,0.0401,0.0405,0.0397,0.0399,1278759.3
2026-05-23 07:00:00,0.0398,0.04,0.0383,0.0391,2782682.3
2026-05-23 08:00:00,0.0391,0.0406,0.0391,0.0405,1423610.0
2026-05-23 09:00:00,0.0405,0.0408,0.04,0.0406,2145007.3
2026-05-23 10:00:00,0.0406,0.0408,0.0397,0.0398,1144156.7
2026-05-23 11:00:00,0.0398,0.0405,0.0396,0.0398,694379.7
2026-05-23 12:00:00,0.0398,0.0404,0.0398,0.0402,590466.6
2026-05-23 13:00:00,0.0402,0.0402,0.0393,0.0394,455658.1
2026-05-23 14:00:00,0.0394,0.04,0.0391,0.0395,528393.4
2026-05-23 15:00:00,0.0395,0.0395,0.0384,0.0388,977386.5
2026-05-23 16:00:00,0.0388,0.039,0.0385,0.0386,347000.3
2026-05-23 17:00:00,0.0386,0.0389,0.0385,0.0388,135034.6
2026-05-23 18:00:00,0.0388,0.0392,0.0387,0.0387,412109.4
2026-05-23 19:00:00,0.0388,0.039,0.0388,0.039,56707.5
2026-05-23 20:00:00,0.0391,0.0392,0.0388,0.0392,358893.1
2026-05-23 21:00:00,0.0392,0.0395,0.039,0.0394,169100.7
2026-05-23 22:00:00,0.0394,0.0396,0.039,0.0391,378213.4
2026-05-23 23:00:00,0.0391,0.0392,0.039,0.039,96766.4
2026-05-24 00:00:00,0.0391,0.0391,0.0386,0.0386,162567.5
2026-05-24 01:00:00,0.0387,0.0387,0.0385,0.0387,286693.8
2026-05-24 02:00:00,0.0387,0.0388,0.0385,0.0385,67121.6
2026-05-24 03:00:00,0.0384,0.0385,0.0382,0.0382,359857.3
2026-05-24 04:00:00,0.0382,0.0386,0.0382,0.0384,249235.6
2026-05-24 05:00:00,0.0383,0.0383,0.0376,0.0377,810736.1
2026-05-24 06:00:00,0.0377,0.0381,0.0377,0.0379,480900.5
2026-05-24 07:00:00,0.0378,0.038,0.0377,0.0379,523266.5
2026-05-24 08:00:00,0.0379,0.0383,0.0378,0.0383,255812.7
2026-05-24 09:00:00,0.0382,0.0382,0.0377,0.0379,277784.8
2026-05-24 10:00:00,0.0378,0.038,0.0377,0.0378,269228.2
2026-05-24 11:00:00,0.0378,0.0378,0.0373,0.0377,429813.9
2026-05-24 12:00:00,0.0376,0.0377,0.0372,0.0373,467818.4
2026-05-24 13:00:00,0.0373,0.0374,0.0371,0.0373,356218.3
2026-05-24 14:00:00,0.0374,0.0374,0.0368,0.037,415752.0
2026-05-24 15:00:00,0.037,0.0372,0.037,0.0372,436993.4
2026-05-24 16:00:00,0.037,0.0374,0.0368,0.0371,298463.1
2026-05-24 17:00:00,0.0371,0.0371,0.0369,0.037,366062.2
2026-05-24 18:00:00,0.037,0.0372,0.037,0.0371,67769.6
2026-05-24 19:00:00,0.0371,0.0372,0.0368,0.0369,54826.5
2026-05-24 20:00:00,0.0368,0.0368,0.0365,0.0366,237796.6
2026-05-24 21:00:00,0.0366,0.037,0.0364,0.0367,656387.3
2026-05-24 22:00:00,0.0366,0.037,0.0363,0.0365,2102869.6
2026-05-24 23:00:00,0.0365,0.0366,0.0361,0.0362,1119869.7
2026-05-25 00:00:00,0.0362,0.0366,0.0361,0.0363,855992.8
2026-05-25 01:00:00,0.0363,0.0365,0.0362,0.0364,105777.6
2026-05-25 02:00:00,0.0364,0.037,0.0364,0.0369,451038.8
2026-05-25 03:00:00,0.037,0.037,0.0366,0.0369,279107.7
2026-05-25 04:00:00,0.0368,0.0375,0.0368,0.0375,213446.4
2026-05-25 05:00:00,0.0375,0.0381,0.0374,0.0378,260954.0
2026-05-25 06:00:00,0.0377,0.0377,0.0373,0.0375,294648.8
2026-05-25 07:00:00,0.0375,0.0376,0.0372,0.0373,233429.8
2026-05-25 08:00:00,0.0373,0.0374,0.0369,0.037,267307.1
2026-05-25 09:00:00,0.0369,0.0369,0.0366,0.0368,258371.6
2026-05-25 10:00:00,0.0369,0.037,0.0369,0.0369,178788.0
2026-05-25 11:00:00,0.0369,0.0372,0.0367,0.0369,1062757.5
2026-05-25 12:00:00,0.0368,0.0374,0.0368,0.0372,839094.5
2026-05-25 13:00:00,0.0372,0.0374,0.0371,0.0373,177466.4
2026-05-25 14:00:00,0.0373,0.0374,0.0369,0.0369,528985.6
2026-05-25 15:00:00,0.0369,0.037,0.0353,0.0358,3645012.1
2026-05-25 16:00:00,0.0358,0.0362,0.0358,0.0359,987152.0
2026-05-25 17:00:00,0.0359,0.0362,0.0356,0.0361,453640.2
2026-05-25 18:00:00,0.0361,0.0362,0.036,0.036,232527.5
2026-05-25 19:00:00,0.036,0.036,0.0356,0.0357,225918.2
2026-05-25 20:00:00,0.0356,0.0357,0.0353,0.0355,244074.4
2026-05-25 21:00:00,0.0354,0.0355,0.0352,0.0352,120658.2
2026-05-25 22:00:00,0.0352,0.0353,0.0347,0.0349,681173.5
2026-05-25 23:00:00,0.0348,0.035,0.0348,0.035,382258.9
2026-05-26 00:00:00,0.035,0.0353,0.0347,0.0349,772939.5
2026-05-26 01:00:00,0.0349,0.0349,0.0344,0.0345,1033466.4
2026-05-26 02:00:00,0.0346,0.0347,0.0344,0.0345,337648.0
2026-05-26 03:00:00,0.0345,0.0349,0.0342,0.0342,881181.2
2026-05-26 04:00:00,0.0343,0.0346,0.0342,0.0342,825450.6
2026-05-26 05:00:00,0.0342,0.0342,0.0339,0.0342,907405.6
2026-05-26 06:00:00,0.0341,0.0345,0.034,0.0342,522577.3
2026-05-26 07:00:00,0.0341,0.0341,0.0338,0.0339,229465.2
2026-05-26 08:00:00,0.0338,0.0341,0.0338,0.034,223169.3
2026-05-26 09:00:00,0.0339,0.034,0.0337,0.034,316593.5
2026-05-26 10:00:00,0.0339,0.0341,0.0337,0.034,428254.9
2026-05-26 11:00:00,0.0341,0.0347,0.0338,0.0344,782436.8
2026-05-26 12:00:00,0.0344,0.0344,0.034,0.034,288787.0
2026-05-26 13:00:00,0.034,0.034,0.0337,0.034,333629.2
2026-05-26 14:00:00,0.034,0.034,0.0337,0.0338,655485.5
2026-05-26 15:00:00,0.0337,0.0355,0.0332,0.0352,4945495.2
2026-05-26 16:00:00,0.0352,0.0355,0.0348,0.0355,1621907.1
2026-05-26 17:00:00,0.0355,0.0356,0.0348,0.0351,1105571.7
2026-05-26 18:00:00,0.035,0.0351,0.0338,0.0338,561705.4
2026-05-26 19:00:00,0.0338,0.0338,0.0335,0.0336,662897.8
2026-05-26 20:00:00,0.0336,0.0343,0.0335,0.0341,946560.0
2026-05-26 21:00:00,0.034,0.034,0.0336,0.0337,148741.5
2026-05-26 22:00:00,0.0337,0.0338,0.0336,0.0336,210406.8
2026-05-26 23:00:00,0.0337,0.0338,0.0336,0.0338,192085.6
2026-05-27 00:00:00,0.0339,0.034,0.0336,0.034,321747.4
2026-05-27 01:00:00,0.034,0.034,0.0336,0.0339,809108.0
2026-05-27 02:00:00,0.034,0.034,0.0331,0.0331,541254.4
2026-05-27 03:00:00,0.0331,0.0333,0.0329,0.0329,751611.9
2026-05-27 04:00:00,0.0329,0.033,0.0326,0.0328,510338.7
2026-05-27 05:00:00,0.0328,0.0335,0.0326,0.0333,1326355.9
2026-05-27 06:00:00,0.0334,0.0336,0.0334,0.0335,83209.0
2026-05-27 07:00:00,0.0334,0.0335,0.0332,0.0335,257285.8
2026-05-27 08:00:00,0.0336,0.0337,0.0334,0.0335,712427.0
2026-05-27 09:00:00,0.0336,0.0337,0.0335,0.0335,589955.3
2026-05-27 10:00:00,0.0336,0.0341,0.0336,0.034,161613.7
2026-05-27 11:00:00,0.0339,0.0339,0.0336,0.0336,74972.7
2026-05-27 12:00:00,0.0336,0.034,0.0336,0.034,194540.9
2026-05-27 13:00:00,0.034,0.0345,0.0338,0.0342,499005.3
2026-05-27 14:00:00,0.0343,0.0343,0.0338,0.0341,1065309.2
2026-05-27 15:00:00,0.0341,0.0344,0.034,0.0342,289197.2
2026-05-27 16:00:00,0.0343,0.0355,0.0343,0.0346,1941732.5
2026-05-27 17:00:00,0.0346,0.0346,0.0341,0.0341,275477.8
2026-05-27 18:00:00,0.034,0.0344,0.034,0.0344,621996.2
2026-05-27 19:00:00,0.0344,0.0344,0.0342,0.0342,156378.1
2026-05-27 20:00:00,0.0342,0.0344,0.0342,0.0342,121997.7
2026-05-27 21:00:00,0.0341,0.0344,0.0335,0.0335,1515490.0
2026-05-27 22:00:00,0.0336,0.0344,0.0336,0.0338,615893.5
2026-05-27 23:00:00,0.034,0.034,0.0337,0.0338,161037.4
2026-05-28 00:00:00,0.0338,0.0346,0.0334,0.0341,1652061.2
2026-05-28 01:00:00,0.0341,0.0341,0.0338,0.0339,231566.2
2026-05-28 02:00:00,0.0339,0.0342,0.0339,0.0342,388863.5
2026-05-28 03:00:00,0.0341,0.0341,0.0334,0.0336,518387.2
2026-05-28 04:00:00,0.0335,0.0335,0.0326,0.0331,667801.2
2026-05-28 05:00:00,0.033,0.033,0.0323,0.0325,252488.5
2026-05-28 06:00:00,0.0325,0.0332,0.0324,0.0332,1509756.9
2026-05-28 07:00:00,0.0331,0.0333,0.0329,0.0331,131386.9
2026-05-28 08:00:00,0.0331,0.0334,0.0331,0.0333,89702.9
2026-05-28 09:00:00,0.0334,0.0336,0.0333,0.0335,183941.4
2026-05-28 10:00:00,0.0334,0.0335,0.0333,0.0333,152362.2
2026-05-28 11:00:00,0.0334,0.0334,0.0332,0.0332,89551.8
2026-05-28 12:00:00,0.0331,0.0333,0.033,0.0331,413155.5
2026-05-28 13:00:00,0.033,0.0335,0.033,0.0334,328267.2
2026-05-28 14:00:00,0.0334,0.0334,0.0329,0.033,621395.1
2026-05-28 15:00:00,0.033,0.033,0.0326,0.0329,118673.3
2026-05-28 16:00:00,0.0328,0.0333,0.0326,0.0333,142974.0
2026-05-28 17:00:00,0.0333,0.0335,0.0333,0.0335,73656.7
2026-05-28 18:00:00,0.0336,0.0338,0.0336,0.0337,28381.4
2026-05-28 19:00:00,0.0337,0.0338,0.0336,0.0337,143888.6
2026-05-28 20:00:00,0.0335,0.0339,0.0335,0.0338,180954.2
2026-05-28 21:00:00,0.0338,0.0338,0.0338,0.0338,13089.6
2026-05-28 22:00:00,0.0337,0.0337,0.0335,0.0335,63454.3
2026-05-28 23:00:00,0.0335,0.0337,0.0334,0.0335,77698.4
2026-05-29 00:00:00,0.0336,0.0338,0.0335,0.0338,39590.0
2026-05-29 01:00:00,0.0338,0.0339,0.0338,0.0338,72811.5
2026-05-29 02:00:00,0.0337,0.034,0.0337,0.0337,99649.9
2026-05-29 03:00:00,0.0337,0.0339,0.0337,0.0339,10740.8
2026-05-29 04:00:00,0.0338,0.0341,0.0337,0.0341,142968.1
2026-05-29 05:00:00,0.0341,0.0344,0.0339,0.0344,908830.8
2026-05-29 06:00:00,0.0344,0.0344,0.0339,0.0341,237829.6
2026-05-29 07:00:00,0.0342,0.0342,0.0335,0.0335,187448.3
2026-05-29 08:00:00,0.0336,0.0338,0.0334,0.0335,332513.6
2026-05-29 09:00:00,0.0335,0.0336,0.0333,0.0334,148473.2
2026-05-29 10:00:00,0.0335,0.0336,0.0331,0.0332,996628.0
2026-05-29 11:00:00,0.0333,0.0334,0.0331,0.0332,78267.2
2026-05-29 12:00:00,0.0333,0.0333,0.0332,0.0333,97761.2
2026-05-29 13:00:00,0.0333,0.0335,0.033,0.0335,85676.3
2026-05-29 14:00:00,0.0335,0.0354,0.0334,0.035,1195444.2
2026-05-29 15:00:00,0.035,0.036,0.0349,0.0359,1668077.3
2026-05-29 16:00:00,0.036,0.0361,0.0354,0.0355,768877.3
2026-05-29 17:00:00,0.0356,0.036,0.0354,0.036,165390.1
2026-05-29 18:00:00,0.0359,0.036,0.0354,0.0354,208197.7
2026-05-29 19:00:00,0.0355,0.036,0.0355,0.0358,158683.3
2026-05-29 20:00:00,0.0356,0.0359,0.0355,0.0355,31932.1
2026-05-29 21:00:00,0.0354,0.0356,0.0352,0.0355,58122.1
2026-05-29 22:00:00,0.0354,0.0358,0.0354,0.0356,49873.3
2026-05-29 23:00:00,0.0355,0.036,0.0354,0.0357,118270.8
2026-05-30 00:00:00,0.0357,0.036,0.0355,0.0359,258326.3
2026-05-30 01:00:00,0.0359,0.0364,0.0356,0.0364,400922.5
2026-05-30 02:00:00,0.0363,0.0363,0.0361,0.0362,324438.7
2026-05-30 03:00:00,0.0362,0.0364,0.036,0.036,188602.1
2026-05-30 04:00:00,0.036,0.036,0.0356,0.0359,157910.5
2026-05-30 05:00:00,0.0359,0.0362,0.0359,0.0361,41514.7
2026-05-30 06:00:00,0.036,0.0362,0.0358,0.0359,116108.0
2026-05-30 07:00:00,0.0359,0.036,0.0357,0.036,62310.2
2026-05-30 08:00:00,0.0359,0.036,0.0356,0.0359,70509.3
2026-05-30 09:00:00,0.0358,0.0359,0.0355,0.0355,616371.3
2026-05-30 10:00:00,0.0355,0.0356,0.0353,0.0355,377820.0
2026-05-30 11:00:00,0.0355,0.0356,0.0354,0.0355,94035.8
2026-05-30 12:00:00,0.0354,0.0357,0.0354,0.0356,61149.3
2026-05-30 13:00:00,0.0356,0.0356,0.0354,0.0354,8766.5
2026-05-30 14:00:00,0.0354,0.0379,0.0354,0.037,2337071.1
2026-05-30 15:00:00,0.037,0.0375,0.0367,0.0373,1054104.6
2026-05-30 16:00:00,0.0373,0.0378,0.0371,0.0371,165796.4
2026-05-30 17:00:00,0.0371,0.0373,0.0369,0.037,321655.7
2026-05-30 18:00:00,0.0371,0.0376,0.0368,0.0372,588204.0
2026-05-30 19:00:00,0.0372,0.0374,0.0372,0.0373,18785.7
2026-05-30 20:00:00,0.0375,0.0379,0.0374,0.0374,739884.0
2026-05-30 21:00:00,0.0373,0.0373,0.0367,0.0369,233102.7
2026-05-30 22:00:00,0.0369,0.0369,0.0361,0.0363,273992.7
2026-05-30 23:00:00,0.0364,0.0366,0.0362,0.0365,183379.7
2026-05-31 00:00:00,0.0366,0.0372,0.0365,0.0367,429075.5
2026-05-31 01:00:00,0.0367,0.0368,0.0366,0.0368,184733.1
2026-05-31 02:00:00,0.0369,0.037,0.0368,0.0369,12444.3
2026-05-31 03:00:00,0.0367,0.037,0.0367,0.0369,161582.9
2026-05-31 04:00:00,0.0368,0.037,0.0367,0.037,64837.9
2026-05-31 05:00:00,0.037,0.037,0.0369,0.037,52497.4
2026-05-31 06:00:00,0.037,0.0371,0.0368,0.0369,31804.2
2026-05-31 07:00:00,0.0367,0.0374,0.0367,0.0373,927000.6
2026-05-31 08:00:00,0.0373,0.039,0.0373,0.0385,4058525.3
2026-05-31 09:00:00,0.0384,0.0395,0.0383,0.0384,5219620.7
2026-05-31 10:00:00,0.0385,0.0387,0.0378,0.0379,1716859.2
2026-05-31 11:00:00,0.0379,0.0379,0.0358,0.036,4706758.2
2026-05-31 12:00:00,0.0361,0.0362,0.0354,0.0362,700523.8
2026-05-31 13:00:00,0.0361,0.0365,0.0361,0.0364,324294.3
2026-05-31 14:00:00,0.0365,0.0365,0.0358,0.0361,515592.2
2026-05-31 15:00:00,0.0362,0.0362,0.0357,0.0361,391726.5
2026-05-31 16:00:00,0.0361,0.0364,0.0359,0.036,411626.6
2026-05-31 17:00:00,0.036,0.0364,0.0356,0.0358,844228.1
2026-05-31 18:00:00,0.0357,0.036,0.0356,0.0358,49711.1
2026-05-31 19:00:00,0.0357,0.0361,0.0357,0.0358,423285.7
2026-05-31 20:00:00,0.0358,0.036,0.0358,0.036,65082.3
2026-05-31 21:00:00,0.036,0.0362,0.0358,0.036,64467.8
2026-05-31 22:00:00,0.036,0.0364,0.0359,0.0364,167507.1
2026-05-31 23:00:00,0.0364,0.0367,0.0363,0.0364,160523.8
2026-06-01 00:00:00,0.0364,0.0368,0.0363,0.0366,182839.8
2026-06-01 01:00:00,0.0365,0.0365,0.0363,0.0363,34738.4
2026-06-01 02:00:00,0.0362,0.0368,0.0362,0.0364,336284.2
2026-06-01 03:00:00,0.0364,0.0366,0.0362,0.0364,110989.9
2026-06-01 04:00:00,0.0364,0.0364,0.036,0.0363,147834.2
2026-06-01 05:00:00,0.0363,0.0364,0.0359,0.0361,133822.5
2026-06-01 06:00:00,0.036,0.0361,0.0348,0.0353,1572405.6
2026-06-01 07:00:00,0.0352,0.0355,0.035,0.0353,569481.6
2026-06-01 08:00:00,0.0353,0.0358,0.0352,0.0354,726439.6
2026-06-01 09:00:00,0.0354,0.0358,0.0353,0.0358,115888.8
2026-06-01 10:00:00,0.0357,0.0358,0.034,0.0343,2318616.1
2026-06-01 11:00:00,0.0343,0.0347,0.0342,0.0344,306261.0
2026-06-01 12:00:00,0.0344,0.0344,0.0341,0.0344,89095.9
2026-06-01 13:00:00,0.0344,0.0344,0.034,0.0342,1133724.8
2026-06-01 14:00:00,0.0342,0.0343,0.0341,0.0342,73198.0
2026-06-01 15:00:00,0.0341,0.0345,0.0341,0.0345,216035.8
2026-06-01 16:00:00,0.0345,0.035,0.0345,0.035,137439.0
2026-06-01 17:00:00,0.0349,0.035,0.0347,0.0349,236420.8
2026-06-01 18:00:00,0.0348,0.0352,0.0346,0.035,531286.5
2026-06-01 19:00:00,0.035,0.0351,0.0348,0.0349,121479.6
2026-06-01 20:00:00,0.0349,0.0349,0.0348,0.0348,27154.8
2026-06-01 21:00:00,0.0347,0.0347,0.0342,0.0342,303941.3
2026-06-01 22:00:00,0.0342,0.0344,0.034,0.0344,100898.1
2026-06-01 23:00:00,0.0343,0.0345,0.0343,0.0345,10385.8
2026-06-02 00:00:00,0.0346,0.0346,0.0344,0.0345,48497.4
2026-06-02 01:00:00,0.0345,0.0345,0.0341,0.0342,66830.1
2026-06-02 02:00:00,0.0342,0.0343,0.034,0.0343,91477.8
2026-06-02 03:00:00,0.0343,0.0346,0.0342,0.0345,273905.3
2026-06-02 04:00:00,0.0344,0.0345,0.034,0.034,187335.8
2026-06-02 05:00:00,0.034,0.0343,0.0339,0.0341,482748.0
2026-06-02 06:00:00,0.034,0.0342,0.034,0.0341,256096.6
2026-06-02 07:00:00,0.034,0.0342,0.0338,0.0342,342999.1
2026-06-02 08:00:00,0.0341,0.0341,0.0338,0.0339,210896.1
2026-06-02 09:00:00,0.034,0.0342,0.0338,0.034,366798.7
2026-06-02 10:00:00,0.034,0.0344,0.034,0.0343,312906.4
2026-06-02 11:00:00,0.0343,0.0344,0.0341,0.0344,92483.0
2026-06-02 12:00:00,0.0343,0.0354,0.0342,0.035,1312599.7
2026-06-02 13:00:00,0.035,0.0355,0.035,0.0352,501186.5
2026-06-02 14:00:00,0.0352,0.0356,0.0343,0.0349,599012.6
2026-06-02 15:00:00,0.0347,0.0349,0.0334,0.0349,2874674.8
2026-06-02 16:00:00,0.0348,0.0357,0.0347,0.0354,1125056.4
2026-06-02 17:00:00,0.0353,0.0359,0.0352,0.0355,604784.2
2026-06-02 18:00:00,0.0354,0.0356,0.0348,0.0349,181657.7
2026-06-02 19:00:00,0.0349,0.035,0.0342,0.0344,318795.0
2026-06-02 20:00:00,0.0344,0.0349,0.0344,0.0348,135851.1
2026-06-02 21:00:00,0.0348,0.035,0.0344,0.0345,178060.3
2026-06-02 22:00:00,0.0345,0.0346,0.0342,0.0342,187593.2
2026-06-02 23:00:00,0.0343,0.035,0.0341,0.0344,242397.0
2026-06-03 00:00:00,0.0344,0.0352,0.0344,0.0347,47835.0
2026-06-03 01:00:00,0.0347,0.0348,0.034,0.0343,526020.3
2026-06-03 02:00:00,0.0345,0.0347,0.0343,0.0345,86699.3
2026-06-03 03:00:00,0.0345,0.0345,0.034,0.0342,261321.5
2026-06-03 04:00:00,0.0341,0.0344,0.0341,0.0343,37926.9
2026-06-03 05:00:00,0.0344,0.0348,0.0344,0.0346,181379.3
2026-06-03 06:00:00,0.0346,0.035,0.0345,0.0348,167420.4
2026-06-03 07:00:00,0.0347,0.035,0.0347,0.0348,133383.5
2026-06-03 08:00:00,0.0346,0.0351,0.0345,0.0349,431137.5
2026-06-03 09:00:00,0.0349,0.0349,0.0345,0.0347,389694.7
2026-06-03 10:00:00,0.0348,0.035,0.0347,0.0347,136248.8
2026-06-03 11:00:00,0.0347,0.035,0.0347,0.0348,141289.2
2026-06-03 12:00:00,0.0348,0.035,0.0345,0.035,163728.3
2026-06-03 13:00:00,0.0349,0.0354,0.0347,0.0349,319918.5
2026-06-03 14:00:00,0.0349,0.0349,0.0345,0.0347,162372.5
2026-06-03 15:00:00,0.0347,0.0348,0.0347,0.0348,69126.5
2026-06-03 16:00:00,0.0349,0.0351,0.0347,0.0351,131062.3
2026-06-03 17:00:00,0.0351,0.0351,0.0347,0.0349,157884.9
2026-06-03 18:00:00,0.0349,0.0353,0.0347,0.0352,86891.4
2026-06-03 19:00:00,0.0351,0.0354,0.0351,0.0352,146592.6
2026-06-03 20:00:00,0.0351,0.0353,0.0346,0.0346,82110.9
2026-06-03 21:00:00,0.0348,0.0352,0.0348,0.0352,51137.5
2026-06-03 22:00:00,0.0352,0.0352,0.035,0.0351,79037.6
2026-06-03 23:00:00,0.0349,0.0351,0.0346,0.0348,252596.5
2026-06-04 00:00:00,0.0348,0.035,0.0347,0.0349,191343.0
2026-06-04 01:00:00,0.0349,0.0351,0.034,0.0341,1010224.3
2026-06-04 02:00:00,0.034,0.034,0.0317,0.0336,7251304.0
2026-06-04 03:00:00,0.0335,0.0346,0.0335,0.0345,285145.7
2026-06-04 04:00:00,0.0345,0.0346,0.0341,0.0341,191306.3
2026-06-04 05:00:00,0.034,0.0341,0.0338,0.0339,719501.4
2026-06-04 06:00:00,0.0338,0.0343,0.0338,0.0341,233471.1
2026-06-04 07:00:00,0.0341,0.0341,0.0331,0.0332,2160629.9
2026-06-04 08:00:00,0.0332,0.0334,0.0329,0.0333,424866.2
2026-06-04 09:00:00,0.0329,0.033,0.0317,0.032,1826972.7
2026-06-04 10:00:00,0.032,0.0323,0.0316,0.032,919058.1
2026-06-04 11:00:00,0.0321,0.0323,0.0317,0.0322,351006.6
2026-06-04 12:00:00,0.0322,0.0327,0.0321,0.0323,1989761.7
2026-06-04 13:00:00,0.0323,0.0325,0.032,0.0322,371226.5
2026-06-04 14:00:00,0.0322,0.0324,0.0321,0.0321,141811.1
2026-06-04 15:00:00,0.032,0.0324,0.0319,0.0319,182324.0
2026-06-04 16:00:00,0.0318,0.0326,0.0314,0.0325,801857.9
2026-06-04 17:00:00,0.0326,0.0327,0.0319,0.0321,153742.1
2026-06-04 18:00:00,0.0318,0.0324,0.0318,0.0323,169293.1
2026-06-04 19:00:00,0.0323,0.0323,0.0319,0.0319,29930.5
2026-06-04 20:00:00,0.0318,0.0318,0.0311,0.0313,723321.3
2026-06-04 21:00:00,0.0313,0.0315,0.0305,0.0305,818261.1
2026-06-04 22:00:00,0.0305,0.0306,0.0301,0.0306,579524.5
2026-06-04 23:00:00,0.0304,0.0307,0.0304,0.0307,304044.7
2026-06-05 00:00:00,0.0307,0.0312,0.0306,0.0308,646409.4
2026-06-05 01:00:00,0.0307,0.0308,0.0304,0.0308,397474.6
2026-06-05 02:00:00,0.0306,0.0306,0.0297,0.0299,962904.8
2026-06-05 03:00:00,0.0299,0.0299,0.0292,0.0295,1293403.7
2026-06-05 04:00:00,0.0295,0.03,0.0293,0.03,1048167.5
2026-06-05 05:00:00,0.0301,0.0302,0.0284,0.0286,2133695.8
2026-06-05 06:00:00,0.0286,0.0289,0.0275,0.0281,3507528.0
2026-06-05 07:00:00,0.0282,0.029,0.0277,0.0284,1213960.2
2026-06-05 08:00:00,0.0284,0.0284,0.0248,0.0251,20605269.8
2026-06-05 09:00:00,0.0249,0.0259,0.0244,0.0252,4755951.4
2026-06-05 10:00:00,0.0253,0.0259,0.0236,0.0244,9700164.6
2026-06-05 11:00:00,0.0244,0.0247,0.0232,0.0234,8606906.1
2026-06-05 12:00:00,0.0234,0.0236,0.0223,0.0231,7749262.6
2026-06-05 13:00:00,0.0232,0.024,0.0227,0.023,3993428.1
2026-06-05 14:00:00,0.0229,0.0236,0.0228,0.0231,3309246.0
2026-06-05 15:00:00,0.0231,0.0231,0.0223,0.0229,4670779.1
2026-06-05 16:00:00,0.0228,0.0232,0.0222,0.0231,4662352.9
2026-06-05 17:00:00,0.023,0.0246,0.0227,0.0245,7443229.8
2026-06-05 18:00:00,0.0246,0.0249,0.0237,0.0238,3425522.8
2026-06-05 19:00:00,0.0239,0.0239,0.023,0.0235,2691450.9
2026-06-05 20:00:00,0.0235,0.0239,0.0232,0.0239,2270328.1
2026-06-05 21:00:00,0.0239,0.0241,0.0236,0.0237,2873431.7
2026-06-05 22:00:00,0.0236,0.0247,0.0234,0.0244,2890656.5
2026-06-05 23:00:00,0.0243,0.0243,0.0235,0.0242,1435037.9
2026-06-06 00:00:00,0.0242,0.0246,0.0239,0.0244,1104697.7
2026-06-06 01:00:00,0.0245,0.0245,0.024,0.0244,1222646.8
2026-06-06 02:00:00,0.0244,0.0247,0.0237,0.0237,2352537.3
2026-06-06 03:00:00,0.0237,0.0238,0.0234,0.0235,1013019.8
2026-06-06 04:00:00,0.0236,0.0237,0.0226,0.0227,1939698.6
2026-06-06 05:00:00,0.0228,0.0238,0.0227,0.0238,1268335.9
2026-06-06 06:00:00,0.0238,0.0255,0.0237,0.0254,3483820.3
2026-06-06 07:00:00,0.0254,0.0313,0.0254,0.0282,24818641.4
2026-06-06 08:00:00,0.0282,0.0288,0.0273,0.028,5429071.1
2026-06-06 09:00:00,0.028,0.028,0.0268,0.0269,4180267.8
2026-06-06 10:00:00,0.0269,0.0282,0.0266,0.0276,6412397.9
2026-06-06 11:00:00,0.0277,0.0304,0.0277,0.0289,19012363.7
2026-06-06 12:00:00,0.0289,0.0309,0.0283,0.0309,17044038.9
2026-06-06 13:00:00,0.0308,0.0309,0.0286,0.0304,11635439.9
2026-06-06 14:00:00,0.0305,0.0323,0.0294,0.0303,17851078.9
2026-06-06 15:00:00,0.0303,0.0315,0.0293,0.0307,11246826.6
2026-06-06 16:00:00,0.0307,0.0321,0.0299,0.03,8656566.7
2026-06-06 17:00:00,0.03,0.0311,0.0298,0.0303,6689317.1
2026-06-06 18:00:00,0.0303,0.0315,0.0303,0.0309,3393859.5
2026-06-06 19:00:00,0.0309,0.0315,0.0304,0.0305,4793389.0
2026-06-06 20:00:00,0.0304,0.0313,0.0302,0.0311,2245614.6
2026-06-06 21:00:00,0.0312,0.0314,0.0305,0.0307,2726574.0
2026-06-06 22:00:00,0.0307,0.0307,0.0299,0.0304,1029469.5
2026-06-06 23:00:00,0.0304,0.0304,0.0297,0.0298,1199394.5
2026-06-07 00:00:00,0.0298,0.0329,0.0297,0.0325,8558869.4
2026-06-07 01:00:00,0.0325,0.0333,0.0315,0.0328,7857354.1
2026-06-07 02:00:00,0.0328,0.0328,0.0313,0.0323,6444733.0
2026-06-07 03:00:00,0.0323,0.0328,0.0315,0.0319,5304641.0
2026-06-07 04:00:00,0.032,0.0321,0.0307,0.0316,5800534.3
2026-06-07 05:00:00,0.0316,0.0339,0.0311,0.0329,7617238.2
2026-06-07 06:00:00,0.033,0.0351,0.0325,0.0339,10611072.3
2026-06-07 07:00:00,0.034,0.0343,0.0334,0.0337,4055559.1
2026-06-07 08:00:00,0.0338,0.0343,0.0336,0.0338,935887.3
2026-06-07 09:00:00,0.0338,0.0341,0.0332,0.0332,907884.0
2026-06-07 10:00:00,0.0332,0.0354,0.0331,0.0352,7961436.3
2026-06-07 11:00:00,0.035,0.0363,0.0349,0.036,13110603.4
2026-06-07 12:00:00,0.036,0.0361,0.0328,0.0329,11020654.8
2026-06-07 13:00:00,0.0329,0.0333,0.0324,0.0328,1849334.2
2026-06-07 14:00:00,0.0327,0.0337,0.0326,0.0334,1516503.1
2026-06-07 15:00:00,0.0335,0.0343,0.0332,0.0338,1638854.5
2026-06-07 16:00:00,0.0338,0.0426,0.0338,0.0418,26826511.6
2026-06-07 17:00:00,0.0418,0.0447,0.0414,0.0423,27407361.8
2026-06-07 18:00:00,0.0423,0.0429,0.0404,0.0418,8964123.2
2026-06-07 19:00:00,0.0419,0.0423,0.0401,0.0406,10601449.4
2026-06-07 20:00:00,0.0406,0.0419,0.04,0.0419,5723091.1
2026-06-07 21:00:00,0.0418,0.0424,0.0406,0.0415,3580510.4
2026-06-07 22:00:00,0.0415,0.0439,0.0413,0.0433,8524357.5
2026-06-07 23:00:00,0.0433,0.0438,0.0425,0.0426,4221801.6
2026-06-08 00:00:00,0.0427,0.0441,0.0421,0.0432,4225948.4
2026-06-08 01:00:00,0.0431,0.0457,0.0426,0.0447,6249458.0
2026-06-08 02:00:00,0.0446,0.0448,0.0383,0.0397,12321627.4
2026-06-08 03:00:00,0.0398,0.0409,0.0378,0.0381,7828600.2
2026-06-08 04:00:00,0.0382,0.0387,0.0368,0.038,9420887.5
2026-06-08 05:00:00,0.038,0.0385,0.0371,0.0385,3187061.3
2026-06-08 06:00:00,0.0384,0.0402,0.0381,0.0397,6346066.6
2026-06-08 07:00:00,0.0397,0.0421,0.0396,0.0419,5731323.2
2026-06-08 08:00:00,0.0419,0.0438,0.0413,0.0427,5270016.2
2026-06-08 09:00:00,0.043,0.044,0.0416,0.0419,4642543.0
2026-06-08 10:00:00,0.042,0.0431,0.0411,0.0418,6266754.6
2026-06-08 11:00:00,0.042,0.044,0.0417,0.0427,2981965.3
2026-06-08 12:00:00,0.0427,0.0427,0.0403,0.0407,2604758.9
2026-06-08 13:00:00,0.0408,0.0417,0.0405,0.041,3174127.1
2026-06-08 14:00:00,0.041,0.0424,0.0404,0.0422,5309741.2
2026-06-08 15:00:00,0.0421,0.0423,0.0409,0.0415,2927042.4
2026-06-08 16:00:00,0.0416,0.0419,0.0395,0.0403,2258663.1
2026-06-08 17:00:00,0.0402,0.0408,0.04,0.0401,966439.8
2026-06-08 18:00:00,0.0401,0.0405,0.0388,0.0393,1649103.7
2026-06-08 19:00:00,0.0392,0.0397,0.039,0.0395,976868.2
2026-06-08 20:00:00,0.0395,0.0412,0.0388,0.0411,1531082.8
2026-06-08 21:00:00,0.041,0.0413,0.0403,0.0407,981891.8
2026-06-08 22:00:00,0.0407,0.0414,0.0406,0.0414,746076.4
2026-06-08 23:00:00,0.0414,0.0416,0.041,0.0414,450459.3
2026-06-09 00:00:00,0.0415,0.0427,0.041,0.0411,2123471.1
2026-06-09 01:00:00,0.0412,0.0413,0.0394,0.0402,2192014.8
2026-06-09 02:00:00,0.0402,0.0413,0.0396,0.0407,1165461.7
2026-06-09 03:00:00,0.0406,0.0425,0.0401,0.0417,2353805.4
2026-06-09 04:00:00,0.0416,0.0437,0.0416,0.0422,4396780.9
2026-06-09 05:00:00,0.0423,0.0446,0.0421,0.0434,4164292.8
2026-06-09 06:00:00,0.0435,0.0436,0.0416,0.0429,3155683.4
2026-06-09 07:00:00,0.0429,0.0443,0.0421,0.043,7373754.3
2026-06-09 08:00:00,0.0429,0.0433,0.0419,0.043,2094033.2
2026-06-09 09:00:00,0.043,0.0434,0.0424,0.0426,1577301.5
2026-06-09 10:00:00,0.0427,0.0434,0.0427,0.043,838543.6
2026-06-09 11:00:00,0.0431,0.0438,0.0426,0.043,1715179.3
2026-06-09 12:00:00,0.0429,0.043,0.0419,0.042,620348.4
2026-06-09 13:00:00,0.0421,0.0425,0.0406,0.0421,1513771.0
2026-06-09 14:00:00,0.0421,0.0427,0.0402,0.0416,2092386.7
2026-06-09 15:00:00,0.0415,0.0417,0.0382,0.0389,3966372.5
2026-06-09 16:00:00,0.0389,0.0397,0.0386,0.0393,1986323.9
2026-06-09 17:00:00,0.0392,0.0395,0.038,0.0382,1268710.0
2026-06-09 18:00:00,0.0383,0.0385,0.0365,0.0373,3732537.8
2026-06-09 19:00:00,0.0374,0.0377,0.037,0.0374,773490.1
2026-06-09 20:00:00,0.0373,0.0381,0.0373,0.0379,827585.9
2026-06-09 21:00:00,0.0379,0.0383,0.0375,0.0377,321890.2
2026-06-09 22:00:00,0.0377,0.0382,0.0375,0.038,583976.1
2026-06-09 23:00:00,0.0379,0.0381,0.0373,0.0378,709255.2
2026-06-10 00:00:00,0.0378,0.038,0.0362,0.0363,2956323.3
2026-06-10 01:00:00,0.0363,0.0369,0.0361,0.0366,1391472.8
2026-06-10 02:00:00,0.0366,0.0379,0.0364,0.0366,3006632.3
2026-06-10 03:00:00,0.0366,0.0389,0.0365,0.0387,3954458.6
2026-06-10 04:00:00,0.0385,0.0387,0.0372,0.0375,1485188.7
2026-06-10 05:00:00,0.0376,0.0383,0.037,0.0371,2745447.0
2026-06-10 06:00:00,0.0371,0.0384,0.0363,0.0364,2019919.3
2026-06-10 07:00:00,0.0365,0.0377,0.0358,0.0372,1019922.3
2026-06-10 08:00:00,0.0372,0.0374,0.0369,0.0371,301577.2
2026-06-10 09:00:00,0.0372,0.0386,0.0372,0.0385,2601903.9
2026-06-10 10:00:00,0.0385,0.0385,0.0377,0.0379,368780.0
2026-06-10 11:00:00,0.0379,0.0379,0.0366,0.0368,1377582.4
2026-06-10 12:00:00,0.0368,0.0377,0.0365,0.0369,806483.8
2026-06-10 13:00:00,0.0371,0.0373,0.0368,0.0373,2143683.1
2026-06-10 14:00:00,0.0373,0.0378,0.0371,0.0375,956881.6
2026-06-10 15:00:00,0.0375,0.0386,0.0375,0.0384,882930.6
2026-06-10 16:00:00,0.0384,0.0386,0.0377,0.0379,820667.6
2026-06-10 17:00:00,0.038,0.0383,0.0379,0.0381,247818.1
2026-06-10 18:00:00,0.0381,0.0381,0.0375,0.0379,232037.9
2026-06-10 19:00:00,0.038,0.0387,0.0376,0.0384,562297.4
2026-06-10 20:00:00,0.0385,0.043,0.0382,0.04,12677736.5
2026-06-10 21:00:00,0.0399,0.0408,0.0394,0.04,3277533.9
2026-06-10 22:00:00,0.0401,0.0404,0.0396,0.0402,1492642.3
2026-06-10 23:00:00,0.0402,0.0415,0.0396,0.0408,2572372.7
2026-06-11 00:00:00,0.0407,0.0426,0.0406,0.0422,3874204.0
2026-06-11 01:00:00,0.0421,0.043,0.0414,0.0418,3693932.6
2026-06-11 02:00:00,0.0418,0.0425,0.0411,0.0417,1480409.3
2026-06-11 03:00:00,0.0419,0.043,0.0414,0.0428,2502446.4
2026-06-11 04:00:00,0.0427,0.0452,0.0427,0.045,4902209.3
2026-06-11 05:00:00,0.0451,0.0465,0.0441,0.0446,7099699.0
2026-06-11 06:00:00,0.0447,0.0453,0.0437,0.0446,2849834.3
2026-06-11 07:00:00,0.0447,0.0461,0.0441,0.0459,3398480.6
2026-06-11 08:00:00,0.0458,0.0473,0.0444,0.0448,6764173.7
2026-06-11 09:00:00,0.0448,0.0451,0.042,0.0443,5406135.8
2026-06-11 10:00:00,0.0443,0.0467,0.0442,0.0452,6329532.5
2026-06-11 11:00:00,0.0452,0.0467,0.0444,0.0463,4984440.1
2026-06-11 12:00:00,0.0464,0.047,0.0445,0.0452,10156746.2
2026-06-11 13:00:00,0.0452,0.0467,0.0446,0.0465,3384990.9
2026-06-11 14:00:00,0.0466,0.0475,0.0449,0.0456,4746567.2
2026-06-11 15:00:00,0.0455,0.0465,0.0452,0.0458,2123883.8
2026-06-11 16:00:00,0.0458,0.0466,0.0451,0.0457,4045375.5
2026-06-11 17:00:00,0.0456,0.0456,0.0444,0.045,3672857.6
2026-06-11 18:00:00,0.0449,0.0466,0.0449,0.0461,6295608.5
2026-06-11 19:00:00,0.0461,0.0472,0.0459,0.0462,3660738.2
2026-06-11 20:00:00,0.0462,0.0473,0.0453,0.0454,3832984.0
2026-06-11 21:00:00,0.0454,0.047,0.0453,0.0466,643355.8
2026-06-11 22:00:00,0.0467,0.047,0.0462,0.0465,832971.9
2026-06-11 23:00:00,0.0465,0.0474,0.0465,0.0473,929121.5
2026-06-12 00:00:00,0.0472,0.048,0.0434,0.0435,5191961.5
2026-06-12 01:00:00,0.0435,0.0442,0.0427,0.0429,2470395.9
2026-06-12 02:00:00,0.043,0.0437,0.0425,0.0428,3174444.1
2026-06-12 03:00:00,0.0428,0.0432,0.0414,0.0419,985651.8
2026-06-12 04:00:00,0.0419,0.0429,0.0415,0.0422,1867972.7
2026-06-12 05:00:00,0.0422,0.0425,0.0417,0.0423,444223.6
2026-06-12 06:00:00,0.0424,0.0424,0.0417,0.0422,691546.2
2026-06-12 07:00:00,0.0421,0.0422,0.0418,0.0421,266008.2
2026-06-12 08:00:00,0.0421,0.0441,0.042,0.0427,3688999.8
2026-06-12 09:00:00,0.0426,0.0432,0.0421,0.0428,1110339.7
2026-06-12 10:00:00,0.0428,0.0428,0.0399,0.0402,3391666.3
2026-06-12 11:00:00,0.0401,0.0405,0.0391,0.0404,2221960.3
2026-06-12 12:00:00,0.0404,0.041,0.0402,0.0409,939060.1
2026-06-12 13:00:00,0.0408,0.0421,0.0405,0.0417,1249217.2
2026-06-12 14:00:00,0.0417,0.0428,0.0411,0.0413,1441306.1
2026-06-12 15:00:00,0.0414,0.0415,0.0405,0.0407,767341.7
2026-06-12 16:00:00,0.0408,0.0408,0.0399,0.0404,1117224.1
2026-06-12 17:00:00,0.0404,0.0419,0.0401,0.0413,2992625.8
2026-06-12 18:00:00,0.0413,0.0419,0.0403,0.0404,2366845.9
2026-06-12 19:00:00,0.0404,0.0415,0.0393,0.0399,3478651.6
2026-06-12 20:00:00,0.0399,0.0401,0.0373,0.0379,7634829.4
2026-06-12 21:00:00,0.0379,0.0379,0.0368,0.037,2524742.2
2026-06-12 22:00:00,0.037,0.0378,0.0368,0.0376,659503.7
2026-06-12 23:00:00,0.0375,0.0382,0.0372,0.0379,663539.7
2026-06-13 00:00:00,0.0379,0.0406,0.0377,0.04,2778445.1
2026-06-13 01:00:00,0.0399,0.0404,0.0396,0.0403,1153190.4
2026-06-13 02:00:00,0.0403,0.0409,0.04,0.0406,503190.0
2026-06-13 03:00:00,0.0407,0.0415,0.0403,0.0404,2294690.3
2026-06-13 04:00:00,0.0404,0.0413,0.0401,0.0408,2236069.3
2026-06-13 05:00:00,0.0408,0.0408,0.0401,0.0403,411924.1
2026-06-13 06:00:00,0.0403,0.0403,0.0393,0.0395,1443271.3
2026-06-13 07:00:00,0.0395,0.0406,0.0392,0.0403,1266934.9
2026-06-13 08:00:00,0.0403,0.0404,0.0399,0.0402,880348.2
2026-06-13 09:00:00,0.0402,0.041,0.0399,0.0404,2527590.9
2026-06-13 10:00:00,0.0404,0.0404,0.0394,0.0396,1091652.0
2026-06-13 11:00:00,0.0396,0.0399,0.0393,0.0394,500542.1
2026-06-13 12:00:00,0.0394,0.0408,0.0394,0.0401,2218589.6
2026-06-13 13:00:00,0.0401,0.0407,0.0398,0.0401,606836.4
2026-06-13 14:00:00,0.04,0.0401,0.0398,0.04,232030.6
2026-06-13 15:00:00,0.04,0.0405,0.0397,0.0403,1026185.0
2026-06-13 16:00:00,0.0403,0.0403,0.0394,0.0395,504110.3
2026-06-13 17:00:00,0.0394,0.0402,0.0393,0.0402,295807.8
2026-06-13 18:00:00,0.0401,0.0402,0.0394,0.0397,841762.2
2026-06-13 19:00:00,0.0398,0.0398,0.0393,0.0396,269525.1
2026-06-13 20:00:00,0.0396,0.0399,0.0392,0.0394,330407.2
2026-06-13 21:00:00,0.0394,0.0398,0.039,0.0395,986678.8
2026-06-13 22:00:00,0.0395,0.0395,0.0392,0.0393,153608.5
2026-06-13 23:00:00,0.0393,0.0395,0.0392,0.0394,185819.8
2026-06-14 00:00:00,0.0395,0.0396,0.0393,0.0393,184029.9
2026-06-14 01:00:00,0.0392,0.0392,0.0386,0.0388,461735.1
2026-06-14 02:00:00,0.0388,0.0394,0.0388,0.0393,174105.8
2026-06-14 03:00:00,0.0393,0.0395,0.0392,0.0394,358222.6
2026-06-14 04:00:00,0.0395,0.0395,0.039,0.0391,345113.1
2026-06-14 05:00:00,0.0391,0.0397,0.039,0.0394,239162.8
2026-06-14 06:00:00,0.0394,0.0395,0.0389,0.0389,292218.0
2026-06-14 07:00:00,0.0389,0.0398,0.0389,0.0394,1230940.1
2026-06-14 08:00:00,0.0394,0.0407,0.0393,0.0403,1292703.5
2026-06-14 09:00:00,0.0403,0.0403,0.0398,0.04,279879.2
2026-06-14 10:00:00,0.04,0.0408,0.0397,0.0398,1758825.1
2026-06-14 11:00:00,0.0398,0.0402,0.0393,0.04,865743.4
2026-06-14 12:00:00,0.0401,0.0408,0.04,0.0408,374364.1
2026-06-14 13:00:00,0.0408,0.0413,0.0403,0.0407,2386622.5
2026-06-14 14:00:00,0.0406,0.0407,0.0399,0.0404,368594.0
2026-06-14 15:00:00,0.0404,0.0408,0.0404,0.0406,241591.9
2026-06-14 16:00:00,0.0406,0.0406,0.0397,0.0399,582985.4
2026-06-14 17:00:00,0.0399,0.04,0.0395,0.0396,374474.9
2026-06-14 18:00:00,0.0397,0.0402,0.0396,0.0396,445429.5
2026-06-14 19:00:00,0.0395,0.0398,0.0393,0.0395,246448.7
2026-06-14 20:00:00,0.0394,0.0394,0.0388,0.0391,896925.2
2026-06-14 21:00:00,0.0392,0.0406,0.0392,0.0405,504179.9
2026-06-14 22:00:00,0.0405,0.0406,0.0401,0.0404,343070.0
2026-06-14 23:00:00,0.0404,0.0407,0.0402,0.0407,226757.2
2026-06-15 00:00:00,0.0406,0.0406,0.0402,0.0404,237753.2
2026-06-15 01:00:00,0.0404,0.0408,0.0402,0.0403,524030.1
2026-06-15 02:00:00,0.0402,0.0407,0.0401,0.0405,346167.0
2026-06-15 03:00:00,0.0405,0.0406,0.0402,0.0403,128046.7
2026-06-15 04:00:00,0.0403,0.0413,0.0399,0.0399,2035238.2
2026-06-15 05:00:00,0.0399,0.0407,0.0398,0.0406,659661.7
2026-06-15 06:00:00,0.0406,0.0411,0.0404,0.0405,489962.4
2026-06-15 07:00:00,0.0405,0.0405,0.0402,0.0405,168682.3
2026-06-15 08:00:00,0.0405,0.0408,0.0402,0.0406,399689.1
2026-06-15 09:00:00,0.0406,0.041,0.0405,0.0407,466171.4
2026-06-15 10:00:00,0.0406,0.0413,0.0405,0.0407,1452816.2
2026-06-15 11:00:00,0.0406,0.0411,0.0406,0.0408,318737.0
2026-06-15 12:00:00,0.0408,0.0408,0.0398,0.0404,1522014.6
2026-06-15 13:00:00,0.0406,0.0406,0.0401,0.0402,468043.6
2026-06-15 14:00:00,0.0401,0.0406,0.0398,0.0399,455338.5
2026-06-15 15:00:00,0.04,0.0405,0.0399,0.0405,331846.9
2026-06-15 16:00:00,0.0405,0.0408,0.0403,0.0403,149485.2
2026-06-15 17:00:00,0.0403,0.0407,0.0403,0.0406,169906.6
2026-06-15 18:00:00,0.0405,0.0405,0.0403,0.0403,45121.6
2026-06-15 19:00:00,0.0404,0.0411,0.0401,0.0407,420024.9
2026-06-15 20:00:00,0.0407,0.0408,0.0404,0.0404,33417.4
2026-06-15 21:00:00,0.0405,0.0406,0.0401,0.0402,203662.4
2026-06-15 22:00:00,0.0402,0.0403,0.0398,0.0402,244916.7
2026-06-15 23:00:00,0.0402,0.041,0.0402,0.0408,182784.4
2026-06-16 00:00:00,0.0407,0.0407,0.0402,0.0405,339689.8
2026-06-16 01:00:00,0.0405,0.0408,0.0404,0.0405,170200.9
2026-06-16 02:00:00,0.0405,0.0407,0.0401,0.0405,314548.6
2026-06-16 03:00:00,0.0404,0.0413,0.0403,0.0406,1339452.3
2026-06-16 04:00:00,0.0406,0.041,0.0403,0.0408,722502.5
2026-06-16 05:00:00,0.0408,0.0413,0.0405,0.0407,929443.1
2026-06-16 06:00:00,0.0407,0.0432,0.0406,0.0429,2783734.9
2026-06-16 07:00:00,0.043,0.0435,0.0425,0.043,944602.1
2026-06-16 08:00:00,0.043,0.0433,0.0428,0.0432,492550.6
2026-06-16 09:00:00,0.0431,0.0432,0.0419,0.0422,520726.3
2026-06-16 10:00:00,0.0422,0.0422,0.0418,0.042,305593.9
2026-06-16 11:00:00,0.0419,0.0419,0.0405,0.0409,1427849.5
2026-06-16 12:00:00,0.0409,0.041,0.0405,0.0407,563469.9
2026-06-16 13:00:00,0.0406,0.0425,0.0404,0.0425,1599683.3
2026-06-16 14:00:00,0.0425,0.043,0.0415,0.0418,1589363.2
2026-06-16 15:00:00,0.0418,0.0424,0.041,0.0411,1172415.6
2026-06-16 16:00:00,0.0412,0.0416,0.0403,0.0408,1538817.3
2026-06-16 17:00:00,0.0408,0.041,0.0402,0.0409,469645.3
2026-06-16 18:00:00,0.0408,0.041,0.0396,0.0403,763968.8
2026-06-16 19:00:00,0.0401,0.041,0.0401,0.0403,437769.0
2026-06-16 20:00:00,0.0402,0.0413,0.04,0.0406,1655909.6
2026-06-16 21:00:00,0.0407,0.041,0.0404,0.0407,592055.2
2026-06-16 22:00:00,0.0407,0.0409,0.0405,0.0408,503319.1
2026-06-16 23:00:00,0.0408,0.0415,0.0407,0.0411,1499981.0
2026-06-17 00:00:00,0.0411,0.0422,0.041,0.0413,2775674.6
2026-06-17 01:00:00,0.0412,0.0416,0.0409,0.041,370811.7
2026-06-17 02:00:00,0.041,0.0418,0.041,0.0418,269087.2
2026-06-17 03:00:00,0.0418,0.0418,0.0407,0.041,1174301.8
2026-06-17 04:00:00,0.041,0.0411,0.0408,0.0408,213411.6
2026-06-17 05:00:00,0.0408,0.041,0.0405,0.0405,298645.4
2026-06-17 06:00:00,0.0405,0.0408,0.0403,0.0404,511033.3
2026-06-17 07:00:00,0.0404,0.0408,0.0404,0.0407,489252.3
2026-06-17 08:00:00,0.0407,0.041,0.0406,0.041,439494.9
2026-06-17 09:00:00,0.041,0.0413,0.0408,0.0408,304556.6
2026-06-17 10:00:00,0.0406,0.0406,0.0399,0.0401,424552.9
2026-06-17 11:00:00,0.04,0.0402,0.0398,0.04,179738.8
2026-06-17 12:00:00,0.0401,0.0404,0.04,0.0404,59094.4
2026-06-17 13:00:00,0.0403,0.0404,0.0398,0.0403,673644.1
2026-06-17 14:00:00,0.0403,0.0405,0.0401,0.0405,176072.3
2026-06-17 15:00:00,0.0404,0.0409,0.0403,0.0407,163941.1
2026-06-17 16:00:00,0.0407,0.0408,0.0401,0.0402,186519.6
2026-06-17 17:00:00,0.0402,0.0402,0.0398,0.0399,321435.7
2026-06-17 18:00:00,0.0399,0.0399,0.0392,0.0396,635587.4
2026-06-17 19:00:00,0.0397,0.0397,0.039,0.0393,321789.0
2026-06-17 20:00:00,0.0394,0.04,0.0393,0.0399,391626.6
2026-06-17 21:00:00,0.04,0.0407,0.0394,0.0396,333680.3
2026-06-17 22:00:00,0.0396,0.0397,0.0394,0.0395,373800.5
2026-06-17 23:00:00,0.0395,0.0397,0.0394,0.0395,48562.5
2026-06-18 00:00:00,0.0396,0.0402,0.0394,0.0399,239402.7
2026-06-18 01:00:00,0.0397,0.0399,0.0396,0.0396,304102.5
2026-06-18 02:00:00,0.0397,0.0398,0.0393,0.0393,157492.4
2026-06-18 03:00:00,0.0393,0.0398,0.0392,0.0394,157878.5
2026-06-18 04:00:00,0.0394,0.0396,0.039,0.0395,380970.3
2026-06-18 05:00:00,0.0395,0.0395,0.039,0.0391,587368.4
2026-06-18 06:00:00,0.0391,0.0396,0.0389,0.0394,327758.3
2026-06-18 07:00:00,0.0394,0.0399,0.0393,0.0393,536351.7
2026-06-18 08:00:00,0.0392,0.0394,0.0389,0.0392,521932.5
2026-06-18 09:00:00,0.0393,0.0395,0.039,0.039,405732.5
2026-06-18 10:00:00,0.039,0.0391,0.037,0.0376,4569027.2
2026-06-18 11:00:00,0.0376,0.038,0.0372,0.0377,453669.8
2026-06-18 12:00:00,0.0378,0.0379,0.0374,0.0375,342525.3
2026-06-18 13:00:00,0.0375,0.0376,0.0372,0.0373,329061.6
2026-06-18 14:00:00,0.0374,0.0375,0.0371,0.0371,595275.7
2026-06-18 15:00:00,0.0371,0.0373,0.0367,0.037,680251.7
2026-06-18 16:00:00,0.037,0.0377,0.0368,0.0377,256743.0
2026-06-18 17:00:00,0.0377,0.0379,0.0372,0.0374,364967.0
2026-06-18 18:00:00,0.0373,0.0375,0.0371,0.0373,265163.4
2026-06-18 19:00:00,0.0372,0.038,0.0372,0.0376,2557943.3
2026-06-18 20:00:00,0.0376,0.0377,0.0369,0.037,748930.7
2026-06-18 21:00:00,0.037,0.0375,0.0366,0.0367,673061.8
2026-06-18 22:00:00,0.0367,0.0368,0.0363,0.0364,539990.1
2026-06-18 23:00:00,0.0363,0.0367,0.0362,0.0367,345086.6
2026-06-19 00:00:00,0.0367,0.0367,0.0363,0.0364,135499.5
2026-06-19 01:00:00,0.0364,0.0368,0.0364,0.0365,100860.2
2026-06-19 02:00:00,0.0365,0.0366,0.0364,0.0365,24480.8
2026-06-19 03:00:00,0.0366,0.0374,0.0366,0.037,1009667.2
2026-06-19 04:00:00,0.0369,0.0371,0.0368,0.037,362793.9
2026-06-19 05:00:00,0.0369,0.0372,0.0368,0.037,607135.4
2026-06-19 06:00:00,0.037,0.0374,0.0367,0.0367,132116.2
2026-06-19 07:00:00,0.0367,0.0368,0.0364,0.0365,123831.8
2026-06-19 08:00:00,0.0366,0.0369,0.0364,0.0368,159117.6
2026-06-19 09:00:00,0.0368,0.0369,0.0363,0.0363,53883.3
2026-06-19 10:00:00,0.0364,0.0367,0.0364,0.0365,127981.4
2026-06-19 11:00:00,0.0366,0.0368,0.0365,0.0365,579993.7
2026-06-19 12:00:00,0.0366,0.0375,0.0363,0.0374,1395085.4
2026-06-19 13:00:00,0.0374,0.0405,0.0372,0.0393,8721348.7
2026-06-19 14:00:00,0.0393,0.0395,0.0382,0.0386,1380899.5
2026-06-19 15:00:00,0.0386,0.0414,0.0386,0.0408,4492326.0
2026-06-19 16:00:00,0.0408,0.0416,0.0396,0.04,4309399.5
2026-06-19 17:00:00,0.04,0.0401,0.0392,0.0394,705043.8
2026-06-19 18:00:00,0.0393,0.04,0.0393,0.0396,106530.4
2026-06-19 19:00:00,0.0395,0.0397,0.0392,0.0397,1421052.4
2026-06-19 20:00:00,0.0397,0.04,0.0389,0.0397,1221186.4
2026-06-19 21:00:00,0.0397,0.04,0.0395,0.0396,830403.1
2026-06-19 22:00:00,0.0396,0.04,0.0396,0.0397,353252.2
2026-06-19 23:00:00,0.0398,0.0399,0.0393,0.0395,247533.5
2026-06-20 00:00:00,0.0395,0.0399,0.0395,0.0398,161765.9
2026-06-20 01:00:00,0.0397,0.0399,0.0395,0.0395,105479.4
2026-06-20 02:00:00,0.0394,0.0397,0.0394,0.0395,248664.6
2026-06-20 03:00:00,0.0395,0.0402,0.0394,0.0397,1078523.4
2026-06-20 04:00:00,0.0397,0.0406,0.0396,0.04,616702.7
2026-06-20 05:00:00,0.0403,0.0403,0.0397,0.04,300916.0
2026-06-20 06:00:00,0.04,0.0404,0.0397,0.0402,257465.0
2026-06-20 07:00:00,0.0402,0.0402,0.0398,0.0399,225767.2
2026-06-20 08:00:00,0.04,0.0404,0.0398,0.0399,596332.3
2026-06-20 09:00:00,0.0399,0.04,0.0396,0.0397,183344.8
2026-06-20 10:00:00,0.0396,0.0399,0.0394,0.0397,326230.2
2026-06-20 11:00:00,0.0398,0.0399,0.0392,0.0392,461510.9
2026-06-20 12:00:00,0.0394,0.0396,0.0392,0.0394,229120.3
2026-06-20 13:00:00,0.0393,0.0393,0.0386,0.0388,682627.0
2026-06-20 14:00:00,0.0387,0.0395,0.0386,0.0391,354097.5
2026-06-20 15:00:00,0.0391,0.0393,0.0388,0.0391,293806.4
2026-06-20 16:00:00,0.0391,0.0393,0.0389,0.0392,216764.8
2026-06-20 17:00:00,0.0391,0.0392,0.0388,0.039,191613.6
2026-06-20 18:00:00,0.039,0.0391,0.0388,0.0388,182342.8
2026-06-20 19:00:00,0.0389,0.0389,0.0387,0.0387,44723.2
2026-06-20 20:00:00,0.0386,0.0387,0.0386,0.0386,49330.5
2026-06-20 21:00:00,0.0386,0.0387,0.0385,0.0386,69905.5
2026-06-20 22:00:00,0.0387,0.0388,0.0386,0.0387,48034.1
2026-06-20 23:00:00,0.0387,0.0389,0.0387,0.0388,91596.5
2026-06-21 00:00:00,0.0387,0.0389,0.0387,0.0387,96916.4
2026-06-21 01:00:00,0.0388,0.0388,0.0385,0.0386,83888.3
2026-06-21 02:00:00,0.0386,0.0387,0.0383,0.0383,148620.0
2026-06-21 03:00:00,0.0385,0.0386,0.0385,0.0385,40042.7
2026-06-21 04:00:00,0.0385,0.0386,0.0384,0.0385,20871.1
2026-06-21 05:00:00,0.0385,0.0387,0.0385,0.0385,144672.7
2026-06-21 06:00:00,0.0386,0.0386,0.0384,0.0384,87826.3
2026-06-21 07:00:00,0.0384,0.0386,0.0383,0.0386,110261.9
2026-06-21 08:00:00,0.0386,0.0386,0.0379,0.038,635540.9
2026-06-21 09:00:00,0.038,0.038,0.0375,0.0378,350141.4
2026-06-21 10:00:00,0.0378,0.038,0.0376,0.0376,241034.7
2026-06-21 11:00:00,0.0377,0.0378,0.0375,0.0377,194137.6
2026-06-21 12:00:00,0.0378,0.0379,0.0377,0.0379,52833.2
2026-06-21 13:00:00,0.0379,0.0382,0.0379,0.0381,100196.3
2026-06-21 14:00:00,0.038,0.038,0.0377,0.0377,54161.7
2026-06-21 15:00:00,0.0378,0.0378,0.0376,0.0377,75486.2
2026-06-21 16:00:00,0.0377,0.0379,0.0377,0.0378,161789.8
2026-06-21 17:00:00,0.0378,0.0381,0.0378,0.0378,151657.9
2026-06-21 18:00:00,0.0379,0.038,0.0378,0.0379,8422.4
2026-06-21 19:00:00,0.0379,0.038,0.0379,0.0379,90811.0
2026-06-21 20:00:00,0.0379,0.0379,0.0375,0.0377,310680.0
2026-06-21 21:00:00,0.0377,0.0378,0.0374,0.0375,110731.9
2026-06-21 22:00:00,0.0375,0.0377,0.0374,0.0376,37133.4
2026-06-21 23:00:00,0.0376,0.0378,0.0376,0.0376,155551.0
2026-06-22 00:00:00,0.0376,0.0382,0.0376,0.038,168184.6
2026-06-22 01:00:00,0.038,0.0382,0.0379,0.0379,91188.6
2026-06-22 02:00:00,0.038,0.038,0.0376,0.0378,417695.6
2026-06-22 03:00:00,0.0378,0.0382,0.0378,0.038,80681.7
2026-06-22 04:00:00,0.038,0.0381,0.0378,0.0378,62147.8
2026-06-22 05:00:00,0.038,0.038,0.0379,0.0379,27636.9
2026-06-22 06:00:00,0.0379,0.0379,0.0366,0.0369,2017849.9
2026-06-22 07:00:00,0.037,0.0371,0.0369,0.0369,260899.5
2026-06-22 08:00:00,0.0369,0.0373,0.0369,0.0371,193981.3
2026-06-22 09:00:00,0.0372,0.0372,0.0367,0.037,3259796.2
2026-06-22 10:00:00,0.0371,0.0373,0.0367,0.0373,1725732.9
2026-06-22 11:00:00,0.0373,0.0378,0.0372,0.0377,938981.0
2026-06-22 12:00:00,0.0377,0.0379,0.0375,0.0377,545124.9
2026-06-22 13:00:00,0.0376,0.0381,0.0375,0.0381,333266.1
2026-06-22 14:00:00,0.038,0.0382,0.0378,0.0379,394082.5
2026-06-22 15:00:00,0.0379,0.0386,0.0378,0.0385,367033.9
2026-06-22 16:00:00,0.0386,0.0386,0.0378,0.0379,198561.5
2026-06-22 17:00:00,0.0379,0.0381,0.0377,0.038,162074.7
2026-06-22 18:00:00,0.0381,0.0381,0.0378,0.0378,62264.5
2026-06-22 19:00:00,0.0377,0.0378,0.0376,0.0377,105843.3
2026-06-22 20:00:00,0.0377,0.0378,0.0376,0.0378,79859.8
2026-06-22 21:00:00,0.0377,0.0378,0.0374,0.0376,78939.1
2026-06-22 22:00:00,0.0377,0.0379,0.0375,0.0377,28574.3
2026-06-22 23:00:00,0.0376,0.0377,0.0375,0.0376,53497.0
2026-06-23 00:00:00,0.0375,0.0377,0.0374,0.0377,119609.2
2026-06-23 01:00:00,0.0377,0.0377,0.0376,0.0376,51294.0
2026-06-23 02:00:00,0.0377,0.038,0.0374,0.0376,175290.2
2026-06-23 03:00:00,0.0376,0.0377,0.0373,0.0374,119591.4
2026-06-23 04:00:00,0.0374,0.0374,0.037,0.0371,44920.7
2026-06-23 05:00:00,0.0371,0.0375,0.037,0.0374,189796.8
2026-06-23 06:00:00,0.0374,0.0375,0.0368,0.0373,586237.6
2026-06-23 07:00:00,0.0373,0.0374,0.0372,0.0373,86979.2
2026-06-23 08:00:00,0.0375,0.0378,0.0371,0.0375,660175.9
2026-06-23 09:00:00,0.0374,0.0377,0.0365,0.0365,472050.6
2026-06-23 10:00:00,0.0366,0.037,0.0365,0.0368,246093.3
2026-06-23 11:00:00,0.0368,0.037,0.0367,0.0369,63810.7
2026-06-23 12:00:00,0.0368,0.037,0.0367,0.0369,57888.0
2026-06-23 13:00:00,0.0369,0.037,0.0366,0.0367,187590.6
2026-06-23 14:00:00,0.0367,0.0368,0.036,0.0361,422186.8
2026-06-23 15:00:00,0.0361,0.0363,0.036,0.0361,158973.1
2026-06-23 16:00:00,0.0362,0.0366,0.0362,0.0366,234999.4
2026-06-23 17:00:00,0.0366,0.0368,0.0365,0.0366,91409.9
2026-06-23 18:00:00,0.0366,0.0367,0.0364,0.0364,73449.7
2026-06-23 19:00:00,0.0365,0.0366,0.0362,0.0362,116536.6
2026-06-23 20:00:00,0.0363,0.0385,0.0363,0.0379,2356561.4
2026-06-23 21:00:00,0.0378,0.0388,0.0378,0.0384,509951.1
2026-06-23 22:00:00,0.0384,0.0385,0.0382,0.0383,93084.4
2026-06-23 23:00:00,0.0383,0.0387,0.0382,0.0386,194901.8
2026-06-24 00:00:00,0.0386,0.0388,0.0385,0.0387,330289.1
2026-06-24 01:00:00,0.0387,0.0388,0.0383,0.0387,234481.5
2026-06-24 02:00:00,0.0387,0.0395,0.0386,0.0393,153100.4
2026-06-24 03:00:00,0.0392,0.0397,0.0389,0.0391,452101.9
2026-06-24 04:00:00,0.0391,0.0398,0.0389,0.0392,761898.4
2026-06-24 05:00:00,0.0393,0.0398,0.0391,0.0393,229796.7
2026-06-24 06:00:00,0.0392,0.0392,0.0387,0.0389,458040.5
2026-06-24 07:00:00,0.0389,0.0403,0.0388,0.0402,837317.3
2026-06-24 08:00:00,0.0401,0.0404,0.0399,0.0402,534935.0
2026-06-24 09:00:00,0.0402,0.0402,0.0395,0.0397,238705.0
2026-06-24 10:00:00,0.0397,0.0401,0.0393,0.0393,437274.5
2026-06-24 11:00:00,0.0393,0.0396,0.0391,0.0395,307049.1
2026-06-24 12:00:00,0.0393,0.04,0.0389,0.039,588454.1
2026-06-24 13:00:00,0.0391,0.0392,0.0384,0.0387,633323.2
2026-06-24 14:00:00,0.0387,0.039,0.0386,0.0386,315783.4
2026-06-24 15:00:00,0.0387,0.0387,0.0378,0.038,692830.2
2026-06-24 16:00:00,0.038,0.0382,0.0372,0.0375,630024.8
2026-06-24 17:00:00,0.0375,0.0377,0.0364,0.0365,908491.5
2026-06-24 18:00:00,0.0366,0.0374,0.0365,0.0372,483328.1
2026-06-24 19:00:00,0.0372,0.0372,0.0368,0.037,45784.7
2026-06-24 20:00:00,0.0372,0.0374,0.0371,0.0373,87309.3
2026-06-24 21:00:00,0.0372,0.0372,0.0368,0.037,413674.1
2026-06-24 22:00:00,0.0371,0.0372,0.0371,0.0372,37017.6
2026-06-24 23:00:00,0.0372,0.0373,0.0371,0.0371,24287.4
2026-06-25 00:00:00,0.0371,0.0372,0.0369,0.037,42696.0
2026-06-25 01:00:00,0.037,0.0373,0.037,0.0373,83039.7
2026-06-25 02:00:00,0.0371,0.0371,0.0359,0.0362,810079.8
2026-06-25 03:00:00,0.0363,0.0366,0.0363,0.0366,96797.7
2026-06-25 04:00:00,0.0366,0.0368,0.0365,0.0368,64651.9
2026-06-25 05:00:00,0.0371,0.0374,0.0368,0.0368,253519.5
2026-06-25 06:00:00,0.0369,0.0371,0.0367,0.037,95823.3
2026-06-25 07:00:00,0.037,0.0371,0.0368,0.0368,230608.0
2026-06-25 08:00:00,0.0369,0.037,0.0368,0.037,242152.6
2026-06-25 09:00:00,0.0371,0.0373,0.0368,0.0371,78760.7
2026-06-25 10:00:00,0.0371,0.0373,0.0364,0.0368,484873.6
2026-06-25 11:00:00,0.0368,0.0369,0.0367,0.0368,126665.3
2026-06-25 12:00:00,0.0368,0.0368,0.0366,0.0367,202757.7
2026-06-25 13:00:00,0.0368,0.037,0.0351,0.0352,838066.5
2026-06-25 14:00:00,0.0353,0.0362,0.0353,0.036,1258334.6
2026-06-25 15:00:00,0.0359,0.0362,0.0358,0.0362,119357.5
2026-06-25 16:00:00,0.0362,0.0368,0.0362,0.0363,296377.0
2026-06-25 17:00:00,0.0363,0.0365,0.036,0.0361,53670.9
2026-06-25 18:00:00,0.0361,0.0361,0.0355,0.0359,100948.8
2026-06-25 19:00:00,0.0359,0.036,0.0356,0.0356,75767.9
2026-06-25 20:00:00,0.0356,0.0377,0.0356,0.0367,2051239.3
2026-06-25 21:00:00,0.0367,0.0369,0.0366,0.0368,89421.0
2026-06-25 22:00:00,0.0367,0.0375,0.0367,0.0374,137861.5
2026-06-25 23:00:00,0.0374,0.0375,0.037,0.0371,141019.9
2026-06-26 00:00:00,0.0371,0.0375,0.0369,0.037,117275.1
2026-06-26 01:00:00,0.037,0.0375,0.0367,0.0375,251686.1
2026-06-26 02:00:00,0.0375,0.0375,0.0364,0.0368,415664.2
2026-06-26 03:00:00,0.0367,0.0375,0.0366,0.0374,294196.7
2026-06-26 04:00:00,0.0375,0.0392,0.0375,0.0381,1374869.1
2026-06-26 05:00:00,0.0382,0.0393,0.0372,0.0381,4290743.3
2026-06-26 06:00:00,0.038,0.0381,0.0379,0.0381,318641.6
2026-06-26 07:00:00,0.038,0.0385,0.038,0.0384,158899.2
2026-06-26 08:00:00,0.0383,0.0384,0.0379,0.038,256549.6
2026-06-26 09:00:00,0.038,0.0381,0.0378,0.0379,307835.4
2026-06-26 10:00:00,0.0379,0.0384,0.0379,0.0381,228089.7
2026-06-26 11:00:00,0.0381,0.0382,0.0378,0.0379,132464.1
2026-06-26 12:00:00,0.038,0.0382,0.0379,0.0381,134300.8
2026-06-26 13:00:00,0.0379,0.0386,0.0379,0.0384,209836.3
2026-06-26 14:00:00,0.0385,0.0387,0.0381,0.0381,379036.2
2026-06-26 15:00:00,0.0382,0.0383,0.0379,0.038,216787.8
2026-06-26 16:00:00,0.038,0.039,0.0377,0.0381,1642870.9
2026-06-26 17:00:00,0.0381,0.0382,0.0379,0.038,66752.0
2026-06-26 18:00:00,0.038,0.0381,0.0378,0.0379,46590.9
2026-06-26 19:00:00,0.038,0.038,0.0379,0.0379,15638.2
2026-06-26 20:00:00,0.038,0.0381,0.0378,0.0378,34141.6
2026-06-26 21:00:00,0.0378,0.0378,0.0377,0.0378,56288.6
2026-06-26 22:00:00,0.0377,0.0377,0.0375,0.0376,149490.8
2026-06-26 23:00:00,0.0376,0.0376,0.0374,0.0374,26118.7
2026-06-27 00:00:00,0.0375,0.0375,0.037,0.0374,133947.8
2026-06-27 01:00:00,0.0374,0.0376,0.0372,0.0376,45316.7
2026-06-27 02:00:00,0.0376,0.0376,0.0375,0.0375,795.4
2026-06-27 03:00:00,0.0376,0.0377,0.0376,0.0376,30780.0
2026-06-27 04:00:00,0.0376,0.0377,0.0374,0.0374,9675.4
2026-06-27 05:00:00,0.0373,0.0373,0.037,0.0372,40034.7
2026-06-27 06:00:00,0.0371,0.0374,0.0371,0.0373,158257.2
2026-06-27 07:00:00,0.0373,0.0376,0.0371,0.0374,195805.6
2026-06-27 08:00:00,0.0373,0.0373,0.037,0.037,68789.9
2026-06-27 09:00:00,0.037,0.0376,0.037,0.0376,271276.9
2026-06-27 10:00:00,0.0376,0.0378,0.0374,0.0376,252978.7
2026-06-27 11:00:00,0.0376,0.0378,0.0375,0.0378,329431.4
2026-06-27 12:00:00,0.0378,0.0378,0.0373,0.0373,67483.9
2026-06-27 13:00:00,0.0375,0.0375,0.0372,0.0373,68485.9
2026-06-27 14:00:00,0.0373,0.0373,0.0371,0.0372,15827.2
2026-06-27 15:00:00,0.0371,0.0372,0.037,0.0371,41706.9
2026-06-27 16:00:00,0.0372,0.0377,0.0369,0.037,2996824.4
2026-06-27 17:00:00,0.037,0.0371,0.0368,0.0369,214254.2
2026-06-27 18:00:00,0.0369,0.0371,0.0367,0.0369,205009.6
2026-06-27 19:00:00,0.0368,0.037,0.0365,0.0366,448209.6
2026-06-27 20:00:00,0.0366,0.037,0.0366,0.0369,105188.2
2026-06-27 21:00:00,0.0369,0.037,0.0368,0.0368,53304.4
2026-06-27 22:00:00,0.0368,0.037,0.0368,0.037,11943.6
2026-06-27 23:00:00,0.037,0.037,0.0369,0.0369,6327.8
2026-06-28 00:00:00,0.0367,0.0369,0.0363,0.0368,211125.8
2026-06-28 01:00:00,0.0369,0.0372,0.0369,0.0372,64718.4
2026-06-28 02:00:00,0.0371,0.0372,0.0368,0.0369,46152.6
2026-06-28 03:00:00,0.0369,0.0371,0.0368,0.0371,31455.7
2026-06-28 04:00:00,0.0372,0.0372,0.037,0.037,104421.7
2026-06-28 05:00:00,0.0368,0.0368,0.0364,0.0365,80179.4
2026-06-28 06:00:00,0.0365,0.0366,0.0362,0.0362,137579.4
2026-06-28 07:00:00,0.0364,0.0366,0.0362,0.0366,296245.1
2026-06-28 08:00:00,0.0365,0.0367,0.0364,0.0365,145687.0
2026-06-28 09:00:00,0.0365,0.0367,0.0364,0.0364,52401.7
2026-06-28 10:00:00,0.0364,0.0365,0.0362,0.0363,78895.0
2026-06-28 11:00:00,0.0364,0.0367,0.0364,0.0366,116653.1
2026-06-28 12:00:00,0.0367,0.0367,0.0365,0.0365,79437.0
2026-06-28 13:00:00,0.0365,0.0365,0.0364,0.0364,21351.7
2026-06-28 14:00:00,0.0365,0.0366,0.0363,0.0364,51722.8
2026-06-28 15:00:00,0.0363,0.0364,0.0362,0.0362,41264.6
2026-06-28 16:00:00,0.0361,0.0363,0.0358,0.0363,464170.0
2026-06-28 17:00:00,0.0363,0.0363,0.0359,0.0362,68838.4
2026-06-28 18:00:00,0.0362,0.0364,0.0362,0.0364,50004.2
2026-06-28 19:00:00,0.0364,0.0366,0.0364,0.0366,97109.8
2026-06-28 20:00:00,0.0366,0.0367,0.0364,0.0366,64566.3
2026-06-28 21:00:00,0.0366,0.0367,0.0365,0.0365,68519.8
2026-06-28 22:00:00,0.0365,0.0367,0.0365,0.0365,15416.0
2026-06-28 23:00:00,0.0365,0.0366,0.0364,0.0364,19231.2
2026-06-29 00:00:00,0.0364,0.0365,0.0362,0.0363,40489.4
2026-06-29 01:00:00,0.0363,0.0363,0.0361,0.0362,9219.8
2026-06-29 02:00:00,0.0362,0.0365,0.036,0.0363,200530.4
2026-06-29 03:00:00,0.0363,0.0365,0.0362,0.0363,172854.1
2026-06-29 04:00:00,0.0363,0.0364,0.0359,0.0359,59574.4
2026-06-29 05:00:00,0.036,0.0362,0.036,0.0362,35712.9
2026-06-29 06:00:00,0.0362,0.0364,0.0361,0.0361,36247.2
2026-06-29 07:00:00,0.0361,0.0361,0.0356,0.0356,242892.3
2026-06-29 08:00:00,0.0358,0.0359,0.0357,0.0358,118669.5
2026-06-29 09:00:00,0.0359,0.0359,0.0358,0.0359,56886.8
2026-06-29 10:00:00,0.0359,0.0359,0.0356,0.0356,141374.2
2026-06-29 11:00:00,0.0356,0.0358,0.0355,0.0356,85114.1
2026-06-29 12:00:00,0.0356,0.0361,0.0355,0.0358,175127.1
2026-06-29 13:00:00,0.0358,0.036,0.0355,0.0356,113564.1
2026-06-29 14:00:00,0.0356,0.0357,0.0354,0.0356,165043.1
2026-06-29 15:00:00,0.0356,0.0357,0.0354,0.0357,148200.2
2026-06-29 16:00:00,0.0356,0.0356,0.0353,0.0355,138637.1
2026-06-29 17:00:00,0.0355,0.0358,0.0355,0.0355,115026.3
2026-06-29 18:00:00,0.0355,0.0355,0.0353,0.0354,77500.5
2026-06-29 19:00:00,0.0354,0.0355,0.0351,0.0352,173129.4
2026-06-29 20:00:00,0.0352,0.0355,0.0351,0.0354,219241.2
2026-06-29 21:00:00,0.0354,0.0357,0.0353,0.0355,168632.6
2026-06-29 22:00:00,0.0357,0.0357,0.0356,0.0357,35324.8
2026-06-29 23:00:00,0.0357,0.0357,0.0353,0.0353,87352.2
2026-06-30 00:00:00,0.0354,0.0357,0.0353,0.0357,167108.3
2026-06-30 01:00:00,0.0357,0.0359,0.0355,0.0356,216097.9
2026-06-30 02:00:00,0.0356,0.0356,0.035,0.035,303659.8
2026-06-30 03:00:00,0.0351,0.0352,0.035,0.0351,121172.2
2026-06-30 04:00:00,0.0351,0.0352,0.035,0.0351,96746.9
2026-06-30 05:00:00,0.0351,0.0354,0.035,0.0354,237400.6
2026-06-30 06:00:00,0.0354,0.0356,0.035,0.035,156039.5
2026-06-30 07:00:00,0.0351,0.0358,0.034,0.0358,1025630.0
2026-06-30 08:00:00,0.0358,0.0372,0.0355,0.0369,1159047.0
2026-06-30 09:00:00,0.0369,0.0374,0.0366,0.0368,1104649.4
2026-06-30 10:00:00,0.0369,0.0376,0.0367,0.0371,781891.5
2026-06-30 11:00:00,0.0371,0.0373,0.0368,0.0368,162366.6
2026-06-30 12:00:00,0.0368,0.0371,0.0365,0.0369,227476.5
2026-06-30 13:00:00,0.0368,0.0374,0.0367,0.037,256954.6
2026-06-30 14:00:00,0.037,0.0373,0.0368,0.0369,151749.0
2026-06-30 15:00:00,0.0369,0.0369,0.0362,0.0363,461089.3
2026-06-30 16:00:00,0.0363,0.0365,0.0361,0.0364,182950.5
2026-06-30 17:00:00,0.0364,0.0373,0.0363,0.0368,622319.7
2026-06-30 18:00:00,0.0368,0.0369,0.0367,0.0369,116021.9
2026-06-30 19:00:00,0.0369,0.0369,0.0366,0.0367,196990.0
2026-06-30 20:00:00,0.0367,0.0368,0.0366,0.0367,109653.4
2026-06-30 21:00:00,0.0366,0.0366,0.0363,0.0363,79012.9
2026-06-30 22:00:00,0.0364,0.0365,0.0362,0.0362,128202.4
2026-06-30 23:00:00,0.0362,0.0363,0.0361,0.0362,56567.6
2026-07-01 00:00:00,0.0362,0.0364,0.0357,0.0358,159492.2
2026-07-01 01:00:00,0.0357,0.036,0.0354,0.0359,511461.6
2026-07-01 02:00:00,0.0358,0.0359,0.0357,0.0358,55319.1
2026-07-01 03:00:00,0.0357,0.0358,0.0355,0.0358,79036.1
2026-07-01 04:00:00,0.0357,0.0358,0.0356,0.0356,174035.8
2026-07-01 05:00:00,0.0356,0.0356,0.0355,0.0356,70392.4
2026-07-01 06:00:00,0.0357,0.0357,0.0354,0.0354,91773.4
2026-07-01 07:00:00,0.0354,0.0356,0.0354,0.0355,75903.8
2026-07-01 08:00:00,0.0354,0.0356,0.0354,0.0355,86538.1
2026-07-01 09:00:00,0.0354,0.0356,0.0354,0.0354,158954.7
2026-07-01 10:00:00,0.0353,0.0356,0.0352,0.0354,102456.5
2026-07-01 11:00:00,0.0354,0.0356,0.0354,0.0356,120527.2
2026-07-01 12:00:00,0.0355,0.0356,0.0354,0.0355,49044.5
2026-07-01 13:00:00,0.0355,0.0356,0.0353,0.0356,180377.8
2026-07-01 14:00:00,0.0355,0.0365,0.0355,0.0361,444964.5
2026-07-01 15:00:00,0.036,0.0365,0.036,0.0363,295707.6
2026-07-01 16:00:00,0.0363,0.0365,0.0362,0.0363,120181.7
2026-07-01 17:00:00,0.0363,0.0378,0.0363,0.0369,3857095.9
2026-07-01 18:00:00,0.0369,0.0369,0.0366,0.0367,388518.4
2026-07-01 19:00:00,0.0367,0.0367,0.0364,0.0365,112043.3
2026-07-01 20:00:00,0.0365,0.037,0.0364,0.037,296200.1
2026-07-01 21:00:00,0.037,0.037,0.0367,0.0367,334937.6
2026-07-01 22:00:00,0.0367,0.0368,0.0366,0.0367,88862.2
2026-07-01 23:00:00,0.0368,0.0371,0.0368,0.0368,132657.1
2026-07-02 00:00:00,0.0368,0.0378,0.0367,0.0376,1067557.5
2026-07-02 01:00:00,0.0376,0.0388,0.0376,0.0388,840909.1
2026-07-02 02:00:00,0.0388,0.0409,0.0388,0.0409,2455535.3
2026-07-02 03:00:00,0.0409,0.0433,0.0408,0.0419,6106317.4
2026-07-02 04:00:00,0.0421,0.0449,0.0405,0.0417,10829227.6
2026-07-02 05:00:00,0.0419,0.0428,0.0413,0.0424,3029499.0
2026-07-02 06:00:00,0.0424,0.045,0.0422,0.0439,6448400.7
2026-07-02 07:00:00,0.0438,0.0441,0.0414,0.0416,2868297.3
2026-07-02 08:00:00,0.0417,0.0427,0.0308,0.0334,30428477.0
2026-07-02 09:00:00,0.0334,0.0337,0.032,0.0329,6250957.3
2026-07-02 10:00:00,0.0329,0.0351,0.0326,0.035,6268136.9
2026-07-02 11:00:00,0.035,0.0366,0.0347,0.0364,3819135.7
2026-07-02 12:00:00,0.0364,0.0399,0.0363,0.0393,7343768.0
2026-07-02 13:00:00,0.0393,0.0405,0.0386,0.0388,3683083.1
2026-07-02 14:00:00,0.0387,0.0399,0.0386,0.0389,1248651.7
2026-07-02 15:00:00,0.0389,0.0392,0.038,0.0387,1450969.4
2026-07-02 16:00:00,0.0387,0.0387,0.037,0.0372,1105588.1
2026-07-02 17:00:00,0.0372,0.0392,0.0372,0.0379,896701.8
2026-07-02 18:00:00,0.038,0.0382,0.0377,0.0379,439690.5
2026-07-02 19:00:00,0.0379,0.0381,0.0377,0.0377,281564.3
2026-07-02 20:00:00,0.0377,0.038,0.0375,0.0378,509168.9
2026-07-02 21:00:00,0.0378,0.0381,0.0373,0.0379,401362.8
2026-07-02 22:00:00,0.0379,0.0379,0.0375,0.0375,136632.9
2026-07-02 23:00:00,0.0375,0.0377,0.0375,0.0376,63358.2
2026-07-03 00:00:00,0.0375,0.0379,0.0373,0.0373,167345.1
2026-07-03 01:00:00,0.0372,0.0382,0.0372,0.0382,329872.2
2026-07-03 02:00:00,0.0381,0.0385,0.0379,0.0382,204059.8
2026-07-03 03:00:00,0.0381,0.0383,0.0376,0.0376,223302.9
2026-07-03 04:00:00,0.0376,0.0386,0.0374,0.0382,420789.9
2026-07-03 05:00:00,0.0382,0.0384,0.0375,0.0376,289977.2
2026-07-03 06:00:00,0.0375,0.0379,0.0374,0.0378,215173.5
2026-07-03 07:00:00,0.0377,0.0385,0.037,0.0375,875197.8
2026-07-03 08:00:00,0.0375,0.0379,0.0371,0.0371,385129.9
2026-07-03 09:00:00,0.0371,0.0372,0.0363,0.0363,789457.6
2026-07-03 10:00:00,0.0364,0.037,0.0364,0.0364,330752.6
2026-07-03 11:00:00,0.0363,0.0366,0.0363,0.0365,310766.5
2026-07-03 12:00:00,0.0364,0.0376,0.0364,0.037,586910.8
2026-07-03 13:00:00,0.037,0.0375,0.0368,0.0372,700690.3
2026-07-03 14:00:00,0.0371,0.0374,0.0365,0.0368,986532.3
2026-07-03 15:00:00,0.0367,0.0367,0.0363,0.0364,385301.5
2026-07-03 16:00:00,0.0364,0.0365,0.0359,0.0361,1027375.9
2026-07-03 17:00:00,0.0363,0.0363,0.036,0.0362,421459.5
2026-07-03 18:00:00,0.0363,0.0372,0.0362,0.0367,923258.8
2026-07-03 19:00:00,0.0367,0.0367,0.0365,0.0366,148424.0
2026-07-03 20:00:00,0.0367,0.0369,0.0366,0.0368,232225.0
2026-07-03 21:00:00,0.0369,0.037,0.0367,0.0368,387039.3
2026-07-03 22:00:00,0.0368,0.0368,0.0366,0.0368,208294.1
2026-07-03 23:00:00,0.0368,0.0373,0.0368,0.0372,343053.3
2026-07-04 00:00:00,0.0373,0.0373,0.0368,0.0372,216159.4
2026-07-04 01:00:00,0.0373,0.0373,0.0369,0.037,175953.8
2026-07-04 02:00:00,0.037,0.0382,0.0361,0.0378,1114589.1
2026-07-04 03:00:00,0.0377,0.0377,0.0369,0.0373,118682.2
2026-07-04 04:00:00,0.0373,0.0377,0.0372,0.0376,357069.9
2026-07-04 05:00:00,0.0375,0.0375,0.0371,0.0372,80454.4
2026-07-04 06:00:00,0.0372,0.0374,0.0369,0.0374,192032.6
2026-07-04 07:00:00,0.0374,0.0374,0.037,0.0371,83698.3
2026-07-04 08:00:00,0.037,0.0376,0.037,0.0375,125542.6
2026-07-04 09:00:00,0.0374,0.0375,0.0372,0.0373,110065.6
2026-07-04 10:00:00,0.0373,0.0373,0.0371,0.0371,64464.2
2026-07-04 11:00:00,0.0371,0.0375,0.037,0.0374,123339.0
2026-07-04 12:00:00,0.0374,0.0376,0.0373,0.0373,251487.6
2026-07-04 13:00:00,0.0373,0.0375,0.0373,0.0373,173045.0
2026-07-04 14:00:00,0.0373,0.0373,0.0371,0.0372,256021.1
2026-07-04 15:00:00,0.0371,0.0373,0.0371,0.0372,245220.4
2026-07-04 16:00:00,0.0372,0.0374,0.0369,0.0369,225745.1
2026-07-04 17:00:00,0.0369,0.0372,0.0368,0.037,161864.5
2026-07-04 18:00:00,0.037,0.0373,0.0369,0.0372,336648.9
2026-07-04 19:00:00,0.0372,0.0373,0.037,0.037,290199.8
2026-07-04 20:00:00,0.0371,0.0373,0.037,0.0371,192560.8
2026-07-04 21:00:00,0.0371,0.0376,0.0371,0.0373,148962.4
2026-07-04 22:00:00,0.0373,0.0375,0.0372,0.0373,227960.5
2026-07-04 23:00:00,0.0373,0.0374,0.0372,0.0373,131934.4
2026-07-05 00:00:00,0.0373,0.0374,0.0371,0.0372,134092.1
2026-07-05 01:00:00,0.0373,0.0373,0.0371,0.0371,228511.3
2026-07-05 02:00:00,0.0372,0.0372,0.0368,0.0369,279867.4
2026-07-05 03:00:00,0.0369,0.0369,0.0369,0.0369,4675.9
2026-07-05 04:00:00,0.0369,0.0373,0.0368,0.0371,141928.8
2026-07-05 05:00:00,0.0371,0.0383,0.0369,0.0375,965304.7
2026-07-05 06:00:00,0.0375,0.0379,0.0374,0.0378,281857.1
2026-07-05 07:00:00,0.0377,0.0381,0.0375,0.0377,233792.4
2026-07-05 08:00:00,0.0376,0.0376,0.0374,0.0376,114202.1
2026-07-05 09:00:00,0.0377,0.0381,0.0377,0.0378,48171.1
2026-07-05 10:00:00,0.0378,0.038,0.0375,0.0378,135584.1
2026-07-05 11:00:00,0.0379,0.0379,0.0374,0.0375,113175.8
2026-07-05 12:00:00,0.0374,0.0375,0.0373,0.0375,95841.9
2026-07-05 13:00:00,0.0375,0.0378,0.0375,0.0377,78118.0
2026-07-05 14:00:00,0.0378,0.038,0.0377,0.0377,97961.4
2026-07-05 15:00:00,0.0377,0.0378,0.0375,0.0376,132918.3
2026-07-05 16:00:00,0.0375,0.0376,0.0372,0.0373,65582.1
2026-07-05 17:00:00,0.0373,0.0373,0.0372,0.0373,69260.9
2026-07-05 18:00:00,0.0372,0.0373,0.0371,0.0371,18775.0
2026-07-05 19:00:00,0.0371,0.0371,0.0365,0.0366,940658.3
2026-07-05 20:00:00,0.0367,0.0373,0.0362,0.0371,1988705.3
2026-07-05 21:00:00,0.037,0.0372,0.0366,0.0372,218340.5
2026-07-05 22:00:00,0.0371,0.0375,0.0371,0.0373,62549.4
2026-07-05 23:00:00,0.0373,0.0374,0.0372,0.0372,32440.2
2026-07-06 00:00:00,0.0373,0.0376,0.0373,0.0374,93188.2
2026-07-06 01:00:00,0.0374,0.0375,0.0374,0.0374,41090.8
2026-07-06 02:00:00,0.0375,0.0375,0.0371,0.0371,43748.7
2026-07-06 03:00:00,0.0371,0.0372,0.037,0.037,8901.6
2026-07-06 04:00:00,0.037,0.037,0.0368,0.0368,86895.3
2026-07-06 05:00:00,0.0368,0.0373,0.0367,0.0371,694395.1
2026-07-06 06:00:00,0.0371,0.0373,0.037,0.0371,46750.0
2026-07-06 07:00:00,0.037,0.037,0.0369,0.0369,48893.8
2026-07-06 08:00:00,0.0369,0.0369,0.0366,0.0366,90711.6
2026-07-06 09:00:00,0.0366,0.0368,0.0365,0.0367,113260.7
2026-07-06 10:00:00,0.0367,0.0368,0.0366,0.0366,103959.1
2026-07-06 11:00:00,0.0366,0.0366,0.0364,0.0364,167135.1
2026-07-06 12:00:00,0.0363,0.0363,0.0359,0.0361,235534.0
2026-07-06 13:00:00,0.036,0.0361,0.0357,0.0359,178182.0
2026-07-06 14:00:00,0.036,0.036,0.0353,0.0354,196571.3
2026-07-06 15:00:00,0.0354,0.0356,0.0352,0.0356,705112.9
2026-07-06 16:00:00,0.0355,0.0364,0.0354,0.0361,1140840.5
2026-07-06 17:00:00,0.0361,0.0361,0.0357,0.0357,95696.8
2026-07-06 18:00:00,0.0357,0.0358,0.0357,0.0358,42206.4
2026-07-06 19:00:00,0.0359,0.0359,0.0355,0.0355,190096.6
2026-07-06 20:00:00,0.0355,0.0357,0.0354,0.0357,308933.5
2026-07-06 21:00:00,0.0357,0.0362,0.0357,0.0361,350391.1
2026-07-06 22:00:00,0.0361,0.0362,0.0349,0.0351,752683.7
2026-07-06 23:00:00,0.0351,0.036,0.0348,0.0358,807384.6
2026-07-07 00:00:00,0.0358,0.0362,0.0356,0.036,237736.0
2026-07-07 01:00:00,0.036,0.036,0.0356,0.0358,170393.6
2026-07-07 02:00:00,0.0358,0.0358,0.0356,0.0356,40762.9
2026-07-07 03:00:00,0.0358,0.0359,0.0357,0.0357,40383.8
2026-07-07 04:00:00,0.0357,0.0358,0.0356,0.0357,83262.2
2026-07-07 05:00:00,0.0358,0.0358,0.0356,0.0357,49988.1
2026-07-07 06:00:00,0.0357,0.0357,0.0351,0.0353,575095.0
2026-07-07 07:00:00,0.0354,0.0354,0.035,0.0351,53491.6
2026-07-07 08:00:00,0.035,0.0353,0.034,0.0341,1682364.7
2026-07-07 09:00:00,0.0341,0.0356,0.0336,0.0352,1185443.5
2026-07-07 10:00:00,0.0352,0.0356,0.0351,0.0353,632902.0
2026-07-07 11:00:00,0.0352,0.0361,0.0347,0.0353,2820509.3
2026-07-07 12:00:00,0.0353,0.0355,0.035,0.035,190127.1
2026-07-07 13:00:00,0.0349,0.0355,0.0347,0.0354,870338.7
2026-07-07 14:00:00,0.0353,0.0354,0.0349,0.0351,457067.3
2026-07-07 15:00:00,0.0351,0.0363,0.035,0.0354,2487573.9
2026-07-07 16:00:00,0.0355,0.0357,0.0352,0.0354,743778.5
2026-07-07 17:00:00,0.0355,0.0356,0.0353,0.0354,174519.8
2026-07-07 18:00:00,0.0355,0.0363,0.0354,0.0356,563044.5
2026-07-07 19:00:00,0.0355,0.036,0.0355,0.0358,270176.4
2026-07-07 20:00:00,0.0357,0.036,0.0356,0.0357,203939.4
2026-07-07 21:00:00,0.0356,0.0356,0.0355,0.0355,71843.4
2026-07-07 22:00:00,0.0355,0.0359,0.0355,0.0358,107989.6
2026-07-07 23:00:00,0.0359,0.0362,0.0358,0.036,199953.9
2026-07-08 00:00:00,0.0358,0.0374,0.0358,0.037,1921629.7
2026-07-08 01:00:00,0.037,0.038,0.0366,0.0377,2568527.4
2026-07-08 02:00:00,0.0377,0.0377,0.0367,0.0367,539623.0
2026-07-08 03:00:00,0.0367,0.0367,0.036,0.0362,409132.0
2026-07-08 04:00:00,0.0362,0.0376,0.0362,0.0364,1540613.1
2026-07-08 05:00:00,0.0363,0.0367,0.0363,0.0364,160348.7
2026-07-08 06:00:00,0.0363,0.0364,0.0359,0.0361,249206.9
2026-07-08 07:00:00,0.0361,0.0362,0.0353,0.0356,560495.4
2026-07-08 08:00:00,0.0356,0.0357,0.0346,0.0352,832163.0
2026-07-08 09:00:00,0.0352,0.0352,0.0347,0.0347,211594.2
2026-07-08 10:00:00,0.0346,0.0349,0.0344,0.0349,316464.8
2026-07-08 11:00:00,0.0351,0.0358,0.035,0.0352,1577876.5
2026-07-08 12:00:00,0.0352,0.0361,0.0351,0.0358,426846.3
2026-07-08 13:00:00,0.0357,0.0359,0.0353,0.0354,476643.5
2026-07-08 14:00:00,0.0355,0.0355,0.0348,0.035,865593.7
2026-07-08 15:00:00,0.035,0.035,0.0346,0.0346,136118.4
2026-07-08 16:00:00,0.0347,0.0349,0.0345,0.0347,388645.7
2026-07-08 17:00:00,0.0347,0.035,0.0346,0.0347,174581.6
2026-07-08 18:00:00,0.0347,0.0347,0.0342,0.0343,613721.5
2026-07-08 19:00:00,0.0344,0.0347,0.0342,0.0346,170435.7
2026-07-08 20:00:00,0.0346,0.0348,0.0345,0.0346,73360.2
2026-07-08 21:00:00,0.0346,0.0347,0.0345,0.0346,48868.2
2026-07-08 22:00:00,0.0347,0.0348,0.0347,0.0347,43890.2
2026-07-08 23:00:00,0.0347,0.0347,0.0343,0.0346,465137.6
2026-07-09 00:00:00,0.0347,0.0349,0.0345,0.0348,165763.8
2026-07-09 01:00:00,0.0348,0.0351,0.0345,0.0345,134752.4
2026-07-09 02:00:00,0.0346,0.0347,0.0344,0.0347,82803.5
2026-07-09 03:00:00,0.0346,0.0352,0.0345,0.0352,250726.8
2026-07-09 04:00:00,0.0352,0.0355,0.0352,0.0353,217008.3
2026-07-09 05:00:00,0.0353,0.0354,0.0351,0.0354,72306.9
2026-07-09 06:00:00,0.0354,0.0355,0.0353,0.0353,86255.0
2026-07-09 07:00:00,0.0354,0.0356,0.0353,0.0354,194533.9
2026-07-09 08:00:00,0.0354,0.0354,0.0351,0.0352,27637.9
2026-07-09 09:00:00,0.0352,0.0353,0.0351,0.0353,91398.6
2026-07-09 10:00:00,0.0353,0.0355,0.0352,0.0352,118243.4
2026-07-09 11:00:00,0.0351,0.0353,0.035,0.0353,65041.1
2026-07-09 12:00:00,0.0353,0.0354,0.0351,0.0351,266227.6
2026-07-09 13:00:00,0.0351,0.0353,0.0351,0.0353,55853.3
2026-07-09 14:00:00,0.0353,0.0355,0.035,0.0353,117765.1
2026-07-09 15:00:00,0.0353,0.0356,0.0351,0.0356,95885.4
2026-07-09 16:00:00,0.0356,0.0358,0.0352,0.0355,284204.8
2026-07-09 17:00:00,0.0355,0.0356,0.0353,0.0355,89644.2
2026-07-09 18:00:00,0.0354,0.0357,0.0353,0.0355,189475.3
2026-07-09 19:00:00,0.0355,0.0355,0.0353,0.0355,79098.9
2026-07-09 20:00:00,0.0355,0.0356,0.0354,0.0354,35713.0
2026-07-09 21:00:00,0.0355,0.0357,0.0352,0.0354,522230.3
2026-07-09 22:00:00,0.0354,0.0355,0.0352,0.0353,174598.6
2026-07-09 23:00:00,0.0354,0.0355,0.0353,0.0353,155314.2
2026-07-10 00:00:00,0.0354,0.0373,0.035,0.0354,2416725.1
2026-07-10 01:00:00,0.0354,0.0357,0.0354,0.0357,38598.8
2026-07-10 02:00:00,0.0358,0.037,0.0358,0.0368,613526.4
2026-07-10 03:00:00,0.0367,0.0376,0.0367,0.0374,195341.5
2026-07-10 04:00:00,0.0374,0.038,0.0371,0.0371,675721.7
2026-07-10 05:00:00,0.0371,0.0372,0.0367,0.0372,528742.8
2026-07-10 06:00:00,0.0371,0.0371,0.0367,0.0367,49514.8
2026-07-10 07:00:00,0.0367,0.0371,0.0366,0.037,68696.0
2026-07-10 08:00:00,0.0369,0.0381,0.0367,0.038,336212.2
2026-07-10 09:00:00,0.0381,0.04,0.0377,0.0391,2181555.6
2026-07-10 10:00:00,0.0391,0.0393,0.0381,0.0386,1832327.8
2026-07-10 11:00:00,0.0388,0.0391,0.0385,0.0387,372791.8
2026-07-10 12:00:00,0.0388,0.0403,0.0381,0.0385,3135906.1
2026-07-10 13:00:00,0.0384,0.0386,0.0369,0.0371,2041964.8
2026-07-10 14:00:00,0.0372,0.0378,0.0371,0.0374,1096562.6
2026-07-10 15:00:00,0.0375,0.0376,0.037,0.0372,597282.0
2026-07-10 16:00:00,0.0373,0.0373,0.0369,0.0372,334798.5
2026-07-10 17:00:00,0.0373,0.0375,0.0373,0.0374,236345.1
2026-07-10 18:00:00,0.0374,0.0375,0.0369,0.0369,165296.1
2026-07-10 19:00:00,0.0369,0.0369,0.0365,0.0366,473787.6
2026-07-10 20:00:00,0.0367,0.037,0.0366,0.0367,206854.7
2026-07-10 21:00:00,0.0367,0.037,0.0366,0.0367,76234.8
2026-07-10 22:00:00,0.0367,0.037,0.0366,0.0369,89305.9
2026-07-10 23:00:00,0.0368,0.0368,0.0363,0.0364,251496.4
2026-07-11 00:00:00,0.0364,0.0366,0.036,0.036,344578.7
2026-07-11 01:00:00,0.0361,0.0364,0.036,0.0362,152551.7
2026-07-11 02:00:00,0.0362,0.0362,0.036,0.036,178351.8
2026-07-11 03:00:00,0.036,0.0361,0.0358,0.0361,76316.0
2026-07-11 04:00:00,0.0361,0.0363,0.0361,0.0362,107473.4
2026-07-11 05:00:00,0.0362,0.0363,0.036,0.0363,83951.1
2026-07-11 06:00:00,0.0363,0.0365,0.0362,0.0363,66042.2
2026-07-11 07:00:00,0.0364,0.0366,0.0361,0.0366,154036.2
2026-07-11 08:00:00,0.0366,0.0367,0.0363,0.0364,177709.8
2026-07-11 09:00:00,0.0364,0.0367,0.0363,0.0364,136580.1
2026-07-11 10:00:00,0.0363,0.0365,0.0362,0.0364,82536.2
2026-07-11 11:00:00,0.0364,0.0377,0.0363,0.0376,593109.9
2026-07-11 12:00:00,0.0374,0.04,0.0374,0.04,2038362.5
2026-07-11 13:00:00,0.0398,0.0428,0.0385,0.0414,9443642.6
2026-07-11 14:00:00,0.0416,0.0433,0.0408,0.0431,9757495.4
2026-07-11 15:00:00,0.0431,0.0439,0.0413,0.0422,6606642.3
2026-07-11 16:00:00,0.0422,0.0426,0.0414,0.0424,3199551.1
2026-07-11 17:00:00,0.0424,0.0425,0.0387,0.041,10633357.3
2026-07-11 18:00:00,0.041,0.0438,0.0408,0.0428,4148286.8
2026-07-11 19:00:00,0.0428,0.0434,0.0406,0.0407,4439176.1
2026-07-11 20:00:00,0.0407,0.0408,0.0399,0.0404,2073278.0
2026-07-11 21:00:00,0.0404,0.0408,0.0401,0.0407,1764672.8
2026-07-11 22:00:00,0.0406,0.0418,0.0405,0.0411,1591159.0
2026-07-11 23:00:00,0.0411,0.0418,0.041,0.0413,1018225.3
2026-07-12 00:00:00,0.0413,0.0421,0.0404,0.0411,1918754.6
2026-07-12 01:00:00,0.0412,0.0419,0.041,0.0413,972026.9
2026-07-12 02:00:00,0.0413,0.0419,0.041,0.0415,755978.6
2026-07-12 03:00:00,0.0415,0.0415,0.0405,0.0409,1025380.4
2026-07-12 04:00:00,0.0408,0.0413,0.0398,0.0407,2721777.3
2026-07-12 05:00:00,0.0407,0.0409,0.0401,0.0403,793478.7
2026-07-12 06:00:00,0.0403,0.0417,0.0403,0.0413,1149907.4
2026-07-12 07:00:00,0.0412,0.0417,0.0406,0.0408,1171319.4
2026-07-12 08:00:00,0.0408,0.0412,0.04,0.0402,3658702.5
2026-07-12 09:00:00,0.0402,0.0403,0.0386,0.0392,1862428.5
2026-07-12 10:00:00,0.0393,0.0431,0.0392,0.0429,3434729.8
2026-07-12 11:00:00,0.0429,0.0432,0.0415,0.0423,2741963.6
2026-07-12 12:00:00,0.0423,0.0428,0.0419,0.0422,881227.6
2026-07-12 13:00:00,0.0421,0.0432,0.0419,0.0422,1234430.7
2026-07-12 14:00:00,0.0422,0.0426,0.0418,0.0418,746854.6
2026-07-12 15:00:00,0.0418,0.0422,0.0405,0.0413,3642098.8
2026-07-12 16:00:00,0.0412,0.0414,0.04,0.0402,1176687.3
2026-07-12 17:00:00,0.0402,0.0414,0.0396,0.0409,742123.0
2026-07-12 18:00:00,0.0409,0.0414,0.0408,0.0408,262532.5
2026-07-12 19:00:00,0.0409,0.0413,0.0406,0.041,120898.2
2026-07-12 20:00:00,0.041,0.042,0.0408,0.0409,770391.6
2026-07-12 21:00:00,0.0409,0.0419,0.0409,0.0417,1086711.6
2026-07-12 22:00:00,0.0417,0.0418,0.0381,0.0404,5913450.8
2026-07-12 23:00:00,0.0404,0.0411,0.0402,0.0409,400163.6
2026-07-13 00:00:00,0.0408,0.0413,0.0407,0.0411,562230.8
2026-07-13 01:00:00,0.041,0.0411,0.0404,0.0404,394797.9
2026-07-13 02:00:00,0.0404,0.0405,0.0397,0.0405,545744.2
2026-07-13 03:00:00,0.0404,0.0414,0.0404,0.0411,491055.5
2026-07-13 04:00:00,0.041,0.0415,0.0408,0.0412,501118.6
2026-07-13 05:00:00,0.0411,0.0418,0.0398,0.0415,1957367.9
2026-07-13 06:00:00,0.0415,0.0415,0.0409,0.0412,429043.6
2026-07-13 07:00:00,0.0413,0.0416,0.0411,0.0415,767203.2
2026-07-13 08:00:00,0.0416,0.0422,0.0403,0.0417,1097376.4
2026-07-13 09:00:00,0.0416,0.0421,0.0414,0.0418,264023.5
2026-07-13 10:00:00,0.0418,0.0424,0.0411,0.0421,2462577.4
2026-07-13 11:00:00,0.042,0.0423,0.0418,0.0422,409914.6
2026-07-13 12:00:00,0.0421,0.0424,0.0412,0.0414,497982.8
2026-07-13 13:00:00,0.0414,0.0417,0.041,0.0413,310374.5
2026-07-13 14:00:00,0.0413,0.0419,0.0411,0.0417,555584.9
2026-07-13 15:00:00,0.0417,0.0424,0.0417,0.0421,346887.5
2026-07-13 16:00:00,0.0421,0.0422,0.0416,0.0419,223679.1
2026-07-13 17:00:00,0.0418,0.042,0.0414,0.0419,505282.1
2026-07-13 18:00:00,0.0419,0.0426,0.0416,0.0421,358546.0
2026-07-13 19:00:00,0.0422,0.0425,0.042,0.0422,389780.2
2026-07-13 20:00:00,0.0422,0.0426,0.0421,0.0425,385790.6
2026-07-13 21:00:00,0.0425,0.0425,0.0422,0.0423,192228.0
2026-07-13 22:00:00,0.0424,0.0424,0.042,0.042,45896.4
2026-07-13 23:00:00,0.0419,0.0424,0.0418,0.0422,137083.7
2026-07-14 00:00:00,0.0422,0.0431,0.0421,0.0429,1529394.6
2026-07-14 01:00:00,0.0429,0.0429,0.0422,0.0423,335860.5
2026-07-14 02:00:00,0.0422,0.0425,0.0414,0.0424,450674.9
2026-07-14 03:00:00,0.0424,0.0428,0.0423,0.0426,292690.5
2026-07-14 04:00:00,0.0425,0.0426,0.0424,0.0425,107485.5
2026-07-14 05:00:00,0.0424,0.043,0.0424,0.0428,221598.3
2026-07-14 06:00:00,0.0427,0.0429,0.0422,0.0422,284986.1
2026-07-14 07:00:00,0.0423,0.0429,0.0423,0.0429,410153.3
2026-07-14 08:00:00,0.043,0.044,0.0418,0.0424,1712279.8
2026-07-14 09:00:00,0.0425,0.0429,0.0422,0.0425,333445.5
2026-07-14 10:00:00,0.0425,0.0436,0.0425,0.0433,483308.6
2026-07-14 11:00:00,0.0433,0.0438,0.0432,0.0434,508452.1
2026-07-14 12:00:00,0.0434,0.0437,0.0428,0.0431,684894.4
2026-07-14 13:00:00,0.043,0.0434,0.0429,0.0429,449224.0
2026-07-14 14:00:00,0.0429,0.0432,0.0428,0.043,97239.8
2026-07-14 15:00:00,0.043,0.0433,0.0429,0.0432,229629.9
2026-07-14 16:00:00,0.0432,0.0434,0.0431,0.0432,310400.7
2026-07-14 17:00:00,0.0432,0.0437,0.0431,0.0433,296411.5
2026-07-14 18:00:00,0.0433,0.0435,0.043,0.0434,245094.7
2026-07-14 19:00:00,0.0433,0.0436,0.0432,0.0436,117182.2
2026-07-14 20:00:00,0.0436,0.0437,0.0433,0.0433,212366.6
2026-07-14 21:00:00,0.0433,0.0433,0.0431,0.0433,66717.6
2026-07-14 22:00:00,0.0433,0.0434,0.0432,0.0434,89061.5
2026-07-14 23:00:00,0.0433,0.044,0.0432,0.0439,1302907.9
2026-07-15 00:00:00,0.044,0.044,0.0434,0.0436,596566.8
2026-07-15 01:00:00,0.0436,0.0437,0.0434,0.0435,123351.4
2026-07-15 02:00:00,0.0435,0.0436,0.0433,0.0433,74258.8
2026-07-15 03:00:00,0.0432,0.0434,0.0428,0.043,393174.3
2026-07-15 04:00:00,0.043,0.0432,0.0423,0.0431,924192.0
2026-07-15 05:00:00,0.0431,0.0434,0.0426,0.0433,211097.0
2026-07-15 06:00:00,0.0432,0.044,0.0431,0.0437,866096.0
2026-07-15 07:00:00,0.0437,0.044,0.0434,0.0439,978759.4
2026-07-15 08:00:00,0.0439,0.044,0.0435,0.0439,207788.5
2026-07-15 09:00:00,0.0439,0.044,0.0436,0.0438,255367.5
2026-07-15 10:00:00,0.0438,0.0439,0.0436,0.0439,177709.9
2026-07-15 11:00:00,0.0439,0.044,0.0438,0.044,418832.7
2026-07-15 12:00:00,0.044,0.044,0.0437,0.044,279286.1
2026-07-15 13:00:00,0.044,0.0472,0.0438,0.0463,3611115.9
2026-07-15 14:00:00,0.0463,0.0499,0.0463,0.0496,7567207.7
2026-07-15 15:00:00,0.0496,0.0533,0.0489,0.0516,9587082.5
2026-07-15 16:00:00,0.0516,0.0531,0.0499,0.0516,5379346.6
2026-07-15 17:00:00,0.0517,0.053,0.05,0.0512,5300460.5
2026-07-15 18:00:00,0.0513,0.0524,0.0511,0.0516,1932146.1
2026-07-15 19:00:00,0.0517,0.0526,0.0516,0.0523,1007836.5
2026-07-15 20:00:00,0.0523,0.0543,0.0516,0.054,2798054.6
2026-07-15 21:00:00,0.054,0.0541,0.0516,0.0523,2919129.8
2026-07-15 22:00:00,0.0523,0.0526,0.0509,0.0519,2224436.8
2026-07-15 23:00:00,0.0518,0.0521,0.0502,0.051,1389226.8
2026-07-16 00:00:00,0.051,0.0524,0.051,0.0518,1440629.0
2026-07-16 01:00:00,0.0517,0.0528,0.0511,0.0521,854480.3
2026-07-16 02:00:00,0.0521,0.0557,0.052,0.0538,4968113.5
2026-07-16 03:00:00,0.0539,0.0568,0.0538,0.0553,6033445.5
2026-07-16 04:00:00,0.0556,0.0562,0.0543,0.0552,3816278.7
2026-07-16 05:00:00,0.0551,0.0557,0.0544,0.0555,2232815.4
2026-07-16 06:00:00,0.0555,0.0563,0.0549,0.0557,2227933.1
2026-07-16 07:00:00,0.0557,0.0558,0.0529,0.0555,5570045.5
2026-07-16 08:00:00,0.0555,0.0566,0.0543,0.0554,3180711.3
2026-07-16 09:00:00,0.0555,0.0593,0.0552,0.0578,8086408.5
2026-07-16 10:00:00,0.0578,0.0612,0.0578,0.0606,10538676.1
2026-07-16 11:00:00,0.0606,0.0625,0.0596,0.0599,10014399.6
2026-07-16 12:00:00,0.0598,0.0608,0.0591,0.0597,3962284.7
2026-07-16 13:00:00,0.0597,0.063,0.0587,0.0608,8588751.2
2026-07-16 14:00:00,0.0609,0.0614,0.0576,0.0601,6471142.1
2026-07-16 15:00:00,0.0602,0.0624,0.0591,0.0605,5139410.1
2026-07-16 16:00:00,0.0604,0.062,0.0596,0.0607,3484456.8
2026-07-16 17:00:00,0.0608,0.0621,0.0601,0.0614,2856332.5
2026-07-16 18:00:00,0.0613,0.0616,0.0601,0.0608,1834957.0
2026-07-16 19:00:00,0.0608,0.0623,0.0601,0.0604,3845879.9
2026-07-16 20:00:00,0.0607,0.0613,0.0602,0.061,1563285.6
2026-07-16 21:00:00,0.0609,0.0645,0.06,0.0618,8476576.5
2026-07-16 22:00:00,0.0619,0.0622,0.0613,0.0618,1702998.6
2026-07-16 23:00:00,0.0617,0.062,0.0608,0.0611,1968589.7
2026-07-17 00:00:00,0.0612,0.0626,0.0604,0.0614,2594459.9
2026-07-17 01:00:00,0.0614,0.0632,0.0612,0.0619,2344561.7
2026-07-17 02:00:00,0.062,0.0626,0.0613,0.062,1492412.8
2026-07-17 03:00:00,0.062,0.0624,0.0596,0.0604,3004045.4
2026-07-17 04:00:00,0.0605,0.0634,0.0605,0.0631,3066049.0
2026-07-17 05:00:00,0.0631,0.0638,0.0611,0.0618,3354700.2
2026-07-17 06:00:00,0.0618,0.0635,0.0617,0.0626,3364279.8
2026-07-17 07:00:00,0.0627,0.0641,0.0619,0.0624,1173033.9
2026-07-17 08:00:00,0.0624,0.0672,0.062,0.0663,4094860.8
2026-07-17 09:00:00,0.0663,0.0749,0.066,0.0708,19582502.3
2026-07-17 10:00:00,0.0707,0.083,0.0706,0.0811,22914668.1
2026-07-17 11:00:00,0.081,0.088,0.079,0.0797,22299212.0
2026-07-17 12:00:00,0.0798,0.0799,0.0673,0.0735,22800196.5
2026-07-17 13:00:00,0.0735,0.0757,0.0491,0.0495,40194454.6
2026-07-17 14:00:00,0.0495,0.0767,0.0471,0.0763,57306785.3
2026-07-17 15:00:00,0.0763,0.0763,0.0564,0.0669,40791804.2
2026-07-17 16:00:00,0.0669,0.07,0.0616,0.0671,22075459.6
2026-07-17 17:00:00,0.0671,0.0735,0.0661,0.0708,13895884.5
2026-07-17 18:00:00,0.0709,0.0732,0.0681,0.069,6635031.8
2026-07-17 19:00:00,0.069,0.0697,0.0654,0.066,7367976.0
2026-07-17 20:00:00,0.0661,0.0676,0.0632,0.0642,4478938.2
2026-07-17 21:00:00,0.0641,0.0653,0.0622,0.0635,2583087.1
2026-07-17 22:00:00,0.0635,0.0668,0.062,0.0667,3624545.8
2026-07-17 23:00:00,0.0667,0.0717,0.0626,0.0704,5767970.7
2026-07-18 00:00:00,0.0704,0.0762,0.0685,0.0737,13539510.9
2026-07-18 01:00:00,0.0738,0.075,0.0717,0.0717,1930434.2
