timestamp,open,high,low,close,volume
2022-07-18 20:00:00,256.8,265.6,256.0,264.1,105265.243
2022-07-19 00:00:00,264.1,267.5,258.0,258.4,210719.191
2022-07-19 04:00:00,258.4,261.3,255.8,258.2,117014.867
2022-07-19 08:00:00,258.1,262.7,257.1,260.7,94053.699
2022-07-19 12:00:00,260.6,265.4,260.3,263.8,198323.637
2022-07-19 16:00:00,263.9,274.8,263.5,271.1,219322.751
2022-07-19 20:00:00,271.1,272.6,267.6,268.6,106952.795
2022-07-20 00:00:00,268.6,269.0,265.7,267.9,134776.345
2022-07-20 04:00:00,267.9,271.2,267.0,267.1,88671.46
2022-07-20 08:00:00,267.2,270.5,263.7,269.1,125819.342
2022-07-20 12:00:00,269.1,272.0,266.6,270.0,140337.049
2022-07-20 16:00:00,269.9,270.9,262.8,263.7,121071.584
2022-07-20 20:00:00,263.8,265.0,256.4,258.2,160821.028
2022-07-21 00:00:00,258.3,260.0,251.0,252.7,119523.11
2022-07-21 04:00:00,252.7,256.7,250.7,255.7,83454.294
2022-07-21 08:00:00,255.7,257.6,254.3,256.2,82223.908
2022-07-21 12:00:00,256.2,261.2,255.9,258.9,108629.209
2022-07-21 16:00:00,259.0,264.5,258.8,264.5,92524.19
2022-07-21 20:00:00,264.4,266.0,263.2,265.6,58785.561
2022-07-22 00:00:00,265.6,268.0,262.9,264.1,61230.347
2022-07-22 04:00:00,264.1,269.0,263.0,267.4,63593.17
2022-07-22 08:00:00,267.3,271.4,266.6,269.6,104270.255
2022-07-22 12:00:00,269.5,270.6,265.0,265.9,141641.644
2022-07-22 16:00:00,265.9,267.9,261.1,261.7,87367.043
2022-07-22 20:00:00,261.7,264.3,261.4,262.4,50439.858
2022-07-23 00:00:00,262.5,268.4,261.2,266.0,54030.018
2022-07-23 04:00:00,266.0,268.3,265.6,267.3,38864.488
2022-07-23 08:00:00,267.3,272.6,254.9,255.6,172707.677
2022-07-23 12:00:00,255.6,257.4,254.2,256.8,90187.887
2022-07-23 16:00:00,256.7,257.8,252.7,255.6,82460.167
2022-07-23 20:00:00,255.7,260.4,255.1,259.2,50076.01
2022-07-24 00:00:00,259.2,261.4,257.1,258.2,54233.791
2022-07-24 04:00:00,258.2,264.0,257.7,262.6,55835.746
2022-07-24 08:00:00,262.6,265.6,262.0,263.6,54129.085
2022-07-24 12:00:00,263.6,265.5,260.7,264.8,62075.868
2022-07-24 16:00:00,264.9,265.2,261.8,262.1,36617.488
2022-07-24 20:00:00,262.2,266.2,260.3,261.4,71010.633
2022-07-25 00:00:00,261.4,262.7,254.2,255.3,87819.395
2022-07-25 04:00:00,255.2,256.0,253.0,255.2,62918.305
2022-07-25 08:00:00,255.3,257.7,254.4,255.8,42926.215
2022-07-25 12:00:00,255.8,256.5,253.4,256.2,68390.148
2022-07-25 16:00:00,256.2,257.3,249.4,252.6,80722.874
2022-07-25 20:00:00,252.6,255.0,243.8,244.6,115991.596
2022-07-26 00:00:00,244.7,245.2,240.7,244.1,91084.724
2022-07-26 04:00:00,244.1,245.2,242.6,242.9,44368.786
2022-07-26 08:00:00,242.8,244.4,241.6,243.3,38793.954
2022-07-26 12:00:00,243.3,244.4,239.6,240.0,74543.397
2022-07-26 16:00:00,240.1,243.7,240.0,243.0,54088.424
2022-07-26 20:00:00,243.0,249.6,241.9,249.4,62654.362
2022-07-27 00:00:00,249.5,253.0,247.5,251.4,67288.04
2022-07-27 04:00:00,251.4,255.0,251.3,252.6,59357.571
2022-07-27 08:00:00,252.6,254.1,251.3,252.6,51774.421
2022-07-27 12:00:00,252.5,259.9,251.9,258.6,107359.243
2022-07-27 16:00:00,258.6,269.3,254.7,268.4,268792.934
2022-07-27 20:00:00,268.4,272.0,267.2,271.6,102201.486
2022-07-28 00:00:00,271.6,273.7,266.7,269.3,97731.285
2022-07-28 04:00:00,269.3,270.0,267.0,267.7,61114.676
2022-07-28 08:00:00,267.7,270.0,265.3,269.3,75731.976
2022-07-28 12:00:00,269.4,278.6,263.6,276.5,227376.382
2022-07-28 16:00:00,276.5,278.8,274.4,276.3,117764.277
2022-07-28 20:00:00,276.4,280.8,275.4,277.2,90113.804
2022-07-29 00:00:00,277.2,280.0,274.8,278.6,87799.105
2022-07-29 04:00:00,278.6,282.4,276.6,277.9,105357.51
2022-07-29 08:00:00,278.0,293.0,275.8,284.6,299815.346
2022-07-29 12:00:00,284.6,299.0,281.1,298.6,279387.552
2022-07-29 16:00:00,298.6,302.0,292.9,296.8,207395.89
2022-07-29 20:00:00,296.8,299.0,292.5,293.6,98043.818
2022-07-30 00:00:00,293.6,300.2,291.4,295.0,136055.334
2022-07-30 04:00:00,295.1,295.1,288.9,290.8,88149.489
2022-07-30 08:00:00,290.9,292.7,285.6,288.7,95019.703
2022-07-30 12:00:00,288.8,299.9,287.5,299.1,160653.677
2022-07-30 16:00:00,299.0,300.0,289.7,291.1,105305.122
2022-07-30 20:00:00,291.1,292.2,285.1,287.8,97927.778
2022-07-31 00:00:00,287.8,293.6,286.5,292.8,83576.641
2022-07-31 04:00:00,292.9,295.7,290.3,291.6,73494.15
2022-07-31 08:00:00,291.7,294.4,289.5,292.9,96216.621
2022-07-31 12:00:00,292.9,293.7,288.9,291.1,66773.483
2022-07-31 16:00:00,291.1,297.1,288.2,289.2,155156.142
2022-07-31 20:00:00,289.2,289.7,282.1,283.4,89510.236
2022-08-01 00:00:00,283.5,290.5,282.8,287.5,78436.855
2022-08-01 04:00:00,287.5,288.6,283.1,288.0,66580.795
2022-08-01 08:00:00,288.0,288.5,283.0,286.0,76156.539
2022-08-01 12:00:00,285.9,289.2,282.2,286.1,105886.65
2022-08-01 16:00:00,286.2,286.4,277.9,280.2,116699.18
2022-08-01 20:00:00,280.2,284.5,279.7,283.2,50087.785
2022-08-02 00:00:00,283.3,285.0,275.1,275.9,113722.959
2022-08-02 04:00:00,276.0,279.7,274.2,279.5,70137.72
2022-08-02 08:00:00,279.5,281.8,275.4,279.9,81998.654
2022-08-02 12:00:00,279.9,286.2,276.7,285.0,142573.674
2022-08-02 16:00:00,285.0,291.1,284.5,285.9,121024.105
2022-08-02 20:00:00,285.9,287.2,283.1,283.8,98356.969
2022-08-03 00:00:00,283.8,284.8,278.2,283.1,84676.516
2022-08-03 04:00:00,283.2,290.0,282.4,288.0,84774.477
2022-08-03 08:00:00,288.1,293.2,287.6,291.1,84635.129
2022-08-03 12:00:00,291.1,299.3,289.4,298.0,150961.178
2022-08-03 16:00:00,298.0,305.7,298.0,302.5,166457.215
2022-08-03 20:00:00,302.6,304.1,295.4,297.5,114420.105
2022-08-04 00:00:00,297.6,307.5,297.2,306.5,112907.421
2022-08-04 04:00:00,306.6,308.5,300.1,303.4,127543.547
2022-08-04 08:00:00,303.4,304.0,298.6,300.5,86519.406
2022-08-04 12:00:00,300.6,307.8,299.1,303.0,199676.355
2022-08-04 16:00:00,303.1,311.4,299.4,310.6,168536.147
2022-08-04 20:00:00,310.6,313.4,308.2,311.8,113421.276
2022-08-05 00:00:00,311.9,316.0,308.1,313.3,113721.181
2022-08-05 04:00:00,313.4,318.3,312.2,316.9,80528.248
2022-08-05 08:00:00,316.8,321.5,316.6,317.7,153465.722
2022-08-05 12:00:00,317.7,319.1,312.3,313.1,152171.372
2022-08-05 16:00:00,313.0,314.9,310.7,314.5,74159.115
2022-08-05 20:00:00,314.4,316.9,312.2,315.9,67761.935
2022-08-06 00:00:00,315.9,319.5,314.6,315.1,79670.335
2022-08-06 04:00:00,315.2,316.7,312.6,315.2,53102.426
2022-08-06 08:00:00,315.3,316.0,313.3,314.5,39355.962
2022-08-06 12:00:00,314.5,318.3,313.5,316.0,56437.904
2022-08-06 16:00:00,316.0,322.9,314.3,318.7,102733.698
2022-08-06 20:00:00,318.7,320.1,314.2,315.2,62988.211
2022-08-07 00:00:00,315.3,316.1,308.2,310.8,84473.25
2022-08-07 04:00:00,310.9,312.5,310.2,312.3,30720.491
2022-08-07 08:00:00,312.2,315.5,310.7,315.5,44739.254
2022-08-07 12:00:00,315.4,324.6,315.3,322.3,128452.131
2022-08-07 16:00:00,322.3,325.9,322.0,322.6,70777.578
2022-08-07 20:00:00,322.7,325.5,321.6,322.8,55927.479
2022-08-08 00:00:00,322.7,329.6,321.9,325.6,115701.137
2022-08-08 04:00:00,325.6,329.8,324.9,328.7,67647.327
2022-08-08 08:00:00,328.8,332.0,326.3,330.4,114868.995
2022-08-08 12:00:00,330.4,334.0,324.1,325.2,129071.919
2022-08-08 16:00:00,325.2,327.9,323.1,327.6,67265.9
2022-08-08 20:00:00,327.6,329.7,320.8,324.9,85651.329
2022-08-09 00:00:00,324.9,326.6,322.4,324.5,64089.131
2022-08-09 04:00:00,324.5,326.6,323.8,325.6,51242.439
2022-08-09 08:00:00,325.6,325.7,316.5,317.6,130247.095
2022-08-09 12:00:00,317.6,319.5,312.4,316.0,103736.491
2022-08-09 16:00:00,316.0,321.7,315.3,320.4,73832.308
2022-08-09 20:00:00,320.4,328.3,320.2,324.4,77441.931
2022-08-10 00:00:00,324.5,326.4,313.6,315.0,131683.751
2022-08-10 04:00:00,315.1,323.5,314.1,321.9,73659.537
2022-08-10 08:00:00,322.0,323.6,316.2,317.5,103988.784
2022-08-10 12:00:00,317.6,336.8,315.5,333.3,344691.323
2022-08-10 16:00:00,333.3,334.8,326.0,327.0,111100.262
2022-08-10 20:00:00,327.0,330.5,326.0,328.8,66098.453
2022-08-11 00:00:00,328.8,334.7,328.5,331.9,108099.837
2022-08-11 04:00:00,331.9,334.0,328.9,330.6,73463.133
2022-08-11 08:00:00,330.5,331.7,328.4,330.2,70041.582
2022-08-11 12:00:00,330.2,334.5,322.9,325.0,184551.932
2022-08-11 16:00:00,325.1,328.0,324.2,326.0,61516.556
2022-08-11 20:00:00,326.1,327.5,322.0,323.6,51905.288
2022-08-12 00:00:00,323.5,326.1,320.0,323.8,72909.086
2022-08-12 04:00:00,323.8,324.7,322.3,323.4,39615.052
2022-08-12 08:00:00,323.5,327.7,317.7,319.1,96081.544
2022-08-12 12:00:00,319.2,323.9,318.8,323.4,72990.876
2022-08-12 16:00:00,323.4,325.9,321.5,325.2,51096.761
2022-08-12 20:00:00,325.3,328.1,323.1,327.9,52155.524
2022-08-13 00:00:00,327.9,329.3,325.0,328.7,71921.242
2022-08-13 04:00:00,328.7,331.3,327.2,327.6,77152.32
2022-08-13 08:00:00,327.5,333.0,324.8,331.3,109442.425
2022-08-13 12:00:00,331.3,331.4,327.6,328.1,54291.727
2022-08-13 16:00:00,328.1,328.9,324.1,324.3,50354.856
2022-08-13 20:00:00,324.3,326.9,322.8,324.3,41903.682
2022-08-14 00:00:00,324.3,328.1,323.1,326.9,52854.345
2022-08-14 04:00:00,326.9,331.0,326.1,329.7,63587.392
2022-08-14 08:00:00,329.6,330.0,326.4,327.4,42250.031
2022-08-14 12:00:00,327.4,327.5,320.2,322.8,90833.011
2022-08-14 16:00:00,322.8,323.1,315.8,319.2,84658.575
2022-08-14 20:00:00,319.3,320.7,316.5,317.6,44170.564
2022-08-15 00:00:00,317.6,327.4,315.4,323.9,108254.21
2022-08-15 04:00:00,323.9,324.8,315.5,316.7,102319.908
2022-08-15 08:00:00,316.6,318.6,313.6,316.0,71010.006
2022-08-15 12:00:00,316.1,319.9,314.0,319.6,73653.899
2022-08-15 16:00:00,319.6,320.6,316.8,317.3,50095.568
2022-08-15 20:00:00,317.3,320.3,315.7,319.5,50582.687
2022-08-16 00:00:00,319.4,322.4,314.6,318.3,81294.786
2022-08-16 04:00:00,318.4,319.0,315.1,317.7,51835.278
2022-08-16 08:00:00,317.8,319.0,316.5,317.3,63164.374
2022-08-16 12:00:00,317.4,317.8,313.2,315.8,73491.944
2022-08-16 16:00:00,315.8,316.5,312.0,315.5,62845.418
2022-08-16 20:00:00,315.5,317.9,315.2,316.1,38344.119
2022-08-17 00:00:00,316.0,318.5,315.5,317.7,56498.156
2022-08-17 04:00:00,317.8,324.0,315.4,315.9,122399.259
2022-08-17 08:00:00,315.9,317.3,312.2,313.5,73812.684
2022-08-17 12:00:00,313.6,313.6,305.3,307.2,124735.666
2022-08-17 16:00:00,307.2,311.7,306.1,307.9,68497.455
2022-08-17 20:00:00,307.9,309.9,304.2,306.9,58293.512
2022-08-18 00:00:00,306.8,307.6,301.4,306.4,85138.793
2022-08-18 04:00:00,306.5,307.9,305.5,307.7,30789.367
2022-08-18 08:00:00,307.8,309.8,305.6,309.0,53547.089
2022-08-18 12:00:00,309.0,311.0,302.0,305.4,100499.382
2022-08-18 16:00:00,305.5,306.0,301.6,303.5,58172.38
2022-08-18 20:00:00,303.6,304.8,295.8,298.1,80904.875
2022-08-19 00:00:00,298.1,298.2,290.2,291.7,150426.654
2022-08-19 04:00:00,291.8,292.5,276.2,282.7,186778.056
2022-08-19 08:00:00,282.7,285.6,278.4,282.1,151608.385
2022-08-19 12:00:00,282.1,284.8,279.2,283.9,110561.292
2022-08-19 16:00:00,284.0,288.1,283.6,286.3,115231.91
2022-08-19 20:00:00,286.4,287.3,277.6,279.1,155690.214
2022-08-20 00:00:00,279.0,287.0,278.8,285.9,115310.326
2022-08-20 04:00:00,286.0,289.4,284.1,287.7,106605.215
2022-08-20 08:00:00,287.7,288.5,285.6,287.1,56508.999
2022-08-20 12:00:00,287.1,288.0,285.3,286.9,51556.669
2022-08-20 16:00:00,286.9,287.7,278.5,279.5,95827.585
2022-08-20 20:00:00,279.5,284.7,277.0,283.7,87212.312
2022-08-21 00:00:00,283.8,288.3,283.4,286.8,68985.031
2022-08-21 04:00:00,286.9,296.8,286.2,296.6,98160.315
2022-08-21 08:00:00,296.6,300.3,293.9,296.1,121590.571
2022-08-21 12:00:00,296.1,299.3,294.6,298.5,68281.937
2022-08-21 16:00:00,298.6,300.0,296.6,299.1,56965.811
2022-08-21 20:00:00,299.1,304.2,296.7,301.9,114172.544
2022-08-22 00:00:00,301.9,304.9,295.0,296.7,106675.269
2022-08-22 04:00:00,296.8,298.8,291.2,291.5,86649.2
2022-08-22 08:00:00,291.6,297.4,288.8,296.0,136797.569
2022-08-22 12:00:00,296.0,299.5,292.6,298.8,152899.92
2022-08-22 16:00:00,298.8,300.0,293.1,296.1,80042.816
2022-08-22 20:00:00,296.1,301.7,296.0,300.0,75831.211
2022-08-23 00:00:00,300.0,301.7,295.3,298.7,67159.99
2022-08-23 04:00:00,298.8,299.8,293.8,298.8,69379.091
2022-08-23 08:00:00,298.8,300.8,296.0,298.6,81547.649
2022-08-23 12:00:00,298.7,300.4,295.8,298.2,88532.027
2022-08-23 16:00:00,298.2,299.3,296.0,298.3,51217.312
2022-08-23 20:00:00,298.4,301.2,297.2,299.3,45538.883
2022-08-24 00:00:00,299.3,300.1,294.3,297.5,67425.545
2022-08-24 04:00:00,297.6,299.6,294.5,295.3,52757.843
2022-08-24 08:00:00,295.3,297.5,294.4,297.1,48228.615
2022-08-24 12:00:00,297.1,298.9,295.2,298.0,60967.587
2022-08-24 16:00:00,298.0,300.5,297.8,298.7,59489.368
2022-08-24 20:00:00,298.7,300.2,295.7,296.4,55257.307
2022-08-25 00:00:00,296.4,299.1,296.0,296.3,42957.025
2022-08-25 04:00:00,296.2,307.5,296.0,305.0,110526.329
2022-08-25 08:00:00,305.1,305.8,301.2,304.1,76285.991
2022-08-25 12:00:00,304.2,305.5,299.0,301.5,83327.547
2022-08-25 16:00:00,301.4,302.6,299.7,302.4,46046.119
2022-08-25 20:00:00,302.4,303.9,300.4,301.2,39474.049
2022-08-26 00:00:00,301.2,301.6,297.7,299.4,52873.947
2022-08-26 04:00:00,299.4,300.0,294.7,296.5,65084.644
2022-08-26 08:00:00,296.4,296.8,291.3,293.8,61025.107
2022-08-26 12:00:00,293.8,302.3,286.9,288.1,227799.721
2022-08-26 16:00:00,288.1,288.5,282.8,285.3,101727.43
2022-08-26 20:00:00,285.3,286.5,277.2,279.6,86259.506
2022-08-27 00:00:00,279.6,281.9,278.4,280.8,64517.376
2022-08-27 04:00:00,280.9,282.9,276.0,282.7,67744.7
2022-08-27 08:00:00,282.6,284.8,280.2,282.9,60784.689
2022-08-27 12:00:00,282.9,284.3,278.1,280.4,72707.31
2022-08-27 16:00:00,280.4,280.9,276.0,277.9,86086.898
2022-08-27 20:00:00,278.0,278.7,273.3,277.9,60891.743
2022-08-28 00:00:00,277.9,279.9,275.9,277.3,46361.383
2022-08-28 04:00:00,277.3,280.7,276.2,279.7,48651.449
2022-08-28 08:00:00,279.8,281.0,277.8,279.7,39656.405
2022-08-28 12:00:00,279.7,281.5,276.8,281.3,51959.871
2022-08-28 16:00:00,281.3,284.1,280.2,281.6,49085.782
2022-08-28 20:00:00,281.5,283.0,275.6,276.5,77104.136
2022-08-29 00:00:00,276.5,280.3,274.4,278.7,79108.724
2022-08-29 04:00:00,278.7,280.3,276.9,277.9,49563.804
2022-08-29 08:00:00,277.9,278.0,272.3,273.5,82423.92
2022-08-29 12:00:00,273.5,284.9,273.0,284.4,146931.969
2022-08-29 16:00:00,284.5,286.4,280.0,281.0,79260.677
2022-08-29 20:00:00,281.1,286.7,281.0,285.9,44401.738
2022-08-30 00:00:00,285.9,288.7,284.7,287.2,53558.741
2022-08-30 04:00:00,287.3,291.3,287.0,290.7,69029.957
2022-08-30 08:00:00,290.7,292.0,288.5,289.7,46466.093
2022-08-30 12:00:00,289.7,290.3,279.9,281.6,120524.893
2022-08-30 16:00:00,281.6,284.7,276.1,282.4,100570.105
2022-08-30 20:00:00,282.4,284.3,280.7,281.6,46615.976
2022-08-31 00:00:00,281.7,289.6,281.4,288.7,75774.252
2022-08-31 04:00:00,288.8,290.0,286.1,286.2,55788.028
2022-08-31 08:00:00,286.2,289.0,283.9,286.5,63556.363
2022-08-31 12:00:00,286.4,288.0,280.5,282.5,82596.2
2022-08-31 16:00:00,282.5,283.5,278.6,282.3,69589.376
2022-08-31 20:00:00,282.3,283.1,277.7,279.2,41605.326
2022-09-01 00:00:00,279.3,280.3,275.4,277.6,64118.4
2022-09-01 04:00:00,277.5,279.6,274.7,275.4,55082.617
2022-09-01 08:00:00,275.4,279.2,274.5,278.4,60897.467
2022-09-01 12:00:00,278.3,278.8,270.7,272.4,130640.271
2022-09-01 16:00:00,272.5,277.0,271.2,275.9,64833.749
2022-09-01 20:00:00,275.8,278.8,275.6,278.3,39620.708
2022-09-02 00:00:00,278.3,281.2,275.2,279.0,50928.824
2022-09-02 04:00:00,279.1,280.6,277.0,278.9,31795.688
2022-09-02 08:00:00,278.9,280.0,277.3,279.0,39947.127
2022-09-02 12:00:00,279.0,283.4,278.2,282.1,94444.519
2022-09-02 16:00:00,282.2,283.0,273.9,275.3,66723.785
2022-09-02 20:00:00,275.4,278.0,273.7,277.5,37570.005
2022-09-03 00:00:00,277.4,278.8,275.7,276.5,29787.601
2022-09-03 04:00:00,276.5,277.6,274.2,275.6,25186.666
2022-09-03 08:00:00,275.6,276.8,275.1,276.1,27277.535
2022-09-03 12:00:00,276.1,277.6,275.8,276.3,27932.276
2022-09-03 16:00:00,276.2,278.0,275.5,276.6,22803.759
2022-09-03 20:00:00,276.6,278.0,276.4,277.8,15517.046
2022-09-04 00:00:00,277.8,280.6,276.9,277.6,33764.39
2022-09-04 04:00:00,277.6,279.3,275.8,275.9,20174.247
2022-09-04 08:00:00,275.9,279.1,275.0,279.1,33173.838
2022-09-04 12:00:00,279.1,280.6,276.5,278.0,42496.38
2022-09-04 16:00:00,277.9,279.7,277.2,277.6,36522.204
2022-09-04 20:00:00,277.7,279.1,277.1,279.1,27309.749
2022-09-05 00:00:00,279.1,282.0,277.5,278.6,43238.829
2022-09-05 04:00:00,278.6,279.1,273.8,275.3,52376.112
2022-09-05 08:00:00,275.2,275.9,273.4,274.8,38574.819
2022-09-05 12:00:00,274.7,277.5,273.9,276.7,52871.084
2022-09-05 16:00:00,276.8,277.2,273.5,274.2,41490.305
2022-09-05 20:00:00,274.2,277.5,274.2,276.9,30407.0
2022-09-06 00:00:00,276.9,286.3,276.5,279.6,146417.716
2022-09-06 04:00:00,279.6,282.7,279.5,280.6,66688.599
2022-09-06 08:00:00,280.6,283.8,279.3,281.6,56742.157
2022-09-06 12:00:00,281.6,282.8,277.3,281.3,79550.103
2022-09-06 16:00:00,281.4,281.5,264.3,265.8,212444.198
2022-09-06 20:00:00,265.9,267.5,261.0,262.5,79079.758
2022-09-07 00:00:00,262.5,264.3,258.6,263.0,97353.677
2022-09-07 04:00:00,263.0,265.0,262.2,264.3,43060.159
2022-09-07 08:00:00,264.2,265.6,262.7,263.5,43807.555
2022-09-07 12:00:00,263.6,268.0,262.1,267.1,69923.491
2022-09-07 16:00:00,267.1,271.3,266.8,270.6,55123.473
2022-09-07 20:00:00,270.6,280.4,270.5,278.9,122558.863
2022-09-08 00:00:00,279.0,280.9,277.9,279.4,54267.591
2022-09-08 04:00:00,279.5,280.3,275.6,276.7,56598.671
2022-09-08 08:00:00,276.8,279.9,276.4,278.6,47518.076
2022-09-08 12:00:00,278.6,282.9,275.4,279.9,130026.919
2022-09-08 16:00:00,280.0,281.3,277.5,281.2,54550.933
2022-09-08 20:00:00,281.3,282.0,279.6,280.5,42597.559
2022-09-09 00:00:00,280.6,287.0,280.0,285.6,72372.954
2022-09-09 04:00:00,285.6,291.4,285.2,290.9,135831.299
2022-09-09 08:00:00,291.0,294.3,288.3,291.8,97595.204
2022-09-09 12:00:00,291.9,295.9,289.9,292.3,101596.999
2022-09-09 16:00:00,292.4,293.2,289.5,291.7,65006.756
2022-09-09 20:00:00,291.7,295.2,289.3,293.4,69466.197
2022-09-10 00:00:00,293.4,295.0,291.2,293.6,52774.911
2022-09-10 04:00:00,293.6,297.2,292.0,292.5,69345.408
2022-09-10 08:00:00,292.5,295.6,292.2,294.0,41404.416
2022-09-10 12:00:00,293.9,295.4,290.3,293.1,49577.848
2022-09-10 16:00:00,293.1,295.0,292.0,294.8,38785.551
2022-09-10 20:00:00,294.9,298.6,292.6,296.7,76444.408
2022-09-11 00:00:00,296.7,298.1,293.3,294.4,48807.141
2022-09-11 04:00:00,294.4,295.4,291.7,295.3,39769.295
2022-09-11 08:00:00,295.3,296.8,294.6,296.3,29885.511
2022-09-11 12:00:00,296.3,296.8,292.6,294.5,37268.282
2022-09-11 16:00:00,294.5,296.6,293.5,294.8,42854.768
2022-09-11 20:00:00,294.8,295.5,289.7,295.3,62508.948
2022-09-12 00:00:00,295.3,298.2,290.8,293.0,87180.65
2022-09-12 04:00:00,293.0,296.4,292.4,296.2,49800.737
2022-09-12 08:00:00,296.2,300.0,295.6,298.9,76317.855
2022-09-12 12:00:00,298.9,299.5,292.8,293.4,76770.102
2022-09-12 16:00:00,293.5,294.9,291.3,294.5,74112.592
2022-09-12 20:00:00,294.5,294.6,291.4,294.1,44504.232
2022-09-13 00:00:00,294.1,294.1,288.5,293.1,76674.671
2022-09-13 04:00:00,293.1,294.9,291.9,293.7,47201.962
2022-09-13 08:00:00,293.8,297.0,292.3,295.4,47972.11
2022-09-13 12:00:00,295.4,298.6,281.0,283.1,260894.348
2022-09-13 16:00:00,283.1,284.6,278.2,279.7,75666.863
2022-09-13 20:00:00,279.8,281.0,275.4,277.4,69912.376
2022-09-14 00:00:00,277.5,280.7,276.0,280.0,63487.325
2022-09-14 04:00:00,280.1,282.0,277.1,279.1,60745.15
2022-09-14 08:00:00,279.1,280.7,277.2,279.6,66868.6
2022-09-14 12:00:00,279.6,282.8,277.5,279.5,99115.867
2022-09-14 16:00:00,279.5,279.7,273.3,277.5,81725.0
2022-09-14 20:00:00,277.5,280.4,276.8,279.3,53033.043
2022-09-15 00:00:00,279.4,280.5,273.4,276.2,80554.165
2022-09-15 04:00:00,276.2,278.7,271.2,277.1,161442.57
2022-09-15 08:00:00,277.1,277.1,273.0,275.6,57381.577
2022-09-15 12:00:00,275.6,277.2,266.3,269.8,130502.689
2022-09-15 16:00:00,269.8,272.7,269.2,271.6,54163.44
2022-09-15 20:00:00,271.7,272.7,268.6,271.1,36590.82
2022-09-16 00:00:00,271.1,274.0,268.5,273.2,55579.798
2022-09-16 04:00:00,273.1,275.6,272.3,273.4,33499.408
2022-09-16 08:00:00,273.4,276.6,271.8,276.3,62279.616
2022-09-16 12:00:00,276.2,276.4,271.3,275.1,74383.94
2022-09-16 16:00:00,275.1,275.1,270.9,273.2,58202.351
2022-09-16 20:00:00,273.1,274.9,272.8,274.9,27792.705
2022-09-17 00:00:00,274.9,278.4,274.7,276.3,40254.823
2022-09-17 04:00:00,276.3,278.0,275.5,276.5,27519.135
2022-09-17 08:00:00,276.5,277.5,275.9,276.9,21409.56
2022-09-17 12:00:00,276.8,278.2,275.5,277.5,42886.235
2022-09-17 16:00:00,277.6,279.9,277.4,278.7,37862.618
2022-09-17 20:00:00,278.7,279.7,277.6,279.1,19775.58
2022-09-18 00:00:00,279.1,279.2,276.5,277.4,26057.653
2022-09-18 04:00:00,277.4,278.7,277.1,278.1,18167.274
2022-09-18 08:00:00,278.2,278.7,274.1,276.6,46104.585
2022-09-18 12:00:00,276.5,280.3,274.5,275.3,67542.879
2022-09-18 16:00:00,275.3,275.8,271.3,272.8,73995.105
2022-09-18 20:00:00,272.9,273.0,263.1,266.2,96016.412
2022-09-19 00:00:00,266.3,269.7,260.8,261.8,103253.046
2022-09-19 04:00:00,261.9,263.2,256.7,259.6,97852.091
2022-09-19 08:00:00,259.6,262.7,257.5,262.0,67928.094
2022-09-19 12:00:00,262.0,270.4,261.9,266.1,116165.39
2022-09-19 16:00:00,266.0,269.7,264.3,268.9,63398.908
2022-09-19 20:00:00,269.0,273.0,268.3,271.9,59431.661
2022-09-20 00:00:00,272.0,273.7,267.3,269.4,53835.044
2022-09-20 04:00:00,269.5,272.9,268.9,270.2,51554.055
2022-09-20 08:00:00,270.3,271.0,268.1,270.2,48712.446
2022-09-20 12:00:00,270.3,270.8,265.9,270.3,84957.867
2022-09-20 16:00:00,270.2,271.4,265.2,268.4,59703.225
2022-09-20 20:00:00,268.5,269.0,265.3,266.3,36692.817
2022-09-21 00:00:00,266.3,268.2,265.5,267.2,27850.363
2022-09-21 04:00:00,267.3,268.5,264.1,265.9,38396.448
2022-09-21 08:00:00,266.0,269.9,264.2,269.4,50155.593
2022-09-21 12:00:00,269.4,270.8,266.3,267.3,62195.304
2022-09-21 16:00:00,267.2,276.4,262.8,268.9,246766.246
2022-09-21 20:00:00,269.0,269.7,260.3,264.0,110411.867
2022-09-22 00:00:00,264.0,266.1,263.5,265.2,44227.647
2022-09-22 04:00:00,265.2,266.9,264.5,266.9,39070.687
2022-09-22 08:00:00,266.8,270.4,266.3,270.2,61288.751
2022-09-22 12:00:00,270.2,271.2,266.7,268.4,72716.414
2022-09-22 16:00:00,268.4,275.6,266.8,274.3,71342.46
2022-09-22 20:00:00,274.4,276.7,273.3,275.3,50744.862
2022-09-23 00:00:00,275.4,275.9,272.7,274.7,46771.583
2022-09-23 04:00:00,274.8,277.9,273.8,274.8,60756.941
2022-09-23 08:00:00,274.8,275.8,272.2,272.8,70649.915
2022-09-23 12:00:00,272.9,274.4,269.1,271.3,73415.262
2022-09-23 16:00:00,271.2,272.8,268.3,271.7,62800.336
2022-09-23 20:00:00,271.7,277.1,271.6,276.7,48996.768
2022-09-24 00:00:00,276.7,279.6,275.4,278.9,49801.457
2022-09-24 04:00:00,278.8,285.0,278.8,280.7,91662.1
2022-09-24 08:00:00,280.7,283.2,279.4,280.2,41810.897
2022-09-24 12:00:00,280.3,282.9,279.2,279.7,57333.447
2022-09-24 16:00:00,279.7,280.0,275.8,278.3,45009.287
2022-09-24 20:00:00,278.2,278.3,274.2,274.4,39371.244
2022-09-25 00:00:00,274.4,276.4,273.1,276.4,31726.49
2022-09-25 04:00:00,276.4,278.1,274.4,277.9,22622.624
2022-09-25 08:00:00,278.0,280.0,276.3,278.2,38174.895
2022-09-25 12:00:00,278.3,279.3,274.0,275.3,44673.767
2022-09-25 16:00:00,275.4,276.4,272.2,275.0,43440.248
2022-09-25 20:00:00,275.0,275.0,270.9,274.3,40257.574
2022-09-26 00:00:00,274.3,276.7,272.4,273.0,50961.636
2022-09-26 04:00:00,272.9,274.4,270.8,273.3,40919.311
2022-09-26 08:00:00,273.4,276.9,271.3,272.4,68867.741
2022-09-26 12:00:00,272.5,275.9,271.8,274.5,53120.533
2022-09-26 16:00:00,274.5,275.9,272.2,274.9,34405.445
2022-09-26 20:00:00,274.8,276.3,273.8,276.1,19644.999
2022-09-27 00:00:00,276.1,284.0,275.9,283.5,83625.606
2022-09-27 04:00:00,283.5,286.6,282.6,285.1,63253.336
2022-09-27 08:00:00,285.2,285.8,283.4,283.6,48139.315
2022-09-27 12:00:00,283.6,284.7,280.7,280.9,56367.085
2022-09-27 16:00:00,280.9,281.4,269.2,271.7,125308.302
2022-09-27 20:00:00,271.7,273.1,270.7,272.3,30056.191
2022-09-28 00:00:00,272.3,273.8,266.3,270.2,75609.449
2022-09-28 04:00:00,270.1,271.0,267.7,270.5,34228.887
2022-09-28 08:00:00,270.5,273.9,268.1,272.6,54118.72
2022-09-28 12:00:00,272.7,278.7,272.1,278.4,78336.123
2022-09-28 16:00:00,278.4,280.9,277.4,280.1,63068.346
2022-09-28 20:00:00,280.2,283.7,280.1,281.6,52619.872
2022-09-29 00:00:00,281.6,284.3,281.0,283.7,42961.412
2022-09-29 04:00:00,283.8,285.6,279.9,281.0,60851.93
2022-09-29 08:00:00,281.1,282.6,279.2,280.9,42037.935
2022-09-29 12:00:00,280.9,283.0,277.1,281.6,78232.57
2022-09-29 16:00:00,281.6,284.2,280.3,282.7,42918.376
2022-09-29 20:00:00,282.7,284.1,281.7,284.1,34165.121
2022-09-30 00:00:00,284.2,285.5,282.6,284.4,40892.152
2022-09-30 04:00:00,284.4,287.9,283.3,286.7,54053.445
2022-09-30 08:00:00,286.8,288.1,282.0,283.3,62360.719
2022-09-30 12:00:00,283.4,289.8,282.0,286.7,133007.221
2022-09-30 16:00:00,286.8,288.4,283.7,283.9,51990.441
2022-09-30 20:00:00,283.9,284.9,280.5,284.8,49677.609
2022-10-01 00:00:00,284.9,285.4,282.9,283.5,27756.299
2022-10-01 04:00:00,283.6,283.6,281.9,282.5,18183.653
2022-10-01 08:00:00,282.6,283.9,282.1,283.1,25039.338
2022-10-01 12:00:00,283.1,283.5,281.3,281.5,30836.702
2022-10-01 16:00:00,281.5,284.6,277.7,281.8,62350.036
2022-10-01 20:00:00,281.9,283.6,280.7,282.9,32588.469
2022-10-02 00:00:00,282.9,283.4,281.9,282.5,22610.162
2022-10-02 04:00:00,282.5,282.9,280.9,281.5,22898.988
2022-10-02 08:00:00,281.5,283.7,279.4,282.9,45785.668
2022-10-02 12:00:00,283.0,283.5,281.5,282.5,24717.176
2022-10-02 16:00:00,282.5,287.2,282.2,286.6,38760.159
2022-10-02 20:00:00,286.6,287.9,283.0,284.7,45918.098
2022-10-03 00:00:00,284.7,287.5,283.1,285.3,41240.753
2022-10-03 04:00:00,285.3,287.4,283.9,285.4,31944.397
2022-10-03 08:00:00,285.5,286.4,284.4,286.4,63143.61
2022-10-03 12:00:00,286.4,288.5,285.2,286.4,64533.474
2022-10-03 16:00:00,286.4,289.1,285.7,286.0,44602.078
2022-10-03 20:00:00,286.0,287.7,285.4,286.9,30510.571
2022-10-04 00:00:00,287.0,287.9,286.3,287.6,22948.427
2022-10-04 04:00:00,287.6,291.3,286.3,290.9,48700.083
2022-10-04 08:00:00,290.9,292.8,289.4,291.9,72802.743
2022-10-04 12:00:00,292.0,297.3,291.4,294.1,68623.495
2022-10-04 16:00:00,294.1,297.0,292.6,296.6,39864.673
2022-10-04 20:00:00,296.6,298.2,294.5,296.2,68901.744
2022-10-05 00:00:00,296.3,296.4,294.2,294.8,27170.515
2022-10-05 04:00:00,294.7,295.9,293.8,294.1,25201.579
2022-10-05 08:00:00,294.1,294.3,290.8,291.9,58960.502
2022-10-05 12:00:00,292.0,293.3,289.2,292.7,57654.719
2022-10-05 16:00:00,292.7,295.0,292.6,293.2,35293.408
2022-10-05 20:00:00,293.2,294.4,292.1,294.2,16737.962
2022-10-06 00:00:00,294.2,298.1,293.9,296.3,49197.786
2022-10-06 04:00:00,296.3,296.8,293.8,295.6,29948.704
2022-10-06 08:00:00,295.5,296.1,293.6,295.1,29759.765
2022-10-06 12:00:00,295.1,295.7,291.9,293.7,63344.488
2022-10-06 16:00:00,293.7,295.0,292.4,292.9,27151.196
2022-10-06 20:00:00,292.9,293.1,278.6,287.0,250634.894
2022-10-07 00:00:00,286.9,287.0,283.5,284.2,59003.271
2022-10-07 04:00:00,284.2,285.8,282.4,284.7,40678.335
2022-10-07 08:00:00,284.8,286.1,283.2,284.1,63144.639
2022-10-07 12:00:00,284.2,285.1,279.1,282.7,122031.335
2022-10-07 16:00:00,282.7,283.1,280.3,282.8,44443.383
2022-10-07 20:00:00,282.8,283.6,282.0,282.3,25184.998
2022-10-08 00:00:00,282.2,282.7,280.6,280.9,28008.991
2022-10-08 04:00:00,281.0,282.0,280.6,281.3,22049.893
2022-10-08 08:00:00,281.3,281.6,280.4,281.6,17515.671
2022-10-08 12:00:00,281.6,281.6,280.1,280.7,26138.25
2022-10-08 16:00:00,280.8,282.3,280.4,280.6,19712.627
2022-10-08 20:00:00,280.7,281.0,275.4,276.4,70227.687
2022-10-09 00:00:00,276.3,277.5,275.1,275.6,34546.065
2022-10-09 04:00:00,275.6,277.7,275.1,277.5,24703.768
2022-10-09 08:00:00,277.4,278.9,276.9,278.0,31849.006
2022-10-09 12:00:00,278.0,279.4,277.5,279.0,22665.397
2022-10-09 16:00:00,279.0,279.4,276.8,278.3,33329.155
2022-10-09 20:00:00,278.4,278.4,276.9,278.2,23914.856
2022-10-10 00:00:00,278.2,279.2,276.9,278.1,22197.491
2022-10-10 04:00:00,278.0,278.4,276.3,276.5,21611.455
2022-10-10 08:00:00,276.5,276.6,271.6,275.2,69374.626
2022-10-10 12:00:00,275.2,276.3,273.8,274.9,36084.173
2022-10-10 16:00:00,274.8,275.3,273.0,274.6,30405.429
2022-10-10 20:00:00,274.6,275.5,271.3,271.5,37251.695
2022-10-11 00:00:00,271.5,271.5,267.2,270.1,56808.205
2022-10-11 04:00:00,270.1,271.5,269.3,271.1,32355.307
2022-10-11 08:00:00,271.1,272.3,270.7,272.2,26035.247
2022-10-11 12:00:00,272.1,274.0,269.6,273.2,53234.884
2022-10-11 16:00:00,273.1,273.8,269.2,270.2,32136.655
2022-10-11 20:00:00,270.1,271.5,269.9,271.4,21567.385
2022-10-12 00:00:00,271.3,272.8,271.1,271.3,22032.988
2022-10-12 04:00:00,271.3,272.9,271.2,271.5,27547.815
2022-10-12 08:00:00,271.4,272.9,271.1,271.2,31441.814
2022-10-12 12:00:00,271.2,271.8,269.7,271.0,44323.231
2022-10-12 16:00:00,270.9,271.4,269.2,271.1,29998.756
2022-10-12 20:00:00,271.1,271.9,270.7,270.9,12472.3
2022-10-13 00:00:00,270.9,272.2,268.1,269.7,26077.964
2022-10-13 04:00:00,269.7,270.0,262.2,264.3,69297.08
2022-10-13 08:00:00,264.4,266.3,257.6,262.4,123481.555
2022-10-13 12:00:00,262.4,267.8,256.8,266.8,204023.796
2022-10-13 16:00:00,266.8,273.7,266.6,271.7,78491.609
2022-10-13 20:00:00,271.7,273.7,271.2,271.6,39425.208
2022-10-14 00:00:00,271.6,276.8,271.4,275.1,60179.6
2022-10-14 04:00:00,275.1,275.5,271.8,273.5,41410.023
2022-10-14 08:00:00,273.6,275.1,273.0,273.3,41405.552
2022-10-14 12:00:00,273.4,275.5,270.7,271.3,76940.306
2022-10-14 16:00:00,271.3,271.6,268.4,270.0,49890.308
2022-10-14 20:00:00,269.9,270.4,267.6,269.4,28561.129
2022-10-15 00:00:00,269.4,270.8,268.9,270.7,18582.958
2022-10-15 04:00:00,270.7,270.9,269.9,270.7,16801.56
2022-10-15 08:00:00,270.8,271.2,268.8,271.1,26905.411
2022-10-15 12:00:00,271.1,271.4,269.8,271.1,23052.488
2022-10-15 16:00:00,271.1,271.3,269.4,270.0,28720.782
2022-10-15 20:00:00,270.1,270.1,267.4,268.2,30021.517
2022-10-16 00:00:00,268.2,270.0,267.9,269.6,19589.517
2022-10-16 04:00:00,269.6,270.3,269.5,270.0,16205.15
2022-10-16 08:00:00,269.9,271.0,269.4,270.0,28820.395
2022-10-16 12:00:00,270.0,270.7,269.3,270.6,34230.613
2022-10-16 16:00:00,270.5,273.5,270.1,273.5,48075.735
2022-10-16 20:00:00,273.5,273.9,271.1,272.5,38675.664
2022-10-17 00:00:00,272.4,273.0,271.1,271.7,19505.196
2022-10-17 04:00:00,271.7,272.5,269.8,272.2,35017.907
2022-10-17 08:00:00,272.2,274.4,271.1,273.3,37873.712
2022-10-17 12:00:00,273.3,275.0,272.8,274.0,39403.379
2022-10-17 16:00:00,274.1,275.5,274.0,274.7,31743.42
2022-10-17 20:00:00,274.8,275.9,274.7,275.6,23643.966
2022-10-18 00:00:00,275.7,276.0,273.9,274.8,24292.128
2022-10-18 04:00:00,274.8,275.1,273.8,274.7,26379.83
2022-10-18 08:00:00,274.8,274.9,271.9,273.6,35886.106
2022-10-18 12:00:00,273.6,274.7,271.1,272.1,46529.882
2022-10-18 16:00:00,272.1,273.4,270.1,272.3,40086.791
2022-10-18 20:00:00,272.2,274.1,271.8,273.1,22516.38
2022-10-19 00:00:00,273.2,273.8,271.1,272.5,22920.047
2022-10-19 04:00:00,272.6,272.6,270.4,271.5,17688.613
2022-10-19 08:00:00,271.6,272.1,270.3,271.2,21249.822
2022-10-19 12:00:00,271.3,273.3,270.6,273.2,32550.026
2022-10-19 16:00:00,273.2,273.8,272.0,273.4,31613.286
2022-10-19 20:00:00,273.3,273.9,271.0,272.0,27636.166
2022-10-20 00:00:00,271.9,272.8,269.0,270.6,31751.382
2022-10-20 04:00:00,270.7,272.4,270.4,271.5,20554.653
2022-10-20 08:00:00,271.6,273.0,271.3,272.8,19946.535
2022-10-20 12:00:00,272.8,273.4,271.3,272.4,28758.927
2022-10-20 16:00:00,272.4,272.5,268.1,269.1,39362.547
2022-10-20 20:00:00,269.0,269.5,267.3,269.0,25761.452
2022-10-21 00:00:00,269.0,269.5,265.6,268.4,30220.814
2022-10-21 04:00:00,268.4,268.9,266.7,267.0,25611.703
2022-10-21 08:00:00,267.1,267.5,265.4,266.4,32144.93
2022-10-21 12:00:00,266.5,269.9,263.4,269.8,58438.483
2022-10-21 16:00:00,269.8,271.2,269.3,270.5,28779.018
2022-10-21 20:00:00,270.4,271.0,268.9,270.1,20237.264
2022-10-22 00:00:00,270.1,270.2,268.4,268.9,10701.865
2022-10-22 04:00:00,268.9,270.0,268.5,269.9,11348.982
2022-10-22 08:00:00,269.8,270.0,269.1,269.9,15694.266
2022-10-22 12:00:00,269.8,271.0,269.1,269.6,23219.918
2022-10-22 16:00:00,269.5,270.1,269.0,269.9,12701.391
2022-10-22 20:00:00,270.0,271.1,269.9,270.4,10378.461
2022-10-23 00:00:00,270.5,271.1,269.7,270.2,12523.531
2022-10-23 04:00:00,270.3,270.7,269.4,269.7,10978.013
2022-10-23 08:00:00,269.8,270.4,268.7,269.6,16451.181
2022-10-23 12:00:00,269.6,270.9,268.7,270.4,17806.446
2022-10-23 16:00:00,270.4,274.1,270.4,274.0,39776.05
2022-10-23 20:00:00,274.0,276.8,272.9,276.0,36855.622
2022-10-24 00:00:00,275.9,277.4,273.7,274.3,32025.886
2022-10-24 04:00:00,274.3,274.5,272.7,273.5,20576.42
2022-10-24 08:00:00,273.5,274.9,273.1,274.4,20944.255
2022-10-24 12:00:00,274.4,274.5,271.6,273.1,37857.204
2022-10-24 16:00:00,273.1,274.3,272.1,273.3,21918.804
2022-10-24 20:00:00,273.3,274.4,272.7,274.1,20859.525
2022-10-25 00:00:00,274.2,274.9,273.2,274.2,23651.871
2022-10-25 04:00:00,274.3,275.0,273.0,273.3,25452.395
2022-10-25 08:00:00,273.3,273.8,272.0,273.1,19036.3
2022-10-25 12:00:00,273.1,282.2,272.7,280.8,77452.219
2022-10-25 16:00:00,280.8,289.9,280.7,288.8,168246.697
2022-10-25 20:00:00,288.8,289.0,283.4,284.2,73683.643
2022-10-26 00:00:00,284.2,286.8,284.1,286.2,39426.142
2022-10-26 04:00:00,286.2,287.2,285.0,286.7,35275.392
2022-10-26 08:00:00,286.8,290.6,286.1,288.9,60675.965
2022-10-26 12:00:00,288.9,290.7,285.0,289.6,90280.314
2022-10-26 16:00:00,289.6,291.0,288.1,290.5,50904.411
2022-10-26 20:00:00,290.4,292.0,289.5,290.2,39846.712
2022-10-27 00:00:00,290.3,292.1,288.0,290.2,45480.105
2022-10-27 04:00:00,290.2,293.3,288.9,289.2,54945.58
2022-10-27 08:00:00,289.3,290.6,286.9,288.0,56749.959
2022-10-27 12:00:00,288.1,289.8,286.2,287.8,71162.495
2022-10-27 16:00:00,287.8,289.2,286.8,288.8,29971.43
2022-10-27 20:00:00,288.9,288.9,284.7,286.7,57425.239
2022-10-28 00:00:00,286.8,288.3,285.7,287.0,39346.357
2022-10-28 04:00:00,287.1,288.0,285.8,286.2,34477.862
2022-10-28 08:00:00,286.2,287.8,285.8,287.8,53584.085
2022-10-28 12:00:00,287.7,296.9,286.8,296.8,132893.61
2022-10-28 16:00:00,296.8,300.9,296.4,299.1,112201.483
2022-10-28 20:00:00,299.1,301.1,297.2,297.9,44144.846
2022-10-29 00:00:00,297.9,304.8,295.6,304.7,79446.651
2022-10-29 04:00:00,304.7,306.2,301.3,302.3,77535.639
2022-10-29 08:00:00,302.3,307.4,300.8,301.7,116527.943
2022-10-29 12:00:00,301.8,303.4,299.2,303.1,88363.472
2022-10-29 16:00:00,303.2,308.4,302.4,304.2,130718.328
2022-10-29 20:00:00,304.2,305.8,301.6,304.4,61054.092
2022-10-30 00:00:00,304.5,307.8,302.3,307.7,46657.584
2022-10-30 04:00:00,307.7,314.9,304.6,313.7,120118.113
2022-10-30 08:00:00,313.7,318.8,308.4,312.0,133065.171
2022-10-30 12:00:00,311.9,313.8,306.7,310.1,88730.259
2022-10-30 16:00:00,310.1,317.6,309.3,315.3,101452.084
2022-10-30 20:00:00,315.3,315.5,310.0,313.5,48601.192
2022-10-31 00:00:00,313.6,315.1,306.5,311.6,69130.494
2022-10-31 04:00:00,311.6,311.8,307.6,310.3,40933.854
2022-10-31 08:00:00,310.2,332.1,308.1,331.1,444583.772
2022-10-31 12:00:00,331.0,337.9,321.9,323.9,320400.978
2022-10-31 16:00:00,323.8,330.0,322.5,328.0,111005.273
2022-10-31 20:00:00,327.9,329.2,325.6,325.7,61747.106
2022-11-01 00:00:00,325.8,334.6,323.5,329.8,160829.404
2022-11-01 04:00:00,329.8,330.1,325.6,327.0,79140.764
2022-11-01 08:00:00,327.0,328.2,322.7,323.6,86918.79
2022-11-01 12:00:00,323.6,330.0,317.4,319.4,122582.211
2022-11-01 16:00:00,319.4,325.3,318.6,324.7,62394.271
2022-11-01 20:00:00,324.8,326.6,323.0,323.9,38180.266
2022-11-02 00:00:00,323.8,327.6,322.8,326.4,50434.975
2022-11-02 04:00:00,326.3,328.0,319.3,322.7,66813.978
2022-11-02 08:00:00,322.7,323.2,315.3,320.4,76277.291
2022-11-02 12:00:00,320.5,321.1,318.0,318.7,55644.347
2022-11-02 16:00:00,318.7,330.0,316.8,319.9,235351.823
2022-11-02 20:00:00,319.8,321.5,315.7,320.2,76807.15
2022-11-03 00:00:00,320.2,323.7,318.0,322.0,65244.274
2022-11-03 04:00:00,322.1,338.7,321.7,333.7,179508.478
2022-11-03 08:00:00,333.7,338.5,327.5,329.2,119923.376
2022-11-03 12:00:00,329.2,330.2,322.7,327.9,114514.489
2022-11-03 16:00:00,327.9,332.0,327.5,331.3,68870.887
2022-11-03 20:00:00,331.4,334.8,327.6,329.5,74293.356
2022-11-04 00:00:00,329.6,341.9,328.3,340.6,133941.381
2022-11-04 04:00:00,340.6,347.2,338.6,344.2,148900.437
2022-11-04 08:00:00,344.2,354.6,344.1,345.4,166163.006
2022-11-04 12:00:00,345.4,358.9,343.2,349.1,190125.263
2022-11-04 16:00:00,349.2,354.6,348.2,354.6,72348.259
2022-11-04 20:00:00,354.5,355.1,351.7,354.6,40231.236
2022-11-05 00:00:00,354.7,358.2,352.2,356.2,79024.355
2022-11-05 04:00:00,356.1,361.3,355.3,360.3,64583.699
2022-11-05 08:00:00,360.3,360.4,352.9,355.9,73112.596
2022-11-05 12:00:00,355.9,356.1,347.8,351.1,87298.897
2022-11-05 16:00:00,351.1,352.3,348.3,349.7,61172.656
2022-11-05 20:00:00,349.8,351.8,346.1,349.2,46567.861
2022-11-06 00:00:00,349.1,350.6,346.8,349.6,47466.147
2022-11-06 04:00:00,349.7,354.1,347.8,352.0,70269.414
2022-11-06 08:00:00,352.0,354.1,349.6,351.3,44533.091
2022-11-06 12:00:00,351.2,352.9,348.6,350.5,51350.078
2022-11-06 16:00:00,350.6,356.0,347.9,352.8,82323.739
2022-11-06 20:00:00,352.9,353.6,337.7,337.9,95032.41
2022-11-07 00:00:00,337.8,342.3,331.6,339.4,132145.791
2022-11-07 04:00:00,339.3,340.1,327.3,328.2,116072.311
2022-11-07 08:00:00,328.2,333.9,326.7,332.2,89636.726
2022-11-07 12:00:00,332.2,334.9,326.4,334.9,131590.908
2022-11-07 16:00:00,334.9,344.4,333.4,342.3,166848.755
2022-11-07 20:00:00,342.3,343.5,329.1,337.0,104171.021
2022-11-08 00:00:00,337.0,348.9,333.7,334.8,296139.255
2022-11-08 04:00:00,334.8,337.7,312.4,325.7,416135.09
2022-11-08 08:00:00,325.8,336.9,324.5,324.7,203752.859
2022-11-08 12:00:00,324.7,327.1,319.8,327.0,178431.044
2022-11-08 16:00:00,327.1,398.3,298.0,315.5,1651256.811
2022-11-08 20:00:00,315.5,335.0,310.0,327.4,358201.325
2022-11-09 00:00:00,327.4,333.1,316.4,321.7,329200.442
2022-11-09 04:00:00,321.7,322.8,310.9,315.3,206362.846
2022-11-09 08:00:00,315.3,316.2,284.0,304.3,467010.4
2022-11-09 12:00:00,304.4,308.6,287.4,290.3,303456.042
2022-11-09 16:00:00,290.2,294.4,274.0,281.6,309991.572
2022-11-09 20:00:00,281.7,282.9,260.2,267.3,285054.597
2022-11-10 00:00:00,267.1,287.2,263.2,283.5,319734.305
2022-11-10 04:00:00,283.5,289.3,279.5,282.2,209672.324
2022-11-10 08:00:00,282.2,284.5,271.6,275.8,203083.259
2022-11-10 12:00:00,275.8,312.0,275.4,307.6,409323.0
2022-11-10 16:00:00,307.6,313.0,296.4,301.1,171429.994
2022-11-10 20:00:00,301.0,308.5,299.0,304.0,97996.028
2022-11-11 00:00:00,304.1,306.0,288.7,292.5,131674.449
2022-11-11 04:00:00,292.6,299.6,289.8,297.7,80991.528
2022-11-11 08:00:00,297.8,300.7,293.6,295.8,78310.384
2022-11-11 12:00:00,295.7,297.6,279.0,286.1,206330.005
2022-11-11 16:00:00,286.1,289.5,280.4,288.1,88608.85
2022-11-11 20:00:00,288.0,290.7,282.0,290.4,109230.425
2022-11-12 00:00:00,290.4,291.0,283.3,284.0,69159.671
2022-11-12 04:00:00,284.1,294.5,271.6,286.0,264917.641
2022-11-12 08:00:00,286.0,288.7,281.6,282.5,84859.398
2022-11-12 12:00:00,282.6,285.7,280.2,284.0,58222.898
2022-11-12 16:00:00,284.1,286.5,280.6,282.7,42074.375
2022-11-12 20:00:00,282.8,283.3,280.9,282.8,26125.372
2022-11-13 00:00:00,282.9,286.1,280.9,285.3,41479.419
2022-11-13 04:00:00,285.3,286.5,278.4,281.8,61438.691
2022-11-13 08:00:00,281.8,282.5,276.1,280.8,71340.08
2022-11-13 12:00:00,280.7,282.5,275.6,280.2,113299.472
2022-11-13 16:00:00,280.3,280.4,276.2,278.8,67754.235
2022-11-13 20:00:00,278.9,279.1,273.2,276.4,86967.024
2022-11-14 00:00:00,276.4,277.9,268.0,271.0,144071.506
2022-11-14 04:00:00,270.9,282.1,268.0,281.1,147603.262
2022-11-14 08:00:00,281.2,288.8,280.2,284.5,138354.461
2022-11-14 12:00:00,284.5,292.0,277.3,279.2,222500.53
2022-11-14 16:00:00,279.2,279.4,272.1,272.7,107727.547
2022-11-14 20:00:00,272.7,280.0,271.9,279.0,58468.591
2022-11-15 00:00:00,279.0,282.4,277.2,279.9,81325.076
2022-11-15 04:00:00,280.0,280.5,275.9,279.1,51813.658
2022-11-15 08:00:00,279.0,281.0,273.8,275.8,90070.686
2022-11-15 12:00:00,275.8,282.3,275.2,280.5,108114.914
2022-11-15 16:00:00,280.4,281.4,273.2,275.9,76533.187
2022-11-15 20:00:00,276.0,277.6,274.2,277.0,37708.143
2022-11-16 00:00:00,277.0,279.9,276.0,279.7,48854.466
2022-11-16 04:00:00,279.7,280.2,277.5,277.6,49989.215
2022-11-16 08:00:00,277.7,277.7,271.4,272.5,89352.825
2022-11-16 12:00:00,272.5,274.3,268.8,270.2,111893.067
2022-11-16 16:00:00,270.2,273.8,269.0,270.6,62158.537
2022-11-16 20:00:00,270.7,272.8,269.6,271.8,40648.689
2022-11-17 00:00:00,271.9,273.5,269.7,270.1,49835.177
2022-11-17 04:00:00,270.1,271.2,265.9,269.8,70893.149
2022-11-17 08:00:00,269.8,270.0,262.9,267.3,95053.041
2022-11-17 12:00:00,267.3,269.4,264.5,266.1,75635.344
2022-11-17 16:00:00,266.1,269.7,265.8,267.9,42995.264
2022-11-17 20:00:00,267.8,269.0,266.8,267.9,33393.855
2022-11-18 00:00:00,268.0,273.7,267.7,271.7,70155.234
2022-11-18 04:00:00,271.7,273.2,270.6,271.8,36296.971
2022-11-18 08:00:00,271.8,273.8,270.1,273.5,42085.305
2022-11-18 12:00:00,273.5,274.4,270.9,272.0,55010.042
2022-11-18 16:00:00,271.9,273.5,270.5,273.2,41637.635
2022-11-18 20:00:00,273.3,274.8,272.7,274.1,32761.179
2022-11-19 00:00:00,274.1,274.6,271.9,272.7,29407.032
2022-11-19 04:00:00,272.7,273.4,268.9,269.9,60447.259
2022-11-19 08:00:00,269.9,271.6,269.2,271.5,23858.656
2022-11-19 12:00:00,271.5,272.0,269.9,271.8,27350.409
2022-11-19 16:00:00,271.9,272.0,270.6,271.3,20435.833
2022-11-19 20:00:00,271.4,274.0,271.2,272.6,32605.091
2022-11-20 00:00:00,272.6,273.7,271.8,273.1,30693.349
2022-11-20 04:00:00,273.0,273.8,272.6,273.4,16900.003
2022-11-20 08:00:00,273.5,273.6,266.3,267.4,73776.195
2022-11-20 12:00:00,267.5,271.0,266.0,270.7,57218.939
2022-11-20 16:00:00,270.7,271.1,268.3,269.6,39805.226
2022-11-20 20:00:00,269.7,269.8,261.8,264.2,88193.869
2022-11-21 00:00:00,264.2,265.3,255.5,259.4,155775.107
2022-11-21 04:00:00,259.3,262.4,256.7,258.2,88982.9
2022-11-21 08:00:00,258.2,259.3,255.6,258.3,60499.51
2022-11-21 12:00:00,258.3,262.8,257.6,260.3,76101.972
2022-11-21 16:00:00,260.2,260.5,250.0,252.1,122648.134
2022-11-21 20:00:00,252.1,256.1,251.1,253.9,77018.567
2022-11-22 00:00:00,254.0,257.4,253.4,256.7,50745.297
2022-11-22 04:00:00,256.6,257.3,252.2,254.2,41251.719
2022-11-22 08:00:00,254.3,255.4,252.0,254.5,38757.588
2022-11-22 12:00:00,254.6,266.0,253.8,264.5,136697.204
2022-11-22 16:00:00,264.5,265.5,261.7,263.5,47923.454
2022-11-22 20:00:00,263.6,267.8,263.2,266.7,41789.183
2022-11-23 00:00:00,266.8,275.4,264.8,274.2,110598.749
2022-11-23 04:00:00,274.1,275.5,272.1,275.4,49944.061
2022-11-23 08:00:00,275.4,299.2,275.3,297.1,626594.376
2022-11-23 12:00:00,297.2,301.6,292.3,295.1,220792.742
2022-11-23 16:00:00,295.1,301.8,291.7,296.2,137110.029
2022-11-23 20:00:00,296.3,299.3,293.8,298.8,79010.732
2022-11-24 00:00:00,298.9,304.1,294.5,299.7,170035.291
2022-11-24 04:00:00,299.8,300.5,295.8,296.2,94180.947
2022-11-24 08:00:00,296.2,299.8,293.9,297.6,82356.022
2022-11-24 12:00:00,297.5,299.8,295.5,298.3,75618.206
2022-11-24 16:00:00,298.4,302.2,296.8,299.4,76663.628
2022-11-24 20:00:00,299.4,301.8,298.0,300.2,51938.561
2022-11-25 00:00:00,300.3,301.9,296.3,298.8,89897.533
2022-11-25 04:00:00,298.8,299.5,294.1,296.0,72994.26
2022-11-25 08:00:00,296.1,300.2,294.5,299.0,85714.936
2022-11-25 12:00:00,299.1,306.6,298.7,300.1,135225.186
2022-11-25 16:00:00,300.2,301.8,298.8,301.4,50739.534
2022-11-25 20:00:00,301.4,302.9,299.8,300.8,31162.034
2022-11-26 00:00:00,300.8,311.3,299.9,309.7,145997.169
2022-11-26 04:00:00,309.6,313.8,308.7,312.4,101682.815
2022-11-26 08:00:00,312.5,317.4,312.2,314.3,113421.487
2022-11-26 12:00:00,314.3,317.8,310.1,312.9,96850.291
2022-11-26 16:00:00,312.9,315.2,311.3,313.0,63119.602
2022-11-26 20:00:00,313.0,313.9,308.0,311.4,48507.409
2022-11-27 00:00:00,311.4,316.7,311.1,315.2,54481.569
2022-11-27 04:00:00,315.3,316.5,312.1,313.7,39301.484
2022-11-27 08:00:00,313.8,315.0,310.2,313.1,50303.287
2022-11-27 12:00:00,313.0,315.3,310.9,313.6,50124.539
2022-11-27 16:00:00,313.6,314.1,310.1,311.9,34806.711
2022-11-27 20:00:00,311.9,314.8,306.3,307.6,81078.255
2022-11-28 00:00:00,307.7,309.6,286.6,297.2,260433.494
2022-11-28 04:00:00,297.3,297.8,292.6,295.6,59527.89
2022-11-28 08:00:00,295.7,296.9,293.5,295.1,46951.187
2022-11-28 12:00:00,295.2,297.8,290.4,292.0,88021.397
2022-11-28 16:00:00,292.1,299.8,288.7,293.3,115148.224
2022-11-28 20:00:00,293.3,294.5,291.8,293.5,33681.638
2022-11-29 00:00:00,293.5,298.0,289.0,296.5,86535.504
2022-11-29 04:00:00,296.6,304.2,296.5,302.3,82878.121
2022-11-29 08:00:00,302.4,305.3,301.6,303.0,48817.725
2022-11-29 12:00:00,303.1,303.9,298.2,300.1,71256.878
2022-11-29 16:00:00,300.1,300.2,293.8,295.5,97036.696
2022-11-29 20:00:00,295.6,297.6,294.9,295.4,35977.461
2022-11-30 00:00:00,295.4,305.5,295.0,295.8,140524.56
2022-11-30 04:00:00,295.7,301.1,295.7,301.0,48714.701
2022-11-30 08:00:00,300.9,303.9,298.7,300.5,49081.602
2022-11-30 12:00:00,300.6,300.9,297.2,298.0,63296.213
2022-11-30 16:00:00,298.0,301.0,292.5,298.4,98090.18
2022-11-30 20:00:00,298.5,302.5,298.3,300.6,67302.438
2022-12-01 00:00:00,300.6,302.0,295.7,297.5,70100.692
2022-12-01 04:00:00,297.6,300.6,294.8,297.8,134737.707
2022-12-01 08:00:00,297.9,302.0,296.9,299.7,105581.245
2022-12-01 12:00:00,299.8,302.0,290.3,291.8,369313.498
2022-12-01 16:00:00,291.8,292.9,290.0,291.1,70793.972
2022-12-01 20:00:00,291.2,293.3,290.6,292.3,48340.621
2022-12-02 00:00:00,292.3,293.9,286.6,288.2,106490.833
2022-12-02 04:00:00,288.2,290.5,285.4,289.7,59633.52
2022-12-02 08:00:00,289.7,292.1,288.9,291.3,43138.295
2022-12-02 12:00:00,291.3,292.3,286.4,290.1,79746.262
2022-12-02 16:00:00,290.2,290.8,288.7,290.6,37636.691
2022-12-02 20:00:00,290.6,293.9,290.4,293.4,37456.684
2022-12-03 00:00:00,293.4,294.4,290.9,292.0,53503.212
2022-12-03 04:00:00,292.0,292.7,290.0,290.5,47307.881
2022-12-03 08:00:00,290.5,291.0,289.0,290.2,32755.309
2022-12-03 12:00:00,290.1,292.6,290.0,291.7,41955.387
2022-12-03 16:00:00,291.6,292.7,290.7,291.6,30664.294
2022-12-03 20:00:00,291.7,292.5,290.0,290.4,28190.972
2022-12-04 00:00:00,290.4,292.5,289.9,291.8,22664.271
2022-12-04 04:00:00,291.9,292.5,290.7,291.1,22455.479
2022-12-04 08:00:00,291.1,291.7,289.0,289.5,61785.064
2022-12-04 12:00:00,289.5,290.8,287.4,290.0,70892.882
2022-12-04 16:00:00,290.0,291.6,289.1,291.1,38750.255
2022-12-04 20:00:00,291.1,292.8,291.0,291.8,27808.832
2022-12-05 00:00:00,291.8,296.7,291.4,294.7,55010.128
2022-12-05 04:00:00,294.6,297.2,294.6,295.9,44682.254
2022-12-05 08:00:00,295.8,297.1,294.4,295.7,40962.93
2022-12-05 12:00:00,295.8,295.9,289.4,290.3,70360.208
2022-12-05 16:00:00,290.3,290.5,286.1,286.7,58816.942
2022-12-05 20:00:00,286.8,288.8,286.1,288.4,25126.328
2022-12-06 00:00:00,288.5,290.6,288.3,289.4,37033.997
2022-12-06 04:00:00,289.5,290.1,288.2,289.5,29070.585
2022-12-06 08:00:00,289.5,290.1,287.0,288.6,33468.798
2022-12-06 12:00:00,288.6,289.4,287.3,288.7,49871.687
2022-12-06 16:00:00,288.7,289.2,286.5,288.6,60626.437
2022-12-06 20:00:00,288.6,290.8,288.2,290.2,37839.843
2022-12-07 00:00:00,290.2,290.9,288.2,288.8,39948.822
2022-12-07 04:00:00,288.8,289.4,281.2,282.7,88870.579
2022-12-07 08:00:00,282.7,284.6,281.1,283.6,83251.968
2022-12-07 12:00:00,283.7,285.2,282.5,283.5,61175.063
2022-12-07 16:00:00,283.4,284.0,282.3,283.6,58245.746
2022-12-07 20:00:00,283.6,285.0,282.8,284.2,29943.35
2022-12-08 00:00:00,284.2,284.9,282.4,284.1,33243.34
2022-12-08 04:00:00,284.2,285.8,282.9,285.6,24779.521
2022-12-08 08:00:00,285.6,286.4,282.8,285.1,51590.095
2022-12-08 12:00:00,285.1,288.3,284.5,287.5,43512.508
2022-12-08 16:00:00,287.5,292.0,287.3,290.1,52883.414
2022-12-08 20:00:00,290.1,292.0,288.4,290.4,75646.207
2022-12-09 00:00:00,290.4,291.4,288.8,289.6,34844.913
2022-12-09 04:00:00,289.6,290.7,289.2,290.4,20296.676
2022-12-09 08:00:00,290.5,291.9,289.6,290.8,56244.232
2022-12-09 12:00:00,290.9,292.0,287.3,289.9,59789.963
2022-12-09 16:00:00,290.0,290.1,286.0,288.0,35717.7
2022-12-09 20:00:00,288.0,288.1,284.4,286.0,101525.241
2022-12-10 00:00:00,286.1,287.4,285.7,287.0,25188.306
2022-12-10 04:00:00,286.9,287.6,286.5,287.3,14919.56
2022-12-10 08:00:00,287.4,288.0,285.7,287.6,22113.508
2022-12-10 12:00:00,287.7,289.4,287.0,289.3,23320.116
2022-12-10 16:00:00,289.3,289.9,287.6,288.2,41064.049
2022-12-10 20:00:00,288.1,288.7,287.6,288.2,22317.094
2022-12-11 00:00:00,288.2,291.3,287.6,290.6,34923.143
2022-12-11 04:00:00,290.7,291.2,289.8,290.5,21132.34
2022-12-11 08:00:00,290.4,290.6,289.7,290.3,14495.124
2022-12-11 12:00:00,290.4,290.4,288.9,289.7,23326.451
2022-12-11 16:00:00,289.6,291.4,289.0,290.0,29138.607
2022-12-11 20:00:00,289.9,290.0,283.3,284.4,83324.481
2022-12-12 00:00:00,284.5,285.8,281.3,282.7,51518.736
2022-12-12 04:00:00,282.8,282.8,280.2,281.1,41711.801
2022-12-12 08:00:00,281.1,284.0,280.3,283.7,26363.23
2022-12-12 12:00:00,283.8,283.8,271.7,276.1,254638.024
2022-12-12 16:00:00,276.1,277.4,273.1,274.4,65272.403
2022-12-12 20:00:00,274.3,277.6,273.0,276.1,68005.641
2022-12-13 00:00:00,276.1,277.3,265.5,267.1,139408.14
2022-12-13 04:00:00,267.2,269.9,255.6,264.0,346198.058
2022-12-13 08:00:00,264.0,271.4,262.5,268.6,259140.377
2022-12-13 12:00:00,268.7,282.0,264.0,273.3,370281.948
2022-12-13 16:00:00,273.3,275.5,266.4,269.2,125935.095
2022-12-13 20:00:00,269.2,273.7,268.0,272.2,68679.066
2022-12-14 00:00:00,272.2,278.4,271.2,275.5,82396.046
2022-12-14 04:00:00,275.5,276.4,273.4,274.4,72200.625
2022-12-14 08:00:00,274.4,276.8,271.0,273.1,80110.622
2022-12-14 12:00:00,273.2,274.3,268.9,272.0,112187.772
2022-12-14 16:00:00,272.0,274.0,265.5,267.9,177118.97
2022-12-14 20:00:00,267.9,269.0,265.5,267.7,56068.876
2022-12-15 00:00:00,267.7,268.1,261.7,265.6,77121.717
2022-12-15 04:00:00,265.6,266.1,264.2,264.9,35696.64
2022-12-15 08:00:00,264.9,267.3,263.7,265.4,47693.11
2022-12-15 12:00:00,265.4,265.9,262.2,263.3,58651.712
2022-12-15 16:00:00,263.4,263.9,258.8,261.5,66528.621
2022-12-15 20:00:00,261.4,261.8,256.5,258.8,65197.364
2022-12-16 00:00:00,258.9,262.8,257.6,262.6,53222.752
2022-12-16 04:00:00,262.6,264.7,260.5,263.8,31886.705
2022-12-16 08:00:00,263.8,263.9,246.4,251.4,207052.323
2022-12-16 12:00:00,251.4,251.9,246.0,247.3,110883.441
2022-12-16 16:00:00,247.2,247.4,240.6,244.2,178359.696
2022-12-16 20:00:00,244.2,246.6,224.7,231.2,295495.114
2022-12-17 00:00:00,231.2,234.5,220.0,229.2,264839.823
2022-12-17 04:00:00,229.2,239.5,227.5,236.2,137379.264
2022-12-17 08:00:00,236.2,241.7,234.2,237.1,147485.634
2022-12-17 12:00:00,237.1,240.0,236.2,236.5,93639.65
2022-12-17 16:00:00,236.4,237.8,234.9,235.6,58705.846
2022-12-17 20:00:00,235.7,245.0,235.0,242.1,86748.276
2022-12-18 00:00:00,242.1,249.0,239.5,246.5,80592.994
2022-12-18 04:00:00,246.5,254.6,245.1,247.2,168057.285
2022-12-18 08:00:00,247.3,248.8,243.9,246.8,76626.422
2022-12-18 12:00:00,246.8,247.9,244.8,245.0,38043.417
2022-12-18 16:00:00,245.0,251.5,244.6,249.6,91304.154
2022-12-18 20:00:00,249.6,253.9,248.1,251.0,71515.155
2022-12-19 00:00:00,251.1,253.3,245.7,247.2,77484.37
2022-12-19 04:00:00,247.2,248.5,245.3,246.0,55555.177
2022-12-19 08:00:00,246.1,249.0,245.7,247.8,40350.71
2022-12-19 12:00:00,247.9,252.1,246.4,246.8,86809.486
2022-12-19 16:00:00,246.9,247.5,240.7,242.2,81147.864
2022-12-19 20:00:00,242.2,244.9,236.8,240.4,67439.595
2022-12-20 00:00:00,240.3,248.7,239.1,247.8,91878.694
2022-12-20 04:00:00,247.8,251.1,247.2,248.1,46138.082
2022-12-20 08:00:00,248.1,249.7,246.9,249.5,44617.323
2022-12-20 12:00:00,249.5,253.5,247.7,251.1,72550.41
2022-12-20 16:00:00,251.2,251.6,248.2,250.6,39933.373
2022-12-20 20:00:00,250.7,252.6,249.5,251.4,25391.144
2022-12-21 00:00:00,251.4,251.5,248.2,248.7,37853.387
2022-12-21 04:00:00,248.8,249.4,247.0,248.0,32951.9
2022-12-21 08:00:00,248.0,249.9,247.3,249.5,30086.731
2022-12-21 12:00:00,249.4,249.9,247.6,249.1,39723.213
2022-12-21 16:00:00,249.2,249.2,245.3,246.3,25801.54
2022-12-21 20:00:00,246.3,247.7,245.2,246.2,28634.614
2022-12-22 00:00:00,246.2,248.3,245.8,248.0,40047.769
2022-12-22 04:00:00,248.0,248.3,244.7,246.3,25468.855
2022-12-22 08:00:00,246.3,247.3,245.1,245.8,32856.209
2022-12-22 12:00:00,245.8,246.1,240.1,240.9,73111.533
2022-12-22 16:00:00,240.9,243.1,240.4,243.1,31646.107
2022-12-22 20:00:00,243.1,246.5,242.5,245.8,42973.723
2022-12-23 00:00:00,245.9,248.7,244.9,247.0,36230.161
2022-12-23 04:00:00,247.1,247.5,245.7,246.6,31504.502
2022-12-23 08:00:00,246.7,246.8,245.2,245.9,20383.511
2022-12-23 12:00:00,245.9,247.3,243.7,245.4,59041.872
2022-12-23 16:00:00,245.3,246.5,245.0,246.3,12844.829
2022-12-23 20:00:00,246.3,246.4,245.6,246.2,15275.138
2022-12-24 00:00:00,246.2,246.3,244.9,245.9,14694.835
2022-12-24 04:00:00,245.9,245.9,244.7,245.4,20703.121
2022-12-24 08:00:00,245.4,245.4,243.4,244.0,16438.163
2022-12-24 12:00:00,243.9,244.8,243.8,244.4,20524.084
2022-12-24 16:00:00,244.4,245.2,244.1,244.5,14682.608
2022-12-24 20:00:00,244.5,244.9,244.1,244.5,9730.92
2022-12-25 00:00:00,244.6,245.8,244.3,245.3,11771.052
2022-12-25 04:00:00,245.3,245.3,244.4,245.1,9708.546
2022-12-25 08:00:00,245.1,245.2,244.4,244.7,13000.026
2022-12-25 12:00:00,244.8,245.4,241.5,243.2,44441.096
2022-12-25 16:00:00,243.2,243.6,241.5,242.7,23202.691
2022-12-25 20:00:00,242.7,243.8,241.4,243.2,22893.466
2022-12-26 00:00:00,243.2,244.9,242.3,244.5,28669.58
2022-12-26 04:00:00,244.5,244.8,243.1,243.3,13502.069
2022-12-26 08:00:00,243.2,243.9,242.5,243.3,18301.975
2022-12-26 12:00:00,243.2,243.5,242.0,242.4,20239.901
2022-12-26 16:00:00,242.4,243.2,242.0,242.7,15721.043
2022-12-26 20:00:00,242.7,244.5,242.2,244.3,20683.4
2022-12-27 00:00:00,244.3,246.1,242.9,243.3,24114.359
2022-12-27 04:00:00,243.4,244.0,242.9,243.3,24322.494
2022-12-27 08:00:00,243.4,244.0,242.2,243.9,24994.736
2022-12-27 12:00:00,243.8,248.9,242.1,245.1,71440.91
2022-12-27 16:00:00,245.2,246.3,243.7,246.2,33576.304
2022-12-27 20:00:00,246.2,247.0,245.0,246.7,18193.317
2022-12-28 00:00:00,246.7,247.4,244.4,244.8,40236.182
2022-12-28 04:00:00,244.8,245.2,241.5,243.4,38533.849
2022-12-28 08:00:00,243.4,244.1,242.8,243.7,23008.945
2022-12-28 12:00:00,243.7,245.4,242.1,242.3,47055.326
2022-12-28 16:00:00,242.4,245.0,242.0,243.3,26827.579
2022-12-28 20:00:00,243.3,244.6,242.0,244.5,32970.461
2022-12-29 00:00:00,244.6,245.9,243.3,245.1,34737.659
2022-12-29 04:00:00,245.2,245.8,244.3,244.7,18585.132
2022-12-29 08:00:00,244.7,246.9,244.2,245.9,25377.172
2022-12-29 12:00:00,246.0,246.4,245.3,246.1,32580.99
2022-12-29 16:00:00,246.1,246.9,245.4,246.0,25301.171
2022-12-29 20:00:00,246.0,246.9,244.6,246.3,25377.142
2022-12-30 00:00:00,246.3,246.7,244.9,245.5,17319.197
2022-12-30 04:00:00,245.5,245.8,242.7,243.5,27413.605
2022-12-30 08:00:00,243.4,244.6,243.2,243.3,20006.204
2022-12-30 12:00:00,243.3,245.9,243.0,245.4,32908.597
2022-12-30 16:00:00,245.4,245.6,244.3,244.6,16153.683
2022-12-30 20:00:00,244.7,246.3,244.6,245.8,14605.247
2022-12-31 00:00:00,245.8,246.0,245.2,245.4,11689.603
2022-12-31 04:00:00,245.4,245.9,244.8,245.6,21393.089
2022-12-31 08:00:00,245.6,246.4,245.2,245.5,21317.34
2022-12-31 12:00:00,245.6,248.0,245.0,247.1,47704.231
2022-12-31 16:00:00,247.0,247.3,246.2,246.9,14016.639
2022-12-31 20:00:00,247.0,247.5,245.9,246.3,18020.409
2023-01-01 00:00:00,246.3,246.7,245.1,245.3,14850.509
2023-01-01 04:00:00,245.3,245.3,243.5,244.0,30538.122
2023-01-01 08:00:00,244.1,244.6,243.4,244.4,14131.265
2023-01-01 12:00:00,244.4,244.8,244.0,244.6,14272.949
2023-01-01 16:00:00,244.6,245.7,244.4,245.3,15289.782
2023-01-01 20:00:00,245.3,245.9,243.5,244.4,20367.49
2023-01-02 00:00:00,244.5,244.6,240.7,243.9,44680.522
2023-01-02 04:00:00,243.9,247.0,243.0,246.4,39437.629
2023-01-02 08:00:00,246.4,247.9,246.2,246.8,33291.425
2023-01-02 12:00:00,246.8,247.6,246.0,247.0,22048.126
2023-01-02 16:00:00,247.0,247.2,246.1,246.6,14549.63
2023-01-02 20:00:00,246.7,247.8,245.2,245.2,19445.568
2023-01-03 00:00:00,245.3,246.2,244.5,245.8,15858.386
2023-01-03 04:00:00,245.9,247.0,245.2,246.3,15564.218
2023-01-03 08:00:00,246.2,246.6,245.3,245.6,25936.676
2023-01-03 12:00:00,245.6,246.4,244.4,245.5,29962.77
2023-01-03 16:00:00,245.5,246.0,244.5,245.4,17889.177
2023-01-03 20:00:00,245.3,246.3,245.2,246.1,9848.764
2023-01-04 00:00:00,246.2,258.9,245.6,257.1,132952.786
2023-01-04 04:00:00,257.2,257.4,253.8,255.3,38115.969
2023-01-04 08:00:00,255.2,256.3,254.0,254.8,34560.491
2023-01-04 12:00:00,254.9,257.4,254.1,257.0,37040.749
2023-01-04 16:00:00,257.1,261.0,256.0,257.8,96465.066
2023-01-04 20:00:00,257.8,259.5,255.0,258.9,30920.021
2023-01-05 00:00:00,258.9,259.1,256.9,257.9,21049.345
2023-01-05 04:00:00,257.9,259.2,256.5,257.5,21150.213
2023-01-05 08:00:00,257.6,257.8,255.6,257.1,26315.438
2023-01-05 12:00:00,257.1,258.4,255.2,256.8,38220.688
2023-01-05 16:00:00,256.9,258.3,256.0,257.8,19280.652
2023-01-05 20:00:00,257.7,258.1,255.8,256.7,19281.627
2023-01-06 00:00:00,256.7,258.8,256.1,257.7,31738.448
2023-01-06 04:00:00,257.8,258.1,255.3,256.4,23807.851
2023-01-06 08:00:00,256.4,257.4,255.4,256.4,30423.187
2023-01-06 12:00:00,256.4,259.7,254.2,259.1,56940.655
2023-01-06 16:00:00,259.0,260.4,258.0,260.0,32941.117
2023-01-06 20:00:00,260.1,260.7,258.6,259.9,23645.818
2023-01-07 00:00:00,259.9,263.9,259.4,262.1,38510.741
2023-01-07 04:00:00,262.2,262.3,260.5,261.1,16114.465
2023-01-07 08:00:00,261.1,261.4,260.7,260.9,12093.324
2023-01-07 12:00:00,260.8,261.2,259.8,261.0,19983.271
2023-01-07 16:00:00,261.0,261.9,260.6,261.7,14686.324
2023-01-07 20:00:00,261.7,261.8,260.8,261.3,13764.645
2023-01-08 00:00:00,261.3,261.9,260.1,261.0,18764.326
2023-01-08 04:00:00,261.0,261.3,260.5,260.9,12322.772
2023-01-08 08:00:00,261.0,261.6,260.6,261.0,14065.442
2023-01-08 12:00:00,261.0,267.7,260.8,267.0,61739.069
2023-01-08 16:00:00,267.0,268.8,263.8,267.4,45776.891
2023-01-08 20:00:00,267.5,276.5,267.1,274.9,84640.39
2023-01-09 00:00:00,274.9,281.0,273.6,278.7,122504.444
2023-01-09 04:00:00,278.7,279.8,277.5,277.7,43999.932
2023-01-09 08:00:00,277.7,280.3,276.6,278.3,51326.169
2023-01-09 12:00:00,278.3,282.7,276.7,280.3,67907.179
2023-01-09 16:00:00,280.4,283.5,276.6,276.8,78356.597
2023-01-09 20:00:00,276.7,277.1,271.3,272.6,73734.107
2023-01-10 00:00:00,272.6,276.3,270.2,273.8,54730.798
2023-01-10 04:00:00,273.8,275.2,273.0,274.4,26311.892
2023-01-10 08:00:00,274.5,276.9,274.1,275.0,42875.99
2023-01-10 12:00:00,275.0,276.6,273.5,275.9,52451.053
2023-01-10 16:00:00,275.9,276.4,274.3,276.2,37984.534
2023-01-10 20:00:00,276.3,278.8,276.0,277.1,45584.295
2023-01-11 00:00:00,277.2,278.0,274.1,275.0,38667.716
2023-01-11 04:00:00,274.9,278.0,274.2,277.8,35856.977
2023-01-11 08:00:00,277.7,278.7,277.0,277.8,26502.828
2023-01-11 12:00:00,277.9,279.1,276.3,276.8,45504.084
2023-01-11 16:00:00,276.8,279.9,275.6,279.8,45982.728
2023-01-11 20:00:00,279.8,287.7,278.8,284.8,73592.971
2023-01-12 00:00:00,284.9,288.2,284.0,286.9,80818.439
2023-01-12 04:00:00,286.9,287.3,284.3,285.1,34705.389
2023-01-12 08:00:00,285.1,285.1,281.9,283.3,40487.037
2023-01-12 12:00:00,283.4,286.4,278.5,281.6,110805.782
2023-01-12 16:00:00,281.6,288.0,280.9,286.1,82096.503
2023-01-12 20:00:00,286.2,288.6,285.6,287.7,42640.491
2023-01-13 00:00:00,287.8,290.3,285.7,289.0,43467.776
2023-01-13 04:00:00,289.1,291.7,287.5,287.9,47694.404
2023-01-13 08:00:00,288.0,288.4,285.8,287.2,40599.577
2023-01-13 12:00:00,287.2,289.2,284.9,288.8,46368.9
2023-01-13 16:00:00,288.7,289.1,286.1,288.7,37664.913
2023-01-13 20:00:00,288.7,296.0,288.1,293.7,97746.241
2023-01-14 00:00:00,293.7,310.0,293.1,307.5,247942.231
2023-01-14 04:00:00,307.5,314.3,305.2,310.8,137003.202
2023-01-14 08:00:00,310.9,314.4,299.2,303.8,175497.518
2023-01-14 12:00:00,303.8,308.0,301.4,304.2,89237.288
2023-01-14 16:00:00,304.2,305.2,302.2,303.5,33209.103
2023-01-14 20:00:00,303.6,306.3,302.9,305.1,23512.745
2023-01-15 00:00:00,305.2,306.1,295.2,298.7,75852.964
2023-01-15 04:00:00,298.8,299.2,294.3,297.4,36517.155
2023-01-15 08:00:00,297.4,298.0,291.8,297.9,58887.767
2023-01-15 12:00:00,297.8,303.6,296.3,302.7,50194.381
2023-01-15 16:00:00,302.7,303.7,298.3,301.1,47347.448
2023-01-15 20:00:00,301.0,303.0,300.2,302.2,19897.153
2023-01-16 00:00:00,302.2,308.1,300.1,304.3,82025.276
2023-01-16 04:00:00,304.3,306.5,302.3,303.0,38394.311
2023-01-16 08:00:00,303.0,303.3,296.0,298.2,73251.713
2023-01-16 12:00:00,298.1,301.0,293.1,298.0,67964.41
2023-01-16 16:00:00,297.9,302.5,296.8,300.9,56248.851
2023-01-16 20:00:00,301.0,302.1,298.4,299.0,33106.432
2023-01-17 00:00:00,299.0,301.4,294.9,300.1,51933.195
2023-01-17 04:00:00,300.1,301.3,298.0,301.0,35301.664
2023-01-17 08:00:00,301.1,303.0,299.7,302.8,47789.347
2023-01-17 12:00:00,302.7,305.8,300.1,302.5,81701.721
2023-01-17 16:00:00,302.5,303.6,301.0,302.9,35489.098
2023-01-17 20:00:00,303.0,303.4,299.1,299.4,27778.851
2023-01-18 00:00:00,299.4,305.3,298.5,303.0,55095.528
2023-01-18 04:00:00,303.0,303.9,301.1,301.5,24729.261
2023-01-18 08:00:00,301.5,301.7,299.1,301.1,27692.071
2023-01-18 12:00:00,301.1,305.1,288.7,294.5,117018.285
2023-01-18 16:00:00,294.5,296.9,281.1,293.0,335781.1
2023-01-18 20:00:00,293.0,293.4,286.3,286.7,60748.42
2023-01-19 00:00:00,286.7,290.8,286.2,289.9,43041.489
2023-01-19 04:00:00,289.9,291.6,289.4,290.4,24175.045
2023-01-19 08:00:00,290.4,292.0,288.8,289.3,30437.51
2023-01-19 12:00:00,289.4,291.2,286.1,290.0,59180.648
2023-01-19 16:00:00,290.1,294.2,289.5,294.0,33134.242
2023-01-19 20:00:00,294.0,295.5,292.9,294.6,25553.212
2023-01-20 00:00:00,294.6,296.5,293.3,294.7,29899.067
2023-01-20 04:00:00,294.8,295.7,286.6,288.1,79433.978
2023-01-20 08:00:00,288.1,289.0,287.1,287.1,31464.013
2023-01-20 12:00:00,287.1,290.2,286.8,289.6,52660.471
2023-01-20 16:00:00,289.5,294.8,289.0,294.5,70451.302
2023-01-20 20:00:00,294.5,305.4,294.4,305.1,159920.305
2023-01-21 00:00:00,305.1,306.3,300.1,302.2,121017.635
2023-01-21 04:00:00,302.2,305.8,301.9,304.8,47949.614
2023-01-21 08:00:00,304.8,309.9,299.7,303.3,160650.508
2023-01-21 12:00:00,303.3,305.8,301.3,301.9,76439.109
2023-01-21 16:00:00,301.9,305.0,301.7,304.2,54154.193
2023-01-21 20:00:00,304.3,304.7,298.4,299.0,47788.965
2023-01-22 00:00:00,299.1,301.9,298.5,300.4,42731.513
2023-01-22 04:00:00,300.4,302.6,300.0,302.3,27572.872
2023-01-22 08:00:00,302.2,303.5,301.3,302.6,34432.079
2023-01-22 12:00:00,302.7,307.4,300.7,303.4,85384.39
2023-01-22 16:00:00,303.4,311.4,302.0,303.8,124952.215
2023-01-22 20:00:00,303.8,304.0,298.6,303.0,73742.123
2023-01-23 00:00:00,303.1,307.8,302.9,303.8,58978.183
2023-01-23 04:00:00,303.9,306.3,302.8,303.6,30867.938
2023-01-23 08:00:00,303.5,306.6,303.0,306.4,40278.754
2023-01-23 12:00:00,306.5,306.9,300.8,303.6,92219.13
2023-01-23 16:00:00,303.7,306.4,302.6,304.6,54200.41
2023-01-23 20:00:00,304.7,306.7,304.3,305.1,25401.59
2023-01-24 00:00:00,305.2,323.5,303.1,322.0,219251.459
2023-01-24 04:00:00,321.9,322.7,317.6,318.1,84448.718
2023-01-24 08:00:00,318.0,318.3,312.3,314.2,84631.66
2023-01-24 12:00:00,314.2,316.4,311.1,316.0,74716.121
2023-01-24 16:00:00,316.1,316.4,308.2,310.8,58549.382
2023-01-24 20:00:00,310.9,311.0,299.2,300.3,108160.939
2023-01-25 00:00:00,300.3,302.3,293.4,300.2,124627.476
2023-01-25 04:00:00,300.3,303.8,299.9,303.2,38761.136
2023-01-25 08:00:00,303.3,304.3,298.9,300.5,37868.047
2023-01-25 12:00:00,300.5,304.2,297.1,300.2,75028.283
2023-01-25 16:00:00,300.2,302.5,299.2,302.3,34555.083
2023-01-25 20:00:00,302.4,314.0,302.3,306.9,136398.514
2023-01-26 00:00:00,306.9,309.5,305.5,305.7,81281.348
2023-01-26 04:00:00,305.8,309.1,304.8,305.9,50030.196
2023-01-26 08:00:00,306.0,306.7,302.6,304.3,37513.899
2023-01-26 12:00:00,304.3,309.3,303.3,303.7,88726.176
2023-01-26 16:00:00,303.8,305.9,301.6,305.6,48290.319
2023-01-26 20:00:00,305.6,307.1,303.5,304.7,36502.767
2023-01-27 00:00:00,304.8,305.6,298.8,302.6,59071.246
2023-01-27 04:00:00,302.7,306.1,302.2,305.9,35605.417
2023-01-27 08:00:00,305.8,306.2,304.2,305.0,35064.791
2023-01-27 12:00:00,304.9,305.8,301.7,303.8,55743.704
2023-01-27 16:00:00,303.9,309.0,303.8,308.9,37328.075
2023-01-27 20:00:00,309.0,310.5,305.3,308.0,48513.557
2023-01-28 00:00:00,308.0,310.4,306.6,308.3,37777.752
2023-01-28 04:00:00,308.3,313.6,307.2,308.4,55586.108
2023-01-28 08:00:00,308.4,309.2,306.3,307.5,32757.482
2023-01-28 12:00:00,307.4,307.6,303.6,306.2,55114.275
2023-01-28 16:00:00,306.2,307.5,305.3,306.6,23683.374
2023-01-28 20:00:00,306.6,306.8,304.2,306.1,24598.809
2023-01-29 00:00:00,306.2,311.3,304.8,307.9,87242.955
2023-01-29 04:00:00,307.9,308.9,307.4,308.6,18378.236
2023-01-29 08:00:00,308.6,318.0,308.6,316.8,131744.471
2023-01-29 12:00:00,316.9,320.2,313.7,318.4,89499.592
2023-01-29 16:00:00,318.3,320.5,316.0,319.2,61230.533
2023-01-29 20:00:00,319.2,319.3,315.8,317.2,42602.886
2023-01-30 00:00:00,317.1,320.8,314.1,315.7,68078.185
2023-01-30 04:00:00,315.6,316.4,312.2,312.6,38053.166
2023-01-30 08:00:00,312.5,313.5,304.4,306.8,130902.919
2023-01-30 12:00:00,306.8,311.3,305.3,308.8,68574.131
2023-01-30 16:00:00,308.9,310.4,302.0,305.2,69208.03
2023-01-30 20:00:00,305.2,307.2,302.4,307.2,38899.781
2023-01-31 00:00:00,307.2,311.9,305.3,311.9,53253.778
2023-01-31 04:00:00,311.8,314.4,309.8,311.8,65292.029
2023-01-31 08:00:00,311.9,312.8,308.2,309.8,33122.871
2023-01-31 12:00:00,309.8,313.7,309.6,312.6,53628.247
2023-01-31 16:00:00,312.7,314.0,311.4,313.8,30478.921
2023-01-31 20:00:00,313.9,313.9,308.4,312.0,42286.112
2023-02-01 00:00:00,312.1,314.7,311.5,312.6,34485.834
2023-02-01 04:00:00,312.6,312.9,306.3,307.7,49840.706
2023-02-01 08:00:00,307.8,308.5,305.6,308.1,40064.923
2023-02-01 12:00:00,308.2,310.7,306.4,307.1,57886.017
2023-02-01 16:00:00,307.0,315.0,306.5,314.5,106519.496
2023-02-01 20:00:00,314.5,319.4,313.2,317.0,102181.547
2023-02-02 00:00:00,317.1,327.8,316.3,327.6,134234.045
2023-02-02 04:00:00,327.6,334.4,326.1,328.7,163237.295
2023-02-02 08:00:00,328.7,330.7,327.9,330.0,52360.53
2023-02-02 12:00:00,330.0,332.1,324.9,328.3,92824.802
2023-02-02 16:00:00,328.2,332.6,327.2,328.1,70147.085
2023-02-02 20:00:00,328.2,330.9,321.7,323.5,74852.124
2023-02-03 00:00:00,323.5,327.3,318.3,321.3,98574.458
2023-02-03 04:00:00,321.3,324.4,320.7,322.6,38081.928
2023-02-03 08:00:00,322.7,329.4,321.0,329.2,58801.484
2023-02-03 12:00:00,329.2,335.5,326.1,331.5,271135.48
2023-02-03 16:00:00,331.6,334.0,329.8,329.9,69000.053
2023-02-03 20:00:00,329.9,332.5,328.3,332.2,43983.759
2023-02-04 00:00:00,332.3,334.1,328.9,329.3,41504.694
2023-02-04 04:00:00,329.2,329.7,327.0,328.5,39527.77
2023-02-04 08:00:00,328.5,330.3,327.6,329.2,29347.918
2023-02-04 12:00:00,329.3,332.6,328.4,331.1,42527.873
2023-02-04 16:00:00,331.2,333.2,330.0,330.3,35495.706
2023-02-04 20:00:00,330.3,332.0,329.3,330.4,23705.665
2023-02-05 00:00:00,330.4,334.4,328.6,329.5,54796.384
2023-02-05 04:00:00,329.5,333.3,328.7,332.0,38745.691
2023-02-05 08:00:00,332.0,337.8,331.9,332.5,78510.775
2023-02-05 12:00:00,332.5,333.3,324.1,326.7,132616.568
2023-02-05 16:00:00,326.6,328.2,324.0,326.9,60453.093
2023-02-05 20:00:00,326.9,328.5,324.7,327.8,31392.2
2023-02-06 00:00:00,327.8,330.1,324.3,325.3,53907.782
2023-02-06 04:00:00,325.4,327.0,320.7,326.9,56983.004
2023-02-06 08:00:00,326.8,328.0,324.7,327.6,37924.211
2023-02-06 12:00:00,327.6,330.1,325.9,330.0,45941.124
2023-02-06 16:00:00,330.0,331.5,327.7,328.9,57132.659
2023-02-06 20:00:00,329.0,329.5,323.9,324.3,39076.22
2023-02-07 00:00:00,324.4,327.6,323.2,326.6,34154.544
2023-02-07 04:00:00,326.7,329.1,326.3,329.1,36306.821
2023-02-07 08:00:00,329.0,331.8,327.8,330.0,46441.184
2023-02-07 12:00:00,329.9,330.6,327.3,327.8,40155.552
2023-02-07 16:00:00,327.8,332.8,326.0,330.6,69715.885
2023-02-07 20:00:00,330.6,333.7,329.8,333.0,39130.847
2023-02-08 00:00:00,333.1,335.8,331.3,331.7,43811.965
2023-02-08 04:00:00,331.8,332.2,330.6,331.8,30651.098
2023-02-08 08:00:00,331.8,331.9,329.1,331.6,36298.749
2023-02-08 12:00:00,331.7,332.6,326.8,327.3,70807.897
2023-02-08 16:00:00,327.4,329.2,323.6,326.6,73617.743
2023-02-08 20:00:00,326.7,328.6,325.1,328.2,31678.415
2023-02-09 00:00:00,328.2,329.3,316.6,319.6,146073.491
2023-02-09 04:00:00,319.7,322.6,317.2,322.2,74207.409
2023-02-09 08:00:00,322.2,323.9,320.0,320.7,48573.197
2023-02-09 12:00:00,320.6,322.6,318.1,318.8,79902.463
2023-02-09 16:00:00,318.8,319.4,308.1,311.5,101247.124
2023-02-09 20:00:00,311.5,311.5,302.0,306.2,114608.888
2023-02-10 00:00:00,306.2,307.9,305.0,306.7,56598.637
2023-02-10 04:00:00,306.7,308.0,302.5,307.8,54491.082
2023-02-10 08:00:00,307.8,309.2,305.5,306.5,51783.14
2023-02-10 12:00:00,306.4,308.4,304.0,306.0,54700.801
2023-02-10 16:00:00,306.1,308.7,304.9,308.5,44775.302
2023-02-10 20:00:00,308.6,308.8,304.3,305.8,33436.014
2023-02-11 00:00:00,305.9,308.7,305.1,308.1,34227.129
2023-02-11 04:00:00,308.1,308.6,306.7,308.2,25172.116
2023-02-11 08:00:00,308.2,308.9,307.1,308.5,20593.721
2023-02-11 12:00:00,308.5,310.2,308.2,309.1,30761.156
2023-02-11 16:00:00,309.1,309.4,307.0,308.5,22344.985
2023-02-11 20:00:00,308.6,311.4,308.0,310.4,21389.654
2023-02-12 00:00:00,310.5,310.7,307.6,307.6,17854.433
2023-02-12 04:00:00,307.7,307.7,306.0,307.0,24927.681
2023-02-12 08:00:00,307.0,309.5,306.9,308.7,22788.916
2023-02-12 12:00:00,308.7,313.1,307.7,312.9,46833.462
2023-02-12 16:00:00,312.8,321.0,312.8,319.1,111222.818
2023-02-12 20:00:00,319.1,320.3,311.6,312.6,67872.96
2023-02-13 00:00:00,312.6,313.5,306.6,311.9,81135.611
2023-02-13 04:00:00,312.0,315.7,305.0,307.3,104374.157
2023-02-13 08:00:00,307.4,307.4,288.4,292.6,472291.202
2023-02-13 12:00:00,292.5,294.8,286.2,286.8,177157.101
2023-02-13 16:00:00,286.9,289.6,282.8,288.9,173486.191
2023-02-13 20:00:00,288.9,294.8,288.1,294.3,57541.332
2023-02-14 00:00:00,294.3,294.4,289.8,290.8,86262.555
2023-02-14 04:00:00,290.9,293.9,290.5,293.7,35681.738
2023-02-14 08:00:00,293.8,294.7,290.7,292.7,45581.179
2023-02-14 12:00:00,292.8,301.7,291.0,297.5,240181.224
2023-02-14 16:00:00,297.5,298.7,295.2,298.1,58627.976
2023-02-14 20:00:00,298.2,298.4,295.6,296.2,28363.982
2023-02-15 00:00:00,296.2,297.3,294.0,296.7,44028.315
2023-02-15 04:00:00,296.8,298.3,296.1,297.0,45465.123
2023-02-15 08:00:00,297.0,301.7,296.4,301.6,60055.926
2023-02-15 12:00:00,301.7,305.6,301.6,303.2,106542.24
2023-02-15 16:00:00,303.2,307.8,301.0,307.4,69504.218
2023-02-15 20:00:00,307.3,317.7,306.8,317.4,140326.121
2023-02-16 00:00:00,317.5,327.8,316.3,321.5,215288.257
2023-02-16 04:00:00,321.5,325.5,318.4,319.8,98118.664
2023-02-16 08:00:00,319.8,323.5,318.2,319.3,95657.815
2023-02-16 12:00:00,319.4,324.7,314.8,324.6,105010.128
2023-02-16 16:00:00,324.7,326.5,318.2,319.4,133921.125
2023-02-16 20:00:00,319.5,319.7,303.9,304.4,210145.901
2023-02-17 00:00:00,304.4,310.0,302.8,309.6,104793.366
2023-02-17 04:00:00,309.7,310.5,306.0,308.3,63205.772
2023-02-17 08:00:00,308.3,311.0,307.7,309.7,42704.253
2023-02-17 12:00:00,309.7,313.4,307.9,310.2,81374.014
2023-02-17 16:00:00,310.1,315.5,307.1,314.8,80639.492
2023-02-17 20:00:00,314.9,317.5,309.5,313.0,136019.296
2023-02-18 00:00:00,313.0,315.9,312.9,315.1,47031.787
2023-02-18 04:00:00,315.1,319.2,314.6,316.6,69051.595
2023-02-18 08:00:00,316.7,317.0,313.2,314.8,42710.129
2023-02-18 12:00:00,314.8,317.5,314.3,316.5,33333.393
2023-02-18 16:00:00,316.5,317.2,314.6,315.0,64040.905
2023-02-18 20:00:00,315.1,317.0,313.9,316.5,26317.581
2023-02-19 00:00:00,316.6,318.9,314.4,315.1,67689.575
2023-02-19 04:00:00,315.2,316.5,314.0,314.3,40597.946
2023-02-19 08:00:00,314.4,315.8,313.9,315.7,36924.084
2023-02-19 12:00:00,315.7,318.4,315.4,316.8,70485.328
2023-02-19 16:00:00,316.7,318.4,310.9,312.7,80594.236
2023-02-19 20:00:00,312.7,313.8,310.3,311.5,39713.105
2023-02-20 00:00:00,311.5,316.8,308.0,316.4,79568.162
2023-02-20 04:00:00,316.5,317.2,315.2,316.9,49950.202
2023-02-20 08:00:00,316.9,319.8,315.2,318.1,165975.365
2023-02-20 12:00:00,318.1,318.6,316.1,317.1,82425.805
2023-02-20 16:00:00,317.2,317.4,312.8,314.7,95991.657
2023-02-20 20:00:00,314.8,315.8,313.1,315.4,40572.606
2023-02-21 00:00:00,315.5,317.3,314.2,315.5,76488.395
2023-02-21 04:00:00,315.5,316.7,314.4,316.2,28595.492
2023-02-21 08:00:00,316.3,317.4,311.3,311.7,92259.148
2023-02-21 12:00:00,311.7,314.6,311.0,312.9,78441.641
2023-02-21 16:00:00,313.0,314.1,311.0,313.2,41662.102
2023-02-21 20:00:00,313.2,314.3,309.3,311.5,67714.519
2023-02-22 00:00:00,311.5,311.9,305.1,308.9,85728.601
2023-02-22 04:00:00,308.9,309.0,305.4,307.5,46948.098
2023-02-22 08:00:00,307.5,308.3,304.0,307.9,49207.275
2023-02-22 12:00:00,308.0,309.4,303.2,304.6,97250.272
2023-02-22 16:00:00,304.6,308.7,303.6,307.8,51768.071
2023-02-22 20:00:00,307.8,312.9,306.7,312.4,37442.669
2023-02-23 00:00:00,312.5,315.3,310.5,313.1,50859.977
2023-02-23 04:00:00,313.1,314.4,312.0,312.9,28516.607
2023-02-23 08:00:00,312.8,313.4,306.0,307.0,52733.492
2023-02-23 12:00:00,307.0,311.3,305.8,309.2,46551.866
2023-02-23 16:00:00,309.1,309.6,306.4,309.2,61044.511
2023-02-23 20:00:00,309.2,310.1,306.4,308.3,60934.788
2023-02-24 00:00:00,308.3,311.0,307.5,309.5,37637.848
2023-02-24 04:00:00,309.5,311.2,308.7,310.8,28049.944
2023-02-24 08:00:00,310.8,312.1,308.1,310.3,38563.62
2023-02-24 12:00:00,310.3,311.4,303.4,303.7,84391.356
2023-02-24 16:00:00,303.8,304.3,298.6,302.4,102379.069
2023-02-24 20:00:00,302.4,304.1,299.4,302.3,37704.563
2023-02-25 00:00:00,302.3,303.0,300.1,300.5,24993.175
2023-02-25 04:00:00,300.5,301.9,299.8,301.7,20298.93
2023-02-25 08:00:00,301.8,302.4,299.8,300.6,20655.623
2023-02-25 12:00:00,300.5,302.0,298.6,301.5,26487.023
2023-02-25 16:00:00,301.5,302.7,299.0,300.5,31847.476
2023-02-25 20:00:00,300.4,302.5,295.5,302.4,54256.181
2023-02-26 00:00:00,302.5,303.7,300.7,303.3,23093.943
2023-02-26 04:00:00,303.3,303.6,302.0,303.0,14796.79
2023-02-26 08:00:00,303.1,303.8,302.4,303.4,18710.107
2023-02-26 12:00:00,303.4,304.4,302.5,304.4,26932.16
2023-02-26 16:00:00,304.4,308.8,303.9,308.6,34926.62
2023-02-26 20:00:00,308.7,309.8,307.0,308.7,32959.546
2023-02-27 00:00:00,308.7,309.4,307.5,308.1,25466.367
2023-02-27 04:00:00,308.1,308.3,305.1,305.2,28134.875
2023-02-27 08:00:00,305.3,305.5,303.6,305.1,32494.708
2023-02-27 12:00:00,305.1,308.1,303.7,304.9,54875.091
2023-02-27 16:00:00,305.0,305.1,300.5,303.1,64065.144
2023-02-27 20:00:00,303.1,305.1,301.5,304.6,29369.636
2023-02-28 00:00:00,304.7,305.7,303.5,305.1,22505.334
2023-02-28 04:00:00,305.1,305.3,301.6,301.7,27334.871
2023-02-28 08:00:00,301.8,302.6,301.0,302.3,32131.767
2023-02-28 12:00:00,302.3,304.7,302.2,304.5,36293.668
2023-02-28 16:00:00,304.5,305.0,301.5,302.0,28924.225
2023-02-28 20:00:00,302.1,303.0,300.0,301.4,39459.327
2023-03-01 00:00:00,301.5,304.2,300.5,304.2,29587.909
2023-03-01 04:00:00,304.2,306.4,303.4,303.5,37569.217
2023-03-01 08:00:00,303.6,305.4,302.8,303.4,37676.036
2023-03-01 12:00:00,303.4,304.5,302.1,303.4,39627.394
2023-03-01 16:00:00,303.3,303.4,300.6,300.9,31426.227
2023-03-01 20:00:00,300.9,303.0,300.6,302.7,24997.11
2023-03-02 00:00:00,302.6,303.8,298.0,299.9,39532.978
2023-03-02 04:00:00,299.9,300.5,298.3,299.1,25791.286
2023-03-02 08:00:00,299.2,299.2,296.7,299.0,33096.722
2023-03-02 12:00:00,298.9,299.7,295.8,297.8,46090.596
2023-03-02 16:00:00,297.9,300.7,296.4,300.5,32503.463
2023-03-02 20:00:00,300.6,300.8,299.4,299.8,23949.797
2023-03-03 00:00:00,299.8,300.0,286.6,290.2,110925.96
2023-03-03 04:00:00,290.2,291.9,289.3,291.0,43760.787
2023-03-03 08:00:00,291.0,291.9,289.3,289.7,37597.204
2023-03-03 12:00:00,289.7,290.3,287.4,289.0,35042.718
2023-03-03 16:00:00,289.0,290.2,288.3,289.6,20737.266
2023-03-03 20:00:00,289.6,290.5,287.4,290.4,18563.629
2023-03-04 00:00:00,290.5,291.5,289.8,290.1,13587.046
2023-03-04 04:00:00,290.1,290.6,289.0,290.2,12395.713
2023-03-04 08:00:00,290.2,291.2,289.3,291.2,18810.426
2023-03-04 12:00:00,291.1,291.3,290.1,290.1,16352.13
2023-03-04 16:00:00,290.2,290.8,288.5,288.6,23499.839
2023-03-04 20:00:00,288.6,289.6,285.8,289.6,43201.711
2023-03-05 00:00:00,289.6,292.8,288.0,290.5,36943.616
2023-03-05 04:00:00,290.5,291.5,290.0,290.5,13690.472
2023-03-05 08:00:00,290.4,291.4,289.8,291.2,16625.204
2023-03-05 12:00:00,291.1,291.9,290.8,291.0,20539.73
2023-03-05 16:00:00,290.9,291.3,289.3,289.5,18140.803
2023-03-05 20:00:00,289.4,290.8,287.4,288.7,22516.734
2023-03-06 00:00:00,288.8,289.7,285.0,286.9,44888.13
2023-03-06 04:00:00,286.9,287.3,285.0,285.1,25049.504
2023-03-06 08:00:00,285.2,285.5,283.7,284.2,38089.045
2023-03-06 12:00:00,284.2,288.1,283.3,287.9,33136.238
2023-03-06 16:00:00,288.0,289.1,286.9,287.5,28346.931
2023-03-06 20:00:00,287.6,288.6,286.6,287.8,35710.909
2023-03-07 00:00:00,287.9,289.6,286.9,288.4,28101.217
2023-03-07 04:00:00,288.5,288.7,286.8,287.1,21385.787
2023-03-07 08:00:00,287.1,287.7,285.3,285.5,27090.027
2023-03-07 12:00:00,285.5,288.5,283.4,287.3,53981.312
2023-03-07 16:00:00,287.4,290.5,285.8,287.3,37516.922
2023-03-07 20:00:00,287.3,289.4,285.5,289.3,32536.092
2023-03-08 00:00:00,289.3,290.7,288.7,289.6,26267.515
2023-03-08 04:00:00,289.6,289.9,285.1,285.8,38697.119
2023-03-08 08:00:00,285.8,288.1,285.4,287.9,22075.951
2023-03-08 12:00:00,287.8,293.4,285.1,292.7,79573.79
2023-03-08 16:00:00,292.7,294.3,289.0,289.6,46448.665
2023-03-08 20:00:00,289.6,292.0,286.1,287.1,47875.334
2023-03-09 00:00:00,287.1,291.4,286.1,289.6,39087.497
2023-03-09 04:00:00,289.6,290.5,288.7,289.1,21353.729
2023-03-09 08:00:00,289.1,289.5,287.2,289.5,32639.338
2023-03-09 12:00:00,289.4,291.1,288.1,289.3,36314.761
2023-03-09 16:00:00,289.4,289.9,278.8,280.1,73587.061
2023-03-09 20:00:00,280.1,280.1,271.2,277.1,116014.465
2023-03-10 00:00:00,277.1,277.1,271.7,273.9,67446.491
2023-03-10 04:00:00,273.9,274.4,270.7,273.3,54678.486
2023-03-10 08:00:00,273.2,273.6,265.0,267.4,101615.145
2023-03-10 12:00:00,267.4,275.2,266.7,274.5,98532.491
2023-03-10 16:00:00,274.6,277.3,273.6,277.0,45577.772
2023-03-10 20:00:00,276.9,278.1,274.7,277.4,36442.587
2023-03-11 00:00:00,277.5,281.8,277.0,278.9,90613.5
2023-03-11 04:00:00,279.0,279.9,271.9,272.1,83869.143
2023-03-11 08:00:00,272.2,277.0,271.2,274.9,69954.415
2023-03-11 12:00:00,274.9,276.2,271.8,272.2,40660.254
2023-03-11 16:00:00,272.3,273.7,270.5,272.5,51264.181
2023-03-11 20:00:00,272.5,276.1,272.1,276.0,33988.714
2023-03-12 00:00:00,276.0,278.1,274.1,276.6,33902.341
2023-03-12 04:00:00,276.6,278.2,275.2,275.8,29536.876
2023-03-12 08:00:00,275.8,276.6,274.9,276.3,26147.922
2023-03-12 12:00:00,276.3,276.4,273.4,273.8,35907.275
2023-03-12 16:00:00,273.7,282.5,273.2,277.8,93801.081
2023-03-12 20:00:00,277.8,288.8,277.5,288.1,96947.622
2023-03-13 00:00:00,288.1,292.0,286.1,286.7,86106.402
2023-03-13 04:00:00,286.7,309.0,286.1,304.8,359197.178
2023-03-13 08:00:00,304.8,306.5,293.4,296.9,141936.539
2023-03-13 12:00:00,296.8,314.1,294.2,308.8,263073.516
2023-03-13 16:00:00,308.8,310.4,305.9,306.8,97568.811
2023-03-13 20:00:00,306.8,309.8,305.4,307.9,43870.018
2023-03-14 00:00:00,307.9,308.4,305.2,306.2,55589.159
2023-03-14 04:00:00,306.2,308.2,303.6,304.1,55233.031
2023-03-14 08:00:00,304.2,307.5,302.0,306.1,57305.301
2023-03-14 12:00:00,306.2,319.5,303.6,317.5,299814.811
2023-03-14 16:00:00,317.6,318.1,306.2,311.0,146286.042
2023-03-14 20:00:00,311.1,312.1,304.4,308.4,89473.864
2023-03-15 00:00:00,308.5,311.4,306.1,309.8,47279.221
2023-03-15 04:00:00,309.8,312.7,308.8,312.5,38946.459
2023-03-15 08:00:00,312.4,312.5,303.8,308.0,69861.361
2023-03-15 12:00:00,308.0,311.5,304.3,305.1,124365.642
2023-03-15 16:00:00,305.2,306.7,300.0,305.6,101143.478
2023-03-15 20:00:00,305.7,307.9,304.8,306.3,31655.612
2023-03-16 00:00:00,306.3,313.5,302.8,309.8,93037.619
2023-03-16 04:00:00,309.8,321.9,308.2,321.3,170862.253
2023-03-16 08:00:00,321.2,321.7,314.2,315.7,161593.531
2023-03-16 12:00:00,315.8,328.4,307.8,326.8,520419.8
2023-03-16 16:00:00,326.8,330.8,325.0,329.6,196316.28
2023-03-16 20:00:00,329.7,332.8,326.7,329.4,109074.407
2023-03-17 00:00:00,329.4,333.3,325.0,331.4,158164.316
2023-03-17 04:00:00,331.5,333.4,329.3,329.7,95754.319
2023-03-17 08:00:00,329.7,336.7,329.7,334.6,152119.42
2023-03-17 12:00:00,334.6,335.3,328.6,331.2,137003.844
2023-03-17 16:00:00,331.2,335.6,330.2,335.3,71890.157
2023-03-17 20:00:00,335.3,340.0,333.2,338.9,111805.412
2023-03-18 00:00:00,339.0,345.1,338.0,343.6,136824.971
2023-03-18 04:00:00,343.6,346.3,342.3,344.3,64512.044
2023-03-18 08:00:00,344.3,344.3,340.3,343.4,61509.838
2023-03-18 12:00:00,343.4,344.3,330.0,332.5,212413.787
2023-03-18 16:00:00,332.5,337.8,328.0,336.2,125852.616
2023-03-18 20:00:00,336.3,338.4,330.0,331.0,61585.255
2023-03-19 00:00:00,331.1,336.3,330.3,333.7,53759.395
2023-03-19 04:00:00,333.8,335.8,331.9,335.8,43373.372
2023-03-19 08:00:00,335.8,337.7,333.2,337.1,48202.186
2023-03-19 12:00:00,337.2,341.7,337.1,339.4,80713.847
2023-03-19 16:00:00,339.4,341.0,335.1,339.7,107539.69
2023-03-19 20:00:00,339.7,340.8,335.1,336.7,68384.129
2023-03-20 00:00:00,336.7,337.5,332.3,333.3,76965.072
2023-03-20 04:00:00,333.3,335.8,331.6,334.7,79407.639
2023-03-20 08:00:00,334.7,338.9,334.2,337.2,91534.313
2023-03-20 12:00:00,337.3,339.0,335.0,337.5,79801.632
2023-03-20 16:00:00,337.5,339.1,334.3,336.0,91825.237
2023-03-20 20:00:00,336.0,337.0,331.3,332.5,91970.629
2023-03-21 00:00:00,332.5,336.1,331.6,334.9,58215.565
2023-03-21 04:00:00,334.9,335.8,327.1,328.7,78044.791
2023-03-21 08:00:00,328.7,335.0,327.6,334.9,80445.272
2023-03-21 12:00:00,334.8,338.1,334.2,337.7,106582.646
2023-03-21 16:00:00,337.8,339.9,335.0,337.9,87921.494
2023-03-21 20:00:00,337.9,338.7,334.3,334.4,66233.921
2023-03-22 00:00:00,334.5,336.2,331.4,335.2,94952.161
2023-03-22 04:00:00,335.3,339.5,335.1,336.8,162287.165
2023-03-22 08:00:00,336.8,338.1,323.5,324.1,424415.104
2023-03-22 12:00:00,324.2,330.8,321.8,327.8,236954.048
2023-03-22 16:00:00,327.8,330.7,316.4,316.9,280060.348
2023-03-22 20:00:00,316.9,323.1,316.0,321.1,87546.951
2023-03-23 00:00:00,321.2,322.3,318.9,320.5,52926.498
2023-03-23 04:00:00,320.6,324.3,320.4,324.0,45010.01
2023-03-23 08:00:00,324.0,326.2,323.1,325.3,48617.177
2023-03-23 12:00:00,325.3,331.5,321.1,330.6,118581.619
2023-03-23 16:00:00,330.7,332.1,325.5,329.9,81991.85
2023-03-23 20:00:00,329.8,330.0,327.7,329.4,35967.437
2023-03-24 00:00:00,329.4,330.0,327.0,327.2,32749.488
2023-03-24 04:00:00,327.2,327.6,324.8,324.9,51298.294
2023-03-24 08:00:00,324.8,325.1,321.6,323.8,57413.137
2023-03-24 12:00:00,323.7,324.4,319.5,321.0,64610.747
2023-03-24 16:00:00,321.0,322.4,316.9,322.1,58005.047
2023-03-24 20:00:00,322.2,323.0,318.4,322.1,42953.289
2023-03-25 00:00:00,322.1,324.7,321.5,323.8,41515.412
2023-03-25 04:00:00,323.9,324.5,322.2,323.6,36471.663
2023-03-25 08:00:00,323.5,324.4,322.2,323.9,29018.454
2023-03-25 12:00:00,324.0,324.9,322.7,324.1,33204.264
2023-03-25 16:00:00,324.1,324.4,319.0,319.7,149922.936
2023-03-25 20:00:00,319.7,322.9,319.2,322.4,26985.603
2023-03-26 00:00:00,322.4,324.0,321.7,323.4,15543.215
2023-03-26 04:00:00,323.3,324.3,323.0,324.0,17519.9
2023-03-26 08:00:00,324.0,327.4,323.7,327.2,38921.672
2023-03-26 12:00:00,327.3,328.5,325.3,326.7,44078.656
2023-03-26 16:00:00,326.8,328.4,325.6,328.1,29224.633
2023-03-26 20:00:00,328.0,329.5,326.2,328.6,59412.117
2023-03-27 00:00:00,328.6,329.1,327.0,327.9,21877.858
2023-03-27 04:00:00,328.0,328.5,325.6,326.1,29270.793
2023-03-27 08:00:00,326.1,328.8,325.8,328.6,30627.839
2023-03-27 12:00:00,328.5,329.8,312.0,314.2,253038.335
2023-03-27 16:00:00,314.2,315.7,306.1,306.3,170369.899
2023-03-27 20:00:00,306.4,311.9,305.9,310.6,72854.831
2023-03-28 00:00:00,310.6,312.6,307.5,307.6,57932.343
2023-03-28 04:00:00,307.7,311.9,306.8,309.0,55161.112
2023-03-28 08:00:00,309.0,311.8,307.4,311.4,55552.52
2023-03-28 12:00:00,311.4,312.6,308.7,311.5,74113.843
2023-03-28 16:00:00,311.5,315.8,309.9,314.6,58195.711
2023-03-28 20:00:00,314.6,314.8,311.7,313.2,28442.895
2023-03-29 00:00:00,313.3,315.4,312.7,313.5,33407.875
2023-03-29 04:00:00,313.5,316.9,312.4,316.5,67934.579
2023-03-29 08:00:00,316.5,319.9,316.3,317.7,78562.027
2023-03-29 12:00:00,317.7,318.0,314.1,316.5,67477.346
2023-03-29 16:00:00,316.6,316.6,315.0,316.2,30589.765
2023-03-29 20:00:00,316.2,316.8,312.8,313.7,49310.634
2023-03-30 00:00:00,313.8,318.3,309.1,313.1,147891.175
2023-03-30 04:00:00,313.1,320.8,312.2,315.5,108163.131
2023-03-30 08:00:00,315.5,317.8,313.9,317.3,84244.098
2023-03-30 12:00:00,317.3,317.9,315.0,315.8,57151.353
2023-03-30 16:00:00,315.9,316.4,313.2,316.1,61024.756
2023-03-30 20:00:00,316.1,317.5,315.3,316.4,37682.225
2023-03-31 00:00:00,316.4,318.2,315.6,316.6,32225.243
2023-03-31 04:00:00,316.6,316.9,311.8,313.9,45985.384
2023-03-31 08:00:00,313.9,317.3,313.7,316.0,47691.222
2023-03-31 12:00:00,315.9,319.8,315.0,316.5,78895.733
2023-03-31 16:00:00,316.5,317.9,316.3,316.6,26774.864
2023-03-31 20:00:00,316.7,317.8,315.3,316.9,34697.618
2023-04-01 00:00:00,317.0,319.0,315.0,315.1,46154.958
2023-04-01 04:00:00,315.0,316.4,313.9,314.2,39357.707
2023-04-01 08:00:00,314.3,315.2,314.2,314.4,23896.382
2023-04-01 12:00:00,314.4,314.9,313.5,313.7,29439.805
2023-04-01 16:00:00,313.7,315.0,313.0,314.4,25440.98
2023-04-01 20:00:00,314.5,315.7,314.3,314.9,21614.351
2023-04-02 00:00:00,314.9,315.8,314.0,315.7,16772.718
2023-04-02 04:00:00,315.7,316.2,315.2,315.3,17232.514
2023-04-02 08:00:00,315.3,315.5,314.4,314.8,16543.828
2023-04-02 12:00:00,314.9,315.0,312.0,313.2,43240.267
2023-04-02 16:00:00,313.3,314.1,310.7,311.7,32664.599
2023-04-02 20:00:00,311.6,314.0,311.3,313.7,23351.741
2023-04-03 00:00:00,313.8,314.1,309.2,309.7,40856.294
2023-04-03 04:00:00,309.7,311.1,308.7,310.9,30070.967
2023-04-03 08:00:00,311.0,313.9,310.9,312.0,44662.91
2023-04-03 12:00:00,312.1,312.9,309.0,310.5,53112.148
2023-04-03 16:00:00,310.5,312.4,308.3,311.8,72558.261
2023-04-03 20:00:00,311.7,311.8,299.5,308.8,209716.393
2023-04-04 00:00:00,308.8,310.5,308.2,309.7,52452.251
2023-04-04 04:00:00,309.7,311.1,309.1,309.8,37536.431
2023-04-04 08:00:00,309.8,311.9,309.5,311.1,81046.356
2023-04-04 12:00:00,311.1,312.7,310.4,311.2,76527.348
2023-04-04 16:00:00,311.2,311.5,310.5,311.4,27838.022
2023-04-04 20:00:00,311.4,311.8,310.5,310.8,30580.067
2023-04-05 00:00:00,310.8,314.9,310.2,314.6,72750.501
2023-04-05 04:00:00,314.6,315.9,313.8,314.7,41835.705
2023-04-05 08:00:00,314.6,315.7,313.9,315.7,39338.415
2023-04-05 12:00:00,315.7,316.8,310.7,312.2,105614.087
2023-04-05 16:00:00,312.2,314.0,311.2,313.8,36732.277
2023-04-05 20:00:00,313.8,314.8,313.5,313.9,24079.378
2023-04-06 00:00:00,314.0,315.2,311.3,314.0,51023.738
2023-04-06 04:00:00,314.0,314.6,311.7,312.1,37294.559
2023-04-06 08:00:00,312.2,312.8,310.6,312.1,49727.616
2023-04-06 12:00:00,312.1,313.3,311.4,313.0,51591.494
2023-04-06 16:00:00,313.0,313.5,312.3,312.7,22584.243
2023-04-06 20:00:00,312.7,313.0,312.0,312.3,20425.497
2023-04-07 00:00:00,312.3,312.8,311.0,311.8,31788.883
2023-04-07 04:00:00,311.9,312.0,309.7,310.3,39920.748
2023-04-07 08:00:00,310.2,310.8,309.7,310.5,31641.331
2023-04-07 12:00:00,310.5,311.3,309.8,311.0,37076.764
2023-04-07 16:00:00,311.1,311.8,310.4,310.7,17092.951
2023-04-07 20:00:00,310.8,311.5,310.1,310.3,22342.685
2023-04-08 00:00:00,310.4,311.9,310.1,311.7,26485.213
2023-04-08 04:00:00,311.7,312.4,311.4,312.0,19891.431
2023-04-08 08:00:00,312.0,312.4,311.6,311.7,27301.251
2023-04-08 12:00:00,311.8,312.3,311.4,312.2,27882.021
2023-04-08 16:00:00,312.3,312.7,310.1,310.7,39527.859
2023-04-08 20:00:00,310.8,311.1,310.1,310.5,24285.169
2023-04-09 00:00:00,310.6,312.0,310.4,311.2,18913.456
2023-04-09 04:00:00,311.3,311.4,309.6,309.9,31424.005
2023-04-09 08:00:00,309.9,310.4,309.5,310.4,22144.364
2023-04-09 12:00:00,310.3,311.1,309.9,310.4,34337.058
2023-04-09 16:00:00,310.5,312.4,310.1,311.9,30419.744
2023-04-09 20:00:00,312.0,313.7,311.8,312.8,26710.098
2023-04-10 00:00:00,312.8,312.9,311.9,312.9,28960.801
2023-04-10 04:00:00,312.8,313.2,312.4,312.9,27924.518
2023-04-10 08:00:00,312.8,313.3,312.5,312.7,21443.151
2023-04-10 12:00:00,312.7,312.7,311.5,312.2,42863.587
2023-04-10 16:00:00,312.2,315.2,311.9,313.9,72220.576
2023-04-10 20:00:00,313.9,318.7,313.0,318.5,78126.607
2023-04-11 00:00:00,318.6,327.9,317.8,327.4,175679.67
2023-04-11 04:00:00,327.4,333.0,325.7,331.5,180722.589
2023-04-11 08:00:00,331.5,331.8,329.1,329.4,81347.059
2023-04-11 12:00:00,329.5,331.1,328.2,329.0,84864.397
2023-04-11 16:00:00,329.1,329.2,324.0,325.0,79174.041
2023-04-11 20:00:00,325.0,325.5,321.9,322.3,59329.916
2023-04-12 00:00:00,322.3,323.3,316.7,317.3,96358.353
2023-04-12 04:00:00,317.3,319.7,317.1,319.1,51332.916
2023-04-12 08:00:00,319.1,319.2,317.8,318.1,35763.956
2023-04-12 12:00:00,318.2,321.8,317.7,319.4,99494.171
2023-04-12 16:00:00,319.4,320.5,318.0,318.8,38690.675
2023-04-12 20:00:00,318.8,320.5,318.7,319.9,32576.653
2023-04-13 00:00:00,319.9,320.3,318.6,319.7,34975.137
2023-04-13 04:00:00,319.8,320.1,317.7,319.3,44471.553
2023-04-13 08:00:00,319.3,324.8,319.2,323.7,99265.512
2023-04-13 12:00:00,323.7,324.8,321.6,323.5,100841.076
2023-04-13 16:00:00,323.6,324.7,323.0,324.5,37006.843
2023-04-13 20:00:00,324.5,325.1,323.5,324.7,31591.824
2023-04-14 00:00:00,324.6,332.4,324.0,331.4,178440.259
2023-04-14 04:00:00,331.4,335.5,331.3,333.9,145353.762
2023-04-14 08:00:00,333.9,334.3,332.0,333.3,97215.95
2023-04-14 12:00:00,333.2,334.4,325.1,325.8,135398.102
2023-04-14 16:00:00,325.9,329.1,323.2,329.0,80261.645
2023-04-14 20:00:00,329.1,330.2,328.2,328.9,43285.343
2023-04-15 00:00:00,328.8,329.7,326.9,328.8,55439.13
2023-04-15 04:00:00,328.8,330.9,328.1,330.6,48919.07
2023-04-15 08:00:00,330.6,334.6,330.5,333.5,79322.24
2023-04-15 12:00:00,333.4,336.0,331.0,334.2,129682.878
2023-04-15 16:00:00,334.1,334.2,331.3,332.5,68013.031
2023-04-15 20:00:00,332.5,334.7,331.8,333.0,36934.794
2023-04-16 00:00:00,333.1,333.9,330.1,332.1,48100.734
2023-04-16 04:00:00,332.2,334.2,331.9,333.7,30970.484
2023-04-16 08:00:00,333.8,336.0,332.7,334.5,62286.148
2023-04-16 12:00:00,334.5,347.8,334.4,345.8,292696.431
2023-04-16 16:00:00,345.9,350.0,345.1,347.6,121192.265
2023-04-16 20:00:00,347.6,349.9,345.9,347.7,77352.715
2023-04-17 00:00:00,347.7,350.0,342.2,348.7,154743.167
2023-04-17 04:00:00,348.7,348.9,343.4,344.7,97674.836
2023-04-17 08:00:00,344.7,345.8,339.1,342.0,105990.238
2023-04-17 12:00:00,342.0,343.0,337.5,338.9,116151.908
2023-04-17 16:00:00,338.8,342.7,338.2,341.8,46974.188
2023-04-17 20:00:00,341.9,342.5,339.4,340.0,34822.131
2023-04-18 00:00:00,340.0,340.8,337.0,339.9,68706.422
2023-04-18 04:00:00,339.9,345.9,339.5,344.4,87109.296
2023-04-18 08:00:00,344.5,346.5,342.8,346.0,70019.131
2023-04-18 12:00:00,346.1,346.7,341.8,342.6,79937.468
2023-04-18 16:00:00,342.6,343.0,340.2,341.4,55395.875
2023-04-18 20:00:00,341.4,343.5,340.7,343.1,30509.245
2023-04-19 00:00:00,343.1,343.7,341.0,341.4,38090.999
2023-04-19 04:00:00,341.5,341.5,335.0,336.8,76792.628
2023-04-19 08:00:00,336.9,336.9,325.0,326.9,222839.034
2023-04-19 12:00:00,326.9,330.1,325.4,326.7,71010.679
2023-04-19 16:00:00,326.7,328.3,324.6,325.2,54415.73
2023-04-19 20:00:00,325.2,326.0,320.1,322.4,74295.012
2023-04-20 00:00:00,322.5,325.9,321.0,324.1,60168.01
2023-04-20 04:00:00,324.1,326.5,324.1,324.7,38066.86
2023-04-20 08:00:00,324.7,326.6,323.2,323.4,48952.854
2023-04-20 12:00:00,323.4,326.8,322.6,323.0,65066.467
2023-04-20 16:00:00,323.0,323.2,315.3,317.0,117608.867
2023-04-20 20:00:00,316.9,319.4,315.9,318.1,37590.875
2023-04-21 00:00:00,318.0,319.8,317.3,319.6,43025.424
2023-04-21 04:00:00,319.7,334.6,315.3,329.7,230073.42
2023-04-21 08:00:00,329.7,332.6,325.3,326.8,269901.101
2023-04-21 12:00:00,326.9,328.9,325.1,327.6,102197.132
2023-04-21 16:00:00,327.6,327.8,317.6,318.1,183281.424
2023-04-21 20:00:00,318.1,322.7,316.9,321.2,82295.393
2023-04-22 00:00:00,321.3,322.8,319.9,322.7,53437.699
2023-04-22 04:00:00,322.7,324.1,321.9,322.3,44627.152
2023-04-22 08:00:00,322.3,326.1,322.2,325.9,53518.023
2023-04-22 12:00:00,325.9,330.3,325.9,327.9,104612.443
2023-04-22 16:00:00,327.9,331.4,327.9,329.7,66703.891
2023-04-22 20:00:00,329.7,333.1,329.6,332.2,58982.824
2023-04-23 00:00:00,332.2,332.5,329.0,330.4,64816.895
2023-04-23 04:00:00,330.5,331.5,329.2,330.7,53570.65
2023-04-23 08:00:00,330.8,331.8,329.8,331.1,57804.467
2023-04-23 12:00:00,331.0,332.1,327.6,328.6,95679.071
2023-04-23 16:00:00,328.7,330.8,327.4,328.4,70672.563
2023-04-23 20:00:00,328.4,330.9,327.4,330.7,42078.508
2023-04-24 00:00:00,330.6,333.8,329.4,332.0,76140.855
2023-04-24 04:00:00,331.9,332.7,328.2,329.4,66552.998
2023-04-24 08:00:00,329.4,331.4,327.8,331.3,60206.817
2023-04-24 12:00:00,331.2,334.0,329.6,329.7,114452.849
2023-04-24 16:00:00,329.8,332.2,327.7,332.0,85211.663
2023-04-24 20:00:00,332.0,332.6,330.9,331.2,40210.112
2023-04-25 00:00:00,331.2,332.4,330.1,330.7,55076.331
2023-04-25 04:00:00,330.7,332.1,328.6,329.2,66086.545
2023-04-25 08:00:00,329.2,331.3,328.7,330.8,68391.564
2023-04-25 12:00:00,330.8,332.7,328.7,332.4,74417.916
2023-04-25 16:00:00,332.4,333.7,331.5,332.9,69019.91
2023-04-25 20:00:00,333.0,340.0,332.9,338.4,103712.617
2023-04-26 00:00:00,338.4,339.8,337.3,338.3,65762.816
2023-04-26 04:00:00,338.3,339.7,336.0,336.4,59094.584
2023-04-26 08:00:00,336.5,339.7,336.4,338.1,84220.391
2023-04-26 12:00:00,338.2,345.0,338.1,342.2,158280.499
2023-04-26 16:00:00,342.2,342.8,328.0,328.2,138422.86
2023-04-26 20:00:00,328.2,331.7,321.5,330.6,173770.434
2023-04-27 00:00:00,330.6,336.6,329.9,332.0,123426.53
2023-04-27 04:00:00,332.0,334.6,329.5,330.9,66571.175
2023-04-27 08:00:00,330.9,331.7,330.0,330.2,50914.593
2023-04-27 12:00:00,330.3,333.7,328.2,331.8,101171.597
2023-04-27 16:00:00,331.8,336.2,331.0,335.0,78619.728
2023-04-27 20:00:00,335.0,335.8,330.5,330.9,62147.334
2023-04-28 00:00:00,330.9,330.9,325.8,327.0,129392.043
2023-04-28 04:00:00,327.0,328.0,324.1,325.6,172017.231
2023-04-28 08:00:00,325.7,326.7,318.7,322.1,387090.6
2023-04-28 12:00:00,322.2,324.6,320.2,321.2,224152.173
2023-04-28 16:00:00,321.3,323.8,321.2,323.4,44902.987
2023-04-28 20:00:00,323.3,324.9,323.3,324.1,33655.122
2023-04-29 00:00:00,324.1,325.0,321.7,324.0,50808.378
2023-04-29 04:00:00,324.1,324.8,322.0,323.4,46620.397
2023-04-29 08:00:00,323.3,323.7,321.9,322.6,37766.198
2023-04-29 12:00:00,322.6,324.0,322.1,322.8,32622.44
2023-04-29 16:00:00,322.8,323.4,320.6,322.9,39640.136
2023-04-29 20:00:00,322.9,322.9,321.4,321.9,19031.14
2023-04-30 00:00:00,321.9,321.9,320.4,320.7,22068.977
2023-04-30 04:00:00,320.7,322.5,320.4,321.6,20921.628
2023-04-30 08:00:00,321.5,322.6,321.5,321.7,19565.429
2023-04-30 12:00:00,321.7,325.5,321.3,324.2,56250.585
2023-04-30 16:00:00,324.2,338.0,324.1,336.0,388200.152
2023-04-30 20:00:00,335.9,338.3,332.7,337.5,204713.955
2023-05-01 00:00:00,337.5,339.6,332.8,334.5,221989.781
2023-05-01 04:00:00,334.4,336.3,331.4,333.9,115763.486
2023-05-01 08:00:00,333.9,335.9,333.5,335.0,88961.615
2023-05-01 12:00:00,335.0,336.0,330.0,330.5,120141.847
2023-05-01 16:00:00,330.5,331.5,326.1,326.9,114059.526
2023-05-01 20:00:00,326.9,329.4,326.3,328.5,58488.657
2023-05-02 00:00:00,328.4,328.5,325.2,325.8,60706.21
2023-05-02 04:00:00,325.7,325.8,322.9,323.6,66912.915
2023-05-02 08:00:00,323.6,325.2,323.4,324.8,47990.931
2023-05-02 12:00:00,324.8,325.9,322.0,324.8,106205.714
2023-05-02 16:00:00,324.8,326.3,324.0,325.3,54628.41
2023-05-02 20:00:00,325.3,325.6,321.4,321.5,101002.101
2023-05-03 00:00:00,321.4,324.9,321.3,324.3,138062.15
2023-05-03 04:00:00,324.2,324.3,322.2,323.0,100058.577
2023-05-03 08:00:00,323.1,323.9,321.7,322.0,68980.215
2023-05-03 12:00:00,322.0,323.2,320.4,322.9,132462.295
2023-05-03 16:00:00,322.9,325.6,322.0,323.2,91561.878
2023-05-03 20:00:00,323.3,327.6,322.8,325.9,77640.274
2023-05-04 00:00:00,325.9,327.5,325.0,326.2,40677.591
2023-05-04 04:00:00,326.2,327.0,325.4,325.4,25188.46
2023-05-04 08:00:00,325.5,327.5,325.3,325.9,36963.26
2023-05-04 12:00:00,326.0,326.7,324.0,324.7,49381.033
2023-05-04 16:00:00,324.8,325.5,323.4,324.1,27176.292
2023-05-04 20:00:00,324.1,324.5,323.2,323.8,15983.632
2023-05-05 00:00:00,323.9,326.8,323.8,325.2,30367.217
2023-05-05 04:00:00,325.2,326.1,324.2,324.4,25566.298
2023-05-05 08:00:00,324.4,325.7,324.2,325.5,30220.648
2023-05-05 12:00:00,325.4,327.3,322.8,327.0,69337.853
2023-05-05 16:00:00,327.0,329.1,326.6,327.8,69470.586
2023-05-05 20:00:00,327.9,328.1,324.2,326.5,59573.506
2023-05-06 00:00:00,326.6,328.5,325.0,325.6,45644.153
2023-05-06 04:00:00,325.6,326.2,324.7,325.1,39715.772
2023-05-06 08:00:00,325.1,325.2,323.4,325.1,42463.905
2023-05-06 12:00:00,325.1,325.2,319.5,320.4,90118.906
2023-05-06 16:00:00,320.3,323.8,319.9,323.1,38129.937
2023-05-06 20:00:00,323.1,323.5,321.7,321.9,19295.043
2023-05-07 00:00:00,322.0,323.7,321.2,322.6,34835.207
2023-05-07 04:00:00,322.7,324.0,322.6,324.0,27069.064
2023-05-07 08:00:00,324.0,324.3,322.9,323.4,26452.459
2023-05-07 12:00:00,323.4,325.4,323.3,324.4,39274.497
2023-05-07 16:00:00,324.5,324.8,322.9,323.6,28147.504
2023-05-07 20:00:00,323.7,324.1,320.4,321.0,47798.488
2023-05-08 00:00:00,321.0,322.1,316.2,318.5,91118.009
2023-05-08 04:00:00,318.6,318.9,315.5,316.6,52014.563
2023-05-08 08:00:00,316.7,317.9,314.1,317.6,58034.698
2023-05-08 12:00:00,317.7,318.1,315.8,317.8,48902.67
2023-05-08 16:00:00,317.9,318.3,311.1,311.7,95417.945
2023-05-08 20:00:00,311.8,313.9,311.1,313.8,33704.234
2023-05-09 00:00:00,313.8,315.4,313.2,314.2,29955.388
2023-05-09 04:00:00,314.2,315.5,312.6,315.4,38265.967
2023-05-09 08:00:00,315.5,315.8,313.2,314.5,59240.88
2023-05-09 12:00:00,314.6,315.2,312.0,312.3,51945.285
2023-05-09 16:00:00,312.3,314.4,311.4,312.8,52622.241
2023-05-09 20:00:00,312.8,313.3,311.2,312.1,28642.284
2023-05-10 00:00:00,312.2,314.0,312.0,312.6,31962.989
2023-05-10 04:00:00,312.6,313.8,311.1,311.8,31743.686
2023-05-10 08:00:00,311.8,311.9,310.3,311.8,42997.15
2023-05-10 12:00:00,311.8,316.7,311.1,314.9,90538.634
2023-05-10 16:00:00,315.0,315.8,308.0,314.6,112759.77
2023-05-10 20:00:00,314.6,316.7,313.2,314.3,50144.582
2023-05-11 00:00:00,314.3,314.5,312.0,312.1,34218.335
2023-05-11 04:00:00,312.2,312.5,310.7,311.1,40100.654
2023-05-11 08:00:00,311.1,312.4,309.5,312.0,35040.309
2023-05-11 12:00:00,312.0,313.6,308.0,309.6,72169.134
2023-05-11 16:00:00,309.6,310.1,304.4,306.2,80013.423
2023-05-11 20:00:00,306.2,308.3,305.8,307.5,30312.812
2023-05-12 00:00:00,307.5,309.1,304.0,304.4,40316.769
2023-05-12 04:00:00,304.4,306.5,301.2,304.0,83645.956
2023-05-12 08:00:00,304.0,306.0,303.1,305.3,43279.526
2023-05-12 12:00:00,305.3,307.0,304.7,305.3,47571.602
2023-05-12 16:00:00,305.2,306.4,301.5,306.4,61084.544
2023-05-12 20:00:00,306.3,308.7,305.2,308.5,51110.53
2023-05-13 00:00:00,308.6,310.4,307.5,309.9,33388.151
2023-05-13 04:00:00,309.9,310.5,309.4,310.1,22689.457
2023-05-13 08:00:00,310.2,310.8,309.7,310.7,23293.134
2023-05-13 12:00:00,310.7,311.2,308.8,309.8,30284.653
2023-05-13 16:00:00,309.8,310.8,309.0,309.9,21160.037
2023-05-13 20:00:00,309.9,311.8,309.8,310.7,20827.122
2023-05-14 00:00:00,310.8,311.5,309.5,311.3,23765.574
2023-05-14 04:00:00,311.3,313.3,311.2,313.0,28161.75
2023-05-14 08:00:00,313.0,313.0,311.6,312.0,21857.149
2023-05-14 12:00:00,312.0,314.8,311.6,313.9,62933.69
2023-05-14 16:00:00,313.9,314.3,310.9,311.2,42608.109
2023-05-14 20:00:00,311.3,312.1,310.8,312.1,13558.549
2023-05-15 00:00:00,312.1,314.5,310.5,314.0,42816.952
2023-05-15 04:00:00,314.0,315.9,313.5,315.6,30324.846
2023-05-15 08:00:00,315.6,316.0,314.9,314.9,22141.24
2023-05-15 12:00:00,315.0,316.0,313.6,315.0,52389.87
2023-05-15 16:00:00,315.1,316.3,313.2,313.9,37272.024
2023-05-15 20:00:00,313.9,314.3,313.2,313.4,17950.239
2023-05-16 00:00:00,313.4,314.0,310.8,312.7,34565.385
2023-05-16 04:00:00,312.7,313.2,311.6,313.0,21517.517
2023-05-16 08:00:00,313.0,313.4,310.5,310.6,36609.968
2023-05-16 12:00:00,310.6,311.0,309.3,310.8,43655.259
2023-05-16 16:00:00,310.9,311.7,310.0,310.2,27938.105
2023-05-16 20:00:00,310.3,312.0,309.8,311.4,18381.98
2023-05-17 00:00:00,311.4,313.0,310.9,312.2,29041.417
2023-05-17 04:00:00,312.3,312.6,309.1,309.7,35676.088
2023-05-17 08:00:00,309.6,310.1,307.7,308.0,33063.218
2023-05-17 12:00:00,308.1,309.4,307.0,308.9,36459.854
2023-05-17 16:00:00,309.0,314.1,308.6,313.7,55452.6
2023-05-17 20:00:00,313.7,314.4,312.9,314.3,31581.337
2023-05-18 00:00:00,314.3,314.8,313.3,314.4,18913.815
2023-05-18 04:00:00,314.3,314.5,312.0,313.1,33512.219
2023-05-18 08:00:00,313.1,314.9,312.5,314.2,39027.42
2023-05-18 12:00:00,314.1,314.3,311.1,311.4,39480.146
2023-05-18 16:00:00,311.4,311.5,306.1,308.0,75577.83
2023-05-18 20:00:00,308.0,310.6,307.5,309.3,30063.856
2023-05-19 00:00:00,309.3,309.4,307.5,309.2,28734.534
2023-05-19 04:00:00,309.3,310.4,308.6,309.8,24850.796
2023-05-19 08:00:00,309.9,310.4,308.8,309.0,33871.627
2023-05-19 12:00:00,309.1,311.5,308.4,309.6,57917.531
2023-05-19 16:00:00,309.7,309.9,308.0,308.3,27143.484
2023-05-19 20:00:00,308.3,309.1,307.8,308.9,19186.84
2023-05-20 00:00:00,308.9,309.1,307.8,308.6,14658.865
2023-05-20 04:00:00,308.6,308.6,307.8,308.2,10516.948
2023-05-20 08:00:00,308.2,309.4,308.1,309.2,15655.309
2023-05-20 12:00:00,309.2,310.0,308.9,310.0,21938.909
2023-05-20 16:00:00,310.0,312.0,309.7,311.1,28275.024
2023-05-20 20:00:00,311.1,311.4,309.8,310.6,13440.85
2023-05-21 00:00:00,310.7,311.6,310.1,310.4,19110.729
2023-05-21 04:00:00,310.5,311.4,310.2,311.3,17614.226
2023-05-21 08:00:00,311.3,311.6,309.1,309.3,29192.628
2023-05-21 12:00:00,309.3,310.3,308.6,309.2,25500.637
2023-05-21 16:00:00,309.3,309.6,308.4,308.6,18945.029
2023-05-21 20:00:00,308.7,308.8,305.7,306.4,32819.18
2023-05-22 00:00:00,306.4,307.1,304.4,305.6,35609.402
2023-05-22 04:00:00,305.7,307.7,305.6,307.4,22796.288
2023-05-22 08:00:00,307.5,309.1,307.3,308.6,29893.867
2023-05-22 12:00:00,308.6,311.1,308.0,309.5,60486.636
2023-05-22 16:00:00,309.6,311.1,309.5,310.1,49757.566
2023-05-22 20:00:00,310.1,310.5,309.0,309.0,23538.676
2023-05-23 00:00:00,309.1,315.3,309.0,314.8,66034.475
2023-05-23 04:00:00,314.8,315.4,312.5,313.5,43014.763
2023-05-23 08:00:00,313.5,314.1,312.9,313.9,28327.243
2023-05-23 12:00:00,313.9,314.7,312.5,314.4,37742.768
2023-05-23 16:00:00,314.5,314.6,312.1,312.7,28905.811
2023-05-23 20:00:00,312.8,313.7,312.6,313.5,21805.13
2023-05-24 00:00:00,313.5,313.6,308.0,308.9,53658.44
2023-05-24 04:00:00,309.0,309.2,307.5,307.8,49139.586
2023-05-24 08:00:00,307.8,309.1,307.7,308.8,32513.238
2023-05-24 12:00:00,308.8,309.1,303.6,306.1,88184.27
2023-05-24 16:00:00,306.2,306.2,304.9,305.4,32925.867
2023-05-24 20:00:00,305.5,306.7,305.2,306.0,36271.219
2023-05-25 00:00:00,305.9,306.4,302.2,304.3,86156.062
2023-05-25 04:00:00,304.4,306.3,303.9,304.5,41582.031
2023-05-25 08:00:00,304.6,305.8,304.3,305.6,28879.804
2023-05-25 12:00:00,305.6,306.9,303.4,304.0,64402.843
2023-05-25 16:00:00,304.0,305.9,303.3,305.0,42951.903
2023-05-25 20:00:00,305.1,305.6,304.1,304.5,23349.859
2023-05-26 00:00:00,304.6,304.7,302.2,303.2,55516.902
2023-05-26 04:00:00,303.3,307.2,301.4,305.7,144508.711
2023-05-26 08:00:00,305.7,307.2,305.1,306.4,63260.808
2023-05-26 12:00:00,306.4,308.5,305.4,307.5,71871.766
2023-05-26 16:00:00,307.6,307.6,305.5,307.0,47794.488
2023-05-26 20:00:00,307.1,307.6,306.6,306.8,15636.22
2023-05-27 00:00:00,306.9,307.5,306.2,307.0,22485.417
2023-05-27 04:00:00,307.1,307.5,306.1,306.2,31351.499
2023-05-27 08:00:00,306.3,306.3,305.0,305.2,24777.038
2023-05-27 12:00:00,305.2,305.5,304.0,304.8,24949.068
2023-05-27 16:00:00,304.9,305.2,304.1,305.1,20439.573
2023-05-27 20:00:00,305.2,307.7,305.1,307.4,20739.491
2023-05-28 00:00:00,307.4,309.6,306.7,308.8,45554.623
2023-05-28 04:00:00,308.9,309.3,307.6,307.9,26248.657
2023-05-28 08:00:00,308.0,308.7,307.0,307.7,36216.626
2023-05-28 12:00:00,307.7,308.2,307.2,308.1,32805.61
2023-05-28 16:00:00,308.1,310.2,307.8,309.2,43528.098
2023-05-28 20:00:00,309.3,314.6,308.9,314.1,72879.565
2023-05-29 00:00:00,314.2,316.3,314.1,314.7,87542.78
2023-05-29 04:00:00,314.8,315.9,313.4,314.4,68699.426
2023-05-29 08:00:00,314.5,317.3,313.2,315.1,79059.069
2023-05-29 12:00:00,315.2,316.9,313.0,313.1,113406.354
2023-05-29 16:00:00,313.2,313.7,311.1,311.7,66267.162
2023-05-29 20:00:00,311.7,312.3,310.4,311.6,46510.324
2023-05-30 00:00:00,311.7,313.2,310.9,312.5,53427.232
2023-05-30 04:00:00,312.6,313.1,311.3,312.0,54391.951
2023-05-30 08:00:00,311.9,314.2,311.6,313.8,72448.431
2023-05-30 12:00:00,313.9,313.9,311.0,311.8,54134.115
2023-05-30 16:00:00,311.8,313.1,310.8,312.8,30274.717
2023-05-30 20:00:00,312.9,313.2,311.4,311.5,26628.144
2023-05-31 00:00:00,311.4,311.9,310.1,310.7,40332.37
2023-05-31 04:00:00,310.7,310.7,305.6,306.9,157087.967
2023-05-31 08:00:00,306.9,307.7,306.4,306.7,68978.216
2023-05-31 12:00:00,306.7,307.5,305.0,305.3,95927.531
2023-05-31 16:00:00,305.4,306.6,305.1,305.8,40409.305
2023-05-31 20:00:00,305.8,307.1,305.1,306.8,34397.029
2023-06-01 00:00:00,306.8,307.7,303.1,304.8,79043.428
2023-06-01 04:00:00,304.8,304.8,303.4,303.9,33702.584
2023-06-01 08:00:00,303.9,305.2,303.6,304.7,43442.936
2023-06-01 12:00:00,304.6,305.2,304.1,304.9,32970.433
2023-06-01 16:00:00,304.9,306.6,303.5,304.8,44890.365
2023-06-01 20:00:00,304.8,305.8,304.1,304.9,21568.976
2023-06-02 00:00:00,304.9,307.0,303.1,306.6,47481.663
2023-06-02 04:00:00,306.7,308.4,306.4,307.1,70153.311
2023-06-02 08:00:00,307.1,307.9,306.8,307.3,39568.573
2023-06-02 12:00:00,307.3,307.4,304.7,306.3,79523.583
2023-06-02 16:00:00,306.3,308.4,305.9,308.0,36200.311
2023-06-02 20:00:00,308.0,308.2,306.7,307.2,27656.234
2023-06-03 00:00:00,307.3,307.4,305.7,306.3,19305.507
2023-06-03 04:00:00,306.3,306.7,303.0,306.0,29991.089
2023-06-03 08:00:00,306.0,306.5,305.5,306.2,15719.009
2023-06-03 12:00:00,306.3,308.0,306.2,308.0,38822.015
2023-06-03 16:00:00,308.0,308.2,305.6,306.1,38549.875
2023-06-03 20:00:00,306.1,306.6,305.4,306.6,16418.431
2023-06-04 00:00:00,306.6,306.7,305.6,305.9,18756.792
2023-06-04 04:00:00,306.0,306.8,305.6,306.8,20741.783
2023-06-04 08:00:00,306.8,307.6,306.6,306.8,22471.729
2023-06-04 12:00:00,306.8,307.6,306.5,306.6,43871.364
2023-06-04 16:00:00,306.6,306.6,305.7,306.0,37610.412
2023-06-04 20:00:00,306.1,307.5,304.5,305.0,44353.347
2023-06-05 00:00:00,305.1,305.1,300.5,301.1,90269.554
2023-06-05 04:00:00,301.2,301.4,298.7,301.0,75393.87
2023-06-05 08:00:00,301.0,301.2,300.1,300.7,54774.151
2023-06-05 12:00:00,300.8,300.8,276.7,276.8,445256.546
2023-06-05 16:00:00,276.8,282.7,272.0,276.6,354884.583
2023-06-05 20:00:00,276.6,277.2,272.1,276.9,75441.315
2023-06-06 00:00:00,277.0,279.4,273.6,276.2,92526.513
2023-06-06 04:00:00,276.2,278.1,275.9,277.4,82503.727
2023-06-06 08:00:00,277.5,279.9,276.7,278.0,83027.817
2023-06-06 12:00:00,278.0,280.7,273.2,279.0,210166.427
2023-06-06 16:00:00,279.0,285.8,278.6,285.3,137800.057
2023-06-06 20:00:00,285.3,285.6,280.5,281.2,102661.039
2023-06-07 00:00:00,281.2,281.8,277.6,278.9,76025.033
2023-06-07 04:00:00,278.9,279.2,276.7,276.9,43698.08
2023-06-07 08:00:00,276.9,277.6,268.4,274.5,173689.124
2023-06-07 12:00:00,274.5,274.7,253.4,258.9,580542.921
2023-06-07 16:00:00,259.0,263.8,255.3,260.9,230137.524
2023-06-07 20:00:00,260.9,261.1,257.3,259.3,84171.155
2023-06-08 00:00:00,259.3,262.8,257.1,258.7,101665.538
2023-06-08 04:00:00,258.8,262.3,258.4,260.7,84348.752
2023-06-08 08:00:00,260.8,266.9,260.3,264.9,128932.568
2023-06-08 12:00:00,265.0,267.5,263.5,265.2,154867.664
2023-06-08 16:00:00,265.3,265.5,261.4,264.3,69235.18
2023-06-08 20:00:00,264.3,265.1,261.6,262.0,40804.318
2023-06-09 00:00:00,261.9,262.9,257.6,260.2,91234.085
2023-06-09 04:00:00,260.2,261.2,255.7,258.3,94519.736
2023-06-09 08:00:00,258.3,261.4,257.5,260.7,90863.973
2023-06-09 12:00:00,260.7,264.4,260.6,261.1,120135.363
2023-06-09 16:00:00,261.2,262.7,259.1,259.2,76714.6
2023-06-09 20:00:00,259.1,262.3,259.0,260.5,36192.744
2023-06-10 00:00:00,260.6,260.7,248.9,249.9,231553.029
2023-06-10 04:00:00,249.9,250.0,228.4,234.9,809015.467
2023-06-10 08:00:00,234.9,239.7,234.7,239.0,161239.159
2023-06-10 12:00:00,239.0,239.0,234.8,235.4,117765.197
2023-06-10 16:00:00,235.4,241.8,233.2,238.7,233277.759
2023-06-10 20:00:00,238.8,240.2,236.6,238.7,50751.591
2023-06-11 00:00:00,238.8,239.3,236.2,236.5,54765.681
2023-06-11 04:00:00,236.6,237.4,234.5,236.8,51444.076
2023-06-11 08:00:00,236.7,237.6,234.9,236.7,55248.319
2023-06-11 12:00:00,236.6,236.8,233.4,235.0,94055.729
2023-06-11 16:00:00,235.0,238.4,234.7,237.1,70875.149
2023-06-11 20:00:00,237.2,238.5,233.8,235.4,76173.405
2023-06-12 00:00:00,235.4,235.8,222.7,226.3,425778.83
2023-06-12 04:00:00,226.2,229.5,222.5,224.0,254059.846
2023-06-12 08:00:00,224.1,239.3,220.4,233.6,469680.993
2023-06-12 12:00:00,233.6,233.8,229.4,231.1,147146.524
2023-06-12 16:00:00,231.1,234.6,227.2,228.4,190115.422
2023-06-12 20:00:00,228.4,233.2,228.2,231.3,92360.225
2023-06-13 00:00:00,231.3,235.7,228.7,233.6,124056.108
2023-06-13 04:00:00,233.6,236.0,231.8,235.3,94538.597
2023-06-13 08:00:00,235.4,247.0,234.6,243.4,268588.316
2023-06-13 12:00:00,243.4,247.0,234.4,234.9,459963.361
2023-06-13 16:00:00,234.9,239.6,234.2,238.0,98117.502
2023-06-13 20:00:00,238.0,244.3,236.9,244.2,185417.137
2023-06-14 00:00:00,244.1,252.0,243.5,250.8,239416.941
2023-06-14 04:00:00,250.8,252.8,245.5,246.8,144829.869
2023-06-14 08:00:00,246.9,250.0,246.3,248.5,84065.547
2023-06-14 12:00:00,248.5,249.7,244.7,246.2,101616.815
2023-06-14 16:00:00,246.2,248.1,243.4,244.3,165264.598
2023-06-14 20:00:00,244.2,244.5,232.9,237.9,235217.948
2023-06-15 00:00:00,237.9,240.8,237.1,237.6,85019.995
2023-06-15 04:00:00,237.6,237.6,234.6,236.6,98039.132
2023-06-15 08:00:00,236.6,237.9,230.6,234.1,134404.953
2023-06-15 12:00:00,234.2,235.1,231.6,232.7,89879.818
2023-06-15 16:00:00,232.8,237.8,231.3,236.7,120330.089
2023-06-15 20:00:00,236.7,238.9,234.6,236.4,74467.982
2023-06-16 00:00:00,236.5,238.6,234.9,238.0,45625.24
2023-06-16 04:00:00,238.1,239.8,237.5,239.5,63574.575
2023-06-16 08:00:00,239.4,240.8,232.2,234.0,140573.817
2023-06-16 12:00:00,234.1,239.1,233.5,238.5,129616.282
2023-06-16 16:00:00,238.6,243.8,237.1,239.6,143130.866
2023-06-16 20:00:00,239.6,240.7,238.5,239.3,40065.749
2023-06-17 00:00:00,239.4,240.6,237.2,239.6,46896.143
2023-06-17 04:00:00,239.6,249.8,239.4,246.5,187447.025
2023-06-17 08:00:00,246.6,247.6,244.8,245.0,74457.816
2023-06-17 12:00:00,245.0,246.4,242.7,243.1,90055.515
2023-06-17 16:00:00,243.2,246.5,242.3,244.9,66403.834
2023-06-17 20:00:00,244.9,246.2,244.3,244.5,26052.939
2023-06-18 00:00:00,244.5,245.7,242.3,244.5,67902.0
2023-06-18 04:00:00,244.5,247.5,244.1,245.8,52074.245
2023-06-18 08:00:00,245.8,248.7,245.5,246.6,83626.375
2023-06-18 12:00:00,246.6,247.6,245.6,247.1,55180.792
2023-06-18 16:00:00,247.1,247.8,245.6,246.5,29384.718
2023-06-18 20:00:00,246.5,246.7,242.7,244.1,71710.851
2023-06-19 00:00:00,244.1,244.6,241.2,243.2,47109.403
2023-06-19 04:00:00,243.2,244.3,242.5,243.4,42817.347
2023-06-19 08:00:00,243.5,243.6,241.8,243.0,56752.377
2023-06-19 12:00:00,243.1,243.9,240.5,241.4,72142.152
2023-06-19 16:00:00,241.4,245.0,238.3,241.6,152448.407
2023-06-19 20:00:00,241.6,243.4,241.4,243.1,53804.583
2023-06-20 00:00:00,243.0,245.0,242.0,242.1,57436.55
2023-06-20 04:00:00,242.1,243.3,240.6,241.4,74568.29
2023-06-20 08:00:00,241.4,241.8,239.9,241.7,54171.982
2023-06-20 12:00:00,241.7,242.0,238.7,240.4,138538.906
2023-06-20 16:00:00,240.4,244.7,239.8,243.7,179550.732
2023-06-20 20:00:00,243.7,248.1,243.0,247.7,134803.212
2023-06-21 00:00:00,247.8,254.7,246.9,251.5,193911.16
2023-06-21 04:00:00,251.5,252.5,248.8,249.3,146858.067
2023-06-21 08:00:00,249.4,249.4,245.2,247.6,144780.606
2023-06-21 12:00:00,247.6,253.9,245.0,249.4,197436.416
2023-06-21 16:00:00,249.4,253.6,248.0,248.9,235817.453
2023-06-21 20:00:00,248.9,251.0,247.2,248.8,87524.855
2023-06-22 00:00:00,248.9,257.0,248.6,254.5,278145.067
2023-06-22 04:00:00,254.5,254.7,250.1,252.3,123567.545
2023-06-22 08:00:00,252.3,253.7,246.2,246.9,198091.475
2023-06-22 12:00:00,246.9,248.6,241.4,243.7,241995.12
2023-06-22 16:00:00,243.7,245.4,242.8,245.0,95680.535
2023-06-22 20:00:00,245.0,245.2,239.4,240.8,95150.729
2023-06-23 00:00:00,240.8,242.6,239.7,241.8,62412.13
2023-06-23 04:00:00,241.8,244.2,241.7,243.5,54297.054
2023-06-23 08:00:00,243.5,244.4,242.4,243.8,65999.207
2023-06-23 12:00:00,243.8,248.5,241.0,247.7,176686.01
2023-06-23 16:00:00,247.7,249.8,244.4,245.8,216123.848
2023-06-23 20:00:00,245.9,247.2,243.3,244.3,62771.944
2023-06-24 00:00:00,244.4,246.5,242.9,246.2,90281.327
2023-06-24 04:00:00,246.1,248.7,245.3,245.5,99834.18
2023-06-24 08:00:00,245.5,246.6,244.5,244.7,57363.98
2023-06-24 12:00:00,244.8,246.1,230.8,232.9,308141.116
2023-06-24 16:00:00,232.8,237.4,230.4,236.8,169718.138
2023-06-24 20:00:00,236.7,237.1,233.8,236.4,66157.309
2023-06-25 00:00:00,236.4,239.2,235.0,239.1,77294.332
2023-06-25 04:00:00,239.1,244.0,237.3,240.9,132141.268
2023-06-25 08:00:00,240.9,242.1,238.8,240.2,98885.205
2023-06-25 12:00:00,240.2,240.4,237.2,239.4,90255.44
2023-06-25 16:00:00,239.4,240.1,236.6,238.1,71558.385
2023-06-25 20:00:00,238.1,239.4,236.7,238.8,43063.968
2023-06-26 00:00:00,238.9,239.4,233.6,236.5,110895.887
2023-06-26 04:00:00,236.5,238.7,234.8,237.8,77015.525
2023-06-26 08:00:00,237.8,238.8,235.7,237.9,78079.658
2023-06-26 12:00:00,237.9,241.3,237.2,238.6,112312.294
2023-06-26 16:00:00,238.5,238.9,233.9,236.4,107294.596
2023-06-26 20:00:00,236.4,236.5,233.6,236.1,40650.13
2023-06-27 00:00:00,236.1,238.3,234.5,237.7,68481.84
2023-06-27 04:00:00,237.6,239.0,236.5,238.5,49393.567
2023-06-27 08:00:00,238.6,240.0,237.7,239.3,67446.333
2023-06-27 12:00:00,239.3,240.8,237.3,237.9,80615.16
2023-06-27 16:00:00,238.0,239.6,237.7,238.7,48634.294
2023-06-27 20:00:00,238.8,239.2,236.8,237.5,45688.656
2023-06-28 00:00:00,237.5,237.6,234.1,235.6,71426.71
2023-06-28 04:00:00,235.6,236.4,230.6,232.6,110800.054
2023-06-28 08:00:00,232.7,234.4,231.7,233.4,80187.847
2023-06-28 12:00:00,233.4,236.5,231.3,235.1,116255.442
2023-06-28 16:00:00,235.0,235.4,224.6,228.4,180143.629
2023-06-28 20:00:00,228.3,232.5,227.4,230.6,84490.365
2023-06-29 00:00:00,230.6,233.8,230.4,233.1,52136.853
2023-06-29 04:00:00,233.1,234.2,232.1,233.4,58591.55
2023-06-29 08:00:00,233.4,235.6,232.9,235.3,69090.284
2023-06-29 12:00:00,235.3,236.7,232.5,233.4,84661.404
2023-06-29 16:00:00,233.4,234.5,232.7,233.8,42686.491
2023-06-29 20:00:00,233.9,234.0,232.3,233.1,44859.392
2023-06-30 00:00:00,233.2,238.1,231.7,236.7,108887.615
2023-06-30 04:00:00,236.7,240.6,236.3,238.7,147054.614
2023-06-30 08:00:00,238.6,240.9,237.9,240.7,106862.433
2023-06-30 12:00:00,240.7,241.7,230.7,235.6,260721.591
2023-06-30 16:00:00,235.6,241.7,234.8,240.5,161160.411
2023-06-30 20:00:00,240.5,241.3,240.0,240.3,58752.93
2023-07-01 00:00:00,240.4,245.9,240.2,241.4,165461.464
2023-07-01 04:00:00,241.4,242.3,240.0,242.1,85919.012
2023-07-01 08:00:00,242.1,244.4,241.9,243.5,105956.697
2023-07-01 12:00:00,243.5,248.7,242.8,247.4,219330.197
2023-07-01 16:00:00,247.3,248.2,245.6,246.4,92695.627
2023-07-01 20:00:00,246.4,249.0,246.3,247.9,53736.404
2023-07-02 00:00:00,247.8,248.5,243.0,243.2,119951.112
2023-07-02 04:00:00,243.3,245.8,242.9,245.7,82868.084
2023-07-02 08:00:00,245.7,246.2,244.6,245.7,56900.913
2023-07-02 12:00:00,245.8,246.4,243.0,246.0,154818.495
2023-07-02 16:00:00,246.0,246.1,243.1,244.6,88256.838
2023-07-02 20:00:00,244.7,247.7,244.4,246.5,95376.621
2023-07-03 00:00:00,246.5,248.8,245.6,248.0,89267.41
2023-07-03 04:00:00,248.0,250.2,246.2,249.5,132399.342
2023-07-03 08:00:00,249.5,254.7,246.0,248.6,285411.786
2023-07-03 12:00:00,248.5,249.9,247.3,249.4,142676.301
2023-07-03 16:00:00,249.5,249.5,246.2,248.0,124574.43
2023-07-03 20:00:00,248.0,248.3,245.3,246.5,99663.458
2023-07-04 00:00:00,246.5,246.9,244.5,245.8,88156.147
2023-07-04 04:00:00,245.8,246.2,244.8,244.9,85729.26
2023-07-04 08:00:00,244.9,245.9,244.1,245.7,71231.355
2023-07-04 12:00:00,245.8,245.9,243.0,243.8,82529.347
2023-07-04 16:00:00,243.9,244.7,240.4,241.3,118727.214
2023-07-04 20:00:00,241.3,243.2,241.0,242.5,42535.732
2023-07-05 00:00:00,242.5,243.8,241.8,243.7,59167.95
2023-07-05 04:00:00,243.8,243.9,243.0,243.2,51136.922
2023-07-05 08:00:00,243.2,243.2,235.8,238.0,188565.293
2023-07-05 12:00:00,238.0,238.9,236.8,237.8,118541.509
2023-07-05 16:00:00,237.8,240.4,237.5,238.6,54798.149
2023-07-05 20:00:00,238.6,239.6,238.0,238.9,47805.871
2023-07-06 00:00:00,239.0,240.2,237.7,240.1,45910.57
2023-07-06 04:00:00,240.1,242.0,239.4,241.5,97141.395
2023-07-06 08:00:00,241.5,244.5,239.8,240.5,136371.466
2023-07-06 12:00:00,240.6,240.8,234.6,238.5,177756.869
2023-07-06 16:00:00,238.5,239.7,236.9,237.8,88420.274
2023-07-06 20:00:00,237.8,238.2,231.5,232.2,127674.867
2023-07-07 00:00:00,232.3,234.5,231.1,234.2,90632.953
2023-07-07 04:00:00,234.3,235.3,232.5,233.1,95609.892
2023-07-07 08:00:00,233.1,234.3,232.5,233.3,57651.047
2023-07-07 12:00:00,233.3,236.2,232.6,235.7,100600.182
2023-07-07 16:00:00,235.7,236.1,233.8,235.3,65295.41
2023-07-07 20:00:00,235.2,236.0,234.6,235.6,21745.102
2023-07-08 00:00:00,235.7,237.5,235.0,235.3,44208.757
2023-07-08 04:00:00,235.3,236.3,234.8,235.9,36749.436
2023-07-08 08:00:00,235.9,237.6,235.8,236.3,59759.266
2023-07-08 12:00:00,236.3,237.1,235.8,236.7,46106.939
2023-07-08 16:00:00,236.6,237.0,234.2,235.0,41213.157
2023-07-08 20:00:00,235.0,236.4,234.5,236.3,31690.166
2023-07-09 00:00:00,236.3,237.0,235.6,236.2,33537.082
2023-07-09 04:00:00,236.2,236.3,234.3,234.6,42307.473
2023-07-09 08:00:00,234.6,235.1,234.4,234.9,31924.631
2023-07-09 12:00:00,234.9,235.5,232.9,234.3,65467.651
2023-07-09 16:00:00,234.3,235.1,234.0,234.8,36404.274
2023-07-09 20:00:00,234.8,234.9,233.5,234.1,25482.218
2023-07-10 00:00:00,234.1,234.7,231.4,233.6,82781.438
2023-07-10 04:00:00,233.6,234.1,232.2,232.5,45861.988
2023-07-10 08:00:00,232.5,244.3,231.3,242.0,525252.596
2023-07-10 12:00:00,242.1,247.0,241.2,245.6,250260.334
2023-07-10 16:00:00,245.6,247.0,243.8,246.0,156770.7
2023-07-10 20:00:00,246.0,246.5,243.0,246.2,132899.468
2023-07-11 00:00:00,246.2,248.0,244.6,246.7,161018.638
2023-07-11 04:00:00,246.7,247.9,245.8,247.1,90156.772
2023-07-11 08:00:00,247.2,248.8,245.1,245.7,134195.564
2023-07-11 12:00:00,245.8,248.0,245.3,247.5,107677.258
2023-07-11 16:00:00,247.4,248.7,246.9,247.5,112263.62
2023-07-11 20:00:00,247.5,249.5,247.1,248.6,54829.532
2023-07-12 00:00:00,248.6,250.5,248.2,249.6,78253.659
2023-07-12 04:00:00,249.6,250.1,248.9,249.6,72350.889
2023-07-12 08:00:00,249.6,249.7,247.4,248.1,106493.138
2023-07-12 12:00:00,248.1,249.0,243.6,244.3,208136.184
2023-07-12 16:00:00,244.3,244.5,242.6,243.5,99442.946
2023-07-12 20:00:00,243.5,244.4,243.2,243.9,34713.896
2023-07-13 00:00:00,243.9,244.5,242.7,243.4,50396.277
2023-07-13 04:00:00,243.4,245.2,242.7,244.3,70172.5
2023-07-13 08:00:00,244.3,246.8,244.2,246.0,94219.87
2023-07-13 12:00:00,246.0,253.5,245.1,251.0,208989.756
2023-07-13 16:00:00,251.0,257.8,250.3,254.0,481122.764
2023-07-13 20:00:00,254.0,256.6,251.0,256.1,132930.224
2023-07-14 00:00:00,256.2,260.5,255.5,260.3,226171.431
2023-07-14 04:00:00,260.3,261.7,255.3,255.6,166119.809
2023-07-14 08:00:00,255.5,258.0,253.4,255.2,147085.753
2023-07-14 12:00:00,255.3,257.1,252.6,256.6,151816.756
2023-07-14 16:00:00,256.5,257.5,243.4,244.9,319558.343
2023-07-14 20:00:00,244.8,248.3,243.9,248.1,60366.604
2023-07-15 00:00:00,248.1,249.4,246.9,248.5,72970.376
2023-07-15 04:00:00,248.4,250.4,247.9,250.1,79744.281
2023-07-15 08:00:00,250.1,252.5,249.5,250.9,72271.711
2023-07-15 12:00:00,250.8,251.4,249.1,250.4,65549.448
2023-07-15 16:00:00,250.4,252.1,249.5,252.0,53540.491
2023-07-15 20:00:00,252.1,252.1,250.0,251.1,39696.366
2023-07-16 00:00:00,251.1,252.1,248.0,248.3,68215.433
2023-07-16 04:00:00,248.3,249.3,247.7,248.6,48906.644
2023-07-16 08:00:00,248.6,250.5,248.5,250.2,54141.211
2023-07-16 12:00:00,250.2,250.5,247.8,248.7,73163.216
2023-07-16 16:00:00,248.7,249.1,244.1,244.4,97800.784
2023-07-16 20:00:00,244.4,245.2,242.0,242.3,90789.321
2023-07-17 00:00:00,242.3,244.1,240.7,243.8,148899.623
2023-07-17 04:00:00,243.9,243.9,241.5,242.7,186443.718
2023-07-17 08:00:00,242.7,244.1,239.8,243.0,171862.529
2023-07-17 12:00:00,243.0,244.9,242.3,243.7,122782.143
2023-07-17 16:00:00,243.8,244.4,240.3,242.6,104064.802
2023-07-17 20:00:00,242.6,244.8,242.1,244.1,58692.343
2023-07-18 00:00:00,244.1,246.7,243.9,244.5,84749.931
2023-07-18 04:00:00,244.5,245.3,240.4,241.1,240928.821
2023-07-18 08:00:00,241.0,242.5,239.3,239.5,222657.498
2023-07-18 12:00:00,239.6,241.3,238.4,240.1,202125.758
2023-07-18 16:00:00,240.1,241.2,237.5,240.1,123193.471
2023-07-18 20:00:00,240.2,240.7,239.2,240.2,58849.292
2023-07-19 00:00:00,240.3,243.6,239.6,243.5,95181.222
2023-07-19 04:00:00,243.5,244.1,242.0,242.5,89380.907
2023-07-19 08:00:00,242.5,242.6,240.6,242.1,76054.576
2023-07-19 12:00:00,242.2,243.0,239.9,241.0,85821.776
2023-07-19 16:00:00,241.0,242.8,240.0,241.7,56449.383
2023-07-19 20:00:00,241.8,242.2,240.2,240.8,41788.643
2023-07-20 00:00:00,240.9,242.9,240.6,241.4,45108.016
2023-07-20 04:00:00,241.4,244.0,241.1,243.9,79583.565
2023-07-20 08:00:00,243.8,245.0,243.5,244.0,97699.244
2023-07-20 12:00:00,244.0,244.6,240.8,241.7,116786.429
2023-07-20 16:00:00,241.6,242.3,240.3,241.6,74547.14
2023-07-20 20:00:00,241.6,243.3,240.6,242.8,35663.406
2023-07-21 00:00:00,242.8,244.8,242.0,243.9,51448.52
2023-07-21 04:00:00,244.0,244.3,242.8,243.5,66000.884
2023-07-21 08:00:00,243.4,244.7,243.3,244.5,46129.497
2023-07-21 12:00:00,244.6,245.4,243.9,244.0,55437.8
2023-07-21 16:00:00,244.1,244.9,242.6,243.6,53371.65
2023-07-21 20:00:00,243.6,244.1,243.2,243.7,22799.436
2023-07-22 00:00:00,243.8,244.9,243.5,244.5,29784.418
2023-07-22 04:00:00,244.4,244.8,243.0,243.7,27558.936
2023-07-22 08:00:00,243.7,244.1,242.0,242.7,32575.804
2023-07-22 12:00:00,242.7,242.9,242.0,242.8,17753.738
2023-07-22 16:00:00,242.8,242.9,241.5,242.5,29639.988
2023-07-22 20:00:00,242.5,242.5,240.1,241.1,47119.639
2023-07-23 00:00:00,241.1,242.2,240.4,241.8,22313.001
2023-07-23 04:00:00,241.8,242.8,241.7,242.6,22820.257
2023-07-23 08:00:00,242.6,243.0,242.0,242.1,21839.707
2023-07-23 12:00:00,242.1,242.7,242.0,242.2,23473.882
2023-07-23 16:00:00,242.1,244.0,241.8,242.6,53487.271
2023-07-23 20:00:00,242.6,243.3,241.6,242.5,27997.015
2023-07-24 00:00:00,242.4,243.1,240.6,240.8,43448.371
2023-07-24 04:00:00,240.8,242.1,239.2,241.9,74759.088
2023-07-24 08:00:00,241.9,242.0,235.0,238.6,143211.439
2023-07-24 12:00:00,238.6,238.9,235.4,236.9,112265.78
2023-07-24 16:00:00,237.0,238.5,236.0,237.9,58885.501
2023-07-24 20:00:00,237.9,239.1,237.6,238.9,30881.519
2023-07-25 00:00:00,238.9,239.8,238.0,238.5,42216.825
2023-07-25 04:00:00,238.4,238.5,236.8,237.1,63500.004
2023-07-25 08:00:00,237.1,238.8,237.0,238.0,51768.663
2023-07-25 12:00:00,238.0,238.3,236.2,237.4,64467.131
2023-07-25 16:00:00,237.4,238.4,236.7,237.3,62647.209
2023-07-25 20:00:00,237.2,238.1,236.9,237.7,22601.48
2023-07-26 00:00:00,237.8,238.7,236.3,238.4,48496.379
2023-07-26 04:00:00,238.3,238.6,237.4,237.6,50692.461
2023-07-26 08:00:00,237.7,238.1,236.5,236.8,42058.613
2023-07-26 12:00:00,236.8,238.6,236.6,238.1,56568.622
2023-07-26 16:00:00,238.2,239.4,236.7,238.9,76845.159
2023-07-26 20:00:00,238.9,240.4,238.4,239.0,44006.58
2023-07-27 00:00:00,239.0,240.4,238.4,239.9,25814.647
2023-07-27 04:00:00,239.8,244.5,239.8,242.1,87838.485
2023-07-27 08:00:00,242.1,242.9,241.3,242.0,68135.611
2023-07-27 12:00:00,242.0,242.0,240.3,240.7,66140.49
2023-07-27 16:00:00,240.7,241.3,239.4,240.1,44994.802
2023-07-27 20:00:00,240.2,240.8,240.0,240.6,17255.954
2023-07-28 00:00:00,240.7,241.2,240.0,240.8,24563.322
2023-07-28 04:00:00,240.8,241.2,239.7,240.8,41753.0
2023-07-28 08:00:00,240.9,242.0,240.5,241.0,54756.68
2023-07-28 12:00:00,241.1,242.7,241.0,241.6,64423.65
2023-07-28 16:00:00,241.7,242.9,241.0,242.7,27927.267
2023-07-28 20:00:00,242.6,242.9,241.7,241.9,19315.26
2023-07-29 00:00:00,241.9,242.5,241.6,241.9,11176.549
2023-07-29 04:00:00,241.9,242.3,241.4,241.5,16112.516
2023-07-29 08:00:00,241.4,241.8,241.1,241.3,16042.154
2023-07-29 12:00:00,241.4,242.1,241.2,241.9,21722.719
2023-07-29 16:00:00,241.9,242.3,241.6,242.1,15934.765
2023-07-29 20:00:00,242.1,242.9,242.0,242.4,21418.196
2023-07-30 00:00:00,242.5,242.9,242.0,242.4,13747.038
2023-07-30 04:00:00,242.4,242.8,241.6,242.6,40816.335
2023-07-30 08:00:00,242.7,242.9,241.9,242.3,52850.766
2023-07-30 12:00:00,242.2,243.7,242.1,243.0,53698.141
2023-07-30 16:00:00,243.0,243.8,241.2,241.7,47153.909
2023-07-30 20:00:00,241.7,242.7,240.3,242.5,46980.343
2023-07-31 00:00:00,242.6,244.5,242.2,243.6,58887.576
2023-07-31 04:00:00,243.7,243.9,242.6,243.3,54120.026
2023-07-31 08:00:00,243.3,244.1,243.2,243.4,45178.813
2023-07-31 12:00:00,243.4,244.1,241.7,242.2,65141.601
2023-07-31 16:00:00,242.2,242.8,240.8,241.4,69236.163
2023-07-31 20:00:00,241.4,241.8,240.5,241.0,40535.592
2023-08-01 00:00:00,241.0,243.8,237.3,239.4,99361.386
2023-08-01 04:00:00,239.4,246.4,238.7,245.4,315950.975
2023-08-01 08:00:00,245.5,246.6,244.2,244.7,147131.186
2023-08-01 12:00:00,244.7,245.7,242.5,245.2,114497.434
2023-08-01 16:00:00,245.2,247.0,244.4,246.9,81773.834
2023-08-01 20:00:00,246.9,247.8,245.4,247.7,54360.36
2023-08-02 00:00:00,247.8,248.8,244.9,245.7,97046.361
2023-08-02 04:00:00,245.8,246.2,244.3,244.6,70686.42
2023-08-02 08:00:00,244.7,246.0,244.4,246.0,59352.445
2023-08-02 12:00:00,246.0,246.2,242.2,243.2,93581.076
2023-08-02 16:00:00,243.3,243.9,235.7,241.4,260134.792
2023-08-02 20:00:00,241.4,242.2,240.4,240.7,49563.505
2023-08-03 00:00:00,240.7,241.3,239.8,240.4,37740.308
2023-08-03 04:00:00,240.4,241.2,239.2,239.3,53051.916
2023-08-03 08:00:00,239.2,240.9,238.3,240.7,58545.181
2023-08-03 12:00:00,240.7,242.8,240.0,241.4,77808.225
2023-08-03 16:00:00,241.4,241.9,240.4,241.1,49585.636
2023-08-03 20:00:00,241.2,241.7,240.0,241.1,27235.411
2023-08-04 00:00:00,241.1,241.9,240.7,241.6,31450.345
2023-08-04 04:00:00,241.6,243.4,241.1,242.1,47635.769
2023-08-04 08:00:00,242.1,242.7,241.4,241.9,61138.524
2023-08-04 12:00:00,241.8,243.3,241.7,243.1,55132.907
2023-08-04 16:00:00,243.1,243.4,240.8,241.6,47970.331
2023-08-04 20:00:00,241.6,242.0,240.2,241.7,31387.468
2023-08-05 00:00:00,241.7,242.2,240.1,241.0,37393.315
2023-08-05 04:00:00,241.0,241.7,240.5,241.3,26239.746
2023-08-05 08:00:00,241.2,242.2,241.1,241.6,23182.423
2023-08-05 12:00:00,241.6,242.2,241.2,242.2,37786.912
2023-08-05 16:00:00,242.2,242.9,241.6,242.6,34095.088
2023-08-05 20:00:00,242.6,243.3,242.6,243.2,17724.798
2023-08-06 00:00:00,243.3,245.2,243.1,244.7,45407.148
2023-08-06 04:00:00,244.8,245.2,244.1,245.1,53511.029
2023-08-06 08:00:00,245.1,245.5,244.0,244.3,51584.859
2023-08-06 12:00:00,244.3,244.6,243.0,243.1,54168.991
2023-08-06 16:00:00,243.2,244.5,243.0,243.2,49283.965
2023-08-06 20:00:00,243.2,244.0,242.8,243.2,24193.265
2023-08-07 00:00:00,243.1,244.9,242.9,243.7,43296.632
2023-08-07 04:00:00,243.6,244.5,242.5,242.8,47265.24
2023-08-07 08:00:00,242.7,243.2,241.6,242.7,61139.573
2023-08-07 12:00:00,242.6,242.7,240.7,241.1,68311.847
2023-08-07 16:00:00,241.1,242.1,239.7,241.8,65157.78
2023-08-07 20:00:00,241.7,242.2,241.3,242.1,16927.473
2023-08-08 00:00:00,242.0,242.6,241.5,242.4,34610.427
2023-08-08 04:00:00,242.5,243.8,242.2,242.8,56323.095
2023-08-08 08:00:00,242.9,244.0,242.6,243.9,44116.143
2023-08-08 12:00:00,243.9,245.3,243.0,244.8,67217.503
2023-08-08 16:00:00,244.9,248.0,244.6,246.3,109812.44
2023-08-08 20:00:00,246.4,247.1,245.0,245.2,65527.966
2023-08-09 00:00:00,245.2,245.5,243.9,244.3,53314.978
2023-08-09 04:00:00,244.2,245.2,244.0,245.0,40882.641
2023-08-09 08:00:00,244.9,245.5,243.5,244.1,57718.123
2023-08-09 12:00:00,244.1,245.5,243.5,243.9,88686.22
2023-08-09 16:00:00,244.0,244.0,242.8,243.0,33794.148
2023-08-09 20:00:00,243.1,244.3,242.8,243.8,19816.496
2023-08-10 00:00:00,243.9,244.1,243.1,243.3,29181.681
2023-08-10 04:00:00,243.3,243.6,241.7,242.1,57085.705
2023-08-10 08:00:00,242.1,242.4,241.7,241.9,40397.916
2023-08-10 12:00:00,242.0,243.6,241.8,242.2,63135.724
2023-08-10 16:00:00,242.2,242.6,240.5,241.0,56116.905
2023-08-10 20:00:00,241.0,241.6,240.8,241.5,15955.989
2023-08-11 00:00:00,241.5,242.3,239.7,240.6,60092.103
2023-08-11 04:00:00,240.6,241.1,240.3,240.7,36491.734
2023-08-11 08:00:00,240.7,241.0,240.2,240.9,30311.751
2023-08-11 12:00:00,241.0,241.2,238.5,238.8,77774.117
2023-08-11 16:00:00,238.8,239.8,238.0,239.3,51878.318
2023-08-11 20:00:00,239.2,240.6,238.9,239.7,30809.181
2023-08-12 00:00:00,239.8,240.7,239.3,240.4,24011.141
2023-08-12 04:00:00,240.4,240.8,239.8,240.7,16467.859
2023-08-12 08:00:00,240.6,241.4,240.1,240.9,23621.846
2023-08-12 12:00:00,240.9,241.2,240.5,240.6,17791.048
2023-08-12 16:00:00,240.6,241.0,240.5,240.5,14142.623
2023-08-12 20:00:00,240.6,240.9,239.9,240.3,17990.639
2023-08-13 00:00:00,240.3,240.6,239.8,240.3,17788.782
2023-08-13 04:00:00,240.4,240.6,240.0,240.3,18035.154
2023-08-13 08:00:00,240.3,241.0,240.1,240.8,25661.501
2023-08-13 12:00:00,240.8,240.9,240.2,240.4,20614.694
2023-08-13 16:00:00,240.3,241.6,240.2,241.6,20173.92
2023-08-13 20:00:00,241.6,241.8,239.8,240.2,30604.827
2023-08-14 00:00:00,240.2,241.1,239.7,240.8,37242.355
2023-08-14 04:00:00,240.9,241.5,240.4,240.5,34941.692
2023-08-14 08:00:00,240.6,241.1,240.3,240.5,33949.15
2023-08-14 12:00:00,240.5,241.4,240.2,241.0,35090.062
2023-08-14 16:00:00,240.9,241.3,240.0,240.2,33689.376
2023-08-14 20:00:00,240.2,240.8,240.0,240.4,26349.318
2023-08-15 00:00:00,240.5,240.8,239.7,239.9,26844.153
2023-08-15 04:00:00,239.9,240.0,239.0,239.5,42180.775
2023-08-15 08:00:00,239.6,240.0,238.5,238.7,41591.024
2023-08-15 12:00:00,238.7,239.8,238.4,239.1,75085.642
2023-08-15 16:00:00,239.1,239.5,234.0,236.4,129789.659
2023-08-15 20:00:00,236.4,238.9,235.7,236.7,82337.094
2023-08-16 00:00:00,236.8,237.4,236.3,236.5,32741.044
2023-08-16 04:00:00,236.6,236.8,234.5,234.8,60103.538
2023-08-16 08:00:00,234.8,235.1,233.5,234.9,59867.257
2023-08-16 12:00:00,234.8,235.0,232.6,233.3,93474.594
2023-08-16 16:00:00,233.3,235.3,232.9,234.2,66058.806
2023-08-16 20:00:00,234.1,234.5,230.7,232.0,114769.236
2023-08-17 00:00:00,232.1,232.4,228.1,231.2,132339.284
2023-08-17 04:00:00,231.2,231.9,230.6,231.1,54314.605
2023-08-17 08:00:00,231.2,231.4,230.2,230.9,63871.888
2023-08-17 12:00:00,230.9,231.7,224.5,225.2,191316.79
2023-08-17 16:00:00,225.2,226.8,223.5,226.3,138258.972
2023-08-17 20:00:00,226.4,226.6,212.5,218.1,443672.322
2023-08-18 00:00:00,218.1,220.3,213.5,215.4,205486.004
2023-08-18 04:00:00,215.3,219.5,214.3,219.3,145424.102
2023-08-18 08:00:00,219.3,219.8,217.5,219.5,80694.104
2023-08-18 12:00:00,219.6,219.7,216.3,217.0,104186.052
2023-08-18 16:00:00,217.0,217.9,215.1,216.2,96113.45
2023-08-18 20:00:00,216.2,217.3,215.8,216.1,42641.555
2023-08-19 00:00:00,216.0,217.1,215.1,215.5,49820.483
2023-08-19 04:00:00,215.6,216.0,213.6,215.9,54817.501
2023-08-19 08:00:00,215.8,216.5,215.2,215.2,34999.014
2023-08-19 12:00:00,215.2,217.4,214.6,217.3,66439.282
2023-08-19 16:00:00,217.4,219.2,216.6,216.8,73690.321
2023-08-19 20:00:00,216.8,217.3,215.7,216.8,43528.072
2023-08-20 00:00:00,216.9,217.6,216.4,216.5,21629.333
2023-08-20 04:00:00,216.6,216.8,215.4,215.9,31350.873
2023-08-20 08:00:00,216.0,217.0,215.7,216.7,38340.043
2023-08-20 12:00:00,216.7,217.1,215.5,216.2,35972.647
2023-08-20 16:00:00,216.3,217.2,215.5,216.9,29235.539
2023-08-20 20:00:00,217.0,218.0,216.3,216.5,33928.998
2023-08-21 00:00:00,216.6,216.8,215.9,216.0,34106.1
2023-08-21 04:00:00,216.1,216.9,214.0,214.7,53207.159
2023-08-21 08:00:00,214.7,215.3,207.9,210.7,224333.526
2023-08-21 12:00:00,210.6,213.0,206.2,208.5,282360.649
2023-08-21 16:00:00,208.5,211.2,207.5,210.7,127588.875
2023-08-21 20:00:00,210.7,212.1,210.1,210.4,60500.313
2023-08-22 00:00:00,210.4,210.8,209.6,210.0,41743.069
2023-08-22 04:00:00,210.1,210.1,208.3,209.8,92272.309
2023-08-22 08:00:00,209.9,210.9,208.8,209.1,72844.857
2023-08-22 12:00:00,209.1,209.9,204.3,205.6,216469.393
2023-08-22 16:00:00,205.5,210.4,203.4,208.4,278586.87
2023-08-22 20:00:00,208.3,213.0,204.7,210.9,174009.093
2023-08-23 00:00:00,210.9,215.6,210.8,212.5,157205.05
2023-08-23 04:00:00,212.6,216.6,212.3,216.4,103542.243
2023-08-23 08:00:00,216.4,216.7,214.2,214.8,54833.516
2023-08-23 12:00:00,214.7,215.7,212.5,215.4,106765.605
2023-08-23 16:00:00,215.4,218.8,215.1,217.8,166998.899
2023-08-23 20:00:00,217.8,218.2,214.8,216.6,56751.208
2023-08-24 00:00:00,216.7,217.3,215.6,217.3,25438.013
2023-08-24 04:00:00,217.2,221.2,216.6,219.3,81704.524
2023-08-24 08:00:00,219.4,220.7,218.6,219.6,74782.887
2023-08-24 12:00:00,219.6,220.1,216.5,216.7,96131.373
2023-08-24 16:00:00,216.7,218.8,216.5,217.0,47681.056
2023-08-24 20:00:00,217.0,219.3,215.6,219.0,43128.158
2023-08-25 00:00:00,219.0,219.6,215.8,217.1,57755.021
2023-08-25 04:00:00,217.2,217.2,213.7,215.3,78799.969
2023-08-25 08:00:00,215.3,216.7,215.2,216.3,48823.589
2023-08-25 12:00:00,216.3,218.7,215.2,216.8,102959.241
2023-08-25 16:00:00,216.9,218.4,216.4,217.4,65682.647
2023-08-25 20:00:00,217.4,218.7,217.0,218.4,26671.638
2023-08-26 00:00:00,218.5,219.3,217.4,217.8,37573.305
2023-08-26 04:00:00,217.7,217.9,216.9,217.2,26915.741
2023-08-26 08:00:00,217.2,217.4,216.5,217.4,27580.79
2023-08-26 12:00:00,217.4,217.5,216.7,217.3,15001.238
2023-08-26 16:00:00,217.3,217.3,216.2,216.6,18452.639
2023-08-26 20:00:00,216.6,216.7,216.1,216.5,21311.558
2023-08-27 00:00:00,216.4,216.8,216.1,216.2,18772.485
2023-08-27 04:00:00,216.2,217.1,215.9,216.7,23620.779
2023-08-27 08:00:00,216.6,217.6,216.5,216.9,33586.063
2023-08-27 12:00:00,216.9,219.2,216.7,218.6,54154.225
2023-08-27 16:00:00,218.6,219.8,218.2,218.7,39734.19
2023-08-27 20:00:00,218.8,218.9,217.6,218.4,16985.442
2023-08-28 00:00:00,218.4,218.5,217.2,218.0,44556.448
2023-08-28 04:00:00,217.9,218.1,215.7,216.2,50717.43
2023-08-28 08:00:00,216.2,216.8,215.1,216.7,58481.381
2023-08-28 12:00:00,216.8,219.0,216.5,218.4,78176.396
2023-08-28 16:00:00,218.4,219.5,217.2,217.8,54201.948
2023-08-28 20:00:00,217.8,219.2,217.4,218.8,24185.839
2023-08-29 00:00:00,218.8,219.5,217.8,218.3,29707.903
2023-08-29 04:00:00,218.2,218.5,217.4,217.6,26330.999
2023-08-29 08:00:00,217.5,217.9,217.0,217.5,28190.009
2023-08-29 12:00:00,217.4,234.8,217.1,228.2,379151.949
2023-08-29 16:00:00,228.3,230.7,227.1,227.2,150209.47
2023-08-29 20:00:00,227.2,227.9,225.9,226.9,52609.319
2023-08-30 00:00:00,226.9,227.3,224.3,225.3,72573.395
2023-08-30 04:00:00,225.3,225.7,224.4,225.2,28342.096
2023-08-30 08:00:00,225.2,225.5,224.1,224.3,36407.173
2023-08-30 12:00:00,224.3,225.0,222.0,223.1,101437.557
2023-08-30 16:00:00,223.1,223.2,221.7,222.7,39284.726
2023-08-30 20:00:00,222.8,224.0,222.7,223.8,27049.491
2023-08-31 00:00:00,223.8,223.8,222.5,222.8,22953.719
2023-08-31 04:00:00,222.8,224.0,222.6,223.5,26714.04
2023-08-31 08:00:00,223.5,226.0,222.9,224.6,71969.732
2023-08-31 12:00:00,224.6,224.8,220.6,221.5,94002.163
2023-08-31 16:00:00,221.5,221.5,215.8,217.1,166932.612
2023-08-31 20:00:00,217.2,217.3,214.4,216.7,69445.647
2023-09-01 00:00:00,216.7,218.4,216.3,216.8,45163.539
2023-09-01 04:00:00,216.8,216.8,213.5,214.2,97061.609
2023-09-01 08:00:00,214.3,215.2,213.9,214.9,49991.011
2023-09-01 12:00:00,214.8,215.7,212.0,213.3,94064.92
2023-09-01 16:00:00,213.4,214.4,211.2,213.2,124143.956
2023-09-01 20:00:00,213.2,215.0,212.9,213.7,51408.203
2023-09-02 00:00:00,213.7,215.5,213.4,214.8,43036.648
2023-09-02 04:00:00,214.8,215.6,214.0,214.2,29972.682
2023-09-02 08:00:00,214.3,215.1,213.6,214.7,39945.215
2023-09-02 12:00:00,214.7,215.9,214.2,214.7,39145.308
2023-09-02 16:00:00,214.7,215.0,213.0,213.7,36999.244
2023-09-02 20:00:00,213.7,214.5,213.5,214.4,18630.629
2023-09-03 00:00:00,214.4,214.5,213.4,214.0,29697.667
2023-09-03 04:00:00,214.1,214.7,213.5,214.6,26912.193
2023-09-03 08:00:00,214.6,214.8,214.0,214.6,24071.689
2023-09-03 12:00:00,214.7,215.2,213.7,213.8,32647.512
2023-09-03 16:00:00,213.8,214.9,213.2,214.3,34361.664
2023-09-03 20:00:00,214.3,214.9,213.9,214.4,20767.517
2023-09-04 00:00:00,214.4,216.5,214.0,215.4,48691.92
2023-09-04 04:00:00,215.5,215.6,214.1,214.6,32830.868
2023-09-04 08:00:00,214.6,215.1,213.5,213.7,45142.172
2023-09-04 12:00:00,213.6,216.5,213.1,215.0,107911.209
2023-09-04 16:00:00,215.1,216.0,214.9,215.8,33566.819
2023-09-04 20:00:00,215.7,215.9,213.7,215.2,37172.457
2023-09-05 00:00:00,215.3,215.4,213.5,214.3,39118.24
2023-09-05 04:00:00,214.4,215.1,214.2,214.8,27562.309
2023-09-05 08:00:00,214.8,215.8,214.5,215.0,46407.966
2023-09-05 12:00:00,215.1,216.1,214.2,215.2,71855.27
2023-09-05 16:00:00,215.2,215.6,214.4,214.5,34541.677
2023-09-05 20:00:00,214.5,214.8,214.1,214.6,23278.617
2023-09-06 00:00:00,214.6,215.6,214.4,215.0,30624.157
2023-09-06 04:00:00,215.0,215.1,214.1,214.4,25827.178
2023-09-06 08:00:00,214.4,215.1,214.3,215.0,21859.141
2023-09-06 12:00:00,214.9,215.2,213.1,213.6,57880.75
2023-09-06 16:00:00,213.6,218.8,211.8,214.9,146460.524
2023-09-06 20:00:00,214.9,215.3,214.3,215.2,18171.674
2023-09-07 00:00:00,215.2,215.8,214.7,215.8,25583.406
2023-09-07 04:00:00,215.7,216.2,215.2,215.4,23640.392
2023-09-07 08:00:00,215.4,215.7,213.6,213.9,44544.741
2023-09-07 12:00:00,213.8,215.0,213.6,214.6,47113.677
2023-09-07 16:00:00,214.7,215.8,214.4,214.9,35439.439
2023-09-07 20:00:00,214.9,217.9,214.8,217.1,71413.841
2023-09-08 00:00:00,217.1,218.8,216.7,217.3,44904.416
2023-09-08 04:00:00,217.4,218.1,216.6,217.0,39368.354
2023-09-08 08:00:00,217.0,217.2,213.4,214.4,73498.714
2023-09-08 12:00:00,214.4,215.0,214.0,214.2,32518.945
2023-09-08 16:00:00,214.2,214.5,213.4,214.5,30270.439
2023-09-08 20:00:00,214.5,214.7,213.9,214.7,14683.428
2023-09-09 00:00:00,214.7,215.0,214.3,214.9,10579.715
2023-09-09 04:00:00,214.9,215.2,214.6,215.2,10813.736
2023-09-09 08:00:00,215.2,215.4,214.9,215.2,14403.556
2023-09-09 12:00:00,215.2,215.3,214.6,215.1,24985.138
2023-09-09 16:00:00,215.2,215.4,214.5,214.8,14457.112
2023-09-09 20:00:00,214.9,214.9,214.1,214.1,19512.989
2023-09-10 00:00:00,214.2,214.3,213.7,213.9,18686.553
2023-09-10 04:00:00,213.9,214.0,211.5,213.2,76208.237
2023-09-10 08:00:00,213.2,213.3,212.2,212.7,26666.641
2023-09-10 12:00:00,212.7,213.5,211.8,212.9,50609.113
2023-09-10 16:00:00,212.9,213.0,211.1,212.5,73386.266
2023-09-10 20:00:00,212.5,213.8,212.2,212.4,35925.569
2023-09-11 00:00:00,212.4,212.7,211.1,211.9,37407.844
2023-09-11 04:00:00,211.9,212.7,211.2,211.3,44380.475
2023-09-11 08:00:00,211.3,211.4,206.5,207.1,173939.068
2023-09-11 12:00:00,207.1,208.5,204.4,206.5,186611.38
2023-09-11 16:00:00,206.5,207.3,203.9,204.8,79448.7
2023-09-11 20:00:00,204.9,206.8,204.0,206.1,58305.656
2023-09-12 00:00:00,206.2,210.9,204.9,209.2,129302.127
2023-09-12 04:00:00,209.2,210.3,207.8,209.7,75494.642
2023-09-12 08:00:00,209.7,214.3,209.0,212.5,120012.72
2023-09-12 12:00:00,212.5,213.3,211.1,212.8,65906.487
2023-09-12 16:00:00,212.8,214.3,210.5,212.2,91220.974
2023-09-12 20:00:00,212.2,213.1,210.3,210.7,41798.049
2023-09-13 00:00:00,210.8,211.9,209.4,209.8,51784.356
2023-09-13 04:00:00,209.9,212.0,209.3,210.3,63844.844
2023-09-13 08:00:00,210.3,212.3,210.0,212.2,51398.189
2023-09-13 12:00:00,212.2,213.1,210.9,212.4,71997.941
2023-09-13 16:00:00,212.5,213.3,211.1,212.0,44656.541
2023-09-13 20:00:00,212.1,213.0,212.0,212.5,17773.004
2023-09-14 00:00:00,212.5,215.0,211.0,211.9,97779.312
2023-09-14 04:00:00,211.9,212.5,211.1,212.0,30254.539
2023-09-14 08:00:00,212.1,212.9,211.5,212.6,38050.303
2023-09-14 12:00:00,212.6,214.3,211.6,213.1,100423.789
2023-09-14 16:00:00,213.1,213.4,211.7,212.8,55100.041
2023-09-14 20:00:00,212.9,213.1,211.8,212.2,32414.569
2023-09-15 00:00:00,212.2,213.1,211.6,212.7,51933.117
2023-09-15 04:00:00,212.8,213.3,211.8,211.9,36602.78
2023-09-15 08:00:00,211.9,213.4,211.7,212.0,58535.263
2023-09-15 12:00:00,212.0,212.6,210.9,212.2,66238.92
2023-09-15 16:00:00,212.1,212.5,211.7,212.1,27437.65
2023-09-15 20:00:00,212.1,215.0,211.9,214.1,72109.267
2023-09-16 00:00:00,214.1,215.8,214.0,214.4,61684.431
2023-09-16 04:00:00,214.4,216.0,214.2,215.0,70383.614
2023-09-16 08:00:00,215.0,215.0,213.4,214.3,61123.007
2023-09-16 12:00:00,214.2,214.5,213.3,214.1,35105.524
2023-09-16 16:00:00,214.0,214.9,213.9,214.4,28954.395
2023-09-16 20:00:00,214.3,215.2,214.2,214.9,31446.114
2023-09-17 00:00:00,214.9,215.1,213.3,214.9,73556.917
2023-09-17 04:00:00,214.8,215.0,214.3,214.5,24653.025
2023-09-17 08:00:00,214.5,215.2,214.3,214.6,32681.049
2023-09-17 12:00:00,214.7,216.8,214.5,216.2,79022.882
2023-09-17 16:00:00,216.3,216.5,215.1,216.5,49498.714
2023-09-17 20:00:00,216.5,216.5,215.0,216.5,73589.881
2023-09-18 00:00:00,216.4,218.8,214.9,217.7,128676.632
2023-09-18 04:00:00,217.7,218.0,216.6,216.9,73657.155
2023-09-18 08:00:00,216.9,220.0,216.4,219.7,132081.431
2023-09-18 12:00:00,219.7,221.3,218.4,219.5,98619.361
2023-09-18 16:00:00,219.5,219.8,215.4,216.5,133666.061
2023-09-18 20:00:00,216.6,216.8,215.1,216.0,33455.97
2023-09-19 00:00:00,216.0,216.9,215.3,216.5,38004.797
2023-09-19 04:00:00,216.4,217.1,216.0,216.9,32491.273
2023-09-19 08:00:00,217.0,219.9,216.9,218.2,81992.79
2023-09-19 12:00:00,218.2,218.7,216.4,218.3,107360.798
2023-09-19 16:00:00,218.3,218.6,216.3,217.0,57195.839
2023-09-19 20:00:00,217.0,217.4,216.1,217.2,30216.251
2023-09-20 00:00:00,217.2,217.8,216.2,216.3,31762.659
2023-09-20 04:00:00,216.4,216.7,215.6,216.3,38201.3
2023-09-20 08:00:00,216.3,217.1,214.7,215.9,69308.028
2023-09-20 12:00:00,215.9,216.7,215.1,215.8,57334.257
2023-09-20 16:00:00,215.8,216.8,213.3,214.3,96412.119
2023-09-20 20:00:00,214.4,215.5,213.5,214.4,75807.383
2023-09-21 00:00:00,214.3,215.1,213.7,214.9,61061.924
2023-09-21 04:00:00,214.9,215.1,213.0,213.2,46473.874
2023-09-21 08:00:00,213.3,213.6,209.3,210.5,151051.9
2023-09-21 12:00:00,210.6,212.1,209.1,210.7,104818.579
2023-09-21 16:00:00,210.6,211.3,210.5,210.6,31219.08
2023-09-21 20:00:00,210.7,211.0,209.9,210.8,17686.852
2023-09-22 00:00:00,210.8,213.0,209.6,211.8,48848.341
2023-09-22 04:00:00,211.9,212.0,210.4,211.5,40713.977
2023-09-22 08:00:00,211.5,211.8,210.7,211.1,41926.311
2023-09-22 12:00:00,211.2,211.3,210.2,210.7,42593.67
2023-09-22 16:00:00,210.6,211.2,209.7,210.6,43041.342
2023-09-22 20:00:00,210.6,211.3,210.1,211.1,20553.594
2023-09-23 00:00:00,211.1,211.7,210.1,210.2,24966.674
2023-09-23 04:00:00,210.2,210.9,209.9,210.8,19795.727
2023-09-23 08:00:00,210.9,211.1,210.5,210.7,17259.665
2023-09-23 12:00:00,210.8,211.0,210.2,210.6,17721.479
2023-09-23 16:00:00,210.5,210.8,210.2,210.8,29397.908
2023-09-23 20:00:00,210.7,210.8,210.1,210.5,8476.757
2023-09-24 00:00:00,210.4,210.6,209.9,210.0,16217.434
2023-09-24 04:00:00,210.1,210.6,209.8,210.3,20024.28
2023-09-24 08:00:00,210.4,210.9,210.3,210.7,19503.51
2023-09-24 12:00:00,210.8,210.9,210.4,210.7,18502.954
2023-09-24 16:00:00,210.7,211.2,209.2,209.4,50806.929
2023-09-24 20:00:00,209.4,209.8,206.5,208.3,60124.395
2023-09-25 00:00:00,208.3,209.4,206.5,208.8,52483.993
2023-09-25 04:00:00,208.7,210.0,208.3,209.4,43199.593
2023-09-25 08:00:00,209.4,209.7,207.7,208.2,33846.506
2023-09-25 12:00:00,208.2,209.6,207.6,209.0,67106.443
2023-09-25 16:00:00,209.0,210.5,209.0,210.0,59794.228
2023-09-25 20:00:00,210.0,210.6,209.6,209.9,15970.702
2023-09-26 00:00:00,210.0,212.2,209.7,211.5,48197.534
2023-09-26 04:00:00,211.6,212.5,211.1,212.4,39267.404
2023-09-26 08:00:00,212.4,213.7,211.8,212.6,80673.545
2023-09-26 12:00:00,212.6,212.8,210.8,210.9,49736.884
2023-09-26 16:00:00,211.0,212.3,210.8,212.1,31708.139
2023-09-26 20:00:00,212.1,212.6,210.7,212.6,31126.083
2023-09-27 00:00:00,212.6,213.3,212.1,213.1,31468.453
2023-09-27 04:00:00,213.2,213.5,212.6,213.2,45028.929
2023-09-27 08:00:00,213.1,216.0,212.3,215.4,99029.931
2023-09-27 12:00:00,215.4,215.8,211.7,212.4,118028.284
2023-09-27 16:00:00,212.4,212.9,210.5,211.6,77251.894
2023-09-27 20:00:00,211.6,212.2,211.0,212.0,38559.906
2023-09-28 00:00:00,212.1,213.1,211.8,212.1,43604.777
2023-09-28 04:00:00,212.1,213.3,211.5,213.1,52469.362
2023-09-28 08:00:00,213.1,214.2,212.6,213.6,53141.683
2023-09-28 12:00:00,213.7,215.7,213.4,215.6,99466.701
2023-09-28 16:00:00,215.6,217.0,214.2,215.3,110335.143
2023-09-28 20:00:00,215.3,215.7,214.3,215.0,35067.877
2023-09-29 00:00:00,215.0,215.7,214.5,214.8,38007.818
2023-09-29 04:00:00,214.9,217.6,214.3,216.9,82509.088
2023-09-29 08:00:00,217.0,217.0,215.7,215.9,70521.854
2023-09-29 12:00:00,216.0,216.6,214.4,215.9,130112.668
2023-09-29 16:00:00,215.9,216.1,214.7,215.6,27895.234
2023-09-29 20:00:00,215.6,216.0,214.8,215.2,22877.299
2023-09-30 00:00:00,215.2,215.7,214.1,214.6,45211.297
2023-09-30 04:00:00,214.6,215.2,214.4,214.5,22603.424
2023-09-30 08:00:00,214.5,215.2,214.3,214.7,27949.961
2023-09-30 12:00:00,214.7,216.5,214.4,215.8,34317.695
2023-09-30 16:00:00,215.9,216.2,215.4,215.7,29402.012
2023-09-30 20:00:00,215.8,215.9,214.5,214.6,19590.767
2023-10-01 00:00:00,214.6,215.4,214.4,215.3,31925.543
2023-10-01 04:00:00,215.3,215.3,214.7,214.9,32045.989
2023-10-01 08:00:00,215.0,216.5,214.6,216.1,59837.932
2023-10-01 12:00:00,216.2,216.3,214.9,215.7,63680.156
2023-10-01 16:00:00,215.7,215.8,213.1,214.1,53278.143
2023-10-01 20:00:00,214.1,219.4,213.5,218.2,174276.815
2023-10-02 00:00:00,218.2,220.1,217.1,219.2,110853.702
2023-10-02 04:00:00,219.2,220.0,218.0,219.9,69545.206
2023-10-02 08:00:00,219.9,221.6,218.6,218.8,79040.888
2023-10-02 12:00:00,218.8,219.5,215.7,216.2,133264.195
2023-10-02 16:00:00,216.2,217.0,213.1,215.1,118859.324
2023-10-02 20:00:00,215.1,215.2,213.1,214.6,54385.821
2023-10-03 00:00:00,214.6,215.5,214.3,215.4,32764.011
2023-10-03 04:00:00,215.4,215.8,214.6,215.3,40269.854
2023-10-03 08:00:00,215.3,215.8,213.5,213.9,58725.48
2023-10-03 12:00:00,213.9,214.9,212.7,213.5,72552.443
2023-10-03 16:00:00,213.6,214.1,212.8,212.9,39799.805
2023-10-03 20:00:00,213.0,213.8,212.4,213.5,50399.49
2023-10-04 00:00:00,213.5,213.5,210.9,212.0,96553.923
2023-10-04 04:00:00,212.0,212.3,210.8,212.2,38860.541
2023-10-04 08:00:00,212.3,212.9,212.1,212.5,35337.97
2023-10-04 12:00:00,212.5,213.4,211.5,211.8,73331.157
2023-10-04 16:00:00,211.9,213.6,211.7,212.8,61741.003
2023-10-04 20:00:00,212.9,213.8,212.5,213.4,23057.896
2023-10-05 00:00:00,213.4,213.9,212.7,212.7,35307.634
2023-10-05 04:00:00,212.8,213.1,211.9,212.4,27978.849
2023-10-05 08:00:00,212.3,212.9,212.2,212.4,20351.544
2023-10-05 12:00:00,212.4,213.3,210.5,211.2,88304.493
2023-10-05 16:00:00,211.2,211.6,210.2,211.0,55078.253
2023-10-05 20:00:00,211.1,211.3,210.4,210.6,32353.266
2023-10-06 00:00:00,210.7,211.8,210.5,211.5,22045.403
2023-10-06 04:00:00,211.6,212.6,211.1,212.5,23496.647
2023-10-06 08:00:00,212.5,212.6,211.7,212.1,28136.701
2023-10-06 12:00:00,212.1,212.8,210.1,212.6,97322.703
2023-10-06 16:00:00,212.7,214.1,211.9,213.5,47907.888
2023-10-06 20:00:00,213.5,214.6,213.1,213.4,39957.211
2023-10-07 00:00:00,213.4,213.8,213.2,213.2,25115.768
2023-10-07 04:00:00,213.3,213.7,213.2,213.4,19779.508
2023-10-07 08:00:00,213.4,213.8,212.4,212.6,25921.051
2023-10-07 12:00:00,212.5,213.1,212.3,212.6,24031.911
2023-10-07 16:00:00,212.6,212.6,211.5,211.6,18473.771
2023-10-07 20:00:00,211.6,212.3,211.5,212.3,12268.783
2023-10-08 00:00:00,212.2,212.7,211.9,212.6,19507.605
2023-10-08 04:00:00,212.6,212.7,211.3,211.6,29735.454
2023-10-08 08:00:00,211.7,211.7,208.8,210.1,74071.91
2023-10-08 12:00:00,210.1,212.8,209.8,211.6,63931.189
2023-10-08 16:00:00,211.6,211.9,211.0,211.6,18425.622
2023-10-08 20:00:00,211.7,212.1,210.9,211.4,19586.525
2023-10-09 00:00:00,211.3,212.2,210.5,211.9,36076.012
2023-10-09 04:00:00,211.9,212.2,210.7,211.0,35773.321
2023-10-09 08:00:00,211.0,211.3,206.1,207.1,142761.784
2023-10-09 12:00:00,207.1,208.2,206.2,206.8,81998.996
2023-10-09 16:00:00,206.8,207.5,202.0,206.0,232007.183
2023-10-09 20:00:00,206.0,206.6,204.8,205.8,43700.909
2023-10-10 00:00:00,205.9,207.7,205.5,206.6,70545.597
2023-10-10 04:00:00,206.6,209.4,206.3,208.6,80465.674
2023-10-10 08:00:00,208.6,213.1,206.9,207.1,248043.846
2023-10-10 12:00:00,207.0,208.7,206.3,207.3,87288.8
2023-10-10 16:00:00,207.3,209.2,206.7,208.7,60921.259
2023-10-10 20:00:00,208.8,208.9,207.1,208.6,30459.838
2023-10-11 00:00:00,208.6,208.8,204.3,205.4,117585.589
2023-10-11 04:00:00,205.4,206.7,205.2,206.1,52132.959
2023-10-11 08:00:00,206.2,208.4,205.4,207.7,62369.204
2023-10-11 12:00:00,207.6,207.9,204.8,205.3,82678.867
2023-10-11 16:00:00,205.3,206.4,204.4,206.1,56090.444
2023-10-11 20:00:00,206.1,206.7,205.6,206.6,26343.754
2023-10-12 00:00:00,206.6,206.8,204.9,205.8,40660.274
2023-10-12 04:00:00,205.9,206.3,205.2,205.4,30244.474
2023-10-12 08:00:00,205.3,207.3,202.8,205.9,103033.954
2023-10-12 12:00:00,205.9,206.5,205.0,205.6,73790.599
2023-10-12 16:00:00,205.6,206.1,203.9,205.4,78416.851
2023-10-12 20:00:00,205.4,205.8,204.8,205.1,29370.806
2023-10-13 00:00:00,205.1,206.7,204.8,205.1,57574.537
2023-10-13 04:00:00,205.2,206.3,204.3,206.3,49669.351
2023-10-13 08:00:00,206.3,206.3,205.0,205.6,36243.466
2023-10-13 12:00:00,205.6,206.7,205.1,205.6,47909.471
2023-10-13 16:00:00,205.6,206.4,205.2,205.5,41920.028
2023-10-13 20:00:00,205.6,208.3,205.5,206.1,97984.067
2023-10-14 00:00:00,206.1,206.9,205.9,206.6,29501.173
2023-10-14 04:00:00,206.6,207.1,206.0,206.3,21044.705
2023-10-14 08:00:00,206.3,206.5,205.7,205.9,27244.794
2023-10-14 12:00:00,205.8,206.8,205.7,206.8,29126.288
2023-10-14 16:00:00,206.8,206.9,206.3,206.4,18302.317
2023-10-14 20:00:00,206.3,207.0,206.1,206.5,17521.855
2023-10-15 00:00:00,206.5,208.3,206.3,207.1,58526.24
2023-10-15 04:00:00,207.1,207.5,206.9,207.4,32320.293
2023-10-15 08:00:00,207.3,207.8,207.0,207.1,29435.928
2023-10-15 12:00:00,207.0,213.0,206.3,209.3,164100.885
2023-10-15 16:00:00,209.3,210.2,208.8,209.6,43416.929
2023-10-15 20:00:00,209.6,210.5,209.1,209.7,37830.279
2023-10-16 00:00:00,209.8,211.3,209.6,210.6,41063.694
2023-10-16 04:00:00,210.6,214.4,210.4,212.8,144808.294
2023-10-16 08:00:00,212.8,213.4,212.2,212.8,53400.979
2023-10-16 12:00:00,212.8,219.0,211.4,212.7,416854.105
2023-10-16 16:00:00,212.8,215.2,212.7,214.4,76860.794
2023-10-16 20:00:00,214.5,215.4,213.4,214.6,40191.944
2023-10-17 00:00:00,214.7,215.0,213.5,213.5,34871.621
2023-10-17 04:00:00,213.5,213.8,212.6,213.6,47504.398
2023-10-17 08:00:00,213.5,213.9,212.0,212.4,62001.248
2023-10-17 12:00:00,212.5,214.9,209.0,212.1,152349.759
2023-10-17 16:00:00,212.0,212.5,210.6,211.6,50911.402
2023-10-17 20:00:00,211.6,211.7,210.9,211.4,25169.588
2023-10-18 00:00:00,211.4,212.5,211.0,212.4,30622.727
2023-10-18 04:00:00,212.4,213.9,212.3,212.5,65202.516
2023-10-18 08:00:00,212.6,213.4,212.2,212.7,38265.573
2023-10-18 12:00:00,212.7,213.0,211.2,211.7,51994.439
2023-10-18 16:00:00,211.7,212.2,210.2,210.7,34546.228
2023-10-18 20:00:00,210.7,210.9,209.9,210.2,40310.855
2023-10-19 00:00:00,210.3,210.8,208.2,209.2,55529.53
2023-10-19 04:00:00,209.2,210.2,208.8,210.1,24642.734
2023-10-19 08:00:00,210.1,211.1,209.5,210.5,51526.577
2023-10-19 12:00:00,210.5,211.5,210.2,210.3,54900.588
2023-10-19 16:00:00,210.3,210.7,210.1,210.5,50754.056
2023-10-19 20:00:00,210.6,211.2,210.0,211.2,37138.004
2023-10-20 00:00:00,211.2,213.4,210.5,212.7,59660.019
2023-10-20 04:00:00,212.8,213.9,212.2,212.4,47783.753
2023-10-20 08:00:00,212.4,216.6,212.3,214.0,135730.678
2023-10-20 12:00:00,214.1,214.2,212.7,212.8,53916.843
2023-10-20 16:00:00,212.9,213.2,212.0,212.9,31082.884
2023-10-20 20:00:00,212.9,213.0,212.0,212.1,16753.029
2023-10-21 00:00:00,212.1,212.5,211.4,212.2,25968.102
2023-10-21 04:00:00,212.1,213.0,211.9,212.8,25163.681
2023-10-21 08:00:00,212.8,213.5,212.4,213.3,38972.81
2023-10-21 12:00:00,213.3,214.4,212.3,214.3,50784.554
2023-10-21 16:00:00,214.4,215.8,213.5,215.2,68098.045
2023-10-21 20:00:00,215.2,215.5,213.9,214.2,54195.32
2023-10-22 00:00:00,214.2,215.2,213.8,214.2,39036.219
2023-10-22 04:00:00,214.2,216.7,213.6,214.3,71843.267
2023-10-22 08:00:00,214.3,214.8,213.6,213.9,28959.774
2023-10-22 12:00:00,213.9,215.0,213.8,214.2,31515.283
2023-10-22 16:00:00,214.2,215.7,213.9,215.2,34535.543
2023-10-22 20:00:00,215.2,218.4,214.8,217.8,85954.983
2023-10-23 00:00:00,217.8,222.8,216.9,222.2,167554.142
2023-10-23 04:00:00,222.2,222.8,218.7,219.5,111608.034
2023-10-23 08:00:00,219.5,220.9,218.2,220.1,62926.106
2023-10-23 12:00:00,220.1,220.6,218.1,219.3,66942.393
2023-10-23 16:00:00,219.2,222.3,219.0,222.2,105731.588
2023-10-23 20:00:00,222.2,231.0,221.6,228.5,326630.902
2023-10-24 00:00:00,228.6,238.1,227.9,230.6,309266.324
2023-10-24 04:00:00,230.6,232.1,226.7,227.6,156727.073
2023-10-24 08:00:00,227.6,232.1,226.5,231.7,131125.977
2023-10-24 12:00:00,231.8,233.3,221.2,223.9,242881.881
2023-10-24 16:00:00,224.0,226.5,222.7,225.7,109112.022
2023-10-24 20:00:00,225.7,227.2,223.5,225.2,62295.893
2023-10-25 00:00:00,225.2,229.1,225.0,227.1,107866.183
2023-10-25 04:00:00,227.2,228.1,224.0,224.9,85602.72
2023-10-25 08:00:00,224.9,226.3,223.7,224.5,86744.042
2023-10-25 12:00:00,224.5,227.7,224.2,227.3,126193.623
2023-10-25 16:00:00,227.2,227.7,222.6,223.2,139158.021
2023-10-25 20:00:00,223.2,223.8,221.5,222.1,79225.188
2023-10-26 00:00:00,222.1,226.0,221.6,225.9,114958.042
2023-10-26 04:00:00,225.9,228.0,222.8,226.5,151480.216
2023-10-26 08:00:00,226.5,228.1,223.2,224.8,177178.028
2023-10-26 12:00:00,224.8,226.2,219.2,221.1,182285.695
2023-10-26 16:00:00,221.1,222.7,219.9,222.5,66993.139
2023-10-26 20:00:00,222.5,223.8,222.2,223.2,33305.548
2023-10-27 00:00:00,223.2,223.3,219.9,223.1,59780.788
2023-10-27 04:00:00,223.1,226.6,222.4,223.2,107046.85
2023-10-27 08:00:00,223.1,228.0,223.1,227.6,108316.94
2023-10-27 12:00:00,227.6,231.6,224.0,226.1,475993.762
2023-10-27 16:00:00,226.1,226.6,220.6,224.3,174258.489
2023-10-27 20:00:00,224.3,224.9,223.5,224.1,45520.66
2023-10-28 00:00:00,224.2,227.3,224.1,227.1,71397.916
2023-10-28 04:00:00,227.1,228.0,226.1,227.3,71366.174
2023-10-28 08:00:00,227.2,228.4,226.3,226.7,70438.648
2023-10-28 12:00:00,226.8,227.0,224.8,226.8,79642.43
2023-10-28 16:00:00,226.8,226.8,225.2,225.4,28891.169
2023-10-28 20:00:00,225.3,226.4,225.1,225.7,25955.1
2023-10-29 00:00:00,225.7,226.1,223.6,224.4,49083.379
2023-10-29 04:00:00,224.4,225.9,224.3,225.8,32756.285
2023-10-29 08:00:00,225.8,226.3,225.3,226.0,38613.902
2023-10-29 12:00:00,226.1,227.3,226.0,226.5,58958.278
2023-10-29 16:00:00,226.5,227.5,225.7,226.8,55948.601
2023-10-29 20:00:00,226.8,228.1,226.5,227.1,33673.351
2023-10-30 00:00:00,227.1,227.8,225.5,225.6,68537.648
2023-10-30 04:00:00,225.7,226.2,224.6,226.0,49948.106
2023-10-30 08:00:00,226.0,228.6,225.8,228.2,92354.717
2023-10-30 12:00:00,228.2,229.2,227.4,228.4,74339.238
2023-10-30 16:00:00,228.5,228.8,225.5,228.2,74741.896
2023-10-30 20:00:00,228.2,229.0,227.6,228.0,37198.671
2023-10-31 00:00:00,228.0,229.3,226.3,226.4,61583.673
2023-10-31 04:00:00,226.5,227.7,225.6,225.9,62007.084
2023-10-31 08:00:00,225.9,228.4,225.0,228.1,78058.051
2023-10-31 12:00:00,228.1,228.5,223.9,224.4,153903.992
2023-10-31 16:00:00,224.5,226.2,223.9,225.8,67619.968
2023-10-31 20:00:00,225.8,226.5,225.2,226.2,42100.5
2023-11-01 00:00:00,226.3,227.0,225.0,225.4,50850.793
2023-11-01 04:00:00,225.4,225.6,224.0,224.5,61812.79
2023-11-01 08:00:00,224.6,225.1,223.5,224.5,70332.164
2023-11-01 12:00:00,224.5,226.7,222.3,223.2,138956.891
2023-11-01 16:00:00,223.3,227.8,223.0,226.6,125210.184
2023-11-01 20:00:00,226.6,229.5,226.5,227.9,131484.386
2023-11-02 00:00:00,228.0,232.5,227.5,230.6,145151.066
2023-11-02 04:00:00,230.6,230.9,227.6,229.9,131554.07
2023-11-02 08:00:00,229.9,232.0,228.2,231.9,89167.241
2023-11-02 12:00:00,231.8,233.7,228.2,229.6,255121.821
2023-11-02 16:00:00,229.6,232.6,227.8,232.4,146857.63
2023-11-02 20:00:00,232.5,233.0,230.4,231.9,61364.859
2023-11-03 00:00:00,231.9,232.4,227.3,229.9,105945.081
2023-11-03 04:00:00,230.0,231.3,227.9,229.7,77557.304
2023-11-03 08:00:00,229.7,230.2,225.6,227.7,142276.945
2023-11-03 12:00:00,227.6,229.6,226.4,229.4,82751.419
2023-11-03 16:00:00,229.5,229.8,227.6,229.3,55217.978
2023-11-03 20:00:00,229.4,230.8,229.0,230.2,37623.059
2023-11-04 00:00:00,230.3,231.4,229.3,231.2,40405.906
2023-11-04 04:00:00,231.3,232.2,229.8,231.8,55932.71
2023-11-04 08:00:00,231.9,236.7,231.4,234.5,129533.85
2023-11-04 12:00:00,234.5,236.7,233.8,234.8,71251.174
2023-11-04 16:00:00,234.9,237.4,234.4,236.2,49518.046
2023-11-04 20:00:00,236.2,238.7,235.7,237.1,44839.261
2023-11-05 00:00:00,237.2,243.3,236.1,242.8,111064.368
2023-11-05 04:00:00,242.8,245.0,241.0,244.5,116789.114
2023-11-05 08:00:00,244.4,245.0,241.2,243.8,103927.004
2023-11-05 12:00:00,243.8,244.4,239.0,240.8,131319.011
2023-11-05 16:00:00,240.8,244.1,240.3,243.5,82054.892
2023-11-05 20:00:00,243.5,245.5,240.7,244.0,68145.084
2023-11-06 00:00:00,244.0,246.0,242.5,243.7,80694.202
2023-11-06 04:00:00,243.7,244.4,241.5,244.3,76405.089
2023-11-06 08:00:00,244.3,245.3,242.9,245.3,57689.367
2023-11-06 12:00:00,245.2,254.3,244.9,251.7,416898.394
2023-11-06 16:00:00,251.8,253.8,249.5,253.4,111411.462
2023-11-06 20:00:00,253.4,256.1,252.5,255.1,101825.81
2023-11-07 00:00:00,255.1,255.6,250.0,251.5,135513.903
2023-11-07 04:00:00,251.5,252.8,250.6,251.0,73821.558
2023-11-07 08:00:00,251.1,252.4,246.3,247.6,186083.763
2023-11-07 12:00:00,247.7,248.4,243.1,244.5,172043.581
2023-11-07 16:00:00,244.5,248.1,242.1,247.9,193681.215
2023-11-07 20:00:00,247.8,251.0,245.5,246.2,103901.788
2023-11-08 00:00:00,246.2,247.1,245.2,245.7,75920.771
2023-11-08 04:00:00,245.7,247.9,244.1,245.9,79767.038
2023-11-08 08:00:00,245.9,247.0,244.0,246.6,88908.152
2023-11-08 12:00:00,246.6,247.0,244.3,245.9,73493.617
2023-11-08 16:00:00,245.9,248.3,245.6,247.0,82740.475
2023-11-08 20:00:00,247.1,247.9,245.1,246.7,99573.139
2023-11-09 00:00:00,246.7,250.3,245.7,249.9,115019.511
2023-11-09 04:00:00,250.0,252.0,248.2,248.5,143370.027
2023-11-09 08:00:00,248.4,251.4,248.2,249.5,132959.054
2023-11-09 12:00:00,249.5,255.9,247.2,251.8,386217.102
2023-11-09 16:00:00,251.7,253.1,240.0,244.9,373571.768
2023-11-09 20:00:00,244.9,251.9,242.8,251.6,169283.012
2023-11-10 00:00:00,251.7,258.0,251.0,255.4,231157.33
2023-11-10 04:00:00,255.5,256.9,251.3,251.5,152040.642
2023-11-10 08:00:00,251.5,253.6,249.5,253.0,126479.261
2023-11-10 12:00:00,253.0,253.2,248.1,249.8,157926.19
2023-11-10 16:00:00,249.9,251.6,249.6,250.6,85237.751
2023-11-10 20:00:00,250.7,252.4,249.9,251.0,62095.044
2023-11-11 00:00:00,251.1,252.6,247.0,248.2,154042.244
2023-11-11 04:00:00,248.2,249.3,246.0,248.8,103545.069
2023-11-11 08:00:00,248.7,249.8,248.1,248.8,73624.241
2023-11-11 12:00:00,248.8,254.5,247.9,253.0,173757.657
2023-11-11 16:00:00,253.0,255.2,252.2,253.9,122335.892
2023-11-11 20:00:00,253.8,253.9,249.4,251.5,111451.808
2023-11-12 00:00:00,251.6,252.0,244.5,248.6,198928.299
2023-11-12 04:00:00,248.6,251.0,247.2,250.6,91892.606
2023-11-12 08:00:00,250.5,250.7,248.3,249.1,103334.244
2023-11-12 12:00:00,249.1,249.5,247.2,248.4,99018.585
2023-11-12 16:00:00,248.5,249.0,247.3,247.9,72823.792
2023-11-12 20:00:00,247.8,249.0,246.6,247.4,71128.683
2023-11-13 00:00:00,247.5,250.2,245.2,245.5,163493.521
2023-11-13 04:00:00,245.4,246.7,243.8,245.7,158466.962
2023-11-13 08:00:00,245.7,247.3,243.8,244.9,134507.987
2023-11-13 12:00:00,245.0,247.2,243.0,247.1,193879.659
2023-11-13 16:00:00,247.1,247.5,243.7,246.1,125954.079
2023-11-13 20:00:00,246.1,246.1,240.3,241.1,177615.324
2023-11-14 00:00:00,241.1,242.5,238.0,242.4,165893.454
2023-11-14 04:00:00,242.4,244.6,241.4,244.3,80519.721
2023-11-14 08:00:00,244.4,249.4,243.8,244.5,204363.419
2023-11-14 12:00:00,244.6,247.0,242.5,244.2,216645.076
2023-11-14 16:00:00,244.2,245.7,233.7,240.0,233878.166
2023-11-14 20:00:00,240.0,243.0,239.2,242.3,91564.288
2023-11-15 00:00:00,242.3,245.4,242.1,243.9,120202.023
2023-11-15 04:00:00,243.8,246.7,243.8,245.4,78626.374
2023-11-15 08:00:00,245.3,247.1,244.6,247.0,118115.938
2023-11-15 12:00:00,247.1,254.5,247.0,252.4,309524.688
2023-11-15 16:00:00,252.3,254.5,250.9,253.0,175825.979
2023-11-15 20:00:00,253.0,253.9,250.6,253.7,109021.431
2023-11-16 00:00:00,253.7,254.6,252.0,253.2,122162.617
2023-11-16 04:00:00,253.2,255.5,251.7,254.8,138032.068
2023-11-16 08:00:00,254.8,256.0,250.6,251.7,188966.384
2023-11-16 12:00:00,251.7,251.9,244.8,246.5,273143.266
2023-11-16 16:00:00,246.5,247.9,240.2,243.2,207057.373
2023-11-16 20:00:00,243.3,243.5,240.0,242.7,160787.532
2023-11-17 00:00:00,242.7,245.9,242.4,244.6,93062.018
2023-11-17 04:00:00,244.5,245.8,243.4,244.5,111564.382
2023-11-17 08:00:00,244.5,245.9,242.5,244.3,137163.739
2023-11-17 12:00:00,244.3,245.1,238.3,238.9,200245.988
2023-11-17 16:00:00,239.0,244.4,238.5,243.3,155077.966
2023-11-17 20:00:00,243.3,245.5,242.6,244.9,60003.605
2023-11-18 00:00:00,244.9,244.9,241.3,241.5,75493.327
2023-11-18 04:00:00,241.5,243.0,238.5,241.9,103743.756
2023-11-18 08:00:00,241.9,243.8,241.3,242.9,95489.97
2023-11-18 12:00:00,242.9,244.5,241.1,244.4,89878.635
2023-11-18 16:00:00,244.4,245.2,243.5,245.1,86167.709
2023-11-18 20:00:00,245.1,245.2,243.4,244.8,34963.82
2023-11-19 00:00:00,244.8,244.8,241.8,244.2,73814.872
2023-11-19 04:00:00,244.1,244.8,243.6,244.2,43482.554
2023-11-19 08:00:00,244.3,245.0,242.3,243.2,50305.706
2023-11-19 12:00:00,243.2,243.8,242.1,243.6,65116.987
2023-11-19 16:00:00,243.6,246.0,243.4,245.7,49320.217
2023-11-19 20:00:00,245.8,246.9,244.2,246.4,97060.768
2023-11-20 00:00:00,246.5,247.8,245.3,246.7,73142.332
2023-11-20 04:00:00,246.7,247.5,245.5,247.3,54242.545
2023-11-20 08:00:00,247.3,249.1,246.9,247.5,80923.412
2023-11-20 12:00:00,247.5,248.3,244.2,248.2,128533.972
2023-11-20 16:00:00,248.1,268.4,238.6,257.5,946948.995
2023-11-20 20:00:00,257.4,258.9,250.7,253.1,240003.324
2023-11-21 00:00:00,253.1,267.8,252.4,262.7,432218.214
2023-11-21 04:00:00,262.7,264.4,256.9,257.4,221954.172
2023-11-21 08:00:00,257.4,261.2,257.1,258.7,139704.827
2023-11-21 12:00:00,258.7,271.9,248.0,264.5,712162.992
2023-11-21 16:00:00,264.4,266.9,235.8,240.1,1676416.686
2023-11-21 20:00:00,240.1,248.1,224.0,225.5,867935.887
2023-11-22 00:00:00,225.5,235.0,224.6,234.3,492124.48
2023-11-22 04:00:00,234.2,238.5,232.2,233.0,345084.541
2023-11-22 08:00:00,233.1,237.6,232.6,234.0,228119.88
2023-11-22 12:00:00,234.1,234.8,230.2,231.7,278032.191
2023-11-22 16:00:00,231.6,236.6,229.6,235.3,285895.761
2023-11-22 20:00:00,235.3,238.3,234.2,236.1,162106.392
2023-11-23 00:00:00,236.2,239.2,235.4,235.4,139392.856
2023-11-23 04:00:00,235.5,236.4,233.7,235.2,97648.212
2023-11-23 08:00:00,235.1,236.9,232.2,232.8,144543.964
2023-11-23 12:00:00,232.8,233.7,230.2,230.9,150327.458
2023-11-23 16:00:00,230.9,234.3,230.5,233.7,137616.929
2023-11-23 20:00:00,233.6,234.5,233.1,233.8,48584.958
2023-11-24 00:00:00,233.8,235.6,233.4,234.8,67348.908
2023-11-24 04:00:00,234.7,235.9,234.4,235.4,74019.094
2023-11-24 08:00:00,235.5,236.7,233.5,235.2,173790.585
2023-11-24 12:00:00,235.2,236.3,233.6,235.1,128757.697
2023-11-24 16:00:00,235.1,236.2,231.8,232.7,122596.537
2023-11-24 20:00:00,232.7,233.5,231.6,232.7,50391.494
2023-11-25 00:00:00,232.8,235.4,232.1,234.3,60267.52
2023-11-25 04:00:00,234.4,235.5,233.8,235.5,59593.744
2023-11-25 08:00:00,235.4,235.7,232.3,233.1,70964.629
2023-11-25 12:00:00,233.2,234.0,232.6,233.6,47651.074
2023-11-25 16:00:00,233.7,233.9,232.7,233.2,47243.422
2023-11-25 20:00:00,233.2,234.5,233.0,234.4,27617.875
2023-11-26 00:00:00,234.5,234.5,232.6,232.8,56667.878
2023-11-26 04:00:00,232.8,234.2,232.6,233.9,34140.72
2023-11-26 08:00:00,233.8,234.3,233.3,233.4,48264.315
2023-11-26 12:00:00,233.5,234.1,231.2,231.3,98151.569
2023-11-26 16:00:00,231.4,232.0,227.9,231.5,144192.439
2023-11-26 20:00:00,231.4,232.9,231.1,231.7,56207.801
2023-11-27 00:00:00,231.8,232.9,228.0,229.0,95027.804
2023-11-27 04:00:00,229.0,231.3,227.4,228.8,131175.857
2023-11-27 08:00:00,228.8,229.5,224.6,225.8,224519.935
2023-11-27 12:00:00,225.8,227.5,222.5,222.9,172814.535
2023-11-27 16:00:00,222.9,227.6,222.6,224.6,132038.615
2023-11-27 20:00:00,224.7,227.7,223.5,227.2,75570.288
2023-11-28 00:00:00,227.3,228.5,225.4,226.7,65371.543
2023-11-28 04:00:00,226.6,227.1,224.3,225.9,104928.654
2023-11-28 08:00:00,225.9,229.2,225.2,228.9,92558.209
2023-11-28 12:00:00,229.0,230.6,228.0,229.8,115230.15
2023-11-28 16:00:00,229.8,231.7,229.3,230.3,119952.225
2023-11-28 20:00:00,230.4,231.2,229.0,229.6,49382.081
2023-11-29 00:00:00,229.6,230.5,228.7,229.4,45471.405
2023-11-29 04:00:00,229.4,230.6,229.1,229.8,55296.927
2023-11-29 08:00:00,229.8,231.2,228.1,229.3,89323.021
2023-11-29 12:00:00,229.2,229.7,226.2,227.6,116703.861
2023-11-29 16:00:00,227.6,228.0,226.1,227.5,69886.518
2023-11-29 20:00:00,227.4,227.6,226.5,227.3,39847.269
2023-11-30 00:00:00,227.3,229.0,226.4,228.8,59758.552
2023-11-30 04:00:00,228.8,229.2,227.4,227.7,62811.595
2023-11-30 08:00:00,227.7,228.9,226.7,228.9,62620.373
2023-11-30 12:00:00,228.9,229.1,226.1,226.7,104185.224
2023-11-30 16:00:00,226.6,227.7,225.9,227.3,50662.749
2023-11-30 20:00:00,227.3,227.9,227.0,227.6,20835.926
2023-12-01 00:00:00,227.6,229.3,227.0,229.1,81847.24
2023-12-01 04:00:00,229.2,230.0,228.3,228.7,84842.521
2023-12-01 08:00:00,228.7,229.9,228.3,228.9,88525.041
2023-12-01 12:00:00,228.9,229.1,227.3,228.3,75815.212
2023-12-01 16:00:00,228.3,229.4,227.8,228.7,62631.866
2023-12-01 20:00:00,228.8,229.0,228.1,228.5,32217.395
2023-12-02 00:00:00,228.5,229.8,228.0,229.2,55941.59
2023-12-02 04:00:00,229.3,229.6,228.3,228.3,39867.378
2023-12-02 08:00:00,228.3,228.8,224.8,227.1,94715.709
2023-12-02 12:00:00,227.0,227.9,226.3,227.3,67060.783
2023-12-02 16:00:00,227.3,230.0,226.9,228.9,120653.433
2023-12-02 20:00:00,228.9,230.1,228.6,229.0,77958.04
2023-12-03 00:00:00,229.1,231.9,227.8,228.4,117875.71
2023-12-03 04:00:00,228.5,228.7,227.0,228.1,55875.566
2023-12-03 08:00:00,228.1,229.1,227.7,227.9,85654.671
2023-12-03 12:00:00,228.0,228.2,225.9,226.9,163515.406
2023-12-03 16:00:00,226.9,227.4,226.0,226.9,73042.12
2023-12-03 20:00:00,227.0,229.0,226.4,228.1,98726.141
2023-12-04 00:00:00,228.1,229.9,227.9,228.7,123594.412
2023-12-04 04:00:00,228.7,234.8,228.0,231.9,411069.926
2023-12-04 08:00:00,232.0,237.4,224.8,229.7,530061.796
2023-12-04 12:00:00,229.7,233.0,227.1,229.8,242537.465
2023-12-04 16:00:00,229.9,232.0,229.4,232.0,93274.736
2023-12-04 20:00:00,231.9,233.5,230.8,233.5,75287.636
2023-12-05 00:00:00,233.5,234.9,230.4,232.9,142981.306
2023-12-05 04:00:00,232.9,233.2,227.9,229.4,153091.054
2023-12-05 08:00:00,229.4,230.6,228.3,230.1,110037.649
2023-12-05 12:00:00,230.2,231.8,229.6,231.1,120288.461
2023-12-05 16:00:00,231.1,233.0,230.3,231.2,250315.858
2023-12-05 20:00:00,231.1,231.7,230.1,231.2,85082.052
2023-12-06 00:00:00,231.3,232.8,230.7,231.8,134453.093
2023-12-06 04:00:00,231.8,233.6,228.6,233.3,196505.753
2023-12-06 08:00:00,233.3,234.8,228.7,230.2,205850.744
2023-12-06 12:00:00,230.3,231.2,229.1,230.0,113409.751
2023-12-06 16:00:00,230.1,231.8,229.5,230.9,84401.463
2023-12-06 20:00:00,230.8,232.4,229.0,229.4,124173.328
2023-12-07 00:00:00,229.5,232.9,229.3,232.7,99690.391
2023-12-07 04:00:00,232.8,234.8,232.1,232.5,146369.319
2023-12-07 08:00:00,232.5,232.9,228.3,230.2,173020.741
2023-12-07 12:00:00,230.2,233.4,230.1,232.7,134758.818
2023-12-07 16:00:00,232.8,234.1,230.1,230.7,169278.659
2023-12-07 20:00:00,230.8,233.2,230.4,232.6,70453.319
2023-12-08 00:00:00,232.6,236.6,232.4,235.5,166397.041
2023-12-08 04:00:00,235.5,237.2,232.3,233.0,156687.244
2023-12-08 08:00:00,233.0,235.6,232.2,234.6,131619.922
2023-12-08 12:00:00,234.6,236.3,233.7,235.1,125100.175
2023-12-08 16:00:00,235.1,238.4,234.6,237.9,114160.971
2023-12-08 20:00:00,237.9,240.0,237.9,238.9,70673.167
2023-12-09 00:00:00,238.8,244.8,238.8,243.7,174725.266
2023-12-09 04:00:00,243.6,245.5,242.7,243.9,134872.657
2023-12-09 08:00:00,243.9,245.2,238.5,242.4,233139.84
2023-12-09 12:00:00,242.5,243.0,238.6,240.7,127573.016
2023-12-09 16:00:00,240.7,240.9,237.5,239.7,95093.475
2023-12-09 20:00:00,239.7,240.1,236.3,237.7,72693.969
2023-12-10 00:00:00,237.8,240.8,237.4,240.6,67719.239
2023-12-10 04:00:00,240.6,241.4,239.3,240.6,61309.852
2023-12-10 08:00:00,240.7,240.9,236.8,238.4,121226.611
2023-12-10 12:00:00,238.5,241.3,238.2,240.0,75090.763
2023-12-10 16:00:00,240.0,240.4,238.6,240.1,46231.549
2023-12-10 20:00:00,240.0,240.9,239.0,239.8,62013.52
2023-12-11 00:00:00,239.8,241.4,228.0,233.2,377010.922
2023-12-11 04:00:00,233.3,234.3,230.9,232.5,157447.199
2023-12-11 08:00:00,232.5,237.9,231.5,236.0,164827.967
2023-12-11 12:00:00,236.1,248.2,234.9,244.3,776933.003
2023-12-11 16:00:00,244.3,247.0,236.8,240.0,394247.491
2023-12-11 20:00:00,240.0,246.7,239.8,246.4,140251.19
2023-12-12 00:00:00,246.4,253.8,245.5,253.3,302475.874
2023-12-12 04:00:00,253.3,254.3,248.3,250.4,322092.499
2023-12-12 08:00:00,250.3,251.3,248.5,250.2,149057.94
2023-12-12 12:00:00,250.2,256.2,249.4,254.1,491921.092
2023-12-12 16:00:00,254.2,257.3,248.9,255.4,409108.764
2023-12-12 20:00:00,255.4,256.9,253.5,254.6,203014.46
2023-12-13 00:00:00,254.6,255.0,245.2,246.3,398884.205
2023-12-13 04:00:00,246.4,248.7,244.1,247.9,180169.948
2023-12-13 08:00:00,247.9,252.0,247.8,249.5,154799.366
2023-12-13 12:00:00,249.4,251.8,248.6,251.5,182035.637
2023-12-13 16:00:00,251.5,253.7,250.0,253.4,124499.391
2023-12-13 20:00:00,253.4,255.9,251.6,252.0,108793.792
2023-12-14 00:00:00,252.1,253.4,248.4,248.6,164433.637
2023-12-14 04:00:00,248.7,251.0,248.2,251.0,100625.525
2023-12-14 08:00:00,251.0,253.2,250.5,252.1,132740.034
2023-12-14 12:00:00,252.1,252.8,247.7,251.3,237038.289
2023-12-14 16:00:00,251.3,254.0,250.8,251.9,111980.411
2023-12-14 20:00:00,252.0,254.0,250.9,253.3,72128.891
2023-12-15 00:00:00,253.2,253.4,251.0,251.0,71855.52
2023-12-15 04:00:00,251.1,251.4,248.9,249.0,91086.928
2023-12-15 08:00:00,249.1,250.9,248.2,249.7,107315.948
2023-12-15 12:00:00,249.8,250.0,245.0,246.1,196003.513
2023-12-15 16:00:00,246.0,248.2,245.4,246.5,83913.438
2023-12-15 20:00:00,246.6,247.7,242.6,244.9,105479.545
2023-12-16 00:00:00,244.9,248.4,242.7,247.7,95712.93
2023-12-16 04:00:00,247.8,248.0,246.0,246.7,58405.371
2023-12-16 08:00:00,246.8,247.3,246.1,247.0,57088.862
2023-12-16 12:00:00,247.1,247.1,245.4,246.4,68701.898
2023-12-16 16:00:00,246.4,247.3,243.9,245.3,113613.335
2023-12-16 20:00:00,245.3,245.8,243.7,244.4,50557.934
2023-12-17 00:00:00,244.4,244.5,242.4,243.1,76568.039
2023-12-17 04:00:00,243.0,243.5,239.5,240.4,92943.791
2023-12-17 08:00:00,240.3,242.2,240.0,241.5,58956.907
2023-12-17 12:00:00,241.5,242.3,239.9,242.1,90879.844
2023-12-17 16:00:00,242.2,244.0,241.7,242.6,75613.714
2023-12-17 20:00:00,242.6,243.5,238.8,238.8,69995.151
2023-12-18 00:00:00,238.9,240.2,235.3,237.3,230844.956
2023-12-18 04:00:00,237.3,238.4,235.7,236.7,139677.977
2023-12-18 08:00:00,236.7,238.1,232.0,235.6,260035.341
2023-12-18 12:00:00,235.6,239.3,234.3,237.0,118607.454
2023-12-18 16:00:00,237.0,239.0,236.4,238.3,65269.721
2023-12-18 20:00:00,238.3,241.7,237.5,241.7,61753.795
2023-12-19 00:00:00,241.7,247.0,241.3,245.2,165391.698
2023-12-19 04:00:00,245.1,247.5,244.7,244.9,102043.351
2023-12-19 08:00:00,244.9,253.1,244.6,252.0,491670.995
2023-12-19 12:00:00,252.1,253.9,249.4,251.4,369140.17
2023-12-19 16:00:00,251.5,254.4,250.4,253.7,299274.604
2023-12-19 20:00:00,253.7,254.8,251.3,252.9,141646.576
2023-12-20 00:00:00,252.8,254.4,250.1,252.2,210313.224
2023-12-20 04:00:00,252.2,256.4,251.8,256.4,205059.021
2023-12-20 08:00:00,256.4,257.8,255.2,255.6,161620.731
2023-12-20 12:00:00,255.5,259.6,255.4,258.2,259224.658
2023-12-20 16:00:00,258.3,261.9,257.8,259.7,169947.739
2023-12-20 20:00:00,259.8,260.4,255.7,260.3,110785.629
2023-12-21 00:00:00,260.4,260.6,256.2,258.5,114517.206
2023-12-21 04:00:00,258.5,261.9,256.7,260.8,120804.326
2023-12-21 08:00:00,260.9,271.9,260.8,271.6,422469.82
2023-12-21 12:00:00,271.7,274.9,270.0,271.7,353396.772
2023-12-21 16:00:00,271.7,273.4,268.5,270.2,197170.342
2023-12-21 20:00:00,270.2,272.1,269.4,272.1,78409.187
2023-12-22 00:00:00,272.1,273.2,269.9,271.6,104151.013
2023-12-22 04:00:00,271.6,276.5,264.9,265.2,296236.605
2023-12-22 08:00:00,265.2,271.6,265.0,270.3,233679.102
2023-12-22 12:00:00,270.2,272.7,266.5,271.6,157369.055
2023-12-22 16:00:00,271.6,272.1,268.1,270.0,113458.13
2023-12-22 20:00:00,269.9,273.0,269.9,271.1,62926.016
2023-12-23 00:00:00,271.1,272.0,265.9,266.3,94030.721
2023-12-23 04:00:00,266.3,268.5,265.6,266.4,60993.047
2023-12-23 08:00:00,266.4,268.6,266.2,268.1,46994.938
2023-12-23 12:00:00,268.2,270.0,267.9,269.8,79632.058
2023-12-23 16:00:00,269.8,271.6,269.1,270.3,65730.174
2023-12-23 20:00:00,270.3,272.0,270.1,271.0,60832.474
2023-12-24 00:00:00,271.0,272.9,269.7,270.0,96168.518
2023-12-24 04:00:00,270.0,271.0,266.3,269.2,100792.758
2023-12-24 08:00:00,269.3,269.3,266.0,268.2,80871.332
2023-12-24 12:00:00,268.1,271.3,267.4,269.5,123612.699
2023-12-24 16:00:00,269.5,269.8,268.0,268.6,74479.448
2023-12-24 20:00:00,268.7,268.7,261.9,264.5,96720.38
2023-12-25 00:00:00,264.4,265.3,261.5,264.8,90626.184
2023-12-25 04:00:00,264.7,267.3,264.6,265.1,57449.144
2023-12-25 08:00:00,265.1,266.3,262.8,264.7,84210.567
2023-12-25 12:00:00,264.6,268.2,263.7,267.1,119850.916
2023-12-25 16:00:00,267.1,267.5,264.4,266.0,65575.312
2023-12-25 20:00:00,265.9,267.6,263.9,266.9,52031.3
2023-12-26 00:00:00,266.8,271.2,264.5,271.1,106825.052
2023-12-26 04:00:00,271.1,273.9,264.0,273.0,210805.004
2023-12-26 08:00:00,273.0,290.2,272.6,290.2,790882.927
2023-12-26 12:00:00,290.1,303.2,287.5,296.0,668384.688
2023-12-26 16:00:00,296.1,298.8,285.0,295.6,406099.25
2023-12-26 20:00:00,295.6,298.4,293.3,297.7,173248.424
2023-12-27 00:00:00,297.7,298.4,285.1,290.0,339574.115
2023-12-27 04:00:00,290.1,296.2,288.9,293.2,235169.735
2023-12-27 08:00:00,293.2,310.7,291.9,310.6,530729.54
2023-12-27 12:00:00,310.6,314.4,305.0,311.5,532383.856
2023-12-27 16:00:00,311.5,315.8,305.9,312.4,268745.194
2023-12-27 20:00:00,312.4,324.4,310.9,324.1,219852.17
2023-12-28 00:00:00,324.0,328.9,320.0,326.0,444984.171
2023-12-28 04:00:00,326.0,330.3,320.1,323.8,333760.804
2023-12-28 08:00:00,323.9,336.4,323.4,335.9,436981.99
2023-12-28 12:00:00,336.0,338.3,324.1,329.0,588559.763
2023-12-28 16:00:00,329.1,334.5,327.2,330.4,283417.149
2023-12-28 20:00:00,330.4,330.5,321.3,322.6,161432.342
2023-12-29 00:00:00,322.6,325.6,315.3,321.0,289744.862
2023-12-29 04:00:00,321.0,322.3,312.1,313.3,189833.033
2023-12-29 08:00:00,313.4,319.9,312.6,317.8,265751.33
2023-12-29 12:00:00,317.9,321.8,309.4,311.7,329513.757
2023-12-29 16:00:00,311.8,314.5,308.1,314.2,254765.879
2023-12-29 20:00:00,314.3,314.4,307.0,313.7,77413.879
2023-12-30 00:00:00,313.7,317.2,312.2,315.9,90825.909
2023-12-30 04:00:00,315.9,319.7,315.0,318.2,91855.484
2023-12-30 08:00:00,318.3,319.2,313.0,316.7,120685.238
2023-12-30 12:00:00,316.7,320.8,314.9,318.7,119426.544
2023-12-30 16:00:00,318.8,320.3,315.6,316.2,79118.18
2023-12-30 20:00:00,316.2,318.3,313.7,317.1,59942.058
2023-12-31 00:00:00,317.0,320.2,316.4,319.7,85476.064
2023-12-31 04:00:00,319.6,325.5,318.8,322.7,218014.387
2023-12-31 08:00:00,322.7,323.8,317.7,317.9,118758.491
2023-12-31 12:00:00,317.9,318.7,315.3,315.7,79360.107
2023-12-31 16:00:00,315.7,319.0,315.4,316.2,60738.75
2023-12-31 20:00:00,316.3,316.3,307.4,311.8,104749.758
2024-01-01 00:00:00,311.9,316.0,308.8,309.2,106152.151
2024-01-01 04:00:00,309.2,311.2,307.0,310.6,122605.091
2024-01-01 08:00:00,310.6,312.5,309.0,309.5,122678.543
2024-01-01 12:00:00,309.4,312.6,308.8,312.5,107519.164
2024-01-01 16:00:00,312.5,313.3,310.5,311.8,99459.79
2024-01-01 20:00:00,311.9,315.5,311.2,313.5,61040.419
2024-01-02 00:00:00,313.5,320.3,312.1,319.2,195039.031
2024-01-02 04:00:00,319.2,319.3,316.7,317.4,72773.27
2024-01-02 08:00:00,317.4,320.4,317.2,319.8,126336.383
2024-01-02 12:00:00,319.8,321.3,305.8,308.4,317944.526
2024-01-02 16:00:00,308.5,311.3,307.5,311.2,168898.556
2024-01-02 20:00:00,311.2,312.5,309.4,312.2,56772.971
2024-01-03 00:00:00,312.3,314.8,311.5,312.7,55030.271
2024-01-03 04:00:00,312.7,321.6,312.7,316.8,173199.933
2024-01-03 08:00:00,316.8,334.3,316.7,323.0,603119.394
2024-01-03 12:00:00,323.1,323.5,293.6,316.9,870400.629
2024-01-03 16:00:00,316.9,321.9,310.0,314.0,343088.719
2024-01-03 20:00:00,314.0,318.7,313.5,315.8,87319.176
2024-01-04 00:00:00,315.9,317.8,310.9,317.2,115670.989
2024-01-04 04:00:00,317.3,322.3,316.4,318.5,167405.767
2024-01-04 08:00:00,318.5,324.3,316.5,316.9,351464.077
2024-01-04 12:00:00,316.8,321.6,315.4,319.7,270361.572
2024-01-04 16:00:00,319.7,321.3,317.4,318.2,144608.738
2024-01-04 20:00:00,318.3,323.8,318.2,323.7,84263.814
2024-01-05 00:00:00,323.6,327.3,317.7,321.4,269282.399
2024-01-05 04:00:00,321.4,323.4,316.9,317.5,200000.8
2024-01-05 08:00:00,317.5,321.7,316.6,319.0,196395.437
2024-01-05 12:00:00,319.0,319.5,311.5,313.7,255023.944
2024-01-05 16:00:00,313.6,314.9,308.6,314.1,164355.326
2024-01-05 20:00:00,314.1,318.0,314.0,317.5,71998.37
2024-01-06 00:00:00,317.6,317.6,303.4,307.8,389138.419
2024-01-06 04:00:00,307.8,308.7,300.2,303.7,229404.49
2024-01-06 08:00:00,303.7,307.8,302.3,307.0,90976.554
2024-01-06 12:00:00,307.0,308.0,303.7,307.0,85594.213
2024-01-06 16:00:00,307.0,308.1,304.9,305.9,63550.141
2024-01-06 20:00:00,305.9,307.9,304.5,307.5,50694.366
2024-01-07 00:00:00,307.6,308.6,305.1,306.6,48529.426
2024-01-07 04:00:00,306.6,309.1,306.4,309.0,61677.533
2024-01-07 08:00:00,309.0,310.0,305.5,306.2,87383.408
2024-01-07 12:00:00,306.2,308.0,304.0,305.6,91841.884
2024-01-07 16:00:00,305.6,306.7,302.7,306.4,108701.085
2024-01-07 20:00:00,306.5,306.9,300.0,302.4,100233.753
2024-01-08 00:00:00,302.5,302.6,290.0,293.9,270844.313
2024-01-08 04:00:00,293.9,300.0,292.7,298.8,115149.164
2024-01-08 08:00:00,298.7,300.5,296.4,299.1,118588.763
2024-01-08 12:00:00,299.1,303.0,298.9,301.1,199789.721
2024-01-08 16:00:00,301.0,308.1,299.4,307.7,180958.168
2024-01-08 20:00:00,307.7,308.0,303.6,303.7,99260.713
2024-01-09 00:00:00,303.6,304.8,297.9,298.4,170118.888
2024-01-09 04:00:00,298.5,304.6,298.0,304.3,153805.088
2024-01-09 08:00:00,304.4,306.8,301.4,304.4,290277.471
2024-01-09 12:00:00,304.5,305.1,297.4,301.1,380745.467
2024-01-09 16:00:00,301.2,302.4,297.8,299.6,186063.621
2024-01-09 20:00:00,299.7,302.4,295.7,301.1,220479.62
2024-01-10 00:00:00,301.1,303.0,300.3,301.8,75175.773
2024-01-10 04:00:00,301.9,302.6,299.4,299.7,57602.093
2024-01-10 08:00:00,299.8,301.1,297.7,299.4,91067.594
2024-01-10 12:00:00,299.5,299.7,288.8,294.7,245659.609
2024-01-10 16:00:00,294.7,298.2,293.1,298.0,154301.502
2024-01-10 20:00:00,298.0,310.0,290.0,305.8,408758.906
2024-01-11 00:00:00,305.7,306.8,301.9,306.6,159070.096
2024-01-11 04:00:00,306.6,308.6,302.6,307.4,124028.73
2024-01-11 08:00:00,307.5,316.6,307.1,314.5,263996.608
2024-01-11 12:00:00,314.5,316.8,304.8,307.4,372929.699
2024-01-11 16:00:00,307.4,309.3,301.4,309.2,198854.374
2024-01-11 20:00:00,309.2,310.1,305.8,308.2,60722.036
2024-01-12 00:00:00,308.2,313.0,305.4,310.6,142994.695
2024-01-12 04:00:00,310.6,313.0,307.3,308.6,134084.951
2024-01-12 08:00:00,308.6,311.5,306.7,310.5,122935.747
2024-01-12 12:00:00,310.6,312.4,304.8,305.6,202887.042
2024-01-12 16:00:00,305.6,306.9,296.8,300.9,224512.291
2024-01-12 20:00:00,300.9,302.4,289.1,296.6,175926.048
2024-01-13 00:00:00,296.7,297.7,290.8,296.1,111797.608
2024-01-13 04:00:00,296.2,299.6,295.5,299.3,60426.399
2024-01-13 08:00:00,299.3,300.4,297.0,299.1,81702.957
2024-01-13 12:00:00,299.1,302.7,297.9,302.4,71376.163
2024-01-13 16:00:00,302.4,303.0,300.6,301.6,70168.733
2024-01-13 20:00:00,301.6,303.1,301.3,302.2,41312.379
2024-01-14 00:00:00,302.2,303.0,300.1,302.2,49239.779
2024-01-14 04:00:00,302.1,305.4,300.9,304.3,55765.993
2024-01-14 08:00:00,304.2,305.4,303.0,303.2,45762.72
2024-01-14 12:00:00,303.3,306.7,302.9,305.2,66300.155
2024-01-14 16:00:00,305.3,306.6,303.4,304.0,76578.427
2024-01-14 20:00:00,304.1,305.4,298.7,299.5,99407.873
2024-01-15 00:00:00,299.4,310.0,299.4,309.6,101616.112
2024-01-15 04:00:00,309.6,319.9,309.5,314.9,371503.108
2024-01-15 08:00:00,315.0,317.0,311.5,312.9,235424.325
2024-01-15 12:00:00,312.9,320.6,312.3,314.4,615665.696
2024-01-15 16:00:00,314.4,319.1,314.1,318.4,194046.276
2024-01-15 20:00:00,318.4,319.0,312.4,317.5,186285.373
2024-01-16 00:00:00,317.6,318.8,313.7,315.6,265029.771
2024-01-16 04:00:00,315.6,317.9,314.8,316.4,100700.916
2024-01-16 08:00:00,316.4,319.4,315.2,317.9,182446.962
2024-01-16 12:00:00,317.9,318.9,313.0,317.0,211979.06
2024-01-16 16:00:00,316.9,318.3,313.3,315.2,123297.806
2024-01-16 20:00:00,315.3,317.4,315.0,315.2,67694.93
2024-01-17 00:00:00,315.1,316.3,313.3,314.6,98438.619
2024-01-17 04:00:00,314.7,315.0,308.5,308.8,147826.695
2024-01-17 08:00:00,308.9,314.4,307.8,313.1,293398.013
2024-01-17 12:00:00,313.0,315.0,311.2,312.1,307059.403
2024-01-17 16:00:00,312.1,312.5,308.0,308.4,128414.656
2024-01-17 20:00:00,308.4,311.4,306.8,309.4,96206.11
2024-01-18 00:00:00,309.3,310.5,305.7,309.6,120615.914
2024-01-18 04:00:00,309.5,312.9,308.6,311.7,100772.941
2024-01-18 08:00:00,311.6,312.9,310.4,312.3,136468.466
2024-01-18 12:00:00,312.3,315.6,310.1,315.3,190353.539
2024-01-18 16:00:00,315.4,315.4,307.9,308.8,238958.195
2024-01-18 20:00:00,308.9,315.2,307.7,313.0,133952.834
2024-01-19 00:00:00,313.0,313.4,308.1,311.0,192263.447
2024-01-19 04:00:00,311.0,312.7,310.3,311.5,87558.518
2024-01-19 08:00:00,311.5,314.5,311.1,314.1,84471.34
2024-01-19 12:00:00,314.1,316.2,311.0,311.4,158468.417
2024-01-19 16:00:00,311.4,313.8,305.0,313.7,259853.192
2024-01-19 20:00:00,313.7,314.7,311.6,314.7,53109.486
2024-01-20 00:00:00,314.7,315.8,312.8,313.4,61716.606
2024-01-20 04:00:00,313.4,314.2,312.7,313.2,40412.502
2024-01-20 08:00:00,313.2,315.2,312.2,315.0,68558.873
2024-01-20 12:00:00,315.0,315.3,313.0,314.1,60487.894
2024-01-20 16:00:00,314.1,315.3,313.9,314.7,41269.306
2024-01-20 20:00:00,314.8,317.3,314.5,317.2,53645.006
2024-01-21 00:00:00,317.3,319.5,316.1,318.5,80863.956
2024-01-21 04:00:00,318.5,318.9,317.2,317.5,42709.019
2024-01-21 08:00:00,317.5,319.6,317.3,319.3,52026.34
2024-01-21 12:00:00,319.3,319.6,317.5,318.9,55619.899
2024-01-21 16:00:00,318.9,321.6,317.9,320.6,72143.264
2024-01-21 20:00:00,320.6,321.7,318.2,318.6,56401.835
2024-01-22 00:00:00,318.7,320.3,315.3,316.7,101169.488
2024-01-22 04:00:00,316.7,318.6,314.1,317.8,69465.865
2024-01-22 08:00:00,317.9,317.9,310.7,313.5,134707.581
2024-01-22 12:00:00,313.4,315.3,308.4,311.1,173311.675
2024-01-22 16:00:00,311.2,312.5,303.6,306.6,145187.554
2024-01-22 20:00:00,306.6,309.6,304.8,305.9,80595.484
2024-01-23 00:00:00,305.9,311.7,305.2,310.4,75635.639
2024-01-23 04:00:00,310.3,311.6,307.1,308.3,48165.756
2024-01-23 08:00:00,308.4,309.3,291.7,295.9,355910.328
2024-01-23 12:00:00,296.0,298.8,290.3,296.7,241165.065
2024-01-23 16:00:00,296.8,298.9,294.3,294.4,122390.509
2024-01-23 20:00:00,294.3,298.9,292.9,298.8,84928.081
2024-01-24 00:00:00,298.8,300.7,297.6,298.2,65340.564
2024-01-24 04:00:00,298.3,298.5,291.3,293.2,166507.448
2024-01-24 08:00:00,293.2,297.2,291.8,295.4,171762.673
2024-01-24 12:00:00,295.5,297.9,292.3,294.2,192504.575
2024-01-24 16:00:00,294.1,294.6,290.3,292.2,137488.58
2024-01-24 20:00:00,292.2,293.9,290.8,293.1,68708.975
2024-01-25 00:00:00,293.0,293.8,287.5,290.5,150848.744
2024-01-25 04:00:00,290.4,292.3,287.6,292.1,107121.902
2024-01-25 08:00:00,292.1,295.5,289.2,294.9,271150.328
2024-01-25 12:00:00,294.8,296.7,291.6,292.6,241935.157
2024-01-25 16:00:00,292.6,293.4,288.8,291.7,156528.496
2024-01-25 20:00:00,291.8,292.6,290.5,292.1,76572.092
2024-01-26 00:00:00,292.1,295.4,290.7,293.9,69698.91
2024-01-26 04:00:00,293.8,295.2,293.4,294.7,54449.626
2024-01-26 08:00:00,294.7,304.2,294.5,302.9,254451.158
2024-01-26 12:00:00,303.0,303.5,300.8,302.8,170316.706
2024-01-26 16:00:00,302.7,303.8,301.5,301.7,121985.199
2024-01-26 20:00:00,301.7,302.7,301.2,302.2,39040.805
2024-01-27 00:00:00,302.2,307.7,301.9,305.7,67618.816
2024-01-27 04:00:00,305.6,306.7,302.3,303.0,55587.792
2024-01-27 08:00:00,303.1,304.6,302.4,303.9,36910.627
2024-01-27 12:00:00,303.9,304.4,303.0,303.7,34104.274
2024-01-27 16:00:00,303.7,305.8,302.8,305.6,36074.205
2024-01-27 20:00:00,305.7,307.0,304.9,305.6,55061.953
2024-01-28 00:00:00,305.7,306.3,304.1,306.0,57725.348
2024-01-28 04:00:00,306.0,308.9,305.3,305.9,91163.305
2024-01-28 08:00:00,305.9,309.1,305.6,307.1,51758.335
2024-01-28 12:00:00,307.1,308.0,304.8,305.1,103903.924
2024-01-28 16:00:00,305.1,306.2,303.5,303.9,57533.819
2024-01-28 20:00:00,303.9,305.8,303.1,305.3,47318.326
2024-01-29 00:00:00,305.3,307.5,304.4,306.1,53622.382
2024-01-29 04:00:00,306.1,306.8,305.7,306.0,38469.816
2024-01-29 08:00:00,306.1,309.6,305.5,308.0,87502.128
2024-01-29 12:00:00,308.0,308.9,305.1,308.5,107615.987
2024-01-29 16:00:00,308.4,310.6,308.0,310.0,106146.989
2024-01-29 20:00:00,310.0,311.0,309.5,310.7,49442.203
2024-01-30 00:00:00,310.7,313.1,310.0,310.9,69677.621
2024-01-30 04:00:00,310.9,311.8,310.1,311.1,43844.826
2024-01-30 08:00:00,311.1,311.5,309.7,310.7,51574.408
2024-01-30 12:00:00,310.6,312.1,307.5,309.2,112080.936
2024-01-30 16:00:00,309.3,311.1,308.9,309.7,57358.823
2024-01-30 20:00:00,309.8,310.9,306.3,307.6,51838.853
2024-01-31 00:00:00,307.7,308.2,305.6,306.8,53042.759
2024-01-31 04:00:00,306.8,307.4,305.9,307.0,45648.206
2024-01-31 08:00:00,307.0,307.7,301.0,303.2,85113.774
2024-01-31 12:00:00,303.2,305.1,300.1,304.7,105390.34
2024-01-31 16:00:00,304.7,305.7,303.2,304.6,72088.149
2024-01-31 20:00:00,304.7,304.8,298.6,300.5,97724.47
2024-02-01 00:00:00,300.5,301.4,296.4,298.4,92192.521
2024-02-01 04:00:00,298.5,300.0,297.4,298.1,77518.503
2024-02-01 08:00:00,298.1,300.7,297.4,299.2,49734.377
2024-02-01 12:00:00,299.1,302.2,298.5,299.8,71006.507
2024-02-01 16:00:00,299.9,301.8,298.2,300.8,53929.745
2024-02-01 20:00:00,300.7,301.3,299.1,300.2,28888.136
2024-02-02 00:00:00,300.2,302.9,299.8,302.4,43217.343
2024-02-02 04:00:00,302.5,303.8,301.3,303.4,40967.652
2024-02-02 08:00:00,303.4,305.2,302.1,303.0,74409.567
2024-02-02 12:00:00,303.0,303.5,299.9,302.4,81752.884
2024-02-02 16:00:00,302.5,302.9,300.1,300.6,48707.045
2024-02-02 20:00:00,300.7,301.6,300.0,301.4,20447.158
2024-02-03 00:00:00,301.4,303.0,300.9,302.5,42666.22
2024-02-03 04:00:00,302.4,303.8,302.0,302.1,36332.559
2024-02-03 08:00:00,302.2,302.5,301.4,301.5,27211.97
2024-02-03 12:00:00,301.4,302.1,299.5,300.4,38668.729
2024-02-03 16:00:00,300.3,301.9,299.8,300.2,24994.595
2024-02-03 20:00:00,300.3,300.9,299.6,299.7,28856.889
2024-02-04 00:00:00,299.6,301.3,298.3,300.6,48813.113
2024-02-04 04:00:00,300.6,300.6,298.0,299.4,31958.393
2024-02-04 08:00:00,299.4,300.8,299.3,299.9,28319.409
2024-02-04 12:00:00,300.0,307.2,299.8,305.9,211178.453
2024-02-04 16:00:00,305.9,306.7,304.3,305.4,113081.672
2024-02-04 20:00:00,305.5,307.7,303.9,304.7,70054.283
2024-02-05 00:00:00,304.7,306.8,302.8,304.3,105305.979
2024-02-05 04:00:00,304.4,306.8,301.6,304.5,120099.513
2024-02-05 08:00:00,304.6,305.7,303.0,304.8,63517.523
2024-02-05 12:00:00,304.9,304.9,300.6,300.9,117656.316
2024-02-05 16:00:00,301.0,301.9,300.2,301.6,40893.642
2024-02-05 20:00:00,301.7,301.9,299.5,301.2,41199.298
2024-02-06 00:00:00,301.2,303.0,300.9,302.3,29728.945
2024-02-06 04:00:00,302.3,302.7,301.1,301.7,22215.819
2024-02-06 08:00:00,301.7,303.8,301.2,301.6,62653.424
2024-02-06 12:00:00,301.7,304.1,301.6,302.9,80423.772
2024-02-06 16:00:00,302.9,303.9,302.3,303.6,42522.379
2024-02-06 20:00:00,303.6,303.8,302.6,302.7,23217.982
2024-02-07 00:00:00,302.8,303.3,300.9,300.9,38748.778
2024-02-07 04:00:00,300.9,303.0,300.7,302.4,52505.584
2024-02-07 08:00:00,302.3,304.4,302.1,302.6,56270.901
2024-02-07 12:00:00,302.7,304.3,302.4,303.3,65160.403
2024-02-07 16:00:00,303.3,307.7,303.2,306.6,82340.324
2024-02-07 20:00:00,306.7,308.7,306.6,307.3,57395.799
2024-02-08 00:00:00,307.4,313.9,307.3,311.6,240816.901
2024-02-08 04:00:00,311.5,315.4,311.5,314.8,157924.017
2024-02-08 08:00:00,314.8,316.9,314.6,316.9,108962.446
2024-02-08 12:00:00,316.8,320.6,315.5,319.9,159660.638
2024-02-08 16:00:00,320.0,320.1,315.0,318.0,165347.751
2024-02-08 20:00:00,318.0,320.0,317.7,319.2,88784.749
2024-02-09 00:00:00,319.2,323.3,317.9,321.0,128001.981
2024-02-09 04:00:00,321.0,323.0,319.9,321.0,124061.572
2024-02-09 08:00:00,321.0,325.6,320.8,325.3,149889.317
2024-02-09 12:00:00,325.3,326.3,321.2,322.2,184747.924
2024-02-09 16:00:00,322.1,325.2,321.6,323.0,85781.232
2024-02-09 20:00:00,323.0,324.4,322.1,324.0,66696.055
2024-02-10 00:00:00,324.0,325.1,322.5,324.8,58053.964
2024-02-10 04:00:00,324.8,325.4,323.1,323.5,33091.578
2024-02-10 08:00:00,323.5,323.8,318.9,320.1,87396.66
2024-02-10 12:00:00,320.2,322.0,319.8,321.2,55681.929
2024-02-10 16:00:00,321.2,322.4,320.8,322.0,43013.195
2024-02-10 20:00:00,322.0,323.9,321.8,323.0,44239.738
2024-02-11 00:00:00,323.0,324.1,321.8,323.9,43802.454
2024-02-11 04:00:00,323.9,324.9,323.1,324.3,51888.699
2024-02-11 08:00:00,324.4,324.8,321.7,322.3,47819.059
2024-02-11 12:00:00,322.3,322.9,320.2,321.0,57285.572
2024-02-11 16:00:00,321.1,322.4,320.8,321.9,44457.197
2024-02-11 20:00:00,321.8,322.3,320.1,320.7,35055.124
2024-02-12 00:00:00,320.6,322.1,318.1,319.6,63501.741
2024-02-12 04:00:00,319.6,320.5,315.6,318.2,68801.517
2024-02-12 08:00:00,318.2,318.8,315.6,317.2,44623.829
2024-02-12 12:00:00,317.2,322.5,316.8,322.2,77442.239
2024-02-12 16:00:00,322.2,332.2,321.0,324.8,235340.998
2024-02-12 20:00:00,324.9,329.3,324.9,327.8,87023.838
2024-02-13 00:00:00,327.9,329.2,326.1,326.5,57824.928
2024-02-13 04:00:00,326.5,327.6,326.0,326.2,61754.136
2024-02-13 08:00:00,326.2,328.0,324.6,326.7,74272.29
2024-02-13 12:00:00,326.7,326.9,318.6,322.2,152002.94
2024-02-13 16:00:00,322.2,323.5,319.9,322.7,59989.583
2024-02-13 20:00:00,322.8,325.0,322.5,324.7,35701.953
2024-02-14 00:00:00,324.6,326.2,323.4,326.0,38170.326
2024-02-14 04:00:00,326.1,328.2,325.1,328.0,48770.101
2024-02-14 08:00:00,328.0,333.7,327.7,332.7,129303.016
2024-02-14 12:00:00,332.7,334.6,330.2,332.6,113894.803
2024-02-14 16:00:00,332.6,334.5,330.6,332.6,84474.152
2024-02-14 20:00:00,332.6,334.6,332.4,333.9,37854.582
2024-02-15 00:00:00,333.9,344.9,333.3,342.2,239399.172
2024-02-15 04:00:00,342.2,345.5,337.7,345.4,114435.56
2024-02-15 08:00:00,345.5,348.0,342.8,346.8,111391.761
2024-02-15 12:00:00,346.7,366.6,345.2,360.4,559512.798
2024-02-15 16:00:00,360.3,360.7,352.3,355.9,244878.428
2024-02-15 20:00:00,355.9,356.0,349.4,354.2,91972.684
2024-02-16 00:00:00,354.3,366.8,353.2,361.9,170591.571
2024-02-16 04:00:00,361.9,363.7,354.4,356.3,124047.952
2024-02-16 08:00:00,356.3,357.6,350.8,357.6,146859.246
2024-02-16 12:00:00,357.6,365.3,356.0,358.5,379635.303
2024-02-16 16:00:00,358.5,363.4,349.1,354.5,194336.743
2024-02-16 20:00:00,354.5,361.0,354.1,360.4,46385.171
2024-02-17 00:00:00,360.4,363.7,357.8,360.0,112732.273
2024-02-17 04:00:00,359.9,361.0,355.8,359.8,67316.702
2024-02-17 08:00:00,359.8,360.0,354.9,357.1,85530.216
2024-02-17 12:00:00,357.1,359.6,348.2,351.5,227316.885
2024-02-17 16:00:00,351.4,355.2,349.3,353.3,77682.184
2024-02-17 20:00:00,353.4,354.9,352.0,352.9,59688.26
2024-02-18 00:00:00,352.9,353.5,349.1,351.7,80310.254
2024-02-18 04:00:00,351.7,356.6,351.0,355.5,94773.776
2024-02-18 08:00:00,355.5,358.1,354.3,354.5,71880.25
2024-02-18 12:00:00,354.4,355.1,351.6,352.7,75695.565
2024-02-18 16:00:00,352.7,353.0,350.4,351.5,77942.535
2024-02-18 20:00:00,351.4,353.8,349.3,349.8,95065.254
2024-02-19 00:00:00,349.8,355.7,349.3,352.2,167857.15
2024-02-19 04:00:00,352.3,354.7,350.2,354.4,106128.448
2024-02-19 08:00:00,354.5,354.7,350.3,353.2,200902.994
2024-02-19 12:00:00,353.2,354.6,350.8,354.3,174024.751
2024-02-19 16:00:00,354.3,356.2,351.2,352.5,125855.424
2024-02-19 20:00:00,352.6,354.6,351.2,351.6,56148.767
2024-02-20 00:00:00,351.7,355.4,350.7,352.9,134575.428
2024-02-20 04:00:00,352.9,361.6,352.0,357.6,169199.34
2024-02-20 08:00:00,357.7,358.8,351.9,357.7,159623.377
2024-02-20 12:00:00,357.7,360.0,349.0,351.2,287332.496
2024-02-20 16:00:00,351.2,354.2,344.8,354.0,157622.289
2024-02-20 20:00:00,354.1,356.8,353.1,354.6,64297.628
2024-02-21 00:00:00,354.6,355.6,352.5,353.4,55048.544
2024-02-21 04:00:00,353.4,360.5,350.9,360.4,193364.084
2024-02-21 08:00:00,360.4,366.0,358.0,364.1,463678.135
2024-02-21 12:00:00,364.2,374.1,361.2,370.0,529192.105
2024-02-21 16:00:00,370.1,372.5,364.9,371.0,263821.072
2024-02-21 20:00:00,370.9,379.3,370.7,379.2,196311.373
2024-02-22 00:00:00,379.2,387.1,373.7,375.4,355039.917
2024-02-22 04:00:00,375.4,382.1,374.7,381.6,229923.243
2024-02-22 08:00:00,381.5,384.5,378.9,382.9,291521.639
2024-02-22 12:00:00,382.9,383.9,375.6,381.1,255874.437
2024-02-22 16:00:00,381.1,382.8,377.5,382.2,127401.183
2024-02-22 20:00:00,382.1,387.3,380.5,382.6,149887.062
2024-02-23 00:00:00,382.7,385.8,378.1,378.9,108292.061
2024-02-23 04:00:00,378.9,383.5,374.6,374.9,134380.955
2024-02-23 08:00:00,374.9,379.9,374.6,376.8,225573.523
2024-02-23 12:00:00,376.8,377.8,370.9,371.5,284616.189
2024-02-23 16:00:00,371.6,378.0,369.0,377.6,199006.788
2024-02-23 20:00:00,377.5,377.6,372.8,375.5,76021.779
2024-02-24 00:00:00,375.5,377.8,371.7,377.6,75749.635
2024-02-24 04:00:00,377.6,380.3,376.9,379.8,85405.652
2024-02-24 08:00:00,379.8,382.0,379.1,380.5,105333.121
2024-02-24 12:00:00,380.6,381.9,379.1,379.6,78016.331
2024-02-24 16:00:00,379.6,383.3,379.4,382.9,63108.388
2024-02-24 20:00:00,382.8,383.0,381.3,381.7,36974.354
2024-02-25 00:00:00,381.6,382.3,377.6,379.5,76201.368
2024-02-25 04:00:00,379.6,381.8,377.9,380.7,67950.243
2024-02-25 08:00:00,380.7,388.3,378.0,383.9,121688.147
2024-02-25 12:00:00,384.0,386.7,383.5,385.0,156190.118
2024-02-25 16:00:00,385.0,390.2,383.1,389.0,106257.993
2024-02-25 20:00:00,388.9,391.0,387.4,388.5,114714.802
2024-02-26 00:00:00,388.5,390.0,382.0,384.2,112683.871
2024-02-26 04:00:00,384.2,394.8,383.7,386.1,114069.733
2024-02-26 08:00:00,386.1,392.9,383.8,389.7,231675.838
2024-02-26 12:00:00,389.7,399.0,386.9,396.9,325467.737
2024-02-26 16:00:00,396.8,399.3,395.2,398.1,234699.367
2024-02-26 20:00:00,398.1,404.9,397.8,401.6,177665.658
2024-02-27 00:00:00,401.5,403.7,397.6,399.0,219733.626
2024-02-27 04:00:00,399.0,400.6,394.6,396.0,173803.159
2024-02-27 08:00:00,396.0,400.2,395.9,398.2,128225.168
2024-02-27 12:00:00,398.3,400.5,391.5,392.9,194190.71
2024-02-27 16:00:00,392.9,395.8,389.6,395.4,143662.826
2024-02-27 20:00:00,395.3,396.6,394.2,394.6,56257.584
2024-02-28 00:00:00,394.6,397.4,394.1,395.7,52415.407
2024-02-28 04:00:00,395.7,401.3,395.2,400.5,72315.529
2024-02-28 08:00:00,400.5,417.8,398.7,406.5,344412.098
2024-02-28 12:00:00,406.5,414.7,404.8,413.2,259708.677
2024-02-28 16:00:00,413.3,427.3,400.0,408.4,505860.318
2024-02-28 20:00:00,408.5,416.2,404.9,414.6,113296.966
2024-02-29 00:00:00,414.7,419.7,410.3,414.0,207076.62
2024-02-29 04:00:00,414.0,417.7,411.8,415.1,162473.613
2024-02-29 08:00:00,415.1,417.7,409.2,410.2,268768.884
2024-02-29 12:00:00,410.2,411.3,406.5,407.4,203587.831
2024-02-29 16:00:00,407.5,408.7,402.1,405.7,169879.236
2024-02-29 20:00:00,405.7,407.1,391.1,399.4,134238.178
2024-03-01 00:00:00,399.3,406.6,398.8,405.6,126353.182
2024-03-01 04:00:00,405.6,407.7,402.4,403.6,105874.502
2024-03-01 08:00:00,403.6,408.5,402.6,406.2,100227.98
2024-03-01 12:00:00,406.2,408.6,402.3,403.0,115882.001
2024-03-01 16:00:00,403.0,407.2,402.5,406.3,69021.612
2024-03-01 20:00:00,406.4,408.5,405.6,407.4,69221.334
2024-03-02 00:00:00,407.4,413.8,405.8,413.7,137517.934
2024-03-02 04:00:00,413.7,414.8,407.3,409.3,125351.298
2024-03-02 08:00:00,409.4,410.4,406.0,407.8,91186.937
2024-03-02 12:00:00,407.9,411.5,406.7,407.7,109949.491
2024-03-02 16:00:00,407.8,409.8,406.4,409.6,76285.485
2024-03-02 20:00:00,409.7,411.0,407.2,410.9,49727.398
2024-03-03 00:00:00,410.9,411.7,408.5,410.5,80637.95
2024-03-03 04:00:00,410.5,413.4,402.2,406.9,181039.668
2024-03-03 08:00:00,407.0,413.5,404.3,413.4,220086.154
2024-03-03 12:00:00,413.3,415.3,411.3,413.3,148450.12
2024-03-03 16:00:00,413.4,416.5,412.9,413.3,122978.904
2024-03-03 20:00:00,413.4,416.8,413.1,414.5,85081.55
2024-03-04 00:00:00,414.5,417.3,411.5,414.4,155701.187
2024-03-04 04:00:00,414.5,417.7,414.1,417.0,79095.908
2024-03-04 08:00:00,417.1,423.8,415.5,417.4,226067.346
2024-03-04 12:00:00,417.4,420.2,415.0,418.9,209282.508
2024-03-04 16:00:00,418.9,419.3,410.6,416.0,238019.164
2024-03-04 20:00:00,416.1,421.3,414.0,418.4,137247.888
2024-03-05 00:00:00,418.5,422.5,415.4,420.3,224020.438
2024-03-05 04:00:00,420.4,427.2,416.5,418.2,346564.662
2024-03-05 08:00:00,418.2,420.7,416.1,418.6,149551.787
2024-03-05 12:00:00,418.7,422.3,413.8,416.0,294755.322
2024-03-05 16:00:00,416.1,417.0,356.1,376.8,605625.165
2024-03-05 20:00:00,376.8,396.7,372.5,394.1,452786.416
2024-03-06 00:00:00,394.1,396.9,385.6,391.2,180357.991
2024-03-06 04:00:00,391.3,411.7,391.2,410.5,294309.8
2024-03-06 08:00:00,410.6,434.7,407.4,426.2,607534.886
2024-03-06 12:00:00,426.2,429.1,413.5,419.9,403315.164
2024-03-06 16:00:00,419.9,425.5,419.2,424.4,165502.68
2024-03-06 20:00:00,424.5,430.0,424.2,429.4,153720.591
2024-03-07 00:00:00,429.4,430.6,425.4,426.6,151785.532
2024-03-07 04:00:00,426.6,434.5,423.2,434.0,202066.161
2024-03-07 08:00:00,434.0,438.8,430.8,438.6,207878.23
2024-03-07 12:00:00,438.6,451.0,438.3,449.2,392316.41
2024-03-07 16:00:00,449.2,468.2,448.5,468.2,394030.739
2024-03-07 20:00:00,468.2,476.8,465.7,474.6,324057.338
2024-03-08 00:00:00,474.6,477.2,463.7,464.8,254675.629
2024-03-08 04:00:00,464.8,473.0,464.6,468.1,217960.427
2024-03-08 08:00:00,468.1,474.7,467.5,474.2,153250.812
2024-03-08 12:00:00,474.2,489.6,468.5,472.7,510592.286
2024-03-08 16:00:00,472.8,487.1,462.5,484.5,364603.775
2024-03-08 20:00:00,484.5,487.8,478.2,485.8,159228.432
2024-03-09 00:00:00,485.8,492.3,481.9,489.1,167057.7
2024-03-09 04:00:00,489.2,489.9,485.5,487.5,122160.254
2024-03-09 08:00:00,487.5,493.8,484.1,487.4,216825.039
2024-03-09 12:00:00,487.4,488.6,483.0,484.1,137137.395
2024-03-09 16:00:00,484.1,485.8,480.7,482.4,125200.65
2024-03-09 20:00:00,482.4,489.6,482.4,488.3,83648.203
2024-03-10 00:00:00,488.3,490.9,484.8,488.3,125576.927
2024-03-10 04:00:00,488.3,504.8,488.0,503.7,225880.933
2024-03-10 08:00:00,503.7,537.5,500.8,531.7,718139.702
2024-03-10 12:00:00,531.8,536.6,517.7,520.9,412938.147
2024-03-10 16:00:00,520.9,532.2,520.5,530.6,241798.726
2024-03-10 20:00:00,530.5,531.9,516.6,528.9,219802.649
2024-03-11 00:00:00,528.9,529.3,505.5,523.1,416685.907
2024-03-11 04:00:00,523.1,533.8,515.4,527.9,346165.748
2024-03-11 08:00:00,527.9,532.8,520.1,522.0,277192.6
2024-03-11 12:00:00,522.1,524.5,515.0,515.4,284905.504
2024-03-11 16:00:00,515.4,522.0,512.1,517.9,199995.021
2024-03-11 20:00:00,517.9,523.8,516.9,523.0,83201.617
2024-03-12 00:00:00,523.0,535.3,522.1,534.1,229837.651
2024-03-12 04:00:00,534.1,543.4,530.0,538.6,343470.116
2024-03-12 08:00:00,538.7,539.0,522.4,530.4,219316.969
2024-03-12 12:00:00,530.4,548.5,520.1,541.9,546529.793
2024-03-12 16:00:00,541.9,545.5,519.0,541.3,468978.553
2024-03-12 20:00:00,541.3,542.4,532.3,537.5,116634.605
2024-03-13 00:00:00,537.4,539.9,531.7,538.2,146685.775
2024-03-13 04:00:00,538.3,563.6,536.3,560.7,344505.567
2024-03-13 08:00:00,560.7,600.0,559.9,592.3,695950.92
2024-03-13 12:00:00,592.3,597.5,577.1,582.4,586139.021
2024-03-13 16:00:00,582.5,597.3,580.5,597.2,283588.189
2024-03-13 20:00:00,597.2,633.5,594.0,630.5,469133.092
2024-03-14 00:00:00,630.5,631.5,610.2,615.3,348707.861
2024-03-14 04:00:00,615.3,621.7,605.3,606.3,266519.321
2024-03-14 08:00:00,606.3,614.2,602.6,605.4,262078.663
2024-03-14 12:00:00,605.5,607.7,586.0,592.7,478488.223
2024-03-14 16:00:00,592.7,599.5,565.5,579.2,474238.779
2024-03-14 20:00:00,579.3,610.0,578.8,603.2,289507.453
2024-03-15 00:00:00,603.2,612.0,565.0,582.9,388379.398
2024-03-15 04:00:00,583.0,586.2,564.9,582.6,336040.061
2024-03-15 08:00:00,582.6,585.0,540.9,583.2,635794.321
2024-03-15 12:00:00,583.2,606.6,569.3,596.3,621779.92
2024-03-15 16:00:00,596.4,613.8,588.8,597.2,604305.1
2024-03-15 20:00:00,597.1,635.2,581.8,632.7,480013.988
2024-03-16 00:00:00,632.7,645.2,611.3,612.2,299665.633
2024-03-16 04:00:00,612.2,619.0,607.1,614.7,174032.929
2024-03-16 08:00:00,614.7,625.5,600.8,608.6,270575.087
2024-03-16 12:00:00,608.6,610.0,590.0,601.5,392060.461
2024-03-16 16:00:00,601.5,602.0,578.7,583.8,370043.088
2024-03-16 20:00:00,583.8,592.0,567.2,576.4,305460.844
2024-03-17 00:00:00,576.4,590.4,570.3,587.7,207647.167
2024-03-17 04:00:00,587.7,587.7,548.6,559.9,287610.608
2024-03-17 08:00:00,559.9,579.7,557.1,572.1,260892.537
2024-03-17 12:00:00,572.2,588.6,560.6,588.2,384185.478
2024-03-17 16:00:00,588.2,590.5,573.2,583.1,365809.755
2024-03-17 20:00:00,583.0,585.0,562.2,571.7,206774.796
2024-03-18 00:00:00,571.7,571.8,550.0,565.2,311615.479
2024-03-18 04:00:00,565.2,587.7,560.0,576.7,360307.993
2024-03-18 08:00:00,576.7,576.8,561.1,568.4,383164.469
2024-03-18 12:00:00,568.5,571.7,544.5,552.3,604291.634
2024-03-18 16:00:00,552.3,558.2,540.1,548.3,493848.485
2024-03-18 20:00:00,548.4,558.0,548.3,555.4,131073.754
2024-03-19 00:00:00,555.4,560.6,522.6,534.0,438120.027
2024-03-19 04:00:00,534.0,536.2,510.0,529.4,580737.962
2024-03-19 08:00:00,529.5,529.5,495.8,513.6,751380.726
2024-03-19 12:00:00,513.6,530.5,508.9,529.5,383675.448
2024-03-19 16:00:00,529.5,538.8,526.3,532.0,189568.7
2024-03-19 20:00:00,532.1,533.2,501.1,507.7,207878.649
2024-03-20 00:00:00,507.7,522.5,505.7,512.3,225249.749
2024-03-20 04:00:00,512.3,533.9,500.0,532.1,249070.61
2024-03-20 08:00:00,532.0,536.0,522.0,533.6,194361.851
2024-03-20 12:00:00,533.5,539.5,515.6,516.4,268551.072
2024-03-20 16:00:00,516.5,542.5,503.0,540.9,306839.56
2024-03-20 20:00:00,540.8,559.0,539.7,556.8,181223.737
2024-03-21 00:00:00,556.7,562.0,548.8,552.5,192835.834
2024-03-21 04:00:00,552.5,554.7,540.6,550.0,152237.476
2024-03-21 08:00:00,550.0,571.0,549.6,558.1,217027.404
2024-03-21 12:00:00,558.2,565.6,553.7,558.5,150460.882
2024-03-21 16:00:00,558.5,567.0,544.3,552.0,168687.263
2024-03-21 20:00:00,551.9,558.3,546.5,553.8,72672.513
2024-03-22 00:00:00,553.8,578.0,551.9,575.6,207245.927
2024-03-22 04:00:00,575.6,588.1,570.7,584.1,177074.187
2024-03-22 08:00:00,584.1,587.9,562.9,565.4,220560.412
2024-03-22 12:00:00,565.4,569.8,541.7,554.0,329178.142
2024-03-22 16:00:00,554.1,554.3,542.8,550.0,137700.679
2024-03-22 20:00:00,549.9,554.0,535.5,553.8,109539.163
2024-03-23 00:00:00,553.8,562.6,543.4,550.3,156102.074
2024-03-23 04:00:00,550.3,558.4,548.1,554.9,77975.554
2024-03-23 08:00:00,554.8,559.2,549.7,554.4,128388.81
2024-03-23 12:00:00,554.3,567.7,553.2,562.2,139468.567
2024-03-23 16:00:00,562.2,565.2,558.0,559.1,47482.747
2024-03-23 20:00:00,559.1,562.4,550.7,551.9,59335.577
2024-03-24 00:00:00,551.9,561.5,550.5,550.7,79925.359
2024-03-24 04:00:00,550.6,555.3,548.7,552.7,52941.348
2024-03-24 08:00:00,552.7,557.6,551.7,556.5,65379.407
2024-03-24 12:00:00,556.4,564.4,555.8,560.4,91083.231
2024-03-24 16:00:00,560.5,564.9,553.9,563.9,72495.418
2024-03-24 20:00:00,563.8,573.0,562.3,567.7,81105.587
2024-03-25 00:00:00,567.8,582.1,564.4,581.5,105382.846
2024-03-25 04:00:00,581.5,589.1,580.4,583.8,132758.286
2024-03-25 08:00:00,583.7,587.2,577.7,579.3,163352.906
2024-03-25 12:00:00,579.3,595.6,574.0,593.0,217275.159
2024-03-25 16:00:00,592.9,598.0,590.9,594.5,113354.413
2024-03-25 20:00:00,594.6,595.5,584.7,587.0,70571.902
2024-03-26 00:00:00,587.1,593.5,586.2,592.8,54377.308
2024-03-26 04:00:00,592.9,597.0,589.9,591.7,84797.101
2024-03-26 08:00:00,591.6,597.0,590.0,591.5,68819.468
2024-03-26 12:00:00,591.6,594.1,571.9,579.9,208934.301
2024-03-26 16:00:00,580.0,581.6,572.0,575.5,102728.298
2024-03-26 20:00:00,575.5,581.6,575.4,580.4,49667.603
2024-03-27 00:00:00,580.4,585.6,578.1,582.0,57783.134
2024-03-27 04:00:00,582.1,582.9,573.2,574.3,61640.154
2024-03-27 08:00:00,574.4,580.3,571.8,578.4,81699.085
2024-03-27 12:00:00,578.5,585.0,560.3,570.0,206222.177
2024-03-27 16:00:00,570.0,576.1,564.1,569.5,81927.757
2024-03-27 20:00:00,569.6,575.9,568.6,574.3,42396.095
2024-03-28 00:00:00,574.2,588.7,574.1,581.7,156916.62
2024-03-28 04:00:00,581.8,591.1,581.5,590.5,101079.349
2024-03-28 08:00:00,590.5,591.7,585.1,587.3,80778.484
2024-03-28 12:00:00,587.4,588.7,580.2,585.2,88887.196
2024-03-28 16:00:00,585.2,586.0,580.7,581.7,45111.781
2024-03-28 20:00:00,581.7,585.9,579.8,583.4,31128.194
2024-03-29 00:00:00,583.4,589.3,582.1,588.6,49468.537
2024-03-29 04:00:00,588.6,613.6,586.5,606.7,411798.397
2024-03-29 08:00:00,606.8,619.7,606.1,616.4,177070.159
2024-03-29 12:00:00,616.4,620.0,603.0,607.4,201362.759
2024-03-29 16:00:00,607.4,614.3,607.2,613.6,104835.001
2024-03-29 20:00:00,613.6,618.3,610.8,612.5,97866.316
2024-03-30 00:00:00,612.5,612.9,604.2,607.9,120699.169
2024-03-30 04:00:00,607.8,610.6,599.2,599.3,117289.299
2024-03-30 08:00:00,599.2,606.2,596.9,605.1,92348.318
2024-03-30 12:00:00,605.2,606.9,602.3,605.5,58082.126
2024-03-30 16:00:00,605.5,609.8,603.8,604.9,58554.423
2024-03-30 20:00:00,605.0,607.1,599.7,600.7,54046.813
2024-03-31 00:00:00,600.7,608.6,600.4,608.6,59540.793
2024-03-31 04:00:00,608.6,608.8,603.3,606.9,64166.328
2024-03-31 08:00:00,606.9,607.0,602.8,605.8,55061.738
2024-03-31 12:00:00,605.8,606.7,601.8,602.1,51446.156
2024-03-31 16:00:00,602.2,606.6,602.1,606.0,44393.054
2024-03-31 20:00:00,606.0,608.7,605.0,606.7,50528.898
2024-04-01 00:00:00,606.7,607.7,596.4,597.6,89887.028
2024-04-01 04:00:00,597.6,597.7,572.2,586.6,201762.417
2024-04-01 08:00:00,586.7,587.6,580.5,585.1,86300.974
2024-04-01 12:00:00,585.1,593.5,572.6,574.0,183344.194
2024-04-01 16:00:00,573.9,579.7,568.7,579.2,106312.726
2024-04-01 20:00:00,579.3,581.8,575.5,575.8,55506.751
2024-04-02 00:00:00,575.8,578.2,551.6,560.9,278687.859
2024-04-02 04:00:00,561.0,565.5,555.1,559.0,123691.742
2024-04-02 08:00:00,559.0,563.3,550.5,555.5,224391.506
2024-04-02 12:00:00,555.5,561.0,546.3,552.3,184588.822
2024-04-02 16:00:00,552.3,559.3,549.5,558.0,105725.462
2024-04-02 20:00:00,558.0,560.0,549.6,551.4,81175.423
2024-04-03 00:00:00,551.4,560.3,539.0,560.3,186438.299
2024-04-03 04:00:00,560.3,564.2,552.9,558.5,114522.818
2024-04-03 08:00:00,558.6,567.9,554.8,556.2,133119.428
2024-04-03 12:00:00,556.2,563.2,551.8,556.7,113411.106
2024-04-03 16:00:00,556.7,560.0,550.7,558.2,79544.37
2024-04-03 20:00:00,558.3,565.1,552.0,561.5,56889.212
2024-04-04 00:00:00,561.6,581.9,560.8,576.3,254783.114
2024-04-04 04:00:00,576.3,584.2,573.0,582.7,125125.648
2024-04-04 08:00:00,582.6,590.0,581.7,587.1,108678.451
2024-04-04 12:00:00,587.0,593.6,585.9,590.6,122489.469
2024-04-04 16:00:00,590.6,597.6,590.3,594.5,94157.847
2024-04-04 20:00:00,594.6,595.1,580.2,585.5,174406.151
2024-04-05 00:00:00,585.4,591.5,575.0,581.6,171141.545
2024-04-05 04:00:00,581.6,581.7,564.4,574.7,134197.478
2024-04-05 08:00:00,574.6,581.1,572.5,577.5,121560.27
2024-04-05 12:00:00,577.5,586.0,573.1,584.0,124269.469
2024-04-05 16:00:00,583.9,584.9,577.5,582.6,44966.075
2024-04-05 20:00:00,582.5,583.5,577.5,577.8,38071.782
2024-04-06 00:00:00,577.8,581.9,575.1,580.8,42817.865
2024-04-06 04:00:00,580.8,584.6,580.2,583.4,37362.761
2024-04-06 08:00:00,583.4,584.3,580.1,581.3,32142.639
2024-04-06 12:00:00,581.3,586.8,580.0,583.7,46164.705
2024-04-06 16:00:00,583.7,586.8,583.0,583.4,29406.489
2024-04-06 20:00:00,583.5,591.3,583.0,585.4,39081.537
2024-04-07 00:00:00,585.5,591.1,584.7,590.1,42418.239
2024-04-07 04:00:00,590.0,590.2,586.1,586.9,32317.456
2024-04-07 08:00:00,586.9,588.6,586.1,586.4,34409.561
2024-04-07 12:00:00,586.5,589.6,583.2,584.4,60518.455
2024-04-07 16:00:00,584.5,586.0,578.3,578.7,61356.387
2024-04-07 20:00:00,578.7,585.0,578.0,583.9,32829.118
2024-04-08 00:00:00,583.8,584.1,577.7,582.0,47412.883
2024-04-08 04:00:00,581.9,589.0,580.9,588.7,63185.738
2024-04-08 08:00:00,588.8,601.1,578.0,596.2,168976.048
2024-04-08 12:00:00,596.2,598.9,586.2,587.7,93501.885
2024-04-08 16:00:00,587.6,592.1,586.6,588.9,58137.43
2024-04-08 20:00:00,588.9,590.8,586.2,586.4,52354.328
2024-04-09 00:00:00,586.3,590.3,581.8,582.2,117558.191
2024-04-09 04:00:00,582.3,584.5,573.9,574.3,106724.737
2024-04-09 08:00:00,574.4,585.1,571.2,584.2,154476.629
2024-04-09 12:00:00,584.2,585.0,573.6,578.9,126657.754
2024-04-09 16:00:00,579.0,580.9,574.0,580.3,57859.195
2024-04-09 20:00:00,580.2,583.4,579.1,580.5,32999.286
2024-04-10 00:00:00,580.4,583.2,573.4,579.0,70148.62
2024-04-10 04:00:00,579.1,588.6,577.2,587.5,71631.071
2024-04-10 08:00:00,587.5,592.0,584.4,586.7,113345.746
2024-04-10 12:00:00,586.7,594.3,574.6,593.1,230881.283
2024-04-10 16:00:00,593.1,610.6,592.9,605.8,255570.077
2024-04-10 20:00:00,605.9,610.3,602.6,609.7,74473.903
2024-04-11 00:00:00,609.7,618.4,604.4,616.6,158518.83
2024-04-11 04:00:00,616.6,616.9,604.1,604.7,78331.867
2024-04-11 08:00:00,604.7,605.7,592.0,592.8,101637.317
2024-04-11 12:00:00,592.8,607.4,592.1,602.8,156257.417
2024-04-11 16:00:00,602.7,605.8,597.9,605.0,42933.581
2024-04-11 20:00:00,605.0,607.4,602.3,604.6,41999.182
2024-04-12 00:00:00,604.6,615.6,604.5,613.6,80799.596
2024-04-12 04:00:00,613.7,634.5,613.2,621.1,321613.16
2024-04-12 08:00:00,621.2,626.0,617.8,622.1,142346.14
2024-04-12 12:00:00,622.1,623.9,607.0,612.7,264829.11
2024-04-12 16:00:00,612.6,619.6,571.0,587.7,551019.258
2024-04-12 20:00:00,587.7,599.1,586.2,595.6,157115.394
2024-04-13 00:00:00,595.6,596.3,565.1,583.2,295906.608
2024-04-13 04:00:00,583.2,594.7,580.8,593.8,162495.285
2024-04-13 08:00:00,593.9,600.2,590.5,594.0,120034.539
2024-04-13 12:00:00,594.0,598.5,588.6,595.0,111823.383
2024-04-13 16:00:00,595.0,596.3,547.3,551.9,296755.536
2024-04-13 20:00:00,551.9,564.9,508.0,553.1,774613.122
2024-04-14 00:00:00,553.0,554.7,536.1,547.9,256802.008
2024-04-14 04:00:00,548.0,569.4,546.5,565.6,138626.231
2024-04-14 08:00:00,565.5,576.0,548.9,552.2,125159.453
2024-04-14 12:00:00,552.1,559.6,544.8,550.3,160723.135
2024-04-14 16:00:00,550.3,558.0,537.1,552.2,187177.556
2024-04-14 20:00:00,552.2,570.4,546.8,566.4,96999.62
2024-04-15 00:00:00,566.4,569.4,559.6,567.9,88804.822
2024-04-15 04:00:00,568.0,579.6,561.6,575.4,139295.711
2024-04-15 08:00:00,575.4,585.5,574.1,578.0,108251.17
2024-04-15 12:00:00,578.0,580.5,555.0,565.8,152830.907
2024-04-15 16:00:00,565.8,567.8,544.7,555.6,158544.099
2024-04-15 20:00:00,555.5,559.2,550.5,552.7,50716.594
2024-04-16 00:00:00,552.7,554.2,541.0,545.0,85409.189
2024-04-16 04:00:00,545.1,554.0,532.1,550.7,125473.402
2024-04-16 08:00:00,550.7,550.8,531.7,543.2,128202.217
2024-04-16 12:00:00,543.2,545.5,524.1,525.4,142939.216
2024-04-16 16:00:00,525.4,538.6,522.8,535.0,92286.702
2024-04-16 20:00:00,535.0,544.5,534.3,537.6,49358.087
2024-04-17 00:00:00,537.5,542.5,534.5,542.0,88143.889
2024-04-17 04:00:00,542.0,546.6,540.3,543.7,58045.605
2024-04-17 08:00:00,543.7,547.9,531.7,531.9,80948.222
2024-04-17 12:00:00,532.0,540.4,516.7,517.6,241010.019
2024-04-17 16:00:00,517.5,539.0,512.6,534.0,141119.275
2024-04-17 20:00:00,534.0,540.4,532.9,534.1,48642.348
2024-04-18 00:00:00,534.0,550.0,527.0,549.8,91760.841
2024-04-18 04:00:00,549.7,555.9,539.5,543.9,115048.655
2024-04-18 08:00:00,543.9,554.0,539.5,546.5,177203.64
2024-04-18 12:00:00,546.5,555.0,537.5,550.9,126514.735
2024-04-18 16:00:00,550.8,553.3,546.0,550.0,49209.124
2024-04-18 20:00:00,550.0,553.3,548.2,552.1,29960.301
2024-04-19 00:00:00,552.0,552.2,524.0,541.0,183363.912
2024-04-19 04:00:00,541.1,561.2,539.1,555.3,128447.16
2024-04-19 08:00:00,555.4,562.8,554.4,559.9,77081.641
2024-04-19 12:00:00,559.8,564.3,554.2,560.1,69879.414
2024-04-19 16:00:00,560.0,561.3,554.7,560.7,41664.26
2024-04-19 20:00:00,560.7,561.9,549.6,554.0,45067.796
2024-04-20 00:00:00,554.1,558.1,548.8,556.5,39497.262
2024-04-20 04:00:00,556.6,562.5,556.2,560.5,33756.153
2024-04-20 08:00:00,560.5,560.5,553.0,556.0,34605.767
2024-04-20 12:00:00,556.1,568.0,555.4,567.9,45248.855
2024-04-20 16:00:00,568.0,573.8,564.0,572.9,61073.327
2024-04-20 20:00:00,572.9,574.3,568.4,570.9,27951.495
2024-04-21 00:00:00,570.9,576.2,566.4,572.3,55790.363
2024-04-21 04:00:00,572.3,580.2,570.6,579.6,49129.372
2024-04-21 08:00:00,579.6,582.6,577.4,579.0,47197.923
2024-04-21 12:00:00,578.9,579.2,571.7,574.0,39065.567
2024-04-21 16:00:00,573.9,577.5,566.3,574.9,53358.173
2024-04-21 20:00:00,574.9,581.7,573.6,579.6,33214.326
2024-04-22 00:00:00,579.6,598.6,578.4,592.0,133456.099
2024-04-22 04:00:00,591.9,608.7,591.9,603.0,153291.099
2024-04-22 08:00:00,603.0,607.1,596.8,598.8,77335.261
2024-04-22 12:00:00,598.9,602.1,591.3,594.9,75913.964
2024-04-22 16:00:00,594.9,600.5,592.6,596.6,39672.993
2024-04-22 20:00:00,596.6,606.4,595.4,604.5,43222.741
2024-04-23 00:00:00,604.4,608.9,599.6,601.7,56534.731
2024-04-23 04:00:00,601.7,607.9,598.7,600.1,66087.096
2024-04-23 08:00:00,600.2,618.3,599.8,604.8,202205.502
2024-04-23 12:00:00,604.8,608.8,602.5,604.3,98383.269
2024-04-23 16:00:00,604.3,612.0,602.9,609.1,76410.428
2024-04-23 20:00:00,609.1,609.8,605.1,606.2,57262.318
2024-04-24 00:00:00,606.2,607.9,601.0,605.0,69841.209
2024-04-24 04:00:00,605.1,610.0,603.7,607.9,86975.407
2024-04-24 08:00:00,608.0,618.5,605.0,614.4,146800.037
2024-04-24 12:00:00,614.4,615.5,595.9,597.1,137254.546
2024-04-24 16:00:00,597.0,605.0,592.6,604.2,135431.02
2024-04-24 20:00:00,604.2,613.1,602.0,608.8,80651.458
2024-04-25 00:00:00,608.8,609.4,600.7,605.2,52018.879
2024-04-25 04:00:00,605.3,608.8,601.2,608.4,50105.683
2024-04-25 08:00:00,608.4,613.9,604.7,611.5,128710.072
2024-04-25 12:00:00,611.5,612.0,601.6,611.2,121556.079
2024-04-25 16:00:00,611.2,617.5,610.3,616.8,60626.349
2024-04-25 20:00:00,616.8,617.9,613.0,613.2,40728.455
2024-04-26 00:00:00,613.3,615.0,606.3,610.1,57906.983
2024-04-26 04:00:00,610.2,612.7,607.5,608.5,38917.263
2024-04-26 08:00:00,608.4,610.4,601.1,602.5,72205.417
2024-04-26 12:00:00,602.4,608.3,597.2,599.1,83562.552
2024-04-26 16:00:00,599.1,604.6,598.0,601.3,28259.435
2024-04-26 20:00:00,601.3,603.7,597.0,598.0,21268.234
2024-04-27 00:00:00,598.0,599.7,585.0,594.6,80321.333
2024-04-27 04:00:00,594.7,596.5,591.9,593.7,32655.236
2024-04-27 08:00:00,593.7,595.6,587.2,587.8,43279.615
2024-04-27 12:00:00,587.9,594.0,585.8,587.6,46749.833
2024-04-27 16:00:00,587.5,597.9,587.0,595.6,45927.448
2024-04-27 20:00:00,595.7,597.2,592.7,596.2,19850.447
2024-04-28 00:00:00,596.2,602.6,596.2,599.7,37765.751
2024-04-28 04:00:00,599.6,601.8,597.9,600.7,34144.906
2024-04-28 08:00:00,600.6,605.4,599.1,601.7,40273.893
2024-04-28 12:00:00,601.6,609.0,600.0,603.8,75797.181
2024-04-28 16:00:00,603.9,606.7,603.3,604.2,31013.461
2024-04-28 20:00:00,604.2,607.5,597.5,600.2,39064.239
2024-04-29 00:00:00,600.2,602.8,590.1,590.4,44769.152
2024-04-29 04:00:00,590.3,597.2,581.3,588.5,103732.727
2024-04-29 08:00:00,588.4,591.0,583.4,584.7,55589.248
2024-04-29 12:00:00,584.7,592.8,583.8,592.7,52061.733
2024-04-29 16:00:00,592.7,593.3,589.0,590.8,29702.07
2024-04-29 20:00:00,590.8,596.9,589.7,592.8,44619.075
2024-04-30 00:00:00,592.8,602.7,589.4,591.7,66509.192
2024-04-30 04:00:00,591.8,604.3,591.2,598.4,86819.16
2024-04-30 08:00:00,598.3,598.8,568.3,568.5,163506.627
2024-04-30 12:00:00,568.5,570.2,559.2,560.8,174598.402
2024-04-30 16:00:00,560.9,577.0,555.7,567.2,202112.625
2024-04-30 20:00:00,567.2,581.7,567.1,578.4,72967.44
2024-05-01 00:00:00,578.4,580.4,567.5,574.8,82299.194
2024-05-01 04:00:00,574.9,575.7,543.9,546.1,188053.521
2024-05-01 08:00:00,546.1,552.3,536.7,551.9,137275.125
2024-05-01 12:00:00,552.0,556.3,544.0,545.0,75152.968
2024-05-01 16:00:00,545.1,566.4,542.9,550.2,131808.262
2024-05-01 20:00:00,550.3,563.8,550.3,561.8,54438.248
2024-05-02 00:00:00,561.8,563.0,539.5,547.5,98610.164
2024-05-02 04:00:00,547.5,550.5,544.4,549.8,41675.103
2024-05-02 08:00:00,549.7,561.9,549.0,561.6,66947.846
2024-05-02 12:00:00,561.6,565.9,555.9,564.5,87311.951
2024-05-02 16:00:00,564.6,565.2,560.8,563.5,31458.789
2024-05-02 20:00:00,563.4,564.6,558.3,560.5,33790.462
2024-05-03 00:00:00,560.5,567.2,558.9,566.2,44466.593
2024-05-03 04:00:00,566.2,567.3,560.0,561.3,26352.514
2024-05-03 08:00:00,561.3,568.4,560.5,562.8,60901.336
2024-05-03 12:00:00,562.8,579.9,561.2,577.9,125199.161
2024-05-03 16:00:00,578.0,581.8,577.7,580.9,36079.298
2024-05-03 20:00:00,580.9,590.0,580.7,587.0,49907.531
2024-05-04 00:00:00,587.0,589.5,582.5,584.2,36346.355
2024-05-04 04:00:00,584.2,587.3,582.7,584.0,25322.209
2024-05-04 08:00:00,584.1,593.6,583.5,589.4,45308.498
2024-05-04 12:00:00,589.3,593.5,588.1,591.1,32670.804
2024-05-04 16:00:00,591.2,591.6,586.5,590.3,30751.751
2024-05-04 20:00:00,590.3,592.2,583.9,585.7,26729.634
2024-05-05 00:00:00,585.7,587.7,579.3,581.2,43091.211
2024-05-05 04:00:00,581.3,587.1,580.6,585.2,23340.353
2024-05-05 08:00:00,585.2,589.6,584.6,586.6,21563.858
2024-05-05 12:00:00,586.6,594.5,584.7,593.1,42539.537
2024-05-05 16:00:00,593.1,595.0,590.3,592.9,30246.466
2024-05-05 20:00:00,592.9,594.1,588.5,592.0,19676.811
2024-05-06 00:00:00,592.0,595.5,589.5,591.0,24950.741
2024-05-06 04:00:00,591.0,595.7,589.6,595.5,29837.651
2024-05-06 08:00:00,595.6,602.3,586.3,592.3,96841.813
2024-05-06 12:00:00,592.4,593.2,583.1,589.0,71675.035
2024-05-06 16:00:00,589.0,591.4,585.6,589.9,35001.915
2024-05-06 20:00:00,589.9,593.2,587.6,588.2,20361.85
2024-05-07 00:00:00,588.2,593.8,582.5,586.7,40423.037
2024-05-07 04:00:00,586.7,590.1,585.4,588.7,35689.87
2024-05-07 08:00:00,588.7,600.4,588.0,592.6,74122.503
2024-05-07 12:00:00,592.7,596.2,587.7,594.2,46935.696
2024-05-07 16:00:00,594.3,595.5,585.0,585.6,40747.687
2024-05-07 20:00:00,585.6,587.5,576.0,576.5,51569.916
2024-05-08 00:00:00,576.5,586.3,574.4,585.5,37577.351
2024-05-08 04:00:00,585.5,587.5,578.9,579.7,52814.394
2024-05-08 08:00:00,579.6,587.1,578.3,585.1,45510.896
2024-05-08 12:00:00,585.2,586.9,579.2,582.5,62005.892
2024-05-08 16:00:00,582.5,589.4,580.2,588.8,38889.192
2024-05-08 20:00:00,588.8,590.0,579.8,588.6,60218.892
2024-05-09 00:00:00,588.6,601.0,586.3,597.1,105558.488
2024-05-09 04:00:00,597.1,602.0,594.6,600.0,93869.211
2024-05-09 08:00:00,600.1,602.0,589.1,595.0,81586.294
2024-05-09 12:00:00,595.1,605.8,590.5,596.5,96554.413
2024-05-09 16:00:00,596.5,599.5,590.7,596.6,50279.871
2024-05-09 20:00:00,596.6,599.7,594.2,596.8,37009.324
2024-05-10 00:00:00,596.8,597.0,591.0,593.7,49571.831
2024-05-10 04:00:00,593.7,596.8,592.4,595.3,29100.745
2024-05-10 08:00:00,595.2,596.2,592.3,596.1,36534.943
2024-05-10 12:00:00,596.1,597.0,582.6,586.4,97682.122
2024-05-10 16:00:00,586.3,589.1,581.5,586.3,63822.834
2024-05-10 20:00:00,586.3,588.2,583.6,585.6,19503.041
2024-05-11 00:00:00,585.7,590.6,580.8,583.4,61128.57
2024-05-11 04:00:00,583.5,587.8,582.3,587.1,23870.189
2024-05-11 08:00:00,587.1,590.6,583.0,589.7,56382.139
2024-05-11 12:00:00,589.8,593.8,588.3,591.5,33570.352
2024-05-11 16:00:00,591.5,594.5,588.8,593.5,19877.271
2024-05-11 20:00:00,593.5,594.4,591.2,592.2,15869.784
2024-05-12 00:00:00,592.2,593.9,589.9,590.1,17125.677
2024-05-12 04:00:00,590.2,591.9,587.3,588.5,17265.203
2024-05-12 08:00:00,588.4,593.7,587.6,592.9,22697.425
2024-05-12 12:00:00,592.9,596.8,591.4,595.4,41285.644
2024-05-12 16:00:00,595.5,600.1,592.7,598.1,62350.584
2024-05-12 20:00:00,598.0,598.4,592.8,594.8,30466.029
2024-05-13 00:00:00,594.8,596.7,585.2,589.1,87743.078
2024-05-13 04:00:00,589.1,598.4,585.7,596.2,79512.95
2024-05-13 08:00:00,596.3,598.2,594.1,594.9,80098.39
2024-05-13 12:00:00,595.0,596.4,592.8,595.4,61274.651
2024-05-13 16:00:00,595.4,597.9,591.8,595.1,45963.407
2024-05-13 20:00:00,595.2,595.7,591.1,591.7,35217.81
2024-05-14 00:00:00,591.7,593.1,587.7,588.9,34934.597
2024-05-14 04:00:00,588.9,592.0,582.2,588.5,53037.233
2024-05-14 08:00:00,588.4,588.5,584.9,586.3,23945.454
2024-05-14 12:00:00,586.3,588.2,562.0,569.9,224698.314
2024-05-14 16:00:00,569.8,571.1,564.0,568.7,67711.478
2024-05-14 20:00:00,568.7,568.9,563.9,567.1,48981.24
2024-05-15 00:00:00,567.1,570.0,560.0,569.9,67313.317
2024-05-15 04:00:00,570.0,571.1,565.0,569.4,37309.29
2024-05-15 08:00:00,569.3,571.2,564.8,566.5,49290.563
2024-05-15 12:00:00,566.4,582.6,565.0,580.1,132685.126
2024-05-15 16:00:00,580.0,587.3,578.5,586.4,57357.446
2024-05-15 20:00:00,586.4,586.8,580.4,581.0,58857.251
2024-05-16 00:00:00,581.0,586.6,580.8,584.0,102469.213
2024-05-16 04:00:00,584.0,585.8,581.1,584.6,60834.363
2024-05-16 08:00:00,584.6,585.3,580.0,582.8,45443.132
2024-05-16 12:00:00,582.8,583.0,566.2,567.8,142400.44
2024-05-16 16:00:00,567.8,570.3,565.1,568.0,40647.115
2024-05-16 20:00:00,568.0,570.2,566.7,569.2,20142.793
2024-05-17 00:00:00,569.2,572.7,568.6,571.8,33521.558
2024-05-17 04:00:00,571.9,580.0,569.9,578.5,54133.472
2024-05-17 08:00:00,578.6,579.6,574.5,578.2,44251.922
2024-05-17 12:00:00,578.2,584.5,575.5,582.5,59837.233
2024-05-17 16:00:00,582.6,583.5,577.3,580.2,32617.795
2024-05-17 20:00:00,580.1,581.1,579.1,580.9,12557.636
2024-05-18 00:00:00,580.9,581.9,577.5,581.6,26558.167
2024-05-18 04:00:00,581.6,581.9,578.5,578.8,26897.454
2024-05-18 08:00:00,578.8,581.5,578.5,579.6,33268.367
2024-05-18 12:00:00,579.6,579.6,574.2,577.6,36204.147
2024-05-18 16:00:00,577.6,578.7,576.4,577.3,14356.64
2024-05-18 20:00:00,577.3,580.5,576.6,580.3,30789.936
2024-05-19 00:00:00,580.3,581.9,579.2,581.4,18791.854
2024-05-19 04:00:00,581.4,581.7,577.6,579.8,23965.859
2024-05-19 08:00:00,579.8,581.1,577.6,580.7,24113.824
2024-05-19 12:00:00,580.7,581.2,574.7,577.6,36374.386
2024-05-19 16:00:00,577.7,577.9,572.9,573.7,25734.825
2024-05-19 20:00:00,573.6,575.8,571.3,574.5,13176.737
2024-05-20 00:00:00,574.6,577.4,570.6,575.9,32535.231
2024-05-20 04:00:00,576.0,580.7,571.5,576.2,47356.434
2024-05-20 08:00:00,576.1,577.4,571.7,573.0,40022.616
2024-05-20 12:00:00,572.9,576.8,568.8,576.6,47314.038
2024-05-20 16:00:00,576.6,590.4,575.4,589.2,115821.471
2024-05-20 20:00:00,589.3,602.0,585.3,599.6,186203.016
2024-05-21 00:00:00,599.6,611.6,595.2,597.9,154484.584
2024-05-21 04:00:00,597.8,631.4,593.3,630.1,364138.323
2024-05-21 08:00:00,630.1,630.1,616.4,617.8,221158.179
2024-05-21 12:00:00,617.9,619.6,610.1,612.6,161117.623
2024-05-21 16:00:00,612.7,619.2,608.0,609.4,83491.037
2024-05-21 20:00:00,609.5,619.7,609.3,618.5,39169.867
2024-05-22 00:00:00,618.5,624.4,616.7,622.0,60120.446
2024-05-22 04:00:00,622.0,623.1,612.6,621.4,63241.965
2024-05-22 08:00:00,621.4,626.3,617.7,617.8,57952.081
2024-05-22 12:00:00,617.8,621.7,610.6,621.0,107704.492
2024-05-22 16:00:00,621.1,621.8,610.1,612.5,80740.403
2024-05-22 20:00:00,612.5,616.7,611.4,614.8,35089.1
2024-05-23 00:00:00,614.8,616.9,612.9,614.8,44382.832
2024-05-23 04:00:00,614.8,617.5,611.8,614.9,68638.61
2024-05-23 08:00:00,614.9,615.4,606.7,613.3,83591.609
2024-05-23 12:00:00,613.3,613.3,586.4,594.4,209894.219
2024-05-23 16:00:00,594.3,597.8,587.4,590.4,55814.324
2024-05-23 20:00:00,590.5,601.5,580.0,599.3,145350.353
2024-05-24 00:00:00,599.4,605.5,596.6,601.4,50826.324
2024-05-24 04:00:00,601.5,602.8,588.4,593.1,58381.281
2024-05-24 08:00:00,593.1,597.0,588.3,596.5,43025.592
2024-05-24 12:00:00,596.5,599.7,595.0,597.1,38654.216
2024-05-24 16:00:00,597.1,603.2,595.1,601.9,42591.535
2024-05-24 20:00:00,602.0,602.5,600.0,600.3,18486.228
2024-05-25 00:00:00,600.3,604.7,599.5,601.5,23225.603
2024-05-25 04:00:00,601.5,603.7,600.5,601.7,18875.439
2024-05-25 08:00:00,601.7,606.7,601.2,604.2,35699.765
2024-05-25 12:00:00,604.2,604.7,600.3,601.9,23856.468
2024-05-25 16:00:00,602.0,603.0,601.3,602.2,11390.235
2024-05-25 20:00:00,602.1,602.7,600.5,602.4,8491.448
2024-05-26 00:00:00,602.3,603.3,599.9,602.2,19866.532
2024-05-26 04:00:00,602.2,604.3,601.6,604.2,16466.899
2024-05-26 08:00:00,604.2,605.4,600.5,601.7,19875.319
2024-05-26 12:00:00,601.8,604.7,599.1,602.3,28472.486
2024-05-26 16:00:00,602.2,603.8,600.5,601.1,18684.566
2024-05-26 20:00:00,601.1,601.4,598.0,600.2,19617.858
2024-05-27 00:00:00,600.3,606.5,599.6,605.1,32804.666
2024-05-27 04:00:00,605.1,606.0,601.0,603.0,24571.549
2024-05-27 08:00:00,603.0,605.3,600.9,602.3,28736.226
2024-05-27 12:00:00,602.3,613.9,600.8,612.7,60668.224
2024-05-27 16:00:00,612.8,614.4,600.5,602.2,55896.234
2024-05-27 20:00:00,602.2,606.1,601.1,603.9,26625.478
2024-05-28 00:00:00,603.9,605.1,595.9,597.8,68404.721
2024-05-28 04:00:00,597.9,599.9,593.8,597.8,45261.841
2024-05-28 08:00:00,597.8,606.0,596.9,602.0,51501.645
2024-05-28 12:00:00,602.0,603.3,596.3,601.4,63095.679
2024-05-28 16:00:00,601.4,602.1,595.5,601.4,40729.204
2024-05-28 20:00:00,601.5,603.2,600.5,601.7,15869.895
2024-05-29 00:00:00,601.7,603.6,601.2,601.6,33324.626
2024-05-29 04:00:00,601.6,603.5,598.1,598.2,29595.451
2024-05-29 08:00:00,598.2,600.6,596.0,599.0,45488.064
2024-05-29 12:00:00,599.0,601.3,595.0,595.4,51859.096
2024-05-29 16:00:00,595.4,596.7,593.1,594.0,33715.669
2024-05-29 20:00:00,594.0,597.4,593.6,595.7,18723.348
2024-05-30 00:00:00,595.7,598.2,595.3,597.6,26434.262
2024-05-30 04:00:00,597.6,598.4,588.9,589.1,48319.941
2024-05-30 08:00:00,589.1,595.0,586.5,594.1,54315.4
2024-05-30 12:00:00,594.2,598.2,593.9,596.6,30961.781
2024-05-30 16:00:00,596.7,602.2,595.6,597.0,40698.506
2024-05-30 20:00:00,597.1,597.1,591.3,595.1,24722.454
2024-05-31 00:00:00,595.1,596.7,593.2,593.6,17925.8
2024-05-31 04:00:00,593.6,594.6,591.0,591.9,19857.571
2024-05-31 08:00:00,591.9,596.1,591.4,595.4,24878.648
2024-05-31 12:00:00,595.4,599.0,591.1,591.3,51683.714
2024-05-31 16:00:00,591.2,595.2,590.0,593.9,37414.762
2024-05-31 20:00:00,593.9,595.8,592.7,593.7,16847.559
2024-06-01 00:00:00,593.8,595.5,593.1,595.3,17531.662
2024-06-01 04:00:00,595.2,596.5,594.4,595.1,13667.018
2024-06-01 08:00:00,595.2,596.3,594.6,596.3,15980.03
2024-06-01 12:00:00,596.3,598.5,595.6,596.3,25003.996
2024-06-01 16:00:00,596.4,597.7,595.8,597.5,11569.752
2024-06-01 20:00:00,597.6,608.4,597.5,601.9,72712.436
2024-06-02 00:00:00,601.9,606.0,601.5,604.0,42936.008
2024-06-02 04:00:00,604.0,605.6,599.8,600.1,35229.41
2024-06-02 08:00:00,600.1,602.1,596.3,601.2,32520.922
2024-06-02 12:00:00,601.2,603.0,599.2,601.5,30635.11
2024-06-02 16:00:00,601.5,602.0,596.0,599.3,33195.052
2024-06-02 20:00:00,599.2,604.0,597.5,602.9,23783.494
2024-06-03 00:00:00,602.8,610.0,601.2,608.1,59340.388
2024-06-03 04:00:00,608.1,638.8,607.7,626.1,279879.293
2024-06-03 08:00:00,626.1,634.0,625.2,631.1,105890.976
2024-06-03 12:00:00,631.1,637.9,621.8,627.8,129454.378
2024-06-03 16:00:00,627.8,628.5,619.9,625.4,51989.077
2024-06-03 20:00:00,625.4,629.0,622.7,626.4,27607.355
2024-06-04 00:00:00,626.4,634.7,625.0,634.4,47051.514
2024-06-04 04:00:00,634.3,635.2,627.8,628.6,59946.097
2024-06-04 08:00:00,628.6,649.6,624.8,645.9,193944.887
2024-06-04 12:00:00,645.9,667.0,644.4,663.0,225248.153
2024-06-04 16:00:00,663.0,674.0,660.7,671.0,96881.2342
2024-06-04 20:00:00,671.0,688.2,667.7,685.7,113250.7951
2024-06-05 00:00:00,685.7,716.0,684.7,703.0,248204.7192
2024-06-05 04:00:00,703.1,712.2,696.0,705.6,115038.411
2024-06-05 08:00:00,705.6,713.7,692.5,699.7,96741.267
2024-06-05 12:00:00,699.8,707.5,695.5,704.6,73871.11
2024-06-05 16:00:00,704.7,706.4,686.8,691.6,106308.52
2024-06-05 20:00:00,691.6,699.4,689.8,698.8,33656.538
2024-06-06 00:00:00,698.8,702.0,695.9,696.6,50002.427
2024-06-06 04:00:00,696.6,706.5,692.0,704.6,106104.204
2024-06-06 08:00:00,704.7,710.0,701.5,705.0,71423.989
2024-06-06 12:00:00,705.1,721.8,702.2,703.5,170379.9002
2024-06-06 16:00:00,703.5,708.2,697.8,706.0,85558.284
2024-06-06 20:00:00,705.9,712.0,700.5,711.2,60574.155
2024-06-07 00:00:00,711.1,712.0,700.0,704.1,84714.859
2024-06-07 04:00:00,704.2,709.4,697.3,697.8,78199.686
2024-06-07 08:00:00,697.9,705.6,697.6,705.5,64581.273
2024-06-07 12:00:00,705.6,708.9,696.0,701.0,91494.145
2024-06-07 16:00:00,701.0,701.8,658.9,681.2,228637.578
2024-06-07 20:00:00,681.3,685.8,677.8,684.0,47126.449
2024-06-08 00:00:00,684.0,685.5,679.7,682.0,48702.598
2024-06-08 04:00:00,682.0,694.8,680.8,694.7,42174.351
2024-06-08 08:00:00,694.7,694.9,682.6,683.8,31634.807
2024-06-08 12:00:00,683.8,688.4,677.9,686.5,52643.504
2024-06-08 16:00:00,686.6,687.4,680.3,686.1,25086.417
2024-06-08 20:00:00,686.1,687.7,681.4,682.7,16607.796
2024-06-09 00:00:00,682.7,683.2,670.9,675.0,54352.095
2024-06-09 04:00:00,675.0,681.6,672.2,679.9,21906.714
2024-06-09 08:00:00,679.9,683.4,677.7,679.4,21548.073
2024-06-09 12:00:00,679.4,684.8,676.8,676.9,36298.452
2024-06-09 16:00:00,676.8,678.9,675.6,675.8,17629.1
2024-06-09 20:00:00,675.7,676.1,670.3,673.0,21831.346
2024-06-10 00:00:00,673.1,674.8,668.1,669.0,25058.678
2024-06-10 04:00:00,669.1,669.6,639.3,640.9,186664.823
2024-06-10 08:00:00,641.0,649.9,639.3,640.1,113671.088
2024-06-10 12:00:00,640.0,653.1,635.6,651.0,76429.359
2024-06-10 16:00:00,651.0,653.7,646.2,648.5,46123.049
2024-06-10 20:00:00,648.5,648.6,613.3,625.1,244175.619
2024-06-11 00:00:00,625.1,629.0,615.9,625.5,151467.493
2024-06-11 04:00:00,625.6,625.7,609.2,613.3,118074.297
2024-06-11 08:00:00,613.4,616.7,603.0,606.3,131963.948
2024-06-11 12:00:00,606.4,611.0,595.8,597.9,131158.68
2024-06-11 16:00:00,597.8,609.7,596.2,608.3,70285.533
2024-06-11 20:00:00,608.4,608.4,599.4,602.5,37705.969
2024-06-12 00:00:00,602.5,609.0,591.3,608.3,72301.668
2024-06-12 04:00:00,608.3,614.8,605.8,614.8,52059.275
2024-06-12 08:00:00,614.8,618.1,609.0,609.2,61777.436
2024-06-12 12:00:00,609.2,635.4,609.1,628.5,137568.733
2024-06-12 16:00:00,628.5,633.3,610.0,612.6,101208.896
2024-06-12 20:00:00,612.6,623.1,611.0,619.4,29232.653
2024-06-13 00:00:00,619.4,619.9,602.8,606.9,86447.931
2024-06-13 04:00:00,606.9,611.4,602.0,607.5,44417.368
2024-06-13 08:00:00,607.6,610.1,602.9,604.3,48203.793
2024-06-13 12:00:00,604.3,610.8,595.8,597.4,69860.886
2024-06-13 16:00:00,597.4,605.6,595.6,602.3,34090.232
2024-06-13 20:00:00,602.3,603.6,597.0,599.8,30445.262
2024-06-14 00:00:00,599.8,603.5,594.5,600.9,31125.976
2024-06-14 04:00:00,600.9,610.0,600.8,608.3,40037.788
2024-06-14 08:00:00,608.2,611.2,606.6,611.1,46944.35
2024-06-14 12:00:00,611.0,612.5,601.4,602.6,40575.353
2024-06-14 16:00:00,602.6,603.3,590.0,596.2,86256.967
2024-06-14 20:00:00,596.2,605.0,595.3,603.3,34861.651
2024-06-15 00:00:00,603.3,606.1,601.3,605.7,21436.352
2024-06-15 04:00:00,605.7,609.1,604.7,606.8,24345.659
2024-06-15 08:00:00,606.8,608.8,606.1,608.7,15255.676
2024-06-15 12:00:00,608.7,609.7,603.9,607.3,29497.064
2024-06-15 16:00:00,607.3,608.3,605.1,606.9,16949.814
2024-06-15 20:00:00,606.9,609.4,604.1,608.2,15165.632
2024-06-16 00:00:00,608.2,608.3,603.8,604.6,17938.227
2024-06-16 04:00:00,604.5,607.4,601.1,606.2,20251.746
2024-06-16 08:00:00,606.2,608.0,603.7,606.3,17561.435
2024-06-16 12:00:00,606.3,610.8,605.4,610.6,19109.911
2024-06-16 16:00:00,610.6,610.8,608.3,609.1,15100.538
2024-06-16 20:00:00,609.2,611.8,607.9,610.8,14865.297
2024-06-17 00:00:00,610.9,612.6,604.3,605.1,24286.173
2024-06-17 04:00:00,605.1,607.5,601.3,603.8,31490.232
2024-06-17 08:00:00,603.7,605.1,594.0,599.2,62012.765
2024-06-17 12:00:00,599.3,604.7,596.2,597.3,39063.884
2024-06-17 16:00:00,597.2,610.3,591.4,608.3,61212.716
2024-06-17 20:00:00,608.3,608.6,603.8,604.3,17443.258
2024-06-18 00:00:00,604.3,605.2,582.1,594.3,167384.065
2024-06-18 04:00:00,594.3,597.7,591.3,593.4,43371.58
2024-06-18 08:00:00,593.4,593.8,581.8,583.6,70360.303
2024-06-18 12:00:00,583.6,587.5,575.0,582.5,113125.085
2024-06-18 16:00:00,582.5,582.8,576.1,580.7,33306.376
2024-06-18 20:00:00,580.6,589.8,578.7,588.6,31595.164
2024-06-19 00:00:00,588.6,599.2,586.6,598.1,41921.503
2024-06-19 04:00:00,598.1,605.9,597.4,603.7,40238.496
2024-06-19 08:00:00,603.8,604.2,595.5,596.9,75054.883
2024-06-19 12:00:00,597.0,599.4,591.0,592.0,50758.071
2024-06-19 16:00:00,592.0,601.4,591.5,599.5,35049.433
2024-06-19 20:00:00,599.4,602.6,597.4,599.3,17506.676
2024-06-20 00:00:00,599.3,603.1,595.5,598.2,29927.544
2024-06-20 04:00:00,598.2,606.1,597.1,605.5,33046.82
2024-06-20 08:00:00,605.5,608.0,601.3,603.0,51698.207
2024-06-20 12:00:00,603.0,604.4,592.4,596.1,55085.51
2024-06-20 16:00:00,596.2,597.2,590.5,593.1,69068.027
2024-06-20 20:00:00,593.2,593.9,584.6,587.7,50672.664
2024-06-21 00:00:00,587.7,589.3,583.3,586.5,32758.487
2024-06-21 04:00:00,586.5,587.7,582.4,583.5,18914.012
2024-06-21 08:00:00,583.5,587.3,578.2,586.2,54177.131
2024-06-21 12:00:00,586.1,587.7,577.8,583.1,48494.793
2024-06-21 16:00:00,583.2,586.5,579.6,586.3,19792.044
2024-06-21 20:00:00,586.1,587.9,583.7,586.1,17046.147
2024-06-22 00:00:00,586.2,586.6,581.0,584.1,19176.574
2024-06-22 04:00:00,584.2,588.0,583.7,587.0,19592.486
2024-06-22 08:00:00,587.1,587.9,585.0,587.1,17193.722
2024-06-22 12:00:00,587.2,587.5,585.2,586.7,16770.31
2024-06-22 16:00:00,586.8,587.8,585.7,587.8,11798.991
2024-06-22 20:00:00,587.8,591.4,586.5,591.1,15907.501
2024-06-23 00:00:00,591.1,593.0,586.5,592.8,32875.879
2024-06-23 04:00:00,592.8,593.2,590.4,592.2,15446.02
2024-06-23 08:00:00,592.3,592.4,587.6,589.3,16068.187
2024-06-23 12:00:00,589.3,590.4,584.4,585.1,23348.189
2024-06-23 16:00:00,585.1,585.9,581.4,585.4,20124.725
2024-06-23 20:00:00,585.3,585.5,576.0,577.5,33162.834
2024-06-24 00:00:00,577.5,582.0,570.8,576.2,43396.677
2024-06-24 04:00:00,576.3,576.5,564.0,570.9,64379.458
2024-06-24 08:00:00,570.9,575.7,558.0,569.9,87296.754
2024-06-24 12:00:00,569.9,571.2,560.6,561.5,44914.297
2024-06-24 16:00:00,561.6,564.4,554.1,557.8,70370.589
2024-06-24 20:00:00,557.8,568.5,551.2,568.1,46557.473
2024-06-25 00:00:00,568.1,578.2,566.4,573.4,49666.322
2024-06-25 04:00:00,573.4,575.9,570.2,571.5,24470.852
2024-06-25 08:00:00,571.6,573.5,567.5,572.0,24621.166
2024-06-25 12:00:00,571.9,579.6,570.2,577.6,40870.588
2024-06-25 16:00:00,577.6,580.0,573.7,577.9,22126.153
2024-06-25 20:00:00,578.0,579.3,575.5,578.2,15545.618
2024-06-26 00:00:00,578.3,584.7,575.4,580.2,27312.193
2024-06-26 04:00:00,580.2,580.9,575.4,578.8,20276.625
2024-06-26 08:00:00,578.8,579.2,571.1,573.7,25865.216
2024-06-26 12:00:00,573.8,577.1,570.7,572.5,29789.768
2024-06-26 16:00:00,572.6,574.7,567.4,574.5,28829.249
2024-06-26 20:00:00,574.4,575.9,571.6,573.0,22697.293
2024-06-27 00:00:00,573.1,576.5,571.0,574.0,17199.873
2024-06-27 04:00:00,574.1,575.0,566.4,569.5,46711.683
2024-06-27 08:00:00,569.4,575.1,568.7,572.8,29199.024
2024-06-27 12:00:00,572.8,584.7,572.2,579.4,74849.737
2024-06-27 16:00:00,579.5,582.6,576.8,579.6,19048.475
2024-06-27 20:00:00,579.6,581.9,579.1,581.7,12573.439
2024-06-28 00:00:00,581.8,585.3,578.5,583.0,31926.679
2024-06-28 04:00:00,583.0,583.2,575.7,576.2,36140.802
2024-06-28 08:00:00,576.3,579.5,573.8,578.5,34085.73
2024-06-28 12:00:00,578.5,579.7,570.4,572.3,45019.226
2024-06-28 16:00:00,572.3,575.5,569.2,571.1,33556.629
2024-06-28 20:00:00,571.1,571.9,565.6,567.4,29579.499
2024-06-29 00:00:00,567.4,572.6,566.9,569.4,25070.552
2024-06-29 04:00:00,569.4,572.0,567.4,570.7,21960.892
2024-06-29 08:00:00,570.7,573.9,569.9,573.5,20977.798
2024-06-29 12:00:00,573.5,573.9,570.4,572.6,12588.926
2024-06-29 16:00:00,572.5,572.6,570.1,571.9,7594.328
2024-06-29 20:00:00,571.9,572.4,568.4,570.0,11758.673
2024-06-30 00:00:00,570.0,572.7,568.3,569.3,22262.262
2024-06-30 04:00:00,569.3,578.8,568.3,575.9,28095.431
2024-06-30 08:00:00,575.9,577.8,574.8,575.0,18344.277
2024-06-30 12:00:00,575.1,578.1,574.0,577.4,21695.329
2024-06-30 16:00:00,577.4,579.7,576.1,578.7,25127.125
2024-06-30 20:00:00,578.7,585.3,577.7,582.2,54369.724
2024-07-01 00:00:00,582.3,588.3,580.0,585.4,61466.621
2024-07-01 04:00:00,585.4,586.6,583.6,584.7,15542.72
2024-07-01 08:00:00,584.8,585.4,577.0,577.4,32108.262
2024-07-01 12:00:00,577.4,581.7,576.4,577.7,36208.173
2024-07-01 16:00:00,577.7,583.1,576.4,581.6,23482.193
2024-07-01 20:00:00,581.6,582.3,576.2,576.9,19673.982
2024-07-02 00:00:00,576.9,579.4,574.4,578.9,19079.384
2024-07-02 04:00:00,578.9,581.7,577.3,578.6,20798.499
2024-07-02 08:00:00,578.6,581.4,577.3,579.5,22033.204
2024-07-02 12:00:00,579.5,582.0,575.0,575.6,34563.079
2024-07-02 16:00:00,575.6,582.0,573.9,577.7,30640.087
2024-07-02 20:00:00,577.7,580.5,577.1,580.1,17447.681
2024-07-03 00:00:00,580.1,581.0,565.9,569.8,50877.973
2024-07-03 04:00:00,569.9,569.9,565.2,566.2,45375.045
2024-07-03 08:00:00,566.3,567.8,555.3,561.0,67354.293
2024-07-03 12:00:00,561.1,561.1,552.7,558.2,61410.67
2024-07-03 16:00:00,558.2,560.1,550.5,551.9,38431.981
2024-07-03 20:00:00,551.9,558.0,551.8,556.7,24868.846
2024-07-04 00:00:00,556.7,558.1,524.9,539.7,185280.67
2024-07-04 04:00:00,539.8,541.7,529.2,530.1,52087.891
2024-07-04 08:00:00,530.1,533.8,522.3,525.2,84184.595
2024-07-04 12:00:00,525.2,525.7,511.6,525.3,105337.636
2024-07-04 16:00:00,525.4,527.5,518.7,523.6,37973.1
2024-07-04 20:00:00,523.6,529.9,512.4,513.6,46495.602
2024-07-05 00:00:00,513.5,516.1,465.1,468.9,403164.509
2024-07-05 04:00:00,469.0,479.4,454.8,472.7,231089.303
2024-07-05 08:00:00,472.7,489.6,456.1,485.6,176521.036
2024-07-05 12:00:00,485.6,497.3,480.9,495.5,110176.325
2024-07-05 16:00:00,495.5,499.9,492.2,496.3,51155.687
2024-07-05 20:00:00,496.4,499.7,493.9,497.7,20601.304
2024-07-06 00:00:00,497.8,507.5,496.0,503.5,44855.585
2024-07-06 04:00:00,503.5,510.6,499.5,508.1,35607.328
2024-07-06 08:00:00,508.1,513.8,505.4,513.1,30132.897
2024-07-06 12:00:00,513.2,520.4,508.9,518.5,47116.966
2024-07-06 16:00:00,518.5,527.6,518.0,526.6,41281.156
2024-07-06 20:00:00,526.7,530.7,525.9,526.0,27603.209
2024-07-07 00:00:00,526.0,526.6,516.7,518.3,53971.176
2024-07-07 04:00:00,518.4,518.7,504.0,509.0,72010.544
2024-07-07 08:00:00,509.0,512.9,507.2,508.7,25175.023
2024-07-07 12:00:00,508.7,510.8,494.1,498.4,75883.037
2024-07-07 16:00:00,498.3,504.1,497.2,500.4,19369.256
2024-07-07 20:00:00,500.4,502.6,488.4,490.7,32618.423
2024-07-08 00:00:00,490.7,492.1,471.0,488.5,126593.998
2024-07-08 04:00:00,488.5,511.1,487.8,501.8,120441.519
2024-07-08 08:00:00,501.7,524.2,500.7,515.5,116810.244
2024-07-08 12:00:00,515.5,519.1,490.9,501.3,157156.708
2024-07-08 16:00:00,501.3,508.4,497.2,507.4,35454.602
2024-07-08 20:00:00,507.5,512.6,505.2,510.6,24513.025
2024-07-09 00:00:00,510.5,516.5,506.5,514.1,43413.517
2024-07-09 04:00:00,514.1,516.4,511.6,512.5,30420.363
2024-07-09 08:00:00,512.5,519.0,511.5,516.0,33587.413
2024-07-09 12:00:00,516.1,520.0,511.6,516.9,47839.18
2024-07-09 16:00:00,517.0,520.8,515.7,517.0,35320.885
2024-07-09 20:00:00,517.0,518.9,514.6,516.9,12777.243
2024-07-10 00:00:00,516.9,517.0,511.3,516.5,22740.144
2024-07-10 04:00:00,516.5,526.3,516.4,522.4,52585.962
2024-07-10 08:00:00,522.4,528.7,519.2,527.8,42831.753
2024-07-10 12:00:00,527.9,529.4,520.2,525.0,56514.355
2024-07-10 16:00:00,525.0,527.8,521.8,523.3,18404.98
2024-07-10 20:00:00,523.4,525.3,520.7,524.7,12383.014
2024-07-11 00:00:00,524.7,528.6,520.1,523.0,32817.25
2024-07-11 04:00:00,523.0,528.5,522.0,527.5,22875.634
2024-07-11 08:00:00,527.6,537.0,527.3,536.5,34162.05
2024-07-11 12:00:00,536.4,545.1,523.3,524.2,131741.38
2024-07-11 16:00:00,524.2,530.9,522.5,525.5,23445.234
2024-07-11 20:00:00,525.6,526.9,522.8,524.8,17747.029
2024-07-12 00:00:00,524.9,529.6,517.0,521.5,41205.27
2024-07-12 04:00:00,521.5,523.6,518.0,521.2,24720.096
2024-07-12 08:00:00,521.3,524.1,518.0,524.1,44926.841
2024-07-12 12:00:00,524.1,533.2,522.9,532.4,53233.742
2024-07-12 16:00:00,532.5,537.5,530.8,531.2,30215.866
2024-07-12 20:00:00,531.2,533.9,527.0,533.8,13568.963
2024-07-13 00:00:00,533.9,535.5,532.2,533.4,14087.367
2024-07-13 04:00:00,533.4,536.3,531.7,536.1,17674.679
2024-07-13 08:00:00,536.1,539.4,535.0,537.8,23035.395
2024-07-13 12:00:00,537.9,538.1,529.2,532.0,51236.432
2024-07-13 16:00:00,532.1,532.8,528.4,530.0,24149.852
2024-07-13 20:00:00,530.0,535.8,527.3,532.4,30944.706
2024-07-14 00:00:00,532.5,537.7,531.2,533.6,31142.344
2024-07-14 04:00:00,533.7,539.2,533.4,537.6,23908.752
2024-07-14 08:00:00,537.7,540.3,535.6,537.0,22959.175
2024-07-14 12:00:00,537.0,537.1,531.6,536.3,24421.154
2024-07-14 16:00:00,536.3,537.1,535.0,536.8,9816.783
2024-07-14 20:00:00,536.9,547.7,536.6,544.8,36318.065
2024-07-15 00:00:00,544.9,554.9,543.8,553.9,52120.241
2024-07-15 04:00:00,553.9,562.6,551.9,559.1,49935.078
2024-07-15 08:00:00,559.1,563.6,557.4,562.1,54063.647
2024-07-15 12:00:00,562.2,574.8,562.1,573.8,81777.502
2024-07-15 16:00:00,573.7,579.6,573.0,577.1,54090.118
2024-07-15 20:00:00,577.1,586.8,575.6,585.3,43386.186
2024-07-16 00:00:00,585.3,587.5,577.6,579.7,45106.405
2024-07-16 04:00:00,579.7,580.8,561.3,562.3,92228.204
2024-07-16 08:00:00,562.3,571.7,554.4,570.9,68525.413
2024-07-16 12:00:00,570.9,578.5,565.2,577.0,64232.09
2024-07-16 16:00:00,577.0,579.2,571.8,578.4,51064.851
2024-07-16 20:00:00,578.3,578.5,570.3,576.2,26668.067
2024-07-17 00:00:00,576.3,584.0,575.9,579.5,36769.761
2024-07-17 04:00:00,579.5,583.6,578.6,579.9,26848.991
2024-07-17 08:00:00,580.0,581.9,574.0,575.5,43123.83
2024-07-17 12:00:00,575.5,579.0,572.3,572.8,34640.557
2024-07-17 16:00:00,572.8,573.7,564.3,572.0,38794.172
2024-07-17 20:00:00,572.0,573.9,567.9,568.9,18093.894
2024-07-18 00:00:00,568.9,577.0,568.6,574.1,20209.234
2024-07-18 04:00:00,574.1,576.2,569.2,572.3,15848.412
2024-07-18 08:00:00,572.4,575.0,570.6,574.0,15486.555
2024-07-18 12:00:00,574.0,579.6,565.0,565.5,51615.893
2024-07-18 16:00:00,565.5,571.4,561.6,567.7,36429.603
2024-07-18 20:00:00,567.7,573.3,566.8,571.9,13532.087
2024-07-19 00:00:00,572.0,573.4,565.0,572.8,21078.444
2024-07-19 04:00:00,572.7,574.8,567.7,568.6,20397.639
2024-07-19 08:00:00,568.6,573.7,566.2,573.4,32746.141
2024-07-19 12:00:00,573.5,595.0,572.3,591.5,116696.469
2024-07-19 16:00:00,591.6,598.7,588.7,595.8,116076.997
2024-07-19 20:00:00,595.8,596.2,591.3,593.4,24881.839
2024-07-20 00:00:00,593.4,595.2,586.7,590.8,30680.6
2024-07-20 04:00:00,590.9,592.5,589.7,590.1,18338.845
2024-07-20 08:00:00,590.1,593.1,588.2,590.4,21778.331
2024-07-20 12:00:00,590.4,595.2,587.7,595.2,23496.132
2024-07-20 16:00:00,595.1,597.9,593.2,595.6,36294.609
2024-07-20 20:00:00,595.5,597.6,592.5,593.1,14090.887
2024-07-21 00:00:00,593.2,597.7,593.1,595.7,18966.06
2024-07-21 04:00:00,595.7,596.3,591.0,592.5,15356.183
2024-07-21 08:00:00,592.5,595.2,592.2,594.3,13428.984
2024-07-21 12:00:00,594.3,602.3,591.9,599.1,49004.487
2024-07-21 16:00:00,599.1,602.4,581.5,597.7,91366.96
2024-07-21 20:00:00,597.6,603.4,597.0,602.5,55809.089
2024-07-22 00:00:00,602.5,605.6,599.2,600.8,30883.774
2024-07-22 04:00:00,600.8,602.4,591.6,594.1,35768.977
2024-07-22 08:00:00,594.1,602.1,591.2,600.0,32197.537
2024-07-22 12:00:00,600.1,600.9,589.0,592.2,47658.242
2024-07-22 16:00:00,592.2,596.2,590.6,595.6,30466.778
2024-07-22 20:00:00,595.6,596.6,580.3,587.2,35477.382
2024-07-23 00:00:00,587.3,593.5,587.0,590.3,16362.926
2024-07-23 04:00:00,590.4,591.3,577.7,579.7,49774.323
2024-07-23 08:00:00,579.8,589.4,579.0,584.8,39929.264
2024-07-23 12:00:00,584.7,588.6,578.6,585.3,48356.745
2024-07-23 16:00:00,585.3,586.1,577.2,580.8,40970.038
2024-07-23 20:00:00,580.9,583.9,580.2,581.9,18962.015
2024-07-24 00:00:00,582.0,585.9,580.5,585.1,28131.948
2024-07-24 04:00:00,585.0,586.0,581.2,585.9,14555.818
2024-07-24 08:00:00,585.9,589.1,583.3,583.4,38150.99
2024-07-24 12:00:00,583.4,587.6,582.2,583.0,26283.718
2024-07-24 16:00:00,583.0,585.7,578.8,579.2,18777.979
2024-07-24 20:00:00,579.3,581.7,570.4,574.9,34634.755
2024-07-25 00:00:00,574.9,576.6,553.1,556.7,118572.306
2024-07-25 04:00:00,556.8,564.6,554.3,561.9,33400.665
2024-07-25 08:00:00,561.8,568.7,560.4,564.4,28370.649
2024-07-25 12:00:00,564.4,567.3,556.3,565.0,39876.648
2024-07-25 16:00:00,565.0,570.3,562.5,566.2,39573.15
2024-07-25 20:00:00,566.2,573.2,560.7,570.6,27204.104
2024-07-26 00:00:00,570.7,579.1,570.2,578.7,38514.024
2024-07-26 04:00:00,578.7,580.7,577.2,579.5,24190.906
2024-07-26 08:00:00,579.4,580.5,575.3,577.5,26565.285
2024-07-26 12:00:00,577.5,580.7,574.4,578.5,36459.863
2024-07-26 16:00:00,578.4,582.3,576.8,580.5,18975.667
2024-07-26 20:00:00,580.5,582.8,578.5,580.9,10787.175
2024-07-27 00:00:00,580.9,585.3,577.7,583.2,33385.059
2024-07-27 04:00:00,583.2,588.0,582.5,587.2,20437.754
2024-07-27 08:00:00,587.2,588.9,585.9,587.1,13300.966
2024-07-27 12:00:00,587.0,592.8,582.4,585.6,33318.857
2024-07-27 16:00:00,585.7,586.5,581.0,584.6,28124.344
2024-07-27 20:00:00,584.7,585.6,572.6,581.6,55901.875
2024-07-28 00:00:00,581.6,584.2,577.6,580.6,14412.045
2024-07-28 04:00:00,580.6,581.2,574.5,578.7,22329.342
2024-07-28 08:00:00,578.8,581.9,577.3,581.9,11357.162
2024-07-28 12:00:00,581.9,582.4,579.2,580.3,16248.019
2024-07-28 16:00:00,580.3,584.4,579.0,584.0,10558.046
2024-07-28 20:00:00,584.0,584.9,580.9,583.9,17702.028
2024-07-29 00:00:00,583.9,598.0,583.6,592.3,45900.574
2024-07-29 04:00:00,592.3,595.3,590.4,593.7,25719.504
2024-07-29 08:00:00,593.7,594.8,591.8,592.9,20815.018
2024-07-29 12:00:00,592.8,593.4,580.2,582.8,45620.764
2024-07-29 16:00:00,582.9,583.7,572.2,577.9,55018.597
2024-07-29 20:00:00,577.8,580.5,573.7,574.3,20749.632
2024-07-30 00:00:00,574.3,575.2,566.6,572.8,36048.391
2024-07-30 04:00:00,572.7,576.4,570.3,574.6,15148.443
2024-07-30 08:00:00,574.6,574.7,572.0,573.7,23839.066
2024-07-30 12:00:00,573.7,576.2,571.2,574.0,25131.763
2024-07-30 16:00:00,574.1,577.6,570.3,573.7,27665.859
2024-07-30 20:00:00,573.8,588.3,570.0,588.2,37190.891
2024-07-31 00:00:00,588.1,589.6,582.2,585.2,45429.635
2024-07-31 04:00:00,585.2,587.6,581.1,586.1,24180.866
2024-07-31 08:00:00,586.1,589.0,584.2,586.7,23704.771
2024-07-31 12:00:00,586.8,589.2,584.3,586.6,22682.378
2024-07-31 16:00:00,586.6,592.9,580.7,582.0,41267.79
2024-07-31 20:00:00,582.0,582.1,574.7,576.5,37436.283
2024-08-01 00:00:00,576.5,578.0,568.4,569.9,44499.058
2024-08-01 04:00:00,569.8,571.4,562.8,568.9,34707.665
2024-08-01 08:00:00,568.9,573.3,568.7,572.3,19071.259
2024-08-01 12:00:00,572.4,575.0,556.5,558.9,75498.062
2024-08-01 16:00:00,558.9,561.6,553.7,561.0,59899.247
2024-08-01 20:00:00,561.0,577.7,559.8,575.1,46743.574
2024-08-02 00:00:00,575.2,577.6,564.0,572.0,38185.206
2024-08-02 04:00:00,572.0,573.2,563.5,570.7,41215.781
2024-08-02 08:00:00,570.6,575.4,568.2,573.4,21781.16
2024-08-02 12:00:00,573.3,576.6,547.1,558.9,87972.685
2024-08-02 16:00:00,558.8,560.3,553.1,555.1,28722.51
2024-08-02 20:00:00,555.1,558.2,540.2,542.9,65727.659
2024-08-03 00:00:00,542.9,543.8,525.9,542.0,65693.639
2024-08-03 04:00:00,542.1,545.3,539.5,540.7,18869.22
2024-08-03 08:00:00,540.8,541.8,536.6,541.4,19903.465
2024-08-03 12:00:00,541.4,545.1,531.2,532.0,32451.64
2024-08-03 16:00:00,532.0,534.0,522.7,523.3,77000.682
2024-08-03 20:00:00,523.4,530.5,521.3,529.6,31858.879
2024-08-04 00:00:00,529.7,532.2,526.9,528.3,28914.59
2024-08-04 04:00:00,528.4,529.7,522.0,523.9,26431.567
2024-08-04 08:00:00,523.8,528.2,520.9,525.6,26767.62
2024-08-04 12:00:00,525.7,527.9,500.6,501.9,120884.4
2024-08-04 16:00:00,501.9,510.0,486.5,507.7,141817.508
2024-08-04 20:00:00,507.8,511.6,496.2,496.9,45422.6
2024-08-05 00:00:00,496.9,499.9,432.0,442.0,653557.673
2024-08-05 04:00:00,442.1,449.9,400.0,439.4,544000.499
2024-08-05 08:00:00,439.4,449.7,421.4,432.2,248696.106
2024-08-05 12:00:00,432.1,466.3,408.9,462.3,471918.121
2024-08-05 16:00:00,462.3,474.2,451.3,457.9,140161.091
2024-08-05 20:00:00,457.8,471.5,457.5,464.2,56346.26
2024-08-06 00:00:00,464.3,490.1,463.5,478.8,75017.686
2024-08-06 04:00:00,478.9,493.0,476.4,492.2,87465.156
2024-08-06 08:00:00,492.2,492.2,475.7,478.4,91747.135
2024-08-06 12:00:00,478.4,494.4,469.5,487.9,117151.045
2024-08-06 16:00:00,487.9,493.1,485.2,488.2,46612.296
2024-08-06 20:00:00,488.1,492.5,483.3,484.8,40821.689
2024-08-07 00:00:00,484.9,493.2,478.1,491.8,55336.704
2024-08-07 04:00:00,491.8,497.5,488.5,491.9,41977.051
2024-08-07 08:00:00,491.9,497.7,488.3,489.2,45951.951
2024-08-07 12:00:00,489.3,493.6,472.0,480.7,85502.081
2024-08-07 16:00:00,480.7,481.5,468.1,472.3,58260.865
2024-08-07 20:00:00,472.3,477.9,469.2,475.0,35153.835
2024-08-08 00:00:00,475.0,491.7,467.5,485.3,52721.784
2024-08-08 04:00:00,485.3,490.0,483.0,485.2,25112.609
2024-08-08 08:00:00,485.3,490.5,485.1,488.5,18504.415
2024-08-08 12:00:00,488.5,499.5,483.9,499.1,73280.114
2024-08-08 16:00:00,499.2,510.7,498.9,502.6,56516.962
2024-08-08 20:00:00,502.6,521.7,502.0,517.1,60608.724
2024-08-09 00:00:00,517.2,518.4,511.5,514.9,39055.608
2024-08-09 04:00:00,514.9,516.2,507.7,509.4,32995.905
2024-08-09 08:00:00,509.4,510.8,502.3,507.0,35463.535
2024-08-09 12:00:00,507.0,511.6,498.7,501.7,52106.988
2024-08-09 16:00:00,501.7,507.7,500.7,506.7,13243.478
2024-08-09 20:00:00,506.7,509.8,504.3,508.7,22259.592
2024-08-10 00:00:00,508.7,514.0,507.2,509.5,18627.847
2024-08-10 04:00:00,509.5,512.0,507.2,511.9,13431.586
2024-08-10 08:00:00,511.9,516.7,510.7,516.6,21544.643
2024-08-10 12:00:00,516.6,517.6,511.9,514.4,19122.955
2024-08-10 16:00:00,514.3,525.4,513.3,522.9,43126.119
2024-08-10 20:00:00,522.9,524.5,521.9,523.1,10359.088
2024-08-11 00:00:00,523.2,534.8,522.9,530.5,30251.241
2024-08-11 04:00:00,530.6,534.3,528.0,533.6,21567.025
2024-08-11 08:00:00,533.6,535.8,523.1,525.0,35214.462
2024-08-11 12:00:00,524.9,525.7,516.8,520.2,47868.505
2024-08-11 16:00:00,520.2,522.9,512.0,512.2,24766.4
2024-08-11 20:00:00,512.3,512.4,502.3,503.4,46371.081
2024-08-12 00:00:00,503.5,509.4,500.2,507.4,32896.455
2024-08-12 04:00:00,507.4,511.2,499.2,509.4,45175.597
2024-08-12 08:00:00,509.4,518.2,504.4,517.2,52156.845
2024-08-12 12:00:00,517.3,524.0,500.5,519.6,94469.537
2024-08-12 16:00:00,519.7,521.4,507.5,513.1,30112.492
2024-08-12 20:00:00,513.1,521.6,509.6,518.2,31140.421
2024-08-13 00:00:00,518.3,521.8,513.8,516.1,34667.15
2024-08-13 04:00:00,516.1,524.0,514.5,523.2,23575.04
2024-08-13 08:00:00,523.2,524.5,518.5,520.6,32371.027
2024-08-13 12:00:00,520.7,527.0,513.1,517.3,89554.692
2024-08-13 16:00:00,517.3,523.5,517.0,522.1,49833.747
2024-08-13 20:00:00,522.1,525.9,521.1,524.2,25027.841
2024-08-14 00:00:00,524.2,527.0,521.9,525.6,24064.753
2024-08-14 04:00:00,525.6,528.5,524.9,526.5,25128.513
2024-08-14 08:00:00,526.6,531.5,524.3,529.8,32145.245
2024-08-14 12:00:00,529.9,531.9,515.4,525.2,86589.643
2024-08-14 16:00:00,525.2,526.2,520.3,524.2,26427.817
2024-08-14 20:00:00,524.2,525.9,519.7,523.4,26494.04
2024-08-15 00:00:00,523.4,527.3,520.4,522.5,30153.885
2024-08-15 04:00:00,522.6,522.8,514.1,517.3,28583.585
2024-08-15 08:00:00,517.3,525.0,515.5,524.3,25973.252
2024-08-15 12:00:00,524.3,531.4,522.4,531.0,43370.566
2024-08-15 16:00:00,531.0,533.9,510.4,513.9,71851.489
2024-08-15 20:00:00,513.9,522.0,510.0,519.2,29695.529
2024-08-16 00:00:00,519.2,521.9,514.2,515.5,31804.011
2024-08-16 04:00:00,515.4,524.1,515.1,523.9,23998.86
2024-08-16 08:00:00,523.9,524.5,518.8,519.2,21729.004
2024-08-16 12:00:00,519.1,520.9,509.9,514.8,50965.33
2024-08-16 16:00:00,514.8,523.1,513.1,522.6,29523.291
2024-08-16 20:00:00,522.6,523.1,518.3,519.7,16015.645
2024-08-17 00:00:00,519.7,522.7,518.3,521.4,21129.665
2024-08-17 04:00:00,521.4,523.8,520.8,523.2,16892.796
2024-08-17 08:00:00,523.3,529.8,522.2,529.6,34690.602
2024-08-17 12:00:00,529.5,540.0,528.5,534.4,54677.666
2024-08-17 16:00:00,534.3,545.9,534.3,544.5,30915.925
2024-08-17 20:00:00,544.6,547.7,539.7,541.6,38058.932
2024-08-18 00:00:00,541.7,542.6,536.3,536.4,32870.951
2024-08-18 04:00:00,536.5,540.4,534.3,540.3,23695.788
2024-08-18 08:00:00,540.3,540.4,536.6,538.6,33122.858
2024-08-18 12:00:00,538.7,539.1,535.5,538.9,27396.566
2024-08-18 16:00:00,539.0,539.8,535.4,538.1,16102.956
2024-08-18 20:00:00,538.2,538.4,530.8,531.2,15700.899
2024-08-19 00:00:00,531.3,537.3,529.1,537.2,30304.15
2024-08-19 04:00:00,537.2,537.6,532.6,533.7,25190.048
2024-08-19 08:00:00,533.8,537.8,530.6,537.0,35150.552
2024-08-19 12:00:00,537.0,544.4,534.9,543.5,44065.553
2024-08-19 16:00:00,543.5,555.8,543.2,553.1,55497.979
2024-08-19 20:00:00,553.1,560.7,551.9,558.4,43067.07
2024-08-20 00:00:00,558.5,572.2,558.4,569.4,59887.718
2024-08-20 04:00:00,569.4,573.7,566.5,569.0,39374.846
2024-08-20 08:00:00,569.1,569.7,565.5,568.0,34952.601
2024-08-20 12:00:00,567.9,573.3,559.8,561.5,119018.097
2024-08-20 16:00:00,561.5,574.2,558.2,573.1,127163.722
2024-08-20 20:00:00,573.1,574.9,568.1,569.4,41656.709
2024-08-21 00:00:00,569.4,572.7,560.7,564.2,72192.067
2024-08-21 04:00:00,564.2,564.2,558.7,560.7,44493.489
2024-08-21 08:00:00,560.7,561.6,553.3,555.9,46592.961
2024-08-21 12:00:00,555.9,558.3,546.1,554.6,64215.338
2024-08-21 16:00:00,554.5,572.4,553.8,571.9,58358.759
2024-08-21 20:00:00,571.8,575.1,567.6,570.1,59749.156
2024-08-22 00:00:00,570.2,570.8,559.7,570.0,34039.168
2024-08-22 04:00:00,570.0,577.9,567.7,576.7,37906.505
2024-08-22 08:00:00,576.6,584.3,574.3,583.3,61659.706
2024-08-22 12:00:00,583.3,590.0,577.4,579.8,126867.772
2024-08-22 16:00:00,579.8,585.5,572.4,584.5,61017.33
2024-08-22 20:00:00,584.5,587.0,581.2,582.9,43529.803
2024-08-23 00:00:00,583.0,587.5,579.7,582.2,64323.963
2024-08-23 04:00:00,582.2,585.1,577.4,579.7,46058.058
2024-08-23 08:00:00,579.7,580.6,575.7,578.0,42278.48
2024-08-23 12:00:00,578.0,586.0,574.3,580.8,71551.077
2024-08-23 16:00:00,580.9,587.7,579.1,587.4,70934.233
2024-08-23 20:00:00,587.5,600.6,586.4,591.7,92626.852
2024-08-24 00:00:00,591.7,592.4,578.2,578.8,52013.314
2024-08-24 04:00:00,578.8,581.2,574.6,579.0,80132.507
2024-08-24 08:00:00,579.0,583.4,577.7,578.5,35058.634
2024-08-24 12:00:00,578.5,582.5,577.8,578.7,31462.535
2024-08-24 16:00:00,578.8,589.7,578.3,589.2,60038.224
2024-08-24 20:00:00,589.3,592.2,575.5,580.5,66463.683
2024-08-25 00:00:00,580.5,583.9,575.8,579.3,46848.124
2024-08-25 04:00:00,579.4,579.9,569.0,571.3,46165.965
2024-08-25 08:00:00,571.3,575.8,569.1,574.0,27560.247
2024-08-25 12:00:00,574.0,578.7,572.6,575.1,25786.694
2024-08-25 16:00:00,575.2,577.2,573.4,575.7,23287.688
2024-08-25 20:00:00,575.7,578.9,572.0,573.9,26335.841
2024-08-26 00:00:00,573.9,575.6,567.7,570.0,34041.605
2024-08-26 04:00:00,570.0,572.9,561.3,562.0,62742.835
2024-08-26 08:00:00,561.9,567.2,559.9,563.9,30945.558
2024-08-26 12:00:00,563.8,564.2,555.8,558.5,57317.945
2024-08-26 16:00:00,558.4,561.7,551.9,552.9,40295.745
2024-08-26 20:00:00,552.9,554.9,546.7,548.2,55641.888
2024-08-27 00:00:00,548.3,555.7,547.9,552.8,32377.507
2024-08-27 04:00:00,552.7,558.3,552.0,555.7,36332.497
2024-08-27 08:00:00,555.8,556.3,546.9,551.0,46268.514
2024-08-27 12:00:00,550.9,556.0,548.1,552.2,42640.179
2024-08-27 16:00:00,552.2,554.1,544.2,550.2,34400.503
2024-08-27 20:00:00,550.3,551.4,520.5,533.3,106054.774
2024-08-28 00:00:00,533.3,537.9,526.8,537.7,45427.331
2024-08-28 04:00:00,537.8,542.8,532.0,532.7,41049.886
2024-08-28 08:00:00,532.7,546.8,530.4,543.6,54332.73
2024-08-28 12:00:00,543.5,546.3,530.3,533.4,47046.181
2024-08-28 16:00:00,533.4,539.1,522.4,534.1,53940.651
2024-08-28 20:00:00,534.2,540.5,531.9,537.0,27997.998
2024-08-29 00:00:00,537.0,542.0,536.4,540.4,24812.051
2024-08-29 04:00:00,540.4,544.9,538.5,541.2,23462.223
2024-08-29 08:00:00,541.2,545.3,539.9,543.7,24611.278
2024-08-29 12:00:00,543.7,545.5,537.8,541.7,43283.029
2024-08-29 16:00:00,541.7,543.2,530.9,535.9,32021.867
2024-08-29 20:00:00,535.8,537.5,532.2,536.4,17996.665
2024-08-30 00:00:00,536.4,537.6,529.2,530.1,22855.169
2024-08-30 04:00:00,530.0,535.5,528.3,533.2,23149.396
2024-08-30 08:00:00,533.2,540.8,533.1,538.4,28746.899
2024-08-30 12:00:00,538.4,543.4,522.2,523.9,77675.621
2024-08-30 16:00:00,523.8,537.1,522.0,531.6,35832.741
2024-08-30 20:00:00,531.6,536.4,531.0,535.2,9566.069
2024-08-31 00:00:00,535.2,538.0,534.8,537.3,15279.649
2024-08-31 04:00:00,537.4,541.5,535.1,535.6,24767.867
2024-08-31 08:00:00,535.7,537.7,534.2,536.6,13144.509
2024-08-31 12:00:00,536.6,537.8,535.0,535.8,17108.452
2024-08-31 16:00:00,535.8,535.9,531.1,533.5,13539.582
2024-08-31 20:00:00,533.6,534.6,531.6,532.9,12114.013
2024-09-01 00:00:00,532.9,533.2,524.7,526.8,27867.97
2024-09-01 04:00:00,526.8,527.0,513.4,522.3,63164.734
2024-09-01 08:00:00,522.3,522.6,516.1,519.0,17177.512
2024-09-01 12:00:00,519.1,522.0,510.3,520.9,42419.228
2024-09-01 16:00:00,520.9,524.0,516.1,520.2,23621.356
2024-09-01 20:00:00,520.3,523.3,507.7,512.4,29448.067
2024-09-02 00:00:00,512.3,516.5,511.4,515.2,18951.789
2024-09-02 04:00:00,515.1,515.9,501.5,503.1,80401.34
2024-09-02 08:00:00,503.1,525.4,502.9,519.1,99239.315
2024-09-02 12:00:00,519.1,523.6,515.9,522.2,28313.08
2024-09-02 16:00:00,522.3,523.9,519.8,522.2,13011.087
2024-09-02 20:00:00,522.3,530.2,521.9,526.3,23067.815
2024-09-03 00:00:00,526.4,538.3,525.2,534.1,52774.763
2024-09-03 04:00:00,534.1,538.4,531.6,535.0,46945.48
2024-09-03 08:00:00,535.0,536.2,531.6,535.9,22313.805
2024-09-03 12:00:00,535.9,537.9,521.2,522.0,52347.766
2024-09-03 16:00:00,522.0,525.7,519.6,524.4,25841.588
2024-09-03 20:00:00,524.4,526.1,517.9,518.7,24258.248
2024-09-04 00:00:00,518.8,523.7,501.3,512.6,129095.058
2024-09-04 04:00:00,512.7,513.7,508.3,510.2,34634.842
2024-09-04 08:00:00,510.2,512.3,496.9,499.0,77841.611
2024-09-04 12:00:00,498.9,513.4,495.8,508.9,125237.795
2024-09-04 16:00:00,509.0,512.6,505.3,509.5,46010.38
2024-09-04 20:00:00,509.6,513.5,507.0,507.6,23072.62
2024-09-05 00:00:00,507.6,512.9,503.4,504.0,39281.877
2024-09-05 04:00:00,504.1,508.0,501.0,506.7,30267.673
2024-09-05 08:00:00,506.7,507.7,502.6,504.5,15940.201
2024-09-05 12:00:00,504.5,510.3,499.7,501.3,47496.706
2024-09-05 16:00:00,501.4,503.6,496.7,499.5,32040.449
2024-09-05 20:00:00,499.4,502.8,498.1,502.4,12210.414
2024-09-06 00:00:00,502.4,508.1,500.6,505.4,26920.659
2024-09-06 04:00:00,505.4,508.4,496.9,501.4,37195.682
2024-09-06 08:00:00,501.4,506.8,500.7,504.1,31446.474
2024-09-06 12:00:00,504.2,509.9,488.7,492.5,103093.55
2024-09-06 16:00:00,492.5,493.5,478.2,482.3,94839.309
2024-09-06 20:00:00,482.2,487.5,471.3,487.2,64209.053
2024-09-07 00:00:00,487.3,489.9,482.9,486.4,32943.152
2024-09-07 04:00:00,486.5,496.0,486.2,495.4,32365.579
2024-09-07 08:00:00,495.4,496.7,491.6,492.7,24361.505
2024-09-07 12:00:00,492.7,499.5,492.7,497.9,21226.758
2024-09-07 16:00:00,497.9,498.1,492.2,495.8,12998.424
2024-09-07 20:00:00,495.9,495.9,490.4,493.5,16471.894
2024-09-08 00:00:00,493.6,496.7,490.7,496.6,12688.74
2024-09-08 04:00:00,496.5,504.6,496.2,502.9,23659.69
2024-09-08 08:00:00,502.8,505.9,501.0,501.4,26521.925
2024-09-08 12:00:00,501.4,501.9,491.1,491.7,33126.328
2024-09-08 16:00:00,491.7,498.6,491.0,495.4,11652.048
2024-09-08 20:00:00,495.4,506.9,494.8,503.1,28028.442
2024-09-09 00:00:00,503.2,510.0,502.8,505.1,37281.546
2024-09-09 04:00:00,505.2,507.1,501.7,507.0,16479.313
2024-09-09 08:00:00,507.0,510.3,505.1,505.3,24555.897
2024-09-09 12:00:00,505.3,508.0,502.1,506.1,24043.802
2024-09-09 16:00:00,506.2,520.6,505.7,520.1,69148.827
2024-09-09 20:00:00,520.2,525.7,517.2,518.7,36019.155
2024-09-10 00:00:00,518.7,518.7,513.3,514.4,27298.24
2024-09-10 04:00:00,514.5,520.4,514.4,520.2,17369.368
2024-09-10 08:00:00,520.1,522.3,518.0,521.1,24146.518
2024-09-10 12:00:00,521.2,522.8,514.0,514.2,38563.785
2024-09-10 16:00:00,514.2,524.3,513.8,521.9,27553.255
2024-09-10 20:00:00,521.9,522.5,509.2,517.0,26486.646
2024-09-11 00:00:00,517.0,517.3,510.5,514.7,17380.844
2024-09-11 04:00:00,514.7,514.9,506.5,514.1,25029.378
2024-09-11 08:00:00,514.0,516.0,509.7,515.0,17131.365
2024-09-11 12:00:00,515.1,520.0,508.7,518.0,56254.017
2024-09-11 16:00:00,517.9,535.4,517.7,533.1,70211.107
2024-09-11 20:00:00,533.2,534.6,527.9,530.1,18072.891
2024-09-12 00:00:00,530.2,546.8,530.0,542.9,57252.18
2024-09-12 04:00:00,543.0,545.8,541.0,541.9,33744.439
2024-09-12 08:00:00,542.0,545.6,541.5,544.9,32691.165
2024-09-12 12:00:00,544.9,548.7,534.1,535.4,88110.716
2024-09-12 16:00:00,535.5,543.8,534.9,541.6,30776.681
2024-09-12 20:00:00,541.6,545.8,538.3,544.5,31302.619
2024-09-13 00:00:00,544.6,547.0,542.1,542.7,27778.333
2024-09-13 04:00:00,542.8,544.2,538.7,542.7,27270.938
2024-09-13 08:00:00,542.7,549.5,540.3,546.0,40482.74
2024-09-13 12:00:00,545.9,554.3,542.2,553.6,108735.1
2024-09-13 16:00:00,553.7,555.9,550.0,554.5,41907.773
2024-09-13 20:00:00,554.6,559.7,553.7,556.4,30568.389
2024-09-14 00:00:00,556.4,559.2,555.2,556.2,17954.288
2024-09-14 04:00:00,556.2,556.4,551.4,554.0,46966.256
2024-09-14 08:00:00,554.0,554.4,549.6,551.3,19467.914
2024-09-14 12:00:00,551.3,553.5,550.5,551.0,15249.098
2024-09-14 16:00:00,551.0,553.1,547.5,551.1,25538.797
2024-09-14 20:00:00,551.0,553.8,550.9,553.3,13256.611
2024-09-15 00:00:00,553.4,555.9,552.5,552.9,15647.041
2024-09-15 04:00:00,552.8,555.0,552.1,555.0,17793.536
2024-09-15 08:00:00,555.0,555.0,552.9,554.6,24402.418
2024-09-15 12:00:00,554.6,561.9,554.3,561.2,39279.107
2024-09-15 16:00:00,561.2,561.6,553.7,556.8,42514.534
2024-09-15 20:00:00,556.8,560.8,546.0,553.4,65618.154
2024-09-16 00:00:00,553.4,555.2,540.5,545.3,80063.025
2024-09-16 04:00:00,545.2,551.3,544.4,550.4,30587.363
2024-09-16 08:00:00,550.5,552.6,544.1,547.5,26652.514
2024-09-16 12:00:00,547.4,549.1,535.1,535.4,60408.087
2024-09-16 16:00:00,535.4,537.1,528.6,532.8,45636.818
2024-09-16 20:00:00,532.8,535.3,527.0,533.7,24605.883
2024-09-17 00:00:00,533.7,535.8,529.0,535.0,22431.993
2024-09-17 04:00:00,535.0,540.1,534.9,538.5,19792.355
2024-09-17 08:00:00,538.6,544.6,537.9,543.0,40561.979
2024-09-17 12:00:00,543.0,552.7,539.6,550.1,63416.29
2024-09-17 16:00:00,550.1,551.1,541.8,545.2,31858.45
2024-09-17 20:00:00,545.2,547.8,543.5,546.2,17227.293
2024-09-18 00:00:00,546.2,549.8,542.1,547.4,24285.307
2024-09-18 04:00:00,547.5,547.8,544.0,545.5,15307.299
2024-09-18 08:00:00,545.6,545.6,536.8,540.0,29504.996
2024-09-18 12:00:00,540.0,543.7,536.9,538.2,23681.36
2024-09-18 16:00:00,538.2,555.0,536.9,545.1,70440.937
2024-09-18 20:00:00,545.0,559.7,541.2,559.5,37963.086
2024-09-19 00:00:00,559.5,562.6,554.9,560.1,58569.548
2024-09-19 04:00:00,560.1,562.1,556.3,557.1,38481.899
2024-09-19 08:00:00,557.1,558.7,553.0,558.6,31605.576
2024-09-19 12:00:00,558.6,568.4,558.4,565.3,100400.922
2024-09-19 16:00:00,565.2,572.2,565.0,566.0,45883.744
2024-09-19 20:00:00,566.0,567.7,561.7,567.0,33486.053
2024-09-20 00:00:00,566.9,571.7,555.0,571.6,54155.788
2024-09-20 04:00:00,571.6,577.1,570.1,573.6,62028.793
2024-09-20 08:00:00,573.5,573.9,566.5,569.9,49495.101
2024-09-20 12:00:00,570.0,573.7,564.4,569.8,56575.098
2024-09-20 16:00:00,569.9,570.8,564.2,566.7,19965.589
2024-09-20 20:00:00,566.7,570.0,566.0,569.0,14857.34
2024-09-21 00:00:00,569.1,573.1,566.4,567.8,23844.74
2024-09-21 04:00:00,567.8,583.6,567.6,582.6,53987.36
2024-09-21 08:00:00,582.6,587.6,580.1,580.3,61960.517
2024-09-21 12:00:00,580.2,585.7,579.6,583.7,27635.226
2024-09-21 16:00:00,583.7,585.8,582.5,585.1,14496.649
2024-09-21 20:00:00,585.1,590.0,583.4,588.6,26827.738
2024-09-22 00:00:00,588.7,589.7,580.9,584.1,29791.601
2024-09-22 04:00:00,584.1,585.4,581.5,584.6,21242.546
2024-09-22 08:00:00,584.6,585.9,580.0,581.4,27888.457
2024-09-22 12:00:00,581.5,583.1,577.1,580.6,36886.018
2024-09-22 16:00:00,580.6,587.6,578.1,585.9,24645.651
2024-09-22 20:00:00,585.8,594.6,576.4,588.7,62524.518
2024-09-23 00:00:00,588.7,599.5,583.4,596.8,81885.85
2024-09-23 04:00:00,596.8,597.5,589.4,591.2,33793.15
2024-09-23 08:00:00,591.2,593.1,587.9,592.4,31504.58
2024-09-23 12:00:00,592.4,601.6,591.4,600.6,57692.698
2024-09-23 16:00:00,600.7,616.0,600.5,612.0,122183.259
2024-09-23 20:00:00,612.0,614.9,601.0,604.5,48950.67
2024-09-24 00:00:00,604.5,609.5,600.2,606.5,47880.99
2024-09-24 04:00:00,606.5,606.5,600.4,602.2,35642.906
2024-09-24 08:00:00,602.2,606.2,600.8,603.8,35574.186
2024-09-24 12:00:00,603.8,609.0,598.5,606.3,62422.58
2024-09-24 16:00:00,606.3,610.1,604.4,609.4,35337.55
2024-09-24 20:00:00,609.5,613.4,605.1,605.9,44763.919
2024-09-25 00:00:00,605.8,608.3,602.6,607.1,34306.534
2024-09-25 04:00:00,607.1,607.1,592.8,596.1,54392.15
2024-09-25 08:00:00,596.2,598.4,593.0,596.7,29937.744
2024-09-25 12:00:00,596.7,599.7,592.1,593.2,37024.665
2024-09-25 16:00:00,593.3,595.5,585.8,587.0,39986.225
2024-09-25 20:00:00,587.1,589.8,584.2,587.4,25146.63
2024-09-26 00:00:00,587.5,589.6,580.8,587.9,48828.295
2024-09-26 04:00:00,588.0,596.4,587.1,595.8,46097.277
2024-09-26 08:00:00,595.9,599.0,593.3,595.3,39114.132
2024-09-26 12:00:00,595.4,602.7,592.1,601.4,86258.701
2024-09-26 16:00:00,601.3,609.0,592.8,593.0,78806.41
2024-09-26 20:00:00,593.0,598.5,591.2,596.3,35232.659
2024-09-27 00:00:00,596.3,605.5,596.0,604.5,55003.437
2024-09-27 04:00:00,604.6,606.6,599.8,604.0,53007.628
2024-09-27 08:00:00,603.9,608.8,602.2,608.5,51928.568
2024-09-27 12:00:00,608.4,614.7,606.0,608.9,108670.464
2024-09-27 16:00:00,609.0,612.9,605.0,605.5,55909.885
2024-09-27 20:00:00,605.5,611.4,604.1,606.8,32381.658
2024-09-28 00:00:00,606.9,618.6,605.0,612.2,100049.689
2024-09-28 04:00:00,612.2,612.6,600.0,602.4,48388.653
2024-09-28 08:00:00,602.4,602.9,594.5,602.2,45490.219
2024-09-28 12:00:00,602.2,603.2,597.2,601.0,34681.098
2024-09-28 16:00:00,600.9,601.9,599.1,600.2,19488.995
2024-09-28 20:00:00,600.2,601.9,595.8,601.1,14494.727
2024-09-29 00:00:00,601.1,602.8,598.5,600.4,18395.915
2024-09-29 04:00:00,600.4,600.4,593.1,593.4,27082.77
2024-09-29 08:00:00,593.5,598.3,592.4,597.3,33202.615
2024-09-29 12:00:00,597.4,598.4,593.6,596.9,31927.473
2024-09-29 16:00:00,597.0,599.7,595.9,599.6,22615.934
2024-09-29 20:00:00,599.6,601.0,594.8,595.6,26878.377
2024-09-30 00:00:00,595.6,595.8,572.2,578.0,115822.958
2024-09-30 04:00:00,578.0,583.4,575.1,582.2,37794.947
2024-09-30 08:00:00,582.3,582.3,570.5,574.8,53154.506
2024-09-30 12:00:00,574.7,578.5,571.1,571.2,41308.531
2024-09-30 16:00:00,571.2,574.2,568.0,572.6,43142.511
2024-09-30 20:00:00,572.7,575.4,563.5,567.4,32863.284
2024-10-01 00:00:00,567.4,577.0,565.2,576.9,33884.628
2024-10-01 04:00:00,576.9,583.1,576.2,581.1,42530.712
2024-10-01 08:00:00,581.2,581.5,577.3,577.4,22307.891
2024-10-01 12:00:00,577.4,579.0,547.9,561.5,148471.166
2024-10-01 16:00:00,561.5,562.6,538.7,548.8,142434.852
2024-10-01 20:00:00,548.8,550.0,536.8,547.3,86743.696
2024-10-02 00:00:00,547.2,555.6,545.5,554.5,40521.363
2024-10-02 04:00:00,554.6,558.3,551.6,556.3,30626.664
2024-10-02 08:00:00,556.3,557.9,544.5,546.8,37361.014
2024-10-02 12:00:00,546.9,549.7,537.1,549.4,73581.485
2024-10-02 16:00:00,549.5,553.2,535.4,539.3,67927.161
2024-10-02 20:00:00,539.3,545.8,538.0,542.5,32175.976
2024-10-03 00:00:00,542.5,549.9,541.0,549.9,29525.739
2024-10-03 04:00:00,549.9,550.8,543.8,545.3,22530.692
2024-10-03 08:00:00,545.2,545.7,536.0,538.4,60781.211
2024-10-03 12:00:00,538.3,545.8,534.3,541.4,59897.692
2024-10-03 16:00:00,541.4,546.0,537.2,545.8,31491.215
2024-10-03 20:00:00,545.8,546.6,541.3,544.8,16475.793
2024-10-04 00:00:00,544.8,549.6,541.8,546.8,22552.514
2024-10-04 04:00:00,546.7,550.7,546.5,550.6,22631.641
2024-10-04 08:00:00,550.6,554.5,550.5,553.4,29363.606
2024-10-04 12:00:00,553.3,556.9,545.3,553.7,64006.628
2024-10-04 16:00:00,553.7,557.7,552.2,557.3,33881.68
2024-10-04 20:00:00,557.3,557.8,554.7,555.3,13733.559
2024-10-05 00:00:00,555.3,558.0,551.6,553.6,18509.845
2024-10-05 04:00:00,553.6,565.0,553.5,561.9,32953.35
2024-10-05 08:00:00,561.9,565.2,561.0,561.4,19918.638
2024-10-05 12:00:00,561.4,564.8,560.3,564.2,19119.616
2024-10-05 16:00:00,564.1,564.8,559.3,560.6,20621.314
2024-10-05 20:00:00,560.6,564.0,557.9,563.0,13783.619
2024-10-06 00:00:00,563.0,566.2,561.4,561.9,16777.58
2024-10-06 04:00:00,562.0,563.9,561.3,562.5,14637.679
2024-10-06 08:00:00,562.6,563.9,561.1,562.6,11518.972
2024-10-06 12:00:00,562.6,569.1,561.8,567.3,24714.153
2024-10-06 16:00:00,567.3,568.4,565.2,565.8,16417.416
2024-10-06 20:00:00,565.8,571.9,563.6,570.3,22721.54
2024-10-07 00:00:00,570.4,577.5,567.7,573.4,42134.788
2024-10-07 04:00:00,573.4,577.5,572.4,576.1,21309.188
2024-10-07 08:00:00,576.0,577.7,566.9,571.9,34993.04
2024-10-07 12:00:00,571.9,581.8,570.5,575.7,48066.146
2024-10-07 16:00:00,575.7,577.7,566.9,572.5,33184.172
2024-10-07 20:00:00,572.6,574.2,563.5,564.3,33359.342
2024-10-08 00:00:00,564.4,571.4,563.3,569.8,26533.547
2024-10-08 04:00:00,569.8,570.9,559.5,563.4,27793.674
2024-10-08 08:00:00,563.5,577.2,562.1,577.1,71207.157
2024-10-08 12:00:00,577.0,580.4,572.7,578.1,69624.284
2024-10-08 16:00:00,578.0,586.8,576.3,585.5,59338.713
2024-10-08 20:00:00,585.6,586.3,579.1,580.8,31778.802
2024-10-09 00:00:00,580.8,583.1,573.1,576.5,73281.929
2024-10-09 04:00:00,576.4,585.8,575.6,582.4,60300.992
2024-10-09 08:00:00,582.3,586.0,581.4,583.3,43676.941
2024-10-09 12:00:00,583.3,585.0,576.4,581.0,69931.598
2024-10-09 16:00:00,581.1,581.9,571.1,571.8,36343.676
2024-10-09 20:00:00,571.9,573.3,566.2,570.7,40860.918
2024-10-10 00:00:00,570.8,572.8,567.4,569.4,22415.43
2024-10-10 04:00:00,569.4,572.9,569.0,570.2,15430.939
2024-10-10 08:00:00,570.2,571.2,564.8,570.6,29991.02
2024-10-10 12:00:00,570.6,570.8,563.0,565.6,37221.862
2024-10-10 16:00:00,565.6,567.4,551.5,559.6,55067.301
2024-10-10 20:00:00,559.7,563.9,558.0,563.9,18071.757
2024-10-11 00:00:00,563.8,565.5,560.8,564.0,33128.96
2024-10-11 04:00:00,564.0,565.0,560.1,560.5,23025.731
2024-10-11 08:00:00,560.5,568.6,560.2,567.8,39709.009
2024-10-11 12:00:00,567.8,573.4,566.2,571.9,43459.498
2024-10-11 16:00:00,571.9,577.5,571.2,574.2,33129.402
2024-10-11 20:00:00,574.3,574.8,572.2,573.6,12642.758
2024-10-12 00:00:00,573.7,577.4,573.6,576.6,25844.964
2024-10-12 04:00:00,576.7,578.8,574.0,575.3,26423.127
2024-10-12 08:00:00,575.3,579.2,574.9,576.4,25084.251
2024-10-12 12:00:00,576.4,578.7,574.9,575.9,27334.517
2024-10-12 16:00:00,576.0,578.3,575.6,577.5,20002.08
2024-10-12 20:00:00,577.5,578.0,576.1,576.6,11085.02
2024-10-13 00:00:00,576.6,578.5,572.8,573.1,23008.187
2024-10-13 04:00:00,573.2,576.2,572.5,574.2,14786.241
2024-10-13 08:00:00,574.2,575.2,572.1,572.3,17631.778
2024-10-13 12:00:00,572.3,574.2,564.9,566.9,28023.164
2024-10-13 16:00:00,566.9,572.0,566.3,570.8,18830.784
2024-10-13 20:00:00,570.9,573.2,569.6,572.2,16499.822
2024-10-14 00:00:00,572.3,581.2,569.8,580.6,34997.004
2024-10-14 04:00:00,580.6,583.0,558.9,580.5,61859.892
2024-10-14 08:00:00,580.5,582.0,578.0,581.0,30372.203
2024-10-14 12:00:00,581.1,588.9,579.4,588.2,57001.229
2024-10-14 16:00:00,588.2,592.3,587.3,588.7,45685.844
2024-10-14 20:00:00,588.7,591.9,587.1,589.1,22887.004
2024-10-15 00:00:00,589.0,592.4,584.0,584.7,33414.594
2024-10-15 04:00:00,584.8,587.0,580.9,584.7,22736.056
2024-10-15 08:00:00,584.7,591.1,583.7,585.3,47668.254
2024-10-15 12:00:00,585.3,599.9,577.7,589.2,150641.096
2024-10-15 16:00:00,589.3,595.6,588.9,594.6,44665.925
2024-10-15 20:00:00,594.6,594.8,587.1,594.5,25179.972
2024-10-16 00:00:00,594.6,597.4,591.7,593.9,24377.789
2024-10-16 04:00:00,593.9,595.2,589.7,591.0,33672.456
2024-10-16 08:00:00,591.1,600.8,590.6,599.3,70270.845
2024-10-16 12:00:00,599.3,601.7,593.5,595.4,53774.46
2024-10-16 16:00:00,595.4,604.5,591.6,601.6,42863.273
2024-10-16 20:00:00,601.6,605.5,600.2,600.9,34992.306
2024-10-17 00:00:00,601.0,606.3,600.0,604.1,43152.698
2024-10-17 04:00:00,604.2,605.6,596.1,597.0,30031.498
2024-10-17 08:00:00,597.0,597.9,590.3,590.3,27403.019
2024-10-17 12:00:00,590.4,595.1,589.0,594.1,39576.367
2024-10-17 16:00:00,594.2,594.2,585.1,588.8,37546.75
2024-10-17 20:00:00,588.8,592.9,588.7,592.9,16489.084
2024-10-18 00:00:00,592.9,598.3,591.8,594.1,24885.395
2024-10-18 04:00:00,594.0,599.3,594.0,597.7,17858.88
2024-10-18 08:00:00,597.8,598.7,594.8,595.0,19910.253
2024-10-18 12:00:00,595.0,602.0,594.0,600.7,40861.42
2024-10-18 16:00:00,600.6,602.4,598.2,599.5,21510.693
2024-10-18 20:00:00,599.5,600.6,598.0,599.2,11717.028
2024-10-19 00:00:00,599.3,601.4,598.7,599.0,13473.399
2024-10-19 04:00:00,599.1,599.7,597.0,597.7,14203.944
2024-10-19 08:00:00,597.8,598.6,596.9,596.9,14502.366
2024-10-19 12:00:00,597.0,598.6,596.1,596.9,14361.896
2024-10-19 16:00:00,596.9,597.8,595.4,597.2,13748.632
2024-10-19 20:00:00,597.1,598.4,596.0,597.7,8650.002
2024-10-20 00:00:00,597.8,598.4,593.1,594.7,20024.534
2024-10-20 04:00:00,594.7,598.0,594.3,597.6,12842.428
2024-10-20 08:00:00,597.5,598.4,596.0,596.6,9472.111
2024-10-20 12:00:00,596.6,600.9,595.1,599.1,30627.376
2024-10-20 16:00:00,599.2,599.6,597.6,598.4,13113.956
2024-10-20 20:00:00,598.4,607.3,598.4,605.9,37491.652
2024-10-21 00:00:00,605.9,608.6,601.0,604.4,43200.939
2024-10-21 04:00:00,604.3,609.9,602.6,609.1,47373.258
2024-10-21 08:00:00,609.1,611.8,604.5,609.1,56545.299
2024-10-21 12:00:00,609.0,609.8,593.6,595.8,78700.316
2024-10-21 16:00:00,595.9,600.6,591.5,599.3,35278.435
2024-10-21 20:00:00,599.4,601.5,597.5,598.8,14782.531
2024-10-22 00:00:00,598.8,600.3,592.5,598.4,32504.815
2024-10-22 04:00:00,598.4,599.8,595.0,595.0,18710.767
2024-10-22 08:00:00,595.0,598.1,587.0,596.2,61636.249
2024-10-22 12:00:00,596.1,609.0,590.6,596.8,48181.858
2024-10-22 16:00:00,596.8,596.8,591.8,594.4,30088.878
2024-10-22 20:00:00,594.5,596.6,593.0,593.8,12634.367
2024-10-23 00:00:00,593.8,595.0,589.4,590.5,26293.235
2024-10-23 04:00:00,590.4,590.8,583.1,584.1,38728.305
2024-10-23 08:00:00,584.1,585.0,579.8,582.3,41017.74
2024-10-23 12:00:00,582.4,586.2,578.4,579.8,46216.256
2024-10-23 16:00:00,579.8,582.6,573.0,582.2,55408.025
2024-10-23 20:00:00,582.2,585.6,581.1,584.9,18034.904
2024-10-24 00:00:00,584.9,592.3,583.3,590.4,32963.198
2024-10-24 04:00:00,590.5,594.5,589.5,590.6,24166.829
2024-10-24 08:00:00,590.7,592.8,585.7,591.2,21933.701
2024-10-24 12:00:00,591.2,593.9,589.6,592.4,31381.329
2024-10-24 16:00:00,592.5,594.9,590.0,594.5,21861.926
2024-10-24 20:00:00,594.5,598.0,593.0,594.5,13474.554
2024-10-25 00:00:00,594.5,597.6,592.4,594.9,21544.189
2024-10-25 04:00:00,595.0,595.0,586.8,588.4,27219.663
2024-10-25 08:00:00,588.5,593.5,586.2,592.6,27911.794
2024-10-25 12:00:00,592.6,595.7,588.2,590.0,30597.908
2024-10-25 16:00:00,590.0,591.9,578.7,585.2,65480.257
2024-10-25 20:00:00,585.3,586.9,565.8,575.3,81460.882
2024-10-26 00:00:00,575.3,579.4,571.6,578.6,38505.833
2024-10-26 04:00:00,578.7,584.0,578.0,579.7,24783.271
2024-10-26 08:00:00,579.7,584.5,579.5,584.3,11548.747
2024-10-26 12:00:00,584.3,584.9,578.4,580.8,20604.579
2024-10-26 16:00:00,580.8,586.0,580.5,585.3,10785.708
2024-10-26 20:00:00,585.4,587.1,583.1,583.4,13759.299
2024-10-27 00:00:00,583.4,585.9,581.8,585.7,10255.989
2024-10-27 04:00:00,585.7,586.2,584.0,585.0,10484.263
2024-10-27 08:00:00,585.0,585.7,581.7,582.9,14292.094
2024-10-27 12:00:00,582.8,588.3,582.8,587.4,26419.109
2024-10-27 16:00:00,587.5,589.7,585.5,587.2,12473.423
2024-10-27 20:00:00,587.2,591.0,586.3,589.2,20530.221
2024-10-28 00:00:00,589.3,590.0,586.1,587.1,14588.076
2024-10-28 04:00:00,587.1,592.8,585.5,591.6,21643.533
2024-10-28 08:00:00,591.7,595.0,590.9,594.7,26632.884
2024-10-28 12:00:00,594.7,596.8,590.5,590.7,43087.469
2024-10-28 16:00:00,590.7,597.0,588.9,596.4,38069.179
2024-10-28 20:00:00,596.4,604.6,596.3,601.1,45794.741
2024-10-29 00:00:00,601.1,610.5,599.9,605.4,61653.734
2024-10-29 04:00:00,605.5,607.2,603.9,604.0,26678.363
2024-10-29 08:00:00,604.0,607.6,603.9,606.7,26628.362
2024-10-29 12:00:00,606.6,610.5,604.0,609.9,52648.617
2024-10-29 16:00:00,609.9,612.2,603.5,603.7,99643.457
2024-10-29 20:00:00,603.7,607.2,600.2,606.3,34302.824
2024-10-30 00:00:00,606.3,606.7,598.1,602.8,35051.957
2024-10-30 04:00:00,602.8,606.6,600.8,602.2,18207.203
2024-10-30 08:00:00,602.2,604.6,595.7,595.8,30751.281
2024-10-30 12:00:00,595.7,601.6,594.1,597.1,54550.786
2024-10-30 16:00:00,597.1,600.2,596.2,597.4,20244.074
2024-10-30 20:00:00,597.4,600.4,594.8,595.6,27900.98
2024-10-31 00:00:00,595.5,596.5,591.8,592.6,26262.499
2024-10-31 04:00:00,592.6,592.9,587.6,587.6,31354.522
2024-10-31 08:00:00,587.7,587.7,581.4,586.7,48316.414
2024-10-31 12:00:00,586.7,589.2,575.5,580.7,97659.855
2024-10-31 16:00:00,580.7,580.8,573.0,573.2,48897.738
2024-10-31 20:00:00,573.2,578.3,571.1,576.6,26665.147
2024-11-01 00:00:00,576.5,580.8,570.3,578.8,49198.492
2024-11-01 04:00:00,578.9,580.2,572.1,574.7,23035.277
2024-11-01 08:00:00,574.7,579.7,574.6,577.4,29384.407
2024-11-01 12:00:00,577.4,585.5,568.7,572.1,85913.697
2024-11-01 16:00:00,572.1,577.5,569.7,571.9,41258.559
2024-11-01 20:00:00,572.0,573.7,567.7,573.1,13464.752
2024-11-02 00:00:00,573.1,575.9,572.8,575.1,16669.77
2024-11-02 04:00:00,575.2,577.2,573.8,576.3,14747.445
2024-11-02 08:00:00,576.3,576.8,572.8,573.1,17150.452
2024-11-02 12:00:00,573.1,573.6,562.4,566.8,57306.91
2024-11-02 16:00:00,566.8,570.3,566.5,569.9,23399.77
2024-11-02 20:00:00,569.8,570.8,566.8,568.6,14442.256
2024-11-03 00:00:00,568.6,569.3,557.3,562.2,42973.236
2024-11-03 04:00:00,562.2,565.3,561.7,563.7,20468.026
2024-11-03 08:00:00,563.7,563.7,557.1,557.4,29995.171
2024-11-03 12:00:00,557.5,559.5,547.0,551.8,63726.79
2024-11-03 16:00:00,551.9,557.2,548.8,557.1,33618.352
2024-11-03 20:00:00,557.1,560.3,555.8,557.7,26726.893
2024-11-04 00:00:00,557.7,564.8,553.2,562.6,35169.497
2024-11-04 04:00:00,562.6,564.0,558.2,558.91,34367.546
2024-11-04 08:00:00,558.91,562.34,556.4,560.06,32963.097
2024-11-04 12:00:00,560.06,563.29,556.41,559.72,48436.993
2024-11-04 16:00:00,559.72,560.68,550.72,552.72,56224.584
2024-11-04 20:00:00,552.72,553.57,543.6,552.5,57790.116
2024-11-05 00:00:00,552.51,555.67,551.22,555.19,26304.739
2024-11-05 04:00:00,555.2,560.9,554.62,560.53,33406.269
2024-11-05 08:00:00,560.53,561.8,558.28,559.2,25136.841
2024-11-05 12:00:00,559.19,569.8,558.61,564.4,47997.498
2024-11-05 16:00:00,564.4,572.8,559.57,560.24,57615.928
2024-11-05 20:00:00,560.28,567.27,559.15,563.21,20976.478
2024-11-06 00:00:00,563.21,589.34,563.0,581.59,122441.964
2024-11-06 04:00:00,581.6,589.5,575.0,583.69,168288.404
2024-11-06 08:00:00,583.69,584.56,575.47,581.84,82934.678
2024-11-06 12:00:00,581.84,585.28,579.06,583.1,65529.467
2024-11-06 16:00:00,583.11,588.35,581.48,588.18,41802.509
2024-11-06 20:00:00,588.19,595.0,586.29,592.22,54937.905
2024-11-07 00:00:00,592.22,611.2,591.21,604.68,128075.419
2024-11-07 04:00:00,604.68,606.0,590.66,595.75,58979.46
2024-11-07 08:00:00,595.75,597.43,592.08,592.28,38661.848
2024-11-07 12:00:00,592.27,598.09,587.01,597.9,50084.001
2024-11-07 16:00:00,597.89,601.15,595.15,598.99,57711.311
2024-11-07 20:00:00,598.99,603.0,595.62,598.26,44088.467
2024-11-08 00:00:00,598.27,605.9,592.78,596.65,65197.429
2024-11-08 04:00:00,596.65,600.87,595.02,598.95,42119.689
2024-11-08 08:00:00,598.96,599.28,594.25,595.88,43691.318
2024-11-08 12:00:00,595.88,601.42,594.7,597.33,60637.607
2024-11-08 16:00:00,597.33,598.73,588.1,597.49,68391.637
2024-11-08 20:00:00,597.49,598.3,592.72,597.82,38715.038
2024-11-09 00:00:00,597.82,638.0,597.51,635.4,322632.92
2024-11-09 04:00:00,635.4,636.23,626.64,628.95,168084.007
2024-11-09 08:00:00,628.95,633.9,623.27,625.71,70170.931
2024-11-09 12:00:00,625.71,626.98,615.93,616.54,71459.159
2024-11-09 16:00:00,616.54,621.63,610.0,615.98,70630.768
2024-11-09 20:00:00,615.99,627.71,614.14,624.66,69194.87
2024-11-10 00:00:00,624.67,630.38,622.27,627.66,83018.261
2024-11-10 04:00:00,627.67,634.99,620.0,629.53,166632.559
2024-11-10 08:00:00,629.53,644.2,629.1,641.53,139738.039
2024-11-10 12:00:00,641.54,642.7,631.3,639.91,140698.676
2024-11-10 16:00:00,639.9,643.6,623.9,629.3,143875.861
2024-11-10 20:00:00,629.3,632.63,611.62,627.33,138820.351
2024-11-11 00:00:00,627.34,641.27,625.83,637.61,119629.057
2024-11-11 04:00:00,637.6,638.84,613.0,615.99,147571.132
2024-11-11 08:00:00,615.99,630.01,615.0,626.1,118235.054
2024-11-11 12:00:00,626.09,628.8,613.81,625.85,181152.812
2024-11-11 16:00:00,625.86,640.64,625.72,635.17,190827.358
2024-11-11 20:00:00,635.17,665.54,628.4,659.63,248969.325
2024-11-12 00:00:00,659.63,667.4,632.65,653.81,308477.887
2024-11-12 04:00:00,653.82,655.5,643.0,648.57,151558.0
2024-11-12 08:00:00,648.58,657.14,614.52,626.52,301553.306
2024-11-12 12:00:00,626.51,631.17,610.0,625.44,217592.793
2024-11-12 16:00:00,625.47,632.83,616.38,628.3,100874.243
2024-11-12 20:00:00,628.31,635.0,622.26,625.33,86402.784
2024-11-13 00:00:00,625.42,628.83,606.0,606.1,173326.382
2024-11-13 04:00:00,606.11,613.51,598.6,607.52,168274.49
2024-11-13 08:00:00,607.51,613.26,602.4,610.08,108890.843
2024-11-13 12:00:00,610.07,637.62,605.39,628.82,269631.215
2024-11-13 16:00:00,628.81,638.06,609.67,612.01,216274.757
2024-11-13 20:00:00,612.02,621.64,604.59,620.68,98274.427
2024-11-14 00:00:00,620.68,627.24,610.5,626.51,101324.914
2024-11-14 04:00:00,626.51,660.4,620.99,659.82,304630.597
2024-11-14 08:00:00,659.77,659.77,623.01,632.48,253244.094
2024-11-14 12:00:00,632.49,637.44,618.52,628.18,198586.464
2024-11-14 16:00:00,628.18,639.01,627.74,637.37,94271.561
2024-11-14 20:00:00,637.37,637.43,616.0,622.3,108592.07
2024-11-15 00:00:00,622.3,628.3,616.0,623.5,119167.448
2024-11-15 04:00:00,623.49,623.7,607.12,615.26,125800.285
2024-11-15 08:00:00,615.25,624.95,610.8,624.19,89413.6
2024-11-15 12:00:00,624.19,626.5,603.4,606.84,147275.532
2024-11-15 16:00:00,606.84,614.79,605.05,612.62,105169.143
2024-11-15 20:00:00,612.62,620.0,612.45,619.37,68082.213
2024-11-16 00:00:00,619.37,624.79,617.5,624.67,63224.345
2024-11-16 04:00:00,624.67,627.26,621.56,623.26,52051.38
2024-11-16 08:00:00,623.25,630.5,621.12,630.5,71921.903
2024-11-16 12:00:00,630.49,633.7,619.04,623.39,147413.627
2024-11-16 16:00:00,623.38,630.74,619.54,629.79,63116.882
2024-11-16 20:00:00,629.79,630.48,620.56,622.69,50159.786
2024-11-17 00:00:00,622.69,628.6,605.2,614.2,120103.362
2024-11-17 04:00:00,614.2,647.6,612.4,638.7,184608.596
2024-11-17 08:00:00,638.7,645.81,628.15,628.51,101052.565
2024-11-17 12:00:00,628.51,634.39,622.0,624.8,76993.976
2024-11-17 16:00:00,624.81,625.39,616.26,619.91,57022.298
2024-11-17 20:00:00,619.91,621.64,611.53,618.9,56039.579
2024-11-18 00:00:00,618.93,628.74,617.5,628.1,55584.646
2024-11-18 04:00:00,628.11,629.99,622.95,626.43,62630.918
2024-11-18 08:00:00,626.43,628.44,614.1,615.87,79384.346
2024-11-18 12:00:00,615.88,625.7,612.1,624.25,92257.165
2024-11-18 16:00:00,624.25,630.91,612.48,616.61,138188.411
2024-11-18 20:00:00,616.61,621.81,615.0,618.93,55336.65
2024-11-19 00:00:00,618.93,620.5,615.63,618.41,55088.834
2024-11-19 04:00:00,618.41,620.9,615.94,617.5,52446.056
2024-11-19 08:00:00,617.51,618.42,613.5,618.24,53545.399
2024-11-19 12:00:00,618.24,621.41,611.66,615.13,117801.601
2024-11-19 16:00:00,615.13,619.0,612.9,616.17,61412.315
2024-11-19 20:00:00,616.18,617.25,605.21,615.5,80147.005
2024-11-20 00:00:00,615.49,616.1,605.84,611.01,69659.538
2024-11-20 04:00:00,611.01,614.17,608.6,612.79,39403.67
2024-11-20 08:00:00,612.79,615.37,610.6,612.18,54727.923
2024-11-20 12:00:00,612.18,620.78,608.18,615.12,104038.902
2024-11-20 16:00:00,615.12,615.84,600.0,604.34,102876.189
2024-11-20 20:00:00,604.35,612.7,602.14,605.39,40436.406
2024-11-21 00:00:00,605.39,609.3,593.05,601.97,114952.004
2024-11-21 04:00:00,601.98,613.9,600.72,612.49,113317.627
2024-11-21 08:00:00,612.5,613.26,607.16,609.74,54754.264
2024-11-21 12:00:00,609.74,629.37,609.62,616.72,222852.511
2024-11-21 16:00:00,616.8,625.2,616.03,624.58,87399.575
2024-11-21 20:00:00,624.58,625.4,619.29,621.86,54019.177
2024-11-22 00:00:00,621.86,639.64,621.85,635.41,178003.983
2024-11-22 04:00:00,635.41,638.15,626.38,627.39,82527.65
2024-11-22 08:00:00,627.39,633.01,621.0,625.18,85139.628
2024-11-22 12:00:00,625.19,628.45,615.05,624.6,105327.384
2024-11-22 16:00:00,624.6,625.82,618.5,621.93,57098.083
2024-11-22 20:00:00,621.93,633.27,621.19,633.0,74569.195
2024-11-23 00:00:00,633.0,651.12,631.1,644.58,235282.169
2024-11-23 04:00:00,644.59,667.22,639.91,664.07,195273.19
2024-11-23 08:00:00,664.06,676.39,659.92,663.02,221727.498
2024-11-23 12:00:00,663.02,680.0,661.0,669.54,164266.477
2024-11-23 16:00:00,669.54,672.4,648.98,653.5,174974.979
2024-11-23 20:00:00,653.5,657.4,642.37,650.42,79660.659
2024-11-24 00:00:00,650.42,662.1,648.52,659.29,88627.075
2024-11-24 04:00:00,659.28,673.35,655.65,672.81,126526.472
2024-11-24 08:00:00,672.81,687.75,648.0,651.59,324441.995
2024-11-24 12:00:00,651.59,656.15,637.08,642.42,208620.16
2024-11-24 16:00:00,642.42,655.57,638.21,650.63,96551.957
2024-11-24 20:00:00,650.62,663.5,649.59,659.65,69803.709
2024-11-25 00:00:00,659.65,663.15,646.39,658.73,83057.917
2024-11-25 04:00:00,658.73,663.9,655.22,661.19,89108.24
2024-11-25 08:00:00,661.2,676.79,656.03,664.01,176102.148
2024-11-25 12:00:00,664.02,668.08,632.0,648.63,228256.569
2024-11-25 16:00:00,648.63,653.7,638.02,643.41,104849.273
2024-11-25 20:00:00,643.41,647.0,626.43,636.2,102137.143
2024-11-26 00:00:00,636.16,645.57,632.49,642.79,60198.031
2024-11-26 04:00:00,642.79,645.0,634.6,641.66,80313.165
2024-11-26 08:00:00,641.65,642.24,610.11,619.97,256459.743
2024-11-26 12:00:00,619.96,624.52,607.62,614.02,222028.363
2024-11-26 16:00:00,614.03,620.92,600.02,610.1,125591.305
2024-11-26 20:00:00,610.1,616.96,608.27,613.51,70031.331
2024-11-27 00:00:00,613.5,618.4,607.79,616.5,85481.676
2024-11-27 04:00:00,616.5,622.6,615.06,622.1,76457.886
2024-11-27 08:00:00,622.11,628.9,617.0,625.03,110203.158
2024-11-27 12:00:00,625.02,639.02,619.17,636.5,169030.925
2024-11-27 16:00:00,636.51,639.68,632.73,638.5,95172.666
2024-11-27 20:00:00,638.5,646.75,637.59,644.14,93277.574
2024-11-28 00:00:00,644.15,658.05,639.79,652.06,170756.555
2024-11-28 04:00:00,652.07,659.4,647.99,649.84,141984.591
2024-11-28 08:00:00,649.86,661.24,645.97,659.97,130553.159
2024-11-28 12:00:00,659.97,664.68,644.6,646.05,120053.051
2024-11-28 16:00:00,646.05,659.64,645.68,657.51,65787.688
2024-11-28 20:00:00,657.51,659.48,646.7,653.83,55654.584
2024-11-29 00:00:00,653.84,663.8,651.7,657.71,73284.393
2024-11-29 04:00:00,657.71,658.68,648.42,649.63,65192.434
2024-11-29 08:00:00,649.63,656.51,649.6,656.51,69126.951
2024-11-29 12:00:00,656.51,661.0,653.7,659.67,88461.699
2024-11-29 16:00:00,659.75,661.69,652.82,653.92,80614.146
2024-11-29 20:00:00,653.92,655.21,650.02,654.67,53214.107
2024-11-30 00:00:00,654.67,657.44,648.0,656.84,77593.61
2024-11-30 04:00:00,656.83,677.2,653.43,673.01,157548.153
2024-11-30 08:00:00,673.01,674.6,657.56,658.23,117991.602
2024-11-30 12:00:00,658.23,665.3,652.5,656.18,96681.019
2024-11-30 16:00:00,656.19,658.8,652.6,654.8,54412.646
2024-11-30 20:00:00,654.8,658.16,653.27,653.43,41585.539
2024-12-01 00:00:00,653.44,657.31,645.16,651.78,92875.445
2024-12-01 04:00:00,651.79,652.2,648.09,651.0,43122.841
2024-12-01 08:00:00,651.01,659.38,650.03,658.17,81202.211
2024-12-01 12:00:00,658.17,662.7,655.92,662.28,79854.482
2024-12-01 16:00:00,662.28,664.17,656.1,658.33,66815.053
2024-12-01 20:00:00,658.33,658.76,651.66,655.99,70547.221
2024-12-02 00:00:00,656.0,667.2,650.0,650.95,119278.327
2024-12-02 04:00:00,650.93,654.68,642.83,646.79,130184.784
2024-12-02 08:00:00,646.79,647.11,630.01,633.68,172543.814
2024-12-02 12:00:00,633.67,650.78,631.0,649.66,142579.811
2024-12-02 16:00:00,649.65,651.0,627.99,638.59,126191.361
2024-12-02 20:00:00,638.59,648.2,637.21,647.82,80852.095
2024-12-03 00:00:00,647.83,655.2,646.14,651.93,106800.93
2024-12-03 04:00:00,651.93,660.88,645.65,648.06,130352.232
2024-12-03 08:00:00,648.06,654.1,642.04,650.74,123432.623
2024-12-03 12:00:00,650.75,651.46,622.85,642.71,308296.738
2024-12-03 16:00:00,642.72,694.86,642.0,689.99,378880.477
2024-12-03 20:00:00,690.0,750.01,687.78,734.64,527884.798
2024-12-04 00:00:00,734.64,774.69,734.64,753.36,527035.2817
2024-12-04 04:00:00,753.37,765.54,745.36,764.7,246919.302
2024-12-04 08:00:00,764.69,793.86,761.13,782.05,459038.8463
2024-12-04 12:00:00,782.05,786.23,752.3,755.99,292985.404
2024-12-04 16:00:00,755.99,759.23,720.0,739.4,345589.367
2024-12-04 20:00:00,739.4,747.0,726.1,739.53,221408.227
2024-12-05 00:00:00,739.54,739.8,690.0,714.29,417152.269
2024-12-05 04:00:00,714.3,739.9,713.2,729.61,153131.473
2024-12-05 08:00:00,729.6,738.88,727.09,737.21,103534.775
2024-12-05 12:00:00,737.21,738.66,718.14,724.25,155743.658
2024-12-05 16:00:00,724.26,736.38,715.25,716.31,104656.844
2024-12-05 20:00:00,716.31,720.78,695.0,717.1,224880.369
2024-12-06 00:00:00,717.1,733.16,713.72,729.35,121179.416
2024-12-06 04:00:00,729.36,734.6,724.52,725.25,66008.935
2024-12-06 08:00:00,725.25,729.26,711.44,718.41,129712.595
2024-12-06 12:00:00,718.4,732.9,705.06,732.5,179769.066
2024-12-06 16:00:00,732.51,745.93,728.66,738.23,152628.343
2024-12-06 20:00:00,738.23,744.01,721.8,730.22,97840.12
2024-12-07 00:00:00,730.22,739.6,729.69,735.51,41900.754
2024-12-07 04:00:00,735.51,749.0,733.4,738.45,107542.531
2024-12-07 08:00:00,738.46,749.2,737.64,746.04,67335.589
2024-12-07 12:00:00,746.05,758.03,738.76,755.19,72032.447
2024-12-07 16:00:00,755.19,760.59,746.44,760.33,105669.709
2024-12-07 20:00:00,760.33,761.0,748.36,749.72,50795.143
2024-12-08 00:00:00,749.71,757.26,748.0,754.01,59011.884
2024-12-08 04:00:00,754.01,756.4,742.61,747.01,59039.832
2024-12-08 08:00:00,747.0,747.55,727.47,738.3,98633.739
2024-12-08 12:00:00,738.29,743.72,735.0,740.22,57936.289
2024-12-08 16:00:00,740.23,742.69,735.0,739.9,35848.771
2024-12-08 20:00:00,739.89,743.87,738.6,742.0,32650.049
2024-12-09 00:00:00,742.0,742.5,715.87,721.61,113812.066
2024-12-09 04:00:00,721.6,727.19,711.2,720.51,98518.568
2024-12-09 08:00:00,720.52,722.66,707.75,715.65,146659.888
2024-12-09 12:00:00,715.64,731.39,711.28,715.3,163005.699
2024-12-09 16:00:00,715.3,724.5,711.86,717.34,58126.99
2024-12-09 20:00:00,717.34,719.36,642.0,689.19,487986.513
2024-12-10 00:00:00,689.2,701.9,669.67,685.59,203486.204
2024-12-10 04:00:00,685.6,698.41,678.38,692.9,127363.488
2024-12-10 08:00:00,692.91,704.92,688.69,697.95,111015.063
2024-12-10 12:00:00,697.95,699.1,655.65,657.34,227603.539
2024-12-10 16:00:00,657.4,673.48,649.13,672.6,246733.871
2024-12-10 20:00:00,672.61,680.28,670.57,676.8,68599.585
2024-12-11 00:00:00,676.8,679.44,658.54,678.98,87424.475
2024-12-11 04:00:00,678.99,683.0,675.82,677.37,48239.604
2024-12-11 08:00:00,677.38,691.27,677.03,688.9,78960.778
2024-12-11 12:00:00,688.9,698.77,685.56,695.01,146991.18
2024-12-11 16:00:00,695.01,707.87,693.71,707.32,111132.921
2024-12-11 20:00:00,707.31,713.0,704.6,711.21,54070.344
2024-12-12 00:00:00,711.2,724.05,708.52,718.41,133486.333
2024-12-12 04:00:00,718.41,721.78,712.86,714.61,83201.223
2024-12-12 08:00:00,714.61,725.61,710.44,713.7,100340.466
2024-12-12 12:00:00,713.71,720.47,707.0,714.49,102250.042
2024-12-12 16:00:00,714.49,723.68,704.01,704.4,98902.61
2024-12-12 20:00:00,704.41,711.26,699.36,705.77,58696.291
2024-12-13 00:00:00,705.77,711.85,696.8,709.31,66989.931
2024-12-13 04:00:00,709.31,710.66,697.28,701.59,44903.25
2024-12-13 08:00:00,701.59,722.4,700.25,715.62,144516.539
2024-12-13 12:00:00,715.62,721.46,707.4,708.36,127737.803
2024-12-13 16:00:00,708.37,727.91,708.04,727.52,96750.707
2024-12-13 20:00:00,727.53,729.88,723.12,725.72,67700.064
2024-12-14 00:00:00,725.73,731.81,724.7,731.0,103787.884
2024-12-14 04:00:00,731.0,732.11,726.19,728.46,43731.776
2024-12-14 08:00:00,728.46,729.45,719.15,719.84,43902.999
2024-12-14 12:00:00,719.85,720.19,707.5,715.47,58495.953
2024-12-14 16:00:00,715.46,715.83,705.01,710.95,58777.604
2024-12-14 20:00:00,710.95,716.95,705.21,715.79,33232.929
2024-12-15 00:00:00,715.8,718.12,710.6,713.25,41254.657
2024-12-15 04:00:00,713.25,718.6,702.66,706.37,48379.497
2024-12-15 08:00:00,706.37,714.0,705.46,713.88,32136.954
2024-12-15 12:00:00,713.87,719.6,712.23,716.49,49297.0
2024-12-15 16:00:00,716.5,720.8,715.93,719.17,36827.607
2024-12-15 20:00:00,719.16,724.08,706.07,718.87,74562.08
2024-12-16 00:00:00,718.87,725.0,708.12,711.27,123159.329
2024-12-16 04:00:00,711.26,716.69,710.19,715.45,36013.213
2024-12-16 08:00:00,715.44,715.48,704.16,705.17,73815.165
2024-12-16 12:00:00,705.16,718.63,704.44,718.41,107871.017
2024-12-16 16:00:00,718.41,730.0,717.1,726.71,103531.819
2024-12-16 20:00:00,726.72,728.16,718.25,720.58,39454.01
2024-12-17 00:00:00,720.58,724.64,712.24,722.1,51037.675
2024-12-17 04:00:00,722.1,723.19,714.4,716.09,52739.832
2024-12-17 08:00:00,716.1,724.59,714.0,720.31,69481.824
2024-12-17 12:00:00,720.3,737.37,717.56,730.11,178861.247
2024-12-17 16:00:00,730.11,733.51,720.3,723.77,69483.807
2024-12-17 20:00:00,723.76,736.6,714.11,717.69,81264.487
2024-12-18 00:00:00,717.7,722.0,710.0,711.87,98826.834
2024-12-18 04:00:00,711.85,713.8,703.02,713.31,124571.105
2024-12-18 08:00:00,713.31,719.3,712.23,719.29,72819.023
2024-12-18 12:00:00,719.29,720.0,707.8,712.93,82164.317
2024-12-18 16:00:00,712.93,720.8,705.0,705.0,101235.783
2024-12-18 20:00:00,705.0,706.4,681.0,686.38,246958.96
2024-12-19 00:00:00,686.39,701.0,668.66,700.68,231985.195
2024-12-19 04:00:00,700.68,704.44,697.11,701.86,52456.817
2024-12-19 08:00:00,701.87,704.84,696.17,704.17,65828.13
2024-12-19 12:00:00,704.17,705.57,681.0,689.9,102687.526
2024-12-19 16:00:00,689.9,693.37,652.0,658.9,235844.453
2024-12-19 20:00:00,658.9,676.25,648.63,665.62,151464.359
2024-12-20 00:00:00,665.61,680.58,662.33,674.49,105718.868
2024-12-20 04:00:00,674.49,680.0,662.39,672.68,107160.018
2024-12-20 08:00:00,672.67,672.82,620.0,620.25,388983.114
2024-12-20 12:00:00,620.27,670.17,618.69,666.53,230810.033
2024-12-20 16:00:00,666.54,675.0,662.93,672.05,99212.661
2024-12-20 20:00:00,672.07,679.99,664.84,678.6,50464.712
2024-12-21 00:00:00,678.6,687.08,676.71,681.0,97559.836
2024-12-21 04:00:00,681.0,693.39,680.88,688.92,76593.874
2024-12-21 08:00:00,688.92,689.71,674.66,676.93,77337.187
2024-12-21 12:00:00,676.92,677.0,653.0,667.27,126803.548
2024-12-21 16:00:00,667.28,668.0,652.0,659.39,103067.241
2024-12-21 20:00:00,659.39,668.64,654.96,663.49,48076.103
2024-12-22 00:00:00,663.5,668.36,656.0,664.07,34353.302
2024-12-22 04:00:00,664.06,664.56,650.0,658.63,45970.624
2024-12-22 08:00:00,658.63,669.71,658.4,666.67,37220.181
2024-12-22 12:00:00,666.67,669.2,651.75,656.6,72272.173
2024-12-22 16:00:00,656.59,660.6,643.41,644.88,88341.589
2024-12-22 20:00:00,644.89,653.21,639.37,649.77,55546.507
2024-12-23 00:00:00,649.77,665.42,638.1,664.52,135011.234
2024-12-23 04:00:00,664.52,669.49,655.53,662.09,43427.336
2024-12-23 08:00:00,662.09,677.11,661.71,673.96,112158.758
2024-12-23 12:00:00,673.96,683.02,670.58,671.82,144600.888
2024-12-23 16:00:00,671.82,686.46,671.44,685.14,83842.887
2024-12-23 20:00:00,685.13,698.5,684.04,694.16,87322.988
2024-12-24 00:00:00,694.16,695.75,684.39,692.7,86062.861
2024-12-24 04:00:00,692.7,695.3,683.4,692.8,55744.314
2024-12-24 08:00:00,692.8,693.96,684.8,686.56,53888.635
2024-12-24 12:00:00,686.56,698.88,682.68,695.36,91445.836
2024-12-24 16:00:00,695.37,699.0,692.37,692.48,58820.362
2024-12-24 20:00:00,692.49,698.98,687.2,696.9,40974.209
2024-12-25 00:00:00,696.89,706.18,695.94,703.67,52666.588
2024-12-25 04:00:00,703.67,706.0,701.2,702.29,36532.827
2024-12-25 08:00:00,702.28,713.28,701.91,704.06,44994.692
2024-12-25 12:00:00,704.07,711.76,703.44,703.6,38472.065
2024-12-25 16:00:00,703.6,705.13,698.79,704.81,34587.184
2024-12-25 20:00:00,704.81,705.16,695.99,702.72,25256.894
2024-12-26 00:00:00,702.71,713.27,700.54,706.32,50806.662
2024-12-26 04:00:00,706.31,719.99,702.5,706.81,95414.664
2024-12-26 08:00:00,706.82,709.98,690.0,696.29,78343.015
2024-12-26 12:00:00,696.3,696.39,683.0,691.7,88221.9
2024-12-26 16:00:00,691.7,695.3,685.3,692.22,38219.112
2024-12-26 20:00:00,692.21,694.58,685.7,689.4,30094.649
2024-12-27 00:00:00,689.4,694.24,685.73,689.15,55675.525
2024-12-27 04:00:00,689.15,701.0,686.33,692.25,91109.895
2024-12-27 08:00:00,692.24,718.88,692.24,706.04,75483.017
2024-12-27 12:00:00,706.03,707.5,686.03,688.78,63899.331
2024-12-27 16:00:00,688.78,696.64,685.79,694.9,41668.69
2024-12-27 20:00:00,694.89,695.52,687.38,691.85,19319.585
2024-12-28 00:00:00,691.86,698.81,691.3,697.07,20864.919
2024-12-28 04:00:00,697.07,698.94,694.19,696.08,21833.515
2024-12-28 08:00:00,696.07,705.04,696.0,703.76,35866.756
2024-12-28 12:00:00,703.75,727.7,703.75,721.6,135727.746
2024-12-28 16:00:00,721.59,731.24,719.58,730.2,91883.017
2024-12-28 20:00:00,730.21,730.73,720.99,722.13,38075.908
2024-12-29 00:00:00,722.13,724.7,713.15,715.55,41287.322
2024-12-29 04:00:00,715.55,716.4,711.87,716.2,20161.423
2024-12-29 08:00:00,716.2,717.45,709.8,710.84,26740.538
2024-12-29 12:00:00,710.84,713.75,707.03,710.61,36455.542
2024-12-29 16:00:00,710.62,711.69,698.21,701.04,51279.579
2024-12-29 20:00:00,701.04,701.04,690.0,694.71,65603.74
2024-12-30 00:00:00,694.71,703.29,691.83,696.49,49215.98
2024-12-30 04:00:00,696.49,702.1,694.98,697.58,29750.26
2024-12-30 08:00:00,697.58,700.84,693.75,700.7,39237.875
2024-12-30 12:00:00,700.7,702.68,687.75,695.16,76716.318
2024-12-30 16:00:00,695.15,710.3,693.27,710.21,45021.61
2024-12-30 20:00:00,710.21,712.2,695.3,705.36,57325.06
2024-12-31 00:00:00,705.35,708.44,700.84,706.92,33486.412
2024-12-31 04:00:00,706.92,709.93,698.48,701.16,36278.554
2024-12-31 08:00:00,701.17,709.03,700.4,704.28,45722.897
2024-12-31 12:00:00,704.28,714.99,704.28,710.56,53511.819
2024-12-31 16:00:00,710.57,712.88,700.41,703.39,40534.349
2024-12-31 20:00:00,703.38,704.8,699.39,702.3,25930.801
2025-01-01 00:00:00,702.31,711.5,701.46,705.58,27840.111
2025-01-01 04:00:00,705.58,706.6,703.49,703.75,11559.058
2025-01-01 08:00:00,703.75,709.31,700.3,707.57,27176.503
2025-01-01 12:00:00,707.57,710.5,705.95,708.11,30563.419
2025-01-01 16:00:00,708.11,708.48,703.21,707.85,23558.565
2025-01-01 20:00:00,707.85,709.01,706.77,707.84,15005.683
2025-01-02 00:00:00,707.84,707.97,698.04,702.17,84946.292
2025-01-02 04:00:00,702.17,709.4,701.7,706.94,38373.33
2025-01-02 08:00:00,706.95,715.8,706.86,713.26,51245.199
2025-01-02 12:00:00,713.27,714.55,703.29,704.54,58953.187
2025-01-02 16:00:00,704.55,709.24,700.0,704.81,43444.476
2025-01-02 20:00:00,704.81,707.08,703.25,706.25,15571.327
2025-01-03 00:00:00,706.24,706.8,701.1,705.2,32169.368
2025-01-03 04:00:00,705.2,706.93,700.32,700.73,30249.697
2025-01-03 08:00:00,700.72,705.48,697.03,705.4,67538.879
2025-01-03 12:00:00,705.39,711.0,703.27,710.04,62948.536
2025-01-03 16:00:00,710.03,715.69,708.44,713.28,65607.393
2025-01-03 20:00:00,713.27,715.53,709.75,714.88,33187.802
2025-01-04 00:00:00,714.87,721.84,714.01,719.43,50807.676
2025-01-04 04:00:00,719.43,720.38,716.51,717.95,20403.115
2025-01-04 08:00:00,717.95,718.17,713.0,714.21,20864.28
2025-01-04 12:00:00,714.21,717.45,707.82,709.38,37862.465
2025-01-04 16:00:00,709.38,713.14,709.28,711.92,15226.184
2025-01-04 20:00:00,711.93,714.85,711.63,713.41,22110.542
2025-01-05 00:00:00,713.41,713.54,709.3,712.3,20410.38
2025-01-05 04:00:00,712.3,713.93,710.5,712.44,10626.928
2025-01-05 08:00:00,712.44,712.53,704.71,708.05,26582.797
2025-01-05 12:00:00,708.05,709.4,702.51,708.06,27443.107
2025-01-05 16:00:00,708.06,708.69,703.0,705.84,15218.616
2025-01-05 20:00:00,705.83,710.05,705.5,709.29,14862.517
2025-01-06 00:00:00,709.29,716.12,705.91,712.38,27922.824
2025-01-06 04:00:00,712.38,716.0,711.0,714.35,34392.272
2025-01-06 08:00:00,714.36,719.88,710.96,718.69,51824.698
2025-01-06 12:00:00,718.69,725.75,713.12,725.75,68794.756
2025-01-06 16:00:00,725.76,735.65,721.95,732.3,77453.013
2025-01-06 20:00:00,732.3,745.29,728.5,729.42,96960.296
2025-01-07 00:00:00,729.42,731.6,725.18,728.92,43601.512
2025-01-07 04:00:00,728.93,733.33,726.9,730.5,50191.579
2025-01-07 08:00:00,730.5,731.58,721.98,726.57,45740.608
2025-01-07 12:00:00,726.57,726.6,700.0,709.23,147935.529
2025-01-07 16:00:00,709.24,713.0,695.01,696.97,92492.601
2025-01-07 20:00:00,696.98,699.05,691.2,698.01,56134.853
2025-01-08 00:00:00,698.0,707.46,694.8,697.26,57462.042
2025-01-08 04:00:00,697.27,698.88,681.56,694.65,92145.347
2025-01-08 08:00:00,694.64,705.0,693.29,695.92,64804.001
2025-01-08 12:00:00,695.92,700.5,690.4,693.49,56871.751
2025-01-08 16:00:00,693.49,696.0,674.72,689.57,134399.291
2025-01-08 20:00:00,689.57,697.31,686.69,696.03,21595.525
2025-01-09 00:00:00,696.03,701.16,693.82,696.3,35651.634
2025-01-09 04:00:00,696.31,700.78,689.24,690.55,40658.991
2025-01-09 08:00:00,690.55,701.69,688.5,699.96,51522.459
2025-01-09 12:00:00,699.96,701.72,681.02,696.98,99868.365
2025-01-09 16:00:00,696.98,697.03,680.12,680.15,55309.993
2025-01-09 20:00:00,680.15,688.5,675.12,685.48,48895.136
2025-01-10 00:00:00,685.47,689.59,683.18,687.9,27938.128
2025-01-10 04:00:00,687.9,697.0,687.51,695.5,23985.666
2025-01-10 08:00:00,695.5,698.68,694.7,696.9,33847.065
2025-01-10 12:00:00,696.91,697.04,686.0,693.13,69923.935
2025-01-10 16:00:00,693.13,700.69,689.47,694.35,64098.988
2025-01-10 20:00:00,694.35,694.5,690.12,693.21,14796.705
2025-01-11 00:00:00,693.21,693.68,690.39,691.64,13778.842
2025-01-11 04:00:00,691.64,694.96,690.67,694.94,9876.146
2025-01-11 08:00:00,694.95,698.0,693.2,697.44,19367.907
2025-01-11 12:00:00,697.43,697.81,694.49,695.4,14632.686
2025-01-11 16:00:00,695.4,696.96,693.6,696.96,9498.062
2025-01-11 20:00:00,696.96,701.47,696.61,696.7,20581.147
2025-01-12 00:00:00,696.71,698.63,695.08,696.0,12482.994
2025-01-12 04:00:00,696.0,697.16,692.62,694.26,9339.719
2025-01-12 08:00:00,694.25,694.75,689.8,691.1,15131.724
2025-01-12 12:00:00,691.11,695.52,690.09,695.19,17109.344
2025-01-12 16:00:00,695.19,696.88,693.56,696.08,11414.292
2025-01-12 20:00:00,696.07,697.58,690.2,693.34,12733.222
2025-01-13 00:00:00,693.35,700.0,684.08,685.91,37024.122
2025-01-13 04:00:00,685.91,689.95,677.92,682.73,42530.507
2025-01-13 08:00:00,682.73,682.74,660.93,661.05,99081.817
2025-01-13 12:00:00,661.05,679.11,660.0,677.22,119337.13
2025-01-13 16:00:00,677.23,679.62,666.28,672.66,54013.705
2025-01-13 20:00:00,672.69,688.71,671.13,688.64,34642.662
2025-01-14 00:00:00,688.64,692.5,686.3,692.02,21071.532
2025-01-14 04:00:00,692.02,693.0,687.33,689.02,23559.767
2025-01-14 08:00:00,689.03,697.83,689.02,694.6,35859.435
2025-01-14 12:00:00,694.6,698.55,691.31,695.13,34660.913
2025-01-14 16:00:00,695.13,699.8,693.1,698.1,26075.305
2025-01-14 20:00:00,698.1,699.97,695.95,698.89,18496.657
2025-01-15 00:00:00,698.89,702.84,695.62,701.13,43504.35
2025-01-15 04:00:00,701.13,702.5,698.45,699.67,22988.577
2025-01-15 08:00:00,699.68,701.0,689.7,692.34,32960.239
2025-01-15 12:00:00,692.35,707.0,688.45,704.1,85937.933
2025-01-15 16:00:00,704.1,709.06,699.72,708.48,40432.465
2025-01-15 20:00:00,708.48,715.0,707.06,714.59,56895.188
2025-01-16 00:00:00,714.59,715.37,706.83,708.9,38491.706
2025-01-16 04:00:00,708.9,713.96,708.5,711.38,23865.128
2025-01-16 08:00:00,711.38,713.6,702.99,713.49,49000.65
2025-01-16 12:00:00,713.5,717.5,700.5,709.6,87399.47
2025-01-16 16:00:00,709.61,715.95,709.1,714.84,34646.339
2025-01-16 20:00:00,714.83,716.18,707.11,708.1,34701.433
2025-01-17 00:00:00,708.1,717.7,708.1,714.34,42377.145
2025-01-17 04:00:00,714.34,719.01,712.99,714.41,35901.15
2025-01-17 08:00:00,714.41,725.32,714.4,724.8,61803.799
2025-01-17 12:00:00,724.8,728.74,715.77,720.3,69807.05
2025-01-17 16:00:00,720.29,726.3,718.63,722.61,32474.006
2025-01-17 20:00:00,722.61,729.97,719.88,721.76,47388.128
2025-01-18 00:00:00,721.76,723.32,705.6,707.4,72712.203
2025-01-18 04:00:00,707.41,708.92,696.7,700.12,92925.62
2025-01-18 08:00:00,700.12,702.87,695.0,701.91,66276.852
2025-01-18 12:00:00,701.91,707.45,699.84,703.5,45844.129
2025-01-18 16:00:00,703.49,705.91,695.51,705.89,57728.436
2025-01-18 20:00:00,705.88,711.09,702.1,709.52,34993.216
2025-01-19 00:00:00,709.52,714.6,708.64,710.08,42528.236
2025-01-19 04:00:00,710.09,710.55,704.1,705.1,54187.97
2025-01-19 08:00:00,705.1,705.11,681.33,683.05,205675.371
2025-01-19 12:00:00,683.05,700.68,682.23,697.88,133535.729
2025-01-19 16:00:00,697.88,707.41,695.99,707.31,54355.126
2025-01-19 20:00:00,707.31,708.0,676.0,683.19,222702.866
2025-01-20 00:00:00,683.2,689.4,674.3,686.7,144554.154
2025-01-20 04:00:00,686.7,709.38,684.7,698.68,145594.523
2025-01-20 08:00:00,698.68,701.78,693.8,698.08,58993.944
2025-01-20 12:00:00,698.08,700.0,686.0,688.3,119160.748
2025-01-20 16:00:00,688.31,691.91,671.0,685.73,154811.257
2025-01-20 20:00:00,685.72,685.88,676.36,682.51,45121.861
2025-01-21 00:00:00,682.51,684.83,675.01,682.39,66597.761
2025-01-21 04:00:00,682.39,683.6,677.52,682.35,42202.091
2025-01-21 08:00:00,682.35,692.02,680.57,689.35,45848.337
2025-01-21 12:00:00,689.36,692.1,683.05,687.28,61946.835
2025-01-21 16:00:00,687.27,697.0,686.7,694.82,45499.513
2025-01-21 20:00:00,694.82,695.6,689.42,692.21,32108.934
2025-01-22 00:00:00,692.21,695.98,689.93,695.51,28825.038
2025-01-22 04:00:00,695.5,704.13,694.82,697.3,62850.564
2025-01-22 08:00:00,697.31,700.48,694.4,699.63,32634.334
2025-01-22 12:00:00,699.63,700.53,692.17,692.9,42138.906
2025-01-22 16:00:00,692.91,697.07,689.99,695.9,28782.331
2025-01-22 20:00:00,695.89,700.0,693.0,695.52,23179.06
2025-01-23 00:00:00,695.52,697.65,687.5,688.64,32768.598
2025-01-23 04:00:00,688.64,689.04,683.08,687.4,38465.55
2025-01-23 08:00:00,687.4,687.9,683.0,685.56,44576.343
2025-01-23 12:00:00,685.55,691.94,681.0,688.29,91837.743
2025-01-23 16:00:00,688.3,692.84,681.64,682.61,40497.147
2025-01-23 20:00:00,682.61,691.5,680.26,689.74,83046.075
2025-01-24 00:00:00,689.73,690.8,678.87,682.26,51538.052
2025-01-24 04:00:00,682.25,691.31,680.65,686.58,89089.227
2025-01-24 08:00:00,686.59,690.4,685.77,689.02,35142.436
2025-01-24 12:00:00,689.03,689.9,682.9,685.34,43291.965
2025-01-24 16:00:00,685.34,687.64,683.02,683.74,32184.592
2025-01-24 20:00:00,683.75,684.2,678.75,680.45,29338.033
2025-01-25 00:00:00,680.45,684.33,677.68,683.98,32174.982
2025-01-25 04:00:00,683.99,684.75,681.63,681.82,21582.316
2025-01-25 08:00:00,681.82,685.36,681.05,685.0,20230.899
2025-01-25 12:00:00,685.0,688.5,684.01,687.3,25836.257
2025-01-25 16:00:00,687.31,688.52,685.9,688.47,17585.528
2025-01-25 20:00:00,688.47,689.56,686.16,686.4,22793.294
2025-01-26 00:00:00,686.4,690.4,686.3,689.68,24122.599
2025-01-26 04:00:00,689.68,690.82,688.53,689.5,16307.836
2025-01-26 08:00:00,689.5,689.9,684.4,685.41,40750.794
2025-01-26 12:00:00,685.41,686.16,683.49,684.9,16363.839
2025-01-26 16:00:00,684.91,685.6,683.36,684.16,13658.716
2025-01-26 20:00:00,684.16,684.6,664.64,667.37,84683.384
2025-01-27 00:00:00,667.36,670.2,655.01,661.8,106025.205
2025-01-27 04:00:00,661.8,661.8,637.79,647.34,153144.995
2025-01-27 08:00:00,647.34,654.76,641.2,651.4,64524.634
2025-01-27 12:00:00,651.4,667.9,651.36,664.65,70003.892
2025-01-27 16:00:00,664.66,667.47,657.16,665.33,44935.304
2025-01-27 20:00:00,665.33,680.53,665.24,679.74,48033.765
2025-01-28 00:00:00,679.75,681.63,675.87,679.3,28251.48
2025-01-28 04:00:00,679.3,682.88,677.52,677.6,28750.962
2025-01-28 08:00:00,677.6,677.9,673.46,675.24,20643.067
2025-01-28 12:00:00,675.24,676.89,669.07,673.17,49945.592
2025-01-28 16:00:00,673.18,674.61,666.99,670.21,33010.614
2025-01-28 20:00:00,670.21,670.6,659.4,661.29,41989.759
2025-01-29 00:00:00,661.28,675.88,661.17,674.6,27968.142
2025-01-29 04:00:00,674.6,680.01,673.5,674.08,78619.62
2025-01-29 08:00:00,674.09,675.51,668.86,670.29,35750.086
2025-01-29 12:00:00,670.29,671.0,663.16,664.48,26950.95
2025-01-29 16:00:00,664.48,671.3,659.37,668.29,51529.142
2025-01-29 20:00:00,668.29,674.47,664.5,667.97,34718.198
2025-01-30 00:00:00,667.97,676.0,666.0,675.35,20889.224
2025-01-30 04:00:00,675.34,679.5,674.32,676.9,38863.966
2025-01-30 08:00:00,676.9,679.13,675.93,678.58,20775.624
2025-01-30 12:00:00,678.57,682.99,676.92,680.38,35431.895
2025-01-30 16:00:00,680.39,681.88,678.63,680.38,17250.225
2025-01-30 20:00:00,680.37,680.8,677.24,677.53,12208.487
2025-01-31 00:00:00,677.53,678.89,673.5,675.67,16032.209
2025-01-31 04:00:00,675.67,680.64,674.08,677.43,17342.904
2025-01-31 08:00:00,677.43,683.2,676.44,683.15,29833.14
2025-01-31 12:00:00,683.15,689.0,681.8,688.96,51763.266
2025-01-31 16:00:00,688.96,689.44,676.8,679.11,47274.679
2025-01-31 20:00:00,679.1,679.19,674.0,677.47,28461.663
2025-02-01 00:00:00,677.48,681.56,676.62,677.16,22394.432
2025-02-01 04:00:00,677.15,678.6,673.69,674.11,21276.961
2025-02-01 08:00:00,674.12,674.7,668.57,671.53,31278.398
2025-02-01 12:00:00,671.52,672.96,666.28,668.13,24101.195
2025-02-01 16:00:00,668.14,669.38,660.58,661.28,32032.247
2025-02-01 20:00:00,661.29,662.44,650.73,652.94,46288.139
2025-02-02 00:00:00,652.94,663.22,649.1,649.95,47417.278
2025-02-02 04:00:00,649.96,659.4,649.45,653.39,36156.872
2025-02-02 08:00:00,653.39,658.32,646.03,646.94,34003.029
2025-02-02 12:00:00,646.93,651.57,641.75,645.62,44826.89
2025-02-02 16:00:00,645.63,645.69,610.22,624.49,222062.267
2025-02-02 20:00:00,624.49,630.0,600.0,617.8,122262.267
2025-02-03 00:00:00,617.8,618.9,500.0,553.09,707634.845
2025-02-03 04:00:00,553.1,578.68,541.39,578.02,166880.273
2025-02-03 08:00:00,578.03,582.4,566.52,576.16,87127.535
2025-02-03 12:00:00,576.16,593.5,557.91,588.56,202018.54
2025-02-03 16:00:00,588.56,611.4,586.4,611.06,106800.84
2025-02-03 20:00:00,611.06,619.19,598.16,617.21,70394.852
2025-02-04 00:00:00,617.21,619.24,600.19,601.65,77158.499
2025-02-04 04:00:00,601.65,605.6,567.92,568.88,138530.467
2025-02-04 08:00:00,568.89,586.95,564.2,583.1,75608.98
2025-02-04 12:00:00,583.11,591.08,573.9,582.37,98779.612
2025-02-04 16:00:00,582.37,587.8,575.31,575.46,57454.403
2025-02-04 20:00:00,575.49,578.32,557.88,572.69,102039.512
2025-02-05 00:00:00,572.69,577.13,567.44,574.73,35040.833
2025-02-05 04:00:00,574.73,580.0,570.6,573.63,29279.007
2025-02-05 08:00:00,573.62,575.6,568.12,574.75,39382.972
2025-02-05 12:00:00,574.75,578.46,569.63,570.14,48074.809
2025-02-05 16:00:00,570.14,571.73,561.22,570.33,50852.046
2025-02-05 20:00:00,570.34,572.28,565.27,569.55,24425.558
2025-02-06 00:00:00,569.55,578.36,568.87,576.21,25625.875
2025-02-06 04:00:00,576.22,581.77,575.8,578.9,21244.639
2025-02-06 08:00:00,578.9,581.24,575.48,578.8,28179.351
2025-02-06 12:00:00,578.8,589.99,569.52,572.27,179363.244
2025-02-06 16:00:00,572.28,579.96,571.6,574.95,50617.493
2025-02-06 20:00:00,574.95,582.08,570.78,571.72,29312.351
2025-02-07 00:00:00,571.71,582.61,571.24,579.72,29804.458
2025-02-07 04:00:00,579.72,583.2,573.5,581.65,26616.551
2025-02-07 08:00:00,581.64,588.28,580.28,584.24,37668.97
2025-02-07 12:00:00,584.24,589.9,579.8,582.85,62473.363
2025-02-07 16:00:00,582.84,586.56,579.99,581.42,32994.506
2025-02-07 20:00:00,581.43,581.59,570.58,577.71,33116.032
2025-02-08 00:00:00,577.7,580.26,573.62,576.8,24705.247
2025-02-08 04:00:00,576.81,581.04,576.43,579.88,22198.713
2025-02-08 08:00:00,579.88,582.84,577.45,582.66,18659.781
2025-02-08 12:00:00,582.67,607.27,582.3,596.76,159073.037
2025-02-08 16:00:00,596.76,632.32,596.01,625.16,181584.384
2025-02-08 20:00:00,625.17,633.73,611.95,612.39,84584.384
2025-02-09 00:00:00,612.39,618.01,610.35,616.27,58047.246
2025-02-09 04:00:00,616.28,638.56,610.48,637.38,162887.008
2025-02-09 08:00:00,637.38,648.13,628.49,629.83,277093.983
2025-02-09 12:00:00,629.82,631.33,618.5,624.44,159866.203
2025-02-09 16:00:00,624.44,628.33,615.0,617.54,53108.598
2025-02-09 20:00:00,617.54,620.66,602.4,615.81,63088.033
2025-02-10 00:00:00,615.81,622.42,596.24,606.43,109317.664
2025-02-10 04:00:00,606.43,613.0,604.99,607.95,47023.36
2025-02-10 08:00:00,607.93,610.4,602.42,606.14,52399.946
2025-02-10 12:00:00,606.14,609.88,601.88,603.3,52996.745
2025-02-10 16:00:00,603.3,615.64,603.0,612.28,66821.748
2025-02-10 20:00:00,612.28,619.0,609.99,618.65,31569.575
2025-02-11 00:00:00,618.65,626.82,615.08,622.13,56875.758
2025-02-11 04:00:00,622.13,644.64,620.38,637.07,131315.736
2025-02-11 08:00:00,637.07,645.99,637.04,643.41,73228.854
2025-02-11 12:00:00,643.4,643.8,628.88,637.71,106131.418
2025-02-11 16:00:00,637.71,637.76,625.8,628.47,59340.136
2025-02-11 20:00:00,628.47,646.94,627.6,642.11,61647.389
2025-02-12 00:00:00,642.12,647.4,631.51,631.93,54428.165
2025-02-12 04:00:00,631.93,639.55,626.88,637.13,55195.38
2025-02-12 08:00:00,637.13,654.61,636.56,646.16,89397.473
2025-02-12 12:00:00,646.16,663.5,633.25,658.99,189177.06
2025-02-12 16:00:00,659.0,693.53,655.16,692.88,261929.193
2025-02-12 20:00:00,692.89,705.48,692.52,696.93,172089.352
2025-02-13 00:00:00,696.92,725.0,694.9,717.18,255992.876
2025-02-13 04:00:00,717.19,722.3,699.41,705.77,170402.975
2025-02-13 08:00:00,705.78,711.96,694.68,710.63,130689.477
2025-02-13 12:00:00,710.64,732.0,684.01,705.41,680140.565
2025-02-13 16:00:00,705.4,708.0,658.28,667.48,450147.639
2025-02-13 20:00:00,667.47,679.8,664.5,664.72,79548.163
2025-02-14 00:00:00,664.73,684.52,660.01,683.19,128236.889
2025-02-14 04:00:00,683.19,684.86,665.54,668.57,108301.175
2025-02-14 08:00:00,668.58,679.3,662.0,664.16,158774.631
2025-02-14 12:00:00,664.17,669.8,660.09,665.07,79381.362
2025-02-14 16:00:00,665.07,673.97,661.87,668.92,103032.445
2025-02-14 20:00:00,668.92,670.05,652.0,659.71,72734.373
2025-02-15 00:00:00,659.72,663.99,653.46,660.92,43728.855
2025-02-15 04:00:00,660.91,661.9,655.7,657.49,39345.408
2025-02-15 08:00:00,657.49,660.5,653.55,658.47,41235.574
2025-02-15 12:00:00,658.48,666.33,656.9,666.23,59162.927
2025-02-15 16:00:00,666.22,671.43,661.45,661.75,54255.8
2025-02-15 20:00:00,661.74,664.1,657.1,662.21,18222.333
2025-02-16 00:00:00,662.21,665.7,655.87,660.09,31710.702
2025-02-16 04:00:00,660.1,662.3,654.1,654.54,28452.846
2025-02-16 08:00:00,654.55,671.01,653.11,669.47,74006.78
2025-02-16 12:00:00,669.46,686.04,662.56,681.31,137565.002
2025-02-16 16:00:00,681.31,681.31,670.01,675.88,55313.516
2025-02-16 20:00:00,675.87,681.0,672.95,673.1,35157.117
2025-02-17 00:00:00,673.1,678.33,668.99,672.51,41744.193
2025-02-17 04:00:00,672.5,677.67,665.6,670.2,56994.142
2025-02-17 08:00:00,670.2,674.25,665.91,673.07,61718.359
2025-02-17 12:00:00,673.07,682.29,668.39,670.37,78996.699
2025-02-17 16:00:00,670.38,673.49,657.99,662.75,63152.456
2025-02-17 20:00:00,662.75,670.94,662.16,667.51,20744.427
2025-02-18 00:00:00,667.52,668.3,662.32,665.63,22234.262
2025-02-18 04:00:00,665.63,666.48,644.64,651.51,86333.005
2025-02-18 08:00:00,651.51,656.5,642.81,655.47,59007.049
2025-02-18 12:00:00,655.46,663.0,646.45,648.18,66310.534
2025-02-18 16:00:00,648.18,651.8,629.65,640.94,107680.905
2025-02-18 20:00:00,640.93,648.2,639.13,648.18,24791.233
2025-02-19 00:00:00,648.19,650.3,636.99,649.9,62624.303
2025-02-19 04:00:00,649.89,656.99,645.9,654.95,51161.883
2025-02-19 08:00:00,654.96,660.35,648.72,659.32,97158.4
2025-02-19 12:00:00,659.32,664.44,648.95,652.59,56992.086
2025-02-19 16:00:00,652.59,657.53,648.13,651.11,36758.688
2025-02-19 20:00:00,651.11,655.55,648.96,653.38,48102.883
2025-02-20 00:00:00,653.38,655.2,648.54,653.82,56036.187
2025-02-20 04:00:00,653.82,655.29,646.53,648.95,32107.78
2025-02-20 08:00:00,648.95,651.25,647.14,648.28,27657.974
2025-02-20 12:00:00,648.28,654.4,645.88,648.01,38999.013
2025-02-20 16:00:00,648.02,657.84,647.53,656.5,34852.433
2025-02-20 20:00:00,656.5,659.03,653.65,656.36,26240.981
2025-02-21 00:00:00,656.36,657.57,650.67,651.41,22139.203
2025-02-21 04:00:00,651.41,655.75,650.55,655.75,23204.598
2025-02-21 08:00:00,655.74,665.22,655.06,662.05,50336.591
2025-02-21 12:00:00,662.05,668.5,649.12,657.93,99878.687
2025-02-21 16:00:00,657.93,662.52,635.0,639.55,83923.54
2025-02-21 20:00:00,639.56,647.5,639.01,647.47,37844.536
2025-02-22 00:00:00,647.47,651.75,645.21,650.21,27227.17
2025-02-22 04:00:00,650.21,659.97,649.56,654.75,31428.685
2025-02-22 08:00:00,654.74,658.86,653.16,656.14,21881.977
2025-02-22 12:00:00,656.14,659.42,654.41,658.4,21051.069
2025-02-22 16:00:00,658.41,679.9,657.97,675.7,156456.411
2025-02-22 20:00:00,675.7,678.4,667.36,668.57,39877.872
2025-02-23 00:00:00,668.57,671.1,665.6,665.92,27368.272
2025-02-23 04:00:00,665.92,668.59,664.41,666.88,26963.955
2025-02-23 08:00:00,666.89,667.3,658.91,659.32,31097.819
2025-02-23 12:00:00,659.32,659.32,648.49,648.83,43029.091
2025-02-23 16:00:00,648.83,655.0,648.54,654.43,21319.417
2025-02-23 20:00:00,654.42,659.1,652.6,658.42,16879.459
2025-02-24 00:00:00,658.41,659.56,643.5,645.15,32781.699
2025-02-24 04:00:00,645.15,646.68,637.05,644.47,55348.785
2025-02-24 08:00:00,644.47,645.0,635.84,640.08,50528.613
2025-02-24 12:00:00,640.09,644.0,630.1,635.24,65972.975
2025-02-24 16:00:00,635.25,639.75,622.0,628.46,46719.315
2025-02-24 20:00:00,628.48,634.92,610.6,614.2,108795.766
2025-02-25 00:00:00,614.19,621.45,604.32,607.05,111849.738
2025-02-25 04:00:00,607.06,613.02,586.0,599.41,176300.669
2025-02-25 08:00:00,599.41,613.59,594.42,611.17,146872.146
2025-02-25 12:00:00,611.18,616.8,601.0,609.15,103269.846
2025-02-25 16:00:00,609.16,620.0,604.7,619.55,56294.909
2025-02-25 20:00:00,619.54,628.7,617.7,623.49,52847.304
2025-02-26 00:00:00,623.49,632.14,622.91,630.51,44391.497
2025-02-26 04:00:00,630.51,631.24,621.01,623.7,44055.185
2025-02-26 08:00:00,623.7,631.0,619.84,624.56,33370.887
2025-02-26 12:00:00,624.56,626.3,609.09,623.67,91421.047
2025-02-26 16:00:00,623.68,625.04,595.6,601.87,117467.23
2025-02-26 20:00:00,601.87,619.0,594.07,611.57,97329.585
2025-02-27 00:00:00,611.57,616.2,606.04,613.28,43666.809
2025-02-27 04:00:00,613.27,619.77,608.6,617.77,70488.861
2025-02-27 08:00:00,617.77,618.4,610.86,611.91,39252.284
2025-02-27 12:00:00,611.91,612.75,600.9,606.59,60477.729
2025-02-27 16:00:00,606.6,609.72,602.32,605.29,35747.1
2025-02-27 20:00:00,605.3,607.05,595.84,605.41,45885.333
2025-02-28 00:00:00,605.41,606.33,572.07,573.01,192321.218
2025-02-28 04:00:00,573.03,578.46,564.2,567.18,145382.022
2025-02-28 08:00:00,567.19,579.2,559.71,571.36,99140.44
2025-02-28 12:00:00,571.36,593.76,567.9,588.48,85620.673
2025-02-28 16:00:00,588.48,592.94,584.9,587.91,44716.367
2025-02-28 20:00:00,587.9,589.12,583.8,588.07,33818.599
2025-03-01 00:00:00,588.07,598.88,586.4,591.9,58910.068
2025-03-01 04:00:00,591.9,597.29,591.71,595.82,55582.27
2025-03-01 08:00:00,595.82,596.57,591.56,591.64,60352.73
2025-03-01 12:00:00,591.64,605.2,591.07,604.61,57840.538
2025-03-01 16:00:00,604.6,609.24,602.91,605.1,39383.695
2025-03-01 20:00:00,605.09,609.48,604.0,607.93,20185.055
2025-03-02 00:00:00,607.94,611.31,605.76,607.19,24989.447
2025-03-02 04:00:00,607.19,611.8,607.16,610.43,15897.252
2025-03-02 08:00:00,610.44,611.14,606.84,608.21,25312.0
2025-03-02 12:00:00,608.22,618.9,601.5,613.55,78338.294
2025-03-02 16:00:00,613.55,635.01,612.35,625.62,248540.703
2025-03-02 20:00:00,625.62,627.16,615.03,623.94,75991.534
2025-03-03 00:00:00,623.94,624.36,607.67,611.07,99768.423
2025-03-03 04:00:00,611.06,613.9,597.73,607.75,68527.672
2025-03-03 08:00:00,607.75,607.77,595.47,603.27,58771.352
2025-03-03 12:00:00,603.26,607.92,585.31,591.83,90521.841
2025-03-03 16:00:00,591.84,597.8,571.43,573.17,117896.213
2025-03-03 20:00:00,573.17,579.8,567.5,576.1,62464.378
2025-03-04 00:00:00,576.09,580.44,546.83,560.69,166127.112
2025-03-04 04:00:00,560.69,567.73,559.0,564.91,47330.013
2025-03-04 08:00:00,564.91,572.2,563.4,571.17,47052.734
2025-03-04 12:00:00,571.17,579.61,562.21,570.7,109859.251
2025-03-04 16:00:00,570.7,583.52,555.01,583.51,77002.619
2025-03-04 20:00:00,583.5,588.75,578.28,584.01,41498.122
2025-03-05 00:00:00,584.01,592.01,580.57,585.89,41885.728
2025-03-05 04:00:00,585.9,594.0,585.68,593.31,24141.07
2025-03-05 08:00:00,593.32,606.06,593.25,598.63,57526.791
2025-03-05 12:00:00,598.62,599.77,589.5,591.19,39781.284
2025-03-05 16:00:00,591.19,597.31,587.62,594.99,24146.276
2025-03-05 20:00:00,594.99,599.14,594.6,598.24,18724.839
2025-03-06 00:00:00,598.25,605.79,596.8,601.9,23287.668
2025-03-06 04:00:00,601.91,612.9,601.9,604.68,84569.366
2025-03-06 08:00:00,604.69,605.8,599.55,603.89,25965.148
2025-03-06 12:00:00,603.89,604.34,594.09,600.3,38522.272
2025-03-06 16:00:00,600.3,601.24,589.2,593.61,29106.961
2025-03-06 20:00:00,593.61,601.4,593.19,596.5,22249.975
2025-03-07 00:00:00,596.49,600.35,577.23,593.76,83184.851
2025-03-07 04:00:00,593.75,603.25,593.39,599.4,50481.888
2025-03-07 08:00:00,599.39,602.7,598.04,599.69,20812.904
2025-03-07 12:00:00,599.7,610.2,597.47,604.18,61217.679
2025-03-07 16:00:00,604.17,606.1,597.05,600.0,39540.626
2025-03-07 20:00:00,600.0,601.8,590.15,594.77,34125.985
2025-03-08 00:00:00,594.77,597.21,590.11,596.3,18048.408
2025-03-08 04:00:00,596.3,600.2,595.51,596.8,34501.88
2025-03-08 08:00:00,596.8,598.4,592.57,594.12,16541.716
2025-03-08 12:00:00,594.13,599.54,593.2,599.45,18548.933
2025-03-08 16:00:00,599.46,602.77,595.21,598.24,19583.006
2025-03-08 20:00:00,598.24,598.81,593.08,593.1,9996.688
2025-03-09 00:00:00,593.1,593.1,586.52,588.42,23611.97
2025-03-09 04:00:00,588.42,588.84,583.87,585.95,17201.365
2025-03-09 08:00:00,585.96,586.4,575.3,578.26,30575.626
2025-03-09 12:00:00,578.26,578.84,566.0,566.73,45709.39
2025-03-09 16:00:00,566.72,570.73,550.22,560.56,88523.132
2025-03-09 20:00:00,560.56,563.43,550.2,554.65,40761.421
2025-03-10 00:00:00,554.65,563.14,550.0,560.65,71533.965
2025-03-10 04:00:00,560.65,566.88,560.34,564.61,23431.149
2025-03-10 08:00:00,564.62,573.4,559.07,567.48,53792.21
2025-03-10 12:00:00,567.48,570.0,541.69,550.39,90410.605
2025-03-10 16:00:00,550.39,551.13,523.01,537.74,135151.836
2025-03-10 20:00:00,537.74,541.47,530.91,531.49,35834.855
2025-03-11 00:00:00,531.49,538.78,507.0,533.22,157044.458
2025-03-11 04:00:00,533.22,558.42,532.5,558.18,85965.077
2025-03-11 08:00:00,558.17,566.0,546.33,548.01,263548.405
2025-03-11 12:00:00,548.0,554.74,537.13,548.94,115724.27
2025-03-11 16:00:00,548.94,560.91,545.3,555.94,49629.238
2025-03-11 20:00:00,555.94,557.5,551.11,551.61,19959.073
2025-03-12 00:00:00,551.61,557.14,546.63,547.05,33294.346
2025-03-12 04:00:00,547.06,556.29,544.63,555.81,45569.848
2025-03-12 08:00:00,555.8,560.29,554.22,559.01,35156.17
2025-03-12 12:00:00,559.0,574.59,548.34,552.48,172489.945
2025-03-12 16:00:00,552.49,567.84,551.5,566.73,43842.943
2025-03-12 20:00:00,566.71,574.95,566.35,569.87,36870.959
2025-03-13 00:00:00,569.87,577.8,567.99,577.39,40626.817
2025-03-13 04:00:00,577.39,582.3,574.0,578.29,46411.03
2025-03-13 08:00:00,578.3,582.82,573.16,578.6,46329.921
2025-03-13 12:00:00,578.59,613.71,576.22,581.5,414867.458
2025-03-13 16:00:00,581.51,583.58,571.81,577.21,74091.862
2025-03-13 20:00:00,577.21,579.84,571.13,579.8,25169.94
2025-03-14 00:00:00,579.8,584.63,577.91,582.83,28460.51
2025-03-14 04:00:00,582.83,586.8,576.61,576.62,30765.369
2025-03-14 08:00:00,576.63,581.25,576.62,578.69,37919.481
2025-03-14 12:00:00,578.69,588.87,577.77,584.61,52245.131
2025-03-14 16:00:00,584.61,589.5,581.76,588.21,39945.0
2025-03-14 20:00:00,588.21,589.81,584.73,587.76,23676.591
2025-03-15 00:00:00,587.76,594.68,587.49,593.16,35987.646
2025-03-15 04:00:00,593.16,595.1,589.58,590.73,26749.434
2025-03-15 08:00:00,590.74,597.99,590.74,596.0,26503.547
2025-03-15 12:00:00,596.0,603.51,595.5,603.09,36905.381
2025-03-15 16:00:00,603.09,616.5,602.02,611.52,85690.155
2025-03-15 20:00:00,611.52,619.96,611.5,619.83,42487.846
2025-03-16 00:00:00,619.82,622.8,605.5,609.39,62979.783
2025-03-16 04:00:00,609.39,609.55,604.56,604.96,22864.444
2025-03-16 08:00:00,604.96,608.0,593.06,595.0,51341.937
2025-03-16 12:00:00,595.0,603.53,594.07,600.84,56664.188
2025-03-16 16:00:00,600.84,607.23,595.46,598.74,41175.098
2025-03-16 20:00:00,598.74,603.6,597.2,602.2,20748.866
2025-03-17 00:00:00,602.21,629.42,602.04,625.45,111858.731
2025-03-17 04:00:00,625.45,634.1,621.61,629.83,121760.753
2025-03-17 08:00:00,629.83,643.72,628.69,630.72,155971.775
2025-03-17 12:00:00,630.72,635.5,624.39,629.99,114923.244
2025-03-17 16:00:00,629.99,631.68,624.52,628.1,46852.149
2025-03-17 20:00:00,628.1,632.7,622.27,631.69,40301.532
2025-03-18 00:00:00,631.68,637.31,620.28,628.29,84227.284
2025-03-18 04:00:00,628.3,637.2,628.1,633.12,73556.653
2025-03-18 08:00:00,633.11,643.33,629.8,631.22,119751.136
2025-03-18 12:00:00,631.23,634.35,621.85,627.52,88087.083
2025-03-18 16:00:00,627.51,635.6,627.14,632.2,47136.894
2025-03-18 20:00:00,632.2,633.19,626.64,627.81,30678.783
2025-03-19 00:00:00,627.81,628.2,612.89,618.65,70043.639
2025-03-19 04:00:00,618.65,619.8,615.3,615.6,31429.904
2025-03-19 08:00:00,615.6,621.78,612.84,617.36,71049.188
2025-03-19 12:00:00,617.36,618.03,604.36,609.99,104465.045
2025-03-19 16:00:00,609.99,622.5,607.65,615.76,85586.039
2025-03-19 20:00:00,615.67,621.0,612.87,618.7,37419.83
2025-03-20 00:00:00,618.71,628.2,617.3,624.7,68253.443
2025-03-20 04:00:00,624.7,629.41,623.27,624.2,43917.886
2025-03-20 08:00:00,624.21,637.75,620.62,626.73,241360.135
2025-03-20 12:00:00,626.74,631.17,621.37,624.09,132801.957
2025-03-20 16:00:00,624.08,628.41,616.55,627.1,51904.55
2025-03-20 20:00:00,627.1,632.72,625.25,630.47,40234.154
2025-03-21 00:00:00,630.47,631.95,626.6,629.95,47095.985
2025-03-21 04:00:00,629.94,634.45,628.84,629.38,52330.996
2025-03-21 08:00:00,629.38,635.99,624.92,635.1,55643.074
2025-03-21 12:00:00,635.1,637.8,630.61,634.22,52814.629
2025-03-21 16:00:00,634.23,637.21,631.5,635.21,34170.074
2025-03-21 20:00:00,635.21,636.41,631.74,635.17,20150.811
2025-03-22 00:00:00,635.16,636.1,628.82,630.42,28492.617
2025-03-22 04:00:00,630.42,633.49,627.94,631.14,21701.708
2025-03-22 08:00:00,631.14,633.07,625.18,627.62,26138.048
2025-03-22 12:00:00,627.62,629.07,623.79,625.7,31468.8
2025-03-22 16:00:00,625.7,627.07,623.94,626.2,17747.256
2025-03-22 20:00:00,626.2,629.1,624.8,627.01,14657.654
2025-03-23 00:00:00,627.01,629.14,622.96,624.06,28316.395
2025-03-23 04:00:00,624.06,624.36,621.99,622.88,24510.955
2025-03-23 08:00:00,622.87,624.63,620.01,621.7,31301.59
2025-03-23 12:00:00,621.7,624.73,620.71,621.35,27993.583
2025-03-23 16:00:00,621.35,624.09,619.5,623.11,27962.998
2025-03-23 20:00:00,623.1,624.3,620.51,623.79,15517.057
2025-03-24 00:00:00,623.8,627.3,618.0,623.28,53648.679
2025-03-24 04:00:00,623.29,626.07,620.75,623.06,36263.064
2025-03-24 08:00:00,623.05,632.16,622.01,630.75,47844.409
2025-03-24 12:00:00,630.75,632.35,624.6,631.04,69265.087
2025-03-24 16:00:00,631.05,639.5,629.9,636.26,73169.724
2025-03-24 20:00:00,636.25,638.5,632.3,637.08,27385.028
2025-03-25 00:00:00,637.08,642.0,632.82,640.09,59367.673
2025-03-25 04:00:00,640.09,644.88,638.4,641.51,61102.772
2025-03-25 08:00:00,641.51,643.6,632.95,634.41,269376.963
2025-03-25 12:00:00,634.42,635.57,630.7,633.9,100901.296
2025-03-25 16:00:00,633.89,633.95,630.01,631.25,37621.516
2025-03-25 20:00:00,631.26,632.46,627.05,629.82,26201.337
2025-03-26 00:00:00,629.82,631.94,627.48,628.13,31562.964
2025-03-26 04:00:00,628.13,634.01,627.94,633.46,25479.711
2025-03-26 08:00:00,633.46,633.81,630.0,631.39,28300.703
2025-03-26 12:00:00,631.39,631.39,622.9,624.65,67270.349
2025-03-26 16:00:00,624.65,625.01,615.3,618.48,40335.684
2025-03-26 20:00:00,618.48,620.94,615.78,617.99,29144.424
2025-03-27 00:00:00,618.0,627.01,617.2,626.66,24516.71
2025-03-27 04:00:00,626.65,636.94,625.11,635.3,49013.112
2025-03-27 08:00:00,635.3,642.5,632.36,632.72,304088.056
2025-03-27 12:00:00,632.71,639.9,625.79,637.02,247391.541
2025-03-27 16:00:00,637.02,641.51,635.29,639.87,81145.175
2025-03-27 20:00:00,639.88,640.79,636.62,637.36,37247.253
2025-03-28 00:00:00,637.36,637.51,632.22,633.5,49443.63
2025-03-28 04:00:00,633.5,635.11,627.76,628.54,90782.646
2025-03-28 08:00:00,628.54,634.0,626.7,633.68,47891.079
2025-03-28 12:00:00,633.67,633.85,623.72,625.42,57175.476
2025-03-28 16:00:00,625.42,626.84,619.0,619.08,43296.884
2025-03-28 20:00:00,619.08,620.61,616.0,619.81,29227.445
2025-03-29 00:00:00,619.81,623.84,608.94,613.02,48620.233
2025-03-29 04:00:00,613.02,614.23,603.0,607.8,42567.928
2025-03-29 08:00:00,607.79,610.84,599.23,601.08,49176.057
2025-03-29 12:00:00,601.09,608.5,599.78,604.73,34800.473
2025-03-29 16:00:00,604.72,607.3,596.97,605.8,61076.337
2025-03-29 20:00:00,605.79,606.0,600.91,602.99,18181.233
2025-03-30 00:00:00,603.0,613.37,600.48,609.0,35878.802
2025-03-30 04:00:00,608.99,612.45,606.41,606.63,25432.104
2025-03-30 08:00:00,606.62,610.38,604.0,605.03,27899.089
2025-03-30 12:00:00,605.02,606.96,601.08,602.16,40117.616
2025-03-30 16:00:00,602.15,606.1,598.06,603.93,30573.751
2025-03-30 20:00:00,603.94,604.2,593.58,602.2,35748.043
2025-03-31 00:00:00,602.2,606.73,595.43,599.35,52052.447
2025-03-31 04:00:00,599.34,604.67,594.24,595.99,30680.556
2025-03-31 08:00:00,595.98,597.91,587.26,595.77,49859.597
2025-03-31 12:00:00,595.78,606.7,593.94,604.23,75899.16
2025-03-31 16:00:00,604.23,608.89,602.68,605.25,31440.675
2025-03-31 20:00:00,605.26,607.3,603.24,604.81,14831.834
2025-04-01 00:00:00,604.81,609.86,604.46,609.03,20927.626
2025-04-01 04:00:00,609.02,611.38,606.8,610.39,28183.171
2025-04-01 08:00:00,610.39,618.54,606.4,607.5,85529.217
2025-04-01 12:00:00,607.51,617.33,607.46,615.26,207345.882
2025-04-01 16:00:00,615.25,615.89,606.71,608.66,190950.364
2025-04-01 20:00:00,608.66,614.99,607.7,611.13,32666.809
2025-04-02 00:00:00,611.12,611.66,600.04,601.39,49424.394
2025-04-02 04:00:00,601.39,602.26,596.8,601.04,44427.485
2025-04-02 08:00:00,601.05,606.58,599.5,599.87,36549.35
2025-04-02 12:00:00,599.87,609.99,598.51,604.62,126709.217
2025-04-02 16:00:00,604.62,607.87,601.82,605.71,54448.153
2025-04-02 20:00:00,605.72,614.0,584.85,590.68,87949.358
2025-04-03 00:00:00,590.67,610.58,588.2,601.33,90160.239
2025-04-03 04:00:00,601.34,609.34,598.71,600.01,128142.917
2025-04-03 08:00:00,600.0,602.2,592.61,593.19,154622.001
2025-04-03 12:00:00,593.2,594.38,578.46,586.25,89894.602
2025-04-03 16:00:00,586.25,590.0,585.79,588.4,26196.212
2025-04-03 20:00:00,588.41,593.28,587.73,592.67,18912.543
2025-04-04 00:00:00,592.68,594.51,589.0,593.18,21402.388
2025-04-04 04:00:00,593.18,599.06,591.29,598.3,19509.903
2025-04-04 08:00:00,598.31,599.85,585.0,588.86,47566.714
2025-04-04 12:00:00,588.85,597.6,585.64,593.67,50117.845
2025-04-04 16:00:00,593.67,599.48,592.0,597.18,24630.061
2025-04-04 20:00:00,597.19,600.0,596.2,597.71,13918.494
2025-04-05 00:00:00,597.71,599.0,594.89,596.12,15198.904
2025-04-05 04:00:00,596.12,597.23,593.01,595.65,15966.92
2025-04-05 08:00:00,595.64,598.52,595.43,596.92,12144.522
2025-04-05 12:00:00,596.92,597.3,590.79,591.82,20871.999
2025-04-05 16:00:00,591.81,593.66,590.8,590.98,9511.538
2025-04-05 20:00:00,590.99,594.53,588.71,593.13,12244.196
2025-04-06 00:00:00,593.13,593.78,590.16,591.87,14262.96
2025-04-06 04:00:00,591.87,593.47,590.16,590.31,31388.941
2025-04-06 08:00:00,590.31,590.7,587.1,589.11,20505.208
2025-04-06 12:00:00,589.11,589.16,579.19,581.24,36448.886
2025-04-06 16:00:00,581.24,581.24,552.02,558.81,142264.848
2025-04-06 20:00:00,558.8,560.22,544.17,555.54,87385.422
2025-04-07 00:00:00,555.55,565.64,546.49,550.18,77898.082
2025-04-07 04:00:00,550.17,553.74,520.0,530.1,201008.528
2025-04-07 08:00:00,530.08,548.6,529.14,540.0,174058.896
2025-04-07 12:00:00,540.01,567.6,539.66,552.01,203767.769
2025-04-07 16:00:00,552.0,557.19,546.45,553.79,46268.437
2025-04-07 20:00:00,553.8,559.88,553.77,554.6,24292.148
2025-04-08 00:00:00,554.6,565.27,553.16,561.69,36758.608
2025-04-08 04:00:00,561.68,566.0,556.4,560.25,32012.092
2025-04-08 08:00:00,560.24,564.17,555.43,563.82,24370.96
2025-04-08 12:00:00,563.82,565.87,556.5,559.79,40466.186
2025-04-08 16:00:00,559.79,561.84,547.64,552.89,53700.621
2025-04-08 20:00:00,552.89,558.4,551.72,553.72,24883.393
2025-04-09 00:00:00,553.72,554.76,534.3,542.69,80340.247
2025-04-09 04:00:00,542.69,557.8,541.61,556.62,45950.211
2025-04-09 08:00:00,556.61,559.48,548.97,550.34,46039.241
2025-04-09 12:00:00,550.34,563.62,548.9,561.25,41245.966
2025-04-09 16:00:00,561.25,585.97,560.85,579.75,131613.961
2025-04-09 20:00:00,579.76,584.83,579.16,582.32,33180.501
2025-04-10 00:00:00,582.32,582.51,572.08,575.27,38920.353
2025-04-10 04:00:00,575.26,580.27,574.45,579.47,26027.529
2025-04-10 08:00:00,579.47,583.58,574.57,575.69,134032.802
2025-04-10 12:00:00,575.69,580.8,566.8,568.06,121176.381
2025-04-10 16:00:00,568.05,576.76,566.17,574.94,30964.798
2025-04-10 20:00:00,574.94,578.56,574.1,578.03,18098.0
2025-04-11 00:00:00,578.03,580.65,575.7,580.19,34723.011
2025-04-11 04:00:00,580.19,582.36,578.39,581.46,24731.067
2025-04-11 08:00:00,581.46,585.12,579.33,583.12,31256.779
2025-04-11 12:00:00,583.13,585.93,580.29,585.28,38433.559
2025-04-11 16:00:00,585.28,590.36,583.83,588.16,28710.78
2025-04-11 20:00:00,588.15,589.7,585.76,585.93,16845.524
2025-04-12 00:00:00,585.93,590.59,584.53,585.05,24553.038
2025-04-12 04:00:00,585.04,589.27,584.0,588.89,19957.569
2025-04-12 08:00:00,588.88,591.58,588.7,590.25,26549.664
2025-04-12 12:00:00,590.25,600.48,589.5,599.22,49919.333
2025-04-12 16:00:00,599.23,600.03,594.75,596.26,17233.264
2025-04-12 20:00:00,596.25,599.82,596.25,597.29,13055.84
2025-04-13 00:00:00,597.3,598.67,593.13,595.9,15712.4
2025-04-13 04:00:00,595.9,595.93,590.9,593.33,18548.897
2025-04-13 08:00:00,593.34,594.67,587.39,588.4,18631.867
2025-04-13 12:00:00,588.39,590.0,583.33,584.22,40341.233
2025-04-13 16:00:00,584.23,589.27,580.32,582.76,32219.07
2025-04-13 20:00:00,582.76,585.2,580.72,584.28,19442.818
2025-04-14 00:00:00,584.29,592.0,583.8,588.2,37689.446
2025-04-14 04:00:00,588.2,590.87,587.05,590.76,25129.513
2025-04-14 08:00:00,590.76,592.9,588.48,592.6,21778.073
2025-04-14 12:00:00,592.6,593.1,585.45,585.66,33763.426
2025-04-14 16:00:00,585.66,587.88,583.14,587.25,22497.92
2025-04-14 20:00:00,587.25,587.41,584.13,584.54,12969.417
2025-04-15 00:00:00,584.53,587.61,582.7,587.61,24079.966
2025-04-15 04:00:00,587.6,590.17,586.11,589.57,24431.966
2025-04-15 08:00:00,589.58,590.84,587.33,588.59,25887.353
2025-04-15 12:00:00,588.59,590.28,584.0,584.53,33619.978
2025-04-15 16:00:00,584.54,585.48,582.07,583.66,16236.883
2025-04-15 20:00:00,583.65,583.75,579.38,579.52,17384.433
2025-04-16 00:00:00,579.52,584.0,576.0,583.3,31854.976
2025-04-16 04:00:00,583.3,584.3,577.69,578.25,28050.694
2025-04-16 08:00:00,578.24,583.0,576.72,582.09,33427.524
2025-04-16 12:00:00,582.09,585.4,578.9,583.44,29650.506
2025-04-16 16:00:00,583.44,587.0,576.5,584.8,37179.243
2025-04-16 20:00:00,584.79,585.64,582.6,582.8,14375.005
2025-04-17 00:00:00,582.8,584.78,581.0,582.07,14432.009
2025-04-17 04:00:00,582.07,584.77,581.65,583.44,14882.232
2025-04-17 08:00:00,583.45,586.86,581.86,586.2,40356.322
2025-04-17 12:00:00,586.19,590.32,584.09,589.75,37183.916
2025-04-17 16:00:00,589.74,592.97,588.69,590.8,23928.378
2025-04-17 20:00:00,590.79,592.67,589.24,590.49,21065.402
2025-04-18 00:00:00,590.5,590.88,587.96,590.5,19386.851
2025-04-18 04:00:00,590.51,590.53,587.08,588.63,27180.114
2025-04-18 08:00:00,588.63,592.01,587.71,591.86,69417.104
2025-04-18 12:00:00,591.86,594.38,590.86,593.73,29679.777
2025-04-18 16:00:00,593.72,596.08,591.93,592.49,32136.341
2025-04-18 20:00:00,592.49,594.64,591.61,591.71,13775.561
2025-04-19 00:00:00,591.7,593.39,591.31,593.35,11841.891
2025-04-19 04:00:00,593.34,594.49,591.98,593.13,14285.975
2025-04-19 08:00:00,593.12,593.54,589.8,591.04,16774.982
2025-04-19 12:00:00,591.04,591.39,588.13,589.41,23319.156
2025-04-19 16:00:00,589.4,591.38,587.7,591.03,18016.168
2025-04-19 20:00:00,591.02,593.63,590.66,591.73,12370.831
2025-04-20 00:00:00,591.74,593.73,591.73,592.6,14226.472
2025-04-20 04:00:00,592.59,595.0,591.85,593.98,28793.991
2025-04-20 08:00:00,593.98,595.23,589.3,590.02,32258.248
2025-04-20 12:00:00,590.01,592.36,587.82,588.2,17773.391
2025-04-20 16:00:00,588.2,590.0,587.5,589.95,10575.753
2025-04-20 20:00:00,589.95,593.32,589.49,592.77,11715.743
2025-04-21 00:00:00,592.77,604.06,592.53,602.25,53104.051
2025-04-21 04:00:00,602.26,608.52,602.25,604.46,25557.478
2025-04-21 08:00:00,604.46,606.38,600.22,600.78,21266.868
2025-04-21 12:00:00,600.79,605.6,600.4,604.03,30011.425
2025-04-21 16:00:00,604.03,604.6,594.5,598.04,29608.501
2025-04-21 20:00:00,598.02,598.02,595.24,597.34,12378.099
2025-04-22 00:00:00,597.32,602.94,595.0,599.98,28224.038
2025-04-22 04:00:00,599.98,605.15,599.24,604.31,32782.677
2025-04-22 08:00:00,604.32,607.31,604.32,605.88,60755.571
2025-04-22 12:00:00,605.88,612.21,605.2,609.79,97677.565
2025-04-22 16:00:00,609.78,610.99,606.51,608.15,21493.246
2025-04-22 20:00:00,608.14,619.9,606.96,618.51,44535.067
2025-04-23 00:00:00,618.5,619.92,611.95,615.32,54270.755
2025-04-23 04:00:00,615.32,619.99,613.03,617.69,44573.726
2025-04-23 08:00:00,617.68,617.69,608.96,611.19,51088.612
2025-04-23 12:00:00,611.18,614.2,602.65,606.62,98168.427
2025-04-23 16:00:00,606.62,608.66,602.21,602.5,42299.048
2025-04-23 20:00:00,602.49,607.28,601.38,605.71,23724.88
2025-04-24 00:00:00,605.72,606.78,601.8,604.06,27444.891
2025-04-24 04:00:00,604.06,606.58,601.69,602.88,30264.449
2025-04-24 08:00:00,602.88,604.82,592.59,597.69,48485.107
2025-04-24 12:00:00,597.69,600.91,595.84,598.46,52248.76
2025-04-24 16:00:00,598.47,600.87,595.48,598.94,26221.117
2025-04-24 20:00:00,598.95,602.57,598.0,601.55,19549.956
2025-04-25 00:00:00,601.56,604.17,597.2,600.78,25877.471
2025-04-25 04:00:00,600.78,609.85,600.77,606.43,53789.788
2025-04-25 08:00:00,606.42,610.35,603.92,605.89,70779.02
2025-04-25 12:00:00,605.88,608.61,601.6,605.53,56631.19
2025-04-25 16:00:00,605.53,606.72,602.29,604.6,23862.669
2025-04-25 20:00:00,604.6,604.6,598.01,599.91,26486.416
2025-04-26 00:00:00,599.9,606.9,599.34,602.2,32321.597
2025-04-26 04:00:00,602.2,605.12,600.1,602.32,16266.719
2025-04-26 08:00:00,602.33,606.17,600.74,602.22,32332.367
2025-04-26 12:00:00,602.23,608.96,601.6,607.95,25982.359
2025-04-26 16:00:00,607.96,609.25,606.72,608.12,17034.368
2025-04-26 20:00:00,608.12,609.0,606.37,607.23,13595.732
2025-04-27 00:00:00,607.23,608.68,600.0,602.77,29596.547
2025-04-27 04:00:00,602.76,602.76,597.0,599.96,21813.589
2025-04-27 08:00:00,599.97,601.22,598.8,600.53,15563.343
2025-04-27 12:00:00,600.53,601.4,597.18,599.6,19439.879
2025-04-27 16:00:00,599.59,606.2,597.59,605.45,19831.215
2025-04-27 20:00:00,605.46,607.06,602.74,603.46,15539.903
2025-04-28 00:00:00,603.46,605.8,598.2,603.83,26333.921
2025-04-28 04:00:00,603.82,607.0,603.3,605.27,18728.662
2025-04-28 08:00:00,605.28,608.27,602.92,607.49,32448.755
2025-04-28 12:00:00,607.5,607.86,598.81,600.91,30001.584
2025-04-28 16:00:00,600.91,605.5,598.66,604.86,23208.989
2025-04-28 20:00:00,604.86,606.54,603.21,606.16,13056.097
2025-04-29 00:00:00,606.16,607.28,603.43,606.52,17698.343
2025-04-29 04:00:00,606.52,610.75,605.19,609.74,39186.606
2025-04-29 08:00:00,609.74,610.37,602.43,603.7,64591.475
2025-04-29 12:00:00,603.69,604.2,600.87,601.61,42051.041
2025-04-29 16:00:00,601.6,604.37,600.65,602.81,38401.479
2025-04-29 20:00:00,602.81,602.81,598.1,601.0,34881.053
2025-04-30 00:00:00,601.0,603.89,600.0,603.87,26473.996
2025-04-30 04:00:00,603.87,604.44,602.2,603.29,30851.171
2025-04-30 08:00:00,603.29,603.3,599.79,602.43,53902.016
2025-04-30 12:00:00,602.42,602.5,591.42,597.09,60199.814
2025-04-30 16:00:00,597.08,599.2,594.52,598.44,22653.121
2025-04-30 20:00:00,598.45,600.34,598.31,599.88,16500.546
2025-05-01 00:00:00,599.88,602.5,599.24,599.26,23462.285
2025-05-01 04:00:00,599.26,601.34,598.7,599.72,22032.279
2025-05-01 08:00:00,599.72,605.28,599.71,603.66,33710.122
2025-05-01 12:00:00,603.65,605.05,600.91,602.66,36932.949
2025-05-01 16:00:00,602.67,603.88,600.06,600.37,22691.164
2025-05-01 20:00:00,600.36,600.68,598.14,599.63,17400.43
2025-05-02 00:00:00,599.64,603.61,598.9,601.29,25940.943
2025-05-02 04:00:00,601.29,601.99,595.12,595.69,25932.932
2025-05-02 08:00:00,595.69,600.65,595.5,597.85,28022.758
2025-05-02 12:00:00,597.85,600.82,596.63,599.75,24588.817
2025-05-02 16:00:00,599.75,601.89,598.33,599.0,18005.769
2025-05-02 20:00:00,598.99,601.68,598.28,600.69,18853.646
2025-05-03 00:00:00,600.69,601.2,598.18,599.29,16495.822
2025-05-03 04:00:00,599.28,600.15,597.39,597.47,13620.246
2025-05-03 08:00:00,597.48,597.66,595.23,596.34,18204.616
2025-05-03 12:00:00,596.34,599.12,596.34,598.7,12077.351
2025-05-03 16:00:00,598.69,599.96,596.45,599.96,26385.987
2025-05-03 20:00:00,599.95,600.0,598.44,599.36,13986.272
2025-05-04 00:00:00,599.36,600.49,598.24,599.8,17349.958
2025-05-04 04:00:00,599.8,600.22,596.53,597.09,25285.776
2025-05-04 08:00:00,597.09,597.1,593.0,594.14,18304.215
2025-05-04 12:00:00,594.14,594.25,588.14,589.34,35302.408
2025-05-04 16:00:00,589.33,589.8,586.0,588.55,26439.881
2025-05-04 20:00:00,588.55,590.02,584.7,586.03,21278.597
2025-05-05 00:00:00,586.02,588.99,583.55,588.27,31427.299
2025-05-05 04:00:00,588.28,592.0,588.18,591.84,25585.944
2025-05-05 08:00:00,591.84,596.74,590.53,593.57,55056.2
2025-05-05 12:00:00,593.57,597.0,592.81,597.0,41664.516
2025-05-05 16:00:00,596.99,599.87,596.84,599.34,31244.868
2025-05-05 20:00:00,599.34,599.98,596.68,597.61,16121.762
