timestamp,open,high,low,close,volume
2024-07-17 20:00:00,64585.78,64672.89,64058.0,64087.99,2584.72843
2024-07-18 00:00:00,64087.99,65133.3,63910.0,64865.08,4071.27925
2024-07-18 04:00:00,64865.09,65061.5,64402.35,64668.0,2950.56928
2024-07-18 08:00:00,64668.0,64950.0,64441.94,64758.0,2394.45662
2024-07-18 12:00:00,64758.0,65111.29,63400.0,63538.12,6967.85898
2024-07-18 16:00:00,63538.12,63958.51,63238.48,63555.0,4155.67605
2024-07-18 20:00:00,63555.0,64122.43,63438.21,63987.92,2028.88232
2024-07-19 00:00:00,63987.92,64368.62,63300.67,64325.0,3161.96417
2024-07-19 04:00:00,64324.99,64486.0,63600.0,63694.01,4022.16332
2024-07-19 08:00:00,63694.01,64182.77,63409.01,64116.0,3490.01318
2024-07-19 12:00:00,64115.99,65888.0,64005.57,65836.77,10348.62908
2024-07-19 16:00:00,65836.76,67386.0,65827.62,67157.26,11099.18996
2024-07-19 20:00:00,67157.25,67352.44,66616.19,66660.0,3512.76768
2024-07-20 00:00:00,66660.01,66822.22,66222.46,66602.01,2794.0079
2024-07-20 04:00:00,66602.0,66775.11,66436.0,66562.28,1871.55513
2024-07-20 08:00:00,66562.27,66733.09,66458.83,66483.69,1353.5524
2024-07-20 12:00:00,66483.69,66832.0,66273.62,66825.0,1565.74689
2024-07-20 16:00:00,66824.99,67598.0,66679.01,67224.0,4139.41482
2024-07-20 20:00:00,67224.0,67430.01,66790.9,67139.96,2662.6472
2024-07-21 00:00:00,67139.97,67436.22,66962.0,67171.33,1473.02827
2024-07-21 04:00:00,67171.33,67220.52,66592.1,66701.99,1958.03031
2024-07-21 08:00:00,66702.0,67062.77,66680.0,66879.99,1335.82107
2024-07-21 12:00:00,66879.99,67499.99,66616.0,67164.0,2766.07202
2024-07-21 16:00:00,67164.0,67713.0,65777.0,67422.02,9311.54907
2024-07-21 20:00:00,67422.03,68366.66,67274.69,68165.34,4974.61117
2024-07-22 00:00:00,68165.35,68474.55,67753.72,67880.01,2930.46409
2024-07-22 04:00:00,67880.01,67996.01,67122.22,67236.0,2950.64733
2024-07-22 08:00:00,67236.01,67599.0,66944.1,67516.01,2471.17079
2024-07-22 12:00:00,67516.01,67952.39,66559.97,67063.87,5487.87343
2024-07-22 16:00:00,67063.87,68250.0,66798.36,68232.07,3909.8301
2024-07-22 20:00:00,68232.08,68256.0,67224.11,67532.01,3701.05729
2024-07-23 00:00:00,67532.0,67750.98,67183.98,67473.99,2359.78706
2024-07-23 04:00:00,67473.98,67526.01,66256.39,66576.0,5421.15607
2024-07-23 08:00:00,66576.0,67166.01,66454.0,66676.01,4791.70581
2024-07-23 12:00:00,66676.0,67349.03,65962.0,66584.01,8657.6177
2024-07-23 16:00:00,66584.01,66780.01,65441.08,65536.01,6601.90145
2024-07-23 20:00:00,65536.0,66054.0,65472.54,65936.01,3573.98507
2024-07-24 00:00:00,65936.0,66146.01,65476.84,66052.71,2432.59154
2024-07-24 04:00:00,66052.71,66080.01,65610.0,66078.0,2427.93275
2024-07-24 08:00:00,66078.0,66600.0,66008.0,66367.99,3288.02602
2024-07-24 12:00:00,66368.0,67102.01,66093.99,66176.0,5901.95291
2024-07-24 16:00:00,66176.0,66709.55,65558.89,65652.0,5503.70728
2024-07-24 20:00:00,65652.01,66066.66,65111.0,65376.0,3528.35227
2024-07-25 00:00:00,65376.01,65620.0,63861.0,64093.59,9391.42907
2024-07-25 04:00:00,64093.58,64390.0,63800.0,64134.0,3961.34648
2024-07-25 08:00:00,64134.0,64480.0,63878.0,64096.0,4126.90854
2024-07-25 12:00:00,64096.01,65005.0,63456.7,64790.88,7825.83383
2024-07-25 16:00:00,64790.89,65187.82,64388.46,64692.01,5638.02977
2024-07-25 20:00:00,64692.01,66175.49,64425.0,65799.95,4182.88165
2024-07-26 00:00:00,65799.95,67480.0,65722.63,67042.01,5791.72468
2024-07-26 04:00:00,67042.0,67190.0,66870.82,66890.56,3400.66108
2024-07-26 08:00:00,66890.56,67498.0,66890.56,67322.0,3011.50616
2024-07-26 12:00:00,67321.99,68000.0,66892.0,67560.01,6230.76783
2024-07-26 16:00:00,67560.0,68144.01,67303.07,67990.0,3294.11637
2024-07-26 20:00:00,67990.0,68200.0,67413.5,67907.99,2515.58411
2024-07-27 00:00:00,67908.0,68081.57,67630.0,67798.0,1546.232
2024-07-27 04:00:00,67797.99,68295.39,67782.73,68036.68,1915.58616
2024-07-27 08:00:00,68036.68,68275.64,67892.24,68209.88,1834.00547
2024-07-27 12:00:00,68209.88,69399.99,68195.43,68844.0,6195.41252
2024-07-27 16:00:00,68844.0,68990.03,67658.68,68246.0,5271.56991
2024-07-27 20:00:00,68246.0,69182.94,66650.0,67896.5,14947.41315
2024-07-28 00:00:00,67896.49,68285.43,67260.54,67940.95,2215.70821
2024-07-28 04:00:00,67940.94,68024.18,67066.66,67560.86,2398.3193
2024-07-28 08:00:00,67560.86,68000.0,67220.0,67836.0,1770.93628
2024-07-28 12:00:00,67836.01,68123.32,67577.63,67645.0,1768.83501
2024-07-28 16:00:00,67645.0,68318.43,67624.0,68112.0,1510.5162
2024-07-28 20:00:00,68112.0,68277.83,67801.62,68249.88,1204.37894
2024-07-29 00:00:00,68249.88,69800.0,68168.0,69347.67,5973.42365
2024-07-29 04:00:00,69347.66,69888.0,69263.07,69528.01,4146.35577
2024-07-29 08:00:00,69528.01,69838.62,69375.0,69580.01,3013.88754
2024-07-29 12:00:00,69580.01,70079.99,67668.34,68104.0,11386.58792
2024-07-29 16:00:00,68103.99,68118.0,66428.0,67303.05,9083.51955
2024-07-29 20:00:00,67303.05,67553.66,66600.0,66784.69,2863.5219
2024-07-30 00:00:00,66784.68,66886.0,65862.0,66610.0,5989.73926
2024-07-30 04:00:00,66610.0,67000.0,66322.49,66952.0,2496.27288
2024-07-30 08:00:00,66952.0,66999.92,66404.53,66574.01,2327.27576
2024-07-30 12:00:00,66574.0,66948.0,65555.0,66216.01,6086.17893
2024-07-30 16:00:00,66216.01,66550.01,65556.56,65931.02,3450.64877
2024-07-30 20:00:00,65931.03,66356.89,65302.67,66188.0,2782.13881
2024-07-31 00:00:00,66188.0,66413.28,65881.96,66058.0,1725.24015
2024-07-31 04:00:00,66058.0,66554.4,65496.0,66224.0,3376.79106
2024-07-31 08:00:00,66224.0,66374.01,65954.54,66094.01,1829.74564
2024-07-31 12:00:00,66094.01,66849.24,65963.25,66379.99,4367.38069
2024-07-31 16:00:00,66379.99,66836.3,64957.14,65256.83,6409.37317
2024-07-31 20:00:00,65256.83,65422.0,64530.0,64628.0,4916.90834
2024-08-01 00:00:00,64628.01,64841.29,63750.0,63936.01,5768.43332
2024-08-01 04:00:00,63936.01,64488.0,63584.0,64328.59,4107.52186
2024-08-01 08:00:00,64328.6,64701.41,64299.87,64674.25,2655.04695
2024-08-01 12:00:00,64674.26,64949.58,62666.07,62906.6,8006.54547
2024-08-01 16:00:00,62907.44,63509.83,62302.0,63422.01,8541.89631
2024-08-01 20:00:00,63422.01,65659.78,63336.61,65354.02,6462.82463
2024-08-02 00:00:00,65354.02,65596.14,63668.0,64609.18,4163.15932
2024-08-02 04:00:00,64609.17,64655.17,63807.29,64164.07,3823.07721
2024-08-02 08:00:00,64164.07,64974.0,64044.0,64660.01,3302.57023
2024-08-02 12:00:00,64660.01,65524.01,62432.9,63416.01,14382.81934
2024-08-02 16:00:00,63416.0,63611.24,62515.0,62633.57,5054.98681
2024-08-02 20:00:00,62633.58,63187.26,61230.01,61498.33,8093.81646
2024-08-03 00:00:00,61498.34,61975.0,60505.0,61895.99,7057.47647
2024-08-03 04:00:00,61895.99,61981.43,61398.01,61662.01,2027.63322
2024-08-03 08:00:00,61662.02,62002.39,61457.89,61919.38,1996.26325
2024-08-03 12:00:00,61919.38,62198.22,60833.33,60879.0,3681.34999
2024-08-03 16:00:00,60879.01,61288.0,59920.0,60246.0,9231.05335
2024-08-03 20:00:00,60246.01,60849.93,59850.0,60697.99,4040.93939
2024-08-04 00:00:00,60697.99,61117.63,60320.0,60735.0,2502.72642
2024-08-04 04:00:00,60735.0,60938.54,60260.0,60373.99,1972.26761
2024-08-04 08:00:00,60374.0,61000.0,60081.57,60896.0,2180.15909
2024-08-04 12:00:00,60896.0,61097.55,58960.0,59086.01,7395.68169
2024-08-04 16:00:00,59086.01,59497.21,57122.77,59257.66,12940.59003
2024-08-04 20:00:00,59257.67,59583.0,58001.81,58161.0,4625.09519
2024-08-05 00:00:00,58161.0,58305.59,52300.17,53890.87,36136.4623
2024-08-05 04:00:00,53890.87,54576.71,49000.0,52674.19,43384.9307
2024-08-05 08:00:00,52674.2,53218.37,50633.47,51340.0,19223.46997
2024-08-05 12:00:00,51340.0,54980.0,49542.83,54321.09,39760.49257
2024-08-05 16:00:00,54321.08,55600.0,52555.0,53470.09,16277.76056
2024-08-05 20:00:00,53470.08,55200.0,53462.0,54018.81,7282.47576
2024-08-06 00:00:00,54018.82,56276.0,53950.0,55665.73,10506.64519
2024-08-06 04:00:00,55665.73,56169.48,55255.0,55999.99,7730.59021
2024-08-06 08:00:00,55998.02,56122.0,54600.01,55210.01,9386.98945
2024-08-06 12:00:00,55210.0,56605.55,54371.94,56405.99,13732.96595
2024-08-06 16:00:00,56405.99,57040.99,56234.8,56765.48,8827.28343
2024-08-06 20:00:00,56769.98,56935.56,55800.0,56022.01,5700.30253
2024-08-07 00:00:00,56022.0,57287.99,55557.88,56862.0,6756.5481
2024-08-07 04:00:00,56862.01,57250.0,56544.7,56920.91,5447.23988
2024-08-07 08:00:00,56920.91,57736.05,56870.39,56963.38,6601.32871
2024-08-07 12:00:00,56963.39,57479.6,55650.0,56094.5,10005.68143
2024-08-07 16:00:00,56094.51,56300.0,54676.35,54759.22,9406.48722
2024-08-07 20:00:00,54760.97,55566.24,54558.62,55134.16,6052.0915
2024-08-08 00:00:00,55133.76,57636.36,54730.0,57049.74,8647.80188
2024-08-08 04:00:00,57049.74,57434.35,56670.47,57193.49,3670.90212
2024-08-08 08:00:00,57193.48,57670.04,56978.52,57320.51,3688.92815
2024-08-08 12:00:00,57320.51,59505.0,56700.0,59428.03,14315.42395
2024-08-08 16:00:00,59428.03,59863.0,59237.59,59414.51,6749.57668
2024-08-08 20:00:00,59414.52,62745.14,59297.34,61685.99,11276.89671
2024-08-09 00:00:00,61686.0,61744.37,60720.0,61358.39,5373.57013
2024-08-09 04:00:00,61358.39,61390.7,60588.63,60863.57,4475.52913
2024-08-09 08:00:00,60863.58,61210.31,60170.16,60655.24,4238.45087
2024-08-09 12:00:00,60655.25,61115.11,59535.0,59810.23,8756.37366
2024-08-09 16:00:00,59810.24,60750.0,59700.0,60681.42,3794.60746
2024-08-09 20:00:00,60681.79,60986.03,59909.16,60837.99,4333.94892
2024-08-10 00:00:00,60837.99,61470.58,60266.03,60437.84,2866.07526
2024-08-10 04:00:00,60437.85,60851.91,60242.0,60842.0,1152.48879
2024-08-10 08:00:00,60842.01,61116.65,60601.96,60920.88,1618.24524
2024-08-10 12:00:00,60920.88,60949.99,60400.0,60515.89,1529.47703
2024-08-10 16:00:00,60515.9,61196.63,60400.0,61016.45,1789.44845
2024-08-10 20:00:00,61016.44,61160.0,60757.39,60923.51,1039.47144
2024-08-11 00:00:00,60923.51,61382.73,60892.0,61085.01,1397.39336
2024-08-11 04:00:00,61085.01,61271.43,60881.36,61257.0,1213.74092
2024-08-11 08:00:00,61257.0,61858.0,60425.0,60669.15,3535.80151
2024-08-11 12:00:00,60669.14,60761.09,59941.0,60127.29,4006.7116
2024-08-11 16:00:00,60127.29,60350.0,59542.57,59621.11,2598.58022
2024-08-11 20:00:00,59621.11,59674.38,58286.73,58712.59,6437.61751
2024-08-12 00:00:00,58712.59,59088.33,58100.06,58509.5,4095.99147
2024-08-12 04:00:00,58509.5,58984.85,57642.21,58674.61,4501.23624
2024-08-12 08:00:00,58674.62,59990.0,58125.75,59851.7,6603.96568
2024-08-12 12:00:00,59851.71,60711.09,57800.0,60207.37,12079.0591
2024-08-12 16:00:00,60207.38,60420.34,58440.54,59043.98,5640.99625
2024-08-12 20:00:00,59043.99,59745.99,58555.26,59346.64,4088.66869
2024-08-13 00:00:00,59346.64,59923.28,58846.95,59040.0,4305.36618
2024-08-13 04:00:00,59040.0,59476.0,58830.23,59238.05,2580.7308
2024-08-13 08:00:00,59238.05,59331.99,58392.88,58830.0,3375.9081
2024-08-13 12:00:00,58830.01,59776.7,58709.57,59472.26,5686.11926
2024-08-13 16:00:00,59472.25,61578.1,59446.22,60820.15,9342.46623
2024-08-13 20:00:00,60820.16,61138.87,60389.75,60587.15,2568.36794
2024-08-14 00:00:00,60587.16,61302.88,60425.01,60952.83,2371.7811
2024-08-14 04:00:00,60952.83,61162.2,60637.3,60914.02,1820.0908
2024-08-14 08:00:00,60914.02,61453.0,60640.4,61296.87,3475.66893
2024-08-14 12:00:00,61296.88,61800.0,58823.52,59435.69,13499.00032
2024-08-14 16:00:00,59435.69,59462.61,58615.06,58891.13,4924.68347
2024-08-14 20:00:00,58891.13,59183.99,58433.18,58683.39,2331.53864
2024-08-15 00:00:00,58683.39,59044.44,58010.0,58442.98,5000.29248
2024-08-15 04:00:00,58442.99,58639.0,57713.88,58060.37,4142.71713
2024-08-15 08:00:00,58060.36,58872.85,57964.85,58745.36,3345.64247
2024-08-15 12:00:00,58745.36,59787.37,58532.42,59682.84,7723.07742
2024-08-15 16:00:00,59682.85,59849.38,56680.0,57047.46,10434.70512
2024-08-15 20:00:00,57046.34,57885.0,56078.54,57541.06,7039.7416
2024-08-16 00:00:00,57541.05,58517.47,57098.62,57890.0,4146.62428
2024-08-16 04:00:00,57890.0,58666.77,57800.47,58456.99,3244.35689
2024-08-16 08:00:00,58456.99,58683.47,58218.71,58400.0,2450.75569
2024-08-16 12:00:00,58400.0,58915.18,57526.31,58071.06,8248.43744
2024-08-16 16:00:00,58071.07,59817.76,58000.0,59683.39,6963.94372
2024-08-16 20:00:00,59683.39,59715.69,58703.99,58874.6,2556.72542
2024-08-17 00:00:00,58874.59,59389.18,58785.05,59158.37,1769.95814
2024-08-17 04:00:00,59158.36,59263.47,59051.98,59248.0,1106.84453
2024-08-17 08:00:00,59248.0,59477.16,59060.0,59137.12,1327.01136
2024-08-17 12:00:00,59137.12,59654.9,59100.28,59388.11,1490.86412
2024-08-17 16:00:00,59388.11,59700.0,59294.31,59473.19,1157.01055
2024-08-17 20:00:00,59473.19,59500.0,59113.68,59491.99,870.04061
2024-08-18 00:00:00,59491.99,60259.01,59300.0,59337.42,2850.6571
2024-08-18 04:00:00,59337.41,59698.0,59256.56,59573.39,1521.38536
2024-08-18 08:00:00,59573.39,60200.0,59436.0,60024.01,2556.86768
2024-08-18 12:00:00,60024.0,60284.99,59669.85,59863.99,2229.08779
2024-08-18 16:00:00,59863.99,59945.83,59377.14,59708.38,1411.05054
2024-08-18 20:00:00,59708.38,59869.77,58408.92,58427.35,3065.8087
2024-08-19 00:00:00,58427.35,58763.83,58210.03,58736.85,4986.95947
2024-08-19 04:00:00,58736.85,58746.0,58359.5,58502.19,2077.63203
2024-08-19 08:00:00,58502.19,58671.38,57787.3,58396.95,4744.05742
2024-08-19 12:00:00,58396.94,58970.0,58029.77,58539.24,4628.31977
2024-08-19 16:00:00,58539.25,59290.0,58380.0,58967.53,3169.47813
2024-08-19 20:00:00,58967.54,59617.63,58914.0,59438.5,3202.86569
2024-08-20 00:00:00,59438.5,60910.55,59363.31,60619.18,6392.34637
2024-08-20 04:00:00,60619.19,61400.0,60576.06,60924.33,5275.93633
2024-08-20 08:00:00,60924.33,60975.0,60401.9,60518.82,3208.7774
2024-08-20 12:00:00,60518.83,60955.99,58680.01,58825.53,10444.8448
2024-08-20 16:00:00,58825.53,59597.28,58548.23,59511.99,3678.04238
2024-08-20 20:00:00,59512.0,59722.72,58802.35,59013.8,2477.4982
2024-08-21 00:00:00,59013.8,59519.99,58783.47,59320.0,2364.50372
2024-08-21 04:00:00,59320.0,59739.52,59183.13,59712.0,2017.26415
2024-08-21 08:00:00,59711.99,59924.13,59085.88,59361.14,2931.20089
2024-08-21 12:00:00,59361.14,60201.98,58850.0,59511.8,8008.24548
2024-08-21 16:00:00,59511.79,61625.2,59375.0,61570.0,7137.29601
2024-08-21 20:00:00,61570.0,61820.93,60902.13,61156.03,5525.13195
2024-08-22 00:00:00,61156.03,61229.0,59724.87,60548.9,4109.54112
2024-08-22 04:00:00,60548.9,61114.23,60459.98,60984.31,2676.87579
2024-08-22 08:00:00,60984.31,61400.0,60802.38,61336.09,3099.60131
2024-08-22 12:00:00,61336.09,61398.18,60100.0,60407.4,6849.31563
2024-08-22 16:00:00,60407.39,60600.2,60131.0,60308.0,2663.66757
2024-08-22 20:00:00,60307.99,60707.88,60288.0,60375.84,1842.20446
2024-08-23 00:00:00,60375.83,60968.24,60342.14,60593.31,2184.3747
2024-08-23 04:00:00,60593.31,61367.74,60582.68,61069.27,2937.25078
2024-08-23 08:00:00,61069.26,61337.57,60691.11,60741.68,2313.52775
2024-08-23 12:00:00,60741.68,62320.36,60741.68,61533.05,11626.90263
2024-08-23 16:00:00,61533.04,63819.16,61349.99,63628.84,11503.37
2024-08-23 20:00:00,63628.84,64955.0,63484.18,64037.24,7552.64503
2024-08-24 00:00:00,64037.24,64206.7,63626.58,63832.01,3091.41323
2024-08-24 04:00:00,63832.0,64332.0,63822.0,64315.0,2843.18939
2024-08-24 08:00:00,64315.0,64494.5,63868.0,63905.01,2357.89821
2024-08-24 12:00:00,63905.0,64244.0,63872.0,63976.0,2293.96419
2024-08-24 16:00:00,63976.0,64444.0,63903.58,64210.6,2874.78934
2024-08-24 20:00:00,64210.6,64328.0,63531.0,64157.01,2395.9018
2024-08-25 00:00:00,64157.02,64507.04,64000.0,64101.01,2623.24737
2024-08-25 04:00:00,64101.01,64196.0,63785.76,63868.26,1645.44133
2024-08-25 08:00:00,63868.27,64010.0,63773.27,63873.91,1728.68012
2024-08-25 12:00:00,63873.92,64288.0,63805.0,64132.16,1834.2167
2024-08-25 16:00:00,64132.17,64248.66,64000.0,64187.41,1118.62168
2024-08-25 20:00:00,64187.42,65000.0,64122.49,64220.0,3355.27257
2024-08-26 00:00:00,64219.99,64481.0,63790.0,64114.99,2477.44562
2024-08-26 04:00:00,64115.0,64205.31,63420.0,63627.01,2772.63585
2024-08-26 08:00:00,63627.01,64039.2,63220.95,63859.0,2882.34645
2024-08-26 12:00:00,63859.0,63958.95,63061.0,63532.53,4958.27097
2024-08-26 16:00:00,63532.54,63878.78,63192.04,63342.99,3487.08919
2024-08-26 20:00:00,63342.99,63557.58,62800.0,62834.0,2892.26468
2024-08-27 00:00:00,62834.0,63212.0,62657.0,62970.0,3568.52133
2024-08-27 04:00:00,62970.0,63200.0,62701.06,62902.31,3113.00318
2024-08-27 08:00:00,62902.32,63000.0,62230.0,62417.0,4189.56881
2024-08-27 12:00:00,62416.99,62495.0,61473.03,61709.13,8258.16317
2024-08-27 16:00:00,61709.13,62196.75,61518.74,62102.01,3043.78733
2024-08-27 20:00:00,62102.0,62102.01,58034.01,59415.0,12962.89796
2024-08-28 00:00:00,59415.0,59650.0,58917.12,59629.01,5551.9553
2024-08-28 04:00:00,59629.01,59661.0,58516.0,58600.98,4614.54952
2024-08-28 08:00:00,58600.98,60234.98,58534.35,59935.0,6405.76959
2024-08-28 12:00:00,59934.99,60160.0,58443.07,59000.0,8281.56232
2024-08-28 16:00:00,59000.0,59849.99,57860.0,58898.85,8303.26552
2024-08-28 20:00:00,58898.85,59602.0,58623.01,59034.9,3711.4405
2024-08-29 00:00:00,59034.9,59320.0,58878.46,59141.1,2188.72128
2024-08-29 04:00:00,59141.11,59764.0,59049.79,59583.88,2877.04011
2024-08-29 08:00:00,59583.88,60477.0,59374.0,60067.06,4113.75713
2024-08-29 12:00:00,60067.06,61166.99,59990.0,60779.99,7624.50121
2024-08-29 16:00:00,60779.99,60960.0,58915.01,59258.0,7172.50668
2024-08-29 20:00:00,59257.99,59638.37,58713.09,59359.01,3044.38102
2024-08-30 00:00:00,59359.0,59487.64,58899.7,59032.01,2743.70295
2024-08-30 04:00:00,59032.0,59582.86,58685.0,59271.1,4144.3024
2024-08-30 08:00:00,59271.11,59674.42,59271.0,59396.0,3176.58551
2024-08-30 12:00:00,59396.0,59944.07,57946.01,58094.99,10365.98684
2024-08-30 16:00:00,58095.0,59371.0,57701.1,58700.02,6417.58601
2024-08-30 20:00:00,58700.02,59298.89,58700.0,59123.99,1671.15824
2024-08-31 00:00:00,59123.99,59462.38,59070.4,59232.01,1647.80492
2024-08-31 04:00:00,59232.01,59350.0,59043.12,59095.0,1230.67061
2024-08-31 08:00:00,59095.01,59188.9,58831.88,59120.99,1404.08788
2024-08-31 12:00:00,59120.99,59244.04,58892.15,59006.54,1774.98601
2024-08-31 16:00:00,59006.54,59140.01,58744.0,58856.0,1637.2679
2024-08-31 20:00:00,58856.0,59141.72,58763.29,58973.99,1103.59168
2024-09-01 00:00:00,58974.0,59076.59,58276.01,58524.21,2314.00203
2024-09-01 04:00:00,58524.21,58599.98,57777.0,58478.64,3366.16193
2024-09-01 08:00:00,58478.64,58504.81,57840.0,58240.52,2520.59733
2024-09-01 12:00:00,58240.51,58360.38,57201.0,58217.0,5911.39633
2024-09-01 16:00:00,58217.0,58788.93,57864.3,58514.0,2668.74429
2024-09-01 20:00:00,58514.01,58656.77,57205.0,57301.86,3924.2555
2024-09-02 00:00:00,57301.77,57767.14,57128.0,57742.01,4604.88008
2024-09-02 04:00:00,57742.0,57987.99,57362.06,57547.99,2616.60584
2024-09-02 08:00:00,57548.0,58680.76,57520.12,58422.01,5072.33101
2024-09-02 12:00:00,58422.01,58808.0,58104.0,58537.99,4023.88935
2024-09-02 16:00:00,58537.99,58666.64,58293.12,58439.99,2856.4724
2024-09-02 20:00:00,58440.03,59425.69,58384.61,59132.13,3720.83593
2024-09-03 00:00:00,59132.12,59809.65,59021.62,59110.99,3188.73817
2024-09-03 04:00:00,59111.0,59259.0,58872.0,59112.0,2786.55038
2024-09-03 08:00:00,59112.01,59195.63,58717.0,59072.0,2434.05695
2024-09-03 12:00:00,59072.01,59350.0,57568.0,57725.0,8190.06416
2024-09-03 16:00:00,57725.01,58251.09,57589.01,58046.0,3746.4115
2024-09-03 20:00:00,58045.99,58247.0,57415.0,57487.73,2482.36331
2024-09-04 00:00:00,57487.74,57943.53,55606.0,56653.98,10008.5459
2024-09-04 04:00:00,56653.99,56881.0,56201.0,56746.0,5570.10401
2024-09-04 08:00:00,56746.0,56909.94,56453.0,56573.0,3012.85274
2024-09-04 12:00:00,56573.0,58181.43,56187.61,58134.0,9903.94203
2024-09-04 16:00:00,58134.0,58519.0,57646.0,58058.01,5284.73247
2024-09-04 20:00:00,58058.0,58390.0,57792.46,57970.9,1780.64431
2024-09-05 00:00:00,57970.9,58327.07,56891.07,57135.42,4718.02876
2024-09-05 04:00:00,57135.42,57291.1,56541.68,57155.1,3337.56535
2024-09-05 08:00:00,57155.1,57232.0,56623.0,56698.01,2824.97809
2024-09-05 12:00:00,56698.01,57350.0,55817.51,55976.01,10200.08948
2024-09-05 16:00:00,55976.01,56710.0,55800.0,56060.01,4306.58366
2024-09-05 20:00:00,56060.0,56259.97,55643.65,56180.0,2419.66879
2024-09-06 00:00:00,56180.0,56858.88,55989.0,56588.0,3089.15324
2024-09-06 04:00:00,56588.01,56747.91,55280.0,55804.29,5943.85272
2024-09-06 08:00:00,55804.28,56262.11,55639.0,55999.09,4116.26102
2024-09-06 12:00:00,55999.09,57008.0,53808.0,54045.01,21136.96377
2024-09-06 16:00:00,54045.0,54435.0,53267.54,53534.28,11314.50356
2024-09-06 20:00:00,53534.27,53969.99,52550.0,53962.97,8847.03395
2024-09-07 00:00:00,53962.97,54095.65,53745.54,53818.91,2283.19066
2024-09-07 04:00:00,53818.92,54405.37,53814.0,54286.0,4210.82665
2024-09-07 08:00:00,54286.0,54492.98,54168.23,54326.0,2289.86562
2024-09-07 12:00:00,54326.01,54829.0,54326.0,54780.0,2510.87487
2024-09-07 16:00:00,54780.0,54850.0,54000.0,54404.01,3137.77696
2024-09-07 20:00:00,54404.01,54437.97,53814.01,54160.86,2261.51298
2024-09-08 00:00:00,54160.86,54509.0,53964.0,54402.99,1979.50014
2024-09-08 04:00:00,54402.98,54575.0,54261.1,54436.25,1722.23364
2024-09-08 08:00:00,54436.25,54722.85,54356.0,54556.08,1765.73164
2024-09-08 12:00:00,54556.08,54567.0,53640.0,53687.0,3500.41607
2024-09-08 16:00:00,53686.99,54531.1,53629.01,54337.01,2289.20807
2024-09-08 20:00:00,54337.02,55318.0,54184.0,54869.95,5017.05823
2024-09-09 00:00:00,54869.95,55370.23,54688.69,55115.0,4899.59127
2024-09-09 04:00:00,55115.0,55150.0,54591.96,54974.01,3091.16196
2024-09-09 08:00:00,54974.01,55555.0,54960.0,55264.87,3429.17626
2024-09-09 12:00:00,55264.87,55799.0,54804.0,55386.0,6542.48233
2024-09-09 16:00:00,55385.99,57177.0,55348.54,57089.54,9053.91852
2024-09-09 20:00:00,57089.53,58088.0,56810.0,57042.0,5368.18703
2024-09-10 00:00:00,57042.01,57065.34,56522.86,56524.74,3589.26607
2024-09-10 04:00:00,56524.74,57290.0,56386.4,57218.57,2969.98514
2024-09-10 08:00:00,57218.56,57378.0,56878.65,57228.0,3523.74246
2024-09-10 12:00:00,57228.01,57468.98,56502.31,56596.0,6137.02725
2024-09-10 16:00:00,56596.01,58044.36,56566.0,57952.01,5036.50689
2024-09-10 20:00:00,57952.01,57975.99,57453.0,57635.99,2370.25345
2024-09-11 00:00:00,57635.99,57750.0,56681.32,56819.55,4635.08566
2024-09-11 04:00:00,56819.56,56819.56,56100.0,56712.0,4361.14028
2024-09-11 08:00:00,56712.01,56895.82,56325.7,56797.99,4294.63231
2024-09-11 12:00:00,56798.0,57166.66,55545.19,56701.23,10825.4419
2024-09-11 16:00:00,56701.22,57981.71,56646.0,57585.5,7312.7816
2024-09-11 20:00:00,57585.5,57676.83,57211.1,57338.0,1597.48582
2024-09-12 00:00:00,57338.0,58470.01,57324.0,58232.72,4925.10026
2024-09-12 04:00:00,58232.73,58430.56,57836.28,58138.16,3805.17892
2024-09-12 08:00:00,58138.15,58350.0,57894.0,58057.99,3403.41297
2024-09-12 12:00:00,58058.0,58588.0,57345.23,57512.03,9147.61704
2024-09-12 16:00:00,57512.03,58450.99,57494.01,58388.0,5931.38887
2024-09-12 20:00:00,58388.0,58388.0,57781.1,58132.32,3861.70825
2024-09-13 00:00:00,58132.31,58290.4,57798.49,57845.97,2349.18013
2024-09-13 04:00:00,57845.97,58137.68,57742.0,58109.31,2043.6269
2024-09-13 08:00:00,58109.31,58350.0,57815.0,57871.1,2642.80891
2024-09-13 12:00:00,57871.1,59723.97,57632.62,59667.38,10230.19313
2024-09-13 16:00:00,59666.01,59999.0,59312.01,59743.99,6438.89464
2024-09-13 20:00:00,59743.99,60625.0,59633.4,60498.0,6120.52962
2024-09-14 00:00:00,60497.99,60610.45,60285.55,60329.37,2276.07277
2024-09-14 04:00:00,60329.38,60348.24,59900.0,60138.14,2520.20691
2024-09-14 08:00:00,60138.14,60156.0,59605.98,59706.39,2203.8962
2024-09-14 12:00:00,59706.4,60010.0,59626.01,59876.0,1704.29511
2024-09-14 16:00:00,59875.99,59983.39,59400.0,59810.0,2133.99814
2024-09-14 20:00:00,59810.01,60134.13,59774.0,59993.03,1299.43988
2024-09-15 00:00:00,59993.02,60280.06,59986.01,60155.93,1236.11942
2024-09-15 04:00:00,60155.93,60216.0,60032.9,60196.0,1021.60267
2024-09-15 08:00:00,60195.99,60204.0,59880.0,60000.51,1163.54597
2024-09-15 12:00:00,60000.51,60395.8,59871.0,60335.41,2112.8118
2024-09-15 16:00:00,60335.41,60352.65,59707.08,59878.22,3245.74935
2024-09-15 20:00:00,59878.23,59939.1,58691.05,59132.0,4978.0944
2024-09-16 00:00:00,59132.0,59210.7,58112.0,58575.09,5370.8386
2024-09-16 04:00:00,58575.09,58970.0,58312.54,58911.1,3433.45011
2024-09-16 08:00:00,58911.1,59179.35,58506.0,58663.99,3270.35511
2024-09-16 12:00:00,58664.0,58789.93,57553.38,57881.69,6950.28148
2024-09-16 16:00:00,57881.7,58263.84,57493.3,57943.99,4927.89314
2024-09-16 20:00:00,57943.99,58410.0,57608.0,58213.99,2524.74576
2024-09-17 00:00:00,58213.99,58343.99,57610.01,58060.0,2399.69133
2024-09-17 04:00:00,58060.0,58779.08,58028.0,58695.39,2401.70353
2024-09-17 08:00:00,58695.39,59300.0,58636.36,59080.99,3403.05073
2024-09-17 12:00:00,59080.99,61320.0,58872.02,61135.5,14518.51056
2024-09-17 16:00:00,61135.49,61261.0,59618.26,59967.99,7151.64931
2024-09-17 20:00:00,59967.98,60424.25,59715.42,60313.99,3241.65332
2024-09-18 00:00:00,60313.99,60769.0,59854.6,60509.99,3991.84107
2024-09-18 04:00:00,60510.0,60689.62,60199.68,60428.01,1833.32107
2024-09-18 08:00:00,60428.01,60428.01,59348.88,59846.0,4528.13103
2024-09-18 12:00:00,59846.0,60160.0,59308.61,59429.18,5117.9094
2024-09-18 16:00:00,59429.19,61318.6,59174.8,60057.99,14645.02961
2024-09-18 20:00:00,60057.99,61786.24,59473.68,61759.99,5970.79251
2024-09-19 00:00:00,61759.98,62589.52,61555.0,62117.99,8344.2925
2024-09-19 04:00:00,62117.98,62179.99,61814.0,62093.99,3360.24822
2024-09-19 08:00:00,62094.0,62727.52,61888.18,62645.44,3685.66229
2024-09-19 12:00:00,62645.44,63500.84,62582.14,63154.04,10166.54165
2024-09-19 16:00:00,63154.03,63850.0,62940.0,63251.99,6054.8445
2024-09-19 20:00:00,63251.99,63254.14,62650.0,62947.99,2720.93692
2024-09-20 00:00:00,62948.0,63750.0,62606.0,63742.16,3621.8169
2024-09-20 04:00:00,63742.15,64133.32,63390.32,63524.8,6638.35306
2024-09-20 08:00:00,63524.81,63700.0,63090.43,63440.0,3743.75146
2024-09-20 12:00:00,63440.01,63544.37,62553.9,63153.99,6589.92794
2024-09-20 16:00:00,63153.99,63282.0,62350.0,62809.13,3393.59501
2024-09-20 20:00:00,62809.13,63300.0,62709.3,63201.05,1478.93357
2024-09-21 00:00:00,63201.05,63310.37,62816.47,62889.57,1640.98964
2024-09-21 04:00:00,62889.58,63134.0,62758.0,63091.02,1209.98344
2024-09-21 08:00:00,63091.02,63136.0,62966.01,63089.77,1035.11805
2024-09-21 12:00:00,63089.76,63306.0,63036.92,63167.98,1603.27919
2024-09-21 16:00:00,63167.98,63400.0,63086.0,63203.59,1787.68953
2024-09-21 20:00:00,63203.59,63559.9,63058.0,63348.96,1098.28623
2024-09-22 00:00:00,63348.97,63450.0,62830.01,63106.0,1863.74001
2024-09-22 04:00:00,63106.0,63200.0,62838.0,62936.0,967.92007
2024-09-22 08:00:00,62936.0,63034.99,62544.94,62784.0,1840.93484
2024-09-22 12:00:00,62784.0,62930.0,62429.16,62652.12,2271.34613
2024-09-22 16:00:00,62652.12,63229.5,62468.01,63160.0,2262.34879
2024-09-22 20:00:00,63160.0,64000.0,62357.93,63578.76,5035.90908
2024-09-23 00:00:00,63578.76,64745.88,62538.75,64354.0,7140.31946
2024-09-23 04:00:00,64354.0,64455.13,63400.0,63548.82,3443.68917
2024-09-23 08:00:00,63548.83,63710.0,63300.0,63435.04,2927.2427
2024-09-23 12:00:00,63435.03,63806.0,63059.93,63618.0,5683.13836
2024-09-23 16:00:00,63617.99,63825.96,63098.97,63298.56,3051.89312
2024-09-23 20:00:00,63300.01,63489.0,63088.69,63339.99,1831.77006
2024-09-24 00:00:00,63339.99,63401.21,62700.0,63124.0,4362.37127
2024-09-24 04:00:00,63124.01,63569.99,62900.0,63559.92,2295.13582
2024-09-24 08:00:00,63559.93,63948.0,63380.0,63478.34,2935.03801
2024-09-24 12:00:00,63478.35,63768.0,62731.1,63159.99,5750.10021
2024-09-24 16:00:00,63159.99,64375.0,63088.02,64292.34,4151.18148
2024-09-24 20:00:00,64292.35,64688.0,63966.66,64262.7,3691.2208
2024-09-25 00:00:00,64262.7,64817.99,63990.41,64460.0,3313.63849
2024-09-25 04:00:00,64460.01,64460.23,63645.49,63843.33,2493.73409
2024-09-25 08:00:00,63843.34,63915.07,63407.7,63838.01,2671.75745
2024-09-25 12:00:00,63838.01,63999.0,63283.37,63495.66,3683.29568
2024-09-25 16:00:00,63495.66,63670.0,63000.0,63181.5,3421.13755
2024-09-25 20:00:00,63181.51,63551.81,62947.08,63152.01,2229.54842
2024-09-26 00:00:00,63152.01,63544.0,62670.0,63514.34,3182.8406
2024-09-26 04:00:00,63514.35,63874.41,63340.0,63852.07,1978.65426
2024-09-26 08:00:00,63852.07,64500.0,63595.67,64393.99,4265.52614
2024-09-26 12:00:00,64393.98,65550.0,64150.0,65229.03,10972.58828
2024-09-26 16:00:00,65229.03,65839.0,64693.26,64711.06,5421.22806
2024-09-26 20:00:00,64711.07,65244.0,64633.52,65173.99,2552.46859
2024-09-27 00:00:00,65173.99,65425.0,64819.9,65366.01,2512.15165
2024-09-27 04:00:00,65366.01,65550.0,65099.99,65460.02,3455.03541
2024-09-27 08:00:00,65460.02,65986.0,65342.78,65437.35,3894.1937
2024-09-27 12:00:00,65437.36,66498.0,65314.31,66006.01,7244.94249
2024-09-27 16:00:00,66006.01,66360.0,65524.0,65657.99,3581.38796
2024-09-27 20:00:00,65657.99,65962.0,65625.0,65769.95,1361.09366
2024-09-28 00:00:00,65769.95,66260.0,65720.0,66063.76,1667.03312
2024-09-28 04:00:00,66063.76,66087.0,65738.0,65824.01,1261.99889
2024-09-28 08:00:00,65824.01,65824.01,65453.0,65798.01,1658.51739
2024-09-28 12:00:00,65798.01,65816.0,65422.23,65619.13,1613.79987
2024-09-28 16:00:00,65619.14,65823.08,65492.59,65724.0,1744.50199
2024-09-28 20:00:00,65724.0,65982.16,65432.0,65858.0,1181.3819
2024-09-29 00:00:00,65858.0,65984.0,65647.28,65815.92,1175.81973
2024-09-29 04:00:00,65815.93,65815.93,65432.0,65477.01,1284.12437
2024-09-29 08:00:00,65477.01,65720.0,65433.0,65691.92,1041.46532
2024-09-29 12:00:00,65691.92,65850.0,65576.21,65751.34,1924.67822
2024-09-29 16:00:00,65751.34,65972.17,65654.01,65958.82,1134.64262
2024-09-29 20:00:00,65958.81,66076.12,65528.0,65602.01,1777.01085
2024-09-30 00:00:00,65602.01,65618.8,64190.0,64553.68,6048.78935
2024-09-30 04:00:00,64553.68,64750.01,64310.0,64562.01,3209.21927
2024-09-30 08:00:00,64562.01,64576.01,63249.68,63819.44,7287.18568
2024-09-30 12:00:00,63819.45,64161.08,63508.0,63561.41,4845.53912
2024-09-30 16:00:00,63561.42,63738.25,63056.0,63488.0,5487.90402
2024-09-30 20:00:00,63488.0,63860.0,62856.3,63327.59,3132.45008
2024-10-01 00:00:00,63327.6,63744.0,63006.7,63723.48,3879.35185
2024-10-01 04:00:00,63723.47,64130.63,63652.06,64045.92,3515.39368
2024-10-01 08:00:00,64045.92,64118.0,63707.89,63734.0,3230.34622
2024-10-01 12:00:00,63734.01,63809.97,61814.01,62628.85,12629.85952
2024-10-01 16:00:00,62628.85,62778.73,61092.0,61755.99,12278.90165
2024-10-01 20:00:00,61755.99,61760.74,60164.0,60805.78,8137.62816
2024-10-02 00:00:00,60804.92,61883.0,60733.81,61750.47,4288.88242
2024-10-02 04:00:00,61750.46,61940.0,61350.0,61727.4,2824.36251
2024-10-02 08:00:00,61727.39,61914.34,60888.88,61164.01,3827.59582
2024-10-02 12:00:00,61164.01,61926.9,60524.21,61874.01,7565.27679
2024-10-02 16:00:00,61874.01,62390.31,60000.0,60190.01,7929.51771
2024-10-02 20:00:00,60190.01,60999.24,60128.0,60649.28,5099.06593
2024-10-03 00:00:00,60649.27,61464.0,60536.0,61463.99,3657.31206
2024-10-03 04:00:00,61464.0,61477.19,60814.12,60926.0,3351.19716
2024-10-03 08:00:00,60926.0,61070.47,60126.56,60764.74,4407.11899
2024-10-03 12:00:00,60764.73,60900.0,59828.11,60641.5,8572.02693
2024-10-03 16:00:00,60641.5,61058.0,59917.02,61036.0,4408.85414
2024-10-03 20:00:00,61036.0,61100.0,60596.4,60752.71,1824.92544
2024-10-04 00:00:00,60752.72,61272.73,60459.9,60951.99,2373.59688
2024-10-04 04:00:00,60951.99,61544.98,60936.66,61443.64,2454.00481
2024-10-04 08:00:00,61443.64,61646.27,61266.42,61449.84,2343.66551
2024-10-04 12:00:00,61449.84,62004.48,60753.97,61873.04,8500.985
2024-10-04 16:00:00,61873.05,62468.0,61644.01,62368.0,4031.14494
2024-10-04 20:00:00,62368.0,62484.85,61965.14,62086.0,1591.2628
2024-10-05 00:00:00,62086.0,62214.0,61689.26,61861.99,1490.81546
2024-10-05 04:00:00,61861.99,62268.28,61824.01,62076.19,1052.59709
2024-10-05 08:00:00,62076.2,62326.48,62076.19,62180.0,1522.84096
2024-10-05 12:00:00,62179.99,62370.56,62100.0,62167.66,1317.65584
2024-10-05 16:00:00,62167.65,62180.0,61790.0,61848.48,1408.81584
2024-10-05 20:00:00,61848.48,62100.0,61700.0,62058.0,1014.73622
2024-10-06 00:00:00,62058.01,62150.0,61876.0,61878.66,882.65112
2024-10-06 04:00:00,61878.66,62010.0,61798.97,61949.01,907.06061
2024-10-06 08:00:00,61949.01,62176.75,61922.0,62101.92,936.78235
2024-10-06 12:00:00,62101.92,62777.0,62065.31,62720.01,3063.00545
2024-10-06 16:00:00,62720.01,62975.0,62550.0,62631.38,1681.72471
2024-10-06 20:00:00,62631.38,62912.33,62302.0,62819.91,1435.63753
2024-10-07 00:00:00,62819.91,63970.19,62657.44,63530.51,4456.00399
2024-10-07 04:00:00,63530.51,63753.91,63300.48,63531.99,2115.0378
2024-10-07 08:00:00,63532.0,63706.0,62649.95,63135.44,4457.19558
2024-10-07 12:00:00,63135.45,64478.19,62825.37,63651.6,7602.50861
2024-10-07 16:00:00,63651.59,63906.57,62735.9,63382.0,4094.49583
2024-10-07 20:00:00,63381.99,63410.0,62128.0,62224.0,3240.94339
2024-10-08 00:00:00,62224.01,62820.0,62156.02,62629.8,2759.18935
2024-10-08 04:00:00,62629.8,62778.04,62005.0,62319.99,2588.87096
2024-10-08 08:00:00,62319.99,62670.16,62193.63,62624.01,2240.95507
2024-10-08 12:00:00,62624.02,63200.0,61864.89,62288.01,6977.22252
2024-10-08 16:00:00,62288.01,62598.0,61860.31,62245.53,3585.78327
2024-10-08 20:00:00,62245.99,62565.95,62026.13,62160.49,1550.20254
2024-10-09 00:00:00,62160.5,62494.0,62002.5,62394.07,2218.57179
2024-10-09 04:00:00,62394.07,62543.75,62200.0,62276.78,2041.93089
2024-10-09 08:00:00,62276.79,62287.07,62046.69,62200.0,1718.42818
2024-10-09 12:00:00,62199.99,62412.09,61634.61,62316.0,5229.60107
2024-10-09 16:00:00,62316.0,62350.0,60835.0,61031.98,5071.40002
2024-10-09 20:00:00,61031.99,61122.53,60301.0,60636.02,3731.22489
2024-10-10 00:00:00,60636.01,60956.0,60355.0,60865.29,2727.57646
2024-10-10 04:00:00,60865.29,61149.58,60814.9,60900.0,1627.37524
2024-10-10 08:00:00,60900.01,61321.68,60630.71,61262.0,2559.67177
2024-10-10 12:00:00,61262.01,61320.0,60444.99,60789.36,5227.91174
2024-10-10 16:00:00,60789.36,61030.31,58946.0,59727.28,8517.95777
2024-10-10 20:00:00,59727.27,60329.27,59586.29,60326.39,3307.43183
2024-10-11 00:00:00,60326.4,60768.64,60087.64,60614.0,2415.18063
2024-10-11 04:00:00,60614.01,60925.16,60578.0,60674.69,2034.06082
2024-10-11 08:00:00,60674.68,61263.4,60650.44,61174.87,2754.98816
2024-10-11 12:00:00,61174.88,62450.0,61129.72,62259.05,6907.87356
2024-10-11 16:00:00,62259.04,63417.56,62123.0,63086.01,6450.8743
2024-10-11 20:00:00,63086.0,63160.0,62357.7,62540.0,3078.37462
2024-10-12 00:00:00,62539.99,63073.78,62487.23,62568.0,2510.94662
2024-10-12 04:00:00,62568.0,62800.0,62565.51,62767.57,1198.66803
2024-10-12 08:00:00,62767.57,63260.53,62672.34,62936.91,1999.15341
2024-10-12 12:00:00,62936.91,63480.0,62824.03,63157.49,2690.48359
2024-10-12 16:00:00,63157.5,63400.0,62911.0,63000.01,1537.73891
2024-10-12 20:00:00,63000.01,63388.0,63000.0,63206.22,974.3106
2024-10-13 00:00:00,63206.23,63285.72,62654.91,62712.31,1978.86462
2024-10-13 04:00:00,62712.31,62990.0,62707.21,62843.48,976.93771
2024-10-13 08:00:00,62843.48,62962.0,62520.18,62561.33,2072.26507
2024-10-13 12:00:00,62561.34,62818.0,62050.0,62229.31,2882.28535
2024-10-13 16:00:00,62229.32,62887.78,62177.67,62734.32,2186.22682
2024-10-13 20:00:00,62734.31,63125.0,62610.67,62870.02,1812.64038
2024-10-14 00:00:00,62870.02,64392.49,62457.81,64299.99,5202.69582
2024-10-14 04:00:00,64300.0,64686.0,63778.62,64620.87,6540.2077
2024-10-14 08:00:00,64620.87,65188.57,64340.98,64920.06,5338.83523
2024-10-14 12:00:00,64920.05,66299.93,64660.56,65870.0,11165.96157
2024-10-14 16:00:00,65870.0,66072.3,65459.0,65939.4,5541.11281
2024-10-14 20:00:00,65939.41,66500.0,65730.0,66083.99,3881.13909
2024-10-15 00:00:00,66084.0,66330.0,65324.4,65400.0,3574.82599
2024-10-15 04:00:00,65399.99,65846.0,65201.0,65638.74,3319.36953
2024-10-15 08:00:00,65638.74,65850.0,65280.0,65399.69,3798.65244
2024-10-15 12:00:00,65399.68,67950.0,64800.01,66022.0,20567.31949
2024-10-15 16:00:00,66022.01,67390.89,65982.55,66970.18,8440.07018
2024-10-15 20:00:00,66970.18,67156.47,66130.64,67074.14,3983.7166
2024-10-16 00:00:00,67074.14,67561.04,66750.49,67095.98,3508.4024
2024-10-16 04:00:00,67095.99,67361.41,66775.67,66972.53,3070.41603
2024-10-16 08:00:00,66972.53,68424.0,66917.52,67894.72,8671.10496
2024-10-16 12:00:00,67894.73,68308.91,67117.18,67749.99,9342.2106
2024-10-16 16:00:00,67750.0,68100.0,67482.0,67728.0,3575.32974
2024-10-16 20:00:00,67728.01,67954.03,67500.0,67620.01,1770.79171
2024-10-17 00:00:00,67620.0,67939.4,67406.99,67601.4,2503.78211
2024-10-17 04:00:00,67601.4,67601.4,67087.35,67303.18,3552.90409
2024-10-17 08:00:00,67303.18,67530.01,66741.09,66872.43,4840.70419
2024-10-17 12:00:00,66872.44,67680.0,66666.0,67590.66,6644.01683
2024-10-17 16:00:00,67590.67,67590.67,66720.0,66840.0,5364.13174
2024-10-17 20:00:00,66840.0,67480.0,66827.68,67421.78,2422.68965
2024-10-18 00:00:00,67421.78,68260.92,67192.36,67555.4,4815.67963
2024-10-18 04:00:00,67555.41,68378.95,67544.0,67969.7,4436.03787
2024-10-18 08:00:00,67969.69,68050.0,67674.98,67702.0,3604.45968
2024-10-18 12:00:00,67702.0,68870.68,67642.71,68735.35,8981.93414
2024-10-18 16:00:00,68735.34,69000.0,68360.0,68608.01,5094.2734
2024-10-18 20:00:00,68608.01,68690.0,68204.1,68428.0,1793.25028
2024-10-19 00:00:00,68427.99,68693.26,68303.03,68450.01,1376.73627
2024-10-19 04:00:00,68450.0,68560.0,68302.31,68346.54,1113.67315
2024-10-19 08:00:00,68346.54,68475.7,68090.3,68090.3,1655.36285
2024-10-19 12:00:00,68090.3,68350.0,68088.0,68226.93,1346.90882
2024-10-19 16:00:00,68226.94,68242.43,68010.0,68181.98,1019.59496
2024-10-19 20:00:00,68181.98,68413.96,68168.45,68378.0,1681.39132
2024-10-20 00:00:00,68377.99,68446.0,68100.0,68188.0,1054.72024
2024-10-20 04:00:00,68188.01,68433.5,68176.26,68378.0,1441.04305
2024-10-20 08:00:00,68378.01,68500.0,68355.0,68420.01,1130.42068
2024-10-20 12:00:00,68420.01,68772.7,68198.22,68625.99,3025.00337
2024-10-20 16:00:00,68625.99,68660.0,68422.0,68508.29,1137.38491
2024-10-20 20:00:00,68508.3,69400.0,68461.93,69031.99,4653.90153
2024-10-21 00:00:00,69032.0,69519.52,68588.51,68939.99,4025.34961
2024-10-21 04:00:00,68940.0,69185.18,68488.33,68514.0,2657.04256
2024-10-21 08:00:00,68513.99,68661.0,68119.01,68238.01,4244.21652
2024-10-21 12:00:00,68238.0,68328.68,66840.67,67341.02,12814.65836
2024-10-21 16:00:00,67341.02,67941.17,66894.0,67763.0,5541.16575
2024-10-21 20:00:00,67763.99,67933.79,67366.66,67377.5,2091.98904
2024-10-22 00:00:00,67377.5,67694.92,66571.42,67390.02,4530.23136
2024-10-22 04:00:00,67390.01,67800.0,67278.02,67402.0,2582.69229
2024-10-22 08:00:00,67402.0,67526.67,66740.0,67299.15,5952.92995
2024-10-22 12:00:00,67299.15,67693.34,66644.18,67282.27,6233.58519
2024-10-22 16:00:00,67282.27,67635.72,66920.0,67482.98,3629.34667
2024-10-22 20:00:00,67482.99,67836.01,67292.0,67426.0,1670.17722
2024-10-23 00:00:00,67426.01,67472.83,66890.0,67082.1,2192.04981
2024-10-23 04:00:00,67082.1,67302.83,66800.0,66852.34,2205.04466
2024-10-23 08:00:00,66852.33,67048.0,66200.0,66414.0,4678.16343
2024-10-23 12:00:00,66414.0,66910.15,65923.01,66223.44,6555.45611
2024-10-23 16:00:00,66223.45,66573.58,65260.0,66472.0,7747.67519
2024-10-23 20:00:00,66472.0,66807.37,66338.99,66668.65,2151.8515
2024-10-24 00:00:00,66668.65,67612.12,66510.0,67213.16,4069.13262
2024-10-24 04:00:00,67213.16,67479.55,67068.75,67123.08,2168.24652
2024-10-24 08:00:00,67123.09,67322.26,66700.0,67285.99,3627.57529
2024-10-24 12:00:00,67286.0,67998.0,67262.0,67701.22,5556.69154
2024-10-24 16:00:00,67701.21,68323.0,67350.01,68309.79,4018.19794
2024-10-24 20:00:00,68309.79,68850.0,67978.04,68198.28,3149.99486
2024-10-25 00:00:00,68198.27,68286.56,67836.0,68008.0,2103.46788
2024-10-25 04:00:00,68007.99,68045.36,67250.0,67531.97,3239.24812
2024-10-25 08:00:00,67531.96,68183.78,67286.28,68105.79,3432.59534
2024-10-25 12:00:00,68105.79,68771.49,67429.87,67690.01,6063.80083
2024-10-25 16:00:00,67690.01,67890.52,66006.6,66850.0,12819.56162
2024-10-25 20:00:00,66849.99,67392.52,65596.29,66698.33,6821.03746
2024-10-26 00:00:00,66698.32,67050.2,66439.9,66914.0,3685.00548
2024-10-26 04:00:00,66914.0,67240.02,66784.26,67007.99,1628.86516
2024-10-26 08:00:00,67007.99,67264.34,66953.02,67138.0,1491.87488
2024-10-26 12:00:00,67138.0,67180.0,66744.0,66886.49,2610.78256
2024-10-26 16:00:00,66886.49,67181.82,66788.0,67177.99,1318.30448
2024-10-26 20:00:00,67178.0,67454.55,67084.0,67092.76,1108.07514
2024-10-27 00:00:00,67092.76,67325.46,66913.73,67289.57,986.04169
2024-10-27 04:00:00,67289.57,67317.78,67120.0,67204.01,668.95382
2024-10-27 08:00:00,67204.0,67266.49,67036.85,67128.04,1089.42823
2024-10-27 12:00:00,67128.03,67858.0,67121.45,67791.99,2061.49126
2024-10-27 16:00:00,67792.0,68000.0,67540.88,67850.0,1636.67932
2024-10-27 20:00:00,67850.0,68332.05,67688.09,68021.7,2210.6016
2024-10-28 00:00:00,68021.69,68116.78,67677.77,67727.59,1748.50819
2024-10-28 04:00:00,67727.59,68680.0,67618.0,68415.52,3228.44557
2024-10-28 08:00:00,68415.52,68833.57,68238.81,68753.78,2668.85534
2024-10-28 12:00:00,68753.78,69280.0,68426.67,68494.2,7619.52629
2024-10-28 16:00:00,68494.2,69900.0,68452.54,69629.98,7959.90622
2024-10-28 20:00:00,69629.99,70270.0,69427.79,69962.21,5821.51298
2024-10-29 00:00:00,69962.21,71587.88,69760.0,70938.14,9260.69533
2024-10-29 04:00:00,70938.15,71370.0,70837.83,71017.97,5390.71759
2024-10-29 08:00:00,71017.96,71578.95,70974.0,71452.01,4333.82377
2024-10-29 12:00:00,71452.02,72429.99,70929.0,72402.01,11510.0098
2024-10-29 16:00:00,72402.0,73620.12,72350.7,72536.16,14375.99601
2024-10-29 20:00:00,72536.38,72978.9,71864.65,72736.42,5257.36344
2024-10-30 00:00:00,72736.41,72785.72,72000.01,72234.0,3553.7595
2024-10-30 04:00:00,72234.0,72610.0,72100.0,72227.99,3065.87039
2024-10-30 08:00:00,72227.99,72604.97,71926.82,71983.99,3249.22754
2024-10-30 12:00:00,71984.0,72470.0,71436.0,72061.34,7786.81964
2024-10-30 16:00:00,72061.34,72197.5,71641.77,71822.01,3301.81939
2024-10-30 20:00:00,71822.01,72961.0,71644.19,72344.74,5928.4941
2024-10-31 00:00:00,72344.75,72599.99,72030.08,72353.74,2955.82677
2024-10-31 04:00:00,72353.75,72478.0,72150.0,72417.19,2300.55532
2024-10-31 08:00:00,72417.19,72700.0,72149.79,72226.0,3129.22143
2024-10-31 12:00:00,72226.0,72276.0,70431.77,70620.0,10391.35314
2024-10-31 16:00:00,70620.01,70949.51,70036.0,70092.07,5987.52232
2024-10-31 20:00:00,70092.07,70654.76,69685.76,70292.01,4587.62399
2024-11-01 00:00:00,70292.01,70470.0,68830.0,69369.99,6736.08255
2024-11-01 04:00:00,69369.99,69699.14,69080.0,69273.7,3840.13342
2024-11-01 08:00:00,69273.7,70228.0,69237.26,70002.01,4258.62726
2024-11-01 12:00:00,70002.01,71632.95,69044.0,69387.77,12583.25292
2024-11-01 16:00:00,69387.78,70515.16,68820.14,69268.0,8722.26319
2024-11-01 20:00:00,69268.0,69627.0,68854.5,69496.01,2161.50821
2024-11-02 00:00:00,69496.0,69914.37,69479.91,69599.99,1888.97948
2024-11-02 04:00:00,69599.99,69823.94,69446.0,69813.91,1298.14761
2024-11-02 08:00:00,69813.91,69838.62,69417.88,69608.0,1279.6003
2024-11-02 12:00:00,69608.0,69711.59,69000.14,69393.17,3365.13104
2024-11-02 16:00:00,69393.18,69616.0,69215.0,69510.0,1553.51785
2024-11-02 20:00:00,69510.0,69571.99,69149.0,69374.74,1136.29615
2024-11-03 00:00:00,69374.74,69391.0,67864.16,68379.89,5846.4092
2024-11-03 04:00:00,68379.9,68771.58,68303.99,68397.42,1961.6419
2024-11-03 08:00:00,68397.42,68603.58,68200.01,68358.86,2460.80349
2024-11-03 12:00:00,68358.86,68560.0,67478.73,68090.9,6042.77974
2024-11-03 16:00:00,68090.91,68693.81,67667.21,68679.0,4811.23179
2024-11-03 20:00:00,68679.0,69358.0,68492.82,68775.99,3872.83631
2024-11-04 00:00:00,68775.99,69500.0,68240.61,69047.86,3531.81884
2024-11-04 04:00:00,69047.86,69401.55,68618.0,68618.0,2753.25815
2024-11-04 08:00:00,68618.0,69036.0,68470.0,68792.71,3061.68173
2024-11-04 12:00:00,68792.72,69264.52,68202.99,68646.01,6502.898
2024-11-04 16:00:00,68646.01,68814.32,67251.5,67856.0,7022.60435
2024-11-04 20:00:00,67856.01,68106.07,66835.0,67850.01,6928.1308
2024-11-05 00:00:00,67850.01,68255.0,67476.63,68243.0,3631.30352
2024-11-05 04:00:00,68243.01,68976.0,68218.51,68893.99,3527.68448
2024-11-05 08:00:00,68894.0,69100.0,68615.11,68810.03,3105.13722
2024-11-05 12:00:00,68810.03,70325.06,68666.0,69639.99,9273.82987
2024-11-05 16:00:00,69640.0,70577.91,68732.77,68995.99,8251.89006
2024-11-05 20:00:00,68995.99,69898.02,68786.91,69372.01,5565.22373
2024-11-06 00:00:00,69372.01,75000.0,69298.0,74348.53,29431.196937
2024-11-06 04:00:00,74348.53,75407.1,72727.0,73370.89,26064.898021
2024-11-06 08:00:00,73370.89,74475.47,72656.31,74272.01,13990.39249
2024-11-06 12:00:00,74272.0,74757.58,73488.0,74298.0,13980.04537
2024-11-06 16:00:00,74297.99,75850.0,74150.0,75823.55,11500.391072
2024-11-06 20:00:00,75823.55,76400.0,75507.1,75571.99,9160.070897
2024-11-07 00:00:00,75571.99,76022.79,75003.83,75048.01,7170.25219
2024-11-07 04:00:00,75048.01,75048.01,74416.0,74757.58,5435.11503
2024-11-07 08:00:00,74757.58,75150.11,74649.54,74746.0,3766.42463
2024-11-07 12:00:00,74745.99,76059.69,74512.19,76059.69,7599.95
2024-11-07 16:00:00,76059.68,76718.99,75555.17,76530.39,13850.283425
2024-11-07 20:00:00,76530.4,76849.99,75494.0,75857.89,7047.39707
2024-11-08 00:00:00,75857.89,76358.0,75555.0,75890.79,4416.57747
2024-11-08 04:00:00,75890.79,76220.0,75686.0,76148.49,5001.36124
2024-11-08 08:00:00,76148.49,76320.0,75760.0,75934.46,3321.2486
2024-11-08 12:00:00,75934.47,76584.6,75630.76,76427.72,9261.36209
2024-11-08 16:00:00,76427.72,77199.99,75822.07,76912.58,9446.863703
2024-11-08 20:00:00,76912.58,77097.0,76300.23,76509.78,5073.68648
2024-11-09 00:00:00,76509.78,76639.84,76136.0,76341.47,2498.29713
2024-11-09 04:00:00,76341.47,76795.69,76294.0,76529.08,2824.88315
2024-11-09 08:00:00,76529.07,76735.59,76358.91,76487.11,1956.64753
2024-11-09 12:00:00,76487.11,76541.53,76272.72,76319.9,2576.33768
2024-11-09 16:00:00,76319.91,76700.0,75714.66,76204.92,3958.68374
2024-11-09 20:00:00,76204.91,76900.0,76179.0,76677.46,3127.22992
2024-11-10 00:00:00,76677.46,77498.0,76492.0,77205.96,6237.464965
2024-11-10 04:00:00,77205.97,79788.96,77138.0,78832.37,15561.725502
2024-11-10 08:00:00,78832.36,80040.0,78832.36,79844.01,7359.556072
2024-11-10 12:00:00,79844.0,80080.0,79200.0,79694.03,9016.63483
2024-11-10 16:00:00,79694.03,81069.99,79324.59,79748.99,11314.767361
2024-11-10 20:00:00,79748.99,81500.0,78473.13,80370.01,12339.951705
2024-11-11 00:00:00,80370.01,81846.71,80216.01,81612.23,7866.798202
2024-11-11 04:00:00,81612.23,81727.47,80432.0,81109.1,6018.85178
2024-11-11 08:00:00,81109.11,82380.94,81023.29,82134.0,8046.625461
2024-11-11 12:00:00,82133.99,84263.51,81460.19,84059.54,17558.062176
2024-11-11 16:00:00,84059.53,86650.0,83831.84,86102.21,19271.655334
2024-11-11 20:00:00,86102.21,89530.54,86052.0,88647.99,23561.672823
2024-11-12 00:00:00,88648.0,89470.0,86561.35,88047.46,19452.23586
2024-11-12 04:00:00,88047.45,89940.0,87700.0,88983.35,13408.122211
2024-11-12 08:00:00,88983.35,89372.0,85229.0,87155.55,21526.29235
2024-11-12 12:00:00,87155.55,87860.0,85072.0,86632.0,19109.59223
2024-11-12 16:00:00,86632.0,89764.38,85730.35,88704.28,14486.43433
2024-11-12 20:00:00,88704.28,89876.94,87379.59,87952.01,9317.21093
2024-11-13 00:00:00,87952.0,88562.94,87004.0,87136.0,10008.6189
2024-11-13 04:00:00,87136.0,87692.69,86127.99,87356.0,9544.53162
2024-11-13 08:00:00,87356.01,88083.0,87082.42,87669.39,6000.39557
2024-11-13 12:00:00,87669.4,92690.0,87502.49,92540.01,25126.849483
2024-11-13 16:00:00,92540.0,93265.64,89969.87,90193.51,22766.283954
2024-11-13 20:00:00,90193.5,91184.02,87970.98,90375.2,13317.1746
2024-11-14 00:00:00,90375.21,90566.0,89458.13,89937.02,7354.10555
2024-11-14 04:00:00,89937.03,90850.0,89104.54,90769.42,6197.35157
2024-11-14 08:00:00,90769.42,91657.77,90329.8,91491.86,8132.00542
2024-11-14 12:00:00,91491.85,91790.0,87829.57,87947.99,15118.0437
2024-11-14 16:00:00,87947.99,89775.24,87526.74,89463.99,8531.95926
2024-11-14 20:00:00,89463.99,89464.0,86668.21,87325.59,11396.04536
2024-11-15 00:00:00,87325.59,88473.7,87252.0,88218.21,6032.5219
2024-11-15 04:00:00,88218.22,88391.99,87073.38,87612.0,6883.97605
2024-11-15 08:00:00,87612.01,89771.99,87368.0,89741.25,6640.4585
2024-11-15 12:00:00,89741.24,90709.74,87754.45,88445.41,11903.82559
2024-11-15 16:00:00,88445.4,90844.9,88386.99,90377.89,8672.84127
2024-11-15 20:00:00,90377.89,91850.0,90324.85,91032.07,7794.32737
2024-11-16 00:00:00,91032.08,91709.06,90850.0,91252.03,4249.95392
2024-11-16 04:00:00,91252.04,91779.66,91064.24,91117.53,3028.27512
2024-11-16 08:00:00,91117.52,91598.13,90993.15,91169.69,3972.70297
2024-11-16 12:00:00,91169.69,91320.0,90056.17,90521.2,5422.19653
2024-11-16 16:00:00,90521.2,91396.03,90186.64,91100.24,3466.38119
2024-11-16 20:00:00,91100.23,91181.82,90300.0,90586.92,2578.36716
2024-11-17 00:00:00,90587.98,90888.0,89364.0,90247.86,4950.72397
2024-11-17 04:00:00,90247.86,90888.0,90158.56,90550.8,2974.11564
2024-11-17 08:00:00,90550.8,91449.99,90478.99,90684.19,3929.09518
2024-11-17 12:00:00,90684.19,91189.88,89925.91,90260.01,4166.81415
2024-11-17 16:00:00,90260.01,90640.18,89664.34,90044.0,3112.39163
2024-11-17 20:00:00,90044.0,90212.13,88722.0,89855.99,4734.41552
2024-11-18 00:00:00,89855.98,90935.44,89617.96,90668.58,3252.23252
2024-11-18 04:00:00,90668.58,92300.0,90438.85,91719.9,6378.66485
2024-11-18 08:00:00,91719.9,92211.99,90051.1,90275.13,6488.59666
2024-11-18 12:00:00,90275.13,92594.0,89376.9,92309.51,12873.97296
2024-11-18 16:00:00,92309.51,92584.95,89667.66,90608.26,9954.79626
2024-11-18 20:00:00,90608.26,91980.0,90224.02,90464.08,7596.77123
2024-11-19 00:00:00,90464.07,91529.0,90357.0,91428.0,3575.26612
2024-11-19 04:00:00,91428.0,92000.0,91238.09,91620.01,3893.80469
2024-11-19 08:00:00,91620.0,91950.0,91200.0,91652.02,3730.94665
2024-11-19 12:00:00,91652.01,92788.0,90975.8,92391.99,13823.62822
2024-11-19 16:00:00,92391.99,93905.51,92147.12,93227.87,11450.7773
2024-11-19 20:00:00,93227.87,93571.08,91320.0,92310.79,7185.62384
2024-11-20 00:00:00,92310.8,92418.68,91500.0,92039.99,4096.22399
2024-11-20 04:00:00,92039.99,92851.09,91850.0,92850.38,3477.17855
2024-11-20 08:00:00,92850.38,93669.98,92720.0,93454.65,6216.74888
2024-11-20 12:00:00,93454.65,94807.62,93314.49,94739.97,12702.544432
2024-11-20 16:00:00,94739.98,94831.97,93138.0,94000.0,10761.1069
2024-11-20 20:00:00,94000.0,94599.98,93770.07,94286.56,4949.39596
2024-11-21 00:00:00,94286.56,95904.0,94040.0,95798.12,9339.057505
2024-11-21 04:00:00,95798.12,97852.0,95798.11,96912.01,13220.183819
2024-11-21 08:00:00,96912.01,98384.86,96723.96,97974.99,10048.90103
2024-11-21 12:00:00,97975.0,98250.0,95600.0,96672.0,16850.11898
2024-11-21 16:00:00,96672.0,98988.0,96276.69,97829.83,13009.781133
2024-11-21 20:00:00,97829.84,98723.65,97533.18,98317.12,6760.31801
2024-11-22 00:00:00,98317.12,99299.99,97840.0,98836.5,7532.474903
2024-11-22 04:00:00,98836.49,99419.99,98517.21,99173.7,6632.8656
2024-11-22 08:00:00,99173.7,99267.19,98219.84,98870.38,6290.74803
2024-11-22 12:00:00,98870.39,98949.0,97122.11,98664.0,11263.93551
2024-11-22 16:00:00,98663.99,99588.01,98220.0,99079.74,9541.05621
2024-11-22 20:00:00,99079.74,99449.0,98535.0,98892.0,4928.22899
2024-11-23 00:00:00,98892.0,98908.85,98300.0,98666.67,3918.314
2024-11-23 04:00:00,98666.66,98800.0,98284.61,98560.85,3360.38068
2024-11-23 08:00:00,98560.84,98623.76,98300.0,98429.99,3176.75105
2024-11-23 12:00:00,98430.0,98847.68,98400.0,98400.0,4138.68982
2024-11-23 16:00:00,98400.01,98459.56,97336.06,97504.0,7486.78427
2024-11-23 20:00:00,97504.0,98015.82,97136.0,97672.4,2676.92385
2024-11-24 00:00:00,97672.4,98564.0,97620.74,98200.1,3989.58138
2024-11-24 04:00:00,98200.1,98431.06,97872.2,98431.05,3583.35015
2024-11-24 08:00:00,98431.05,98472.98,97239.29,97280.03,3606.92172
2024-11-24 12:00:00,97280.04,97606.52,95900.01,95901.51,9382.31921
2024-11-24 16:00:00,95901.52,96747.98,95734.77,96320.02,5662.8696
2024-11-24 20:00:00,96320.01,98369.46,96195.47,97900.04,4975.93632
2024-11-25 00:00:00,97900.05,98050.0,96888.0,97898.8,3838.26336
2024-11-25 04:00:00,97898.81,98376.99,97491.66,98047.34,5230.71565
2024-11-25 08:00:00,98047.34,98871.8,97850.0,98188.09,5195.73129
2024-11-25 12:00:00,98188.09,98313.08,94525.0,96000.56,14345.48831
2024-11-25 16:00:00,96000.57,96500.0,94400.0,94669.48,10283.14008
2024-11-25 20:00:00,94669.49,95300.0,92600.19,93010.01,11954.11227
2024-11-26 00:00:00,93010.01,94923.69,92727.9,94464.0,6245.66011
2024-11-26 04:00:00,94464.0,94973.37,93500.08,93785.71,4722.02616
2024-11-26 08:00:00,93785.72,93785.72,91466.52,92356.85,13592.93588
2024-11-26 12:00:00,92356.84,93559.0,91739.7,92813.0,13179.13015
2024-11-26 16:00:00,92812.99,94685.6,91554.11,91683.89,10628.56926
2024-11-26 20:00:00,91683.9,92364.0,90791.1,91965.16,9490.40982
2024-11-27 00:00:00,91965.16,93037.38,91792.14,92588.0,5555.58018
2024-11-27 04:00:00,92588.0,93648.0,92361.66,93597.16,4840.27212
2024-11-27 08:00:00,93597.16,93885.6,93109.12,93367.99,3994.01189
2024-11-27 12:00:00,93367.99,95850.0,92847.84,95556.01,9868.59893
2024-11-27 16:00:00,95556.0,96631.68,95184.79,96627.99,9525.88556
2024-11-27 20:00:00,96627.99,97208.21,95731.72,95863.11,7369.07866
2024-11-28 00:00:00,95863.11,96564.0,94822.54,95471.43,6275.70277
2024-11-28 04:00:00,95471.44,95922.39,95063.15,95299.66,5014.99892
2024-11-28 08:00:00,95299.66,95780.0,94640.0,95452.01,4752.0259
2024-11-28 12:00:00,95452.0,96221.8,94900.0,95007.14,5548.28802
2024-11-28 16:00:00,95007.15,95435.68,94817.0,95119.48,3678.82621
2024-11-28 20:00:00,95119.48,96023.48,94698.0,95643.98,3544.70175
2024-11-29 00:00:00,95643.99,96859.0,95364.99,96590.36,3208.77651
2024-11-29 04:00:00,96590.35,96630.09,95600.03,95625.05,2916.98299
2024-11-29 08:00:00,95625.05,97358.21,95616.0,97237.91,4164.43477
2024-11-29 12:00:00,97237.91,98619.99,96768.0,98019.47,8857.57633
2024-11-29 16:00:00,98019.46,98440.0,96853.82,97329.73,5993.35722
2024-11-29 20:00:00,97329.73,97624.62,96981.01,97460.0,2560.65449
2024-11-30 00:00:00,97460.0,97463.95,96309.85,96640.02,3052.5744
2024-11-30 04:00:00,96640.02,97234.02,96532.7,96783.38,3397.39114
2024-11-30 08:00:00,96783.38,96968.78,96092.01,96267.99,2445.61538
2024-11-30 12:00:00,96267.99,96732.15,96242.14,96645.41,2060.42388
2024-11-30 16:00:00,96645.42,97062.5,96531.35,97019.68,1822.59102
2024-11-30 20:00:00,97019.69,97040.0,96320.99,96407.99,1725.23724
2024-12-01 00:00:00,96407.99,96672.49,95693.88,96336.75,3622.03491
2024-12-01 04:00:00,96336.76,96515.52,96195.99,96472.97,1284.90142
2024-12-01 08:00:00,96472.97,97179.04,96424.99,97108.89,2803.36709
2024-12-01 12:00:00,97108.89,97388.78,96660.88,97028.02,3260.08114
2024-12-01 16:00:00,97028.02,97523.41,96958.48,97178.73,2968.12339
2024-12-01 20:00:00,97178.73,97836.0,96800.01,97185.18,3000.09657
2024-12-02 00:00:00,97185.17,98130.0,96350.0,96483.75,5392.949
2024-12-02 04:00:00,96483.75,96924.0,95749.97,95999.99,5378.4519
2024-12-02 08:00:00,95999.99,96112.0,94820.41,95128.68,6299.85507
2024-12-02 12:00:00,95128.67,97214.77,94766.0,97048.0,8297.68046
2024-12-02 16:00:00,97048.01,97356.69,94395.0,95816.0,8796.99302
2024-12-02 20:00:00,95816.01,96327.87,95112.01,95840.62,3792.74036
2024-12-03 00:00:00,95840.61,96305.52,95400.0,96079.36,3671.38924
2024-12-03 04:00:00,96079.36,96238.1,95277.35,95550.0,3510.45774
2024-12-03 08:00:00,95550.0,95662.94,94595.38,94988.01,4056.48891
2024-12-03 12:00:00,94988.0,96250.0,93578.17,95682.54,13543.07849
2024-12-03 16:00:00,95682.54,96169.99,94860.0,95428.6,5936.97324
2024-12-03 20:00:00,95428.61,96140.01,95272.5,95849.69,5108.93521
2024-12-04 00:00:00,95849.69,96614.16,95224.17,95770.32,4788.30848
2024-12-04 04:00:00,95770.32,96714.41,95717.54,96588.81,3607.43743
2024-12-04 08:00:00,96588.81,96950.0,96172.0,96190.41,3780.1103
2024-12-04 12:00:00,96190.41,96560.0,95352.41,95742.81,7959.19099
2024-12-04 16:00:00,95742.8,97232.01,94587.83,97209.64,9467.01122
2024-12-04 20:00:00,97209.64,99000.0,97128.52,98587.32,14248.47886
2024-12-05 00:00:00,98587.32,104088.0,97888.89,102964.0,29911.489432
2024-12-05 04:00:00,102964.0,103544.71,101324.16,102236.1,14930.57327
2024-12-05 08:00:00,102236.1,103159.76,102236.1,102566.91,9004.86605
2024-12-05 12:00:00,102566.91,103550.0,100925.97,101292.01,15250.81785
2024-12-05 16:00:00,101292.0,101999.0,98599.36,99028.0,14788.63995
2024-12-05 20:00:00,99028.01,99479.72,90500.0,96945.63,26035.34311
2024-12-06 00:00:00,96945.63,98828.7,95981.72,97735.29,10502.77687
2024-12-06 04:00:00,97735.29,98288.0,97370.19,98138.54,4600.17485
2024-12-06 08:00:00,98138.53,98705.23,97622.86,98069.62,5508.51297
2024-12-06 12:00:00,98069.61,99483.81,97512.26,99309.99,9368.1804
2024-12-06 16:00:00,99310.0,101799.0,98762.6,101439.99,9652.35617
2024-12-06 20:00:00,101439.99,101898.99,99053.03,99740.84,5417.53184
2024-12-07 00:00:00,99740.84,100428.0,99285.71,99299.63,2803.39835
2024-12-07 04:00:00,99299.64,99666.31,98844.0,99405.2,3254.00298
2024-12-07 08:00:00,99405.2,99821.83,99260.0,99620.0,2290.29479
2024-12-07 12:00:00,99620.0,99800.0,99036.01,99756.01,2409.08289
2024-12-07 16:00:00,99756.0,100263.64,99460.37,100077.45,2257.58478
2024-12-07 20:00:00,100077.45,100439.18,99595.11,99831.99,1917.58211
2024-12-08 00:00:00,99831.99,100328.88,99632.28,99934.82,1688.21452
2024-12-08 04:00:00,99934.83,100030.0,99336.0,99675.11,1590.3559
2024-12-08 08:00:00,99675.11,99844.28,98657.7,99701.16,2557.39593
2024-12-08 12:00:00,99701.17,100500.0,99357.16,99912.01,3388.44325
2024-12-08 16:00:00,99912.01,100198.0,99480.0,100100.98,2219.63339
2024-12-08 20:00:00,100100.99,101351.0,99736.06,101109.59,3168.95389
2024-12-09 00:00:00,101109.6,101215.93,98432.18,99090.84,6131.57247
2024-12-09 04:00:00,99090.84,99729.88,98328.0,99576.51,4641.05371
2024-12-09 08:00:00,99576.51,99679.71,98035.57,98088.47,5754.936
2024-12-09 12:00:00,98088.47,100421.8,97508.58,97812.0,10565.60263
2024-12-09 16:00:00,97812.0,98398.0,97000.0,97070.32,7646.39206
2024-12-09 20:00:00,97070.33,97572.52,94150.05,97276.47,19209.55908
2024-12-10 00:00:00,97276.48,98138.0,95565.41,96931.99,7967.90111
2024-12-10 04:00:00,96931.99,97519.2,95900.0,97196.44,4851.30267
2024-12-10 08:00:00,97196.44,97937.5,96938.19,97722.52,3732.90811
2024-12-10 12:00:00,97722.53,98270.0,95555.0,95658.79,11589.32855
2024-12-10 16:00:00,95658.79,96500.0,94256.54,95856.5,17282.11364
2024-12-10 20:00:00,95856.5,97200.7,95616.0,96593.0,6285.13525
2024-12-11 00:00:00,96593.0,97625.76,95658.24,97398.43,6101.81371
2024-12-11 04:00:00,97398.42,97790.36,97181.7,97334.6,2882.63101
2024-12-11 08:00:00,97334.59,98472.57,97316.78,98292.61,3915.0582
2024-12-11 12:00:00,98292.61,100800.0,98072.33,100361.64,10646.28169
2024-12-11 16:00:00,100361.64,101141.01,99608.23,101122.71,9214.79257
2024-12-11 20:00:00,101122.71,101888.0,100866.42,101125.0,4993.20573
2024-12-12 00:00:00,101125.0,101829.0,100331.61,101025.87,4584.27765
2024-12-12 04:00:00,101025.88,101191.85,100402.82,100499.99,3018.02596
2024-12-12 08:00:00,100499.99,101126.54,100178.32,100358.42,2593.08394
2024-12-12 12:00:00,100358.42,101861.6,100348.35,101797.14,7527.72986
2024-12-12 16:00:00,101797.14,102540.0,99311.64,99481.32,7934.57131
2024-12-12 20:00:00,99481.33,100476.19,99465.33,100004.29,3574.39873
2024-12-13 00:00:00,100004.29,100356.85,99205.0,99729.09,3169.68724
2024-12-13 04:00:00,99729.09,100225.52,99500.0,100130.0,2722.44317
2024-12-13 08:00:00,100130.01,100789.0,99896.0,100353.37,2260.04806
2024-12-13 12:00:00,100353.37,101375.26,99700.0,99873.16,4395.11384
2024-12-13 16:00:00,99873.16,101895.26,99800.0,101462.34,6176.84479
2024-12-13 20:00:00,101462.34,101879.98,101090.9,101424.25,3179.90213
2024-12-14 00:00:00,101424.24,102650.0,101148.35,102088.0,4102.31163
2024-12-14 04:00:00,102088.0,102138.0,101590.9,101824.0,2355.50886
2024-12-14 08:00:00,101824.0,101863.64,101321.0,101583.99,1246.03828
2024-12-14 12:00:00,101584.0,101742.43,100826.38,101625.12,2737.98405
2024-12-14 16:00:00,101625.12,101737.7,100831.63,101313.54,2313.84837
2024-12-14 20:00:00,101313.54,101499.08,100609.41,101420.0,1436.01207
2024-12-15 00:00:00,101420.0,102196.97,101237.14,101733.82,2717.2499
2024-12-15 04:00:00,101733.83,102850.0,101534.01,101732.09,3091.00658
2024-12-15 08:00:00,101732.09,102691.01,101581.07,102671.44,1800.59415
2024-12-15 12:00:00,102671.44,103359.97,102473.01,102704.01,4918.19696
2024-12-15 16:00:00,102704.0,103490.0,102583.65,103252.95,2441.92022
2024-12-15 20:00:00,103252.96,105250.0,102621.5,104463.99,7259.953965
2024-12-16 00:00:00,104463.99,106648.0,104259.48,104582.28,8803.848246
2024-12-16 04:00:00,104582.28,105420.76,104469.89,104992.79,3083.27266
2024-12-16 08:00:00,104992.79,105016.85,103625.78,103757.99,3972.26006
2024-12-16 12:00:00,103758.0,106499.99,103333.0,106332.01,9289.30941
2024-12-16 16:00:00,106332.0,107793.07,105797.41,106583.12,11995.104264
2024-12-16 20:00:00,106583.13,106648.48,105480.02,106058.66,4158.6081
2024-12-17 00:00:00,106058.65,107000.0,105657.34,106866.49,3882.88127
2024-12-17 04:00:00,106866.5,107143.29,106368.45,106805.75,2937.82223
2024-12-17 08:00:00,106805.75,107550.02,106708.86,106808.31,3622.94784
2024-12-17 12:00:00,106808.31,108353.0,105725.99,106478.47,8939.180456
2024-12-17 16:00:00,106478.48,107633.0,106148.0,106475.89,5875.35581
2024-12-17 20:00:00,106475.89,106903.99,105321.49,106133.74,3806.74886
2024-12-18 00:00:00,106133.74,106524.98,104581.58,104763.98,5784.93924
2024-12-18 04:00:00,104763.99,104763.99,103137.82,104250.75,7256.63713
2024-12-18 08:00:00,104250.75,105033.33,103729.18,105028.33,2927.64166
2024-12-18 12:00:00,105028.33,105350.0,103650.0,104428.54,7242.86665
2024-12-18 16:00:00,104428.54,104999.98,102817.82,102817.82,9166.33778
2024-12-18 20:00:00,102817.82,102997.77,100000.0,100204.01,17929.57509
2024-12-19 00:00:00,100204.01,101310.25,98802.0,101193.15,11011.14924
2024-12-19 04:00:00,101193.15,101727.28,100629.99,101656.57,3199.07619
2024-12-19 08:00:00,101656.57,102609.72,101380.1,102449.99,4074.86626
2024-12-19 12:00:00,102450.0,102800.11,99500.0,100679.86,10496.80787
2024-12-19 16:00:00,100679.86,101200.0,96251.32,97199.72,15856.49892
2024-12-19 20:00:00,97199.72,98500.0,95700.0,97461.86,10508.99952
2024-12-20 00:00:00,97461.86,97814.09,96000.0,97106.02,8712.02871
2024-12-20 04:00:00,97106.02,98233.0,96374.03,97832.53,6871.39877
2024-12-20 08:00:00,97832.52,97864.91,92612.1,92723.98,19009.19125
2024-12-20 12:00:00,92723.99,97572.0,92232.54,96991.62,16343.30766
2024-12-20 16:00:00,96991.63,97748.0,96300.0,97116.0,7186.02296
2024-12-20 20:00:00,97116.0,97816.44,95393.84,97805.44,4762.18635
2024-12-21 00:00:00,97805.44,97813.59,97188.09,97487.46,2878.66863
2024-12-21 04:00:00,97487.47,99540.61,97378.5,99040.0,5467.95008
2024-12-21 08:00:00,99040.0,99187.95,97800.0,98262.08,3434.11954
2024-12-21 12:00:00,98262.08,98283.95,96398.39,97527.97,5930.1048
2024-12-21 16:00:00,97527.96,97723.18,96819.36,97269.03,2933.73741
2024-12-21 20:00:00,97269.03,98057.51,96539.91,97291.99,2838.96097
2024-12-22 00:00:00,97292.0,97448.08,96549.37,96994.37,1848.52784
2024-12-22 04:00:00,96994.37,97071.97,95890.28,96210.24,2981.41637
2024-12-22 08:00:00,96210.25,97351.57,96196.85,97101.28,2184.9888
2024-12-22 12:00:00,97101.29,97300.0,95109.13,95377.72,4444.90674
2024-12-22 16:00:00,95377.71,96444.45,94700.0,94836.55,3910.30845
2024-12-22 20:00:00,94836.55,95824.0,94250.35,95186.27,3983.68216
2024-12-23 00:00:00,95186.28,96043.99,93700.42,96025.15,6028.4424
2024-12-23 04:00:00,96025.15,96509.98,94705.07,95404.01,3919.1348
2024-12-23 08:00:00,95404.01,96538.92,95036.77,95932.42,3020.85272
2024-12-23 12:00:00,95932.41,96423.0,93107.52,93250.37,8316.98998
2024-12-23 16:00:00,93250.38,94260.0,92690.0,93044.79,6236.29663
2024-12-23 20:00:00,93044.79,95509.09,92520.0,94881.47,5289.0505
2024-12-24 00:00:00,94881.47,94881.47,93569.02,94348.75,3135.824
2024-12-24 04:00:00,94348.75,94653.45,93810.45,94233.19,1999.49298
2024-12-24 08:00:00,94233.2,94635.7,93840.0,94398.6,1936.10063
2024-12-24 12:00:00,94398.6,98300.0,94075.1,98300.0,6970.36477
2024-12-24 16:00:00,98299.99,99487.99,97546.57,97581.09,6446.91305
2024-12-24 20:00:00,97581.1,99068.9,97250.0,98663.58,3185.52945
2024-12-25 00:00:00,98663.58,98878.44,97725.27,98029.48,2347.026
2024-12-25 04:00:00,98029.49,98581.9,97844.18,98084.33,1454.63832
2024-12-25 08:00:00,98084.33,99349.31,97773.83,97907.61,3026.36685
2024-12-25 12:00:00,97907.61,98832.89,97632.02,98519.98,2843.35507
2024-12-25 16:00:00,98519.99,99299.99,98134.4,99018.52,2094.84554
2024-12-25 20:00:00,99018.52,99569.15,98384.61,99429.6,2707.93332
2024-12-26 00:00:00,99429.61,99963.7,98468.26,98995.17,3339.03441
2024-12-26 04:00:00,98995.18,98995.18,97711.17,97719.99,2538.93374
2024-12-26 08:00:00,97719.99,97772.13,95199.14,95695.81,6056.25765
2024-12-26 12:00:00,95695.81,96280.25,95234.93,96042.88,4267.56835
2024-12-26 16:00:00,96042.89,96621.95,95444.44,96102.25,2892.18792
2024-12-26 20:00:00,96102.24,96114.46,95302.0,95791.6,2098.3852
2024-12-27 00:00:00,95791.6,96443.68,95401.03,96417.84,2935.2441
2024-12-27 04:00:00,96417.84,96604.24,94646.03,95104.76,4600.52902
2024-12-27 08:00:00,95104.76,97544.58,95104.76,96952.38,4963.50857
2024-12-27 12:00:00,96952.38,97035.8,94011.11,94573.75,6425.73336
2024-12-27 16:00:00,94573.75,94996.16,93500.01,94750.0,5278.97717
2024-12-27 20:00:00,94750.11,94823.09,94100.6,94299.03,2297.27207
2024-12-28 00:00:00,94299.03,94720.0,94135.66,94594.91,1341.52605
2024-12-28 04:00:00,94594.91,94800.0,94307.0,94381.99,971.18403
2024-12-28 08:00:00,94381.98,94883.0,94312.67,94754.83,1063.67759
2024-12-28 12:00:00,94754.83,95340.36,94375.8,94447.29,2013.14298
2024-12-28 16:00:00,94447.28,95245.24,94389.45,95027.76,1698.97945
2024-12-28 20:00:00,95027.75,95733.99,94878.26,95300.0,1297.3828
2024-12-29 00:00:00,95300.0,95340.0,94808.0,95172.4,1053.11164
2024-12-29 04:00:00,95172.41,95283.99,94971.44,95272.04,875.93086
2024-12-29 08:00:00,95272.05,95315.5,95010.0,95032.57,788.50288
2024-12-29 12:00:00,95032.58,95231.58,94010.0,94511.12,2881.2142
2024-12-29 16:00:00,94511.11,94578.89,93367.52,93612.89,4040.48021
2024-12-29 20:00:00,93612.89,93949.52,93009.52,93738.2,3936.76599
2024-12-30 00:00:00,93738.19,94274.29,93368.93,93722.71,2898.63024
2024-12-30 04:00:00,93722.72,94060.35,93240.03,93731.65,2439.98241
2024-12-30 08:00:00,93731.66,94068.56,93469.56,93923.14,1683.90269
2024-12-30 12:00:00,93923.14,94277.23,91530.45,92130.21,9295.9625
2024-12-30 16:00:00,92130.21,94684.09,91800.0,94417.04,6130.98017
2024-12-30 20:00:00,94417.04,95024.5,91901.57,92792.05,5169.96449
2024-12-31 00:00:00,92792.05,92907.03,92033.73,92509.59,2673.26662
2024-12-31 04:00:00,92509.6,93040.1,92344.07,92860.75,1910.77295
2024-12-31 08:00:00,92860.75,94741.68,92842.88,94232.68,3728.42811
2024-12-31 12:00:00,94232.68,96250.0,94232.67,95412.0,5922.39263
2024-12-31 16:00:00,95412.0,95590.52,93189.59,94166.88,3654.49229
2024-12-31 20:00:00,94166.88,94222.5,93375.38,93576.0,1722.68129
2025-01-01 00:00:00,93576.0,94509.42,93489.03,93838.04,1840.29813
2025-01-01 04:00:00,93838.04,93937.19,93500.0,93684.1,958.86153
2025-01-01 08:00:00,93684.11,93756.02,92888.0,93444.64,1867.48363
2025-01-01 12:00:00,93444.65,94500.0,93407.07,94432.94,2077.71092
2025-01-01 16:00:00,94432.94,94823.75,93760.93,94627.07,1721.05382
2025-01-01 20:00:00,94627.08,95151.15,94542.0,94591.79,1907.9181
2025-01-02 00:00:00,94591.78,95516.0,94392.0,95010.33,3071.06776
2025-01-02 04:00:00,95010.34,96000.0,94984.84,95822.0,2597.83185
2025-01-02 08:00:00,95822.01,96876.38,95640.05,96732.99,3181.19751
2025-01-02 12:00:00,96733.0,97440.91,95924.6,96455.01,6594.73113
2025-01-02 16:00:00,96455.01,97777.0,96040.04,97317.74,4552.1019
2025-01-02 20:00:00,97317.74,97839.5,96666.66,96984.79,1973.55933
2025-01-03 00:00:00,96984.79,97342.44,96650.0,97062.3,1301.75815
2025-01-03 04:00:00,97062.3,97066.18,96280.65,96304.0,1511.25736
2025-01-03 08:00:00,96304.0,96830.0,96100.01,96757.58,1875.17783
2025-01-03 12:00:00,96757.57,97660.0,96472.43,97521.35,3996.57846
2025-01-03 16:00:00,97521.36,98976.91,97406.54,98592.01,4583.69677
2025-01-03 20:00:00,98592.02,98748.0,98067.99,98174.18,1985.36079
2025-01-04 00:00:00,98174.17,98314.15,97800.0,98200.0,1400.83188
2025-01-04 04:00:00,98200.01,98350.04,97862.87,98271.88,1220.86223
2025-01-04 08:00:00,98271.87,98306.22,97532.58,97889.39,1585.26406
2025-01-04 12:00:00,97889.4,98152.02,97514.79,97657.94,1867.22331
2025-01-04 16:00:00,97657.95,98350.0,97549.99,98166.26,1394.26571
2025-01-04 20:00:00,98166.26,98778.43,98143.2,98220.5,1521.60932
2025-01-05 00:00:00,98220.51,98391.59,98050.0,98187.96,830.57053
2025-01-05 04:00:00,98187.97,98522.76,98187.96,98268.77,719.22974
2025-01-05 08:00:00,98268.77,98268.78,97600.0,97641.63,1371.38309
2025-01-05 12:00:00,97641.62,98281.89,97276.79,98028.98,1867.30793
2025-01-05 16:00:00,98028.98,98332.54,97577.46,98079.63,1421.36695
2025-01-05 20:00:00,98079.64,98836.85,98024.0,98363.61,1885.77899
2025-01-06 00:00:00,98363.61,99333.0,97920.0,99037.57,3197.2233
2025-01-06 04:00:00,99037.57,99892.0,99037.57,99318.7,2944.63327
2025-01-06 08:00:00,99318.7,99625.69,98709.28,99259.99,2315.45844
2025-01-06 12:00:00,99259.99,102468.92,98711.94,102147.95,8408.22358
2025-01-06 16:00:00,102147.95,102480.0,101250.0,101817.22,5128.12803
2025-01-06 20:00:00,101817.22,102329.98,101600.05,102235.6,3269.76713
2025-01-07 00:00:00,102235.6,102724.38,101512.91,101708.08,2357.41538
2025-01-07 04:00:00,101708.09,102015.01,101582.79,101664.81,1492.76799
2025-01-07 08:00:00,101664.81,101995.64,100472.45,100830.86,3234.87532
2025-01-07 12:00:00,100830.86,100960.06,97153.5,97952.26,12652.02745
2025-01-07 16:00:00,97952.26,98347.81,96323.67,96451.98,7820.91705
2025-01-07 20:00:00,96451.99,97220.76,96181.81,96954.61,4501.87218
2025-01-08 00:00:00,96954.6,97268.65,96216.83,96525.2,3503.85267
2025-01-08 04:00:00,96525.2,96654.61,95250.76,95657.09,5008.27213
2025-01-08 08:00:00,95657.09,96132.47,94543.86,95134.92,4080.06431
2025-01-08 12:00:00,95134.92,96079.32,94624.43,95493.77,7524.11163
2025-01-08 16:00:00,95493.77,95555.25,92500.9,94243.89,10263.38282
2025-01-08 20:00:00,94243.89,95310.94,93600.0,95060.61,3324.99538
2025-01-09 00:00:00,95060.61,95382.32,93422.89,94027.9,5419.68508
2025-01-09 04:00:00,94027.91,94618.63,93186.38,93221.59,2824.32014
2025-01-09 08:00:00,93221.59,93877.46,92750.0,93465.23,4574.38662
2025-01-09 12:00:00,93465.23,94588.23,91800.0,94244.02,9108.35063
2025-01-09 16:00:00,94244.02,94685.25,91900.01,91909.59,6624.66398
2025-01-09 20:00:00,91909.59,92720.67,91203.67,92552.49,5993.4304
2025-01-10 00:00:00,92552.49,93727.83,92431.73,93696.13,2928.04066
2025-01-10 04:00:00,93696.13,95000.0,93500.0,94492.63,3602.28378
2025-01-10 08:00:00,94492.62,95293.4,94388.5,95073.95,2846.56733
2025-01-10 12:00:00,95073.95,95117.26,92206.02,93730.92,12008.10901
2025-01-10 16:00:00,93730.93,95836.0,93177.4,95327.06,7960.59139
2025-01-10 20:00:00,95327.07,95442.15,94586.02,94726.11,2137.27207
2025-01-11 00:00:00,94726.1,94746.37,94106.49,94206.95,1275.83371
2025-01-11 04:00:00,94206.96,94441.87,93831.73,94246.36,989.55966
2025-01-11 08:00:00,94246.36,94791.67,94031.22,94625.65,1009.69139
2025-01-11 12:00:00,94625.66,94655.2,94307.25,94410.26,891.77961
2025-01-11 16:00:00,94410.26,94708.12,93984.55,94249.26,1016.34928
2025-01-11 20:00:00,94249.27,95050.94,94200.89,94599.99,1864.69065
2025-01-12 00:00:00,94599.99,94699.0,94296.99,94622.4,984.48539
2025-01-12 04:00:00,94622.4,94650.0,94274.01,94323.85,555.17676
2025-01-12 08:00:00,94323.85,94393.57,93711.19,94255.1,1542.32088
2025-01-12 12:00:00,94255.1,95450.1,94173.48,95071.9,2128.13742
2025-01-12 16:00:00,95071.91,95314.12,94578.54,94650.26,1321.59389
2025-01-12 20:00:00,94650.26,94800.0,93800.0,94545.06,2075.15188
2025-01-13 00:00:00,94545.07,95940.0,93899.99,94269.23,3486.55763
2025-01-13 04:00:00,94269.23,94913.03,93281.0,93590.24,2651.8386
2025-01-13 08:00:00,93590.24,93661.55,90833.12,90851.22,10070.64435
2025-01-13 12:00:00,90851.23,93100.0,89256.69,92123.75,15768.82719
2025-01-13 16:00:00,92123.75,92534.1,91250.0,92312.18,5597.12697
2025-01-13 20:00:00,92312.18,94727.15,91908.2,94536.1,5044.56949
2025-01-14 00:00:00,94536.11,95280.8,94346.22,94861.4,3303.28378
2025-01-14 04:00:00,94861.39,95464.71,94753.42,94864.0,2358.7602
2025-01-14 08:00:00,94863.99,97371.0,94860.11,96548.04,6495.82711
2025-01-14 12:00:00,96548.04,97265.48,95748.93,96471.65,8394.33223
2025-01-14 16:00:00,96471.65,97088.57,95351.76,96537.8,5134.58254
2025-01-14 20:00:00,96537.23,96921.13,96152.31,96560.86,2159.83167
2025-01-15 00:00:00,96560.85,97554.63,96500.0,97317.12,3289.96951
2025-01-15 04:00:00,97317.12,97724.96,96750.0,97301.35,3059.85859
2025-01-15 08:00:00,97301.35,97524.0,96521.0,96762.18,2662.70368
2025-01-15 12:00:00,96762.19,99799.98,96539.77,98992.42,11578.95097
2025-01-15 16:00:00,98992.42,99990.0,98602.05,99844.9,5037.81977
2025-01-15 20:00:00,99844.91,100681.94,99460.8,100497.35,4880.68927
2025-01-16 00:00:00,100497.35,100866.66,99170.0,99478.03,4764.75349
2025-01-16 04:00:00,99478.04,99921.86,99322.19,99799.99,1971.85838
2025-01-16 08:00:00,99800.0,99820.0,98617.55,99158.71,4224.49604
2025-01-16 12:00:00,99158.7,99517.93,97335.13,99296.17,7952.93002
2025-01-16 16:00:00,99296.17,100448.72,99079.05,100417.2,5345.71609
2025-01-16 20:00:00,100417.2,100641.99,99377.0,99987.3,3573.09915
2025-01-17 00:00:00,99987.3,102148.13,99950.77,101051.73,6891.54414
2025-01-17 04:00:00,101051.73,101899.49,100952.1,101440.5,3198.4853
2025-01-17 08:00:00,101440.51,102581.45,101439.77,102237.6,5380.48317
2025-01-17 12:00:00,102237.6,104254.19,102195.9,104000.0,9298.37508
2025-01-17 16:00:00,104000.0,105865.22,103841.18,105834.93,9336.85365
2025-01-17 20:00:00,105834.93,105847.02,104065.25,104077.48,5066.11158
2025-01-18 00:00:00,104077.47,104656.87,103000.25,103559.82,3518.82558
2025-01-18 04:00:00,103559.82,103771.21,102602.48,102821.75,4937.1314
2025-01-18 08:00:00,102821.75,103883.01,102277.55,103589.29,4114.11548
2025-01-18 12:00:00,103589.29,104988.88,103107.65,104568.96,5002.17801
2025-01-18 16:00:00,104568.96,104719.29,103156.02,104382.01,4197.15572
2025-01-18 20:00:00,104382.0,104750.0,103765.44,104556.23,2538.42379
2025-01-19 00:00:00,104556.23,105458.55,104013.51,104984.01,3271.33432
2025-01-19 04:00:00,104984.01,105634.78,104191.19,105167.12,4785.51322
2025-01-19 08:00:00,105167.11,105496.03,103450.69,104363.23,7895.87414
2025-01-19 12:00:00,104363.24,105706.48,104300.75,104936.35,6026.11475
2025-01-19 16:00:00,104936.35,106200.74,104520.01,106200.0,3579.79556
2025-01-19 20:00:00,106200.0,106422.43,99651.6,101331.57,17838.65099
2025-01-20 00:00:00,101331.57,102321.42,99550.0,101891.93,13939.26024
2025-01-20 04:00:00,101891.94,109588.0,101535.28,107120.65,21204.587662
2025-01-20 08:00:00,107120.65,109193.23,107093.33,108239.19,9010.89785
2025-01-20 12:00:00,108239.19,108700.01,104480.0,104957.99,13711.24313
2025-01-20 16:00:00,104957.99,107050.0,100333.0,103691.63,25962.9026
2025-01-20 20:00:00,103691.64,104331.0,101701.01,102260.01,5700.34025
2025-01-21 00:00:00,102260.0,103260.1,100119.04,102936.01,10133.69299
2025-01-21 04:00:00,102936.01,102974.14,101111.68,101989.05,5400.15858
2025-01-21 08:00:00,101989.06,103973.02,101740.82,103758.25,6235.66073
2025-01-21 12:00:00,103758.25,105320.0,102803.43,103943.0,9899.25066
2025-01-21 16:00:00,103942.99,107240.81,103822.02,107031.34,9757.23378
2025-01-21 20:00:00,107031.34,107199.99,105420.0,106143.82,4515.02328
2025-01-22 00:00:00,106143.82,106394.46,105448.99,105600.01,3019.25833
2025-01-22 04:00:00,105600.01,105952.0,105043.88,105084.77,2894.59275
2025-01-22 08:00:00,105084.77,105464.83,104647.75,105100.39,3008.01462
2025-01-22 12:00:00,105100.38,105584.23,103662.58,104180.01,6007.84866
2025-01-22 16:00:00,104180.01,104754.64,103339.12,104630.0,4362.47109
2025-01-22 20:00:00,104630.0,104830.12,103611.66,103706.66,2956.50709
2025-01-23 00:00:00,103706.66,103819.99,102100.0,102461.25,4960.28164
2025-01-23 04:00:00,102461.24,102968.31,101575.5,102710.27,3922.18053
2025-01-23 08:00:00,102710.28,102724.94,101262.28,101944.49,3213.96175
2025-01-23 12:00:00,101944.5,106050.86,101281.62,105263.52,17241.02811
2025-01-23 16:00:00,105263.52,106850.0,103399.98,103770.04,10175.26517
2025-01-23 20:00:00,103770.05,106421.03,102195.7,103910.34,14440.40311
2025-01-24 00:00:00,103910.35,104298.0,102750.0,103891.75,3785.23369
2025-01-24 04:00:00,103891.75,105355.0,103804.77,105046.8,3142.49691
2025-01-24 08:00:00,105046.79,105759.0,104922.41,105420.1,2980.3942
2025-01-24 12:00:00,105420.11,106321.66,104669.17,105859.98,4922.31503
2025-01-24 16:00:00,105859.99,107120.0,105589.0,105760.94,5483.37032
2025-01-24 20:00:00,105760.93,105781.0,104456.89,104870.5,3295.43002
2025-01-25 00:00:00,104870.51,105280.82,104361.89,105202.4,2029.85839
2025-01-25 04:00:00,105202.4,105202.4,104216.81,104385.98,1407.20452
2025-01-25 08:00:00,104385.99,104700.01,104106.09,104670.99,1254.5969
2025-01-25 12:00:00,104670.99,105111.11,104456.0,104897.79,1464.11662
2025-01-25 16:00:00,104897.79,105286.52,104449.75,105055.16,1831.57775
2025-01-25 20:00:00,105055.16,105250.0,104696.0,104746.85,1080.96959
2025-01-26 00:00:00,104746.86,105273.24,104503.7,105062.42,1315.60742
2025-01-26 04:00:00,105062.41,105500.0,104950.0,104998.35,1228.94709
2025-01-26 08:00:00,104998.36,105221.36,104444.01,104818.69,1340.56686
2025-01-26 12:00:00,104818.68,105126.11,104703.58,104967.01,1136.95799
2025-01-26 16:00:00,104967.02,105260.36,104896.0,105081.63,866.43502
2025-01-26 20:00:00,105081.64,105200.0,102520.44,102620.0,3923.998
2025-01-27 00:00:00,102620.01,103260.0,100720.53,101395.64,8353.88719
2025-01-27 04:00:00,101395.64,101399.99,97777.77,99048.02,12651.63419
2025-01-27 08:00:00,99048.01,99533.33,98263.49,98761.13,6790.38919
2025-01-27 12:00:00,98761.12,102317.94,98714.28,101112.03,11346.0746
2025-01-27 16:00:00,101112.03,101250.56,98864.0,99700.02,6873.59773
2025-01-27 20:00:00,99700.01,102405.0,99606.46,102082.83,4742.5512
2025-01-28 00:00:00,102082.83,102892.0,101334.55,102636.32,3670.23637
2025-01-28 04:00:00,102636.32,103371.24,102527.39,102789.72,2654.45746
2025-01-28 08:00:00,102789.72,103181.82,102393.94,102762.01,2051.60214
2025-01-28 12:00:00,102762.02,103800.0,101815.26,102777.99,5106.451
2025-01-28 16:00:00,102777.99,103108.0,101820.15,102424.24,4696.05403
2025-01-28 20:00:00,102424.24,102538.0,100272.68,101335.52,3843.25665
2025-01-29 00:00:00,101335.52,102319.69,101328.01,102038.2,1696.38336
2025-01-29 04:00:00,102038.21,102853.53,101955.51,102755.82,1764.20643
2025-01-29 08:00:00,102755.81,103000.0,102180.65,102646.0,2209.71378
2025-01-29 12:00:00,102646.0,102842.04,101582.37,101980.78,4382.66276
2025-01-29 16:00:00,101980.78,103999.0,101400.01,103583.99,7259.9178
2025-01-29 20:00:00,103584.0,104782.68,102868.0,103733.24,5842.47389
2025-01-30 00:00:00,103733.25,105300.0,103278.54,105196.0,3876.90317
2025-01-30 04:00:00,105196.0,105595.81,104799.66,105132.07,2795.08494
2025-01-30 08:00:00,105132.07,105534.0,104925.26,105300.63,1690.21583
2025-01-30 12:00:00,105300.63,106457.44,104660.0,105564.0,5586.81148
2025-01-30 16:00:00,105563.99,106013.01,104762.59,105711.27,3142.75313
2025-01-30 20:00:00,105711.28,105821.62,104693.82,104722.94,2282.30617
2025-01-31 00:00:00,104722.94,105029.72,103930.09,104344.46,2510.54787
2025-01-31 04:00:00,104344.46,104814.46,103972.13,104188.56,1868.93867
2025-01-31 08:00:00,104188.57,104848.65,103936.54,104736.0,1992.8102
2025-01-31 12:00:00,104736.01,106012.0,104106.0,105464.01,4829.65222
2025-01-31 16:00:00,105464.0,105574.4,102122.0,102312.32,6376.84832
2025-01-31 20:00:00,102312.31,102482.94,101560.0,102429.56,4404.38465
2025-02-01 00:00:00,102429.56,102783.71,102198.52,102249.19,1810.34285
2025-02-01 04:00:00,102249.19,102588.57,102118.56,102166.49,1052.21801
2025-02-01 08:00:00,102166.49,102276.99,101412.0,102028.81,2029.14504
2025-02-01 12:00:00,102028.82,102329.01,101730.79,102073.89,1704.67519
2025-02-01 16:00:00,102073.89,102297.99,101448.0,101669.6,1472.58058
2025-02-01 20:00:00,101669.6,101669.6,100279.51,100635.65,4221.9958
2025-02-02 00:00:00,100635.66,101456.6,99148.91,99206.86,4565.34638
2025-02-02 04:00:00,99206.85,100515.99,99031.19,99643.3,3478.78338
2025-02-02 08:00:00,99643.3,100100.0,98645.0,98864.6,4107.2233
2025-02-02 12:00:00,98864.6,99439.05,98157.0,99346.87,5265.38592
2025-02-02 16:00:00,99346.87,99361.97,96821.54,98273.16,9695.73736
2025-02-02 20:00:00,98273.17,98628.74,96150.0,97700.59,7507.02305
2025-02-03 00:00:00,97700.59,97782.79,91231.0,94038.74,29729.4911
2025-02-03 04:00:00,94038.75,95426.63,92646.36,95333.01,7783.318
2025-02-03 08:00:00,95333.01,95950.68,94799.29,95107.89,6292.62471
2025-02-03 12:00:00,95107.89,99500.0,94131.14,98842.0,14148.56207
2025-02-03 16:00:00,98842.0,101880.0,98038.58,101880.0,10494.44455
2025-02-03 20:00:00,101879.99,102500.01,100918.0,101328.52,6716.29807
2025-02-04 00:00:00,101328.51,101732.31,100534.03,100629.7,3827.79756
2025-02-04 04:00:00,100629.7,100764.11,98229.82,98448.02,7495.21052
2025-02-04 08:00:00,98448.01,99445.17,97860.0,98967.7,4539.23391
2025-02-04 12:00:00,98967.7,100415.0,98275.98,99347.19,8422.36725
2025-02-04 16:00:00,99347.18,100777.93,98778.58,98859.77,6617.95049
2025-02-04 20:00:00,98859.78,99444.02,96150.0,97763.13,9365.42724
2025-02-05 00:00:00,97763.14,98930.44,97131.43,98040.0,4039.38442
2025-02-05 04:00:00,98040.01,98332.41,97352.77,97864.43,3233.50156
2025-02-05 08:00:00,97864.43,98256.0,97257.05,98198.0,3128.59694
2025-02-05 12:00:00,98198.0,99149.0,97734.69,98116.24,5192.00486
2025-02-05 16:00:00,98116.24,98277.02,96500.0,97370.0,4822.00148
2025-02-05 20:00:00,97370.0,97706.37,96155.0,96612.43,5817.81518
2025-02-06 00:00:00,96612.44,97493.07,96430.78,97355.67,2552.15194
2025-02-06 04:00:00,97355.66,98436.61,97273.71,98195.61,2075.46063
2025-02-06 08:00:00,98195.6,99120.0,97910.01,98877.99,2729.43375
2025-02-06 12:00:00,98877.99,99040.09,96930.17,97333.09,6201.57209
2025-02-06 16:00:00,97333.09,97547.71,95676.64,95983.0,6034.55958
2025-02-06 20:00:00,95982.99,97093.5,95800.0,96554.35,3922.02606
2025-02-07 00:00:00,96554.35,97805.6,96409.65,97444.04,3156.6758
2025-02-07 04:00:00,97444.04,97883.12,96566.0,96757.05,2473.49968
2025-02-07 08:00:00,96757.04,97750.0,96613.24,97750.0,2223.55235
2025-02-07 12:00:00,97749.99,100137.99,97165.51,98283.98,12394.34552
2025-02-07 16:00:00,98283.98,98563.55,96856.78,96898.56,6759.22647
2025-02-07 20:00:00,96898.56,96944.1,95620.34,96506.8,4786.92083
2025-02-08 00:00:00,96506.8,96880.0,96335.42,96699.23,2006.38123
2025-02-08 04:00:00,96699.24,96699.24,95785.09,96209.92,1789.48604
2025-02-08 08:00:00,96209.92,96293.48,95865.71,96120.0,1164.01705
2025-02-08 12:00:00,96120.0,96517.52,95688.0,95843.74,2499.53256
2025-02-08 16:00:00,95843.74,96750.0,95749.88,96579.99,1536.63554
2025-02-08 20:00:00,96579.99,96712.0,96358.5,96444.74,1151.19052
2025-02-09 00:00:00,96444.75,97300.0,96360.14,97300.0,2064.373
2025-02-09 04:00:00,97299.99,97323.09,96777.77,97057.83,1130.18566
2025-02-09 08:00:00,97057.83,97294.46,96509.96,96554.01,1810.78846
2025-02-09 12:00:00,96554.01,96703.99,95700.0,96488.15,3215.85687
2025-02-09 16:00:00,96488.14,96567.8,95888.88,96064.74,1504.3182
2025-02-09 20:00:00,96064.73,96760.0,94713.0,96462.75,4395.39394
2025-02-10 00:00:00,96462.75,97131.47,95256.0,96814.98,4441.97007
2025-02-10 04:00:00,96814.97,97640.02,96632.81,97429.83,3716.17533
2025-02-10 08:00:00,97429.83,97954.69,97358.79,97661.16,3520.47325
2025-02-10 12:00:00,97661.15,98345.0,96866.66,97218.69,4536.33685
2025-02-10 16:00:00,97218.68,97643.29,96866.39,97376.0,2785.34059
2025-02-10 20:00:00,97376.0,97490.71,97128.79,97430.82,1572.57928
2025-02-11 00:00:00,97430.82,98149.92,97416.62,97607.3,2024.92177
2025-02-11 04:00:00,97607.31,98478.42,97558.99,98268.97,2586.68133
2025-02-11 08:00:00,98268.98,98330.0,97885.62,98151.52,1703.70026
2025-02-11 12:00:00,98151.51,98158.89,96595.33,97007.53,4245.10245
2025-02-11 16:00:00,97007.54,97045.53,94876.88,95040.82,4884.73711
2025-02-11 20:00:00,95040.81,96512.7,94928.47,95778.2,3202.62087
2025-02-12 00:00:00,95778.21,96263.99,95100.0,95299.27,2407.32134
2025-02-12 04:00:00,95299.28,96188.68,95267.71,96069.58,1939.80551
2025-02-12 08:00:00,96069.58,96469.78,95913.49,96094.65,2296.45775
2025-02-12 12:00:00,96094.65,96631.66,94088.23,95816.18,11805.54003
2025-02-12 16:00:00,95816.18,97700.0,95120.3,97205.06,6689.55876
2025-02-12 20:00:00,97205.06,98119.99,96854.97,97869.99,4012.48286
2025-02-13 00:00:00,97870.0,98083.91,97367.45,97498.42,2127.33742
2025-02-13 04:00:00,97498.43,97564.83,95800.0,96070.23,3383.93788
2025-02-13 08:00:00,96070.23,96336.0,95599.57,95925.11,3154.64728
2025-02-13 12:00:00,95925.12,96480.06,95336.0,95998.0,5428.60469
2025-02-13 16:00:00,95998.0,96361.58,95217.36,95627.76,3689.67744
2025-02-13 20:00:00,95627.75,96774.71,95600.0,96608.14,2137.57145
2025-02-14 00:00:00,96608.13,97190.0,96356.41,97129.98,1805.7947
2025-02-14 04:00:00,97129.98,97248.6,96561.36,96944.09,1782.53303
2025-02-14 08:00:00,96944.09,97196.0,96799.99,96887.56,1758.38512
2025-02-14 12:00:00,96887.55,97568.28,96252.82,96924.39,3999.36783
2025-02-14 16:00:00,96924.57,98826.0,96494.17,97940.45,6009.55921
2025-02-14 20:00:00,97940.44,98264.85,96697.56,97500.48,2817.38657
2025-02-15 00:00:00,97500.47,97972.26,97223.58,97653.19,1506.43225
2025-02-15 04:00:00,97653.19,97780.73,97345.5,97346.26,1029.42986
2025-02-15 08:00:00,97346.27,97731.09,97301.77,97615.59,874.17838
2025-02-15 12:00:00,97615.59,97962.51,97426.57,97633.22,2009.35817
2025-02-15 16:00:00,97633.21,97714.39,97304.38,97531.9,921.83788
2025-02-15 20:00:00,97531.91,97741.35,97414.05,97569.66,1008.14029
2025-02-16 00:00:00,97569.67,97704.47,97411.11,97547.17,935.38493
2025-02-16 04:00:00,97547.17,97682.04,97212.0,97248.98,746.42703
2025-02-16 08:00:00,97248.98,97388.89,97061.58,97336.0,1186.96965
2025-02-16 12:00:00,97335.99,97336.0,96645.35,96911.01,1883.07426
2025-02-16 16:00:00,96911.01,97169.15,96609.05,97058.47,1187.57052
2025-02-16 20:00:00,97058.47,97282.38,96046.18,96118.12,2251.99851
2025-02-17 00:00:00,96118.12,96638.05,96023.17,96215.33,1866.57226
2025-02-17 04:00:00,96215.32,96463.2,95800.0,96068.22,2725.98131
2025-02-17 08:00:00,96068.21,96395.68,95937.05,96063.18,2282.57983
2025-02-17 12:00:00,96063.17,97046.59,95564.0,95659.46,4434.60458
2025-02-17 16:00:00,95659.45,95945.49,95205.0,95531.36,3482.13274
2025-02-17 20:00:00,95531.36,96413.43,95488.9,95780.0,1700.17438
2025-02-18 00:00:00,95780.01,96322.97,95538.01,96200.0,1602.3437
2025-02-18 04:00:00,96200.0,96300.73,95254.12,95456.93,3176.48546
2025-02-18 08:00:00,95456.92,95872.17,95050.0,95640.34,2483.18123
2025-02-18 12:00:00,95640.35,96753.91,95200.0,95546.48,4474.04458
2025-02-18 16:00:00,95546.49,95633.15,93388.09,94104.14,6846.15491
2025-02-18 20:00:00,94104.15,95685.0,93730.72,95671.74,4785.98483
2025-02-19 00:00:00,95671.74,95961.54,95055.0,95710.26,2158.62817
2025-02-19 04:00:00,95710.25,95846.15,95029.99,95687.71,3441.18957
2025-02-19 08:00:00,95687.71,96468.99,95616.6,96422.6,2411.90713
2025-02-19 12:00:00,96422.6,96700.0,95536.36,95943.74,3550.14153
2025-02-19 16:00:00,95943.74,96480.0,95407.41,96206.54,2763.82004
2025-02-19 20:00:00,96206.54,96899.99,96058.38,96644.37,2112.8231
2025-02-20 00:00:00,96644.37,97362.83,96415.09,97055.25,2723.25483
2025-02-20 04:00:00,97055.24,97339.11,96781.57,96867.92,2341.17162
2025-02-20 08:00:00,96867.92,97384.03,96801.61,97207.92,1589.77673
2025-02-20 12:00:00,97207.93,98062.15,96799.42,96903.77,4401.17328
2025-02-20 16:00:00,96903.76,98518.0,96888.0,98422.8,3819.64673
2025-02-20 20:00:00,98422.8,98711.36,98000.0,98305.0,2182.36858
2025-02-21 00:00:00,98305.01,98505.0,98084.06,98141.99,2303.6398
2025-02-21 04:00:00,98141.99,98610.17,98117.73,98179.76,2056.48148
2025-02-21 08:00:00,98179.77,98896.81,98111.11,98629.3,3470.69828
2025-02-21 12:00:00,98629.31,99475.0,97177.31,98104.04,8919.82124
2025-02-21 16:00:00,98104.04,98757.0,95247.15,95285.11,9442.11583
2025-02-21 20:00:00,95285.11,96202.68,94871.95,96181.98,6056.52477
2025-02-22 00:00:00,96181.99,96455.97,95770.49,96299.07,2247.9764
2025-02-22 04:00:00,96299.08,96578.99,96273.85,96288.09,1394.90999
2025-02-22 08:00:00,96288.09,96611.53,96151.0,96580.0,2059.63477
2025-02-22 12:00:00,96580.0,96980.0,96485.37,96592.0,2290.85469
2025-02-22 16:00:00,96592.01,96823.53,96345.49,96639.99,2305.94545
2025-02-22 20:00:00,96640.0,96700.0,96472.22,96551.01,968.85578
2025-02-23 00:00:00,96551.01,96650.0,96355.17,96414.0,1326.63672
2025-02-23 04:00:00,96414.0,96558.01,96143.99,96508.85,1245.52389
2025-02-23 08:00:00,96508.85,96508.86,96083.33,96115.99,1223.25286
2025-02-23 12:00:00,96115.99,96158.5,95414.25,95436.18,2752.94714
2025-02-23 16:00:00,95436.19,95876.0,95227.94,95755.99,2646.03752
2025-02-23 20:00:00,95756.0,96332.44,95522.78,96258.0,1690.451
2025-02-24 00:00:00,96258.0,96500.0,95311.0,95433.21,2641.40258
2025-02-24 04:00:00,95433.21,95945.0,95078.01,95872.02,3077.64753
2025-02-24 08:00:00,95872.02,96177.18,95355.0,95821.45,3284.07984
2025-02-24 12:00:00,95821.45,96095.32,93817.06,94323.95,7573.60951
2025-02-24 16:00:00,94323.95,95194.59,93666.22,93943.51,5598.80012
2025-02-24 20:00:00,93943.52,94571.43,91349.26,91552.88,9374.56341
2025-02-25 00:00:00,91552.88,92540.69,90912.01,92153.93,8746.45217
2025-02-25 04:00:00,92153.93,92327.88,88200.0,89320.01,14740.56517
2025-02-25 08:00:00,89320.01,90000.0,86888.1,89239.39,17685.20523
2025-02-25 12:00:00,89239.39,89544.4,86050.99,87231.26,18057.2139
2025-02-25 16:00:00,87231.63,88065.45,86157.69,87947.25,10667.84575
2025-02-25 20:00:00,87947.24,89460.17,87622.64,88680.4,8435.82889
2025-02-26 00:00:00,88680.39,89414.15,88148.48,88900.0,3505.34849
2025-02-26 04:00:00,88900.01,89245.29,88392.45,88720.02,3843.49941
2025-02-26 08:00:00,88720.01,89314.45,88138.0,88616.8,4175.40587
2025-02-26 12:00:00,88616.8,88674.0,85418.72,87567.53,13226.48272
2025-02-26 16:00:00,87567.53,87806.62,83418.0,83856.99,17635.66389
2025-02-26 20:00:00,83856.98,85400.0,82256.01,84250.09,14507.14371
2025-02-27 00:00:00,84250.09,85466.55,84026.96,85226.32,6905.3983
2025-02-27 04:00:00,85226.32,86737.0,84694.29,86272.01,5489.64417
2025-02-27 08:00:00,86272.01,87078.46,85846.87,86698.6,4102.58827
2025-02-27 12:00:00,86698.6,86795.9,84640.75,85500.84,12382.79075
2025-02-27 16:00:00,85500.84,85691.51,83614.75,84113.98,6757.93459
2025-02-27 20:00:00,84113.98,84927.84,82716.49,84708.58,6867.09831
2025-02-28 00:00:00,84708.57,84892.85,79532.0,80452.44,24103.21319
2025-02-28 04:00:00,80452.89,80969.69,78820.06,79204.59,17998.86851
2025-02-28 08:00:00,79204.6,80854.46,78258.52,80513.38,11953.82317
2025-02-28 12:00:00,80512.97,84425.89,80075.47,84005.05,15625.08311
2025-02-28 16:00:00,84005.05,85120.0,83196.71,84449.99,9640.81267
2025-02-28 20:00:00,84450.0,84795.03,83600.0,84349.94,4326.23904
2025-03-01 00:00:00,84349.95,85678.11,83824.78,85330.84,5097.79792
2025-03-01 04:00:00,85330.83,86558.0,84740.15,84740.15,7178.39161
2025-03-01 08:00:00,84740.16,85508.79,84382.62,84632.79,4837.66151
2025-03-01 12:00:00,84632.79,84943.08,84334.39,84800.0,3556.79693
2025-03-01 16:00:00,84800.01,85591.84,84700.0,85485.41,2835.4461
2025-03-01 20:00:00,85485.41,86262.74,85285.88,86064.53,2278.96057
2025-03-02 00:00:00,86064.54,86498.0,85611.79,85873.07,2403.83782
2025-03-02 04:00:00,85873.06,86589.97,85531.87,86232.42,2216.14356
2025-03-02 08:00:00,86232.42,86263.23,85633.13,86105.89,2080.95926
2025-03-02 12:00:00,86105.88,88673.09,85050.6,87427.99,9943.16012
2025-03-02 16:00:00,87428.0,95000.0,87278.51,93522.0,30318.42056
2025-03-02 20:00:00,93522.01,94883.51,93502.0,94270.0,7926.56913
2025-03-03 00:00:00,94269.99,94416.46,92433.5,92709.98,6622.76466
2025-03-03 04:00:00,92709.98,93361.46,91181.0,92363.58,5852.51871
2025-03-03 08:00:00,92363.58,92917.99,91142.0,92739.99,6314.25279
2025-03-03 12:00:00,92740.0,93721.37,89117.0,90035.37,14548.25192
2025-03-03 16:00:00,90035.38,91000.0,85555.45,85606.0,16115.70068
2025-03-03 20:00:00,85606.01,87038.46,85117.11,86220.61,9717.61342
2025-03-04 00:00:00,86221.16,86807.98,82464.84,83983.72,13267.80873
2025-03-04 04:00:00,83983.73,84581.6,83140.0,83186.4,4955.79624
2025-03-04 08:00:00,83186.4,84373.84,83040.29,83937.94,4466.29804
2025-03-04 12:00:00,83937.93,84977.65,81500.0,82985.06,14268.19869
2025-03-04 16:00:00,82985.05,88487.91,82013.11,88206.19,12128.06081
2025-03-04 20:00:00,88206.19,88967.52,86582.27,87281.98,6522.94455
2025-03-05 00:00:00,87281.98,87888.88,86334.53,86843.4,4769.77721
2025-03-05 04:00:00,86843.4,87727.27,86722.81,87619.49,3883.84662
2025-03-05 08:00:00,87619.49,90660.0,87600.0,89814.26,6751.29829
2025-03-05 12:00:00,89814.26,90933.82,87926.06,88344.25,12224.27232
2025-03-05 16:00:00,88344.25,90475.3,87600.0,89750.0,7755.99208
2025-03-05 20:00:00,89750.0,91000.0,89677.8,90606.01,2878.82511
2025-03-06 00:00:00,90606.0,92025.0,89986.73,91605.01,5338.79627
2025-03-06 04:00:00,91605.02,92810.64,91265.96,91346.48,4492.39994
2025-03-06 08:00:00,91346.49,91667.5,90613.17,91350.0,3894.92912
2025-03-06 12:00:00,91350.0,91457.03,89117.68,90820.69,8433.9883
2025-03-06 16:00:00,90820.69,91066.44,87836.0,88526.18,7147.7059
2025-03-06 20:00:00,88526.23,90781.2,88461.22,89931.89,5034.62949
2025-03-07 00:00:00,89931.88,91283.02,84667.03,86991.25,18693.33541
2025-03-07 04:00:00,86991.26,88612.96,86857.14,88365.18,3950.73454
2025-03-07 08:00:00,88365.19,89704.0,87985.3,88966.96,3368.87599
2025-03-07 12:00:00,88966.96,91100.0,88022.47,88457.99,12333.35824
2025-03-07 16:00:00,88457.99,89023.41,86554.77,87820.1,11414.32329
2025-03-07 20:00:00,87820.09,88511.0,85573.07,86801.75,8219.72966
2025-03-08 00:00:00,86801.74,86897.25,85218.47,85919.12,3430.23845
2025-03-08 04:00:00,85919.12,86662.0,85653.66,86197.14,1971.12967
2025-03-08 08:00:00,86197.14,86450.01,85762.72,85955.88,1775.33163
2025-03-08 12:00:00,85955.89,86627.51,85808.82,86400.0,2447.16492
2025-03-08 16:00:00,86400.0,86500.0,85661.76,86233.52,2221.39349
2025-03-08 20:00:00,86233.52,86500.0,85852.12,86222.45,1143.97238
2025-03-09 00:00:00,86222.46,86500.0,85939.85,86115.71,1223.4792
2025-03-09 04:00:00,86115.71,86158.83,85809.48,86004.61,1375.32537
2025-03-09 08:00:00,86004.61,86098.0,84625.01,85024.01,2983.48178
2025-03-09 12:00:00,85024.0,85058.34,82711.5,83080.41,6724.19753
2025-03-09 16:00:00,83080.4,83758.22,82223.0,82640.86,6255.15784
2025-03-09 20:00:00,82640.86,83539.66,80000.0,80734.37,7553.75173
2025-03-10 00:00:00,80734.48,82744.0,80037.62,82047.49,6631.01803
2025-03-10 04:00:00,82047.49,82797.95,81977.27,82318.77,2861.97669
2025-03-10 08:00:00,82318.78,84123.46,81151.0,83582.0,6692.07202
2025-03-10 12:00:00,83582.0,83771.94,79177.03,80043.85,12861.56913
2025-03-10 16:00:00,80043.84,80250.0,77459.91,79060.84,13469.61921
2025-03-10 20:00:00,79060.84,79886.03,78409.4,78595.86,5117.12897
2025-03-11 00:00:00,78595.86,79938.27,76606.0,79522.29,11122.24369
2025-03-11 04:00:00,79522.29,80614.89,79439.9,80424.95,4567.35903
2025-03-11 08:00:00,80424.94,82092.34,80325.22,81720.34,5598.25972
2025-03-11 12:00:00,81720.33,82225.21,79058.0,81232.24,16633.75229
2025-03-11 16:00:00,81232.23,83617.4,80609.96,83104.01,8085.50399
2025-03-11 20:00:00,83104.01,83306.87,82550.52,82932.99,2762.94981
2025-03-12 00:00:00,82932.99,83783.26,82100.61,82127.72,4711.9387
2025-03-12 04:00:00,82127.73,82541.47,81296.0,82447.79,4065.50034
2025-03-12 08:00:00,82447.78,83076.79,82000.29,83004.45,4874.62168
2025-03-12 12:00:00,83004.45,84539.85,80607.65,81738.97,11813.60583
2025-03-12 16:00:00,81738.97,83165.46,81626.64,82915.93,4215.51153
2025-03-12 20:00:00,82915.94,83887.26,82709.36,83680.12,2252.80792
2025-03-13 00:00:00,83680.12,84336.33,83312.92,83577.14,3767.48722
2025-03-13 04:00:00,83577.14,83709.03,82851.0,83151.99,3084.39535
2025-03-13 08:00:00,83152.0,83522.61,82400.04,82975.86,3199.56767
2025-03-13 12:00:00,82975.86,83900.0,80954.29,81044.72,7631.10248
2025-03-13 16:00:00,81044.72,81264.73,79939.9,80211.4,7395.86973
2025-03-13 20:00:00,80210.4,81484.23,80189.89,81115.78,2467.85167
2025-03-14 00:00:00,81115.78,82270.51,80818.84,81888.77,2746.60637
2025-03-14 04:00:00,81888.77,82454.5,81780.08,82170.85,2021.59745
2025-03-14 08:00:00,82170.84,83348.46,82170.84,83253.15,3340.43802
2025-03-14 12:00:00,83253.15,85309.71,82640.59,84724.58,11416.8729
2025-03-14 16:00:00,84724.58,84950.0,83949.19,84554.0,4662.53549
2025-03-14 20:00:00,84554.0,84554.01,83717.69,83983.2,2670.47732
2025-03-15 00:00:00,83983.19,84676.28,83964.57,84491.99,1801.07938
2025-03-15 04:00:00,84492.0,84559.0,83791.09,83827.31,1787.51614
2025-03-15 08:00:00,83827.32,84184.58,83618.0,84103.74,2551.69547
2025-03-15 12:00:00,84103.74,84499.74,84010.58,84346.02,2795.90086
2025-03-15 16:00:00,84346.03,84498.72,84076.92,84299.98,1681.69068
2025-03-15 20:00:00,84299.99,84467.7,84237.58,84338.44,706.85067
2025-03-16 00:00:00,84338.44,84393.72,83733.86,84332.34,1213.99013
2025-03-16 04:00:00,84332.35,84418.0,83972.57,84273.96,964.71247
2025-03-16 08:00:00,84273.95,84335.43,82381.46,82410.02,2982.64569
2025-03-16 12:00:00,82410.01,83508.95,82400.0,83320.83,3782.45365
2025-03-16 16:00:00,83320.83,85117.04,82562.36,83098.47,5881.93983
2025-03-16 20:00:00,83098.47,83453.01,81981.12,82574.53,2770.38354
2025-03-17 00:00:00,82574.52,83725.39,82523.0,83675.65,2140.41723
2025-03-17 04:00:00,83675.64,83869.77,82682.62,83567.87,2436.57299
2025-03-17 08:00:00,83567.88,83783.02,83220.11,83514.73,1904.26795
2025-03-17 12:00:00,83514.73,84000.0,82456.0,83531.06,5473.06801
2025-03-17 16:00:00,83531.07,84756.83,83103.6,84482.55,3834.07195
2025-03-17 20:00:00,84482.55,84506.8,83746.12,84010.03,1426.34545
2025-03-18 00:00:00,84010.02,84021.74,82960.0,83147.6,2227.16043
2025-03-18 04:00:00,83147.6,83280.0,82244.68,83163.81,3791.82354
2025-03-18 08:00:00,83163.81,83452.3,82500.0,82581.1,1859.60834
2025-03-18 12:00:00,82581.09,82821.6,81134.66,81610.21,5242.8777
2025-03-18 16:00:00,81610.22,82476.26,81245.65,82317.21,3040.4539
2025-03-18 20:00:00,82317.2,82810.95,81870.23,82715.03,1448.97492
2025-03-19 00:00:00,82715.03,83280.0,82547.16,83037.17,2751.69748
2025-03-19 04:00:00,83037.17,83364.16,82792.91,83190.0,1888.77416
2025-03-19 08:00:00,83190.0,84119.09,83178.74,83881.4,3556.56382
2025-03-19 12:00:00,83881.4,84888.0,83510.21,84733.05,5832.94768
2025-03-19 16:00:00,84733.05,85950.0,83578.32,85433.38,9865.43804
2025-03-19 20:00:00,85433.38,87000.0,85200.1,86845.94,4255.63256
2025-03-20 00:00:00,86845.93,87453.67,85619.56,85891.02,4306.12355
2025-03-20 04:00:00,85891.01,86013.05,85430.38,85816.39,2389.67499
2025-03-20 08:00:00,85816.39,86300.0,84755.14,85502.17,3049.10665
2025-03-20 12:00:00,85502.16,86532.04,84565.16,84691.76,5937.94941
2025-03-20 16:00:00,84691.27,84908.0,83655.23,84174.79,4615.68665
2025-03-20 20:00:00,84176.87,84609.21,83922.01,84223.39,1791.76338
2025-03-21 00:00:00,84223.38,84850.33,84180.09,84451.96,1402.80368
2025-03-21 04:00:00,84451.97,84798.93,83700.47,83937.98,2156.9138
2025-03-21 08:00:00,83937.99,84337.66,83732.09,84046.52,1486.42515
2025-03-21 12:00:00,84046.52,84358.51,83175.25,83565.48,3473.84885
2025-03-21 16:00:00,83565.47,84435.87,83379.0,83956.36,2229.62892
2025-03-21 20:00:00,83956.35,84584.0,83813.21,84088.79,1207.35403
2025-03-22 00:00:00,84088.79,84338.98,83989.58,84256.74,1006.94162
2025-03-22 04:00:00,84256.73,84429.09,84153.21,84274.72,754.99674
2025-03-22 08:00:00,84274.71,84539.17,84109.0,84239.25,871.57177
2025-03-22 12:00:00,84239.24,84296.39,83975.42,84109.09,1017.55631
2025-03-22 16:00:00,84109.08,84320.0,84063.53,84171.59,818.77482
2025-03-22 20:00:00,84171.59,84204.19,83625.1,83840.59,950.37988
2025-03-23 00:00:00,83840.59,84277.07,83809.75,84224.39,735.1977
2025-03-23 04:00:00,84224.39,84328.24,84070.22,84279.82,537.08204
2025-03-23 08:00:00,84279.82,85027.32,84263.05,84679.99,1637.95361
2025-03-23 12:00:00,84680.0,85254.17,84573.4,85189.41,1965.74104
2025-03-23 16:00:00,85189.41,85413.05,84800.0,85011.19,1581.19041
2025-03-23 20:00:00,85011.2,86129.64,84923.91,86082.5,2004.81333
2025-03-24 00:00:00,86082.5,86641.13,85519.09,86532.07,3571.64325
2025-03-24 04:00:00,86532.07,87300.0,86532.06,86874.52,4177.26747
2025-03-24 08:00:00,86874.52,87909.99,86838.76,87689.52,3734.28314
2025-03-24 12:00:00,87689.52,88765.43,87138.6,88350.01,8345.49659
2025-03-24 16:00:00,88350.01,88536.0,87690.59,88222.0,5650.83508
2025-03-24 20:00:00,88222.01,88481.14,87050.6,87498.16,4636.09558
2025-03-25 00:00:00,87498.16,87679.25,86330.66,86520.88,2967.91856
2025-03-25 04:00:00,86520.89,86879.77,86310.0,86436.82,2925.77929
2025-03-25 08:00:00,86436.82,87500.0,86406.49,87370.43,2680.08356
2025-03-25 12:00:00,87370.44,88258.8,86929.46,87774.37,5630.54013
2025-03-25 16:00:00,87774.37,88321.27,87588.59,88116.23,3269.38058
2025-03-25 20:00:00,88116.23,88539.63,87132.65,87392.87,5169.55036
2025-03-26 00:00:00,87392.88,87892.14,87030.56,87153.51,2376.15356
2025-03-26 04:00:00,87153.5,88275.0,87052.0,88140.45,2854.78166
2025-03-26 08:00:00,88140.45,88259.81,87837.49,87954.96,2414.73419
2025-03-26 12:00:00,87954.97,88000.0,86434.36,86752.52,5637.1011
2025-03-26 16:00:00,86752.52,87058.4,85860.0,86567.19,3006.95989
2025-03-26 20:00:00,86567.18,87404.34,86520.1,86909.17,2119.05445
2025-03-27 00:00:00,86909.17,87756.39,86796.26,87670.18,1891.16422
2025-03-27 04:00:00,87670.17,87691.34,87249.68,87399.99,1775.1179
2025-03-27 08:00:00,87399.99,87597.6,86787.0,86943.52,2195.77495
2025-03-27 12:00:00,86943.51,87575.0,85800.0,86974.07,7540.76727
2025-03-27 16:00:00,86974.07,87429.21,86796.0,87060.41,2215.08868
2025-03-27 20:00:00,87060.4,87728.27,86943.04,87232.01,1480.12595
2025-03-28 00:00:00,87232.01,87515.67,86750.0,86787.16,1911.72045
2025-03-28 04:00:00,86787.17,86832.64,85162.48,85212.99,5671.09628
2025-03-28 08:00:00,85212.98,85441.25,84800.0,85255.26,4950.75977
2025-03-28 12:00:00,85255.25,85609.74,83953.86,84051.16,8382.63832
2025-03-28 16:00:00,84051.15,84217.61,83585.0,83790.73,3857.86312
2025-03-28 20:00:00,83790.74,84538.69,83697.83,84424.38,2408.65375
2025-03-29 00:00:00,84424.38,84624.73,83709.67,84166.3,1526.01379
2025-03-29 04:00:00,84166.3,84258.45,83662.86,83731.82,1103.52164
2025-03-29 08:00:00,83731.83,83947.42,82007.0,82293.56,3638.90117
2025-03-29 12:00:00,82293.56,82882.01,82145.22,82414.23,1960.74799
2025-03-29 16:00:00,82414.22,82758.41,81644.81,82758.4,2509.70729
2025-03-29 20:00:00,82758.4,82787.29,82258.86,82648.54,957.50676
2025-03-30 00:00:00,82648.53,83503.53,82500.0,83088.81,1605.64112
2025-03-30 04:00:00,83088.82,83321.16,82868.96,83076.59,1238.4393
2025-03-30 08:00:00,83076.58,83534.64,82975.36,83111.76,1206.11965
2025-03-30 12:00:00,83111.76,83268.05,82543.83,82729.57,2154.4379
2025-03-30 16:00:00,82729.57,82908.11,82050.4,82548.81,1581.53343
2025-03-30 20:00:00,82548.8,82757.7,81565.0,82389.99,2078.32368
2025-03-31 00:00:00,82390.0,82444.89,81278.52,81530.0,3137.45901
2025-03-31 04:00:00,81530.0,82305.57,81400.0,81933.51,2427.84969
2025-03-31 08:00:00,81933.51,82272.0,81290.88,82205.51,3422.93239
2025-03-31 12:00:00,82205.5,83943.08,81656.0,83418.78,6957.92675
2025-03-31 16:00:00,83418.78,83694.29,82400.0,82462.27,2934.61931
2025-03-31 20:00:00,82462.26,82886.8,82265.1,82550.01,1688.3517
2025-04-01 00:00:00,82550.0,83256.8,82432.74,82962.84,2015.98624
2025-04-01 04:00:00,82962.84,83597.07,82886.87,83445.5,1822.06805
2025-04-01 08:00:00,83445.5,84504.74,83410.0,83930.3,4005.56934
2025-04-01 12:00:00,83930.31,85499.55,82544.0,85280.87,6895.46482
2025-04-01 16:00:00,85280.88,85493.0,84720.0,84972.01,3624.09611
2025-04-01 20:00:00,84972.0,85579.46,84773.58,85158.34,1827.21241
2025-04-02 00:00:00,85158.35,85255.95,84504.21,84550.0,2397.00391
2025-04-02 04:00:00,84550.0,84726.42,83904.72,84426.33,2284.55226
2025-04-02 08:00:00,84426.32,85450.0,84262.73,84566.91,2502.47319
2025-04-02 12:00:00,84566.91,87333.0,84462.69,86757.67,11182.5669
2025-04-02 16:00:00,86757.67,87333.0,86186.19,86900.02,6072.59633
2025-04-02 20:00:00,86900.01,88500.0,82320.0,82516.29,15492.26441
2025-04-03 00:00:00,82516.28,83998.02,82175.98,83483.97,5644.57078
2025-04-03 04:00:00,83483.97,83735.85,83000.0,83456.75,2431.18004
2025-04-03 08:00:00,83456.76,83788.23,83047.0,83096.01,3208.79996
2025-04-03 12:00:00,83096.01,83147.95,81211.24,82039.31,8823.0587
2025-04-03 16:00:00,82039.32,82448.21,81540.0,82008.7,4137.47371
2025-04-03 20:00:00,82009.76,83332.2,81800.0,83213.09,3092.75816
2025-04-04 00:00:00,83213.09,83413.46,82577.63,82818.52,3041.69884
2025-04-04 04:00:00,82818.53,84000.0,82615.36,83992.85,3091.86585
2025-04-04 08:00:00,83992.85,84720.0,81659.0,82680.45,9682.53553
2025-04-04 12:00:00,82680.44,83716.0,81849.05,82860.0,10092.60459
2025-04-04 16:00:00,82860.0,84620.01,82736.0,84009.99,5374.18478
2025-04-04 20:00:00,84010.0,84450.0,83492.95,83889.87,1632.65017
2025-04-05 00:00:00,83889.87,84266.0,83395.46,83624.01,1705.75257
2025-04-05 04:00:00,83624.01,83868.0,83297.66,83525.34,1280.95023
2025-04-05 08:00:00,83525.33,83894.7,83359.64,83452.69,1233.29028
2025-04-05 12:00:00,83452.69,83550.68,82379.95,82618.26,2576.97263
2025-04-05 16:00:00,82618.25,83146.0,82607.05,82860.0,974.18344
2025-04-05 20:00:00,82859.99,83688.0,82833.0,83537.99,1589.25553
2025-04-06 00:00:00,83537.99,83817.63,83163.45,83344.14,1209.45565
2025-04-06 04:00:00,83344.14,83533.01,83024.96,83024.96,1005.20003
2025-04-06 08:00:00,83024.97,83172.0,82666.0,82855.99,1208.00762
2025-04-06 12:00:00,82855.99,82981.14,82217.83,82548.36,2530.9727
2025-04-06 16:00:00,82548.36,82554.15,78694.99,79614.35,10204.27054
2025-04-06 20:00:00,79614.34,79890.16,77153.83,78430.0,11784.80782
2025-04-07 00:00:00,78430.0,79347.46,77354.0,77707.77,8315.40751
2025-04-07 04:00:00,77707.78,77984.0,74508.0,75126.01,18943.308
2025-04-07 08:00:00,75126.01,77577.88,75085.74,76685.62,10044.53318
2025-04-07 12:00:00,76685.62,81243.58,75789.01,78479.9,27708.97146
2025-04-07 16:00:00,78479.91,79365.46,77313.2,78130.44,8830.92097
2025-04-07 20:00:00,78130.43,80218.88,78102.91,79163.24,4544.38977
2025-04-08 00:00:00,79163.24,80867.99,78772.14,79904.0,4941.96291
2025-04-08 04:00:00,79904.0,80413.49,79219.9,79496.0,3302.12711
2025-04-08 08:00:00,79496.01,80077.65,78819.65,79982.0,4257.73055
2025-04-08 12:00:00,79982.0,80375.0,78175.14,78497.99,8857.72421
2025-04-08 16:00:00,78498.0,78522.72,76334.65,76854.05,10762.74484
2025-04-08 20:00:00,76854.05,77285.5,76239.9,76322.42,3195.03101
2025-04-09 00:00:00,76322.42,76868.28,74620.0,75073.33,9779.68513
2025-04-09 04:00:00,75073.34,77979.3,75000.0,77694.12,9140.27184
2025-04-09 08:00:00,77694.12,77880.0,75756.86,76230.01,7898.75408
2025-04-09 12:00:00,76230.01,78318.46,76010.21,77258.0,9835.2769
2025-04-09 16:00:00,77258.01,82990.0,77136.0,82332.08,26584.65756
2025-04-09 20:00:00,82332.08,83588.0,81987.89,82615.22,12249.64221
2025-04-10 00:00:00,82615.22,82753.21,81472.84,81775.2,5457.92235
2025-04-10 04:00:00,81775.2,82344.3,81292.99,81595.81,3599.59614
2025-04-10 08:00:00,81595.81,82130.43,81349.0,81882.01,3109.18957
2025-04-10 12:00:00,81882.0,82466.35,78606.06,78757.0,12186.07063
2025-04-10 16:00:00,78757.24,80058.96,78464.36,79649.34,6868.94347
2025-04-10 20:00:00,79647.37,80035.54,79377.04,79607.3,2063.08502
2025-04-11 00:00:00,79607.3,80906.63,78969.58,80842.99,4616.06429
2025-04-11 04:00:00,80843.0,81440.73,80512.22,81266.76,3739.3645
2025-04-11 08:00:00,81266.76,82985.71,80782.43,82129.67,7672.7781
2025-04-11 12:00:00,82129.67,83333.0,81341.22,82521.74,8580.71054
2025-04-11 16:00:00,82521.74,84220.0,82015.08,83858.28,6974.07284
2025-04-11 20:00:00,83858.28,84300.0,83162.0,83423.84,2852.4477
2025-04-12 00:00:00,83423.83,83572.0,82792.95,82973.13,2097.25786
2025-04-12 04:00:00,82973.14,83830.62,82856.86,83724.92,2219.56474
2025-04-12 08:00:00,83724.92,84031.87,83305.91,83528.3,2026.01827
2025-04-12 12:00:00,83528.3,85402.9,83474.94,85008.4,7502.18643
2025-04-12 16:00:00,85008.4,85258.29,84421.95,84943.4,2205.95168
2025-04-12 20:00:00,84943.39,85905.0,84877.61,85276.9,2419.76539
2025-04-13 00:00:00,85276.91,86100.0,84724.91,85432.31,6091.99475
2025-04-13 04:00:00,85432.31,85436.68,84399.42,84413.1,5329.09879
2025-04-13 08:00:00,84413.1,84949.86,84216.15,84528.66,2109.38782
2025-04-13 12:00:00,84528.66,84700.0,83480.67,83849.66,3752.76
2025-04-13 16:00:00,83849.66,84990.22,83050.0,83981.31,4094.28687
2025-04-13 20:00:00,83981.32,84446.31,83034.23,83760.0,3302.51358
2025-04-14 00:00:00,83760.0,85544.3,83678.0,84566.03,9144.98601
2025-04-14 04:00:00,84566.04,85110.0,84211.06,84580.76,3626.62247
2025-04-14 08:00:00,84580.77,84965.34,84250.0,84927.55,2672.53505
2025-04-14 12:00:00,84927.56,85799.99,83709.25,84101.16,6912.0794
2025-04-14 16:00:00,84101.16,85208.1,83863.63,84923.07,4493.01122
2025-04-14 20:00:00,84923.07,84971.7,84424.52,84591.58,1809.85933
2025-04-15 00:00:00,84591.58,85415.1,84347.97,85379.96,2777.45814
2025-04-15 04:00:00,85379.97,85879.1,85157.6,85716.77,3160.5593
2025-04-15 08:00:00,85716.77,86000.0,85351.0,85589.23,3075.38498
2025-04-15 12:00:00,85589.23,86496.42,84623.73,84918.14,6756.03523
2025-04-15 16:00:00,84918.15,85146.55,83921.19,83998.52,2674.08979
2025-04-15 20:00:00,83998.51,84235.85,83600.0,83643.99,2467.46784
2025-04-16 00:00:00,83643.99,83960.0,83111.64,83695.66,2463.72865
2025-04-16 04:00:00,83695.66,83814.0,83212.64,83363.17,3071.39491
2025-04-16 08:00:00,83363.17,84127.05,83140.89,84048.11,2832.84259
2025-04-16 12:00:00,84048.36,85270.27,83512.2,84846.58,4587.02932
2025-04-16 16:00:00,84846.58,85500.0,83275.0,84334.01,6228.17039
2025-04-16 20:00:00,84334.0,84679.53,84024.0,84030.38,1684.07933
2025-04-17 00:00:00,84030.38,84496.0,83814.48,83994.23,1420.43568
2025-04-17 04:00:00,83994.23,85053.38,83900.0,84669.98,2038.72764
2025-04-17 08:00:00,84669.98,84764.44,84191.17,84562.0,1333.31709
2025-04-17 12:00:00,84562.0,84862.93,83736.26,84531.71,3721.70869
2025-04-17 16:00:00,84531.72,85470.01,84393.59,84849.06,4072.8227
2025-04-17 20:00:00,84849.05,85140.0,84720.21,84947.91,1141.83592
2025-04-18 00:00:00,84947.92,85132.08,84724.6,84828.0,1247.74402
2025-04-18 04:00:00,84827.99,84838.52,84413.23,84654.68,1523.46331
2025-04-18 08:00:00,84654.68,84764.0,84472.25,84669.11,1166.67376
2025-04-18 12:00:00,84669.11,84769.95,84338.0,84374.59,1234.717
2025-04-18 16:00:00,84374.6,84649.99,84303.96,84562.83,718.53494
2025-04-18 20:00:00,84562.83,84684.49,84342.15,84474.69,638.83012
2025-04-19 00:00:00,84474.7,84986.76,84364.45,84883.71,1105.44308
2025-04-19 04:00:00,84883.72,85300.0,84883.71,85217.39,2259.71458
2025-04-19 08:00:00,85217.38,85436.72,85115.45,85217.4,1378.37688
2025-04-19 12:00:00,85217.4,85677.99,85070.0,85191.19,2584.44918
2025-04-19 16:00:00,85191.18,85330.06,84694.49,85085.55,1789.11723
2025-04-19 20:00:00,85085.56,85367.93,85015.63,85077.01,549.48058
2025-04-20 00:00:00,85077.0,85320.76,85050.27,85168.81,882.54344
2025-04-20 04:00:00,85168.82,85248.0,84678.18,84784.01,1167.69622
2025-04-20 08:00:00,84784.01,84785.0,83949.52,84129.83,1885.40107
2025-04-20 12:00:00,84129.82,84664.0,84099.3,84344.66,1721.01989
2025-04-20 16:00:00,84344.65,84664.09,84272.74,84651.61,769.05869
2025-04-20 20:00:00,84651.61,85298.0,84616.73,85179.24,1665.95794
2025-04-21 00:00:00,85179.24,87640.0,85144.76,87205.56,9533.33738
2025-04-21 04:00:00,87205.56,87738.0,87038.0,87434.78,2859.73764
2025-04-21 08:00:00,87434.79,87795.26,86644.29,86971.92,3305.90555
2025-04-21 12:00:00,86971.92,88465.99,86779.97,88044.8,8328.4863
2025-04-21 16:00:00,88044.81,88270.88,86389.78,87415.1,5561.20336
2025-04-21 20:00:00,87415.09,87625.68,86887.15,87516.23,2184.70239
2025-04-22 00:00:00,87516.22,88877.0,87076.03,88157.55,5948.6986
2025-04-22 04:00:00,88157.55,88486.0,87953.86,88476.83,2721.14964
2025-04-22 08:00:00,88476.82,88701.93,88241.33,88614.1,2659.83331
2025-04-22 12:00:00,88614.09,91439.46,88482.0,90934.61,15352.18318
2025-04-22 16:00:00,90934.61,91695.0,90624.03,91414.79,6380.71134
2025-04-22 20:00:00,91414.78,93888.0,91060.0,93442.99,10810.17098
2025-04-23 00:00:00,93442.99,93909.05,92580.18,93168.91,5215.33691
2025-04-23 04:00:00,93168.91,94264.0,93017.46,94133.82,3753.14233
2025-04-23 08:00:00,94133.82,94521.79,93324.45,93466.01,4309.7212
2025-04-23 12:00:00,93466.01,94696.05,91935.41,93195.28,8544.8591
2025-04-23 16:00:00,93195.28,94219.93,92913.04,93497.88,4018.92317
2025-04-23 20:00:00,93497.88,93917.53,93238.1,93691.08,1562.18537
2025-04-24 00:00:00,93691.07,93787.65,92650.0,92673.95,2768.12366
2025-04-24 04:00:00,92673.95,92903.94,92101.63,92203.55,3429.85771
2025-04-24 08:00:00,92203.54,92657.69,91660.01,92619.94,3940.58829
2025-04-24 12:00:00,92619.94,93450.0,92434.78,93202.51,4447.23602
2025-04-24 16:00:00,93202.52,93649.56,92666.62,93556.12,2504.05999
2025-04-24 20:00:00,93556.12,94005.0,93024.0,93980.47,2407.19504
2025-04-25 00:00:00,93980.47,94444.0,92855.96,93311.83,4492.13804
2025-04-25 04:00:00,93311.83,93860.0,93013.56,93772.26,3463.8711
2025-04-25 08:00:00,93772.27,94660.0,93539.82,94635.67,3498.44872
2025-04-25 12:00:00,94635.67,95758.04,93929.41,95061.22,10872.54033
2025-04-25 16:00:00,95061.21,95554.99,94370.35,95291.0,3536.11021
2025-04-25 20:00:00,95291.0,95345.45,94441.61,94638.68,1637.55808
2025-04-26 00:00:00,94638.68,95199.0,94527.84,94739.99,2542.70188
2025-04-26 04:00:00,94739.99,94830.93,94380.72,94570.31,1410.05819
2025-04-26 08:00:00,94570.31,94733.54,93990.6,94144.06,1747.48781
2025-04-26 12:00:00,94144.07,94394.0,93870.69,94373.24,1638.82978
2025-04-26 16:00:00,94373.24,94378.87,94041.0,94307.5,832.25743
2025-04-26 20:00:00,94307.51,94888.0,94087.0,94628.0,1243.73366
2025-04-27 00:00:00,94628.0,95369.0,94041.6,94156.21,3925.87324
2025-04-27 04:00:00,94156.22,94288.65,93655.0,94065.98,1858.72082
2025-04-27 08:00:00,94065.99,94331.85,93883.81,93920.01,1343.02543
2025-04-27 12:00:00,93920.0,94173.91,93602.58,93901.08,1432.64566
2025-04-27 16:00:00,93901.09,94434.79,93727.08,94433.5,1354.62397
2025-04-27 20:00:00,94433.49,94545.45,93641.7,93749.3,1247.95188
2025-04-28 00:00:00,93749.29,93987.3,92800.01,93849.93,3829.2548
2025-04-28 04:00:00,93849.93,94800.0,93849.93,94692.49,3173.45503
2025-04-28 08:00:00,94692.49,95550.0,94339.48,95319.99,4407.81686
2025-04-28 12:00:00,95319.99,95630.0,93583.9,93833.51,6874.85491
2025-04-28 16:00:00,93833.5,94920.0,93444.0,94787.2,2284.50465
2025-04-28 20:00:00,94786.73,95180.0,94305.95,95011.18,1587.64726
2025-04-29 00:00:00,95011.18,95461.53,94443.7,94658.76,2355.42851
2025-04-29 04:00:00,94658.75,94960.0,94200.0,94917.61,3096.90198
2025-04-29 08:00:00,94917.61,95285.71,94743.01,95129.74,2370.90825
2025-04-29 12:00:00,95129.74,95300.0,94531.85,94843.1,2872.24836
2025-04-29 16:00:00,94843.1,95459.99,94658.99,95300.79,3091.57412
2025-04-29 20:00:00,95300.79,95408.0,93742.54,94256.82,3168.27898
2025-04-30 00:00:00,94256.82,95111.01,94136.48,95032.84,1764.9576
2025-04-30 04:00:00,95032.84,95180.0,94500.0,94620.99,1847.65644
2025-04-30 08:00:00,94620.99,95228.45,94527.58,95176.66,1661.24557
2025-04-30 12:00:00,95176.66,95214.9,92910.0,94004.63,8257.162
2025-04-30 16:00:00,94004.63,94500.0,93528.71,94152.01,2035.58804
2025-04-30 20:00:00,94152.01,94784.1,94005.0,94172.0,2094.66545
2025-05-01 00:00:00,94172.0,95040.3,94130.43,94782.6,2877.4378
2025-05-01 04:00:00,94782.6,95180.0,94714.38,95025.84,1880.34885
2025-05-01 08:00:00,95025.84,96396.31,94913.04,96180.01,4237.08588
2025-05-01 12:00:00,96180.01,97424.02,95769.66,96854.3,7399.49215
2025-05-01 16:00:00,96854.31,97367.26,96424.44,96523.26,3200.80242
2025-05-01 20:00:00,96523.26,96885.77,96184.19,96489.91,1785.28633
2025-05-02 00:00:00,96489.9,97233.1,96466.21,97102.32,2134.18118
2025-05-02 04:00:00,97102.32,97309.78,96350.0,96350.0,2432.89056
2025-05-02 08:00:00,96350.01,97100.0,96350.0,96928.97,1860.2708
2025-05-02 12:00:00,96928.97,97895.68,96650.94,97330.19,5047.18173
2025-05-02 16:00:00,97330.19,97783.02,96769.84,96924.23,2332.70775
2025-05-02 20:00:00,96924.23,97136.0,96561.57,96887.14,1098.51609
2025-05-03 00:00:00,96887.13,96935.67,96300.02,96337.5,2058.72462
2025-05-03 04:00:00,96337.5,96593.0,96132.67,96322.68,1508.87428
2025-05-03 08:00:00,96322.68,96421.91,95852.29,95942.02,2622.43769
2025-05-03 12:00:00,95942.01,96509.44,95880.65,96418.68,1447.96366
2025-05-03 16:00:00,96418.68,96428.33,95869.68,96354.34,899.94616
2025-05-03 20:00:00,96354.34,96441.49,95753.01,95856.42,1185.40197
2025-05-04 00:00:00,95856.42,96304.48,95588.0,95722.23,1523.29654
2025-05-04 04:00:00,95722.22,96142.86,95692.7,95879.99,1780.05807
2025-05-04 08:00:00,95879.99,95923.54,95286.78,95423.2,2146.9622
2025-05-04 12:00:00,95423.19,95690.48,95209.07,95467.6,1981.94879
2025-05-04 16:00:00,95467.6,95640.98,95239.33,95584.07,863.77274
2025-05-04 20:00:00,95584.07,95758.08,94151.38,94277.62,2740.34508
2025-05-05 00:00:00,94277.61,94808.4,93514.1,94031.47,4140.14024
2025-05-05 04:00:00,94031.47,94825.46,94020.66,94761.91,2335.74375
2025-05-05 08:00:00,94761.91,94798.01,93888.0,94038.18,2541.09717
2025-05-05 12:00:00,94038.19,94531.74,93613.66,93770.31,4184.72517
2025-05-05 16:00:00,93770.32,94900.0,93759.63,94347.17,2339.27872
2025-05-05 20:00:00,94347.16,95199.0,93876.0,94733.68,1710.19684
2025-05-06 00:00:00,94733.68,94926.99,94012.78,94454.01,1586.4337
2025-05-06 04:00:00,94454.01,94638.01,94308.63,94400.99,1310.52658
2025-05-06 08:00:00,94400.98,94400.99,93720.63,93812.54,2666.58253
2025-05-06 12:00:00,93812.53,94733.38,93377.0,94558.95,3922.63869
2025-05-06 16:00:00,94558.94,95157.0,94216.0,94963.5,2336.80706
2025-05-06 20:00:00,94963.5,96920.65,94452.75,96834.02,4299.65657
2025-05-07 00:00:00,96834.02,97732.0,96208.1,96506.9,5180.41253
2025-05-07 04:00:00,96506.9,97013.53,96310.89,96994.82,2170.95622
2025-05-07 08:00:00,96994.82,97111.0,96833.33,97047.43,1298.75814
2025-05-07 12:00:00,97047.43,97478.27,96713.14,96923.91,2791.58426
2025-05-07 16:00:00,96923.91,96961.04,95784.61,96180.01,3605.87038
2025-05-07 20:00:00,96180.0,97390.0,96076.92,97030.5,1597.25701
2025-05-08 00:00:00,97030.5,99222.22,96876.29,99152.79,6410.02899
2025-05-08 04:00:00,99152.79,99419.0,98723.25,99252.34,4129.30669
2025-05-08 08:00:00,99252.34,99888.0,99209.04,99409.14,3702.67483
2025-05-08 12:00:00,99409.15,101525.03,99090.66,100758.08,7963.43171
2025-05-08 16:00:00,100758.08,101707.02,100596.0,101299.99,5099.76086
2025-05-08 20:00:00,101300.0,104145.76,101285.71,103261.6,7656.82539
2025-05-09 00:00:00,103261.61,103268.44,102364.0,102451.04,3733.8534
2025-05-09 04:00:00,102451.04,104361.3,102374.03,103628.77,5971.49947
2025-05-09 08:00:00,103628.76,103930.0,102421.0,102958.31,8403.08937
2025-05-09 12:00:00,102958.31,103793.66,102411.99,102895.99,5841.22214
2025-05-09 16:00:00,102895.99,103370.54,102315.14,103189.17,2349.89886
2025-05-09 20:00:00,103189.17,103408.0,102727.25,102971.99,1317.83583
2025-05-10 00:00:00,102971.99,103265.82,102818.76,103226.24,1788.89448
2025-05-10 04:00:00,103226.25,104100.0,103034.5,103759.71,2472.72488
2025-05-10 08:00:00,103759.71,104079.37,103366.0,103434.94,2876.2662
2025-05-10 12:00:00,103434.94,103825.4,103100.0,103138.77,1933.54411
2025-05-10 16:00:00,103138.76,103619.68,103005.33,103191.35,2330.41287
2025-05-10 20:00:00,103191.35,104984.57,103068.87,104809.53,3922.94357
2025-05-11 00:00:00,104809.53,104972.0,103466.05,104007.03,3855.57081
2025-05-11 04:00:00,104007.03,104400.0,103345.06,103385.47,2952.77072
2025-05-11 08:00:00,103385.46,104777.0,103380.95,104652.01,2472.65506
2025-05-11 12:00:00,104652.01,104888.0,103775.91,104150.0,4500.51294
2025-05-11 16:00:00,104150.0,104832.82,103750.0,104420.0,2312.17239
2025-05-11 20:00:00,104420.0,104578.62,103569.77,104118.0,1893.44005
2025-05-12 00:00:00,104118.0,105086.42,103702.15,104100.13,4046.32885
2025-05-12 04:00:00,104100.13,105819.45,103750.0,104467.99,6956.58682
2025-05-12 08:00:00,104467.99,104736.45,103625.0,103762.9,4195.60245
2025-05-12 12:00:00,103762.89,104629.96,102388.0,102527.26,7882.24448
2025-05-12 16:00:00,102527.27,103088.88,100718.37,101860.0,6054.64243
2025-05-12 20:00:00,101859.99,103127.92,101770.2,102791.32,2137.37289
2025-05-13 00:00:00,102791.32,102791.32,101429.7,101719.4,3352.34144
2025-05-13 04:00:00,101719.4,102943.28,101610.56,102665.5,3546.89229
2025-05-13 08:00:00,102665.5,103822.03,102540.18,103729.2,2797.46591
2025-05-13 12:00:00,103729.2,103966.0,102811.32,103682.55,4451.38278
2025-05-13 16:00:00,103682.54,104976.25,103532.18,104792.22,5053.45199
2025-05-13 20:00:00,104792.21,104928.0,103869.01,104103.72,2051.88968
2025-05-14 00:00:00,104103.72,104115.86,103453.26,103587.44,3010.71837
2025-05-14 04:00:00,103587.44,103971.0,103381.02,103716.55,2102.25399
2025-05-14 08:00:00,103716.55,104145.0,102875.22,103944.93,3535.76301
2025-05-14 12:00:00,103944.93,104356.95,102833.55,103514.24,5202.04446
2025-05-14 16:00:00,103514.24,103720.44,102602.05,103321.72,1856.97684
2025-05-14 20:00:00,103321.73,103667.52,103304.66,103507.82,745.15143
2025-05-15 00:00:00,103507.83,103866.51,102720.0,102753.63,1797.79721
2025-05-15 04:00:00,102753.62,102962.38,101724.17,101779.99,2353.66229
2025-05-15 08:00:00,101779.99,102441.0,101500.0,102371.61,2612.10704
2025-05-15 12:00:00,102371.62,103291.99,101383.07,103251.35,4312.54952
2025-05-15 16:00:00,103251.36,104192.7,102552.35,103157.26,4442.22626
2025-05-15 20:00:00,103157.26,103980.84,102708.46,103763.71,2480.64372
2025-05-16 00:00:00,103763.71,104466.01,103467.91,104023.49,3294.14952
2025-05-16 04:00:00,104023.49,104190.48,103694.18,103710.17,2338.96041
2025-05-16 08:00:00,103710.17,103900.0,103100.49,103651.71,3118.57852
2025-05-16 12:00:00,103651.72,104286.0,103343.07,104183.33,3503.77985
2025-05-16 16:00:00,104183.32,104550.33,103587.0,104032.6,2352.84073
2025-05-16 20:00:00,104032.6,104032.6,103397.5,103463.9,1075.57121
2025-05-17 00:00:00,103463.9,103600.0,102612.5,103508.48,2858.83928
2025-05-17 04:00:00,103508.48,103709.86,103285.71,103451.14,1318.92723
2025-05-17 08:00:00,103451.13,103568.58,102753.67,102994.17,2720.30154
2025-05-17 12:00:00,102994.18,103180.0,102640.02,102939.53,1272.66735
2025-05-17 16:00:00,102939.52,103350.0,102761.9,103158.6,1287.9669
2025-05-17 20:00:00,103158.6,103477.87,102900.72,103126.65,1792.19392
2025-05-18 00:00:00,103126.65,103409.98,103105.09,103295.7,913.9652
2025-05-18 04:00:00,103295.7,103988.0,103295.69,103919.39,1414.68073
2025-05-18 08:00:00,103919.39,104088.2,103800.0,103800.54,1574.15623
2025-05-18 12:00:00,103800.55,105680.0,103701.4,105518.0,4982.50382
2025-05-18 16:00:00,105518.0,105980.0,103851.01,103883.97,5395.35549
2025-05-18 20:00:00,103883.98,106660.0,103285.71,106454.26,7319.32579
2025-05-19 00:00:00,106454.27,107108.62,103534.47,103605.88,5830.4141
2025-05-19 04:00:00,103605.9,103779.99,102000.0,103226.29,7899.03768
2025-05-19 08:00:00,103226.29,103425.53,102782.6,102963.41,2683.33916
2025-05-19 12:00:00,102963.4,104968.75,102126.16,104786.41,6071.83103
2025-05-19 16:00:00,104786.42,105561.76,104491.53,105517.7,4503.35567
2025-05-19 20:00:00,105517.64,105829.99,105016.27,105573.74,3272.0576
2025-05-20 00:00:00,105573.73,106853.27,105533.01,105761.92,5750.55327
2025-05-20 04:00:00,105761.92,106399.0,104928.44,105021.71,3035.55334
2025-05-20 08:00:00,105021.7,105416.66,104847.16,105203.76,2326.54242
2025-05-20 12:00:00,105203.75,105391.27,104184.72,105333.68,3799.70194
2025-05-20 16:00:00,105333.67,107238.37,105090.9,107026.47,5057.29953
2025-05-20 20:00:00,107026.47,107320.0,105935.83,106849.99,3735.83225
2025-05-21 00:00:00,106850.0,107206.94,106186.79,106843.59,2584.02606
2025-05-21 04:00:00,106843.6,107985.05,106454.54,106527.16,5791.25242
2025-05-21 08:00:00,106527.17,106797.98,106100.01,106546.44,2982.12972
2025-05-21 12:00:00,106546.43,109458.0,106329.47,108973.35,11705.49449
2025-05-21 16:00:00,108973.34,109845.0,106117.67,108603.79,14958.19983
2025-05-21 20:00:00,108603.79,110797.38,107725.0,109643.99,7509.937825
2025-05-22 00:00:00,109643.99,111880.0,109177.37,111780.84,9017.73168
2025-05-22 04:00:00,111780.84,111795.04,110461.87,111045.45,7103.40338
2025-05-22 08:00:00,111045.45,111326.2,110272.72,110981.97,4014.18788
2025-05-22 12:00:00,110981.98,111626.43,110550.0,111290.86,6086.26018
2025-05-22 16:00:00,111290.85,111980.0,110916.4,111188.0,3260.6327
2025-05-22 20:00:00,111188.0,111717.34,110763.27,111696.21,2148.55731
2025-05-23 00:00:00,111696.22,111800.0,111000.13,111100.01,2834.29482
2025-05-23 04:00:00,111100.0,111181.82,110407.89,110715.42,3226.515
2025-05-23 08:00:00,110715.41,111381.61,108888.0,109076.35,4204.18634
2025-05-23 12:00:00,109076.36,109992.75,107316.0,108940.0,13163.25808
2025-05-23 16:00:00,108940.0,109809.53,108001.0,108716.07,4951.18081
2025-05-23 20:00:00,108714.01,108727.28,106800.0,107318.3,3358.28804
2025-05-24 00:00:00,107318.3,108367.54,106875.41,108366.3,2321.32073
2025-05-24 04:00:00,108366.31,108582.33,107566.37,107587.75,1982.27366
2025-05-24 08:00:00,107587.75,109506.03,107587.74,109208.56,5417.04518
2025-05-24 12:00:00,109208.57,109282.81,108540.0,108929.7,2666.17903
2025-05-24 16:00:00,108929.71,109200.0,108682.36,108960.0,1015.55537
2025-05-24 20:00:00,108960.0,109125.0,107500.0,107761.91,3380.15732
2025-05-25 00:00:00,107761.9,108257.14,107206.0,108095.75,2495.88081
2025-05-25 04:00:00,108095.76,108288.69,107454.54,107681.81,1293.71165
2025-05-25 08:00:00,107681.82,107700.65,106708.98,107260.0,3399.35699
2025-05-25 12:00:00,107259.99,107743.34,106600.64,106967.97,5093.14772
2025-05-25 16:00:00,106967.97,107940.95,106640.52,107717.01,2103.88371
2025-05-25 20:00:00,107717.02,109299.99,107176.0,109004.19,3324.06607
2025-05-26 00:00:00,109004.2,109844.91,108670.58,109623.53,3090.7964
2025-05-26 04:00:00,109623.54,110228.11,109365.29,110094.62,2472.4091
2025-05-26 08:00:00,110094.62,110173.92,109556.69,109772.72,1654.27634
2025-05-26 12:00:00,109772.73,110420.74,109494.74,110009.82,3113.22041
2025-05-26 16:00:00,110009.83,110422.22,108858.28,109130.44,3037.99696
2025-05-26 20:00:00,109130.44,109888.89,108940.0,109434.79,1280.41672
2025-05-27 00:00:00,109434.78,109666.0,107516.57,108892.16,4704.3073
2025-05-27 04:00:00,108892.15,109636.37,108550.0,109547.16,3340.1595
2025-05-27 08:00:00,109540.0,109899.0,109428.98,109585.49,1886.45358
2025-05-27 12:00:00,109585.49,110718.0,108670.29,110140.11,6777.89203
2025-05-27 16:00:00,110140.11,110499.64,109574.46,109877.87,2624.04806
2025-05-27 20:00:00,109877.87,109897.49,108600.0,108938.17,1943.79588
2025-05-28 00:00:00,108938.17,109284.7,108400.0,108863.64,2003.85357
2025-05-28 04:00:00,108863.64,109089.68,108624.43,108816.44,1391.51979
2025-05-28 08:00:00,108816.44,109130.44,108258.01,108870.38,1891.22828
2025-05-28 12:00:00,108870.39,109053.39,107045.45,107107.31,5751.05895
2025-05-28 16:00:00,107107.31,107842.29,106938.24,106946.01,2757.68701
2025-05-28 20:00:00,106946.0,108043.95,106769.43,107781.78,1838.44069
2025-05-29 00:00:00,107781.78,108484.61,107421.12,108044.88,3012.04609
2025-05-29 04:00:00,108044.87,108106.94,106948.01,107880.72,2287.08404
2025-05-29 08:00:00,107880.73,108891.91,107681.81,108779.84,2525.30968
2025-05-29 12:00:00,108779.83,108797.25,106474.0,107019.89,5170.87467
2025-05-29 16:00:00,107019.9,107168.23,105639.3,105731.74,4682.29852
2025-05-29 20:00:00,105731.74,106470.69,105322.86,105589.75,2157.08816
2025-05-30 00:00:00,105589.75,106214.93,104600.5,106024.33,4390.94984
2025-05-30 04:00:00,106024.33,106313.12,104727.72,105028.02,4187.15493
2025-05-30 08:00:00,105028.03,105981.75,104606.01,105880.51,3463.58178
2025-05-30 12:00:00,105880.5,106000.0,105047.61,105543.0,4176.35736
2025-05-30 16:00:00,105543.0,105560.98,103706.71,104640.5,5203.39187
2025-05-30 20:00:00,104640.49,104878.05,103621.0,103985.48,2285.06221
2025-05-31 00:00:00,103985.47,104292.69,103068.55,103684.01,3246.32605
2025-05-31 04:00:00,103684.0,103911.1,103487.99,103747.02,1424.77118
2025-05-31 08:00:00,103747.03,103809.51,103285.71,103498.18,1462.02815
2025-05-31 12:00:00,103498.17,104846.15,103480.11,104556.08,2862.31641
2025-05-31 16:00:00,104556.08,104780.49,104261.39,104698.02,1237.73843
2025-05-31 20:00:00,104698.03,104900.0,104473.2,104591.88,1056.179
2025-06-01 00:00:00,104591.88,104647.11,103924.52,104381.03,1332.51766
2025-06-01 04:00:00,104381.03,104729.99,104195.12,104275.95,935.26236
2025-06-01 08:00:00,104275.95,104459.07,103752.49,104082.68,1515.57248
2025-06-01 12:00:00,104082.67,104809.53,103783.01,104715.1,1868.98228
2025-06-01 16:00:00,104715.1,105299.21,104319.79,105121.94,2430.98984
2025-06-01 20:00:00,105121.95,105866.91,104893.72,105642.93,1626.37544
2025-06-02 00:00:00,105642.93,105735.42,104571.42,104829.27,1887.57513
2025-06-02 04:00:00,104829.27,105438.87,104610.13,105387.67,1324.62784
2025-06-02 08:00:00,105387.67,105935.63,103941.0,104047.64,3133.90977
2025-06-02 12:00:00,104047.63,104679.25,103659.88,104438.79,3457.5451
2025-06-02 16:00:00,104438.79,104731.95,104030.01,104425.63,1581.04916
2025-06-02 20:00:00,104425.64,105931.44,104425.64,105857.99,2069.28113
2025-06-03 00:00:00,105858.0,106500.0,105340.18,105482.02,2370.68744
2025-06-03 04:00:00,105482.03,105513.02,105116.2,105170.75,1808.4499
2025-06-03 08:00:00,105170.76,105349.94,104872.5,105287.24,1581.41246
2025-06-03 12:00:00,105287.24,106794.67,105031.6,106610.66,3944.17196
2025-06-03 16:00:00,106610.66,106666.67,105592.17,106238.81,2007.43502
2025-06-03 20:00:00,106238.81,106254.92,105266.02,105376.89,1547.36956
2025-06-04 00:00:00,105376.9,105839.63,105132.27,105519.27,1468.56182
2025-06-04 04:00:00,105519.26,105611.96,105250.0,105320.75,2243.32025
2025-06-04 08:00:00,105320.75,106000.0,105080.26,105084.36,3840.76425
2025-06-04 12:00:00,105084.36,105542.0,104179.0,105298.27,3906.47888
2025-06-04 16:00:00,105298.26,105483.14,104865.25,104913.52,1452.09412
2025-06-04 20:00:00,104913.52,105045.79,104407.16,104696.86,1123.6755
2025-06-05 00:00:00,104696.86,105240.84,104651.16,105047.15,1126.54275
2025-06-05 04:00:00,105047.15,105226.14,104380.0,104518.05,1593.6961
2025-06-05 08:00:00,104518.05,104920.0,104424.52,104827.8,1061.75675
2025-06-05 12:00:00,104827.79,105909.71,103900.0,104531.49,5067.78387
2025-06-05 16:00:00,104531.5,104598.87,101596.62,101914.77,6187.5316
2025-06-05 20:00:00,101914.76,102171.44,100372.26,101508.68,7284.19047
2025-06-06 00:00:00,101508.69,102520.0,101095.8,102493.3,2752.42188
2025-06-06 04:00:00,102493.3,103468.66,102387.38,103150.44,2278.64268
2025-06-06 08:00:00,103150.44,103991.45,103150.43,103927.99,2218.22642
2025-06-06 12:00:00,103927.99,105333.0,103513.7,105092.28,4660.37233
2025-06-06 16:00:00,105092.28,105284.0,104013.21,104219.8,2762.90707
2025-06-06 20:00:00,104219.8,104617.56,104167.98,104288.44,1166.50347
2025-06-07 00:00:00,104288.43,104910.77,103871.09,104871.58,1400.16428
2025-06-07 04:00:00,104871.59,105319.13,104643.62,104867.04,1309.06461
2025-06-07 08:00:00,104867.03,105264.0,104689.81,105150.01,1180.35371
2025-06-07 12:00:00,105150.01,105800.0,105150.0,105558.11,2197.72958
2025-06-07 16:00:00,105558.11,105884.46,105279.06,105725.91,1536.04392
2025-06-07 20:00:00,105725.91,105900.0,105534.88,105552.15,721.57596
2025-06-08 00:00:00,105552.15,105786.33,105394.03,105471.59,1084.68276
2025-06-08 04:00:00,105471.59,105653.13,105408.38,105426.45,623.06268
2025-06-08 08:00:00,105426.46,105720.94,104964.14,105686.71,1672.01298
2025-06-08 12:00:00,105686.71,106160.19,105520.25,105984.52,2200.98155
2025-06-08 16:00:00,105984.53,106360.0,105943.91,106289.99,1099.96633
2025-06-08 20:00:00,106289.99,106488.14,105545.71,105734.0,1367.35675
2025-06-09 00:00:00,105734.01,105966.33,105318.37,105659.13,1795.0497
2025-06-09 04:00:00,105659.14,105717.3,105319.0,105560.71,1470.33986
2025-06-09 08:00:00,105560.71,107806.0,105473.57,107759.21,4424.95656
2025-06-09 12:00:00,107759.21,108020.0,106860.0,107635.91,3544.41855
2025-06-09 16:00:00,107635.91,108767.24,107635.91,108564.72,2689.46607
2025-06-09 20:00:00,108565.86,110530.17,108456.08,110263.02,6051.14377
2025-06-10 00:00:00,110263.02,110311.82,109381.24,109568.02,2356.61975
2025-06-10 04:00:00,109568.03,109737.68,109095.67,109205.14,2317.07387
2025-06-10 08:00:00,109205.14,109851.8,109056.9,109541.28,2344.90457
2025-06-10 12:00:00,109541.93,109900.81,108331.03,109015.42,5247.00781
2025-06-10 16:00:00,109015.41,110400.0,108518.86,109526.3,2639.86004
2025-06-10 20:00:00,109526.3,110299.73,109239.68,110274.39,2166.36235
2025-06-11 00:00:00,110274.39,110274.4,109533.97,109722.95,1393.61311
2025-06-11 04:00:00,109722.95,109745.29,109373.67,109446.74,1000.47435
2025-06-11 08:00:00,109446.74,109675.69,109193.89,109252.09,1633.7552
2025-06-11 12:00:00,109252.1,110392.01,109008.82,109735.7,4399.26765
2025-06-11 16:00:00,109735.7,109815.84,108412.01,108742.37,2837.53217
2025-06-11 20:00:00,108742.37,109219.51,108064.0,108645.12,1851.2739
2025-06-12 00:00:00,108645.13,108813.55,107730.0,107860.05,3756.8345
2025-06-12 04:00:00,107860.04,107993.58,107320.0,107633.53,2337.6809
2025-06-12 08:00:00,107633.53,107835.83,106874.47,106900.95,1866.42836
2025-06-12 12:00:00,106900.95,107822.5,106600.0,107020.95,3201.2854
2025-06-12 16:00:00,107020.96,108450.16,106680.0,106788.8,2559.00784
2025-06-12 20:00:00,106789.8,106960.77,105671.72,105671.73,4057.43518
2025-06-13 00:00:00,105671.74,105694.0,102664.31,104277.22,11535.37443
2025-06-13 04:00:00,104277.22,104970.12,103782.75,104895.0,3355.01643
2025-06-13 08:00:00,104895.01,105434.34,104425.79,105039.48,3146.66203
2025-06-13 12:00:00,105039.48,105747.47,104118.0,105436.87,3901.15519
2025-06-13 16:00:00,105436.87,105981.0,104668.73,105110.0,2950.53869
2025-06-13 20:00:00,105110.01,106179.53,105020.87,106066.59,1292.07057
2025-06-14 00:00:00,106066.59,106252.0,105197.96,105228.82,3017.48753
2025-06-14 04:00:00,105228.83,105397.06,104792.98,105076.59,1002.68077
2025-06-14 08:00:00,105076.59,105132.36,104836.06,105082.01,786.7679
2025-06-14 12:00:00,105082.01,105131.25,104615.38,104841.3,1045.14048
2025-06-14 16:00:00,104841.29,105045.78,104359.08,104645.67,1687.29248
2025-06-14 20:00:00,104645.66,105480.0,104300.0,105414.64,1259.57053
2025-06-15 00:00:00,105414.63,105680.0,105264.75,105473.55,759.41728
2025-06-15 04:00:00,105473.54,106128.57,105200.0,105428.0,1381.52981
2025-06-15 08:00:00,105428.0,105482.4,104867.64,104970.51,1057.15319
2025-06-15 12:00:00,104970.51,105838.24,104955.48,105564.0,1245.40098
2025-06-15 16:00:00,105563.99,105777.09,105082.97,105294.19,975.97763
2025-06-15 20:00:00,105294.19,105617.82,104494.53,105594.01,1744.72158
2025-06-16 00:00:00,105594.02,105970.59,104980.37,105921.84,1680.0381
2025-06-16 04:00:00,105921.85,107262.31,105874.48,107061.8,2778.21159
2025-06-16 08:00:00,107061.8,107255.01,106582.25,106883.99,2148.92551
2025-06-16 12:00:00,106884.0,107784.26,106495.09,107424.96,2538.358
2025-06-16 16:00:00,107424.96,108888.0,107309.15,108652.0,2748.12533
2025-06-16 20:00:00,108652.01,108952.38,106700.0,106794.53,3029.00687
2025-06-17 00:00:00,106794.53,107771.34,106115.35,107590.41,3025.95246
2025-06-17 04:00:00,107590.41,107711.06,106481.6,106758.52,1696.95424
2025-06-17 08:00:00,106758.52,106822.78,105508.23,105641.47,2408.54535
2025-06-17 12:00:00,105641.48,105862.03,104130.95,104241.63,4308.26392
2025-06-17 16:00:00,104241.62,105336.82,103371.02,104686.12,4719.96669
2025-06-17 20:00:00,104686.12,104898.81,104203.85,104551.17,1706.64759
2025-06-18 00:00:00,104551.17,105240.0,104379.52,105184.84,1346.38636
2025-06-18 04:00:00,105184.84,105550.27,104713.24,104973.24,1758.92527
2025-06-18 08:00:00,104973.24,105310.62,104175.87,104840.59,1900.45623
2025-06-18 12:00:00,104840.58,105325.83,103814.04,104801.01,4024.47787
2025-06-18 16:00:00,104801.01,104836.64,103500.0,103808.41,3290.4773
2025-06-18 20:00:00,103808.41,105139.87,103652.0,104886.78,1647.91864
2025-06-19 00:00:00,104886.79,105226.17,104457.12,105100.02,1479.10507
2025-06-19 04:00:00,105100.01,105220.0,104617.69,104642.85,1132.25759
2025-06-19 08:00:00,104642.85,105073.53,104631.26,104776.23,949.58523
2025-06-19 12:00:00,104776.23,104917.05,104078.0,104096.93,1595.4989
2025-06-19 16:00:00,104096.94,104814.73,103929.27,104250.44,1624.22301
2025-06-19 20:00:00,104250.45,104898.31,104150.0,104658.59,897.93757
2025-06-20 00:00:00,104658.59,104820.0,104391.38,104596.63,1026.45735
2025-06-20 04:00:00,104596.64,105825.66,104238.02,105811.74,1878.07017
2025-06-20 08:00:00,105811.74,106524.65,105757.48,105977.82,2862.78664
2025-06-20 12:00:00,105977.82,106149.17,103888.0,104217.99,3668.86931
2025-06-20 16:00:00,104218.0,104269.64,102345.0,103307.22,5227.49835
2025-06-20 20:00:00,103307.21,103828.0,102963.67,103297.99,1755.38101
2025-06-21 00:00:00,103297.98,103691.67,103127.48,103495.87,750.73411
2025-06-21 04:00:00,103495.86,103599.04,103330.0,103458.5,686.61118
2025-06-21 08:00:00,103458.5,103982.64,103458.49,103874.64,1188.56205
2025-06-21 12:00:00,103874.63,103946.47,103281.82,103560.9,1449.27436
2025-06-21 16:00:00,103560.9,103640.0,102210.43,102245.1,2365.40427
2025-06-21 20:00:00,102245.11,102888.88,100837.9,102120.01,4713.62735
2025-06-22 00:00:00,102120.02,103399.62,101839.96,102375.4,4339.90882
2025-06-22 04:00:00,102375.4,102946.47,102256.01,102424.61,1481.73109
2025-06-22 08:00:00,102424.61,102804.05,102080.0,102739.48,1801.30685
2025-06-22 12:00:00,102739.47,102831.0,98889.35,98906.21,12422.58545
2025-06-22 16:00:00,98906.21,100380.0,98673.66,98882.84,4419.40202
2025-06-22 20:00:00,98882.85,101034.65,98200.0,100963.87,4281.47649
2025-06-23 00:00:00,100963.87,101620.0,100494.25,101154.14,2930.22354
2025-06-23 04:00:00,101154.13,102137.0,100980.0,101931.04,2509.06943
2025-06-23 08:00:00,101931.04,102080.0,101102.76,101289.01,2527.52051
2025-06-23 12:00:00,101289.0,102613.09,100792.16,101420.7,4451.665
2025-06-23 16:00:00,101420.71,103300.0,99613.33,103161.29,7496.3725
2025-06-23 20:00:00,103161.3,106074.2,102880.0,105333.93,7751.65511
2025-06-24 00:00:00,105333.94,105500.0,104720.82,104919.6,2882.14256
2025-06-24 04:00:00,104919.6,105811.0,104704.91,104933.74,3158.97987
2025-06-24 08:00:00,104933.74,105571.4,104622.02,105170.0,2216.8644
2025-06-24 12:00:00,105169.99,105731.92,104800.98,105244.73,2933.73072
2025-06-24 16:00:00,105244.72,106290.0,105172.64,105643.19,2366.40087
2025-06-24 20:00:00,105643.2,106119.11,105435.45,106083.0,1093.57493
2025-06-25 00:00:00,106083.0,106791.18,105808.03,106232.01,2385.0945
2025-06-25 04:00:00,106232.01,106702.0,106001.0,106600.01,1317.62334
2025-06-25 08:00:00,106600.0,107237.44,106343.13,107198.02,2272.81569
2025-06-25 12:00:00,107198.02,108135.3,106752.36,107028.0,7497.00314
2025-06-25 16:00:00,107027.99,107905.37,106931.0,107761.68,2109.69446
2025-06-25 20:00:00,107761.67,108000.0,107079.9,107340.58,1118.92438
2025-06-26 00:00:00,107340.59,108272.45,107105.43,107853.79,1896.83706
2025-06-26 04:00:00,107853.79,108085.92,107520.0,107813.99,1290.81871
2025-06-26 08:00:00,107813.99,108174.86,107117.65,107325.41,2010.44306
2025-06-26 12:00:00,107325.42,107765.55,106562.5,107313.6,2623.12904
2025-06-26 16:00:00,107313.61,107669.74,107009.28,107532.98,1252.6466
2025-06-26 20:00:00,107532.97,108000.0,106850.0,106947.06,1499.39832
2025-06-27 00:00:00,106947.06,107515.28,106438.33,107477.76,1472.30428
2025-06-27 04:00:00,107477.76,107735.34,106850.0,106869.71,1946.05962
2025-06-27 08:00:00,106869.72,107159.95,106679.98,106983.6,2318.07544
2025-06-27 12:00:00,106983.6,107407.14,106356.76,107308.25,3704.52866
2025-06-27 16:00:00,107308.25,107709.22,106446.45,106801.02,1987.48356
2025-06-27 20:00:00,106801.02,107277.99,106794.33,107047.59,803.98886
2025-06-28 00:00:00,107047.58,107347.1,106811.51,107300.13,775.04704
2025-06-28 04:00:00,107300.13,107496.12,107183.29,107485.0,497.62159
2025-06-28 08:00:00,107485.01,107493.07,107252.6,107373.39,416.2984
2025-06-28 12:00:00,107373.39,107577.75,107084.15,107449.28,714.87392
2025-06-28 16:00:00,107449.28,107542.5,107225.74,107225.74,499.08961
2025-06-28 20:00:00,107225.74,107378.37,107154.62,107296.79,379.24296
2025-06-29 00:00:00,107296.79,107500.0,107172.52,107210.78,534.03453
2025-06-29 04:00:00,107210.78,107402.18,107205.82,107402.18,340.57663
2025-06-29 08:00:00,107402.17,108484.0,107402.17,108477.11,1988.92767
2025-06-29 12:00:00,108477.12,108528.5,107650.0,107750.72,1320.45894
2025-06-29 16:00:00,107750.72,107792.05,107316.46,107406.81,1188.5295
2025-06-29 20:00:00,107406.8,108436.47,107250.0,108356.93,1459.20913
2025-06-30 00:00:00,108356.93,108789.99,108255.81,108503.74,1564.16827
2025-06-30 04:00:00,108503.74,108538.76,107481.31,107614.08,1581.27553
2025-06-30 08:00:00,107614.07,107964.33,107400.0,107654.2,1242.20442
2025-06-30 12:00:00,107654.21,107858.79,106733.33,107580.46,2980.03437
2025-06-30 16:00:00,107580.47,107807.94,107116.4,107745.97,1314.82691
2025-06-30 20:00:00,107745.97,107764.73,106900.02,107146.5,1071.61541
2025-07-01 00:00:00,107146.51,107540.0,107026.93,107192.38,973.46
2025-07-01 04:00:00,107192.39,107203.11,106615.97,107178.99,1267.97836
2025-07-01 08:00:00,107178.99,107178.99,106301.86,106605.8,1434.81634
2025-07-01 12:00:00,106605.79,107179.99,105623.39,105955.18,3974.69567
2025-07-01 16:00:00,105955.19,106287.95,105387.68,105398.53,1690.90273
2025-07-01 20:00:00,105398.52,106100.0,105250.85,105681.14,1163.77127
2025-07-02 00:00:00,105681.13,106216.08,105100.19,106194.7,1453.64233
2025-07-02 04:00:00,106194.7,107186.78,106131.55,107080.0,1903.51108
2025-07-02 08:00:00,107080.0,107860.23,107080.0,107479.99,2147.6808
2025-07-02 12:00:00,107479.98,108759.2,107186.1,108737.74,3227.14121
2025-07-02 16:00:00,108737.75,109730.0,108650.97,109676.14,5656.10907
2025-07-02 20:00:00,109676.14,109676.14,108720.0,108849.6,3303.81143
2025-07-03 00:00:00,108849.59,109115.03,108530.4,108628.21,1439.99562
2025-07-03 04:00:00,108628.2,109548.0,108566.14,109280.0,1560.58968
2025-07-03 08:00:00,109279.99,110273.21,109279.99,109599.19,3249.5488
2025-07-03 12:00:00,109599.18,110529.18,108749.99,109127.84,4201.7259
2025-07-03 16:00:00,109127.85,109910.1,109020.8,109803.41,1688.44383
2025-07-03 20:00:00,109803.41,110000.0,109510.0,109584.78,906.77842
2025-07-04 00:00:00,109584.77,109767.59,109103.71,109235.57,1002.72236
2025-07-04 04:00:00,109235.58,109329.6,108700.0,108700.0,1609.06105
2025-07-04 08:00:00,108700.0,109111.0,108518.83,108888.0,1086.39121
2025-07-04 12:00:00,108888.0,108978.64,107505.0,107573.29,3616.08946
2025-07-04 16:00:00,107573.29,107922.5,107245.0,107469.23,3431.70312
2025-07-04 20:00:00,107469.22,108279.33,107440.63,107984.24,1047.89895
2025-07-05 00:00:00,107984.25,108259.99,107756.31,108154.72,766.63785
2025-07-05 04:00:00,108154.72,108420.56,108000.0,108053.46,660.13042
2025-07-05 08:00:00,108053.46,108219.19,107870.42,108112.21,675.37974
2025-07-05 12:00:00,108112.2,108232.29,107971.0,108058.0,564.4708
2025-07-05 16:00:00,108058.0,108167.23,107864.75,108141.78,586.1961
2025-07-05 20:00:00,108141.78,108250.0,107993.39,108198.12,484.16079
2025-07-06 00:00:00,108198.12,108268.35,108025.97,108050.49,397.25464
2025-07-06 04:00:00,108050.49,108218.0,107930.45,108040.31,497.89684
2025-07-06 08:00:00,108040.31,108111.0,107800.01,108076.01,740.99603
2025-07-06 12:00:00,108076.0,109127.03,108045.76,108905.99,2193.35606
2025-07-06 16:00:00,108906.0,108966.62,108266.67,108538.46,922.00834
2025-07-06 20:00:00,108538.45,109700.0,108536.86,109203.84,1696.09509
2025-07-07 00:00:00,109203.85,109700.0,108679.75,109389.47,1313.66179
2025-07-07 04:00:00,109389.46,109447.54,108654.94,109061.08,1068.89272
2025-07-07 08:00:00,109061.07,109087.86,108572.52,108642.01,1793.43934
2025-07-07 12:00:00,108642.01,108660.0,107970.0,108292.59,2516.39623
2025-07-07 16:00:00,108292.59,108493.56,107513.2,108056.68,1826.11433
2025-07-07 20:00:00,108056.67,108300.0,107800.01,108262.94,886.8716
2025-07-08 00:00:00,108262.94,108525.0,107429.57,107901.52,2011.55999
2025-07-08 04:00:00,107901.52,108499.0,107750.0,108484.61,1010.06569
2025-07-08 08:00:00,108484.61,109005.0,108229.15,108756.37,1314.23794
2025-07-08 12:00:00,108756.37,109216.56,108217.07,108268.35,1848.45054
2025-07-08 16:00:00,108268.35,109147.56,108096.55,108771.88,2426.90745
2025-07-08 20:00:00,108771.87,108974.0,108624.0,108922.98,604.79919
2025-07-09 00:00:00,108922.99,109136.0,108348.0,108376.41,994.80226
2025-07-09 04:00:00,108376.41,108942.2,108324.53,108714.39,1001.59915
2025-07-09 08:00:00,108714.39,109117.0,108553.18,109058.27,1275.99616
2025-07-09 12:00:00,109058.27,109769.39,108503.0,109071.32,4108.39131
2025-07-09 16:00:00,109071.32,111999.79,109047.49,111750.0,6338.57455
2025-07-09 20:00:00,111749.99,111952.33,110559.4,111233.99,3562.92307
2025-07-10 00:00:00,111234.0,111581.0,110880.0,111074.51,1687.73466
2025-07-10 04:00:00,111074.52,111432.46,110898.0,111230.0,1667.11413
2025-07-10 08:00:00,111229.99,111398.96,110870.33,111019.99,1407.79297
2025-07-10 12:00:00,111019.99,111408.41,110500.0,111408.4,2221.21737
2025-07-10 16:00:00,111408.4,113788.23,111322.32,113301.81,7461.037691
2025-07-10 20:00:00,113301.8,116868.0,113270.98,116010.0,10438.553844
2025-07-11 00:00:00,116010.01,116950.0,115222.22,116881.7,4456.671301
2025-07-11 04:00:00,116881.69,118404.22,116500.0,117526.88,7940.173377
2025-07-11 08:00:00,117526.88,118869.98,117526.88,117821.91,4664.06161
2025-07-11 12:00:00,117821.91,118259.24,116724.66,116902.59,4711.37408
2025-07-11 16:00:00,116902.58,118138.75,116604.87,118108.81,2754.72647
2025-07-11 20:00:00,118108.81,118108.81,117146.8,117527.66,1346.51431
2025-07-12 00:00:00,117527.66,117847.66,117141.13,117774.42,1268.81982
2025-07-12 04:00:00,117774.42,118054.79,117506.37,117731.99,1157.69575
2025-07-12 08:00:00,117731.99,118200.0,117625.0,117810.0,1459.36466
2025-07-12 12:00:00,117810.0,117861.19,116900.05,117100.01,2887.39027
2025-07-12 16:00:00,117100.0,117639.98,117045.86,117550.96,961.54328
2025-07-12 20:00:00,117550.96,117563.75,117000.01,117420.0,711.79059
2025-07-13 00:00:00,117420.0,117824.76,117224.79,117753.6,696.41148
2025-07-13 04:00:00,117753.59,118054.79,117684.22,117999.0,867.97982
2025-07-13 08:00:00,117998.99,118086.66,117689.63,118072.01,685.44893
2025-07-13 12:00:00,118072.01,119376.0,117989.53,118672.24,3891.104317
2025-07-13 16:00:00,118672.23,119488.0,118382.56,118961.08,1749.40157
2025-07-13 20:00:00,118961.09,119367.37,118243.68,119086.64,1660.44683
2025-07-14 00:00:00,119086.65,121492.48,118905.18,120750.24,5418.532886
2025-07-14 04:00:00,120750.25,123218.0,120557.63,122736.04,6981.800221
2025-07-14 08:00:00,122736.04,122769.19,121355.55,121467.24,3279.33527
2025-07-14 12:00:00,121467.23,122120.0,119611.7,119878.23,6047.71252
2025-07-14 16:00:00,119878.22,120526.03,119202.0,119939.41,4127.24496
2025-07-14 20:00:00,119939.42,120447.0,119522.72,119841.18,1414.72302
2025-07-15 00:00:00,119841.17,119940.83,116840.01,117148.47,6623.40172
2025-07-15 04:00:00,117148.46,117765.4,116250.0,116779.12,5478.80575
2025-07-15 08:00:00,116779.13,117224.08,116300.0,117113.98,3612.34292
2025-07-15 12:00:00,117113.98,118490.71,115736.92,116391.43,8662.27705
2025-07-15 16:00:00,116391.43,117800.6,116019.05,116416.07,5395.39361
2025-07-15 20:00:00,116416.07,117972.86,116192.27,117758.09,2246.23978
2025-07-16 00:00:00,117758.08,118195.0,117017.29,117482.67,2060.70862
2025-07-16 04:00:00,117482.67,118300.0,117275.63,118189.25,1653.72862
2025-07-16 08:00:00,118189.24,119310.75,118113.82,118769.06,2658.37376
2025-07-16 12:00:00,118769.06,119794.8,118181.14,119095.76,4851.16642
2025-07-16 16:00:00,119095.76,119904.13,118471.38,119230.16,2877.33424
2025-07-16 20:00:00,119230.16,120063.84,118420.0,118630.43,2938.59685
2025-07-17 00:00:00,118630.44,119158.28,117683.53,118128.8,2234.06203
2025-07-17 04:00:00,118128.8,118772.0,117857.03,118311.75,2080.63383
2025-07-17 08:00:00,118311.75,119192.0,117974.99,117995.0,2041.88316
2025-07-17 12:00:00,117995.0,119073.46,117453.57,118881.99,3175.79483
2025-07-17 16:00:00,118881.99,119880.13,118333.6,118959.66,2433.94045
2025-07-17 20:00:00,118959.66,120998.71,118383.97,119177.56,3762.26221
2025-07-18 00:00:00,119177.56,120785.49,119020.48,120223.09,2672.86935
2025-07-18 04:00:00,120223.08,120820.71,119287.72,119339.51,3649.17934
2025-07-18 08:00:00,119339.51,119469.21,118395.0,119171.34,3814.49483
2025-07-18 12:00:00,119171.35,119531.48,117315.69,117860.25,5020.77844
2025-07-18 16:00:00,117860.24,118054.92,117120.53,117374.76,2564.58563
2025-07-18 20:00:00,117374.75,118021.62,116812.76,117924.84,2202.75507
2025-07-19 00:00:00,117924.84,118371.42,117613.35,118322.54,1323.00452
2025-07-19 04:00:00,118322.53,118364.0,118044.19,118163.06,828.72543
2025-07-19 08:00:00,118163.07,118499.9,117943.25,118327.06,1123.42732
2025-07-19 12:00:00,118327.05,118327.06,117627.71,118058.11,1656.6673
2025-07-19 16:00:00,118058.1,118161.51,117605.26,118007.88,780.27633
2025-07-19 20:00:00,118007.88,118141.0,117277.34,117840.0,923.70216
2025-07-20 00:00:00,117840.01,118165.38,117650.0,117958.01,1216.03617
2025-07-20 04:00:00,117958.0,118218.0,117760.67,118029.49,940.72723
2025-07-20 08:00:00,118029.49,118277.17,117819.88,117878.46,1800.2823
2025-07-20 12:00:00,117878.46,118799.8,117723.23,118671.11,3280.10469
2025-07-20 16:00:00,118671.12,118856.8,117960.0,118155.01,2119.12806
2025-07-20 20:00:00,118155.0,118263.0,116467.02,117265.12,3606.65044
2025-07-21 00:00:00,117265.11,118614.7,116515.0,118404.0,2794.62163
2025-07-21 04:00:00,118404.01,119676.73,118188.95,119362.67,2783.66639
2025-07-21 08:00:00,119364.18,119500.0,118070.16,118070.17,2511.88984
2025-07-21 12:00:00,118070.17,119233.71,117778.7,118313.16,3505.38294
2025-07-21 16:00:00,118313.16,118399.1,116666.0,116767.67,3816.98929
2025-07-21 20:00:00,116767.67,117633.66,116656.88,117380.36,1694.78119
2025-07-22 00:00:00,117380.36,117950.0,116128.0,117210.0,3707.46413
2025-07-22 04:00:00,117210.0,118594.55,116552.18,117983.68,4279.84175
2025-07-22 08:00:00,117983.69,119188.3,117488.19,119154.99,3376.79135
2025-07-22 12:00:00,119154.99,119573.53,117550.0,118912.04,4597.23931
2025-07-22 16:00:00,118912.04,120183.96,118368.19,119282.1,3067.62854
2025-07-22 20:00:00,119282.11,120247.8,119203.2,119954.42,1930.16465
2025-07-23 00:00:00,119954.43,120090.0,118532.96,118614.17,2068.11927
2025-07-23 04:00:00,118614.16,119006.05,118288.2,118350.35,1564.23355
2025-07-23 08:00:00,118350.35,118619.79,117844.24,118538.46,1801.10341
2025-07-23 12:00:00,118538.46,118708.24,117301.0,118567.39,4037.18842
2025-07-23 16:00:00,118567.39,118567.39,117331.63,118393.64,2651.82367
2025-07-23 20:00:00,118393.64,118756.0,117381.8,118755.99,2436.28251
2025-07-24 00:00:00,118756.0,119273.36,118466.71,118488.92,1878.28334
2025-07-24 04:00:00,118488.92,118610.25,117103.1,118416.21,3786.93245
2025-07-24 08:00:00,118416.21,118814.47,117955.59,118600.0,2404.15809
2025-07-24 12:00:00,118600.0,119450.0,117832.32,119092.65,4139.29216
2025-07-24 16:00:00,119092.65,119395.81,118350.0,118943.42,2166.82662
2025-07-24 20:00:00,118943.42,119010.64,118166.94,118340.99,1431.39777
2025-07-25 00:00:00,118340.98,118451.57,115330.86,115419.66,11127.20493
2025-07-25 04:00:00,115419.65,116144.63,114723.16,115320.01,8835.25163
2025-07-25 08:00:00,115320.01,116782.13,115008.85,116543.58,7216.21136
2025-07-25 12:00:00,116543.59,116656.99,114908.0,115727.08,6361.79335
2025-07-25 16:00:00,115727.07,116997.21,115455.46,116688.6,3089.40882
2025-07-25 20:00:00,116688.6,117630.0,116578.02,117614.31,1776.47864
2025-07-26 00:00:00,117614.31,117750.0,117138.38,117489.62,1222.24277
2025-07-26 04:00:00,117489.61,117547.92,117304.46,117304.47,1006.48005
2025-07-26 08:00:00,117304.47,118217.45,117304.46,117776.11,1549.30958
2025-07-26 12:00:00,117776.1,118220.0,117772.13,118130.1,1303.59734
2025-07-26 16:00:00,118130.1,118297.35,117941.96,118232.11,1051.39337
2025-07-26 20:00:00,118232.11,118276.66,117883.86,117919.99,858.64895
2025-07-27 00:00:00,117919.99,118358.18,117825.5,118182.83,1007.50696
2025-07-27 04:00:00,118182.83,118438.83,118066.74,118095.95,808.21213
2025-07-27 08:00:00,118095.95,118292.86,117859.98,118072.71,835.9696
2025-07-27 12:00:00,118072.71,118588.0,117890.0,118585.74,1586.05165
2025-07-27 16:00:00,118585.75,119540.01,118585.75,118960.0,3418.37234
2025-07-27 20:00:00,118960.01,119766.65,118713.74,119415.55,1672.19651
2025-07-28 00:00:00,119415.56,119800.0,118960.5,119287.99,1824.53168
2025-07-28 04:00:00,119287.99,119701.07,118774.31,118900.0,2360.0622
2025-07-28 08:00:00,118900.01,119102.69,118475.47,118827.49,2060.1822
2025-07-28 12:00:00,118827.49,119093.68,117895.73,118174.9,3792.61028
2025-07-28 16:00:00,118174.89,118376.61,117427.5,118068.73,2575.55527
2025-07-28 20:00:00,118068.73,118350.01,117500.09,118062.32,1348.80591
2025-07-29 00:00:00,118062.32,118800.0,117450.0,118764.85,2242.87768
2025-07-29 04:00:00,118764.85,119273.36,118416.66,118882.37,2579.99271
2025-07-29 08:00:00,118882.37,119051.0,118160.87,118592.38,1962.95351
2025-07-29 12:00:00,118592.38,119080.81,117272.0,117400.01,4173.95638
2025-07-29 16:00:00,117400.02,118057.05,116950.75,117525.29,2441.06334
2025-07-29 20:00:00,117525.28,118000.0,117094.96,117950.76,1737.09083
2025-07-30 00:00:00,117950.75,118250.0,117412.53,118161.87,1226.38506
2025-07-30 04:00:00,118161.86,118412.11,117667.33,118123.01,1232.08963
2025-07-30 08:00:00,118123.0,118481.81,117358.84,117579.99,2228.01795
2025-07-30 12:00:00,117579.99,118792.0,117358.84,118000.01,3794.91612
2025-07-30 16:00:00,118000.01,118037.18,115796.23,116916.73,5721.15052
2025-07-30 20:00:00,116916.73,117908.4,116880.64,117840.3,1384.17703
2025-07-31 00:00:00,117840.29,118600.0,117781.87,118466.14,2307.57332
2025-07-31 04:00:00,118466.15,118922.45,118287.63,118665.97,1907.96734
2025-07-31 08:00:00,118665.98,118770.07,118278.91,118371.25,1290.20631
2025-07-31 12:00:00,118371.25,118702.1,117807.35,118306.18,3457.28095
2025-07-31 16:00:00,118306.18,118879.14,116763.43,116785.79,4228.22018
2025-07-31 20:00:00,116785.78,116990.04,115500.0,115764.08,3818.7592
2025-08-01 00:00:00,115764.07,116052.0,114313.13,115648.03,5440.32571
2025-08-01 04:00:00,115648.03,115916.43,114633.18,115081.77,2952.50734
2025-08-01 08:00:00,115081.76,115340.0,114116.0,115305.65,3338.52917
2025-08-01 12:00:00,115305.64,116019.3,113988.47,115357.82,5325.96286
2025-08-01 16:00:00,115357.82,115695.52,113221.93,113328.68,4135.47502
2025-08-01 20:00:00,113328.67,114094.08,112722.58,113297.93,3294.30196
2025-08-02 00:00:00,113297.92,113921.94,113198.63,113909.86,1422.97261
2025-08-02 04:00:00,113909.87,114063.49,113469.43,113982.49,1674.39001
2025-08-02 08:00:00,113982.49,114040.29,113425.58,113787.12,1135.36227
2025-08-02 12:00:00,113787.11,113787.12,112802.31,112840.71,1922.72871
2025-08-02 16:00:00,112840.7,113420.0,112003.0,112229.42,3414.70659
2025-08-02 20:00:00,112229.42,113058.82,112069.86,112546.35,1937.17409
2025-08-03 00:00:00,112546.35,113740.69,111920.0,113604.2,2106.5441
2025-08-03 04:00:00,113604.2,113720.16,113341.06,113700.0,764.27697
2025-08-03 08:00:00,113700.0,114260.31,113551.0,113862.18,1260.20877
2025-08-03 12:00:00,113862.19,114098.45,113579.69,113959.06,1131.56686
2025-08-03 16:00:00,113959.06,114799.97,113775.55,114313.19,1254.96509
2025-08-03 20:00:00,114313.19,114612.24,114066.56,114208.8,880.19867
2025-08-04 00:00:00,114208.81,115000.0,114107.6,114570.61,1525.00586
2025-08-04 04:00:00,114570.61,114778.5,114148.58,114652.97,1221.27307
2025-08-04 08:00:00,114652.98,114750.0,114217.97,114493.09,1188.64494
2025-08-04 12:00:00,114493.09,115466.0,114121.0,114826.0,2885.46126
2025-08-04 16:00:00,114826.01,115720.0,114732.65,114777.62,1843.11618
2025-08-04 20:00:00,114777.62,115340.0,114616.33,115055.03,1004.17785
2025-08-05 00:00:00,115055.03,115127.81,114256.85,114256.85,1398.92395
2025-08-05 04:00:00,114256.85,114500.66,113725.72,113969.7,2125.54323
2025-08-05 08:00:00,113969.7,115096.73,113928.87,114827.07,1593.56232
2025-08-05 12:00:00,114827.07,114893.13,112650.0,112934.0,4590.4684
2025-08-05 16:00:00,112934.0,113763.27,112815.68,113616.52,1434.52074
2025-08-05 20:00:00,113616.51,114228.88,113304.0,114129.75,899.77214
2025-08-06 00:00:00,114129.75,114139.38,113400.0,113509.97,1061.53764
2025-08-06 04:00:00,113509.98,114417.02,113355.13,114227.91,1437.03071
2025-08-06 08:00:00,114227.9,114404.23,113727.57,114226.69,1280.29764
2025-08-06 12:00:00,114226.68,115515.09,113579.9,115413.87,3509.68013
2025-08-06 16:00:00,115413.87,115716.0,114942.18,115259.99,1727.95909
2025-08-06 20:00:00,115260.0,115260.0,114793.01,114992.27,744.64797
2025-08-07 00:00:00,114992.27,115185.58,114404.22,114546.03,1192.91433
2025-08-07 04:00:00,114546.03,114876.79,114259.0,114787.99,1290.96115
2025-08-07 08:00:00,114787.99,116828.93,114787.98,116519.53,3698.10885
2025-08-07 12:00:00,116519.54,116791.11,116035.84,116689.81,2746.73177
2025-08-07 16:00:00,116689.8,117520.0,115632.31,117461.98,2735.62556
2025-08-07 20:00:00,117461.99,117621.0,117012.0,117472.01,1804.22097
2025-08-08 00:00:00,117472.02,117630.0,116694.28,116737.35,2393.91974
2025-08-08 04:00:00,116737.34,116973.3,116401.0,116817.19,1456.27491
2025-08-08 08:00:00,116817.2,116914.6,116317.08,116891.51,1108.98011
2025-08-08 12:00:00,116891.51,117271.73,115878.71,116207.69,2540.81848
2025-08-08 16:00:00,116207.7,116900.0,116006.14,116453.41,1690.79713
2025-08-08 20:00:00,116453.41,116980.0,116319.06,116674.74,854.52241
2025-08-09 00:00:00,116674.74,116750.0,116299.13,116384.01,971.89236
2025-08-09 04:00:00,116384.01,116980.0,116339.45,116756.01,2021.01259
2025-08-09 08:00:00,116756.0,117944.05,116756.0,117110.0,2353.3714
2025-08-09 12:00:00,117110.0,117238.04,116700.01,116892.47,1382.66437
2025-08-09 16:00:00,116892.48,116947.16,116500.0,116535.69,1202.78039
2025-08-09 20:00:00,116535.68,117021.16,116359.89,116462.25,1582.41033
2025-08-10 00:00:00,116462.25,118500.0,116460.63,118500.0,3892.68324
2025-08-10 04:00:00,118500.0,118741.77,117466.34,117808.3,2444.0838
2025-08-10 08:00:00,117808.29,118500.0,117608.01,118330.58,1506.32503
2025-08-10 12:00:00,118330.58,119113.94,118232.0,118815.0,2809.2276
2025-08-10 16:00:00,118815.0,118944.24,118433.8,118663.08,995.85812
2025-08-10 20:00:00,118663.09,119311.11,118074.99,119294.01,2674.59294
2025-08-11 00:00:00,119294.27,122164.07,118972.59,121728.99,7626.19257
2025-08-11 04:00:00,121729.0,122335.16,121466.08,121537.15,4279.8879
2025-08-11 08:00:00,121537.14,121823.0,120286.4,120561.54,4216.26732
2025-08-11 12:00:00,120561.53,120667.54,119382.91,120314.4,5236.26223
2025-08-11 16:00:00,120314.4,120794.05,118604.17,119089.3,2812.92272
2025-08-11 20:00:00,119089.3,119172.63,118050.11,118686.0,2322.80155
2025-08-12 00:00:00,118686.0,119275.46,118593.39,118857.7,1894.63528
2025-08-12 04:00:00,118857.7,119158.06,118424.86,118986.72,3135.38397
2025-08-12 08:00:00,118986.73,119058.43,118207.47,118522.22,2346.379
2025-08-12 12:00:00,118522.22,119960.0,118285.0,119933.0,4914.05441
2025-08-12 16:00:00,119933.0,120192.1,119172.62,119665.27,2309.07117
2025-08-12 20:00:00,119665.27,120324.43,119485.84,120134.08,2120.5851
2025-08-13 00:00:00,120134.09,120192.1,119094.28,119482.01,2361.00135
2025-08-13 04:00:00,119482.01,119820.18,118920.92,119580.4,2324.10298
2025-08-13 08:00:00,119580.4,120732.94,119446.22,120570.41,3213.18528
2025-08-13 12:00:00,120570.41,122200.0,120106.02,120920.62,7228.67197
2025-08-13 16:00:00,120920.61,122839.47,120920.61,122744.21,4167.90157
2025-08-13 20:00:00,122744.22,123667.79,122298.2,123306.43,3915.20787
2025-08-14 00:00:00,123306.44,124474.0,123250.5,123337.14,3481.676316
2025-08-14 04:00:00,123337.14,123428.6,121313.86,121725.31,3755.65744
2025-08-14 08:00:00,121725.31,122045.9,120694.0,120949.67,3456.28874
2025-08-14 12:00:00,120949.66,121183.06,117632.0,118257.25,11617.06761
2025-08-14 16:00:00,118257.26,118535.0,117180.0,117945.92,3545.40524
2025-08-14 20:00:00,117945.92,118516.81,117302.33,118295.09,2124.85224
2025-08-15 00:00:00,118295.09,119077.71,118032.32,118968.91,1883.55436
2025-08-15 04:00:00,118968.91,119216.82,118629.58,118956.45,1732.90691
2025-08-15 08:00:00,118956.45,119144.5,118600.0,119006.01,1129.82607
2025-08-15 12:00:00,119006.01,119130.77,116827.29,117275.22,5128.8936
2025-08-15 16:00:00,117275.23,117882.35,116803.99,116936.27,2393.46089
2025-08-15 20:00:00,116936.28,117761.88,116862.5,117342.05,1354.69691
2025-08-16 00:00:00,117342.04,117898.99,117231.14,117429.63,1420.5255
2025-08-16 04:00:00,117429.63,117884.0,117278.0,117596.07,925.25596
2025-08-16 08:00:00,117596.07,117703.92,117143.98,117378.52,1206.0413
2025-08-16 12:00:00,117378.52,117825.0,117327.63,117676.7,1191.50027
2025-08-16 16:00:00,117676.7,117817.65,117629.94,117672.12,817.42683
2025-08-16 20:00:00,117672.13,117713.51,117219.34,117380.66,832.93131
2025-08-17 00:00:00,117380.66,117771.37,117172.21,117684.95,770.53091
2025-08-17 04:00:00,117684.96,118230.82,117684.95,118005.98,1109.68335
2025-08-17 08:00:00,118005.98,118484.0,117922.0,118308.01,1007.67549
2025-08-17 12:00:00,118308.0,118575.0,118059.12,118246.16,974.27271
2025-08-17 16:00:00,118246.15,118316.01,117321.53,117570.07,1326.17558
2025-08-17 20:00:00,117570.07,117995.37,117371.65,117405.01,710.30388
2025-08-18 00:00:00,117405.01,117543.75,115000.0,115319.0,5801.42298
2025-08-18 04:00:00,115319.0,115712.49,114878.71,115205.98,3433.42415
2025-08-18 08:00:00,115205.99,115402.51,114640.14,114947.27,2793.98984
2025-08-18 12:00:00,114947.27,116186.97,114825.0,116145.34,2772.17945
2025-08-18 16:00:00,116145.34,116800.0,115818.86,116313.99,1731.37273
2025-08-18 20:00:00,116314.0,116980.0,115980.32,116227.05,1213.55039
2025-08-19 00:00:00,116227.05,116725.69,114787.23,114810.0,2390.89748
2025-08-19 04:00:00,114810.01,115483.24,114366.0,114978.14,2499.12321
2025-08-19 08:00:00,114978.15,115650.0,114804.0,115508.71,1471.04277
2025-08-19 12:00:00,115508.71,115875.84,113587.68,113786.38,5294.46316
2025-08-19 16:00:00,113786.39,113897.58,112767.06,113132.48,3784.35052
2025-08-19 20:00:00,113132.49,113589.48,112732.58,112872.94,2625.5971
2025-08-20 00:00:00,112872.95,113636.13,112566.01,113525.91,3116.70576
2025-08-20 04:00:00,113525.9,113837.93,113432.0,113490.13,1367.41482
2025-08-20 08:00:00,113490.14,114016.77,113060.08,113666.68,2352.50644
2025-08-20 12:00:00,113666.69,114326.35,112380.0,113353.94,4605.43198
2025-08-20 16:00:00,113353.94,114444.0,113264.01,114276.66,2624.00614
2025-08-20 20:00:00,114276.66,114615.38,114000.0,114271.24,1570.2768
2025-08-21 00:00:00,114271.23,114821.76,113906.01,113954.62,1626.72781
2025-08-21 04:00:00,113954.62,114033.84,113582.43,113896.03,1612.36321
2025-08-21 08:00:00,113896.03,113990.0,113000.0,113148.66,1509.65106
2025-08-21 12:00:00,113148.65,113995.11,112608.64,112792.08,2521.11028
2025-08-21 16:00:00,112792.08,112969.47,112015.67,112193.71,2468.80417
2025-08-21 20:00:00,112193.71,112870.94,112067.46,112500.0,1101.03582
2025-08-22 00:00:00,112500.0,113525.0,112335.6,112929.24,1610.19525
2025-08-22 04:00:00,112929.24,113394.76,112708.81,113094.83,1656.2572
2025-08-22 08:00:00,113094.83,113319.3,112177.27,112320.0,1932.43574
2025-08-22 12:00:00,112320.01,117296.12,111684.79,116370.75,11505.26127
2025-08-22 16:00:00,116370.75,117429.05,116116.0,116655.79,4307.94644
2025-08-22 20:00:00,116655.79,117174.43,116550.96,116935.99,2115.99447
2025-08-23 00:00:00,116936.0,117030.0,115458.2,115568.77,2647.58419
2025-08-23 04:00:00,115568.77,116034.53,115551.2,115799.47,2258.18362
2025-08-23 08:00:00,115799.46,115861.8,115223.43,115310.13,1313.89391
2025-08-23 12:00:00,115310.13,115486.97,114560.0,114812.87,3027.56166
2025-08-23 16:00:00,114812.88,115190.74,114684.11,115133.91,1105.55067
2025-08-23 20:00:00,115133.92,115454.12,115001.88,115438.05,976.58792
2025-08-24 00:00:00,115438.06,115666.68,114934.21,115036.0,1995.92433
2025-08-24 04:00:00,115036.01,115283.21,114846.14,114888.19,1715.6873
2025-08-24 08:00:00,114888.19,115060.99,114600.0,114730.22,2223.47925
2025-08-24 12:00:00,114730.22,114869.41,114350.57,114400.0,2662.01905
2025-08-24 16:00:00,114400.01,114917.1,110680.0,112600.0,8322.01988
2025-08-24 20:00:00,112600.0,113692.97,111632.85,113493.59,4256.85481
2025-08-25 00:00:00,113493.59,113667.28,112159.0,112916.84,2384.9729
2025-08-25 04:00:00,112916.84,113059.52,111284.05,111511.55,4054.02521
2025-08-25 08:00:00,111511.56,111850.13,110929.48,111214.97,4028.25788
2025-08-25 12:00:00,111214.97,112580.0,110588.0,112200.64,4593.3206
2025-08-25 16:00:00,112200.65,112937.26,110655.01,110716.13,3109.40411
2025-08-25 20:00:00,110716.13,111092.54,109274.1,110111.98,7012.81309
2025-08-26 00:00:00,110111.98,110111.98,108666.66,109879.56,4155.39206
2025-08-26 04:00:00,109879.57,110547.31,109765.93,110303.2,1910.05232
2025-08-26 08:00:00,110303.2,110455.13,109570.34,109876.52,1852.10166
2025-08-26 12:00:00,109876.53,110818.6,109393.93,109666.33,4559.68511
2025-08-26 16:00:00,109666.34,111162.59,109450.0,111116.03,3548.51055
2025-08-26 20:00:00,111116.03,112371.0,110918.26,111763.22,2426.69707
2025-08-27 00:00:00,111763.22,111825.16,110918.26,111418.15,2172.27313
2025-08-27 04:00:00,111418.15,111737.26,110622.5,110725.18,1809.80294
2025-08-27 08:00:00,110725.19,111374.45,110345.42,111322.07,1594.26753
2025-08-27 12:00:00,111322.07,112625.0,111019.02,112000.0,3310.1006
2025-08-27 16:00:00,111999.99,112600.0,111541.23,112080.69,1902.42552
2025-08-27 20:00:00,112080.68,112452.05,110921.79,111262.01,2603.73903
2025-08-28 00:00:00,111262.01,112042.04,110862.42,112000.01,1203.77782
2025-08-28 04:00:00,112000.0,113360.0,111945.07,113114.11,2481.91862
2025-08-28 08:00:00,113114.11,113351.51,112826.22,112909.18,1419.04336
2025-08-28 12:00:00,112909.18,113485.9,112391.56,112678.53,3088.9335
2025-08-28 16:00:00,112678.53,113186.56,111901.35,111901.36,1813.29699
2025-08-28 20:00:00,111901.36,112575.98,111872.06,112566.9,1097.30715
2025-08-29 00:00:00,112566.9,112638.64,111302.27,111704.23,2123.00621
2025-08-29 04:00:00,111704.24,111850.56,109899.99,110019.38,4260.9718
2025-08-29 08:00:00,110019.38,110270.3,109414.18,110098.81,2848.31026
2025-08-29 12:00:00,110098.81,111517.07,108103.0,108386.23,7729.2804
2025-08-29 16:00:00,108386.23,108832.0,107934.24,108212.01,2605.64538
2025-08-29 20:00:00,108212.01,108549.99,107463.9,108377.4,3013.0964
2025-08-30 00:00:00,108377.4,108436.21,107350.1,108436.2,3244.13736
2025-08-30 04:00:00,108436.21,108697.28,108120.0,108524.26,3052.32523
2025-08-30 08:00:00,108524.26,108777.43,108400.0,108680.01,1416.9539
2025-08-30 12:00:00,108680.01,108926.15,108190.52,108869.98,1540.53972
2025-08-30 16:00:00,108869.98,108900.0,108625.46,108828.33,677.58629
2025-08-30 20:00:00,108828.32,108838.27,108468.77,108816.33,776.84909
2025-08-31 00:00:00,108816.33,109480.02,108801.35,109223.84,1756.83146
2025-08-31 04:00:00,109223.84,109231.41,108523.49,108708.26,1177.25929
2025-08-31 08:00:00,108708.25,109100.0,108303.21,108389.76,1590.89462
2025-08-31 12:00:00,108389.77,108858.43,108191.29,108818.69,2441.88905
2025-08-31 16:00:00,108818.69,109237.51,108555.0,108930.0,1232.50315
2025-08-31 20:00:00,108930.0,109230.0,108076.93,108246.35,1290.13839
2025-09-01 00:00:00,108246.36,108482.98,107393.0,107660.01,3206.34097
2025-09-01 04:00:00,107660.0,109432.99,107255.0,109432.99,2904.1728
2025-09-01 08:00:00,109432.99,109912.4,108186.41,108782.88,3111.29125
2025-09-01 12:00:00,108782.89,109520.0,108566.0,108784.33,2266.34513
2025-09-01 16:00:00,108784.33,109329.65,108391.3,109217.64,1553.15049
2025-09-01 20:00:00,109217.65,109442.95,107459.49,109237.42,3012.30155
2025-09-02 00:00:00,109237.43,110623.97,108883.8,110322.18,3166.02008
2025-09-02 04:00:00,110322.19,110610.5,110000.0,110233.92,1952.71608
2025-09-02 08:00:00,110233.91,110711.1,109563.87,109733.34,2462.01591
2025-09-02 12:00:00,109733.33,111771.52,108393.39,110829.17,6768.89317
2025-09-02 16:00:00,110829.16,111119.58,110200.0,110806.0,2585.23037
2025-09-02 20:00:00,110806.01,111538.17,110716.77,111240.01,1575.41195
2025-09-03 00:00:00,111240.01,111782.21,110892.14,111054.01,2263.61693
2025-09-03 04:00:00,111054.0,111151.99,110528.71,111099.88,1539.69973
2025-09-03 08:00:00,111099.87,111708.0,110889.29,111437.77,1514.83708
2025-09-03 12:00:00,111437.77,112500.0,111031.61,112222.74,3550.00487
2025-09-03 16:00:00,112222.73,112575.27,111686.24,112193.74,1957.30873
2025-09-03 20:00:00,112193.74,112250.0,111613.98,111705.71,948.2535
2025-09-04 00:00:00,111705.72,112180.0,111136.0,111148.97,1484.75903
2025-09-04 04:00:00,111148.97,111318.84,110279.68,110463.36,2293.72804
2025-09-04 08:00:00,110463.36,111154.93,110415.72,110810.0,1251.00126
2025-09-04 12:00:00,110810.0,111123.99,109329.12,109510.31,3057.95062
2025-09-04 16:00:00,109510.32,110218.39,109363.26,109799.99,2124.63495
2025-09-04 20:00:00,109800.0,111765.31,109755.59,110730.87,1991.06146
2025-09-05 00:00:00,110730.87,111482.09,110435.75,111311.77,1665.5758
2025-09-05 04:00:00,111311.78,112999.0,111144.51,112954.32,3481.17531
2025-09-05 08:00:00,112954.32,112985.0,112131.02,112354.0,1956.82884
2025-09-05 12:00:00,112354.0,113384.62,110286.91,110716.82,9805.88987
2025-09-05 16:00:00,110716.82,111627.51,110206.96,111614.54,2167.09419
2025-09-05 20:00:00,111614.54,111700.0,110375.6,110659.99,2510.84487
2025-09-06 00:00:00,110660.0,111307.7,110552.56,111082.22,800.18218
2025-09-06 04:00:00,111082.23,111082.23,110687.69,110825.6,687.98406
2025-09-06 08:00:00,110825.59,110968.0,110675.58,110781.02,621.90211
2025-09-06 12:00:00,110781.03,110999.83,110358.11,110384.15,886.00942
2025-09-06 16:00:00,110384.16,110402.0,109977.0,110038.41,1391.66059
2025-09-06 20:00:00,110038.42,110282.82,110034.44,110187.97,612.56061
2025-09-07 00:00:00,110187.98,110733.12,110180.0,110629.15,948.63792
2025-09-07 04:00:00,110629.15,110911.42,110463.1,110753.42,872.74711
2025-09-07 08:00:00,110753.41,111377.19,110720.01,111292.13,1214.41306
2025-09-07 12:00:00,111292.12,111412.0,111042.6,111329.99,837.52385
2025-09-07 16:00:00,111329.99,111371.35,110861.2,111259.99,940.48526
2025-09-07 20:00:00,111259.99,111600.0,111001.45,111137.34,867.49224
2025-09-08 00:00:00,111137.35,111372.0,110621.78,111052.11,1701.47085
2025-09-08 04:00:00,111052.11,111609.04,110899.69,111280.39,1330.12513
2025-09-08 08:00:00,111280.4,112186.98,111252.9,112052.43,2723.68786
2025-09-08 12:00:00,112052.43,112924.37,111877.64,112631.75,3018.22348
2025-09-08 16:00:00,112631.74,112670.06,111978.67,112097.31,1681.81458
2025-09-08 20:00:00,112097.31,112512.71,111896.0,112065.23,1127.08021
2025-09-09 00:00:00,112065.23,112104.41,111111.0,111708.0,2091.77038
2025-09-09 04:00:00,111708.01,113293.29,111624.12,112991.11,2906.5944
2025-09-09 08:00:00,112991.11,113176.51,112403.91,112433.59,1848.92022
2025-09-09 12:00:00,112433.59,112950.0,110766.66,110880.76,4662.13241
2025-09-09 16:00:00,110880.76,111388.04,110788.0,111301.53,2121.49527
2025-09-09 20:00:00,111301.53,111745.69,111090.07,111546.39,1748.3698
2025-09-10 00:00:00,111546.38,111586.26,110917.45,111545.88,1667.04272
2025-09-10 04:00:00,111545.88,112602.35,111372.42,112553.65,2477.2586
2025-09-10 08:00:00,112553.65,112859.8,112097.2,112299.99,2579.59736
2025-09-10 12:00:00,112300.0,114313.13,112299.99,113853.99,6630.72074
2025-09-10 16:00:00,113853.99,114074.46,113155.03,113574.52,2628.46871
2025-09-10 20:00:00,113574.53,114025.78,113528.01,113960.0,1534.3301
2025-09-11 00:00:00,113960.0,114434.23,113669.82,114400.01,1596.62879
2025-09-11 04:00:00,114400.01,114459.65,113957.2,114083.58,1954.14285
2025-09-11 08:00:00,114083.58,114200.0,113776.0,113999.99,1512.60333
2025-09-11 12:00:00,113999.99,114715.02,113430.0,114180.31,5143.69337
2025-09-11 16:00:00,114180.32,114605.54,114102.0,114419.99,1437.71411
2025-09-11 20:00:00,114420.0,115488.09,114246.04,115482.69,2031.94874
2025-09-12 00:00:00,115482.69,116331.81,115045.45,115194.14,3703.00155
2025-09-12 04:00:00,115194.14,115656.87,115086.7,115086.7,1630.41759
2025-09-12 08:00:00,115086.7,115273.12,114888.01,114913.45,1958.78975
2025-09-12 12:00:00,114913.45,115500.95,114740.99,115121.18,2042.13901
2025-09-12 16:00:00,115121.18,116665.63,115030.3,116632.51,3863.84437
2025-09-12 20:00:00,116632.51,116632.51,115752.68,116029.42,2125.91492
2025-09-13 00:00:00,116029.41,116298.78,115576.26,115957.0,2254.31226
2025-09-13 04:00:00,115957.0,115957.01,115657.81,115778.71,1062.2047
2025-09-13 08:00:00,115778.72,116166.71,115767.33,115974.11,1228.90503
2025-09-13 12:00:00,115974.11,116060.0,115603.98,115768.68,1373.33567
2025-09-13 16:00:00,115768.68,115817.37,115127.27,115797.12,1589.96184
2025-09-13 20:00:00,115797.12,115991.29,115797.11,115918.29,760.68444
2025-09-14 00:00:00,115918.29,116109.0,115651.99,115679.98,879.64203
2025-09-14 04:00:00,115679.99,115936.0,115449.59,115805.39,914.78349
2025-09-14 08:00:00,115805.39,116165.19,115748.78,115794.91,840.40714
2025-09-14 12:00:00,115794.92,115878.49,115141.8,115224.01,2036.51269
2025-09-14 16:00:00,115224.01,115657.5,115193.9,115634.99,869.12927
2025-09-14 20:00:00,115634.99,116087.35,115135.0,115268.01,1167.12735
2025-09-15 00:00:00,115268.01,115594.9,114825.0,115445.45,1291.49944
2025-09-15 04:00:00,115445.46,116757.99,115400.0,115806.62,2645.45158
2025-09-15 08:00:00,115806.62,115806.62,114625.87,115070.0,3497.27876
2025-09-15 12:00:00,115070.01,115099.0,114384.0,114842.9,2995.41636
2025-09-15 16:00:00,114842.9,115570.0,114600.0,115307.78,1872.69025
2025-09-15 20:00:00,115307.78,115605.07,115200.07,115349.71,910.1751
2025-09-16 00:00:00,115349.71,115520.0,114945.01,115307.25,864.47636
2025-09-16 04:00:00,115307.26,116009.62,114930.0,115840.0,1899.99942
2025-09-16 08:00:00,115839.99,115981.17,115206.15,115287.83,1345.53241
2025-09-16 12:00:00,115287.84,115905.89,114737.11,115905.88,2622.65829
2025-09-16 16:00:00,115905.88,116870.76,115608.28,116800.12,2955.38019
2025-09-16 20:00:00,116800.13,116964.27,116584.45,116788.96,1238.86273
2025-09-17 00:00:00,116788.96,117077.16,116371.81,116372.04,1657.75299
2025-09-17 04:00:00,116372.05,117286.73,116160.22,117162.48,2485.03317
2025-09-17 08:00:00,117162.48,117189.86,116253.27,116258.13,1655.0881
2025-09-17 12:00:00,116258.12,116516.93,115432.0,115875.32,2848.33061
2025-09-17 16:00:00,115875.33,116333.33,114720.81,115652.02,5738.81221
2025-09-17 20:00:00,115652.02,116990.68,115307.33,116447.59,2369.22832
2025-09-18 00:00:00,116447.6,117896.0,116092.76,117581.66,3081.68078
2025-09-18 04:00:00,117581.67,117750.0,116888.02,117086.01,1789.62789
2025-09-18 08:00:00,117086.01,117413.04,117010.59,117063.4,1165.75229
2025-09-18 12:00:00,117063.41,117843.83,116977.59,117583.56,2416.33194
2025-09-18 16:00:00,117583.56,117900.0,117196.33,117450.21,1828.6235
2025-09-18 20:00:00,117450.21,117657.17,116612.03,117073.53,1375.21725
2025-09-19 00:00:00,117073.53,117459.99,116871.61,116977.58,1326.38784
2025-09-19 04:00:00,116977.58,117100.0,116633.86,116909.97,1538.09106
2025-09-19 08:00:00,116909.98,117090.36,116300.0,116394.72,1243.82831
2025-09-19 12:00:00,116394.72,116529.08,115464.19,115884.03,2657.87565
2025-09-19 16:00:00,115884.03,116136.0,115112.58,115125.12,1413.65495
2025-09-19 20:00:00,115125.13,115657.28,115100.0,115632.38,812.25284
2025-09-20 00:00:00,115632.39,115730.41,115408.47,115445.0,717.06298
2025-09-20 04:00:00,115445.0,115985.2,115409.08,115968.56,759.46126
2025-09-20 08:00:00,115968.56,115968.57,115664.11,115894.06,793.04586
2025-09-20 12:00:00,115894.05,116121.81,115804.47,115986.69,836.91424
2025-09-20 16:00:00,115986.7,116079.46,115698.08,115702.0,898.20806
2025-09-20 20:00:00,115702.0,115944.7,115603.42,115685.63,670.23512
2025-09-21 00:00:00,115685.63,115732.94,115441.83,115669.41,919.05922
2025-09-21 04:00:00,115669.42,115815.98,115487.56,115815.97,806.9398
2025-09-21 08:00:00,115815.98,115819.06,115329.03,115603.45,786.85295
2025-09-21 12:00:00,115603.45,115747.23,115473.19,115531.61,671.3204
2025-09-21 16:00:00,115531.62,115665.52,115209.02,115480.05,781.11646
2025-09-21 20:00:00,115480.05,115545.43,115188.0,115232.29,546.23336
2025-09-22 00:00:00,115232.29,115379.25,114150.0,114649.89,3078.59053
2025-09-22 04:00:00,114649.89,114649.9,111800.0,112519.99,7290.80289
2025-09-22 08:00:00,112520.0,112976.02,112173.52,112876.97,3052.23045
2025-09-22 12:00:00,112876.97,113432.76,112380.0,112815.5,3313.50245
2025-09-22 16:00:00,112815.5,112888.0,111936.4,112122.9,2731.51753
2025-09-22 20:00:00,112122.9,112977.41,111975.28,112650.99,1315.06971
2025-09-23 00:00:00,112650.99,112833.09,111478.0,112339.99,2398.09582
2025-09-23 04:00:00,112339.99,113114.01,111876.15,113090.13,2504.81638
2025-09-23 08:00:00,113090.13,113281.5,112683.33,112975.99,1814.57634
2025-09-23 12:00:00,112975.99,113290.5,112496.61,112882.19,1948.83266
2025-09-23 16:00:00,112882.2,112958.58,111540.2,111655.29,2394.18192
2025-09-23 20:00:00,111655.29,112220.54,111458.73,111998.8,1240.81718
2025-09-24 00:00:00,111998.8,112500.0,111683.09,111683.09,2848.03309
2025-09-24 04:00:00,111683.1,112779.37,111042.66,112583.54,2905.68984
2025-09-24 08:00:00,112583.54,113162.17,112405.62,113029.46,1567.72874
2025-09-24 12:00:00,113029.45,113890.0,112808.0,113346.41,2535.05067
2025-09-24 16:00:00,113346.4,113940.0,113163.21,113420.01,1318.69585
2025-09-24 20:00:00,113420.0,113647.58,113204.71,113307.0,1194.06148
2025-09-25 00:00:00,113307.01,113510.23,112214.74,112546.21,3049.61418
2025-09-25 04:00:00,112546.22,112614.43,111450.42,111766.72,2930.2095
2025-09-25 08:00:00,111766.73,112246.46,111283.63,111348.0,2287.76235
2025-09-25 12:00:00,111347.99,111729.52,110629.99,111580.77,4734.75828
2025-09-25 16:00:00,111580.77,111672.58,108631.51,109360.0,6129.42446
2025-09-25 20:00:00,109360.0,109685.72,108765.0,108994.49,2099.3808
2025-09-26 00:00:00,108994.49,109798.84,108809.24,109580.01,2323.19574
2025-09-26 04:00:00,109580.0,109625.94,108913.0,109320.02,3055.89804
2025-09-26 08:00:00,109320.02,109690.98,108620.07,109133.5,2675.46214
2025-09-26 12:00:00,109133.5,109779.73,108764.76,109027.78,3241.9244
2025-09-26 16:00:00,109027.79,110300.0,109027.78,109172.2,2093.42859
2025-09-26 20:00:00,109172.21,109687.69,109087.57,109643.46,853.107
2025-09-27 00:00:00,109643.46,109743.91,109324.42,109553.77,1041.65919
2025-09-27 04:00:00,109553.77,109742.27,109332.02,109411.2,908.84116
2025-09-27 08:00:00,109411.19,109477.69,109064.4,109310.21,1356.29029
2025-09-27 12:00:00,109310.22,109477.59,109193.0,109402.24,1151.38343
2025-09-27 16:00:00,109402.25,109440.0,109243.89,109424.2,590.81859
2025-09-27 20:00:00,109424.21,109699.98,109362.72,109635.85,452.79377
2025-09-28 00:00:00,109635.85,109787.75,109325.05,109436.0,822.14827
2025-09-28 04:00:00,109436.0,109537.8,109260.0,109513.06,569.05076
2025-09-28 08:00:00,109513.06,109585.39,109250.0,109369.02,862.93461
2025-09-28 12:00:00,109369.02,110037.93,109189.99,110037.93,1349.20291
2025-09-28 16:00:00,110037.92,110393.63,110008.54,110337.6,1215.77694
2025-09-28 20:00:00,110337.61,112350.0,110294.78,112163.95,2723.21811
2025-09-29 00:00:00,112163.96,112310.0,111588.07,111857.51,2297.47362
2025-09-29 04:00:00,111857.51,111904.34,111560.65,111865.95,1831.36016
2025-09-29 08:00:00,111865.96,112421.99,111865.95,112100.0,2126.24195
2025-09-29 12:00:00,112100.0,114231.56,111901.26,113815.57,5064.79852
2025-09-29 16:00:00,113815.57,114390.93,113449.74,114265.55,2716.40525
2025-09-29 20:00:00,114265.56,114400.0,114020.0,114311.96,1504.84055
2025-09-30 00:00:00,114311.97,114792.0,114040.35,114376.39,2494.38118
2025-09-30 04:00:00,114376.39,114376.4,113585.0,113699.23,2326.82117
2025-09-30 08:00:00,113699.24,113741.37,112656.27,113055.01,2869.29172
2025-09-30 12:00:00,113055.0,113677.23,112866.11,113106.16,2840.28661
2025-09-30 16:00:00,113106.15,114563.46,112800.0,114359.99,2535.88761
2025-09-30 20:00:00,114359.99,114754.87,113765.42,114048.93,1977.48804
2025-10-01 00:00:00,114048.94,114551.76,113966.67,114176.92,2042.57116
2025-10-01 04:00:00,114176.93,114740.0,114151.0,114539.02,1996.43364
2025-10-01 08:00:00,114539.02,116795.85,114484.43,116789.58,5217.93036
2025-10-01 12:00:00,116789.57,117649.99,116363.38,117423.73,4518.346
2025-10-01 16:00:00,117423.73,118199.0,116724.56,117439.53,3814.32316
2025-10-01 20:00:00,117439.53,118649.1,117163.25,118594.99,2446.79084
2025-10-02 00:00:00,118594.99,119456.92,118368.05,118733.99,4187.34775
2025-10-02 04:00:00,118733.99,118930.29,118279.31,118489.76,1772.36438
2025-10-02 08:00:00,118489.76,118926.49,118354.61,118765.73,1460.00845
2025-10-02 12:00:00,118765.72,119910.79,118516.39,119910.78,5099.16626
2025-10-02 16:00:00,119910.78,121022.07,119359.63,120836.49,4869.11141
2025-10-02 20:00:00,120836.49,120914.0,120072.46,120529.35,2282.83678
2025-10-03 00:00:00,120529.35,120550.9,119820.0,120225.89,2268.65523
2025-10-03 04:00:00,120225.88,120324.53,119610.59,119640.21,2293.91523
2025-10-03 08:00:00,119640.22,120515.89,119248.3,120334.5,3467.40526
2025-10-03 12:00:00,120334.51,122366.0,119881.24,122258.05,4929.42106
2025-10-03 16:00:00,122258.04,123894.99,121466.25,122660.99,9447.66952
2025-10-03 20:00:00,122661.0,122734.92,121999.33,122232.0,1529.2617
2025-10-04 00:00:00,122232.21,122325.6,121684.97,122243.99,1730.5772
2025-10-04 04:00:00,122243.99,122800.0,122219.3,122324.08,1516.17531
2025-10-04 08:00:00,122324.08,122539.83,121962.81,121973.26,1268.73633
2025-10-04 12:00:00,121973.26,122509.52,121698.88,121791.31,1464.05666
2025-10-04 16:00:00,121791.31,121964.95,121510.0,121959.25,1443.23464
2025-10-04 20:00:00,121959.25,122410.0,121871.01,122391.0,785.38664
2025-10-05 00:00:00,122390.99,124362.28,122136.0,123776.22,4212.02615
2025-10-05 04:00:00,123776.23,125708.42,123734.0,124713.63,7342.549203
2025-10-05 08:00:00,124713.63,124838.37,122520.24,123464.64,4455.30964
2025-10-05 12:00:00,123464.64,123464.65,122675.0,122803.17,2233.09004
2025-10-05 16:00:00,122803.17,123464.0,122301.63,122591.79,2386.1605
2025-10-05 20:00:00,122591.8,123548.83,122473.62,123482.31,1413.96202
2025-10-06 00:00:00,123482.32,124358.46,123084.0,123839.09,3025.28443
2025-10-06 04:00:00,123839.09,124165.56,123280.49,123390.47,2210.62835
2025-10-06 08:00:00,123390.47,124531.66,123390.46,124215.0,2768.21181
2025-10-06 12:00:00,124215.0,125408.29,124178.0,125000.0,4567.6948
2025-10-06 16:00:00,125000.0,126199.63,124800.0,125410.81,4722.172353
2025-10-06 20:00:00,125410.8,125534.0,124511.15,124658.54,2200.63705
2025-10-07 00:00:00,124658.54,125082.27,124101.26,124329.74,1773.60979
2025-10-07 04:00:00,124329.74,124654.47,123567.6,123667.99,2455.2259
2025-10-07 08:00:00,123668.0,124509.6,123322.9,124453.38,2444.73415
2025-10-07 12:00:00,124453.37,125126.0,121172.89,121846.01,7360.01455
2025-10-07 16:00:00,121846.01,122084.14,120574.94,121637.17,5726.896
2025-10-07 20:00:00,121637.18,122292.62,121258.08,121332.95,1873.51346
2025-10-08 00:00:00,121332.96,122229.66,121200.0,121374.75,2406.76826
2025-10-08 04:00:00,121374.76,121910.24,121066.14,121597.06,2670.85944
2025-10-08 08:00:00,121597.05,123200.0,121524.01,122884.14,3408.74044
2025-10-08 12:00:00,122884.14,123350.0,121649.68,122189.72,3373.3683
2025-10-08 16:00:00,122189.72,124197.25,122110.08,123450.0,3795.53021
2025-10-08 20:00:00,123450.01,123737.0,122794.4,123306.0,1357.35135
2025-10-09 00:00:00,123306.01,123348.32,121475.98,122038.01,2319.17839
2025-10-09 04:00:00,122038.01,122264.0,121724.71,121906.1,1451.1479
2025-10-09 08:00:00,121906.09,122833.02,121145.49,122737.57,2689.44106
2025-10-09 12:00:00,122737.56,123762.94,120673.99,121147.14,6566.062
2025-10-09 16:00:00,121147.15,121481.9,119651.47,120951.72,6174.05969
2025-10-09 20:00:00,120951.72,121900.0,120838.0,121662.4,2359.47103
2025-10-10 00:00:00,121662.41,121874.13,120900.0,121026.01,2094.68145
2025-10-10 04:00:00,121026.0,121754.34,120855.41,120932.05,2566.54979
2025-10-10 08:00:00,120932.05,121777.07,120916.44,121554.55,1553.83694
2025-10-10 12:00:00,121554.55,122550.0,118500.0,119018.98,7767.59253
2025-10-10 16:00:00,119018.99,119456.28,115952.47,116661.5,8454.54427
2025-10-10 20:00:00,116661.5,117214.64,102000.0,112774.5,41734.73429
2025-10-11 00:00:00,112774.49,113322.39,111019.43,112300.01,11533.52669
2025-10-11 04:00:00,112300.0,112991.16,110090.29,110384.61,7142.76272
2025-10-11 08:00:00,110384.6,112359.67,110162.23,112280.0,5929.13992
2025-10-11 12:00:00,112280.01,112500.0,111793.2,111793.2,3681.24351
2025-10-11 16:00:00,111793.21,112185.53,110865.82,111178.31,3138.91159
2025-10-11 20:00:00,111178.3,111368.29,109561.59,110644.4,4022.93209
2025-10-12 00:00:00,110644.4,111368.14,109565.06,110676.0,4785.58424
2025-10-12 04:00:00,110676.0,112125.51,110617.1,111525.2,2731.29761
2025-10-12 08:00:00,111525.19,112133.33,111139.87,111848.36,2810.82095
2025-10-12 12:00:00,111848.35,113745.84,111177.75,113198.2,9020.41664
2025-10-12 16:00:00,113198.2,114700.0,113198.2,114342.28,6635.34892
2025-10-12 20:00:00,114342.28,115770.0,114217.75,114958.8,6271.83436
2025-10-13 00:00:00,114958.81,115963.81,114619.45,114821.12,4123.60858
2025-10-13 04:00:00,114821.13,115554.83,114398.24,115399.67,3437.01313
2025-10-13 08:00:00,115399.66,115438.17,113616.5,114180.0,4560.86246
2025-10-13 12:00:00,114180.0,115530.0,113800.01,114312.1,5538.12887
2025-10-13 16:00:00,114312.09,115891.3,114215.79,115792.84,3368.92301
2025-10-13 20:00:00,115792.84,115868.0,115005.44,115166.0,1528.70428
2025-10-14 00:00:00,115166.0,115409.96,113279.76,113500.0,3456.84461
2025-10-14 04:00:00,113500.0,113691.0,111355.01,111724.41,6286.29915
2025-10-14 08:00:00,111724.41,112140.0,110012.24,111313.98,5281.83478
2025-10-14 12:00:00,111313.98,112943.82,109866.0,112900.43,7186.98731
2025-10-14 16:00:00,112900.44,113544.53,111692.31,112613.7,7436.01163
2025-10-14 20:00:00,112613.69,113577.0,112230.46,113028.14,2222.35226
2025-10-15 00:00:00,113028.13,113612.35,111825.93,112024.29,3526.54912
2025-10-15 04:00:00,112024.3,112680.0,111746.76,112584.5,3442.20374
2025-10-15 08:00:00,112584.49,113520.88,111693.26,111905.73,3699.08334
2025-10-15 12:00:00,111905.72,112238.41,110400.0,110798.01,6590.50038
2025-10-15 16:00:00,110798.01,111557.7,110164.0,111271.73,3317.74779
2025-10-15 20:00:00,111271.73,111556.27,110500.0,110763.28,2410.40374
2025-10-16 00:00:00,110763.28,111867.17,110361.0,111329.48,2715.42468
2025-10-16 04:00:00,111329.48,111773.7,110553.19,110584.2,3097.1426
2025-10-16 08:00:00,110584.21,111728.7,109635.15,111404.72,5282.11808
2025-10-16 12:00:00,111404.73,111982.45,108361.69,108549.21,8252.81169
2025-10-16 16:00:00,108549.21,109254.0,107577.57,108197.66,8255.26892
2025-10-16 20:00:00,108197.67,108500.0,107427.0,108194.28,2254.40655
2025-10-17 00:00:00,108194.27,109240.0,107934.4,109176.74,2417.89309
2025-10-17 04:00:00,109176.74,109236.01,105542.09,105633.75,8020.07533
2025-10-17 08:00:00,105633.75,106651.22,103528.23,105683.72,13908.33322
2025-10-17 12:00:00,105683.71,106852.14,104533.21,106803.53,7847.34313
2025-10-17 16:00:00,106803.52,107575.6,106071.42,106454.72,3916.46744
2025-10-17 20:00:00,106457.24,107440.02,106342.47,106431.68,1810.55617
2025-10-18 00:00:00,106431.68,107306.06,106322.2,107070.4,2668.3034
2025-10-18 04:00:00,107070.41,107499.0,106439.38,106665.0,2976.33507
2025-10-18 08:00:00,106665.01,107222.0,106605.93,107208.6,2336.72819
2025-10-18 12:00:00,107208.61,107300.0,106739.33,106948.75,1425.61863
2025-10-18 16:00:00,106948.75,107091.87,106484.0,107080.14,911.25891
2025-10-18 20:00:00,107080.14,107339.03,106851.84,107185.01,804.94346
2025-10-19 00:00:00,107185.0,107367.16,106734.17,107275.78,1058.1121
2025-10-19 04:00:00,107275.79,107290.0,106558.61,106786.0,1247.19589
2025-10-19 08:00:00,106786.0,108260.5,106103.36,107783.47,5059.55867
2025-10-19 12:00:00,107783.47,108621.68,107355.02,108486.7,3636.47308
2025-10-19 16:00:00,108486.71,109450.07,108240.0,108908.43,2430.56297
2025-10-19 20:00:00,108908.43,109370.99,108471.1,108642.78,2048.76152
2025-10-20 00:00:00,108642.77,110427.86,107402.52,110145.44,3683.55508
2025-10-20 04:00:00,110145.45,111445.67,109951.96,111169.92,3967.97672
2025-10-20 08:00:00,111169.91,111679.25,110608.27,111016.75,3452.86704
2025-10-20 12:00:00,111016.75,111705.56,110588.23,111144.55,3006.20504
2025-10-20 16:00:00,111144.55,111303.05,109855.83,110803.22,3716.65669
2025-10-20 20:00:00,110803.22,111272.0,110418.25,110532.09,1366.18103
2025-10-21 00:00:00,110532.09,110532.09,109052.09,109059.22,2405.81342
2025-10-21 04:00:00,109059.23,109059.23,107473.72,108086.37,4930.3268
2025-10-21 08:00:00,108086.38,108811.47,107484.22,108580.01,2989.72657
2025-10-21 12:00:00,108580.0,113557.62,107922.06,113422.61,10002.10737
2025-10-21 16:00:00,113422.6,114000.0,111324.29,111780.39,10731.47816
2025-10-21 20:00:00,111780.4,111801.41,108045.81,108297.67,6168.56427
2025-10-22 00:00:00,108297.66,108678.21,107841.2,108216.02,4851.56459
2025-10-22 04:00:00,108216.03,108638.99,107610.0,108321.63,3883.15964
2025-10-22 08:00:00,108321.64,108358.76,106708.18,107555.05,4012.65986
2025-10-22 12:00:00,107555.04,109163.88,107443.01,108416.5,7925.67327
2025-10-22 16:00:00,108416.5,108796.42,107463.29,107870.35,4008.05438
2025-10-22 20:00:00,107870.35,108069.93,106666.69,107567.44,3929.67277
2025-10-23 00:00:00,107567.45,108720.39,107500.0,108377.96,2373.50317
2025-10-23 04:00:00,108377.96,110298.29,108350.36,109269.9,3314.78585
2025-10-23 08:00:00,109269.9,109903.83,109100.4,109253.89,2204.01103
2025-10-23 12:00:00,109253.88,110109.99,108685.72,109908.28,4284.59025
2025-10-23 16:00:00,109908.29,111293.61,109647.34,110200.0,3640.32069
2025-10-23 20:00:00,110200.01,110200.01,109341.28,110078.18,1755.88195
2025-10-24 00:00:00,110078.19,110829.67,109983.93,110441.46,1538.88446
2025-10-24 04:00:00,110441.46,111522.3,110332.0,111054.61,2705.19443
2025-10-24 08:00:00,111054.61,111482.99,110600.0,111066.29,1981.64658
2025-10-24 12:00:00,111066.29,112104.98,109700.01,110046.91,5533.12257
2025-10-24 16:00:00,110046.92,110945.39,109797.13,110615.07,1470.06782
2025-10-24 20:00:00,110615.07,111138.62,110478.0,111004.89,1776.25327
2025-10-25 00:00:00,111004.9,111226.67,110672.86,111029.99,829.34913
2025-10-25 04:00:00,111029.99,111820.87,111029.99,111489.6,1417.09029
2025-10-25 08:00:00,111489.59,111850.13,111375.81,111563.81,1378.18654
2025-10-25 12:00:00,111563.81,111943.19,111311.19,111385.18,1254.08497
2025-10-25 16:00:00,111385.18,111731.78,111164.39,111623.45,963.51944
2025-10-25 20:00:00,111623.46,111683.64,111342.25,111646.27,565.73827
2025-10-26 00:00:00,111646.27,111899.56,111260.45,111260.46,1026.78183
2025-10-26 04:00:00,111260.46,111724.96,111260.46,111723.98,665.50994
2025-10-26 08:00:00,111723.98,113466.23,111708.63,113286.09,2987.57218
2025-10-26 12:00:00,113286.09,114000.0,113279.85,113694.97,3506.31151
2025-10-26 16:00:00,113694.97,113793.93,113290.62,113585.99,1360.11589
2025-10-26 20:00:00,113585.98,115466.8,112901.0,114559.4,3908.18602
2025-10-27 00:00:00,114559.41,115445.39,114362.26,114958.51,3281.65267
2025-10-27 04:00:00,114958.52,116400.0,114938.01,115554.6,5478.9455
2025-10-27 08:00:00,115554.59,115607.48,114814.69,115362.02,3701.92326
2025-10-27 12:00:00,115362.02,115437.48,114503.99,114969.68,4493.43933
2025-10-27 16:00:00,114969.68,115790.0,114790.81,114942.64,2258.20754
2025-10-27 20:00:00,114942.64,114942.64,113830.01,114107.65,2236.06411
2025-10-28 00:00:00,114107.65,114547.2,113569.91,113908.24,2184.14279
2025-10-28 04:00:00,113908.25,114364.99,113483.3,114188.37,2190.6787
2025-10-28 08:00:00,114188.38,114673.68,114113.3,114357.73,1236.93368
2025-10-28 12:00:00,114357.72,116086.0,114138.06,114641.38,4008.51256
2025-10-28 16:00:00,114641.38,115591.41,113566.44,113689.99,2719.79536
2025-10-28 20:00:00,113689.0,113703.32,112211.0,112898.45,3183.35948
2025-10-29 00:00:00,112898.44,112975.75,112100.0,112523.49,2076.22141
2025-10-29 04:00:00,112523.49,113577.9,112505.58,113577.9,2036.63326
2025-10-29 08:00:00,113577.9,113624.12,112732.91,113132.36,1970.99326
2025-10-29 12:00:00,113132.35,113643.73,111401.5,111509.74,4606.39611
2025-10-29 16:00:00,111509.74,112030.23,109200.0,110640.0,7741.83881
2025-10-29 20:00:00,110640.0,111800.0,109733.22,110021.29,2647.63091
2025-10-30 00:00:00,110021.3,111011.99,109703.43,110751.47,2342.18582
2025-10-30 04:00:00,110751.48,111592.0,107925.06,111366.72,6581.76635
2025-10-30 08:00:00,111366.72,111467.01,109692.3,109717.29,2970.54213
2025-10-30 12:00:00,109717.19,109777.93,107328.0,107711.56,6544.11088
2025-10-30 16:00:00,107711.56,108214.85,106304.34,106536.39,4367.26208
2025-10-30 20:00:00,106536.39,108334.53,106316.17,108322.88,3182.96112
2025-10-31 00:00:00,108322.87,110042.16,108275.28,109227.86,4174.2813
2025-10-31 04:00:00,109227.87,110215.0,109114.88,109449.31,3598.46922
2025-10-31 08:00:00,109449.32,110550.0,109214.13,110415.61,2439.82294
2025-10-31 12:00:00,110415.62,111190.0,109366.91,110202.9,6113.3169
2025-10-31 16:00:00,110202.9,110300.0,108635.0,109828.78,3864.41061
2025-10-31 20:00:00,109828.78,109828.79,109329.15,109608.01,1327.90342
2025-11-01 00:00:00,109608.01,110315.54,109394.81,110226.37,1329.53082
2025-11-01 04:00:00,110226.38,110564.49,109933.86,110071.4,1273.91172
2025-11-01 08:00:00,110071.4,110270.9,109854.72,110137.59,1127.98746
2025-11-01 12:00:00,110137.59,110348.0,109702.66,110310.65,1527.00509
2025-11-01 16:00:00,110310.65,110529.99,110192.0,110299.99,1247.33562
2025-11-01 20:00:00,110300.0,110516.17,109858.44,110098.1,872.7336
2025-11-02 00:00:00,110098.1,110263.91,109879.39,110053.23,856.27323
2025-11-02 04:00:00,110053.22,111045.09,110030.06,110895.53,4429.20302
2025-11-02 08:00:00,110895.53,111229.78,110346.15,111196.99,2428.29839
2025-11-02 12:00:00,111196.99,111250.01,110096.32,110117.48,1689.37947
2025-11-02 16:00:00,110117.49,110331.0,109735.59,110180.84,1185.47603
2025-11-02 20:00:00,110180.85,110742.26,109471.34,110540.68,1518.37073
2025-11-03 00:00:00,110540.69,110750.0,107907.44,107937.45,3966.5295
2025-11-03 04:00:00,107937.45,108075.0,107006.05,107468.23,3863.52296
2025-11-03 08:00:00,107468.23,107920.92,106726.63,107787.42,3470.56341
2025-11-03 12:00:00,107787.42,108333.0,105511.0,105745.71,6164.15776
2025-11-03 16:00:00,105745.71,107783.2,105306.56,107090.0,7788.41484
2025-11-03 20:00:00,107090.0,107169.68,105755.59,106583.04,3427.99932
2025-11-04 00:00:00,106583.05,107298.74,105852.37,107158.79,4088.97853
2025-11-04 04:00:00,107158.79,107299.0,104200.0,104490.72,8029.86674
2025-11-04 08:00:00,104490.73,104699.07,103605.0,104584.76,5321.10046
2025-11-04 12:00:00,104584.75,104842.63,102915.05,103197.01,7422.89891
2025-11-04 16:00:00,103197.02,103500.05,100010.73,100542.64,13452.93585
2025-11-04 20:00:00,100542.64,101893.09,98944.36,101497.22,12219.09327
2025-11-05 00:00:00,101497.23,102272.23,98966.8,102130.0,11012.84461
2025-11-05 04:00:00,102130.0,102370.0,101500.0,101993.02,4661.84078
2025-11-05 08:00:00,101993.03,102203.48,101176.47,102070.61,3577.50149
2025-11-05 12:00:00,102070.62,103798.37,101916.77,103728.3,6345.91865
2025-11-05 16:00:00,103728.3,104529.41,103057.56,104008.09,5492.77185
2025-11-05 20:00:00,104008.09,104534.74,103305.05,103885.16,2687.89833
2025-11-06 00:00:00,103885.16,103933.33,102716.26,103636.03,3781.79437
2025-11-06 04:00:00,103636.92,104200.0,102910.66,103185.48,2970.86552
2025-11-06 08:00:00,103184.75,103440.0,102651.63,103227.58,2657.25315
2025-11-06 12:00:00,103227.59,103626.46,101630.0,102014.48,6680.54627
2025-11-06 16:00:00,102014.49,102393.51,100300.95,101388.81,6059.2639
2025-11-06 20:00:00,101388.82,101643.28,100541.17,101346.04,3664.89818
2025-11-07 00:00:00,101346.04,102500.0,100749.94,101916.29,3965.61372
2025-11-07 04:00:00,101916.3,102527.0,101582.92,102010.0,3062.61099
2025-11-07 08:00:00,102009.99,102050.0,99803.58,100411.89,6600.41114
2025-11-07 12:00:00,100411.89,101253.99,99260.86,100797.95,8633.01674
2025-11-07 16:00:00,100797.95,103395.25,100517.06,103395.25,6836.56812
2025-11-07 20:00:00,103395.92,104096.36,102958.0,103339.08,2961.28871
2025-11-08 00:00:00,103339.09,103406.22,102539.49,102592.76,2401.80651
2025-11-08 04:00:00,102592.76,102836.0,101902.64,102352.96,2041.96251
2025-11-08 08:00:00,102352.96,102687.72,101715.76,101857.1,1838.21057
2025-11-08 12:00:00,101857.1,102186.99,101454.0,101711.45,3063.13156
2025-11-08 16:00:00,101711.46,102219.39,101522.08,101989.65,2120.40711
2025-11-08 20:00:00,101989.65,102482.2,101957.94,102312.94,925.26159
2025-11-09 00:00:00,102312.95,102337.89,101400.0,101662.05,2156.33613
2025-11-09 04:00:00,101662.05,102130.61,101635.96,101944.59,1101.66332
2025-11-09 08:00:00,101944.6,102307.68,101500.0,102239.41,1825.56978
2025-11-09 12:00:00,102239.41,104168.0,102050.64,103762.17,4687.64884
2025-11-09 16:00:00,103762.18,104805.57,103316.23,104805.57,2824.51417
2025-11-09 20:00:00,104805.57,105495.62,104058.59,104722.96,3743.23872
2025-11-10 00:00:00,104722.95,106670.11,104265.02,106027.97,6501.34292
2025-11-10 04:00:00,106027.97,106539.4,105846.26,106461.45,2684.13909
2025-11-10 08:00:00,106461.46,106599.47,105836.0,106176.5,2356.44228
2025-11-10 12:00:00,106176.5,106589.89,104667.0,105079.99,5720.78074
2025-11-10 16:00:00,105079.99,106094.31,104784.36,105817.99,2756.40939
2025-11-10 20:00:00,105818.0,106299.22,105280.0,106011.13,2663.14231
2025-11-11 00:00:00,106011.13,107500.0,105500.0,106456.0,4935.02762
2025-11-11 04:00:00,106456.0,106546.0,104741.2,104783.98,3316.23424
2025-11-11 08:00:00,104783.99,105497.99,104762.23,105311.9,1804.62899
2025-11-11 12:00:00,105311.9,105500.0,103170.33,103455.99,8851.069
2025-11-11 16:00:00,103455.99,103730.0,102840.22,103126.39,2547.95909
2025-11-11 20:00:00,103126.39,103224.29,102476.09,103058.99,2741.58824
2025-11-12 00:00:00,103059.0,103440.96,102687.72,103310.0,2672.05561
2025-11-12 04:00:00,103310.0,103654.38,103011.0,103112.66,2165.62446
2025-11-12 08:00:00,103112.65,105200.0,103112.24,105020.83,3543.70691
2025-11-12 12:00:00,105020.82,105333.33,101961.97,102173.51,5192.00313
2025-11-12 16:00:00,102173.51,102285.18,100813.59,101297.31,4869.26591
2025-11-12 20:00:00,101297.31,101999.35,101141.03,101654.37,2014.98304
2025-11-13 00:00:00,101654.37,102604.0,100922.55,102130.21,3586.47221
2025-11-13 04:00:00,102130.21,104085.01,101665.59,103475.66,4325.82278
2025-11-13 08:00:00,103475.66,103811.49,102553.63,102936.5,3138.63943
2025-11-13 12:00:00,102936.49,103483.83,101184.14,101382.64,6264.43277
2025-11-13 16:00:00,101382.63,101540.93,98147.4,98682.14,12921.08077
2025-11-13 20:00:00,98682.13,100501.31,98000.4,99692.02,5962.05975
2025-11-14 00:00:00,99692.03,99866.02,98700.0,99139.38,5839.81569
2025-11-14 04:00:00,99139.38,99178.58,95933.75,97151.98,11116.73192
2025-11-14 08:00:00,97151.97,97553.7,95711.0,96167.44,5255.60132
2025-11-14 12:00:00,96167.45,97322.35,94560.48,96796.14,14312.72078
2025-11-14 16:00:00,96796.14,97411.11,94800.55,95778.29,5605.64502
2025-11-14 20:00:00,95778.3,95940.0,94012.45,94594.0,5157.63008
2025-11-15 00:00:00,94594.0,96846.68,94558.49,96417.12,4376.79077
2025-11-15 04:00:00,96417.12,96570.65,95921.21,96333.86,2543.94362
2025-11-15 08:00:00,96333.87,96350.52,95630.0,95696.87,2336.22638
2025-11-15 12:00:00,95696.86,96471.22,95565.17,96260.0,1987.28578
2025-11-15 16:00:00,96259.99,96419.65,95731.32,96012.01,1880.65231
2025-11-15 20:00:00,96012.01,96012.01,95119.94,95596.24,1985.99505
2025-11-16 00:00:00,95596.23,95979.79,94841.62,95825.02,1896.67006
2025-11-16 04:00:00,95825.02,96192.0,95650.72,96099.99,1279.33932
2025-11-16 08:00:00,96099.98,96635.11,95500.0,95627.13,2585.38054
2025-11-16 12:00:00,95627.13,95900.0,94368.24,94573.46,2546.31874
2025-11-16 16:00:00,94573.46,95567.79,93770.48,94020.0,9045.25375
2025-11-16 20:00:00,94020.49,94739.74,93005.55,94261.44,6536.44269
2025-11-17 00:00:00,94261.45,95559.99,93767.27,95496.77,4124.53725
2025-11-17 04:00:00,95496.77,95880.0,94849.37,95653.77,3839.84656
2025-11-17 08:00:00,95653.78,96026.71,95309.68,95565.38,3415.65942
2025-11-17 12:00:00,95565.38,96043.0,93571.3,93959.67,8085.63652
2025-11-17 16:00:00,93959.68,94419.88,91588.0,91678.93,11700.57582
2025-11-17 20:00:00,91678.93,92399.48,91220.0,92215.14,8052.34249
2025-11-18 00:00:00,92215.14,92357.51,89700.0,90842.72,10647.23561
2025-11-18 04:00:00,90842.72,90851.66,89253.78,90512.1,9028.06735
2025-11-18 08:00:00,90512.1,91617.17,90509.79,91517.82,5777.46408
2025-11-18 12:00:00,91517.83,93049.91,90905.7,92910.1,7097.51563
2025-11-18 16:00:00,92910.1,93836.01,92579.23,93195.61,4917.36921
2025-11-18 20:00:00,93195.61,93423.74,92462.72,92960.83,2367.49581
2025-11-19 00:00:00,92960.83,92980.22,91660.49,91874.52,3065.15376
2025-11-19 04:00:00,91874.51,92028.92,90025.06,91863.64,5635.23952
2025-11-19 08:00:00,91863.64,91950.0,91072.41,91410.22,2540.86239
2025-11-19 12:00:00,91410.23,92384.61,89880.0,89951.7,6014.09197
2025-11-19 16:00:00,89951.7,90232.56,88630.71,88884.56,8787.19485
2025-11-19 20:00:00,88884.56,91594.0,88608.0,91554.96,6244.09511
2025-11-20 00:00:00,91554.96,92798.14,91185.26,92440.32,3929.05974
2025-11-20 04:00:00,92440.33,93160.0,91687.07,92320.18,3791.89
2025-11-20 08:00:00,92320.18,92400.94,91440.55,91934.0,3200.83736
2025-11-20 12:00:00,91934.01,92541.92,89835.34,89869.88,6162.85424
2025-11-20 16:00:00,89869.88,89911.73,86100.0,86921.28,17595.68288
2025-11-20 20:00:00,86921.27,88250.0,86325.23,86637.23,5052.86651
2025-11-21 00:00:00,86637.22,87498.94,85360.0,85821.34,6428.51913
2025-11-21 04:00:00,85821.35,86459.53,82000.0,84049.39,14205.49105
2025-11-21 08:00:00,84049.38,84709.89,81648.0,82309.66,16184.92659
2025-11-21 12:00:00,82309.67,85496.0,80600.0,82932.47,23041.35364
2025-11-21 16:00:00,82932.46,85572.82,82333.0,84209.3,8107.54282
2025-11-21 20:00:00,84209.3,85416.66,83464.96,85129.43,4288.29356
2025-11-22 00:00:00,85129.42,85620.0,84212.39,84440.47,2923.21557
2025-11-22 04:00:00,84440.48,84799.54,83832.91,84580.06,2218.31844
2025-11-22 08:00:00,84580.06,84586.62,83500.0,84098.94,3342.45829
2025-11-22 12:00:00,84098.94,84755.83,83620.16,84284.01,2668.44444
2025-11-22 16:00:00,84284.01,84899.0,84219.62,84609.76,1351.08151
2025-11-22 20:00:00,84609.77,85260.0,84237.7,84739.74,1690.41438
2025-11-23 00:00:00,84739.75,86349.84,84667.57,86308.54,4004.15131
2025-11-23 04:00:00,86308.54,86860.0,85420.0,85782.19,2913.01357
2025-11-23 08:00:00,85782.18,86465.24,85768.22,86331.28,2087.40357
2025-11-23 12:00:00,86331.28,87244.51,86271.1,87087.44,3471.36676
2025-11-23 16:00:00,87087.44,87689.47,86502.47,87325.01,3711.9574
2025-11-23 20:00:00,87325.01,88127.64,86701.54,86830.0,3546.57157
2025-11-24 00:00:00,86830.0,88059.44,85946.65,87460.02,4318.16094
2025-11-24 04:00:00,87460.03,87837.57,86450.0,87050.39,3276.3396
2025-11-24 08:00:00,87050.39,87050.39,85696.56,86264.72,3484.50939
2025-11-24 12:00:00,86264.71,86741.5,85272.0,86616.44,4635.50962
2025-11-24 16:00:00,86616.44,88834.62,86616.43,88327.29,6003.91247
2025-11-24 20:00:00,88327.29,89228.0,88252.5,88300.01,2944.69593
2025-11-25 00:00:00,88300.01,88300.01,87457.53,87822.12,2506.39849
2025-11-25 04:00:00,87822.12,88519.99,87300.0,87384.81,3032.60485
2025-11-25 08:00:00,87384.81,87606.57,86666.0,87361.71,3402.11161
2025-11-25 12:00:00,87361.71,87792.2,86116.0,86988.94,4897.6285
2025-11-25 16:00:00,86988.93,88155.65,86182.49,86882.85,3228.35208
2025-11-25 20:00:00,86882.84,87889.38,86565.48,87369.96,2499.94557
2025-11-26 00:00:00,87369.97,88224.0,87069.97,87119.92,2235.2732
2025-11-26 04:00:00,87119.93,87970.0,86909.99,87935.05,1828.65169
2025-11-26 08:00:00,87935.05,87941.58,86670.36,87095.79,2199.53135
2025-11-26 12:00:00,87095.78,87693.21,86306.77,86978.0,4198.26229
2025-11-26 16:00:00,86977.99,90418.39,86956.61,89957.36,7510.43418
2025-11-26 20:00:00,89957.37,90656.08,89508.85,90484.02,3703.66968
2025-11-27 00:00:00,90484.01,91950.0,90089.91,91091.68,5743.81731
2025-11-27 04:00:00,91091.68,91554.49,90889.11,91408.34,2443.78349
2025-11-27 08:00:00,91408.34,91940.18,91221.17,91371.88,2353.99141
2025-11-27 12:00:00,91371.87,91457.36,90438.43,90958.3,2921.51001
2025-11-27 16:00:00,90958.29,91843.59,90850.77,91528.21,2279.61546
2025-11-27 20:00:00,91528.22,91600.0,91114.52,91333.95,1090.79164
2025-11-28 00:00:00,91333.94,91417.99,90652.55,91208.85,1930.05393
2025-11-28 04:00:00,91208.85,91707.79,90867.43,90910.87,1873.92377
2025-11-28 08:00:00,90910.87,92030.0,90907.98,91437.64,3175.31997
2025-11-28 12:00:00,91437.64,93092.0,91380.94,92362.49,5046.613
2025-11-28 16:00:00,92362.5,92376.0,90180.63,91157.44,5779.19663
2025-11-28 20:00:00,91157.44,91247.16,90705.57,90890.7,1025.75282
2025-11-29 00:00:00,90890.71,91119.99,90546.36,90680.26,940.81817
2025-11-29 04:00:00,90680.26,90931.56,90311.92,90567.67,1229.54953
2025-11-29 08:00:00,90567.66,90738.17,90376.37,90673.19,957.44805
2025-11-29 12:00:00,90673.2,91110.36,90530.93,91063.5,1148.02698
2025-11-29 16:00:00,91063.5,91165.65,90155.47,90640.78,2192.51887
2025-11-29 20:00:00,90640.77,91051.87,90400.21,90802.44,961.52131
2025-11-30 00:00:00,90802.44,91055.5,90471.0,90909.35,1115.17062
2025-11-30 04:00:00,90909.35,91037.72,90670.4,90968.16,549.91781
2025-11-30 08:00:00,90968.16,91632.0,90927.16,91048.78,2515.69204
2025-11-30 12:00:00,91048.79,92000.01,91009.0,91435.31,2629.14986
2025-11-30 16:00:00,91435.31,91850.0,91159.42,91460.79,1049.01646
2025-11-30 20:00:00,91460.79,91626.75,90336.9,90360.0,1828.79496
2025-12-01 00:00:00,90360.01,90417.0,86161.61,86346.13,10249.65966
2025-12-01 04:00:00,86346.13,86578.06,85604.0,86550.3,4937.16707
2025-12-01 08:00:00,86550.3,86938.01,86131.01,86149.15,3005.76787
2025-12-01 12:00:00,86146.59,86674.0,83822.76,84677.87,8124.37241
2025-12-01 16:00:00,84677.87,85555.0,84030.95,85024.5,4598.10295
2025-12-01 20:00:00,85024.5,86860.0,85007.69,86286.01,3593.94231
2025-12-02 00:00:00,86286.01,87350.0,86184.39,86976.99,3245.81604
2025-12-02 04:00:00,86977.0,87288.48,86818.14,87012.65,1733.23534
2025-12-02 08:00:00,87012.64,87628.78,86296.21,87368.92,3361.03567
2025-12-02 12:00:00,87368.92,91200.0,87032.75,90850.01,9300.50019
2025-12-02 16:00:00,90850.01,92307.65,90201.0,91903.39,6152.68006
2025-12-02 20:00:00,91903.38,92000.0,90720.87,91277.88,4416.96002
2025-12-03 00:00:00,91277.88,93087.09,90990.23,92628.91,4425.07634
2025-12-03 04:00:00,92628.91,93958.58,92625.0,92999.99,4546.45939
2025-12-03 08:00:00,93000.0,93389.62,92666.0,93005.68,2770.10259
2025-12-03 12:00:00,93005.68,93700.0,91697.0,92373.3,6523.23972
2025-12-03 16:00:00,92373.3,93500.0,91786.99,93024.99,3624.68485
2025-12-03 20:00:00,93025.0,94150.0,92825.56,93429.95,3822.96296
2025-12-04 00:00:00,93429.95,94080.0,92669.82,93543.04,3844.7002
2025-12-04 04:00:00,93543.03,93588.48,92775.0,93397.67,3070.50786
2025-12-04 08:00:00,93397.67,93621.31,92736.9,92948.31,1917.02375
2025-12-04 12:00:00,92948.32,93257.0,91801.0,92971.49,4296.15789
2025-12-04 16:00:00,92971.49,93174.55,90889.0,91975.44,4860.7112
2025-12-04 20:00:00,91975.43,92718.53,91688.92,92078.06,1814.83969
2025-12-05 00:00:00,92078.06,92692.36,91959.92,92142.75,1751.29187
2025-12-05 04:00:00,92142.75,92497.51,91813.37,92258.65,1387.19156
2025-12-05 08:00:00,92258.64,92258.65,90956.25,91351.43,2431.69816
2025-12-05 12:00:00,91351.44,91478.67,89874.7,90459.35,5344.16253
2025-12-05 16:00:00,90459.34,90498.59,88056.0,89629.26,6507.53794
2025-12-05 20:00:00,89629.27,89745.37,88901.6,89330.04,2371.09012
2025-12-06 00:00:00,89330.04,89806.43,89030.67,89688.35,1531.03301
2025-12-06 04:00:00,89688.35,89764.19,89459.19,89597.13,769.5235
2025-12-06 08:00:00,89597.14,89750.01,89217.59,89631.28,1504.70502
2025-12-06 12:00:00,89631.29,90289.97,89490.98,89758.77,2052.08066
2025-12-06 16:00:00,89758.77,89981.2,89077.6,89405.64,1483.59614
2025-12-06 20:00:00,89405.65,89615.34,88908.01,89236.79,1068.56183
2025-12-07 00:00:00,89236.8,89749.59,89176.52,89722.37,712.48717
2025-12-07 04:00:00,89722.37,89799.96,89200.0,89379.72,739.06202
2025-12-07 08:00:00,89379.73,89538.7,89050.01,89149.18,786.60016
2025-12-07 12:00:00,89149.18,89707.54,87719.28,89554.52,3916.92116
2025-12-07 16:00:00,89554.52,91760.0,89115.85,91425.52,3838.31073
2025-12-07 20:00:00,91425.51,91510.4,88995.33,90395.31,3027.73061
2025-12-08 00:00:00,90395.32,91700.0,89860.0,91068.29,2453.60415
2025-12-08 04:00:00,91068.3,91868.76,91023.06,91565.46,1592.48822
2025-12-08 08:00:00,91565.46,92287.15,91486.46,91968.29,1953.05465
2025-12-08 12:00:00,91968.29,92122.08,89612.0,89961.37,5223.15445
2025-12-08 16:00:00,89961.36,90527.3,89679.79,90124.48,2589.84253
2025-12-08 20:00:00,90124.49,91374.0,90124.49,90634.34,1981.49487
2025-12-09 00:00:00,90634.35,90846.26,89795.84,90405.01,2355.41188
2025-12-09 04:00:00,90405.02,90528.67,89500.0,90496.8,1867.61874
2025-12-09 08:00:00,90496.8,90600.0,89912.48,90384.55,1562.48442
2025-12-09 12:00:00,90384.54,92876.92,90004.73,92707.51,4917.67396
2025-12-09 16:00:00,92707.5,94588.99,92693.5,93800.83,7304.45224
2025-12-09 20:00:00,93800.83,93857.47,92254.92,92678.8,3232.7889
2025-12-10 00:00:00,92678.81,92786.35,91976.0,92410.62,1996.9993
2025-12-10 04:00:00,92410.62,92782.92,92386.83,92782.91,1363.84988
2025-12-10 08:00:00,92782.91,93291.5,91763.69,92120.45,2623.05995
2025-12-10 12:00:00,92120.45,92226.0,91563.15,92063.69,2523.14963
2025-12-10 16:00:00,92063.69,93243.59,91684.39,92957.67,5420.4848
2025-12-10 20:00:00,92957.67,94476.0,91878.0,92015.37,5071.13727
