timestamp,open,high,low,close,volume
2025-05-06 00:00:00,14.969,15.047,14.921,15.043,2684.47
2025-05-06 01:00:00,15.045,15.101,14.958,15.003,1945.18
2025-05-06 02:00:00,14.997,15.039,14.815,14.899,7431.94
2025-05-06 03:00:00,14.895,15.121,14.889,15.114,3722.71
2025-05-06 04:00:00,15.114,15.144,15.066,15.144,3367.33
2025-05-06 05:00:00,15.144,15.197,15.098,15.148,5112.63
2025-05-06 06:00:00,15.148,15.262,15.011,15.042,6382.37
2025-05-06 07:00:00,15.045,15.14,14.775,14.817,9544.19
2025-05-06 08:00:00,14.811,14.928,14.615,14.84,15493.59
2025-05-06 09:00:00,14.841,14.896,14.686,14.754,8033.18
2025-05-06 10:00:00,14.754,14.867,14.718,14.806,6125.85
2025-05-06 11:00:00,14.81,14.858,14.669,14.737,5320.75
2025-05-06 12:00:00,14.737,14.81,14.561,14.792,10593.23
2025-05-06 13:00:00,14.796,14.912,14.645,14.85,9173.47
2025-05-06 14:00:00,14.85,15.076,14.812,14.919,8571.81
2025-05-06 15:00:00,14.917,14.997,14.87,14.995,3229.62
2025-05-06 16:00:00,14.986,15.034,14.899,14.931,2927.52
2025-05-06 17:00:00,14.937,15.027,14.914,14.986,1780.22
2025-05-06 18:00:00,14.985,15.161,14.981,15.139,9578.06
2025-05-06 19:00:00,15.146,15.183,15.064,15.083,2710.03
2025-05-06 20:00:00,15.08,15.086,14.97,15.017,4151.45
2025-05-06 21:00:00,15.014,15.264,15.013,15.197,6807.21
2025-05-06 22:00:00,15.171,15.436,15.159,15.345,7132.02
2025-05-06 23:00:00,15.346,15.423,15.207,15.23,5082.8
2025-05-07 00:00:00,15.234,15.408,15.193,15.386,3619.73
2025-05-07 01:00:00,15.386,15.462,15.303,15.412,3021.33
2025-05-07 02:00:00,15.405,15.441,15.333,15.334,1658.26
2025-05-07 03:00:00,15.334,15.408,15.277,15.29,2559.16
2025-05-07 04:00:00,15.29,15.363,15.29,15.314,1226.01
2025-05-07 05:00:00,15.317,15.339,15.186,15.218,1851.11
2025-05-07 06:00:00,15.215,15.258,15.186,15.193,2593.14
2025-05-07 07:00:00,15.195,15.266,14.978,15.093,7453.27
2025-05-07 08:00:00,15.091,15.13,14.912,15.018,7144.27
2025-05-07 09:00:00,15.017,15.094,14.982,15.076,2769.47
2025-05-07 10:00:00,15.082,15.089,15.005,15.045,956.27
2025-05-07 11:00:00,15.046,15.065,14.946,15.004,1238.57
2025-05-07 12:00:00,15.0,15.016,14.912,14.946,2443.3
2025-05-07 13:00:00,14.945,15.002,14.877,14.908,3119.65
2025-05-07 14:00:00,14.905,14.961,14.775,14.819,3751.74
2025-05-07 15:00:00,14.817,14.967,14.8,14.903,3349.36
2025-05-07 16:00:00,14.894,14.923,14.398,14.408,14543.88
2025-05-07 17:00:00,14.416,14.524,14.304,14.439,5119.54
2025-05-07 18:00:00,14.438,14.537,14.334,14.457,4174.35
2025-05-07 19:00:00,14.455,14.455,14.365,14.403,1578.18
2025-05-07 20:00:00,14.399,14.462,14.382,14.422,1272.82
2025-05-07 21:00:00,14.424,14.448,14.337,14.353,1558.67
2025-05-07 22:00:00,14.354,14.466,14.354,14.449,941.25
2025-05-07 23:00:00,14.452,14.543,14.452,14.518,2259.9
2025-05-08 00:00:00,14.522,14.555,14.422,14.475,2708.52
2025-05-08 01:00:00,14.476,14.533,14.337,14.403,3840.59
2025-05-08 02:00:00,14.401,14.733,14.378,14.656,4249.95
2025-05-08 03:00:00,14.66,14.745,14.621,14.687,3048.14
2025-05-08 04:00:00,14.692,14.881,14.692,14.746,4156.81
2025-05-08 05:00:00,14.741,14.773,14.598,14.663,2547.89
2025-05-08 06:00:00,14.664,14.767,14.64,14.714,3508.89
2025-05-08 07:00:00,14.713,14.77,14.647,14.711,5250.54
2025-05-08 08:00:00,14.711,14.764,14.701,14.743,3299.96
2025-05-08 09:00:00,14.743,14.749,14.651,14.697,2857.35
2025-05-08 10:00:00,14.696,14.763,14.598,14.598,3122.0
2025-05-08 11:00:00,14.599,14.699,14.572,14.688,2062.64
2025-05-08 12:00:00,14.685,14.8,14.664,14.669,4374.25
2025-05-08 13:00:00,14.669,14.718,14.639,14.688,2558.49
2025-05-08 14:00:00,14.688,14.73,14.654,14.678,2977.67
2025-05-08 15:00:00,14.677,14.888,14.671,14.751,9598.72
2025-05-08 16:00:00,14.758,14.792,14.713,14.775,4497.36
2025-05-08 17:00:00,14.775,14.796,14.649,14.659,4444.6
2025-05-08 18:00:00,14.656,14.669,14.544,14.576,5085.79
2025-05-08 19:00:00,14.575,14.714,14.575,14.663,3354.11
2025-05-08 20:00:00,14.663,14.733,14.61,14.712,4127.86
2025-05-08 21:00:00,14.713,14.749,14.65,14.695,2854.25
2025-05-08 22:00:00,14.697,14.791,14.671,14.724,1833.57
2025-05-08 23:00:00,14.732,14.828,14.725,14.828,2024.89
2025-05-09 00:00:00,14.827,14.84,14.699,14.741,3218.79
2025-05-09 01:00:00,14.735,14.859,14.722,14.818,2748.67
2025-05-09 02:00:00,14.815,14.815,14.668,14.725,5021.15
2025-05-09 03:00:00,14.715,14.766,14.654,14.658,1914.5
2025-05-09 04:00:00,14.66,14.762,14.66,14.7,2185.76
2025-05-09 05:00:00,14.698,14.762,14.693,14.731,1121.44
2025-05-09 06:00:00,14.732,14.767,14.662,14.697,4134.11
2025-05-09 07:00:00,14.696,15.093,14.696,14.961,15156.55
2025-05-09 08:00:00,14.976,15.086,14.72,14.775,14303.14
2025-05-09 09:00:00,14.773,14.873,14.682,14.724,7035.92
2025-05-09 10:00:00,14.719,14.842,14.682,14.839,3159.04
2025-05-09 11:00:00,14.848,14.854,14.604,14.617,11387.21
2025-05-09 12:00:00,14.616,14.732,14.498,14.725,6223.83
2025-05-09 13:00:00,14.727,14.894,14.678,14.773,6774.39
2025-05-09 14:00:00,14.77,14.832,14.692,14.785,5140.29
2025-05-09 15:00:00,14.792,14.861,14.732,14.861,3801.05
2025-05-09 16:00:00,14.856,14.863,14.691,14.721,2681.8
2025-05-09 17:00:00,14.719,14.82,14.718,14.796,2507.19
2025-05-09 18:00:00,14.8,14.817,14.68,14.705,3263.67
2025-05-09 19:00:00,14.704,14.714,14.529,14.58,7613.89
2025-05-09 20:00:00,14.583,14.646,14.504,14.53,2062.36
2025-05-09 21:00:00,14.535,14.544,14.379,14.434,3364.23
2025-05-09 22:00:00,14.426,14.444,14.35,14.372,2749.62
2025-05-09 23:00:00,14.372,14.516,14.359,14.498,2133.09
2025-05-10 00:00:00,14.492,14.503,14.235,14.26,3968.67
2025-05-10 01:00:00,14.26,14.38,14.151,14.195,3376.63
2025-05-10 02:00:00,14.195,14.266,14.066,14.095,6010.87
2025-05-10 03:00:00,14.095,14.165,14.023,14.065,3920.22
2025-05-10 04:00:00,14.073,14.084,13.936,14.023,7535.6
2025-05-10 05:00:00,14.024,14.042,13.922,13.982,5657.49
2025-05-10 06:00:00,13.983,14.066,13.829,13.858,13915.98
2025-05-10 07:00:00,13.868,13.974,13.811,13.911,8655.77
2025-05-10 08:00:00,13.914,14.032,13.587,13.628,21375.54
2025-05-10 09:00:00,13.64,13.665,13.289,13.611,39160.9
2025-05-10 10:00:00,13.603,13.853,13.547,13.668,15353.2
2025-05-10 11:00:00,13.671,13.781,13.653,13.708,5679.86
2025-05-10 12:00:00,13.708,13.745,13.574,13.582,3241.83
2025-05-10 13:00:00,13.588,13.657,13.5,13.625,4729.64
2025-05-10 14:00:00,13.625,13.63,13.521,13.571,4660.47
2025-05-10 15:00:00,13.57,13.644,13.505,13.642,3061.99
2025-05-10 16:00:00,13.643,13.873,13.585,13.772,5628.05
2025-05-10 17:00:00,13.775,13.965,13.615,13.698,16848.94
2025-05-10 18:00:00,13.695,13.746,13.648,13.722,2906.95
2025-05-10 19:00:00,13.72,13.748,13.6,13.747,3460.24
2025-05-10 20:00:00,13.745,13.752,13.627,13.653,3210.8
2025-05-10 21:00:00,13.651,13.738,13.638,13.72,2233.67
2025-05-10 22:00:00,13.724,13.82,13.639,13.816,4603.8
2025-05-10 23:00:00,13.818,13.841,13.752,13.817,7027.07
2025-05-11 00:00:00,13.817,13.901,13.506,13.861,23531.8
2025-05-11 01:00:00,13.878,14.137,13.868,13.901,20053.96
2025-05-11 02:00:00,13.898,14.076,13.898,14.046,6948.25
2025-05-11 03:00:00,14.045,14.214,14.0,14.069,8895.36
2025-05-11 04:00:00,14.074,14.166,14.045,14.136,2822.48
2025-05-11 05:00:00,14.141,14.158,14.103,14.136,1487.07
2025-05-11 06:00:00,14.135,14.159,13.972,14.035,5245.32
2025-05-11 07:00:00,14.018,14.063,13.825,13.909,4312.47
2025-05-11 08:00:00,13.925,14.079,13.925,14.025,2613.72
2025-05-11 09:00:00,14.024,14.049,13.742,13.941,9971.75
2025-05-11 10:00:00,13.952,14.085,13.91,14.005,5396.16
2025-05-11 11:00:00,14.017,14.077,13.999,14.046,2119.48
2025-05-11 12:00:00,14.046,14.093,13.975,14.001,2516.92
2025-05-11 13:00:00,14.0,14.041,13.942,13.962,3222.8
2025-05-11 14:00:00,13.96,14.059,13.938,14.017,3838.75
2025-05-11 15:00:00,14.018,14.208,14.004,14.085,7691.7
2025-05-11 16:00:00,14.088,14.144,14.003,14.127,3085.71
2025-05-11 17:00:00,14.126,14.215,14.108,14.187,2763.22
2025-05-11 18:00:00,14.2,14.203,14.129,14.141,2340.21
2025-05-11 19:00:00,14.134,14.134,13.954,13.963,5878.7
2025-05-11 20:00:00,13.964,13.99,13.92,13.983,1451.15
2025-05-11 21:00:00,13.981,14.074,13.951,14.066,2270.97
2025-05-11 22:00:00,14.065,14.131,13.98,14.06,6521.18
2025-05-11 23:00:00,14.063,14.096,13.972,13.972,1110.22
2025-05-12 00:00:00,13.98,14.017,13.941,13.957,2009.46
2025-05-12 01:00:00,13.959,14.003,13.791,13.868,3088.0
2025-05-12 02:00:00,13.86,13.913,13.792,13.836,2343.03
2025-05-12 03:00:00,13.834,13.875,13.759,13.865,3396.83
2025-05-12 04:00:00,13.863,14.167,13.808,14.102,6491.94
2025-05-12 05:00:00,14.101,14.188,13.932,14.069,6954.74
2025-05-12 06:00:00,14.057,14.145,14.017,14.078,3274.59
2025-05-12 07:00:00,14.078,14.406,14.068,14.162,15436.77
2025-05-12 08:00:00,14.169,14.186,13.102,13.401,68293.2
2025-05-12 09:00:00,13.386,13.634,12.75,13.035,77770.26
2025-05-12 10:00:00,13.037,13.281,13.036,13.242,26706.52
2025-05-12 11:00:00,13.24,13.379,13.07,13.147,22749.79
2025-05-12 12:00:00,13.144,13.394,13.12,13.38,20532.87
2025-05-12 13:00:00,13.38,13.43,13.222,13.353,20335.94
2025-05-12 14:00:00,13.364,13.398,13.164,13.194,20628.27
2025-05-12 15:00:00,13.197,13.413,13.138,13.239,12824.56
2025-05-12 16:00:00,13.228,13.274,13.154,13.221,6829.96
2025-05-12 17:00:00,13.221,13.259,13.159,13.239,7413.59
2025-05-12 18:00:00,13.229,13.271,12.76,12.902,24481.14
2025-05-12 19:00:00,12.899,12.99,12.841,12.954,5164.5
2025-05-12 20:00:00,12.957,13.086,12.871,13.079,5753.75
2025-05-12 21:00:00,13.086,13.323,13.083,13.233,7551.95
2025-05-12 22:00:00,13.233,13.292,13.203,13.244,3061.81
2025-05-12 23:00:00,13.244,13.276,13.196,13.221,2294.74
2025-05-13 00:00:00,13.221,13.276,13.079,13.088,4427.45
2025-05-13 01:00:00,13.093,13.096,12.841,12.87,6871.66
2025-05-13 02:00:00,12.87,12.903,12.635,12.725,13776.88
2025-05-13 03:00:00,12.722,12.734,12.582,12.628,7424.86
2025-05-13 04:00:00,12.625,12.799,12.609,12.784,4782.85
2025-05-13 05:00:00,12.787,12.808,12.697,12.708,4075.68
2025-05-13 06:00:00,12.711,12.766,12.7,12.726,1700.1
2025-05-13 07:00:00,12.725,12.813,12.704,12.794,2710.99
2025-05-13 08:00:00,12.792,12.803,12.702,12.757,3649.21
2025-05-13 09:00:00,12.754,12.918,12.745,12.866,7053.89
2025-05-13 10:00:00,12.862,12.862,12.762,12.82,3169.23
2025-05-13 11:00:00,12.82,12.888,12.777,12.831,2542.68
2025-05-13 12:00:00,12.83,12.952,12.648,12.928,12098.95
2025-05-13 13:00:00,12.917,12.948,12.501,12.623,22082.73
2025-05-13 14:00:00,12.625,12.631,12.33,12.438,20901.4
2025-05-13 15:00:00,12.429,12.502,12.385,12.459,10031.55
2025-05-13 16:00:00,12.453,12.499,11.6,12.323,99442.12
2025-05-13 17:00:00,12.306,12.659,12.094,12.628,35252.45
2025-05-13 18:00:00,12.63,12.927,12.565,12.699,29901.28
2025-05-13 19:00:00,12.697,12.942,12.677,12.902,20947.06
2025-05-13 20:00:00,12.897,12.923,12.721,12.809,10654.38
2025-05-13 21:00:00,12.798,12.849,12.729,12.844,4186.66
2025-05-13 22:00:00,12.839,12.905,12.766,12.772,3542.07
2025-05-13 23:00:00,12.773,12.826,12.671,12.769,10339.18
2025-05-14 00:00:00,12.771,12.791,12.69,12.775,3885.84
2025-05-14 01:00:00,12.771,12.789,12.67,12.709,2554.96
2025-05-14 02:00:00,12.698,12.715,12.566,12.66,5658.54
2025-05-14 03:00:00,12.654,12.713,12.592,12.711,3972.31
2025-05-14 04:00:00,12.713,12.844,12.661,12.838,4354.89
2025-05-14 05:00:00,12.838,12.889,12.785,12.794,5494.4
2025-05-14 06:00:00,12.79,12.861,12.756,12.785,7222.4
2025-05-14 07:00:00,12.797,12.799,12.612,12.623,7466.95
2025-05-14 08:00:00,12.614,12.691,12.436,12.443,9173.35
2025-05-14 09:00:00,12.44,12.538,12.4,12.502,6613.3
2025-05-14 10:00:00,12.5,13.01,12.193,12.417,63257.28
2025-05-14 11:00:00,12.416,12.698,12.416,12.646,14008.4
2025-05-14 12:00:00,12.649,12.836,12.619,12.677,8665.15
2025-05-14 13:00:00,12.68,12.873,12.617,12.814,8943.81
2025-05-14 14:00:00,12.817,12.851,12.718,12.797,10534.47
2025-05-14 15:00:00,12.797,12.84,12.69,12.785,6728.35
2025-05-14 16:00:00,12.779,12.812,12.566,12.607,5762.92
2025-05-14 17:00:00,12.598,12.657,12.504,12.523,3487.83
2025-05-14 18:00:00,12.521,12.623,12.484,12.523,2511.18
2025-05-14 19:00:00,12.524,12.539,12.483,12.493,1541.27
2025-05-14 20:00:00,12.496,12.553,12.457,12.461,1706.5
2025-05-14 21:00:00,12.457,12.628,12.402,12.619,3442.12
2025-05-14 22:00:00,12.619,12.716,12.537,12.537,3696.02
2025-05-14 23:00:00,12.543,12.571,12.485,12.51,1888.33
2025-05-15 00:00:00,12.52,12.723,12.513,12.695,3499.95
2025-05-15 01:00:00,12.713,12.746,12.351,12.373,4852.02
2025-05-15 02:00:00,12.373,12.528,12.356,12.399,5295.3
2025-05-15 03:00:00,12.404,12.443,12.315,12.346,6393.76
2025-05-15 04:00:00,12.34,12.439,12.311,12.345,4591.85
2025-05-15 05:00:00,12.341,12.341,12.2,12.224,11022.55
2025-05-15 06:00:00,12.229,12.3,12.113,12.269,6469.36
2025-05-15 07:00:00,12.274,12.54,12.2,12.473,6045.37
2025-05-15 08:00:00,12.472,12.541,12.362,12.514,8188.45
2025-05-15 09:00:00,12.509,12.605,12.434,12.516,7656.58
2025-05-15 10:00:00,12.516,12.799,12.488,12.767,15424.3
2025-05-15 11:00:00,12.771,12.848,12.663,12.74,11409.8
2025-05-15 12:00:00,12.738,12.928,12.673,12.814,19278.69
2025-05-15 13:00:00,12.812,12.899,12.66,12.765,9053.99
2025-05-15 14:00:00,12.769,12.92,12.238,12.84,33836.44
2025-05-15 15:00:00,12.848,12.976,12.588,12.869,30947.26
2025-05-15 16:00:00,12.871,12.956,12.781,12.874,11363.29
2025-05-15 17:00:00,12.872,13.163,12.689,12.998,27176.75
2025-05-15 18:00:00,12.997,13.062,12.874,12.918,5665.32
2025-05-15 19:00:00,12.918,12.979,12.723,12.893,6204.23
2025-05-15 20:00:00,12.899,12.939,12.749,12.905,8739.86
2025-05-15 21:00:00,12.905,13.006,12.835,12.968,3921.0
2025-05-15 22:00:00,12.977,13.052,12.922,12.97,5095.61
2025-05-15 23:00:00,12.964,13.047,12.716,13.039,14107.5
2025-05-16 00:00:00,13.04,13.047,12.87,12.873,5396.8
2025-05-16 01:00:00,12.878,12.966,12.79,12.878,4297.09
2025-05-16 02:00:00,12.891,12.951,12.806,12.808,3511.11
2025-05-16 03:00:00,12.817,12.886,12.799,12.86,2385.73
2025-05-16 04:00:00,12.863,12.871,12.802,12.837,1827.95
2025-05-16 05:00:00,12.837,12.893,12.77,12.787,2466.63
2025-05-16 06:00:00,12.783,12.902,12.766,12.809,4291.14
2025-05-16 07:00:00,12.811,12.838,12.638,12.768,7011.67
2025-05-16 08:00:00,12.768,12.777,12.66,12.694,2770.74
2025-05-16 09:00:00,12.696,12.827,12.674,12.818,2286.5
2025-05-16 10:00:00,12.824,12.93,12.771,12.905,3269.4
2025-05-16 11:00:00,12.902,12.941,12.858,12.863,1561.56
2025-05-16 12:00:00,12.865,12.909,12.753,12.806,4548.99
2025-05-16 13:00:00,12.809,12.907,12.803,12.846,2923.71
2025-05-16 14:00:00,12.848,12.858,12.788,12.803,2764.58
2025-05-16 15:00:00,12.808,12.847,12.787,12.815,2038.85
2025-05-16 16:00:00,12.818,12.856,12.789,12.845,1921.06
2025-05-16 17:00:00,12.853,12.95,12.805,12.837,3446.06
2025-05-16 18:00:00,12.837,12.875,12.813,12.828,1059.39
2025-05-16 19:00:00,12.828,12.944,12.817,12.928,1573.89
2025-05-16 20:00:00,12.929,12.945,12.81,12.85,1693.8
2025-05-16 21:00:00,12.848,12.917,12.816,12.834,1253.65
2025-05-16 22:00:00,12.828,12.83,12.738,12.779,1618.03
2025-05-16 23:00:00,12.778,12.866,12.777,12.801,1047.17
2025-05-17 00:00:00,12.802,12.829,12.707,12.72,6520.03
2025-05-17 01:00:00,12.712,12.735,12.633,12.677,5141.78
2025-05-17 02:00:00,12.675,12.7,12.566,12.623,2623.7
2025-05-17 03:00:00,12.626,12.668,12.517,12.665,1694.5
2025-05-17 04:00:00,12.665,13.158,12.625,13.093,13794.28
2025-05-17 05:00:00,13.095,13.183,12.998,13.058,6962.58
2025-05-17 06:00:00,13.06,13.158,13.021,13.067,3547.34
2025-05-17 07:00:00,13.07,13.164,13.062,13.158,4495.38
2025-05-17 08:00:00,13.152,13.201,13.013,13.057,6112.38
2025-05-17 09:00:00,13.057,13.099,13.0,13.092,5889.23
2025-05-17 10:00:00,13.098,13.185,12.954,12.988,7845.16
2025-05-17 11:00:00,13.0,13.246,12.993,13.205,7246.3
2025-05-17 12:00:00,13.214,13.26,13.146,13.193,6038.19
2025-05-17 13:00:00,13.198,13.277,13.114,13.182,5936.38
2025-05-17 14:00:00,13.179,13.242,13.115,13.154,2569.3
2025-05-17 15:00:00,13.154,13.156,13.02,13.055,6112.54
2025-05-17 16:00:00,13.052,13.071,12.785,12.914,9700.47
2025-05-17 17:00:00,12.904,12.924,12.731,12.756,5574.91
2025-05-17 18:00:00,12.763,12.894,12.741,12.786,3780.84
2025-05-17 19:00:00,12.775,12.847,12.64,12.657,3002.63
2025-05-17 20:00:00,12.659,12.784,12.595,12.771,2120.29
2025-05-17 21:00:00,12.776,12.781,12.642,12.724,541.12
2025-05-17 22:00:00,12.721,12.728,12.621,12.69,1153.51
2025-05-17 23:00:00,12.694,12.7,12.62,12.65,722.89
2025-05-18 00:00:00,12.65,12.705,12.626,12.705,930.3
2025-05-18 01:00:00,12.707,12.753,12.675,12.737,1196.39
2025-05-18 02:00:00,12.744,12.829,12.702,12.825,1333.77
2025-05-18 03:00:00,12.831,12.834,12.73,12.736,1695.51
2025-05-18 04:00:00,12.737,12.827,12.7,12.781,1961.44
2025-05-18 05:00:00,12.786,12.909,12.776,12.906,1998.01
2025-05-18 06:00:00,12.904,12.91,12.837,12.854,1986.14
2025-05-18 07:00:00,12.857,12.88,12.83,12.878,1048.42
2025-05-18 08:00:00,12.875,12.942,12.866,12.905,2021.65
2025-05-18 09:00:00,12.909,12.941,12.829,12.84,2194.68
2025-05-18 10:00:00,12.841,12.881,12.835,12.871,1147.74
2025-05-18 11:00:00,12.871,12.878,12.774,12.806,1018.62
2025-05-18 12:00:00,12.806,12.906,12.778,12.857,4333.85
2025-05-18 13:00:00,12.858,12.929,12.829,12.91,4216.26
2025-05-18 14:00:00,12.914,12.921,12.816,12.839,3081.82
2025-05-18 15:00:00,12.832,13.111,12.832,13.07,13252.74
2025-05-18 16:00:00,13.074,13.114,12.991,13.015,2221.61
2025-05-18 17:00:00,13.011,13.017,12.837,12.846,3442.07
2025-05-18 18:00:00,12.844,12.845,12.643,12.768,5767.53
2025-05-18 19:00:00,12.767,12.812,12.707,12.74,2553.2
2025-05-18 20:00:00,12.737,12.851,12.661,12.849,2098.67
2025-05-18 21:00:00,12.852,12.978,12.803,12.895,1657.52
2025-05-18 22:00:00,12.901,13.025,12.836,13.02,1209.15
2025-05-18 23:00:00,13.016,13.041,12.985,13.018,1553.4
2025-05-19 00:00:00,13.018,13.02,12.775,12.78,1752.28
2025-05-19 01:00:00,12.777,12.838,12.678,12.75,2418.07
2025-05-19 02:00:00,12.747,12.839,12.669,12.838,3698.67
2025-05-19 03:00:00,12.832,12.849,12.709,12.721,3122.88
2025-05-19 04:00:00,12.714,12.792,12.677,12.69,2155.58
2025-05-19 05:00:00,12.693,12.781,12.676,12.752,1743.05
2025-05-19 06:00:00,12.752,12.825,12.713,12.715,2882.55
2025-05-19 07:00:00,12.713,12.832,12.713,12.803,2419.84
2025-05-19 08:00:00,12.801,12.959,12.775,12.843,2966.56
2025-05-19 09:00:00,12.843,12.926,12.794,12.888,3060.29
2025-05-19 10:00:00,12.893,12.902,12.785,12.829,2993.53
2025-05-19 11:00:00,12.829,12.87,12.732,12.794,3297.43
2025-05-19 12:00:00,12.794,12.794,12.687,12.707,3039.3
2025-05-19 13:00:00,12.71,12.776,12.644,12.717,3435.27
2025-05-19 14:00:00,12.716,12.795,12.688,12.724,2187.48
2025-05-19 15:00:00,12.717,12.761,12.555,12.659,4460.68
2025-05-19 16:00:00,12.65,12.715,12.611,12.678,2597.78
2025-05-19 17:00:00,12.668,12.684,12.615,12.639,2556.09
2025-05-19 18:00:00,12.64,12.655,12.584,12.596,1200.6
2025-05-19 19:00:00,12.594,12.617,12.565,12.599,1416.53
2025-05-19 20:00:00,12.593,12.667,12.579,12.65,1314.81
2025-05-19 21:00:00,12.649,12.668,12.618,12.639,673.5
2025-05-19 22:00:00,12.642,12.645,12.569,12.61,767.32
2025-05-19 23:00:00,12.603,12.747,12.603,12.709,5764.31
2025-05-20 00:00:00,12.713,12.725,12.579,12.624,2485.64
2025-05-20 01:00:00,12.612,12.72,12.588,12.698,3051.97
2025-05-20 02:00:00,12.687,12.719,12.561,12.571,4141.25
2025-05-20 03:00:00,12.583,12.632,12.524,12.599,5335.07
2025-05-20 04:00:00,12.6,12.658,12.553,12.626,3841.1
2025-05-20 05:00:00,12.632,12.68,12.57,12.58,3336.06
2025-05-20 06:00:00,12.582,12.636,12.561,12.611,2826.43
2025-05-20 07:00:00,12.613,12.648,12.576,12.635,1416.53
2025-05-20 08:00:00,12.627,12.644,12.58,12.625,906.28
2025-05-20 09:00:00,12.623,12.777,12.613,12.737,2989.92
2025-05-20 10:00:00,12.732,12.807,12.71,12.736,3253.05
2025-05-20 11:00:00,12.742,12.814,12.717,12.762,1958.85
2025-05-20 12:00:00,12.768,12.846,12.758,12.828,2917.32
2025-05-20 13:00:00,12.826,12.9,12.784,12.829,2909.8
2025-05-20 14:00:00,12.827,12.865,12.777,12.798,1700.65
2025-05-20 15:00:00,12.802,12.85,12.772,12.847,905.76
2025-05-20 16:00:00,12.846,12.908,12.818,12.824,1677.24
2025-05-20 17:00:00,12.824,12.902,12.82,12.9,1088.99
2025-05-20 18:00:00,12.893,12.897,12.723,12.738,1719.8
2025-05-20 19:00:00,12.735,12.872,12.722,12.831,2814.79
2025-05-20 20:00:00,12.833,12.851,12.785,12.845,851.71
2025-05-20 21:00:00,12.847,12.869,12.78,12.831,585.8
2025-05-20 22:00:00,12.841,12.841,12.747,12.826,1308.35
2025-05-20 23:00:00,12.825,12.887,12.807,12.84,1187.99
2025-05-21 00:00:00,12.839,12.851,12.705,12.705,1698.41
2025-05-21 01:00:00,12.704,12.716,12.63,12.66,1443.73
2025-05-21 02:00:00,12.662,12.746,12.613,12.746,2112.17
2025-05-21 03:00:00,12.744,12.807,12.721,12.751,2423.23
2025-05-21 04:00:00,12.752,12.831,12.742,12.783,1927.47
2025-05-21 05:00:00,12.781,12.838,12.764,12.828,1915.49
2025-05-21 06:00:00,12.827,12.884,12.776,12.838,2929.87
2025-05-21 07:00:00,12.841,12.884,12.82,12.866,2049.89
2025-05-21 08:00:00,12.86,12.868,12.69,12.742,2936.54
2025-05-21 09:00:00,12.746,12.796,12.7,12.722,1798.72
2025-05-21 10:00:00,12.709,12.771,12.691,12.77,655.82
2025-05-21 11:00:00,12.765,12.855,12.764,12.824,1881.0
2025-05-21 12:00:00,12.812,12.858,12.8,12.813,1107.78
2025-05-21 13:00:00,12.814,12.836,12.776,12.792,1768.64
2025-05-21 14:00:00,12.792,12.857,12.776,12.856,2085.46
2025-05-21 15:00:00,12.856,12.908,12.815,12.895,3877.08
2025-05-21 16:00:00,12.897,12.94,12.861,12.875,3885.84
2025-05-21 17:00:00,12.88,12.899,12.614,12.629,6468.16
2025-05-21 18:00:00,12.647,12.776,12.623,12.718,1894.61
2025-05-21 19:00:00,12.712,12.794,12.693,12.779,1468.49
2025-05-21 20:00:00,12.777,12.777,12.657,12.665,1551.93
2025-05-21 21:00:00,12.663,12.685,12.627,12.635,1971.61
2025-05-21 22:00:00,12.638,12.737,12.638,12.732,1465.73
2025-05-21 23:00:00,12.736,12.779,12.69,12.693,3426.82
2025-05-22 00:00:00,12.695,12.79,12.688,12.764,3143.92
2025-05-22 01:00:00,12.771,12.776,12.704,12.725,2289.38
2025-05-22 02:00:00,12.728,12.751,12.613,12.682,5715.73
2025-05-22 03:00:00,12.682,12.724,12.632,12.723,2154.5
2025-05-22 04:00:00,12.716,12.738,12.669,12.691,2151.44
2025-05-22 05:00:00,12.693,12.719,12.686,12.704,1076.23
2025-05-22 06:00:00,12.703,12.724,12.64,12.658,1658.63
2025-05-22 07:00:00,12.655,12.67,12.601,12.64,2855.71
2025-05-22 08:00:00,12.643,12.677,12.573,12.616,7014.31
2025-05-22 09:00:00,12.612,12.676,12.561,12.572,10530.51
2025-05-22 10:00:00,12.572,12.667,12.568,12.637,6216.48
2025-05-22 11:00:00,12.638,12.642,12.57,12.577,4570.24
2025-05-22 12:00:00,12.578,12.633,12.57,12.607,4292.52
2025-05-22 13:00:00,12.608,12.627,12.56,12.569,5532.0
2025-05-22 14:00:00,12.57,12.665,12.55,12.611,6700.27
2025-05-22 15:00:00,12.606,12.622,12.584,12.597,2561.14
2025-05-22 16:00:00,12.597,12.612,12.414,12.473,6052.45
2025-05-22 17:00:00,12.477,12.519,12.458,12.458,5217.71
2025-05-22 18:00:00,12.466,12.548,12.414,12.539,3181.85
2025-05-22 19:00:00,12.534,12.545,12.318,12.356,7664.68
2025-05-22 20:00:00,12.359,12.441,12.337,12.338,3203.37
2025-05-22 21:00:00,12.338,12.421,12.329,12.392,3523.61
2025-05-22 22:00:00,12.403,12.474,12.398,12.424,1945.26
2025-05-22 23:00:00,12.433,12.515,12.423,12.486,1879.1
2025-05-23 00:00:00,12.485,12.569,12.453,12.559,5847.35
2025-05-23 01:00:00,12.563,12.584,12.513,12.531,4910.12
2025-05-23 02:00:00,12.531,12.66,12.521,12.583,5388.47
2025-05-23 03:00:00,12.587,12.713,12.587,12.643,9639.41
2025-05-23 04:00:00,12.646,12.72,12.538,12.622,3906.71
2025-05-23 05:00:00,12.617,12.693,12.588,12.626,1984.7
2025-05-23 06:00:00,12.626,12.665,12.541,12.57,6704.39
2025-05-23 07:00:00,12.572,12.658,12.559,12.642,3138.21
2025-05-23 08:00:00,12.631,12.709,12.631,12.672,2051.83
2025-05-23 09:00:00,12.671,12.714,12.613,12.649,2084.23
2025-05-23 10:00:00,12.635,12.691,12.616,12.666,2934.14
2025-05-23 11:00:00,12.666,12.673,12.301,12.439,14095.49
2025-05-23 12:00:00,12.445,12.656,12.3,12.531,10319.99
2025-05-23 13:00:00,12.539,12.561,12.401,12.534,3850.48
2025-05-23 14:00:00,12.53,12.553,12.504,12.506,1493.02
2025-05-23 15:00:00,12.504,12.533,12.424,12.438,1533.99
2025-05-23 16:00:00,12.438,12.492,12.402,12.485,1450.04
2025-05-23 17:00:00,12.485,12.486,12.387,12.397,1917.96
2025-05-23 18:00:00,12.393,12.446,12.343,12.399,1263.82
2025-05-23 19:00:00,12.394,12.394,12.315,12.351,973.43
2025-05-23 20:00:00,12.35,12.451,12.316,12.437,2113.47
2025-05-23 21:00:00,12.45,12.575,12.401,12.514,12416.08
2025-05-23 22:00:00,12.514,12.569,12.456,12.521,4393.11
2025-05-23 23:00:00,12.523,12.571,12.415,12.447,5630.29
2025-05-24 00:00:00,12.442,12.509,12.388,12.424,2549.82
2025-05-24 01:00:00,12.42,12.553,12.415,12.54,1890.21
2025-05-24 02:00:00,12.531,12.59,12.519,12.535,2493.18
2025-05-24 03:00:00,12.544,12.579,12.519,12.559,1299.78
2025-05-24 04:00:00,12.565,12.621,12.537,12.563,3388.18
2025-05-24 05:00:00,12.571,12.611,12.536,12.6,1220.25
2025-05-24 06:00:00,12.608,12.635,12.513,12.532,951.91
2025-05-24 07:00:00,12.532,12.544,12.101,12.302,14687.72
2025-05-24 08:00:00,12.302,12.326,12.239,12.266,3515.05
2025-05-24 09:00:00,12.266,12.298,12.163,12.288,5946.22
2025-05-24 10:00:00,12.298,12.336,12.276,12.298,1166.14
2025-05-24 11:00:00,12.293,12.346,12.259,12.275,1633.33
2025-05-24 12:00:00,12.269,12.418,12.266,12.374,1368.53
2025-05-24 13:00:00,12.374,12.448,12.35,12.375,1251.31
2025-05-24 14:00:00,12.378,12.408,12.351,12.383,1321.73
2025-05-24 15:00:00,12.385,12.467,12.367,12.416,1348.01
2025-05-24 16:00:00,12.419,12.506,12.402,12.503,2123.24
2025-05-24 17:00:00,12.504,12.506,12.43,12.481,1506.33
2025-05-24 18:00:00,12.482,12.533,12.352,12.443,12578.29
2025-05-24 19:00:00,12.447,12.481,12.415,12.48,1324.67
2025-05-24 20:00:00,12.477,12.477,12.393,12.444,914.02
2025-05-24 21:00:00,12.443,12.463,12.347,12.453,1326.62
2025-05-24 22:00:00,12.448,12.495,12.388,12.473,798.43
2025-05-24 23:00:00,12.472,12.479,12.419,12.437,498.09
2025-05-25 00:00:00,12.423,12.473,12.343,12.35,1769.26
2025-05-25 01:00:00,12.353,12.369,12.277,12.338,830.63
2025-05-25 02:00:00,12.334,12.337,12.265,12.309,556.8
2025-05-25 03:00:00,12.299,12.309,12.249,12.262,624.52
2025-05-25 04:00:00,12.256,12.265,12.2,12.26,986.15
2025-05-25 05:00:00,12.258,12.264,12.208,12.255,432.21
2025-05-25 06:00:00,12.247,12.261,12.216,12.254,343.34
2025-05-25 07:00:00,12.251,12.26,12.061,12.206,7018.64
2025-05-25 08:00:00,12.214,12.217,12.137,12.19,1975.25
2025-05-25 09:00:00,12.195,12.25,12.161,12.235,4597.0
2025-05-25 10:00:00,12.227,12.242,12.194,12.225,1020.44
2025-05-25 11:00:00,12.224,12.237,12.195,12.232,554.32
2025-05-25 12:00:00,12.236,12.245,12.172,12.242,978.02
2025-05-25 13:00:00,12.24,12.242,12.209,12.223,904.94
2025-05-25 14:00:00,12.219,12.251,12.21,12.224,521.18
2025-05-25 15:00:00,12.228,12.25,12.166,12.25,1906.64
2025-05-25 16:00:00,12.241,12.599,12.208,12.289,18385.69
2025-05-25 17:00:00,12.305,12.627,12.295,12.616,9570.35
2025-05-25 18:00:00,12.626,12.725,12.569,12.642,5008.79
2025-05-25 19:00:00,12.644,12.717,12.617,12.668,4280.33
2025-05-25 20:00:00,12.668,12.687,12.605,12.613,1802.81
2025-05-25 21:00:00,12.612,12.654,12.608,12.64,1458.37
2025-05-25 22:00:00,12.636,12.678,12.531,12.594,5871.45
2025-05-25 23:00:00,12.573,12.621,12.528,12.621,1171.81
2025-05-26 00:00:00,12.614,12.679,12.6,12.652,1546.95
2025-05-26 01:00:00,12.654,12.797,12.617,12.789,3651.39
2025-05-26 02:00:00,12.789,12.9,12.775,12.804,5845.5
2025-05-26 03:00:00,12.799,12.878,12.779,12.816,3586.2
2025-05-26 04:00:00,12.821,12.946,12.818,12.896,3097.55
2025-05-26 05:00:00,12.896,12.988,12.892,12.968,1933.55
2025-05-26 06:00:00,12.973,12.998,12.906,12.96,2200.2
2025-05-26 07:00:00,12.964,12.985,12.863,12.888,2650.56
2025-05-26 08:00:00,12.89,12.931,12.869,12.887,1721.9
2025-05-26 09:00:00,12.884,12.951,12.869,12.913,1677.1
2025-05-26 10:00:00,12.913,12.929,12.801,12.826,1371.43
2025-05-26 11:00:00,12.823,12.823,12.75,12.755,2627.79
2025-05-26 12:00:00,12.754,12.769,12.724,12.749,1179.93
2025-05-26 13:00:00,12.751,12.754,12.635,12.653,1520.3
2025-05-26 14:00:00,12.636,12.672,12.554,12.561,1675.08
2025-05-26 15:00:00,12.564,12.566,12.45,12.558,5068.61
2025-05-26 16:00:00,12.552,12.603,12.534,12.565,2148.7
2025-05-26 17:00:00,12.556,12.607,12.444,12.491,2935.34
2025-05-26 18:00:00,12.497,12.57,12.497,12.517,627.32
2025-05-26 19:00:00,12.517,12.675,12.494,12.659,1327.66
2025-05-26 20:00:00,12.661,12.742,12.66,12.727,2338.69
2025-05-26 21:00:00,12.725,12.745,12.632,12.675,1140.87
2025-05-26 22:00:00,12.678,12.69,12.506,12.534,1585.91
2025-05-26 23:00:00,12.534,12.534,12.478,12.499,748.79
2025-05-27 00:00:00,12.51,12.529,12.461,12.468,1368.78
2025-05-27 01:00:00,12.461,12.465,12.375,12.442,1834.21
2025-05-27 02:00:00,12.438,12.476,12.427,12.446,428.43
2025-05-27 03:00:00,12.442,12.442,12.385,12.4,898.3
2025-05-27 04:00:00,12.397,12.41,12.35,12.371,923.75
2025-05-27 05:00:00,12.371,12.446,12.368,12.424,1339.25
2025-05-27 06:00:00,12.428,12.488,12.365,12.376,1989.69
2025-05-27 07:00:00,12.373,12.459,12.372,12.433,1222.23
2025-05-27 08:00:00,12.44,12.473,12.422,12.438,1859.73
2025-05-27 09:00:00,12.438,12.477,12.422,12.431,3269.71
2025-05-27 10:00:00,12.44,12.47,12.423,12.445,1323.15
2025-05-27 11:00:00,12.446,12.478,12.443,12.477,1003.82
2025-05-27 12:00:00,12.477,12.491,12.433,12.446,2067.25
2025-05-27 13:00:00,12.444,12.507,12.357,12.419,4956.2
2025-05-27 14:00:00,12.412,12.466,12.35,12.359,5940.9
2025-05-27 15:00:00,12.362,12.411,12.355,12.389,2343.14
2025-05-27 16:00:00,12.38,12.429,12.373,12.427,1397.1
2025-05-27 17:00:00,12.422,12.435,12.369,12.388,1715.42
2025-05-27 18:00:00,12.386,12.428,12.375,12.38,2255.41
2025-05-27 19:00:00,12.38,12.422,12.377,12.402,1814.98
2025-05-27 20:00:00,12.401,12.45,12.397,12.401,1604.36
2025-05-27 21:00:00,12.399,12.412,12.304,12.322,3812.44
2025-05-27 22:00:00,12.321,12.36,12.308,12.314,1888.31
2025-05-27 23:00:00,12.313,12.352,12.303,12.316,2174.24
2025-05-28 00:00:00,12.316,12.341,12.281,12.333,1827.78
2025-05-28 01:00:00,12.331,12.379,12.324,12.339,2494.56
2025-05-28 02:00:00,12.337,12.416,12.337,12.409,3713.95
2025-05-28 03:00:00,12.408,12.467,12.404,12.463,1280.94
2025-05-28 04:00:00,12.456,12.526,12.456,12.475,3148.05
2025-05-28 05:00:00,12.477,12.5,12.455,12.498,1171.2
2025-05-28 06:00:00,12.499,12.499,12.402,12.419,1504.9
2025-05-28 07:00:00,12.41,12.494,12.401,12.473,1317.67
2025-05-28 08:00:00,12.475,12.525,12.463,12.492,1866.45
2025-05-28 09:00:00,12.494,12.494,12.41,12.414,1370.94
2025-05-28 10:00:00,12.41,12.453,12.357,12.437,2023.95
2025-05-28 11:00:00,12.44,12.459,12.422,12.442,851.14
2025-05-28 12:00:00,12.441,12.47,12.383,12.4,1629.5
2025-05-28 13:00:00,12.386,12.417,12.347,12.352,2355.81
2025-05-28 14:00:00,12.358,12.386,12.304,12.37,2782.64
2025-05-28 15:00:00,12.369,12.436,12.357,12.422,3064.77
2025-05-28 16:00:00,12.417,12.425,12.366,12.394,1512.43
2025-05-28 17:00:00,12.391,12.421,12.361,12.394,2172.64
2025-05-28 18:00:00,12.393,12.419,12.359,12.363,1522.38
2025-05-28 19:00:00,12.358,12.397,12.341,12.38,3034.84
2025-05-28 20:00:00,12.376,12.43,12.365,12.385,1279.8
2025-05-28 21:00:00,12.381,12.486,12.369,12.455,3801.58
2025-05-28 22:00:00,12.461,12.469,12.407,12.457,787.43
2025-05-28 23:00:00,12.459,12.481,12.431,12.465,1927.58
2025-05-29 00:00:00,12.467,12.507,12.45,12.489,1068.15
2025-05-29 01:00:00,12.488,12.49,12.437,12.461,971.78
2025-05-29 02:00:00,12.464,12.496,12.423,12.482,1177.69
2025-05-29 03:00:00,12.49,12.498,12.44,12.498,634.18
2025-05-29 04:00:00,12.497,12.539,12.433,12.47,3359.23
2025-05-29 05:00:00,12.472,12.485,12.42,12.44,513.81
2025-05-29 06:00:00,12.441,12.457,12.429,12.447,963.37
2025-05-29 07:00:00,12.451,12.545,12.419,12.531,3919.6
2025-05-29 08:00:00,12.53,12.567,12.462,12.494,2741.57
2025-05-29 09:00:00,12.488,12.564,12.439,12.53,1885.04
2025-05-29 10:00:00,12.53,12.562,12.505,12.541,1815.72
2025-05-29 11:00:00,12.53,12.545,12.495,12.528,618.05
2025-05-29 12:00:00,12.52,12.52,12.469,12.509,418.36
2025-05-29 13:00:00,12.496,13.94,12.481,13.67,164515.6
2025-05-29 14:00:00,13.667,13.918,13.597,13.875,44356.8
2025-05-29 15:00:00,13.887,14.185,13.747,14.058,56876.32
2025-05-29 16:00:00,14.054,14.299,13.725,13.891,65610.5
2025-05-29 17:00:00,13.901,13.966,13.808,13.935,16045.89
2025-05-29 18:00:00,13.936,14.059,13.784,13.826,14240.55
2025-05-29 19:00:00,13.83,13.982,13.743,13.916,8416.56
2025-05-29 20:00:00,13.921,14.064,13.913,14.016,10478.73
2025-05-29 21:00:00,14.021,14.134,13.961,14.103,8492.49
2025-05-29 22:00:00,14.109,14.17,13.995,14.011,12495.71
2025-05-29 23:00:00,14.011,14.17,13.951,14.094,11947.83
2025-05-30 00:00:00,14.101,14.291,13.854,13.995,30935.83
2025-05-30 01:00:00,13.997,14.217,13.952,14.07,15762.21
2025-05-30 02:00:00,14.073,14.299,14.021,14.181,12802.54
2025-05-30 03:00:00,14.181,14.305,14.126,14.2,16146.25
2025-05-30 04:00:00,14.199,14.2,13.835,13.922,16940.91
2025-05-30 05:00:00,13.923,14.053,13.766,13.958,13602.92
2025-05-30 06:00:00,13.965,13.97,13.8,13.893,14318.87
2025-05-30 07:00:00,13.897,14.255,13.879,14.047,31013.21
2025-05-30 08:00:00,14.035,14.4,13.924,14.239,45266.09
2025-05-30 09:00:00,14.236,14.399,13.93,14.197,52781.53
2025-05-30 10:00:00,14.168,14.207,14.008,14.09,16325.56
2025-05-30 11:00:00,14.093,14.153,13.936,14.131,21039.33
2025-05-30 12:00:00,14.126,14.265,14.076,14.238,30037.72
2025-05-30 13:00:00,14.242,14.242,13.796,13.986,43367.52
2025-05-30 14:00:00,13.987,14.1,13.965,14.086,11847.29
2025-05-30 15:00:00,14.086,14.175,14.04,14.114,8823.09
2025-05-30 16:00:00,14.108,14.325,14.074,14.204,22919.26
2025-05-30 17:00:00,14.205,14.345,14.131,14.3,17273.62
2025-05-30 18:00:00,14.299,14.495,14.227,14.471,21827.01
2025-05-30 19:00:00,14.467,14.617,14.323,14.436,32057.56
2025-05-30 20:00:00,14.427,14.43,14.279,14.327,11968.15
2025-05-30 21:00:00,14.331,14.384,14.229,14.289,7152.81
2025-05-30 22:00:00,14.292,14.689,14.023,14.035,26531.84
2025-05-30 23:00:00,14.034,14.298,13.701,13.988,24588.33
2025-05-31 00:00:00,13.987,14.124,13.769,13.836,16253.93
2025-05-31 01:00:00,13.835,14.009,13.758,13.903,9073.83
2025-05-31 02:00:00,13.9,14.075,13.806,13.863,6108.1
2025-05-31 03:00:00,13.862,14.018,13.809,13.997,4498.04
2025-05-31 04:00:00,13.99,13.99,13.809,13.948,4106.0
2025-05-31 05:00:00,13.943,14.054,13.867,13.872,4503.82
2025-05-31 06:00:00,13.874,14.233,13.865,14.225,7244.56
2025-05-31 07:00:00,14.216,14.25,14.036,14.09,10880.34
2025-05-31 08:00:00,14.083,14.244,14.035,14.128,6755.38
2025-05-31 09:00:00,14.128,14.215,13.938,13.987,6165.54
2025-05-31 10:00:00,13.988,14.194,13.879,14.148,6068.6
2025-05-31 11:00:00,14.149,14.173,14.049,14.173,4873.78
2025-05-31 12:00:00,14.169,14.34,13.942,14.059,9512.14
2025-05-31 13:00:00,14.059,14.266,14.016,14.046,6012.66
2025-05-31 14:00:00,14.045,14.245,14.026,14.184,4741.9
2025-05-31 15:00:00,14.188,14.243,14.072,14.119,3151.16
2025-05-31 16:00:00,14.124,14.241,14.106,14.241,2644.5
2025-05-31 17:00:00,14.233,14.371,14.193,14.215,4747.32
2025-05-31 18:00:00,14.207,14.226,14.168,14.212,2358.88
2025-05-31 19:00:00,14.208,14.282,14.19,14.225,933.99
2025-05-31 20:00:00,14.227,14.339,14.173,14.304,2809.06
2025-05-31 21:00:00,14.304,14.376,14.281,14.35,2625.43
2025-05-31 22:00:00,14.347,14.358,14.192,14.245,1827.07
2025-05-31 23:00:00,14.24,14.258,14.125,14.143,2353.15
2025-06-01 00:00:00,14.15,14.347,14.15,14.263,7410.22
2025-06-01 01:00:00,14.267,14.285,13.979,14.072,8024.83
2025-06-01 02:00:00,14.072,14.104,13.918,14.079,5246.01
2025-06-01 03:00:00,14.079,14.079,13.928,14.037,3251.83
2025-06-01 04:00:00,14.035,14.116,14.008,14.016,3325.42
2025-06-01 05:00:00,14.016,14.116,13.948,14.109,3513.46
2025-06-01 06:00:00,14.112,14.281,14.065,14.193,5299.8
2025-06-01 07:00:00,14.191,14.191,14.007,14.044,2422.52
2025-06-01 08:00:00,14.036,14.076,13.842,13.922,3918.07
2025-06-01 09:00:00,13.922,14.076,13.859,14.042,4562.12
2025-06-01 10:00:00,14.041,14.111,14.012,14.054,1668.28
2025-06-01 11:00:00,14.044,14.171,14.021,14.162,2433.6
2025-06-01 12:00:00,14.163,14.328,14.162,14.308,4492.9
2025-06-01 13:00:00,14.313,14.489,14.297,14.412,9395.51
2025-06-01 14:00:00,14.416,14.524,14.398,14.524,5200.45
2025-06-01 15:00:00,14.52,14.522,14.318,14.388,4898.42
2025-06-01 16:00:00,14.378,14.404,14.207,14.243,3581.88
2025-06-01 17:00:00,14.241,14.242,14.037,14.096,3971.37
2025-06-01 18:00:00,14.099,14.173,14.068,14.081,3540.46
2025-06-01 19:00:00,14.072,14.104,14.044,14.095,2001.02
2025-06-01 20:00:00,14.094,14.137,13.974,14.01,3846.1
2025-06-01 21:00:00,14.008,14.082,14.002,14.052,1211.8
2025-06-01 22:00:00,14.046,14.377,14.043,14.331,4289.23
2025-06-01 23:00:00,14.342,14.434,14.208,14.218,2367.75
2025-06-02 00:00:00,14.221,14.281,14.016,14.148,6095.09
2025-06-02 01:00:00,14.145,14.174,13.984,14.106,2468.52
2025-06-02 02:00:00,14.113,14.174,14.062,14.122,2202.59
2025-06-02 03:00:00,14.117,14.134,14.056,14.057,716.74
2025-06-02 04:00:00,14.058,14.116,14.047,14.097,376.2
2025-06-02 05:00:00,14.094,14.101,13.957,14.056,1630.08
2025-06-02 06:00:00,14.054,14.227,13.964,14.203,2336.65
2025-06-02 07:00:00,14.214,14.297,14.056,14.078,3486.66
2025-06-02 08:00:00,14.07,14.148,14.057,14.144,1379.7
2025-06-02 09:00:00,14.143,14.2,14.089,14.143,2911.54
2025-06-02 10:00:00,14.127,14.241,14.107,14.139,2689.29
2025-06-02 11:00:00,14.144,14.168,14.033,14.072,1626.63
2025-06-02 12:00:00,14.09,14.409,14.079,14.249,3843.31
2025-06-02 13:00:00,14.266,14.314,14.19,14.246,2916.99
2025-06-02 14:00:00,14.244,14.276,14.132,14.165,2999.54
2025-06-02 15:00:00,14.175,14.183,14.092,14.104,2756.15
2025-06-02 16:00:00,14.096,14.239,14.096,14.23,1401.32
2025-06-02 17:00:00,14.238,14.413,14.2,14.354,4157.92
2025-06-02 18:00:00,14.357,14.499,14.132,14.267,53633.69
2025-06-02 19:00:00,14.257,15.069,8.291,9.696,1186336.56
2025-06-02 20:00:00,9.694,9.99,9.04,9.102,258842.25
2025-06-02 21:00:00,9.101,9.423,8.977,9.244,169297.17
2025-06-02 22:00:00,9.249,9.32,8.916,8.972,144634.23
2025-06-02 23:00:00,8.977,10.154,8.896,9.676,358335.06
2025-06-03 00:00:00,9.684,9.724,9.017,9.068,193142.95
2025-06-03 01:00:00,9.061,9.193,9.02,9.115,95131.66
2025-06-03 02:00:00,9.11,9.347,9.1,9.162,97142.7
2025-06-03 03:00:00,9.161,9.283,9.114,9.151,60366.03
2025-06-03 04:00:00,9.15,9.21,9.056,9.134,85797.46
2025-06-03 05:00:00,9.135,9.29,9.111,9.256,73240.42
2025-06-03 06:00:00,9.26,9.463,9.189,9.4,96744.61
2025-06-03 07:00:00,9.39,9.44,9.273,9.312,67814.41
2025-06-03 08:00:00,9.321,9.51,9.204,9.315,100293.0
2025-06-03 09:00:00,9.314,9.448,9.263,9.334,66502.49
2025-06-03 10:00:00,9.333,9.454,9.31,9.363,70846.12
2025-06-03 11:00:00,9.363,9.399,9.311,9.362,51621.14
2025-06-03 12:00:00,9.363,9.44,8.387,9.225,337583.31
2025-06-03 13:00:00,9.226,9.244,8.827,9.099,178339.07
2025-06-03 14:00:00,9.099,9.148,9.019,9.124,59921.2
2025-06-03 15:00:00,9.123,9.129,9.025,9.068,97767.89
2025-06-03 16:00:00,9.07,9.086,9.009,9.058,47184.79
2025-06-03 17:00:00,9.059,9.094,9.008,9.03,51733.39
2025-06-03 18:00:00,9.031,9.046,8.891,8.951,84998.22
2025-06-03 19:00:00,8.95,9.074,8.907,8.925,70227.13
2025-06-03 20:00:00,8.927,8.953,8.82,8.855,79065.01
2025-06-03 21:00:00,8.852,8.894,8.814,8.855,24520.89
2025-06-03 22:00:00,8.857,8.889,8.815,8.865,25425.36
2025-06-03 23:00:00,8.867,8.949,8.84,8.939,23031.45
2025-06-04 00:00:00,8.938,9.026,8.92,9.016,32565.13
2025-06-04 01:00:00,9.017,9.143,9.016,9.138,37653.02
2025-06-04 02:00:00,9.137,9.199,9.081,9.164,38477.08
2025-06-04 03:00:00,9.165,9.368,9.154,9.322,72531.38
2025-06-04 04:00:00,9.323,9.725,9.311,9.491,131226.58
2025-06-04 05:00:00,9.494,9.988,9.494,9.969,139242.39
2025-06-04 06:00:00,9.969,10.189,9.421,9.594,263723.38
2025-06-04 07:00:00,9.592,9.894,9.552,9.754,93105.91
2025-06-04 08:00:00,9.752,9.85,9.627,9.793,61986.45
2025-06-04 09:00:00,9.792,9.936,9.731,9.797,60708.18
2025-06-04 10:00:00,9.798,9.878,9.598,9.643,65175.24
2025-06-04 11:00:00,9.643,9.864,9.624,9.772,52512.29
2025-06-04 12:00:00,9.774,9.874,9.749,9.76,44307.46
2025-06-04 13:00:00,9.761,10.068,9.761,10.029,73504.1
2025-06-04 14:00:00,10.027,10.133,9.93,10.089,86269.55
2025-06-04 15:00:00,10.092,10.687,9.948,9.972,193892.19
2025-06-04 16:00:00,9.968,10.006,9.658,9.855,108835.76
2025-06-04 17:00:00,9.857,9.973,9.707,9.895,55907.55
2025-06-04 18:00:00,9.895,9.992,9.848,9.849,32235.64
2025-06-04 19:00:00,9.849,9.942,9.758,9.909,31009.09
2025-06-04 20:00:00,9.906,10.0,9.821,9.889,27714.85
2025-06-04 21:00:00,9.89,9.958,9.826,9.929,22391.0
2025-06-04 22:00:00,9.932,9.964,9.824,9.881,23976.93
2025-06-04 23:00:00,9.88,9.922,9.81,9.858,18143.25
2025-06-05 00:00:00,9.858,9.904,9.68,9.756,28378.84
2025-06-05 01:00:00,9.758,9.809,9.694,9.792,11984.61
2025-06-05 02:00:00,9.797,9.955,9.677,9.705,46920.59
2025-06-05 03:00:00,9.707,9.733,9.57,9.648,25746.41
2025-06-05 04:00:00,9.649,9.69,9.555,9.611,14146.02
2025-06-05 05:00:00,9.614,9.673,9.582,9.673,10996.62
2025-06-05 06:00:00,9.672,9.776,9.617,9.768,16510.25
2025-06-05 07:00:00,9.773,9.803,9.588,9.617,29477.34
2025-06-05 08:00:00,9.621,9.817,9.621,9.75,20290.82
2025-06-05 09:00:00,9.747,9.825,9.682,9.701,18438.28
2025-06-05 10:00:00,9.698,9.821,9.693,9.812,17822.55
2025-06-05 11:00:00,9.814,9.863,9.748,9.786,12741.99
2025-06-05 12:00:00,9.787,10.121,9.787,10.041,63758.81
2025-06-05 13:00:00,10.04,10.114,9.887,9.949,33079.23
2025-06-05 14:00:00,9.949,10.159,9.938,10.057,30349.3
2025-06-05 15:00:00,10.055,10.217,10.044,10.101,27152.81
2025-06-05 16:00:00,10.099,10.316,10.073,10.098,42736.47
2025-06-05 17:00:00,10.095,10.177,10.026,10.062,25118.63
2025-06-05 18:00:00,10.062,10.291,10.054,10.131,28332.9
2025-06-05 19:00:00,10.136,10.192,9.958,10.02,45905.34
2025-06-05 20:00:00,10.025,10.146,9.665,9.813,77051.56
2025-06-05 21:00:00,9.811,9.964,9.75,9.884,18878.82
2025-06-05 22:00:00,9.883,9.909,9.786,9.879,8950.14
2025-06-05 23:00:00,9.881,9.951,9.831,9.874,22987.83
2025-06-06 00:00:00,9.876,10.159,9.743,9.96,65848.31
2025-06-06 01:00:00,9.959,9.969,9.765,9.768,15670.09
2025-06-06 02:00:00,9.768,9.805,9.644,9.764,13995.01
2025-06-06 03:00:00,9.764,9.764,9.651,9.696,10111.71
2025-06-06 04:00:00,9.694,9.71,9.631,9.7,8694.2
2025-06-06 05:00:00,9.7,9.815,9.659,9.734,13272.12
2025-06-06 06:00:00,9.736,9.796,9.681,9.733,16566.26
2025-06-06 07:00:00,9.73,9.774,9.663,9.754,10963.2
2025-06-06 08:00:00,9.754,9.762,9.59,9.672,19980.87
2025-06-06 09:00:00,9.669,9.79,9.653,9.746,8729.38
2025-06-06 10:00:00,9.743,9.889,9.743,9.86,16565.36
2025-06-06 11:00:00,9.86,9.888,9.713,9.752,17070.04
2025-06-06 12:00:00,9.753,9.863,9.753,9.83,8920.94
2025-06-06 13:00:00,9.834,9.845,9.732,9.791,14173.68
2025-06-06 14:00:00,9.791,9.814,9.717,9.733,14475.2
2025-06-06 15:00:00,9.733,9.814,9.688,9.718,14132.04
2025-06-06 16:00:00,9.718,9.755,9.644,9.743,8721.48
2025-06-06 17:00:00,9.743,9.801,9.672,9.698,6913.41
2025-06-06 18:00:00,9.701,10.27,9.691,9.945,63082.32
2025-06-06 19:00:00,9.943,9.989,9.823,9.92,25474.46
2025-06-06 20:00:00,9.916,9.978,9.875,9.95,6332.14
2025-06-06 21:00:00,9.95,10.4,9.838,10.332,52450.99
2025-06-06 22:00:00,10.332,10.486,10.218,10.42,39370.01
2025-06-06 23:00:00,10.419,10.551,10.416,10.498,26109.36
2025-06-07 00:00:00,10.498,10.516,10.367,10.436,14437.6
2025-06-07 01:00:00,10.438,10.438,9.984,10.416,71532.1
2025-06-07 02:00:00,10.416,10.456,10.338,10.341,11905.04
2025-06-07 03:00:00,10.34,10.368,10.192,10.211,14579.35
2025-06-07 04:00:00,10.212,10.311,10.201,10.273,9434.74
2025-06-07 05:00:00,10.274,10.455,10.244,10.392,17487.43
2025-06-07 06:00:00,10.391,10.421,10.3,10.359,8600.56
2025-06-07 07:00:00,10.36,10.396,10.338,10.36,5142.77
2025-06-07 08:00:00,10.365,10.453,10.349,10.373,10123.37
2025-06-07 09:00:00,10.373,10.45,10.367,10.389,16166.54
2025-06-07 10:00:00,10.391,10.493,10.374,10.47,13439.63
2025-06-07 11:00:00,10.473,10.516,10.412,10.504,19225.37
2025-06-07 12:00:00,10.507,10.682,10.459,10.497,43957.93
2025-06-07 13:00:00,10.496,10.525,10.409,10.445,18378.21
2025-06-07 14:00:00,10.448,10.499,10.275,10.381,17513.0
2025-06-07 15:00:00,10.378,10.429,10.323,10.396,10072.45
2025-06-07 16:00:00,10.397,10.47,10.294,10.379,19707.98
2025-06-07 17:00:00,10.38,10.522,10.374,10.511,15501.88
2025-06-07 18:00:00,10.513,10.515,10.391,10.429,5142.94
2025-06-07 19:00:00,10.427,10.549,10.415,10.549,7087.68
2025-06-07 20:00:00,10.55,10.615,10.529,10.559,5777.92
2025-06-07 21:00:00,10.56,10.576,10.425,10.426,7686.49
2025-06-07 22:00:00,10.428,10.505,10.411,10.473,5766.53
2025-06-07 23:00:00,10.474,10.515,10.458,10.49,3104.35
2025-06-08 00:00:00,10.491,10.549,10.478,10.514,4624.81
2025-06-08 01:00:00,10.514,10.681,10.467,10.625,8196.01
2025-06-08 02:00:00,10.629,10.757,10.607,10.668,12119.35
2025-06-08 03:00:00,10.668,10.737,10.619,10.659,5041.8
2025-06-08 04:00:00,10.658,10.678,10.569,10.67,6793.43
2025-06-08 05:00:00,10.67,10.698,10.57,10.585,5232.44
2025-06-08 06:00:00,10.585,10.759,10.566,10.653,8815.2
2025-06-08 07:00:00,10.658,10.68,10.562,10.573,7348.32
2025-06-08 08:00:00,10.574,10.693,10.554,10.623,5606.36
2025-06-08 09:00:00,10.624,10.7,10.598,10.689,7729.15
2025-06-08 10:00:00,10.688,10.688,10.598,10.637,9208.89
2025-06-08 11:00:00,10.635,10.857,10.592,10.809,16206.9
2025-06-08 12:00:00,10.805,10.876,10.734,10.865,16499.35
2025-06-08 13:00:00,10.866,10.95,9.858,10.248,182036.03
2025-06-08 14:00:00,10.252,10.343,10.086,10.119,49267.85
2025-06-08 15:00:00,10.118,10.239,10.077,10.131,20270.84
2025-06-08 16:00:00,10.132,10.236,10.127,10.191,15310.75
2025-06-08 17:00:00,10.19,10.195,10.055,10.085,19775.3
2025-06-08 18:00:00,10.086,10.092,9.967,10.053,17586.78
2025-06-08 19:00:00,10.051,10.114,9.985,10.043,15376.63
2025-06-08 20:00:00,10.041,10.093,10.018,10.081,12316.92
2025-06-08 21:00:00,10.081,10.136,9.716,9.894,26209.22
2025-06-08 22:00:00,9.902,9.91,9.801,9.878,13686.17
2025-06-08 23:00:00,9.877,10.07,9.867,10.035,29603.32
2025-06-09 00:00:00,10.037,10.199,9.639,9.733,458149.33
2025-06-09 01:00:00,9.731,9.733,9.649,9.704,20303.87
2025-06-09 02:00:00,9.704,9.711,9.489,9.505,43227.65
2025-06-09 03:00:00,9.501,9.66,9.419,9.629,93892.84
2025-06-09 04:00:00,9.63,9.645,9.34,9.401,63881.33
2025-06-09 05:00:00,9.401,9.6,9.14,9.149,40462.02
2025-06-09 06:00:00,9.148,9.197,9.057,9.071,35589.96
2025-06-09 07:00:00,9.07,9.105,8.838,8.923,82824.98
2025-06-09 08:00:00,8.921,8.969,8.807,8.873,57270.59
2025-06-09 09:00:00,8.879,8.932,8.804,8.827,49949.7
2025-06-09 10:00:00,8.831,9.154,8.761,8.942,116203.26
2025-06-09 11:00:00,8.941,8.994,8.874,8.905,47208.9
2025-06-09 12:00:00,8.907,8.941,8.872,8.892,27453.25
2025-06-09 13:00:00,8.891,9.205,8.298,8.635,322853.06
2025-06-09 14:00:00,8.639,9.337,8.602,8.815,330886.25
2025-06-09 15:00:00,8.814,8.846,8.7,8.705,56211.91
2025-06-09 16:00:00,8.703,8.851,8.691,8.84,44859.63
2025-06-09 17:00:00,8.84,8.929,8.817,8.862,32581.93
2025-06-09 18:00:00,8.862,8.871,8.785,8.856,23031.82
2025-06-09 19:00:00,8.856,8.874,8.81,8.87,18399.97
2025-06-09 20:00:00,8.868,8.912,8.839,8.909,13358.76
2025-06-09 21:00:00,8.91,9.007,8.877,8.977,36974.54
2025-06-09 22:00:00,8.98,9.106,8.965,9.026,30670.53
2025-06-09 23:00:00,9.028,9.24,9.008,9.205,34455.66
2025-06-10 00:00:00,9.201,9.304,9.073,9.258,72866.98
2025-06-10 01:00:00,9.259,9.357,9.142,9.273,71249.31
2025-06-10 02:00:00,9.274,9.41,9.246,9.397,37153.35
2025-06-10 03:00:00,9.397,9.477,9.334,9.429,44517.6
2025-06-10 04:00:00,9.435,9.714,9.427,9.628,62654.43
2025-06-10 05:00:00,9.628,9.887,9.628,9.866,83067.85
2025-06-10 06:00:00,9.868,10.186,9.806,10.175,123407.29
2025-06-10 07:00:00,10.177,10.385,10.126,10.28,101111.62
2025-06-10 08:00:00,10.28,10.556,10.211,10.35,139494.32
2025-06-10 09:00:00,10.35,10.431,10.074,10.258,85453.23
2025-06-10 10:00:00,10.258,10.322,10.189,10.24,62372.3
2025-06-10 11:00:00,10.24,10.437,10.152,10.238,61383.55
2025-06-10 12:00:00,10.239,10.26,8.971,9.031,312733.03
2025-06-10 13:00:00,9.031,9.282,8.951,9.202,122607.15
2025-06-10 14:00:00,9.203,9.415,9.203,9.385,57780.28
2025-06-10 15:00:00,9.386,9.498,9.339,9.352,62186.31
2025-06-10 16:00:00,9.352,9.546,9.321,9.334,40861.79
2025-06-10 17:00:00,9.334,9.392,9.275,9.283,22286.7
2025-06-10 18:00:00,9.282,9.282,9.172,9.262,30009.96
2025-06-10 19:00:00,9.264,9.355,9.25,9.317,14356.53
2025-06-10 20:00:00,9.318,9.372,9.27,9.32,12001.64
2025-06-10 21:00:00,9.318,9.398,9.282,9.391,16882.69
2025-06-10 22:00:00,9.39,9.433,9.331,9.384,18661.17
2025-06-10 23:00:00,9.383,9.401,9.318,9.38,18795.65
2025-06-11 00:00:00,9.382,9.427,9.334,9.373,13186.54
2025-06-11 01:00:00,9.372,9.488,9.355,9.426,23941.17
2025-06-11 02:00:00,9.426,9.481,9.382,9.427,15937.04
2025-06-11 03:00:00,9.426,9.496,9.395,9.484,13867.97
2025-06-11 04:00:00,9.485,9.542,9.41,9.412,13092.48
2025-06-11 05:00:00,9.413,9.466,9.309,9.36,20800.72
2025-06-11 06:00:00,9.36,9.366,9.284,9.317,14302.18
2025-06-11 07:00:00,9.319,9.378,9.291,9.339,9826.94
2025-06-11 08:00:00,9.339,9.405,9.312,9.355,14201.86
2025-06-11 09:00:00,9.356,9.363,9.264,9.287,10594.85
2025-06-11 10:00:00,9.288,9.309,9.192,9.231,22218.64
2025-06-11 11:00:00,9.23,9.276,9.183,9.218,16294.43
2025-06-11 12:00:00,9.216,9.3,9.175,9.229,25880.75
2025-06-11 13:00:00,9.229,9.242,9.161,9.197,25622.73
2025-06-11 14:00:00,9.197,9.312,9.195,9.303,17078.52
2025-06-11 15:00:00,9.303,9.332,9.28,9.318,7868.85
2025-06-11 16:00:00,9.318,9.382,9.275,9.365,13718.13
2025-06-11 17:00:00,9.363,9.377,9.251,9.316,12304.53
2025-06-11 18:00:00,9.314,9.371,9.301,9.342,11754.67
2025-06-11 19:00:00,9.344,9.349,9.263,9.279,7188.91
2025-06-11 20:00:00,9.282,9.306,9.253,9.287,7142.41
2025-06-11 21:00:00,9.283,9.302,9.183,9.208,8870.51
2025-06-11 22:00:00,9.208,9.293,9.208,9.25,7065.47
2025-06-11 23:00:00,9.249,9.259,9.21,9.231,3841.42
2025-06-12 00:00:00,9.231,9.241,9.154,9.174,9300.55
2025-06-12 01:00:00,9.172,9.254,9.14,9.217,8603.16
2025-06-12 02:00:00,9.216,9.22,9.078,9.109,9468.91
2025-06-12 03:00:00,9.11,9.209,9.093,9.133,14281.36
2025-06-12 04:00:00,9.134,9.206,8.984,9.041,21101.03
2025-06-12 05:00:00,9.045,9.086,9.008,9.072,5574.22
2025-06-12 06:00:00,9.073,9.126,9.024,9.048,16442.63
2025-06-12 07:00:00,9.047,9.065,9.002,9.038,15235.54
2025-06-12 08:00:00,9.038,9.126,9.037,9.107,7068.29
2025-06-12 09:00:00,9.106,9.219,9.086,9.154,12075.73
2025-06-12 10:00:00,9.156,9.166,9.095,9.156,5898.05
2025-06-12 11:00:00,9.157,9.22,9.131,9.205,8823.44
2025-06-12 12:00:00,9.21,9.304,9.053,9.093,20262.7
2025-06-12 13:00:00,9.092,9.114,9.038,9.073,9336.79
2025-06-12 14:00:00,9.072,9.122,9.061,9.068,9957.18
2025-06-12 15:00:00,9.068,9.149,9.053,9.085,10110.23
2025-06-12 16:00:00,9.087,9.181,9.042,9.143,8899.9
2025-06-12 17:00:00,9.144,9.163,9.088,9.134,5419.99
2025-06-12 18:00:00,9.132,9.144,9.03,9.041,8977.16
2025-06-12 19:00:00,9.04,9.06,8.988,9.012,9236.6
2025-06-12 20:00:00,9.013,9.058,8.826,8.863,21953.46
2025-06-12 21:00:00,8.86,8.974,8.813,8.89,7162.54
2025-06-12 22:00:00,8.889,8.95,8.758,8.778,14813.49
2025-06-12 23:00:00,8.779,8.904,8.769,8.872,5311.21
2025-06-13 00:00:00,8.867,9.004,8.737,8.745,34078.05
2025-06-13 01:00:00,8.744,8.744,8.518,8.608,27878.59
2025-06-13 02:00:00,8.609,8.665,8.521,8.647,9948.84
2025-06-13 03:00:00,8.645,8.716,8.587,8.639,9686.85
2025-06-13 04:00:00,8.633,8.727,8.625,8.683,9002.14
2025-06-13 05:00:00,8.682,8.818,8.658,8.771,22003.74
2025-06-13 06:00:00,8.772,8.954,8.771,8.824,46444.15
2025-06-13 07:00:00,8.82,8.851,8.764,8.772,6399.1
2025-06-13 08:00:00,8.775,8.807,8.72,8.768,9043.17
2025-06-13 09:00:00,8.77,8.782,8.733,8.746,2819.35
2025-06-13 10:00:00,8.748,8.785,8.734,8.779,5403.91
2025-06-13 11:00:00,8.778,8.785,8.738,8.785,2281.04
2025-06-13 12:00:00,8.784,8.842,8.744,8.769,10130.41
2025-06-13 13:00:00,8.772,8.834,8.763,8.833,5756.21
2025-06-13 14:00:00,8.835,8.884,8.785,8.864,39562.33
2025-06-13 15:00:00,8.863,8.931,8.858,8.918,21790.53
2025-06-13 16:00:00,8.915,8.975,8.89,8.956,8329.64
2025-06-13 17:00:00,8.96,8.963,8.887,8.908,11587.48
2025-06-13 18:00:00,8.906,8.909,8.851,8.871,7906.87
2025-06-13 19:00:00,8.871,8.928,8.86,8.884,6733.37
2025-06-13 20:00:00,8.878,8.933,8.866,8.911,3619.78
2025-06-13 21:00:00,8.909,9.008,8.892,8.983,8088.93
2025-06-13 22:00:00,8.986,9.001,8.949,8.959,6817.02
2025-06-13 23:00:00,8.962,8.987,8.906,8.962,6725.04
2025-06-14 00:00:00,8.961,8.961,8.879,8.897,4929.09
2025-06-14 01:00:00,8.899,8.919,8.874,8.898,4978.38
2025-06-14 02:00:00,8.901,8.901,8.858,8.894,5142.14
2025-06-14 03:00:00,8.892,8.956,8.89,8.954,6770.82
2025-06-14 04:00:00,8.954,8.99,8.937,8.978,4417.86
2025-06-14 05:00:00,8.975,8.975,8.929,8.946,9854.56
2025-06-14 06:00:00,8.945,8.98,8.933,8.964,3169.85
2025-06-14 07:00:00,8.967,9.034,8.946,9.022,4344.86
2025-06-14 08:00:00,9.023,9.023,8.908,8.982,10499.42
2025-06-14 09:00:00,8.984,9.037,8.961,9.022,3555.45
2025-06-14 10:00:00,9.021,9.021,8.977,9.02,3724.16
2025-06-14 11:00:00,9.022,9.053,9.006,9.023,3994.37
2025-06-14 12:00:00,9.023,9.038,8.789,8.846,21552.88
2025-06-14 13:00:00,8.85,8.919,8.838,8.911,14560.7
2025-06-14 14:00:00,8.904,8.932,8.874,8.932,6170.28
2025-06-14 15:00:00,8.932,8.932,8.814,8.848,10402.79
2025-06-14 16:00:00,8.846,8.891,8.832,8.843,9903.17
2025-06-14 17:00:00,8.84,8.851,8.808,8.817,3200.96
2025-06-14 18:00:00,8.814,8.83,8.761,8.777,6595.21
2025-06-14 19:00:00,8.779,8.841,8.771,8.791,8782.52
2025-06-14 20:00:00,8.791,8.864,8.783,8.864,2272.3
2025-06-14 21:00:00,8.865,8.885,8.835,8.864,2563.44
2025-06-14 22:00:00,8.869,8.903,8.848,8.873,3901.68
2025-06-14 23:00:00,8.871,8.878,8.835,8.851,1596.32
2025-06-15 00:00:00,8.853,8.862,8.826,8.861,5303.22
2025-06-15 01:00:00,8.863,8.948,8.862,8.921,3860.5
2025-06-15 02:00:00,8.921,8.953,8.905,8.947,2553.63
2025-06-15 03:00:00,8.944,8.952,8.927,8.938,3036.06
2025-06-15 04:00:00,8.934,8.936,8.893,8.904,4348.29
2025-06-15 05:00:00,8.908,8.958,8.905,8.933,3825.35
2025-06-15 06:00:00,8.932,8.976,8.904,8.953,11232.25
2025-06-15 07:00:00,8.955,8.978,8.932,8.962,3857.6
2025-06-15 08:00:00,8.965,9.005,8.957,8.985,4402.92
2025-06-15 09:00:00,8.978,8.982,8.882,8.9,9459.0
2025-06-15 10:00:00,8.901,8.906,8.821,8.834,3878.17
2025-06-15 11:00:00,8.835,8.853,8.675,8.687,21842.61
2025-06-15 12:00:00,8.683,8.788,8.619,8.729,22707.61
2025-06-15 13:00:00,8.729,8.77,8.644,8.663,9128.9
2025-06-15 14:00:00,8.66,8.743,8.616,8.709,10190.78
2025-06-15 15:00:00,8.717,8.759,8.67,8.706,9565.55
2025-06-15 16:00:00,8.703,8.737,8.699,8.716,7833.5
2025-06-15 17:00:00,8.716,8.799,8.716,8.768,6701.13
2025-06-15 18:00:00,8.773,8.795,8.723,8.741,4142.05
2025-06-15 19:00:00,8.737,8.769,8.73,8.75,3743.58
2025-06-15 20:00:00,8.75,8.768,8.659,8.676,5679.32
2025-06-15 21:00:00,8.678,8.737,8.573,8.733,7481.65
2025-06-15 22:00:00,8.736,8.827,8.718,8.817,8027.87
2025-06-15 23:00:00,8.817,8.826,8.773,8.821,3138.18
2025-06-16 00:00:00,8.819,8.827,8.785,8.818,3104.98
2025-06-16 01:00:00,8.819,8.819,8.748,8.804,3319.8
2025-06-16 02:00:00,8.806,8.825,8.744,8.793,6718.88
2025-06-16 03:00:00,8.793,8.795,8.738,8.774,3068.51
2025-06-16 04:00:00,8.774,8.839,8.749,8.817,9338.52
2025-06-16 05:00:00,8.815,8.871,8.814,8.859,7776.47
2025-06-16 06:00:00,8.859,8.869,8.843,8.855,3688.78
2025-06-16 07:00:00,8.856,8.879,8.846,8.876,4465.73
2025-06-16 08:00:00,8.875,8.918,8.858,8.916,5517.34
2025-06-16 09:00:00,8.916,8.933,8.862,8.917,13454.44
2025-06-16 10:00:00,8.916,8.947,8.888,8.901,6782.64
2025-06-16 11:00:00,8.9,8.918,8.859,8.895,3211.23
2025-06-16 12:00:00,8.897,8.922,8.857,8.876,9064.43
2025-06-16 13:00:00,8.877,8.9,8.85,8.892,6796.36
2025-06-16 14:00:00,8.891,8.912,8.855,8.87,3623.31
2025-06-16 15:00:00,8.868,8.897,8.797,8.886,12045.25
2025-06-16 16:00:00,8.885,8.922,8.871,8.914,1857.79
2025-06-16 17:00:00,8.914,8.957,8.911,8.953,4035.2
2025-06-16 18:00:00,8.953,8.968,8.922,8.928,3580.7
2025-06-16 19:00:00,8.929,8.941,8.903,8.929,2523.84
2025-06-16 20:00:00,8.927,8.934,8.889,8.889,1467.19
2025-06-16 21:00:00,8.889,8.906,8.873,8.893,1286.6
2025-06-16 22:00:00,8.895,8.917,8.816,8.843,11803.76
2025-06-16 23:00:00,8.841,8.866,8.793,8.798,8095.38
2025-06-17 00:00:00,8.798,8.826,8.651,8.825,14166.66
2025-06-17 01:00:00,8.826,8.848,8.788,8.805,2893.99
2025-06-17 02:00:00,8.811,8.855,8.796,8.852,2917.0
2025-06-17 03:00:00,8.856,8.915,8.851,8.88,3572.73
2025-06-17 04:00:00,8.88,8.897,8.863,8.88,3298.32
2025-06-17 05:00:00,8.88,8.901,8.873,8.885,1426.83
2025-06-17 06:00:00,8.885,8.893,8.855,8.864,4143.32
2025-06-17 07:00:00,8.865,8.93,8.861,8.886,14235.57
2025-06-17 08:00:00,8.886,8.887,8.838,8.861,3530.57
2025-06-17 09:00:00,8.861,8.883,8.843,8.883,4121.77
2025-06-17 10:00:00,8.887,8.918,8.853,8.877,7619.95
2025-06-17 11:00:00,8.877,8.878,8.804,8.839,4463.01
2025-06-17 12:00:00,8.838,8.847,8.804,8.828,1676.27
2025-06-17 13:00:00,8.828,8.849,8.801,8.816,3211.0
2025-06-17 14:00:00,8.816,8.85,8.811,8.819,2993.89
2025-06-17 15:00:00,8.817,8.817,8.72,8.757,12171.87
2025-06-17 16:00:00,8.758,8.791,8.722,8.722,4827.16
2025-06-17 17:00:00,8.72,8.784,8.72,8.753,6205.52
2025-06-17 18:00:00,8.75,8.762,8.719,8.762,2838.44
2025-06-17 19:00:00,8.763,8.845,8.754,8.801,4688.96
2025-06-17 20:00:00,8.801,8.827,8.775,8.775,1735.84
2025-06-17 21:00:00,8.775,8.778,8.683,8.693,4777.27
2025-06-17 22:00:00,8.692,8.769,8.691,8.742,3684.32
2025-06-17 23:00:00,8.74,8.793,8.731,8.779,1933.55
2025-06-18 00:00:00,8.779,8.801,8.74,8.784,2145.66
2025-06-18 01:00:00,8.768,8.79,8.758,8.777,1109.7
2025-06-18 02:00:00,8.777,8.811,8.777,8.804,2125.33
2025-06-18 03:00:00,8.801,8.841,8.796,8.826,1779.41
2025-06-18 04:00:00,8.825,8.825,8.79,8.796,1184.15
2025-06-18 05:00:00,8.796,8.803,8.739,8.76,3034.84
2025-06-18 06:00:00,8.76,8.84,8.724,8.777,9176.44
2025-06-18 07:00:00,8.772,8.813,8.755,8.807,1272.09
2025-06-18 08:00:00,8.814,8.841,8.731,8.786,6556.35
2025-06-18 09:00:00,8.788,8.818,8.778,8.813,2022.89
2025-06-18 10:00:00,8.813,8.813,8.688,8.699,3068.58
2025-06-18 11:00:00,8.7,8.731,8.684,8.723,2529.82
2025-06-18 12:00:00,8.723,8.727,8.651,8.652,1194.42
2025-06-18 13:00:00,8.653,8.653,8.536,8.637,8253.84
2025-06-18 14:00:00,8.633,8.697,8.596,8.597,3979.05
2025-06-18 15:00:00,8.594,8.616,8.549,8.591,4283.41
2025-06-18 16:00:00,8.591,8.591,8.417,8.46,7168.31
2025-06-18 17:00:00,8.46,8.532,8.457,8.501,2920.11
2025-06-18 18:00:00,8.507,8.533,8.423,8.441,4743.73
2025-06-18 19:00:00,8.441,8.543,8.431,8.5,3447.31
2025-06-18 20:00:00,8.496,8.62,8.492,8.601,3904.06
2025-06-18 21:00:00,8.602,8.68,8.596,8.666,2564.53
2025-06-18 22:00:00,8.667,8.691,8.618,8.666,2282.82
2025-06-18 23:00:00,8.656,8.69,8.651,8.685,1231.28
2025-06-19 00:00:00,8.685,8.705,8.561,8.63,8149.37
2025-06-19 01:00:00,8.63,8.637,8.577,8.586,1487.69
2025-06-19 02:00:00,8.587,8.623,8.569,8.583,2173.54
2025-06-19 03:00:00,8.58,8.586,8.518,8.555,2310.31
2025-06-19 04:00:00,8.55,8.595,8.53,8.592,3252.61
2025-06-19 05:00:00,8.598,8.655,8.591,8.631,1912.69
2025-06-19 06:00:00,8.629,8.646,8.606,8.627,3730.17
2025-06-19 07:00:00,8.63,8.687,8.627,8.646,4525.12
2025-06-19 08:00:00,8.656,8.721,8.651,8.706,1824.48
2025-06-19 09:00:00,8.707,8.725,8.563,8.638,15692.65
2025-06-19 10:00:00,8.644,8.651,8.581,8.643,12100.59
2025-06-19 11:00:00,8.642,8.649,8.606,8.619,1569.89
2025-06-19 12:00:00,8.617,8.617,8.555,8.57,1630.41
2025-06-19 13:00:00,8.574,8.583,8.476,8.493,3559.93
2025-06-19 14:00:00,8.494,8.518,8.43,8.44,3103.47
2025-06-19 15:00:00,8.44,8.504,8.431,8.495,2285.7
2025-06-19 16:00:00,8.499,8.499,8.435,8.448,5330.84
2025-06-19 17:00:00,8.452,8.553,8.449,8.539,2570.62
2025-06-19 18:00:00,8.541,8.59,8.525,8.543,5999.77
2025-06-19 19:00:00,8.552,8.586,8.545,8.568,626.68
2025-06-19 20:00:00,8.561,8.588,8.54,8.54,795.29
2025-06-19 21:00:00,8.538,8.587,8.527,8.587,1838.82
2025-06-19 22:00:00,8.578,8.611,8.565,8.578,1775.53
2025-06-19 23:00:00,8.578,8.619,8.566,8.612,979.31
2025-06-20 00:00:00,8.607,8.621,8.576,8.588,1529.92
2025-06-20 01:00:00,8.584,8.588,8.5,8.515,4631.33
2025-06-20 02:00:00,8.521,8.527,8.47,8.475,1769.98
2025-06-20 03:00:00,8.47,8.503,8.457,8.491,2450.01
2025-06-20 04:00:00,8.486,8.486,8.436,8.436,594.99
2025-06-20 05:00:00,8.438,8.531,8.428,8.528,1930.04
2025-06-20 06:00:00,8.527,8.535,8.507,8.522,1059.35
2025-06-20 07:00:00,8.522,8.532,8.483,8.532,5484.03
2025-06-20 08:00:00,8.533,8.556,8.494,8.504,4289.25
2025-06-20 09:00:00,8.504,8.524,8.478,8.482,1794.23
2025-06-20 10:00:00,8.476,8.483,8.258,8.449,17252.86
2025-06-20 11:00:00,8.447,8.454,8.318,8.37,7274.23
2025-06-20 12:00:00,8.37,8.439,8.366,8.401,7118.2
2025-06-20 13:00:00,8.4,8.402,8.343,8.347,4606.11
2025-06-20 14:00:00,8.34,8.392,8.316,8.32,7165.5
2025-06-20 15:00:00,8.315,8.397,8.315,8.39,6583.11
2025-06-20 16:00:00,8.388,8.405,8.307,8.327,6153.02
2025-06-20 17:00:00,8.323,8.327,8.171,8.225,31962.11
2025-06-20 18:00:00,8.22,8.225,8.065,8.16,17402.13
2025-06-20 19:00:00,8.153,8.156,8.081,8.085,5281.24
2025-06-20 20:00:00,8.082,8.153,8.05,8.089,5965.63
2025-06-20 21:00:00,8.09,8.102,7.822,7.921,18273.5
2025-06-20 22:00:00,7.923,7.964,7.56,7.841,25540.83
2025-06-20 23:00:00,7.845,7.895,7.821,7.851,3820.2
2025-06-21 00:00:00,7.853,7.873,7.789,7.805,4823.11
2025-06-21 01:00:00,7.806,7.833,7.754,7.762,6616.4
2025-06-21 02:00:00,7.758,7.819,7.758,7.801,3003.87
2025-06-21 03:00:00,7.8,7.811,7.728,7.743,6102.13
2025-06-21 04:00:00,7.745,7.802,7.741,7.744,2064.09
2025-06-21 05:00:00,7.741,7.755,7.588,7.593,14999.84
2025-06-21 06:00:00,7.599,7.643,7.556,7.602,6411.01
2025-06-21 07:00:00,7.595,7.856,7.582,7.78,33957.54
2025-06-21 08:00:00,7.774,7.908,7.773,7.906,8415.77
2025-06-21 09:00:00,7.899,7.913,7.774,7.82,7054.28
2025-06-21 10:00:00,7.823,7.916,7.82,7.906,3388.31
2025-06-21 11:00:00,7.901,7.921,7.865,7.918,1715.51
2025-06-21 12:00:00,7.922,7.927,7.828,7.833,3804.43
2025-06-21 13:00:00,7.836,7.865,7.806,7.818,3218.33
2025-06-21 14:00:00,7.818,7.826,7.749,7.76,2484.85
2025-06-21 15:00:00,7.76,7.82,7.747,7.804,3059.64
2025-06-21 16:00:00,7.807,7.813,7.743,7.747,1295.27
2025-06-21 17:00:00,7.752,7.757,7.704,7.713,3901.78
2025-06-21 18:00:00,7.716,7.72,7.596,7.627,7296.21
2025-06-21 19:00:00,7.625,7.64,7.603,7.617,1337.45
2025-06-21 20:00:00,7.617,7.644,7.596,7.612,1808.49
2025-06-21 21:00:00,7.608,7.634,7.551,7.584,9706.02
2025-06-21 22:00:00,7.584,8.115,7.568,7.808,56048.32
2025-06-21 23:00:00,7.801,7.837,7.731,7.812,9706.27
2025-06-22 00:00:00,7.813,7.835,7.764,7.82,6037.36
2025-06-22 01:00:00,7.812,7.835,7.752,7.762,3259.76
2025-06-22 02:00:00,7.76,7.761,7.703,7.76,3468.7
2025-06-22 03:00:00,7.763,7.798,7.733,7.765,4672.35
2025-06-22 04:00:00,7.764,7.874,7.762,7.83,3595.85
2025-06-22 05:00:00,7.832,7.904,7.823,7.863,3775.06
2025-06-22 06:00:00,7.874,7.878,7.822,7.856,3537.07
2025-06-22 07:00:00,7.843,7.843,7.794,7.809,2568.9
2025-06-22 08:00:00,7.809,7.846,7.801,7.812,1491.59
2025-06-22 09:00:00,7.815,7.871,7.791,7.812,5361.22
2025-06-22 10:00:00,7.811,7.841,7.797,7.819,3128.45
2025-06-22 11:00:00,7.82,7.882,7.808,7.841,2978.86
2025-06-22 12:00:00,7.858,7.877,7.797,7.838,2560.04
2025-06-22 13:00:00,7.839,7.851,7.766,7.788,7021.51
2025-06-22 14:00:00,7.795,7.799,7.631,7.684,14204.38
2025-06-22 15:00:00,7.682,7.7,7.638,7.678,2926.59
2025-06-22 16:00:00,7.678,7.693,7.607,7.626,7223.51
2025-06-22 17:00:00,7.635,7.725,7.606,7.709,6295.76
2025-06-22 18:00:00,7.709,7.77,7.699,7.709,7868.67
2025-06-22 19:00:00,7.712,7.823,7.706,7.773,4720.73
2025-06-22 20:00:00,7.779,7.798,7.692,7.762,6708.8
2025-06-22 21:00:00,7.764,7.792,7.71,7.714,5271.56
2025-06-22 22:00:00,7.713,7.805,7.713,7.804,6357.18
2025-06-22 23:00:00,7.808,7.871,7.804,7.868,3713.51
2025-06-23 00:00:00,7.868,7.894,7.758,7.768,5735.37
2025-06-23 01:00:00,7.768,7.786,7.73,7.767,3275.23
2025-06-23 02:00:00,7.769,7.801,7.76,7.778,1681.27
2025-06-23 03:00:00,7.776,7.818,7.775,7.818,1733.82
2025-06-23 04:00:00,7.816,7.843,7.783,7.787,2312.59
2025-06-23 05:00:00,7.786,7.805,7.763,7.792,2931.58
2025-06-23 06:00:00,7.788,7.788,7.7,7.733,8161.02
2025-06-23 07:00:00,7.73,7.781,7.729,7.77,2432.36
2025-06-23 08:00:00,7.766,7.787,7.738,7.752,2572.12
2025-06-23 09:00:00,7.752,7.765,7.729,7.765,2220.58
2025-06-23 10:00:00,7.763,7.77,7.732,7.738,2286.8
2025-06-23 11:00:00,7.738,7.756,7.721,7.753,2730.1
2025-06-23 12:00:00,7.756,7.761,7.71,7.736,4128.47
2025-06-23 13:00:00,7.732,7.813,7.675,7.8,12073.44
2025-06-23 14:00:00,7.798,7.819,7.72,7.736,7248.34
2025-06-23 15:00:00,7.737,7.742,7.708,7.715,1721.8
2025-06-23 16:00:00,7.717,7.719,7.664,7.674,5156.09
2025-06-23 17:00:00,7.676,7.801,7.676,7.787,5776.3
2025-06-23 18:00:00,7.789,7.85,7.776,7.829,3040.81
2025-06-23 19:00:00,7.832,7.869,7.827,7.866,2890.8
2025-06-23 20:00:00,7.869,7.963,7.869,7.938,17989.35
2025-06-23 21:00:00,7.937,7.975,7.89,7.901,13062.77
2025-06-23 22:00:00,7.897,8.234,7.89,8.058,58850.1
2025-06-23 23:00:00,8.05,8.1,8.036,8.036,11681.61
2025-06-24 00:00:00,8.061,8.075,7.927,7.947,6103.18
2025-06-24 01:00:00,7.94,7.94,7.822,7.852,14570.72
2025-06-24 02:00:00,7.848,7.858,7.8,7.817,5787.44
2025-06-24 03:00:00,7.819,7.899,7.816,7.85,8184.56
2025-06-24 04:00:00,7.847,7.865,7.802,7.861,4139.29
2025-06-24 05:00:00,7.862,7.928,7.782,7.871,20380.52
2025-06-24 06:00:00,7.867,7.906,7.851,7.888,6169.12
2025-06-24 07:00:00,7.896,7.926,7.868,7.88,7436.09
2025-06-24 08:00:00,7.88,7.88,7.78,7.804,5518.76
2025-06-24 09:00:00,7.796,7.797,7.708,7.742,13566.88
2025-06-24 10:00:00,7.736,7.781,7.723,7.775,8797.58
2025-06-24 11:00:00,7.774,7.782,7.731,7.77,2961.32
2025-06-24 12:00:00,7.769,7.797,7.743,7.793,2928.4
2025-06-24 13:00:00,7.791,7.827,7.782,7.793,4051.14
2025-06-24 14:00:00,7.793,7.8,7.763,7.785,3924.06
2025-06-24 15:00:00,7.792,7.835,7.766,7.766,5162.02
2025-06-24 16:00:00,7.766,7.768,7.707,7.768,6452.59
2025-06-24 17:00:00,7.765,7.778,7.709,7.74,5599.49
2025-06-24 18:00:00,7.738,7.738,7.691,7.713,5150.15
2025-06-24 19:00:00,7.714,7.75,7.711,7.723,4695.18
2025-06-24 20:00:00,7.723,7.723,4.976,5.937,929316.48
2025-06-24 21:00:00,5.951,8.633,5.852,8.587,551896.36
2025-06-24 22:00:00,8.589,9.45,8.094,8.479,483802.86
2025-06-24 23:00:00,8.484,8.947,8.265,8.836,128223.88
2025-06-25 00:00:00,8.839,9.172,8.531,8.748,121715.15
2025-06-25 01:00:00,8.756,8.893,8.566,8.623,79823.83
2025-06-25 02:00:00,8.614,8.665,8.552,8.609,30989.94
2025-06-25 03:00:00,8.607,8.724,8.523,8.68,25970.4
2025-06-25 04:00:00,8.674,8.804,8.56,8.602,32554.25
2025-06-25 05:00:00,8.591,8.72,8.54,8.612,19843.48
2025-06-25 06:00:00,8.617,8.693,8.472,8.491,26176.49
2025-06-25 07:00:00,8.497,8.85,8.451,8.737,53922.17
2025-06-25 08:00:00,8.735,8.814,8.644,8.742,33108.42
2025-06-25 09:00:00,8.74,8.964,8.5,8.56,76756.4
2025-06-25 10:00:00,8.561,8.818,7.7,8.307,203285.31
2025-06-25 11:00:00,8.31,8.521,8.302,8.482,47585.9
2025-06-25 12:00:00,8.48,8.538,8.384,8.439,15777.15
2025-06-25 13:00:00,8.444,8.509,8.376,8.383,21801.41
2025-06-25 14:00:00,8.388,8.435,8.346,8.402,18150.58
2025-06-25 15:00:00,8.406,8.412,8.306,8.321,5872.0
2025-06-25 16:00:00,8.319,8.479,8.3,8.307,16164.44
2025-06-25 17:00:00,8.308,8.433,8.299,8.404,5643.3
2025-06-25 18:00:00,8.401,8.436,7.676,8.113,148080.57
2025-06-25 19:00:00,8.109,8.169,7.9,8.009,23266.53
2025-06-25 20:00:00,8.009,8.042,7.735,7.8,89504.16
2025-06-25 21:00:00,7.806,7.949,7.663,7.76,77916.05
2025-06-25 22:00:00,7.76,8.472,7.699,8.164,215294.37
2025-06-25 23:00:00,8.161,8.186,8.074,8.174,30919.08
2025-06-26 00:00:00,8.172,8.314,8.103,8.181,63028.39
2025-06-26 01:00:00,8.181,8.258,8.158,8.161,15165.56
2025-06-26 02:00:00,8.162,8.353,8.154,8.283,11218.05
2025-06-26 03:00:00,8.281,8.349,8.268,8.336,7618.96
2025-06-26 04:00:00,8.332,8.379,8.286,8.362,7532.03
2025-06-26 05:00:00,8.361,8.38,8.307,8.376,4830.2
2025-06-26 06:00:00,8.375,8.686,8.362,8.651,43643.75
2025-06-26 07:00:00,8.65,8.709,8.45,8.64,44229.64
2025-06-26 08:00:00,8.64,8.782,8.62,8.765,17673.8
2025-06-26 09:00:00,8.77,8.9,8.675,8.865,51065.37
2025-06-26 10:00:00,8.864,9.089,8.794,8.848,59631.04
2025-06-26 11:00:00,8.847,8.944,8.807,8.827,18659.62
2025-06-26 12:00:00,8.828,8.92,8.763,8.88,31044.88
2025-06-26 13:00:00,8.881,8.893,8.779,8.854,23125.81
2025-06-26 14:00:00,8.853,8.965,8.766,8.904,38512.67
2025-06-26 15:00:00,8.904,8.999,8.89,8.974,13834.02
2025-06-26 16:00:00,8.976,8.989,8.868,8.885,9876.79
2025-06-26 17:00:00,8.884,8.993,8.88,8.897,9146.76
2025-06-26 18:00:00,8.898,8.949,8.847,8.895,12074.85
2025-06-26 19:00:00,8.893,8.974,8.886,8.922,17384.38
2025-06-26 20:00:00,8.923,8.965,8.895,8.9,6378.48
2025-06-26 21:00:00,8.897,8.918,8.828,8.869,8824.07
2025-06-26 22:00:00,8.869,8.951,8.868,8.922,6484.55
2025-06-26 23:00:00,8.923,8.997,8.905,8.97,8291.77
2025-06-27 00:00:00,8.969,9.22,8.81,8.895,48215.97
2025-06-27 01:00:00,8.897,8.94,8.781,8.858,18426.85
2025-06-27 02:00:00,8.861,8.924,8.802,8.808,8029.5
2025-06-27 03:00:00,8.807,8.913,8.799,8.838,12778.21
2025-06-27 04:00:00,8.838,8.884,8.827,8.849,8318.24
2025-06-27 05:00:00,8.847,8.891,8.805,8.813,6612.1
2025-06-27 06:00:00,8.809,8.847,8.695,8.761,12759.99
2025-06-27 07:00:00,8.76,8.808,8.693,8.734,9013.78
2025-06-27 08:00:00,8.733,8.765,8.693,8.703,6833.54
2025-06-27 09:00:00,8.701,8.838,8.682,8.826,6124.13
2025-06-27 10:00:00,8.829,8.88,8.792,8.857,4254.79
2025-06-27 11:00:00,8.856,8.916,8.813,8.824,5782.48
2025-06-27 12:00:00,8.824,8.9,8.82,8.836,4591.65
2025-06-27 13:00:00,8.834,8.839,8.76,8.775,7474.4
2025-06-27 14:00:00,8.777,8.838,8.768,8.813,3591.88
2025-06-27 15:00:00,8.813,8.853,8.813,8.846,2372.09
2025-06-27 16:00:00,8.848,8.895,8.828,8.858,3174.45
2025-06-27 17:00:00,8.858,8.872,8.776,8.798,3389.8
2025-06-27 18:00:00,8.798,8.836,8.787,8.808,3434.46
2025-06-27 19:00:00,8.809,8.835,8.799,8.835,1092.17
2025-06-27 20:00:00,8.835,8.873,8.835,8.856,1771.65
2025-06-27 21:00:00,8.858,8.863,8.785,8.85,2625.45
2025-06-27 22:00:00,8.851,8.856,8.749,8.796,8320.19
2025-06-27 23:00:00,8.795,8.834,8.778,8.828,5248.59
2025-06-28 00:00:00,8.83,8.844,8.798,8.798,2344.95
2025-06-28 01:00:00,8.801,8.833,8.758,8.83,2210.7
2025-06-28 02:00:00,8.83,8.881,8.805,8.869,2625.98
2025-06-28 03:00:00,8.87,8.943,8.87,8.93,6033.51
2025-06-28 04:00:00,8.931,8.958,8.916,8.932,4433.73
2025-06-28 05:00:00,8.933,8.94,8.693,8.737,34756.37
2025-06-28 06:00:00,8.736,8.823,8.689,8.74,14367.32
2025-06-28 07:00:00,8.739,8.786,8.64,8.736,12071.45
2025-06-28 08:00:00,8.731,8.803,8.687,8.695,6797.08
2025-06-28 09:00:00,8.697,8.739,8.672,8.681,2695.79
2025-06-28 10:00:00,8.681,8.691,8.637,8.676,4468.06
2025-06-28 11:00:00,8.674,8.722,8.667,8.671,2202.73
2025-06-28 12:00:00,8.671,8.776,8.671,8.726,4903.02
2025-06-28 13:00:00,8.725,8.786,8.722,8.73,2935.18
2025-06-28 14:00:00,8.729,8.742,8.674,8.679,965.52
2025-06-28 15:00:00,8.679,8.721,8.672,8.716,847.51
2025-06-28 16:00:00,8.717,8.72,8.632,8.68,4955.44
2025-06-28 17:00:00,8.679,8.737,8.664,8.716,6099.24
2025-06-28 18:00:00,8.718,8.736,8.696,8.726,1316.53
2025-06-28 19:00:00,8.727,8.753,8.72,8.737,2467.65
2025-06-28 20:00:00,8.738,8.783,8.738,8.783,2134.27
2025-06-28 21:00:00,8.784,8.889,8.76,8.78,12604.75
2025-06-28 22:00:00,8.78,8.863,8.775,8.826,6950.7
2025-06-28 23:00:00,8.826,8.9,8.817,8.875,9340.69
2025-06-29 00:00:00,8.873,9.01,8.864,8.952,15230.34
2025-06-29 01:00:00,8.955,9.013,8.862,8.912,5375.12
2025-06-29 02:00:00,8.913,8.961,8.909,8.944,2685.01
2025-06-29 03:00:00,8.942,9.002,8.569,8.699,40571.65
2025-06-29 04:00:00,8.697,8.704,8.164,8.318,112015.44
2025-06-29 05:00:00,8.31,8.37,8.07,8.328,84913.36
2025-06-29 06:00:00,8.325,8.446,8.182,8.264,34607.71
2025-06-29 07:00:00,8.257,8.329,8.089,8.189,41139.6
2025-06-29 08:00:00,8.189,8.328,8.05,8.29,50223.55
2025-06-29 09:00:00,8.287,8.314,8.14,8.226,26146.09
2025-06-29 10:00:00,8.229,8.24,8.195,8.195,9725.27
2025-06-29 11:00:00,8.197,8.227,8.14,8.17,14257.83
2025-06-29 12:00:00,8.17,8.261,8.136,8.2,19736.63
2025-06-29 13:00:00,8.197,8.234,8.18,8.196,10351.72
2025-06-29 14:00:00,8.196,8.214,8.11,8.139,34009.07
2025-06-29 15:00:00,8.138,8.4,8.051,8.248,84266.05
2025-06-29 16:00:00,8.251,8.251,8.163,8.22,12255.9
2025-06-29 17:00:00,8.215,8.227,8.148,8.178,9526.64
2025-06-29 18:00:00,8.173,8.241,8.167,8.23,5626.77
2025-06-29 19:00:00,8.232,8.334,8.192,8.214,22790.46
2025-06-29 20:00:00,8.205,8.211,8.15,8.211,7602.52
2025-06-29 21:00:00,8.212,8.22,8.085,8.132,12489.41
2025-06-29 22:00:00,8.134,8.233,8.112,8.219,24531.02
2025-06-29 23:00:00,8.218,8.275,8.121,8.139,28504.57
2025-06-30 00:00:00,8.139,8.33,8.127,8.239,24146.46
2025-06-30 01:00:00,8.239,8.256,8.204,8.225,5679.92
2025-06-30 02:00:00,8.224,8.267,8.159,8.169,9163.66
2025-06-30 03:00:00,8.166,8.216,8.147,8.166,7890.13
2025-06-30 04:00:00,8.171,8.171,7.779,7.93,47295.21
2025-06-30 05:00:00,7.936,7.991,7.915,7.924,14138.55
2025-06-30 06:00:00,7.925,7.935,7.815,7.875,32363.49
2025-06-30 07:00:00,7.871,7.875,7.685,7.771,27395.48
2025-06-30 08:00:00,7.776,7.797,7.688,7.708,52763.88
2025-06-30 09:00:00,7.71,7.748,7.652,7.669,31616.21
2025-06-30 10:00:00,7.663,7.666,7.474,7.557,31824.12
2025-06-30 11:00:00,7.558,7.614,7.476,7.5,17088.24
2025-06-30 12:00:00,7.5,7.5,7.316,7.363,39977.68
2025-06-30 13:00:00,7.362,7.458,7.326,7.333,21555.3
2025-06-30 14:00:00,7.329,7.672,7.253,7.624,95084.89
2025-06-30 15:00:00,7.625,7.902,7.499,7.549,61877.28
2025-06-30 16:00:00,7.544,7.589,7.48,7.515,12746.26
2025-06-30 17:00:00,7.511,7.539,7.482,7.496,8356.13
2025-06-30 18:00:00,7.496,7.557,7.483,7.53,3528.01
2025-06-30 19:00:00,7.533,7.577,7.53,7.545,9364.82
2025-06-30 20:00:00,7.544,7.567,7.504,7.52,11359.89
2025-06-30 21:00:00,7.523,7.543,7.466,7.486,10455.52
2025-06-30 22:00:00,7.483,7.535,7.475,7.503,9830.31
2025-06-30 23:00:00,7.506,7.567,7.5,7.528,6050.8
2025-07-01 00:00:00,7.53,7.62,7.502,7.575,8700.37
2025-07-01 01:00:00,7.574,7.62,7.523,7.538,5227.23
2025-07-01 02:00:00,7.536,7.562,7.49,7.514,6788.5
2025-07-01 03:00:00,7.516,7.537,7.49,7.513,12700.35
2025-07-01 04:00:00,7.514,7.547,7.49,7.541,4213.13
2025-07-01 05:00:00,7.541,7.542,7.465,7.491,12707.06
2025-07-01 06:00:00,7.491,7.527,7.464,7.476,8187.26
2025-07-01 07:00:00,7.476,7.5,7.459,7.464,7303.55
2025-07-01 08:00:00,7.462,7.483,7.073,7.335,70720.43
2025-07-01 09:00:00,7.336,7.469,7.191,7.353,27780.29
2025-07-01 10:00:00,7.355,7.41,7.269,7.279,8738.03
2025-07-01 11:00:00,7.277,7.335,7.267,7.272,19062.04
2025-07-01 12:00:00,7.273,7.352,7.269,7.326,14278.61
2025-07-01 13:00:00,7.323,7.35,7.296,7.308,8243.51
2025-07-01 14:00:00,7.311,7.354,7.288,7.308,7870.6
2025-07-01 15:00:00,7.31,7.42,7.307,7.407,16750.07
2025-07-01 16:00:00,7.406,7.407,7.348,7.358,8393.05
2025-07-01 17:00:00,7.359,7.36,7.274,7.297,5852.15
2025-07-01 18:00:00,7.298,7.319,7.276,7.313,4367.51
2025-07-01 19:00:00,7.314,7.415,7.306,7.414,13377.1
2025-07-01 20:00:00,7.412,7.412,7.347,7.366,6904.69
2025-07-01 21:00:00,7.365,7.365,7.313,7.337,2855.25
2025-07-01 22:00:00,7.337,7.389,7.337,7.359,5020.59
2025-07-01 23:00:00,7.359,7.471,7.356,7.466,7481.2
2025-07-02 00:00:00,7.463,7.463,7.414,7.424,2657.45
2025-07-02 01:00:00,7.422,7.462,7.412,7.444,3668.57
2025-07-02 02:00:00,7.444,7.446,7.383,7.426,5203.31
2025-07-02 03:00:00,7.425,7.425,7.372,7.38,5716.67
2025-07-02 04:00:00,7.379,7.402,7.343,7.373,3629.8
2025-07-02 05:00:00,7.374,7.393,7.343,7.343,3775.48
2025-07-02 06:00:00,7.344,7.382,7.344,7.359,1761.3
2025-07-02 07:00:00,7.356,7.381,7.341,7.371,5351.8
2025-07-02 08:00:00,7.371,7.406,7.351,7.355,2258.67
2025-07-02 09:00:00,7.356,7.391,7.354,7.377,1708.8
2025-07-02 10:00:00,7.376,7.426,7.368,7.415,7897.26
2025-07-02 11:00:00,7.414,7.425,7.388,7.41,1974.9
2025-07-02 12:00:00,7.41,7.41,7.355,7.355,2941.9
2025-07-02 13:00:00,7.355,7.388,7.348,7.381,4400.67
2025-07-02 14:00:00,7.378,7.515,7.373,7.404,19525.54
2025-07-02 15:00:00,7.405,7.44,7.405,7.42,3360.59
2025-07-02 16:00:00,7.417,7.465,7.4,7.451,10726.87
2025-07-02 17:00:00,7.449,7.48,7.43,7.449,11306.25
2025-07-02 18:00:00,7.449,7.449,7.405,7.414,6976.4
2025-07-02 19:00:00,7.41,7.424,7.373,7.399,8979.95
2025-07-02 20:00:00,7.398,7.441,7.397,7.409,3136.57
2025-07-02 21:00:00,7.408,7.451,7.408,7.438,2786.28
2025-07-02 22:00:00,7.445,7.461,7.414,7.453,4260.56
2025-07-02 23:00:00,7.456,7.464,7.431,7.456,4760.71
2025-07-03 00:00:00,7.456,7.456,7.394,7.438,8552.76
2025-07-03 01:00:00,7.438,7.438,7.383,7.433,4727.3
2025-07-03 02:00:00,7.431,7.431,7.365,7.395,5516.78
2025-07-03 03:00:00,7.396,7.414,7.375,7.407,3034.58
2025-07-03 04:00:00,7.407,7.43,7.396,7.407,3894.57
2025-07-03 05:00:00,7.405,7.437,7.4,7.416,3107.72
2025-07-03 06:00:00,7.416,7.435,7.397,7.417,4314.26
2025-07-03 07:00:00,7.416,7.432,7.362,7.384,17268.52
2025-07-03 08:00:00,7.385,7.417,7.377,7.394,3098.06
2025-07-03 09:00:00,7.396,7.41,7.385,7.393,4205.39
2025-07-03 10:00:00,7.391,7.414,7.378,7.404,4121.52
2025-07-03 11:00:00,7.405,7.414,7.361,7.399,6608.02
2025-07-03 12:00:00,7.403,7.422,7.377,7.405,5625.32
2025-07-03 13:00:00,7.402,7.423,7.391,7.42,5023.83
2025-07-03 14:00:00,7.42,7.443,7.396,7.431,7514.98
2025-07-03 15:00:00,7.43,7.439,7.371,7.373,4673.38
2025-07-03 16:00:00,7.373,7.635,7.284,7.547,52513.2
2025-07-03 17:00:00,7.547,7.694,7.475,7.601,20720.27
2025-07-03 18:00:00,7.603,7.65,7.516,7.535,10973.96
2025-07-03 19:00:00,7.537,7.555,7.506,7.532,2647.43
2025-07-03 20:00:00,7.537,7.537,7.476,7.484,4960.09
2025-07-03 21:00:00,7.486,7.501,7.475,7.487,1792.63
2025-07-03 22:00:00,7.485,7.511,7.483,7.502,2777.14
2025-07-03 23:00:00,7.504,7.51,7.484,7.508,1663.44
2025-07-04 00:00:00,7.508,7.508,7.452,7.468,2624.76
2025-07-04 01:00:00,7.469,7.48,7.419,7.447,2037.63
2025-07-04 02:00:00,7.442,7.443,7.417,7.429,912.3
2025-07-04 03:00:00,7.426,7.465,7.426,7.459,887.12
2025-07-04 04:00:00,7.459,7.474,7.44,7.44,1679.94
2025-07-04 05:00:00,7.44,7.48,7.44,7.463,1505.07
2025-07-04 06:00:00,7.462,7.478,7.392,7.404,3511.55
2025-07-04 07:00:00,7.405,7.451,7.38,7.443,5048.71
2025-07-04 08:00:00,7.443,7.478,7.416,7.465,5287.14
2025-07-04 09:00:00,7.46,7.488,7.43,7.443,2241.04
2025-07-04 10:00:00,7.44,7.524,7.438,7.468,6692.8
2025-07-04 11:00:00,7.469,7.537,7.457,7.472,9968.02
2025-07-04 12:00:00,7.477,7.519,7.433,7.501,6070.18
2025-07-04 13:00:00,7.5,7.504,7.374,7.406,14285.91
2025-07-04 14:00:00,7.407,7.438,7.375,7.413,7809.15
2025-07-04 15:00:00,7.413,7.445,7.413,7.42,3312.69
2025-07-04 16:00:00,7.423,7.454,7.401,7.441,6807.99
2025-07-04 17:00:00,7.443,7.478,7.428,7.467,3308.67
2025-07-04 18:00:00,7.472,7.492,7.468,7.473,2696.53
2025-07-04 19:00:00,7.475,7.51,7.474,7.485,1878.85
2025-07-04 20:00:00,7.487,7.5,7.462,7.462,2323.65
2025-07-04 21:00:00,7.463,7.466,7.426,7.431,1805.46
2025-07-04 22:00:00,7.429,7.464,7.398,7.439,2044.3
2025-07-04 23:00:00,7.437,7.437,7.4,7.41,1173.54
2025-07-05 00:00:00,7.415,7.429,7.38,7.391,1734.85
2025-07-05 01:00:00,7.388,7.434,7.38,7.426,1661.36
2025-07-05 02:00:00,7.429,7.467,7.423,7.457,2791.74
2025-07-05 03:00:00,7.457,7.46,7.424,7.433,992.88
2025-07-05 04:00:00,7.432,7.504,7.427,7.465,3690.64
2025-07-05 05:00:00,7.463,7.472,7.352,7.396,7873.02
2025-07-05 06:00:00,7.396,7.418,7.373,7.396,1886.45
2025-07-05 07:00:00,7.395,7.453,7.386,7.418,2674.78
2025-07-05 08:00:00,7.421,7.441,7.41,7.433,1509.08
2025-07-05 09:00:00,7.431,7.48,7.431,7.457,3334.25
2025-07-05 10:00:00,7.459,7.476,7.446,7.454,1431.8
2025-07-05 11:00:00,7.452,7.481,7.444,7.456,2110.33
2025-07-05 12:00:00,7.458,7.585,7.432,7.491,20317.93
2025-07-05 13:00:00,7.495,7.579,7.485,7.548,4643.54
2025-07-05 14:00:00,7.546,7.574,7.428,7.488,18589.98
2025-07-05 15:00:00,7.488,7.494,7.435,7.441,4604.45
2025-07-05 16:00:00,7.444,7.477,7.435,7.441,2345.42
2025-07-05 17:00:00,7.437,7.452,7.372,7.402,7533.02
2025-07-05 18:00:00,7.407,7.455,7.39,7.424,3519.52
2025-07-05 19:00:00,7.427,7.694,7.407,7.595,24091.18
2025-07-05 20:00:00,7.596,7.609,7.461,7.515,22337.92
2025-07-05 21:00:00,7.516,7.6,7.51,7.6,14818.33
2025-07-05 22:00:00,7.59,7.59,7.535,7.556,3620.25
2025-07-05 23:00:00,7.558,7.595,7.528,7.569,3511.05
2025-07-06 00:00:00,7.578,7.646,7.562,7.615,8366.27
2025-07-06 01:00:00,7.614,7.625,7.582,7.621,2676.01
2025-07-06 02:00:00,7.619,7.619,7.58,7.596,2593.58
2025-07-06 03:00:00,7.592,7.65,7.585,7.609,4632.01
2025-07-06 04:00:00,7.611,7.634,7.486,7.568,12704.07
2025-07-06 05:00:00,7.56,7.592,7.544,7.544,6084.79
2025-07-06 06:00:00,7.549,7.606,7.547,7.588,11246.09
2025-07-06 07:00:00,7.585,7.598,7.561,7.592,5178.67
2025-07-06 08:00:00,7.595,7.678,7.595,7.647,7209.82
2025-07-06 09:00:00,7.649,7.652,7.621,7.635,3908.21
2025-07-06 10:00:00,7.64,7.66,7.619,7.625,2267.34
2025-07-06 11:00:00,7.62,7.623,7.563,7.569,2527.05
2025-07-06 12:00:00,7.573,7.584,7.523,7.535,1976.8
2025-07-06 13:00:00,7.542,7.61,7.534,7.605,3826.4
2025-07-06 14:00:00,7.606,7.628,7.586,7.626,4844.78
2025-07-06 15:00:00,7.629,7.629,7.594,7.612,3878.37
2025-07-06 16:00:00,7.61,7.62,7.571,7.604,3779.67
2025-07-06 17:00:00,7.603,7.655,7.574,7.649,6562.78
2025-07-06 18:00:00,7.648,7.667,7.635,7.667,1785.01
2025-07-06 19:00:00,7.667,7.667,7.612,7.62,4266.12
2025-07-06 20:00:00,7.614,7.636,7.541,7.569,6513.6
2025-07-06 21:00:00,7.569,7.595,7.545,7.58,4140.83
2025-07-06 22:00:00,7.58,7.605,7.552,7.578,2634.43
2025-07-06 23:00:00,7.581,7.614,7.577,7.595,2863.31
2025-07-07 00:00:00,7.59,7.59,7.525,7.547,1973.63
2025-07-07 01:00:00,7.547,7.585,7.545,7.582,1120.5
2025-07-07 02:00:00,7.582,7.598,7.579,7.584,912.78
2025-07-07 03:00:00,7.585,7.589,7.576,7.586,818.68
2025-07-07 04:00:00,7.585,7.623,7.542,7.609,4805.24
2025-07-07 05:00:00,7.612,7.658,7.606,7.649,4532.71
2025-07-07 06:00:00,7.647,7.666,7.635,7.658,1698.19
2025-07-07 07:00:00,7.656,7.685,7.632,7.664,5226.69
2025-07-07 08:00:00,7.664,7.69,7.646,7.686,12250.98
2025-07-07 09:00:00,7.687,7.7,7.665,7.679,4024.9
2025-07-07 10:00:00,7.681,7.685,7.625,7.652,3341.93
2025-07-07 11:00:00,7.652,7.701,7.642,7.658,5052.26
2025-07-07 12:00:00,7.658,7.685,7.652,7.666,3512.22
2025-07-07 13:00:00,7.669,7.678,7.644,7.652,5791.54
2025-07-07 14:00:00,7.652,7.66,7.636,7.654,3245.36
2025-07-07 15:00:00,7.654,7.67,7.629,7.634,4610.13
2025-07-07 16:00:00,7.632,7.632,7.59,7.612,4374.7
2025-07-07 17:00:00,7.613,7.641,7.611,7.636,3083.6
2025-07-07 18:00:00,7.637,7.68,7.626,7.68,3312.11
2025-07-07 19:00:00,7.681,7.682,7.656,7.673,4016.48
2025-07-07 20:00:00,7.675,7.691,7.651,7.667,3696.31
2025-07-07 21:00:00,7.669,7.764,7.664,7.747,9837.87
2025-07-07 22:00:00,7.746,7.761,7.613,7.705,11526.61
2025-07-07 23:00:00,7.708,7.719,7.651,7.679,5113.17
2025-07-08 00:00:00,7.675,7.696,7.66,7.675,3421.05
2025-07-08 01:00:00,7.675,7.675,7.64,7.646,4143.64
2025-07-08 02:00:00,7.647,7.724,7.645,7.702,5943.17
2025-07-08 03:00:00,7.701,7.813,7.691,7.727,17294.13
2025-07-08 04:00:00,7.727,7.802,7.725,7.766,10492.94
2025-07-08 05:00:00,7.766,7.789,7.739,7.754,1964.62
2025-07-08 06:00:00,7.754,7.778,7.737,7.744,3878.7
2025-07-08 07:00:00,7.742,7.774,7.742,7.758,1845.24
2025-07-08 08:00:00,7.759,7.797,7.755,7.783,3817.84
2025-07-08 09:00:00,7.781,7.829,7.756,7.758,7498.11
2025-07-08 10:00:00,7.758,7.809,7.751,7.779,3417.37
2025-07-08 11:00:00,7.777,7.788,7.711,7.746,4669.15
2025-07-08 12:00:00,7.746,7.758,7.733,7.736,2667.49
2025-07-08 13:00:00,7.738,7.738,7.681,7.703,3824.38
2025-07-08 14:00:00,7.701,7.732,7.655,7.721,6133.17
2025-07-08 15:00:00,7.725,7.743,7.708,7.726,3144.17
2025-07-08 16:00:00,7.726,7.746,7.726,7.735,1208.74
2025-07-08 17:00:00,7.738,7.755,7.734,7.739,1396.16
2025-07-08 18:00:00,7.738,7.752,7.726,7.745,1384.46
2025-07-08 19:00:00,7.743,7.759,7.735,7.758,508.46
2025-07-08 20:00:00,7.758,7.808,7.757,7.797,3808.72
2025-07-08 21:00:00,7.797,7.84,7.797,7.833,5512.17
2025-07-08 22:00:00,7.834,7.834,7.784,7.826,2502.32
2025-07-08 23:00:00,7.826,7.844,7.815,7.832,2049.8
2025-07-09 00:00:00,7.827,7.857,7.815,7.837,2558.08
2025-07-09 01:00:00,7.839,7.852,7.821,7.839,2314.74
2025-07-09 02:00:00,7.841,7.862,7.798,7.842,2124.25
2025-07-09 03:00:00,7.841,7.885,7.812,7.851,4729.57
2025-07-09 04:00:00,7.846,7.869,7.786,7.791,3857.81
2025-07-09 05:00:00,7.79,7.84,7.79,7.828,4028.1
2025-07-09 06:00:00,7.826,7.837,7.792,7.837,3459.88
2025-07-09 07:00:00,7.837,7.85,7.828,7.84,1417.82
2025-07-09 08:00:00,7.838,7.845,7.804,7.81,1024.98
2025-07-09 09:00:00,7.811,7.827,7.742,7.744,2199.27
2025-07-09 10:00:00,7.744,7.755,7.704,7.723,4321.8
2025-07-09 11:00:00,7.72,7.72,7.664,7.688,4370.57
2025-07-09 12:00:00,7.686,7.759,7.618,7.747,9174.7
2025-07-09 13:00:00,7.744,7.79,7.731,7.78,3160.16
2025-07-09 14:00:00,7.782,7.834,7.778,7.809,5361.4
2025-07-09 15:00:00,7.802,7.854,7.785,7.803,3718.87
2025-07-09 16:00:00,7.795,7.795,7.742,7.75,1537.85
2025-07-09 17:00:00,7.749,7.755,7.727,7.755,1794.91
2025-07-09 18:00:00,7.752,7.785,7.749,7.754,2138.14
2025-07-09 19:00:00,7.748,7.778,7.734,7.77,4817.75
2025-07-09 20:00:00,7.767,7.77,7.737,7.752,1273.62
2025-07-09 21:00:00,7.758,7.795,7.741,7.795,1882.5
2025-07-09 22:00:00,7.795,7.83,7.779,7.819,3948.82
2025-07-09 23:00:00,7.819,7.828,7.783,7.817,2423.5
2025-07-10 00:00:00,7.811,7.831,7.78,7.828,2874.5
2025-07-10 01:00:00,7.825,7.891,7.788,7.796,60292.41
2025-07-10 02:00:00,7.796,7.818,7.708,7.733,56474.05
2025-07-10 03:00:00,7.738,7.766,7.723,7.758,3238.16
2025-07-10 04:00:00,7.759,7.805,7.759,7.79,2420.11
2025-07-10 05:00:00,7.793,7.8,7.777,7.781,1123.68
2025-07-10 06:00:00,7.781,7.787,7.71,7.747,6790.61
2025-07-10 07:00:00,7.75,7.774,7.75,7.754,2029.19
2025-07-10 08:00:00,7.761,7.779,7.754,7.779,1100.49
2025-07-10 09:00:00,7.777,7.798,7.752,7.769,4506.65
2025-07-10 10:00:00,7.765,7.78,7.702,7.729,5348.17
2025-07-10 11:00:00,7.725,7.734,7.679,7.691,4847.0
2025-07-10 12:00:00,7.692,7.709,7.676,7.707,2359.58
2025-07-10 13:00:00,7.702,7.702,7.66,7.669,2115.78
2025-07-10 14:00:00,7.673,7.679,7.641,7.665,3297.19
2025-07-10 15:00:00,7.664,7.741,7.655,7.685,2898.68
2025-07-10 16:00:00,7.685,7.727,7.663,7.727,4326.96
2025-07-10 17:00:00,7.725,7.76,7.705,7.75,5489.65
2025-07-10 18:00:00,7.75,7.779,7.745,7.776,2990.4
2025-07-10 19:00:00,7.771,7.78,7.751,7.758,941.56
2025-07-10 20:00:00,7.757,7.763,7.74,7.74,2757.91
2025-07-10 21:00:00,7.742,7.833,7.742,7.807,14129.37
2025-07-10 22:00:00,7.807,7.841,7.787,7.841,7532.94
2025-07-10 23:00:00,7.838,7.847,7.802,7.847,5545.58
2025-07-11 00:00:00,7.838,7.9,7.778,7.885,13255.76
2025-07-11 01:00:00,7.881,8.06,7.836,7.899,36805.47
2025-07-11 02:00:00,7.893,7.949,7.887,7.944,14424.45
2025-07-11 03:00:00,7.944,7.955,7.908,7.935,29077.64
2025-07-11 04:00:00,7.938,7.996,7.936,7.975,9816.8
2025-07-11 05:00:00,7.975,8.055,7.975,8.039,9179.23
2025-07-11 06:00:00,8.041,8.073,7.958,7.99,16998.73
2025-07-11 07:00:00,7.989,8.2,7.979,8.181,49519.77
2025-07-11 08:00:00,8.183,8.21,8.072,8.1,41329.44
2025-07-11 09:00:00,8.098,8.13,8.023,8.114,57330.82
2025-07-11 10:00:00,8.116,8.247,8.108,8.182,10177.04
2025-07-11 11:00:00,8.185,8.242,8.171,8.228,11247.99
2025-07-11 12:00:00,8.229,8.256,7.548,7.777,145013.29
2025-07-11 13:00:00,7.777,7.964,7.6,7.753,76345.14
2025-07-11 14:00:00,7.756,7.892,7.738,7.842,17287.38
2025-07-11 15:00:00,7.845,7.845,7.709,7.718,15311.93
2025-07-11 16:00:00,7.715,7.756,7.652,7.732,20793.48
2025-07-11 17:00:00,7.736,7.824,7.731,7.81,8080.14
2025-07-11 18:00:00,7.813,7.846,7.766,7.807,5144.94
2025-07-11 19:00:00,7.807,7.836,7.805,7.831,3646.08
2025-07-11 20:00:00,7.828,7.833,7.72,7.722,4235.07
2025-07-11 21:00:00,7.716,7.716,7.534,7.619,21423.75
2025-07-11 22:00:00,7.62,7.635,7.518,7.563,12325.18
2025-07-11 23:00:00,7.559,7.634,7.551,7.583,12505.48
2025-07-12 00:00:00,7.584,7.617,7.534,7.54,6468.88
2025-07-12 01:00:00,7.543,7.594,7.526,7.578,2904.18
2025-07-12 02:00:00,7.582,7.648,7.559,7.568,5761.45
2025-07-12 03:00:00,7.571,7.639,7.57,7.62,3246.66
2025-07-12 04:00:00,7.622,7.622,7.516,7.524,5360.87
2025-07-12 05:00:00,7.524,7.578,7.515,7.562,3357.81
2025-07-12 06:00:00,7.56,7.618,7.535,7.614,3012.16
2025-07-12 07:00:00,7.618,7.622,7.524,7.568,4394.73
2025-07-12 08:00:00,7.565,7.576,7.544,7.546,3966.11
2025-07-12 09:00:00,7.547,7.562,7.527,7.555,4404.18
2025-07-12 10:00:00,7.551,7.602,7.545,7.555,3878.8
2025-07-12 11:00:00,7.555,7.568,7.5,7.564,6373.65
2025-07-12 12:00:00,7.553,7.564,7.49,7.539,4971.88
2025-07-12 13:00:00,7.541,7.6,7.515,7.554,6983.03
2025-07-12 14:00:00,7.554,7.634,7.551,7.556,2679.28
2025-07-12 15:00:00,7.554,7.58,7.517,7.538,2156.92
2025-07-12 16:00:00,7.556,7.641,7.54,7.56,3748.17
2025-07-12 17:00:00,7.563,7.616,7.56,7.6,1166.7
2025-07-12 18:00:00,7.6,7.618,7.577,7.588,1041.53
2025-07-12 19:00:00,7.588,7.6,7.556,7.578,673.26
2025-07-12 20:00:00,7.575,7.575,7.525,7.53,1096.48
2025-07-12 21:00:00,7.532,7.675,7.524,7.591,10268.15
2025-07-12 22:00:00,7.595,7.617,7.577,7.613,1418.05
2025-07-12 23:00:00,7.616,7.616,7.594,7.6,1223.57
2025-07-13 00:00:00,7.603,7.62,7.564,7.611,1380.33
2025-07-13 01:00:00,7.609,7.631,7.597,7.61,968.5
2025-07-13 02:00:00,7.605,7.625,7.584,7.613,529.53
2025-07-13 03:00:00,7.613,7.623,7.594,7.604,877.67
2025-07-13 04:00:00,7.598,7.598,7.542,7.588,1372.72
2025-07-13 05:00:00,7.587,7.602,7.56,7.564,3525.51
2025-07-13 06:00:00,7.569,7.633,7.566,7.61,1381.47
2025-07-13 07:00:00,7.61,7.61,7.536,7.573,4520.88
2025-07-13 08:00:00,7.572,7.584,7.56,7.582,1402.39
2025-07-13 09:00:00,7.58,7.6,7.58,7.597,1372.62
2025-07-13 10:00:00,7.6,7.614,7.589,7.595,2407.74
2025-07-13 11:00:00,7.601,7.605,7.584,7.593,844.6
2025-07-13 12:00:00,7.59,7.652,7.59,7.613,4959.99
2025-07-13 13:00:00,7.613,7.617,7.588,7.6,2241.06
2025-07-13 14:00:00,7.599,7.622,7.575,7.59,5746.22
2025-07-13 15:00:00,7.586,7.613,7.585,7.598,1014.18
2025-07-13 16:00:00,7.598,7.616,7.593,7.611,1805.77
2025-07-13 17:00:00,7.602,7.633,7.575,7.633,1619.42
2025-07-13 18:00:00,7.629,7.64,7.599,7.64,1266.82
2025-07-13 19:00:00,7.635,7.635,7.575,7.575,1030.17
2025-07-13 20:00:00,7.575,7.606,7.551,7.576,3033.29
2025-07-13 21:00:00,7.583,7.584,7.456,7.542,11004.87
2025-07-13 22:00:00,7.542,7.542,7.504,7.52,2933.83
2025-07-13 23:00:00,7.516,7.541,7.502,7.532,2268.87
2025-07-14 00:00:00,7.526,7.572,7.514,7.514,1965.89
2025-07-14 01:00:00,7.519,7.52,7.501,7.51,1018.76
2025-07-14 02:00:00,7.515,7.548,7.5,7.537,3555.09
2025-07-14 03:00:00,7.539,7.618,7.53,7.592,15287.88
2025-07-14 04:00:00,7.587,7.593,7.52,7.581,4489.53
2025-07-14 05:00:00,7.581,7.598,7.537,7.575,4525.44
2025-07-14 06:00:00,7.575,7.627,7.528,7.585,13562.43
2025-07-14 07:00:00,7.586,7.594,7.554,7.56,3546.65
2025-07-14 08:00:00,7.567,7.575,7.523,7.575,2734.78
2025-07-14 09:00:00,7.58,7.595,7.551,7.552,2631.82
2025-07-14 10:00:00,7.558,7.57,7.544,7.559,2526.4
2025-07-14 11:00:00,7.564,7.604,7.552,7.568,3190.2
2025-07-14 12:00:00,7.57,7.587,7.552,7.558,1813.04
2025-07-14 13:00:00,7.559,7.575,7.55,7.563,3752.3
2025-07-14 14:00:00,7.567,7.608,7.534,7.555,5781.61
2025-07-14 15:00:00,7.559,7.568,7.517,7.533,3721.26
2025-07-14 16:00:00,7.532,7.536,7.511,7.512,3196.97
2025-07-14 17:00:00,7.514,7.595,7.514,7.581,5372.24
2025-07-14 18:00:00,7.584,7.6,7.533,7.559,4661.28
2025-07-14 19:00:00,7.564,7.567,7.538,7.538,1056.25
2025-07-14 20:00:00,7.543,7.557,7.516,7.534,2113.78
2025-07-14 21:00:00,7.539,7.55,7.522,7.522,1376.37
2025-07-14 22:00:00,7.528,7.547,7.518,7.536,1718.16
2025-07-14 23:00:00,7.541,7.553,7.5,7.52,4164.67
2025-07-15 00:00:00,7.526,7.542,7.499,7.503,3459.55
2025-07-15 01:00:00,7.507,7.522,7.498,7.508,4837.73
2025-07-15 02:00:00,7.507,7.529,7.466,7.491,4585.44
2025-07-15 03:00:00,7.488,7.496,7.421,7.451,14611.48
2025-07-15 04:00:00,7.45,7.475,7.421,7.465,4857.0
2025-07-15 05:00:00,7.464,7.479,7.422,7.467,6542.71
2025-07-15 06:00:00,7.469,7.521,7.43,7.51,21295.94
2025-07-15 07:00:00,7.509,7.571,7.479,7.553,5352.31
2025-07-15 08:00:00,7.556,7.696,7.547,7.638,25204.14
2025-07-15 09:00:00,7.637,7.711,7.48,7.505,28583.56
2025-07-15 10:00:00,7.504,7.589,7.47,7.478,19248.81
2025-07-15 11:00:00,7.478,7.482,7.452,7.452,3800.61
2025-07-15 12:00:00,7.452,7.485,7.443,7.457,3465.96
2025-07-15 13:00:00,7.452,7.487,7.445,7.454,4218.12
2025-07-15 14:00:00,7.461,7.497,7.448,7.479,4437.24
2025-07-15 15:00:00,7.489,7.524,7.48,7.509,2932.94
2025-07-15 16:00:00,7.512,7.512,7.439,7.464,4799.36
2025-07-15 17:00:00,7.464,7.479,7.424,7.432,6354.0
2025-07-15 18:00:00,7.426,7.462,7.418,7.437,3825.11
2025-07-15 19:00:00,7.441,7.46,7.268,7.296,39813.83
2025-07-15 20:00:00,7.296,7.392,7.28,7.371,12632.54
2025-07-15 21:00:00,7.371,7.379,7.281,7.301,7098.07
2025-07-15 22:00:00,7.301,7.34,7.28,7.301,5700.73
2025-07-15 23:00:00,7.304,7.375,7.304,7.368,4856.87
2025-07-16 00:00:00,7.368,7.477,7.321,7.351,84858.33
2025-07-16 01:00:00,7.347,7.427,7.316,7.348,30047.15
2025-07-16 02:00:00,7.352,7.359,7.26,7.314,82368.43
2025-07-16 03:00:00,7.319,7.377,7.313,7.372,6392.43
2025-07-16 04:00:00,7.375,7.469,7.366,7.463,5922.9
2025-07-16 05:00:00,7.465,7.5,7.442,7.49,6234.27
2025-07-16 06:00:00,7.494,7.64,7.477,7.602,13464.29
2025-07-16 07:00:00,7.608,7.715,7.6,7.633,15074.22
2025-07-16 08:00:00,7.646,7.82,7.639,7.809,21047.97
2025-07-16 09:00:00,7.814,7.99,7.795,7.857,23179.85
2025-07-16 10:00:00,7.859,7.92,7.766,7.895,18578.51
2025-07-16 11:00:00,7.895,7.969,7.825,7.887,7930.31
2025-07-16 12:00:00,7.892,8.003,7.892,7.945,18629.32
2025-07-16 13:00:00,7.947,7.958,7.802,7.824,19076.52
2025-07-16 14:00:00,7.826,7.909,7.818,7.907,6092.2
2025-07-16 15:00:00,7.907,7.967,7.859,7.935,10831.27
2025-07-16 16:00:00,7.938,8.029,7.938,7.971,9750.39
2025-07-16 17:00:00,7.973,8.05,7.938,8.044,4977.68
2025-07-16 18:00:00,8.045,8.1,7.945,7.986,18246.42
2025-07-16 19:00:00,7.986,8.113,7.984,8.112,5039.59
2025-07-16 20:00:00,8.113,8.13,8.0,8.047,10489.95
2025-07-16 21:00:00,8.05,8.05,7.955,8.027,5430.68
2025-07-16 22:00:00,8.03,8.033,7.964,7.986,6418.17
2025-07-16 23:00:00,7.989,8.024,7.928,7.965,6744.36
2025-07-17 00:00:00,7.965,8.079,7.965,8.079,3228.71
2025-07-17 01:00:00,8.08,8.126,8.014,8.079,13015.42
2025-07-17 02:00:00,8.079,8.199,8.044,8.189,14152.57
2025-07-17 03:00:00,8.189,8.241,8.057,8.137,17106.45
2025-07-17 04:00:00,8.138,8.225,8.1,8.214,11252.87
2025-07-17 05:00:00,8.215,8.299,8.19,8.247,20294.53
2025-07-17 06:00:00,8.26,8.451,8.26,8.429,27998.9
2025-07-17 07:00:00,8.43,8.568,8.213,8.422,41032.42
2025-07-17 08:00:00,8.429,8.439,7.867,8.034,65769.09
2025-07-17 09:00:00,8.036,8.164,7.946,8.111,28672.57
2025-07-17 10:00:00,8.119,8.13,8.043,8.079,5887.09
2025-07-17 11:00:00,8.083,8.13,8.032,8.098,7029.54
2025-07-17 12:00:00,8.1,8.177,8.054,8.17,3711.13
2025-07-17 13:00:00,8.167,8.198,8.124,8.17,3415.29
2025-07-17 14:00:00,8.17,8.187,8.067,8.07,2724.65
2025-07-17 15:00:00,8.075,8.107,8.052,8.064,2687.38
2025-07-17 16:00:00,8.058,8.082,7.822,7.869,20823.16
2025-07-17 17:00:00,7.871,7.947,7.869,7.94,4472.45
2025-07-17 18:00:00,7.945,7.958,7.912,7.947,2106.49
2025-07-17 19:00:00,7.951,7.952,7.863,7.887,1284.52
2025-07-17 20:00:00,7.887,7.894,7.835,7.852,5184.54
2025-07-17 21:00:00,7.853,7.956,7.842,7.845,11446.92
2025-07-17 22:00:00,7.846,7.927,7.846,7.905,4738.39
2025-07-17 23:00:00,7.909,7.967,7.895,7.916,5543.7
2025-07-18 00:00:00,7.916,7.992,7.91,7.991,4556.83
2025-07-18 01:00:00,7.991,8.024,7.967,8.007,6706.3
2025-07-18 02:00:00,8.007,8.101,7.989,8.056,11954.31
2025-07-18 03:00:00,8.06,8.099,8.045,8.08,3576.15
2025-07-18 04:00:00,8.079,8.08,8.039,8.047,6665.74
2025-07-18 05:00:00,8.046,8.078,8.006,8.009,10655.18
2025-07-18 06:00:00,8.01,8.062,8.001,8.033,7403.7
2025-07-18 07:00:00,8.033,8.04,7.951,7.992,11100.95
2025-07-18 08:00:00,7.991,8.052,7.986,8.009,5651.27
2025-07-18 09:00:00,8.008,8.027,7.985,8.027,5289.09
2025-07-18 10:00:00,8.027,8.086,8.004,8.079,6266.63
2025-07-18 11:00:00,8.08,8.08,7.998,7.998,2983.57
2025-07-18 12:00:00,7.997,8.069,7.989,8.054,3748.3
2025-07-18 13:00:00,8.054,8.065,7.966,7.966,4287.29
2025-07-18 14:00:00,7.969,8.0,7.84,7.905,15474.85
2025-07-18 15:00:00,7.905,7.942,7.851,7.934,5460.27
2025-07-18 16:00:00,7.935,8.021,7.935,7.961,4035.41
2025-07-18 17:00:00,7.961,7.982,7.946,7.963,1452.05
2025-07-18 18:00:00,7.963,7.963,7.87,7.874,10172.21
2025-07-18 19:00:00,7.876,7.915,7.862,7.915,3074.51
2025-07-18 20:00:00,7.915,7.963,7.841,7.921,15073.14
2025-07-18 21:00:00,7.921,7.957,7.919,7.945,1482.2
2025-07-18 22:00:00,7.945,7.98,7.911,7.92,2455.44
2025-07-18 23:00:00,7.925,7.966,7.921,7.959,1158.58
2025-07-19 00:00:00,7.957,7.969,7.901,7.909,1700.74
2025-07-19 01:00:00,7.913,7.926,7.877,7.911,2005.63
2025-07-19 02:00:00,7.919,7.955,7.889,7.938,1357.72
2025-07-19 03:00:00,7.941,7.982,7.941,7.979,1723.51
2025-07-19 04:00:00,7.979,8.014,7.959,8.014,3749.58
2025-07-19 05:00:00,8.015,8.021,7.965,7.976,1816.42
2025-07-19 06:00:00,7.976,7.997,7.963,7.978,1730.88
2025-07-19 07:00:00,7.982,8.057,7.982,8.018,6182.11
2025-07-19 08:00:00,8.018,8.038,7.972,8.006,4865.92
2025-07-19 09:00:00,8.006,8.031,7.414,7.46,108506.48
2025-07-19 10:00:00,7.464,7.612,7.381,7.49,38032.69
2025-07-19 11:00:00,7.499,7.58,7.49,7.536,17112.68
2025-07-19 12:00:00,7.536,7.576,7.3,7.353,35404.95
2025-07-19 13:00:00,7.352,7.366,7.301,7.326,13097.95
2025-07-19 14:00:00,7.322,7.346,7.26,7.264,17510.89
2025-07-19 15:00:00,7.272,7.324,7.272,7.317,10938.99
2025-07-19 16:00:00,7.317,7.358,7.28,7.335,9186.24
2025-07-19 17:00:00,7.336,7.347,7.281,7.324,7430.89
2025-07-19 18:00:00,7.32,7.369,7.319,7.337,4390.19
2025-07-19 19:00:00,7.334,7.367,7.149,7.242,95560.44
2025-07-19 20:00:00,7.252,7.264,7.178,7.185,17397.7
2025-07-19 21:00:00,7.179,7.197,7.142,7.168,11386.53
2025-07-19 22:00:00,7.166,7.225,7.156,7.218,4857.28
2025-07-19 23:00:00,7.219,7.269,7.203,7.232,11076.42
2025-07-20 00:00:00,7.231,7.431,7.226,7.349,17415.29
2025-07-20 01:00:00,7.35,7.381,7.319,7.32,8893.88
2025-07-20 02:00:00,7.318,7.375,7.31,7.347,4231.6
2025-07-20 03:00:00,7.345,7.446,7.329,7.388,8969.73
2025-07-20 04:00:00,7.395,7.425,7.353,7.361,6191.13
2025-07-20 05:00:00,7.363,7.378,7.342,7.365,6227.81
2025-07-20 06:00:00,7.363,7.369,7.299,7.348,11718.5
2025-07-20 07:00:00,7.346,7.446,7.328,7.413,11642.55
2025-07-20 08:00:00,7.414,7.475,7.383,7.422,17225.29
2025-07-20 09:00:00,7.421,7.46,7.364,7.364,9421.97
2025-07-20 10:00:00,7.361,7.431,7.361,7.414,4162.53
2025-07-20 11:00:00,7.41,7.434,7.3,7.388,10103.4
2025-07-20 12:00:00,7.39,7.407,7.192,7.338,22108.3
2025-07-20 13:00:00,7.336,7.392,7.33,7.37,7035.04
2025-07-20 14:00:00,7.369,7.369,7.284,7.331,8383.35
2025-07-20 15:00:00,7.334,7.383,7.317,7.36,9920.07
2025-07-20 16:00:00,7.36,7.4,7.35,7.372,11298.13
2025-07-20 17:00:00,7.372,7.405,7.318,7.369,8092.47
2025-07-20 18:00:00,7.374,7.399,7.335,7.392,6053.83
2025-07-20 19:00:00,7.392,7.408,7.377,7.385,4026.71
2025-07-20 20:00:00,7.38,7.399,7.342,7.375,5780.43
2025-07-20 21:00:00,7.366,7.499,7.335,7.425,16479.9
2025-07-20 22:00:00,7.42,7.442,7.33,7.413,7111.76
2025-07-20 23:00:00,7.42,7.436,7.387,7.409,4344.17
2025-07-21 00:00:00,7.409,7.419,7.331,7.408,10345.67
2025-07-21 01:00:00,7.407,7.417,7.375,7.388,4488.38
2025-07-21 02:00:00,7.389,7.408,7.388,7.399,2941.03
2025-07-21 03:00:00,7.401,7.44,7.391,7.416,6452.51
2025-07-21 04:00:00,7.42,7.448,7.4,7.424,2608.0
2025-07-21 05:00:00,7.422,7.436,7.407,7.421,5981.24
2025-07-21 06:00:00,7.422,7.454,7.383,7.438,8909.43
2025-07-21 07:00:00,7.437,7.456,7.405,7.414,5747.02
2025-07-21 08:00:00,7.41,7.451,7.407,7.445,5090.75
2025-07-21 09:00:00,7.446,7.47,7.374,7.446,19030.84
2025-07-21 10:00:00,7.447,7.52,7.428,7.461,15897.23
2025-07-21 11:00:00,7.462,7.48,7.443,7.451,3649.55
2025-07-21 12:00:00,7.45,7.475,7.442,7.469,3435.65
2025-07-21 13:00:00,7.47,7.502,7.457,7.481,5594.26
2025-07-21 14:00:00,7.479,7.526,7.475,7.515,7699.87
2025-07-21 15:00:00,7.515,7.553,7.471,7.507,9512.21
2025-07-21 16:00:00,7.504,7.509,7.414,7.458,11987.93
2025-07-21 17:00:00,7.458,7.486,7.435,7.483,3062.49
2025-07-21 18:00:00,7.482,7.512,7.447,7.456,3990.38
2025-07-21 19:00:00,7.456,7.456,7.382,7.397,4969.91
2025-07-21 20:00:00,7.396,7.455,7.373,7.417,11937.74
2025-07-21 21:00:00,7.417,7.46,7.4,7.434,3851.49
2025-07-21 22:00:00,7.435,7.473,7.435,7.44,1988.9
2025-07-21 23:00:00,7.438,7.491,7.435,7.445,4155.02
2025-07-22 00:00:00,7.438,7.46,7.417,7.418,2673.53
2025-07-22 01:00:00,7.424,7.467,7.299,7.464,12960.08
2025-07-22 02:00:00,7.463,7.469,7.37,7.383,6084.56
2025-07-22 03:00:00,7.384,7.431,7.376,7.419,3086.54
2025-07-22 04:00:00,7.42,7.421,7.35,7.361,2036.04
2025-07-22 05:00:00,7.351,7.42,7.332,7.386,3918.87
2025-07-22 06:00:00,7.389,7.472,7.382,7.459,3876.99
2025-07-22 07:00:00,7.46,7.496,7.436,7.436,6464.74
2025-07-22 08:00:00,7.443,7.443,7.39,7.397,5876.89
2025-07-22 09:00:00,7.4,7.413,7.35,7.379,4662.92
2025-07-22 10:00:00,7.375,7.4,7.372,7.375,1321.21
2025-07-22 11:00:00,7.392,7.425,7.381,7.419,2517.78
2025-07-22 12:00:00,7.422,7.435,7.408,7.426,1514.01
2025-07-22 13:00:00,7.434,7.506,7.389,7.389,40735.12
2025-07-22 14:00:00,7.39,7.419,7.359,7.413,5500.36
2025-07-22 15:00:00,7.414,7.427,7.359,7.367,6144.49
2025-07-22 16:00:00,7.362,7.422,7.342,7.357,11804.78
2025-07-22 17:00:00,7.359,7.378,7.301,7.377,7350.15
2025-07-22 18:00:00,7.377,7.387,7.358,7.377,6069.86
2025-07-22 19:00:00,7.376,7.389,7.341,7.345,3776.41
2025-07-22 20:00:00,7.343,7.388,7.335,7.385,2352.12
2025-07-22 21:00:00,7.386,7.399,7.379,7.399,830.6
2025-07-22 22:00:00,7.399,7.409,7.384,7.388,1372.01
2025-07-22 23:00:00,7.389,7.42,7.381,7.407,3651.32
2025-07-23 00:00:00,7.407,7.426,7.383,7.388,1933.9
2025-07-23 01:00:00,7.383,7.409,7.377,7.406,2341.68
2025-07-23 02:00:00,7.405,7.432,7.39,7.432,1871.7
2025-07-23 03:00:00,7.431,7.438,7.361,7.366,7485.37
2025-07-23 04:00:00,7.365,7.442,7.365,7.415,5610.94
2025-07-23 05:00:00,7.409,7.415,7.379,7.383,4006.33
2025-07-23 06:00:00,7.388,7.4,7.338,7.353,5469.48
2025-07-23 07:00:00,7.356,7.365,7.327,7.337,3127.61
2025-07-23 08:00:00,7.341,7.371,7.341,7.367,3181.41
2025-07-23 09:00:00,7.365,7.373,7.333,7.333,8353.64
2025-07-23 10:00:00,7.333,7.347,7.308,7.34,8058.07
2025-07-23 11:00:00,7.342,7.364,7.328,7.364,4445.84
2025-07-23 12:00:00,7.363,7.363,7.261,7.294,6037.5
2025-07-23 13:00:00,7.294,7.32,7.2,7.261,19748.41
2025-07-23 14:00:00,7.261,7.324,7.187,7.311,13860.0
2025-07-23 15:00:00,7.311,7.311,7.266,7.291,2894.04
2025-07-23 16:00:00,7.288,7.308,7.224,7.226,2782.99
2025-07-23 17:00:00,7.225,7.252,7.185,7.239,4487.96
2025-07-23 18:00:00,7.24,7.26,7.222,7.231,3539.95
2025-07-23 19:00:00,7.231,7.238,7.188,7.189,3393.43
2025-07-23 20:00:00,7.189,7.203,7.156,7.189,6148.51
2025-07-23 21:00:00,7.195,7.239,7.166,7.237,3679.46
2025-07-23 22:00:00,7.24,7.26,7.21,7.216,2447.39
2025-07-23 23:00:00,7.206,7.24,7.206,7.223,1245.97
2025-07-24 00:00:00,7.221,7.248,7.192,7.242,1813.55
2025-07-24 01:00:00,7.241,7.241,7.171,7.193,2875.12
2025-07-24 02:00:00,7.198,7.22,7.188,7.196,1932.22
2025-07-24 03:00:00,7.194,7.227,7.183,7.192,1491.49
2025-07-24 04:00:00,7.184,7.198,7.15,7.16,7180.48
2025-07-24 05:00:00,7.155,7.161,7.066,7.109,10832.0
2025-07-24 06:00:00,7.111,7.166,7.05,7.086,6767.0
2025-07-24 07:00:00,7.094,7.176,7.051,7.176,6356.68
2025-07-24 08:00:00,7.176,7.242,7.157,7.227,4615.5
2025-07-24 09:00:00,7.227,7.255,7.225,7.228,11619.98
2025-07-24 10:00:00,7.233,7.239,7.17,7.201,4269.1
2025-07-24 11:00:00,7.202,7.257,7.195,7.221,2455.91
2025-07-24 12:00:00,7.228,7.244,7.175,7.192,3762.35
2025-07-24 13:00:00,7.192,7.23,7.184,7.195,2124.93
2025-07-24 14:00:00,7.201,7.296,7.165,7.286,7185.41
2025-07-24 15:00:00,7.288,7.295,7.24,7.251,2462.69
2025-07-24 16:00:00,7.251,7.257,7.166,7.177,2486.64
2025-07-24 17:00:00,7.179,7.285,7.177,7.276,3130.01
2025-07-24 18:00:00,7.27,7.294,7.242,7.284,2406.43
2025-07-24 19:00:00,7.284,7.295,7.256,7.26,1867.49
2025-07-24 20:00:00,7.26,7.323,7.239,7.319,4465.65
2025-07-24 21:00:00,7.32,7.328,7.3,7.31,2486.85
2025-07-24 22:00:00,7.308,7.345,7.268,7.32,4589.38
2025-07-24 23:00:00,7.322,7.322,7.241,7.255,4071.34
2025-07-25 00:00:00,7.242,7.259,7.198,7.24,3756.89
2025-07-25 01:00:00,7.241,7.319,7.221,7.318,3874.79
2025-07-25 02:00:00,7.309,7.328,7.245,7.251,2155.84
2025-07-25 03:00:00,7.246,7.271,7.188,7.24,4103.41
2025-07-25 04:00:00,7.242,7.304,7.211,7.3,2371.69
2025-07-25 05:00:00,7.301,7.301,7.184,7.256,11217.89
2025-07-25 06:00:00,7.248,7.308,7.244,7.285,2610.91
2025-07-25 07:00:00,7.287,7.322,7.251,7.288,2930.03
2025-07-25 08:00:00,7.284,7.347,7.281,7.291,2708.52
2025-07-25 09:00:00,7.29,7.328,7.277,7.325,2158.29
2025-07-25 10:00:00,7.325,7.43,7.316,7.414,9637.92
2025-07-25 11:00:00,7.414,7.416,7.369,7.371,2469.96
2025-07-25 12:00:00,7.371,7.384,7.353,7.373,2130.39
2025-07-25 13:00:00,7.375,7.375,7.326,7.335,1757.76
2025-07-25 14:00:00,7.339,7.339,7.221,7.226,3880.63
2025-07-25 15:00:00,7.224,7.294,7.221,7.272,2075.85
2025-07-25 16:00:00,7.27,7.311,7.261,7.311,1927.67
2025-07-25 17:00:00,7.308,7.377,7.308,7.369,3403.8
2025-07-25 18:00:00,7.369,7.391,7.353,7.364,2881.45
2025-07-25 19:00:00,7.36,7.38,7.354,7.363,611.23
2025-07-25 20:00:00,7.358,7.369,7.343,7.365,2162.6
2025-07-25 21:00:00,7.361,7.43,7.356,7.43,4925.12
2025-07-25 22:00:00,7.429,7.434,7.408,7.418,2599.14
2025-07-25 23:00:00,7.414,7.422,7.303,7.368,4765.32
2025-07-26 00:00:00,7.368,7.397,7.342,7.397,4024.64
2025-07-26 01:00:00,7.395,7.458,7.394,7.442,3760.55
2025-07-26 02:00:00,7.438,7.482,7.403,7.475,5008.45
2025-07-26 03:00:00,7.478,7.479,7.429,7.454,3895.36
2025-07-26 04:00:00,7.446,7.488,7.446,7.484,1316.11
2025-07-26 05:00:00,7.48,7.553,7.472,7.501,4154.74
2025-07-26 06:00:00,7.506,7.516,7.482,7.512,1537.46
2025-07-26 07:00:00,7.513,7.54,7.504,7.512,2550.6
2025-07-26 08:00:00,7.504,7.54,7.49,7.506,1917.44
2025-07-26 09:00:00,7.506,7.527,7.483,7.527,1750.83
2025-07-26 10:00:00,7.523,7.528,7.469,7.471,1937.92
2025-07-26 11:00:00,7.469,7.488,7.436,7.442,3909.95
2025-07-26 12:00:00,7.443,7.453,7.426,7.446,671.23
2025-07-26 13:00:00,7.447,7.45,7.421,7.435,1959.46
2025-07-26 14:00:00,7.434,7.441,7.412,7.437,2290.49
2025-07-26 15:00:00,7.433,7.461,7.421,7.453,1040.1
2025-07-26 16:00:00,7.453,7.456,7.437,7.452,1148.81
2025-07-26 17:00:00,7.447,7.468,7.443,7.465,569.87
2025-07-26 18:00:00,7.469,7.5,7.462,7.476,1494.66
2025-07-26 19:00:00,7.482,7.517,7.476,7.508,1650.83
2025-07-26 20:00:00,7.508,7.526,7.496,7.496,1150.85
2025-07-26 21:00:00,7.5,7.508,7.482,7.489,2223.99
2025-07-26 22:00:00,7.488,7.489,7.447,7.471,2674.37
2025-07-26 23:00:00,7.465,7.496,7.461,7.491,601.72
2025-07-27 00:00:00,7.484,7.499,7.462,7.473,2081.05
2025-07-27 01:00:00,7.477,7.477,7.412,7.42,2235.91
2025-07-27 02:00:00,7.42,7.473,7.42,7.451,5906.87
2025-07-27 03:00:00,7.452,7.454,7.427,7.443,1391.76
2025-07-27 04:00:00,7.447,7.448,7.4,7.405,2227.23
2025-07-27 05:00:00,7.407,7.452,7.4,7.444,5937.62
2025-07-27 06:00:00,7.448,7.45,7.324,7.336,4302.2
2025-07-27 07:00:00,7.336,7.354,7.251,7.275,11663.89
2025-07-27 08:00:00,7.275,7.429,7.275,7.415,16111.82
2025-07-27 09:00:00,7.416,7.433,7.36,7.389,8306.39
2025-07-27 10:00:00,7.386,7.401,7.364,7.387,2043.36
2025-07-27 11:00:00,7.388,7.42,7.381,7.418,1277.06
2025-07-27 12:00:00,7.419,7.456,7.396,7.443,5994.66
2025-07-27 13:00:00,7.446,7.52,7.418,7.513,6618.31
2025-07-27 14:00:00,7.513,7.513,7.42,7.428,4991.84
2025-07-27 15:00:00,7.433,7.487,7.433,7.473,1596.06
2025-07-27 16:00:00,7.478,7.52,7.463,7.472,4497.43
2025-07-27 17:00:00,7.477,7.518,7.475,7.49,2354.77
2025-07-27 18:00:00,7.489,7.489,7.445,7.453,3285.06
2025-07-27 19:00:00,7.455,7.473,7.399,7.408,1784.87
2025-07-27 20:00:00,7.406,7.454,7.405,7.454,1324.43
2025-07-27 21:00:00,7.454,7.488,7.453,7.478,1742.2
2025-07-27 22:00:00,7.474,7.489,7.459,7.465,1902.86
2025-07-27 23:00:00,7.469,7.499,7.464,7.486,865.17
2025-07-28 00:00:00,7.479,7.479,7.379,7.411,6454.44
2025-07-28 01:00:00,7.415,7.42,7.396,7.41,1774.56
2025-07-28 02:00:00,7.409,7.438,7.404,7.415,1675.78
2025-07-28 03:00:00,7.415,7.439,7.413,7.429,1052.34
2025-07-28 04:00:00,7.429,7.439,7.401,7.432,3297.61
2025-07-28 05:00:00,7.431,7.479,7.43,7.47,3850.59
2025-07-28 06:00:00,7.469,7.479,7.444,7.46,3258.99
2025-07-28 07:00:00,7.464,7.524,7.464,7.499,7816.54
2025-07-28 08:00:00,7.492,7.509,7.459,7.485,1898.53
2025-07-28 09:00:00,7.481,7.49,7.457,7.47,1135.0
2025-07-28 10:00:00,7.47,7.49,7.454,7.482,1015.25
2025-07-28 11:00:00,7.482,7.495,7.433,7.479,4806.47
2025-07-28 12:00:00,7.474,7.477,7.438,7.439,944.02
2025-07-28 13:00:00,7.44,7.443,7.403,7.411,1995.52
2025-07-28 14:00:00,7.415,7.449,7.358,7.373,7660.19
2025-07-28 15:00:00,7.373,7.475,7.354,7.373,14919.2
2025-07-28 16:00:00,7.372,7.374,7.344,7.347,2178.4
2025-07-28 17:00:00,7.345,7.351,7.297,7.3,3236.91
2025-07-28 18:00:00,7.302,7.338,7.285,7.322,2786.96
2025-07-28 19:00:00,7.321,7.343,7.315,7.325,1195.73
2025-07-28 20:00:00,7.325,7.406,7.315,7.354,5784.82
2025-07-28 21:00:00,7.354,7.402,7.338,7.343,2474.91
2025-07-28 22:00:00,7.349,7.349,7.306,7.339,1669.31
2025-07-28 23:00:00,7.339,7.345,7.323,7.339,2248.8
2025-07-29 00:00:00,7.344,7.419,7.325,7.389,8741.87
2025-07-29 01:00:00,7.394,7.394,7.326,7.327,1508.99
2025-07-29 02:00:00,7.324,7.344,7.3,7.316,5546.73
2025-07-29 03:00:00,7.316,7.356,7.313,7.351,1305.16
2025-07-29 04:00:00,7.351,7.366,7.328,7.338,1959.98
2025-07-29 05:00:00,7.341,7.368,7.33,7.368,949.91
2025-07-29 06:00:00,7.372,7.38,7.347,7.368,1626.54
2025-07-29 07:00:00,7.37,7.379,7.355,7.369,1513.4
2025-07-29 08:00:00,7.367,7.384,7.34,7.357,3048.64
2025-07-29 09:00:00,7.35,7.35,7.302,7.312,2481.45
2025-07-29 10:00:00,7.314,7.33,7.262,7.269,3104.4
2025-07-29 11:00:00,7.262,7.308,7.262,7.306,4303.22
2025-07-29 12:00:00,7.308,7.338,7.29,7.328,2308.3
2025-07-29 13:00:00,7.328,7.369,7.265,7.302,7920.49
2025-07-29 14:00:00,7.304,7.32,7.26,7.281,5501.75
2025-07-29 15:00:00,7.288,7.312,7.266,7.297,1800.24
2025-07-29 16:00:00,7.296,7.41,7.282,7.4,18329.68
2025-07-29 17:00:00,7.401,7.427,7.372,7.397,7135.52
2025-07-29 18:00:00,7.397,7.413,7.384,7.407,1634.8
2025-07-29 19:00:00,7.407,7.46,7.381,7.381,8212.84
2025-07-29 20:00:00,7.392,7.397,7.316,7.335,5826.61
2025-07-29 21:00:00,7.328,7.402,7.305,7.371,3400.48
2025-07-29 22:00:00,7.374,7.376,7.325,7.348,2001.66
2025-07-29 23:00:00,7.348,7.356,7.32,7.328,1264.35
2025-07-30 00:00:00,7.328,7.37,7.257,7.307,5487.8
2025-07-30 01:00:00,7.307,7.387,7.264,7.341,11524.16
2025-07-30 02:00:00,7.338,7.36,7.309,7.329,2655.43
2025-07-30 03:00:00,7.335,7.37,7.333,7.342,2316.86
2025-07-30 04:00:00,7.334,7.37,7.317,7.329,767.42
2025-07-30 05:00:00,7.328,7.373,7.328,7.358,3566.95
2025-07-30 06:00:00,7.36,7.386,7.352,7.376,1825.61
2025-07-30 07:00:00,7.375,7.377,7.341,7.351,2139.47
2025-07-30 08:00:00,7.35,7.383,7.331,7.373,1066.36
2025-07-30 09:00:00,7.374,7.374,7.32,7.329,2813.34
2025-07-30 10:00:00,7.329,7.385,7.329,7.356,3745.77
2025-07-30 11:00:00,7.356,7.356,7.277,7.316,7136.45
2025-07-30 12:00:00,7.319,7.358,7.284,7.353,4763.4
2025-07-30 13:00:00,7.351,7.354,7.293,7.341,2946.34
2025-07-30 14:00:00,7.331,7.378,7.325,7.351,4866.46
2025-07-30 15:00:00,7.347,7.361,7.326,7.343,2538.75
2025-07-30 16:00:00,7.343,7.346,7.31,7.343,1064.45
2025-07-30 17:00:00,7.343,7.363,7.336,7.358,692.58
2025-07-30 18:00:00,7.366,7.368,7.304,7.308,1978.54
2025-07-30 19:00:00,7.302,7.409,7.241,7.409,11966.33
2025-07-30 20:00:00,7.408,7.526,7.4,7.467,8329.37
2025-07-30 21:00:00,7.467,7.486,7.432,7.456,1010.31
2025-07-30 22:00:00,7.455,7.461,7.399,7.433,4003.92
2025-07-30 23:00:00,7.432,7.509,7.423,7.489,4711.46
2025-07-31 00:00:00,7.489,7.541,7.477,7.541,2717.76
2025-07-31 01:00:00,7.541,7.664,7.531,7.626,10458.28
2025-07-31 02:00:00,7.631,7.632,7.512,7.533,6655.4
2025-07-31 03:00:00,7.528,7.536,7.478,7.503,5068.56
2025-07-31 04:00:00,7.504,7.541,7.502,7.528,1272.43
2025-07-31 05:00:00,7.529,7.548,7.511,7.517,1756.76
2025-07-31 06:00:00,7.522,7.531,7.488,7.495,676.24
2025-07-31 07:00:00,7.492,7.5,7.462,7.477,1742.23
2025-07-31 08:00:00,7.477,7.501,7.472,7.474,2148.13
2025-07-31 09:00:00,7.474,7.496,7.464,7.491,1797.03
2025-07-31 10:00:00,7.496,7.522,7.486,7.5,2273.51
2025-07-31 11:00:00,7.5,7.543,7.495,7.541,2839.0
2025-07-31 12:00:00,7.543,7.586,7.528,7.531,5541.01
2025-07-31 13:00:00,7.528,7.546,7.43,7.462,9637.12
2025-07-31 14:00:00,7.462,7.464,7.407,7.436,3928.59
2025-07-31 15:00:00,7.435,7.493,7.435,7.467,1807.63
2025-07-31 16:00:00,7.47,7.492,7.404,7.411,9502.63
2025-07-31 17:00:00,7.411,7.438,7.395,7.395,2220.41
2025-07-31 18:00:00,7.4,7.432,7.382,7.413,1765.3
2025-07-31 19:00:00,7.419,7.445,7.397,7.438,1199.0
2025-07-31 20:00:00,7.435,7.436,7.412,7.427,1227.44
2025-07-31 21:00:00,7.422,7.431,7.31,7.369,3852.34
2025-07-31 22:00:00,7.354,7.372,7.333,7.337,1548.64
2025-07-31 23:00:00,7.337,7.36,7.303,7.304,1982.57
2025-08-01 00:00:00,7.302,7.314,7.234,7.282,9496.4
2025-08-01 01:00:00,7.277,7.311,7.214,7.244,5512.53
2025-08-01 02:00:00,7.244,7.286,7.235,7.268,2602.57
2025-08-01 03:00:00,7.265,7.273,7.225,7.251,771.72
2025-08-01 04:00:00,7.249,7.249,7.173,7.191,4704.71
2025-08-01 05:00:00,7.189,7.211,7.168,7.188,1322.69
2025-08-01 06:00:00,7.185,7.222,7.166,7.221,2332.01
2025-08-01 07:00:00,7.222,7.227,7.195,7.206,1508.76
2025-08-01 08:00:00,7.207,7.207,7.135,7.164,3721.6
2025-08-01 09:00:00,7.164,7.203,7.14,7.155,3843.3
2025-08-01 10:00:00,7.154,7.177,7.116,7.157,3677.32
2025-08-01 11:00:00,7.161,7.185,7.133,7.184,848.1
2025-08-01 12:00:00,7.18,7.205,7.156,7.181,2749.22
2025-08-01 13:00:00,7.178,7.206,7.12,7.132,3189.16
2025-08-01 14:00:00,7.131,7.264,7.116,7.249,4450.8
2025-08-01 15:00:00,7.246,7.252,7.17,7.213,4132.77
2025-08-01 16:00:00,7.208,7.226,7.18,7.183,1518.29
2025-08-01 17:00:00,7.184,7.185,6.841,7.066,77382.11
2025-08-01 18:00:00,7.062,7.105,7.042,7.089,4370.6
2025-08-01 19:00:00,7.086,7.099,7.053,7.055,2305.33
2025-08-01 20:00:00,7.053,7.061,7.017,7.043,6034.75
2025-08-01 21:00:00,7.043,7.079,7.008,7.01,2868.38
2025-08-01 22:00:00,7.01,7.019,6.975,6.997,7728.85
2025-08-01 23:00:00,6.986,7.019,6.98,7.012,3407.85
2025-08-02 00:00:00,7.015,7.092,7.006,7.088,3085.24
2025-08-02 01:00:00,7.087,7.103,7.074,7.079,601.77
2025-08-02 02:00:00,7.088,7.091,7.071,7.086,526.49
2025-08-02 03:00:00,7.095,7.115,7.089,7.107,1529.46
2025-08-02 04:00:00,7.103,7.132,7.1,7.117,737.65
2025-08-02 05:00:00,7.116,7.137,7.091,7.093,1378.07
2025-08-02 06:00:00,7.098,7.098,7.032,7.044,2983.1
2025-08-02 07:00:00,7.04,7.078,7.025,7.078,1786.35
2025-08-02 08:00:00,7.078,7.092,7.012,7.012,1608.8
2025-08-02 09:00:00,7.013,7.045,7.013,7.025,930.58
2025-08-02 10:00:00,7.022,7.031,7.001,7.02,1823.15
2025-08-02 11:00:00,7.02,7.069,7.004,7.034,1672.79
2025-08-02 12:00:00,7.037,7.05,7.017,7.033,1642.4
2025-08-02 13:00:00,7.027,7.045,7.015,7.037,1685.16
2025-08-02 14:00:00,7.034,7.037,6.998,7.005,1342.77
2025-08-02 15:00:00,7.013,7.054,7.005,7.024,1504.88
2025-08-02 16:00:00,7.026,7.042,6.993,7.003,2138.88
2025-08-02 17:00:00,7.003,7.029,6.98,6.989,1748.42
2025-08-02 18:00:00,6.987,6.996,6.889,6.96,13308.68
2025-08-02 19:00:00,6.963,7.042,6.957,7.026,3336.07
2025-08-02 20:00:00,7.034,7.048,7.009,7.034,2228.45
2025-08-02 21:00:00,7.033,7.045,6.953,6.957,1862.77
2025-08-02 22:00:00,6.959,7.007,6.957,7.004,2739.18
2025-08-02 23:00:00,7.004,7.005,6.903,6.921,2795.78
2025-08-03 00:00:00,6.921,6.966,6.795,6.957,10573.62
2025-08-03 01:00:00,6.966,6.993,6.946,6.974,2775.91
2025-08-03 02:00:00,6.984,6.989,6.949,6.969,1738.66
2025-08-03 03:00:00,6.978,6.978,6.934,6.95,1901.32
2025-08-03 04:00:00,6.956,7.013,6.947,7.013,1958.0
2025-08-03 05:00:00,7.014,7.019,6.985,7.017,2034.01
2025-08-03 06:00:00,7.015,7.015,6.979,6.997,1231.39
2025-08-03 07:00:00,7.002,7.013,6.984,7.005,1089.01
2025-08-03 08:00:00,7.011,7.034,6.985,7.031,1583.81
2025-08-03 09:00:00,7.033,7.04,7.02,7.037,1820.19
2025-08-03 10:00:00,7.038,7.057,7.027,7.036,1198.85
2025-08-03 11:00:00,7.048,7.066,7.039,7.056,2110.18
2025-08-03 12:00:00,7.061,7.079,7.046,7.076,1228.07
2025-08-03 13:00:00,7.079,7.121,7.07,7.119,2177.15
2025-08-03 14:00:00,7.12,7.131,7.067,7.092,3208.75
2025-08-03 15:00:00,7.097,7.107,7.045,7.074,2707.85
2025-08-03 16:00:00,7.075,7.083,7.056,7.078,2674.15
2025-08-03 17:00:00,7.082,7.086,7.058,7.084,752.02
2025-08-03 18:00:00,7.084,7.121,7.063,7.103,1731.99
2025-08-03 19:00:00,7.106,7.149,7.099,7.128,1805.82
2025-08-03 20:00:00,7.131,7.144,7.111,7.119,1028.15
2025-08-03 21:00:00,7.122,7.193,7.118,7.187,2603.07
2025-08-03 22:00:00,7.187,7.202,7.171,7.198,976.3
2025-08-03 23:00:00,7.2,7.26,7.197,7.247,3538.02
2025-08-04 00:00:00,7.247,7.376,7.235,7.336,8331.54
2025-08-04 01:00:00,7.337,7.359,7.318,7.321,2502.78
2025-08-04 02:00:00,7.321,7.321,7.252,7.269,2819.45
2025-08-04 03:00:00,7.269,7.357,7.262,7.352,2082.54
2025-08-04 04:00:00,7.348,7.39,7.348,7.372,2068.1
2025-08-04 05:00:00,7.37,7.391,7.325,7.347,3012.58
2025-08-04 06:00:00,7.35,7.382,7.347,7.374,1868.22
2025-08-04 07:00:00,7.376,7.485,7.376,7.461,8243.51
2025-08-04 08:00:00,7.471,7.483,7.387,7.397,2971.54
2025-08-04 09:00:00,7.394,7.497,7.394,7.485,6092.27
2025-08-04 10:00:00,7.48,7.625,7.466,7.568,23788.49
2025-08-04 11:00:00,7.571,7.589,7.412,7.421,13146.84
2025-08-04 12:00:00,7.419,7.463,7.355,7.462,7454.16
2025-08-04 13:00:00,7.459,7.6,7.459,7.574,17427.52
2025-08-04 14:00:00,7.573,7.647,7.55,7.565,11529.95
2025-08-04 15:00:00,7.56,7.602,7.54,7.59,9336.19
2025-08-04 16:00:00,7.59,7.629,7.574,7.607,9770.45
2025-08-04 17:00:00,7.616,7.684,7.611,7.684,6573.82
2025-08-04 18:00:00,7.685,7.74,7.628,7.634,6968.98
2025-08-04 19:00:00,7.634,7.718,7.383,7.52,30123.36
2025-08-04 20:00:00,7.52,7.568,7.347,7.458,22746.54
2025-08-04 21:00:00,7.465,7.551,7.459,7.551,2982.25
2025-08-04 22:00:00,7.552,7.679,7.552,7.679,5635.54
2025-08-04 23:00:00,7.682,7.75,7.68,7.747,8489.34
2025-08-05 00:00:00,7.75,7.774,7.724,7.74,9640.79
2025-08-05 01:00:00,7.75,7.762,7.691,7.758,3290.23
2025-08-05 02:00:00,7.757,7.829,7.71,7.757,11322.11
2025-08-05 03:00:00,7.755,7.768,7.653,7.708,10907.46
2025-08-05 04:00:00,7.701,7.744,7.689,7.703,3445.03
2025-08-05 05:00:00,7.712,7.753,7.642,7.661,3129.01
2025-08-05 06:00:00,7.665,7.711,7.652,7.655,3800.52
2025-08-05 07:00:00,7.654,7.695,7.654,7.657,2823.85
2025-08-05 08:00:00,7.659,7.671,7.513,7.583,10142.7
2025-08-05 09:00:00,7.587,7.709,7.587,7.709,5522.57
2025-08-05 10:00:00,7.709,7.846,7.709,7.846,10545.62
2025-08-05 11:00:00,7.846,8.339,7.846,8.228,138362.05
2025-08-05 12:00:00,8.232,8.34,7.88,7.908,62300.39
2025-08-05 13:00:00,7.904,7.943,7.696,7.804,26419.11
2025-08-05 14:00:00,7.796,7.802,7.688,7.734,12885.37
2025-08-05 15:00:00,7.735,7.761,7.623,7.627,10597.06
2025-08-05 16:00:00,7.624,7.739,7.622,7.732,9075.74
2025-08-05 17:00:00,7.737,7.85,7.695,7.824,9731.32
2025-08-05 18:00:00,7.818,7.869,7.804,7.867,7841.45
2025-08-05 19:00:00,7.869,7.922,7.809,7.889,8010.78
2025-08-05 20:00:00,7.887,7.887,7.739,7.748,9628.26
2025-08-05 21:00:00,7.75,7.762,7.639,7.686,6881.33
2025-08-05 22:00:00,7.667,7.677,7.6,7.64,5379.55
2025-08-05 23:00:00,7.639,7.65,7.604,7.62,4576.88
2025-08-06 00:00:00,7.617,7.626,7.562,7.573,3498.94
2025-08-06 01:00:00,7.57,7.783,7.544,7.764,13525.21
2025-08-06 02:00:00,7.761,7.761,7.605,7.605,11236.52
2025-08-06 03:00:00,7.61,7.713,7.581,7.682,15828.08
2025-08-06 04:00:00,7.681,7.698,7.553,7.562,10000.23
2025-08-06 05:00:00,7.561,7.638,7.553,7.599,7478.72
2025-08-06 06:00:00,7.602,7.692,7.599,7.668,3865.39
2025-08-06 07:00:00,7.669,7.785,7.669,7.785,6125.56
2025-08-06 08:00:00,7.783,7.783,7.649,7.686,8190.41
2025-08-06 09:00:00,7.685,7.811,7.672,7.796,11448.93
2025-08-06 10:00:00,7.791,7.806,7.741,7.778,5945.87
2025-08-06 11:00:00,7.78,7.893,7.777,7.858,10060.19
2025-08-06 12:00:00,7.863,7.899,7.793,7.795,13752.11
2025-08-06 13:00:00,7.796,7.917,7.759,7.906,14503.52
2025-08-06 14:00:00,7.911,7.993,7.909,7.973,18692.53
2025-08-06 15:00:00,7.976,8.09,7.965,8.06,22921.1
2025-08-06 16:00:00,8.061,8.139,8.029,8.043,14013.16
2025-08-06 17:00:00,8.051,8.126,7.947,8.125,12058.09
2025-08-06 18:00:00,8.125,8.19,8.103,8.103,12185.75
2025-08-06 19:00:00,8.103,8.13,8.099,8.125,2304.54
2025-08-06 20:00:00,8.126,8.196,8.102,8.194,5700.03
2025-08-06 21:00:00,8.195,8.293,8.195,8.253,13364.03
2025-08-06 22:00:00,8.257,8.34,8.235,8.279,12304.0
2025-08-06 23:00:00,8.282,8.399,8.282,8.397,9772.07
2025-08-07 00:00:00,8.397,8.422,8.281,8.399,19748.7
2025-08-07 01:00:00,8.401,8.428,8.326,8.337,12009.05
2025-08-07 02:00:00,8.337,8.34,8.266,8.27,4064.97
2025-08-07 03:00:00,8.269,8.291,8.253,8.255,4212.15
2025-08-07 04:00:00,8.255,8.366,8.224,8.365,9457.17
2025-08-07 05:00:00,8.361,8.391,8.264,8.302,10964.45
2025-08-07 06:00:00,8.302,8.352,8.28,8.297,10770.6
2025-08-07 07:00:00,8.296,8.309,8.237,8.303,10624.39
2025-08-07 08:00:00,8.304,8.47,8.304,8.41,12448.65
2025-08-07 09:00:00,8.413,8.67,8.4,8.603,46361.25
2025-08-07 10:00:00,8.604,8.691,8.425,8.589,52249.45
2025-08-07 11:00:00,8.588,8.676,8.496,8.58,21039.36
2025-08-07 12:00:00,8.574,8.579,8.362,8.434,19651.65
2025-08-07 13:00:00,8.437,8.465,8.343,8.347,10175.88
2025-08-07 14:00:00,8.35,8.424,8.335,8.423,5684.86
2025-08-07 15:00:00,8.42,8.46,8.397,8.397,4631.71
2025-08-07 16:00:00,8.402,8.484,8.402,8.414,13195.45
2025-08-07 17:00:00,8.414,8.463,8.389,8.437,5471.22
2025-08-07 18:00:00,8.438,8.504,8.43,8.498,4300.57
2025-08-07 19:00:00,8.497,8.593,8.471,8.593,7860.1
2025-08-07 20:00:00,8.59,8.59,8.484,8.523,5344.38
2025-08-07 21:00:00,8.523,8.536,8.43,8.44,3949.8
2025-08-07 22:00:00,8.44,8.476,8.422,8.45,4791.61
2025-08-07 23:00:00,8.455,8.505,8.4,8.505,4134.57
2025-08-08 00:00:00,8.506,8.577,8.465,8.489,10115.42
2025-08-08 01:00:00,8.487,8.54,8.481,8.522,6478.1
2025-08-08 02:00:00,8.522,8.523,8.478,8.495,2692.91
2025-08-08 03:00:00,8.495,8.507,8.392,8.417,4676.49
2025-08-08 04:00:00,8.416,8.457,8.397,8.42,2844.42
2025-08-08 05:00:00,8.419,8.441,8.409,8.434,2041.5
2025-08-08 06:00:00,8.433,8.448,8.391,8.408,1766.52
2025-08-08 07:00:00,8.408,8.474,8.388,8.42,8328.82
2025-08-08 08:00:00,8.419,8.466,8.396,8.443,6190.81
2025-08-08 09:00:00,8.442,8.511,8.441,8.511,2326.77
2025-08-08 10:00:00,8.511,8.594,8.481,8.505,6749.2
2025-08-08 11:00:00,8.499,8.536,8.493,8.505,2526.92
2025-08-08 12:00:00,8.505,8.516,8.478,8.512,2041.59
2025-08-08 13:00:00,8.511,8.849,8.509,8.705,42542.86
2025-08-08 14:00:00,8.704,8.715,8.587,8.59,12765.95
2025-08-08 15:00:00,8.589,8.603,8.508,8.519,6804.82
2025-08-08 16:00:00,8.521,8.562,8.492,8.492,4620.18
2025-08-08 17:00:00,8.492,8.508,8.438,8.462,9664.66
2025-08-08 18:00:00,8.462,8.478,8.368,8.39,10035.03
2025-08-08 19:00:00,8.391,8.425,8.369,8.388,3618.75
2025-08-08 20:00:00,8.388,8.461,8.364,8.406,14329.64
2025-08-08 21:00:00,8.406,8.472,8.398,8.421,4434.59
2025-08-08 22:00:00,8.419,8.456,8.395,8.413,4714.0
2025-08-08 23:00:00,8.413,8.417,8.36,8.385,3202.44
2025-08-09 00:00:00,8.384,8.384,8.326,8.352,4962.98
2025-08-09 01:00:00,8.355,8.356,8.28,8.287,3642.93
2025-08-09 02:00:00,8.287,8.309,8.269,8.272,1991.35
2025-08-09 03:00:00,8.269,8.287,8.239,8.248,3572.01
2025-08-09 04:00:00,8.241,8.252,8.205,8.219,5776.02
2025-08-09 05:00:00,8.217,8.391,8.155,8.282,33039.14
2025-08-09 06:00:00,8.284,8.358,8.254,8.337,9578.97
2025-08-09 07:00:00,8.337,8.409,8.307,8.376,7743.19
2025-08-09 08:00:00,8.375,8.378,8.291,8.301,7599.42
2025-08-09 09:00:00,8.301,8.314,8.263,8.276,3453.87
2025-08-09 10:00:00,8.273,8.329,8.265,8.324,4129.46
2025-08-09 11:00:00,8.325,8.347,8.287,8.298,5517.74
2025-08-09 12:00:00,8.299,8.321,8.235,8.254,7909.49
2025-08-09 13:00:00,8.248,8.294,8.234,8.267,7024.6
2025-08-09 14:00:00,8.261,8.591,8.246,8.396,77991.17
2025-08-09 15:00:00,8.4,8.504,8.386,8.418,14123.66
2025-08-09 16:00:00,8.423,8.431,8.372,8.394,7002.79
2025-08-09 17:00:00,8.394,8.529,8.383,8.446,11827.02
2025-08-09 18:00:00,8.446,8.446,8.392,8.403,4320.63
2025-08-09 19:00:00,8.402,8.403,8.273,8.298,11685.41
2025-08-09 20:00:00,8.297,8.333,8.272,8.306,7926.42
2025-08-09 21:00:00,8.307,8.346,8.186,8.231,6985.91
2025-08-09 22:00:00,8.231,8.293,8.212,8.222,9318.24
2025-08-09 23:00:00,8.223,8.238,8.17,8.181,3965.13
2025-08-10 00:00:00,8.187,8.227,8.157,8.202,7466.04
2025-08-10 01:00:00,8.201,8.217,8.155,8.183,8989.42
2025-08-10 02:00:00,8.18,8.22,8.162,8.184,9193.16
2025-08-10 03:00:00,8.184,8.222,8.178,8.199,11451.16
2025-08-10 04:00:00,8.206,8.206,8.088,8.13,17033.25
2025-08-10 05:00:00,8.129,8.129,8.035,8.047,13200.71
2025-08-10 06:00:00,8.048,8.071,8.008,8.059,7806.38
2025-08-10 07:00:00,8.059,8.077,7.951,7.982,11736.86
2025-08-10 08:00:00,7.986,8.051,7.938,8.04,10420.07
2025-08-10 09:00:00,8.036,8.039,7.974,7.981,2935.7
2025-08-10 10:00:00,7.983,7.994,7.918,7.941,5110.75
2025-08-10 11:00:00,7.94,7.96,7.919,7.924,2996.12
2025-08-10 12:00:00,7.926,7.962,7.919,7.956,918.9
2025-08-10 13:00:00,7.958,7.973,7.862,7.863,5503.27
2025-08-10 14:00:00,7.862,7.909,7.824,7.834,11217.51
2025-08-10 15:00:00,7.835,7.852,7.792,7.809,10094.68
2025-08-10 16:00:00,7.809,7.859,7.79,7.85,5035.68
2025-08-10 17:00:00,7.846,7.896,7.823,7.89,6138.11
2025-08-10 18:00:00,7.887,7.955,7.864,7.915,8006.41
2025-08-10 19:00:00,7.911,7.917,7.854,7.866,5243.5
2025-08-10 20:00:00,7.867,7.889,7.856,7.886,1427.73
2025-08-10 21:00:00,7.886,7.9,7.853,7.864,1625.41
2025-08-10 22:00:00,7.859,7.906,7.845,7.896,1838.23
2025-08-10 23:00:00,7.897,7.905,7.854,7.87,1642.01
2025-08-11 00:00:00,7.868,7.898,7.825,7.842,4380.19
2025-08-11 01:00:00,7.842,7.937,7.834,7.887,9249.09
2025-08-11 02:00:00,7.888,7.934,7.884,7.927,7015.13
2025-08-11 03:00:00,7.927,7.945,7.904,7.933,2350.22
2025-08-11 04:00:00,7.933,8.045,7.93,7.986,13372.29
2025-08-11 05:00:00,7.992,8.02,7.986,7.986,4169.58
2025-08-11 06:00:00,7.987,8.005,7.97,7.979,2159.28
2025-08-11 07:00:00,7.979,7.982,7.781,7.846,12023.78
2025-08-11 08:00:00,7.847,7.883,7.836,7.882,2561.98
2025-08-11 09:00:00,7.883,7.907,7.878,7.894,1129.16
2025-08-11 10:00:00,7.893,7.978,7.882,7.971,4904.13
2025-08-11 11:00:00,7.97,7.99,7.9,7.9,10707.42
2025-08-11 12:00:00,7.901,7.953,7.73,7.81,24977.36
2025-08-11 13:00:00,7.811,7.874,7.777,7.864,3512.61
2025-08-11 14:00:00,7.865,7.926,7.851,7.905,5057.31
2025-08-11 15:00:00,7.906,7.973,7.89,7.944,5182.8
2025-08-11 16:00:00,7.944,7.967,7.913,7.919,6462.05
2025-08-11 17:00:00,7.918,7.926,7.664,7.721,41202.77
2025-08-11 18:00:00,7.722,7.764,7.66,7.678,18249.65
2025-08-11 19:00:00,7.678,7.7,7.642,7.675,3999.71
2025-08-11 20:00:00,7.672,7.676,7.545,7.591,22624.1
2025-08-11 21:00:00,7.591,7.593,7.509,7.557,5370.93
2025-08-11 22:00:00,7.558,7.569,7.436,7.449,15089.75
2025-08-11 23:00:00,7.448,7.502,7.447,7.468,3047.25
2025-08-12 00:00:00,7.467,7.467,7.42,7.449,5982.32
2025-08-12 01:00:00,7.448,7.469,7.387,7.39,6895.55
2025-08-12 02:00:00,7.39,7.485,7.39,7.473,8356.71
2025-08-12 03:00:00,7.469,7.508,7.462,7.498,3679.39
2025-08-12 04:00:00,7.498,7.537,7.484,7.531,4399.14
2025-08-12 05:00:00,7.531,7.535,7.43,7.47,8205.93
2025-08-12 06:00:00,7.469,7.579,7.416,7.522,24116.35
2025-08-12 07:00:00,7.518,7.577,7.476,7.55,10836.02
2025-08-12 08:00:00,7.55,7.59,7.516,7.527,12316.34
2025-08-12 09:00:00,7.526,7.547,7.51,7.537,2088.6
2025-08-12 10:00:00,7.537,7.579,7.53,7.548,6956.54
2025-08-12 11:00:00,7.549,7.555,7.497,7.534,2284.22
2025-08-12 12:00:00,7.533,7.607,7.509,7.592,7989.28
2025-08-12 13:00:00,7.593,7.603,7.537,7.56,5343.67
2025-08-12 14:00:00,7.562,7.594,7.556,7.576,4328.76
2025-08-12 15:00:00,7.576,7.647,7.569,7.621,5922.36
2025-08-12 16:00:00,7.62,7.666,7.586,7.607,16301.81
2025-08-12 17:00:00,7.61,7.616,7.566,7.568,5162.02
2025-08-12 18:00:00,7.568,7.592,7.511,7.533,8724.82
2025-08-12 19:00:00,7.534,7.579,7.527,7.579,4686.92
2025-08-12 20:00:00,7.577,7.62,7.548,7.61,5948.51
2025-08-12 21:00:00,7.609,7.623,7.47,7.479,14524.67
2025-08-12 22:00:00,7.477,7.584,7.435,7.476,37640.09
2025-08-12 23:00:00,7.476,7.5,7.442,7.462,16515.17
2025-08-13 00:00:00,7.462,7.527,7.451,7.474,12840.09
2025-08-13 01:00:00,7.473,7.474,7.364,7.4,16713.83
2025-08-13 02:00:00,7.396,7.437,7.389,7.437,4712.46
2025-08-13 03:00:00,7.438,7.465,7.421,7.45,6377.82
2025-08-13 04:00:00,7.449,7.489,7.44,7.482,3926.27
2025-08-13 05:00:00,7.483,7.536,7.475,7.481,7819.05
2025-08-13 06:00:00,7.482,7.499,7.405,7.417,10724.15
2025-08-13 07:00:00,7.418,7.488,7.408,7.488,5951.47
2025-08-13 08:00:00,7.488,7.519,7.421,7.512,23818.63
2025-08-13 09:00:00,7.512,7.588,7.504,7.582,7033.66
2025-08-13 10:00:00,7.58,7.614,7.554,7.594,16321.91
2025-08-13 11:00:00,7.593,7.604,7.56,7.564,4760.1
2025-08-13 12:00:00,7.563,7.647,7.547,7.605,12578.12
2025-08-13 13:00:00,7.608,7.679,7.58,7.622,24591.38
2025-08-13 14:00:00,7.624,7.657,7.555,7.563,8502.71
2025-08-13 15:00:00,7.565,7.578,7.501,7.538,8386.16
2025-08-13 16:00:00,7.539,7.577,7.512,7.535,3880.36
2025-08-13 17:00:00,7.536,7.539,7.493,7.515,5110.98
2025-08-13 18:00:00,7.514,7.561,7.437,7.518,17018.74
2025-08-13 19:00:00,7.518,7.527,7.445,7.481,9135.89
2025-08-13 20:00:00,7.482,7.485,7.459,7.466,2278.97
2025-08-13 21:00:00,7.465,7.489,7.46,7.472,1934.63
2025-08-13 22:00:00,7.473,7.513,7.455,7.485,3795.8
2025-08-13 23:00:00,7.486,7.519,7.485,7.498,3965.49
2025-08-14 00:00:00,7.497,7.517,7.455,7.46,6324.47
2025-08-14 01:00:00,7.46,7.497,7.445,7.468,4931.17
2025-08-14 02:00:00,7.469,7.528,7.46,7.528,3273.1
2025-08-14 03:00:00,7.529,7.573,7.488,7.546,8765.96
2025-08-14 04:00:00,7.545,7.551,7.511,7.514,4740.03
2025-08-14 05:00:00,7.513,7.531,7.474,7.489,2770.7
2025-08-14 06:00:00,7.488,7.488,7.422,7.453,8306.99
2025-08-14 07:00:00,7.454,7.458,7.331,7.351,18060.21
2025-08-14 08:00:00,7.352,7.357,7.268,7.303,11932.89
2025-08-14 09:00:00,7.304,7.389,7.288,7.387,7052.48
2025-08-14 10:00:00,7.387,7.387,7.249,7.304,9556.42
2025-08-14 11:00:00,7.305,7.313,7.256,7.266,3830.8
2025-08-14 12:00:00,7.267,7.289,7.055,7.164,47046.75
2025-08-14 13:00:00,7.163,7.255,7.063,7.255,19198.27
2025-08-14 14:00:00,7.256,7.257,7.195,7.199,4076.92
2025-08-14 15:00:00,7.198,7.202,7.132,7.132,6959.96
2025-08-14 16:00:00,7.132,7.136,7.101,7.132,4633.48
2025-08-14 17:00:00,7.131,7.159,7.106,7.121,5629.97
2025-08-14 18:00:00,7.121,7.144,7.075,7.119,4487.92
2025-08-14 19:00:00,7.117,7.163,7.115,7.151,2038.49
2025-08-14 20:00:00,7.15,7.161,7.128,7.159,2738.97
2025-08-14 21:00:00,7.16,7.166,7.093,7.146,5771.62
2025-08-14 22:00:00,7.143,7.191,7.125,7.184,2860.47
2025-08-14 23:00:00,7.182,7.182,7.136,7.142,2196.27
2025-08-15 00:00:00,7.141,7.19,7.136,7.155,3473.36
2025-08-15 01:00:00,7.155,7.191,7.151,7.183,1318.85
2025-08-15 02:00:00,7.182,7.185,7.15,7.185,2519.72
2025-08-15 03:00:00,7.186,7.229,7.18,7.221,2103.42
2025-08-15 04:00:00,7.221,7.251,7.217,7.249,2493.91
2025-08-15 05:00:00,7.248,7.248,7.21,7.231,1545.72
2025-08-15 06:00:00,7.232,7.244,7.215,7.215,1997.53
2025-08-15 07:00:00,7.215,7.257,7.204,7.236,4201.04
2025-08-15 08:00:00,7.236,7.261,7.201,7.212,3751.75
2025-08-15 09:00:00,7.212,7.212,7.184,7.199,2425.53
2025-08-15 10:00:00,7.2,7.263,7.2,7.225,5269.77
2025-08-15 11:00:00,7.226,7.247,7.208,7.22,3568.31
2025-08-15 12:00:00,7.22,7.264,7.196,7.237,6036.95
2025-08-15 13:00:00,7.238,7.275,7.192,7.223,6071.8
2025-08-15 14:00:00,7.221,7.245,7.208,7.212,5335.76
2025-08-15 15:00:00,7.211,7.238,7.141,7.193,12542.2
2025-08-15 16:00:00,7.193,7.227,7.139,7.226,10787.74
2025-08-15 17:00:00,7.227,7.257,7.192,7.243,3963.25
2025-08-15 18:00:00,7.243,7.274,7.225,7.246,2741.37
2025-08-15 19:00:00,7.245,7.262,7.208,7.238,4445.38
2025-08-15 20:00:00,7.237,7.303,7.224,7.291,5789.03
2025-08-15 21:00:00,7.292,7.296,7.258,7.277,950.53
2025-08-15 22:00:00,7.278,7.34,7.278,7.315,2374.38
2025-08-15 23:00:00,7.317,7.333,7.294,7.315,2105.74
2025-08-16 00:00:00,7.318,7.348,7.303,7.308,1300.11
2025-08-16 01:00:00,7.312,7.312,7.275,7.283,1668.41
2025-08-16 02:00:00,7.29,7.303,7.273,7.28,948.16
2025-08-16 03:00:00,7.284,7.305,7.273,7.277,2389.3
2025-08-16 04:00:00,7.277,7.297,7.267,7.291,616.93
2025-08-16 05:00:00,7.289,7.289,7.253,7.279,2312.49
2025-08-16 06:00:00,7.278,7.317,7.273,7.285,4449.08
2025-08-16 07:00:00,7.291,7.311,7.281,7.286,1730.05
2025-08-16 08:00:00,7.285,7.299,7.27,7.283,1307.43
2025-08-16 09:00:00,7.295,7.338,7.289,7.292,3728.5
2025-08-16 10:00:00,7.291,7.351,7.284,7.328,7225.42
2025-08-16 11:00:00,7.327,7.356,7.325,7.331,3334.52
2025-08-16 12:00:00,7.326,7.356,7.319,7.334,2057.87
2025-08-16 13:00:00,7.342,7.355,7.317,7.32,1420.63
2025-08-16 14:00:00,7.32,7.366,7.32,7.357,2111.99
2025-08-16 15:00:00,7.353,7.373,7.353,7.368,996.69
2025-08-16 16:00:00,7.366,7.386,7.355,7.385,1595.79
2025-08-16 17:00:00,7.389,7.402,7.374,7.388,2902.03
2025-08-16 18:00:00,7.393,7.393,7.342,7.373,2347.19
2025-08-16 19:00:00,7.375,7.412,7.369,7.405,1400.19
2025-08-16 20:00:00,7.411,7.426,7.407,7.407,1787.53
2025-08-16 21:00:00,7.417,7.417,7.399,7.404,782.63
2025-08-16 22:00:00,7.405,7.433,7.398,7.415,935.76
2025-08-16 23:00:00,7.414,7.414,7.368,7.379,2101.67
2025-08-17 00:00:00,7.378,7.45,7.353,7.439,10302.12
2025-08-17 01:00:00,7.439,7.448,7.405,7.411,2451.22
2025-08-17 02:00:00,7.414,7.435,7.402,7.42,1664.66
2025-08-17 03:00:00,7.421,7.421,7.387,7.401,1839.43
2025-08-17 04:00:00,7.399,7.423,7.389,7.414,1600.95
2025-08-17 05:00:00,7.413,7.414,7.39,7.403,2134.53
2025-08-17 06:00:00,7.406,7.411,7.392,7.406,1576.27
2025-08-17 07:00:00,7.403,7.41,7.391,7.405,1040.53
2025-08-17 08:00:00,7.405,7.427,7.396,7.419,1162.26
2025-08-17 09:00:00,7.424,7.427,7.4,7.4,996.06
2025-08-17 10:00:00,7.395,7.397,7.367,7.373,1916.14
2025-08-17 11:00:00,7.37,7.39,7.37,7.384,750.01
2025-08-17 12:00:00,7.382,7.389,7.37,7.375,1391.14
2025-08-17 13:00:00,7.375,7.381,7.364,7.374,678.88
2025-08-17 14:00:00,7.368,7.399,7.341,7.399,2968.64
2025-08-17 15:00:00,7.399,7.409,7.36,7.382,2819.92
2025-08-17 16:00:00,7.389,7.413,7.389,7.406,2595.2
2025-08-17 17:00:00,7.406,7.439,7.402,7.436,2487.27
2025-08-17 18:00:00,7.438,7.442,7.393,7.421,5004.67
2025-08-17 19:00:00,7.425,7.464,7.421,7.462,5325.96
2025-08-17 20:00:00,7.462,7.463,7.342,7.394,16473.79
2025-08-17 21:00:00,7.391,7.407,7.363,7.387,5423.15
2025-08-17 22:00:00,7.389,7.423,7.369,7.419,2154.63
2025-08-17 23:00:00,7.42,7.433,7.41,7.419,1434.25
2025-08-18 00:00:00,7.417,7.429,7.391,7.412,1302.52
2025-08-18 01:00:00,7.411,7.429,7.369,7.385,2922.01
2025-08-18 02:00:00,7.385,7.387,7.312,7.327,5579.92
2025-08-18 03:00:00,7.326,7.333,7.302,7.328,4725.8
2025-08-18 04:00:00,7.326,7.479,7.312,7.383,14509.4
2025-08-18 05:00:00,7.383,7.435,7.379,7.427,3791.79
2025-08-18 06:00:00,7.426,7.443,7.393,7.397,3949.61
2025-08-18 07:00:00,7.392,7.392,7.352,7.36,3924.55
2025-08-18 08:00:00,7.36,7.361,7.248,7.25,6385.12
2025-08-18 09:00:00,7.248,7.268,7.178,7.255,8773.75
2025-08-18 10:00:00,7.255,7.277,7.228,7.235,1414.52
2025-08-18 11:00:00,7.235,7.235,7.18,7.203,3679.62
2025-08-18 12:00:00,7.203,7.251,7.186,7.251,3092.9
2025-08-18 13:00:00,7.25,7.257,7.183,7.183,2048.7
2025-08-18 14:00:00,7.183,7.239,7.179,7.237,2386.93
2025-08-18 15:00:00,7.239,7.29,7.226,7.289,3395.23
2025-08-18 16:00:00,7.284,7.309,7.252,7.276,2180.94
2025-08-18 17:00:00,7.274,7.312,7.259,7.282,1250.74
2025-08-18 18:00:00,7.27,7.317,7.266,7.317,558.84
2025-08-18 19:00:00,7.312,7.317,7.288,7.303,709.44
2025-08-18 20:00:00,7.302,7.326,7.29,7.317,774.27
2025-08-18 21:00:00,7.317,7.347,7.315,7.334,1564.07
2025-08-18 22:00:00,7.333,7.371,7.333,7.347,1298.66
2025-08-18 23:00:00,7.347,7.352,7.289,7.298,5224.86
2025-08-19 00:00:00,7.298,7.325,7.256,7.32,2828.81
2025-08-19 01:00:00,7.322,7.336,7.298,7.301,998.43
2025-08-19 02:00:00,7.306,7.311,7.294,7.299,572.94
2025-08-19 03:00:00,7.299,7.308,7.263,7.267,2385.03
2025-08-19 04:00:00,7.266,7.296,7.236,7.296,1168.81
2025-08-19 05:00:00,7.296,7.309,7.285,7.287,855.49
2025-08-19 06:00:00,7.285,7.285,7.239,7.24,441.89
2025-08-19 07:00:00,7.237,7.259,7.222,7.251,1099.45
2025-08-19 08:00:00,7.251,7.257,7.209,7.239,2152.46
2025-08-19 09:00:00,7.235,7.236,7.21,7.219,1446.78
2025-08-19 10:00:00,7.218,7.232,7.211,7.227,1138.66
2025-08-19 11:00:00,7.221,7.247,7.212,7.247,1803.24
2025-08-19 12:00:00,7.246,7.286,7.24,7.268,1242.46
2025-08-19 13:00:00,7.274,7.287,7.221,7.242,1691.23
2025-08-19 14:00:00,7.242,7.253,7.183,7.189,2092.97
2025-08-19 15:00:00,7.192,7.239,7.186,7.226,1744.98
2025-08-19 16:00:00,7.224,7.224,7.183,7.183,684.38
2025-08-19 17:00:00,7.189,7.204,7.171,7.201,867.17
2025-08-19 18:00:00,7.204,7.206,7.157,7.157,1101.99
2025-08-19 19:00:00,7.157,7.203,7.143,7.185,1472.36
2025-08-19 20:00:00,7.185,7.206,7.163,7.206,328.97
2025-08-19 21:00:00,7.206,7.206,7.175,7.187,421.82
2025-08-19 22:00:00,7.177,7.184,7.126,7.13,1103.22
2025-08-19 23:00:00,7.131,7.131,7.055,7.059,4171.04
2025-08-20 00:00:00,7.058,7.092,7.031,7.034,2621.4
2025-08-20 01:00:00,7.034,7.041,6.947,6.955,8009.07
2025-08-20 02:00:00,6.96,7.051,6.947,7.041,6332.31
2025-08-20 03:00:00,7.038,7.1,7.036,7.084,1472.34
2025-08-20 04:00:00,7.089,7.17,7.089,7.153,4979.75
2025-08-20 05:00:00,7.154,7.16,7.137,7.152,1043.28
2025-08-20 06:00:00,7.152,7.152,7.13,7.138,886.92
2025-08-20 07:00:00,7.141,7.145,7.12,7.12,534.33
2025-08-20 08:00:00,7.12,7.164,7.12,7.163,1647.29
2025-08-20 09:00:00,7.165,7.187,7.156,7.161,2483.74
2025-08-20 10:00:00,7.169,7.172,7.147,7.149,660.95
2025-08-20 11:00:00,7.149,7.156,7.077,7.125,5429.98
2025-08-20 12:00:00,7.124,7.161,7.124,7.155,1305.37
2025-08-20 13:00:00,7.148,7.148,7.052,7.075,4030.96
2025-08-20 14:00:00,7.067,7.157,7.043,7.14,6595.31
2025-08-20 15:00:00,7.145,7.234,7.139,7.187,4891.34
2025-08-20 16:00:00,7.193,7.227,7.193,7.206,685.21
2025-08-20 17:00:00,7.206,7.25,7.203,7.248,2008.45
2025-08-20 18:00:00,7.25,7.256,7.185,7.227,2709.4
2025-08-20 19:00:00,7.23,7.268,7.228,7.268,1984.71
2025-08-20 20:00:00,7.267,7.271,7.254,7.259,472.82
2025-08-20 21:00:00,7.255,7.258,7.206,7.234,1448.44
2025-08-20 22:00:00,7.239,7.242,7.221,7.221,715.54
2025-08-20 23:00:00,7.22,7.227,7.214,7.22,208.84
2025-08-21 00:00:00,7.226,7.269,7.221,7.263,2293.22
2025-08-21 01:00:00,7.27,7.3,7.266,7.294,3408.36
2025-08-21 02:00:00,7.3,7.319,7.236,7.243,1707.55
2025-08-21 03:00:00,7.253,7.279,7.235,7.24,1067.42
2025-08-21 04:00:00,7.236,7.283,7.235,7.282,449.61
2025-08-21 05:00:00,7.279,7.294,7.26,7.293,686.53
2025-08-21 06:00:00,7.28,7.283,7.246,7.252,2015.51
2025-08-21 07:00:00,7.247,7.251,7.204,7.237,4056.79
2025-08-21 08:00:00,7.231,7.239,7.185,7.185,1133.44
2025-08-21 09:00:00,7.192,7.194,7.165,7.173,588.03
2025-08-21 10:00:00,7.175,7.198,7.167,7.185,363.85
2025-08-21 11:00:00,7.184,7.19,7.15,7.163,738.44
2025-08-21 12:00:00,7.162,7.164,7.12,7.127,1698.18
2025-08-21 13:00:00,7.122,7.155,7.112,7.132,2192.96
2025-08-21 14:00:00,7.126,7.166,7.107,7.153,4690.04
2025-08-21 15:00:00,7.153,7.167,7.093,7.097,3842.21
2025-08-21 16:00:00,7.094,7.108,7.078,7.081,789.83
2025-08-21 17:00:00,7.08,7.097,7.054,7.094,1522.04
2025-08-21 18:00:00,7.094,7.121,7.086,7.12,717.69
2025-08-21 19:00:00,7.12,7.124,7.075,7.075,506.41
2025-08-21 20:00:00,7.081,7.097,7.068,7.094,718.97
2025-08-21 21:00:00,7.094,7.116,7.077,7.116,228.47
2025-08-21 22:00:00,7.116,7.138,7.116,7.13,872.4
2025-08-21 23:00:00,7.132,7.137,7.074,7.081,586.41
2025-08-22 00:00:00,7.089,7.11,7.043,7.051,1407.19
2025-08-22 01:00:00,7.051,7.094,7.031,7.094,1789.4
2025-08-22 02:00:00,7.094,7.139,7.092,7.133,1223.38
2025-08-22 03:00:00,7.124,7.135,7.079,7.079,812.34
2025-08-22 04:00:00,7.08,7.105,7.063,7.071,991.81
2025-08-22 05:00:00,7.073,7.08,7.044,7.055,748.95
2025-08-22 06:00:00,7.055,7.089,7.045,7.051,2058.05
2025-08-22 07:00:00,7.051,7.086,7.05,7.07,2217.76
2025-08-22 08:00:00,7.065,7.066,7.028,7.029,3823.91
2025-08-22 09:00:00,7.034,7.044,7.016,7.041,1681.47
2025-08-22 10:00:00,7.043,7.052,7.023,7.032,987.88
2025-08-22 11:00:00,7.032,7.059,7.029,7.033,1813.87
2025-08-22 12:00:00,7.037,7.041,6.954,7.002,6998.08
2025-08-22 13:00:00,6.985,7.067,6.977,7.047,5662.24
2025-08-22 14:00:00,7.047,7.204,7.045,7.201,20703.13
2025-08-22 15:00:00,7.196,7.229,7.16,7.16,4236.27
2025-08-22 16:00:00,7.16,7.209,7.115,7.139,8788.78
2025-08-22 17:00:00,7.145,7.203,7.145,7.184,10337.97
2025-08-22 18:00:00,7.18,7.234,7.154,7.214,12457.34
2025-08-22 19:00:00,7.207,7.208,7.186,7.198,3891.99
2025-08-22 20:00:00,7.194,7.204,7.165,7.178,4621.75
2025-08-22 21:00:00,7.178,7.209,7.175,7.2,3310.63
2025-08-22 22:00:00,7.196,7.222,7.171,7.201,7370.31
2025-08-22 23:00:00,7.197,7.207,7.17,7.183,2575.96
2025-08-23 00:00:00,7.192,7.248,7.192,7.224,2814.46
2025-08-23 01:00:00,7.227,7.235,7.177,7.225,5076.76
2025-08-23 02:00:00,7.228,7.229,7.172,7.204,3399.38
2025-08-23 03:00:00,7.204,7.221,7.131,7.131,4215.63
2025-08-23 04:00:00,7.137,7.185,7.137,7.179,1785.36
2025-08-23 05:00:00,7.179,7.194,7.169,7.188,4363.37
2025-08-23 06:00:00,7.185,7.215,7.18,7.199,2221.66
2025-08-23 07:00:00,7.196,7.211,7.159,7.159,962.67
2025-08-23 08:00:00,7.166,7.199,7.164,7.193,744.17
2025-08-23 09:00:00,7.195,7.229,7.166,7.229,5664.05
2025-08-23 10:00:00,7.223,7.224,7.168,7.172,1762.42
2025-08-23 11:00:00,7.178,7.193,7.013,7.029,14023.39
2025-08-23 12:00:00,7.028,7.06,6.949,6.988,29809.58
2025-08-23 13:00:00,6.983,7.001,6.953,6.982,5723.11
2025-08-23 14:00:00,6.991,7.116,6.982,7.108,14751.63
2025-08-23 15:00:00,7.11,7.164,7.08,7.101,20494.58
2025-08-23 16:00:00,7.1,7.18,7.067,7.093,19219.9
2025-08-23 17:00:00,7.093,7.102,7.063,7.07,3256.66
2025-08-23 18:00:00,7.073,7.115,7.068,7.098,5592.5
2025-08-23 19:00:00,7.099,7.114,7.05,7.106,8402.49
2025-08-23 20:00:00,7.112,7.115,7.091,7.099,1602.99
2025-08-23 21:00:00,7.103,7.229,6.92,7.132,37082.53
2025-08-23 22:00:00,7.132,7.139,7.11,7.134,1764.27
2025-08-23 23:00:00,7.134,7.156,7.075,7.134,8153.95
2025-08-24 00:00:00,7.138,7.172,7.136,7.167,1856.45
2025-08-24 01:00:00,7.171,7.186,7.149,7.161,3357.98
2025-08-24 02:00:00,7.161,7.172,7.14,7.153,2142.24
2025-08-24 03:00:00,7.152,7.166,7.126,7.163,2129.6
2025-08-24 04:00:00,7.163,7.172,7.151,7.17,1228.52
2025-08-24 05:00:00,7.178,7.18,7.117,7.126,1413.93
2025-08-24 06:00:00,7.126,7.126,7.087,7.09,4576.93
2025-08-24 07:00:00,7.094,7.105,7.072,7.077,1374.05
2025-08-24 08:00:00,7.074,7.094,7.053,7.065,824.35
2025-08-24 09:00:00,7.065,7.071,7.02,7.02,3456.15
2025-08-24 10:00:00,7.026,7.027,7.001,7.025,2297.88
2025-08-24 11:00:00,7.022,7.022,6.976,6.996,3490.11
2025-08-24 12:00:00,6.993,6.999,6.96,6.966,4370.88
2025-08-24 13:00:00,6.964,7.0,6.875,6.958,20553.27
2025-08-24 14:00:00,6.953,6.956,6.905,6.907,3720.0
2025-08-24 15:00:00,6.904,6.943,6.9,6.936,7024.68
2025-08-24 16:00:00,6.935,6.973,6.934,6.958,1112.64
2025-08-24 17:00:00,6.955,7.002,6.942,6.979,2539.9
2025-08-24 18:00:00,6.979,7.042,6.969,7.027,11532.36
2025-08-24 19:00:00,7.025,7.06,6.926,6.98,16136.2
2025-08-24 20:00:00,6.978,7.008,6.915,6.976,4878.27
2025-08-24 21:00:00,6.97,6.983,6.93,6.93,2157.03
2025-08-24 22:00:00,6.934,6.948,6.912,6.938,3175.16
2025-08-24 23:00:00,6.938,6.939,6.904,6.912,1379.1
2025-08-25 00:00:00,6.91,6.921,6.9,6.916,10020.62
2025-08-25 01:00:00,6.916,6.972,6.916,6.956,4233.65
2025-08-25 02:00:00,6.956,6.99,6.949,6.99,867.49
2025-08-25 03:00:00,6.99,6.991,6.97,6.982,1770.33
2025-08-25 04:00:00,6.982,6.988,6.971,6.971,1092.08
2025-08-25 05:00:00,6.971,7.024,6.971,7.016,2556.52
2025-08-25 06:00:00,7.015,7.023,6.979,6.994,3848.37
2025-08-25 07:00:00,6.989,7.03,6.985,6.996,2726.86
2025-08-25 08:00:00,6.995,7.027,6.959,7.025,7811.33
2025-08-25 09:00:00,7.026,7.093,7.015,7.071,12019.43
2025-08-25 10:00:00,7.073,7.104,7.009,7.063,21718.87
2025-08-25 11:00:00,7.063,7.09,7.028,7.089,5380.49
2025-08-25 12:00:00,7.09,7.11,7.027,7.054,7909.74
2025-08-25 13:00:00,7.052,7.099,7.047,7.091,6263.93
2025-08-25 14:00:00,7.09,7.097,7.043,7.047,3271.28
2025-08-25 15:00:00,7.046,7.048,6.986,7.009,8084.0
2025-08-25 16:00:00,7.008,7.052,6.995,7.045,2311.41
2025-08-25 17:00:00,7.045,7.049,7.007,7.011,4610.21
2025-08-25 18:00:00,7.012,7.049,6.993,6.994,7472.77
2025-08-25 19:00:00,6.994,7.0,6.977,6.977,2979.23
2025-08-25 20:00:00,6.981,6.993,6.947,6.972,4833.14
2025-08-25 21:00:00,6.971,6.985,6.931,6.957,4921.89
2025-08-25 22:00:00,6.957,7.011,6.951,6.999,3633.28
2025-08-25 23:00:00,6.991,7.021,6.991,7.005,1648.48
2025-08-26 00:00:00,7.007,7.017,6.98,6.996,1371.9
2025-08-26 01:00:00,6.991,7.097,6.985,7.079,3808.43
2025-08-26 02:00:00,7.076,7.166,7.063,7.166,7790.1
2025-08-26 03:00:00,7.162,7.223,7.106,7.215,20284.99
2025-08-26 04:00:00,7.211,7.302,7.185,7.267,26388.81
2025-08-26 05:00:00,7.264,7.332,7.232,7.28,16041.28
2025-08-26 06:00:00,7.289,7.314,7.209,7.241,11623.88
2025-08-26 07:00:00,7.25,7.284,7.188,7.222,8924.95
2025-08-26 08:00:00,7.22,7.22,7.163,7.197,7879.04
2025-08-26 09:00:00,7.197,7.227,7.188,7.2,3243.06
2025-08-26 10:00:00,7.202,7.22,7.178,7.184,3301.42
2025-08-26 11:00:00,7.185,7.222,7.178,7.204,2621.8
2025-08-26 12:00:00,7.211,7.247,7.191,7.22,2968.29
2025-08-26 13:00:00,7.224,7.287,7.204,7.231,8868.17
2025-08-26 14:00:00,7.231,7.283,7.227,7.271,7530.1
2025-08-26 15:00:00,7.271,7.285,7.227,7.228,3029.58
2025-08-26 16:00:00,7.228,7.236,7.203,7.227,4152.37
2025-08-26 17:00:00,7.222,7.238,7.168,7.168,5093.81
2025-08-26 18:00:00,7.173,7.208,7.173,7.207,1194.27
2025-08-26 19:00:00,7.208,7.233,7.206,7.209,2817.27
2025-08-26 20:00:00,7.21,7.293,7.204,7.279,8243.77
2025-08-26 21:00:00,7.278,7.343,7.271,7.3,3441.38
2025-08-26 22:00:00,7.3,7.307,7.282,7.305,2013.55
2025-08-26 23:00:00,7.309,7.35,7.302,7.347,2121.33
2025-08-27 00:00:00,7.344,7.344,7.312,7.329,1054.16
2025-08-27 01:00:00,7.336,7.343,7.297,7.324,2732.29
2025-08-27 02:00:00,7.324,7.324,7.283,7.319,802.53
2025-08-27 03:00:00,7.317,7.37,7.306,7.362,5574.53
2025-08-27 04:00:00,7.359,7.409,7.353,7.409,5165.13
2025-08-27 05:00:00,7.409,7.479,7.406,7.475,16846.07
2025-08-27 06:00:00,7.479,7.483,7.386,7.455,7849.05
2025-08-27 07:00:00,7.455,7.459,7.398,7.402,3200.8
2025-08-27 08:00:00,7.406,7.42,7.365,7.384,2814.21
2025-08-27 09:00:00,7.38,7.497,7.363,7.458,7209.15
2025-08-27 10:00:00,7.455,7.487,7.437,7.481,3443.47
2025-08-27 11:00:00,7.481,7.519,7.467,7.512,5190.33
2025-08-27 12:00:00,7.512,7.53,7.436,7.448,6687.16
2025-08-27 13:00:00,7.448,7.501,7.436,7.494,6286.73
2025-08-27 14:00:00,7.494,7.509,7.475,7.509,1372.98
2025-08-27 15:00:00,7.509,7.518,7.409,7.448,10043.26
2025-08-27 16:00:00,7.445,7.456,7.426,7.433,1648.38
2025-08-27 17:00:00,7.433,7.455,7.406,7.451,3024.76
2025-08-27 18:00:00,7.448,7.453,7.374,7.389,4832.65
2025-08-27 19:00:00,7.389,7.423,7.367,7.415,2831.98
2025-08-27 20:00:00,7.415,7.454,7.388,7.43,9015.95
2025-08-27 21:00:00,7.433,7.444,7.404,7.411,698.6
2025-08-27 22:00:00,7.41,7.434,7.393,7.423,1710.86
2025-08-27 23:00:00,7.423,7.571,7.423,7.562,19679.76
2025-08-28 00:00:00,7.56,7.586,7.5,7.528,13497.23
2025-08-28 01:00:00,7.527,7.608,7.507,7.586,13640.87
2025-08-28 02:00:00,7.586,7.623,7.545,7.556,4746.73
2025-08-28 03:00:00,7.554,7.577,7.509,7.559,8247.25
2025-08-28 04:00:00,7.56,7.57,7.526,7.536,1537.17
2025-08-28 05:00:00,7.539,7.552,7.509,7.514,1487.59
2025-08-28 06:00:00,7.51,7.561,7.506,7.54,2688.87
2025-08-28 07:00:00,7.54,7.541,7.488,7.5,4479.43
2025-08-28 08:00:00,7.494,7.501,7.423,7.445,13422.03
2025-08-28 09:00:00,7.445,7.447,7.365,7.43,5253.22
2025-08-28 10:00:00,7.429,7.436,7.384,7.402,4907.85
2025-08-28 11:00:00,7.4,7.408,7.383,7.394,1513.73
2025-08-28 12:00:00,7.392,7.411,7.373,7.387,2240.68
2025-08-28 13:00:00,7.39,7.398,7.371,7.398,1494.32
2025-08-28 14:00:00,7.398,7.408,7.38,7.39,1649.0
2025-08-28 15:00:00,7.389,7.46,7.38,7.449,8432.62
2025-08-28 16:00:00,7.457,7.47,7.429,7.435,3231.14
2025-08-28 17:00:00,7.426,7.47,7.425,7.458,2229.92
2025-08-28 18:00:00,7.458,7.482,7.454,7.459,650.17
2025-08-28 19:00:00,7.459,7.459,7.435,7.435,490.88
2025-08-28 20:00:00,7.439,7.479,7.433,7.463,1148.66
2025-08-28 21:00:00,7.471,7.491,7.471,7.49,718.04
2025-08-28 22:00:00,7.486,7.499,7.469,7.476,1670.0
2025-08-28 23:00:00,7.473,7.496,7.471,7.474,956.64
2025-08-29 00:00:00,7.476,7.505,7.465,7.502,2136.08
2025-08-29 01:00:00,7.504,7.55,7.501,7.539,5482.15
2025-08-29 02:00:00,7.532,7.547,7.507,7.516,1569.76
2025-08-29 03:00:00,7.515,7.526,7.477,7.477,2909.78
2025-08-29 04:00:00,7.476,7.477,7.433,7.433,2602.36
2025-08-29 05:00:00,7.439,7.456,7.433,7.453,430.92
2025-08-29 06:00:00,7.456,7.467,7.431,7.467,1641.99
2025-08-29 07:00:00,7.468,7.479,7.393,7.404,5825.22
2025-08-29 08:00:00,7.41,7.463,7.382,7.383,5298.69
2025-08-29 09:00:00,7.389,7.4,7.306,7.366,7663.53
2025-08-29 10:00:00,7.372,7.391,7.357,7.372,853.26
2025-08-29 11:00:00,7.372,7.39,7.36,7.365,257.49
2025-08-29 12:00:00,7.367,7.439,7.361,7.365,6800.51
2025-08-29 13:00:00,7.367,7.384,7.35,7.361,1906.85
2025-08-29 14:00:00,7.37,7.464,7.36,7.458,4660.32
2025-08-29 15:00:00,7.464,7.57,7.457,7.516,20561.8
2025-08-29 16:00:00,7.519,7.569,7.494,7.537,2232.45
2025-08-29 17:00:00,7.527,7.594,7.521,7.585,3728.36
2025-08-29 18:00:00,7.585,7.585,7.475,7.5,11298.0
2025-08-29 19:00:00,7.504,7.562,7.487,7.547,6154.14
2025-08-29 20:00:00,7.546,7.588,7.516,7.588,9174.22
2025-08-29 21:00:00,7.581,7.6,7.567,7.595,22126.27
2025-08-29 22:00:00,7.596,7.598,7.556,7.573,4849.96
2025-08-29 23:00:00,7.569,7.58,7.543,7.545,878.08
2025-08-30 00:00:00,7.546,7.591,7.522,7.534,4155.37
2025-08-30 01:00:00,7.531,7.545,7.51,7.53,1235.15
2025-08-30 02:00:00,7.525,7.54,7.509,7.51,1705.81
2025-08-30 03:00:00,7.511,7.556,7.511,7.516,1182.73
2025-08-30 04:00:00,7.521,7.562,7.52,7.526,4969.76
2025-08-30 05:00:00,7.527,7.535,7.501,7.521,2500.4
2025-08-30 06:00:00,7.517,7.537,7.49,7.491,4290.1
2025-08-30 07:00:00,7.498,7.511,7.489,7.493,612.01
2025-08-30 08:00:00,7.494,7.532,7.492,7.515,2707.63
2025-08-30 09:00:00,7.52,7.531,7.496,7.496,1538.53
2025-08-30 10:00:00,7.495,7.521,7.477,7.48,2106.04
2025-08-30 11:00:00,7.489,7.507,7.479,7.507,1466.58
2025-08-30 12:00:00,7.51,7.599,7.51,7.547,15597.23
2025-08-30 13:00:00,7.546,7.575,7.538,7.549,2410.43
2025-08-30 14:00:00,7.549,7.549,7.506,7.518,1470.44
2025-08-30 15:00:00,7.518,7.565,7.518,7.548,828.01
2025-08-30 16:00:00,7.559,7.577,7.55,7.57,2724.78
2025-08-30 17:00:00,7.574,7.596,7.563,7.572,3488.6
2025-08-30 18:00:00,7.576,7.6,7.575,7.599,3565.7
2025-08-30 19:00:00,7.599,7.63,7.595,7.626,13765.79
2025-08-30 20:00:00,7.626,7.661,7.579,7.588,10471.05
2025-08-30 21:00:00,7.588,7.676,7.588,7.645,7146.14
2025-08-30 22:00:00,7.649,7.731,7.648,7.725,4920.62
2025-08-30 23:00:00,7.725,7.737,7.683,7.683,2596.02
2025-08-31 00:00:00,7.694,7.739,7.664,7.664,5388.22
2025-08-31 01:00:00,7.663,7.713,7.634,7.701,4024.21
2025-08-31 02:00:00,7.705,7.761,7.693,7.748,3309.43
2025-08-31 03:00:00,7.753,7.758,7.722,7.724,1328.79
2025-08-31 04:00:00,7.72,7.733,7.678,7.68,3810.25
2025-08-31 05:00:00,7.685,7.685,7.605,7.614,4042.14
2025-08-31 06:00:00,7.616,7.67,7.612,7.648,2713.6
2025-08-31 07:00:00,7.649,7.649,7.609,7.617,580.14
2025-08-31 08:00:00,7.609,7.616,7.497,7.533,11039.1
2025-08-31 09:00:00,7.534,7.551,7.521,7.543,2586.69
2025-08-31 10:00:00,7.547,7.587,7.532,7.583,4572.45
2025-08-31 11:00:00,7.579,7.601,7.562,7.571,660.84
2025-08-31 12:00:00,7.572,7.572,7.536,7.548,373.79
2025-08-31 13:00:00,7.541,7.541,7.521,7.526,423.72
2025-08-31 14:00:00,7.521,7.534,7.501,7.523,1640.69
2025-08-31 15:00:00,7.523,7.534,7.488,7.488,2304.77
2025-08-31 16:00:00,7.495,7.5,7.426,7.495,4982.64
2025-08-31 17:00:00,7.493,7.527,7.483,7.527,1596.57
2025-08-31 18:00:00,7.517,7.523,7.494,7.511,623.66
2025-08-31 19:00:00,7.511,7.524,7.474,7.524,1144.48
2025-08-31 20:00:00,7.519,7.533,7.505,7.533,840.16
2025-08-31 21:00:00,7.53,7.533,7.515,7.522,133.95
2025-08-31 22:00:00,7.523,7.523,7.397,7.448,6094.6
2025-08-31 23:00:00,7.444,7.463,7.38,7.394,5356.44
2025-09-01 00:00:00,7.394,7.41,7.364,7.381,4278.47
2025-09-01 01:00:00,7.376,7.395,7.363,7.373,603.77
2025-09-01 02:00:00,7.379,7.406,7.36,7.397,921.2
2025-09-01 03:00:00,7.393,7.396,7.357,7.357,895.47
2025-09-01 04:00:00,7.357,7.365,7.332,7.359,3630.48
2025-09-01 05:00:00,7.356,7.373,7.341,7.355,1837.23
2025-09-01 06:00:00,7.351,7.369,7.332,7.336,2882.09
2025-09-01 07:00:00,7.331,7.331,7.25,7.266,8311.87
2025-09-01 08:00:00,7.266,7.279,7.211,7.241,7840.53
2025-09-01 09:00:00,7.241,7.407,7.209,7.333,26333.74
2025-09-01 10:00:00,7.333,7.39,7.323,7.364,4681.82
2025-09-01 11:00:00,7.362,7.372,7.329,7.335,2201.06
2025-09-01 12:00:00,7.329,7.402,7.314,7.395,2326.72
2025-09-01 13:00:00,7.4,7.461,7.35,7.453,4832.71
2025-09-01 14:00:00,7.461,7.481,7.419,7.476,2950.34
2025-09-01 15:00:00,7.478,7.482,7.391,7.394,3241.45
2025-09-01 16:00:00,7.391,7.391,7.337,7.343,1814.95
2025-09-01 17:00:00,7.337,7.352,7.328,7.329,1253.1
2025-09-01 18:00:00,7.328,7.348,7.319,7.342,613.97
2025-09-01 19:00:00,7.342,7.357,7.318,7.357,822.66
2025-09-01 20:00:00,7.353,7.383,7.281,7.383,8678.37
2025-09-01 21:00:00,7.378,7.417,7.357,7.406,5220.28
2025-09-01 22:00:00,7.4,7.433,7.394,7.41,4891.91
2025-09-01 23:00:00,7.409,7.503,7.397,7.496,2826.47
2025-09-02 00:00:00,7.502,7.504,7.443,7.473,1631.88
2025-09-02 01:00:00,7.475,7.494,7.466,7.467,1028.46
2025-09-02 02:00:00,7.467,7.483,7.445,7.449,1381.62
2025-09-02 03:00:00,7.45,7.484,7.435,7.471,1413.57
2025-09-02 04:00:00,7.471,7.471,7.418,7.462,1623.08
2025-09-02 05:00:00,7.467,7.486,7.457,7.461,670.86
2025-09-02 06:00:00,7.461,7.469,7.403,7.426,1187.19
2025-09-02 07:00:00,7.428,7.469,7.42,7.469,1051.69
2025-09-02 08:00:00,7.469,7.495,7.436,7.488,5320.64
2025-09-02 09:00:00,7.489,7.548,7.452,7.459,5517.12
2025-09-02 10:00:00,7.461,7.468,7.365,7.438,10515.33
2025-09-02 11:00:00,7.438,7.447,7.424,7.441,506.64
2025-09-02 12:00:00,7.449,7.45,7.37,7.412,4427.0
2025-09-02 13:00:00,7.412,7.437,7.385,7.409,3831.42
2025-09-02 14:00:00,7.411,7.429,7.367,7.373,2784.86
2025-09-02 15:00:00,7.377,7.407,7.372,7.403,2217.05
2025-09-02 16:00:00,7.406,7.406,7.337,7.337,2374.62
2025-09-02 17:00:00,7.338,7.339,7.275,7.285,8042.92
2025-09-02 18:00:00,7.28,7.339,7.28,7.295,1801.47
2025-09-02 19:00:00,7.297,7.303,7.256,7.267,3584.21
2025-09-02 20:00:00,7.268,7.297,7.256,7.262,1819.55
2025-09-02 21:00:00,7.263,7.273,7.245,7.251,2416.35
2025-09-02 22:00:00,7.251,7.327,7.246,7.327,3613.2
2025-09-02 23:00:00,7.326,7.355,7.316,7.335,2460.66
2025-09-03 00:00:00,7.34,7.418,7.34,7.407,4143.11
2025-09-03 01:00:00,7.411,7.439,7.386,7.408,5187.22
2025-09-03 02:00:00,7.408,7.416,7.379,7.38,3032.3
2025-09-03 03:00:00,7.387,7.393,7.33,7.333,2881.7
2025-09-03 04:00:00,7.336,7.351,7.322,7.351,265.39
2025-09-03 05:00:00,7.351,7.389,7.351,7.365,2147.48
2025-09-03 06:00:00,7.358,7.375,7.321,7.327,439.15
2025-09-03 07:00:00,7.327,7.336,7.314,7.316,1137.07
2025-09-03 08:00:00,7.32,7.325,7.296,7.301,1073.82
2025-09-03 09:00:00,7.301,7.301,7.251,7.256,1958.2
2025-09-03 10:00:00,7.256,7.301,7.251,7.3,3478.53
2025-09-03 11:00:00,7.291,7.317,7.285,7.302,418.19
2025-09-03 12:00:00,7.3,7.346,7.293,7.329,2326.55
2025-09-03 13:00:00,7.32,7.32,7.265,7.28,5502.26
2025-09-03 14:00:00,7.283,7.359,7.271,7.35,4492.7
2025-09-03 15:00:00,7.344,7.361,7.292,7.292,3436.73
2025-09-03 16:00:00,7.29,7.29,7.255,7.272,3126.7
2025-09-03 17:00:00,7.27,7.286,7.253,7.264,1967.5
2025-09-03 18:00:00,7.256,7.286,7.244,7.286,5999.82
2025-09-03 19:00:00,7.284,7.289,7.256,7.264,1691.77
2025-09-03 20:00:00,7.263,7.315,7.26,7.308,1873.28
2025-09-03 21:00:00,7.311,7.334,7.286,7.334,2371.64
2025-09-03 22:00:00,7.333,7.357,7.319,7.345,2765.66
2025-09-03 23:00:00,7.353,7.404,7.351,7.394,1656.31
2025-09-04 00:00:00,7.401,7.52,7.364,7.396,19753.06
2025-09-04 01:00:00,7.393,7.401,7.356,7.362,1661.71
2025-09-04 02:00:00,7.359,7.39,7.355,7.359,1197.22
2025-09-04 03:00:00,7.356,7.38,7.337,7.348,2799.6
2025-09-04 04:00:00,7.35,7.35,7.308,7.326,908.93
2025-09-04 05:00:00,7.327,7.354,7.295,7.307,3781.88
2025-09-04 06:00:00,7.306,7.307,7.285,7.293,554.67
2025-09-04 07:00:00,7.292,7.304,7.268,7.301,1285.97
2025-09-04 08:00:00,7.301,7.345,7.288,7.324,2329.63
2025-09-04 09:00:00,7.324,7.332,7.312,7.314,816.85
2025-09-04 10:00:00,7.316,7.319,7.268,7.272,1600.28
2025-09-04 11:00:00,7.269,7.298,7.265,7.292,807.36
2025-09-04 12:00:00,7.295,7.322,7.281,7.315,1164.28
2025-09-04 13:00:00,7.31,7.35,7.305,7.35,3315.68
2025-09-04 14:00:00,7.345,7.361,7.332,7.34,3338.26
2025-09-04 15:00:00,7.338,7.351,7.322,7.331,2531.94
2025-09-04 16:00:00,7.331,7.331,7.283,7.307,1727.21
2025-09-04 17:00:00,7.308,7.308,7.272,7.287,1048.32
2025-09-04 18:00:00,7.292,7.315,7.265,7.293,2117.05
2025-09-04 19:00:00,7.292,7.298,7.247,7.269,1505.07
2025-09-04 20:00:00,7.268,7.28,7.251,7.252,735.56
2025-09-04 21:00:00,7.25,7.255,7.237,7.237,1469.33
2025-09-04 22:00:00,7.237,7.239,7.184,7.236,6446.31
2025-09-04 23:00:00,7.23,7.248,7.213,7.243,1047.6
2025-09-05 00:00:00,7.248,7.319,7.24,7.292,6286.49
2025-09-05 01:00:00,7.29,7.297,7.277,7.282,135.22
2025-09-05 02:00:00,7.282,7.288,7.26,7.271,508.08
2025-09-05 03:00:00,7.269,7.3,7.266,7.289,404.72
2025-09-05 04:00:00,7.291,7.308,7.28,7.308,180.66
2025-09-05 05:00:00,7.305,7.306,7.244,7.261,1156.04
2025-09-05 06:00:00,7.248,7.283,7.242,7.265,1589.44
2025-09-05 07:00:00,7.263,7.272,7.203,7.233,5286.14
2025-09-05 08:00:00,7.227,7.24,7.201,7.237,5121.55
2025-09-05 09:00:00,7.236,7.289,7.234,7.267,4203.11
2025-09-05 10:00:00,7.259,7.28,7.211,7.211,2797.75
2025-09-05 11:00:00,7.21,7.211,7.167,7.18,3664.05
2025-09-05 12:00:00,7.172,7.211,7.163,7.163,5337.22
2025-09-05 13:00:00,7.166,7.232,7.139,7.191,10620.64
2025-09-05 14:00:00,7.188,7.218,7.176,7.206,7456.95
2025-09-05 15:00:00,7.208,7.237,7.201,7.218,2343.48
2025-09-05 16:00:00,7.214,7.229,7.207,7.208,2237.45
2025-09-05 17:00:00,7.208,7.216,7.194,7.196,811.89
2025-09-05 18:00:00,7.197,7.202,7.176,7.186,1062.32
2025-09-05 19:00:00,7.185,7.195,7.173,7.191,522.01
2025-09-05 20:00:00,7.189,7.218,7.181,7.203,2908.95
2025-09-05 21:00:00,7.208,7.234,7.191,7.226,2238.78
2025-09-05 22:00:00,7.232,7.239,7.206,7.224,1508.02
2025-09-05 23:00:00,7.216,7.24,7.212,7.24,1540.45
2025-09-06 00:00:00,7.24,7.243,7.228,7.239,527.47
2025-09-06 01:00:00,7.236,7.251,7.234,7.246,442.81
2025-09-06 02:00:00,7.252,7.258,7.242,7.254,470.08
2025-09-06 03:00:00,7.252,7.258,7.25,7.258,154.75
2025-09-06 04:00:00,7.258,7.261,7.245,7.246,1010.08
2025-09-06 05:00:00,7.249,7.249,7.196,7.211,1776.19
2025-09-06 06:00:00,7.211,7.222,7.189,7.191,1508.06
2025-09-06 07:00:00,7.191,7.191,7.126,7.127,4916.54
2025-09-06 08:00:00,7.132,7.134,7.091,7.094,4655.16
2025-09-06 09:00:00,7.096,7.097,7.064,7.066,1790.59
2025-09-06 10:00:00,7.067,7.083,7.055,7.079,2368.06
2025-09-06 11:00:00,7.078,7.157,7.066,7.106,9352.55
2025-09-06 12:00:00,7.109,7.12,7.095,7.095,843.58
2025-09-06 13:00:00,7.095,7.103,7.084,7.088,2002.68
2025-09-06 14:00:00,7.091,7.106,7.066,7.098,4501.95
2025-09-06 15:00:00,7.098,7.111,7.081,7.098,2144.52
2025-09-06 16:00:00,7.1,7.138,7.1,7.138,3780.31
2025-09-06 17:00:00,7.137,7.144,7.12,7.144,1478.8
2025-09-06 18:00:00,7.144,7.163,7.127,7.133,2960.54
2025-09-06 19:00:00,7.128,7.132,7.116,7.125,1187.71
2025-09-06 20:00:00,7.125,7.141,7.123,7.125,1139.24
2025-09-06 21:00:00,7.115,7.119,7.088,7.089,1240.2
2025-09-06 22:00:00,7.09,7.112,7.079,7.097,1505.98
2025-09-06 23:00:00,7.096,7.112,7.092,7.094,299.95
2025-09-07 00:00:00,7.104,7.114,7.087,7.09,522.55
2025-09-07 01:00:00,7.089,7.098,7.071,7.073,1304.37
2025-09-07 02:00:00,7.073,7.086,7.064,7.078,1164.71
2025-09-07 03:00:00,7.078,7.102,7.073,7.092,2403.45
2025-09-07 04:00:00,7.089,7.102,7.08,7.1,1380.65
2025-09-07 05:00:00,7.097,7.1,7.02,7.04,12267.35
2025-09-07 06:00:00,7.04,7.047,6.991,6.998,8312.73
2025-09-07 07:00:00,6.997,7.016,6.976,7.011,4163.9
2025-09-07 08:00:00,7.016,7.031,7.003,7.017,1441.17
2025-09-07 09:00:00,7.017,7.021,6.977,6.987,2712.88
2025-09-07 10:00:00,6.987,6.99,6.95,6.98,5300.64
2025-09-07 11:00:00,6.981,7.031,6.977,7.017,1738.42
2025-09-07 12:00:00,7.017,7.036,6.999,7.031,2159.97
2025-09-07 13:00:00,7.031,7.089,7.031,7.071,3637.18
2025-09-07 14:00:00,7.075,7.077,7.041,7.051,668.04
2025-09-07 15:00:00,7.053,7.087,7.053,7.087,1926.2
2025-09-07 16:00:00,7.086,7.105,7.083,7.095,2117.76
2025-09-07 17:00:00,7.095,7.108,7.056,7.056,1325.89
2025-09-07 18:00:00,7.055,7.057,7.014,7.014,1734.38
2025-09-07 19:00:00,7.013,7.08,6.972,7.018,19871.64
2025-09-07 20:00:00,7.017,7.022,6.985,6.99,1485.72
2025-09-07 21:00:00,6.992,7.025,6.986,7.023,1122.66
2025-09-07 22:00:00,7.023,7.054,7.01,7.046,1453.58
2025-09-07 23:00:00,7.041,7.056,6.984,6.989,6209.02
2025-09-08 00:00:00,6.996,6.997,6.96,6.966,2430.72
2025-09-08 01:00:00,6.966,6.979,6.956,6.957,636.7
2025-09-08 02:00:00,6.956,6.99,6.892,6.976,14815.6
2025-09-08 03:00:00,6.977,7.039,6.965,7.024,4726.33
2025-09-08 04:00:00,7.021,7.034,7.002,7.005,1538.21
2025-09-08 05:00:00,7.004,7.009,6.977,6.983,1785.48
2025-09-08 06:00:00,6.982,7.016,6.98,7.007,1391.51
2025-09-08 07:00:00,7.007,7.015,6.999,7.006,1004.26
2025-09-08 08:00:00,7.007,7.019,6.983,6.989,1531.8
2025-09-08 09:00:00,6.987,7.041,6.977,7.015,10268.93
2025-09-08 10:00:00,7.011,7.033,6.978,6.989,8915.27
2025-09-08 11:00:00,6.988,6.999,6.969,6.986,7309.98
2025-09-08 12:00:00,6.989,7.005,6.981,6.983,3780.57
2025-09-08 13:00:00,6.984,7.002,6.983,6.99,2245.92
2025-09-08 14:00:00,6.99,7.001,6.972,6.984,3060.79
2025-09-08 15:00:00,6.984,7.019,6.96,7.006,9682.41
2025-09-08 16:00:00,7.006,7.021,7.001,7.01,4094.29
2025-09-08 17:00:00,7.012,7.032,7.004,7.007,4562.1
2025-09-08 18:00:00,7.005,7.051,7.004,7.043,3388.7
2025-09-08 19:00:00,7.04,7.045,7.007,7.028,2552.14
2025-09-08 20:00:00,7.032,7.047,7.017,7.031,888.58
2025-09-08 21:00:00,7.028,7.037,7.012,7.016,812.55
2025-09-08 22:00:00,7.013,7.027,6.992,6.996,2160.91
2025-09-08 23:00:00,6.992,7.033,6.991,7.009,1670.64
2025-09-09 00:00:00,7.009,7.029,6.993,7.014,2890.32
2025-09-09 01:00:00,7.018,7.028,7.014,7.025,1362.94
2025-09-09 02:00:00,7.025,7.032,7.002,7.016,1772.44
2025-09-09 03:00:00,7.023,7.035,7.014,7.035,1269.54
2025-09-09 04:00:00,7.034,7.041,7.017,7.041,1332.21
2025-09-09 05:00:00,7.04,7.041,7.024,7.028,1391.34
2025-09-09 06:00:00,7.031,7.082,7.028,7.074,5947.5
2025-09-09 07:00:00,7.078,7.097,7.078,7.093,4821.39
2025-09-09 08:00:00,7.096,7.325,7.096,7.257,85583.44
2025-09-09 09:00:00,7.257,7.257,7.162,7.162,12207.81
2025-09-09 10:00:00,7.161,7.199,7.121,7.161,16457.01
2025-09-09 11:00:00,7.161,7.176,7.129,7.158,4457.71
2025-09-09 12:00:00,7.156,7.165,7.101,7.107,5976.38
2025-09-09 13:00:00,7.113,7.118,7.048,7.072,7485.96
2025-09-09 14:00:00,7.076,7.096,7.0,7.022,14806.75
2025-09-09 15:00:00,7.026,7.026,6.965,6.982,5124.19
2025-09-09 16:00:00,6.983,6.993,6.957,6.987,2833.24
2025-09-09 17:00:00,6.981,6.987,6.95,6.957,4084.42
2025-09-09 18:00:00,6.953,6.953,6.925,6.927,4749.25
2025-09-09 19:00:00,6.927,6.978,6.813,6.885,38265.36
2025-09-09 20:00:00,6.886,6.888,6.842,6.863,5670.88
2025-09-09 21:00:00,6.863,6.872,6.844,6.855,4235.74
2025-09-09 22:00:00,6.853,6.907,6.841,6.905,2960.54
2025-09-09 23:00:00,6.904,6.923,6.89,6.915,2251.9
2025-09-10 00:00:00,6.915,6.935,6.902,6.925,1615.2
2025-09-10 01:00:00,6.928,6.977,6.928,6.964,4322.94
2025-09-10 02:00:00,6.97,6.985,6.947,6.978,2409.03
2025-09-10 03:00:00,6.978,7.002,6.974,6.988,1632.05
2025-09-10 04:00:00,6.992,7.006,6.986,7.001,3253.45
2025-09-10 05:00:00,6.998,7.009,6.985,7.005,2328.86
2025-09-10 06:00:00,7.001,7.003,6.97,6.97,3553.55
2025-09-10 07:00:00,6.967,6.97,6.942,6.952,9421.61
2025-09-10 08:00:00,6.945,6.969,6.935,6.944,860.95
2025-09-10 09:00:00,6.938,6.938,6.93,6.934,719.89
2025-09-10 10:00:00,6.934,6.955,6.93,6.955,366.62
2025-09-10 11:00:00,6.956,6.982,6.954,6.974,2049.09
2025-09-10 12:00:00,6.974,6.979,6.94,6.971,4604.29
2025-09-10 13:00:00,6.973,6.995,6.972,6.987,1561.94
2025-09-10 14:00:00,6.987,6.995,6.959,6.967,4188.87
2025-09-10 15:00:00,6.967,6.985,6.967,6.983,712.21
2025-09-10 16:00:00,6.983,6.983,6.967,6.983,2790.34
2025-09-10 17:00:00,6.983,6.996,6.966,6.977,1781.94
2025-09-10 18:00:00,6.974,6.977,6.963,6.969,752.22
2025-09-10 19:00:00,6.969,6.991,6.915,6.931,9041.67
2025-09-10 20:00:00,6.929,6.951,6.929,6.936,410.05
2025-09-10 21:00:00,6.93,6.944,6.93,6.942,326.28
2025-09-10 22:00:00,6.944,6.959,6.944,6.953,233.94
2025-09-10 23:00:00,6.955,6.973,6.955,6.973,1790.19
2025-09-11 00:00:00,6.973,6.984,6.96,6.982,1350.9
2025-09-11 01:00:00,6.982,7.0,6.974,7.0,1724.93
2025-09-11 02:00:00,7.001,7.008,6.988,6.991,1133.7
2025-09-11 03:00:00,6.992,7.028,6.99,7.018,3075.14
2025-09-11 04:00:00,7.018,7.018,7.005,7.01,386.74
2025-09-11 05:00:00,7.011,7.011,6.976,6.989,1127.37
2025-09-11 06:00:00,6.988,6.99,6.981,6.981,394.7
2025-09-11 07:00:00,6.985,6.987,6.96,6.971,844.93
2025-09-11 08:00:00,6.972,7.021,6.966,6.995,2907.77
2025-09-11 09:00:00,6.994,6.994,6.943,6.943,5933.71
2025-09-11 10:00:00,6.945,6.972,6.94,6.952,2760.23
2025-09-11 11:00:00,6.952,6.961,6.936,6.944,2381.94
2025-09-11 12:00:00,6.944,6.974,6.917,6.95,6818.56
2025-09-11 13:00:00,6.949,6.965,6.93,6.957,2564.55
2025-09-11 14:00:00,6.958,6.958,6.928,6.943,2181.63
2025-09-11 15:00:00,6.943,6.944,6.932,6.939,1280.73
2025-09-11 16:00:00,6.935,6.945,6.917,6.942,1520.79
2025-09-11 17:00:00,6.941,6.945,6.919,6.923,841.24
2025-09-11 18:00:00,6.923,6.925,6.905,6.918,1769.62
2025-09-11 19:00:00,6.917,6.946,6.912,6.935,1223.95
2025-09-11 20:00:00,6.94,6.944,6.929,6.94,320.29
2025-09-11 21:00:00,6.942,6.944,6.928,6.935,540.86
2025-09-11 22:00:00,6.94,6.952,6.935,6.952,602.83
2025-09-11 23:00:00,6.945,6.96,6.94,6.957,500.72
2025-09-12 00:00:00,6.96,6.96,6.902,6.908,5286.12
2025-09-12 01:00:00,6.908,6.999,6.89,6.927,17557.6
2025-09-12 02:00:00,6.929,6.937,6.917,6.935,650.72
2025-09-12 03:00:00,6.93,6.972,6.928,6.972,1377.6
2025-09-12 04:00:00,6.972,7.016,6.959,7.011,4809.05
2025-09-12 05:00:00,7.013,7.014,6.974,6.986,1317.19
2025-09-12 06:00:00,6.986,7.019,6.98,7.018,1333.65
2025-09-12 07:00:00,7.02,7.027,6.993,7.016,1732.08
2025-09-12 08:00:00,7.016,7.053,7.0,7.003,4921.68
2025-09-12 09:00:00,6.999,6.999,6.96,6.96,2173.91
2025-09-12 10:00:00,6.96,6.964,6.92,6.925,5354.49
2025-09-12 11:00:00,6.92,6.937,6.913,6.927,2692.89
2025-09-12 12:00:00,6.915,6.925,6.879,6.907,8531.59
2025-09-12 13:00:00,6.908,6.916,6.888,6.915,2355.13
2025-09-12 14:00:00,6.908,6.947,6.899,6.938,2773.45
2025-09-12 15:00:00,6.937,6.937,6.92,6.928,1005.45
2025-09-12 16:00:00,6.928,6.934,6.89,6.927,2369.51
2025-09-12 17:00:00,6.927,6.971,6.908,6.935,7846.08
2025-09-12 18:00:00,6.93,6.975,6.922,6.974,4081.82
2025-09-12 19:00:00,6.975,6.977,6.943,6.958,3132.55
2025-09-12 20:00:00,6.958,6.961,6.947,6.955,988.7
2025-09-12 21:00:00,6.957,6.971,6.949,6.962,429.52
2025-09-12 22:00:00,6.965,6.978,6.96,6.962,1923.93
2025-09-12 23:00:00,6.97,6.99,6.961,6.984,1142.95
2025-09-13 00:00:00,6.988,7.006,6.98,6.998,4594.82
2025-09-13 01:00:00,6.991,6.997,6.97,6.997,1616.39
2025-09-13 02:00:00,6.999,7.009,6.977,7.008,2828.47
2025-09-13 03:00:00,7.003,7.026,7.002,7.016,939.11
2025-09-13 04:00:00,7.018,7.031,7.006,7.014,1295.75
2025-09-13 05:00:00,7.011,7.011,6.955,6.989,5277.04
2025-09-13 06:00:00,6.989,7.016,6.98,7.016,2101.5
2025-09-13 07:00:00,7.016,7.027,7.006,7.023,2769.32
2025-09-13 08:00:00,7.023,7.06,7.018,7.026,3790.54
2025-09-13 09:00:00,7.034,7.061,7.027,7.051,2460.03
2025-09-13 10:00:00,7.055,7.073,6.989,7.038,9311.91
2025-09-13 11:00:00,7.04,7.044,7.0,7.027,3091.91
2025-09-13 12:00:00,7.035,7.04,7.009,7.015,1288.1
2025-09-13 13:00:00,7.018,7.034,6.905,6.986,13197.33
2025-09-13 14:00:00,6.967,6.997,6.922,6.988,7479.12
2025-09-13 15:00:00,6.985,6.995,6.955,6.974,1987.95
2025-09-13 16:00:00,6.98,7.003,6.93,6.942,3919.17
2025-09-13 17:00:00,6.946,6.988,6.915,6.965,8406.42
2025-09-13 18:00:00,6.966,6.994,6.955,6.962,2838.5
2025-09-13 19:00:00,6.963,6.979,6.954,6.972,1747.13
2025-09-13 20:00:00,6.972,7.014,6.972,7.0,4285.56
2025-09-13 21:00:00,7.001,7.013,6.992,7.011,1421.01
2025-09-13 22:00:00,7.011,7.016,6.955,7.004,12802.89
2025-09-13 23:00:00,7.0,7.007,6.977,6.985,1285.57
2025-09-14 00:00:00,6.98,6.997,6.962,6.97,2365.84
2025-09-14 01:00:00,6.971,6.993,6.956,6.981,2422.17
2025-09-14 02:00:00,6.987,6.999,6.969,6.986,765.08
2025-09-14 03:00:00,6.986,6.989,6.958,6.965,2320.58
2025-09-14 04:00:00,6.963,6.974,6.953,6.96,1122.88
2025-09-14 05:00:00,6.969,6.983,6.967,6.983,284.24
2025-09-14 06:00:00,6.986,6.995,6.972,6.979,1019.17
2025-09-14 07:00:00,6.981,6.987,6.954,6.963,2352.15
2025-09-14 08:00:00,6.963,6.973,6.956,6.966,1272.95
2025-09-14 09:00:00,6.967,6.985,6.95,6.978,1074.86
2025-09-14 10:00:00,6.979,6.991,6.95,6.969,512.28
2025-09-14 11:00:00,6.972,6.972,6.912,6.92,1760.75
2025-09-14 12:00:00,6.916,6.935,6.908,6.92,3302.71
2025-09-14 13:00:00,6.918,6.934,6.908,6.921,1427.24
2025-09-14 14:00:00,6.92,6.95,6.897,6.916,6928.94
2025-09-14 15:00:00,6.914,6.936,6.902,6.925,1181.75
2025-09-14 16:00:00,6.924,6.964,6.924,6.95,1204.45
2025-09-14 17:00:00,6.948,6.968,6.948,6.962,148.76
2025-09-14 18:00:00,6.962,6.973,6.935,6.937,2663.75
2025-09-14 19:00:00,6.937,6.941,6.92,6.923,1157.42
2025-09-14 20:00:00,6.924,6.94,6.921,6.937,668.67
2025-09-14 21:00:00,6.935,6.947,6.925,6.94,668.84
2025-09-14 22:00:00,6.936,6.962,6.925,6.958,746.92
2025-09-14 23:00:00,6.955,6.955,6.902,6.918,1370.82
2025-09-15 00:00:00,6.918,6.982,6.918,6.951,2450.52
2025-09-15 01:00:00,6.951,6.951,6.892,6.903,9511.89
2025-09-15 02:00:00,6.903,6.92,6.881,6.91,4299.13
2025-09-15 03:00:00,6.901,6.948,6.9,6.945,624.76
2025-09-15 04:00:00,6.943,6.964,6.936,6.947,633.26
2025-09-15 05:00:00,6.947,6.972,6.947,6.968,471.12
2025-09-15 06:00:00,6.967,6.98,6.905,6.911,6742.07
2025-09-15 07:00:00,6.917,6.942,6.882,6.898,5041.81
2025-09-15 08:00:00,6.893,6.898,6.839,6.853,7925.19
2025-09-15 09:00:00,6.85,6.912,6.846,6.874,2180.02
2025-09-15 10:00:00,6.868,6.893,6.83,6.851,4394.74
2025-09-15 11:00:00,6.85,6.878,6.842,6.877,1516.93
2025-09-15 12:00:00,6.871,6.879,6.84,6.843,2514.29
2025-09-15 13:00:00,6.844,6.871,6.834,6.864,3298.76
2025-09-15 14:00:00,6.86,6.922,6.842,6.861,6067.8
2025-09-15 15:00:00,6.857,6.876,6.84,6.854,2112.71
2025-09-15 16:00:00,6.854,6.868,6.824,6.828,4517.43
2025-09-15 17:00:00,6.833,6.853,6.827,6.851,2182.86
2025-09-15 18:00:00,6.85,6.882,6.85,6.882,331.72
2025-09-15 19:00:00,6.884,6.9,6.872,6.889,1725.64
2025-09-15 20:00:00,6.894,6.953,6.894,6.951,2446.39
2025-09-15 21:00:00,6.947,6.984,6.94,6.971,3392.27
2025-09-15 22:00:00,6.972,7.012,6.971,6.975,5367.96
2025-09-15 23:00:00,6.975,7.01,6.97,7.0,2041.59
2025-09-16 00:00:00,7.002,7.025,6.963,6.985,3490.29
2025-09-16 01:00:00,6.988,6.991,6.943,6.944,1112.64
2025-09-16 02:00:00,6.95,6.956,6.932,6.938,373.58
2025-09-16 03:00:00,6.938,7.001,6.923,6.959,5151.27
2025-09-16 04:00:00,6.96,6.967,6.92,6.961,7791.43
2025-09-16 05:00:00,6.961,6.971,6.946,6.971,1030.01
2025-09-16 06:00:00,6.973,7.005,6.954,6.977,3265.01
2025-09-16 07:00:00,6.982,7.02,6.977,7.002,4472.61
2025-09-16 08:00:00,7.007,7.029,6.98,7.004,2451.54
2025-09-16 09:00:00,7.002,7.023,6.994,7.005,954.52
2025-09-16 10:00:00,7.002,7.004,6.97,6.97,1252.52
2025-09-16 11:00:00,6.97,6.989,6.96,6.969,2035.42
2025-09-16 12:00:00,6.97,6.978,6.948,6.955,918.92
2025-09-16 13:00:00,6.953,7.012,6.952,7.004,2741.79
2025-09-16 14:00:00,7.0,7.008,6.952,6.972,3039.56
2025-09-16 15:00:00,6.972,6.998,6.952,6.993,1745.4
2025-09-16 16:00:00,6.991,6.992,6.963,6.963,1319.48
2025-09-16 17:00:00,6.97,7.012,6.967,6.993,5066.65
2025-09-16 18:00:00,6.994,7.037,6.994,6.999,2662.94
2025-09-16 19:00:00,6.999,7.023,6.993,7.022,801.45
2025-09-16 20:00:00,7.021,7.036,7.016,7.024,835.04
2025-09-16 21:00:00,7.029,7.042,7.027,7.028,1503.73
2025-09-16 22:00:00,7.032,7.048,7.029,7.04,2303.74
2025-09-16 23:00:00,7.036,7.049,7.027,7.042,3287.07
2025-09-17 00:00:00,7.041,7.069,7.002,7.048,7344.57
2025-09-17 01:00:00,7.048,7.096,7.048,7.064,3814.67
2025-09-17 02:00:00,7.065,7.114,7.065,7.105,4006.51
2025-09-17 03:00:00,7.104,7.114,7.048,7.048,2961.53
2025-09-17 04:00:00,7.048,7.083,6.731,6.849,56503.61
2025-09-17 05:00:00,6.85,6.877,6.82,6.877,3910.32
2025-09-17 06:00:00,6.874,6.889,6.86,6.883,1627.35
2025-09-17 07:00:00,6.885,6.89,6.86,6.872,4629.67
2025-09-17 08:00:00,6.87,7.082,6.85,7.022,48011.31
2025-09-17 09:00:00,7.021,7.338,6.987,7.294,91863.39
2025-09-17 10:00:00,7.301,7.353,7.25,7.278,30726.2
2025-09-17 11:00:00,7.278,7.332,7.231,7.266,17314.32
2025-09-17 12:00:00,7.265,7.295,7.227,7.248,7287.35
2025-09-17 13:00:00,7.246,7.278,7.228,7.237,4618.69
2025-09-17 14:00:00,7.236,7.265,7.187,7.198,6579.58
2025-09-17 15:00:00,7.2,7.208,7.157,7.157,2521.39
2025-09-17 16:00:00,7.157,7.19,7.082,7.17,10482.71
2025-09-17 17:00:00,7.169,7.201,7.139,7.139,4122.06
2025-09-17 18:00:00,7.137,7.212,7.115,7.147,10857.48
2025-09-17 19:00:00,7.155,7.18,7.136,7.147,2290.38
2025-09-17 20:00:00,7.147,7.168,7.097,7.101,3035.55
2025-09-17 21:00:00,7.1,7.136,7.079,7.125,2158.3
2025-09-17 22:00:00,7.13,7.161,7.121,7.157,2405.2
2025-09-17 23:00:00,7.162,7.176,7.136,7.156,2649.55
2025-09-18 00:00:00,7.156,7.164,7.085,7.085,2011.3
2025-09-18 01:00:00,7.087,7.093,7.053,7.075,3844.98
2025-09-18 02:00:00,7.082,7.083,7.053,7.067,1165.51
2025-09-18 03:00:00,7.072,7.143,7.069,7.139,3026.24
2025-09-18 04:00:00,7.136,7.342,7.115,7.226,22999.9
2025-09-18 05:00:00,7.228,7.233,7.141,7.143,3726.9
2025-09-18 06:00:00,7.147,7.149,7.095,7.095,1998.75
2025-09-18 07:00:00,7.102,8.663,7.097,8.221,765675.57
2025-09-18 08:00:00,8.205,8.37,8.016,8.152,229596.17
2025-09-18 09:00:00,8.152,8.341,8.084,8.175,79663.82
2025-09-18 10:00:00,8.184,8.28,8.085,8.26,62045.42
2025-09-18 11:00:00,8.269,8.343,8.198,8.274,40578.9
2025-09-18 12:00:00,8.271,8.327,8.216,8.275,25184.78
2025-09-18 13:00:00,8.273,8.904,8.273,8.796,172652.18
2025-09-18 14:00:00,8.79,9.19,7.615,7.786,430188.9
2025-09-18 15:00:00,7.789,7.823,7.415,7.468,84259.42
2025-09-18 16:00:00,7.475,7.733,7.44,7.722,39058.6
2025-09-18 17:00:00,7.73,7.87,7.703,7.801,42927.93
2025-09-18 18:00:00,7.79,7.877,7.748,7.867,20192.17
2025-09-18 19:00:00,7.86,8.368,7.837,8.244,108000.04
2025-09-18 20:00:00,8.246,8.4,8.107,8.147,75876.48
2025-09-18 21:00:00,8.143,8.143,7.979,8.012,19853.25
2025-09-18 22:00:00,8.012,8.092,7.971,8.009,15839.41
2025-09-18 23:00:00,8.01,8.06,7.96,8.04,10682.24
2025-09-19 00:00:00,8.04,8.221,8.04,8.213,29762.44
2025-09-19 01:00:00,8.208,8.239,8.076,8.122,14226.92
2025-09-19 02:00:00,8.121,8.299,8.05,8.243,19140.28
2025-09-19 03:00:00,8.247,8.248,7.949,7.996,32294.38
2025-09-19 04:00:00,7.996,8.101,7.947,7.99,23553.6
2025-09-19 05:00:00,7.991,8.064,7.979,8.044,10155.49
2025-09-19 06:00:00,8.043,8.049,7.975,8.009,8927.18
2025-09-19 07:00:00,8.01,8.131,7.954,8.079,17612.2
2025-09-19 08:00:00,8.075,8.222,8.05,8.099,23132.61
2025-09-19 09:00:00,8.1,8.25,8.045,8.097,26750.89
2025-09-19 10:00:00,8.097,8.23,8.077,8.149,15944.67
2025-09-19 11:00:00,8.147,8.178,8.072,8.116,10230.56
2025-09-19 12:00:00,8.118,8.266,8.118,8.226,18058.47
2025-09-19 13:00:00,8.222,8.502,8.204,8.498,22985.69
2025-09-19 14:00:00,8.499,8.787,8.496,8.636,86414.24
2025-09-19 15:00:00,8.636,9.205,8.524,8.961,154353.21
2025-09-19 16:00:00,8.959,9.326,8.692,9.293,228289.84
2025-09-19 17:00:00,9.294,10.064,8.75,8.901,588199.64
2025-09-19 18:00:00,8.903,8.949,8.364,8.785,186105.72
2025-09-19 19:00:00,8.784,8.804,8.503,8.642,67702.67
2025-09-19 20:00:00,8.643,8.836,8.632,8.769,31696.98
2025-09-19 21:00:00,8.774,8.868,8.694,8.868,24040.99
2025-09-19 22:00:00,8.869,8.974,8.739,8.798,34575.26
2025-09-19 23:00:00,8.798,8.841,8.508,8.607,54377.37
2025-09-20 00:00:00,8.607,8.716,8.523,8.621,31374.43
2025-09-20 01:00:00,8.622,8.713,8.546,8.607,16342.83
2025-09-20 02:00:00,8.606,8.834,8.55,8.726,33202.71
2025-09-20 03:00:00,8.723,8.896,8.67,8.872,46282.5
2025-09-20 04:00:00,8.872,9.085,8.779,8.806,70113.43
2025-09-20 05:00:00,8.804,8.838,8.645,8.65,39426.17
2025-09-20 06:00:00,8.648,8.695,8.56,8.661,22435.34
2025-09-20 07:00:00,8.662,8.729,8.618,8.675,18878.49
2025-09-20 08:00:00,8.676,8.685,8.571,8.635,22507.91
2025-09-20 09:00:00,8.635,8.833,8.628,8.777,40271.63
2025-09-20 10:00:00,8.776,8.797,8.596,8.675,20057.62
2025-09-20 11:00:00,8.67,8.8,8.662,8.708,23833.94
2025-09-20 12:00:00,8.709,8.82,8.672,8.785,14385.1
2025-09-20 13:00:00,8.782,8.838,8.69,8.813,20824.12
2025-09-20 14:00:00,8.812,9.026,8.806,8.987,32901.11
2025-09-20 15:00:00,8.987,9.097,8.952,9.081,27016.21
2025-09-20 16:00:00,9.08,9.473,9.063,9.423,47823.89
2025-09-20 17:00:00,9.423,9.799,9.346,9.686,92985.49
2025-09-20 18:00:00,9.687,10.079,9.66,10.047,102337.88
2025-09-20 19:00:00,10.048,10.5,9.73,9.849,237449.24
2025-09-20 20:00:00,9.848,10.116,9.657,9.931,91578.07
2025-09-20 21:00:00,9.935,10.248,9.878,10.107,42855.56
2025-09-20 22:00:00,10.112,10.35,10.047,10.208,44414.18
2025-09-20 23:00:00,10.208,10.252,10.009,10.074,33655.93
2025-09-21 00:00:00,10.074,10.205,9.891,9.896,51584.11
2025-09-21 01:00:00,9.896,10.331,9.896,10.178,66739.89
2025-09-21 02:00:00,10.18,10.388,10.151,10.287,51155.04
2025-09-21 03:00:00,10.287,12.68,10.233,12.214,326738.47
2025-09-21 04:00:00,12.21,12.514,10.785,11.318,372520.27
2025-09-21 05:00:00,11.319,12.224,11.216,12.018,190133.89
2025-09-21 06:00:00,12.016,12.678,11.681,12.189,245570.51
2025-09-21 07:00:00,12.19,12.913,12.158,12.669,231876.32
2025-09-21 08:00:00,12.663,12.899,11.848,12.216,184595.15
2025-09-21 09:00:00,12.217,12.473,11.489,11.587,217566.04
2025-09-21 10:00:00,11.586,11.738,10.951,11.322,208179.94
2025-09-21 11:00:00,11.322,11.467,11.187,11.362,77934.77
2025-09-21 12:00:00,11.361,11.884,11.128,11.687,95606.9
2025-09-21 13:00:00,11.692,11.852,11.549,11.763,78832.12
2025-09-21 14:00:00,11.766,11.831,11.454,11.679,79680.5
2025-09-21 15:00:00,11.676,11.89,11.579,11.621,65566.2
2025-09-21 16:00:00,11.628,11.982,11.56,11.854,90893.19
2025-09-21 17:00:00,11.849,12.121,11.7,11.927,89951.68
2025-09-21 18:00:00,11.928,12.08,11.565,11.728,50756.16
2025-09-21 19:00:00,11.73,11.946,11.683,11.747,32675.32
2025-09-21 20:00:00,11.747,11.839,11.398,11.478,86892.9
2025-09-21 21:00:00,11.479,11.539,11.273,11.41,23431.48
2025-09-21 22:00:00,11.411,11.433,11.263,11.3,13140.4
2025-09-21 23:00:00,11.301,11.455,11.266,11.376,19323.5
2025-09-22 00:00:00,11.375,11.496,10.946,11.1,54385.33
2025-09-22 01:00:00,11.099,11.25,11.016,11.133,33387.21
2025-09-22 02:00:00,11.133,11.189,10.936,11.021,44686.2
2025-09-22 03:00:00,11.02,11.273,11.006,11.222,22756.01
2025-09-22 04:00:00,11.224,11.52,11.224,11.37,43342.15
2025-09-22 05:00:00,11.369,11.396,11.258,11.278,17291.99
2025-09-22 06:00:00,11.275,11.356,10.852,11.236,95575.49
2025-09-22 07:00:00,11.237,11.252,11.05,11.197,42648.63
2025-09-22 08:00:00,11.199,11.321,10.963,11.033,27097.34
2025-09-22 09:00:00,11.032,11.032,10.855,10.957,27221.92
2025-09-22 10:00:00,10.945,10.98,10.738,10.932,23447.68
2025-09-22 11:00:00,10.934,11.269,10.918,11.121,25458.46
2025-09-22 12:00:00,11.121,11.417,11.113,11.383,21251.73
2025-09-22 13:00:00,11.379,11.51,11.189,11.345,23612.31
2025-09-22 14:00:00,11.345,11.388,10.905,10.929,34163.5
2025-09-22 15:00:00,10.927,11.178,10.67,11.111,82378.46
2025-09-22 16:00:00,11.114,11.124,10.642,10.711,49890.91
2025-09-22 17:00:00,10.712,10.829,10.562,10.624,26152.76
2025-09-22 18:00:00,10.628,10.825,10.554,10.751,59896.57
2025-09-22 19:00:00,10.75,10.795,10.63,10.795,15232.56
2025-09-22 20:00:00,10.796,11.226,10.795,11.115,34704.57
2025-09-22 21:00:00,11.115,11.115,10.76,10.788,21250.59
2025-09-22 22:00:00,10.792,10.821,10.598,10.638,9222.33
2025-09-22 23:00:00,10.639,10.652,10.393,10.463,14017.63
2025-09-23 00:00:00,10.465,10.608,10.414,10.528,25913.36
2025-09-23 01:00:00,10.526,10.669,10.434,10.464,14963.88
2025-09-23 02:00:00,10.466,10.63,10.43,10.538,9707.95
2025-09-23 03:00:00,10.532,10.667,10.46,10.632,16046.11
2025-09-23 04:00:00,10.634,10.688,10.452,10.461,25228.66
2025-09-23 05:00:00,10.462,10.505,10.298,10.348,18756.84
2025-09-23 06:00:00,10.349,10.565,10.349,10.474,18296.1
2025-09-23 07:00:00,10.475,10.501,10.248,10.42,21927.55
2025-09-23 08:00:00,10.418,10.708,10.388,10.622,31165.64
2025-09-23 09:00:00,10.624,10.871,10.449,10.465,45260.91
2025-09-23 10:00:00,10.464,10.625,10.38,10.569,19735.65
2025-09-23 11:00:00,10.566,10.566,10.352,10.366,13545.87
2025-09-23 12:00:00,10.368,10.632,10.33,10.576,20064.84
2025-09-23 13:00:00,10.575,10.635,10.516,10.557,16456.95
2025-09-23 14:00:00,10.557,10.58,10.148,10.255,33047.79
2025-09-23 15:00:00,10.256,10.328,10.123,10.314,30825.95
2025-09-23 16:00:00,10.312,10.537,10.246,10.356,38245.15
2025-09-23 17:00:00,10.36,10.38,10.026,10.071,15666.7
2025-09-23 18:00:00,10.073,10.135,9.969,9.985,14371.17
2025-09-23 19:00:00,9.983,10.134,9.983,10.049,13310.16
2025-09-23 20:00:00,10.05,10.107,9.931,9.975,14006.05
2025-09-23 21:00:00,9.977,9.988,9.864,9.959,7336.98
2025-09-23 22:00:00,9.961,10.055,9.907,9.938,12926.79
2025-09-23 23:00:00,9.938,9.96,9.819,9.842,12244.45
2025-09-24 00:00:00,9.843,10.072,9.843,10.007,18738.96
2025-09-24 01:00:00,10.008,10.109,9.936,10.026,14493.17
2025-09-24 02:00:00,10.026,10.053,9.866,9.87,10171.6
2025-09-24 03:00:00,9.867,9.933,9.847,9.847,8288.74
2025-09-24 04:00:00,9.847,10.01,9.794,9.871,12929.22
2025-09-24 05:00:00,9.868,9.912,9.845,9.894,5869.66
2025-09-24 06:00:00,9.893,10.036,9.867,9.903,32728.8
2025-09-24 07:00:00,9.901,9.924,9.839,9.844,8011.89
2025-09-24 08:00:00,9.848,9.934,9.84,9.892,10332.61
2025-09-24 09:00:00,9.891,10.015,9.878,10.004,9279.53
2025-09-24 10:00:00,9.998,10.046,9.924,9.992,9248.03
2025-09-24 11:00:00,9.992,10.058,9.928,9.94,12042.66
2025-09-24 12:00:00,9.939,10.005,9.839,10.001,10939.65
2025-09-24 13:00:00,10.002,10.071,9.895,9.913,15232.3
2025-09-24 14:00:00,9.91,9.935,9.734,9.799,16951.28
2025-09-24 15:00:00,9.801,9.908,9.798,9.821,13269.12
2025-09-24 16:00:00,9.818,9.915,9.782,9.856,8779.0
2025-09-24 17:00:00,9.857,10.169,9.857,10.046,22199.99
2025-09-24 18:00:00,10.045,10.255,9.984,10.137,17120.45
2025-09-24 19:00:00,10.136,10.362,10.099,10.282,15836.86
2025-09-24 20:00:00,10.288,10.331,9.997,9.997,21190.93
2025-09-24 21:00:00,9.997,10.0,9.83,9.834,9192.9
2025-09-24 22:00:00,9.83,9.866,9.716,9.847,7026.2
2025-09-24 23:00:00,9.846,9.888,9.738,9.805,4137.0
2025-09-25 00:00:00,9.805,9.811,9.638,9.711,14519.12
2025-09-25 01:00:00,9.712,9.713,9.624,9.64,3434.52
2025-09-25 02:00:00,9.641,9.697,9.591,9.622,8308.11
2025-09-25 03:00:00,9.621,9.632,9.478,9.594,8780.58
2025-09-25 04:00:00,9.595,9.637,9.473,9.562,7464.87
2025-09-25 05:00:00,9.561,9.644,9.537,9.587,6865.92
2025-09-25 06:00:00,9.588,9.596,9.407,9.41,7398.22
2025-09-25 07:00:00,9.409,9.443,9.344,9.427,7958.21
2025-09-25 08:00:00,9.432,9.507,9.42,9.458,3940.17
2025-09-25 09:00:00,9.453,9.568,9.446,9.477,4055.0
2025-09-25 10:00:00,9.481,9.515,9.453,9.453,1078.16
2025-09-25 11:00:00,9.455,9.459,9.4,9.409,4393.61
2025-09-25 12:00:00,9.408,9.581,9.37,9.519,8956.73
2025-09-25 13:00:00,9.518,9.528,9.384,9.395,33763.35
2025-09-25 14:00:00,9.395,9.522,9.395,9.415,7193.41
2025-09-25 15:00:00,9.416,9.555,9.408,9.531,7788.32
2025-09-25 16:00:00,9.531,9.605,9.371,9.381,9354.21
2025-09-25 17:00:00,9.38,9.412,9.146,9.167,25219.13
2025-09-25 18:00:00,9.168,9.279,9.141,9.265,10894.39
2025-09-25 19:00:00,9.264,9.277,9.126,9.149,3699.47
2025-09-25 20:00:00,9.151,9.226,9.136,9.148,6122.66
2025-09-25 21:00:00,9.152,9.267,9.147,9.25,6341.03
2025-09-25 22:00:00,9.253,9.324,9.183,9.218,2717.97
2025-09-25 23:00:00,9.22,9.258,9.092,9.138,4948.4
2025-09-26 00:00:00,9.145,9.281,9.145,9.269,8263.93
2025-09-26 01:00:00,9.272,9.367,9.254,9.259,4954.9
2025-09-26 02:00:00,9.26,9.291,9.191,9.247,5116.29
2025-09-26 03:00:00,9.245,9.354,9.234,9.343,4635.14
2025-09-26 04:00:00,9.347,9.426,9.291,9.297,5409.12
2025-09-26 05:00:00,9.301,9.315,9.203,9.249,6293.21
2025-09-26 06:00:00,9.245,9.307,9.198,9.204,6668.32
2025-09-26 07:00:00,9.201,9.296,9.201,9.273,6815.64
2025-09-26 08:00:00,9.272,9.411,9.272,9.361,17486.49
2025-09-26 09:00:00,9.362,9.393,9.32,9.331,2468.41
2025-09-26 10:00:00,9.327,9.371,9.229,9.371,4827.13
2025-09-26 11:00:00,9.37,9.579,9.315,9.439,19622.9
2025-09-26 12:00:00,9.438,9.438,9.222,9.29,12741.71
2025-09-26 13:00:00,9.291,9.352,9.179,9.327,5599.32
2025-09-26 14:00:00,9.326,9.341,9.252,9.286,4419.13
2025-09-26 15:00:00,9.287,9.446,9.277,9.361,5994.04
2025-09-26 16:00:00,9.356,9.515,9.344,9.51,3863.53
2025-09-26 17:00:00,9.509,9.573,9.485,9.564,4349.12
2025-09-26 18:00:00,9.563,9.602,9.542,9.565,2936.09
2025-09-26 19:00:00,9.564,9.564,9.414,9.452,3087.62
2025-09-26 20:00:00,9.451,9.451,9.306,9.322,2526.32
2025-09-26 21:00:00,9.32,9.462,9.296,9.438,3154.72
2025-09-26 22:00:00,9.439,9.475,9.405,9.415,2299.32
2025-09-26 23:00:00,9.41,9.482,9.388,9.456,2251.18
2025-09-27 00:00:00,9.459,9.509,9.364,9.462,4854.6
2025-09-27 01:00:00,9.462,9.759,9.436,9.624,16049.69
2025-09-27 02:00:00,9.624,9.781,9.566,9.697,15060.75
2025-09-27 03:00:00,9.697,9.719,9.595,9.62,3242.85
2025-09-27 04:00:00,9.62,9.62,9.483,9.49,3227.75
2025-09-27 05:00:00,9.489,9.501,9.376,9.387,3582.41
2025-09-27 06:00:00,9.387,9.426,9.34,9.426,3461.74
2025-09-27 07:00:00,9.426,9.456,9.304,9.33,7062.95
2025-09-27 08:00:00,9.334,9.565,9.313,9.465,9145.25
2025-09-27 09:00:00,9.461,9.63,9.403,9.57,14699.42
2025-09-27 10:00:00,9.57,9.636,9.513,9.559,7930.94
2025-09-27 11:00:00,9.558,9.558,9.442,9.468,5514.25
2025-09-27 12:00:00,9.464,9.56,9.416,9.548,4352.86
2025-09-27 13:00:00,9.552,9.616,9.529,9.594,3927.25
2025-09-27 14:00:00,9.594,9.911,9.594,9.825,39058.6
2025-09-27 15:00:00,9.822,9.835,9.706,9.739,9592.0
2025-09-27 16:00:00,9.738,9.75,9.506,9.527,13263.42
2025-09-27 17:00:00,9.528,9.551,9.359,9.409,5768.59
2025-09-27 18:00:00,9.408,9.479,9.347,9.47,5412.02
2025-09-27 19:00:00,9.468,9.557,9.449,9.491,5252.35
2025-09-27 20:00:00,9.493,9.592,9.442,9.581,7300.71
2025-09-27 21:00:00,9.584,9.585,9.493,9.556,6688.28
2025-09-27 22:00:00,9.555,9.555,9.368,9.369,7297.65
2025-09-27 23:00:00,9.378,9.383,9.227,9.292,9936.79
2025-09-28 00:00:00,9.294,9.372,9.255,9.272,14275.27
2025-09-28 01:00:00,9.27,9.321,9.221,9.224,10545.16
2025-09-28 02:00:00,9.223,9.287,9.21,9.268,4653.59
2025-09-28 03:00:00,9.268,9.298,9.236,9.239,4028.01
2025-09-28 04:00:00,9.238,9.286,9.168,9.282,5895.41
2025-09-28 05:00:00,9.287,9.388,9.236,9.31,19773.5
2025-09-28 06:00:00,9.31,9.31,9.186,9.206,5833.47
2025-09-28 07:00:00,9.201,9.245,9.172,9.178,3186.25
2025-09-28 08:00:00,9.179,9.2,9.133,9.133,4438.53
2025-09-28 09:00:00,9.132,9.139,9.087,9.119,3119.05
2025-09-28 10:00:00,9.118,9.191,9.094,9.162,2295.83
2025-09-28 11:00:00,9.161,9.279,9.107,9.253,13926.92
2025-09-28 12:00:00,9.253,9.303,9.178,9.19,9241.86
2025-09-28 13:00:00,9.192,9.215,9.141,9.183,3538.07
2025-09-28 14:00:00,9.178,9.22,9.133,9.195,2734.51
2025-09-28 15:00:00,9.196,9.301,9.179,9.257,24156.69
2025-09-28 16:00:00,9.255,9.274,9.21,9.232,11658.32
2025-09-28 17:00:00,9.227,9.257,9.204,9.248,1943.33
2025-09-28 18:00:00,9.25,9.321,9.248,9.302,3159.79
2025-09-28 19:00:00,9.303,9.361,9.225,9.24,12351.14
2025-09-28 20:00:00,9.24,9.289,9.226,9.283,1689.27
2025-09-28 21:00:00,9.283,9.312,9.266,9.312,1970.07
2025-09-28 22:00:00,9.312,9.38,9.311,9.364,4606.96
2025-09-28 23:00:00,9.365,9.423,9.319,9.332,10021.02
2025-09-29 00:00:00,9.333,9.334,9.251,9.319,5497.12
2025-09-29 01:00:00,9.32,9.341,9.25,9.257,2647.75
2025-09-29 02:00:00,9.258,9.32,9.258,9.309,1602.17
2025-09-29 03:00:00,9.308,9.32,9.268,9.289,4338.42
2025-09-29 04:00:00,9.285,9.285,9.245,9.249,4412.0
2025-09-29 05:00:00,9.249,9.249,9.2,9.211,5309.64
2025-09-29 06:00:00,9.208,9.247,9.197,9.234,2893.11
2025-09-29 07:00:00,9.234,9.246,9.217,9.235,3579.04
2025-09-29 08:00:00,9.236,9.294,9.228,9.264,4700.94
2025-09-29 09:00:00,9.261,9.264,9.213,9.225,2190.44
2025-09-29 10:00:00,9.225,9.355,9.224,9.292,7567.11
2025-09-29 11:00:00,9.299,9.332,9.261,9.274,5308.0
2025-09-29 12:00:00,9.275,9.28,9.215,9.224,5877.27
2025-09-29 13:00:00,9.224,9.303,9.218,9.286,3479.05
2025-09-29 14:00:00,9.287,9.488,9.287,9.343,27444.84
2025-09-29 15:00:00,9.34,9.359,9.201,9.222,13055.28
2025-09-29 16:00:00,9.215,9.224,8.967,8.995,18227.35
2025-09-29 17:00:00,8.996,10.843,8.977,9.247,312287.37
2025-09-29 18:00:00,9.25,9.282,9.028,9.151,27423.89
2025-09-29 19:00:00,9.152,9.204,9.075,9.184,11631.48
2025-09-29 20:00:00,9.182,9.469,9.17,9.461,21755.71
2025-09-29 21:00:00,9.46,9.661,9.44,9.571,15474.32
2025-09-29 22:00:00,9.569,9.644,9.451,9.542,10620.13
2025-09-29 23:00:00,9.542,9.561,9.409,9.506,5309.16
2025-09-30 00:00:00,9.506,9.555,9.379,9.409,8039.06
2025-09-30 01:00:00,9.409,9.465,9.383,9.442,4784.24
2025-09-30 02:00:00,9.442,9.527,9.413,9.428,5020.6
2025-09-30 03:00:00,9.43,9.495,9.398,9.415,6530.76
2025-09-30 04:00:00,9.414,9.466,9.375,9.397,3766.8
2025-09-30 05:00:00,9.395,9.501,9.357,9.424,9439.43
2025-09-30 06:00:00,9.423,9.457,9.397,9.4,5664.39
2025-09-30 07:00:00,9.399,9.623,9.385,9.435,12908.56
2025-09-30 08:00:00,9.436,9.546,9.35,9.47,16174.43
2025-09-30 09:00:00,9.471,9.569,9.463,9.505,8842.3
2025-09-30 10:00:00,9.506,9.591,9.438,9.454,9508.28
2025-09-30 11:00:00,9.454,9.504,9.301,9.495,13487.08
2025-09-30 12:00:00,9.499,9.501,9.424,9.461,4031.52
2025-09-30 13:00:00,9.458,9.481,9.389,9.394,6325.1
2025-09-30 14:00:00,9.393,9.441,9.376,9.416,2665.89
2025-09-30 15:00:00,9.415,9.426,9.236,9.295,8591.68
2025-09-30 16:00:00,9.294,9.397,9.252,9.29,10199.73
2025-09-30 17:00:00,9.287,9.414,9.195,9.359,24717.53
2025-09-30 18:00:00,9.36,9.56,9.31,9.535,13256.37
2025-09-30 19:00:00,9.534,9.668,9.506,9.536,12150.69
2025-09-30 20:00:00,9.535,9.59,9.473,9.577,6296.74
2025-09-30 21:00:00,9.578,9.607,9.459,9.475,4954.41
2025-09-30 22:00:00,9.475,9.509,9.379,9.389,5243.95
2025-09-30 23:00:00,9.387,9.497,9.345,9.473,4234.74
2025-10-01 00:00:00,9.476,9.499,9.377,9.448,7094.22
2025-10-01 01:00:00,9.447,9.508,9.433,9.49,3184.43
2025-10-01 02:00:00,9.489,9.497,9.411,9.423,2703.67
2025-10-01 03:00:00,9.422,9.489,9.361,9.373,6139.61
2025-10-01 04:00:00,9.374,9.491,9.374,9.45,5329.31
2025-10-01 05:00:00,9.451,9.488,9.392,9.397,4272.56
2025-10-01 06:00:00,9.397,9.4,9.306,9.322,3287.27
2025-10-01 07:00:00,9.321,9.376,9.301,9.349,1905.65
2025-10-01 08:00:00,9.349,9.425,9.29,9.369,18609.21
2025-10-01 09:00:00,9.37,9.416,9.349,9.375,6177.25
2025-10-01 10:00:00,9.374,9.374,9.26,9.276,4299.61
2025-10-01 11:00:00,9.271,9.315,9.195,9.216,3446.81
2025-10-01 12:00:00,9.216,9.262,9.174,9.182,5134.87
2025-10-01 13:00:00,9.182,9.237,9.092,9.138,10269.1
2025-10-01 14:00:00,9.137,9.176,9.11,9.142,6705.62
2025-10-01 15:00:00,9.141,11.18,9.066,10.804,310852.85
2025-10-01 16:00:00,10.805,11.166,10.319,10.476,95679.67
2025-10-01 17:00:00,10.477,10.613,10.3,10.446,39886.93
2025-10-01 18:00:00,10.455,10.795,10.417,10.569,34509.67
2025-10-01 19:00:00,10.57,10.969,10.539,10.96,48076.74
2025-10-01 20:00:00,10.958,11.074,10.845,10.94,35080.77
2025-10-01 21:00:00,10.934,11.175,10.877,10.995,28353.45
2025-10-01 22:00:00,10.996,11.236,10.908,11.056,22567.28
2025-10-01 23:00:00,11.055,11.293,11.039,11.221,16308.47
2025-10-02 00:00:00,11.228,11.449,11.137,11.337,30669.14
2025-10-02 01:00:00,11.332,11.5,11.177,11.405,19507.74
2025-10-02 02:00:00,11.405,11.569,11.28,11.517,21134.69
2025-10-02 03:00:00,11.52,11.625,11.362,11.429,17942.37
2025-10-02 04:00:00,11.435,11.886,11.427,11.885,29558.19
2025-10-02 05:00:00,11.88,12.057,11.75,11.95,47752.16
2025-10-02 06:00:00,11.956,12.132,11.712,12.08,42330.68
2025-10-02 07:00:00,12.08,12.21,11.77,11.869,39244.72
2025-10-02 08:00:00,11.868,11.927,11.601,11.797,24672.52
2025-10-02 09:00:00,11.802,12.16,11.574,11.603,51349.68
2025-10-02 10:00:00,11.602,12.099,11.523,11.929,37854.44
2025-10-02 11:00:00,11.929,12.038,11.821,11.91,18553.49
2025-10-02 12:00:00,11.913,12.159,11.837,11.856,47578.82
2025-10-02 13:00:00,11.859,12.357,11.857,12.214,62610.54
2025-10-02 14:00:00,12.217,12.4,11.903,12.036,47960.98
2025-10-02 15:00:00,12.037,12.539,12.037,12.489,38069.67
2025-10-02 16:00:00,12.501,13.44,12.346,12.528,182084.52
2025-10-02 17:00:00,12.524,12.713,11.833,12.082,152672.02
2025-10-02 18:00:00,12.082,12.581,12.078,12.365,32129.11
2025-10-02 19:00:00,12.365,13.281,12.36,13.25,54079.27
2025-10-02 20:00:00,13.246,13.384,12.631,12.751,52399.89
2025-10-02 21:00:00,12.758,12.907,12.578,12.813,9354.06
2025-10-02 22:00:00,12.813,12.983,12.384,12.411,51050.15
2025-10-02 23:00:00,12.41,12.501,12.338,12.35,8940.46
2025-10-03 00:00:00,12.351,12.534,12.284,12.349,15067.27
2025-10-03 01:00:00,12.348,12.447,12.258,12.34,8594.9
2025-10-03 02:00:00,12.339,12.59,12.304,12.574,9130.64
2025-10-03 03:00:00,12.577,12.661,12.378,12.517,18734.97
2025-10-03 04:00:00,12.518,12.737,12.387,12.6,14893.22
2025-10-03 05:00:00,12.6,12.63,12.446,12.527,7849.27
2025-10-03 06:00:00,12.526,12.591,12.344,12.549,16912.92
2025-10-03 07:00:00,12.548,12.566,12.396,12.466,10081.6
2025-10-03 08:00:00,12.465,12.486,12.335,12.432,6339.42
2025-10-03 09:00:00,12.431,12.486,12.359,12.389,4674.44
2025-10-03 10:00:00,12.392,12.511,12.328,12.434,4662.83
2025-10-03 11:00:00,12.433,12.673,12.427,12.486,7244.53
2025-10-03 12:00:00,12.486,12.836,12.483,12.799,16862.29
2025-10-03 13:00:00,12.8,13.106,12.729,12.765,22275.99
2025-10-03 14:00:00,12.767,12.842,12.656,12.666,6211.14
2025-10-03 15:00:00,12.661,12.808,12.561,12.635,8978.28
2025-10-03 16:00:00,12.634,12.857,12.482,12.625,15814.93
2025-10-03 17:00:00,12.626,12.744,12.5,12.724,12402.98
2025-10-03 18:00:00,12.731,12.798,12.598,12.676,10352.18
2025-10-03 19:00:00,12.677,12.69,12.477,12.52,5404.11
2025-10-03 20:00:00,12.518,12.546,12.417,12.417,6253.68
2025-10-03 21:00:00,12.417,12.439,12.37,12.399,5026.1
2025-10-03 22:00:00,12.403,12.505,12.301,12.32,7045.32
2025-10-03 23:00:00,12.321,12.476,12.316,12.378,6644.26
2025-10-04 00:00:00,12.379,12.602,12.379,12.546,12177.2
2025-10-04 01:00:00,12.549,12.645,12.522,12.627,6407.03
2025-10-04 02:00:00,12.626,12.695,12.461,12.467,11625.37
2025-10-04 03:00:00,12.467,12.513,12.36,12.367,7476.74
2025-10-04 04:00:00,12.366,12.457,12.352,12.384,3292.25
2025-10-04 05:00:00,12.385,12.477,12.344,12.348,4157.43
2025-10-04 06:00:00,12.347,12.392,12.214,12.254,7135.23
2025-10-04 07:00:00,12.252,12.455,12.252,12.432,6799.94
2025-10-04 08:00:00,12.432,12.543,12.414,12.509,9099.7
2025-10-04 09:00:00,12.513,12.618,12.23,12.3,11581.85
2025-10-04 10:00:00,12.302,12.334,12.177,12.214,9837.43
2025-10-04 11:00:00,12.221,12.282,12.072,12.159,6561.67
2025-10-04 12:00:00,12.159,12.359,12.123,12.146,13051.12
2025-10-04 13:00:00,12.15,12.334,12.144,12.198,11299.51
2025-10-04 14:00:00,12.202,12.302,12.192,12.232,3855.08
2025-10-04 15:00:00,12.23,12.374,12.224,12.344,7462.81
2025-10-04 16:00:00,12.344,12.405,12.263,12.297,10999.37
2025-10-04 17:00:00,12.295,12.317,12.084,12.146,5932.86
2025-10-04 18:00:00,12.147,12.2,12.084,12.144,4136.48
2025-10-04 19:00:00,12.145,12.33,12.145,12.323,4645.92
2025-10-04 20:00:00,12.324,12.324,12.229,12.28,3572.58
2025-10-04 21:00:00,12.278,12.301,12.21,12.243,1079.07
2025-10-04 22:00:00,12.244,12.312,12.238,12.251,1502.01
2025-10-04 23:00:00,12.252,12.303,12.195,12.209,2510.83
2025-10-05 00:00:00,12.211,12.368,12.193,12.271,6357.17
2025-10-05 01:00:00,12.272,12.546,12.272,12.421,7826.68
2025-10-05 02:00:00,12.426,12.62,12.421,12.619,5250.06
2025-10-05 03:00:00,12.62,12.875,12.592,12.654,11641.98
2025-10-05 04:00:00,12.654,12.68,12.412,12.422,8815.69
2025-10-05 05:00:00,12.422,12.471,12.159,12.282,11375.18
2025-10-05 06:00:00,12.285,12.298,11.838,11.893,26835.88
2025-10-05 07:00:00,11.894,12.127,11.84,12.047,9009.04
2025-10-05 08:00:00,12.038,12.116,11.955,11.993,6516.53
2025-10-05 09:00:00,11.993,12.025,11.878,12.009,5046.14
2025-10-05 10:00:00,12.009,12.009,11.862,11.862,2945.06
2025-10-05 11:00:00,11.862,11.978,11.855,11.952,3637.16
2025-10-05 12:00:00,11.952,11.957,11.87,11.91,3920.05
2025-10-05 13:00:00,11.908,11.986,11.869,11.89,4556.69
2025-10-05 14:00:00,11.884,11.884,11.715,11.852,10469.55
2025-10-05 15:00:00,11.855,11.972,11.855,11.923,5033.44
2025-10-05 16:00:00,11.923,11.984,11.802,11.909,6284.85
2025-10-05 17:00:00,11.907,11.942,11.851,11.915,4609.97
2025-10-05 18:00:00,11.914,11.98,11.879,11.905,3014.6
2025-10-05 19:00:00,11.904,11.904,11.726,11.739,7609.45
2025-10-05 20:00:00,11.746,11.86,11.708,11.834,3146.78
2025-10-05 21:00:00,11.84,11.901,11.636,11.65,5447.04
2025-10-05 22:00:00,11.658,11.69,11.565,11.625,4709.41
2025-10-05 23:00:00,11.621,11.748,11.618,11.657,3231.04
2025-10-06 00:00:00,11.658,11.912,11.645,11.744,8972.19
2025-10-06 01:00:00,11.749,11.822,11.677,11.739,10349.36
2025-10-06 02:00:00,11.737,11.823,11.685,11.77,5841.58
2025-10-06 03:00:00,11.766,11.852,11.753,11.825,3861.95
2025-10-06 04:00:00,11.826,11.836,11.621,11.662,3082.51
2025-10-06 05:00:00,11.66,11.716,11.634,11.676,2906.26
2025-10-06 06:00:00,11.677,11.84,11.668,11.787,7301.32
2025-10-06 07:00:00,11.786,11.958,11.711,11.899,8398.85
2025-10-06 08:00:00,11.897,11.899,11.794,11.815,3332.91
2025-10-06 09:00:00,11.814,11.893,11.74,11.89,4755.77
2025-10-06 10:00:00,11.891,11.969,11.847,11.916,6590.05
2025-10-06 11:00:00,11.917,11.987,11.81,11.862,5816.7
2025-10-06 12:00:00,11.863,11.965,11.815,11.951,3529.76
2025-10-06 13:00:00,11.952,11.969,11.808,11.819,4160.64
2025-10-06 14:00:00,11.819,11.892,11.742,11.843,7478.86
2025-10-06 15:00:00,11.842,11.864,11.737,11.782,3961.18
2025-10-06 16:00:00,11.78,11.833,11.723,11.782,5378.6
2025-10-06 17:00:00,11.783,11.819,11.721,11.798,4000.42
2025-10-06 18:00:00,11.797,11.816,11.719,11.756,2450.41
2025-10-06 19:00:00,11.754,11.784,11.719,11.778,2986.36
2025-10-06 20:00:00,11.778,11.896,11.76,11.895,4099.52
2025-10-06 21:00:00,11.894,12.363,11.891,11.997,27317.97
2025-10-06 22:00:00,11.998,12.112,11.958,12.034,8406.3
2025-10-06 23:00:00,12.033,12.128,11.959,12.007,7674.11
2025-10-07 00:00:00,12.002,12.29,11.898,11.943,25545.9
2025-10-07 01:00:00,11.941,12.175,11.663,12.15,26408.0
2025-10-07 02:00:00,12.153,12.477,12.151,12.309,25905.96
2025-10-07 03:00:00,12.309,12.379,12.233,12.257,9424.65
2025-10-07 04:00:00,12.256,12.29,12.073,12.103,11420.58
2025-10-07 05:00:00,12.104,12.148,12.025,12.133,5314.87
2025-10-07 06:00:00,12.131,12.248,12.089,12.221,8534.1
2025-10-07 07:00:00,12.223,12.278,12.169,12.229,6354.26
2025-10-07 08:00:00,12.228,12.396,12.182,12.35,5950.52
2025-10-07 09:00:00,12.358,12.922,12.358,12.852,28982.75
2025-10-07 10:00:00,12.852,13.13,12.441,12.567,50943.74
2025-10-07 11:00:00,12.57,12.902,12.466,12.827,22580.78
2025-10-07 12:00:00,12.83,13.31,12.83,13.073,29196.79
2025-10-07 13:00:00,13.073,13.176,12.979,13.097,17434.56
2025-10-07 14:00:00,13.099,13.349,13.025,13.164,43826.84
2025-10-07 15:00:00,13.17,13.304,12.942,13.161,35024.05
2025-10-07 16:00:00,13.152,13.41,13.05,13.162,31427.78
2025-10-07 17:00:00,13.167,13.248,13.005,13.031,18537.94
2025-10-07 18:00:00,13.032,13.245,13.011,13.213,14954.71
2025-10-07 19:00:00,13.205,13.434,13.2,13.374,22510.18
2025-10-07 20:00:00,13.373,13.631,13.272,13.383,56709.53
2025-10-07 21:00:00,13.383,13.422,13.218,13.224,12143.56
2025-10-07 22:00:00,13.23,13.277,13.02,13.054,21257.26
2025-10-07 23:00:00,13.051,13.072,12.91,12.947,9183.58
2025-10-08 00:00:00,12.948,13.151,12.9,13.054,11556.11
2025-10-08 01:00:00,13.05,13.09,12.725,12.836,12538.87
2025-10-08 02:00:00,12.837,12.885,12.725,12.796,7841.46
2025-10-08 03:00:00,12.795,12.8,12.556,12.621,10552.56
2025-10-08 04:00:00,12.619,12.766,12.593,12.641,12926.11
2025-10-08 05:00:00,12.642,12.687,12.538,12.614,12008.41
2025-10-08 06:00:00,12.614,12.69,12.582,12.635,7018.48
2025-10-08 07:00:00,12.634,12.708,12.45,12.688,12268.6
2025-10-08 08:00:00,12.687,12.702,12.535,12.649,12906.86
2025-10-08 09:00:00,12.647,12.753,12.624,12.751,7124.93
2025-10-08 10:00:00,12.75,12.894,12.643,12.67,13124.0
2025-10-08 11:00:00,12.669,12.78,12.666,12.744,6416.88
2025-10-08 12:00:00,12.743,12.773,12.54,12.625,15147.93
2025-10-08 13:00:00,12.628,12.638,12.479,12.537,12649.42
2025-10-08 14:00:00,12.534,12.58,12.165,12.208,25297.66
2025-10-08 15:00:00,12.207,12.235,12.13,12.181,6348.54
2025-10-08 16:00:00,12.184,12.295,12.106,12.274,10980.72
2025-10-08 17:00:00,12.272,12.288,12.136,12.198,12405.46
2025-10-08 18:00:00,12.199,12.212,11.8,11.945,22365.51
2025-10-08 19:00:00,11.942,12.032,11.623,11.659,19267.21
2025-10-08 20:00:00,11.663,11.758,11.502,11.703,26021.12
2025-10-08 21:00:00,11.704,11.715,11.55,11.627,6443.97
2025-10-08 22:00:00,11.621,11.621,11.43,11.456,13466.24
2025-10-08 23:00:00,11.455,11.533,11.321,11.353,13176.08
2025-10-09 00:00:00,11.353,11.437,11.304,11.411,11002.71
2025-10-09 01:00:00,11.41,11.519,11.277,11.278,17326.93
2025-10-09 02:00:00,11.278,11.285,11.052,11.183,15989.0
2025-10-09 03:00:00,11.185,11.378,11.111,11.193,12073.48
2025-10-09 04:00:00,11.192,11.242,11.097,11.12,6452.64
2025-10-09 05:00:00,11.129,11.229,11.074,11.111,6046.74
2025-10-09 06:00:00,11.109,11.127,11.024,11.067,6891.87
2025-10-09 07:00:00,11.067,11.222,11.041,11.185,6118.22
2025-10-09 08:00:00,11.179,11.211,11.029,11.131,14897.53
2025-10-09 09:00:00,11.134,11.16,11.037,11.065,8841.81
2025-10-09 10:00:00,11.065,11.071,10.945,11.0,9051.12
2025-10-09 11:00:00,11.0,11.094,10.87,10.935,11146.72
2025-10-09 12:00:00,10.939,11.006,10.676,10.774,21579.07
2025-10-09 13:00:00,10.777,10.807,10.566,10.632,10386.25
2025-10-09 14:00:00,10.633,11.277,10.578,11.257,38870.25
2025-10-09 15:00:00,11.262,11.385,11.001,11.123,27762.27
2025-10-09 16:00:00,11.125,11.328,11.076,11.108,16319.06
2025-10-09 17:00:00,11.107,11.186,11.074,11.114,5950.39
2025-10-09 18:00:00,11.115,11.12,11.016,11.027,4837.83
2025-10-09 19:00:00,11.027,11.216,10.989,11.207,8202.94
2025-10-09 20:00:00,11.206,11.22,11.112,11.127,3415.53
2025-10-09 21:00:00,11.124,11.321,11.116,11.225,4240.1
2025-10-09 22:00:00,11.22,11.233,11.135,11.178,2885.39
2025-10-09 23:00:00,11.177,11.198,11.125,11.147,1494.29
2025-10-10 00:00:00,11.148,11.242,11.113,11.221,6647.48
2025-10-10 01:00:00,11.224,11.288,11.212,11.244,2558.55
2025-10-10 02:00:00,11.243,11.257,11.148,11.163,2693.18
2025-10-10 03:00:00,11.17,11.218,11.134,11.172,5243.21
2025-10-10 04:00:00,11.178,11.255,11.154,11.25,2797.09
2025-10-10 05:00:00,11.251,11.293,11.155,11.169,4583.39
2025-10-10 06:00:00,11.178,11.189,11.0,11.102,6276.44
2025-10-10 07:00:00,11.108,11.211,11.08,11.155,7630.77
2025-10-10 08:00:00,11.154,11.154,11.0,11.051,8054.21
2025-10-10 09:00:00,11.051,11.09,11.004,11.041,2206.21
2025-10-10 10:00:00,11.046,11.143,11.046,11.121,3852.98
2025-10-10 11:00:00,11.122,11.145,11.091,11.106,1751.18
2025-10-10 12:00:00,11.109,11.117,11.027,11.11,1897.91
2025-10-10 13:00:00,11.11,11.142,11.069,11.091,2871.95
2025-10-10 14:00:00,11.095,11.112,10.957,10.971,7955.83
2025-10-10 15:00:00,10.972,11.097,10.884,11.065,12965.1
2025-10-10 16:00:00,11.065,11.089,11.014,11.06,4246.79
2025-10-10 17:00:00,11.059,11.075,11.003,11.044,2173.05
2025-10-10 18:00:00,11.043,11.2,11.019,11.104,17035.78
2025-10-10 19:00:00,11.101,11.207,10.93,11.072,13313.79
2025-10-10 20:00:00,11.067,11.132,10.71,10.833,12087.36
2025-10-10 21:00:00,10.833,10.955,0.136,5.55,1193486.41
2025-10-10 22:00:00,5.492,5.753,4.0,5.191,616558.98
2025-10-10 23:00:00,5.186,5.947,5.155,5.478,451033.72
2025-10-11 00:00:00,5.498,5.9,5.32,5.739,235517.96
2025-10-11 01:00:00,5.732,5.857,5.536,5.665,97272.3
2025-10-11 02:00:00,5.665,6.124,5.659,5.986,109246.8
2025-10-11 03:00:00,5.988,6.235,5.763,6.19,125091.8
2025-10-11 04:00:00,6.194,6.529,6.194,6.478,92582.91
2025-10-11 05:00:00,6.487,6.56,6.394,6.466,40395.4
2025-10-11 06:00:00,6.466,6.75,6.466,6.585,54017.14
2025-10-11 07:00:00,6.588,6.623,6.359,6.407,56564.24
2025-10-11 08:00:00,6.405,6.485,5.984,6.205,134641.69
2025-10-11 09:00:00,6.203,6.557,6.163,6.259,98694.2
2025-10-11 10:00:00,6.264,6.407,6.174,6.247,37911.12
2025-10-11 11:00:00,6.248,6.293,5.902,6.08,135939.45
2025-10-11 12:00:00,6.079,6.239,6.06,6.096,49555.64
2025-10-11 13:00:00,6.098,6.133,5.996,6.074,30608.44
2025-10-11 14:00:00,6.075,6.16,5.956,6.087,58102.56
2025-10-11 15:00:00,6.086,6.15,6.014,6.024,54371.51
2025-10-11 16:00:00,6.021,6.07,5.873,5.971,44483.78
2025-10-11 17:00:00,5.97,6.055,5.904,5.933,31722.63
2025-10-11 18:00:00,5.933,5.961,5.837,5.854,22750.41
2025-10-11 19:00:00,5.849,5.851,5.52,5.563,66806.07
2025-10-11 20:00:00,5.566,5.587,5.443,5.482,43914.67
2025-10-11 21:00:00,5.482,5.706,5.359,5.599,83182.82
2025-10-11 22:00:00,5.598,5.662,5.569,5.614,21133.63
2025-10-11 23:00:00,5.613,5.695,5.608,5.62,15163.57
2025-10-12 00:00:00,5.618,5.664,5.546,5.565,14202.98
2025-10-12 01:00:00,5.566,5.651,5.52,5.533,26163.8
2025-10-12 02:00:00,5.534,5.585,5.455,5.482,13257.68
2025-10-12 03:00:00,5.483,5.566,5.432,5.451,17586.69
2025-10-12 04:00:00,5.452,5.548,5.437,5.476,13411.08
2025-10-12 05:00:00,5.477,5.589,5.402,5.463,36648.57
2025-10-12 06:00:00,5.46,5.533,5.41,5.498,32175.92
2025-10-12 07:00:00,5.499,5.501,5.366,5.412,39016.06
2025-10-12 08:00:00,5.412,5.478,5.35,5.376,22787.81
2025-10-12 09:00:00,5.375,5.467,5.311,5.46,29868.08
2025-10-12 10:00:00,5.461,5.51,5.369,5.37,30706.85
2025-10-12 11:00:00,5.37,5.423,5.361,5.408,16411.32
2025-10-12 12:00:00,5.403,5.449,5.327,5.366,29708.83
2025-10-12 13:00:00,5.365,5.449,5.313,5.43,85700.18
2025-10-12 14:00:00,5.431,5.678,5.392,5.611,69458.09
2025-10-12 15:00:00,5.612,5.845,5.578,5.808,103874.4
2025-10-12 16:00:00,5.809,6.065,5.787,5.918,116047.04
2025-10-12 17:00:00,5.917,6.045,5.87,5.887,50065.69
2025-10-12 18:00:00,5.886,6.042,5.877,5.927,43126.88
2025-10-12 19:00:00,5.926,5.977,5.881,5.928,34803.13
2025-10-12 20:00:00,5.928,5.971,5.841,5.927,30398.56
2025-10-12 21:00:00,5.928,5.993,5.857,5.942,26464.42
2025-10-12 22:00:00,5.945,5.991,5.845,5.89,22308.03
2025-10-12 23:00:00,5.892,5.907,5.762,5.854,18737.14
2025-10-13 00:00:00,5.857,5.913,5.753,5.81,17468.53
2025-10-13 01:00:00,5.812,5.855,5.752,5.844,10512.71
2025-10-13 02:00:00,5.843,5.875,5.778,5.846,35800.6
2025-10-13 03:00:00,5.847,5.88,5.785,5.804,16411.89
2025-10-13 04:00:00,5.802,5.828,5.736,5.82,14387.59
2025-10-13 05:00:00,5.82,5.84,5.732,5.749,21260.17
2025-10-13 06:00:00,5.749,5.81,5.71,5.81,17442.27
2025-10-13 07:00:00,5.807,5.847,5.743,5.764,22910.38
2025-10-13 08:00:00,5.767,5.84,5.73,5.797,17953.77
2025-10-13 09:00:00,5.801,5.85,5.778,5.816,24925.6
2025-10-13 10:00:00,5.817,5.94,5.796,5.848,38350.81
2025-10-13 11:00:00,5.848,5.86,5.724,5.815,51783.76
2025-10-13 12:00:00,5.818,6.339,5.816,5.965,169659.05
2025-10-13 13:00:00,5.964,6.289,5.941,6.228,100643.48
2025-10-13 14:00:00,6.227,6.308,6.066,6.105,86142.61
2025-10-13 15:00:00,6.103,6.178,6.044,6.085,23319.04
2025-10-13 16:00:00,6.089,6.213,6.063,6.176,30205.42
2025-10-13 17:00:00,6.178,6.236,6.122,6.232,26205.04
2025-10-13 18:00:00,6.233,6.257,6.165,6.175,17547.48
2025-10-13 19:00:00,6.173,6.352,6.171,6.34,26242.79
2025-10-13 20:00:00,6.344,6.382,6.245,6.299,23400.35
2025-10-13 21:00:00,6.302,6.326,6.246,6.286,12240.97
2025-10-13 22:00:00,6.289,6.421,6.28,6.396,23897.53
2025-10-13 23:00:00,6.394,6.394,6.313,6.348,12787.07
2025-10-14 00:00:00,6.348,6.361,6.249,6.267,17407.9
2025-10-14 01:00:00,6.269,6.288,6.166,6.19,14651.02
2025-10-14 02:00:00,6.191,6.191,6.111,6.145,13481.59
2025-10-14 03:00:00,6.139,6.161,6.07,6.11,17400.52
2025-10-14 04:00:00,6.111,6.139,5.964,6.022,33100.66
2025-10-14 05:00:00,6.019,6.126,6.009,6.098,53124.53
2025-10-14 06:00:00,6.104,6.146,5.85,5.974,71762.14
2025-10-14 07:00:00,5.973,6.14,5.96,6.096,81453.56
2025-10-14 08:00:00,6.088,6.106,6.013,6.013,63002.26
2025-10-14 09:00:00,6.023,6.119,6.012,6.108,29163.38
2025-10-14 10:00:00,6.107,6.112,5.932,5.999,28415.1
2025-10-14 11:00:00,6.0,6.204,5.998,6.158,24189.02
2025-10-14 12:00:00,6.161,6.182,6.074,6.156,30068.78
2025-10-14 13:00:00,6.156,6.368,6.155,6.267,76540.19
2025-10-14 14:00:00,6.268,6.388,6.244,6.343,38901.28
2025-10-14 15:00:00,6.344,6.444,6.286,6.402,33736.2
2025-10-14 16:00:00,6.401,6.512,6.362,6.4,32413.4
2025-10-14 17:00:00,6.404,6.659,6.364,6.536,56626.96
2025-10-14 18:00:00,6.543,6.952,6.539,6.94,126127.05
2025-10-14 19:00:00,6.932,7.047,6.704,6.819,188100.16
2025-10-14 20:00:00,6.82,6.968,6.68,6.96,63550.91
2025-10-14 21:00:00,6.963,7.215,6.913,7.076,135304.2
2025-10-14 22:00:00,7.074,7.325,7.043,7.167,147878.24
2025-10-14 23:00:00,7.161,7.293,7.089,7.167,66576.85
2025-10-15 00:00:00,7.174,7.184,6.908,7.071,77870.11
2025-10-15 01:00:00,7.073,7.207,6.944,7.145,55133.35
2025-10-15 02:00:00,7.139,7.256,6.921,6.959,55153.04
2025-10-15 03:00:00,6.957,6.957,6.768,6.834,53279.97
2025-10-15 04:00:00,6.837,6.854,6.721,6.814,36869.19
2025-10-15 05:00:00,6.811,6.909,6.641,6.858,49947.43
2025-10-15 06:00:00,6.857,6.986,6.681,6.729,31499.38
2025-10-15 07:00:00,6.732,6.746,6.573,6.62,31741.88
2025-10-15 08:00:00,6.621,6.807,6.591,6.735,30412.43
2025-10-15 09:00:00,6.735,6.816,6.67,6.759,23702.92
2025-10-15 10:00:00,6.76,6.813,6.736,6.799,13880.29
2025-10-15 11:00:00,6.795,6.883,6.729,6.834,24179.42
2025-10-15 12:00:00,6.837,6.87,6.688,6.794,24098.47
2025-10-15 13:00:00,6.79,6.84,6.689,6.811,27419.4
2025-10-15 14:00:00,6.817,6.881,6.683,6.763,24503.03
2025-10-15 15:00:00,6.762,6.778,6.603,6.639,31669.58
2025-10-15 16:00:00,6.638,6.64,6.501,6.576,32832.14
2025-10-15 17:00:00,6.577,6.656,6.549,6.611,19748.18
2025-10-15 18:00:00,6.616,6.633,6.548,6.615,10487.25
2025-10-15 19:00:00,6.617,6.62,6.576,6.606,9002.93
2025-10-15 20:00:00,6.609,6.708,6.524,6.637,12855.38
2025-10-15 21:00:00,6.637,6.709,6.587,6.652,5910.29
2025-10-15 22:00:00,6.654,6.741,6.594,6.609,10707.21
2025-10-15 23:00:00,6.614,6.68,6.61,6.662,6603.81
2025-10-16 00:00:00,6.662,6.695,6.573,6.608,6960.7
2025-10-16 01:00:00,6.611,6.728,6.611,6.704,7471.88
2025-10-16 02:00:00,6.703,6.745,6.673,6.729,5954.58
2025-10-16 03:00:00,6.729,6.784,6.693,6.775,5809.24
2025-10-16 04:00:00,6.775,7.1,6.755,7.052,49816.93
2025-10-16 05:00:00,7.047,7.318,7.04,7.173,96774.91
2025-10-16 06:00:00,7.174,7.277,7.057,7.118,46434.4
2025-10-16 07:00:00,7.12,7.182,7.032,7.128,28984.04
2025-10-16 08:00:00,7.121,7.254,6.968,7.097,49124.17
2025-10-16 09:00:00,7.096,7.469,6.995,7.344,71379.33
2025-10-16 10:00:00,7.335,7.362,7.083,7.14,35872.56
2025-10-16 11:00:00,7.14,7.237,7.078,7.144,19230.28
2025-10-16 12:00:00,7.148,7.158,7.033,7.092,21206.87
2025-10-16 13:00:00,7.09,7.176,7.06,7.163,26060.29
2025-10-16 14:00:00,7.163,7.208,7.079,7.131,23412.84
2025-10-16 15:00:00,7.128,7.161,7.072,7.105,24741.25
2025-10-16 16:00:00,7.104,7.321,6.97,7.306,84434.12
2025-10-16 17:00:00,7.305,7.446,7.07,7.238,81960.08
2025-10-16 18:00:00,7.235,7.329,7.07,7.184,48491.14
2025-10-16 19:00:00,7.183,7.253,7.077,7.174,30789.21
2025-10-16 20:00:00,7.175,7.212,7.05,7.104,21176.7
2025-10-16 21:00:00,7.102,7.128,7.047,7.092,11707.69
2025-10-16 22:00:00,7.091,7.121,7.029,7.097,19230.34
2025-10-16 23:00:00,7.1,7.23,7.064,7.208,22488.8
2025-10-17 00:00:00,7.207,7.319,7.091,7.159,31129.93
2025-10-17 01:00:00,7.157,7.302,7.085,7.114,16879.74
2025-10-17 02:00:00,7.113,7.16,7.06,7.131,19949.68
2025-10-17 03:00:00,7.131,7.193,6.996,7.005,18885.77
2025-10-17 04:00:00,7.008,7.07,6.886,7.031,24478.36
2025-10-17 05:00:00,7.03,7.038,6.953,6.999,9458.23
2025-10-17 06:00:00,7.0,7.05,6.746,6.865,54424.55
2025-10-17 07:00:00,6.864,6.953,6.727,6.765,36435.51
2025-10-17 08:00:00,6.766,6.795,6.599,6.655,29772.88
2025-10-17 09:00:00,6.656,6.774,6.622,6.648,15280.28
2025-10-17 10:00:00,6.649,6.684,6.456,6.523,32812.68
2025-10-17 11:00:00,6.523,6.661,6.449,6.561,24134.06
2025-10-17 12:00:00,6.563,6.697,6.563,6.658,19510.3
2025-10-17 13:00:00,6.659,6.762,6.599,6.728,44031.86
2025-10-17 14:00:00,6.726,6.835,6.7,6.753,28275.04
2025-10-17 15:00:00,6.752,6.834,6.73,6.83,9797.07
2025-10-17 16:00:00,6.829,6.91,6.709,6.726,17876.4
2025-10-17 17:00:00,6.726,6.803,6.65,6.75,32329.1
2025-10-17 18:00:00,6.753,6.783,6.675,6.69,8566.72
2025-10-17 19:00:00,6.69,6.74,6.618,6.663,19184.79
2025-10-17 20:00:00,6.66,6.738,6.627,6.727,9346.99
2025-10-17 21:00:00,6.73,6.772,6.7,6.713,7116.17
2025-10-17 22:00:00,6.714,6.729,6.677,6.688,3757.16
2025-10-17 23:00:00,6.689,6.689,6.603,6.627,6873.52
2025-10-18 00:00:00,6.627,6.726,6.615,6.715,9291.39
2025-10-18 01:00:00,6.716,6.799,6.7,6.754,9743.79
2025-10-18 02:00:00,6.755,6.768,6.704,6.732,5015.47
2025-10-18 03:00:00,6.733,6.779,6.732,6.747,1909.52
2025-10-18 04:00:00,6.744,6.779,6.716,6.762,3996.79
2025-10-18 05:00:00,6.761,6.77,6.723,6.723,4571.77
2025-10-18 06:00:00,6.724,6.732,6.585,6.63,4692.35
2025-10-18 07:00:00,6.631,6.722,6.585,6.594,7473.57
2025-10-18 08:00:00,6.594,6.652,6.593,6.617,4175.7
2025-10-18 09:00:00,6.619,6.676,6.601,6.607,4794.2
2025-10-18 10:00:00,6.606,6.614,6.555,6.584,3231.13
2025-10-18 11:00:00,6.584,6.594,6.512,6.581,10465.65
2025-10-18 12:00:00,6.582,6.599,6.507,6.519,5034.01
2025-10-18 13:00:00,6.518,6.524,6.378,6.386,10258.06
2025-10-18 14:00:00,6.387,6.563,6.366,6.516,8671.2
2025-10-18 15:00:00,6.516,6.548,6.432,6.442,5518.98
2025-10-18 16:00:00,6.443,6.448,6.297,6.383,18174.39
2025-10-18 17:00:00,6.384,6.462,6.353,6.452,7672.27
2025-10-18 18:00:00,6.451,6.463,6.402,6.42,2179.25
2025-10-18 19:00:00,6.42,6.441,6.372,6.441,4279.6
2025-10-18 20:00:00,6.442,6.564,6.44,6.484,9529.82
2025-10-18 21:00:00,6.485,6.492,6.441,6.476,2802.21
2025-10-18 22:00:00,6.475,6.499,6.465,6.477,1804.9
2025-10-18 23:00:00,6.474,6.484,6.463,6.484,627.62
2025-10-19 00:00:00,6.483,6.483,6.373,6.391,2951.05
2025-10-19 01:00:00,6.392,6.466,6.392,6.465,1011.15
2025-10-19 02:00:00,6.464,6.489,6.352,6.39,3934.0
2025-10-19 03:00:00,6.39,6.483,6.379,6.455,3139.2
2025-10-19 04:00:00,6.456,6.466,6.414,6.439,4234.88
2025-10-19 05:00:00,6.442,6.584,6.442,6.506,7563.77
2025-10-19 06:00:00,6.506,6.511,6.449,6.465,3838.71
2025-10-19 07:00:00,6.464,6.488,6.424,6.456,2605.51
2025-10-19 08:00:00,6.456,6.548,6.415,6.451,7820.87
2025-10-19 09:00:00,6.45,6.636,6.378,6.552,9742.0
2025-10-19 10:00:00,6.553,6.624,6.51,6.567,7370.24
2025-10-19 11:00:00,6.567,6.607,6.532,6.565,6345.14
2025-10-19 12:00:00,6.566,6.575,6.428,6.469,10781.26
2025-10-19 13:00:00,6.47,6.524,6.4,6.503,9494.42
2025-10-19 14:00:00,6.504,6.543,6.449,6.543,9576.86
2025-10-19 15:00:00,6.542,6.544,6.5,6.522,3307.93
2025-10-19 16:00:00,6.52,6.538,6.484,6.494,4740.64
2025-10-19 17:00:00,6.493,6.556,6.483,6.495,4500.92
2025-10-19 18:00:00,6.496,6.516,6.446,6.46,3107.95
2025-10-19 19:00:00,6.46,6.488,6.436,6.488,2959.6
2025-10-19 20:00:00,6.487,6.529,6.476,6.501,5831.35
2025-10-19 21:00:00,6.496,6.498,6.443,6.464,3295.35
2025-10-19 22:00:00,6.465,6.564,6.463,6.512,6683.09
2025-10-19 23:00:00,6.511,6.558,6.458,6.471,11433.99
2025-10-20 00:00:00,6.47,6.517,6.459,6.513,7817.77
2025-10-20 01:00:00,6.511,6.53,6.44,6.455,3571.46
2025-10-20 02:00:00,6.453,6.455,6.406,6.423,1616.91
2025-10-20 03:00:00,6.422,6.546,6.385,6.539,5414.55
2025-10-20 04:00:00,6.543,6.583,6.498,6.553,4457.95
2025-10-20 05:00:00,6.551,6.584,6.491,6.572,5453.42
2025-10-20 06:00:00,6.571,6.617,6.549,6.578,4899.12
2025-10-20 07:00:00,6.573,6.604,6.547,6.604,4989.78
2025-10-20 08:00:00,6.6,6.61,6.534,6.541,4002.26
2025-10-20 09:00:00,6.54,6.594,6.511,6.545,9525.3
2025-10-20 10:00:00,6.548,6.587,6.533,6.576,6769.25
2025-10-20 11:00:00,6.577,6.577,6.519,6.526,1896.11
2025-10-20 12:00:00,6.523,6.53,6.457,6.475,3188.95
2025-10-20 13:00:00,6.476,6.544,6.442,6.525,5935.6
2025-10-20 14:00:00,6.526,6.53,6.42,6.477,8467.62
2025-10-20 15:00:00,6.479,6.537,6.479,6.486,7372.6
2025-10-20 16:00:00,6.483,6.535,6.413,6.524,21490.01
2025-10-20 17:00:00,6.524,6.556,6.491,6.528,3327.57
2025-10-20 18:00:00,6.528,6.538,6.476,6.509,4930.79
2025-10-20 19:00:00,6.51,6.555,6.476,6.534,4725.89
2025-10-20 20:00:00,6.533,6.633,6.52,6.625,8742.09
2025-10-20 21:00:00,6.626,6.82,6.614,6.646,18943.5
2025-10-20 22:00:00,6.67,6.858,6.646,6.657,20486.32
2025-10-20 23:00:00,6.651,6.651,6.527,6.533,5429.72
2025-10-21 00:00:00,6.531,6.611,6.504,6.51,3516.7
2025-10-21 01:00:00,6.508,6.532,6.465,6.502,9268.8
2025-10-21 02:00:00,6.5,6.501,6.392,6.406,21325.91
2025-10-21 03:00:00,6.406,6.447,6.317,6.365,17282.6
2025-10-21 04:00:00,6.371,6.388,6.261,6.291,39525.87
2025-10-21 05:00:00,6.299,6.541,6.299,6.465,22956.36
2025-10-21 06:00:00,6.468,6.537,6.421,6.513,8866.03
2025-10-21 07:00:00,6.509,6.52,6.465,6.494,12935.3
2025-10-21 08:00:00,6.494,6.519,6.433,6.5,16379.71
2025-10-21 09:00:00,6.5,6.571,6.467,6.491,7232.67
2025-10-21 10:00:00,6.498,6.506,6.423,6.5,12367.15
2025-10-21 11:00:00,6.5,6.573,6.491,6.573,2969.53
2025-10-21 12:00:00,6.571,6.622,6.528,6.562,6382.64
2025-10-21 13:00:00,6.565,6.568,6.485,6.5,6546.21
2025-10-21 14:00:00,6.505,6.776,6.499,6.743,15378.5
2025-10-21 15:00:00,6.757,7.015,6.735,6.974,30025.77
2025-10-21 16:00:00,6.985,7.015,6.806,6.82,14266.17
2025-10-21 17:00:00,6.83,7.0,6.81,6.95,11177.36
2025-10-21 18:00:00,6.956,7.002,6.889,6.943,7140.34
2025-10-21 19:00:00,6.946,7.146,6.933,7.005,31524.31
2025-10-21 20:00:00,7.013,7.05,6.878,6.914,15180.64
2025-10-21 21:00:00,6.914,6.96,6.696,6.791,19529.46
2025-10-21 22:00:00,6.795,6.795,6.609,6.675,15446.77
2025-10-21 23:00:00,6.673,6.714,6.554,6.587,10721.98
2025-10-22 00:00:00,6.575,6.629,6.508,6.55,2911.74
2025-10-22 01:00:00,6.542,6.608,6.49,6.545,8253.61
2025-10-22 02:00:00,6.557,6.567,6.512,6.538,1917.53
2025-10-22 03:00:00,6.53,6.53,6.45,6.501,10183.28
2025-10-22 04:00:00,6.5,6.569,6.493,6.495,3845.5
2025-10-22 05:00:00,6.498,6.583,6.441,6.536,14077.25
2025-10-22 06:00:00,6.529,6.602,6.5,6.506,5070.94
2025-10-22 07:00:00,6.506,6.627,6.486,6.617,6746.46
2025-10-22 08:00:00,6.599,6.663,6.596,6.641,3009.27
2025-10-22 09:00:00,6.641,6.657,6.539,6.571,10284.2
2025-10-22 10:00:00,6.562,6.592,6.512,6.542,9927.36
2025-10-22 11:00:00,6.536,6.649,6.517,6.632,5351.99
2025-10-22 12:00:00,6.622,6.688,6.612,6.663,4138.18
2025-10-22 13:00:00,6.663,6.716,6.555,6.69,11959.24
2025-10-22 14:00:00,6.69,6.704,6.512,6.65,21235.16
2025-10-22 15:00:00,6.666,6.692,6.54,6.569,12744.0
2025-10-22 16:00:00,6.564,6.585,6.493,6.516,6187.67
2025-10-22 17:00:00,6.512,6.529,6.46,6.509,10533.08
2025-10-22 18:00:00,6.511,6.576,6.421,6.539,11807.35
2025-10-22 19:00:00,6.543,6.663,6.526,6.629,8732.46
2025-10-22 20:00:00,6.624,6.693,6.598,6.603,6112.21
2025-10-22 21:00:00,6.598,6.616,6.472,6.539,15556.24
2025-10-22 22:00:00,6.543,6.591,6.467,6.473,4167.02
2025-10-22 23:00:00,6.467,6.586,6.467,6.531,7012.28
2025-10-23 00:00:00,6.527,6.533,6.48,6.509,3206.18
2025-10-23 01:00:00,6.51,6.561,6.448,6.448,6801.46
2025-10-23 02:00:00,6.449,6.453,6.339,6.382,14052.26
2025-10-23 03:00:00,6.382,6.403,6.35,6.397,8880.88
2025-10-23 04:00:00,6.397,6.427,6.363,6.376,11881.64
2025-10-23 05:00:00,6.376,6.44,6.356,6.409,2993.59
2025-10-23 06:00:00,6.413,6.521,6.396,6.459,5065.6
2025-10-23 07:00:00,6.46,6.491,6.436,6.462,3701.18
2025-10-23 08:00:00,6.468,6.48,6.382,6.45,10959.33
2025-10-23 09:00:00,6.455,6.465,6.405,6.426,2179.74
2025-10-23 10:00:00,6.427,6.482,6.42,6.472,2592.52
2025-10-23 11:00:00,6.467,6.529,6.442,6.479,8782.51
2025-10-23 12:00:00,6.476,6.476,6.392,6.411,7382.99
2025-10-23 13:00:00,6.407,6.41,6.344,6.378,10425.74
2025-10-23 14:00:00,6.378,6.416,6.35,6.407,6028.27
2025-10-23 15:00:00,6.407,6.452,6.36,6.399,6958.48
2025-10-23 16:00:00,6.398,6.489,6.373,6.479,6060.12
2025-10-23 17:00:00,6.479,6.52,6.392,6.48,19204.2
2025-10-23 18:00:00,6.48,6.503,6.439,6.442,6483.72
2025-10-23 19:00:00,6.443,6.444,6.399,6.425,2180.65
2025-10-23 20:00:00,6.423,6.423,6.359,6.376,4523.14
2025-10-23 21:00:00,6.37,6.411,6.354,6.356,2903.42
2025-10-23 22:00:00,6.355,6.362,6.294,6.303,13761.02
2025-10-23 23:00:00,6.303,6.382,6.287,6.377,7133.24
2025-10-24 00:00:00,6.378,6.395,6.303,6.316,6649.51
2025-10-24 01:00:00,6.309,6.322,6.21,6.241,12663.45
2025-10-24 02:00:00,6.239,6.277,6.123,6.158,14105.51
2025-10-24 03:00:00,6.154,6.167,6.121,6.145,5335.06
2025-10-24 04:00:00,6.145,6.378,6.123,6.33,43203.63
2025-10-24 05:00:00,6.331,6.369,6.309,6.346,15418.1
2025-10-24 06:00:00,6.346,6.352,6.266,6.309,15562.17
2025-10-24 07:00:00,6.306,6.338,6.281,6.333,7453.22
2025-10-24 08:00:00,6.336,6.448,6.312,6.437,13568.63
2025-10-24 09:00:00,6.432,6.52,6.427,6.47,19807.29
2025-10-24 10:00:00,6.469,6.52,6.467,6.497,7711.94
2025-10-24 11:00:00,6.497,6.52,6.456,6.507,7346.47
2025-10-24 12:00:00,6.505,6.619,6.468,6.542,12309.34
2025-10-24 13:00:00,6.542,6.587,6.48,6.562,16907.09
2025-10-24 14:00:00,6.562,6.659,6.48,6.506,11580.04
2025-10-24 15:00:00,6.505,6.542,6.48,6.521,6684.16
2025-10-24 16:00:00,6.52,6.541,6.45,6.493,8472.44
2025-10-24 17:00:00,6.493,6.54,6.49,6.511,3924.43
2025-10-24 18:00:00,6.507,6.54,6.496,6.512,1448.9
2025-10-24 19:00:00,6.516,6.578,6.516,6.541,3057.87
2025-10-24 20:00:00,6.535,6.619,6.51,6.574,12003.94
2025-10-24 21:00:00,6.571,6.748,6.57,6.742,6479.39
2025-10-24 22:00:00,6.743,6.796,6.666,6.669,9464.18
2025-10-24 23:00:00,6.67,6.749,6.653,6.704,10734.17
2025-10-25 00:00:00,6.707,6.719,6.599,6.622,9922.77
2025-10-25 01:00:00,6.623,6.679,6.604,6.642,6134.65
2025-10-25 02:00:00,6.647,6.679,6.617,6.652,3012.84
2025-10-25 03:00:00,6.651,6.668,6.577,6.585,4780.38
2025-10-25 04:00:00,6.583,6.587,6.55,6.55,5257.11
2025-10-25 05:00:00,6.551,6.626,6.504,6.608,7504.66
2025-10-25 06:00:00,6.608,6.664,6.588,6.616,9248.57
2025-10-25 07:00:00,6.616,6.658,6.574,6.582,5797.45
2025-10-25 08:00:00,6.584,6.623,6.542,6.552,3241.93
2025-10-25 09:00:00,6.551,6.564,6.506,6.524,4459.42
2025-10-25 10:00:00,6.524,6.567,6.508,6.538,3299.19
2025-10-25 11:00:00,6.537,6.548,6.514,6.529,1377.91
2025-10-25 12:00:00,6.525,6.565,6.518,6.557,1702.39
2025-10-25 13:00:00,6.557,6.561,6.524,6.548,2317.79
2025-10-25 14:00:00,6.547,6.565,6.534,6.556,2112.23
2025-10-25 15:00:00,6.555,6.555,6.501,6.511,1494.14
2025-10-25 16:00:00,6.511,6.527,6.486,6.526,1646.21
2025-10-25 17:00:00,6.525,6.576,6.508,6.549,3766.59
2025-10-25 18:00:00,6.548,6.554,6.521,6.533,968.19
2025-10-25 19:00:00,6.532,6.583,6.514,6.569,1505.16
2025-10-25 20:00:00,6.567,6.583,6.548,6.549,1320.05
2025-10-25 21:00:00,6.548,6.591,6.537,6.546,2367.17
2025-10-25 22:00:00,6.543,6.587,6.529,6.578,1266.29
2025-10-25 23:00:00,6.577,6.579,6.541,6.568,2524.73
2025-10-26 00:00:00,6.569,6.581,6.5,6.5,1274.06
2025-10-26 01:00:00,6.5,6.511,6.443,6.468,6064.98
2025-10-26 02:00:00,6.467,6.504,6.453,6.481,4870.5
2025-10-26 03:00:00,6.48,6.48,6.393,6.447,11858.0
2025-10-26 04:00:00,6.446,6.474,6.426,6.444,5963.49
2025-10-26 05:00:00,6.442,6.509,6.442,6.498,2875.47
2025-10-26 06:00:00,6.494,6.512,6.472,6.493,2385.19
2025-10-26 07:00:00,6.492,6.53,6.476,6.52,3359.83
2025-10-26 08:00:00,6.519,6.566,6.51,6.545,7420.98
2025-10-26 09:00:00,6.547,6.619,6.502,6.617,7082.99
2025-10-26 10:00:00,6.617,6.662,6.583,6.624,2051.09
2025-10-26 11:00:00,6.623,6.732,6.581,6.706,12615.07
2025-10-26 12:00:00,6.707,6.758,6.693,6.718,6333.37
2025-10-26 13:00:00,6.724,6.738,6.698,6.727,2814.67
2025-10-26 14:00:00,6.724,6.733,6.688,6.721,2415.08
2025-10-26 15:00:00,6.721,6.814,6.704,6.784,6589.29
2025-10-26 16:00:00,6.783,6.785,6.684,6.702,9344.22
2025-10-26 17:00:00,6.701,6.742,6.682,6.736,2572.76
2025-10-26 18:00:00,6.736,6.812,6.709,6.765,5488.39
2025-10-26 19:00:00,6.769,6.773,6.714,6.717,2199.27
2025-10-26 20:00:00,6.718,6.731,6.661,6.682,2590.15
2025-10-26 21:00:00,6.681,6.69,6.65,6.689,1181.21
2025-10-26 22:00:00,6.69,6.789,6.69,6.761,6279.87
2025-10-26 23:00:00,6.766,6.77,6.699,6.761,6610.59
2025-10-27 00:00:00,6.757,6.761,6.685,6.716,5510.22
2025-10-27 01:00:00,6.713,6.845,6.704,6.806,6093.64
2025-10-27 02:00:00,6.808,7.039,6.779,6.926,23124.32
2025-10-27 03:00:00,6.916,7.144,6.9,7.138,11083.48
2025-10-27 04:00:00,7.145,7.371,7.101,7.247,41020.5
2025-10-27 05:00:00,7.26,7.368,7.163,7.279,37494.78
2025-10-27 06:00:00,7.28,7.337,7.109,7.222,22320.25
2025-10-27 07:00:00,7.23,7.441,7.2,7.432,21928.04
2025-10-27 08:00:00,7.43,7.541,7.312,7.408,36685.77
2025-10-27 09:00:00,7.394,7.405,7.263,7.312,26124.85
2025-10-27 10:00:00,7.317,7.339,7.23,7.263,14105.06
2025-10-27 11:00:00,7.272,7.398,7.228,7.323,15987.12
2025-10-27 12:00:00,7.317,7.45,7.254,7.314,11771.55
2025-10-27 13:00:00,7.311,7.314,7.099,7.177,17327.2
2025-10-27 14:00:00,7.183,7.196,7.1,7.133,6445.48
2025-10-27 15:00:00,7.134,7.142,7.032,7.138,16008.43
2025-10-27 16:00:00,7.128,7.217,7.104,7.187,8867.6
2025-10-27 17:00:00,7.184,7.188,7.05,7.065,8181.34
2025-10-27 18:00:00,7.065,7.077,7.001,7.053,7637.16
2025-10-27 19:00:00,7.062,7.092,7.008,7.01,2988.15
2025-10-27 20:00:00,7.005,7.005,6.928,6.934,4562.5
2025-10-27 21:00:00,6.924,6.977,6.913,6.954,2632.27
2025-10-27 22:00:00,6.945,6.991,6.862,6.889,2581.91
2025-10-27 23:00:00,6.889,6.914,6.826,6.868,4806.44
2025-10-28 00:00:00,6.859,6.889,6.814,6.845,2299.54
2025-10-28 01:00:00,6.847,6.86,6.756,6.761,4355.46
2025-10-28 02:00:00,6.753,6.766,6.672,6.737,5461.91
2025-10-28 03:00:00,6.742,6.766,6.673,6.688,2484.43
2025-10-28 04:00:00,6.688,6.723,6.666,6.708,2530.26
2025-10-28 05:00:00,6.707,6.762,6.668,6.689,4075.06
2025-10-28 06:00:00,6.686,6.809,6.686,6.779,1631.92
2025-10-28 07:00:00,6.788,6.795,6.76,6.766,2489.59
2025-10-28 08:00:00,6.775,6.793,6.753,6.765,3527.28
2025-10-28 09:00:00,6.761,6.802,6.75,6.802,1635.19
2025-10-28 10:00:00,6.81,6.81,6.758,6.78,1293.91
2025-10-28 11:00:00,6.782,6.788,6.744,6.751,962.13
2025-10-28 12:00:00,6.742,6.834,6.719,6.813,1987.15
2025-10-28 13:00:00,6.814,6.869,6.804,6.844,2788.95
2025-10-28 14:00:00,6.839,6.876,6.668,6.77,9077.95
2025-10-28 15:00:00,6.769,6.77,6.681,6.711,2150.95
2025-10-28 16:00:00,6.709,6.746,6.688,6.689,4168.51
2025-10-28 17:00:00,6.693,6.695,6.601,6.631,6544.89
2025-10-28 18:00:00,6.637,6.638,6.563,6.605,6149.29
2025-10-28 19:00:00,6.605,6.605,6.498,6.519,6276.55
2025-10-28 20:00:00,6.519,6.552,6.456,6.538,12456.43
2025-10-28 21:00:00,6.523,6.582,6.46,6.56,6338.11
2025-10-28 22:00:00,6.56,6.608,6.531,6.596,2998.81
2025-10-28 23:00:00,6.588,6.594,6.569,6.582,1117.25
2025-10-29 00:00:00,6.58,6.591,6.536,6.554,2992.9
2025-10-29 01:00:00,6.553,6.566,6.531,6.538,1804.48
2025-10-29 02:00:00,6.536,6.536,6.473,6.486,9298.82
2025-10-29 03:00:00,6.486,6.525,6.474,6.498,4265.61
2025-10-29 04:00:00,6.498,6.528,6.486,6.517,2014.07
2025-10-29 05:00:00,6.516,6.66,6.501,6.514,15405.72
2025-10-29 06:00:00,6.513,6.587,6.494,6.583,5557.45
2025-10-29 07:00:00,6.583,6.584,6.5,6.534,9791.21
2025-10-29 08:00:00,6.53,6.54,6.494,6.506,3076.23
2025-10-29 09:00:00,6.506,6.511,6.481,6.507,1876.12
2025-10-29 10:00:00,6.507,6.568,6.504,6.523,3938.29
2025-10-29 11:00:00,6.523,6.557,6.512,6.541,1548.57
2025-10-29 12:00:00,6.541,6.547,6.527,6.534,665.76
2025-10-29 13:00:00,6.534,6.544,6.508,6.536,4450.94
2025-10-29 14:00:00,6.536,6.574,6.495,6.512,6388.7
2025-10-29 15:00:00,6.514,6.522,6.444,6.489,7761.6
2025-10-29 16:00:00,6.488,7.0,6.475,6.56,37097.51
2025-10-29 17:00:00,6.558,6.601,6.523,6.595,4448.23
2025-10-29 18:00:00,6.6,6.711,6.513,6.633,19803.58
2025-10-29 19:00:00,6.634,6.658,6.563,6.586,4260.06
2025-10-29 20:00:00,6.587,6.637,6.552,6.608,3224.3
2025-10-29 21:00:00,6.609,6.632,6.571,6.575,2587.73
2025-10-29 22:00:00,6.575,6.594,6.567,6.587,777.4
2025-10-29 23:00:00,6.582,6.582,6.508,6.558,3502.24
2025-10-30 00:00:00,6.562,6.696,6.532,6.681,2447.9
2025-10-30 01:00:00,6.68,6.68,6.552,6.552,3180.24
2025-10-30 02:00:00,6.556,6.615,6.547,6.611,1664.58
2025-10-30 03:00:00,6.608,6.616,6.551,6.555,1382.64
2025-10-30 04:00:00,6.552,6.553,6.447,6.503,8975.73
2025-10-30 05:00:00,6.5,6.553,6.484,6.546,1594.7
2025-10-30 06:00:00,6.537,6.586,6.521,6.575,1079.77
2025-10-30 07:00:00,6.578,6.602,6.52,6.526,5301.34
2025-10-30 08:00:00,6.526,6.571,6.5,6.533,4007.59
2025-10-30 09:00:00,6.523,6.59,6.468,6.494,15847.59
2025-10-30 10:00:00,6.495,6.542,6.475,6.51,4532.41
2025-10-30 11:00:00,6.506,6.525,6.492,6.513,1479.96
2025-10-30 12:00:00,6.504,6.512,6.437,6.478,6516.52
2025-10-30 13:00:00,6.48,6.499,6.401,6.434,10446.78
2025-10-30 14:00:00,6.439,6.459,6.37,6.377,17413.89
2025-10-30 15:00:00,6.374,6.374,6.3,6.328,12013.75
2025-10-30 16:00:00,6.321,6.368,6.29,6.344,10192.79
2025-10-30 17:00:00,6.344,6.344,6.25,6.268,15581.67
2025-10-30 18:00:00,6.267,6.33,6.25,6.275,28285.95
2025-10-30 19:00:00,6.28,6.284,6.25,6.268,10860.99
2025-10-30 20:00:00,6.258,6.304,6.201,6.217,52069.73
2025-10-30 21:00:00,6.21,6.307,6.2,6.277,4821.55
2025-10-30 22:00:00,6.269,6.269,6.17,6.18,9653.25
2025-10-30 23:00:00,6.181,6.301,6.181,6.294,10717.27
2025-10-31 00:00:00,6.295,6.344,6.283,6.335,9078.65
2025-10-31 01:00:00,6.335,6.39,6.319,6.389,5691.85
2025-10-31 02:00:00,6.391,6.395,6.325,6.37,5145.46
2025-10-31 03:00:00,6.369,6.396,6.353,6.38,4122.4
2025-10-31 04:00:00,6.382,6.497,6.382,6.492,5995.89
2025-10-31 05:00:00,6.491,6.555,6.476,6.516,4119.49
2025-10-31 06:00:00,6.517,6.525,6.495,6.498,1914.17
2025-10-31 07:00:00,6.499,6.51,6.483,6.5,4715.9
2025-10-31 08:00:00,6.503,6.561,6.495,6.545,3909.7
2025-10-31 09:00:00,6.544,6.574,6.539,6.559,2308.33
2025-10-31 10:00:00,6.558,6.667,6.556,6.605,12269.26
2025-10-31 11:00:00,6.604,6.857,6.603,6.848,24667.87
2025-10-31 12:00:00,6.856,6.993,6.735,6.79,49086.36
2025-10-31 13:00:00,6.8,7.11,6.755,7.062,40350.74
2025-10-31 14:00:00,7.062,7.1,6.973,7.088,21068.71
2025-10-31 15:00:00,7.088,7.096,6.992,7.048,12837.38
2025-10-31 16:00:00,7.049,7.186,7.004,7.007,22974.84
2025-10-31 17:00:00,7.006,7.039,6.771,6.777,39502.46
2025-10-31 18:00:00,6.778,6.845,6.709,6.793,18656.87
2025-10-31 19:00:00,6.796,6.966,6.775,6.943,10559.08
2025-10-31 20:00:00,6.947,6.996,6.914,6.946,7516.78
2025-10-31 21:00:00,6.941,7.054,6.897,7.03,6790.82
2025-10-31 22:00:00,7.027,7.079,6.993,7.016,9772.35
2025-10-31 23:00:00,7.022,7.048,6.886,6.97,11642.24
2025-11-01 00:00:00,6.969,7.099,6.96,7.033,10307.14
2025-11-01 01:00:00,7.032,7.097,6.975,6.976,6126.76
2025-11-01 02:00:00,6.975,7.157,6.972,7.133,7116.09
2025-11-01 03:00:00,7.133,7.168,7.029,7.091,7760.95
2025-11-01 04:00:00,7.091,7.161,6.951,6.967,14405.35
2025-11-01 05:00:00,6.974,7.174,6.937,7.139,12095.07
2025-11-01 06:00:00,7.128,7.252,7.083,7.106,10735.6
2025-11-01 07:00:00,7.105,7.189,7.08,7.177,6036.11
2025-11-01 08:00:00,7.177,7.361,7.171,7.281,22899.9
2025-11-01 09:00:00,7.275,7.311,7.227,7.249,9048.42
2025-11-01 10:00:00,7.25,7.436,7.247,7.391,16342.67
2025-11-01 11:00:00,7.391,7.403,7.27,7.288,5630.91
2025-11-01 12:00:00,7.287,7.372,7.27,7.361,11947.97
2025-11-01 13:00:00,7.361,7.406,7.299,7.335,10893.94
2025-11-01 14:00:00,7.328,7.534,7.27,7.355,61868.5
2025-11-01 15:00:00,7.356,7.386,7.296,7.315,4614.6
2025-11-01 16:00:00,7.323,7.633,7.316,7.567,21385.37
2025-11-01 17:00:00,7.565,7.566,7.373,7.392,12185.9
2025-11-01 18:00:00,7.387,7.41,7.343,7.368,2017.0
2025-11-01 19:00:00,7.362,7.394,7.318,7.347,3144.89
2025-11-01 20:00:00,7.344,7.344,7.27,7.312,9977.93
2025-11-01 21:00:00,7.313,7.353,7.292,7.292,2021.28
2025-11-01 22:00:00,7.292,7.359,7.28,7.354,1968.83
2025-11-01 23:00:00,7.356,7.356,7.324,7.331,1410.25
2025-11-02 00:00:00,7.326,7.329,7.27,7.285,5008.88
2025-11-02 01:00:00,7.287,7.337,7.275,7.275,1591.21
2025-11-02 02:00:00,7.275,7.404,7.27,7.32,8147.97
2025-11-02 03:00:00,7.319,7.401,7.316,7.368,3308.02
2025-11-02 04:00:00,7.367,7.51,7.364,7.444,6004.55
2025-11-02 05:00:00,7.444,7.451,7.395,7.439,3384.15
2025-11-02 06:00:00,7.438,7.531,7.435,7.517,5105.51
2025-11-02 07:00:00,7.517,7.589,7.469,7.544,11537.68
2025-11-02 08:00:00,7.552,7.56,7.41,7.413,2806.09
2025-11-02 09:00:00,7.412,7.415,7.295,7.334,8804.32
2025-11-02 10:00:00,7.327,7.444,7.326,7.365,8869.62
2025-11-02 11:00:00,7.364,7.379,7.226,7.27,11817.59
2025-11-02 12:00:00,7.27,7.297,7.245,7.26,3696.16
2025-11-02 13:00:00,7.259,7.29,7.2,7.269,15869.88
2025-11-02 14:00:00,7.276,7.333,7.2,7.229,15801.23
2025-11-02 15:00:00,7.228,7.299,7.2,7.227,20840.33
2025-11-02 16:00:00,7.225,7.389,7.135,7.366,18525.89
2025-11-02 17:00:00,7.367,7.384,7.27,7.29,3763.47
2025-11-02 18:00:00,7.289,7.289,7.247,7.255,2336.13
2025-11-02 19:00:00,7.261,7.297,7.235,7.257,2555.47
2025-11-02 20:00:00,7.258,7.293,7.232,7.267,2459.83
2025-11-02 21:00:00,7.268,7.294,7.241,7.243,2118.33
2025-11-02 22:00:00,7.24,7.281,7.225,7.242,1694.9
2025-11-02 23:00:00,7.249,7.341,7.152,7.244,9734.08
2025-11-03 00:00:00,7.243,7.243,7.045,7.055,5165.97
2025-11-03 01:00:00,7.055,7.108,7.003,7.008,3849.33
2025-11-03 02:00:00,7.007,7.062,6.964,6.985,2877.55
2025-11-03 03:00:00,6.986,7.026,6.866,6.876,9215.25
2025-11-03 04:00:00,6.876,6.909,6.803,6.848,5780.54
2025-11-03 05:00:00,6.848,6.927,6.847,6.888,3930.04
2025-11-03 06:00:00,6.888,6.893,6.74,6.805,14801.19
2025-11-03 07:00:00,6.799,6.84,6.742,6.8,8596.7
2025-11-03 08:00:00,6.788,6.807,6.729,6.782,9293.64
2025-11-03 09:00:00,6.774,6.841,6.727,6.743,4206.45
2025-11-03 10:00:00,6.747,6.807,6.742,6.767,4774.9
2025-11-03 11:00:00,6.776,7.018,6.776,6.846,12639.94
2025-11-03 12:00:00,6.836,6.868,6.749,6.761,4574.08
2025-11-03 13:00:00,6.76,6.808,6.718,6.719,4581.95
2025-11-03 14:00:00,6.727,6.8,6.727,6.8,2269.71
2025-11-03 15:00:00,6.8,6.81,6.477,6.542,28190.02
2025-11-03 16:00:00,6.545,6.684,6.528,6.613,7098.02
2025-11-03 17:00:00,6.621,6.694,6.594,6.639,3577.12
2025-11-03 18:00:00,6.639,6.653,6.55,6.55,3147.48
2025-11-03 19:00:00,6.55,6.554,6.495,6.497,4675.1
2025-11-03 20:00:00,6.497,6.547,6.471,6.499,3700.03
2025-11-03 21:00:00,6.493,6.57,6.457,6.491,3243.16
2025-11-03 22:00:00,6.492,6.519,6.442,6.485,945.68
2025-11-03 23:00:00,6.482,6.608,6.454,6.564,2586.76
2025-11-04 00:00:00,6.566,6.71,6.532,6.696,7148.26
2025-11-04 01:00:00,6.691,6.756,6.666,6.717,6124.93
2025-11-04 02:00:00,6.716,6.734,6.571,6.573,8813.94
2025-11-04 03:00:00,6.578,6.6,6.561,6.584,3975.25
2025-11-04 04:00:00,6.585,6.711,6.544,6.671,16278.1
2025-11-04 05:00:00,6.67,6.723,6.512,6.532,8790.77
2025-11-04 06:00:00,6.531,6.75,6.528,6.597,5222.24
2025-11-04 07:00:00,6.596,6.613,6.552,6.563,5459.47
2025-11-04 08:00:00,6.563,6.62,6.508,6.52,5803.23
2025-11-04 09:00:00,6.517,6.554,6.504,6.544,3742.99
2025-11-04 10:00:00,6.545,6.599,6.545,6.567,3384.16
2025-11-04 11:00:00,6.563,6.602,6.503,6.534,4841.63
2025-11-04 12:00:00,6.533,6.533,6.47,6.482,1434.34
2025-11-04 13:00:00,6.483,6.489,6.404,6.417,3231.42
2025-11-04 14:00:00,6.416,6.568,6.371,6.542,7423.37
2025-11-04 15:00:00,6.534,6.575,6.464,6.488,6231.99
2025-11-04 16:00:00,6.489,6.518,6.404,6.434,5594.67
2025-11-04 17:00:00,6.43,6.452,6.332,6.376,9255.53
2025-11-04 18:00:00,6.375,6.375,6.166,6.314,13753.91
2025-11-04 19:00:00,6.315,6.35,6.186,6.198,9007.41
2025-11-04 20:00:00,6.199,6.209,5.942,6.105,32504.35
2025-11-04 21:00:00,6.1,6.121,5.701,6.062,82651.54
2025-11-04 22:00:00,6.063,6.12,6.028,6.058,4263.14
2025-11-04 23:00:00,6.069,6.096,6.049,6.065,4118.15
2025-11-05 00:00:00,6.064,6.064,5.928,5.938,2105.05
2025-11-05 01:00:00,5.938,6.013,5.793,5.979,8701.44
2025-11-05 02:00:00,5.98,6.132,5.98,6.113,11104.33
2025-11-05 03:00:00,6.114,6.122,6.051,6.098,4535.48
2025-11-05 04:00:00,6.097,6.114,6.069,6.073,1744.95
2025-11-05 05:00:00,6.072,6.072,6.005,6.01,2616.95
2025-11-05 06:00:00,6.006,6.02,5.961,6.012,3579.89
2025-11-05 07:00:00,6.002,6.107,5.984,6.104,4675.43
2025-11-05 08:00:00,6.103,6.109,5.987,6.016,8759.3
2025-11-05 09:00:00,6.016,6.066,6.011,6.036,1630.47
2025-11-05 10:00:00,6.029,6.031,5.949,5.949,3380.8
2025-11-05 11:00:00,5.949,6.012,5.943,6.003,2643.64
2025-11-05 12:00:00,6.005,6.027,5.981,6.006,2509.9
2025-11-05 13:00:00,6.007,6.201,6.006,6.12,6567.44
2025-11-05 14:00:00,6.124,6.146,6.034,6.057,9623.76
2025-11-05 15:00:00,6.057,6.063,5.993,6.055,8027.89
2025-11-05 16:00:00,6.048,6.079,5.995,6.063,4982.51
2025-11-05 17:00:00,6.058,6.236,6.034,6.162,13457.8
2025-11-05 18:00:00,6.161,6.214,6.122,6.177,4396.34
2025-11-05 19:00:00,6.177,6.19,6.129,6.129,4278.27
2025-11-05 20:00:00,6.131,6.161,6.116,6.121,2764.39
2025-11-05 21:00:00,6.121,6.121,6.058,6.078,3252.35
2025-11-05 22:00:00,6.082,6.148,6.065,6.142,1077.72
2025-11-05 23:00:00,6.144,6.144,6.088,6.091,1176.34
2025-11-06 00:00:00,6.083,6.091,6.05,6.066,1411.29
2025-11-06 01:00:00,6.065,6.065,5.987,6.028,2270.89
2025-11-06 02:00:00,6.028,6.065,6.0,6.041,1584.49
2025-11-06 03:00:00,6.05,6.061,6.024,6.025,1941.8
2025-11-06 04:00:00,6.02,6.072,6.007,6.039,2175.95
2025-11-06 05:00:00,6.04,6.046,6.006,6.006,1841.22
2025-11-06 06:00:00,6.011,6.034,5.991,5.991,2096.98
2025-11-06 07:00:00,5.989,6.0,5.945,5.963,3142.93
2025-11-06 08:00:00,5.959,5.966,5.906,5.913,2242.37
2025-11-06 09:00:00,5.921,5.952,5.906,5.931,2048.29
2025-11-06 10:00:00,5.93,6.041,5.91,6.014,2322.67
2025-11-06 11:00:00,6.01,6.01,5.944,5.955,1744.85
2025-11-06 12:00:00,5.958,5.962,5.905,5.942,1502.32
2025-11-06 13:00:00,5.946,6.076,5.946,6.063,2024.42
2025-11-06 14:00:00,6.06,6.087,5.963,5.976,4891.55
2025-11-06 15:00:00,5.976,6.036,5.88,5.906,16958.91
2025-11-06 16:00:00,5.902,5.924,5.786,5.84,26715.92
2025-11-06 17:00:00,5.85,5.954,5.846,5.954,5896.45
2025-11-06 18:00:00,5.95,6.027,5.932,6.012,7557.67
2025-11-06 19:00:00,6.008,6.047,5.952,5.993,9338.82
2025-11-06 20:00:00,6.01,6.025,5.941,5.97,9758.29
2025-11-06 21:00:00,5.975,6.153,5.964,6.139,16671.29
2025-11-06 22:00:00,6.142,6.209,6.081,6.151,14532.76
2025-11-06 23:00:00,6.163,6.173,6.05,6.079,12817.08
2025-11-07 00:00:00,6.075,6.154,6.065,6.143,13075.09
2025-11-07 01:00:00,6.141,6.167,6.047,6.115,13834.47
2025-11-07 02:00:00,6.118,6.164,6.104,6.162,2648.0
2025-11-07 03:00:00,6.162,6.273,6.161,6.215,5945.62
2025-11-07 04:00:00,6.219,6.256,6.199,6.249,6949.34
2025-11-07 05:00:00,6.249,6.363,6.225,6.346,8406.9
2025-11-07 06:00:00,6.347,6.414,6.308,6.311,6261.95
2025-11-07 07:00:00,6.307,6.452,6.298,6.446,2879.38
2025-11-07 08:00:00,6.452,6.456,6.338,6.385,6258.51
2025-11-07 09:00:00,6.388,6.429,6.281,6.34,8176.59
2025-11-07 10:00:00,6.34,6.379,6.252,6.293,4818.12
2025-11-07 11:00:00,6.292,6.301,6.175,6.233,6824.07
2025-11-07 12:00:00,6.232,6.253,6.11,6.15,5671.56
2025-11-07 13:00:00,6.147,6.322,6.129,6.288,5430.07
2025-11-07 14:00:00,6.287,6.387,6.22,6.362,8631.76
2025-11-07 15:00:00,6.362,6.478,6.348,6.428,9983.87
2025-11-07 16:00:00,6.43,6.71,6.425,6.693,11109.86
2025-11-07 17:00:00,6.694,6.833,6.656,6.831,8570.11
2025-11-07 18:00:00,6.83,6.99,6.821,6.845,13853.16
2025-11-07 19:00:00,6.849,6.895,6.793,6.883,5603.41
2025-11-07 20:00:00,6.884,6.923,6.838,6.913,4057.26
2025-11-07 21:00:00,6.912,6.952,6.91,6.935,3967.79
2025-11-07 22:00:00,6.935,6.978,6.924,6.943,4768.8
2025-11-07 23:00:00,6.946,6.957,6.806,6.86,4851.18
2025-11-08 00:00:00,6.842,6.918,6.71,6.71,4785.07
2025-11-08 01:00:00,6.711,6.917,6.711,6.916,7519.81
2025-11-08 02:00:00,6.921,6.98,6.89,6.902,1807.13
2025-11-08 03:00:00,6.9,6.95,6.799,6.799,4445.06
2025-11-08 04:00:00,6.805,6.888,6.769,6.795,9863.3
2025-11-08 05:00:00,6.792,6.836,6.672,6.679,6155.37
2025-11-08 06:00:00,6.69,6.702,6.579,6.622,6643.42
2025-11-08 07:00:00,6.622,6.66,6.571,6.64,1603.25
2025-11-08 08:00:00,6.64,6.693,6.588,6.682,1802.4
2025-11-08 09:00:00,6.657,6.68,6.586,6.621,964.8
2025-11-08 10:00:00,6.622,6.69,6.557,6.576,16647.14
2025-11-08 11:00:00,6.576,6.606,6.518,6.532,4709.9
2025-11-08 12:00:00,6.53,6.6,6.525,6.581,1722.16
2025-11-08 13:00:00,6.584,6.584,6.451,6.451,2235.78
2025-11-08 14:00:00,6.458,6.475,6.371,6.428,5735.31
2025-11-08 15:00:00,6.427,6.462,6.311,6.39,10219.74
2025-11-08 16:00:00,6.39,6.486,6.362,6.486,2325.39
2025-11-08 17:00:00,6.463,6.482,6.428,6.452,2016.59
2025-11-08 18:00:00,6.455,6.528,6.455,6.528,1190.48
2025-11-08 19:00:00,6.513,6.533,6.426,6.489,1024.44
2025-11-08 20:00:00,6.485,6.515,6.472,6.484,1018.18
2025-11-08 21:00:00,6.48,6.498,6.46,6.481,771.89
2025-11-08 22:00:00,6.477,6.507,6.445,6.493,1852.49
2025-11-08 23:00:00,6.478,6.48,6.46,6.463,824.82
2025-11-09 00:00:00,6.467,6.555,6.394,6.413,4651.38
2025-11-09 01:00:00,6.412,6.439,6.351,6.4,1840.28
2025-11-09 02:00:00,6.4,6.401,6.254,6.268,3929.52
2025-11-09 03:00:00,6.264,6.282,6.221,6.257,3916.08
2025-11-09 04:00:00,6.255,6.396,6.242,6.288,7710.28
2025-11-09 05:00:00,6.284,6.31,6.264,6.299,2978.02
2025-11-09 06:00:00,6.296,6.349,6.275,6.281,2447.37
2025-11-09 07:00:00,6.282,6.397,6.278,6.365,2474.51
2025-11-09 08:00:00,6.366,6.376,6.32,6.344,1918.08
2025-11-09 09:00:00,6.345,6.404,6.295,6.3,2997.71
2025-11-09 10:00:00,6.299,6.352,6.272,6.347,4627.22
2025-11-09 11:00:00,6.348,6.41,6.348,6.38,2737.81
2025-11-09 12:00:00,6.378,6.4,6.335,6.384,5404.62
2025-11-09 13:00:00,6.381,6.424,6.37,6.385,2084.74
2025-11-09 14:00:00,6.386,6.597,6.355,6.481,13126.43
2025-11-09 15:00:00,6.482,6.531,6.472,6.518,3595.81
2025-11-09 16:00:00,6.518,6.534,6.493,6.523,2254.96
2025-11-09 17:00:00,6.524,6.532,6.451,6.467,4383.5
2025-11-09 18:00:00,6.469,6.499,6.443,6.498,3091.23
2025-11-09 19:00:00,6.496,6.564,6.493,6.564,2615.66
2025-11-09 20:00:00,6.565,6.566,6.512,6.52,3508.45
2025-11-09 21:00:00,6.52,6.538,6.509,6.53,1508.22
2025-11-09 22:00:00,6.531,6.545,6.482,6.518,1281.39
2025-11-09 23:00:00,6.524,6.552,6.463,6.474,1488.25
2025-11-10 00:00:00,6.472,6.584,6.442,6.542,4063.42
2025-11-10 01:00:00,6.532,6.59,6.523,6.532,2668.61
2025-11-10 02:00:00,6.533,6.628,6.523,6.587,2537.5
2025-11-10 03:00:00,6.602,6.629,6.575,6.592,2765.92
2025-11-10 04:00:00,6.591,6.595,6.542,6.584,687.99
2025-11-10 05:00:00,6.583,6.619,6.541,6.568,454.48
2025-11-10 06:00:00,6.578,6.589,6.541,6.559,687.43
2025-11-10 07:00:00,6.562,6.581,6.458,6.495,14772.29
2025-11-10 08:00:00,6.484,6.498,6.421,6.449,1074.79
2025-11-10 09:00:00,6.458,6.5,6.447,6.488,10109.42
2025-11-10 10:00:00,6.488,6.5,6.409,6.472,1690.77
2025-11-10 11:00:00,6.472,6.5,6.441,6.472,5804.87
2025-11-10 12:00:00,6.473,6.479,6.422,6.442,1025.33
2025-11-10 13:00:00,6.439,6.482,6.429,6.468,1780.11
2025-11-10 14:00:00,6.46,6.464,6.315,6.357,3640.57
2025-11-10 15:00:00,6.367,6.399,6.286,6.344,5946.46
2025-11-10 16:00:00,6.345,6.362,6.274,6.311,1716.56
2025-11-10 17:00:00,6.303,6.355,6.299,6.334,652.36
2025-11-10 18:00:00,6.326,6.337,6.287,6.298,791.59
2025-11-10 19:00:00,6.29,6.368,6.285,6.342,1408.22
2025-11-10 20:00:00,6.336,6.378,6.336,6.341,1056.24
2025-11-10 21:00:00,6.351,6.352,6.272,6.314,2280.56
2025-11-10 22:00:00,6.322,6.447,6.313,6.446,1439.41
2025-11-10 23:00:00,6.434,6.451,6.393,6.427,1620.89
2025-11-11 00:00:00,6.431,6.472,6.363,6.393,1042.59
2025-11-11 01:00:00,6.409,6.49,6.39,6.39,1706.92
2025-11-11 02:00:00,6.394,6.484,6.358,6.455,622.37
2025-11-11 03:00:00,6.459,6.49,6.453,6.474,503.27
2025-11-11 04:00:00,6.474,6.486,6.408,6.416,1609.83
2025-11-11 05:00:00,6.41,6.41,6.346,6.346,1117.07
2025-11-11 06:00:00,6.354,6.387,6.325,6.366,849.34
2025-11-11 07:00:00,6.369,6.377,6.295,6.309,1155.28
2025-11-11 08:00:00,6.314,6.344,6.301,6.34,266.58
2025-11-11 09:00:00,6.343,6.361,6.3,6.3,1859.1
2025-11-11 10:00:00,6.3,6.334,6.292,6.314,2442.87
2025-11-11 11:00:00,6.317,6.359,6.315,6.332,4624.27
2025-11-11 12:00:00,6.334,6.352,6.236,6.308,10492.39
2025-11-11 13:00:00,6.304,6.318,6.198,6.212,12816.62
2025-11-11 14:00:00,6.211,6.297,6.192,6.294,16527.63
2025-11-11 15:00:00,6.29,6.294,6.234,6.288,1811.76
2025-11-11 16:00:00,6.277,6.375,6.277,6.374,1973.37
2025-11-11 17:00:00,6.374,6.393,6.293,6.31,1041.48
2025-11-11 18:00:00,6.31,6.33,6.27,6.303,425.09
2025-11-11 19:00:00,6.303,6.303,6.208,6.208,2925.29
2025-11-11 20:00:00,6.205,6.23,6.156,6.16,2120.57
2025-11-11 21:00:00,6.167,6.175,6.104,6.12,5707.7
2025-11-11 22:00:00,6.114,6.204,6.102,6.198,1544.94
2025-11-11 23:00:00,6.195,6.197,6.1,6.115,2779.55
2025-11-12 00:00:00,6.126,6.184,6.126,6.136,1084.54
2025-11-12 01:00:00,6.133,6.221,6.127,6.218,1300.94
2025-11-12 02:00:00,6.206,6.243,6.178,6.212,753.07
2025-11-12 03:00:00,6.2,6.223,6.191,6.191,492.26
2025-11-12 04:00:00,6.202,6.227,6.191,6.226,370.65
2025-11-12 05:00:00,6.233,6.275,6.17,6.234,2085.68
2025-11-12 06:00:00,6.234,6.29,6.223,6.262,455.1
2025-11-12 07:00:00,6.274,6.29,6.208,6.221,1136.44
2025-11-12 08:00:00,6.214,6.28,6.194,6.252,964.34
2025-11-12 09:00:00,6.27,6.332,6.257,6.306,2402.08
2025-11-12 10:00:00,6.312,6.356,6.304,6.353,1209.88
2025-11-12 11:00:00,6.355,6.38,6.33,6.338,3758.6
2025-11-12 12:00:00,6.338,6.358,6.32,6.338,1141.72
2025-11-12 13:00:00,6.335,6.372,6.319,6.358,907.85
2025-11-12 14:00:00,6.362,6.395,6.237,6.286,5832.71
2025-11-12 15:00:00,6.294,6.34,6.164,6.18,2462.5
2025-11-12 16:00:00,6.184,6.19,6.073,6.087,6405.11
2025-11-12 17:00:00,6.078,6.124,6.04,6.095,2205.56
2025-11-12 18:00:00,6.095,6.108,6.015,6.037,2154.09
2025-11-12 19:00:00,6.029,6.055,5.99,6.039,2127.74
2025-11-12 20:00:00,6.025,6.097,6.018,6.076,1850.46
2025-11-12 21:00:00,6.07,6.085,6.058,6.074,362.24
2025-11-12 22:00:00,6.064,6.068,6.019,6.068,490.06
2025-11-12 23:00:00,6.074,6.074,6.012,6.021,1549.81
2025-11-13 00:00:00,6.024,6.155,6.016,6.095,1665.8
2025-11-13 01:00:00,6.087,6.191,6.083,6.172,1075.86
2025-11-13 02:00:00,6.162,6.194,6.156,6.176,170.74
2025-11-13 03:00:00,6.164,6.209,6.097,6.181,1405.7
2025-11-13 04:00:00,6.158,6.241,6.146,6.223,2850.63
2025-11-13 05:00:00,6.205,6.28,6.177,6.265,650.09
2025-11-13 06:00:00,6.273,6.29,6.239,6.271,609.41
2025-11-13 07:00:00,6.247,6.266,6.191,6.198,3298.39
2025-11-13 08:00:00,6.198,6.257,6.191,6.232,670.24
2025-11-13 09:00:00,6.237,6.239,6.16,6.171,1239.38
2025-11-13 10:00:00,6.164,6.255,6.164,6.216,5212.69
2025-11-13 11:00:00,6.213,6.29,6.186,6.271,6647.92
2025-11-13 12:00:00,6.273,6.425,6.24,6.413,11006.99
2025-11-13 13:00:00,6.4,6.46,6.184,6.209,22324.21
2025-11-13 14:00:00,6.208,6.261,6.126,6.222,8842.32
2025-11-13 15:00:00,6.22,6.28,6.199,6.227,3277.16
2025-11-13 16:00:00,6.238,6.275,6.197,6.24,5387.14
2025-11-13 17:00:00,6.234,6.255,6.046,6.058,5512.93
2025-11-13 18:00:00,6.066,6.074,5.936,5.989,6404.54
2025-11-13 19:00:00,5.97,6.036,5.95,5.966,3107.64
2025-11-13 20:00:00,5.958,6.038,5.955,5.987,1876.94
2025-11-13 21:00:00,5.978,6.035,5.965,6.005,2150.03
2025-11-13 22:00:00,5.998,6.089,5.998,6.067,1408.04
2025-11-13 23:00:00,6.062,6.14,6.05,6.092,4084.07
2025-11-14 00:00:00,6.095,6.104,6.039,6.069,2203.74
2025-11-14 01:00:00,6.064,6.168,6.05,6.137,3207.02
2025-11-14 02:00:00,6.127,6.158,6.09,6.104,2975.6
2025-11-14 03:00:00,6.097,6.111,6.055,6.07,1051.0
2025-11-14 04:00:00,6.072,6.095,5.919,5.962,8493.17
2025-11-14 05:00:00,5.969,6.08,5.958,6.065,2787.3
2025-11-14 06:00:00,6.072,6.094,5.983,6.088,1394.71
2025-11-14 07:00:00,6.089,6.119,6.051,6.055,1726.9
2025-11-14 08:00:00,6.054,6.08,6.001,6.013,1621.14
2025-11-14 09:00:00,6.018,6.053,5.971,5.986,1985.44
2025-11-14 10:00:00,5.991,6.015,5.983,5.993,919.96
2025-11-14 11:00:00,5.991,5.993,5.946,5.971,1173.76
2025-11-14 12:00:00,5.977,5.979,5.837,5.947,6402.39
2025-11-14 13:00:00,5.95,5.956,5.811,5.881,9271.94
2025-11-14 14:00:00,5.878,5.97,5.84,5.953,6309.02
2025-11-14 15:00:00,5.947,6.017,5.87,5.97,13917.26
2025-11-14 16:00:00,5.963,6.0,5.932,5.957,4088.22
2025-11-14 17:00:00,5.962,5.976,5.852,5.883,4304.96
2025-11-14 18:00:00,5.888,5.945,5.859,5.863,2388.25
2025-11-14 19:00:00,5.871,5.944,5.844,5.926,2325.91
2025-11-14 20:00:00,5.928,5.928,5.756,5.798,2631.07
2025-11-14 21:00:00,5.79,5.859,5.778,5.848,1846.26
2025-11-14 22:00:00,5.845,5.864,5.779,5.783,1095.34
2025-11-14 23:00:00,5.783,5.789,5.54,5.629,11607.17
2025-11-15 00:00:00,5.639,5.735,5.636,5.731,3045.1
2025-11-15 01:00:00,5.733,5.735,5.693,5.723,1548.48
2025-11-15 02:00:00,5.724,5.784,5.705,5.782,1462.53
2025-11-15 03:00:00,5.788,5.823,5.737,5.753,11891.8
2025-11-15 04:00:00,5.753,5.773,5.691,5.691,5710.55
2025-11-15 05:00:00,5.703,5.767,5.681,5.765,1968.71
2025-11-15 06:00:00,5.768,5.812,5.744,5.8,1338.31
2025-11-15 07:00:00,5.783,5.789,5.743,5.745,378.9
2025-11-15 08:00:00,5.743,5.743,5.645,5.664,2695.64
2025-11-15 09:00:00,5.654,5.762,5.649,5.762,3846.36
2025-11-15 10:00:00,5.749,5.749,5.67,5.722,1456.56
2025-11-15 11:00:00,5.72,5.737,5.683,5.705,2730.01
2025-11-15 12:00:00,5.7,5.774,5.699,5.75,3172.55
2025-11-15 13:00:00,5.763,5.799,5.741,5.762,721.91
2025-11-15 14:00:00,5.76,5.802,5.747,5.784,932.46
2025-11-15 15:00:00,5.779,5.783,5.751,5.756,1321.05
2025-11-15 16:00:00,5.751,5.786,5.729,5.775,1199.21
2025-11-15 17:00:00,5.779,5.786,5.73,5.776,2498.12
2025-11-15 18:00:00,5.779,5.79,5.741,5.743,886.5
2025-11-15 19:00:00,5.747,5.75,5.714,5.742,1155.47
2025-11-15 20:00:00,5.738,5.744,5.701,5.708,759.26
2025-11-15 21:00:00,5.708,5.741,5.658,5.665,1975.56
2025-11-15 22:00:00,5.664,5.72,5.638,5.72,1381.39
2025-11-15 23:00:00,5.713,5.72,5.691,5.705,1967.45
2025-11-16 00:00:00,5.706,5.707,5.614,5.676,2530.61
2025-11-16 01:00:00,5.657,5.692,5.608,5.692,4883.63
2025-11-16 02:00:00,5.685,5.77,5.677,5.75,5584.74
2025-11-16 03:00:00,5.75,5.75,5.716,5.723,504.88
2025-11-16 04:00:00,5.714,5.714,5.671,5.695,1093.82
2025-11-16 05:00:00,5.695,5.8,5.691,5.765,1580.63
2025-11-16 06:00:00,5.76,5.776,5.75,5.75,378.35
2025-11-16 07:00:00,5.745,5.773,5.742,5.762,727.26
2025-11-16 08:00:00,5.761,5.764,5.727,5.764,1177.27
2025-11-16 09:00:00,5.758,5.785,5.734,5.759,3818.52
2025-11-16 10:00:00,5.753,5.767,5.746,5.756,1374.74
2025-11-16 11:00:00,5.761,5.762,5.671,5.691,4050.22
2025-11-16 12:00:00,5.69,5.7,5.646,5.676,1335.13
2025-11-16 13:00:00,5.68,5.721,5.579,5.608,2426.21
2025-11-16 14:00:00,5.61,5.631,5.563,5.608,2512.61
2025-11-16 15:00:00,5.601,5.616,5.436,5.454,11222.65
2025-11-16 16:00:00,5.451,5.52,5.432,5.452,3232.45
2025-11-16 17:00:00,5.469,5.489,5.4,5.46,3894.68
2025-11-16 18:00:00,5.452,5.529,5.35,5.373,4397.27
2025-11-16 19:00:00,5.362,5.415,5.338,5.367,5759.33
2025-11-16 20:00:00,5.36,5.419,5.349,5.389,1997.24
2025-11-16 21:00:00,5.381,5.405,5.338,5.405,1429.0
2025-11-16 22:00:00,5.4,5.496,5.37,5.473,2597.44
2025-11-16 23:00:00,5.469,5.501,5.407,5.467,7373.0
2025-11-17 00:00:00,5.47,5.535,5.428,5.533,2626.01
2025-11-17 01:00:00,5.539,5.552,5.511,5.529,1235.39
2025-11-17 02:00:00,5.534,5.575,5.527,5.547,3441.77
2025-11-17 03:00:00,5.551,5.599,5.551,5.589,605.91
2025-11-17 04:00:00,5.59,5.595,5.57,5.576,283.45
2025-11-17 05:00:00,5.565,5.615,5.558,5.606,2357.44
2025-11-17 06:00:00,5.602,5.61,5.544,5.585,3096.79
2025-11-17 07:00:00,5.588,5.614,5.56,5.614,3018.11
2025-11-17 08:00:00,5.61,5.631,5.565,5.575,8549.51
2025-11-17 09:00:00,5.577,5.62,5.57,5.605,2414.18
2025-11-17 10:00:00,5.603,5.611,5.591,5.602,1073.61
2025-11-17 11:00:00,5.601,5.623,5.591,5.623,2107.2
2025-11-17 12:00:00,5.623,5.638,5.592,5.597,4275.95
2025-11-17 13:00:00,5.593,5.61,5.483,5.528,4249.63
2025-11-17 14:00:00,5.531,5.651,5.474,5.553,6516.97
2025-11-17 15:00:00,5.555,5.579,5.479,5.496,3054.05
2025-11-17 16:00:00,5.494,5.522,5.434,5.515,2278.92
2025-11-17 17:00:00,5.513,5.522,5.441,5.447,2146.76
2025-11-17 18:00:00,5.446,5.485,5.36,5.365,1645.75
2025-11-17 19:00:00,5.357,5.41,5.339,5.376,2385.64
2025-11-17 20:00:00,5.372,5.5,5.344,5.451,3342.85
2025-11-17 21:00:00,5.46,5.461,5.373,5.399,2620.99
2025-11-17 22:00:00,5.398,5.422,5.379,5.418,1136.41
2025-11-17 23:00:00,5.417,5.423,5.354,5.393,3382.87
2025-11-18 00:00:00,5.393,5.396,5.27,5.389,3494.26
2025-11-18 01:00:00,5.387,5.417,5.334,5.334,3487.05
2025-11-18 02:00:00,5.341,5.395,5.273,5.332,4795.1
2025-11-18 03:00:00,5.332,5.408,5.269,5.403,2784.07
2025-11-18 04:00:00,5.395,5.429,5.322,5.415,3284.84
2025-11-18 05:00:00,5.409,5.447,5.339,5.407,5580.5
2025-11-18 06:00:00,5.399,5.418,5.342,5.35,1018.49
2025-11-18 07:00:00,5.354,5.373,5.306,5.332,4170.84
2025-11-18 08:00:00,5.339,5.378,5.324,5.363,2423.57
2025-11-18 09:00:00,5.364,5.394,5.342,5.376,1654.08
2025-11-18 10:00:00,5.377,5.377,5.351,5.367,825.47
2025-11-18 11:00:00,5.363,5.367,5.323,5.327,699.5
2025-11-18 12:00:00,5.332,5.394,5.317,5.379,3445.89
2025-11-18 13:00:00,5.378,5.399,5.325,5.358,2801.77
2025-11-18 14:00:00,5.354,5.428,5.338,5.36,5663.36
2025-11-18 15:00:00,5.347,5.446,5.34,5.427,6535.88
2025-11-18 16:00:00,5.433,5.518,5.429,5.485,7809.07
2025-11-18 17:00:00,5.48,5.486,5.431,5.444,1201.64
2025-11-18 18:00:00,5.448,5.48,5.445,5.453,590.73
2025-11-18 19:00:00,5.461,5.487,5.447,5.46,1102.01
2025-11-18 20:00:00,5.461,5.474,5.455,5.456,615.01
2025-11-18 21:00:00,5.439,5.457,5.402,5.402,820.13
2025-11-18 22:00:00,5.405,5.483,5.405,5.465,3329.04
2025-11-18 23:00:00,5.468,5.476,5.395,5.41,3754.08
2025-11-19 00:00:00,5.41,5.426,5.352,5.426,696.54
2025-11-19 01:00:00,5.416,5.462,5.394,5.447,2406.78
2025-11-19 02:00:00,5.442,5.462,5.428,5.441,408.01
2025-11-19 03:00:00,5.432,5.44,5.373,5.398,812.29
2025-11-19 04:00:00,5.39,5.39,5.342,5.344,1359.93
2025-11-19 05:00:00,5.342,5.344,5.272,5.281,2269.16
2025-11-19 06:00:00,5.279,5.317,5.258,5.314,1725.32
2025-11-19 07:00:00,5.319,5.36,5.298,5.355,2171.89
2025-11-19 08:00:00,5.352,5.383,5.349,5.358,587.17
2025-11-19 09:00:00,5.357,5.375,5.329,5.375,454.7
2025-11-19 10:00:00,5.363,5.38,5.333,5.336,1884.67
2025-11-19 11:00:00,5.336,5.386,5.307,5.347,16233.24
2025-11-19 12:00:00,5.348,5.356,5.282,5.347,7563.36
2025-11-19 13:00:00,5.348,5.35,5.296,5.324,3222.21
2025-11-19 14:00:00,5.319,5.363,5.298,5.346,2714.94
2025-11-19 15:00:00,5.343,5.37,5.265,5.281,10898.6
2025-11-19 16:00:00,5.277,5.29,5.136,5.213,23455.03
2025-11-19 17:00:00,5.214,5.233,5.079,5.105,14241.17
2025-11-19 18:00:00,5.105,5.137,5.02,5.049,10056.65
2025-11-19 19:00:00,5.05,5.114,5.043,5.075,6352.29
2025-11-19 20:00:00,5.075,5.15,5.058,5.147,3186.92
2025-11-19 21:00:00,5.148,5.274,5.137,5.266,7027.72
2025-11-19 22:00:00,5.263,5.263,5.218,5.258,1286.5
2025-11-19 23:00:00,5.256,5.313,5.249,5.298,5940.96
2025-11-20 00:00:00,5.298,5.319,5.281,5.289,532.4
2025-11-20 01:00:00,5.294,5.345,5.294,5.343,601.47
2025-11-20 02:00:00,5.348,5.37,5.312,5.329,1755.12
2025-11-20 03:00:00,5.334,5.35,5.325,5.334,886.0
2025-11-20 04:00:00,5.334,5.352,5.327,5.345,918.82
2025-11-20 05:00:00,5.355,5.356,5.328,5.331,612.9
2025-11-20 06:00:00,5.342,5.353,5.323,5.332,1010.71
2025-11-20 07:00:00,5.339,5.37,5.327,5.356,4480.67
2025-11-20 08:00:00,5.355,5.373,5.334,5.35,5559.06
2025-11-20 09:00:00,5.348,5.354,5.326,5.348,1012.22
2025-11-20 10:00:00,5.349,5.358,5.309,5.347,8172.17
2025-11-20 11:00:00,5.347,5.37,5.323,5.369,3482.12
2025-11-20 12:00:00,5.369,5.411,5.326,5.405,11270.5
2025-11-20 13:00:00,5.405,5.471,5.376,5.418,8018.05
2025-11-20 14:00:00,5.419,5.475,5.366,5.468,7266.53
2025-11-20 15:00:00,5.464,5.464,5.354,5.354,2423.7
2025-11-20 16:00:00,5.352,5.356,5.143,5.161,31694.48
2025-11-20 17:00:00,5.161,5.185,5.072,5.105,7794.41
2025-11-20 18:00:00,5.101,5.168,5.071,5.089,8663.15
2025-11-20 19:00:00,5.086,5.181,5.065,5.175,1672.49
2025-11-20 20:00:00,5.164,5.164,5.086,5.104,5338.82
2025-11-20 21:00:00,5.105,5.184,5.105,5.172,555.67
2025-11-20 22:00:00,5.17,5.227,5.17,5.194,3120.0
2025-11-20 23:00:00,5.199,5.199,5.072,5.088,3008.36
2025-11-21 00:00:00,5.085,5.189,5.06,5.184,3106.19
2025-11-21 01:00:00,5.184,5.226,5.171,5.183,1754.04
2025-11-21 02:00:00,5.173,5.177,5.036,5.062,5107.91
2025-11-21 03:00:00,5.048,5.108,5.016,5.051,3508.95
2025-11-21 04:00:00,5.043,5.051,4.953,5.035,7432.24
2025-11-21 05:00:00,5.03,5.036,4.979,4.993,4490.37
2025-11-21 06:00:00,5.003,5.106,4.988,5.072,14929.14
2025-11-21 07:00:00,5.075,5.075,4.358,4.773,84050.71
2025-11-21 08:00:00,4.77,4.848,4.747,4.764,8452.03
2025-11-21 09:00:00,4.757,4.779,4.643,4.663,6997.42
2025-11-21 10:00:00,4.671,4.709,4.624,4.685,6824.68
2025-11-21 11:00:00,4.677,4.757,4.656,4.663,7999.44
2025-11-21 12:00:00,4.666,4.819,4.607,4.802,15888.02
2025-11-21 13:00:00,4.798,4.856,4.779,4.817,12010.11
2025-11-21 14:00:00,4.817,4.913,4.813,4.895,14766.54
2025-11-21 15:00:00,4.898,4.905,4.779,4.808,10966.18
2025-11-21 16:00:00,4.815,4.92,4.763,4.919,8488.42
2025-11-21 17:00:00,4.918,4.974,4.898,4.928,9952.18
2025-11-21 18:00:00,4.926,4.986,4.838,4.936,7059.99
2025-11-21 19:00:00,4.933,4.957,4.898,4.905,3083.49
2025-11-21 20:00:00,4.905,4.912,4.847,4.872,2759.2
2025-11-21 21:00:00,4.875,4.981,4.849,4.952,3396.38
2025-11-21 22:00:00,4.954,4.965,4.799,4.8,1756.19
2025-11-21 23:00:00,4.792,4.897,4.76,4.884,14051.2
2025-11-22 00:00:00,4.883,4.935,4.876,4.896,7025.8
2025-11-22 01:00:00,4.9,4.94,4.887,4.924,4530.04
2025-11-22 02:00:00,4.924,4.938,4.836,4.858,8540.25
2025-11-22 03:00:00,4.857,4.882,4.813,4.828,6624.94
2025-11-22 04:00:00,4.827,4.836,4.749,4.806,3943.11
2025-11-22 05:00:00,4.801,4.819,4.728,4.761,6258.13
2025-11-22 06:00:00,4.761,4.841,4.734,4.831,3017.26
2025-11-22 07:00:00,4.828,4.85,4.799,4.812,2626.99
2025-11-22 08:00:00,4.804,4.804,4.704,4.716,4667.23
2025-11-22 09:00:00,4.712,4.785,4.704,4.761,1716.69
2025-11-22 10:00:00,4.766,4.779,4.706,4.72,2606.57
2025-11-22 11:00:00,4.725,4.778,4.709,4.758,2014.48
2025-11-22 12:00:00,4.751,4.751,4.682,4.722,3756.0
2025-11-22 13:00:00,4.719,4.739,4.69,4.726,4398.0
2025-11-22 14:00:00,4.736,4.815,4.736,4.781,2537.68
2025-11-22 15:00:00,4.781,4.788,4.739,4.759,2506.12
2025-11-22 16:00:00,4.757,4.827,4.748,4.803,2486.44
2025-11-22 17:00:00,4.799,4.808,4.775,4.781,5532.29
2025-11-22 18:00:00,4.775,4.778,4.737,4.775,1647.41
2025-11-22 19:00:00,4.779,4.807,4.767,4.804,1201.58
2025-11-22 20:00:00,4.794,4.808,4.741,4.751,1681.33
2025-11-22 21:00:00,4.75,4.763,4.39,4.498,93399.93
2025-11-22 22:00:00,4.501,4.701,4.487,4.651,10333.7
2025-11-22 23:00:00,4.652,4.684,4.582,4.6,13056.55
2025-11-23 00:00:00,4.601,4.684,4.587,4.614,6505.9
2025-11-23 01:00:00,4.615,4.678,4.609,4.648,4031.53
2025-11-23 02:00:00,4.649,4.677,4.639,4.644,3846.74
2025-11-23 03:00:00,4.642,4.664,4.604,4.66,5006.67
2025-11-23 04:00:00,4.66,4.718,4.659,4.7,6767.7
2025-11-23 05:00:00,4.698,4.711,4.667,4.704,3308.96
2025-11-23 06:00:00,4.705,4.707,4.652,4.657,4815.61
2025-11-23 07:00:00,4.658,4.685,4.59,4.676,4380.17
2025-11-23 08:00:00,4.674,4.679,4.594,4.605,5392.13
2025-11-23 09:00:00,4.606,4.618,4.573,4.578,6149.71
2025-11-23 10:00:00,4.582,4.583,4.535,4.566,3055.7
2025-11-23 11:00:00,4.564,4.567,4.506,4.543,5827.26
2025-11-23 12:00:00,4.538,4.603,4.525,4.567,5690.91
2025-11-23 13:00:00,4.57,4.575,4.518,4.532,3360.32
2025-11-23 14:00:00,4.534,4.555,4.427,4.43,6492.79
2025-11-23 15:00:00,4.432,4.7,4.396,4.481,25674.75
2025-11-23 16:00:00,4.48,4.574,4.426,4.427,20562.64
2025-11-23 17:00:00,4.428,4.439,4.367,4.393,38418.13
2025-11-23 18:00:00,4.39,4.467,4.386,4.43,17240.01
2025-11-23 19:00:00,4.431,4.491,4.429,4.466,11130.61
2025-11-23 20:00:00,4.467,4.501,4.454,4.483,5727.52
2025-11-23 21:00:00,4.482,4.533,4.476,4.508,7277.6
2025-11-23 22:00:00,4.507,4.513,4.47,4.501,1937.83
2025-11-23 23:00:00,4.5,4.503,4.451,4.487,5647.48
2025-11-24 00:00:00,4.483,4.5,4.403,4.466,8046.02
2025-11-24 01:00:00,4.457,4.486,4.439,4.473,1751.66
2025-11-24 02:00:00,4.474,4.575,4.469,4.526,6991.66
2025-11-24 03:00:00,4.537,4.567,4.518,4.525,3464.49
2025-11-24 04:00:00,4.52,4.538,4.46,4.477,6380.26
2025-11-24 05:00:00,4.475,4.547,4.472,4.502,6438.11
2025-11-24 06:00:00,4.502,4.504,4.45,4.48,5381.61
2025-11-24 07:00:00,4.482,4.501,4.461,4.493,3844.25
2025-11-24 08:00:00,4.488,4.506,4.472,4.495,4695.58
2025-11-24 09:00:00,4.494,4.507,4.407,4.413,2770.8
2025-11-24 10:00:00,4.413,4.436,4.41,4.432,1198.44
2025-11-24 11:00:00,4.432,4.485,4.411,4.467,2432.7
2025-11-24 12:00:00,4.46,4.472,4.428,4.434,551.58
2025-11-24 13:00:00,4.43,4.482,4.427,4.454,2198.58
2025-11-24 14:00:00,4.448,4.506,4.403,4.475,6390.24
2025-11-24 15:00:00,4.477,4.528,4.464,4.507,2672.93
2025-11-24 16:00:00,4.516,4.588,4.511,4.587,3766.4
2025-11-24 17:00:00,4.591,4.69,4.591,4.69,8023.97
2025-11-24 18:00:00,4.692,4.714,4.681,4.71,3786.68
2025-11-24 19:00:00,4.713,4.726,4.657,4.657,3533.16
2025-11-24 20:00:00,4.66,4.705,4.652,4.691,3282.13
2025-11-24 21:00:00,4.689,4.689,4.579,4.639,9391.55
2025-11-24 22:00:00,4.638,4.677,4.636,4.665,2727.14
2025-11-24 23:00:00,4.662,4.672,4.643,4.651,4471.04
2025-11-25 00:00:00,4.65,4.663,4.625,4.657,3075.03
2025-11-25 01:00:00,4.66,4.671,4.616,4.616,2192.86
2025-11-25 02:00:00,4.615,4.636,4.579,4.61,3476.25
2025-11-25 03:00:00,4.609,4.656,4.593,4.598,8825.1
2025-11-25 04:00:00,4.597,4.621,4.587,4.617,1336.25
2025-11-25 05:00:00,4.616,4.622,4.6,4.615,910.43
2025-11-25 06:00:00,4.614,4.619,4.58,4.6,1834.51
2025-11-25 07:00:00,4.594,4.63,4.582,4.585,2161.5
2025-11-25 08:00:00,4.586,4.596,4.546,4.549,4265.81
2025-11-25 09:00:00,4.55,4.573,4.516,4.572,3579.59
2025-11-25 10:00:00,4.571,4.597,4.562,4.581,2771.49
2025-11-25 11:00:00,4.58,4.58,4.545,4.554,1159.28
2025-11-25 12:00:00,4.555,4.603,4.551,4.585,2466.18
2025-11-25 13:00:00,4.584,4.628,4.535,4.581,11546.17
2025-11-25 14:00:00,4.582,4.605,4.521,4.562,10671.35
2025-11-25 15:00:00,4.562,4.612,4.53,4.591,4528.93
2025-11-25 16:00:00,4.592,4.634,4.576,4.59,7548.69
2025-11-25 17:00:00,4.591,4.647,4.578,4.633,2203.82
2025-11-25 18:00:00,4.632,4.643,4.597,4.61,6365.88
2025-11-25 19:00:00,4.61,4.616,4.535,4.589,4901.2
2025-11-25 20:00:00,4.59,4.633,4.587,4.622,1241.86
2025-11-25 21:00:00,4.621,4.634,4.614,4.614,1074.82
2025-11-25 22:00:00,4.613,4.658,4.578,4.655,1528.51
2025-11-25 23:00:00,4.655,4.694,4.648,4.676,5527.69
2025-11-26 00:00:00,4.676,4.689,4.648,4.648,2061.76
2025-11-26 01:00:00,4.646,4.702,4.633,4.679,1368.84
2025-11-26 02:00:00,4.677,4.681,4.659,4.659,1111.24
2025-11-26 03:00:00,4.661,4.672,4.643,4.644,538.14
2025-11-26 04:00:00,4.645,4.661,4.632,4.649,752.44
2025-11-26 05:00:00,4.647,4.701,4.645,4.7,549.82
2025-11-26 06:00:00,4.691,4.701,4.662,4.667,1068.38
2025-11-26 07:00:00,4.666,4.669,4.658,4.665,466.75
2025-11-26 08:00:00,4.663,4.671,4.607,4.607,1915.22
2025-11-26 09:00:00,4.607,4.61,4.582,4.582,2793.0
2025-11-26 10:00:00,4.585,4.613,4.576,4.613,612.14
2025-11-26 11:00:00,4.607,4.607,4.574,4.598,359.16
2025-11-26 12:00:00,4.598,4.598,4.552,4.578,6399.7
2025-11-26 13:00:00,4.568,4.595,4.555,4.595,4302.88
2025-11-26 14:00:00,4.595,4.632,4.554,4.557,2125.26
2025-11-26 15:00:00,4.563,4.589,4.536,4.545,2900.68
2025-11-26 16:00:00,4.553,4.603,4.553,4.594,1573.04
2025-11-26 17:00:00,4.598,4.685,4.581,4.678,2835.47
2025-11-26 18:00:00,4.674,4.692,4.651,4.68,3319.15
2025-11-26 19:00:00,4.685,4.685,4.651,4.657,1542.69
2025-11-26 20:00:00,4.655,4.655,4.63,4.651,842.56
2025-11-26 21:00:00,4.639,4.657,4.628,4.645,1300.61
2025-11-26 22:00:00,4.632,4.661,4.615,4.629,1854.77
2025-11-26 23:00:00,4.63,4.649,4.616,4.631,3718.7
2025-11-27 00:00:00,4.622,4.647,4.599,4.636,1521.12
2025-11-27 01:00:00,4.629,4.649,4.61,4.641,3147.58
2025-11-27 02:00:00,4.629,4.663,4.615,4.632,2331.5
2025-11-27 03:00:00,4.633,4.646,4.611,4.618,478.37
2025-11-27 04:00:00,4.6,4.641,4.597,4.627,436.32
2025-11-27 05:00:00,4.619,4.637,4.606,4.606,532.71
2025-11-27 06:00:00,4.601,4.625,4.601,4.614,711.35
2025-11-27 07:00:00,4.611,4.624,4.603,4.621,980.39
2025-11-27 08:00:00,4.615,4.633,4.6,4.633,786.62
2025-11-27 09:00:00,4.629,4.64,4.615,4.617,1339.45
2025-11-27 10:00:00,4.617,4.622,4.609,4.612,1240.55
2025-11-27 11:00:00,4.62,4.66,4.614,4.649,11046.07
2025-11-27 12:00:00,4.649,4.661,4.563,4.581,14268.35
2025-11-27 13:00:00,4.582,4.614,4.581,4.609,4052.11
2025-11-27 14:00:00,4.609,4.641,4.603,4.638,5348.83
2025-11-27 15:00:00,4.638,4.677,4.614,4.658,18881.14
2025-11-27 16:00:00,4.658,4.715,4.639,4.707,12444.94
2025-11-27 17:00:00,4.701,4.718,4.685,4.703,6544.87
2025-11-27 18:00:00,4.697,4.728,4.692,4.711,991.71
2025-11-27 19:00:00,4.709,4.726,4.7,4.715,1179.09
2025-11-27 20:00:00,4.718,4.731,4.708,4.724,320.63
2025-11-27 21:00:00,4.722,4.731,4.709,4.709,656.78
2025-11-27 22:00:00,4.702,4.702,4.662,4.676,790.24
2025-11-27 23:00:00,4.669,4.676,4.657,4.676,155.09
2025-11-28 00:00:00,4.67,4.698,4.662,4.662,457.61
2025-11-28 01:00:00,4.661,4.673,4.631,4.631,2509.95
2025-11-28 02:00:00,4.635,4.638,4.61,4.635,1074.85
2025-11-28 03:00:00,4.631,4.642,4.627,4.635,2907.39
2025-11-28 04:00:00,4.635,4.66,4.633,4.633,5027.57
2025-11-28 05:00:00,4.633,4.663,4.633,4.658,3995.65
2025-11-28 06:00:00,4.657,4.658,4.634,4.646,2721.38
2025-11-28 07:00:00,4.646,4.68,4.646,4.675,3410.01
2025-11-28 08:00:00,4.675,4.79,4.674,4.782,7186.31
2025-11-28 09:00:00,4.783,4.932,4.762,4.829,43792.21
2025-11-28 10:00:00,4.824,4.83,4.733,4.766,7155.94
2025-11-28 11:00:00,4.758,4.777,4.706,4.74,6479.16
2025-11-28 12:00:00,4.747,4.801,4.732,4.801,8074.87
2025-11-28 13:00:00,4.802,4.997,4.779,4.968,28109.78
2025-11-28 14:00:00,4.969,5.239,4.94,5.061,166600.11
2025-11-28 15:00:00,5.06,5.26,4.984,5.161,86889.74
2025-11-28 16:00:00,5.165,5.32,5.05,5.062,116089.14
2025-11-28 17:00:00,5.063,5.081,4.876,4.93,51152.54
2025-11-28 18:00:00,4.937,4.967,4.826,4.923,36766.78
2025-11-28 19:00:00,4.921,5.0,4.871,4.963,20307.79
2025-11-28 20:00:00,4.96,4.976,4.89,4.918,36466.31
2025-11-28 21:00:00,4.915,4.92,4.832,4.849,19797.84
2025-11-28 22:00:00,4.837,4.86,4.806,4.854,3951.56
2025-11-28 23:00:00,4.85,4.85,4.772,4.797,19191.23
2025-11-29 00:00:00,4.792,4.806,4.699,4.738,25878.54
2025-11-29 01:00:00,4.744,4.759,4.737,4.759,2226.64
2025-11-29 02:00:00,4.758,4.771,4.736,4.754,5094.47
2025-11-29 03:00:00,4.756,4.794,4.755,4.769,4946.85
2025-11-29 04:00:00,4.769,4.773,4.717,4.748,5491.23
2025-11-29 05:00:00,4.74,4.747,4.707,4.71,6353.19
2025-11-29 06:00:00,4.709,4.722,4.661,4.671,12962.79
2025-11-29 07:00:00,4.675,4.688,4.637,4.678,3820.48
2025-11-29 08:00:00,4.672,4.677,4.65,4.658,1630.73
2025-11-29 09:00:00,4.659,4.678,4.648,4.67,1709.84
2025-11-29 10:00:00,4.671,4.696,4.646,4.685,2174.56
2025-11-29 11:00:00,4.684,4.695,4.669,4.693,2559.92
2025-11-29 12:00:00,4.693,4.694,4.64,4.641,1532.38
2025-11-29 13:00:00,4.632,4.655,4.614,4.616,4525.52
2025-11-29 14:00:00,4.623,4.647,4.61,4.632,3786.38
2025-11-29 15:00:00,4.637,4.701,4.626,4.67,13106.69
2025-11-29 16:00:00,4.677,4.677,4.609,4.609,6681.87
2025-11-29 17:00:00,4.609,4.611,4.498,4.531,18759.02
2025-11-29 18:00:00,4.531,4.538,4.506,4.527,4383.69
2025-11-29 19:00:00,4.526,4.539,4.508,4.509,2585.76
2025-11-29 20:00:00,4.505,4.519,4.458,4.492,8099.52
2025-11-29 21:00:00,4.488,4.488,4.429,4.438,4117.11
2025-11-29 22:00:00,4.435,4.439,4.41,4.412,6982.97
2025-11-29 23:00:00,4.411,4.412,4.331,4.381,16914.88
2025-11-30 00:00:00,4.381,4.391,4.336,4.347,14319.09
2025-11-30 01:00:00,4.343,4.343,4.305,4.33,8239.23
2025-11-30 02:00:00,4.329,4.348,4.258,4.263,8685.7
2025-11-30 03:00:00,4.259,4.281,4.227,4.264,11394.8
2025-11-30 04:00:00,4.262,4.276,4.185,4.195,11722.55
2025-11-30 05:00:00,4.189,4.197,4.093,4.1,24060.24
2025-11-30 06:00:00,4.103,4.109,4.0,4.037,28989.13
2025-11-30 07:00:00,4.033,4.073,4.0,4.042,21764.24
2025-11-30 08:00:00,4.041,4.043,3.784,3.794,52418.71
2025-11-30 09:00:00,3.794,4.055,3.739,3.919,110211.65
2025-11-30 10:00:00,3.915,4.059,3.912,4.019,43788.49
2025-11-30 11:00:00,4.019,4.021,3.928,3.93,23945.35
2025-11-30 12:00:00,3.929,3.997,3.855,3.885,21278.59
2025-11-30 13:00:00,3.884,3.953,3.867,3.909,22427.87
2025-11-30 14:00:00,3.908,3.939,3.848,3.863,16145.36
2025-11-30 15:00:00,3.863,3.914,3.84,3.909,20902.06
2025-11-30 16:00:00,3.909,3.939,3.891,3.924,23477.98
2025-11-30 17:00:00,3.924,3.954,3.908,3.946,21313.23
2025-11-30 18:00:00,3.945,3.95,3.906,3.907,13899.14
2025-11-30 19:00:00,3.906,3.912,3.876,3.883,14377.99
2025-11-30 20:00:00,3.882,3.904,3.849,3.881,11910.37
2025-11-30 21:00:00,3.88,3.906,3.864,3.88,8700.53
2025-11-30 22:00:00,3.881,3.913,3.842,3.868,12231.94
2025-11-30 23:00:00,3.865,3.869,3.739,3.772,30738.77
2025-12-01 00:00:00,3.77,3.775,3.539,3.543,62293.12
2025-12-01 01:00:00,3.543,3.676,3.533,3.628,21993.59
2025-12-01 02:00:00,3.634,3.687,3.632,3.675,10233.93
2025-12-01 03:00:00,3.671,3.701,3.634,3.665,11381.68
2025-12-01 04:00:00,3.663,3.682,3.559,3.569,18894.09
2025-12-01 05:00:00,3.571,3.608,3.558,3.571,11257.66
2025-12-01 06:00:00,3.571,3.608,3.571,3.605,5731.53
2025-12-01 07:00:00,3.608,3.613,3.57,3.586,4852.39
2025-12-01 08:00:00,3.579,3.584,3.532,3.542,6940.62
2025-12-01 09:00:00,3.545,3.584,3.506,3.508,21529.27
2025-12-01 10:00:00,3.507,3.536,3.504,3.517,4347.09
2025-12-01 11:00:00,3.514,3.519,3.468,3.507,14414.55
2025-12-01 12:00:00,3.508,3.553,3.46,3.541,21029.76
2025-12-01 13:00:00,3.54,3.648,3.537,3.621,29214.75
2025-12-01 14:00:00,3.616,3.8,3.616,3.753,23772.57
2025-12-01 15:00:00,3.761,3.779,3.68,3.73,23151.15
2025-12-01 16:00:00,3.741,3.826,3.711,3.788,18890.05
2025-12-01 17:00:00,3.787,3.804,3.694,3.735,13778.01
2025-12-01 18:00:00,3.735,3.799,3.732,3.798,4609.53
2025-12-01 19:00:00,3.798,3.86,3.78,3.845,17000.62
2025-12-01 20:00:00,3.846,3.921,3.833,3.91,14269.12
2025-12-01 21:00:00,3.911,4.006,3.86,3.867,28379.59
2025-12-01 22:00:00,3.875,3.961,3.836,3.95,18655.1
2025-12-01 23:00:00,3.95,4.004,3.898,3.898,19750.31
2025-12-02 00:00:00,3.903,3.92,3.869,3.889,11004.37
2025-12-02 01:00:00,3.885,3.945,3.875,3.933,11291.91
2025-12-02 02:00:00,3.933,3.966,3.84,3.851,13183.83
2025-12-02 03:00:00,3.847,3.86,3.818,3.835,6070.19
2025-12-02 04:00:00,3.836,3.886,3.836,3.879,5875.92
2025-12-02 05:00:00,3.878,3.878,3.791,3.827,11516.01
2025-12-02 06:00:00,3.829,3.833,3.8,3.802,4788.0
2025-12-02 07:00:00,3.8,3.837,3.799,3.835,5923.93
2025-12-02 08:00:00,3.834,3.834,3.763,3.771,7829.27
2025-12-02 09:00:00,3.775,3.879,3.771,3.816,15099.95
2025-12-02 10:00:00,3.815,3.854,3.806,3.817,6217.36
2025-12-02 11:00:00,3.817,3.818,3.798,3.818,3811.45
2025-12-02 12:00:00,3.815,3.829,3.777,3.788,8226.52
2025-12-02 13:00:00,3.79,3.813,3.78,3.807,4695.87
2025-12-02 14:00:00,3.81,3.873,3.797,3.854,9415.36
2025-12-02 15:00:00,3.855,3.976,3.855,3.973,18713.71
2025-12-02 16:00:00,3.973,3.991,3.925,3.954,17100.17
2025-12-02 17:00:00,3.955,3.983,3.938,3.944,11334.33
2025-12-02 18:00:00,3.944,3.964,3.937,3.943,6741.47
2025-12-02 19:00:00,3.943,3.957,3.928,3.928,13964.32
2025-12-02 20:00:00,3.934,3.935,3.875,3.89,10014.34
2025-12-02 21:00:00,3.887,3.907,3.874,3.891,6116.55
2025-12-02 22:00:00,3.894,3.926,3.894,3.915,3979.43
2025-12-02 23:00:00,3.916,3.928,3.891,3.898,4960.93
2025-12-03 00:00:00,3.899,3.924,3.899,3.913,2301.19
2025-12-03 01:00:00,3.916,3.936,3.915,3.917,2738.66
2025-12-03 02:00:00,3.916,3.974,3.91,3.947,4556.15
2025-12-03 03:00:00,3.946,3.963,3.938,3.947,2896.41
2025-12-03 04:00:00,3.943,4.019,3.943,4.0,5690.36
2025-12-03 05:00:00,4.003,4.021,3.993,4.003,2801.66
2025-12-03 06:00:00,4.005,4.052,3.993,4.004,3847.56
2025-12-03 07:00:00,4.002,4.014,3.989,3.989,1652.12
2025-12-03 08:00:00,3.992,4.008,3.987,4.006,3153.97
2025-12-03 09:00:00,4.007,4.043,3.994,4.031,6404.58
2025-12-03 10:00:00,4.029,4.091,4.029,4.07,9740.57
2025-12-03 11:00:00,4.07,4.109,4.052,4.075,7267.9
2025-12-03 12:00:00,4.069,4.108,4.044,4.05,4106.53
2025-12-03 13:00:00,4.046,4.06,4.033,4.036,1775.7
2025-12-03 14:00:00,4.037,4.08,3.96,3.996,33073.96
2025-12-03 15:00:00,3.996,4.031,3.987,4.004,5998.51
2025-12-03 16:00:00,4.008,4.031,3.986,4.017,14598.67
2025-12-03 17:00:00,4.018,4.1,4.018,4.063,12269.9
2025-12-03 18:00:00,4.064,4.097,4.048,4.054,5303.32
2025-12-03 19:00:00,4.053,4.081,4.053,4.073,4025.99
2025-12-03 20:00:00,4.078,4.113,4.078,4.089,8036.23
2025-12-03 21:00:00,4.092,4.136,4.088,4.127,5107.75
2025-12-03 22:00:00,4.126,4.156,4.112,4.146,4732.46
2025-12-03 23:00:00,4.148,4.202,4.148,4.199,3361.58
2025-12-04 00:00:00,4.198,4.262,4.195,4.219,8736.05
2025-12-04 01:00:00,4.214,4.255,4.198,4.204,4914.39
2025-12-04 02:00:00,4.202,4.213,4.182,4.203,2087.3
2025-12-04 03:00:00,4.202,4.215,4.193,4.197,3324.32
2025-12-04 04:00:00,4.195,4.257,4.193,4.247,5281.17
2025-12-04 05:00:00,4.245,4.287,4.189,4.202,7888.76
2025-12-04 06:00:00,4.203,4.204,4.136,4.137,5715.23
2025-12-04 07:00:00,4.137,4.137,4.109,4.131,7935.02
2025-12-04 08:00:00,4.129,4.147,4.1,4.109,8745.98
2025-12-04 09:00:00,4.11,4.147,4.098,4.13,4050.41
2025-12-04 10:00:00,4.129,4.154,4.1,4.105,5268.17
2025-12-04 11:00:00,4.104,4.12,4.1,4.101,2510.04
2025-12-04 12:00:00,4.1,4.12,4.086,4.09,2894.39
2025-12-04 13:00:00,4.09,4.104,4.062,4.074,2737.54
2025-12-04 14:00:00,4.075,4.08,4.006,4.012,9039.96
2025-12-04 15:00:00,4.012,4.097,4.012,4.069,6362.23
2025-12-04 16:00:00,4.07,4.08,4.022,4.028,4883.77
2025-12-04 17:00:00,4.027,4.029,3.97,3.995,6566.3
2025-12-04 18:00:00,3.995,4.024,3.975,3.986,7277.55
2025-12-04 19:00:00,3.986,3.986,3.903,3.973,13399.65
2025-12-04 20:00:00,3.975,4.006,3.964,4.003,4902.59
2025-12-04 21:00:00,4.002,4.031,3.994,3.995,3741.49
2025-12-04 22:00:00,3.998,4.027,3.998,4.024,1518.95
2025-12-04 23:00:00,4.021,4.031,4.016,4.024,1013.81
2025-12-05 00:00:00,4.027,4.06,4.017,4.059,973.26
2025-12-05 01:00:00,4.054,4.078,4.041,4.054,1792.32
2025-12-05 02:00:00,4.053,4.09,4.046,4.07,1414.16
2025-12-05 03:00:00,4.072,4.074,4.027,4.035,1905.01
2025-12-05 04:00:00,4.036,4.047,3.992,4.015,5182.47
2025-12-05 05:00:00,4.011,4.017,3.989,3.993,2871.74
2025-12-05 06:00:00,3.993,4.012,3.986,4.004,3244.34
2025-12-05 07:00:00,4.0,4.022,3.996,4.001,2014.94
2025-12-05 08:00:00,3.998,4.009,3.969,3.983,998.9
2025-12-05 09:00:00,3.978,3.978,3.92,3.931,3653.66
2025-12-05 10:00:00,3.928,3.979,3.923,3.955,1640.56
2025-12-05 11:00:00,3.955,3.964,3.917,3.929,1785.17
2025-12-05 12:00:00,3.929,3.939,3.914,3.925,2207.11
2025-12-05 13:00:00,3.927,3.959,3.909,3.931,4151.54
2025-12-05 14:00:00,3.922,3.95,3.917,3.929,1341.31
2025-12-05 15:00:00,3.933,3.999,3.931,3.933,4778.84
2025-12-05 16:00:00,3.935,3.935,3.805,3.83,11936.95
2025-12-05 17:00:00,3.829,3.839,3.792,3.82,4181.61
2025-12-05 18:00:00,3.818,3.853,3.808,3.809,1186.8
2025-12-05 19:00:00,3.807,3.854,3.8,3.845,4614.81
2025-12-05 20:00:00,3.839,3.864,3.836,3.853,776.45
2025-12-05 21:00:00,3.854,3.872,3.854,3.862,2086.45
2025-12-05 22:00:00,3.867,3.887,3.85,3.879,1153.75
2025-12-05 23:00:00,3.881,3.885,3.863,3.882,269.41
2025-12-06 00:00:00,3.867,3.878,3.854,3.878,361.55
2025-12-06 01:00:00,3.871,3.884,3.866,3.866,232.04
2025-12-06 02:00:00,3.865,3.865,3.834,3.852,2616.28
2025-12-06 03:00:00,3.85,3.873,3.842,3.869,1379.48
2025-12-06 04:00:00,3.862,3.868,3.841,3.841,219.42
2025-12-06 05:00:00,3.841,3.841,3.83,3.836,221.76
2025-12-06 06:00:00,3.833,3.864,3.83,3.864,881.09
2025-12-06 07:00:00,3.865,3.885,3.855,3.885,1088.8
2025-12-06 08:00:00,3.885,3.903,3.882,3.884,2037.05
2025-12-06 09:00:00,3.886,3.901,3.878,3.887,962.89
2025-12-06 10:00:00,3.884,3.92,3.873,3.915,4192.8
2025-12-06 11:00:00,3.917,3.924,3.878,3.907,3314.51
2025-12-06 12:00:00,3.904,3.912,3.835,3.848,15677.66
2025-12-06 13:00:00,3.844,3.88,3.844,3.863,4745.7
2025-12-06 14:00:00,3.859,3.899,3.858,3.869,6461.12
2025-12-06 15:00:00,3.866,3.866,3.827,3.862,5060.86
2025-12-06 16:00:00,3.864,3.881,3.864,3.869,715.02
2025-12-06 17:00:00,3.87,3.888,3.87,3.883,302.74
2025-12-06 18:00:00,3.885,3.911,3.881,3.9,3239.78
2025-12-06 19:00:00,3.898,3.902,3.871,3.875,4407.63
2025-12-06 20:00:00,3.875,3.887,3.873,3.887,889.52
2025-12-06 21:00:00,3.887,3.93,3.887,3.89,5058.76
2025-12-06 22:00:00,3.895,3.904,3.88,3.88,1267.08
2025-12-06 23:00:00,3.879,3.884,3.836,3.868,3451.83
2025-12-07 00:00:00,3.865,3.897,3.859,3.897,1724.21
2025-12-07 01:00:00,3.896,3.926,3.893,3.905,5115.24
2025-12-07 02:00:00,3.905,3.93,3.902,3.926,1031.74
2025-12-07 03:00:00,3.926,3.934,3.91,3.914,1858.9
2025-12-07 04:00:00,3.913,3.917,3.878,3.878,697.29
2025-12-07 05:00:00,3.879,3.93,3.879,3.924,2799.17
2025-12-07 06:00:00,3.93,3.945,3.923,3.941,854.61
2025-12-07 07:00:00,3.941,3.941,3.894,3.902,924.97
2025-12-07 08:00:00,3.905,3.905,3.882,3.883,455.76
2025-12-07 09:00:00,3.883,3.894,3.86,3.867,1069.77
2025-12-07 10:00:00,3.868,3.887,3.864,3.88,468.38
2025-12-07 11:00:00,3.877,3.89,3.873,3.886,557.01
2025-12-07 12:00:00,3.884,3.91,3.882,3.906,495.54
2025-12-07 13:00:00,3.909,3.91,3.867,3.876,1535.09
2025-12-07 14:00:00,3.877,3.878,3.779,3.786,12609.87
2025-12-07 15:00:00,3.785,3.928,3.781,3.912,5210.61
2025-12-07 16:00:00,3.911,3.911,3.875,3.895,1353.68
2025-12-07 17:00:00,3.889,3.947,3.876,3.929,3200.38
2025-12-07 18:00:00,3.928,3.952,3.928,3.945,1682.57
2025-12-07 19:00:00,3.948,3.981,3.938,3.98,2516.92
2025-12-07 20:00:00,3.981,4.005,3.979,3.982,2186.4
2025-12-07 21:00:00,3.983,3.995,3.896,3.914,1477.69
2025-12-07 22:00:00,3.909,3.911,3.811,3.835,6997.18
2025-12-07 23:00:00,3.831,3.843,3.81,3.83,1393.5
2025-12-08 00:00:00,3.828,3.862,3.819,3.854,1079.14
2025-12-08 01:00:00,3.851,3.912,3.848,3.882,1512.74
2025-12-08 02:00:00,3.881,3.898,3.872,3.895,461.61
2025-12-08 03:00:00,3.899,3.916,3.897,3.905,1346.68
2025-12-08 04:00:00,3.906,3.938,3.904,3.931,1661.45
2025-12-08 05:00:00,3.934,3.94,3.92,3.936,395.91
2025-12-08 06:00:00,3.931,3.949,3.928,3.948,626.0
2025-12-08 07:00:00,3.948,3.954,3.931,3.945,911.67
2025-12-08 08:00:00,3.945,3.965,3.94,3.965,2434.17
2025-12-08 09:00:00,3.961,4.001,3.96,3.979,2154.03
2025-12-08 10:00:00,3.978,3.995,3.977,3.985,2054.89
2025-12-08 11:00:00,3.981,4.012,3.96,3.97,6927.39
2025-12-08 12:00:00,3.97,3.973,3.947,3.952,22103.26
2025-12-08 13:00:00,3.952,3.963,3.893,3.9,26246.49
2025-12-08 14:00:00,3.9,3.956,3.891,3.915,13732.79
2025-12-08 15:00:00,3.912,3.919,3.876,3.897,7480.25
2025-12-08 16:00:00,3.893,3.94,3.876,3.884,3716.09
2025-12-08 17:00:00,3.886,3.896,3.845,3.868,3048.66
2025-12-08 18:00:00,3.869,3.871,3.824,3.831,2190.28
2025-12-08 19:00:00,3.833,3.866,3.827,3.856,3455.21
2025-12-08 20:00:00,3.859,3.881,3.85,3.879,2947.74
2025-12-08 21:00:00,3.875,3.888,3.864,3.88,3359.82
2025-12-08 22:00:00,3.88,3.916,3.867,3.907,9604.13
2025-12-08 23:00:00,3.913,3.914,3.877,3.892,5608.17
2025-12-09 00:00:00,3.894,3.915,3.886,3.905,2420.36
2025-12-09 01:00:00,3.9,3.906,3.88,3.89,1884.94
2025-12-09 02:00:00,3.89,3.918,3.889,3.899,1854.49
2025-12-09 03:00:00,3.899,3.928,3.884,3.926,861.21
2025-12-09 04:00:00,3.928,3.928,3.878,3.88,667.08
2025-12-09 05:00:00,3.881,3.881,3.863,3.863,849.85
2025-12-09 06:00:00,3.862,3.868,3.84,3.866,1323.76
2025-12-09 07:00:00,3.867,3.889,3.861,3.884,1077.38
2025-12-09 08:00:00,3.882,3.885,3.854,3.86,2458.7
2025-12-09 09:00:00,3.863,3.863,3.837,3.845,1724.61
2025-12-09 10:00:00,3.846,3.854,3.823,3.847,1899.36
2025-12-09 11:00:00,3.848,3.853,3.837,3.853,2529.56
2025-12-09 12:00:00,3.846,3.88,3.845,3.87,3797.14
2025-12-09 13:00:00,3.869,3.883,3.853,3.853,2636.85
2025-12-09 14:00:00,3.86,3.864,3.83,3.848,5531.56
2025-12-09 15:00:00,3.853,3.985,3.851,3.977,17568.39
2025-12-09 16:00:00,3.976,4.023,3.976,4.011,35869.85
2025-12-09 17:00:00,4.017,4.038,4.008,4.024,24172.4
2025-12-09 18:00:00,4.03,4.043,4.012,4.027,9896.85
2025-12-09 19:00:00,4.028,4.031,3.988,4.008,4216.22
2025-12-09 20:00:00,4.005,4.015,3.969,3.994,4897.68
2025-12-09 21:00:00,3.989,4.003,3.938,3.964,11910.22
2025-12-09 22:00:00,3.965,4.003,3.96,3.993,4224.98
2025-12-09 23:00:00,3.993,3.998,3.963,3.968,3363.91
2025-12-10 00:00:00,3.97,3.98,3.957,3.968,2748.73
2025-12-10 01:00:00,3.964,3.972,3.948,3.961,2567.85
2025-12-10 02:00:00,3.955,3.98,3.952,3.98,2316.1
2025-12-10 03:00:00,3.981,3.99,3.968,3.99,2259.79
2025-12-10 04:00:00,3.99,4.012,3.982,4.006,3019.52
2025-12-10 05:00:00,4.008,4.012,3.99,3.996,3863.38
2025-12-10 06:00:00,3.996,4.022,3.992,4.021,2319.88
2025-12-10 07:00:00,4.016,4.019,4.009,4.019,1038.45
2025-12-10 08:00:00,4.021,4.021,3.99,3.99,1914.15
2025-12-10 09:00:00,3.99,3.99,3.961,3.975,975.23
2025-12-10 10:00:00,3.981,4.001,3.932,3.932,1750.29
2025-12-10 11:00:00,3.933,3.945,3.928,3.936,1359.09
2025-12-10 12:00:00,3.937,3.937,3.91,3.911,585.8
2025-12-10 13:00:00,3.914,3.93,3.912,3.924,1838.19
2025-12-10 14:00:00,3.929,3.929,3.91,3.914,365.94
2025-12-10 15:00:00,3.913,3.945,3.911,3.929,1294.77
2025-12-10 16:00:00,3.933,3.959,3.932,3.947,707.16
2025-12-10 17:00:00,3.949,3.973,3.949,3.958,497.82
2025-12-10 18:00:00,3.956,3.997,3.945,3.97,5377.87
2025-12-10 19:00:00,3.975,4.028,3.938,3.987,11070.62
2025-12-10 20:00:00,3.986,4.044,3.951,3.957,9267.97
2025-12-10 21:00:00,3.956,3.968,3.919,3.922,4144.97
2025-12-10 22:00:00,3.919,3.929,3.873,3.917,4305.31
2025-12-10 23:00:00,3.915,3.918,3.882,3.887,2487.89
2025-12-11 00:00:00,3.883,3.891,3.84,3.846,9225.55
2025-12-11 01:00:00,3.846,3.846,3.79,3.795,15454.72
2025-12-11 02:00:00,3.8,3.801,3.757,3.762,1731.95
2025-12-11 03:00:00,3.757,3.76,3.733,3.742,1496.26
2025-12-11 04:00:00,3.739,3.793,3.728,3.793,1408.5
2025-12-11 05:00:00,3.784,3.798,3.767,3.794,1291.62
2025-12-11 06:00:00,3.79,3.803,3.782,3.796,602.56
2025-12-11 07:00:00,3.795,3.795,3.777,3.782,491.11
2025-12-11 08:00:00,3.778,3.779,3.761,3.77,434.57
2025-12-11 09:00:00,3.766,3.781,3.758,3.769,750.24
2025-12-11 10:00:00,3.761,3.763,3.727,3.731,17938.05
2025-12-11 11:00:00,3.731,3.742,3.711,3.713,22304.26
2025-12-11 12:00:00,3.716,3.738,3.694,3.733,11385.08
2025-12-11 13:00:00,3.735,3.74,3.725,3.739,230.7
2025-12-11 14:00:00,3.739,3.766,3.718,3.732,2786.85
2025-12-11 15:00:00,3.727,3.762,3.701,3.709,2515.3
2025-12-11 16:00:00,3.714,3.714,3.671,3.69,1938.54
2025-12-11 17:00:00,3.686,3.715,3.677,3.694,1040.25
2025-12-11 18:00:00,3.696,3.748,3.689,3.71,1659.06
2025-12-11 19:00:00,3.71,3.736,3.694,3.698,2719.08
2025-12-11 20:00:00,3.694,3.724,3.694,3.719,936.01
2025-12-11 21:00:00,3.72,3.78,3.715,3.759,1839.53
2025-12-11 22:00:00,3.77,3.771,3.73,3.742,844.4
2025-12-11 23:00:00,3.744,3.752,3.732,3.747,357.96
2025-12-12 00:00:00,3.737,3.746,3.683,3.683,2072.12
2025-12-12 01:00:00,3.689,3.714,3.682,3.702,1211.07
2025-12-12 02:00:00,3.701,3.731,3.699,3.727,722.17
2025-12-12 03:00:00,3.725,3.725,3.694,3.706,310.95
2025-12-12 04:00:00,3.706,3.708,3.696,3.708,241.2
2025-12-12 05:00:00,3.709,3.727,3.696,3.722,375.18
2025-12-12 06:00:00,3.728,3.743,3.72,3.72,526.54
2025-12-12 07:00:00,3.725,3.752,3.723,3.749,9498.49
2025-12-12 08:00:00,3.747,3.755,3.726,3.735,1324.67
2025-12-12 09:00:00,3.741,3.754,3.736,3.746,977.6
2025-12-12 10:00:00,3.754,3.779,3.754,3.769,5511.83
2025-12-12 11:00:00,3.762,3.765,3.73,3.733,11297.54
2025-12-12 12:00:00,3.735,3.752,3.73,3.752,1239.86
2025-12-12 13:00:00,3.751,3.767,3.734,3.747,8317.92
2025-12-12 14:00:00,3.744,3.744,3.709,3.729,8194.43
2025-12-12 15:00:00,3.724,3.724,3.546,3.57,22218.1
2025-12-12 16:00:00,3.561,3.578,3.454,3.454,16958.17
2025-12-12 17:00:00,3.454,3.544,3.454,3.526,14925.54
2025-12-12 18:00:00,3.524,3.566,3.522,3.536,4635.55
2025-12-12 19:00:00,3.536,3.536,3.506,3.519,2814.68
2025-12-12 20:00:00,3.518,3.544,3.518,3.533,1464.17
2025-12-12 21:00:00,3.536,3.555,3.536,3.547,1804.6
2025-12-12 22:00:00,3.546,3.605,3.546,3.576,3899.34
2025-12-12 23:00:00,3.58,3.596,3.576,3.576,1734.68
2025-12-13 00:00:00,3.58,3.604,3.58,3.581,1521.71
2025-12-13 01:00:00,3.585,3.585,3.566,3.568,431.22
2025-12-13 02:00:00,3.575,3.575,3.563,3.563,268.14
2025-12-13 03:00:00,3.565,3.57,3.552,3.56,396.81
2025-12-13 04:00:00,3.559,3.56,3.536,3.536,808.75
2025-12-13 05:00:00,3.537,3.542,3.456,3.501,14123.08
2025-12-13 06:00:00,3.501,3.523,3.491,3.502,7566.15
2025-12-13 07:00:00,3.498,3.55,3.498,3.55,1417.44
2025-12-13 08:00:00,3.548,3.566,3.548,3.566,1359.93
2025-12-13 09:00:00,3.566,3.566,3.538,3.547,5422.83
2025-12-13 10:00:00,3.544,3.563,3.541,3.555,727.29
2025-12-13 11:00:00,3.56,3.563,3.537,3.542,4603.97
2025-12-13 12:00:00,3.546,3.563,3.545,3.554,882.68
2025-12-13 13:00:00,3.553,3.584,3.552,3.577,8659.84
2025-12-13 14:00:00,3.584,3.592,3.567,3.589,993.11
2025-12-13 15:00:00,3.589,3.596,3.569,3.575,634.89
2025-12-13 16:00:00,3.569,3.576,3.551,3.564,1832.49
2025-12-13 17:00:00,3.56,3.561,3.548,3.553,615.85
2025-12-13 18:00:00,3.549,3.562,3.533,3.542,960.54
2025-12-13 19:00:00,3.54,3.551,3.532,3.546,832.83
2025-12-13 20:00:00,3.543,3.543,3.519,3.519,1577.76
2025-12-13 21:00:00,3.518,3.519,3.495,3.519,941.27
2025-12-13 22:00:00,3.519,3.533,3.517,3.53,194.65
2025-12-13 23:00:00,3.522,3.536,3.519,3.533,197.28
2025-12-14 00:00:00,3.533,3.534,3.514,3.52,226.15
2025-12-14 01:00:00,3.523,3.588,3.515,3.581,8650.96
2025-12-14 02:00:00,3.585,3.64,3.546,3.548,20995.06
2025-12-14 03:00:00,3.548,3.548,3.494,3.498,4106.1
2025-12-14 04:00:00,3.501,3.51,3.477,3.506,4052.6
2025-12-14 05:00:00,3.501,3.514,3.486,3.499,4882.21
2025-12-14 06:00:00,3.499,3.499,3.478,3.491,621.5
2025-12-14 07:00:00,3.488,3.493,3.48,3.483,1527.28
2025-12-14 08:00:00,3.483,3.495,3.483,3.488,2020.38
2025-12-14 09:00:00,3.488,3.504,3.476,3.493,4233.6
2025-12-14 10:00:00,3.498,3.498,3.473,3.485,2739.94
2025-12-14 11:00:00,3.482,3.485,3.442,3.479,8470.57
2025-12-14 12:00:00,3.476,3.491,3.464,3.484,1658.58
2025-12-14 13:00:00,3.479,3.482,3.465,3.472,1620.29
2025-12-14 14:00:00,3.477,3.481,3.44,3.457,1298.73
2025-12-14 15:00:00,3.456,3.479,3.453,3.479,877.45
2025-12-14 16:00:00,3.475,3.492,3.469,3.476,626.39
2025-12-14 17:00:00,3.48,3.483,3.435,3.445,2480.63
2025-12-14 18:00:00,3.441,3.458,3.422,3.429,2606.41
2025-12-14 19:00:00,3.428,3.43,3.406,3.417,1986.04
2025-12-14 20:00:00,3.419,3.434,3.4,3.413,4214.23
2025-12-14 21:00:00,3.412,3.414,3.381,3.384,2815.43
2025-12-14 22:00:00,3.385,3.398,3.375,3.398,1154.87
2025-12-14 23:00:00,3.399,3.407,3.353,3.392,4370.62
2025-12-15 00:00:00,3.401,3.422,3.39,3.422,1709.59
2025-12-15 01:00:00,3.423,3.474,3.418,3.458,1552.4
2025-12-15 02:00:00,3.464,3.5,3.452,3.452,1304.09
2025-12-15 03:00:00,3.452,3.471,3.444,3.455,918.0
2025-12-15 04:00:00,3.461,3.476,3.452,3.472,705.58
2025-12-15 05:00:00,3.472,3.478,3.464,3.473,1073.79
2025-12-15 06:00:00,3.475,3.483,3.467,3.472,401.47
2025-12-15 07:00:00,3.475,3.482,3.444,3.453,1116.41
2025-12-15 08:00:00,3.456,3.514,3.455,3.486,5059.81
2025-12-15 09:00:00,3.482,3.523,3.482,3.493,2150.58
2025-12-15 10:00:00,3.497,3.519,3.491,3.513,3377.81
2025-12-15 11:00:00,3.509,3.524,3.499,3.521,10505.3
2025-12-15 12:00:00,3.516,3.578,3.51,3.535,9707.83
2025-12-15 13:00:00,3.539,3.542,3.492,3.5,5400.82
2025-12-15 14:00:00,3.499,3.534,3.43,3.447,10493.76
2025-12-15 15:00:00,3.444,3.452,3.328,3.361,25886.13
2025-12-15 16:00:00,3.359,3.437,3.335,3.353,8624.87
2025-12-15 17:00:00,3.354,3.364,3.324,3.332,1705.55
2025-12-15 18:00:00,3.331,3.343,3.289,3.343,3050.83
2025-12-15 19:00:00,3.342,3.373,3.342,3.362,775.82
2025-12-15 20:00:00,3.353,3.36,3.33,3.344,814.95
2025-12-15 21:00:00,3.342,3.373,3.338,3.362,410.28
2025-12-15 22:00:00,3.371,3.371,3.355,3.366,378.06
2025-12-15 23:00:00,3.366,3.387,3.366,3.385,461.65
2025-12-16 00:00:00,3.381,3.404,3.356,3.357,880.92
2025-12-16 01:00:00,3.355,3.376,3.35,3.371,592.08
2025-12-16 02:00:00,3.367,3.397,3.358,3.381,8798.23
2025-12-16 03:00:00,3.384,3.396,3.363,3.392,4047.2
2025-12-16 04:00:00,3.397,3.401,3.332,3.357,2506.53
2025-12-16 05:00:00,3.359,3.377,3.353,3.362,722.79
2025-12-16 06:00:00,3.363,3.373,3.36,3.369,581.42
2025-12-16 07:00:00,3.37,3.381,3.319,3.332,4341.11
2025-12-16 08:00:00,3.332,3.35,3.327,3.331,347.85
2025-12-16 09:00:00,3.342,3.348,3.339,3.344,164.69
2025-12-16 10:00:00,3.344,3.396,3.336,3.384,1192.89
2025-12-16 11:00:00,3.382,3.389,3.374,3.376,3854.79
2025-12-16 12:00:00,3.377,3.39,3.366,3.366,548.15
2025-12-16 13:00:00,3.365,3.399,3.333,3.337,10572.0
2025-12-16 14:00:00,3.341,3.372,3.321,3.351,10404.0
2025-12-16 15:00:00,3.361,3.393,3.341,3.389,11857.3
2025-12-16 16:00:00,3.39,3.394,3.364,3.378,3274.59
2025-12-16 17:00:00,3.37,3.374,3.344,3.351,959.72
2025-12-16 18:00:00,3.346,3.383,3.344,3.381,697.87
2025-12-16 19:00:00,3.378,3.378,3.346,3.372,987.17
2025-12-16 20:00:00,3.372,3.383,3.366,3.383,223.74
2025-12-16 21:00:00,3.371,3.379,3.366,3.375,278.5
2025-12-16 22:00:00,3.377,3.38,3.366,3.369,405.36
2025-12-16 23:00:00,3.369,3.386,3.36,3.386,1770.56
2025-12-17 00:00:00,3.384,3.399,3.378,3.399,2180.62
2025-12-17 01:00:00,3.399,3.449,3.391,3.426,5233.01
2025-12-17 02:00:00,3.432,3.538,3.425,3.513,8304.25
2025-12-17 03:00:00,3.511,3.564,3.505,3.535,10234.38
2025-12-17 04:00:00,3.536,3.56,3.515,3.54,5891.78
2025-12-17 05:00:00,3.539,3.592,3.517,3.565,12417.51
2025-12-17 06:00:00,3.564,3.588,3.516,3.53,5206.0
2025-12-17 07:00:00,3.53,3.539,3.494,3.516,4966.02
2025-12-17 08:00:00,3.513,3.53,3.466,3.495,14498.93
2025-12-17 09:00:00,3.496,3.505,3.473,3.473,1696.66
2025-12-17 10:00:00,3.473,3.478,3.461,3.468,1163.49
2025-12-17 11:00:00,3.467,3.467,3.422,3.429,9017.68
2025-12-17 12:00:00,3.43,3.454,3.423,3.433,1813.93
2025-12-17 13:00:00,3.433,3.47,3.405,3.449,4164.94
2025-12-17 14:00:00,3.455,3.503,3.401,3.503,6323.53
2025-12-17 15:00:00,3.504,3.523,3.416,3.434,4667.65
2025-12-17 16:00:00,3.435,3.447,3.348,3.395,6469.56
2025-12-17 17:00:00,3.39,3.405,3.33,3.333,2406.92
2025-12-17 18:00:00,3.334,3.347,3.28,3.28,3169.68
2025-12-17 19:00:00,3.284,3.285,3.241,3.278,7129.21
2025-12-17 20:00:00,3.28,3.299,3.268,3.268,5316.08
2025-12-17 21:00:00,3.272,3.279,3.246,3.253,996.78
2025-12-17 22:00:00,3.252,3.274,3.234,3.262,3515.05
2025-12-17 23:00:00,3.262,3.263,3.24,3.261,2027.49
2025-12-18 00:00:00,3.257,3.257,3.227,3.249,1640.98
2025-12-18 01:00:00,3.246,3.246,3.204,3.209,5096.86
2025-12-18 02:00:00,3.21,3.247,3.201,3.241,2548.27
2025-12-18 03:00:00,3.236,3.242,3.214,3.226,1264.24
2025-12-18 04:00:00,3.222,3.266,3.222,3.262,3387.52
2025-12-18 05:00:00,3.262,3.262,3.222,3.231,1569.66
2025-12-18 06:00:00,3.231,3.251,3.22,3.231,1745.01
2025-12-18 07:00:00,3.239,3.241,3.22,3.233,3438.83
2025-12-18 08:00:00,3.234,3.29,3.232,3.288,5304.11
2025-12-18 09:00:00,3.291,3.308,3.279,3.291,1776.06
2025-12-18 10:00:00,3.295,3.325,3.29,3.313,1799.36
2025-12-18 11:00:00,3.315,3.319,3.298,3.319,915.19
2025-12-18 12:00:00,3.316,3.317,3.3,3.302,540.32
2025-12-18 13:00:00,3.307,3.37,3.304,3.366,5914.91
2025-12-18 14:00:00,3.371,3.388,3.311,3.326,4428.63
2025-12-18 15:00:00,3.32,3.367,3.295,3.33,4769.06
2025-12-18 16:00:00,3.331,3.342,3.314,3.322,1184.59
2025-12-18 17:00:00,3.317,3.317,3.167,3.226,9441.32
2025-12-18 18:00:00,3.227,3.239,3.172,3.176,1089.12
2025-12-18 19:00:00,3.172,3.178,3.121,3.133,8512.55
2025-12-18 20:00:00,3.125,3.214,3.125,3.205,13906.75
2025-12-18 21:00:00,3.206,3.283,3.206,3.276,6417.06
2025-12-18 22:00:00,3.279,3.323,3.254,3.282,17395.9
2025-12-18 23:00:00,3.282,3.287,3.253,3.28,5480.15
2025-12-19 00:00:00,3.28,3.32,3.276,3.317,10865.97
2025-12-19 01:00:00,3.316,3.953,3.273,3.448,397502.22
2025-12-19 02:00:00,3.441,3.531,3.379,3.436,281283.8
2025-12-19 03:00:00,3.436,3.578,3.435,3.557,118430.23
2025-12-19 04:00:00,3.56,3.9,3.549,3.585,64566.76
2025-12-19 05:00:00,3.584,3.594,3.542,3.578,41047.07
2025-12-19 06:00:00,3.584,3.63,3.491,3.514,118429.21
2025-12-19 07:00:00,3.52,3.584,3.358,3.41,119046.82
2025-12-19 08:00:00,3.403,3.436,3.352,3.397,40302.07
2025-12-19 09:00:00,3.396,3.546,3.391,3.439,111944.64
2025-12-19 10:00:00,3.44,3.549,3.437,3.462,49535.5
2025-12-19 11:00:00,3.461,3.488,3.41,3.431,13427.05
2025-12-19 12:00:00,3.433,3.442,3.377,3.38,10893.53
2025-12-19 13:00:00,3.383,3.399,3.372,3.388,5341.54
2025-12-19 14:00:00,3.39,3.414,3.369,3.387,5384.98
2025-12-19 15:00:00,3.395,3.409,3.339,3.358,24071.87
2025-12-19 16:00:00,3.361,3.424,3.361,3.387,6297.76
2025-12-19 17:00:00,3.393,3.416,3.373,3.378,5919.82
2025-12-19 18:00:00,3.382,3.397,3.374,3.384,4299.57
2025-12-19 19:00:00,3.387,3.446,3.38,3.412,9148.06
2025-12-19 20:00:00,3.41,3.42,3.388,3.403,9700.0
2025-12-19 21:00:00,3.403,3.404,3.377,3.377,8115.8
2025-12-19 22:00:00,3.378,3.406,3.378,3.406,8823.36
2025-12-19 23:00:00,3.405,3.413,3.378,3.399,9839.73
2025-12-20 00:00:00,3.399,3.399,3.375,3.392,6313.11
2025-12-20 01:00:00,3.393,3.46,3.388,3.397,12914.45
2025-12-20 02:00:00,3.397,3.405,3.375,3.396,9742.07
2025-12-20 03:00:00,3.394,3.419,3.387,3.392,11392.27
2025-12-20 04:00:00,3.392,3.4,3.378,3.379,4696.16
2025-12-20 05:00:00,3.384,3.412,3.38,3.397,6880.85
2025-12-20 06:00:00,3.398,3.409,3.393,3.398,4753.89
2025-12-20 07:00:00,3.399,3.421,3.382,3.389,14294.05
2025-12-20 08:00:00,3.394,3.399,3.38,3.38,5530.0
2025-12-20 09:00:00,3.381,3.387,3.344,3.345,9003.72
2025-12-20 10:00:00,3.345,3.362,3.335,3.338,11379.88
2025-12-20 11:00:00,3.337,3.398,3.335,3.381,18128.03
2025-12-20 12:00:00,3.378,3.378,3.341,3.347,4502.36
2025-12-20 13:00:00,3.349,3.351,3.327,3.337,3919.25
2025-12-20 14:00:00,3.339,3.356,3.325,3.35,5873.12
2025-12-20 15:00:00,3.349,3.362,3.325,3.327,4929.41
2025-12-20 16:00:00,3.334,3.351,3.325,3.35,4222.21
2025-12-20 17:00:00,3.352,3.359,3.343,3.352,4549.68
2025-12-20 18:00:00,3.351,3.369,3.345,3.355,5707.47
2025-12-20 19:00:00,3.355,3.362,3.343,3.361,2978.99
2025-12-20 20:00:00,3.358,3.359,3.348,3.352,488.0
2025-12-20 21:00:00,3.352,3.362,3.345,3.345,3333.19
2025-12-20 22:00:00,3.345,3.356,3.345,3.349,2819.88
2025-12-20 23:00:00,3.351,3.355,3.345,3.352,960.04
2025-12-21 00:00:00,3.352,3.357,3.316,3.316,3786.89
2025-12-21 01:00:00,3.323,3.335,3.293,3.317,12957.95
2025-12-21 02:00:00,3.321,3.325,3.305,3.325,3218.02
2025-12-21 03:00:00,3.325,3.332,3.309,3.328,3327.76
2025-12-21 04:00:00,3.328,3.333,3.314,3.32,2053.04
2025-12-21 05:00:00,3.321,3.331,3.288,3.292,8344.88
2025-12-21 06:00:00,3.292,3.298,3.284,3.293,5263.24
2025-12-21 07:00:00,3.292,3.292,3.271,3.28,10192.9
2025-12-21 08:00:00,3.279,3.283,3.256,3.269,5426.39
2025-12-21 09:00:00,3.27,3.274,3.253,3.265,2656.32
2025-12-21 10:00:00,3.265,3.269,3.243,3.251,5381.9
2025-12-21 11:00:00,3.25,3.257,3.241,3.248,3329.07
2025-12-21 12:00:00,3.249,3.256,3.211,3.221,6618.08
2025-12-21 13:00:00,3.221,3.223,3.16,3.167,7400.07
2025-12-21 14:00:00,3.164,3.19,3.163,3.182,5460.91
2025-12-21 15:00:00,3.182,3.214,3.182,3.212,8647.03
2025-12-21 16:00:00,3.212,3.212,3.186,3.196,11455.36
2025-12-21 17:00:00,3.197,3.206,3.185,3.19,1652.56
2025-12-21 18:00:00,3.19,3.208,3.188,3.205,2455.99
2025-12-21 19:00:00,3.206,3.213,3.187,3.207,7063.02
2025-12-21 20:00:00,3.207,3.21,3.195,3.202,2760.88
2025-12-21 21:00:00,3.202,3.204,3.19,3.192,1857.36
2025-12-21 22:00:00,3.191,3.213,3.188,3.204,3290.5
2025-12-21 23:00:00,3.205,3.211,3.178,3.178,3466.43
2025-12-22 00:00:00,3.181,3.214,3.167,3.169,7286.0
2025-12-22 01:00:00,3.168,3.173,3.127,3.143,8611.18
2025-12-22 02:00:00,3.145,3.16,3.116,3.125,15437.68
2025-12-22 03:00:00,3.125,3.162,3.124,3.138,8129.47
2025-12-22 04:00:00,3.135,3.135,3.113,3.113,3503.39
2025-12-22 05:00:00,3.113,3.114,3.096,3.103,3698.85
2025-12-22 06:00:00,3.106,3.111,3.068,3.071,7971.63
2025-12-22 07:00:00,3.067,3.069,3.033,3.04,15461.4
2025-12-22 08:00:00,3.046,3.051,3.001,3.019,19508.49
2025-12-22 09:00:00,3.011,3.025,3.005,3.014,6818.5
2025-12-22 10:00:00,3.014,3.028,2.99,2.997,17595.41
2025-12-22 11:00:00,2.997,3.046,2.975,3.034,16345.86
2025-12-22 12:00:00,3.033,3.044,3.022,3.031,8007.6
2025-12-22 13:00:00,3.032,3.048,3.021,3.043,10110.28
2025-12-22 14:00:00,3.044,3.085,3.044,3.066,20917.67
2025-12-22 15:00:00,3.067,3.069,3.004,3.041,13509.71
2025-12-22 16:00:00,3.041,3.056,3.02,3.02,4200.84
2025-12-22 17:00:00,3.019,3.032,3.013,3.027,4656.23
2025-12-22 18:00:00,3.031,3.04,3.018,3.018,4669.2
2025-12-22 19:00:00,3.017,3.021,2.991,3.011,6987.97
2025-12-22 20:00:00,2.999,3.015,2.967,2.977,17277.9
2025-12-22 21:00:00,2.975,2.982,2.951,2.956,4382.68
2025-12-22 22:00:00,2.955,2.963,2.923,2.963,12371.45
2025-12-22 23:00:00,2.963,2.973,2.96,2.967,3724.39
2025-12-23 00:00:00,2.966,2.991,2.958,2.977,3874.11
2025-12-23 01:00:00,2.972,2.978,2.96,2.964,2601.13
2025-12-23 02:00:00,2.964,2.967,2.942,2.943,2290.16
2025-12-23 03:00:00,2.942,2.964,2.93,2.94,5877.46
2025-12-23 04:00:00,2.941,2.941,2.88,2.907,13459.15
2025-12-23 05:00:00,2.904,2.908,2.884,2.9,3335.28
2025-12-23 06:00:00,2.898,2.898,2.871,2.885,6272.18
2025-12-23 07:00:00,2.881,2.886,2.863,2.863,7405.91
2025-12-23 08:00:00,2.864,2.88,2.861,2.863,2283.58
2025-12-23 09:00:00,2.86,2.872,2.851,2.87,3806.06
2025-12-23 10:00:00,2.872,2.9,2.871,2.892,7344.48
2025-12-23 11:00:00,2.889,2.896,2.879,2.882,2813.2
2025-12-23 12:00:00,2.885,2.889,2.861,2.875,1636.94
2025-12-23 13:00:00,2.874,2.878,2.84,2.855,6474.81
2025-12-23 14:00:00,2.856,2.859,2.812,2.826,4496.05
2025-12-23 15:00:00,2.826,2.851,2.812,2.828,6484.37
2025-12-23 16:00:00,2.827,2.877,2.824,2.873,3026.66
2025-12-23 17:00:00,2.872,2.879,2.83,2.831,2175.66
2025-12-23 18:00:00,2.835,2.876,2.833,2.872,1311.82
2025-12-23 19:00:00,2.875,2.887,2.861,2.867,3177.76
2025-12-23 20:00:00,2.87,2.889,2.861,2.868,4700.22
2025-12-23 21:00:00,2.872,2.874,2.858,2.861,975.16
2025-12-23 22:00:00,2.863,2.883,2.863,2.883,2176.87
2025-12-23 23:00:00,2.884,2.934,2.87,2.879,26094.48
2025-12-24 00:00:00,2.878,2.884,2.859,2.879,2235.41
2025-12-24 01:00:00,2.879,2.886,2.852,2.864,2272.38
2025-12-24 02:00:00,2.858,2.86,2.827,2.839,3221.11
2025-12-24 03:00:00,2.834,2.845,2.815,2.845,6977.87
2025-12-24 04:00:00,2.843,2.856,2.822,2.822,2788.63
2025-12-24 05:00:00,2.824,2.862,2.824,2.86,5538.84
2025-12-24 06:00:00,2.857,2.915,2.849,2.883,10118.18
2025-12-24 07:00:00,2.888,2.902,2.858,2.866,13620.08
2025-12-24 08:00:00,2.857,2.86,2.839,2.839,2573.52
2025-12-24 09:00:00,2.841,2.841,2.813,2.813,8071.62
2025-12-24 10:00:00,2.815,2.839,2.811,2.828,2511.47
2025-12-24 11:00:00,2.827,2.849,2.826,2.838,8608.6
2025-12-24 12:00:00,2.838,2.85,2.83,2.847,6910.8
2025-12-24 13:00:00,2.847,2.847,2.82,2.825,1470.65
2025-12-24 14:00:00,2.826,2.846,2.8,2.83,8864.84
2025-12-24 15:00:00,2.835,2.853,2.829,2.836,1867.83
2025-12-24 16:00:00,2.836,2.876,2.832,2.872,6891.64
2025-12-24 17:00:00,2.871,2.897,2.871,2.873,4707.77
2025-12-24 18:00:00,2.875,2.883,2.871,2.878,1025.36
2025-12-24 19:00:00,2.876,2.893,2.873,2.893,2274.86
2025-12-24 20:00:00,2.889,2.91,2.887,2.903,4340.21
2025-12-24 21:00:00,2.906,2.996,2.906,2.971,22361.02
2025-12-24 22:00:00,2.968,2.997,2.958,2.961,16252.9
2025-12-24 23:00:00,2.96,2.961,2.924,2.944,8594.24
2025-12-25 00:00:00,2.939,2.946,2.922,2.935,3256.54
2025-12-25 01:00:00,2.931,2.945,2.928,2.943,2619.16
2025-12-25 02:00:00,2.938,2.972,2.933,2.967,4585.69
2025-12-25 03:00:00,2.963,2.967,2.95,2.962,2722.56
2025-12-25 04:00:00,2.959,2.959,2.925,2.929,2876.1
2025-12-25 05:00:00,2.928,2.935,2.907,2.908,9013.32
2025-12-25 06:00:00,2.908,2.931,2.902,2.928,5169.21
2025-12-25 07:00:00,2.93,2.951,2.924,2.95,3672.36
2025-12-25 08:00:00,2.951,2.962,2.936,2.941,2833.99
2025-12-25 09:00:00,2.949,2.949,2.918,2.926,2799.0
2025-12-25 10:00:00,2.924,2.937,2.917,2.928,5913.27
2025-12-25 11:00:00,2.924,2.93,2.919,2.927,4188.66
2025-12-25 12:00:00,2.919,2.957,2.919,2.954,4093.01
2025-12-25 13:00:00,2.954,2.972,2.945,2.948,4506.61
2025-12-25 14:00:00,2.951,2.962,2.94,2.951,4892.71
2025-12-25 15:00:00,2.946,2.975,2.941,2.973,2222.94
2025-12-25 16:00:00,2.974,3.005,2.972,2.984,5159.37
2025-12-25 17:00:00,2.984,3.017,2.98,3.011,2332.77
2025-12-25 18:00:00,3.013,3.059,3.013,3.04,8515.9
2025-12-25 19:00:00,3.041,3.071,3.037,3.059,17685.03
2025-12-25 20:00:00,3.06,3.067,3.016,3.017,7302.62
2025-12-25 21:00:00,3.021,3.029,3.004,3.016,1675.65
2025-12-25 22:00:00,3.013,3.063,3.008,3.023,19963.16
2025-12-25 23:00:00,3.018,3.035,2.987,3.012,6083.75
2025-12-26 00:00:00,3.012,3.018,2.993,2.995,5324.21
2025-12-26 01:00:00,2.993,3.004,2.97,2.971,5568.93
2025-12-26 02:00:00,2.969,3.03,2.965,3.018,6963.92
2025-12-26 03:00:00,3.019,3.07,3.018,3.043,19864.18
2025-12-26 04:00:00,3.039,3.057,3.001,3.026,8544.15
2025-12-26 05:00:00,3.031,3.039,3.02,3.031,3005.41
2025-12-26 06:00:00,3.032,3.044,3.006,3.013,19316.02
2025-12-26 07:00:00,3.011,3.02,2.976,2.983,8870.72
2025-12-26 08:00:00,2.983,3.019,2.98,3.01,6145.04
2025-12-26 09:00:00,3.007,3.031,3.001,3.022,9167.71
2025-12-26 10:00:00,3.023,3.031,2.991,2.996,4668.2
2025-12-26 11:00:00,2.996,3.002,2.98,2.991,4885.31
2025-12-26 12:00:00,2.995,3.029,2.994,3.013,5283.46
2025-12-26 13:00:00,3.01,3.062,3.006,3.044,25396.16
2025-12-26 14:00:00,3.044,3.045,2.974,2.982,22896.3
2025-12-26 15:00:00,2.978,2.991,2.955,2.985,9145.2
2025-12-26 16:00:00,2.989,2.991,2.957,2.957,2328.79
2025-12-26 17:00:00,2.966,2.986,2.939,2.98,26085.34
2025-12-26 18:00:00,2.979,2.989,2.978,2.983,1813.11
2025-12-26 19:00:00,2.982,2.998,2.972,2.975,5834.5
2025-12-26 20:00:00,2.976,2.996,2.973,2.993,551.0
2025-12-26 21:00:00,2.992,2.993,2.98,2.985,840.65
2025-12-26 22:00:00,2.986,2.992,2.979,2.992,363.63
2025-12-26 23:00:00,2.991,3.013,2.988,3.011,1486.84
2025-12-27 00:00:00,3.008,3.035,3.001,3.012,4341.92
2025-12-27 01:00:00,3.011,3.013,2.994,3.012,2675.36
2025-12-27 02:00:00,3.011,3.017,3.005,3.013,1432.77
2025-12-27 03:00:00,3.012,3.029,3.011,3.029,538.21
2025-12-27 04:00:00,3.029,3.031,3.011,3.018,891.24
2025-12-27 05:00:00,3.017,3.022,3.009,3.02,1313.87
2025-12-27 06:00:00,3.02,3.02,2.995,2.998,8703.18
2025-12-27 07:00:00,2.999,3.011,2.991,3.001,3800.14
2025-12-27 08:00:00,3.001,3.012,3.001,3.009,1566.9
2025-12-27 09:00:00,3.009,3.009,2.996,2.998,876.57
2025-12-27 10:00:00,2.998,3.003,2.98,2.999,1791.52
2025-12-27 11:00:00,2.999,3.016,2.995,3.016,2205.35
2025-12-27 12:00:00,3.013,3.016,3.003,3.013,991.79
2025-12-27 13:00:00,3.014,3.015,2.999,3.006,3990.57
2025-12-27 14:00:00,3.009,3.062,2.989,3.051,18474.81
2025-12-27 15:00:00,3.048,3.165,3.046,3.059,52407.74
2025-12-27 16:00:00,3.061,3.079,3.045,3.049,4815.96
2025-12-27 17:00:00,3.053,3.067,3.038,3.05,3196.01
2025-12-27 18:00:00,3.049,3.058,3.041,3.056,2723.5
2025-12-27 19:00:00,3.053,3.079,3.053,3.067,4196.4
2025-12-27 20:00:00,3.067,3.078,3.055,3.056,3463.42
2025-12-27 21:00:00,3.056,3.073,3.056,3.07,1364.57
2025-12-27 22:00:00,3.072,3.089,3.064,3.075,2811.03
2025-12-27 23:00:00,3.073,3.118,3.073,3.104,9197.68
2025-12-28 00:00:00,3.106,3.123,3.097,3.099,4937.46
2025-12-28 01:00:00,3.1,3.116,3.096,3.096,2091.73
2025-12-28 02:00:00,3.095,3.108,3.094,3.105,1501.07
2025-12-28 03:00:00,3.106,3.119,3.1,3.117,1801.07
2025-12-28 04:00:00,3.115,3.129,3.113,3.122,2403.99
2025-12-28 05:00:00,3.12,3.14,3.12,3.135,6222.23
2025-12-28 06:00:00,3.136,3.15,3.119,3.124,6616.77
2025-12-28 07:00:00,3.121,3.132,3.106,3.11,3154.31
2025-12-28 08:00:00,3.11,3.112,3.098,3.104,3557.25
2025-12-28 09:00:00,3.103,3.119,3.101,3.117,1009.03
2025-12-28 10:00:00,3.117,3.129,3.114,3.114,4218.71
2025-12-28 11:00:00,3.114,3.13,3.112,3.13,1984.33
2025-12-28 12:00:00,3.128,3.13,3.099,3.106,1844.63
2025-12-28 13:00:00,3.102,3.112,3.101,3.108,1035.88
2025-12-28 14:00:00,3.105,3.115,3.102,3.108,997.74
2025-12-28 15:00:00,3.105,3.116,3.105,3.108,1767.06
2025-12-28 16:00:00,3.109,3.122,3.099,3.106,1898.64
2025-12-28 17:00:00,3.102,3.11,3.095,3.097,1588.67
2025-12-28 18:00:00,3.095,3.095,3.053,3.054,6872.36
2025-12-28 19:00:00,3.053,3.054,3.028,3.039,2568.09
2025-12-28 20:00:00,3.039,3.058,3.035,3.054,3780.96
2025-12-28 21:00:00,3.046,3.064,3.038,3.061,3100.35
2025-12-28 22:00:00,3.056,3.068,3.038,3.065,3481.62
2025-12-28 23:00:00,3.063,3.067,3.037,3.061,3112.0
2025-12-29 00:00:00,3.062,3.096,3.057,3.096,2974.74
2025-12-29 01:00:00,3.093,3.126,3.074,3.112,3694.84
2025-12-29 02:00:00,3.114,3.137,3.114,3.118,3729.07
2025-12-29 03:00:00,3.116,3.152,3.116,3.147,3643.94
2025-12-29 04:00:00,3.148,3.159,3.128,3.135,4059.35
2025-12-29 05:00:00,3.137,3.137,3.124,3.128,1661.14
2025-12-29 06:00:00,3.128,3.143,3.124,3.124,1157.93
2025-12-29 07:00:00,3.125,3.137,3.109,3.136,2425.67
2025-12-29 08:00:00,3.134,3.149,3.128,3.128,1604.46
2025-12-29 09:00:00,3.128,3.129,3.079,3.1,2189.58
2025-12-29 10:00:00,3.101,3.115,3.101,3.107,614.16
2025-12-29 11:00:00,3.105,3.111,3.099,3.1,1518.41
2025-12-29 12:00:00,3.098,3.1,3.044,3.064,15961.06
2025-12-29 13:00:00,3.065,3.07,3.027,3.034,20330.74
2025-12-29 14:00:00,3.034,3.081,3.015,3.057,23656.91
2025-12-29 15:00:00,3.059,3.093,3.052,3.079,6988.8
2025-12-29 16:00:00,3.075,3.095,3.07,3.095,4675.17
2025-12-29 17:00:00,3.092,3.161,3.088,3.094,23740.89
2025-12-29 18:00:00,3.092,3.096,3.042,3.044,4105.9
2025-12-29 19:00:00,3.042,3.081,3.042,3.065,8733.5
2025-12-29 20:00:00,3.063,3.068,3.048,3.054,1280.1
2025-12-29 21:00:00,3.059,3.105,3.059,3.086,4504.67
2025-12-29 22:00:00,3.082,3.082,3.052,3.056,6655.42
2025-12-29 23:00:00,3.056,3.066,3.042,3.048,3313.14
2025-12-30 00:00:00,3.046,3.053,3.026,3.039,2555.02
2025-12-30 01:00:00,3.034,3.041,3.025,3.039,621.5
2025-12-30 02:00:00,3.038,3.043,3.018,3.02,2651.27
2025-12-30 03:00:00,3.02,3.024,3.001,3.016,6149.25
2025-12-30 04:00:00,3.014,3.039,3.01,3.037,1222.46
2025-12-30 05:00:00,3.037,3.041,3.014,3.034,4126.6
2025-12-30 06:00:00,3.037,3.065,3.037,3.054,2444.95
2025-12-30 07:00:00,3.054,3.059,3.043,3.049,4051.18
2025-12-30 08:00:00,3.045,3.071,3.038,3.04,11319.24
2025-12-30 09:00:00,3.038,3.052,3.035,3.046,3323.34
2025-12-30 10:00:00,3.046,3.065,3.043,3.065,1075.17
2025-12-30 11:00:00,3.062,3.077,3.044,3.063,6273.51
2025-12-30 12:00:00,3.065,3.072,3.048,3.055,1973.95
2025-12-30 13:00:00,3.058,3.07,3.054,3.061,5223.11
2025-12-30 14:00:00,3.059,3.077,3.033,3.069,3539.7
2025-12-30 15:00:00,3.072,3.086,3.048,3.084,5813.16
2025-12-30 16:00:00,3.084,3.096,3.075,3.08,1469.13
2025-12-30 17:00:00,3.085,3.091,3.067,3.079,4045.07
2025-12-30 18:00:00,3.076,3.084,3.062,3.074,3649.1
2025-12-30 19:00:00,3.07,3.13,3.061,3.13,9080.71
2025-12-30 20:00:00,3.129,3.14,3.108,3.109,6000.78
2025-12-30 21:00:00,3.113,3.13,3.113,3.115,2052.19
2025-12-30 22:00:00,3.12,3.139,3.118,3.139,1875.56
2025-12-30 23:00:00,3.14,3.161,3.123,3.148,9843.32
2025-12-31 00:00:00,3.147,3.173,3.141,3.144,3023.97
2025-12-31 01:00:00,3.142,3.152,3.138,3.138,346.06
2025-12-31 02:00:00,3.137,3.152,3.124,3.151,6715.15
2025-12-31 03:00:00,3.152,3.203,3.152,3.185,8502.81
2025-12-31 04:00:00,3.181,3.181,3.146,3.15,4055.43
2025-12-31 05:00:00,3.147,3.165,3.146,3.164,5437.27
2025-12-31 06:00:00,3.165,3.179,3.141,3.15,4305.05
2025-12-31 07:00:00,3.15,3.2,3.146,3.195,7274.94
2025-12-31 08:00:00,3.193,3.277,3.176,3.24,43047.43
2025-12-31 09:00:00,3.239,3.306,3.21,3.281,21762.06
2025-12-31 10:00:00,3.281,3.35,3.28,3.305,24688.06
2025-12-31 11:00:00,3.305,3.332,3.29,3.313,11157.03
2025-12-31 12:00:00,3.313,3.328,3.286,3.297,12262.41
2025-12-31 13:00:00,3.293,3.339,3.293,3.318,14431.83
2025-12-31 14:00:00,3.322,3.54,3.322,3.426,99353.19
2025-12-31 15:00:00,3.426,3.431,3.279,3.381,71157.8
2025-12-31 16:00:00,3.381,3.406,3.337,3.387,21513.58
2025-12-31 17:00:00,3.387,3.411,3.353,3.383,12720.08
2025-12-31 18:00:00,3.379,3.396,3.342,3.37,10750.83
2025-12-31 19:00:00,3.371,3.428,3.348,3.354,34046.17
2025-12-31 20:00:00,3.347,3.357,3.274,3.293,30968.65
2025-12-31 21:00:00,3.289,3.292,3.264,3.276,14658.97
2025-12-31 22:00:00,3.274,3.28,3.239,3.252,11479.18
2025-12-31 23:00:00,3.252,3.262,3.232,3.238,12570.82
2026-01-01 00:00:00,3.238,3.268,3.224,3.263,11301.35
2026-01-01 01:00:00,3.262,3.279,3.227,3.227,9069.76
2026-01-01 02:00:00,3.229,3.239,3.205,3.233,7086.55
2026-01-01 03:00:00,3.23,3.232,3.204,3.219,8630.16
2026-01-01 04:00:00,3.216,3.216,3.199,3.203,966.29
2026-01-01 05:00:00,3.205,3.226,3.204,3.212,5095.05
2026-01-01 06:00:00,3.209,3.22,3.198,3.198,1454.91
2026-01-01 07:00:00,3.2,3.212,3.197,3.206,1343.45
2026-01-01 08:00:00,3.198,3.214,3.194,3.214,3178.85
2026-01-01 09:00:00,3.212,3.238,3.212,3.227,2164.54
2026-01-01 10:00:00,3.225,3.239,3.222,3.239,4249.84
2026-01-01 11:00:00,3.237,3.24,3.221,3.232,1200.26
2026-01-01 12:00:00,3.231,3.231,3.19,3.207,3904.51
2026-01-01 13:00:00,3.203,3.219,3.198,3.215,2621.43
2026-01-01 14:00:00,3.217,3.234,3.203,3.234,5271.26
2026-01-01 15:00:00,3.235,3.252,3.209,3.215,10804.47
2026-01-01 16:00:00,3.216,3.23,3.205,3.227,3355.3
2026-01-01 17:00:00,3.227,3.229,3.214,3.22,3655.02
2026-01-01 18:00:00,3.226,3.255,3.217,3.247,3967.9
2026-01-01 19:00:00,3.245,3.255,3.234,3.249,2724.16
2026-01-01 20:00:00,3.255,3.259,3.243,3.25,952.43
2026-01-01 21:00:00,3.245,3.251,3.236,3.237,1481.97
2026-01-01 22:00:00,3.235,3.237,3.218,3.234,2023.31
2026-01-01 23:00:00,3.235,3.265,3.229,3.263,6632.42
2026-01-02 00:00:00,3.264,3.273,3.233,3.243,9379.0
2026-01-02 01:00:00,3.242,3.242,3.169,3.169,11614.66
2026-01-02 02:00:00,3.169,3.174,3.144,3.169,9396.23
2026-01-02 03:00:00,3.169,3.208,3.163,3.191,7311.66
2026-01-02 04:00:00,3.193,3.193,3.158,3.177,14561.91
2026-01-02 05:00:00,3.177,3.185,3.161,3.161,9607.2
2026-01-02 06:00:00,3.163,3.18,3.156,3.156,12240.96
2026-01-02 07:00:00,3.161,3.17,3.148,3.156,9990.18
2026-01-02 08:00:00,3.156,3.164,3.143,3.15,5947.5
2026-01-02 09:00:00,3.15,3.189,3.143,3.189,8532.03
2026-01-02 10:00:00,3.189,3.268,3.187,3.253,22224.12
2026-01-02 11:00:00,3.253,3.258,3.221,3.239,6583.72
2026-01-02 12:00:00,3.239,3.281,3.18,3.256,36002.21
2026-01-02 13:00:00,3.257,3.269,3.214,3.214,10160.57
2026-01-02 14:00:00,3.218,3.263,3.206,3.247,8631.2
2026-01-02 15:00:00,3.25,3.296,3.22,3.252,16404.75
2026-01-02 16:00:00,3.252,3.307,3.246,3.294,10951.21
2026-01-02 17:00:00,3.295,3.311,3.281,3.294,6255.24
2026-01-02 18:00:00,3.292,3.305,3.27,3.287,4882.7
2026-01-02 19:00:00,3.287,3.329,3.281,3.31,11238.48
2026-01-02 20:00:00,3.311,3.324,3.301,3.307,9600.66
2026-01-02 21:00:00,3.31,3.321,3.305,3.314,1420.43
2026-01-02 22:00:00,3.315,3.336,3.313,3.326,5420.02
2026-01-02 23:00:00,3.331,3.336,3.317,3.335,4482.91
2026-01-03 00:00:00,3.335,3.41,3.335,3.408,13045.46
2026-01-03 01:00:00,3.403,3.403,3.35,3.35,31970.97
2026-01-03 02:00:00,3.349,3.352,3.32,3.321,7563.78
2026-01-03 03:00:00,3.321,3.37,3.312,3.361,6579.22
2026-01-03 04:00:00,3.365,3.385,3.35,3.354,10474.79
2026-01-03 05:00:00,3.355,3.359,3.333,3.346,3026.02
2026-01-03 06:00:00,3.342,3.355,3.311,3.319,5351.17
2026-01-03 07:00:00,3.319,3.319,3.245,3.264,11806.28
2026-01-03 08:00:00,3.261,3.274,3.246,3.27,4063.54
2026-01-03 09:00:00,3.27,3.296,3.265,3.283,3552.99
2026-01-03 10:00:00,3.285,3.295,3.28,3.283,2178.78
2026-01-03 11:00:00,3.285,3.294,3.276,3.294,2300.66
2026-01-03 12:00:00,3.293,3.332,3.292,3.318,7315.09
2026-01-03 13:00:00,3.317,3.337,3.311,3.336,4960.21
2026-01-03 14:00:00,3.336,3.338,3.312,3.315,2301.1
2026-01-03 15:00:00,3.313,3.325,3.298,3.301,9682.84
2026-01-03 16:00:00,3.303,3.352,3.299,3.348,5725.35
2026-01-03 17:00:00,3.346,3.346,3.32,3.324,5120.24
2026-01-03 18:00:00,3.323,3.361,3.313,3.342,12416.51
2026-01-03 19:00:00,3.341,3.362,3.336,3.339,3301.2
2026-01-03 20:00:00,3.338,3.338,3.323,3.323,3929.45
2026-01-03 21:00:00,3.322,3.325,3.314,3.323,1652.25
2026-01-03 22:00:00,3.321,3.342,3.31,3.32,4919.41
2026-01-03 23:00:00,3.325,3.347,3.318,3.333,5437.31
2026-01-04 00:00:00,3.334,3.363,3.329,3.339,3483.93
2026-01-04 01:00:00,3.335,3.341,3.327,3.331,2549.3
2026-01-04 02:00:00,3.337,3.344,3.335,3.344,475.16
2026-01-04 03:00:00,3.344,3.37,3.344,3.357,3618.0
2026-01-04 04:00:00,3.354,3.375,3.354,3.369,3717.05
2026-01-04 05:00:00,3.371,3.393,3.371,3.383,1688.9
2026-01-04 06:00:00,3.383,3.395,3.333,3.337,14825.78
2026-01-04 07:00:00,3.339,3.351,3.332,3.35,7463.98
2026-01-04 08:00:00,3.352,3.361,3.335,3.358,2972.1
2026-01-04 09:00:00,3.358,3.388,3.355,3.38,5745.88
2026-01-04 10:00:00,3.387,3.396,3.372,3.388,3025.81
2026-01-04 11:00:00,3.388,3.4,3.378,3.38,4257.11
2026-01-04 12:00:00,3.378,3.393,3.37,3.374,2717.27
2026-01-04 13:00:00,3.372,3.377,3.337,3.376,10244.81
2026-01-04 14:00:00,3.374,3.404,3.374,3.4,1490.24
2026-01-04 15:00:00,3.404,3.427,3.391,3.407,4363.35
2026-01-04 16:00:00,3.408,3.422,3.405,3.42,4886.75
2026-01-04 17:00:00,3.419,3.424,3.4,3.41,5854.51
2026-01-04 18:00:00,3.405,3.406,3.358,3.379,4682.27
2026-01-04 19:00:00,3.377,3.377,3.337,3.364,5512.71
2026-01-04 20:00:00,3.361,3.369,3.357,3.368,1247.52
2026-01-04 21:00:00,3.363,3.38,3.346,3.359,2972.21
2026-01-04 22:00:00,3.362,3.373,3.341,3.371,3031.93
2026-01-04 23:00:00,3.371,3.394,3.35,3.358,6608.68
2026-01-05 00:00:00,3.363,3.39,3.355,3.386,4389.87
2026-01-05 01:00:00,3.386,3.429,3.386,3.41,2853.91
2026-01-05 02:00:00,3.422,3.422,3.386,3.401,10350.01
2026-01-05 03:00:00,3.406,3.406,3.38,3.389,3090.32
2026-01-05 04:00:00,3.388,3.389,3.344,3.364,3139.13
2026-01-05 05:00:00,3.366,3.375,3.352,3.352,776.12
2026-01-05 06:00:00,3.357,3.358,3.329,3.346,2389.96
2026-01-05 07:00:00,3.342,3.364,3.339,3.363,1707.52
2026-01-05 08:00:00,3.36,3.365,3.337,3.342,1070.47
2026-01-05 09:00:00,3.338,3.345,3.315,3.333,1400.65
2026-01-05 10:00:00,3.336,3.355,3.33,3.346,1767.92
2026-01-05 11:00:00,3.343,3.354,3.331,3.351,513.72
2026-01-05 12:00:00,3.351,3.374,3.351,3.364,2133.26
2026-01-05 13:00:00,3.363,3.364,3.329,3.345,5194.43
2026-01-05 14:00:00,3.345,3.387,3.337,3.377,5927.82
2026-01-05 15:00:00,3.383,3.404,3.363,3.394,5978.97
2026-01-05 16:00:00,3.398,3.413,3.389,3.4,5889.87
2026-01-05 17:00:00,3.404,3.422,3.371,3.416,12494.99
2026-01-05 18:00:00,3.419,3.435,3.406,3.435,4373.42
2026-01-05 19:00:00,3.434,3.466,3.434,3.448,5470.94
2026-01-05 20:00:00,3.443,3.47,3.431,3.437,4251.26
2026-01-05 21:00:00,3.439,3.446,3.427,3.437,277.16
2026-01-05 22:00:00,3.437,3.473,3.432,3.465,7791.4
2026-01-05 23:00:00,3.47,3.479,3.462,3.462,2213.81
2026-01-06 00:00:00,3.461,3.485,3.445,3.484,1431.07
2026-01-06 01:00:00,3.483,3.535,3.483,3.517,8868.27
2026-01-06 02:00:00,3.517,3.549,3.516,3.537,4435.28
2026-01-06 03:00:00,3.544,3.603,3.544,3.6,11188.16
2026-01-06 04:00:00,3.602,3.677,3.597,3.667,16352.24
2026-01-06 05:00:00,3.668,3.715,3.654,3.711,18098.19
2026-01-06 06:00:00,3.71,3.789,3.708,3.775,34151.78
2026-01-06 07:00:00,3.774,3.818,3.642,3.652,52475.82
2026-01-06 08:00:00,3.655,3.7,3.636,3.641,18837.09
2026-01-06 09:00:00,3.642,3.644,3.599,3.605,16216.87
2026-01-06 10:00:00,3.6,3.623,3.591,3.594,6521.89
2026-01-06 11:00:00,3.595,3.666,3.595,3.64,11477.51
2026-01-06 12:00:00,3.645,3.661,3.61,3.621,9939.94
2026-01-06 13:00:00,3.621,3.652,3.606,3.624,14147.67
2026-01-06 14:00:00,3.624,3.645,3.603,3.618,9257.21
2026-01-06 15:00:00,3.622,3.638,3.572,3.59,19202.9
2026-01-06 16:00:00,3.588,3.633,3.522,3.54,28564.74
2026-01-06 17:00:00,3.537,3.538,3.46,3.466,9564.36
2026-01-06 18:00:00,3.465,3.502,3.459,3.495,7001.0
2026-01-06 19:00:00,3.492,3.521,3.492,3.51,2607.28
2026-01-06 20:00:00,3.51,3.546,3.51,3.541,1579.26
2026-01-06 21:00:00,3.542,3.595,3.54,3.586,3224.8
2026-01-06 22:00:00,3.586,3.611,3.566,3.585,3597.6
2026-01-06 23:00:00,3.585,3.603,3.584,3.601,3857.94
2026-01-07 00:00:00,3.599,3.606,3.528,3.532,4577.89
2026-01-07 01:00:00,3.534,3.536,3.492,3.506,4425.55
2026-01-07 02:00:00,3.508,3.536,3.498,3.533,1788.95
2026-01-07 03:00:00,3.536,3.547,3.524,3.526,1343.08
2026-01-07 04:00:00,3.529,3.534,3.508,3.51,507.52
2026-01-07 05:00:00,3.51,3.535,3.505,3.516,2489.89
2026-01-07 06:00:00,3.516,3.519,3.504,3.508,1940.07
2026-01-07 07:00:00,3.508,3.53,3.501,3.527,1927.68
2026-01-07 08:00:00,3.53,3.553,3.529,3.548,1896.19
2026-01-07 09:00:00,3.541,3.544,3.462,3.466,4308.13
2026-01-07 10:00:00,3.463,3.493,3.462,3.492,5287.66
2026-01-07 11:00:00,3.488,3.51,3.485,3.51,1704.84
2026-01-07 12:00:00,3.51,3.51,3.467,3.467,4483.77
2026-01-07 13:00:00,3.469,3.488,3.46,3.46,9088.04
2026-01-07 14:00:00,3.46,3.46,3.391,3.437,10655.27
2026-01-07 15:00:00,3.437,3.44,3.36,3.371,8858.56
2026-01-07 16:00:00,3.372,3.378,3.344,3.356,5741.94
2026-01-07 17:00:00,3.361,3.404,3.355,3.383,7197.86
2026-01-07 18:00:00,3.382,3.41,3.376,3.387,9975.47
2026-01-07 19:00:00,3.393,3.395,3.342,3.363,2053.55
2026-01-07 20:00:00,3.36,3.36,3.337,3.345,854.61
2026-01-07 21:00:00,3.346,3.358,3.339,3.348,2315.21
2026-01-07 22:00:00,3.348,3.368,3.336,3.345,4605.59
2026-01-07 23:00:00,3.345,3.369,3.33,3.359,2539.5
2026-01-08 00:00:00,3.359,3.379,3.347,3.377,1127.36
2026-01-08 01:00:00,3.377,3.402,3.376,3.393,5608.47
2026-01-08 02:00:00,3.391,3.393,3.353,3.356,4764.85
2026-01-08 03:00:00,3.358,3.378,3.325,3.329,5875.9
2026-01-08 04:00:00,3.328,3.353,3.315,3.35,4010.14
2026-01-08 05:00:00,3.35,3.383,3.35,3.365,1585.73
2026-01-08 06:00:00,3.365,3.371,3.294,3.294,3841.07
2026-01-08 07:00:00,3.294,3.334,3.276,3.33,7998.36
2026-01-08 08:00:00,3.33,3.354,3.301,3.312,7671.51
2026-01-08 09:00:00,3.312,3.328,3.276,3.276,7851.31
2026-01-08 10:00:00,3.275,3.319,3.261,3.313,4730.3
2026-01-08 11:00:00,3.315,3.32,3.28,3.298,5016.5
2026-01-08 12:00:00,3.297,3.298,3.26,3.263,2821.0
2026-01-08 13:00:00,3.263,3.273,3.253,3.266,2069.53
2026-01-08 14:00:00,3.265,3.289,3.243,3.284,5754.51
2026-01-08 15:00:00,3.282,3.327,3.27,3.325,6171.68
2026-01-08 16:00:00,3.325,3.333,3.292,3.32,2649.82
2026-01-08 17:00:00,3.321,3.338,3.319,3.338,1593.85
2026-01-08 18:00:00,3.338,3.342,3.311,3.313,1706.5
2026-01-08 19:00:00,3.315,3.334,3.308,3.317,1853.01
2026-01-08 20:00:00,3.314,3.331,3.296,3.329,1454.3
2026-01-08 21:00:00,3.329,3.358,3.329,3.357,2464.38
2026-01-08 22:00:00,3.358,3.372,3.331,3.342,2338.89
2026-01-08 23:00:00,3.347,3.352,3.338,3.341,1881.45
2026-01-09 00:00:00,3.341,3.365,3.341,3.357,3916.45
2026-01-09 01:00:00,3.359,3.38,3.314,3.325,9453.03
2026-01-09 02:00:00,3.323,3.347,3.321,3.33,2765.95
2026-01-09 03:00:00,3.328,3.349,3.328,3.347,750.18
2026-01-09 04:00:00,3.348,3.358,3.348,3.349,710.01
2026-01-09 05:00:00,3.351,3.352,3.341,3.351,327.88
2026-01-09 06:00:00,3.351,3.361,3.348,3.359,569.35
2026-01-09 07:00:00,3.358,3.365,3.35,3.36,1154.69
2026-01-09 08:00:00,3.357,3.361,3.295,3.309,4624.68
2026-01-09 09:00:00,3.313,3.353,3.313,3.338,2835.39
2026-01-09 10:00:00,3.336,3.383,3.332,3.38,4996.63
2026-01-09 11:00:00,3.379,3.449,3.379,3.441,14837.08
2026-01-09 12:00:00,3.447,3.518,3.444,3.462,36276.98
2026-01-09 13:00:00,3.458,3.5,3.431,3.456,24285.16
2026-01-09 14:00:00,3.456,3.469,3.418,3.418,7249.02
2026-01-09 15:00:00,3.42,3.477,3.396,3.422,6193.38
2026-01-09 16:00:00,3.427,3.458,3.414,3.417,2459.11
2026-01-09 17:00:00,3.42,3.433,3.367,3.399,8401.91
2026-01-09 18:00:00,3.4,3.4,3.352,3.378,1115.47
2026-01-09 19:00:00,3.377,3.377,3.342,3.356,2111.73
2026-01-09 20:00:00,3.353,3.383,3.347,3.361,684.74
2026-01-09 21:00:00,3.36,3.394,3.355,3.385,3094.57
2026-01-09 22:00:00,3.383,3.408,3.376,3.392,1446.46
2026-01-09 23:00:00,3.397,3.41,3.387,3.39,736.21
2026-01-10 00:00:00,3.391,3.395,3.373,3.373,1917.63
2026-01-10 01:00:00,3.377,3.416,3.376,3.41,1733.02
2026-01-10 02:00:00,3.412,3.414,3.351,3.367,5475.3
2026-01-10 03:00:00,3.371,3.374,3.354,3.367,817.35
2026-01-10 04:00:00,3.356,3.356,3.332,3.333,5272.22
2026-01-10 05:00:00,3.333,3.358,3.333,3.348,1337.21
2026-01-10 06:00:00,3.348,3.367,3.348,3.365,1584.92
2026-01-10 07:00:00,3.368,3.395,3.368,3.395,1557.24
2026-01-10 08:00:00,3.395,3.425,3.395,3.422,2686.59
2026-01-10 09:00:00,3.422,3.425,3.411,3.415,1525.03
2026-01-10 10:00:00,3.416,3.416,3.405,3.414,790.98
2026-01-10 11:00:00,3.416,3.527,3.412,3.527,21939.8
2026-01-10 12:00:00,3.523,3.564,3.503,3.554,23214.67
2026-01-10 13:00:00,3.557,3.59,3.546,3.556,8737.17
2026-01-10 14:00:00,3.555,3.59,3.55,3.582,5723.83
2026-01-10 15:00:00,3.586,3.679,3.507,3.521,64928.2
2026-01-10 16:00:00,3.522,3.532,3.491,3.498,11927.89
2026-01-10 17:00:00,3.496,3.536,3.482,3.49,6712.63
2026-01-10 18:00:00,3.49,3.531,3.49,3.518,3259.18
2026-01-10 19:00:00,3.515,3.537,3.515,3.537,1131.2
2026-01-10 20:00:00,3.537,3.539,3.512,3.515,1283.05
2026-01-10 21:00:00,3.517,3.522,3.507,3.518,1169.39
2026-01-10 22:00:00,3.517,3.522,3.48,3.48,2157.45
2026-01-10 23:00:00,3.482,3.508,3.481,3.482,5992.15
2026-01-11 00:00:00,3.486,3.53,3.483,3.526,1563.09
2026-01-11 01:00:00,3.522,3.567,3.515,3.545,5747.04
2026-01-11 02:00:00,3.54,3.569,3.528,3.549,10785.58
2026-01-11 03:00:00,3.554,3.562,3.544,3.552,936.02
2026-01-11 04:00:00,3.559,3.608,3.549,3.601,10260.46
2026-01-11 05:00:00,3.6,3.642,3.598,3.632,11460.82
2026-01-11 06:00:00,3.63,3.654,3.615,3.619,16540.51
2026-01-11 07:00:00,3.628,3.642,3.606,3.631,9194.41
2026-01-11 08:00:00,3.636,3.674,3.628,3.652,13968.89
2026-01-11 09:00:00,3.657,3.66,3.621,3.634,6882.16
2026-01-11 10:00:00,3.631,3.642,3.597,3.638,13963.01
2026-01-11 11:00:00,3.644,3.67,3.625,3.669,7162.08
2026-01-11 12:00:00,3.668,3.674,3.628,3.648,7450.19
2026-01-11 13:00:00,3.65,3.658,3.634,3.645,6287.4
2026-01-11 14:00:00,3.644,3.653,3.625,3.645,1995.49
2026-01-11 15:00:00,3.648,3.829,3.648,3.768,310233.6
2026-01-11 16:00:00,3.766,3.9,3.74,3.769,56809.25
2026-01-11 17:00:00,3.766,3.812,3.742,3.809,16744.02
2026-01-11 18:00:00,3.811,3.878,3.811,3.861,21250.2
2026-01-11 19:00:00,3.861,3.965,3.861,3.922,65894.83
2026-01-11 20:00:00,3.921,4.197,3.446,3.553,403095.94
2026-01-11 21:00:00,3.551,3.554,3.445,3.463,42542.59
2026-01-11 22:00:00,3.462,3.545,3.398,3.531,43997.07
2026-01-11 23:00:00,3.53,3.568,3.511,3.551,12405.36
2026-01-12 00:00:00,3.55,3.58,3.483,3.517,30743.14
2026-01-12 01:00:00,3.513,3.602,3.512,3.564,20212.83
2026-01-12 02:00:00,3.564,3.615,3.56,3.605,3879.84
2026-01-12 03:00:00,3.61,3.618,3.581,3.582,7612.32
2026-01-12 04:00:00,3.587,3.659,3.587,3.648,8393.2
2026-01-12 05:00:00,3.655,3.698,3.643,3.653,21222.21
2026-01-12 06:00:00,3.655,3.668,3.617,3.638,10324.52
2026-01-12 07:00:00,3.638,3.659,3.618,3.632,22263.95
2026-01-12 08:00:00,3.628,3.654,3.601,3.648,14433.32
2026-01-12 09:00:00,3.648,3.657,3.631,3.632,3992.98
2026-01-12 10:00:00,3.638,3.692,3.638,3.658,13869.2
2026-01-12 11:00:00,3.659,3.676,3.641,3.655,10344.47
2026-01-12 12:00:00,3.652,3.654,3.554,3.598,30438.15
2026-01-12 13:00:00,3.6,3.601,3.557,3.567,4852.36
2026-01-12 14:00:00,3.566,3.588,3.545,3.57,10006.04
2026-01-12 15:00:00,3.571,3.629,3.562,3.588,25529.64
2026-01-12 16:00:00,3.587,3.588,3.526,3.531,8374.8
2026-01-12 17:00:00,3.533,3.541,3.486,3.497,7508.93
2026-01-12 18:00:00,3.498,3.52,3.48,3.493,6661.06
2026-01-12 19:00:00,3.494,3.504,3.484,3.498,9563.3
2026-01-12 20:00:00,3.497,3.5,3.465,3.48,5913.77
2026-01-12 21:00:00,3.479,3.484,3.459,3.469,1995.36
2026-01-12 22:00:00,3.469,3.479,3.446,3.448,6061.76
2026-01-12 23:00:00,3.45,3.455,3.437,3.441,2250.26
2026-01-13 00:00:00,3.441,3.445,3.417,3.428,5172.58
2026-01-13 01:00:00,3.428,3.435,3.394,3.401,7318.07
2026-01-13 02:00:00,3.403,3.417,3.382,3.384,3510.05
2026-01-13 03:00:00,3.383,3.398,3.367,3.398,8741.25
2026-01-13 04:00:00,3.399,3.419,3.397,3.416,4257.21
2026-01-13 05:00:00,3.417,3.434,3.403,3.404,2523.84
2026-01-13 06:00:00,3.405,3.417,3.398,3.409,5329.67
2026-01-13 07:00:00,3.407,3.414,3.377,3.396,11636.13
2026-01-13 08:00:00,3.398,3.41,3.383,3.407,6941.8
2026-01-13 09:00:00,3.407,3.463,3.402,3.441,30237.36
2026-01-13 10:00:00,3.441,3.452,3.421,3.449,8581.47
2026-01-13 11:00:00,3.448,3.463,3.403,3.437,26413.63
2026-01-13 12:00:00,3.435,3.435,3.406,3.427,4447.88
2026-01-13 13:00:00,3.427,3.468,3.42,3.465,16080.93
2026-01-13 14:00:00,3.465,3.523,3.453,3.495,23759.3
2026-01-13 15:00:00,3.495,3.495,3.434,3.468,28057.77
2026-01-13 16:00:00,3.469,3.475,3.44,3.466,10091.52
2026-01-13 17:00:00,3.469,3.475,3.447,3.462,7304.75
2026-01-13 18:00:00,3.46,3.471,3.446,3.454,7898.91
2026-01-13 19:00:00,3.455,3.476,3.444,3.468,5641.99
2026-01-13 20:00:00,3.469,3.471,3.433,3.443,3924.39
2026-01-13 21:00:00,3.439,3.442,3.413,3.428,4882.05
2026-01-13 22:00:00,3.429,3.519,3.429,3.496,17496.91
2026-01-13 23:00:00,3.497,3.507,3.462,3.464,6959.99
2026-01-14 00:00:00,3.468,3.487,3.465,3.484,3574.81
2026-01-14 01:00:00,3.483,3.488,3.463,3.464,4813.07
2026-01-14 02:00:00,3.462,3.469,3.441,3.444,3378.98
2026-01-14 03:00:00,3.445,3.46,3.443,3.458,2599.6
2026-01-14 04:00:00,3.456,3.457,3.417,3.427,4605.4
2026-01-14 05:00:00,3.427,3.431,3.405,3.412,7417.73
2026-01-14 06:00:00,3.411,3.45,3.366,3.449,24128.05
2026-01-14 07:00:00,3.45,3.45,3.385,3.386,17278.75
2026-01-14 08:00:00,3.388,3.418,3.37,3.4,17655.45
2026-01-14 09:00:00,3.399,3.429,3.393,3.429,2728.8
2026-01-14 10:00:00,3.426,3.452,3.41,3.413,10092.97
2026-01-14 11:00:00,3.411,3.412,3.382,3.385,5689.08
2026-01-14 12:00:00,3.39,3.413,3.387,3.394,5278.96
2026-01-14 13:00:00,3.394,3.402,3.371,3.385,6851.24
2026-01-14 14:00:00,3.383,3.443,3.383,3.429,13171.73
2026-01-14 15:00:00,3.429,3.445,3.412,3.433,11271.6
2026-01-14 16:00:00,3.434,3.469,3.434,3.45,9640.51
2026-01-14 17:00:00,3.45,3.469,3.416,3.42,9164.33
2026-01-14 18:00:00,3.421,3.427,3.386,3.407,5817.16
2026-01-14 19:00:00,3.406,3.457,3.394,3.427,6621.64
2026-01-14 20:00:00,3.428,3.445,3.404,3.415,3179.67
2026-01-14 21:00:00,3.413,3.423,3.394,3.404,4836.68
2026-01-14 22:00:00,3.404,3.424,3.389,3.402,4534.89
2026-01-14 23:00:00,3.395,3.416,3.387,3.398,1720.45
2026-01-15 00:00:00,3.398,3.398,3.378,3.38,1187.02
2026-01-15 01:00:00,3.383,3.398,3.37,3.388,1903.53
2026-01-15 02:00:00,3.388,3.403,3.346,3.364,7833.55
2026-01-15 03:00:00,3.363,3.366,3.326,3.342,4760.41
2026-01-15 04:00:00,3.338,3.356,3.338,3.35,275.64
2026-01-15 05:00:00,3.353,3.389,3.347,3.381,3560.14
2026-01-15 06:00:00,3.381,3.395,3.376,3.394,607.44
2026-01-15 07:00:00,3.393,3.419,3.387,3.404,2469.68
2026-01-15 08:00:00,3.404,3.408,3.385,3.401,8169.03
2026-01-15 09:00:00,3.401,3.478,3.392,3.465,15090.83
2026-01-15 10:00:00,3.467,3.467,3.411,3.419,8515.86
2026-01-15 11:00:00,3.424,3.429,3.404,3.411,1772.28
2026-01-15 12:00:00,3.416,3.429,3.403,3.417,4298.43
2026-01-15 13:00:00,3.42,3.426,3.405,3.411,1526.79
2026-01-15 14:00:00,3.41,3.414,3.356,3.373,7685.51
2026-01-15 15:00:00,3.379,3.379,3.276,3.324,23534.49
2026-01-15 16:00:00,3.324,3.327,3.284,3.319,6290.0
2026-01-15 17:00:00,3.319,3.319,3.285,3.285,2982.85
2026-01-15 18:00:00,3.29,3.296,3.237,3.243,7880.45
2026-01-15 19:00:00,3.238,3.258,3.228,3.252,6337.71
2026-01-15 20:00:00,3.252,3.262,3.219,3.228,5665.14
2026-01-15 21:00:00,3.227,3.235,3.225,3.235,500.53
2026-01-15 22:00:00,3.23,3.251,3.23,3.248,1359.72
2026-01-15 23:00:00,3.248,3.269,3.248,3.269,1617.7
2026-01-16 00:00:00,3.265,3.284,3.263,3.271,3078.26
2026-01-16 01:00:00,3.272,3.28,3.26,3.266,2943.05
2026-01-16 02:00:00,3.266,3.271,3.235,3.271,2755.71
2026-01-16 03:00:00,3.274,3.28,3.249,3.254,3354.2
2026-01-16 04:00:00,3.254,3.256,3.211,3.223,5182.95
2026-01-16 05:00:00,3.23,3.253,3.222,3.253,315.38
2026-01-16 06:00:00,3.243,3.258,3.238,3.258,1150.51
2026-01-16 07:00:00,3.25,3.261,3.208,3.224,14011.87
2026-01-16 08:00:00,3.224,3.257,3.224,3.254,1088.31
2026-01-16 09:00:00,3.252,3.255,3.24,3.245,1657.1
2026-01-16 10:00:00,3.244,3.244,3.215,3.219,1708.81
2026-01-16 11:00:00,3.218,3.242,3.21,3.241,3339.12
2026-01-16 12:00:00,3.241,3.259,3.228,3.234,9635.27
2026-01-16 13:00:00,3.234,3.234,3.211,3.219,1815.06
2026-01-16 14:00:00,3.219,3.219,3.178,3.203,8194.63
2026-01-16 15:00:00,3.202,3.219,3.125,3.151,8025.65
2026-01-16 16:00:00,3.147,3.216,3.147,3.206,4239.65
2026-01-16 17:00:00,3.205,3.221,3.202,3.215,1245.55
2026-01-16 18:00:00,3.223,3.231,3.218,3.229,1163.73
2026-01-16 19:00:00,3.227,3.24,3.216,3.238,2744.15
2026-01-16 20:00:00,3.237,3.277,3.225,3.274,3702.52
2026-01-16 21:00:00,3.274,3.288,3.268,3.285,6578.03
2026-01-16 22:00:00,3.284,3.292,3.274,3.275,2199.28
2026-01-16 23:00:00,3.284,3.284,3.264,3.266,879.09
2026-01-17 00:00:00,3.261,3.276,3.26,3.276,438.24
2026-01-17 01:00:00,3.276,3.288,3.275,3.284,912.48
2026-01-17 02:00:00,3.28,3.28,3.252,3.255,317.12
2026-01-17 03:00:00,3.264,3.268,3.243,3.256,1936.51
2026-01-17 04:00:00,3.257,3.26,3.247,3.26,231.3
2026-01-17 05:00:00,3.263,3.269,3.258,3.266,391.66
2026-01-17 06:00:00,3.261,3.261,3.246,3.246,190.94
2026-01-17 07:00:00,3.251,3.253,3.241,3.251,282.64
2026-01-17 08:00:00,3.251,3.292,3.251,3.29,3457.39
2026-01-17 09:00:00,3.292,3.304,3.273,3.281,3345.81
2026-01-17 10:00:00,3.281,3.31,3.277,3.286,3494.06
2026-01-17 11:00:00,3.288,3.301,3.279,3.283,923.92
2026-01-17 12:00:00,3.283,3.305,3.28,3.303,3081.13
2026-01-17 13:00:00,3.305,3.312,3.294,3.304,943.4
2026-01-17 14:00:00,3.307,3.331,3.292,3.327,8069.71
2026-01-17 15:00:00,3.329,3.348,3.328,3.342,4383.15
2026-01-17 16:00:00,3.345,3.374,3.327,3.337,8014.16
2026-01-17 17:00:00,3.345,3.383,3.345,3.357,5797.36
2026-01-17 18:00:00,3.367,3.384,3.366,3.376,3461.24
2026-01-17 19:00:00,3.371,3.371,3.341,3.346,1781.53
2026-01-17 20:00:00,3.35,3.354,3.327,3.339,3288.93
2026-01-17 21:00:00,3.334,3.341,3.326,3.331,399.88
2026-01-17 22:00:00,3.332,3.335,3.282,3.282,2139.39
2026-01-17 23:00:00,3.291,3.304,3.274,3.303,2756.18
2026-01-18 00:00:00,3.303,3.336,3.297,3.311,3415.1
2026-01-18 01:00:00,3.312,3.312,3.27,3.28,5879.76
2026-01-18 02:00:00,3.288,3.299,3.257,3.267,3306.56
2026-01-18 03:00:00,3.277,3.283,3.267,3.268,272.15
2026-01-18 04:00:00,3.266,3.267,3.25,3.264,764.94
2026-01-18 05:00:00,3.264,3.266,3.242,3.243,979.41
2026-01-18 06:00:00,3.249,3.253,3.243,3.249,130.34
2026-01-18 07:00:00,3.248,3.264,3.23,3.26,2714.4
2026-01-18 08:00:00,3.246,3.274,3.246,3.273,412.88
2026-01-18 09:00:00,3.269,3.375,3.268,3.282,61119.38
2026-01-18 10:00:00,3.285,3.301,3.263,3.289,3117.04
2026-01-18 11:00:00,3.287,3.317,3.285,3.307,3341.67
2026-01-18 12:00:00,3.301,3.309,3.279,3.281,1451.96
2026-01-18 13:00:00,3.283,3.303,3.275,3.283,3248.25
2026-01-18 14:00:00,3.283,3.292,3.261,3.261,2717.98
2026-01-18 15:00:00,3.26,3.277,3.252,3.273,2132.72
2026-01-18 16:00:00,3.274,3.293,3.266,3.278,3787.08
2026-01-18 17:00:00,3.269,3.279,3.267,3.279,2483.01
2026-01-18 18:00:00,3.276,3.298,3.273,3.298,1152.15
2026-01-18 19:00:00,3.295,3.295,3.267,3.272,656.31
2026-01-18 20:00:00,3.271,3.283,3.261,3.281,303.51
2026-01-18 21:00:00,3.285,3.287,3.274,3.281,566.25
2026-01-18 22:00:00,3.281,3.286,3.273,3.282,1632.01
2026-01-18 23:00:00,3.278,3.278,3.161,3.18,14952.65
2026-01-19 00:00:00,3.172,3.172,2.961,3.065,51079.48
2026-01-19 01:00:00,3.056,3.094,3.05,3.069,10819.36
2026-01-19 02:00:00,3.069,3.083,3.06,3.082,1023.45
2026-01-19 03:00:00,3.081,3.105,3.081,3.103,1363.78
2026-01-19 04:00:00,3.095,3.106,3.086,3.092,1277.36
2026-01-19 05:00:00,3.091,3.103,3.072,3.077,1195.62
2026-01-19 06:00:00,3.078,3.083,3.072,3.079,625.55
2026-01-19 07:00:00,3.082,3.105,3.08,3.104,746.33
2026-01-19 08:00:00,3.102,3.116,3.094,3.114,730.51
2026-01-19 09:00:00,3.109,3.119,3.106,3.119,383.11
2026-01-19 10:00:00,3.117,3.122,3.107,3.112,1016.27
2026-01-19 11:00:00,3.109,3.117,3.102,3.108,556.95
2026-01-19 12:00:00,3.107,3.107,3.091,3.091,904.91
2026-01-19 13:00:00,3.092,3.102,3.088,3.094,217.15
2026-01-19 14:00:00,3.092,3.111,3.092,3.099,430.66
2026-01-19 15:00:00,3.104,3.113,3.097,3.097,513.29
2026-01-19 16:00:00,3.104,3.135,3.103,3.126,1720.78
2026-01-19 17:00:00,3.127,3.137,3.114,3.114,337.32
2026-01-19 18:00:00,3.114,3.125,3.109,3.119,639.68
2026-01-19 19:00:00,3.119,3.135,3.109,3.114,4100.45
2026-01-19 20:00:00,3.114,3.117,3.091,3.099,810.02
2026-01-19 21:00:00,3.099,3.107,3.059,3.064,1629.55
2026-01-19 22:00:00,3.064,3.087,3.064,3.074,1350.98
2026-01-19 23:00:00,3.074,3.105,3.068,3.093,1056.8
2026-01-20 00:00:00,3.093,3.1,3.085,3.086,293.38
2026-01-20 01:00:00,3.086,3.1,3.071,3.095,2593.63
2026-01-20 02:00:00,3.097,3.107,3.088,3.099,591.14
2026-01-20 03:00:00,3.099,3.102,3.079,3.09,1348.57
2026-01-20 04:00:00,3.09,3.096,3.075,3.083,874.07
2026-01-20 05:00:00,3.083,3.094,3.069,3.078,1020.2
2026-01-20 06:00:00,3.077,3.077,3.039,3.047,2795.75
2026-01-20 07:00:00,3.047,3.057,3.022,3.022,6498.93
2026-01-20 08:00:00,3.022,3.026,2.993,2.997,1694.84
2026-01-20 09:00:00,2.997,3.004,2.988,3.0,2751.94
2026-01-20 10:00:00,3.0,3.029,2.995,3.015,4650.94
2026-01-20 11:00:00,3.014,3.023,3.006,3.021,1224.08
2026-01-20 12:00:00,3.017,3.046,3.012,3.039,1204.4
2026-01-20 13:00:00,3.039,3.039,2.989,2.994,907.2
2026-01-20 14:00:00,2.994,3.036,2.989,3.014,3058.98
2026-01-20 15:00:00,3.012,3.017,2.979,2.996,1639.62
2026-01-20 16:00:00,2.996,3.01,2.954,2.963,1696.25
2026-01-20 17:00:00,2.963,2.982,2.937,2.951,2370.88
2026-01-20 18:00:00,2.951,2.964,2.939,2.946,1549.65
2026-01-20 19:00:00,2.946,2.96,2.934,2.952,1297.71
2026-01-20 20:00:00,2.952,2.972,2.94,2.969,718.55
2026-01-20 21:00:00,2.969,2.974,2.951,2.953,1850.18
2026-01-20 22:00:00,2.953,2.973,2.923,2.951,4267.3
2026-01-20 23:00:00,2.949,2.961,2.941,2.948,2081.18
2026-01-21 00:00:00,2.948,3.004,2.948,3.0,1843.94
2026-01-21 01:00:00,3.0,3.036,3.0,3.027,1550.01
2026-01-21 02:00:00,3.025,3.039,3.021,3.026,637.7
2026-01-21 03:00:00,3.026,3.026,3.006,3.009,942.33
2026-01-21 04:00:00,3.009,3.016,3.0,3.012,300.06
2026-01-21 05:00:00,3.012,3.022,3.006,3.022,410.66
2026-01-21 06:00:00,3.022,3.038,3.017,3.025,1251.0
2026-01-21 07:00:00,3.025,3.038,3.006,3.006,880.28
2026-01-21 08:00:00,3.01,3.02,2.985,3.008,2574.7
2026-01-21 09:00:00,3.008,3.03,3.004,3.018,1041.78
2026-01-21 10:00:00,3.018,3.05,3.018,3.023,2576.63
2026-01-21 11:00:00,3.023,3.044,2.988,2.988,5449.18
2026-01-21 12:00:00,2.989,3.01,2.97,3.005,4496.03
2026-01-21 13:00:00,3.005,3.022,2.981,2.985,1241.82
2026-01-21 14:00:00,2.985,3.049,2.982,3.046,6947.25
2026-01-21 15:00:00,3.046,3.134,3.036,3.071,66717.84
2026-01-21 16:00:00,3.071,3.071,2.968,2.969,4197.68
2026-01-21 17:00:00,2.97,2.997,2.957,2.988,5553.62
2026-01-21 18:00:00,2.988,3.034,2.979,3.024,4008.77
2026-01-21 19:00:00,3.024,3.1,3.007,3.096,6432.82
2026-01-21 20:00:00,3.096,3.103,3.062,3.088,1529.33
2026-01-21 21:00:00,3.088,3.104,3.086,3.096,1221.19
2026-01-21 22:00:00,3.095,3.102,3.063,3.077,1957.3
2026-01-21 23:00:00,3.077,3.088,3.052,3.056,776.64
2026-01-22 00:00:00,3.057,3.092,3.057,3.084,538.09
2026-01-22 01:00:00,3.082,3.097,3.078,3.097,794.28
2026-01-22 02:00:00,3.097,3.103,3.08,3.083,1646.31
2026-01-22 03:00:00,3.08,3.095,3.06,3.069,3341.91
2026-01-22 04:00:00,3.069,3.081,3.059,3.073,1411.96
2026-01-22 05:00:00,3.07,3.074,3.047,3.053,340.28
2026-01-22 06:00:00,3.054,3.06,3.034,3.052,350.21
2026-01-22 07:00:00,3.052,3.055,3.034,3.043,670.24
2026-01-22 08:00:00,3.043,3.056,3.036,3.051,578.78
2026-01-22 09:00:00,3.051,3.069,3.048,3.061,947.67
2026-01-22 10:00:00,3.061,3.077,3.058,3.062,1831.15
2026-01-22 11:00:00,3.062,3.07,3.044,3.045,588.1
2026-01-22 12:00:00,3.045,3.058,3.039,3.043,1221.94
2026-01-22 13:00:00,3.043,3.059,3.027,3.028,739.8
2026-01-22 14:00:00,3.029,3.046,3.008,3.015,2287.13
2026-01-22 15:00:00,3.015,3.039,2.996,3.021,1875.87
2026-01-22 16:00:00,3.023,3.051,3.022,3.042,399.28
2026-01-22 17:00:00,3.043,3.056,3.033,3.056,820.46
2026-01-22 18:00:00,3.056,3.061,3.039,3.039,845.17
2026-01-22 19:00:00,3.039,3.056,3.029,3.047,618.91
2026-01-22 20:00:00,3.045,3.052,3.026,3.04,354.11
2026-01-22 21:00:00,3.04,3.057,3.034,3.045,241.0
2026-01-22 22:00:00,3.045,3.05,3.033,3.041,325.83
2026-01-22 23:00:00,3.04,3.056,3.031,3.045,1249.52
2026-01-23 00:00:00,3.045,3.062,3.04,3.052,704.1
2026-01-23 01:00:00,3.052,3.078,3.052,3.075,553.15
2026-01-23 02:00:00,3.075,3.085,3.067,3.072,592.33
2026-01-23 03:00:00,3.072,3.093,3.067,3.089,970.11
2026-01-23 04:00:00,3.089,3.113,3.082,3.111,1179.83
2026-01-23 05:00:00,3.111,3.155,3.106,3.135,28347.29
2026-01-23 06:00:00,3.138,3.158,3.068,3.068,45993.51
2026-01-23 07:00:00,3.072,3.099,3.06,3.086,4461.29
2026-01-23 08:00:00,3.086,3.097,3.064,3.07,2737.34
2026-01-23 09:00:00,3.073,3.086,3.062,3.078,925.74
2026-01-23 10:00:00,3.078,3.089,3.061,3.073,1243.61
2026-01-23 11:00:00,3.082,3.084,3.068,3.073,877.48
2026-01-23 12:00:00,3.079,3.079,3.061,3.063,542.45
2026-01-23 13:00:00,3.058,3.068,3.056,3.061,872.69
2026-01-23 14:00:00,3.061,3.071,3.024,3.052,6509.25
2026-01-23 15:00:00,3.055,3.085,3.034,3.085,4522.66
2026-01-23 16:00:00,3.081,3.097,3.058,3.082,913.95
2026-01-23 17:00:00,3.079,3.112,3.067,3.068,4024.8
2026-01-23 18:00:00,3.067,3.092,3.058,3.058,968.67
2026-01-23 19:00:00,3.055,3.056,3.022,3.033,1775.53
2026-01-23 20:00:00,3.029,3.034,2.996,3.01,1499.07
2026-01-23 21:00:00,3.016,3.026,3.015,3.017,175.07
2026-01-23 22:00:00,3.022,3.044,3.02,3.033,587.38
2026-01-23 23:00:00,3.035,3.044,3.021,3.032,861.91
2026-01-24 00:00:00,3.032,3.032,3.016,3.02,160.82
2026-01-24 01:00:00,3.021,3.024,3.008,3.017,448.71
2026-01-24 02:00:00,3.022,3.023,3.009,3.019,434.59
2026-01-24 03:00:00,3.024,3.034,3.022,3.026,800.98
2026-01-24 04:00:00,3.032,3.032,3.019,3.019,391.56
2026-01-24 05:00:00,3.022,3.025,3.014,3.025,164.29
2026-01-24 06:00:00,3.027,3.045,3.027,3.042,300.71
2026-01-24 07:00:00,3.044,3.061,3.042,3.053,2152.32
2026-01-24 08:00:00,3.052,3.059,3.051,3.059,106.57
2026-01-24 09:00:00,3.063,3.1,3.057,3.067,6310.66
2026-01-24 10:00:00,3.069,3.14,3.068,3.109,4596.0
2026-01-24 11:00:00,3.11,3.119,3.089,3.092,4712.01
2026-01-24 12:00:00,3.096,3.111,3.092,3.102,1173.71
2026-01-24 13:00:00,3.099,3.107,3.095,3.107,1313.1
2026-01-24 14:00:00,3.105,3.116,3.105,3.111,2572.34
2026-01-24 15:00:00,3.113,3.114,3.082,3.082,1197.15
2026-01-24 16:00:00,3.09,3.092,3.059,3.059,978.47
2026-01-24 17:00:00,3.069,3.078,3.061,3.072,357.06
2026-01-24 18:00:00,3.078,3.09,3.07,3.09,710.43
2026-01-24 19:00:00,3.09,3.105,3.09,3.096,1225.29
2026-01-24 20:00:00,3.099,3.107,3.093,3.103,353.91
2026-01-24 21:00:00,3.106,3.116,3.099,3.106,1518.19
2026-01-24 22:00:00,3.109,3.136,3.104,3.136,2918.02
2026-01-24 23:00:00,3.136,3.171,3.125,3.144,8960.86
2026-01-25 00:00:00,3.144,3.165,3.126,3.141,10555.21
2026-01-25 01:00:00,3.144,3.155,3.12,3.128,1666.16
2026-01-25 02:00:00,3.131,3.148,3.118,3.125,5069.32
2026-01-25 03:00:00,3.131,3.147,3.115,3.122,3278.78
2026-01-25 04:00:00,3.122,3.167,3.117,3.136,4194.32
2026-01-25 05:00:00,3.136,3.16,3.135,3.154,3931.27
2026-01-25 06:00:00,3.16,3.177,3.148,3.156,4165.7
2026-01-25 07:00:00,3.162,3.167,3.138,3.159,2558.42
2026-01-25 08:00:00,3.165,3.178,3.12,3.148,17175.59
2026-01-25 09:00:00,3.147,3.181,3.138,3.164,1252.85
2026-01-25 10:00:00,3.17,3.181,3.151,3.151,1908.56
2026-01-25 11:00:00,3.151,3.151,3.12,3.128,6093.98
2026-01-25 12:00:00,3.13,3.13,3.093,3.118,9722.63
2026-01-25 13:00:00,3.124,3.174,3.121,3.159,7083.27
2026-01-25 14:00:00,3.162,3.192,3.153,3.174,9756.73
2026-01-25 15:00:00,3.174,3.187,3.121,3.124,9924.51
2026-01-25 16:00:00,3.124,3.124,3.067,3.082,9804.6
2026-01-25 17:00:00,3.085,3.098,3.07,3.071,4988.01
2026-01-25 18:00:00,3.074,3.074,3.028,3.034,7855.96
2026-01-25 19:00:00,3.037,3.051,2.982,3.003,10371.9
2026-01-25 20:00:00,3.001,3.022,2.979,3.0,4232.36
2026-01-25 21:00:00,3.003,3.052,3.003,3.047,4306.1
2026-01-25 22:00:00,3.052,3.052,3.007,3.034,1759.16
2026-01-25 23:00:00,3.037,3.056,3.023,3.056,1797.11
2026-01-26 00:00:00,3.056,3.088,3.047,3.086,2897.91
2026-01-26 01:00:00,3.086,3.104,3.084,3.089,2885.99
2026-01-26 02:00:00,3.095,3.095,3.073,3.082,538.34
2026-01-26 03:00:00,3.086,3.095,3.063,3.067,5813.16
2026-01-26 04:00:00,3.074,3.105,3.071,3.097,747.39
2026-01-26 05:00:00,3.1,3.109,3.093,3.106,441.85
2026-01-26 06:00:00,3.109,3.109,3.09,3.104,515.18
2026-01-26 07:00:00,3.107,3.111,3.093,3.103,682.23
2026-01-26 08:00:00,3.106,3.115,3.091,3.092,615.92
2026-01-26 09:00:00,3.095,3.097,3.067,3.072,656.38
2026-01-26 10:00:00,3.075,3.089,3.072,3.084,463.5
2026-01-26 11:00:00,3.089,3.091,3.072,3.085,1241.83
2026-01-26 12:00:00,3.084,3.092,3.074,3.075,867.29
2026-01-26 13:00:00,3.08,3.088,3.075,3.083,590.36
2026-01-26 14:00:00,3.086,3.1,3.058,3.085,4119.67
2026-01-26 15:00:00,3.085,3.108,3.057,3.066,1983.72
2026-01-26 16:00:00,3.069,3.076,3.046,3.067,976.42
2026-01-26 17:00:00,3.067,3.075,3.036,3.054,3705.0
2026-01-26 18:00:00,3.057,3.065,3.038,3.052,1747.48
2026-01-26 19:00:00,3.054,3.054,3.033,3.034,867.24
2026-01-26 20:00:00,3.04,3.04,3.025,3.031,541.43
2026-01-26 21:00:00,3.033,3.086,3.03,3.074,2635.48
2026-01-26 22:00:00,3.08,3.093,3.073,3.075,3380.69
2026-01-26 23:00:00,3.081,3.081,3.058,3.066,733.4
2026-01-27 00:00:00,3.069,3.07,3.044,3.053,3239.76
2026-01-27 01:00:00,3.053,3.063,3.041,3.05,1016.21
2026-01-27 02:00:00,3.054,3.059,3.045,3.049,949.7
2026-01-27 03:00:00,3.052,3.057,3.029,3.033,2338.66
2026-01-27 04:00:00,3.032,3.048,3.007,3.017,3725.3
2026-01-27 05:00:00,3.02,3.02,2.995,2.998,4586.52
2026-01-27 06:00:00,3.002,3.009,2.99,2.991,497.48
2026-01-27 07:00:00,2.993,3.011,2.992,2.994,583.76
2026-01-27 08:00:00,2.997,3.006,2.978,2.988,2774.75
2026-01-27 09:00:00,2.99,2.99,2.96,2.96,3886.45
2026-01-27 10:00:00,2.961,2.974,2.953,2.957,2916.76
2026-01-27 11:00:00,2.96,2.975,2.957,2.971,1674.05
2026-01-27 12:00:00,2.973,2.976,2.954,2.964,1873.08
2026-01-27 13:00:00,2.968,2.986,2.934,2.938,4906.13
2026-01-27 14:00:00,2.942,2.971,2.921,2.931,4999.24
2026-01-27 15:00:00,2.934,2.952,2.919,2.949,2123.27
2026-01-27 16:00:00,2.952,2.979,2.952,2.969,2535.31
2026-01-27 17:00:00,2.972,2.972,2.9,2.91,3004.36
2026-01-27 18:00:00,2.913,2.953,2.91,2.948,3631.54
2026-01-27 19:00:00,2.948,2.948,2.93,2.945,2271.55
2026-01-27 20:00:00,2.944,2.99,2.941,2.978,4727.83
2026-01-27 21:00:00,2.98,2.99,2.969,2.972,5046.17
2026-01-27 22:00:00,2.972,2.982,2.964,2.973,2671.65
2026-01-27 23:00:00,2.971,2.972,2.947,2.947,1086.38
2026-01-28 00:00:00,2.949,2.955,2.913,2.943,3298.26
2026-01-28 01:00:00,2.944,2.959,2.936,2.957,1118.74
2026-01-28 02:00:00,2.958,3.043,2.955,3.021,20792.13
2026-01-28 03:00:00,3.021,3.09,3.013,3.034,10278.71
2026-01-28 04:00:00,3.037,3.059,3.036,3.038,3318.95
2026-01-28 05:00:00,3.041,3.055,3.015,3.018,1804.39
2026-01-28 06:00:00,3.021,3.038,3.015,3.03,511.59
2026-01-28 07:00:00,3.033,3.036,3.007,3.016,1506.18
2026-01-28 08:00:00,3.02,3.02,2.979,2.986,4193.48
2026-01-28 09:00:00,2.991,3.009,2.97,3.001,4021.8
2026-01-28 10:00:00,3.007,3.007,2.979,2.981,1138.0
2026-01-28 11:00:00,2.978,2.998,2.967,2.992,1394.94
2026-01-28 12:00:00,2.995,2.995,2.956,2.97,3558.62
2026-01-28 13:00:00,2.969,2.999,2.964,2.993,2079.96
2026-01-28 14:00:00,2.986,3.007,2.98,2.99,2679.49
2026-01-28 15:00:00,2.995,2.998,2.966,2.978,1152.56
2026-01-28 16:00:00,2.979,2.982,2.965,2.965,1315.37
2026-01-28 17:00:00,2.968,2.992,2.952,2.979,5851.89
2026-01-28 18:00:00,2.972,2.986,2.955,2.976,3744.62
2026-01-28 19:00:00,2.981,2.997,2.967,2.995,6677.62
2026-01-28 20:00:00,2.992,3.02,2.992,3.016,4011.09
2026-01-28 21:00:00,3.015,3.067,2.997,3.063,12161.09
2026-01-28 22:00:00,3.064,3.087,3.055,3.068,7891.26
2026-01-28 23:00:00,3.074,3.129,3.064,3.121,17153.09
2026-01-29 00:00:00,3.128,3.143,3.069,3.088,17492.36
2026-01-29 01:00:00,3.084,3.132,3.058,3.068,10670.29
2026-01-29 02:00:00,3.068,3.118,3.066,3.118,10461.83
2026-01-29 03:00:00,3.118,3.19,3.009,3.067,75681.06
2026-01-29 04:00:00,3.059,3.059,3.0,3.04,9548.62
2026-01-29 05:00:00,3.037,3.09,3.037,3.073,9255.48
2026-01-29 06:00:00,3.074,3.157,3.06,3.085,41104.16
2026-01-29 07:00:00,3.082,3.114,3.077,3.079,7655.21
2026-01-29 08:00:00,3.078,3.106,3.051,3.081,10999.24
2026-01-29 09:00:00,3.083,3.09,3.041,3.072,8500.95
2026-01-29 10:00:00,3.072,3.091,3.054,3.081,8586.95
2026-01-29 11:00:00,3.076,3.084,3.036,3.044,8263.97
2026-01-29 12:00:00,3.047,3.055,3.024,3.036,5369.59
2026-01-29 13:00:00,3.039,3.04,3.021,3.027,3142.35
2026-01-29 14:00:00,3.025,3.067,3.003,3.013,15302.54
2026-01-29 15:00:00,3.005,3.032,2.931,3.002,43769.32
2026-01-29 16:00:00,2.997,3.048,2.99,3.037,9825.81
2026-01-29 17:00:00,3.038,3.042,2.988,2.992,7176.02
2026-01-29 18:00:00,2.993,2.998,2.928,2.928,14086.59
2026-01-29 19:00:00,2.927,2.952,2.891,2.937,11026.31
2026-01-29 20:00:00,2.935,2.967,2.926,2.961,5423.08
2026-01-29 21:00:00,2.96,2.972,2.948,2.952,6028.79
2026-01-29 22:00:00,2.956,2.974,2.94,2.953,6643.39
2026-01-29 23:00:00,2.951,2.964,2.937,2.964,4947.69
2026-01-30 00:00:00,2.962,2.975,2.951,2.961,2510.51
2026-01-30 01:00:00,2.961,2.966,2.849,2.935,20968.25
2026-01-30 02:00:00,2.934,2.934,2.858,2.883,10670.59
2026-01-30 03:00:00,2.887,2.901,2.874,2.881,2177.0
2026-01-30 04:00:00,2.881,2.914,2.88,2.901,2696.4
2026-01-30 05:00:00,2.901,2.91,2.891,2.894,4337.08
2026-01-30 06:00:00,2.892,2.892,2.865,2.881,9561.05
2026-01-30 07:00:00,2.881,2.922,2.813,2.874,44612.12
2026-01-30 08:00:00,2.868,2.879,2.844,2.863,7103.8
2026-01-30 09:00:00,2.864,2.886,2.864,2.879,6821.15
2026-01-30 10:00:00,2.878,2.882,2.866,2.882,2155.2
2026-01-30 11:00:00,2.883,2.925,2.881,2.911,3722.9
2026-01-30 12:00:00,2.915,2.921,2.896,2.902,1392.58
2026-01-30 13:00:00,2.903,2.909,2.868,2.898,7173.06
2026-01-30 14:00:00,2.901,2.976,2.901,2.954,10588.73
2026-01-30 15:00:00,2.957,3.022,2.951,3.003,12186.51
2026-01-30 16:00:00,3.003,3.136,3.0,3.06,36516.72
2026-01-30 17:00:00,3.058,3.106,3.052,3.077,24263.96
2026-01-30 18:00:00,3.083,3.17,3.045,3.158,14335.94
2026-01-30 19:00:00,3.158,3.177,3.116,3.121,11615.66
2026-01-30 20:00:00,3.123,3.129,3.062,3.084,18080.83
2026-01-30 21:00:00,3.086,3.11,3.057,3.073,8640.0
2026-01-30 22:00:00,3.074,3.078,3.016,3.044,6212.37
2026-01-30 23:00:00,3.047,3.053,3.026,3.049,2324.88
2026-01-31 00:00:00,3.049,3.06,3.041,3.05,3833.78
2026-01-31 01:00:00,3.051,3.06,3.039,3.06,7334.15
2026-01-31 02:00:00,3.059,3.059,3.037,3.044,778.13
2026-01-31 03:00:00,3.044,3.054,3.029,3.034,3163.83
2026-01-31 04:00:00,3.032,3.041,3.006,3.009,6411.1
2026-01-31 05:00:00,3.008,3.009,2.996,3.002,2595.99
2026-01-31 06:00:00,3.002,3.002,2.959,2.976,4902.89
2026-01-31 07:00:00,2.977,2.977,2.937,2.954,5188.15
2026-01-31 08:00:00,2.955,2.958,2.892,2.914,12108.58
2026-01-31 09:00:00,2.915,2.928,2.885,2.89,5915.5
2026-01-31 10:00:00,2.89,2.909,2.879,2.884,4375.95
2026-01-31 11:00:00,2.881,2.906,2.875,2.882,6161.97
2026-01-31 12:00:00,2.879,2.888,2.867,2.868,4342.57
2026-01-31 13:00:00,2.868,2.887,2.864,2.88,5181.76
2026-01-31 14:00:00,2.882,2.883,2.638,2.66,98271.79
2026-01-31 15:00:00,2.66,2.723,2.66,2.683,9961.78
2026-01-31 16:00:00,2.68,2.708,2.643,2.658,13789.71
2026-01-31 17:00:00,2.658,2.661,2.528,2.582,32064.23
2026-01-31 18:00:00,2.582,2.596,2.416,2.555,33493.96
2026-01-31 19:00:00,2.556,2.596,2.541,2.562,7085.02
2026-01-31 20:00:00,2.563,2.581,2.53,2.578,8322.67
2026-01-31 21:00:00,2.577,2.589,2.554,2.575,6666.56
2026-01-31 22:00:00,2.576,2.578,2.541,2.563,3116.11
2026-01-31 23:00:00,2.562,2.623,2.555,2.614,4289.5
2026-02-01 00:00:00,2.614,2.632,2.603,2.614,6493.57
2026-02-01 01:00:00,2.615,2.616,2.562,2.594,6104.34
2026-02-01 02:00:00,2.595,2.599,2.556,2.577,5318.81
2026-02-01 03:00:00,2.577,2.577,2.547,2.553,3809.32
2026-02-01 04:00:00,2.554,2.56,2.53,2.545,6795.66
2026-02-01 05:00:00,2.542,2.545,2.507,2.513,5975.42
2026-02-01 06:00:00,2.513,2.517,2.48,2.493,5574.49
2026-02-01 07:00:00,2.497,2.512,2.482,2.495,3093.8
2026-02-01 08:00:00,2.492,2.5,2.468,2.482,5166.73
2026-02-01 09:00:00,2.482,2.497,2.436,2.486,21723.62
2026-02-01 10:00:00,2.486,2.531,2.419,2.423,15750.62
2026-02-01 11:00:00,2.429,2.453,2.423,2.431,9082.54
2026-02-01 12:00:00,2.431,2.436,2.388,2.423,12549.46
2026-02-01 13:00:00,2.423,2.448,2.401,2.414,4916.78
2026-02-01 14:00:00,2.414,2.439,2.373,2.421,14124.45
2026-02-01 15:00:00,2.416,2.419,2.365,2.397,9393.02
2026-02-01 16:00:00,2.396,2.457,2.387,2.451,3969.17
2026-02-01 17:00:00,2.449,2.479,2.437,2.455,6127.86
2026-02-01 18:00:00,2.458,2.499,2.453,2.486,6775.15
2026-02-01 19:00:00,2.49,2.579,2.49,2.521,13377.35
2026-02-01 20:00:00,2.519,2.564,2.519,2.538,11419.79
2026-02-01 21:00:00,2.538,2.538,2.49,2.512,2665.18
2026-02-01 22:00:00,2.519,2.563,2.519,2.548,3520.74
2026-02-01 23:00:00,2.543,2.551,2.468,2.496,6933.78
2026-02-02 00:00:00,2.5,2.542,2.464,2.492,2752.95
2026-02-02 01:00:00,2.497,2.545,2.48,2.533,8719.79
2026-02-02 02:00:00,2.528,2.545,2.498,2.5,1460.11
2026-02-02 03:00:00,2.499,2.507,2.42,2.494,25158.44
2026-02-02 04:00:00,2.489,2.503,2.442,2.453,8140.41
2026-02-02 05:00:00,2.453,2.454,2.399,2.419,12776.65
2026-02-02 06:00:00,2.422,2.47,2.379,2.432,23425.99
2026-02-02 07:00:00,2.43,2.448,2.408,2.427,5652.68
2026-02-02 08:00:00,2.43,2.46,2.43,2.452,1633.46
2026-02-02 09:00:00,2.453,2.5,2.441,2.478,6523.25
2026-02-02 10:00:00,2.482,2.495,2.466,2.479,6371.01
2026-02-02 11:00:00,2.479,2.494,2.474,2.477,3906.07
2026-02-02 12:00:00,2.478,2.503,2.476,2.495,3848.03
2026-02-02 13:00:00,2.493,2.512,2.488,2.505,3448.87
2026-02-02 14:00:00,2.503,2.534,2.477,2.5,11379.24
2026-02-02 15:00:00,2.5,2.53,2.497,2.509,3539.01
2026-02-02 16:00:00,2.507,2.522,2.486,2.486,4171.15
2026-02-02 17:00:00,2.493,2.498,2.459,2.468,5481.9
2026-02-02 18:00:00,2.465,2.47,2.449,2.46,8022.56
2026-02-02 19:00:00,2.459,2.468,2.442,2.446,6511.94
2026-02-02 20:00:00,2.447,2.461,2.432,2.438,2213.83
2026-02-02 21:00:00,2.44,2.45,2.437,2.449,1121.59
2026-02-02 22:00:00,2.452,2.471,2.452,2.468,1694.19
2026-02-02 23:00:00,2.466,2.468,2.45,2.452,1049.96
2026-02-03 00:00:00,2.457,2.457,2.422,2.44,2709.74
2026-02-03 01:00:00,2.437,2.439,2.405,2.424,2085.76
2026-02-03 02:00:00,2.422,2.422,2.375,2.385,6973.44
2026-02-03 03:00:00,2.387,2.401,2.342,2.394,9985.2
2026-02-03 04:00:00,2.389,2.398,2.359,2.389,7162.25
2026-02-03 05:00:00,2.385,2.385,2.346,2.35,4708.35
2026-02-03 06:00:00,2.355,2.367,2.334,2.357,4790.19
2026-02-03 07:00:00,2.354,2.362,2.324,2.341,17267.01
2026-02-03 08:00:00,2.342,2.371,2.339,2.347,3800.33
2026-02-03 09:00:00,2.352,2.389,2.349,2.364,20656.64
2026-02-03 10:00:00,2.365,2.383,2.331,2.341,6419.46
2026-02-03 11:00:00,2.342,2.363,2.333,2.337,14969.73
2026-02-03 12:00:00,2.338,2.354,2.327,2.352,14083.82
2026-02-03 13:00:00,2.35,2.356,2.322,2.349,4263.51
2026-02-03 14:00:00,2.348,2.386,2.3,2.31,13436.4
2026-02-03 15:00:00,2.31,2.36,2.306,2.355,9940.55
2026-02-03 16:00:00,2.35,2.356,2.31,2.321,4413.04
2026-02-03 17:00:00,2.318,2.319,2.273,2.278,8984.48
2026-02-03 18:00:00,2.273,2.283,2.223,2.235,17612.57
2026-02-03 19:00:00,2.23,2.309,2.219,2.288,17052.87
2026-02-03 20:00:00,2.288,2.381,2.266,2.374,35256.67
2026-02-03 21:00:00,2.368,2.369,2.288,2.295,31166.57
2026-02-03 22:00:00,2.299,2.299,2.255,2.264,5263.59
2026-02-03 23:00:00,2.265,2.27,2.234,2.235,10176.43
2026-02-04 00:00:00,2.234,2.234,2.183,2.216,33868.14
2026-02-04 01:00:00,2.217,2.253,2.216,2.222,9072.19
2026-02-04 02:00:00,2.221,2.26,2.221,2.252,17728.29
2026-02-04 03:00:00,2.252,2.367,2.252,2.33,22679.1
2026-02-04 04:00:00,2.333,2.334,2.3,2.3,2882.25
2026-02-04 05:00:00,2.303,2.303,2.264,2.267,4097.88
2026-02-04 06:00:00,2.273,2.277,2.25,2.265,8129.48
2026-02-04 07:00:00,2.261,2.272,2.249,2.267,3459.12
2026-02-04 08:00:00,2.262,2.263,2.23,2.252,3105.41
2026-02-04 09:00:00,2.252,2.257,2.222,2.236,4337.51
2026-02-04 10:00:00,2.235,2.261,2.231,2.256,5287.1
2026-02-04 11:00:00,2.255,2.268,2.231,2.265,6798.55
2026-02-04 12:00:00,2.262,2.287,2.257,2.269,2404.27
2026-02-04 13:00:00,2.267,2.267,2.216,2.219,1432.35
2026-02-04 14:00:00,2.221,2.239,2.192,2.192,8065.06
2026-02-04 15:00:00,2.195,2.218,2.159,2.173,16659.43
2026-02-04 16:00:00,2.171,2.191,2.147,2.18,8673.2
2026-02-04 17:00:00,2.172,2.181,2.145,2.178,5053.88
2026-02-04 18:00:00,2.174,2.233,2.157,2.212,4982.07
2026-02-04 19:00:00,2.218,2.263,2.207,2.263,3472.81
2026-02-04 20:00:00,2.26,2.26,2.234,2.237,521.63
2026-02-04 21:00:00,2.234,2.237,2.198,2.212,1687.25
2026-02-04 22:00:00,2.209,2.248,2.18,2.203,6734.43
2026-02-04 23:00:00,2.205,2.246,2.205,2.23,7232.19
2026-02-05 00:00:00,2.225,2.242,2.215,2.238,980.05
2026-02-05 01:00:00,2.233,2.254,2.213,2.231,3826.73
2026-02-05 02:00:00,2.226,2.248,2.207,2.211,2215.77
2026-02-05 03:00:00,2.213,2.239,2.212,2.23,1716.73
2026-02-05 04:00:00,2.226,2.267,2.225,2.244,11439.07
2026-02-05 05:00:00,2.243,2.256,2.218,2.225,2794.58
2026-02-05 06:00:00,2.227,2.227,2.165,2.185,19167.56
2026-02-05 07:00:00,2.188,2.21,2.18,2.196,2740.05
2026-02-05 08:00:00,2.198,2.241,2.198,2.214,4965.64
2026-02-05 09:00:00,2.217,2.236,2.195,2.213,13567.2
2026-02-05 10:00:00,2.212,2.213,2.165,2.175,6040.58
2026-02-05 11:00:00,2.177,2.188,2.136,2.172,5704.46
2026-02-05 12:00:00,2.173,2.184,2.15,2.16,3878.4
2026-02-05 13:00:00,2.168,2.184,2.147,2.147,3286.89
2026-02-05 14:00:00,2.151,2.181,2.138,2.138,11073.66
2026-02-05 15:00:00,2.142,2.143,2.013,2.052,34968.86
2026-02-05 16:00:00,2.057,2.086,2.03,2.059,34113.43
2026-02-05 17:00:00,2.062,2.069,1.998,2.018,21477.64
2026-02-05 18:00:00,2.015,2.029,1.985,2.026,10984.75
2026-02-05 19:00:00,2.017,2.025,1.991,1.995,5100.0
2026-02-05 20:00:00,1.999,2.011,1.913,1.96,28920.06
2026-02-05 21:00:00,1.956,2.002,1.934,1.946,11569.59
2026-02-05 22:00:00,1.947,1.976,1.924,1.95,8015.85
2026-02-05 23:00:00,1.946,1.982,1.913,1.917,10182.8
2026-02-06 00:00:00,1.92,1.926,1.726,1.899,106012.49
2026-02-06 01:00:00,1.906,1.957,1.895,1.956,4362.46
2026-02-06 02:00:00,1.96,1.975,1.907,1.915,4937.85
2026-02-06 03:00:00,1.915,1.934,1.905,1.922,2760.48
2026-02-06 04:00:00,1.919,1.97,1.918,1.958,4958.85
2026-02-06 05:00:00,1.959,2.013,1.959,1.998,6613.74
2026-02-06 06:00:00,1.999,2.007,1.958,1.96,6145.68
2026-02-06 07:00:00,1.961,1.98,1.937,1.971,2707.42
2026-02-06 08:00:00,1.971,1.987,1.963,1.976,3240.98
2026-02-06 09:00:00,1.969,2.011,1.966,2.004,3590.95
2026-02-06 10:00:00,2.001,2.033,2.001,2.031,4385.51
2026-02-06 11:00:00,2.033,2.054,2.007,2.022,19811.74
2026-02-06 12:00:00,2.021,2.033,2.017,2.024,2379.74
2026-02-06 13:00:00,2.023,2.086,2.023,2.074,8723.94
2026-02-06 14:00:00,2.082,2.144,2.082,2.134,11510.73
2026-02-06 15:00:00,2.135,2.185,2.113,2.176,8156.2
2026-02-06 16:00:00,2.177,2.287,2.176,2.212,20209.68
2026-02-06 17:00:00,2.212,2.262,2.204,2.238,5430.89
2026-02-06 18:00:00,2.235,2.235,2.206,2.206,1541.68
2026-02-06 19:00:00,2.204,2.211,2.186,2.205,6758.97
2026-02-06 20:00:00,2.201,2.23,2.193,2.202,5130.42
2026-02-06 21:00:00,2.203,2.218,2.195,2.207,1033.56
2026-02-06 22:00:00,2.213,2.236,2.21,2.225,1537.93
2026-02-06 23:00:00,2.233,2.233,2.204,2.227,1105.18
2026-02-07 00:00:00,2.221,2.227,2.198,2.205,992.71
2026-02-07 01:00:00,2.203,2.21,2.189,2.202,4509.0
2026-02-07 02:00:00,2.198,2.212,2.194,2.21,2074.61
2026-02-07 03:00:00,2.205,2.226,2.205,2.218,5155.93
2026-02-07 04:00:00,2.219,2.25,2.213,2.241,4385.97
2026-02-07 05:00:00,2.242,2.267,2.241,2.255,3447.81
2026-02-07 06:00:00,2.256,2.274,2.215,2.215,4616.54
2026-02-07 07:00:00,2.22,2.226,2.173,2.204,5909.51
2026-02-07 08:00:00,2.201,2.208,2.177,2.186,4830.09
2026-02-07 09:00:00,2.184,2.197,2.166,2.175,1150.52
2026-02-07 10:00:00,2.175,2.179,2.14,2.166,14390.73
2026-02-07 11:00:00,2.164,2.173,2.155,2.173,1510.81
2026-02-07 12:00:00,2.169,2.229,2.169,2.204,8761.0
2026-02-07 13:00:00,2.207,2.207,2.182,2.191,4157.87
2026-02-07 14:00:00,2.189,2.194,2.157,2.17,2698.32
2026-02-07 15:00:00,2.166,2.194,2.158,2.189,2675.72
2026-02-07 16:00:00,2.19,2.226,2.175,2.195,20211.55
2026-02-07 17:00:00,2.197,2.201,2.186,2.197,734.43
2026-02-07 18:00:00,2.199,2.227,2.187,2.215,3360.09
2026-02-07 19:00:00,2.211,2.213,2.183,2.197,838.74
2026-02-07 20:00:00,2.192,2.199,2.164,2.168,27752.18
2026-02-07 21:00:00,2.166,2.18,2.155,2.171,2499.53
2026-02-07 22:00:00,2.175,2.182,2.175,2.182,408.55
2026-02-07 23:00:00,2.178,2.187,2.168,2.187,1447.15
2026-02-08 00:00:00,2.187,2.187,2.173,2.174,879.58
2026-02-08 01:00:00,2.173,2.175,2.16,2.16,590.42
2026-02-08 02:00:00,2.163,2.168,2.143,2.15,2120.78
2026-02-08 03:00:00,2.151,2.154,2.139,2.14,883.18
2026-02-08 04:00:00,2.138,2.169,2.09,2.11,69700.22
2026-02-08 05:00:00,2.113,2.121,2.084,2.105,16297.11
2026-02-08 06:00:00,2.106,2.131,2.102,2.108,14509.74
2026-02-08 07:00:00,2.108,2.114,2.094,2.113,2374.01
2026-02-08 08:00:00,2.113,2.143,2.109,2.142,3379.42
2026-02-08 09:00:00,2.14,2.16,2.133,2.139,3275.05
2026-02-08 10:00:00,2.142,2.145,2.125,2.13,2177.51
2026-02-08 11:00:00,2.134,2.166,2.134,2.156,3254.37
2026-02-08 12:00:00,2.16,2.165,2.144,2.151,2718.82
2026-02-08 13:00:00,2.156,2.164,2.148,2.153,1618.5
2026-02-08 14:00:00,2.151,2.161,2.148,2.148,2584.66
2026-02-08 15:00:00,2.155,2.156,2.12,2.132,4026.57
2026-02-08 16:00:00,2.131,2.153,2.088,2.095,6637.72
2026-02-08 17:00:00,2.101,2.113,2.095,2.112,1034.37
2026-02-08 18:00:00,2.112,2.125,2.109,2.111,1542.11
2026-02-08 19:00:00,2.117,2.118,2.106,2.115,491.32
2026-02-08 20:00:00,2.112,2.112,2.084,2.088,656.36
2026-02-08 21:00:00,2.089,2.089,2.069,2.072,800.04
2026-02-08 22:00:00,2.079,2.095,2.072,2.095,2074.32
2026-02-08 23:00:00,2.097,2.134,2.072,2.085,6939.02
2026-02-09 00:00:00,2.09,2.099,2.083,2.094,561.87
2026-02-09 01:00:00,2.093,2.113,2.088,2.098,4256.12
2026-02-09 02:00:00,2.098,2.122,2.093,2.114,1351.4
2026-02-09 03:00:00,2.109,2.131,2.107,2.126,546.8
2026-02-09 04:00:00,2.125,2.127,2.118,2.119,339.75
2026-02-09 05:00:00,2.118,2.121,2.115,2.121,373.88
2026-02-09 06:00:00,2.118,2.118,2.093,2.096,478.41
2026-02-09 07:00:00,2.099,2.099,2.082,2.089,3724.68
2026-02-09 08:00:00,2.089,2.093,2.057,2.077,2949.02
2026-02-09 09:00:00,2.073,2.076,2.06,2.065,1494.2
2026-02-09 10:00:00,2.063,2.066,2.028,2.029,16452.3
2026-02-09 11:00:00,2.039,2.047,2.034,2.036,608.0
2026-02-09 12:00:00,2.04,2.055,2.04,2.047,773.38
2026-02-09 13:00:00,2.05,2.058,2.042,2.042,2061.86
2026-02-09 14:00:00,2.039,2.077,2.029,2.061,7265.22
2026-02-09 15:00:00,2.064,2.092,2.052,2.084,8010.6
2026-02-09 16:00:00,2.084,2.096,2.057,2.077,7856.93
2026-02-09 17:00:00,2.076,2.112,2.064,2.098,6363.09
2026-02-09 18:00:00,2.097,2.108,2.085,2.096,3408.59
2026-02-09 19:00:00,2.092,2.108,2.092,2.108,372.55
2026-02-09 20:00:00,2.097,2.108,2.09,2.101,1397.85
2026-02-09 21:00:00,2.102,2.102,2.076,2.095,2479.95
2026-02-09 22:00:00,2.093,2.129,2.093,2.093,2980.26
2026-02-09 23:00:00,2.094,2.095,2.086,2.087,320.35
2026-02-10 00:00:00,2.093,2.093,2.081,2.087,422.92
2026-02-10 01:00:00,2.08,2.095,2.08,2.095,616.35
2026-02-10 02:00:00,2.095,2.103,2.085,2.088,669.92
2026-02-10 03:00:00,2.084,2.087,2.049,2.067,3500.92
2026-02-10 04:00:00,2.072,2.093,2.072,2.09,2657.65
2026-02-10 05:00:00,2.085,2.091,2.069,2.073,561.03
2026-02-10 06:00:00,2.072,2.084,2.048,2.052,2479.36
2026-02-10 07:00:00,2.056,2.067,2.055,2.055,2010.94
2026-02-10 08:00:00,2.053,2.061,2.046,2.057,1114.85
2026-02-10 09:00:00,2.065,2.072,2.058,2.063,1204.72
2026-02-10 10:00:00,2.063,2.065,2.051,2.053,657.81
2026-02-10 11:00:00,2.054,2.058,2.043,2.05,1450.42
2026-02-10 12:00:00,2.045,2.053,2.037,2.04,2151.41
2026-02-10 13:00:00,2.037,2.059,2.037,2.051,2371.56
2026-02-10 14:00:00,2.046,2.064,2.03,2.051,12867.94
2026-02-10 15:00:00,2.041,2.083,2.04,2.073,1452.49
2026-02-10 16:00:00,2.074,2.093,2.066,2.069,3210.66
2026-02-10 17:00:00,2.066,2.072,2.066,2.067,1602.25
2026-02-10 18:00:00,2.067,2.07,2.033,2.039,1458.92
2026-02-10 19:00:00,2.037,2.054,2.031,2.048,1177.6
2026-02-10 20:00:00,2.05,2.052,2.041,2.05,523.84
2026-02-10 21:00:00,2.052,2.057,2.034,2.038,1419.17
2026-02-10 22:00:00,2.04,2.05,2.037,2.038,821.91
2026-02-10 23:00:00,2.039,2.045,2.039,2.044,722.88
2026-02-11 00:00:00,2.04,2.041,2.027,2.029,1043.97
2026-02-11 01:00:00,2.029,2.049,2.026,2.046,855.69
2026-02-11 02:00:00,2.046,2.055,2.033,2.033,783.5
2026-02-11 03:00:00,2.035,2.047,2.013,2.04,8011.51
2026-02-11 04:00:00,2.037,2.041,2.02,2.022,924.02
2026-02-11 05:00:00,2.028,2.073,2.027,2.063,4521.22
2026-02-11 06:00:00,2.057,2.068,2.02,2.031,10271.71
2026-02-11 07:00:00,2.032,2.037,2.02,2.02,1613.5
2026-02-11 08:00:00,2.02,2.032,2.012,2.02,6639.37
2026-02-11 09:00:00,2.023,2.028,2.013,2.018,4606.49
2026-02-11 10:00:00,2.021,2.026,2.01,2.022,2087.89
2026-02-11 11:00:00,2.023,2.026,2.013,2.02,536.63
2026-02-11 12:00:00,2.016,2.03,2.015,2.029,1006.06
2026-02-11 13:00:00,2.029,2.06,2.025,2.052,8461.12
2026-02-11 14:00:00,2.053,2.101,2.039,2.056,33099.07
2026-02-11 15:00:00,2.052,2.082,2.034,2.076,5213.83
2026-02-11 16:00:00,2.073,2.098,2.062,2.067,11008.27
2026-02-11 17:00:00,2.069,2.12,2.063,2.082,18761.84
2026-02-11 18:00:00,2.081,2.097,2.073,2.091,3091.72
2026-02-11 19:00:00,2.09,2.09,2.045,2.047,4263.98
2026-02-11 20:00:00,2.05,2.071,2.047,2.071,2495.83
2026-02-11 21:00:00,2.072,2.104,2.069,2.101,2296.65
2026-02-11 22:00:00,2.104,2.11,2.078,2.088,1354.24
2026-02-11 23:00:00,2.077,2.09,2.073,2.089,945.34
2026-02-12 00:00:00,2.092,2.104,2.087,2.097,475.97
2026-02-12 01:00:00,2.091,2.113,2.091,2.11,1224.48
2026-02-12 02:00:00,2.11,2.128,2.11,2.12,2916.62
2026-02-12 03:00:00,2.124,2.149,2.124,2.148,2385.49
2026-02-12 04:00:00,2.148,2.151,2.133,2.145,741.22
2026-02-12 05:00:00,2.144,2.159,2.129,2.159,1040.68
2026-02-12 06:00:00,2.158,2.208,2.158,2.195,5731.78
2026-02-12 07:00:00,2.198,2.219,2.187,2.219,4681.4
2026-02-12 08:00:00,2.217,2.251,2.213,2.232,11346.43
2026-02-12 09:00:00,2.232,2.257,2.207,2.214,8536.84
2026-02-12 10:00:00,2.214,2.223,2.204,2.222,8812.56
2026-02-12 11:00:00,2.22,2.225,2.198,2.212,6116.79
2026-02-12 12:00:00,2.206,2.209,2.189,2.194,7702.2
2026-02-12 13:00:00,2.193,2.218,2.188,2.216,2984.67
2026-02-12 14:00:00,2.215,2.216,2.193,2.206,3271.05
2026-02-12 15:00:00,2.195,2.21,2.181,2.185,4868.52
2026-02-12 16:00:00,2.182,2.19,2.133,2.147,3488.12
2026-02-12 17:00:00,2.157,2.161,2.136,2.137,3027.93
2026-02-12 18:00:00,2.149,2.151,2.127,2.132,2275.69
2026-02-12 19:00:00,2.132,2.168,2.131,2.148,438.22
2026-02-12 20:00:00,2.15,2.153,2.14,2.148,710.1
2026-02-12 21:00:00,2.149,2.158,2.142,2.158,3219.64
2026-02-12 22:00:00,2.155,2.209,2.153,2.185,12278.23
2026-02-12 23:00:00,2.187,2.194,2.18,2.188,2232.88
2026-02-13 00:00:00,2.187,2.187,2.151,2.155,1715.05
2026-02-13 01:00:00,2.155,2.172,2.155,2.166,1596.48
2026-02-13 02:00:00,2.166,2.167,2.157,2.161,1226.39
2026-02-13 03:00:00,2.161,2.167,2.155,2.155,1155.33
2026-02-13 04:00:00,2.157,2.158,2.145,2.145,348.72
2026-02-13 05:00:00,2.142,2.152,2.138,2.146,1307.45
2026-02-13 06:00:00,2.147,2.183,2.146,2.179,1998.59
2026-02-13 07:00:00,2.179,2.198,2.174,2.19,5457.45
2026-02-13 08:00:00,2.191,2.218,2.191,2.21,2280.79
2026-02-13 09:00:00,2.211,2.223,2.198,2.204,2009.45
2026-02-13 10:00:00,2.204,2.213,2.193,2.205,2802.85
2026-02-13 11:00:00,2.202,2.202,2.177,2.182,2312.07
2026-02-13 12:00:00,2.182,2.183,2.154,2.154,2403.18
2026-02-13 13:00:00,2.155,2.185,2.149,2.159,7964.84
2026-02-13 14:00:00,2.167,2.184,2.156,2.172,3418.84
2026-02-13 15:00:00,2.175,2.221,2.173,2.195,3416.55
2026-02-13 16:00:00,2.198,2.256,2.196,2.241,22242.87
2026-02-13 17:00:00,2.244,2.249,2.216,2.242,16691.46
2026-02-13 18:00:00,2.242,2.314,2.239,2.307,14814.21
2026-02-13 19:00:00,2.313,2.383,2.308,2.342,23887.36
2026-02-13 20:00:00,2.342,2.395,2.337,2.363,16210.2
2026-02-13 21:00:00,2.37,2.414,2.367,2.384,9410.99
2026-02-13 22:00:00,2.385,2.399,2.352,2.356,4948.22
2026-02-13 23:00:00,2.36,2.361,2.331,2.355,6165.78
2026-02-14 00:00:00,2.356,2.383,2.345,2.381,4134.0
2026-02-14 01:00:00,2.384,2.396,2.371,2.382,1781.21
2026-02-14 02:00:00,2.384,2.422,2.383,2.406,5437.18
2026-02-14 03:00:00,2.406,2.406,2.372,2.394,5452.98
2026-02-14 04:00:00,2.392,2.406,2.384,2.384,5517.03
2026-02-14 05:00:00,2.383,2.397,2.382,2.386,2290.51
2026-02-14 06:00:00,2.383,2.383,2.344,2.348,4888.18
2026-02-14 07:00:00,2.351,2.421,2.351,2.406,9331.9
2026-02-14 08:00:00,2.41,2.5,2.378,2.444,64997.26
2026-02-14 09:00:00,2.445,2.478,2.442,2.463,10450.18
2026-02-14 10:00:00,2.465,2.49,2.443,2.454,12399.28
2026-02-14 11:00:00,2.457,2.464,2.431,2.436,12194.37
2026-02-14 12:00:00,2.436,2.438,2.382,2.384,4857.01
2026-02-14 13:00:00,2.385,2.392,2.364,2.373,12230.27
2026-02-14 14:00:00,2.373,2.383,2.309,2.362,39391.14
2026-02-14 15:00:00,2.359,2.371,2.341,2.35,9332.25
2026-02-14 16:00:00,2.354,2.387,2.346,2.365,8492.86
2026-02-14 17:00:00,2.366,2.379,2.361,2.361,678.35
2026-02-14 18:00:00,2.36,2.381,2.358,2.378,2088.26
2026-02-14 19:00:00,2.379,2.39,2.37,2.39,533.49
2026-02-14 20:00:00,2.389,2.436,2.377,2.415,14203.03
2026-02-14 21:00:00,2.414,2.435,2.404,2.425,3215.52
2026-02-14 22:00:00,2.423,2.446,2.423,2.44,1265.83
2026-02-14 23:00:00,2.434,2.45,2.43,2.436,465.14
2026-02-15 00:00:00,2.429,2.434,2.416,2.422,932.91
2026-02-15 01:00:00,2.424,2.467,2.412,2.435,4622.2
2026-02-15 02:00:00,2.438,2.45,2.415,2.419,616.61
2026-02-15 03:00:00,2.429,2.433,2.391,2.433,964.06
2026-02-15 04:00:00,2.432,2.49,2.429,2.485,17358.0
2026-02-15 05:00:00,2.485,2.543,2.484,2.518,7790.73
2026-02-15 06:00:00,2.518,2.56,2.518,2.555,4013.13
2026-02-15 07:00:00,2.558,2.63,2.538,2.587,23639.01
2026-02-15 08:00:00,2.592,2.619,2.539,2.6,25460.78
2026-02-15 09:00:00,2.593,2.6,2.534,2.575,21678.73
2026-02-15 10:00:00,2.569,2.579,2.503,2.506,16021.33
2026-02-15 11:00:00,2.503,2.508,2.472,2.481,6440.41
2026-02-15 12:00:00,2.486,2.49,2.41,2.42,8939.21
2026-02-15 13:00:00,2.416,2.463,2.416,2.462,7295.18
2026-02-15 14:00:00,2.458,2.471,2.419,2.442,37995.12
2026-02-15 15:00:00,2.442,2.454,2.368,2.39,34105.15
2026-02-15 16:00:00,2.388,2.395,2.373,2.375,2983.02
2026-02-15 17:00:00,2.38,2.38,2.316,2.346,10714.0
2026-02-15 18:00:00,2.339,2.345,2.314,2.315,6969.16
2026-02-15 19:00:00,2.315,2.325,2.301,2.305,4439.96
2026-02-15 20:00:00,2.301,2.332,2.298,2.323,2830.35
2026-02-15 21:00:00,2.323,2.337,2.323,2.329,566.41
2026-02-15 22:00:00,2.327,2.352,2.326,2.352,1943.82
2026-02-15 23:00:00,2.346,2.367,2.345,2.367,2452.88
2026-02-16 00:00:00,2.366,2.381,2.364,2.366,2576.71
2026-02-16 01:00:00,2.366,2.372,2.352,2.363,467.89
2026-02-16 02:00:00,2.368,2.377,2.362,2.368,510.89
2026-02-16 03:00:00,2.368,2.376,2.363,2.374,2240.06
2026-02-16 04:00:00,2.372,2.379,2.367,2.378,1322.35
2026-02-16 05:00:00,2.381,2.383,2.348,2.355,1629.94
2026-02-16 06:00:00,2.356,2.377,2.356,2.371,683.81
2026-02-16 07:00:00,2.367,2.387,2.362,2.374,6284.45
2026-02-16 08:00:00,2.379,2.451,2.379,2.402,23627.23
2026-02-16 09:00:00,2.402,2.437,2.398,2.41,23278.63
2026-02-16 10:00:00,2.41,2.414,2.372,2.381,23929.85
2026-02-16 11:00:00,2.385,2.393,2.342,2.381,13783.47
2026-02-16 12:00:00,2.374,2.375,2.339,2.368,11757.02
2026-02-16 13:00:00,2.368,2.382,2.293,2.293,21750.57
2026-02-16 14:00:00,2.293,2.318,2.268,2.305,37855.13
2026-02-16 15:00:00,2.307,2.325,2.284,2.295,32929.92
2026-02-16 16:00:00,2.298,2.333,2.292,2.314,10207.3
2026-02-16 17:00:00,2.314,2.317,2.295,2.299,2227.04
2026-02-16 18:00:00,2.299,2.319,2.294,2.295,1245.07
2026-02-16 19:00:00,2.294,2.325,2.294,2.321,2823.84
2026-02-16 20:00:00,2.321,2.34,2.31,2.337,2621.25
2026-02-16 21:00:00,2.335,2.346,2.329,2.343,778.29
2026-02-16 22:00:00,2.343,2.351,2.333,2.351,2159.54
2026-02-16 23:00:00,2.345,2.357,2.342,2.349,552.15
2026-02-17 00:00:00,2.345,2.361,2.338,2.359,365.16
2026-02-17 01:00:00,2.356,2.387,2.346,2.366,3651.17
2026-02-17 02:00:00,2.366,2.403,2.355,2.393,3527.18
2026-02-17 03:00:00,2.39,2.391,2.361,2.37,679.3
2026-02-17 04:00:00,2.369,2.407,2.363,2.393,14114.7
2026-02-17 05:00:00,2.391,2.394,2.36,2.373,26345.25
2026-02-17 06:00:00,2.372,2.388,2.359,2.363,30453.29
2026-02-17 07:00:00,2.363,2.418,2.329,2.353,18624.04
2026-02-17 08:00:00,2.35,2.366,2.34,2.35,3657.9
2026-02-17 09:00:00,2.352,2.36,2.337,2.36,1010.87
2026-02-17 10:00:00,2.356,2.363,2.346,2.354,2072.67
2026-02-17 11:00:00,2.358,2.361,2.349,2.355,782.61
2026-02-17 12:00:00,2.359,2.366,2.327,2.339,12760.86
2026-02-17 13:00:00,2.343,2.372,2.331,2.349,36882.0
2026-02-17 14:00:00,2.346,2.367,2.314,2.339,33918.65
2026-02-17 15:00:00,2.34,2.431,2.338,2.431,20801.19
2026-02-17 16:00:00,2.432,2.528,2.426,2.457,37452.43
2026-02-17 17:00:00,2.456,2.467,2.414,2.429,7777.54
2026-02-17 18:00:00,2.426,2.496,2.416,2.457,14263.58
2026-02-17 19:00:00,2.456,2.459,2.421,2.423,6726.09
2026-02-17 20:00:00,2.421,2.424,2.403,2.414,2406.9
2026-02-17 21:00:00,2.416,2.417,2.403,2.409,1002.14
2026-02-17 22:00:00,2.409,2.411,2.391,2.391,1594.86
2026-02-17 23:00:00,2.391,2.402,2.391,2.395,472.08
2026-02-18 00:00:00,2.392,2.392,2.368,2.371,1616.31
2026-02-18 01:00:00,2.369,2.369,2.345,2.345,2770.03
2026-02-18 02:00:00,2.347,2.353,2.339,2.343,1791.68
2026-02-18 03:00:00,2.341,2.341,2.332,2.334,2103.94
2026-02-18 04:00:00,2.333,2.335,2.313,2.324,2470.97
2026-02-18 05:00:00,2.317,2.324,2.31,2.313,452.27
2026-02-18 06:00:00,2.312,2.315,2.305,2.309,559.69
2026-02-18 07:00:00,2.308,2.35,2.308,2.345,1649.96
2026-02-18 08:00:00,2.344,2.347,2.332,2.338,261.53
2026-02-18 09:00:00,2.341,2.363,2.321,2.33,15345.11
2026-02-18 10:00:00,2.328,2.338,2.303,2.312,14092.36
2026-02-18 11:00:00,2.314,2.331,2.286,2.29,22083.23
2026-02-18 12:00:00,2.291,2.359,2.279,2.318,20751.65
2026-02-18 13:00:00,2.313,2.313,2.284,2.295,20269.84
2026-02-18 14:00:00,2.296,2.316,2.284,2.311,24752.48
2026-02-18 15:00:00,2.315,2.385,2.311,2.331,26644.64
2026-02-18 16:00:00,2.331,2.332,2.308,2.313,5084.39
2026-02-18 17:00:00,2.314,2.321,2.306,2.307,1397.61
2026-02-18 18:00:00,2.308,2.309,2.274,2.274,5086.7
2026-02-18 19:00:00,2.274,2.28,2.216,2.258,18483.62
2026-02-18 20:00:00,2.255,2.279,2.24,2.264,4668.37
2026-02-18 21:00:00,2.262,2.264,2.25,2.257,1575.48
2026-02-18 22:00:00,2.261,2.27,2.25,2.267,1056.28
2026-02-18 23:00:00,2.264,2.283,2.262,2.276,1231.86
2026-02-19 00:00:00,2.274,2.274,2.264,2.266,403.11
2026-02-19 01:00:00,2.271,2.305,2.271,2.299,2644.21
2026-02-19 02:00:00,2.3,2.318,2.296,2.308,6318.58
2026-02-19 03:00:00,2.306,2.317,2.292,2.3,4812.14
2026-02-19 04:00:00,2.298,2.3,2.293,2.299,371.36
2026-02-19 05:00:00,2.295,2.295,2.278,2.287,882.07
2026-02-19 06:00:00,2.286,2.286,2.268,2.268,3578.9
2026-02-19 07:00:00,2.266,2.287,2.262,2.282,7501.82
2026-02-19 08:00:00,2.282,2.294,2.24,2.27,28153.57
2026-02-19 09:00:00,2.269,2.278,2.239,2.244,20282.75
2026-02-19 10:00:00,2.244,2.251,2.2,2.215,23851.05
2026-02-19 11:00:00,2.214,2.246,2.214,2.246,3560.87
2026-02-19 12:00:00,2.244,2.26,2.221,2.221,12901.4
2026-02-19 13:00:00,2.221,2.222,2.18,2.192,22987.82
2026-02-19 14:00:00,2.192,2.239,2.182,2.225,27316.79
2026-02-19 15:00:00,2.229,2.309,2.224,2.287,31080.07
2026-02-19 16:00:00,2.286,2.291,2.253,2.256,6685.44
2026-02-19 17:00:00,2.25,2.278,2.232,2.243,7662.15
2026-02-19 18:00:00,2.245,2.266,2.243,2.255,3384.4
2026-02-19 19:00:00,2.259,2.293,2.246,2.289,5461.31
2026-02-19 20:00:00,2.284,2.287,2.264,2.269,1134.9
2026-02-19 21:00:00,2.273,2.275,2.268,2.268,522.72
2026-02-19 22:00:00,2.273,2.28,2.264,2.28,642.87
2026-02-19 23:00:00,2.282,2.315,2.282,2.307,896.9
2026-02-20 00:00:00,2.303,2.318,2.295,2.308,1651.6
2026-02-20 01:00:00,2.306,2.314,2.305,2.309,676.49
2026-02-20 02:00:00,2.313,2.314,2.304,2.304,805.31
2026-02-20 03:00:00,2.302,2.31,2.3,2.3,1022.74
2026-02-20 04:00:00,2.302,2.302,2.277,2.294,3056.04
2026-02-20 05:00:00,2.291,2.318,2.288,2.31,1572.49
2026-02-20 06:00:00,2.307,2.327,2.071,2.24,111007.99
2026-02-20 07:00:00,2.24,2.286,2.214,2.246,57010.92
2026-02-20 08:00:00,2.249,2.277,2.216,2.24,38745.25
2026-02-20 09:00:00,2.243,2.256,2.233,2.245,23673.09
2026-02-20 10:00:00,2.246,2.26,2.239,2.244,25267.11
2026-02-20 11:00:00,2.246,2.258,2.237,2.248,19718.99
2026-02-20 12:00:00,2.247,2.334,2.245,2.334,21246.19
2026-02-20 13:00:00,2.334,2.36,2.311,2.316,28278.7
2026-02-20 14:00:00,2.316,2.38,2.309,2.357,10925.41
2026-02-20 15:00:00,2.359,2.396,2.359,2.381,19046.24
2026-02-20 16:00:00,2.38,2.417,2.365,2.404,13168.18
2026-02-20 17:00:00,2.405,2.411,2.38,2.409,5363.88
2026-02-20 18:00:00,2.409,2.421,2.38,2.386,10028.87
2026-02-20 19:00:00,2.385,2.428,2.385,2.416,11257.33
2026-02-20 20:00:00,2.416,2.416,2.393,2.405,4433.08
2026-02-20 21:00:00,2.405,2.405,2.392,2.397,1182.49
2026-02-20 22:00:00,2.398,2.398,2.372,2.372,4214.64
2026-02-20 23:00:00,2.375,2.375,2.358,2.361,4198.39
2026-02-21 00:00:00,2.359,2.377,2.352,2.355,1675.14
2026-02-21 01:00:00,2.349,2.363,2.348,2.348,830.46
2026-02-21 02:00:00,2.348,2.382,2.345,2.375,7697.09
2026-02-21 03:00:00,2.371,2.375,2.348,2.364,17207.45
2026-02-21 04:00:00,2.364,2.4,2.363,2.399,20009.55
2026-02-21 05:00:00,2.395,2.483,2.395,2.46,28121.38
2026-02-21 06:00:00,2.463,2.511,2.429,2.441,32397.89
2026-02-21 07:00:00,2.441,2.526,2.437,2.51,26497.55
2026-02-21 08:00:00,2.515,2.528,2.433,2.439,40271.46
2026-02-21 09:00:00,2.436,2.501,2.428,2.482,30054.17
2026-02-21 10:00:00,2.483,2.506,2.474,2.495,26264.17
2026-02-21 11:00:00,2.492,2.504,2.437,2.449,29757.93
2026-02-21 12:00:00,2.45,2.452,2.406,2.414,18830.47
2026-02-21 13:00:00,2.414,2.436,2.387,2.429,17419.34
2026-02-21 14:00:00,2.433,2.434,2.397,2.423,10981.39
2026-02-21 15:00:00,2.422,2.422,2.408,2.415,1442.74
2026-02-21 16:00:00,2.414,2.419,2.406,2.408,2306.39
2026-02-21 17:00:00,2.409,2.425,2.408,2.417,2600.72
2026-02-21 18:00:00,2.415,2.418,2.41,2.414,1005.86
2026-02-21 19:00:00,2.413,2.416,2.407,2.407,445.71
2026-02-21 20:00:00,2.408,2.425,2.401,2.403,2448.9
2026-02-21 21:00:00,2.404,2.413,2.401,2.411,563.67
2026-02-21 22:00:00,2.412,2.416,2.409,2.413,294.85
2026-02-21 23:00:00,2.408,2.413,2.401,2.409,3366.52
2026-02-22 00:00:00,2.408,2.41,2.391,2.399,2601.53
2026-02-22 01:00:00,2.402,2.408,2.391,2.393,3245.46
2026-02-22 02:00:00,2.392,2.397,2.376,2.379,3839.77
2026-02-22 03:00:00,2.377,2.392,2.376,2.389,2128.78
2026-02-22 04:00:00,2.39,2.39,2.382,2.383,371.11
2026-02-22 05:00:00,2.385,2.425,2.385,2.425,1457.58
2026-02-22 06:00:00,2.423,2.448,2.42,2.445,2357.8
2026-02-22 07:00:00,2.448,2.465,2.444,2.462,3638.41
2026-02-22 08:00:00,2.464,2.473,2.428,2.437,9229.05
2026-02-22 09:00:00,2.438,2.444,2.421,2.444,6809.69
2026-02-22 10:00:00,2.445,2.472,2.434,2.458,3278.57
2026-02-22 11:00:00,2.46,2.5,2.457,2.482,8332.54
2026-02-22 12:00:00,2.481,2.486,2.463,2.473,7645.16
2026-02-22 13:00:00,2.469,2.477,2.454,2.471,2366.82
2026-02-22 14:00:00,2.472,2.518,2.467,2.467,20373.13
2026-02-22 15:00:00,2.466,2.549,2.445,2.525,27850.13
2026-02-22 16:00:00,2.527,2.572,2.514,2.55,34017.42
2026-02-22 17:00:00,2.547,2.595,2.528,2.58,29255.54
2026-02-22 18:00:00,2.579,2.623,2.575,2.623,21258.56
2026-02-22 19:00:00,2.628,2.638,2.58,2.6,32174.3
2026-02-22 20:00:00,2.599,2.646,2.566,2.585,36469.29
2026-02-22 21:00:00,2.588,2.617,2.578,2.603,23858.33
2026-02-22 22:00:00,2.602,2.606,2.567,2.599,19217.21
2026-02-22 23:00:00,2.599,2.62,2.58,2.583,23514.2
2026-02-23 00:00:00,2.583,2.617,2.572,2.597,12246.41
2026-02-23 01:00:00,2.598,2.608,2.518,2.534,35576.5
2026-02-23 02:00:00,2.538,2.6,2.516,2.573,23010.55
2026-02-23 03:00:00,2.574,2.61,2.566,2.608,8923.03
2026-02-23 04:00:00,2.608,2.612,2.582,2.594,9307.91
2026-02-23 05:00:00,2.589,2.68,2.586,2.655,44714.52
2026-02-23 06:00:00,2.655,2.695,2.648,2.662,24042.18
2026-02-23 07:00:00,2.664,2.677,2.636,2.662,21887.63
2026-02-23 08:00:00,2.659,2.692,2.647,2.68,23318.01
2026-02-23 09:00:00,2.68,2.809,2.669,2.793,73845.24
2026-02-23 10:00:00,2.802,2.84,2.741,2.813,83535.7
2026-02-23 11:00:00,2.813,2.875,2.74,2.793,74221.63
2026-02-23 12:00:00,2.789,2.885,2.778,2.84,67969.11
2026-02-23 13:00:00,2.843,2.856,2.811,2.837,31353.08
2026-02-23 14:00:00,2.838,2.897,2.817,2.893,39842.83
2026-02-23 15:00:00,2.888,2.96,2.819,2.87,107756.87
2026-02-23 16:00:00,2.868,2.948,2.834,2.85,44328.72
2026-02-23 17:00:00,2.855,2.859,2.782,2.809,42553.74
2026-02-23 18:00:00,2.812,2.862,2.798,2.837,52950.41
2026-02-23 19:00:00,2.837,2.845,2.814,2.845,23567.68
2026-02-23 20:00:00,2.84,2.899,2.838,2.888,28560.53
2026-02-23 21:00:00,2.892,2.975,2.892,2.932,58801.4
2026-02-23 22:00:00,2.927,2.955,2.896,2.917,19791.16
2026-02-23 23:00:00,2.914,2.915,2.852,2.891,26823.83
2026-02-24 00:00:00,2.891,2.967,2.89,2.915,36346.04
2026-02-24 01:00:00,2.913,2.927,2.878,2.922,22677.34
2026-02-24 02:00:00,2.923,2.927,2.869,2.873,10651.89
2026-02-24 03:00:00,2.873,2.949,2.865,2.94,21805.36
2026-02-24 04:00:00,2.936,2.999,2.926,2.978,36014.65
2026-02-24 05:00:00,2.977,3.029,2.961,3.003,51167.08
2026-02-24 06:00:00,3.003,3.074,2.994,3.051,49279.19
2026-02-24 07:00:00,3.056,3.227,3.056,3.16,108824.52
2026-02-24 08:00:00,3.157,3.298,3.142,3.28,92518.99
2026-02-24 09:00:00,3.275,3.357,3.154,3.355,142756.84
2026-02-24 10:00:00,3.36,3.409,3.23,3.356,127193.75
2026-02-24 11:00:00,3.358,3.397,3.275,3.287,54802.38
2026-02-24 12:00:00,3.287,3.373,3.225,3.336,76231.75
2026-02-24 13:00:00,3.347,3.37,3.292,3.324,24433.91
2026-02-24 14:00:00,3.319,3.43,3.28,3.373,45940.98
2026-02-24 15:00:00,3.368,3.533,3.344,3.39,83924.93
2026-02-24 16:00:00,3.399,3.507,3.334,3.492,67973.29
2026-02-24 17:00:00,3.49,3.588,3.459,3.48,67550.87
2026-02-24 18:00:00,3.476,3.62,3.475,3.562,44881.43
2026-02-24 19:00:00,3.558,3.6,3.519,3.526,20612.49
2026-02-24 20:00:00,3.547,3.547,3.395,3.436,45496.88
2026-02-24 21:00:00,3.428,3.431,3.323,3.362,28484.13
2026-02-24 22:00:00,3.365,3.397,3.332,3.374,19781.98
2026-02-24 23:00:00,3.371,3.371,3.267,3.268,41794.91
2026-02-25 00:00:00,3.27,3.359,3.258,3.317,46705.66
2026-02-25 01:00:00,3.32,3.471,3.32,3.407,45223.11
2026-02-25 02:00:00,3.412,3.467,3.379,3.416,32766.15
2026-02-25 03:00:00,3.416,3.491,3.408,3.441,28007.66
2026-02-25 04:00:00,3.443,3.46,3.321,3.358,27428.89
2026-02-25 05:00:00,3.357,3.363,3.294,3.342,17468.49
2026-02-25 06:00:00,3.341,3.398,3.334,3.381,14540.24
2026-02-25 07:00:00,3.382,3.486,3.376,3.408,27598.39
2026-02-25 08:00:00,3.408,3.463,3.404,3.431,19613.72
2026-02-25 09:00:00,3.432,3.475,3.401,3.423,20455.73
2026-02-25 10:00:00,3.423,3.423,3.334,3.357,28945.42
2026-02-25 11:00:00,3.358,3.372,3.308,3.339,16099.24
2026-02-25 12:00:00,3.336,3.348,3.071,3.199,100353.74
2026-02-25 13:00:00,3.196,3.255,3.166,3.174,34492.19
2026-02-25 14:00:00,3.175,3.233,3.16,3.223,34660.09
2026-02-25 15:00:00,3.221,3.6,3.201,3.439,163175.46
2026-02-25 16:00:00,3.442,3.443,3.342,3.409,19452.85
2026-02-25 17:00:00,3.407,3.469,3.373,3.404,20016.01
2026-02-25 18:00:00,3.405,3.432,3.35,3.361,21185.14
2026-02-25 19:00:00,3.36,3.378,3.337,3.371,8568.96
2026-02-25 20:00:00,3.37,3.468,3.355,3.432,15454.25
2026-02-25 21:00:00,3.432,3.455,3.404,3.424,16678.94
2026-02-25 22:00:00,3.424,3.514,3.41,3.506,14604.74
2026-02-25 23:00:00,3.504,3.61,3.496,3.588,26764.85
2026-02-26 00:00:00,3.591,3.64,3.4,3.495,44237.61
2026-02-26 01:00:00,3.489,3.535,3.471,3.531,14508.75
2026-02-26 02:00:00,3.53,3.574,3.499,3.513,18635.56
2026-02-26 03:00:00,3.511,3.549,3.502,3.525,11091.4
2026-02-26 04:00:00,3.522,3.554,3.506,3.537,7770.57
2026-02-26 05:00:00,3.539,3.624,3.508,3.571,20398.94
2026-02-26 06:00:00,3.568,3.64,3.502,3.548,48381.61
2026-02-26 07:00:00,3.551,3.555,3.465,3.503,29129.45
2026-02-26 08:00:00,3.504,3.585,3.498,3.556,22954.01
2026-02-26 09:00:00,3.555,3.628,3.534,3.566,22570.71
2026-02-26 10:00:00,3.564,3.564,3.512,3.519,7209.27
2026-02-26 11:00:00,3.519,3.522,3.42,3.442,12831.88
2026-02-26 12:00:00,3.444,3.456,3.409,3.417,8670.8
2026-02-26 13:00:00,3.416,3.422,3.368,3.372,10382.83
2026-02-26 14:00:00,3.37,3.37,3.288,3.3,16716.59
2026-02-26 15:00:00,3.296,3.307,3.229,3.267,26919.85
2026-02-26 16:00:00,3.266,3.309,3.238,3.29,21921.05
2026-02-26 17:00:00,3.289,3.333,3.282,3.315,22684.55
2026-02-26 18:00:00,3.314,3.379,3.314,3.366,18519.55
2026-02-26 19:00:00,3.365,3.445,3.341,3.422,25487.23
2026-02-26 20:00:00,3.421,3.435,3.359,3.359,10742.34
2026-02-26 21:00:00,3.362,3.373,3.331,3.333,3626.29
2026-02-26 22:00:00,3.331,3.333,3.278,3.29,6559.57
2026-02-26 23:00:00,3.291,3.327,3.291,3.311,6460.98
2026-02-27 00:00:00,3.311,3.358,3.302,3.357,10942.52
2026-02-27 01:00:00,3.358,3.403,3.356,3.396,16000.97
2026-02-27 02:00:00,3.398,3.459,3.393,3.442,10603.57
2026-02-27 03:00:00,3.447,3.463,3.368,3.372,10658.37
2026-02-27 04:00:00,3.374,3.535,3.374,3.482,21878.03
2026-02-27 05:00:00,3.482,3.568,3.446,3.56,20042.7
2026-02-27 06:00:00,3.559,3.678,3.549,3.587,35224.61
2026-02-27 07:00:00,3.587,3.701,3.572,3.645,34238.47
2026-02-27 08:00:00,3.65,3.731,3.604,3.634,34846.04
2026-02-27 09:00:00,3.631,3.68,3.562,3.594,20398.41
2026-02-27 10:00:00,3.593,3.612,3.539,3.557,11131.53
2026-02-27 11:00:00,3.558,3.571,3.475,3.517,14412.1
2026-02-27 12:00:00,3.514,3.548,3.504,3.54,9408.57
2026-02-27 13:00:00,3.541,3.569,3.508,3.543,22910.17
2026-02-27 14:00:00,3.543,3.57,3.509,3.538,7508.56
2026-02-27 15:00:00,3.539,3.556,3.507,3.528,8150.25
2026-02-27 16:00:00,3.527,3.529,3.384,3.398,23554.66
2026-02-27 17:00:00,3.401,3.415,3.354,3.374,12076.91
2026-02-27 18:00:00,3.375,3.397,3.37,3.379,5062.32
2026-02-27 19:00:00,3.378,3.389,3.369,3.377,3443.44
2026-02-27 20:00:00,3.377,3.448,3.359,3.416,10157.83
2026-02-27 21:00:00,3.419,3.456,3.415,3.42,6448.28
2026-02-27 22:00:00,3.419,3.446,3.373,3.428,6639.02
2026-02-27 23:00:00,3.432,3.484,3.432,3.465,8358.59
2026-02-28 00:00:00,3.466,3.488,3.412,3.434,11460.7
2026-02-28 01:00:00,3.433,3.472,3.429,3.466,7630.11
2026-02-28 02:00:00,3.467,3.47,3.377,3.381,6456.49
2026-02-28 03:00:00,3.382,3.41,3.305,3.316,22715.8
2026-02-28 04:00:00,3.31,3.328,3.288,3.302,10414.4
2026-02-28 05:00:00,3.302,3.32,3.273,3.314,7576.68
2026-02-28 06:00:00,3.315,3.35,3.273,3.309,20826.81
2026-02-28 07:00:00,3.312,3.354,3.251,3.327,33285.66
2026-02-28 08:00:00,3.325,3.352,3.289,3.321,15656.09
2026-02-28 09:00:00,3.32,3.339,3.307,3.323,8386.18
2026-02-28 10:00:00,3.325,3.345,3.286,3.34,10436.07
2026-02-28 11:00:00,3.341,3.429,3.341,3.383,18726.7
2026-02-28 12:00:00,3.386,3.416,3.357,3.366,9496.5
2026-02-28 13:00:00,3.365,3.431,3.346,3.43,13519.0
2026-02-28 14:00:00,3.43,3.53,3.392,3.512,35314.39
2026-02-28 15:00:00,3.513,3.525,3.411,3.435,22770.72
2026-02-28 16:00:00,3.434,3.444,3.393,3.422,9016.62
2026-02-28 17:00:00,3.423,3.46,3.407,3.439,9998.6
2026-02-28 18:00:00,3.44,3.443,3.384,3.429,7676.38
2026-02-28 19:00:00,3.43,3.455,3.407,3.443,8858.03
2026-02-28 20:00:00,3.445,3.497,3.44,3.459,13206.81
2026-02-28 21:00:00,3.459,3.475,3.442,3.456,3626.45
2026-02-28 22:00:00,3.457,3.484,3.448,3.45,3392.09
2026-02-28 23:00:00,3.451,3.455,3.413,3.414,4765.08
2026-03-01 00:00:00,3.415,3.452,3.395,3.425,12397.16
2026-03-01 01:00:00,3.424,3.487,3.4,3.464,10843.63
2026-03-01 02:00:00,3.465,3.519,3.462,3.511,9522.35
2026-03-01 03:00:00,3.515,3.576,3.468,3.475,30910.35
2026-03-01 04:00:00,3.479,3.485,3.437,3.442,7837.75
2026-03-01 05:00:00,3.446,3.453,3.417,3.429,1849.85
2026-03-01 06:00:00,3.427,3.442,3.399,3.421,6505.86
2026-03-01 07:00:00,3.419,3.449,3.415,3.431,4130.11
2026-03-01 08:00:00,3.431,3.432,3.317,3.324,15797.47
2026-03-01 09:00:00,3.325,3.342,3.303,3.328,10259.77
2026-03-01 10:00:00,3.326,3.416,3.322,3.354,20028.52
2026-03-01 11:00:00,3.353,3.369,3.336,3.345,4332.48
2026-03-01 12:00:00,3.341,3.348,3.317,3.318,3979.19
2026-03-01 13:00:00,3.316,3.373,3.307,3.352,13018.83
2026-03-01 14:00:00,3.354,3.358,3.316,3.341,8951.17
2026-03-01 15:00:00,3.342,3.388,3.339,3.367,9439.06
2026-03-01 16:00:00,3.368,3.438,3.355,3.382,17289.68
2026-03-01 17:00:00,3.381,3.391,3.322,3.337,13247.0
2026-03-01 18:00:00,3.338,3.37,3.336,3.363,5008.2
2026-03-01 19:00:00,3.363,3.363,3.312,3.323,6077.05
2026-03-01 20:00:00,3.325,3.334,3.272,3.272,6012.3
2026-03-01 21:00:00,3.271,3.315,3.27,3.307,6213.08
2026-03-01 22:00:00,3.305,3.361,3.304,3.319,6883.9
2026-03-01 23:00:00,3.318,3.351,3.287,3.293,7845.66
2026-03-02 00:00:00,3.296,3.332,3.29,3.307,4512.77
2026-03-02 01:00:00,3.307,3.318,3.262,3.28,9046.68
2026-03-02 02:00:00,3.282,3.282,3.25,3.253,2376.79
2026-03-02 03:00:00,3.253,3.274,3.229,3.265,6768.08
2026-03-02 04:00:00,3.269,3.269,3.241,3.261,6007.72
2026-03-02 05:00:00,3.262,3.277,3.22,3.221,6697.05
2026-03-02 06:00:00,3.222,3.236,3.202,3.209,9961.36
2026-03-02 07:00:00,3.207,3.286,3.191,3.246,16367.66
2026-03-02 08:00:00,3.245,3.328,3.231,3.328,18134.17
2026-03-02 09:00:00,3.322,3.352,3.315,3.344,6378.63
2026-03-02 10:00:00,3.344,3.353,3.316,3.347,8147.59
2026-03-02 11:00:00,3.35,3.359,3.318,3.32,7619.31
2026-03-02 12:00:00,3.317,3.337,3.301,3.337,4014.64
2026-03-02 13:00:00,3.338,3.42,3.338,3.418,15754.88
2026-03-02 14:00:00,3.417,3.565,3.411,3.5,34078.08
2026-03-02 15:00:00,3.499,3.613,3.459,3.49,40001.77
2026-03-02 16:00:00,3.487,3.583,3.449,3.562,28732.99
2026-03-02 17:00:00,3.56,3.562,3.448,3.461,12968.79
2026-03-02 18:00:00,3.462,3.477,3.429,3.446,22311.78
2026-03-02 19:00:00,3.443,3.52,3.442,3.505,13781.6
2026-03-02 20:00:00,3.511,3.682,3.5,3.676,21282.65
2026-03-02 21:00:00,3.678,3.758,3.606,3.658,32869.47
2026-03-02 22:00:00,3.658,3.706,3.633,3.669,9535.56
2026-03-02 23:00:00,3.671,3.742,3.637,3.646,11326.33
2026-03-03 00:00:00,3.639,3.661,3.623,3.651,10826.32
2026-03-03 01:00:00,3.654,3.67,3.61,3.62,7049.3
2026-03-03 02:00:00,3.614,3.614,3.497,3.577,21564.53
2026-03-03 03:00:00,3.575,3.582,3.548,3.55,3885.75
2026-03-03 04:00:00,3.559,3.561,3.527,3.541,3983.11
2026-03-03 05:00:00,3.548,3.585,3.539,3.557,5149.86
2026-03-03 06:00:00,3.566,3.569,3.532,3.54,2140.3
2026-03-03 07:00:00,3.535,3.553,3.482,3.494,6279.64
2026-03-03 08:00:00,3.502,3.51,3.463,3.484,2829.68
2026-03-03 09:00:00,3.488,3.558,3.488,3.546,11979.81
2026-03-03 10:00:00,3.544,3.651,3.539,3.606,16172.9
2026-03-03 11:00:00,3.605,3.623,3.547,3.61,30052.1
2026-03-03 12:00:00,3.609,3.668,3.582,3.634,13551.95
2026-03-03 13:00:00,3.633,3.649,3.523,3.553,17426.63
2026-03-03 14:00:00,3.553,3.566,3.499,3.541,10590.25
2026-03-03 15:00:00,3.543,3.572,3.527,3.551,6746.26
2026-03-03 16:00:00,3.547,3.616,3.541,3.605,8227.84
2026-03-03 17:00:00,3.606,3.606,3.551,3.555,7708.05
2026-03-03 18:00:00,3.552,3.563,3.502,3.529,14870.73
2026-03-03 19:00:00,3.532,3.554,3.475,3.487,13383.83
2026-03-03 20:00:00,3.487,3.513,3.475,3.496,4840.94
2026-03-03 21:00:00,3.496,3.496,3.419,3.428,8897.13
2026-03-03 22:00:00,3.43,3.47,3.427,3.451,6699.73
2026-03-03 23:00:00,3.45,3.478,3.43,3.433,12257.28
2026-03-04 00:00:00,3.436,3.501,3.426,3.501,14151.27
2026-03-04 01:00:00,3.502,3.564,3.502,3.555,14189.77
2026-03-04 02:00:00,3.557,3.586,3.533,3.582,7577.43
2026-03-04 03:00:00,3.584,3.598,3.551,3.588,15602.25
2026-03-04 04:00:00,3.587,3.62,3.582,3.596,4469.19
2026-03-04 05:00:00,3.595,3.634,3.576,3.616,9632.29
2026-03-04 06:00:00,3.612,3.622,3.548,3.553,13470.62
2026-03-04 07:00:00,3.552,3.565,3.494,3.511,6132.48
2026-03-04 08:00:00,3.508,3.563,3.508,3.543,5438.39
2026-03-04 09:00:00,3.547,3.557,3.511,3.537,11869.58
2026-03-04 10:00:00,3.537,3.541,3.498,3.512,8661.42
2026-03-04 11:00:00,3.512,3.567,3.508,3.532,28970.21
2026-03-04 12:00:00,3.531,3.603,3.521,3.526,26918.95
2026-03-04 13:00:00,3.527,3.628,3.523,3.616,16241.81
2026-03-04 14:00:00,3.616,3.643,3.575,3.603,34913.62
2026-03-04 15:00:00,3.598,3.64,3.591,3.633,12912.99
2026-03-04 16:00:00,3.634,3.645,3.582,3.599,19312.3
2026-03-04 17:00:00,3.596,3.623,3.589,3.611,5628.79
2026-03-04 18:00:00,3.612,3.615,3.578,3.609,6170.71
2026-03-04 19:00:00,3.611,3.68,3.611,3.649,11841.69
2026-03-04 20:00:00,3.648,3.648,3.588,3.594,12233.46
2026-03-04 21:00:00,3.596,3.63,3.585,3.598,16122.1
2026-03-04 22:00:00,3.599,3.616,3.57,3.573,7834.6
2026-03-04 23:00:00,3.578,3.6,3.557,3.584,14862.16
2026-03-05 00:00:00,3.585,3.59,3.542,3.553,5850.38
2026-03-05 01:00:00,3.549,3.577,3.5,3.511,17289.28
2026-03-05 02:00:00,3.522,3.568,3.522,3.536,19311.67
2026-03-05 03:00:00,3.531,3.532,3.463,3.481,20129.1
2026-03-05 04:00:00,3.482,3.561,3.482,3.532,19721.47
2026-03-05 05:00:00,3.534,3.559,3.529,3.555,6290.47
2026-03-05 06:00:00,3.557,3.587,3.53,3.567,4501.02
2026-03-05 07:00:00,3.564,3.593,3.489,3.507,10544.39
2026-03-05 08:00:00,3.518,3.549,3.515,3.547,705.53
2026-03-05 09:00:00,3.541,3.566,3.535,3.536,1421.72
2026-03-05 10:00:00,3.527,3.584,3.522,3.579,6375.76
2026-03-05 11:00:00,3.581,3.581,3.533,3.565,6064.76
2026-03-05 12:00:00,3.569,3.595,3.557,3.575,5684.69
2026-03-05 13:00:00,3.57,3.605,3.563,3.577,5684.43
2026-03-05 14:00:00,3.578,3.606,3.574,3.595,2314.23
2026-03-05 15:00:00,3.594,3.595,3.533,3.534,3538.52
2026-03-05 16:00:00,3.54,3.564,3.51,3.541,8547.64
2026-03-05 17:00:00,3.541,3.555,3.513,3.521,1712.53
2026-03-05 18:00:00,3.529,3.556,3.518,3.54,1663.62
2026-03-05 19:00:00,3.548,3.564,3.529,3.529,1862.87
2026-03-05 20:00:00,3.53,3.552,3.53,3.544,1211.35
2026-03-05 21:00:00,3.544,3.544,3.518,3.518,564.19
2026-03-05 22:00:00,3.523,3.553,3.521,3.546,4743.3
2026-03-05 23:00:00,3.546,3.555,3.486,3.503,11418.78
2026-03-06 00:00:00,3.507,3.606,3.507,3.605,12762.52
2026-03-06 01:00:00,3.604,3.61,3.573,3.592,6799.93
2026-03-06 02:00:00,3.589,3.589,3.564,3.57,4063.4
2026-03-06 03:00:00,3.569,3.588,3.557,3.587,2192.22
2026-03-06 04:00:00,3.588,3.614,3.588,3.589,5507.64
2026-03-06 05:00:00,3.588,3.613,3.568,3.586,5080.71
2026-03-06 06:00:00,3.588,3.638,3.587,3.6,6340.73
2026-03-06 07:00:00,3.601,3.608,3.563,3.592,7380.6
2026-03-06 08:00:00,3.592,3.602,3.58,3.585,4569.04
2026-03-06 09:00:00,3.586,3.59,3.558,3.575,5296.96
2026-03-06 10:00:00,3.575,3.607,3.57,3.6,7685.68
2026-03-06 11:00:00,3.598,3.71,3.571,3.625,39641.89
2026-03-06 12:00:00,3.626,3.699,3.568,3.666,66496.38
2026-03-06 13:00:00,3.672,3.677,3.617,3.633,19992.06
2026-03-06 14:00:00,3.634,3.667,3.595,3.628,26361.22
2026-03-06 15:00:00,3.63,3.672,3.626,3.647,13433.36
2026-03-06 16:00:00,3.647,3.651,3.613,3.648,12036.47
2026-03-06 17:00:00,3.648,3.657,3.622,3.633,4699.53
2026-03-06 18:00:00,3.636,3.657,3.617,3.631,11908.67
2026-03-06 19:00:00,3.629,3.674,3.629,3.65,11808.22
2026-03-06 20:00:00,3.651,3.677,3.634,3.664,10067.71
2026-03-06 21:00:00,3.665,3.709,3.655,3.688,9735.89
2026-03-06 22:00:00,3.687,3.739,3.669,3.739,20255.02
2026-03-06 23:00:00,3.736,3.754,3.663,3.671,14302.4
2026-03-07 00:00:00,3.677,3.748,3.657,3.7,19937.77
2026-03-07 01:00:00,3.708,3.718,3.667,3.669,7326.86
2026-03-07 02:00:00,3.663,3.664,3.619,3.622,5185.18
2026-03-07 03:00:00,3.633,3.648,3.625,3.625,937.41
2026-03-07 04:00:00,3.634,3.641,3.59,3.623,6045.71
2026-03-07 05:00:00,3.63,3.63,3.568,3.574,5416.91
2026-03-07 06:00:00,3.571,3.571,3.524,3.526,4579.63
2026-03-07 07:00:00,3.527,3.668,3.527,3.63,19341.83
2026-03-07 08:00:00,3.629,3.648,3.555,3.574,8807.65
2026-03-07 09:00:00,3.563,3.575,3.55,3.575,3226.87
2026-03-07 10:00:00,3.569,3.584,3.555,3.576,3242.82
2026-03-07 11:00:00,3.576,3.594,3.537,3.566,11003.59
2026-03-07 12:00:00,3.551,3.607,3.545,3.597,21629.24
2026-03-07 13:00:00,3.597,3.603,3.562,3.594,7805.45
2026-03-07 14:00:00,3.589,3.606,3.576,3.606,2477.13
2026-03-07 15:00:00,3.605,3.605,3.552,3.568,4128.22
2026-03-07 16:00:00,3.576,3.639,3.576,3.632,2862.52
2026-03-07 17:00:00,3.629,3.629,3.591,3.601,5188.04
2026-03-07 18:00:00,3.599,3.6,3.566,3.582,6260.75
2026-03-07 19:00:00,3.582,3.585,3.563,3.581,1502.75
2026-03-07 20:00:00,3.578,3.616,3.578,3.599,2911.09
2026-03-07 21:00:00,3.602,3.621,3.595,3.611,2154.56
2026-03-07 22:00:00,3.613,3.628,3.594,3.61,2629.05
2026-03-07 23:00:00,3.616,3.659,3.616,3.646,6587.86
2026-03-08 00:00:00,3.643,3.685,3.631,3.654,16328.87
2026-03-08 01:00:00,3.653,3.718,3.625,3.68,34821.87
2026-03-08 02:00:00,3.679,3.777,3.666,3.706,36978.8
2026-03-08 03:00:00,3.707,3.721,3.686,3.708,7945.12
2026-03-08 04:00:00,3.702,3.725,3.671,3.697,13743.83
2026-03-08 05:00:00,3.699,3.718,3.681,3.684,6547.97
2026-03-08 06:00:00,3.684,3.782,3.667,3.77,20784.1
2026-03-08 07:00:00,3.769,3.789,3.729,3.763,26545.87
2026-03-08 08:00:00,3.757,3.771,3.732,3.748,3946.8
2026-03-08 09:00:00,3.748,3.804,3.748,3.777,9653.77
2026-03-08 10:00:00,3.778,3.782,3.715,3.725,10918.97
2026-03-08 11:00:00,3.723,3.805,3.718,3.786,14630.01
2026-03-08 12:00:00,3.786,3.849,3.783,3.819,20886.73
2026-03-08 13:00:00,3.819,3.896,3.801,3.883,21075.9
2026-03-08 14:00:00,3.89,3.923,3.84,3.9,25264.78
2026-03-08 15:00:00,3.9,3.948,3.894,3.935,28336.64
2026-03-08 16:00:00,3.936,3.995,3.936,3.98,13756.42
2026-03-08 17:00:00,3.979,3.998,3.946,3.983,23208.68
2026-03-08 18:00:00,3.985,3.999,3.925,3.953,11868.81
2026-03-08 19:00:00,3.955,3.978,3.921,3.972,10381.87
2026-03-08 20:00:00,3.973,3.993,3.941,3.953,12974.23
2026-03-08 21:00:00,3.95,3.981,3.92,3.968,12074.11
2026-03-08 22:00:00,3.937,3.966,3.873,3.914,10441.17
2026-03-08 23:00:00,3.924,3.975,3.903,3.929,9572.85
2026-03-09 00:00:00,3.934,4.129,3.913,4.07,48342.02
2026-03-09 01:00:00,4.07,4.186,4.059,4.172,43321.9
2026-03-09 02:00:00,4.162,4.286,4.156,4.263,61632.24
2026-03-09 03:00:00,4.273,4.432,4.265,4.37,48198.32
2026-03-09 04:00:00,4.373,4.519,4.338,4.497,31650.66
2026-03-09 05:00:00,4.503,4.508,4.181,4.413,49431.87
2026-03-09 06:00:00,4.417,4.541,4.398,4.437,34934.2
2026-03-09 07:00:00,4.438,4.681,4.399,4.655,75668.63
2026-03-09 08:00:00,4.648,4.7,4.52,4.618,52560.02
2026-03-09 09:00:00,4.617,4.627,4.276,4.418,94445.8
2026-03-09 10:00:00,4.418,4.43,4.325,4.375,36252.36
2026-03-09 11:00:00,4.37,4.434,4.317,4.409,25790.28
2026-03-09 12:00:00,4.408,4.471,4.372,4.394,21478.81
2026-03-09 13:00:00,4.402,4.498,4.388,4.464,25415.09
2026-03-09 14:00:00,4.462,4.575,4.436,4.555,25806.36
2026-03-09 15:00:00,4.562,4.604,4.508,4.519,31469.67
2026-03-09 16:00:00,4.52,4.597,4.496,4.594,20874.28
2026-03-09 17:00:00,4.598,4.642,4.526,4.526,18684.04
2026-03-09 18:00:00,4.533,4.573,4.509,4.535,11149.23
2026-03-09 19:00:00,4.539,4.573,4.45,4.482,10777.47
2026-03-09 20:00:00,4.478,4.582,4.465,4.574,6189.8
2026-03-09 21:00:00,4.581,4.646,4.511,4.607,17348.07
2026-03-09 22:00:00,4.619,4.688,4.582,4.657,19357.64
2026-03-09 23:00:00,4.652,4.698,4.626,4.635,16042.71
2026-03-10 00:00:00,4.629,4.741,4.591,4.707,25590.28
2026-03-10 01:00:00,4.701,4.936,4.673,4.918,49024.29
2026-03-10 02:00:00,4.922,5.15,4.865,5.083,88771.65
2026-03-10 03:00:00,5.091,5.225,5.022,5.205,54442.9
2026-03-10 04:00:00,5.205,5.315,5.125,5.301,32161.48
2026-03-10 05:00:00,5.308,5.393,5.045,5.161,66352.97
2026-03-10 06:00:00,5.157,5.198,5.013,5.085,55975.98
2026-03-10 07:00:00,5.079,5.149,5.04,5.112,26455.52
2026-03-10 08:00:00,5.112,5.145,4.967,5.128,30321.01
2026-03-10 09:00:00,5.13,5.167,5.034,5.036,18951.67
2026-03-10 10:00:00,5.042,5.115,5.035,5.06,12994.74
2026-03-10 11:00:00,5.061,5.064,4.841,4.878,40661.45
2026-03-10 12:00:00,4.874,4.894,4.589,4.617,69127.92
2026-03-10 13:00:00,4.616,4.631,4.418,4.508,82255.55
2026-03-10 14:00:00,4.504,4.673,4.476,4.553,32595.3
2026-03-10 15:00:00,4.554,4.657,4.514,4.619,18754.61
2026-03-10 16:00:00,4.62,4.666,4.597,4.635,8915.32
2026-03-10 17:00:00,4.633,4.652,4.581,4.596,12187.78
2026-03-10 18:00:00,4.595,4.598,4.328,4.47,104041.07
2026-03-10 19:00:00,4.469,4.504,4.438,4.443,8755.85
2026-03-10 20:00:00,4.441,4.475,4.415,4.416,10924.79
2026-03-10 21:00:00,4.415,4.443,4.369,4.404,9067.56
2026-03-10 22:00:00,4.404,4.458,4.404,4.423,6341.12
2026-03-10 23:00:00,4.422,4.432,4.314,4.334,12418.62
2026-03-11 00:00:00,4.334,4.37,3.96,4.297,209418.17
2026-03-11 01:00:00,4.297,4.351,4.255,4.344,17578.57
2026-03-11 02:00:00,4.343,4.436,4.342,4.436,23927.74
2026-03-11 03:00:00,4.432,4.463,4.356,4.364,19043.99
2026-03-11 04:00:00,4.369,4.389,4.275,4.284,19881.64
2026-03-11 05:00:00,4.283,4.289,4.163,4.224,25292.5
2026-03-11 06:00:00,4.225,4.338,4.193,4.268,14935.3
2026-03-11 07:00:00,4.267,4.327,4.259,4.301,7411.36
2026-03-11 08:00:00,4.3,4.369,4.294,4.346,14478.29
2026-03-11 09:00:00,4.345,4.379,4.278,4.288,9201.04
2026-03-11 10:00:00,4.289,4.396,4.281,4.371,11988.26
2026-03-11 11:00:00,4.37,4.377,4.254,4.254,6697.63
2026-03-11 12:00:00,4.257,4.321,4.186,4.304,27244.95
2026-03-11 13:00:00,4.304,4.356,4.29,4.333,10739.1
2026-03-11 14:00:00,4.328,4.366,4.279,4.288,9751.77
2026-03-11 15:00:00,4.289,4.397,4.289,4.332,18159.57
2026-03-11 16:00:00,4.328,4.336,4.252,4.258,3974.12
2026-03-11 17:00:00,4.257,4.295,4.25,4.285,12410.08
2026-03-11 18:00:00,4.281,4.316,4.26,4.31,4483.21
2026-03-11 19:00:00,4.309,4.317,4.269,4.274,9014.98
2026-03-11 20:00:00,4.272,4.294,4.214,4.218,5404.83
2026-03-11 21:00:00,4.225,4.232,4.192,4.225,3748.22
2026-03-11 22:00:00,4.223,4.233,4.195,4.2,2400.18
2026-03-11 23:00:00,4.199,4.208,4.168,4.192,3560.51
2026-03-12 00:00:00,4.191,4.285,4.171,4.271,6347.68
2026-03-12 01:00:00,4.274,4.348,4.249,4.265,33522.82
2026-03-12 02:00:00,4.266,4.276,4.199,4.245,15025.69
2026-03-12 03:00:00,4.244,4.33,4.244,4.3,12330.69
2026-03-12 04:00:00,4.301,4.326,4.271,4.312,15932.88
2026-03-12 05:00:00,4.313,4.355,4.283,4.293,12678.72
2026-03-12 06:00:00,4.294,4.296,4.258,4.285,6706.17
2026-03-12 07:00:00,4.286,4.307,4.266,4.295,6908.33
2026-03-12 08:00:00,4.296,4.322,4.244,4.308,18598.93
2026-03-12 09:00:00,4.31,4.318,4.254,4.257,8546.94
2026-03-12 10:00:00,4.257,4.284,4.244,4.246,5019.0
2026-03-12 11:00:00,4.245,4.26,4.211,4.236,10006.65
2026-03-12 12:00:00,4.238,4.255,4.218,4.245,10262.98
2026-03-12 13:00:00,4.246,4.401,4.24,4.347,17122.68
2026-03-12 14:00:00,4.348,4.358,4.3,4.32,6962.71
2026-03-12 15:00:00,4.321,4.331,4.26,4.274,13126.29
2026-03-12 16:00:00,4.273,4.326,4.254,4.295,12784.86
2026-03-12 17:00:00,4.296,4.31,4.216,4.222,13229.21
2026-03-12 18:00:00,4.222,4.254,4.181,4.204,12424.75
2026-03-12 19:00:00,4.204,4.21,4.19,4.198,6654.07
2026-03-12 20:00:00,4.197,4.203,4.165,4.175,2495.15
2026-03-12 21:00:00,4.177,4.219,4.139,4.219,10519.37
2026-03-12 22:00:00,4.215,4.232,4.189,4.206,3004.22
2026-03-12 23:00:00,4.207,4.23,4.162,4.168,8457.06
2026-03-13 00:00:00,4.166,4.255,4.13,4.211,24059.76
2026-03-13 01:00:00,4.212,4.283,4.212,4.249,6543.97
2026-03-13 02:00:00,4.251,4.253,4.196,4.213,4978.96
2026-03-13 03:00:00,4.217,4.238,4.204,4.235,3524.21
2026-03-13 04:00:00,4.236,4.297,4.224,4.25,9675.28
2026-03-13 05:00:00,4.249,4.338,4.211,4.33,19032.4
2026-03-13 06:00:00,4.331,4.604,4.323,4.604,37992.35
2026-03-13 07:00:00,4.602,4.668,4.496,4.514,35734.77
2026-03-13 08:00:00,4.513,4.882,4.475,4.711,70520.9
2026-03-13 09:00:00,4.712,4.791,4.619,4.771,43918.93
2026-03-13 10:00:00,4.776,4.85,4.698,4.725,31656.53
2026-03-13 11:00:00,4.724,4.838,4.696,4.778,22511.12
2026-03-13 12:00:00,4.779,4.833,4.736,4.771,20068.11
2026-03-13 13:00:00,4.775,4.798,4.673,4.695,21707.73
2026-03-13 14:00:00,4.695,4.729,4.631,4.684,17679.96
2026-03-13 15:00:00,4.684,4.702,4.473,4.498,21870.25
2026-03-13 16:00:00,4.499,4.63,4.499,4.609,10523.07
2026-03-13 17:00:00,4.611,4.657,4.578,4.646,21177.86
2026-03-13 18:00:00,4.645,4.645,4.58,4.619,9726.1
2026-03-13 19:00:00,4.616,4.674,4.599,4.66,10416.32
2026-03-13 20:00:00,4.659,4.747,4.636,4.735,11678.84
2026-03-13 21:00:00,4.73,4.756,4.599,4.655,10001.32
2026-03-13 22:00:00,4.65,4.653,4.625,4.643,4070.14
2026-03-13 23:00:00,4.646,4.708,4.645,4.697,3033.99
2026-03-14 00:00:00,4.696,4.704,4.618,4.669,16251.12
2026-03-14 01:00:00,4.675,4.744,4.645,4.718,10522.61
2026-03-14 02:00:00,4.717,4.738,4.674,4.705,12839.41
2026-03-14 03:00:00,4.708,4.724,4.603,4.612,12476.61
2026-03-14 04:00:00,4.613,4.627,4.57,4.573,16350.31
2026-03-14 05:00:00,4.573,4.616,4.571,4.616,5173.54
2026-03-14 06:00:00,4.615,4.73,4.55,4.688,21117.31
2026-03-14 07:00:00,4.687,4.753,4.686,4.732,13719.66
2026-03-14 08:00:00,4.731,4.783,4.698,4.764,15249.6
2026-03-14 09:00:00,4.765,4.808,4.743,4.777,8366.59
2026-03-14 10:00:00,4.777,5.3,4.769,4.932,138416.39
2026-03-14 11:00:00,4.931,5.077,4.922,5.067,41305.73
2026-03-14 12:00:00,5.068,5.332,5.047,5.244,103570.37
2026-03-14 13:00:00,5.242,5.315,5.159,5.284,29617.17
2026-03-14 14:00:00,5.288,5.39,5.27,5.323,40502.34
2026-03-14 15:00:00,5.324,5.365,5.232,5.331,41380.68
2026-03-14 16:00:00,5.334,5.365,5.217,5.234,31350.43
2026-03-14 17:00:00,5.231,5.33,5.191,5.278,29836.15
2026-03-14 18:00:00,5.277,5.295,5.183,5.206,17737.4
2026-03-14 19:00:00,5.203,5.231,5.172,5.192,8868.15
2026-03-14 20:00:00,5.188,5.297,5.187,5.21,11669.38
2026-03-14 21:00:00,5.21,5.282,5.203,5.275,6897.9
2026-03-14 22:00:00,5.283,5.295,5.217,5.267,9613.56
2026-03-14 23:00:00,5.267,5.35,5.252,5.279,11989.83
2026-03-15 00:00:00,5.276,5.307,5.161,5.23,13703.17
2026-03-15 01:00:00,5.231,5.5,5.212,5.492,90482.08
2026-03-15 02:00:00,5.49,5.492,5.351,5.411,26157.44
2026-03-15 03:00:00,5.41,5.487,5.375,5.461,16819.16
2026-03-15 04:00:00,5.46,5.476,5.384,5.433,21190.57
2026-03-15 05:00:00,5.433,5.478,5.413,5.439,12743.03
2026-03-15 06:00:00,5.439,5.48,5.435,5.471,16970.86
2026-03-15 07:00:00,5.473,5.511,5.401,5.43,22587.87
2026-03-15 08:00:00,5.43,5.459,5.344,5.372,19851.33
2026-03-15 09:00:00,5.371,5.452,5.318,5.443,21744.7
2026-03-15 10:00:00,5.444,5.487,5.369,5.41,14172.35
2026-03-15 11:00:00,5.411,5.414,5.379,5.384,5061.58
2026-03-15 12:00:00,5.383,5.384,5.186,5.27,17514.0
2026-03-15 13:00:00,5.274,5.283,5.186,5.247,9759.51
2026-03-15 14:00:00,5.248,5.254,5.142,5.168,8670.18
2026-03-15 15:00:00,5.169,5.231,5.152,5.211,12499.9
2026-03-15 16:00:00,5.21,5.238,5.145,5.184,11393.19
2026-03-15 17:00:00,5.184,5.254,5.151,5.239,11495.28
2026-03-15 18:00:00,5.235,5.235,5.186,5.194,5048.61
2026-03-15 19:00:00,5.196,5.256,5.194,5.235,3278.02
2026-03-15 20:00:00,5.235,5.251,5.21,5.225,3291.61
2026-03-15 21:00:00,5.226,5.242,5.205,5.23,3264.07
2026-03-15 22:00:00,5.229,5.233,5.186,5.21,4931.06
2026-03-15 23:00:00,5.215,5.237,5.178,5.224,6127.45
2026-03-16 00:00:00,5.223,5.355,5.21,5.289,12859.79
2026-03-16 01:00:00,5.295,5.346,5.259,5.326,10144.78
2026-03-16 02:00:00,5.327,5.329,5.139,5.184,14547.32
2026-03-16 03:00:00,5.181,5.182,5.045,5.072,39472.21
2026-03-16 04:00:00,5.071,5.1,5.025,5.057,14235.84
2026-03-16 05:00:00,5.056,5.138,5.05,5.107,17595.3
2026-03-16 06:00:00,5.107,5.133,5.062,5.071,7580.23
2026-03-16 07:00:00,5.076,5.115,5.057,5.081,11381.32
2026-03-16 08:00:00,5.085,5.123,5.075,5.105,12390.33
2026-03-16 09:00:00,5.105,5.137,5.072,5.088,6881.29
2026-03-16 10:00:00,5.085,5.095,5.056,5.095,2923.8
2026-03-16 11:00:00,5.094,5.117,5.072,5.101,8133.4
2026-03-16 12:00:00,5.102,5.104,5.033,5.065,9301.82
2026-03-16 13:00:00,5.064,5.09,5.038,5.052,8776.0
2026-03-16 14:00:00,5.05,5.239,4.996,5.179,22945.18
2026-03-16 15:00:00,5.182,5.213,5.143,5.195,15444.05
2026-03-16 16:00:00,5.196,5.304,5.195,5.243,11181.18
2026-03-16 17:00:00,5.243,5.292,5.202,5.205,9941.42
2026-03-16 18:00:00,5.206,5.213,5.173,5.189,3626.39
2026-03-16 19:00:00,5.188,5.253,5.172,5.245,6370.03
2026-03-16 20:00:00,5.248,5.297,5.218,5.281,11109.78
2026-03-16 21:00:00,5.28,5.293,5.207,5.207,6302.79
2026-03-16 22:00:00,5.214,5.234,5.188,5.197,2133.65
2026-03-16 23:00:00,5.196,5.232,5.175,5.203,5286.78
2026-03-17 00:00:00,5.199,5.277,5.178,5.257,20428.11
2026-03-17 01:00:00,5.258,5.359,5.155,5.215,18945.35
2026-03-17 02:00:00,5.216,5.243,5.075,5.099,15038.16
2026-03-17 03:00:00,5.099,5.133,5.061,5.129,8673.29
2026-03-17 04:00:00,5.128,5.142,5.103,5.113,2220.48
2026-03-17 05:00:00,5.114,5.142,4.991,5.055,21234.47
2026-03-17 06:00:00,5.057,5.118,5.05,5.093,12832.51
2026-03-17 07:00:00,5.091,5.265,5.081,5.244,10224.22
2026-03-17 08:00:00,5.247,5.551,5.227,5.511,39040.56
2026-03-17 09:00:00,5.518,5.652,5.387,5.423,49844.06
2026-03-17 10:00:00,5.424,5.495,5.316,5.432,40575.87
2026-03-17 11:00:00,5.437,5.544,5.4,5.5,12461.11
2026-03-17 12:00:00,5.49,5.508,5.396,5.409,8163.04
2026-03-17 13:00:00,5.409,5.486,5.391,5.407,17453.95
2026-03-17 14:00:00,5.412,5.463,5.382,5.423,11422.19
2026-03-17 15:00:00,5.424,5.539,5.396,5.498,7779.96
2026-03-17 16:00:00,5.498,5.577,5.467,5.534,12976.63
2026-03-17 17:00:00,5.537,5.666,5.534,5.63,21381.59
2026-03-17 18:00:00,5.627,5.757,5.615,5.752,18178.03
2026-03-17 19:00:00,5.753,5.794,5.66,5.667,17650.44
2026-03-17 20:00:00,5.668,5.689,5.637,5.674,8960.59
2026-03-17 21:00:00,5.674,5.687,5.618,5.633,4897.38
2026-03-17 22:00:00,5.636,5.66,5.578,5.651,6283.3
2026-03-17 23:00:00,5.646,5.65,5.591,5.598,5549.38
2026-03-18 00:00:00,5.598,5.701,5.581,5.696,16637.14
2026-03-18 01:00:00,5.697,5.726,5.592,5.619,10230.1
2026-03-18 02:00:00,5.619,5.639,5.523,5.613,12397.48
2026-03-18 03:00:00,5.612,5.682,5.596,5.659,11601.43
2026-03-18 04:00:00,5.662,5.733,5.632,5.7,11821.13
2026-03-18 05:00:00,5.701,5.734,5.572,5.628,15766.34
2026-03-18 06:00:00,5.626,5.63,5.568,5.62,9500.44
2026-03-18 07:00:00,5.621,5.644,5.551,5.621,12585.04
2026-03-18 08:00:00,5.62,5.634,5.438,5.451,12785.36
2026-03-18 09:00:00,5.449,5.464,5.39,5.399,8616.46
2026-03-18 10:00:00,5.4,5.465,5.379,5.452,13785.63
2026-03-18 11:00:00,5.453,5.525,5.394,5.504,9301.72
2026-03-18 12:00:00,5.503,5.591,5.492,5.588,11039.11
2026-03-18 13:00:00,5.589,5.647,5.522,5.532,14264.69
2026-03-18 14:00:00,5.532,5.544,5.435,5.442,7927.38
2026-03-18 15:00:00,5.442,5.5,5.441,5.488,8853.33
2026-03-18 16:00:00,5.487,5.529,5.434,5.501,7131.56
2026-03-18 17:00:00,5.501,5.519,5.468,5.472,6612.75
2026-03-18 18:00:00,5.476,5.54,5.468,5.507,3158.9
2026-03-18 19:00:00,5.508,5.556,5.454,5.501,8502.76
2026-03-18 20:00:00,5.501,5.595,5.472,5.577,10737.91
2026-03-18 21:00:00,5.576,5.691,5.566,5.612,7816.32
2026-03-18 22:00:00,5.611,5.636,5.569,5.587,5062.72
2026-03-18 23:00:00,5.586,5.672,5.53,5.655,10044.03
2026-03-19 00:00:00,5.647,5.699,5.586,5.688,16732.07
2026-03-19 01:00:00,5.687,5.73,5.634,5.721,18714.33
2026-03-19 02:00:00,5.72,5.808,5.708,5.795,15137.93
2026-03-19 03:00:00,5.796,6.137,5.796,6.132,75920.83
2026-03-19 04:00:00,6.133,6.211,6.068,6.15,49561.77
2026-03-19 05:00:00,6.15,6.349,6.148,6.283,48210.76
2026-03-19 06:00:00,6.283,6.289,6.11,6.201,34384.12
2026-03-19 07:00:00,6.19,6.277,6.147,6.211,25171.9
2026-03-19 08:00:00,6.211,6.257,6.133,6.178,25350.27
2026-03-19 09:00:00,6.172,6.184,6.018,6.037,24614.9
2026-03-19 10:00:00,6.036,6.122,5.994,6.066,18927.54
2026-03-19 11:00:00,6.073,6.192,6.04,6.14,24201.3
2026-03-19 12:00:00,6.141,6.238,6.125,6.194,21171.3
2026-03-19 13:00:00,6.197,6.271,6.117,6.267,20818.13
2026-03-19 14:00:00,6.266,6.287,6.175,6.253,24466.49
2026-03-19 15:00:00,6.252,6.252,6.047,6.068,20242.52
2026-03-19 16:00:00,6.069,6.152,6.059,6.146,15187.77
2026-03-19 17:00:00,6.147,6.245,6.113,6.211,18715.68
2026-03-19 18:00:00,6.211,6.228,6.167,6.177,8752.98
2026-03-19 19:00:00,6.177,6.188,5.967,6.043,65447.45
2026-03-19 20:00:00,6.043,6.053,5.951,6.028,9830.91
2026-03-19 21:00:00,6.025,6.118,6.018,6.083,14838.48
2026-03-19 22:00:00,6.091,6.173,6.08,6.152,7914.33
2026-03-19 23:00:00,6.148,6.212,6.108,6.134,15838.23
2026-03-20 00:00:00,6.135,6.266,6.135,6.178,14841.03
2026-03-20 01:00:00,6.179,6.276,6.179,6.207,12659.45
2026-03-20 02:00:00,6.203,6.234,6.142,6.206,9723.18
2026-03-20 03:00:00,6.207,6.244,6.146,6.16,6242.67
2026-03-20 04:00:00,6.159,6.176,6.071,6.142,10673.57
2026-03-20 05:00:00,6.135,6.182,6.103,6.15,6413.78
2026-03-20 06:00:00,6.146,6.153,6.026,6.067,7478.4
2026-03-20 07:00:00,6.066,6.091,5.988,6.016,10692.89
2026-03-20 08:00:00,6.016,6.205,5.981,6.205,10922.97
2026-03-20 09:00:00,6.206,6.24,6.17,6.214,9884.35
2026-03-20 10:00:00,6.215,6.257,6.139,6.193,11531.23
2026-03-20 11:00:00,6.194,6.208,6.133,6.157,4846.61
2026-03-20 12:00:00,6.156,6.195,6.123,6.163,5541.08
2026-03-20 13:00:00,6.164,6.222,6.076,6.152,9801.04
2026-03-20 14:00:00,6.153,6.165,6.076,6.124,9326.72
2026-03-20 15:00:00,6.118,6.3,6.105,6.227,11898.84
2026-03-20 16:00:00,6.227,6.35,6.187,6.202,11418.05
2026-03-20 17:00:00,6.206,6.217,6.0,6.015,12154.27
2026-03-20 18:00:00,6.016,6.068,5.966,6.049,14306.95
2026-03-20 19:00:00,6.046,6.082,5.997,6.078,5941.16
2026-03-20 20:00:00,6.078,6.153,6.07,6.09,6220.11
2026-03-20 21:00:00,6.089,6.09,5.997,6.022,6311.59
2026-03-20 22:00:00,6.023,6.06,5.999,6.015,4644.42
2026-03-20 23:00:00,6.016,6.098,6.001,6.073,7747.05
2026-03-21 00:00:00,6.072,6.099,6.022,6.032,9098.58
2026-03-21 01:00:00,6.033,6.124,6.026,6.048,12259.45
2026-03-21 02:00:00,6.047,6.054,5.988,6.04,6416.17
2026-03-21 03:00:00,6.041,6.162,6.029,6.108,9040.73
2026-03-21 04:00:00,6.105,6.222,6.086,6.156,9932.55
2026-03-21 05:00:00,6.15,6.233,6.123,6.22,5871.99
2026-03-21 06:00:00,6.22,6.458,6.205,6.379,25514.6
2026-03-21 07:00:00,6.38,6.5,6.258,6.278,22653.89
2026-03-21 08:00:00,6.275,6.392,6.255,6.335,17394.15
2026-03-21 09:00:00,6.335,6.352,6.222,6.253,9343.48
2026-03-21 10:00:00,6.252,6.253,6.046,6.139,14265.14
2026-03-21 11:00:00,6.137,6.152,6.027,6.114,20048.19
2026-03-21 12:00:00,6.115,6.154,6.051,6.06,10862.89
2026-03-21 13:00:00,6.061,6.081,6.019,6.048,14282.97
2026-03-21 14:00:00,6.053,6.084,6.02,6.026,10597.32
2026-03-21 15:00:00,6.027,6.066,5.99,6.066,14803.46
2026-03-21 16:00:00,6.067,6.19,6.045,6.168,9752.24
2026-03-21 17:00:00,6.176,6.271,6.138,6.223,18932.71
2026-03-21 18:00:00,6.224,6.422,6.217,6.394,16173.57
2026-03-21 19:00:00,6.393,6.508,6.375,6.441,20199.21
2026-03-21 20:00:00,6.442,6.785,6.441,6.724,38436.85
2026-03-21 21:00:00,6.725,6.996,6.703,6.962,59212.13
2026-03-21 22:00:00,6.96,7.0,6.603,6.652,90802.62
2026-03-21 23:00:00,6.651,6.801,6.508,6.552,61103.63
2026-03-22 00:00:00,6.551,6.673,6.436,6.494,45023.21
2026-03-22 01:00:00,6.493,6.54,6.451,6.506,12602.59
2026-03-22 02:00:00,6.507,6.582,6.349,6.403,29997.2
2026-03-22 03:00:00,6.405,6.44,6.345,6.399,15712.08
2026-03-22 04:00:00,6.402,6.494,6.326,6.422,16852.84
2026-03-22 05:00:00,6.419,6.479,6.396,6.446,10985.88
2026-03-22 06:00:00,6.44,6.586,6.423,6.573,16071.04
2026-03-22 07:00:00,6.583,6.609,6.36,6.38,28209.46
2026-03-22 08:00:00,6.386,6.4,6.346,6.353,20706.51
2026-03-22 09:00:00,6.354,6.398,6.276,6.31,13299.52
2026-03-22 10:00:00,6.313,6.354,6.274,6.34,6381.75
2026-03-22 11:00:00,6.34,6.419,6.252,6.402,19735.75
2026-03-22 12:00:00,6.408,6.609,6.382,6.595,30572.62
2026-03-22 13:00:00,6.586,6.964,6.567,6.848,104804.94
2026-03-22 14:00:00,6.849,6.991,6.782,6.894,41489.84
2026-03-22 15:00:00,6.889,6.981,6.846,6.872,29072.79
2026-03-22 16:00:00,6.869,6.95,6.778,6.863,32124.98
2026-03-22 17:00:00,6.864,6.989,6.864,6.915,21927.07
2026-03-22 18:00:00,6.922,6.995,6.86,6.995,21156.6
2026-03-22 19:00:00,6.99,7.15,6.954,6.974,54466.28
2026-03-22 20:00:00,6.969,7.325,6.969,7.301,32702.23
2026-03-22 21:00:00,7.3,7.391,7.072,7.191,79500.03
2026-03-22 22:00:00,7.191,7.362,7.152,7.21,50261.3
2026-03-22 23:00:00,7.209,7.213,7.123,7.152,9699.01
2026-03-23 00:00:00,7.148,7.293,7.146,7.204,15403.92
2026-03-23 01:00:00,7.204,7.286,7.149,7.162,18698.69
2026-03-23 02:00:00,7.16,7.232,7.125,7.168,13041.12
2026-03-23 03:00:00,7.169,7.245,7.122,7.238,8119.49
2026-03-23 04:00:00,7.239,7.36,7.185,7.34,13847.67
2026-03-23 05:00:00,7.339,7.513,7.336,7.462,36763.5
2026-03-23 06:00:00,7.461,7.74,7.443,7.681,48407.44
2026-03-23 07:00:00,7.681,7.7,7.479,7.56,33012.45
2026-03-23 08:00:00,7.562,7.601,7.299,7.492,57666.01
2026-03-23 09:00:00,7.49,7.62,7.327,7.488,36949.58
2026-03-23 10:00:00,7.488,7.541,7.4,7.509,16836.23
2026-03-23 11:00:00,7.515,7.699,7.362,7.392,48753.68
2026-03-23 12:00:00,7.393,7.53,7.354,7.385,18885.0
2026-03-23 13:00:00,7.384,7.55,7.342,7.48,18199.43
2026-03-23 14:00:00,7.479,7.501,7.264,7.321,22187.15
2026-03-23 15:00:00,7.32,7.409,7.3,7.372,9901.11
2026-03-23 16:00:00,7.376,7.541,7.376,7.505,19748.74
2026-03-23 17:00:00,7.504,7.504,7.369,7.428,9576.49
2026-03-23 18:00:00,7.427,7.523,7.394,7.475,10620.93
2026-03-23 19:00:00,7.475,7.588,7.45,7.537,10727.53
2026-03-23 20:00:00,7.531,7.55,7.491,7.511,6805.07
2026-03-23 21:00:00,7.513,7.577,7.472,7.576,7184.64
2026-03-23 22:00:00,7.577,7.685,7.577,7.649,11872.72
2026-03-23 23:00:00,7.648,7.652,7.548,7.621,11053.56
2026-03-24 00:00:00,7.62,7.683,7.571,7.604,15777.23
2026-03-24 01:00:00,7.599,7.61,7.456,7.514,11607.94
2026-03-24 02:00:00,7.513,7.555,7.439,7.523,5643.13
2026-03-24 03:00:00,7.524,7.528,7.25,7.258,25355.04
2026-03-24 04:00:00,7.257,7.472,7.248,7.449,11307.46
2026-03-24 05:00:00,7.45,7.486,7.422,7.438,6573.73
2026-03-24 06:00:00,7.437,7.46,7.32,7.348,13656.67
2026-03-24 07:00:00,7.35,7.437,7.235,7.295,12922.67
2026-03-24 08:00:00,7.294,7.322,6.933,7.072,20674.77
2026-03-24 09:00:00,7.072,7.088,6.892,7.014,33185.32
2026-03-24 10:00:00,7.015,7.25,6.976,7.172,28285.53
2026-03-24 11:00:00,7.175,7.189,6.999,7.125,23767.33
2026-03-24 12:00:00,7.125,7.126,6.913,7.015,20989.12
2026-03-24 13:00:00,7.016,7.069,6.947,7.015,12590.01
2026-03-24 14:00:00,7.016,7.166,7.0,7.083,21888.2
2026-03-24 15:00:00,7.083,7.177,7.052,7.116,12577.54
2026-03-24 16:00:00,7.115,7.202,7.07,7.202,10750.46
2026-03-24 17:00:00,7.196,7.234,7.115,7.173,11131.21
2026-03-24 18:00:00,7.173,7.31,7.16,7.205,11998.68
2026-03-24 19:00:00,7.206,7.349,7.165,7.312,13099.35
2026-03-24 20:00:00,7.308,7.437,7.27,7.343,16339.24
2026-03-24 21:00:00,7.336,7.358,7.133,7.15,8997.14
2026-03-24 22:00:00,7.15,7.21,7.137,7.14,8429.4
2026-03-24 23:00:00,7.139,7.146,7.042,7.043,17086.81
2026-03-25 00:00:00,7.042,7.132,7.036,7.114,8815.27
2026-03-25 01:00:00,7.115,7.167,7.08,7.167,7363.85
2026-03-25 02:00:00,7.167,7.199,7.089,7.108,9572.58
2026-03-25 03:00:00,7.111,7.284,7.082,7.26,8101.28
2026-03-25 04:00:00,7.259,7.29,7.131,7.21,8635.17
2026-03-25 05:00:00,7.214,7.228,7.132,7.171,4850.56
2026-03-25 06:00:00,7.171,7.238,7.147,7.227,4286.63
2026-03-25 07:00:00,7.228,7.235,7.089,7.127,7085.59
2026-03-25 08:00:00,7.128,7.213,7.108,7.201,5490.22
2026-03-25 09:00:00,7.199,7.229,7.111,7.202,8803.1
2026-03-25 10:00:00,7.205,7.214,7.12,7.154,7695.23
2026-03-25 11:00:00,7.149,7.149,7.069,7.073,9606.66
2026-03-25 12:00:00,7.071,7.111,7.023,7.031,13197.34
2026-03-25 13:00:00,7.03,7.072,6.969,6.979,9095.06
2026-03-25 14:00:00,6.98,7.096,6.978,7.03,10091.07
2026-03-25 15:00:00,7.03,7.076,6.976,6.989,7926.76
2026-03-25 16:00:00,6.989,6.99,6.846,6.889,21361.44
2026-03-25 17:00:00,6.893,6.911,6.787,6.797,18948.85
2026-03-25 18:00:00,6.795,6.928,6.764,6.848,9566.3
2026-03-25 19:00:00,6.847,7.088,6.828,7.035,18998.14
2026-03-25 20:00:00,7.036,7.357,7.025,7.273,32863.98
2026-03-25 21:00:00,7.274,7.398,7.24,7.356,8771.05
2026-03-25 22:00:00,7.356,7.73,7.347,7.452,41363.12
2026-03-25 23:00:00,7.45,7.507,7.359,7.423,15364.27
2026-03-26 00:00:00,7.424,7.447,7.219,7.219,12402.55
2026-03-26 01:00:00,7.218,7.287,7.19,7.238,7468.61
2026-03-26 02:00:00,7.236,7.258,7.182,7.185,4020.81
2026-03-26 03:00:00,7.186,7.223,7.161,7.192,8691.58
2026-03-26 04:00:00,7.193,7.341,7.193,7.284,12934.24
2026-03-26 05:00:00,7.285,7.302,7.21,7.244,7531.01
2026-03-26 06:00:00,7.245,7.271,7.188,7.271,6020.86
2026-03-26 07:00:00,7.271,7.298,7.167,7.216,6913.17
2026-03-26 08:00:00,7.216,7.363,7.196,7.312,10800.15
2026-03-26 09:00:00,7.311,7.417,7.285,7.406,19580.27
2026-03-26 10:00:00,7.406,7.484,7.322,7.422,23524.74
2026-03-26 11:00:00,7.422,7.501,7.372,7.377,13480.83
2026-03-26 12:00:00,7.378,7.45,7.297,7.372,11811.89
2026-03-26 13:00:00,7.372,7.469,7.308,7.427,12558.33
2026-03-26 14:00:00,7.426,7.469,7.383,7.395,14892.23
2026-03-26 15:00:00,7.402,7.441,7.356,7.394,9002.87
2026-03-26 16:00:00,7.395,7.43,7.343,7.392,7379.68
2026-03-26 17:00:00,7.393,7.431,7.366,7.418,5777.12
2026-03-26 18:00:00,7.418,7.5,7.294,7.356,20539.19
2026-03-26 19:00:00,7.354,7.393,7.316,7.337,9024.06
2026-03-26 20:00:00,7.337,7.44,7.337,7.37,8598.42
2026-03-26 21:00:00,7.371,7.388,7.292,7.317,3116.44
2026-03-26 22:00:00,7.317,7.317,7.181,7.202,9135.2
2026-03-26 23:00:00,7.204,7.228,7.128,7.217,14226.91
2026-03-27 00:00:00,7.217,7.243,7.131,7.176,7175.48
2026-03-27 01:00:00,7.175,7.257,7.169,7.2,7758.67
2026-03-27 02:00:00,7.199,7.246,7.147,7.157,6350.65
2026-03-27 03:00:00,7.157,7.157,7.078,7.112,8871.56
2026-03-27 04:00:00,7.11,7.193,7.098,7.151,12327.54
2026-03-27 05:00:00,7.152,7.195,7.124,7.151,6421.22
2026-03-27 06:00:00,7.152,7.181,7.105,7.129,6309.59
2026-03-27 07:00:00,7.13,7.143,7.09,7.104,4397.25
2026-03-27 08:00:00,7.108,7.256,7.108,7.163,11937.0
2026-03-27 09:00:00,7.17,7.246,7.157,7.222,9925.77
2026-03-27 10:00:00,7.222,7.235,7.144,7.164,9850.41
2026-03-27 11:00:00,7.165,7.209,7.098,7.134,7432.4
2026-03-27 12:00:00,7.129,7.131,7.017,7.067,14236.45
2026-03-27 13:00:00,7.061,7.076,6.933,6.957,7637.26
2026-03-27 14:00:00,6.96,7.049,6.907,7.018,13318.05
2026-03-27 15:00:00,7.019,7.4,6.954,7.365,52014.25
2026-03-27 16:00:00,7.366,7.434,7.213,7.327,20330.4
2026-03-27 17:00:00,7.328,7.425,7.314,7.326,6582.08
2026-03-27 18:00:00,7.324,7.388,7.294,7.37,9302.99
2026-03-27 19:00:00,7.371,7.456,7.294,7.408,16376.67
2026-03-27 20:00:00,7.407,7.417,7.32,7.388,8198.0
2026-03-27 21:00:00,7.384,7.446,7.365,7.408,2931.54
2026-03-27 22:00:00,7.406,7.421,7.363,7.398,7889.89
2026-03-27 23:00:00,7.397,7.457,7.379,7.445,8241.96
2026-03-28 00:00:00,7.448,7.471,7.382,7.418,9175.86
2026-03-28 01:00:00,7.422,7.494,7.408,7.446,8326.82
2026-03-28 02:00:00,7.445,7.487,7.35,7.37,7817.06
2026-03-28 03:00:00,7.367,7.382,7.251,7.33,13044.04
2026-03-28 04:00:00,7.331,7.334,7.262,7.291,3862.38
2026-03-28 05:00:00,7.292,7.294,7.193,7.218,7273.3
2026-03-28 06:00:00,7.22,7.279,7.171,7.2,9900.95
2026-03-28 07:00:00,7.201,7.263,7.185,7.205,8534.27
2026-03-28 08:00:00,7.208,7.243,7.11,7.129,11643.07
2026-03-28 09:00:00,7.13,7.203,7.108,7.17,8248.97
2026-03-28 10:00:00,7.168,7.206,7.145,7.159,2504.74
2026-03-28 11:00:00,7.16,7.243,7.127,7.127,6881.33
2026-03-28 12:00:00,7.131,7.166,7.095,7.154,4508.85
2026-03-28 13:00:00,7.155,7.21,7.115,7.123,12713.0
2026-03-28 14:00:00,7.123,7.145,7.071,7.124,6157.04
2026-03-28 15:00:00,7.121,7.139,7.055,7.134,12036.91
2026-03-28 16:00:00,7.135,7.255,7.135,7.21,13012.6
2026-03-28 17:00:00,7.211,7.212,7.126,7.15,5288.0
2026-03-28 18:00:00,7.151,7.207,7.126,7.135,5839.97
2026-03-28 19:00:00,7.132,7.132,7.098,7.122,1905.74
2026-03-28 20:00:00,7.123,7.209,7.111,7.19,5062.19
2026-03-28 21:00:00,7.182,7.194,7.11,7.152,2940.02
2026-03-28 22:00:00,7.154,7.178,7.146,7.177,1313.13
2026-03-28 23:00:00,7.176,7.228,7.15,7.165,2648.31
2026-03-29 00:00:00,7.161,7.176,7.118,7.144,4841.01
2026-03-29 01:00:00,7.147,7.235,7.143,7.197,6497.42
2026-03-29 02:00:00,7.199,7.229,7.142,7.142,2863.62
2026-03-29 03:00:00,7.141,7.203,7.114,7.156,5770.86
2026-03-29 04:00:00,7.157,7.165,7.102,7.124,2914.72
2026-03-29 05:00:00,7.119,7.173,7.119,7.149,2951.34
2026-03-29 06:00:00,7.15,7.235,7.127,7.133,5145.99
2026-03-29 07:00:00,7.134,7.373,7.131,7.323,13944.17
2026-03-29 08:00:00,7.322,7.447,7.321,7.392,13522.92
2026-03-29 09:00:00,7.393,7.441,7.38,7.43,8752.88
2026-03-29 10:00:00,7.433,7.461,7.396,7.44,11001.94
2026-03-29 11:00:00,7.449,7.494,7.442,7.48,3625.64
2026-03-29 12:00:00,7.481,7.482,7.325,7.418,8843.88
2026-03-29 13:00:00,7.417,7.429,7.339,7.399,7065.96
2026-03-29 14:00:00,7.395,7.447,7.395,7.405,4086.93
2026-03-29 15:00:00,7.406,7.45,7.362,7.407,8325.52
2026-03-29 16:00:00,7.408,7.425,7.324,7.352,5089.06
2026-03-29 17:00:00,7.353,7.366,7.288,7.301,3754.69
2026-03-29 18:00:00,7.302,7.365,7.302,7.318,4582.7
2026-03-29 19:00:00,7.317,7.358,7.297,7.351,5304.18
2026-03-29 20:00:00,7.351,7.358,7.29,7.3,3326.23
2026-03-29 21:00:00,7.301,7.307,7.225,7.244,3510.07
2026-03-29 22:00:00,7.233,7.266,7.166,7.222,5916.35
2026-03-29 23:00:00,7.223,7.245,7.134,7.162,6509.66
2026-03-30 00:00:00,7.165,7.434,7.134,7.298,15888.25
2026-03-30 01:00:00,7.3,7.353,7.253,7.343,6141.01
2026-03-30 02:00:00,7.35,7.852,7.35,7.773,40773.43
2026-03-30 03:00:00,7.774,8.35,7.75,8.129,92405.95
2026-03-30 04:00:00,8.132,8.177,8.018,8.137,22061.94
2026-03-30 05:00:00,8.14,8.225,8.073,8.15,22571.31
2026-03-30 06:00:00,8.148,8.234,8.055,8.109,17589.29
2026-03-30 07:00:00,8.11,8.162,8.075,8.135,11845.48
2026-03-30 08:00:00,8.136,8.161,7.668,7.727,44301.54
2026-03-30 09:00:00,7.72,7.73,7.339,7.47,67191.87
2026-03-30 10:00:00,7.466,7.645,7.32,7.607,18523.48
2026-03-30 11:00:00,7.608,7.938,7.608,7.734,50206.47
2026-03-30 12:00:00,7.738,7.961,7.727,7.777,22662.02
2026-03-30 13:00:00,7.777,8.129,7.718,7.892,51042.15
2026-03-30 14:00:00,7.893,8.02,7.803,7.831,16807.98
2026-03-30 15:00:00,7.833,7.943,7.678,7.737,14863.35
2026-03-30 16:00:00,7.738,7.801,7.67,7.772,9409.4
2026-03-30 17:00:00,7.778,7.883,7.752,7.768,6840.1
2026-03-30 18:00:00,7.769,7.898,7.759,7.898,6184.34
2026-03-30 19:00:00,7.899,7.939,7.833,7.901,7701.49
2026-03-30 20:00:00,7.902,8.006,7.897,7.947,11213.71
2026-03-30 21:00:00,7.947,8.002,7.896,7.969,7464.25
2026-03-30 22:00:00,7.969,7.979,7.861,7.931,6695.86
2026-03-30 23:00:00,7.931,8.005,7.886,7.941,7590.92
2026-03-31 00:00:00,7.941,7.996,7.91,7.967,6576.74
2026-03-31 01:00:00,7.968,8.075,7.855,7.875,7612.91
2026-03-31 02:00:00,7.879,7.924,7.841,7.922,4943.63
2026-03-31 03:00:00,7.924,8.043,7.908,8.022,13682.47
2026-03-31 04:00:00,8.022,8.12,8.021,8.061,10366.52
2026-03-31 05:00:00,8.056,8.086,7.905,7.93,11635.07
2026-03-31 06:00:00,7.932,8.028,7.918,7.968,8988.25
2026-03-31 07:00:00,7.969,8.068,7.964,8.01,8376.94
2026-03-31 08:00:00,8.009,8.036,7.919,8.009,7017.99
2026-03-31 09:00:00,8.008,8.037,7.89,7.903,8914.72
2026-03-31 10:00:00,7.903,7.906,7.78,7.867,17168.86
2026-03-31 11:00:00,7.861,8.06,7.801,7.866,22651.92
2026-03-31 12:00:00,7.861,8.007,7.846,7.936,4149.74
2026-03-31 13:00:00,7.937,7.952,7.793,7.848,7520.88
2026-03-31 14:00:00,7.847,7.973,7.837,7.953,4647.59
2026-03-31 15:00:00,7.953,8.052,7.91,8.004,5862.17
2026-03-31 16:00:00,8.004,8.12,7.949,8.005,13285.81
2026-03-31 17:00:00,8.006,8.071,7.913,7.974,11840.64
2026-03-31 18:00:00,7.975,7.983,7.714,7.758,11692.02
2026-03-31 19:00:00,7.759,7.795,7.617,7.751,16231.74
2026-03-31 20:00:00,7.752,7.772,7.7,7.716,4635.16
2026-03-31 21:00:00,7.718,7.952,7.69,7.934,9097.58
2026-03-31 22:00:00,7.933,7.967,7.866,7.954,7189.73
2026-03-31 23:00:00,7.955,8.05,7.919,7.919,5839.68
2026-04-01 00:00:00,7.918,7.958,7.848,7.88,7240.36
2026-04-01 01:00:00,7.879,7.945,7.819,7.872,6482.67
2026-04-01 02:00:00,7.873,7.959,7.852,7.875,5695.39
2026-04-01 03:00:00,7.876,7.939,7.805,7.812,4179.16
2026-04-01 04:00:00,7.816,7.884,7.754,7.857,9452.87
2026-04-01 05:00:00,7.858,7.86,7.759,7.784,5567.37
2026-04-01 06:00:00,7.785,8.049,7.752,7.959,13867.56
2026-04-01 07:00:00,7.96,8.368,7.954,8.219,35763.68
2026-04-01 08:00:00,8.215,8.322,8.135,8.178,15497.68
2026-04-01 09:00:00,8.179,8.2,8.062,8.109,10302.78
2026-04-01 10:00:00,8.107,8.112,8.0,8.055,9282.29
2026-04-01 11:00:00,8.055,8.109,8.038,8.098,6183.87
2026-04-01 12:00:00,8.1,8.117,7.938,7.948,10036.35
2026-04-01 13:00:00,7.948,8.141,7.86,8.082,18239.95
2026-04-01 14:00:00,8.086,8.093,7.945,7.976,6844.72
2026-04-01 15:00:00,7.977,7.979,7.768,7.824,10914.13
2026-04-01 16:00:00,7.823,7.847,7.688,7.809,12681.08
2026-04-01 17:00:00,7.81,7.879,7.779,7.783,5406.92
2026-04-01 18:00:00,7.779,7.842,7.728,7.795,5056.23
2026-04-01 19:00:00,7.794,7.811,7.728,7.787,7007.01
2026-04-01 20:00:00,7.789,7.874,7.763,7.839,4422.09
2026-04-01 21:00:00,7.839,7.933,7.823,7.919,3242.88
2026-04-01 22:00:00,7.914,8.013,7.913,7.928,4901.41
2026-04-01 23:00:00,7.929,7.941,7.867,7.867,3973.22
2026-04-02 00:00:00,7.868,8.28,7.868,8.184,27146.83
2026-04-02 01:00:00,8.185,8.273,8.009,8.082,16260.92
2026-04-02 02:00:00,8.083,8.085,7.993,8.011,5710.82
2026-04-02 03:00:00,8.01,8.069,7.953,7.953,4812.12
2026-04-02 04:00:00,7.954,8.016,7.931,7.967,4545.28
2026-04-02 05:00:00,7.967,8.25,7.939,8.208,12174.41
2026-04-02 06:00:00,8.207,8.299,8.121,8.121,12710.78
2026-04-02 07:00:00,8.121,8.181,8.07,8.106,9569.85
2026-04-02 08:00:00,8.109,8.121,7.958,8.042,14160.12
2026-04-02 09:00:00,8.05,8.184,8.006,8.037,12793.18
2026-04-02 10:00:00,8.036,8.079,7.678,7.716,27292.29
2026-04-02 11:00:00,7.717,7.8,7.549,7.747,29229.87
2026-04-02 12:00:00,7.748,7.765,7.646,7.685,13270.64
2026-04-02 13:00:00,7.686,7.858,7.678,7.794,14889.7
2026-04-02 14:00:00,7.791,7.926,7.787,7.859,11889.18
2026-04-02 15:00:00,7.862,7.926,7.755,7.76,13392.5
2026-04-02 16:00:00,7.761,7.826,7.633,7.771,11674.06
2026-04-02 17:00:00,7.764,7.85,7.742,7.848,5653.34
2026-04-02 18:00:00,7.848,7.906,7.832,7.888,6225.9
2026-04-02 19:00:00,7.886,8.036,7.88,7.959,11358.69
2026-04-02 20:00:00,7.966,8.0,7.909,7.968,8677.27
2026-04-02 21:00:00,7.967,8.064,7.914,7.915,5136.83
2026-04-02 22:00:00,7.914,8.077,7.914,8.031,5108.9
2026-04-02 23:00:00,8.029,8.029,7.955,7.984,2504.7
2026-04-03 00:00:00,7.985,8.059,7.845,7.87,5104.45
2026-04-03 01:00:00,7.871,8.05,7.869,7.991,7923.02
2026-04-03 02:00:00,7.991,8.022,7.935,7.97,2900.24
2026-04-03 03:00:00,7.969,8.052,7.934,8.042,4685.7
2026-04-03 04:00:00,8.048,8.205,8.048,8.178,13329.16
2026-04-03 05:00:00,8.175,8.241,8.124,8.168,14829.85
2026-04-03 06:00:00,8.165,8.228,8.148,8.165,10503.14
2026-04-03 07:00:00,8.17,8.223,8.154,8.188,6623.06
2026-04-03 08:00:00,8.189,8.194,8.078,8.129,8246.0
2026-04-03 09:00:00,8.128,8.2,8.102,8.146,5193.56
2026-04-03 10:00:00,8.148,8.271,8.115,8.233,10951.74
2026-04-03 11:00:00,8.233,8.27,8.155,8.187,9953.88
2026-04-03 12:00:00,8.19,8.222,8.041,8.102,9574.58
2026-04-03 13:00:00,8.101,8.129,8.048,8.124,3250.68
2026-04-03 14:00:00,8.126,8.202,8.092,8.1,8441.82
2026-04-03 15:00:00,8.093,8.21,8.087,8.156,7431.6
2026-04-03 16:00:00,8.161,8.205,8.126,8.2,3578.06
2026-04-03 17:00:00,8.203,8.213,8.099,8.117,3632.96
2026-04-03 18:00:00,8.116,8.121,8.072,8.086,2631.04
2026-04-03 19:00:00,8.086,8.114,8.042,8.053,2728.14
2026-04-03 20:00:00,8.055,8.088,8.011,8.081,1580.74
2026-04-03 21:00:00,8.083,8.083,7.996,8.038,2625.34
2026-04-03 22:00:00,8.036,8.064,7.992,8.058,1942.91
2026-04-03 23:00:00,8.058,8.11,8.014,8.064,2546.46
2026-04-04 00:00:00,8.061,8.159,8.01,8.134,4793.65
2026-04-04 01:00:00,8.133,8.149,8.071,8.088,1952.32
2026-04-04 02:00:00,8.094,8.2,8.094,8.134,4737.66
2026-04-04 03:00:00,8.137,8.177,8.076,8.101,5967.8
2026-04-04 04:00:00,8.099,8.112,8.02,8.054,5604.92
2026-04-04 05:00:00,8.052,8.5,8.017,8.397,36456.63
2026-04-04 06:00:00,8.4,8.879,8.377,8.805,29950.58
2026-04-04 07:00:00,8.809,8.921,8.557,8.706,33359.38
2026-04-04 08:00:00,8.708,8.762,8.597,8.679,15471.6
2026-04-04 09:00:00,8.678,8.81,8.662,8.764,6564.71
2026-04-04 10:00:00,8.756,8.881,8.716,8.853,9023.8
2026-04-04 11:00:00,8.852,8.9,8.747,8.801,11708.88
2026-04-04 12:00:00,8.801,8.886,8.733,8.751,7756.47
2026-04-04 13:00:00,8.754,8.85,8.749,8.837,7202.59
2026-04-04 14:00:00,8.836,9.06,8.782,8.992,41448.84
2026-04-04 15:00:00,8.995,9.027,8.572,8.706,23141.11
2026-04-04 16:00:00,8.707,8.884,8.67,8.843,8033.39
2026-04-04 17:00:00,8.845,8.848,8.755,8.8,5373.47
2026-04-04 18:00:00,8.799,8.896,8.739,8.823,8472.12
2026-04-04 19:00:00,8.823,8.842,8.745,8.751,5123.57
2026-04-04 20:00:00,8.752,8.79,8.729,8.776,3612.1
2026-04-04 21:00:00,8.775,8.87,8.773,8.825,6162.62
2026-04-04 22:00:00,8.827,8.858,8.781,8.821,4379.47
2026-04-04 23:00:00,8.822,8.894,8.811,8.887,5349.45
2026-04-05 00:00:00,8.883,8.968,8.823,8.907,15352.98
2026-04-05 01:00:00,8.905,8.956,8.875,8.946,5594.37
2026-04-05 02:00:00,8.951,9.13,8.913,9.05,13258.59
2026-04-05 03:00:00,9.051,9.086,8.9,9.017,9472.96
2026-04-05 04:00:00,9.02,9.1,8.954,8.979,7493.63
2026-04-05 05:00:00,8.98,8.989,8.789,8.824,9335.72
2026-04-05 06:00:00,8.822,8.834,8.747,8.821,17672.63
2026-04-05 07:00:00,8.823,8.952,8.734,8.883,13395.77
2026-04-05 08:00:00,8.887,8.968,8.809,8.828,9565.24
2026-04-05 09:00:00,8.83,8.878,8.824,8.872,2768.02
2026-04-05 10:00:00,8.873,9.071,8.873,9.041,12785.93
2026-04-05 11:00:00,9.037,9.1,8.978,9.058,11143.07
2026-04-05 12:00:00,9.051,9.2,9.028,9.102,10576.71
2026-04-05 13:00:00,9.103,9.132,8.975,9.014,10085.71
2026-04-05 14:00:00,9.017,9.04,8.939,8.997,10270.07
2026-04-05 15:00:00,8.984,9.026,8.9,8.911,7311.54
2026-04-05 16:00:00,8.914,9.023,8.839,8.984,5751.17
2026-04-05 17:00:00,8.985,9.01,8.6,8.862,52634.9
2026-04-05 18:00:00,8.867,8.879,8.766,8.785,6771.29
2026-04-05 19:00:00,8.785,8.895,8.722,8.87,10275.43
2026-04-05 20:00:00,8.868,8.868,8.779,8.798,4085.87
2026-04-05 21:00:00,8.796,8.813,8.596,8.728,39479.49
2026-04-05 22:00:00,8.74,8.745,8.661,8.683,4268.05
2026-04-05 23:00:00,8.683,8.725,8.636,8.641,5173.94
2026-04-06 00:00:00,8.638,8.801,8.609,8.64,11782.37
2026-04-06 01:00:00,8.641,8.643,8.426,8.506,16156.84
2026-04-06 02:00:00,8.509,8.571,8.401,8.47,12198.84
2026-04-06 03:00:00,8.473,8.479,8.359,8.429,9013.52
2026-04-06 04:00:00,8.423,8.532,8.367,8.504,18938.99
2026-04-06 05:00:00,8.505,8.786,8.275,8.65,42703.24
2026-04-06 06:00:00,8.654,8.981,8.569,8.837,19722.48
2026-04-06 07:00:00,8.845,8.89,8.651,8.667,8301.91
2026-04-06 08:00:00,8.671,8.838,8.657,8.723,8300.33
2026-04-06 09:00:00,8.732,8.743,8.542,8.562,7214.26
2026-04-06 10:00:00,8.561,8.626,8.464,8.466,6396.93
2026-04-06 11:00:00,8.464,8.574,8.418,8.499,6333.73
2026-04-06 12:00:00,8.499,9.036,8.488,8.759,59452.64
2026-04-06 13:00:00,8.77,8.933,8.749,8.843,9591.63
2026-04-06 14:00:00,8.843,8.975,8.743,8.885,10489.07
2026-04-06 15:00:00,8.885,8.915,8.683,8.761,7006.16
2026-04-06 16:00:00,8.762,8.834,8.726,8.756,6970.87
2026-04-06 17:00:00,8.757,8.832,8.72,8.773,5640.41
2026-04-06 18:00:00,8.773,8.917,8.749,8.903,5909.07
2026-04-06 19:00:00,8.904,8.995,8.833,8.896,4980.37
2026-04-06 20:00:00,8.897,8.923,8.834,8.835,1505.73
2026-04-06 21:00:00,8.836,8.918,8.813,8.909,4027.92
2026-04-06 22:00:00,8.9,8.959,8.895,8.949,2531.11
2026-04-06 23:00:00,8.952,8.977,8.849,8.849,4867.21
2026-04-07 00:00:00,8.855,8.942,8.758,8.803,7403.9
2026-04-07 01:00:00,8.802,8.844,8.751,8.812,2709.03
2026-04-07 02:00:00,8.811,9.014,8.811,8.965,6164.24
2026-04-07 03:00:00,8.972,9.043,8.952,8.98,5571.21
2026-04-07 04:00:00,8.982,9.025,8.904,8.911,9230.36
2026-04-07 05:00:00,8.91,8.926,8.813,8.846,6978.26
2026-04-07 06:00:00,8.846,8.846,8.732,8.752,4447.2
2026-04-07 07:00:00,8.753,8.821,8.705,8.759,7531.23
2026-04-07 08:00:00,8.76,8.872,8.747,8.849,7198.04
2026-04-07 09:00:00,8.849,8.897,8.784,8.803,5033.9
2026-04-07 10:00:00,8.803,8.865,8.75,8.788,4513.32
2026-04-07 11:00:00,8.789,9.15,8.789,9.015,27073.11
2026-04-07 12:00:00,9.015,9.054,8.939,9.0,7553.56
2026-04-07 13:00:00,9.007,9.015,8.857,8.89,6121.96
2026-04-07 14:00:00,8.897,8.901,8.785,8.88,6721.87
2026-04-07 15:00:00,8.888,8.985,8.857,8.938,5234.57
2026-04-07 16:00:00,8.936,8.943,8.793,8.799,7496.64
2026-04-07 17:00:00,8.798,8.829,8.75,8.764,5244.44
2026-04-07 18:00:00,8.767,8.79,8.616,8.628,7495.88
2026-04-07 19:00:00,8.629,8.732,8.605,8.69,10357.46
2026-04-07 20:00:00,8.69,8.784,8.659,8.692,3409.93
2026-04-07 21:00:00,8.692,9.219,7.714,8.052,81379.0
2026-04-07 22:00:00,8.05,8.123,7.43,7.63,92662.12
2026-04-07 23:00:00,7.622,8.581,7.587,8.019,72903.01
2026-04-08 00:00:00,8.015,8.03,7.746,7.775,27430.09
2026-04-08 01:00:00,7.776,7.828,7.602,7.691,29835.92
2026-04-08 02:00:00,7.69,7.781,7.612,7.699,14509.06
2026-04-08 03:00:00,7.699,7.984,7.698,7.882,29975.9
2026-04-08 04:00:00,7.88,7.908,7.582,7.713,27671.43
2026-04-08 05:00:00,7.718,7.731,7.572,7.619,12559.44
2026-04-08 06:00:00,7.614,7.649,7.447,7.474,23918.87
2026-04-08 07:00:00,7.469,7.703,7.3,7.697,35398.01
2026-04-08 08:00:00,7.697,7.871,7.632,7.689,25617.37
2026-04-08 09:00:00,7.694,7.733,7.423,7.518,19484.3
2026-04-08 10:00:00,7.523,7.654,7.461,7.599,9880.93
2026-04-08 11:00:00,7.605,7.87,7.515,7.794,19698.25
2026-04-08 12:00:00,7.798,8.192,7.671,8.163,38999.39
2026-04-08 13:00:00,8.164,8.434,8.07,8.323,41314.08
2026-04-08 14:00:00,8.327,8.499,8.097,8.188,28547.5
2026-04-08 15:00:00,8.189,8.322,8.062,8.066,10414.37
2026-04-08 16:00:00,8.064,8.197,7.901,7.979,12398.73
2026-04-08 17:00:00,7.98,8.012,7.875,7.897,9668.19
2026-04-08 18:00:00,7.898,7.902,7.766,7.79,5426.57
2026-04-08 19:00:00,7.789,7.85,7.756,7.761,4475.91
2026-04-08 20:00:00,7.766,7.828,7.725,7.778,7636.02
2026-04-08 21:00:00,7.778,7.778,7.6,7.691,10003.25
2026-04-08 22:00:00,7.69,7.753,7.621,7.676,6128.78
2026-04-08 23:00:00,7.676,8.009,7.669,8.009,13997.17
2026-04-09 00:00:00,8.004,8.263,7.982,8.215,25645.46
2026-04-09 01:00:00,8.212,8.242,8.023,8.055,7772.69
2026-04-09 02:00:00,8.056,8.218,8.021,8.076,9500.22
2026-04-09 03:00:00,8.067,8.137,7.963,8.099,6875.04
2026-04-09 04:00:00,8.1,8.2,8.011,8.079,7883.86
2026-04-09 05:00:00,8.084,8.114,7.984,8.093,6649.6
2026-04-09 06:00:00,8.099,8.144,8.015,8.062,5220.03
2026-04-09 07:00:00,8.059,8.186,8.05,8.078,5903.21
2026-04-09 08:00:00,8.079,8.11,7.958,8.082,11331.74
2026-04-09 09:00:00,8.091,8.096,7.939,8.026,5870.19
2026-04-09 10:00:00,8.022,8.086,7.975,8.057,11056.4
2026-04-09 11:00:00,8.058,8.066,7.86,8.029,15664.36
2026-04-09 12:00:00,8.03,8.284,8.014,8.178,12588.42
2026-04-09 13:00:00,8.18,8.332,8.174,8.287,10169.06
2026-04-09 14:00:00,8.291,8.323,8.141,8.145,12094.77
2026-04-09 15:00:00,8.146,8.218,8.123,8.126,6556.0
2026-04-09 16:00:00,8.127,8.195,8.07,8.131,9066.32
2026-04-09 17:00:00,8.131,8.4,8.121,8.34,8828.36
2026-04-09 18:00:00,8.348,8.483,8.311,8.364,15954.74
2026-04-09 19:00:00,8.368,8.481,8.365,8.423,7918.02
2026-04-09 20:00:00,8.429,8.478,8.328,8.337,5224.85
2026-04-09 21:00:00,8.337,8.337,8.271,8.312,2478.92
2026-04-09 22:00:00,8.31,8.358,8.298,8.316,3484.17
2026-04-09 23:00:00,8.318,8.365,8.314,8.328,3269.79
2026-04-10 00:00:00,8.336,8.42,8.284,8.39,3702.5
2026-04-10 01:00:00,8.389,8.476,8.279,8.421,35389.64
2026-04-10 02:00:00,8.419,8.438,8.299,8.387,12768.02
2026-04-10 03:00:00,8.387,8.474,8.382,8.396,18731.88
2026-04-10 04:00:00,8.396,8.565,8.343,8.55,27068.24
2026-04-10 05:00:00,8.545,9.238,8.525,9.102,80789.74
2026-04-10 06:00:00,9.103,9.239,8.958,8.983,16775.28
2026-04-10 07:00:00,8.982,9.007,8.881,8.915,6581.56
2026-04-10 08:00:00,8.915,8.923,8.769,8.867,14192.04
2026-04-10 09:00:00,8.871,9.147,8.825,9.032,21599.57
2026-04-10 10:00:00,9.03,9.134,9.007,9.125,6966.68
2026-04-10 11:00:00,9.124,9.536,9.041,9.497,28204.62
2026-04-10 12:00:00,9.493,10.243,9.436,10.004,138902.86
2026-04-10 13:00:00,10.005,10.231,9.823,9.877,35579.59
2026-04-10 14:00:00,9.882,10.1,9.811,9.848,29368.94
2026-04-10 15:00:00,9.848,9.89,9.614,9.741,18481.47
2026-04-10 16:00:00,9.742,9.959,9.69,9.896,18695.79
2026-04-10 17:00:00,9.896,10.068,9.817,10.029,22591.88
2026-04-10 18:00:00,10.03,10.15,9.323,9.357,27227.36
2026-04-10 19:00:00,9.36,9.561,9.268,9.356,21476.58
2026-04-10 20:00:00,9.352,9.424,9.106,9.317,15662.64
2026-04-10 21:00:00,9.322,9.417,9.278,9.348,9609.93
2026-04-10 22:00:00,9.346,9.43,9.288,9.316,9522.26
2026-04-10 23:00:00,9.317,9.39,9.227,9.354,13366.59
2026-04-11 00:00:00,9.35,9.56,9.323,9.4,18291.89
2026-04-11 01:00:00,9.403,9.477,9.363,9.463,7473.14
2026-04-11 02:00:00,9.464,9.483,9.305,9.46,10454.74
2026-04-11 03:00:00,9.458,9.535,9.319,9.377,11146.36
2026-04-11 04:00:00,9.38,9.38,9.263,9.297,4614.46
2026-04-11 05:00:00,9.297,9.422,9.193,9.413,7464.98
2026-04-11 06:00:00,9.412,9.515,9.379,9.424,5277.53
2026-04-11 07:00:00,9.416,9.431,9.268,9.367,7731.9
2026-04-11 08:00:00,9.359,9.402,9.288,9.391,2607.37
2026-04-11 09:00:00,9.39,9.436,9.325,9.388,4179.75
2026-04-11 10:00:00,9.387,9.962,9.268,9.936,33822.15
2026-04-11 11:00:00,9.919,9.961,9.72,9.871,26039.76
2026-04-11 12:00:00,9.871,9.871,9.714,9.715,6042.23
2026-04-11 13:00:00,9.715,9.831,9.686,9.74,10538.66
2026-04-11 14:00:00,9.735,9.741,9.578,9.632,5891.09
2026-04-11 15:00:00,9.64,9.641,9.404,9.546,15152.34
2026-04-11 16:00:00,9.55,9.661,9.526,9.585,4732.27
2026-04-11 17:00:00,9.592,9.677,9.564,9.583,4150.38
2026-04-11 18:00:00,9.587,9.663,9.542,9.566,3962.76
2026-04-11 19:00:00,9.574,9.627,9.509,9.614,4373.31
2026-04-11 20:00:00,9.614,9.651,9.533,9.592,4811.38
2026-04-11 21:00:00,9.599,9.656,9.537,9.623,3341.62
2026-04-11 22:00:00,9.623,9.632,9.593,9.595,1938.04
2026-04-11 23:00:00,9.596,9.675,9.59,9.616,3991.02
2026-04-12 00:00:00,9.609,9.876,9.594,9.829,13042.36
2026-04-12 01:00:00,9.829,9.829,9.562,9.59,6085.19
2026-04-12 02:00:00,9.591,9.69,9.588,9.689,7938.17
2026-04-12 03:00:00,9.687,9.726,9.587,9.638,3836.07
2026-04-12 04:00:00,9.641,9.697,9.57,9.573,4470.95
2026-04-12 05:00:00,9.57,9.726,9.497,9.719,4256.75
2026-04-12 06:00:00,9.72,9.814,9.69,9.754,4174.92
2026-04-12 07:00:00,9.759,9.909,9.718,9.781,10980.88
2026-04-12 08:00:00,9.775,9.831,9.709,9.778,3326.68
2026-04-12 09:00:00,9.778,9.782,9.62,9.712,3525.51
2026-04-12 10:00:00,9.713,9.769,9.68,9.689,5911.89
2026-04-12 11:00:00,9.692,9.799,9.686,9.788,2501.6
2026-04-12 12:00:00,9.787,9.795,9.595,9.625,4007.59
2026-04-12 13:00:00,9.626,9.694,9.626,9.646,2115.18
2026-04-12 14:00:00,9.646,9.748,9.591,9.591,2782.09
2026-04-12 15:00:00,9.593,9.642,9.545,9.576,4727.73
2026-04-12 16:00:00,9.583,9.637,9.52,9.608,3022.24
2026-04-12 17:00:00,9.608,9.656,9.567,9.576,3515.27
2026-04-12 18:00:00,9.583,9.699,9.564,9.699,2295.01
2026-04-12 19:00:00,9.695,9.874,9.655,9.874,7948.05
2026-04-12 20:00:00,9.867,10.015,9.831,9.984,7780.91
2026-04-12 21:00:00,9.983,10.035,9.89,10.001,9575.83
2026-04-12 22:00:00,10.0,10.039,9.852,9.882,5981.6
2026-04-12 23:00:00,9.883,9.922,9.791,9.799,5442.28
2026-04-13 00:00:00,9.8,9.901,9.724,9.897,4107.59
2026-04-13 01:00:00,9.898,9.936,9.677,9.738,12774.03
2026-04-13 02:00:00,9.731,9.796,9.69,9.701,3885.67
2026-04-13 03:00:00,9.705,9.849,9.705,9.815,2614.25
2026-04-13 04:00:00,9.814,9.833,9.748,9.762,2668.23
2026-04-13 05:00:00,9.766,9.888,9.744,9.853,5299.4
2026-04-13 06:00:00,9.852,9.858,9.777,9.796,2155.2
2026-04-13 07:00:00,9.795,9.985,9.773,9.945,6327.23
2026-04-13 08:00:00,9.944,9.994,9.875,9.946,6315.34
2026-04-13 09:00:00,9.948,10.277,9.943,10.104,24194.37
2026-04-13 10:00:00,10.103,10.174,9.953,10.068,8215.49
2026-04-13 11:00:00,10.068,10.148,9.943,9.963,7755.16
2026-04-13 12:00:00,9.964,9.98,9.837,9.937,5920.08
2026-04-13 13:00:00,9.936,9.941,9.768,9.82,6341.48
2026-04-13 14:00:00,9.814,9.874,9.799,9.831,3140.22
2026-04-13 15:00:00,9.831,9.832,9.706,9.75,6563.01
2026-04-13 16:00:00,9.757,10.038,9.757,9.995,8212.44
2026-04-13 17:00:00,9.99,10.07,9.979,10.035,3752.75
2026-04-13 18:00:00,10.035,10.099,10.033,10.09,2507.58
2026-04-13 19:00:00,10.093,10.25,10.073,10.118,7843.74
2026-04-13 20:00:00,10.118,10.118,9.985,9.991,3151.78
2026-04-13 21:00:00,10.0,10.032,9.915,9.923,1470.23
2026-04-13 22:00:00,9.916,10.013,9.897,10.005,3318.51
2026-04-13 23:00:00,10.005,10.017,9.766,9.766,5885.45
2026-04-14 00:00:00,9.766,9.915,9.653,9.86,9937.09
2026-04-14 01:00:00,9.861,9.927,9.807,9.823,3944.3
2026-04-14 02:00:00,9.819,9.924,9.788,9.878,4053.14
2026-04-14 03:00:00,9.877,10.091,9.846,10.039,5286.98
2026-04-14 04:00:00,10.037,10.14,10.033,10.09,4496.37
2026-04-14 05:00:00,10.096,10.152,9.933,9.991,5568.42
2026-04-14 06:00:00,9.989,10.013,9.921,10.006,3827.39
2026-04-14 07:00:00,10.003,10.096,9.968,10.038,4344.55
2026-04-14 08:00:00,10.038,10.198,10.005,10.131,10023.1
2026-04-14 09:00:00,10.134,10.371,10.134,10.26,11081.34
2026-04-14 10:00:00,10.263,10.377,10.231,10.272,4665.02
2026-04-14 11:00:00,10.271,10.37,10.242,10.26,2491.16
2026-04-14 12:00:00,10.26,10.269,10.16,10.253,2873.53
2026-04-14 13:00:00,10.24,10.251,9.996,10.029,6898.21
2026-04-14 14:00:00,10.03,10.075,9.975,10.042,3937.7
2026-04-14 15:00:00,10.038,10.143,9.99,10.126,6611.63
2026-04-14 16:00:00,10.132,10.215,10.083,10.209,6815.1
2026-04-14 17:00:00,10.209,10.325,10.096,10.121,10286.13
2026-04-14 18:00:00,10.13,10.146,10.053,10.068,4004.27
2026-04-14 19:00:00,10.067,10.139,10.019,10.108,4432.8
2026-04-14 20:00:00,10.107,10.138,10.013,10.082,2328.14
2026-04-14 21:00:00,10.077,10.105,9.985,10.012,2261.57
2026-04-14 22:00:00,10.013,10.016,9.926,10.011,4781.62
2026-04-14 23:00:00,10.01,10.041,9.948,9.965,1808.77
2026-04-15 00:00:00,9.965,10.05,9.9,10.002,4301.86
2026-04-15 01:00:00,10.002,12.0,9.986,11.659,128549.86
2026-04-15 02:00:00,11.665,12.132,11.532,11.985,78445.25
2026-04-15 03:00:00,11.99,12.55,11.894,12.052,65606.81
2026-04-15 04:00:00,12.054,12.55,11.925,12.367,39677.2
2026-04-15 05:00:00,12.365,12.5,12.088,12.134,29852.98
2026-04-15 06:00:00,12.133,12.211,11.942,12.001,20393.56
2026-04-15 07:00:00,12.001,12.144,11.711,12.097,17176.17
2026-04-15 08:00:00,12.097,12.393,11.92,12.111,33161.51
2026-04-15 09:00:00,12.112,12.19,11.891,12.044,18908.92
2026-04-15 10:00:00,12.043,12.112,11.795,12.038,21230.56
2026-04-15 11:00:00,12.041,12.173,11.92,11.997,13544.03
2026-04-15 12:00:00,11.993,12.162,11.948,12.105,11149.16
2026-04-15 13:00:00,12.101,12.183,11.972,12.071,9113.25
2026-04-15 14:00:00,12.073,12.824,11.968,12.603,31223.58
2026-04-15 15:00:00,12.611,12.636,11.939,12.137,29306.52
2026-04-15 16:00:00,12.149,12.254,11.99,12.027,12275.58
2026-04-15 17:00:00,12.018,12.194,11.986,12.119,3925.39
2026-04-15 18:00:00,12.125,12.163,12.001,12.088,4756.4
2026-04-15 19:00:00,12.088,12.252,12.073,12.179,5332.06
2026-04-15 20:00:00,12.168,12.168,12.017,12.046,4902.16
2026-04-15 21:00:00,12.045,12.116,11.971,12.1,5105.69
2026-04-15 22:00:00,12.11,12.158,11.929,12.023,10537.04
2026-04-15 23:00:00,12.025,12.111,11.949,12.038,5299.94
2026-04-16 00:00:00,12.044,12.168,12.017,12.122,4161.14
2026-04-16 01:00:00,12.123,12.164,12.001,12.023,3584.89
2026-04-16 02:00:00,12.024,12.031,11.447,11.498,19960.83
2026-04-16 03:00:00,11.498,11.966,11.468,11.533,17721.19
2026-04-16 04:00:00,11.529,11.836,11.405,11.509,25864.58
2026-04-16 05:00:00,11.504,11.6,11.288,11.544,16781.82
2026-04-16 06:00:00,11.551,11.58,11.393,11.5,13219.97
2026-04-16 07:00:00,11.499,11.658,11.499,11.526,8082.4
2026-04-16 08:00:00,11.525,11.579,11.418,11.548,7858.12
2026-04-16 09:00:00,11.55,11.641,11.506,11.61,6412.15
2026-04-16 10:00:00,11.609,11.648,11.545,11.588,5749.81
2026-04-16 11:00:00,11.587,11.599,11.449,11.461,6722.22
2026-04-16 12:00:00,11.46,11.612,11.325,11.348,12143.26
2026-04-16 13:00:00,11.336,11.434,11.232,11.41,7333.1
2026-04-16 14:00:00,11.411,11.492,11.234,11.255,6734.4
2026-04-16 15:00:00,11.247,11.257,11.038,11.158,15846.85
2026-04-16 16:00:00,11.157,11.284,11.066,11.081,7136.21
2026-04-16 17:00:00,11.081,11.149,11.02,11.062,7405.03
2026-04-16 18:00:00,11.062,11.16,10.989,11.044,9122.4
2026-04-16 19:00:00,11.044,11.109,11.03,11.043,3361.5
2026-04-16 20:00:00,11.049,11.172,11.049,11.12,9989.2
2026-04-16 21:00:00,11.12,11.149,11.046,11.053,1302.4
2026-04-16 22:00:00,11.058,11.127,11.038,11.071,3574.64
2026-04-16 23:00:00,11.071,11.157,11.056,11.066,2374.57
2026-04-17 00:00:00,11.065,11.32,11.053,11.121,8659.09
2026-04-17 01:00:00,11.126,11.276,11.101,11.227,5065.45
2026-04-17 02:00:00,11.224,11.25,11.117,11.151,1542.73
2026-04-17 03:00:00,11.152,11.78,11.152,11.72,24082.13
2026-04-17 04:00:00,11.721,11.999,11.694,11.914,17129.46
2026-04-17 05:00:00,11.916,11.96,11.5,11.536,12701.73
2026-04-17 06:00:00,11.532,11.719,11.433,11.664,6283.17
2026-04-17 07:00:00,11.665,11.899,11.643,11.851,7389.71
2026-04-17 08:00:00,11.851,11.876,11.6,11.635,8782.57
2026-04-17 09:00:00,11.637,11.85,11.634,11.838,8827.84
2026-04-17 10:00:00,11.839,12.206,11.833,12.172,15665.99
2026-04-17 11:00:00,12.165,12.251,11.931,12.066,12602.46
2026-04-17 12:00:00,12.065,12.752,12.022,12.086,27563.78
2026-04-17 13:00:00,12.077,12.426,11.93,12.118,22913.37
2026-04-17 14:00:00,12.121,12.133,11.342,11.903,32117.88
2026-04-17 15:00:00,11.904,12.039,11.8,11.941,9488.57
2026-04-17 16:00:00,11.942,12.277,11.918,12.019,10932.62
2026-04-17 17:00:00,12.016,12.263,11.904,12.155,11309.79
2026-04-17 18:00:00,12.156,12.436,12.117,12.256,8976.1
2026-04-17 19:00:00,12.257,12.26,12.074,12.146,4679.73
2026-04-17 20:00:00,12.145,12.293,12.107,12.245,6239.6
2026-04-17 21:00:00,12.246,12.298,12.167,12.217,3116.73
2026-04-17 22:00:00,12.213,12.377,12.122,12.377,4151.96
2026-04-17 23:00:00,12.376,12.491,12.353,12.388,8716.48
2026-04-18 00:00:00,12.387,12.992,12.38,12.963,35134.96
2026-04-18 01:00:00,12.964,13.7,12.721,12.88,63905.98
2026-04-18 02:00:00,12.879,12.934,12.375,12.747,15708.7
2026-04-18 03:00:00,12.749,13.501,12.705,13.156,19597.8
2026-04-18 04:00:00,13.153,13.334,13.053,13.233,8538.5
2026-04-18 05:00:00,13.248,13.552,13.247,13.394,9475.94
2026-04-18 06:00:00,13.402,13.5,13.082,13.286,10000.67
2026-04-18 07:00:00,13.282,13.328,13.133,13.282,8548.7
2026-04-18 08:00:00,13.285,14.2,13.279,13.89,75766.71
2026-04-18 09:00:00,13.9,14.7,13.864,14.55,49645.75
2026-04-18 10:00:00,14.565,14.788,13.685,13.936,71532.41
2026-04-18 11:00:00,13.937,14.18,13.698,13.823,16108.31
2026-04-18 12:00:00,13.822,14.376,13.529,14.125,27291.71
2026-04-18 13:00:00,14.124,14.631,13.753,14.118,31715.4
2026-04-18 14:00:00,14.112,14.378,13.951,14.134,13544.82
2026-04-18 15:00:00,14.141,14.388,13.845,13.924,13076.13
2026-04-18 16:00:00,13.923,14.154,13.843,14.048,10857.37
2026-04-18 17:00:00,14.032,14.246,13.845,14.113,12641.8
2026-04-18 18:00:00,14.113,14.443,14.107,14.316,13890.61
2026-04-18 19:00:00,14.311,14.639,14.179,14.609,18387.84
2026-04-18 20:00:00,14.603,14.612,14.189,14.364,14779.55
2026-04-18 21:00:00,14.365,14.491,14.133,14.468,8009.43
2026-04-18 22:00:00,14.481,14.767,14.333,14.443,15207.06
2026-04-18 23:00:00,14.442,14.565,14.217,14.465,14288.07
2026-04-19 00:00:00,14.461,14.604,14.225,14.398,14207.65
2026-04-19 01:00:00,14.399,15.03,14.398,14.844,19276.84
2026-04-19 02:00:00,14.843,14.866,14.312,14.455,17226.95
2026-04-19 03:00:00,14.456,14.617,13.736,14.151,26364.35
2026-04-19 04:00:00,14.15,14.759,14.117,14.527,19657.51
2026-04-19 05:00:00,14.525,14.828,14.032,14.589,18411.15
2026-04-19 06:00:00,14.589,15.364,14.538,14.848,34714.69
2026-04-19 07:00:00,14.849,15.5,14.837,15.066,44832.94
2026-04-19 08:00:00,15.078,15.193,14.662,15.041,27049.63
2026-04-19 09:00:00,15.039,15.172,14.635,15.03,25815.14
2026-04-19 10:00:00,15.031,15.146,14.706,14.865,17402.44
2026-04-19 11:00:00,14.855,15.38,14.548,15.363,15496.63
2026-04-19 12:00:00,15.364,15.97,15.22,15.935,42977.35
2026-04-19 13:00:00,15.921,16.0,15.631,15.772,26342.08
2026-04-19 14:00:00,15.778,16.243,15.372,15.471,44300.73
2026-04-19 15:00:00,15.474,15.901,15.474,15.824,23754.0
2026-04-19 16:00:00,15.824,15.976,15.629,15.879,15209.92
2026-04-19 17:00:00,15.884,16.0,15.601,15.751,10343.22
2026-04-19 18:00:00,15.752,15.827,15.569,15.754,12307.33
2026-04-19 19:00:00,15.758,15.934,15.69,15.838,7356.91
2026-04-19 20:00:00,15.839,15.945,15.728,15.754,5798.16
2026-04-19 21:00:00,15.754,15.767,15.463,15.553,8159.92
2026-04-19 22:00:00,15.569,15.64,15.286,15.437,14124.19
2026-04-19 23:00:00,15.436,15.462,14.836,14.986,20412.67
2026-04-20 00:00:00,14.982,15.264,14.627,14.846,28227.58
2026-04-20 01:00:00,14.845,14.935,14.444,14.564,14807.7
2026-04-20 02:00:00,14.563,14.852,14.486,14.759,8232.92
2026-04-20 03:00:00,14.772,14.955,14.453,14.593,9139.17
2026-04-20 04:00:00,14.594,14.652,14.168,14.367,19821.21
2026-04-20 05:00:00,14.367,14.853,14.337,14.717,18520.75
2026-04-20 06:00:00,14.717,14.971,14.396,14.698,17659.71
2026-04-20 07:00:00,14.685,14.938,14.614,14.768,11007.47
2026-04-20 08:00:00,14.769,15.207,14.679,15.153,13993.06
2026-04-20 09:00:00,15.153,15.298,14.921,15.053,7702.5
2026-04-20 10:00:00,15.06,15.222,14.914,14.949,11332.58
2026-04-20 11:00:00,14.941,15.928,14.424,14.87,61793.6
2026-04-20 12:00:00,14.871,15.363,14.731,14.9,10954.0
2026-04-20 13:00:00,14.891,15.015,13.849,14.039,24212.15
2026-04-20 14:00:00,14.04,14.387,13.881,14.301,15142.46
2026-04-20 15:00:00,14.299,14.377,14.095,14.12,4494.52
2026-04-20 16:00:00,14.118,14.551,13.466,13.996,50747.7
2026-04-20 17:00:00,14.001,14.5,13.883,14.221,11686.86
2026-04-20 18:00:00,14.222,14.35,14.065,14.148,6473.7
2026-04-20 19:00:00,14.138,14.235,14.057,14.199,4365.5
2026-04-20 20:00:00,14.201,14.208,13.787,13.892,11106.37
2026-04-20 21:00:00,13.904,14.08,13.851,14.075,5001.79
2026-04-20 22:00:00,14.077,14.152,13.886,13.954,4870.04
2026-04-20 23:00:00,13.957,14.228,13.909,14.145,3758.56
2026-04-21 00:00:00,14.157,14.897,14.141,14.417,23731.83
2026-04-21 01:00:00,14.41,14.544,14.214,14.244,7090.68
2026-04-21 02:00:00,14.244,14.655,14.222,14.581,5728.91
2026-04-21 03:00:00,14.584,14.685,14.086,14.327,7829.59
2026-04-21 04:00:00,14.327,14.55,14.247,14.367,3993.96
2026-04-21 05:00:00,14.377,14.536,14.155,14.192,4018.35
2026-04-21 06:00:00,14.179,14.242,13.967,14.224,6245.02
2026-04-21 07:00:00,14.238,14.436,14.182,14.412,3858.3
2026-04-21 08:00:00,14.418,14.486,14.2,14.341,4211.47
2026-04-21 09:00:00,14.333,14.35,14.226,14.318,2541.72
2026-04-21 10:00:00,14.317,14.329,14.1,14.108,4026.29
2026-04-21 11:00:00,14.107,14.223,13.961,14.01,6397.36
2026-04-21 12:00:00,14.013,14.177,12.8,12.931,70974.26
2026-04-21 13:00:00,12.931,13.397,12.041,12.132,53988.97
2026-04-21 14:00:00,12.13,12.993,11.724,12.573,96215.88
2026-04-21 15:00:00,12.586,13.11,12.2,12.213,41076.28
2026-04-21 16:00:00,12.208,12.535,11.694,12.31,36328.33
2026-04-21 17:00:00,12.308,12.634,12.308,12.417,15574.19
2026-04-21 18:00:00,12.416,12.624,12.383,12.554,6126.72
2026-04-21 19:00:00,12.561,12.652,12.34,12.37,8159.07
2026-04-21 20:00:00,12.359,12.406,11.993,12.1,10399.78
2026-04-21 21:00:00,12.101,13.2,12.087,13.105,15683.24
2026-04-21 22:00:00,13.106,13.237,12.5,12.645,12398.1
2026-04-21 23:00:00,12.647,12.743,12.463,12.494,6766.61
2026-04-22 00:00:00,12.487,12.849,12.457,12.842,6323.31
2026-04-22 01:00:00,12.842,12.928,12.599,12.714,5676.06
2026-04-22 02:00:00,12.713,13.285,12.673,12.846,11475.82
2026-04-22 03:00:00,12.847,12.881,12.679,12.743,6251.7
2026-04-22 04:00:00,12.756,12.815,12.612,12.688,4227.0
2026-04-22 05:00:00,12.689,13.185,12.689,13.066,10835.77
2026-04-22 06:00:00,13.066,13.616,12.999,13.379,13679.0
2026-04-22 07:00:00,13.397,13.485,13.145,13.363,9132.9
2026-04-22 08:00:00,13.355,13.356,12.5,12.521,17964.03
2026-04-22 09:00:00,12.523,12.606,12.0,12.212,14830.53
2026-04-22 10:00:00,12.214,12.255,11.95,12.073,19977.67
2026-04-22 11:00:00,12.073,12.343,11.867,11.908,18148.85
2026-04-22 12:00:00,11.909,12.73,11.832,12.194,32916.48
2026-04-22 13:00:00,12.195,12.435,11.324,11.422,46810.32
2026-04-22 14:00:00,11.428,12.172,11.159,12.02,48100.03
2026-04-22 15:00:00,12.019,12.139,11.986,12.101,8401.95
2026-04-22 16:00:00,12.106,12.5,11.96,12.375,21974.12
2026-04-22 17:00:00,12.374,12.425,12.114,12.183,8187.19
2026-04-22 18:00:00,12.18,12.352,12.077,12.322,7072.68
2026-04-22 19:00:00,12.318,12.33,12.105,12.202,5793.48
2026-04-22 20:00:00,12.201,12.226,12.116,12.178,3260.46
2026-04-22 21:00:00,12.177,12.247,12.047,12.097,4488.96
2026-04-22 22:00:00,12.09,12.168,11.969,12.152,4810.65
2026-04-22 23:00:00,12.151,12.173,11.927,12.0,6672.54
2026-04-23 00:00:00,12.0,12.118,11.865,11.893,15038.41
2026-04-23 01:00:00,11.903,12.285,11.742,12.186,11577.3
2026-04-23 02:00:00,12.185,12.374,12.141,12.356,8403.05
2026-04-23 03:00:00,12.356,12.593,12.316,12.535,14585.38
2026-04-23 04:00:00,12.532,12.754,12.422,12.632,14575.38
2026-04-23 05:00:00,12.633,12.673,12.378,12.428,7239.69
2026-04-23 06:00:00,12.426,12.502,12.345,12.466,3976.55
2026-04-23 07:00:00,12.461,12.54,12.236,12.518,8548.17
2026-04-23 08:00:00,12.516,12.7,12.488,12.608,5194.23
2026-04-23 09:00:00,12.605,12.646,12.442,12.452,4173.31
2026-04-23 10:00:00,12.441,12.494,12.325,12.42,5311.33
2026-04-23 11:00:00,12.421,13.055,12.41,12.999,40481.64
2026-04-23 12:00:00,12.998,14.095,12.938,13.986,191610.17
2026-04-23 13:00:00,13.995,15.21,13.386,14.996,451104.02
2026-04-23 14:00:00,14.992,14.993,12.1,12.702,220929.69
2026-04-23 15:00:00,12.701,12.746,11.8,12.572,51665.54
2026-04-23 16:00:00,12.569,12.823,12.087,12.621,43091.53
2026-04-23 17:00:00,12.622,12.838,12.41,12.555,17313.11
2026-04-23 18:00:00,12.535,12.651,12.489,12.548,9047.3
2026-04-23 19:00:00,12.558,12.68,12.512,12.639,5473.52
2026-04-23 20:00:00,12.645,12.65,12.493,12.52,5444.9
2026-04-23 21:00:00,12.52,12.632,12.451,12.512,4515.94
2026-04-23 22:00:00,12.503,12.896,12.502,12.767,9722.06
2026-04-23 23:00:00,12.764,13.083,12.753,12.887,19715.11
2026-04-24 00:00:00,12.888,13.075,12.349,12.442,24942.0
2026-04-24 01:00:00,12.443,12.613,12.439,12.524,9605.15
2026-04-24 02:00:00,12.522,12.544,12.109,12.303,22361.53
2026-04-24 03:00:00,12.313,12.455,12.265,12.376,5512.04
2026-04-24 04:00:00,12.375,12.567,12.26,12.467,7521.75
2026-04-24 05:00:00,12.466,13.332,12.421,13.001,33122.9
2026-04-24 06:00:00,13.001,13.161,12.55,13.04,33419.2
2026-04-24 07:00:00,13.028,13.182,12.803,12.861,16124.13
2026-04-24 08:00:00,12.862,13.3,12.8,13.144,15103.16
2026-04-24 09:00:00,13.149,13.31,13.037,13.123,13989.0
2026-04-24 10:00:00,13.124,13.159,12.86,13.105,8675.68
2026-04-24 11:00:00,13.105,13.501,12.8,13.074,25032.11
2026-04-24 12:00:00,13.07,13.071,12.416,12.588,22670.61
2026-04-24 13:00:00,12.587,12.701,12.456,12.63,12257.19
2026-04-24 14:00:00,12.634,12.77,12.613,12.615,6002.14
2026-04-24 15:00:00,12.624,13.292,12.552,13.274,13332.55
2026-04-24 16:00:00,13.273,13.412,12.97,13.027,23566.36
2026-04-24 17:00:00,13.026,13.86,13.006,13.386,18808.39
2026-04-24 18:00:00,13.379,13.566,13.255,13.411,14832.97
2026-04-24 19:00:00,13.412,13.548,13.317,13.519,5463.79
2026-04-24 20:00:00,13.52,13.555,13.407,13.407,4049.03
2026-04-24 21:00:00,13.41,13.41,13.137,13.17,10414.26
2026-04-24 22:00:00,13.169,13.17,12.773,13.003,32726.0
2026-04-24 23:00:00,13.008,13.124,12.941,13.009,9000.71
2026-04-25 00:00:00,13.008,13.101,12.845,12.946,4277.95
2026-04-25 01:00:00,12.944,12.978,12.809,12.879,3872.41
2026-04-25 02:00:00,12.878,12.911,12.741,12.795,5867.98
2026-04-25 03:00:00,12.795,12.946,12.783,12.935,2462.83
2026-04-25 04:00:00,12.931,13.21,12.886,13.187,5089.21
2026-04-25 05:00:00,13.18,13.472,13.141,13.439,17910.53
2026-04-25 06:00:00,13.459,13.556,13.251,13.332,22260.52
2026-04-25 07:00:00,13.331,13.603,13.299,13.508,14148.41
2026-04-25 08:00:00,13.503,13.679,13.375,13.653,13631.96
2026-04-25 09:00:00,13.652,13.68,13.571,13.624,7431.93
2026-04-25 10:00:00,13.622,13.673,13.475,13.499,6381.34
2026-04-25 11:00:00,13.51,13.817,13.495,13.636,14096.58
2026-04-25 12:00:00,13.636,13.65,13.34,13.529,10235.97
2026-04-25 13:00:00,13.529,13.669,13.419,13.618,3787.7
2026-04-25 14:00:00,13.618,13.718,13.465,13.526,5771.36
2026-04-25 15:00:00,13.523,13.563,13.37,13.497,9627.51
2026-04-25 16:00:00,13.5,13.742,13.444,13.564,13363.92
2026-04-25 17:00:00,13.575,13.641,13.476,13.508,2673.5
2026-04-25 18:00:00,13.494,13.693,13.494,13.688,1509.88
2026-04-25 19:00:00,13.675,13.703,13.556,13.703,3088.64
2026-04-25 20:00:00,13.706,13.95,13.634,13.856,7000.79
2026-04-25 21:00:00,13.857,13.862,13.6,13.849,5661.34
2026-04-25 22:00:00,13.82,13.934,13.757,13.864,2289.03
2026-04-25 23:00:00,13.87,13.926,13.738,13.748,2661.75
2026-04-26 00:00:00,13.735,13.923,13.568,13.612,5799.3
2026-04-26 01:00:00,13.6,13.859,13.557,13.802,11772.33
2026-04-26 02:00:00,13.802,14.02,13.769,13.802,9313.83
2026-04-26 03:00:00,13.786,13.929,13.56,13.609,10602.57
2026-04-26 04:00:00,13.61,13.731,13.395,13.487,6915.64
2026-04-26 05:00:00,13.477,13.663,13.473,13.636,6657.2
2026-04-26 06:00:00,13.64,13.837,13.623,13.837,6362.4
2026-04-26 07:00:00,13.844,13.933,13.712,13.847,9156.19
2026-04-26 08:00:00,13.838,14.108,13.805,13.958,12219.91
2026-04-26 09:00:00,13.951,13.979,13.731,13.845,8870.96
2026-04-26 10:00:00,13.855,13.972,13.79,13.903,2515.72
2026-04-26 11:00:00,13.886,13.907,13.798,13.83,1170.17
2026-04-26 12:00:00,13.824,14.008,13.823,13.936,2802.71
2026-04-26 13:00:00,13.936,14.021,13.904,13.908,5524.35
2026-04-26 14:00:00,13.935,13.935,13.759,13.77,5034.66
2026-04-26 15:00:00,13.771,14.048,13.764,13.94,8533.54
2026-04-26 16:00:00,13.964,14.095,13.9,13.957,3870.66
2026-04-26 17:00:00,13.961,14.19,13.946,13.954,7322.76
2026-04-26 18:00:00,13.953,14.049,13.922,13.934,1899.85
2026-04-26 19:00:00,13.959,13.96,13.8,13.84,3426.65
2026-04-26 20:00:00,13.838,13.882,13.719,13.745,6648.02
2026-04-26 21:00:00,13.745,13.913,13.65,13.854,4697.0
2026-04-26 22:00:00,13.844,13.875,13.72,13.753,1283.24
2026-04-26 23:00:00,13.753,13.856,13.736,13.753,1712.41
2026-04-27 00:00:00,13.743,14.01,13.73,13.905,6369.2
2026-04-27 01:00:00,13.905,14.15,13.884,13.884,10315.74
2026-04-27 02:00:00,13.886,14.185,13.821,14.024,13276.82
2026-04-27 03:00:00,14.021,14.158,13.934,13.962,11085.96
2026-04-27 04:00:00,13.956,14.19,13.956,14.04,11987.49
2026-04-27 05:00:00,14.016,14.3,13.862,13.967,17631.45
2026-04-27 06:00:00,13.968,14.249,13.954,14.102,14065.6
2026-04-27 07:00:00,14.118,14.271,14.094,14.19,2875.86
2026-04-27 08:00:00,14.185,14.5,14.18,14.434,11070.24
2026-04-27 09:00:00,14.457,14.5,14.141,14.303,7161.33
2026-04-27 10:00:00,14.32,14.36,14.021,14.153,7643.43
2026-04-27 11:00:00,14.158,14.53,14.103,14.377,6290.19
2026-04-27 12:00:00,14.375,14.776,14.308,14.724,15854.19
2026-04-27 13:00:00,14.724,14.824,14.434,14.62,8040.98
2026-04-27 14:00:00,14.611,14.86,14.506,14.52,21271.13
2026-04-27 15:00:00,14.528,14.587,14.278,14.455,13564.71
2026-04-27 16:00:00,14.436,14.436,14.119,14.297,7206.99
2026-04-27 17:00:00,14.297,14.462,14.255,14.316,5037.99
2026-04-27 18:00:00,14.321,14.374,14.171,14.355,4039.01
2026-04-27 19:00:00,14.363,14.381,14.175,14.345,6174.95
2026-04-27 20:00:00,14.358,14.358,14.162,14.228,3745.81
2026-04-27 21:00:00,14.231,14.315,14.207,14.246,2277.71
2026-04-27 22:00:00,14.285,14.341,14.262,14.274,745.61
2026-04-27 23:00:00,14.275,14.358,14.263,14.292,2899.95
2026-04-28 00:00:00,14.292,14.521,14.212,14.273,8380.67
2026-04-28 01:00:00,14.273,14.33,14.141,14.25,7118.23
2026-04-28 02:00:00,14.25,14.496,14.217,14.421,6312.45
2026-04-28 03:00:00,14.419,14.534,14.361,14.403,3316.05
2026-04-28 04:00:00,14.408,14.51,14.303,14.371,6643.48
2026-04-28 05:00:00,14.371,14.514,14.32,14.418,10524.63
2026-04-28 06:00:00,14.428,14.533,14.383,14.472,4323.79
2026-04-28 07:00:00,14.473,14.703,14.403,14.64,10063.48
2026-04-28 08:00:00,14.64,14.992,14.638,14.739,18867.63
2026-04-28 09:00:00,14.74,15.222,14.722,15.059,32123.14
2026-04-28 10:00:00,15.068,15.163,14.731,15.134,34134.67
2026-04-28 11:00:00,15.135,15.565,15.075,15.37,32690.93
2026-04-28 12:00:00,15.374,15.397,14.583,14.649,43910.27
2026-04-28 13:00:00,14.652,14.715,14.027,14.26,43785.51
2026-04-28 14:00:00,14.259,14.417,13.448,13.923,43764.09
2026-04-28 15:00:00,13.91,13.928,13.2,13.246,36406.9
2026-04-28 16:00:00,13.252,14.388,13.086,13.596,46237.47
2026-04-28 17:00:00,13.593,13.757,13.268,13.357,11912.19
2026-04-28 18:00:00,13.358,13.478,13.251,13.462,6864.69
2026-04-28 19:00:00,13.463,13.473,13.158,13.32,10035.04
2026-04-28 20:00:00,13.32,13.417,12.778,12.977,27105.97
2026-04-28 21:00:00,12.976,13.151,12.896,13.067,7809.69
2026-04-28 22:00:00,13.059,13.162,12.91,13.0,9769.37
2026-04-28 23:00:00,12.984,13.225,12.469,12.534,29131.92
2026-04-29 00:00:00,12.535,12.939,12.45,12.648,15180.99
2026-04-29 01:00:00,12.648,12.965,12.432,12.936,15946.33
2026-04-29 02:00:00,12.948,12.984,12.299,12.403,13983.66
2026-04-29 03:00:00,12.403,13.059,12.381,12.553,19371.99
2026-04-29 04:00:00,12.553,12.696,12.389,12.622,19295.12
2026-04-29 05:00:00,12.615,12.758,12.445,12.731,8413.35
2026-04-29 06:00:00,12.724,12.854,12.489,12.504,8420.93
2026-04-29 07:00:00,12.501,12.643,12.346,12.582,9830.01
2026-04-29 08:00:00,12.586,12.634,12.453,12.567,3320.88
2026-04-29 09:00:00,12.57,12.585,12.17,12.188,11664.73
2026-04-29 10:00:00,12.181,12.444,12.087,12.271,10139.79
2026-04-29 11:00:00,12.271,12.46,12.119,12.153,13850.99
2026-04-29 12:00:00,12.154,12.276,11.77,12.076,36852.24
2026-04-29 13:00:00,12.073,12.189,11.743,11.77,14177.66
2026-04-29 14:00:00,11.769,12.142,11.635,11.863,23767.08
2026-04-29 15:00:00,11.855,12.61,11.804,12.059,21258.81
2026-04-29 16:00:00,12.06,12.224,11.831,11.995,9631.05
2026-04-29 17:00:00,11.999,12.385,11.941,12.194,11784.46
2026-04-29 18:00:00,12.196,12.334,12.143,12.196,8769.6
2026-04-29 19:00:00,12.192,12.335,12.159,12.286,4896.07
2026-04-29 20:00:00,12.291,12.404,12.125,12.196,8915.08
2026-04-29 21:00:00,12.195,12.359,12.124,12.283,4477.95
2026-04-29 22:00:00,12.285,12.5,12.28,12.349,4463.33
2026-04-29 23:00:00,12.349,12.464,12.328,12.413,3930.38
2026-04-30 00:00:00,12.41,12.445,12.1,12.163,7064.01
2026-04-30 01:00:00,12.164,12.164,11.926,11.948,5893.77
2026-04-30 02:00:00,11.946,12.191,11.931,12.061,4869.24
2026-04-30 03:00:00,12.064,12.066,11.859,11.904,6257.66
2026-04-30 04:00:00,11.899,12.157,11.854,12.041,4443.38
2026-04-30 05:00:00,12.048,12.067,11.85,11.864,2931.86
2026-04-30 06:00:00,11.865,11.886,11.638,11.704,7639.11
2026-04-30 07:00:00,11.703,11.827,11.633,11.742,7157.34
2026-04-30 08:00:00,11.742,11.762,11.177,11.206,18596.14
2026-04-30 09:00:00,11.191,11.858,11.0,11.188,20196.85
2026-04-30 10:00:00,11.189,11.445,11.163,11.385,7231.72
2026-04-30 11:00:00,11.391,11.416,11.153,11.171,4919.55
2026-04-30 12:00:00,11.171,11.393,11.045,11.213,13906.25
2026-04-30 13:00:00,11.216,11.241,11.049,11.164,6312.16
2026-04-30 14:00:00,11.159,11.271,11.069,11.246,4740.34
2026-04-30 15:00:00,11.249,12.46,11.212,11.514,50037.65
2026-04-30 16:00:00,11.52,11.725,11.458,11.718,9174.56
2026-04-30 17:00:00,11.721,11.74,11.42,11.501,10773.02
2026-04-30 18:00:00,11.501,11.595,11.498,11.524,2969.67
2026-04-30 19:00:00,11.525,11.544,11.323,11.374,5387.84
2026-04-30 20:00:00,11.373,11.519,11.324,11.417,5405.96
2026-04-30 21:00:00,11.419,11.498,11.3,11.345,3925.59
2026-04-30 22:00:00,11.345,11.574,11.298,11.492,10150.63
2026-04-30 23:00:00,11.486,11.486,11.263,11.269,3462.09
2026-05-01 00:00:00,11.267,11.517,11.263,11.5,9198.21
2026-05-01 01:00:00,11.504,11.62,11.456,11.504,4527.98
2026-05-01 02:00:00,11.503,11.503,11.275,11.301,4466.6
2026-05-01 03:00:00,11.299,11.462,11.29,11.384,4447.37
2026-05-01 04:00:00,11.384,11.434,11.309,11.36,2881.08
2026-05-01 05:00:00,11.359,11.403,11.31,11.32,1580.61
2026-05-01 06:00:00,11.327,11.54,11.313,11.531,4380.88
2026-05-01 07:00:00,11.528,11.571,11.422,11.458,3425.41
2026-05-01 08:00:00,11.458,11.476,11.402,11.404,2796.45
2026-05-01 09:00:00,11.404,11.419,11.304,11.323,2949.69
2026-05-01 10:00:00,11.33,11.361,11.256,11.358,3189.41
2026-05-01 11:00:00,11.357,11.372,11.243,11.254,5588.05
2026-05-01 12:00:00,11.253,11.266,11.0,11.131,24674.39
2026-05-01 13:00:00,11.136,11.184,10.831,10.93,18918.84
2026-05-01 14:00:00,10.931,10.975,10.711,10.77,10095.26
2026-05-01 15:00:00,10.777,10.786,10.696,10.721,9276.27
2026-05-01 16:00:00,10.721,10.754,10.534,10.552,12986.63
2026-05-01 17:00:00,10.545,10.624,10.5,10.599,9225.09
2026-05-01 18:00:00,10.591,10.803,10.59,10.634,8387.18
2026-05-01 19:00:00,10.634,10.983,10.596,10.959,12277.23
2026-05-01 20:00:00,10.965,11.01,10.701,10.751,22418.87
2026-05-01 21:00:00,10.749,10.778,10.671,10.671,3010.27
2026-05-01 22:00:00,10.672,10.739,10.654,10.719,2625.18
2026-05-01 23:00:00,10.725,10.742,10.627,10.701,3880.28
2026-05-02 00:00:00,10.703,10.914,10.601,10.799,8074.24
2026-05-02 01:00:00,10.799,10.85,10.708,10.748,5593.94
2026-05-02 02:00:00,10.749,10.796,10.632,10.696,4121.32
2026-05-02 03:00:00,10.701,10.716,10.601,10.634,4090.35
2026-05-02 04:00:00,10.634,10.718,10.617,10.688,2937.42
2026-05-02 05:00:00,10.687,10.798,10.627,10.705,7225.6
2026-05-02 06:00:00,10.698,10.794,10.682,10.713,3719.31
2026-05-02 07:00:00,10.704,10.899,10.703,10.802,4168.37
2026-05-02 08:00:00,10.794,10.859,10.649,10.722,2405.48
2026-05-02 09:00:00,10.736,10.785,10.683,10.773,2630.81
2026-05-02 10:00:00,10.774,10.807,10.664,10.717,3261.82
2026-05-02 11:00:00,10.705,10.875,10.644,10.794,5796.41
2026-05-02 12:00:00,10.811,10.84,10.675,10.709,3472.19
2026-05-02 13:00:00,10.697,10.722,10.602,10.637,3788.92
2026-05-02 14:00:00,10.642,10.692,10.563,10.564,3020.43
2026-05-02 15:00:00,10.564,10.616,10.478,10.496,4109.42
2026-05-02 16:00:00,10.49,10.589,10.451,10.512,4182.5
2026-05-02 17:00:00,10.515,10.515,10.4,10.421,3791.41
2026-05-02 18:00:00,10.43,10.461,10.198,10.245,9785.74
2026-05-02 19:00:00,10.238,10.325,10.232,10.304,3190.13
2026-05-02 20:00:00,10.3,10.405,10.3,10.378,4029.22
2026-05-02 21:00:00,10.377,10.52,10.327,10.482,3909.64
2026-05-02 22:00:00,10.482,10.482,10.333,10.375,1344.22
2026-05-02 23:00:00,10.385,10.413,10.327,10.357,1248.82
2026-05-03 00:00:00,10.34,10.396,10.234,10.276,4341.42
2026-05-03 01:00:00,10.263,10.376,10.185,10.328,5104.71
2026-05-03 02:00:00,10.316,10.427,10.168,10.224,6727.83
2026-05-03 03:00:00,10.228,10.287,10.191,10.216,2129.47
2026-05-03 04:00:00,10.213,10.274,10.173,10.18,2357.46
2026-05-03 05:00:00,10.176,10.203,10.15,10.18,756.67
2026-05-03 06:00:00,10.199,10.289,10.159,10.193,1778.35
2026-05-03 07:00:00,10.213,10.228,10.164,10.188,1603.56
2026-05-03 08:00:00,10.177,10.293,10.176,10.201,3364.91
2026-05-03 09:00:00,10.2,10.264,10.175,10.254,2583.24
2026-05-03 10:00:00,10.253,10.268,10.152,10.265,2504.76
2026-05-03 11:00:00,10.279,10.279,10.182,10.235,2026.31
2026-05-03 12:00:00,10.229,10.279,10.187,10.24,4015.55
2026-05-03 13:00:00,10.222,10.426,10.21,10.327,5638.55
2026-05-03 14:00:00,10.329,10.43,10.274,10.321,7752.94
2026-05-03 15:00:00,10.327,10.415,10.288,10.39,3954.62
2026-05-03 16:00:00,10.396,10.444,10.307,10.36,3435.54
2026-05-03 17:00:00,10.368,10.385,10.212,10.239,2880.53
2026-05-03 18:00:00,10.251,10.28,10.2,10.256,1752.03
2026-05-03 19:00:00,10.259,10.288,10.196,10.224,1270.16
2026-05-03 20:00:00,10.217,10.248,10.18,10.22,2610.42
2026-05-03 21:00:00,10.222,10.279,10.187,10.27,2409.56
2026-05-03 22:00:00,10.268,10.311,10.224,10.234,1470.86
2026-05-03 23:00:00,10.245,10.353,10.224,10.24,5031.62
2026-05-04 00:00:00,10.245,10.381,10.212,10.345,4054.32
2026-05-04 01:00:00,10.35,10.4,10.287,10.299,4599.16
2026-05-04 02:00:00,10.31,10.336,10.18,10.232,3703.49
2026-05-04 03:00:00,10.232,10.249,10.157,10.22,3505.69
2026-05-04 04:00:00,10.22,10.257,10.182,10.193,2162.0
2026-05-04 05:00:00,10.193,10.197,10.012,10.059,8811.55
2026-05-04 06:00:00,10.058,10.066,9.93,9.982,12552.53
2026-05-04 07:00:00,9.984,10.002,9.819,9.891,6931.54
2026-05-04 08:00:00,9.89,10.228,9.884,10.114,12557.96
2026-05-04 09:00:00,10.128,10.582,10.084,10.582,11725.56
2026-05-04 10:00:00,10.571,10.746,10.392,10.515,27352.97
2026-05-04 11:00:00,10.513,10.582,10.408,10.457,4993.37
2026-05-04 12:00:00,10.459,10.478,10.301,10.332,4067.41
2026-05-04 13:00:00,10.331,10.585,10.319,10.499,5502.19
2026-05-04 14:00:00,10.498,10.777,10.491,10.723,5828.55
2026-05-04 15:00:00,10.723,10.848,10.611,10.656,10516.85
2026-05-04 16:00:00,10.655,10.774,10.591,10.621,6259.26
2026-05-04 17:00:00,10.628,10.653,10.491,10.574,5713.32
2026-05-04 18:00:00,10.575,10.588,10.518,10.53,1749.97
2026-05-04 19:00:00,10.528,10.528,10.405,10.429,3214.51
2026-05-04 20:00:00,10.428,10.476,10.415,10.46,2461.6
2026-05-04 21:00:00,10.457,10.498,10.426,10.444,1122.49
2026-05-04 22:00:00,10.444,10.484,10.391,10.448,1463.42
2026-05-04 23:00:00,10.443,10.588,10.435,10.574,4653.1
2026-05-05 00:00:00,10.581,10.64,10.357,10.373,7906.27
2026-05-05 01:00:00,10.392,10.427,10.326,10.334,1907.5
2026-05-05 02:00:00,10.332,10.375,10.248,10.278,1921.82
2026-05-05 03:00:00,10.282,10.312,10.23,10.262,1808.3
2026-05-05 04:00:00,10.255,10.261,10.199,10.242,1891.13
2026-05-05 05:00:00,10.238,10.362,10.224,10.303,2689.98
2026-05-05 06:00:00,10.297,10.298,10.142,10.193,3120.96
2026-05-05 07:00:00,10.192,10.205,10.056,10.181,4302.58
2026-05-05 08:00:00,10.181,10.274,10.123,10.27,6455.87
2026-05-05 09:00:00,10.257,10.468,10.256,10.377,6314.5
2026-05-05 10:00:00,10.377,10.48,10.347,10.382,4659.05
2026-05-05 11:00:00,10.35,10.36,10.261,10.332,3821.31
2026-05-05 12:00:00,10.335,10.341,10.251,10.338,2912.77
2026-05-05 13:00:00,10.348,10.588,10.271,10.57,6993.23
2026-05-05 14:00:00,10.57,10.795,10.504,10.757,8689.96
2026-05-05 15:00:00,10.729,10.875,10.643,10.8,9422.45
2026-05-05 16:00:00,10.789,11.1,10.722,10.964,11313.93
2026-05-05 17:00:00,10.959,10.959,10.774,10.811,5480.87
2026-05-05 18:00:00,10.81,11.03,10.802,11.002,3002.13
2026-05-05 19:00:00,10.985,11.116,10.79,10.847,7764.52
2026-05-05 20:00:00,10.861,10.927,10.74,10.788,4438.01
2026-05-05 21:00:00,10.795,10.826,10.729,10.738,2219.61
2026-05-05 22:00:00,10.736,10.787,10.681,10.738,3726.93
2026-05-05 23:00:00,10.739,10.897,10.711,10.889,4154.08
2026-05-06 00:00:00,10.898,11.165,10.877,11.102,8895.12
2026-05-06 01:00:00,11.103,11.111,10.886,10.899,6264.81
2026-05-06 02:00:00,10.9,10.903,10.764,10.812,2478.83
2026-05-06 03:00:00,10.813,10.943,10.803,10.943,3730.96
2026-05-06 04:00:00,10.942,11.005,10.816,10.991,4584.07
2026-05-06 05:00:00,10.999,11.142,10.931,11.024,7535.22
2026-05-06 06:00:00,11.023,11.095,10.92,11.011,4443.73
2026-05-06 07:00:00,11.003,11.099,10.819,10.846,5356.01
2026-05-06 08:00:00,10.846,10.935,10.733,10.847,9663.45
2026-05-06 09:00:00,10.842,11.046,10.766,10.992,10364.86
2026-05-06 10:00:00,10.982,11.175,10.907,11.036,11629.29
2026-05-06 11:00:00,11.031,11.309,11.016,11.283,10419.0
2026-05-06 12:00:00,11.283,11.284,11.087,11.239,5696.26
2026-05-06 13:00:00,11.24,11.63,11.168,11.615,24994.9
2026-05-06 14:00:00,11.614,11.65,11.409,11.587,23221.36
2026-05-06 15:00:00,11.585,11.847,11.53,11.814,9169.53
2026-05-06 16:00:00,11.814,12.097,11.741,11.809,19696.14
2026-05-06 17:00:00,11.813,11.878,11.72,11.798,6258.66
2026-05-06 18:00:00,11.805,11.922,11.771,11.874,4192.66
2026-05-06 19:00:00,11.88,11.917,11.357,11.512,14079.17
2026-05-06 20:00:00,11.512,11.549,11.392,11.439,5081.84
2026-05-06 21:00:00,11.429,11.542,11.414,11.478,2896.29
2026-05-06 22:00:00,11.479,11.493,11.273,11.277,4120.82
2026-05-06 23:00:00,11.277,11.597,11.232,11.543,8151.05
2026-05-07 00:00:00,11.543,11.783,11.522,11.554,5150.6
2026-05-07 01:00:00,11.554,11.554,11.273,11.332,5124.27
2026-05-07 02:00:00,11.327,11.611,11.312,11.534,9508.58
2026-05-07 03:00:00,11.529,11.56,11.33,11.353,3607.82
2026-05-07 04:00:00,11.352,11.484,11.305,11.418,3738.85
2026-05-07 05:00:00,11.417,11.481,11.38,11.414,1978.84
2026-05-07 06:00:00,11.41,11.459,11.368,11.368,4207.74
2026-05-07 07:00:00,11.367,11.376,11.202,11.294,2799.28
2026-05-07 08:00:00,11.294,11.549,11.278,11.383,8589.73
2026-05-07 09:00:00,11.378,11.933,10.758,11.757,29813.11
2026-05-07 10:00:00,11.748,11.889,11.613,11.788,7603.93
2026-05-07 11:00:00,11.794,11.845,11.591,11.591,5745.89
2026-05-07 12:00:00,11.6,11.731,11.457,11.731,7455.4
2026-05-07 13:00:00,11.714,11.767,11.492,11.574,12073.75
2026-05-07 14:00:00,11.573,12.089,11.307,11.937,43603.89
2026-05-07 15:00:00,11.936,12.172,11.804,11.987,10109.06
2026-05-07 16:00:00,11.991,12.1,11.952,12.05,4140.41
2026-05-07 17:00:00,12.053,12.1,11.917,12.018,6839.77
2026-05-07 18:00:00,12.013,12.048,11.951,11.989,6110.14
2026-05-07 19:00:00,11.987,12.241,11.96,12.185,6739.19
2026-05-07 20:00:00,12.182,12.383,12.17,12.207,7052.88
2026-05-07 21:00:00,12.213,12.4,12.165,12.208,3504.05
2026-05-07 22:00:00,12.207,12.256,12.139,12.154,2749.67
2026-05-07 23:00:00,12.154,12.184,11.99,12.163,2615.6
2026-05-08 00:00:00,12.169,12.284,12.125,12.196,2059.63
2026-05-08 01:00:00,12.195,12.358,12.174,12.329,2113.09
2026-05-08 02:00:00,12.339,12.348,12.147,12.243,2757.53
2026-05-08 03:00:00,12.23,12.303,12.202,12.258,5169.15
2026-05-08 04:00:00,12.257,12.257,12.081,12.106,3995.38
2026-05-08 05:00:00,12.106,12.174,11.993,12.094,4923.57
2026-05-08 06:00:00,12.1,12.203,11.962,12.048,5143.86
2026-05-08 07:00:00,12.048,12.186,12.017,12.145,9573.67
2026-05-08 08:00:00,12.151,12.224,12.046,12.121,12414.93
2026-05-08 09:00:00,12.115,12.128,11.882,11.89,6129.32
2026-05-08 10:00:00,11.881,11.921,11.701,11.763,5874.39
2026-05-08 11:00:00,11.763,11.885,11.763,11.812,6545.95
2026-05-08 12:00:00,11.812,11.818,11.595,11.655,9066.72
2026-05-08 13:00:00,11.666,11.847,11.513,11.812,14677.99
2026-05-08 14:00:00,11.816,11.848,11.511,11.602,7396.59
2026-05-08 15:00:00,11.6,11.627,11.236,11.52,16527.75
2026-05-08 16:00:00,11.512,11.882,11.494,11.864,12816.54
2026-05-08 17:00:00,11.865,11.948,11.824,11.899,4032.13
2026-05-08 18:00:00,11.899,11.985,11.877,11.947,2735.37
2026-05-08 19:00:00,11.947,12.01,11.912,11.966,4698.66
2026-05-08 20:00:00,11.966,12.021,11.949,11.997,2199.96
2026-05-08 21:00:00,11.997,11.998,11.87,11.889,1413.11
2026-05-08 22:00:00,11.889,11.957,11.889,11.939,632.05
2026-05-08 23:00:00,11.94,12.014,11.844,11.883,2488.43
2026-05-09 00:00:00,11.883,12.044,11.81,12.026,3916.04
2026-05-09 01:00:00,12.033,12.046,11.895,11.933,2032.1
2026-05-09 02:00:00,11.944,12.242,11.944,12.047,6441.6
2026-05-09 03:00:00,12.046,12.11,11.923,12.071,4313.26
2026-05-09 04:00:00,12.072,12.138,12.035,12.109,2596.4
2026-05-09 05:00:00,12.109,12.247,12.076,12.08,4063.41
2026-05-09 06:00:00,12.079,12.127,11.99,12.031,1591.6
2026-05-09 07:00:00,12.025,12.043,11.95,11.95,1427.26
2026-05-09 08:00:00,11.95,11.998,11.862,11.953,2837.97
2026-05-09 09:00:00,11.954,11.994,11.892,11.925,1740.14
2026-05-09 10:00:00,11.925,11.97,11.866,11.906,1867.72
2026-05-09 11:00:00,11.903,12.048,11.806,11.884,7077.63
2026-05-09 12:00:00,11.885,11.992,11.732,11.813,6489.16
2026-05-09 13:00:00,11.789,12.047,11.753,11.963,3279.61
2026-05-09 14:00:00,11.954,12.065,11.94,12.017,1321.32
2026-05-09 15:00:00,12.016,12.041,11.888,12.002,3398.92
2026-05-09 16:00:00,12.0,13.18,11.946,12.007,53957.24
2026-05-09 17:00:00,12.009,12.184,11.97,11.999,3032.25
2026-05-09 18:00:00,11.998,12.054,11.935,11.998,2243.1
2026-05-09 19:00:00,11.996,12.042,11.971,12.021,1478.81
2026-05-09 20:00:00,12.035,12.156,11.813,12.01,5216.39
2026-05-09 21:00:00,12.01,12.062,11.98,12.034,446.74
2026-05-09 22:00:00,12.028,12.038,11.964,12.01,661.39
2026-05-09 23:00:00,12.011,12.015,11.975,11.983,318.68
2026-05-10 00:00:00,11.983,12.019,11.895,11.979,918.58
2026-05-10 01:00:00,11.989,12.038,11.9,11.943,1395.17
2026-05-10 02:00:00,11.944,11.966,11.815,11.873,673.19
2026-05-10 03:00:00,11.872,11.913,11.849,11.912,592.92
2026-05-10 04:00:00,11.904,11.943,11.852,11.881,1958.47
2026-05-10 05:00:00,11.867,11.906,11.853,11.879,408.15
2026-05-10 06:00:00,11.88,11.976,11.88,11.961,330.8
2026-05-10 07:00:00,11.962,12.032,11.962,11.997,791.41
2026-05-10 08:00:00,11.998,12.005,11.917,11.965,462.66
2026-05-10 09:00:00,11.97,12.129,11.949,12.028,2025.34
2026-05-10 10:00:00,12.032,12.032,11.819,11.927,3619.52
2026-05-10 11:00:00,11.927,11.932,11.832,11.882,1976.14
2026-05-10 12:00:00,11.88,11.923,11.426,11.578,15602.73
2026-05-10 13:00:00,11.577,12.56,11.5,12.283,47647.98
2026-05-10 14:00:00,12.268,12.328,12.142,12.312,6724.2
2026-05-10 15:00:00,12.294,12.449,12.234,12.307,6313.55
2026-05-10 16:00:00,12.314,12.346,12.223,12.269,2540.72
2026-05-10 17:00:00,12.269,12.588,12.245,12.517,4624.26
2026-05-10 18:00:00,12.516,12.55,12.43,12.459,3544.01
2026-05-10 19:00:00,12.458,12.509,12.391,12.412,2947.95
2026-05-10 20:00:00,12.403,12.522,12.359,12.456,2373.58
2026-05-10 21:00:00,12.458,12.625,12.449,12.534,4679.75
2026-05-10 22:00:00,12.534,12.723,12.53,12.709,1730.07
2026-05-10 23:00:00,12.708,12.777,12.636,12.648,2109.54
2026-05-11 00:00:00,12.64,12.808,12.583,12.759,2094.51
2026-05-11 01:00:00,12.769,12.9,12.749,12.891,5499.98
2026-05-11 02:00:00,12.891,12.935,12.524,12.572,6246.68
2026-05-11 03:00:00,12.574,12.765,12.466,12.764,3829.08
2026-05-11 04:00:00,12.754,13.0,12.663,12.827,4938.83
2026-05-11 05:00:00,12.817,12.953,12.762,12.789,3107.69
2026-05-11 06:00:00,12.799,12.869,12.768,12.837,1635.02
2026-05-11 07:00:00,12.815,12.942,12.735,12.788,6039.1
2026-05-11 08:00:00,12.788,12.866,12.685,12.85,4855.73
2026-05-11 09:00:00,12.85,12.865,12.715,12.791,2867.0
2026-05-11 10:00:00,12.808,12.836,12.652,12.738,1795.92
2026-05-11 11:00:00,12.732,12.868,12.715,12.821,5242.81
2026-05-11 12:00:00,12.822,12.878,12.723,12.787,7063.24
2026-05-11 13:00:00,12.799,12.886,12.514,12.558,10038.43
2026-05-11 14:00:00,12.545,12.681,12.469,12.623,5624.6
2026-05-11 15:00:00,12.609,12.673,12.519,12.526,3124.15
2026-05-11 16:00:00,12.518,12.547,12.369,12.481,2781.48
2026-05-11 17:00:00,12.468,12.534,12.333,12.46,3462.82
2026-05-11 18:00:00,12.459,12.565,12.441,12.552,1774.81
2026-05-11 19:00:00,12.551,12.642,12.513,12.585,1085.4
2026-05-11 20:00:00,12.576,12.698,12.576,12.649,1423.79
2026-05-11 21:00:00,12.648,12.686,12.561,12.613,1386.83
2026-05-11 22:00:00,12.607,12.842,12.591,12.776,4051.81
2026-05-11 23:00:00,12.78,12.821,12.765,12.767,566.3
2026-05-12 00:00:00,12.768,12.833,12.709,12.819,1788.64
2026-05-12 01:00:00,12.82,12.842,12.496,12.557,18716.67
2026-05-12 02:00:00,12.558,12.636,12.498,12.608,1805.2
2026-05-12 03:00:00,12.613,12.761,12.612,12.726,1280.82
2026-05-12 04:00:00,12.718,12.781,12.653,12.676,914.84
2026-05-12 05:00:00,12.677,12.754,12.677,12.677,427.16
2026-05-12 06:00:00,12.686,12.73,12.655,12.662,580.21
2026-05-12 07:00:00,12.661,12.815,12.661,12.766,1415.82
2026-05-12 08:00:00,12.773,12.787,12.653,12.701,1891.38
2026-05-12 09:00:00,12.701,12.794,12.685,12.701,1111.6
2026-05-12 10:00:00,12.702,12.746,12.607,12.657,767.47
2026-05-12 11:00:00,12.657,12.864,12.632,12.852,4007.18
2026-05-12 12:00:00,12.852,12.875,12.692,12.749,2050.23
2026-05-12 13:00:00,12.758,12.765,12.624,12.628,1409.24
2026-05-12 14:00:00,12.631,12.75,12.607,12.624,4714.48
2026-05-12 15:00:00,12.621,12.775,12.615,12.697,4626.01
2026-05-12 16:00:00,12.695,13.009,12.655,12.977,5072.44
2026-05-12 17:00:00,12.977,13.15,12.941,13.057,8285.96
2026-05-12 18:00:00,13.051,13.195,13.041,13.127,3993.41
2026-05-12 19:00:00,13.134,13.25,13.048,13.184,5244.65
2026-05-12 20:00:00,13.176,13.208,13.06,13.126,2154.7
2026-05-12 21:00:00,13.11,13.157,13.084,13.127,1265.12
2026-05-12 22:00:00,13.127,13.173,12.77,12.858,6917.19
2026-05-12 23:00:00,12.855,12.855,12.225,12.231,27627.4
2026-05-13 00:00:00,12.233,12.75,12.233,12.568,10862.42
2026-05-13 01:00:00,12.58,13.147,12.508,13.102,15874.76
2026-05-13 02:00:00,13.106,13.159,12.783,12.829,12144.0
2026-05-13 03:00:00,12.827,12.952,12.815,12.891,9302.79
2026-05-13 04:00:00,12.892,13.0,12.745,12.991,6361.34
2026-05-13 05:00:00,12.989,13.226,12.959,13.148,10000.85
2026-05-13 06:00:00,13.132,13.23,13.093,13.152,11811.16
2026-05-13 07:00:00,13.151,13.206,13.023,13.097,6194.38
2026-05-13 08:00:00,13.096,13.105,12.98,13.038,1678.6
2026-05-13 09:00:00,13.035,13.201,13.018,13.02,1956.82
2026-05-13 10:00:00,13.019,13.068,12.891,12.977,1174.17
2026-05-13 11:00:00,12.985,13.062,12.952,12.975,1819.73
2026-05-13 12:00:00,12.976,13.136,12.958,13.072,4262.5
2026-05-13 13:00:00,13.08,13.095,12.89,12.925,4247.07
2026-05-13 14:00:00,12.934,12.985,12.814,12.853,2714.68
2026-05-13 15:00:00,12.852,13.028,12.833,12.879,6634.2
2026-05-13 16:00:00,12.874,13.122,12.874,12.971,6677.06
2026-05-13 17:00:00,12.97,13.052,12.923,13.031,2235.82
2026-05-13 18:00:00,13.032,13.068,11.74,12.098,73875.99
2026-05-13 19:00:00,12.079,12.166,11.667,11.809,10189.34
2026-05-13 20:00:00,11.801,12.053,11.786,11.965,5789.85
2026-05-13 21:00:00,11.966,11.976,11.776,11.837,1401.36
2026-05-13 22:00:00,11.838,11.965,11.817,11.94,1165.38
2026-05-13 23:00:00,11.939,12.019,11.92,12.014,4707.25
2026-05-14 00:00:00,12.02,12.155,12.007,12.101,2714.13
2026-05-14 01:00:00,12.092,12.216,12.051,12.206,1251.86
2026-05-14 02:00:00,12.209,12.34,12.157,12.339,1933.56
2026-05-14 03:00:00,12.341,12.364,12.051,12.359,8585.24
2026-05-14 04:00:00,12.353,12.513,12.294,12.435,5030.25
2026-05-14 05:00:00,12.432,12.511,12.254,12.262,2820.13
2026-05-14 06:00:00,12.263,12.67,12.132,12.527,7064.21
2026-05-14 07:00:00,12.527,12.612,12.265,12.28,3106.68
2026-05-14 08:00:00,12.279,12.553,12.198,12.408,3403.33
2026-05-14 09:00:00,12.416,12.496,12.288,12.414,14158.77
2026-05-14 10:00:00,12.421,13.4,12.421,13.316,39551.73
2026-05-14 11:00:00,13.323,13.4,12.911,13.106,12748.56
2026-05-14 12:00:00,13.112,13.14,12.536,12.563,31631.84
2026-05-14 13:00:00,12.551,13.29,12.493,12.806,45503.46
2026-05-14 14:00:00,12.809,13.0,12.718,12.829,7893.08
2026-05-14 15:00:00,12.831,12.917,12.814,12.9,2188.31
2026-05-14 16:00:00,12.897,12.946,12.78,12.868,2285.55
2026-05-14 17:00:00,12.868,12.966,12.847,12.96,1054.64
2026-05-14 18:00:00,12.952,12.973,12.857,12.942,1394.85
2026-05-14 19:00:00,12.929,12.992,12.783,12.864,3570.62
2026-05-14 20:00:00,12.863,13.042,12.783,12.902,4778.74
2026-05-14 21:00:00,12.901,13.011,12.808,12.861,1936.64
2026-05-14 22:00:00,12.874,12.956,12.855,12.94,935.21
2026-05-14 23:00:00,12.939,12.95,12.874,12.929,1732.21
2026-05-15 00:00:00,12.935,13.075,12.906,13.01,1611.99
2026-05-15 01:00:00,13.009,13.026,12.936,12.971,868.29
2026-05-15 02:00:00,12.976,13.052,12.911,13.023,1531.46
2026-05-15 03:00:00,13.021,13.169,12.964,13.066,1438.22
2026-05-15 04:00:00,13.059,13.086,12.999,13.026,861.48
2026-05-15 05:00:00,13.027,13.149,12.785,12.89,15218.05
2026-05-15 06:00:00,12.893,12.954,12.715,12.816,15657.46
2026-05-15 07:00:00,12.817,12.96,12.747,12.953,16106.9
2026-05-15 08:00:00,12.954,13.087,12.948,13.068,5248.15
2026-05-15 09:00:00,13.067,13.072,12.952,13.011,2994.32
2026-05-15 10:00:00,13.006,13.098,13.006,13.048,1967.45
2026-05-15 11:00:00,13.048,13.18,13.048,13.105,1850.21
2026-05-15 12:00:00,13.11,13.2,13.099,13.103,2152.15
2026-05-15 13:00:00,13.102,13.242,13.044,13.062,4833.69
2026-05-15 14:00:00,13.07,13.124,12.851,12.927,14191.68
2026-05-15 15:00:00,12.933,12.95,12.54,12.814,38759.15
2026-05-15 16:00:00,12.795,13.019,12.74,12.985,2470.35
2026-05-15 17:00:00,12.984,13.069,12.94,13.013,2022.21
2026-05-15 18:00:00,13.012,13.146,12.928,13.095,5411.58
2026-05-15 19:00:00,13.099,13.153,13.085,13.148,1216.26
2026-05-15 20:00:00,13.15,13.342,13.134,13.304,4383.34
2026-05-15 21:00:00,13.295,13.35,13.19,13.219,1953.3
2026-05-15 22:00:00,13.219,13.395,13.198,13.29,5848.96
2026-05-15 23:00:00,13.285,13.348,13.211,13.315,2556.01
2026-05-16 00:00:00,13.317,13.37,13.203,13.234,12821.35
2026-05-16 01:00:00,13.234,13.294,13.093,13.173,7325.34
2026-05-16 02:00:00,13.182,13.352,13.182,13.332,2317.28
2026-05-16 03:00:00,13.332,13.468,13.293,13.371,7437.82
2026-05-16 04:00:00,13.371,13.406,13.147,13.193,3062.0
2026-05-16 05:00:00,13.184,13.294,13.184,13.246,1498.25
2026-05-16 06:00:00,13.236,13.236,12.967,13.031,6728.69
2026-05-16 07:00:00,13.036,13.055,12.767,12.812,5153.21
2026-05-16 08:00:00,12.813,13.102,12.766,12.947,5314.66
2026-05-16 09:00:00,12.946,13.049,12.927,13.018,1380.1
2026-05-16 10:00:00,13.012,13.058,12.884,12.99,3941.42
2026-05-16 11:00:00,13.003,13.086,12.958,12.986,971.74
2026-05-16 12:00:00,12.987,13.004,12.936,12.97,958.74
2026-05-16 13:00:00,12.974,13.089,12.933,13.064,1038.62
2026-05-16 14:00:00,13.057,13.057,12.96,12.96,530.19
2026-05-16 15:00:00,12.959,13.068,12.954,12.985,546.21
2026-05-16 16:00:00,12.987,13.035,12.876,12.901,1160.84
2026-05-16 17:00:00,12.902,13.009,12.902,12.954,1098.75
2026-05-16 18:00:00,12.953,12.98,12.896,12.933,786.87
2026-05-16 19:00:00,12.934,12.985,12.904,12.907,464.11
2026-05-16 20:00:00,12.907,13.019,12.895,12.995,604.95
2026-05-16 21:00:00,12.995,13.016,12.918,12.924,360.03
2026-05-16 22:00:00,12.924,12.987,12.914,12.962,458.23
2026-05-16 23:00:00,12.96,13.014,12.92,12.93,434.92
2026-05-17 00:00:00,12.929,13.036,12.881,12.887,1285.66
2026-05-17 01:00:00,12.883,12.974,12.853,12.886,1392.54
2026-05-17 02:00:00,12.885,13.152,12.884,13.111,3442.89
2026-05-17 03:00:00,13.111,13.143,13.029,13.075,945.23
2026-05-17 04:00:00,13.076,13.156,12.721,13.105,14897.23
2026-05-17 05:00:00,13.106,13.162,13.006,13.036,872.12
2026-05-17 06:00:00,13.028,13.098,13.016,13.035,474.35
2026-05-17 07:00:00,13.034,13.116,13.004,13.081,659.28
2026-05-17 08:00:00,13.08,13.097,13.029,13.036,396.48
2026-05-17 09:00:00,13.037,13.175,13.003,13.16,4719.01
2026-05-17 10:00:00,13.156,13.229,13.099,13.133,2396.67
2026-05-17 11:00:00,13.134,13.141,13.063,13.112,512.75
2026-05-17 12:00:00,13.121,13.301,13.089,13.217,2152.88
2026-05-17 13:00:00,13.211,13.337,13.208,13.284,2052.26
2026-05-17 14:00:00,13.285,13.472,13.266,13.37,3756.12
2026-05-17 15:00:00,13.369,13.441,13.339,13.343,2385.49
2026-05-17 16:00:00,13.346,13.371,13.301,13.314,956.75
2026-05-17 17:00:00,13.31,13.359,13.282,13.339,443.54
2026-05-17 18:00:00,13.34,13.384,13.293,13.319,894.29
2026-05-17 19:00:00,13.324,13.389,13.277,13.333,702.57
2026-05-17 20:00:00,13.333,13.354,13.288,13.326,347.47
2026-05-17 21:00:00,13.327,13.33,13.245,13.251,527.7
2026-05-17 22:00:00,13.251,13.334,13.25,13.265,1108.91
2026-05-17 23:00:00,13.266,13.302,13.19,13.245,1361.33
2026-05-18 00:00:00,13.236,13.281,13.098,13.28,1149.8
2026-05-18 01:00:00,13.281,13.296,13.185,13.248,550.72
2026-05-18 02:00:00,13.248,13.295,13.196,13.222,6558.54
2026-05-18 03:00:00,13.222,14.25,13.215,13.567,41111.68
2026-05-18 04:00:00,13.56,14.052,13.526,13.924,11228.45
2026-05-18 05:00:00,13.933,13.968,13.781,13.895,5406.34
2026-05-18 06:00:00,13.892,13.976,13.808,13.875,5232.31
2026-05-18 07:00:00,13.875,13.972,13.83,13.937,5929.68
2026-05-18 08:00:00,13.936,13.952,13.836,13.941,2439.15
2026-05-18 09:00:00,13.939,14.019,13.853,13.923,4935.03
2026-05-18 10:00:00,13.926,13.944,13.82,13.9,3240.77
2026-05-18 11:00:00,13.903,13.944,13.864,13.927,1983.63
2026-05-18 12:00:00,13.929,13.97,13.832,13.949,2938.9
2026-05-18 13:00:00,13.949,13.963,13.872,13.909,2422.05
2026-05-18 14:00:00,13.908,13.915,13.688,13.81,3969.56
2026-05-18 15:00:00,13.817,13.955,13.804,13.911,3130.58
2026-05-18 16:00:00,13.914,13.916,13.765,13.796,1829.82
2026-05-18 17:00:00,13.797,13.9,13.775,13.844,1293.85
2026-05-18 18:00:00,13.845,13.97,13.819,13.887,2737.68
2026-05-18 19:00:00,13.881,13.955,13.869,13.932,1563.07
2026-05-18 20:00:00,13.931,13.932,13.819,13.819,738.18
2026-05-18 21:00:00,13.825,13.924,13.811,13.894,1414.48
2026-05-18 22:00:00,13.866,13.905,13.691,13.726,2531.43
2026-05-18 23:00:00,13.715,13.759,13.589,13.647,2780.17
2026-05-19 00:00:00,13.659,13.934,13.6,13.876,5810.27
2026-05-19 01:00:00,13.87,14.0,13.83,13.896,1964.61
2026-05-19 02:00:00,13.899,13.932,13.66,13.827,1875.52
2026-05-19 03:00:00,13.849,13.851,13.641,13.722,2921.21
2026-05-19 04:00:00,13.712,13.857,13.63,13.857,8413.46
2026-05-19 05:00:00,13.857,13.944,13.821,13.93,6679.98
2026-05-19 06:00:00,13.902,14.174,13.902,14.129,6821.38
2026-05-19 07:00:00,14.117,14.39,13.7,13.982,42314.36
2026-05-19 08:00:00,13.946,14.03,13.888,13.975,5199.64
2026-05-19 09:00:00,13.968,14.006,13.692,13.873,26757.34
2026-05-19 10:00:00,13.86,13.958,13.86,13.894,1983.82
2026-05-19 11:00:00,13.893,13.932,13.808,13.904,1671.24
2026-05-19 12:00:00,13.911,13.933,13.802,13.869,1647.4
2026-05-19 13:00:00,13.875,14.151,13.802,13.994,8008.51
2026-05-19 14:00:00,13.994,14.05,13.918,13.941,1876.69
2026-05-19 15:00:00,13.939,14.087,13.939,13.961,1557.39
2026-05-19 16:00:00,13.951,14.081,13.95,13.985,1227.75
2026-05-19 17:00:00,13.992,14.013,13.916,13.984,671.26
2026-05-19 18:00:00,13.986,14.057,13.976,13.979,366.52
2026-05-19 19:00:00,13.963,14.015,13.943,14.012,377.11
2026-05-19 20:00:00,13.994,14.017,13.946,13.957,307.44
2026-05-19 21:00:00,13.958,14.05,13.955,14.039,511.34
2026-05-19 22:00:00,14.04,14.113,13.963,14.047,1758.93
2026-05-19 23:00:00,14.047,14.061,14.005,14.031,739.96
2026-05-20 00:00:00,14.024,14.096,14.005,14.007,807.48
2026-05-20 01:00:00,14.007,14.126,13.948,14.117,1283.09
2026-05-20 02:00:00,14.114,14.267,14.111,14.193,2369.51
2026-05-20 03:00:00,14.194,14.213,14.089,14.137,806.63
2026-05-20 04:00:00,14.136,14.144,13.918,13.935,1945.63
2026-05-20 05:00:00,13.961,13.979,13.849,13.857,611.78
2026-05-20 06:00:00,13.855,14.128,13.644,14.083,11776.63
2026-05-20 07:00:00,14.075,14.078,13.972,14.009,1225.7
2026-05-20 08:00:00,14.013,14.031,13.942,13.955,825.62
2026-05-20 09:00:00,13.961,14.108,13.931,14.095,1063.61
2026-05-20 10:00:00,14.093,14.124,14.027,14.046,1138.33
2026-05-20 11:00:00,14.046,14.05,13.998,14.016,601.62
2026-05-20 12:00:00,14.015,14.195,13.997,14.157,1716.14
2026-05-20 13:00:00,14.158,14.214,14.074,14.106,2927.34
2026-05-20 14:00:00,14.106,14.144,13.993,14.049,2016.06
2026-05-20 15:00:00,14.052,14.1,13.9,13.986,11498.03
2026-05-20 16:00:00,13.985,14.076,13.797,13.97,7616.99
2026-05-20 17:00:00,13.98,13.985,13.821,13.832,3008.87
2026-05-20 18:00:00,13.832,13.969,13.826,13.868,1843.67
2026-05-20 19:00:00,13.867,14.011,13.825,13.956,2966.68
2026-05-20 20:00:00,13.956,13.979,13.812,13.818,939.33
2026-05-20 21:00:00,13.813,13.98,13.81,13.96,1028.61
2026-05-20 22:00:00,13.96,13.966,13.894,13.911,917.0
2026-05-20 23:00:00,13.91,13.923,13.834,13.887,1388.75
2026-05-21 00:00:00,13.886,13.933,13.818,13.908,783.98
2026-05-21 01:00:00,13.903,13.903,13.783,13.797,1677.4
2026-05-21 02:00:00,13.796,13.922,13.754,13.884,1271.38
2026-05-21 03:00:00,13.888,13.89,13.76,13.831,1968.02
2026-05-21 04:00:00,13.832,13.956,13.78,13.803,3860.37
2026-05-21 05:00:00,13.802,13.823,13.682,13.684,1666.67
2026-05-21 06:00:00,13.684,13.695,13.579,13.603,4114.55
2026-05-21 07:00:00,13.602,13.695,13.58,13.611,2218.44
2026-05-21 08:00:00,13.616,13.691,13.593,13.617,3821.77
2026-05-21 09:00:00,13.609,13.618,13.318,13.326,8931.4
2026-05-21 10:00:00,13.326,13.601,13.313,13.538,3794.59
2026-05-21 11:00:00,13.534,13.534,13.357,13.426,1251.23
2026-05-21 12:00:00,13.427,14.433,13.423,14.015,24736.15
2026-05-21 13:00:00,14.016,14.051,13.825,13.896,4485.85
2026-05-21 14:00:00,13.896,13.984,13.726,13.782,5499.74
2026-05-21 15:00:00,13.783,13.795,13.652,13.731,1550.86
2026-05-21 16:00:00,13.721,14.602,13.718,14.586,16204.29
2026-05-21 17:00:00,14.581,14.69,14.171,14.485,10108.67
2026-05-21 18:00:00,14.484,14.528,14.393,14.461,3806.67
2026-05-21 19:00:00,14.46,14.541,14.431,14.443,2651.63
2026-05-21 20:00:00,14.442,14.504,14.319,14.35,1003.15
2026-05-21 21:00:00,14.343,14.369,14.1,14.148,2742.15
2026-05-21 22:00:00,14.162,14.171,13.974,14.077,2002.24
2026-05-21 23:00:00,14.088,14.096,14.016,14.024,395.98
2026-05-22 00:00:00,14.032,14.184,14.016,14.035,709.32
2026-05-22 01:00:00,14.019,14.039,13.875,14.039,2111.53
2026-05-22 02:00:00,14.057,14.089,13.909,14.042,1800.84
2026-05-22 03:00:00,14.016,14.06,13.875,13.956,5278.25
2026-05-22 04:00:00,13.96,14.028,13.933,13.99,477.61
2026-05-22 05:00:00,13.965,14.246,13.912,14.043,2844.75
2026-05-22 06:00:00,14.044,14.132,13.989,14.056,616.85
2026-05-22 07:00:00,14.049,14.049,13.918,13.95,2545.14
2026-05-22 08:00:00,13.95,14.11,13.932,14.016,7592.03
2026-05-22 09:00:00,14.001,14.001,13.824,13.876,3266.47
2026-05-22 10:00:00,13.885,13.924,13.793,13.802,3769.38
2026-05-22 11:00:00,13.811,13.821,13.696,13.696,2903.34
2026-05-22 12:00:00,13.709,13.763,13.619,13.621,6225.5
2026-05-22 13:00:00,13.634,13.858,13.57,13.682,5979.72
2026-05-22 14:00:00,13.691,13.699,13.5,13.519,4319.36
2026-05-22 15:00:00,13.546,13.658,13.5,13.532,4236.88
2026-05-22 16:00:00,13.538,13.627,13.501,13.534,2720.51
2026-05-22 17:00:00,13.539,13.579,13.5,13.518,3187.59
2026-05-22 18:00:00,13.535,13.642,13.5,13.634,4090.37
2026-05-22 19:00:00,13.621,13.64,13.536,13.592,2338.53
2026-05-22 20:00:00,13.575,13.66,13.537,13.606,2408.57
2026-05-22 21:00:00,13.612,13.706,13.59,13.674,1542.93
2026-05-22 22:00:00,13.688,13.695,13.606,13.632,751.34
2026-05-22 23:00:00,13.637,13.695,13.602,13.658,715.33
2026-05-23 00:00:00,13.657,13.786,13.622,13.718,1899.72
2026-05-23 01:00:00,13.717,13.746,13.653,13.69,708.5
2026-05-23 02:00:00,13.689,13.928,13.672,13.846,5125.73
2026-05-23 03:00:00,13.836,13.838,13.75,13.758,2592.27
2026-05-23 04:00:00,13.759,13.793,13.693,13.778,2501.84
2026-05-23 05:00:00,13.777,13.792,13.636,13.65,4284.73
2026-05-23 06:00:00,13.649,13.906,13.591,13.662,5187.83
2026-05-23 07:00:00,13.664,14.125,13.63,13.927,8907.08
2026-05-23 08:00:00,13.924,13.951,13.809,13.9,7534.8
2026-05-23 09:00:00,13.901,13.942,13.867,13.904,2039.19
2026-05-23 10:00:00,13.909,14.009,13.764,13.9,4333.84
2026-05-23 11:00:00,13.9,13.952,13.815,13.895,1489.49
2026-05-23 12:00:00,13.894,13.95,13.81,13.873,1250.32
2026-05-23 13:00:00,13.879,13.879,13.768,13.815,3142.31
2026-05-23 14:00:00,13.815,13.853,13.753,13.767,2302.87
2026-05-23 15:00:00,13.769,13.812,13.68,13.734,2894.68
2026-05-23 16:00:00,13.734,13.873,13.706,13.808,2805.14
2026-05-23 17:00:00,13.809,13.828,13.686,13.686,2391.83
2026-05-23 18:00:00,13.685,13.806,13.646,13.751,3546.04
2026-05-23 19:00:00,13.755,13.76,13.652,13.671,1903.98
2026-05-23 20:00:00,13.671,13.787,13.666,13.75,1946.65
2026-05-23 21:00:00,13.758,13.777,13.517,13.637,4957.86
2026-05-23 22:00:00,13.633,13.643,13.56,13.616,991.71
2026-05-23 23:00:00,13.622,13.622,13.561,13.58,331.11
2026-05-24 00:00:00,13.58,13.696,13.536,13.668,7115.15
2026-05-24 01:00:00,13.66,13.776,13.578,13.695,5963.92
2026-05-24 02:00:00,13.676,13.721,13.619,13.63,806.2
2026-05-24 03:00:00,13.647,13.765,13.632,13.736,5418.01
2026-05-24 04:00:00,13.728,13.742,13.642,13.652,408.45
2026-05-24 05:00:00,13.665,13.677,13.595,13.657,2247.45
2026-05-24 06:00:00,13.659,15.939,13.644,14.742,109947.79
2026-05-24 07:00:00,14.721,15.178,14.581,14.733,31116.42
2026-05-24 08:00:00,14.732,14.849,14.29,14.386,16830.0
2026-05-24 09:00:00,14.387,14.86,14.387,14.522,8286.64
2026-05-24 10:00:00,14.531,14.665,14.422,14.54,3906.87
2026-05-24 11:00:00,14.56,14.599,14.466,14.577,4369.45
2026-05-24 12:00:00,14.597,14.648,14.512,14.531,1844.66
2026-05-24 13:00:00,14.538,14.852,14.436,14.67,7596.43
2026-05-24 14:00:00,14.663,14.822,14.44,14.808,7594.93
2026-05-24 15:00:00,14.814,15.048,14.751,14.885,4589.22
2026-05-24 16:00:00,14.905,15.368,14.885,15.352,8827.86
2026-05-24 17:00:00,15.352,15.467,15.248,15.37,6563.0
2026-05-24 18:00:00,15.363,15.446,15.277,15.384,8809.24
2026-05-24 19:00:00,15.387,15.5,15.316,15.412,6723.22
2026-05-24 20:00:00,15.404,15.434,15.181,15.227,9090.38
2026-05-24 21:00:00,15.227,15.241,15.056,15.12,3697.03
2026-05-24 22:00:00,15.12,15.265,15.12,15.166,2046.93
2026-05-24 23:00:00,15.183,15.257,15.154,15.207,946.01
2026-05-25 00:00:00,15.218,15.455,15.17,15.272,4700.15
2026-05-25 01:00:00,15.275,15.29,15.198,15.2,2197.64
2026-05-25 02:00:00,15.212,15.236,15.041,15.068,1728.23
2026-05-25 03:00:00,15.078,17.35,15.047,17.02,143761.82
2026-05-25 04:00:00,17.039,17.701,16.84,17.547,40929.67
2026-05-25 05:00:00,17.55,17.799,17.295,17.693,29027.31
2026-05-25 06:00:00,17.698,18.0,17.405,17.624,14960.73
2026-05-25 07:00:00,17.624,17.774,17.476,17.61,8440.82
2026-05-25 08:00:00,17.603,17.763,17.213,17.497,20021.1
2026-05-25 09:00:00,17.5,17.579,17.429,17.52,7545.8
2026-05-25 10:00:00,17.53,17.572,17.38,17.467,14224.17
2026-05-25 11:00:00,17.478,17.593,17.46,17.508,4680.38
2026-05-25 12:00:00,17.52,17.59,17.324,17.36,21532.5
2026-05-25 13:00:00,17.36,17.472,17.09,17.389,12080.74
2026-05-25 14:00:00,17.41,17.61,17.183,17.479,12653.75
2026-05-25 15:00:00,17.478,17.655,17.283,17.495,18613.55
2026-05-25 16:00:00,17.514,17.603,17.223,17.31,8460.01
2026-05-25 17:00:00,17.314,17.588,17.231,17.5,10765.5
2026-05-25 18:00:00,17.49,17.656,17.418,17.515,8138.66
2026-05-25 19:00:00,17.525,17.566,17.414,17.414,2830.84
2026-05-25 20:00:00,17.43,17.46,17.104,17.145,5605.48
2026-05-25 21:00:00,17.142,17.29,17.034,17.275,6850.52
2026-05-25 22:00:00,17.29,17.466,17.265,17.409,5431.22
2026-05-25 23:00:00,17.407,17.507,17.267,17.397,4506.35
2026-05-26 00:00:00,17.41,17.506,17.323,17.4,4616.34
2026-05-26 01:00:00,17.409,17.486,17.362,17.376,3181.74
2026-05-26 02:00:00,17.378,17.51,17.344,17.49,3772.36
2026-05-26 03:00:00,17.499,17.526,17.385,17.488,2264.51
2026-05-26 04:00:00,17.488,17.55,17.429,17.532,1712.37
2026-05-26 05:00:00,17.541,17.569,17.097,17.32,12777.35
2026-05-26 06:00:00,17.31,17.379,17.221,17.307,2568.83
2026-05-26 07:00:00,17.308,17.399,16.975,17.165,36016.73
2026-05-26 08:00:00,17.165,17.333,17.141,17.246,5900.26
2026-05-26 09:00:00,17.247,17.297,17.097,17.177,5369.77
2026-05-26 10:00:00,17.177,17.212,16.514,16.648,12045.58
2026-05-26 11:00:00,16.652,16.89,16.64,16.722,8294.62
2026-05-26 12:00:00,16.723,16.729,16.087,16.39,14685.69
2026-05-26 13:00:00,16.389,16.392,16.092,16.127,8712.81
2026-05-26 14:00:00,16.128,16.478,16.044,16.256,13840.03
2026-05-26 15:00:00,16.256,16.371,16.191,16.246,4122.52
2026-05-26 16:00:00,16.271,16.381,15.931,16.288,6161.23
2026-05-26 17:00:00,16.289,16.343,16.048,16.1,6976.68
2026-05-26 18:00:00,16.101,16.117,15.783,15.98,11420.83
2026-05-26 19:00:00,15.979,16.366,15.968,16.261,9507.81
2026-05-26 20:00:00,16.254,16.537,16.215,16.412,5020.81
2026-05-26 21:00:00,16.412,16.469,15.918,16.4,4638.26
2026-05-26 22:00:00,16.4,16.484,16.186,16.34,3203.87
2026-05-26 23:00:00,16.335,16.466,16.317,16.341,1241.52
2026-05-27 00:00:00,16.341,16.475,16.308,16.325,1590.42
2026-05-27 01:00:00,16.326,16.488,16.268,16.407,3132.71
2026-05-27 02:00:00,16.409,16.422,16.311,16.382,1403.08
2026-05-27 03:00:00,16.383,16.465,16.343,16.369,948.15
2026-05-27 04:00:00,16.375,16.441,16.334,16.334,1415.44
2026-05-27 05:00:00,16.333,16.392,16.302,16.354,1127.61
2026-05-27 06:00:00,16.357,16.416,16.324,16.371,2044.69
2026-05-27 07:00:00,16.37,16.407,16.3,16.394,2870.6
2026-05-27 08:00:00,16.396,16.428,16.295,16.413,2889.64
2026-05-27 09:00:00,16.416,17.251,16.381,16.851,21295.78
2026-05-27 10:00:00,16.847,17.097,16.679,16.966,10270.03
2026-05-27 11:00:00,16.969,17.013,16.583,16.896,12087.04
2026-05-27 12:00:00,16.897,16.954,16.648,16.679,7266.87
2026-05-27 13:00:00,16.68,16.799,16.404,16.743,26481.36
2026-05-27 14:00:00,16.741,16.772,16.647,16.674,5181.19
2026-05-27 15:00:00,16.679,16.716,16.445,16.445,3139.3
2026-05-27 16:00:00,16.443,16.507,16.352,16.433,1721.56
2026-05-27 17:00:00,16.432,16.536,16.39,16.526,2191.51
2026-05-27 18:00:00,16.526,16.674,16.438,16.616,3053.98
2026-05-27 19:00:00,16.613,16.63,16.534,16.54,670.26
2026-05-27 20:00:00,16.552,16.919,16.543,16.808,8065.49
2026-05-27 21:00:00,16.796,16.796,16.677,16.713,3166.93
2026-05-27 22:00:00,16.715,16.801,16.678,16.72,1381.93
2026-05-27 23:00:00,16.712,16.839,16.471,16.55,7304.37
2026-05-28 00:00:00,16.551,16.673,16.532,16.622,2357.4
2026-05-28 01:00:00,16.623,16.707,16.581,16.614,2175.52
2026-05-28 02:00:00,16.615,16.686,16.579,16.679,941.04
2026-05-28 03:00:00,16.68,16.797,16.446,16.568,6443.16
2026-05-28 04:00:00,16.568,16.673,16.506,16.536,3179.72
2026-05-28 05:00:00,16.535,16.598,16.49,16.543,3545.87
2026-05-28 06:00:00,16.545,16.58,16.311,16.402,10164.07
2026-05-28 07:00:00,16.401,16.649,16.354,16.583,3561.12
2026-05-28 08:00:00,16.583,16.597,16.47,16.477,2032.86
2026-05-28 09:00:00,16.478,16.627,16.444,16.609,2853.84
2026-05-28 10:00:00,16.611,16.659,16.422,16.485,4277.91
2026-05-28 11:00:00,16.484,16.629,16.418,16.569,6114.52
2026-05-28 12:00:00,16.565,16.612,16.459,16.523,3028.78
2026-05-28 13:00:00,16.525,16.64,16.451,16.61,2898.95
2026-05-28 14:00:00,16.615,17.225,16.596,17.049,28132.37
2026-05-28 15:00:00,17.039,17.058,16.849,16.92,4406.94
2026-05-28 16:00:00,16.919,17.042,16.779,16.973,4022.49
2026-05-28 17:00:00,16.976,17.086,16.721,16.857,12238.42
2026-05-28 18:00:00,16.846,16.992,16.794,16.972,2746.66
2026-05-28 19:00:00,16.971,17.009,16.843,16.98,2276.04
2026-05-28 20:00:00,16.979,17.25,16.979,17.182,4924.43
2026-05-28 21:00:00,17.183,17.237,17.074,17.225,2993.22
2026-05-28 22:00:00,17.223,17.299,17.144,17.19,3030.6
2026-05-28 23:00:00,17.189,17.231,17.074,17.074,2186.93
2026-05-29 00:00:00,17.086,17.372,17.086,17.297,3461.91
2026-05-29 01:00:00,17.295,17.617,17.253,17.518,11388.55
2026-05-29 02:00:00,17.518,17.538,17.189,17.466,6097.97
2026-05-29 03:00:00,17.463,17.659,17.097,17.644,6556.14
2026-05-29 04:00:00,17.644,18.5,17.635,18.411,19168.5
2026-05-29 05:00:00,18.414,18.779,18.279,18.356,14083.89
2026-05-29 06:00:00,18.365,18.531,18.092,18.267,6626.65
2026-05-29 07:00:00,18.265,18.513,17.895,18.51,13938.62
2026-05-29 08:00:00,18.51,18.665,18.442,18.461,8015.22
2026-05-29 09:00:00,18.462,19.007,18.421,18.954,9322.61
2026-05-29 10:00:00,18.96,19.161,18.604,18.67,7441.5
2026-05-29 11:00:00,18.668,18.695,18.508,18.553,6762.08
2026-05-29 12:00:00,18.55,18.665,18.403,18.448,3252.09
2026-05-29 13:00:00,18.449,18.588,18.323,18.529,6604.83
2026-05-29 14:00:00,18.531,18.734,18.531,18.639,3110.79
2026-05-29 15:00:00,18.64,18.774,18.433,18.517,6207.26
2026-05-29 16:00:00,18.529,18.534,18.381,18.445,3575.43
2026-05-29 17:00:00,18.444,18.6,18.426,18.494,3353.29
2026-05-29 18:00:00,18.496,18.587,18.313,18.353,2030.71
2026-05-29 19:00:00,18.353,18.459,18.292,18.314,3046.72
2026-05-29 20:00:00,18.333,18.382,18.216,18.29,1373.11
2026-05-29 21:00:00,18.296,18.401,18.17,18.189,1119.49
2026-05-29 22:00:00,18.19,18.563,18.182,18.474,3237.02
2026-05-29 23:00:00,18.473,18.549,18.382,18.382,2300.87
2026-05-30 00:00:00,18.395,18.635,18.379,18.601,2843.41
2026-05-30 01:00:00,18.604,18.651,18.354,18.389,4394.1
2026-05-30 02:00:00,18.389,18.579,18.34,18.543,2161.21
2026-05-30 03:00:00,18.555,18.657,18.468,18.544,1918.99
2026-05-30 04:00:00,18.554,18.58,18.371,18.434,2361.46
2026-05-30 05:00:00,18.435,18.486,18.339,18.442,1525.16
2026-05-30 06:00:00,18.444,18.948,18.27,18.769,7079.65
2026-05-30 07:00:00,18.768,18.808,18.627,18.725,2597.72
2026-05-30 08:00:00,18.721,18.887,18.638,18.836,3448.14
2026-05-30 09:00:00,18.837,18.969,18.729,18.873,2744.7
2026-05-30 10:00:00,18.875,18.882,18.739,18.873,2105.85
2026-05-30 11:00:00,18.865,19.572,18.849,19.49,11755.07
2026-05-30 12:00:00,19.493,19.498,18.822,19.014,11118.79
2026-05-30 13:00:00,19.016,19.141,18.976,19.12,2587.41
2026-05-30 14:00:00,19.12,19.474,18.934,18.946,7829.31
2026-05-30 15:00:00,18.945,18.946,18.75,18.849,3941.67
2026-05-30 16:00:00,18.848,18.858,18.302,18.546,7811.8
2026-05-30 17:00:00,18.546,18.729,18.317,18.334,3646.01
2026-05-30 18:00:00,18.344,18.45,18.304,18.357,1387.79
2026-05-30 19:00:00,18.356,18.364,18.2,18.228,1779.19
2026-05-30 20:00:00,18.233,18.276,17.967,17.99,2358.19
2026-05-30 21:00:00,17.986,18.051,17.861,18.003,1021.6
2026-05-30 22:00:00,18.007,18.154,17.769,17.811,2386.45
2026-05-30 23:00:00,17.812,17.989,17.779,17.901,2267.28
2026-05-31 00:00:00,17.906,18.276,17.906,18.206,2564.74
2026-05-31 01:00:00,18.206,18.233,17.92,18.096,1604.43
2026-05-31 02:00:00,18.102,18.488,18.052,18.253,4378.44
2026-05-31 03:00:00,18.254,18.479,18.177,18.478,1731.06
2026-05-31 04:00:00,18.478,18.502,18.307,18.32,2008.4
2026-05-31 05:00:00,18.321,18.526,18.24,18.456,1962.61
2026-05-31 06:00:00,18.479,18.832,18.432,18.757,5333.23
2026-05-31 07:00:00,18.758,18.932,18.611,18.913,1847.0
2026-05-31 08:00:00,18.913,19.06,18.735,18.839,5201.38
2026-05-31 09:00:00,18.839,19.433,18.745,19.177,5545.13
2026-05-31 10:00:00,19.176,19.193,18.654,18.772,7510.34
2026-05-31 11:00:00,18.771,18.924,18.698,18.734,1800.89
2026-05-31 12:00:00,18.735,18.992,18.348,18.936,5912.31
2026-05-31 13:00:00,18.932,19.037,18.71,18.741,2195.22
2026-05-31 14:00:00,18.735,18.965,18.645,18.964,3711.53
2026-05-31 15:00:00,18.965,19.102,18.889,18.893,4024.43
2026-05-31 16:00:00,18.889,18.889,18.675,18.776,3774.74
2026-05-31 17:00:00,18.777,18.992,18.677,18.945,2998.96
2026-05-31 18:00:00,18.939,19.6,18.9,19.109,9161.65
2026-05-31 19:00:00,19.113,19.115,18.71,19.005,6165.05
2026-05-31 20:00:00,19.007,19.054,18.919,18.973,2151.72
2026-05-31 21:00:00,18.972,19.073,18.886,18.98,1962.42
2026-05-31 22:00:00,18.976,19.055,18.929,18.991,1037.5
2026-05-31 23:00:00,18.99,19.064,18.919,18.935,1341.99
2026-06-01 00:00:00,18.94,19.05,18.918,19.021,1923.86
2026-06-01 01:00:00,19.01,19.69,18.967,19.285,12108.93
2026-06-01 02:00:00,19.284,19.407,19.181,19.193,2742.06
2026-06-01 03:00:00,19.202,19.301,19.049,19.254,2050.52
2026-06-01 04:00:00,19.254,19.414,19.228,19.336,1901.07
2026-06-01 05:00:00,19.325,19.447,18.72,18.923,7687.33
2026-06-01 06:00:00,18.928,19.022,18.494,18.706,6295.58
2026-06-01 07:00:00,18.706,19.225,18.636,18.914,4908.88
2026-06-01 08:00:00,18.913,19.196,18.781,18.794,3862.52
2026-06-01 09:00:00,18.793,18.959,18.787,18.875,1281.63
2026-06-01 10:00:00,18.875,18.99,18.737,18.746,2850.18
2026-06-01 11:00:00,18.751,18.768,18.266,18.443,4289.97
2026-06-01 12:00:00,18.443,18.771,18.238,18.701,5144.95
2026-06-01 13:00:00,18.7,18.796,18.508,18.758,4132.37
2026-06-01 14:00:00,18.754,18.891,18.591,18.645,3175.67
2026-06-01 15:00:00,18.639,18.778,18.569,18.675,2171.04
2026-06-01 16:00:00,18.676,18.688,18.453,18.677,1886.24
2026-06-01 17:00:00,18.681,18.686,18.351,18.593,2188.21
2026-06-01 18:00:00,18.592,18.688,18.561,18.64,1402.66
2026-06-01 19:00:00,18.639,18.667,18.573,18.63,929.11
2026-06-01 20:00:00,18.628,18.685,18.575,18.622,993.72
2026-06-01 21:00:00,18.619,18.943,18.611,18.931,6359.05
2026-06-01 22:00:00,18.93,19.057,17.68,18.073,57549.91
2026-06-01 23:00:00,18.067,18.527,17.8,18.255,17942.0
2026-06-02 00:00:00,18.231,18.499,17.964,18.075,7217.74
2026-06-02 01:00:00,18.067,18.171,18.016,18.073,2425.92
2026-06-02 02:00:00,18.071,18.173,18.015,18.108,3917.83
2026-06-02 03:00:00,18.106,18.246,17.369,17.871,14548.42
2026-06-02 04:00:00,17.87,18.257,17.66,17.941,8046.01
2026-06-02 05:00:00,17.942,18.032,17.884,17.953,2555.78
2026-06-02 06:00:00,17.958,18.085,17.919,18.03,1966.25
2026-06-02 07:00:00,18.041,18.158,18.0,18.067,1356.5
2026-06-02 08:00:00,18.066,18.097,17.907,17.96,1925.21
2026-06-02 09:00:00,17.951,17.951,17.641,17.641,2460.72
2026-06-02 10:00:00,17.643,17.88,17.55,17.695,7170.27
2026-06-02 11:00:00,17.695,18.178,17.639,18.128,4975.71
2026-06-02 12:00:00,18.129,18.216,17.89,17.974,6401.42
2026-06-02 13:00:00,17.973,18.053,17.703,17.984,7392.61
2026-06-02 14:00:00,17.983,18.366,17.562,17.768,9004.72
2026-06-02 15:00:00,17.768,18.053,17.652,18.021,6963.91
2026-06-02 16:00:00,18.022,18.079,17.877,17.948,2247.78
2026-06-02 17:00:00,17.952,18.171,17.952,18.116,1687.68
2026-06-02 18:00:00,18.117,18.238,17.951,18.218,3180.88
2026-06-02 19:00:00,18.205,18.394,17.68,18.085,6072.72
2026-06-02 20:00:00,18.087,18.182,17.993,18.104,2533.8
2026-06-02 21:00:00,18.098,18.181,17.993,18.181,3340.09
2026-06-02 22:00:00,18.182,18.9,17.995,18.225,40426.19
2026-06-02 23:00:00,18.226,18.349,18.17,18.229,4021.31
2026-06-03 00:00:00,18.23,18.32,18.023,18.115,5396.61
2026-06-03 01:00:00,18.115,24.299,18.11,22.595,222633.75
2026-06-03 02:00:00,22.6,22.856,21.877,22.373,45651.54
2026-06-03 03:00:00,22.366,22.453,21.546,21.644,26106.76
2026-06-03 04:00:00,21.645,22.039,21.0,21.304,20060.71
2026-06-03 05:00:00,21.302,21.68,20.921,20.982,12389.98
2026-06-03 06:00:00,20.982,24.492,20.837,22.304,55050.26
2026-06-03 07:00:00,22.318,22.515,21.708,21.984,40609.27
2026-06-03 08:00:00,21.978,22.053,21.483,21.864,10583.8
2026-06-03 09:00:00,21.859,22.026,21.385,21.51,23455.31
2026-06-03 10:00:00,21.509,21.874,21.358,21.86,11899.79
2026-06-03 11:00:00,21.859,21.987,20.887,21.447,18040.06
2026-06-03 12:00:00,21.427,21.607,21.162,21.182,7721.5
2026-06-03 13:00:00,21.182,21.309,20.9,20.943,9526.11
2026-06-03 14:00:00,20.942,21.033,19.912,20.11,30962.8
2026-06-03 15:00:00,20.121,20.156,18.544,18.765,28882.32
2026-06-03 16:00:00,18.76,19.132,18.035,18.047,25669.5
2026-06-03 17:00:00,18.048,18.312,17.412,18.003,35688.56
2026-06-03 18:00:00,18.011,20.2,17.797,18.817,28674.44
2026-06-03 19:00:00,18.818,18.84,18.22,18.34,9868.68
2026-06-03 20:00:00,18.342,18.461,18.238,18.384,6099.38
2026-06-03 21:00:00,18.381,18.384,18.013,18.169,3430.41
2026-06-03 22:00:00,18.17,18.185,17.0,17.522,34669.64
2026-06-03 23:00:00,17.521,18.175,17.435,18.012,9160.25
2026-06-04 00:00:00,18.007,18.216,17.9,18.021,14060.2
2026-06-04 01:00:00,18.015,18.079,17.764,17.98,7209.42
2026-06-04 02:00:00,17.981,18.216,17.492,18.073,17084.79
2026-06-04 03:00:00,18.074,18.185,17.928,17.934,6132.03
2026-06-04 04:00:00,17.931,18.198,17.139,17.197,9554.98
2026-06-04 05:00:00,17.197,18.567,17.196,18.292,21293.88
2026-06-04 06:00:00,18.291,19.1,18.103,18.727,17457.49
2026-06-04 07:00:00,18.721,18.741,18.362,18.615,8696.26
2026-06-04 08:00:00,18.616,18.746,18.22,18.48,7178.91
2026-06-04 09:00:00,18.48,18.631,18.391,18.511,6602.78
2026-06-04 10:00:00,18.512,18.764,18.457,18.704,4755.18
2026-06-04 11:00:00,18.704,18.737,18.609,18.695,4146.85
2026-06-04 12:00:00,18.695,18.851,18.623,18.781,4857.99
2026-06-04 13:00:00,18.764,19.941,18.648,19.859,15502.12
2026-06-04 14:00:00,19.853,20.74,19.397,19.975,44492.12
2026-06-04 15:00:00,19.974,20.354,19.675,20.178,12666.62
2026-06-04 16:00:00,20.192,20.51,19.912,20.32,9720.83
2026-06-04 17:00:00,20.305,20.331,19.94,20.278,4629.62
2026-06-04 18:00:00,20.275,20.699,20.23,20.409,9091.17
2026-06-04 19:00:00,20.409,20.57,20.316,20.55,2889.77
2026-06-04 20:00:00,20.55,21.338,20.434,21.306,16587.82
2026-06-04 21:00:00,21.304,21.511,21.001,21.263,13276.97
2026-06-04 22:00:00,21.264,21.437,19.783,20.325,47024.52
2026-06-04 23:00:00,20.326,20.572,20.214,20.442,6992.77
2026-06-05 00:00:00,20.437,21.158,20.418,20.839,17133.69
2026-06-05 01:00:00,20.839,20.897,20.369,20.616,9362.44
2026-06-05 02:00:00,20.615,20.93,20.388,20.753,12388.23
2026-06-05 03:00:00,20.754,20.772,20.319,20.499,10801.24
2026-06-05 04:00:00,20.5,20.76,20.4,20.72,5092.41
2026-06-05 05:00:00,20.717,20.732,20.514,20.62,5742.62
2026-06-05 06:00:00,20.619,20.758,20.319,20.337,15191.98
2026-06-05 07:00:00,20.339,20.51,20.03,20.118,13259.98
2026-06-05 08:00:00,20.118,20.485,19.979,20.363,8847.6
2026-06-05 09:00:00,20.386,20.468,20.085,20.199,6535.85
2026-06-05 10:00:00,20.193,20.319,19.981,20.238,4599.99
2026-06-05 11:00:00,20.239,20.296,20.036,20.139,4179.88
2026-06-05 12:00:00,20.139,20.475,20.131,20.359,5232.72
2026-06-05 13:00:00,20.353,20.535,20.0,20.39,6326.03
2026-06-05 14:00:00,20.39,20.494,20.208,20.332,6010.84
2026-06-05 15:00:00,20.331,20.35,19.643,19.645,8118.16
2026-06-05 16:00:00,19.645,20.3,19.382,19.934,13974.44
2026-06-05 17:00:00,19.935,20.251,19.852,19.972,5819.34
2026-06-05 18:00:00,19.971,19.992,19.689,19.701,5550.65
2026-06-05 19:00:00,19.709,20.017,19.657,19.885,5519.85
2026-06-05 20:00:00,19.887,19.944,19.814,19.9,2786.26
2026-06-05 21:00:00,19.9,19.983,19.788,19.891,3949.63
2026-06-05 22:00:00,19.886,20.239,18.831,19.665,49489.89
2026-06-05 23:00:00,19.664,19.728,19.342,19.446,5047.58
2026-06-06 00:00:00,19.446,19.943,19.439,19.719,8172.42
2026-06-06 01:00:00,19.718,19.952,19.718,19.773,2936.65
2026-06-06 02:00:00,19.773,19.898,19.715,19.728,2556.66
2026-06-06 03:00:00,19.728,19.797,19.341,19.362,1924.01
2026-06-06 04:00:00,19.362,19.502,19.258,19.396,6010.82
2026-06-06 05:00:00,19.396,19.584,19.362,19.396,5918.67
2026-06-06 06:00:00,19.394,19.447,19.066,19.093,3398.37
2026-06-06 07:00:00,19.094,19.753,18.819,19.471,10331.83
2026-06-06 08:00:00,19.47,19.782,18.55,19.558,11280.19
2026-06-06 09:00:00,19.559,19.57,19.402,19.464,2437.32
2026-06-06 10:00:00,19.465,19.732,19.462,19.63,2961.23
2026-06-06 11:00:00,19.629,19.932,19.61,19.661,3108.19
2026-06-06 12:00:00,19.664,19.838,19.626,19.702,2079.44
2026-06-06 13:00:00,19.709,20.082,19.694,19.911,5139.12
2026-06-06 14:00:00,19.911,19.985,19.808,19.82,5498.9
2026-06-06 15:00:00,19.821,20.009,19.571,19.869,10330.6
2026-06-06 16:00:00,19.869,20.213,19.758,20.007,9880.63
2026-06-06 17:00:00,20.007,20.201,19.886,20.113,4777.02
2026-06-06 18:00:00,20.116,20.192,19.965,20.178,1586.0
2026-06-06 19:00:00,20.18,20.495,20.078,20.317,2659.31
2026-06-06 20:00:00,20.316,20.327,20.061,20.101,2840.46
2026-06-06 21:00:00,20.101,20.247,19.882,19.912,2040.85
2026-06-06 22:00:00,19.913,20.098,19.571,20.061,4752.6
2026-06-06 23:00:00,20.062,20.116,19.753,19.937,5428.59
2026-06-07 00:00:00,19.938,20.226,19.0,20.199,10018.47
2026-06-07 01:00:00,20.199,20.553,19.571,20.53,12850.78
2026-06-07 02:00:00,20.528,20.92,20.322,20.748,9533.52
2026-06-07 03:00:00,20.748,20.776,20.405,20.602,5303.24
2026-06-07 04:00:00,20.602,20.618,19.827,19.83,8620.4
2026-06-07 05:00:00,19.827,20.158,19.61,20.022,13233.57
2026-06-07 06:00:00,20.023,20.025,19.661,19.692,4856.69
2026-06-07 07:00:00,19.693,19.802,19.644,19.75,5347.35
2026-06-07 08:00:00,19.737,19.827,19.624,19.725,5224.81
2026-06-07 09:00:00,19.726,19.899,19.64,19.82,10546.22
2026-06-07 10:00:00,19.821,20.037,19.708,19.741,4122.01
2026-06-07 11:00:00,19.742,19.828,19.667,19.823,1899.81
2026-06-07 12:00:00,19.825,19.85,19.721,19.767,2144.03
2026-06-07 13:00:00,19.767,19.768,19.601,19.657,2582.76
2026-06-07 14:00:00,19.658,20.0,19.658,19.822,4306.41
2026-06-07 15:00:00,19.838,19.865,19.604,19.75,3225.71
2026-06-07 16:00:00,19.749,19.845,19.675,19.783,4723.85
2026-06-07 17:00:00,19.781,19.959,19.767,19.869,2924.39
2026-06-07 18:00:00,19.868,19.958,19.816,19.881,3669.47
2026-06-07 19:00:00,19.881,19.906,19.666,19.754,6272.86
2026-06-07 20:00:00,19.754,19.787,19.699,19.778,3253.54
2026-06-07 21:00:00,19.777,19.796,19.694,19.762,2408.48
2026-06-07 22:00:00,19.763,19.842,19.62,19.652,2662.77
2026-06-07 23:00:00,19.651,19.801,19.603,19.697,2848.52
2026-06-08 00:00:00,19.697,19.78,19.645,19.732,1898.71
2026-06-08 01:00:00,19.733,19.742,19.633,19.669,1600.65
2026-06-08 02:00:00,19.67,22.0,19.626,20.264,22099.31
2026-06-08 03:00:00,20.266,20.59,20.016,20.552,10449.82
2026-06-08 04:00:00,20.563,22.0,20.559,21.517,16349.8
2026-06-08 05:00:00,21.538,22.047,21.252,21.926,12602.11
2026-06-08 06:00:00,21.926,21.963,21.416,21.898,8744.31
2026-06-08 07:00:00,21.899,22.2,21.773,22.078,6674.31
2026-06-08 08:00:00,22.066,22.111,21.713,21.935,5364.4
2026-06-08 09:00:00,21.928,22.505,21.815,22.241,10900.81
2026-06-08 10:00:00,22.241,22.406,22.049,22.367,7772.44
2026-06-08 11:00:00,22.365,23.247,22.315,23.139,14351.93
2026-06-08 12:00:00,23.144,23.259,22.742,22.958,9273.92
2026-06-08 13:00:00,22.958,23.083,22.638,23.058,8231.07
2026-06-08 14:00:00,23.057,23.5,22.892,23.283,10413.22
2026-06-08 15:00:00,23.288,23.293,22.627,22.797,8920.37
2026-06-08 16:00:00,22.793,23.076,22.645,22.949,5442.36
2026-06-08 17:00:00,22.947,23.046,21.402,21.942,42000.38
2026-06-08 18:00:00,21.933,22.0,21.6,21.793,8768.6
2026-06-08 19:00:00,21.791,21.832,21.534,21.608,6240.49
2026-06-08 20:00:00,21.611,21.704,21.495,21.567,2727.66
2026-06-08 21:00:00,21.567,21.644,21.244,21.414,6519.26
2026-06-08 22:00:00,21.405,21.588,21.342,21.48,1691.72
2026-06-08 23:00:00,21.491,21.754,21.343,21.605,3767.26
2026-06-09 00:00:00,21.603,21.946,21.362,21.68,7421.33
2026-06-09 01:00:00,21.678,21.996,21.613,21.918,3814.64
2026-06-09 02:00:00,21.913,22.0,21.66,21.88,17892.38
2026-06-09 03:00:00,21.879,22.22,21.862,21.965,13514.13
2026-06-09 04:00:00,21.962,22.231,21.931,22.178,3816.84
2026-06-09 05:00:00,22.176,22.582,22.011,22.438,6097.73
2026-06-09 06:00:00,22.438,22.507,22.101,22.239,6143.19
2026-06-09 07:00:00,22.241,22.269,21.902,21.929,4322.12
2026-06-09 08:00:00,21.929,22.441,21.929,22.392,3168.77
2026-06-09 09:00:00,22.39,22.549,22.285,22.52,3449.51
2026-06-09 10:00:00,22.522,22.7,22.486,22.675,3983.11
2026-06-09 11:00:00,22.674,22.752,22.374,22.584,3836.21
2026-06-09 12:00:00,22.58,22.668,22.244,22.258,6709.22
2026-06-09 13:00:00,22.26,22.444,21.767,21.82,11726.27
2026-06-09 14:00:00,21.819,21.935,21.391,21.544,11180.94
2026-06-09 15:00:00,21.533,21.734,20.94,21.06,6074.53
2026-06-09 16:00:00,21.055,21.624,20.788,20.878,10033.85
2026-06-09 17:00:00,20.877,20.976,18.975,19.407,32756.4
2026-06-09 18:00:00,19.417,19.536,18.0,18.63,24441.83
2026-06-09 19:00:00,18.631,19.89,18.41,19.444,23548.36
2026-06-09 20:00:00,19.445,19.771,19.248,19.338,6649.1
2026-06-09 21:00:00,19.337,19.41,19.16,19.349,3733.23
2026-06-09 22:00:00,19.337,19.337,19.192,19.238,2466.12
2026-06-09 23:00:00,19.24,19.821,19.173,19.249,5560.57
2026-06-10 00:00:00,19.25,19.543,18.851,19.374,9651.15
2026-06-10 01:00:00,19.375,19.389,19.131,19.28,3207.57
2026-06-10 02:00:00,19.28,19.559,19.259,19.27,4416.46
2026-06-10 03:00:00,19.276,19.753,19.275,19.564,2569.1
2026-06-10 04:00:00,19.565,19.608,18.955,19.227,4490.24
2026-06-10 05:00:00,19.227,19.699,19.227,19.569,3887.45
2026-06-10 06:00:00,19.568,19.97,19.474,19.505,8554.73
2026-06-10 07:00:00,19.506,20.117,19.2,19.212,10085.61
2026-06-10 08:00:00,19.211,19.394,19.068,19.076,9900.84
2026-06-10 09:00:00,19.091,19.54,18.948,19.284,14693.12
2026-06-10 10:00:00,19.302,19.323,18.685,18.739,16085.66
2026-06-10 11:00:00,18.752,19.116,18.426,18.54,18466.23
2026-06-10 12:00:00,18.538,19.0,18.521,18.993,19571.61
2026-06-10 13:00:00,18.996,19.075,18.136,18.136,24219.09
2026-06-10 14:00:00,18.138,18.52,18.138,18.391,9220.12
2026-06-10 15:00:00,18.413,18.429,17.956,18.0,7069.74
2026-06-10 16:00:00,18.0,18.279,17.955,18.095,5085.51
2026-06-10 17:00:00,18.092,18.135,17.905,17.906,2592.74
2026-06-10 18:00:00,17.906,17.946,17.758,17.858,5038.47
2026-06-10 19:00:00,17.859,17.971,17.75,17.876,4919.48
2026-06-10 20:00:00,17.875,18.078,17.849,17.88,3485.63
2026-06-10 21:00:00,17.879,18.014,17.686,17.771,2962.43
2026-06-10 22:00:00,17.772,18.125,17.683,18.027,3823.29
2026-06-10 23:00:00,18.025,18.074,17.866,18.023,4143.7
2026-06-11 00:00:00,18.028,19.016,17.79,18.843,14610.55
2026-06-11 01:00:00,18.842,19.023,18.612,18.612,5855.75
2026-06-11 02:00:00,18.618,21.0,18.565,19.971,42524.84
2026-06-11 03:00:00,19.962,20.553,19.338,20.185,45165.07
2026-06-11 04:00:00,20.183,20.48,19.895,19.923,31627.09
2026-06-11 05:00:00,19.937,20.217,19.703,19.896,22269.14
2026-06-11 06:00:00,19.895,20.034,19.782,19.81,6052.28
2026-06-11 07:00:00,19.811,19.831,19.488,19.537,4672.78
2026-06-11 08:00:00,19.539,19.75,19.016,19.515,11972.89
2026-06-11 09:00:00,19.515,19.977,19.418,19.909,21022.41
2026-06-11 10:00:00,19.91,20.045,19.604,19.774,20272.73
2026-06-11 11:00:00,19.794,20.729,19.704,20.528,37738.51
2026-06-11 12:00:00,20.527,20.698,20.001,20.378,28770.0
2026-06-11 13:00:00,20.372,20.761,20.018,20.425,37809.47
2026-06-11 14:00:00,20.443,21.145,20.308,20.957,39841.75
2026-06-11 15:00:00,20.957,21.5,20.559,20.618,43292.91
2026-06-11 16:00:00,20.619,21.089,20.44,20.489,11513.82
2026-06-11 17:00:00,20.495,20.872,20.468,20.784,9419.82
2026-06-11 18:00:00,20.782,20.862,20.668,20.7,6146.7
2026-06-11 19:00:00,20.722,21.749,20.686,21.195,24844.98
2026-06-11 20:00:00,21.194,21.563,21.154,21.282,6101.79
2026-06-11 21:00:00,21.291,21.603,21.245,21.299,3338.92
2026-06-11 22:00:00,21.306,21.566,21.181,21.459,5681.97
2026-06-11 23:00:00,21.457,21.561,20.811,20.9,4992.34
2026-06-12 00:00:00,20.901,21.4,20.823,21.4,8204.72
2026-06-12 01:00:00,21.391,21.403,21.048,21.264,12537.42
2026-06-12 02:00:00,21.264,21.419,21.1,21.198,9892.59
2026-06-12 03:00:00,21.197,21.49,21.008,21.31,18786.55
2026-06-12 04:00:00,21.312,21.7,19.958,20.013,60628.3
2026-06-12 05:00:00,20.001,22.115,19.99,21.859,76860.68
2026-06-12 06:00:00,21.868,22.1,21.658,21.811,52394.07
2026-06-12 07:00:00,21.811,22.347,21.659,21.7,19341.9
2026-06-12 08:00:00,21.702,21.844,20.704,21.103,36740.81
2026-06-12 09:00:00,21.109,21.146,20.865,20.945,26009.74
2026-06-12 10:00:00,20.945,21.081,20.855,20.958,21482.39
2026-06-12 11:00:00,20.953,20.985,20.849,20.948,21113.68
2026-06-12 12:00:00,20.952,21.984,20.915,21.916,24870.14
2026-06-12 13:00:00,21.926,21.935,21.33,21.573,37416.49
2026-06-12 14:00:00,21.572,21.931,21.054,21.745,35797.44
2026-06-12 15:00:00,21.751,21.831,20.932,20.995,17654.58
2026-06-12 16:00:00,20.999,21.125,20.826,20.969,5273.82
2026-06-12 17:00:00,20.968,20.998,20.765,20.931,2422.99
2026-06-12 18:00:00,20.918,20.983,20.686,20.703,1465.74
2026-06-12 19:00:00,20.703,20.866,20.685,20.79,3034.09
2026-06-12 20:00:00,20.788,20.91,20.673,20.673,1709.61
2026-06-12 21:00:00,20.673,20.693,20.553,20.593,3179.62
2026-06-12 22:00:00,20.595,20.702,19.618,19.935,37691.44
2026-06-12 23:00:00,19.932,20.143,19.363,19.473,22324.31
2026-06-13 00:00:00,19.474,19.652,19.237,19.244,20006.92
2026-06-13 01:00:00,19.244,19.372,18.985,19.028,21508.36
2026-06-13 02:00:00,19.04,19.167,18.943,19.039,10818.35
2026-06-13 03:00:00,19.039,19.113,18.678,18.848,11433.82
2026-06-13 04:00:00,18.845,19.152,18.786,19.051,11915.46
2026-06-13 05:00:00,19.043,19.489,19.01,19.466,7822.3
2026-06-13 06:00:00,19.477,19.508,19.142,19.211,9170.3
2026-06-13 07:00:00,19.202,19.343,18.95,18.977,24201.22
2026-06-13 08:00:00,18.98,19.092,15.366,17.41,370547.65
2026-06-13 09:00:00,17.397,17.585,17.163,17.355,30571.43
2026-06-13 10:00:00,17.354,19.178,15.14,18.819,399171.62
2026-06-13 11:00:00,18.808,19.13,17.334,17.458,81755.13
2026-06-13 12:00:00,17.445,17.993,17.091,17.852,32154.51
2026-06-13 13:00:00,17.85,18.11,17.503,17.793,18932.0
2026-06-13 14:00:00,17.795,17.898,17.1,17.169,17881.02
2026-06-13 15:00:00,17.168,17.879,17.032,17.041,18625.91
2026-06-13 16:00:00,17.042,17.284,16.909,16.952,11368.19
2026-06-13 17:00:00,16.952,17.059,16.87,16.942,8316.31
2026-06-13 18:00:00,16.941,17.296,16.864,16.969,9805.69
2026-06-13 19:00:00,16.967,17.418,16.915,17.265,6987.02
2026-06-13 20:00:00,17.261,18.064,17.223,17.512,21062.08
2026-06-13 21:00:00,17.51,17.614,17.409,17.429,5220.36
2026-06-13 22:00:00,17.424,17.548,17.295,17.532,4408.77
2026-06-13 23:00:00,17.532,17.561,17.2,17.251,6446.68
2026-06-14 00:00:00,17.252,18.142,17.115,17.924,25503.41
2026-06-14 01:00:00,17.922,18.391,17.681,17.714,19142.29
2026-06-14 02:00:00,17.713,18.3,17.688,18.01,22080.39
2026-06-14 03:00:00,18.009,18.3,17.903,18.099,10843.18
2026-06-14 04:00:00,18.1,18.22,17.789,17.917,8721.69
2026-06-14 05:00:00,17.917,18.193,17.462,17.499,20222.79
2026-06-14 06:00:00,17.506,18.15,17.431,18.066,20305.83
2026-06-14 07:00:00,18.06,18.069,17.563,17.608,6787.09
2026-06-14 08:00:00,17.606,18.091,17.55,17.663,9487.31
2026-06-14 09:00:00,17.661,18.04,17.502,17.848,10488.49
2026-06-14 10:00:00,17.844,17.983,17.679,17.726,7760.29
2026-06-14 11:00:00,17.731,18.2,17.729,17.977,9543.55
2026-06-14 12:00:00,17.976,18.268,17.688,18.051,12990.11
2026-06-14 13:00:00,18.049,18.123,17.866,17.95,6521.18
2026-06-14 14:00:00,17.951,18.044,17.746,17.884,7492.74
2026-06-14 15:00:00,17.883,17.956,17.726,17.86,4641.34
2026-06-14 16:00:00,17.861,18.04,17.804,17.835,3884.43
2026-06-14 17:00:00,17.836,17.885,17.753,17.79,5195.38
2026-06-14 18:00:00,17.792,17.943,17.75,17.839,3008.88
2026-06-14 19:00:00,17.836,17.98,17.5,17.727,8065.03
2026-06-14 20:00:00,17.723,17.83,17.7,17.766,2444.14
2026-06-14 21:00:00,17.765,18.0,17.712,17.832,7041.08
2026-06-14 22:00:00,17.833,17.854,17.5,17.528,9249.56
2026-06-14 23:00:00,17.531,18.181,17.459,17.867,17118.3
2026-06-15 00:00:00,17.868,18.027,17.598,17.632,9476.2
2026-06-15 01:00:00,17.637,17.695,17.442,17.452,4951.44
2026-06-15 02:00:00,17.451,18.363,17.405,17.979,30611.87
2026-06-15 03:00:00,17.978,17.987,17.637,17.65,7244.88
2026-06-15 04:00:00,17.651,18.2,17.517,17.779,15087.53
2026-06-15 05:00:00,17.771,18.278,17.5,17.671,26487.69
2026-06-15 06:00:00,17.675,18.144,17.532,17.922,27491.26
2026-06-15 07:00:00,17.917,19.808,17.792,19.212,35066.68
2026-06-15 08:00:00,19.213,19.718,18.659,18.858,32944.37
2026-06-15 09:00:00,18.857,19.075,18.75,18.951,8656.33
2026-06-15 10:00:00,18.95,18.992,18.837,18.891,6709.84
2026-06-15 11:00:00,18.891,19.081,18.717,18.924,8563.59
2026-06-15 12:00:00,18.924,19.028,18.903,18.961,5727.56
2026-06-15 13:00:00,18.958,18.973,18.71,18.759,7724.66
2026-06-15 14:00:00,18.76,18.854,18.546,18.552,9008.45
2026-06-15 15:00:00,18.551,18.626,18.447,18.542,9452.57
2026-06-15 16:00:00,18.542,18.904,18.48,18.687,8822.7
2026-06-15 17:00:00,18.69,18.841,18.659,18.785,3954.04
2026-06-15 18:00:00,18.785,19.047,18.752,18.984,3442.51
2026-06-15 19:00:00,18.99,19.042,18.898,18.921,3625.71
2026-06-15 20:00:00,18.922,19.055,18.895,18.95,2933.7
2026-06-15 21:00:00,18.949,19.04,18.913,18.973,2095.89
2026-06-15 22:00:00,18.961,19.106,18.939,18.969,5547.87
2026-06-15 23:00:00,18.968,19.02,18.916,18.959,2891.62
2026-06-16 00:00:00,18.957,19.005,18.891,18.955,1838.17
2026-06-16 01:00:00,18.955,19.045,18.884,18.918,2297.51
2026-06-16 02:00:00,18.922,19.045,18.903,19.021,1757.86
2026-06-16 03:00:00,19.021,19.394,19.006,19.393,7998.55
2026-06-16 04:00:00,19.394,19.524,19.238,19.438,8164.95
2026-06-16 05:00:00,19.439,19.513,19.303,19.435,4682.73
2026-06-16 06:00:00,19.435,19.494,19.22,19.246,3111.11
2026-06-16 07:00:00,19.242,19.27,18.786,18.827,9685.82
2026-06-16 08:00:00,18.828,18.998,18.591,18.978,7215.39
2026-06-16 09:00:00,18.979,19.054,18.831,18.868,5167.27
2026-06-16 10:00:00,18.868,18.971,18.71,18.798,4662.06
2026-06-16 11:00:00,18.797,18.827,18.588,18.65,3853.43
2026-06-16 12:00:00,18.65,18.677,18.458,18.488,5433.06
2026-06-16 13:00:00,18.486,18.63,18.467,18.55,3151.45
2026-06-16 14:00:00,18.554,18.787,18.554,18.709,4722.46
2026-06-16 15:00:00,18.71,18.788,18.65,18.765,2485.44
2026-06-16 16:00:00,18.767,18.996,18.767,18.937,7824.13
2026-06-16 17:00:00,18.938,18.963,18.65,18.658,5133.07
2026-06-16 18:00:00,18.669,18.752,18.478,18.491,3814.04
2026-06-16 19:00:00,18.491,18.498,18.295,18.337,4322.89
2026-06-16 20:00:00,18.338,18.52,18.271,18.477,3242.45
2026-06-16 21:00:00,18.479,18.828,18.425,18.759,4512.87
2026-06-16 22:00:00,18.759,18.804,18.598,18.641,2103.32
2026-06-16 23:00:00,18.64,18.821,18.391,18.439,3463.01
2026-06-17 00:00:00,18.435,18.713,18.431,18.579,3063.75
2026-06-17 01:00:00,18.579,18.633,18.411,18.425,2148.76
2026-06-17 02:00:00,18.425,18.501,18.252,18.305,2860.48
2026-06-17 03:00:00,18.305,18.432,18.222,18.288,1908.15
2026-06-17 04:00:00,18.288,18.331,17.78,17.847,8588.21
2026-06-17 05:00:00,17.846,17.846,17.479,17.548,7321.25
2026-06-17 06:00:00,17.547,17.636,17.007,17.176,22718.01
2026-06-17 07:00:00,17.175,17.742,17.072,17.697,11650.44
2026-06-17 08:00:00,17.698,17.703,17.067,17.299,12084.34
2026-06-17 09:00:00,17.298,17.326,17.093,17.203,3496.3
2026-06-17 10:00:00,17.202,18.15,15.21,15.842,77664.31
2026-06-17 11:00:00,15.841,16.239,15.622,15.928,22558.6
2026-06-17 12:00:00,15.928,16.415,15.3,15.527,25787.61
2026-06-17 13:00:00,15.532,16.066,15.226,15.817,26879.9
2026-06-17 14:00:00,15.814,15.905,15.677,15.77,6120.49
2026-06-17 15:00:00,15.772,15.788,15.53,15.588,6614.86
2026-06-17 16:00:00,15.589,15.911,15.371,15.382,17376.25
2026-06-17 17:00:00,15.381,15.489,14.801,14.942,18732.61
2026-06-17 18:00:00,14.948,15.15,14.683,14.723,25907.59
2026-06-17 19:00:00,14.724,15.487,14.696,15.025,20201.26
2026-06-17 20:00:00,15.022,15.227,14.816,14.84,7952.54
2026-06-17 21:00:00,14.839,14.94,14.711,14.749,2908.99
2026-06-17 22:00:00,14.748,14.856,14.593,14.69,7144.92
2026-06-17 23:00:00,14.686,14.729,14.473,14.51,10871.85
2026-06-18 00:00:00,14.513,14.815,14.464,14.802,10056.19
2026-06-18 01:00:00,14.805,14.828,13.12,13.923,80794.67
2026-06-18 02:00:00,13.922,14.05,13.543,13.73,31163.58
2026-06-18 03:00:00,13.717,14.03,13.545,13.698,26933.53
2026-06-18 04:00:00,13.697,13.8,13.494,13.545,13856.87
2026-06-18 05:00:00,13.548,14.07,13.429,13.966,20417.85
2026-06-18 06:00:00,13.966,15.586,13.873,15.22,48498.09
2026-06-18 07:00:00,15.22,16.077,15.093,15.436,40317.52
2026-06-18 08:00:00,15.437,15.46,14.773,14.892,17351.1
2026-06-18 09:00:00,14.897,15.076,14.49,14.502,9607.56
2026-06-18 10:00:00,14.502,14.733,14.4,14.532,8466.17
2026-06-18 11:00:00,14.532,14.676,14.334,14.595,8690.03
2026-06-18 12:00:00,14.585,14.637,14.348,14.441,7014.93
2026-06-18 13:00:00,14.44,14.667,14.265,14.574,9592.66
2026-06-18 14:00:00,14.575,14.73,14.461,14.545,6172.87
2026-06-18 15:00:00,14.544,14.935,14.535,14.867,7569.23
2026-06-18 16:00:00,14.861,15.583,14.777,15.471,25473.33
2026-06-18 17:00:00,15.478,15.575,15.215,15.35,9975.24
2026-06-18 18:00:00,15.357,15.551,15.137,15.472,9728.74
2026-06-18 19:00:00,15.473,15.492,15.239,15.306,5407.42
2026-06-18 20:00:00,15.307,15.516,15.307,15.475,2988.46
2026-06-18 21:00:00,15.47,15.55,15.326,15.355,10435.76
2026-06-18 22:00:00,15.355,15.475,15.253,15.464,5447.28
2026-06-18 23:00:00,15.445,15.5,15.241,15.278,4804.35
2026-06-19 00:00:00,15.275,16.892,15.019,16.5,34796.05
2026-06-19 01:00:00,16.505,16.8,16.123,16.533,41660.86
2026-06-19 02:00:00,16.532,16.63,15.831,16.4,25594.5
2026-06-19 03:00:00,16.421,16.693,16.344,16.55,8504.86
2026-06-19 04:00:00,16.55,16.591,16.164,16.457,10703.73
2026-06-19 05:00:00,16.457,16.622,16.317,16.478,11931.18
2026-06-19 06:00:00,16.478,16.733,16.384,16.588,7831.66
2026-06-19 07:00:00,16.581,16.744,16.493,16.688,6383.42
2026-06-19 08:00:00,16.683,16.777,16.52,16.765,6657.53
2026-06-19 09:00:00,16.765,17.1,16.621,16.69,17244.02
2026-06-19 10:00:00,16.689,16.843,16.362,16.566,11280.18
2026-06-19 11:00:00,16.573,16.708,16.049,16.385,23039.61
2026-06-19 12:00:00,16.392,16.804,16.386,16.608,7375.72
2026-06-19 13:00:00,16.607,16.654,16.335,16.587,10493.62
2026-06-19 14:00:00,16.587,16.591,16.307,16.495,4914.96
2026-06-19 15:00:00,16.495,16.648,16.415,16.625,5960.04
2026-06-19 16:00:00,16.62,16.745,16.605,16.666,4901.43
2026-06-19 17:00:00,16.683,16.883,16.61,16.661,4445.0
2026-06-19 18:00:00,16.659,16.799,16.659,16.733,2554.77
2026-06-19 19:00:00,16.748,16.836,16.628,16.78,3669.82
2026-06-19 20:00:00,16.781,16.789,16.448,16.699,5313.99
2026-06-19 21:00:00,16.698,16.738,16.659,16.694,1872.8
2026-06-19 22:00:00,16.715,16.839,16.663,16.838,2594.31
2026-06-19 23:00:00,16.84,16.928,16.788,16.866,2576.78
2026-06-20 00:00:00,16.865,16.906,16.466,16.506,5057.8
2026-06-20 01:00:00,16.515,16.721,16.263,16.308,4068.44
2026-06-20 02:00:00,16.308,16.445,16.232,16.291,4380.66
2026-06-20 03:00:00,16.277,16.407,15.886,15.923,6392.71
2026-06-20 04:00:00,15.924,16.514,15.912,16.308,14870.76
2026-06-20 05:00:00,16.32,16.324,15.903,15.916,6492.76
2026-06-20 06:00:00,15.905,16.03,15.757,15.758,9136.69
2026-06-20 07:00:00,15.769,15.944,15.719,15.725,3816.38
2026-06-20 08:00:00,15.724,15.855,15.711,15.745,3027.39
2026-06-20 09:00:00,15.753,15.806,15.609,15.632,3696.23
2026-06-20 10:00:00,15.644,15.708,15.45,15.452,6052.64
2026-06-20 11:00:00,15.454,15.567,15.433,15.515,1698.77
2026-06-20 12:00:00,15.512,15.514,15.3,15.339,2457.47
2026-06-20 13:00:00,15.339,15.47,15.255,15.38,4138.2
2026-06-20 14:00:00,15.377,15.424,15.212,15.245,5716.39
2026-06-20 15:00:00,15.238,15.346,15.142,15.172,4135.1
2026-06-20 16:00:00,15.163,15.714,15.111,15.555,9425.25
2026-06-20 17:00:00,15.555,15.794,15.445,15.723,4539.73
2026-06-20 18:00:00,15.724,15.806,15.623,15.649,2647.23
2026-06-20 19:00:00,15.65,15.65,15.437,15.463,2019.83
2026-06-20 20:00:00,15.475,15.549,15.335,15.356,2393.45
2026-06-20 21:00:00,15.358,15.723,15.358,15.703,4185.06
2026-06-20 22:00:00,15.714,15.748,15.419,15.443,3161.18
2026-06-20 23:00:00,15.448,15.533,15.378,15.47,2499.09
2026-06-21 00:00:00,15.466,15.625,15.431,15.535,1487.73
2026-06-21 01:00:00,15.535,15.535,15.24,15.258,10007.54
2026-06-21 02:00:00,15.259,15.3,14.773,14.793,10261.51
2026-06-21 03:00:00,14.785,15.107,14.705,14.903,7005.44
2026-06-21 04:00:00,14.903,14.96,14.577,14.743,5984.72
2026-06-21 05:00:00,14.742,14.743,14.558,14.567,7672.15
2026-06-21 06:00:00,14.563,14.65,14.438,14.455,6451.84
2026-06-21 07:00:00,14.459,14.499,14.267,14.335,9611.85
2026-06-21 08:00:00,14.314,14.539,14.203,14.463,14111.69
2026-06-21 09:00:00,14.464,14.61,14.077,14.253,11701.2
2026-06-21 10:00:00,14.247,14.292,13.965,14.119,6609.9
2026-06-21 11:00:00,14.124,14.296,14.021,14.273,2622.95
2026-06-21 12:00:00,14.273,14.455,14.248,14.283,2512.44
2026-06-21 13:00:00,14.285,14.519,14.273,14.465,5404.48
2026-06-21 14:00:00,14.465,14.486,14.284,14.288,1069.04
2026-06-21 15:00:00,14.287,14.299,14.2,14.264,1018.9
2026-06-21 16:00:00,14.265,14.283,14.098,14.123,2243.58
2026-06-21 17:00:00,14.127,14.285,14.127,14.25,2158.79
2026-06-21 18:00:00,14.253,14.283,14.071,14.143,3829.01
2026-06-21 19:00:00,14.143,14.156,14.031,14.145,1165.7
2026-06-21 20:00:00,14.146,14.205,14.036,14.088,1389.3
2026-06-21 21:00:00,14.088,14.164,14.023,14.09,2090.79
2026-06-21 22:00:00,14.089,14.434,14.089,14.383,2651.53
2026-06-21 23:00:00,14.371,14.391,13.974,13.997,9208.13
2026-06-22 00:00:00,13.997,14.466,13.993,14.221,13468.4
2026-06-22 01:00:00,14.221,14.227,13.543,13.662,35181.63
2026-06-22 02:00:00,13.666,13.763,13.4,13.596,27199.43
2026-06-22 03:00:00,13.593,13.629,13.485,13.508,8151.64
2026-06-22 04:00:00,13.509,13.673,13.465,13.651,12145.88
2026-06-22 05:00:00,13.653,13.714,13.477,13.556,10408.51
2026-06-22 06:00:00,13.556,13.831,13.46,13.668,13614.25
2026-06-22 07:00:00,13.671,13.846,13.56,13.846,6795.96
2026-06-22 08:00:00,13.843,16.436,13.843,15.631,104392.01
2026-06-22 09:00:00,15.618,15.862,15.352,15.565,33911.31
2026-06-22 10:00:00,15.564,17.943,15.48,16.999,103556.52
2026-06-22 11:00:00,16.992,17.165,16.3,17.052,43118.14
2026-06-22 12:00:00,17.059,18.1,16.785,17.614,38547.6
2026-06-22 13:00:00,17.615,18.25,17.503,17.582,35389.23
2026-06-22 14:00:00,17.57,18.37,17.408,18.029,38283.3
2026-06-22 15:00:00,18.028,18.193,17.679,18.133,21650.37
2026-06-22 16:00:00,18.149,18.4,17.699,18.138,35772.54
2026-06-22 17:00:00,18.139,18.318,17.902,18.129,16304.11
2026-06-22 18:00:00,18.135,18.247,17.856,18.042,15214.41
2026-06-22 19:00:00,18.026,18.5,17.837,18.093,26213.5
2026-06-22 20:00:00,18.094,18.194,17.681,17.826,11292.08
2026-06-22 21:00:00,17.825,18.154,17.616,17.989,13281.0
2026-06-22 22:00:00,17.989,18.151,17.915,18.068,7930.23
2026-06-22 23:00:00,18.08,18.596,18.0,18.509,22466.02
2026-06-23 00:00:00,18.509,22.862,18.478,22.532,193817.91
2026-06-23 01:00:00,22.531,22.988,21.445,22.071,74708.14
2026-06-23 02:00:00,22.062,22.658,21.752,22.42,52656.58
2026-06-23 03:00:00,22.424,23.0,22.194,22.656,32168.54
2026-06-23 04:00:00,22.659,22.79,21.864,22.185,31748.48
2026-06-23 05:00:00,22.178,23.348,21.802,22.02,50362.08
2026-06-23 06:00:00,22.023,24.639,21.15,24.196,89463.91
2026-06-23 07:00:00,24.197,24.7,22.629,23.025,122598.67
2026-06-23 08:00:00,23.002,23.591,22.44,23.163,74520.57
2026-06-23 09:00:00,23.162,23.431,22.805,22.951,34375.42
2026-06-23 10:00:00,22.935,23.247,22.628,22.685,33896.0
2026-06-23 11:00:00,22.696,23.22,22.562,22.861,26626.62
2026-06-23 12:00:00,22.87,24.126,22.741,23.128,25695.32
2026-06-23 13:00:00,23.128,23.256,21.395,22.233,52015.08
2026-06-23 14:00:00,22.231,23.2,22.02,22.452,49413.3
2026-06-23 15:00:00,22.467,23.015,21.903,22.673,32999.4
2026-06-23 16:00:00,22.676,23.0,22.277,22.742,21859.08
2026-06-23 17:00:00,22.741,23.591,22.442,22.8,38975.65
2026-06-23 18:00:00,22.799,23.402,22.706,23.087,20465.13
2026-06-23 19:00:00,23.088,23.932,22.876,23.24,25712.81
2026-06-23 20:00:00,23.254,23.591,23.083,23.499,15800.95
2026-06-23 21:00:00,23.5,23.876,23.003,23.13,20498.31
2026-06-23 22:00:00,23.13,23.702,23.12,23.303,12520.12
2026-06-23 23:00:00,23.302,23.559,23.07,23.331,11155.93
2026-06-24 00:00:00,23.33,24.283,23.039,23.196,21145.35
2026-06-24 01:00:00,23.197,23.28,22.7,22.895,12631.31
2026-06-24 02:00:00,22.896,23.225,22.788,22.957,12859.26
2026-06-24 03:00:00,22.95,23.059,22.492,22.586,10081.53
2026-06-24 04:00:00,22.573,22.915,22.507,22.874,8800.46
2026-06-24 05:00:00,22.875,22.905,22.396,22.413,9647.22
2026-06-24 06:00:00,22.408,22.888,22.345,22.658,8860.0
2026-06-24 07:00:00,22.656,23.15,22.487,22.853,9415.55
2026-06-24 08:00:00,22.855,23.182,22.684,23.155,9963.12
2026-06-24 09:00:00,23.149,23.384,22.824,22.922,7711.86
2026-06-24 10:00:00,22.922,23.216,22.892,23.007,5518.88
2026-06-24 11:00:00,23.006,23.22,22.728,22.753,5083.04
2026-06-24 12:00:00,22.754,23.364,22.643,23.042,10178.53
2026-06-24 13:00:00,23.047,23.332,22.809,23.175,8351.89
2026-06-24 14:00:00,23.171,23.307,22.789,22.827,8492.03
2026-06-24 15:00:00,22.827,22.889,21.933,22.701,18353.76
2026-06-24 16:00:00,22.703,23.193,22.201,22.237,17194.77
2026-06-24 17:00:00,22.253,22.503,22.058,22.255,12677.03
2026-06-24 18:00:00,22.254,22.528,22.22,22.491,4460.11
2026-06-24 19:00:00,22.49,22.614,22.284,22.428,3742.86
2026-06-24 20:00:00,22.428,22.768,22.403,22.678,3976.03
2026-06-24 21:00:00,22.684,22.699,22.311,22.42,5123.12
2026-06-24 22:00:00,22.424,22.444,22.235,22.35,2862.96
2026-06-24 23:00:00,22.351,22.429,22.176,22.358,2602.46
2026-06-25 00:00:00,22.358,22.753,22.337,22.417,7894.53
2026-06-25 01:00:00,22.419,22.677,22.361,22.617,2950.86
2026-06-25 02:00:00,22.627,22.809,22.565,22.565,2793.64
2026-06-25 03:00:00,22.563,22.824,22.506,22.683,3258.74
2026-06-25 04:00:00,22.671,24.262,22.619,23.143,16869.59
2026-06-25 05:00:00,23.142,23.415,22.986,23.205,4347.84
2026-06-25 06:00:00,23.206,23.658,22.926,23.573,7713.54
2026-06-25 07:00:00,23.575,23.657,23.364,23.467,3951.04
2026-06-25 08:00:00,23.446,23.49,23.062,23.245,3111.88
2026-06-25 09:00:00,23.268,23.402,22.814,22.906,5372.18
2026-06-25 10:00:00,22.904,23.377,22.898,23.115,6012.0
2026-06-25 11:00:00,23.117,23.343,22.818,23.053,6506.08
2026-06-25 12:00:00,23.055,23.328,22.973,23.271,6022.08
2026-06-25 13:00:00,23.262,25.5,23.253,23.569,76541.48
2026-06-25 14:00:00,23.568,23.948,23.285,23.534,12151.68
2026-06-25 15:00:00,23.534,23.609,23.216,23.292,14344.06
2026-06-25 16:00:00,23.296,23.493,23.042,23.161,7573.95
2026-06-25 17:00:00,23.167,23.613,23.167,23.226,5825.89
2026-06-25 18:00:00,23.224,23.277,23.055,23.103,3758.04
2026-06-25 19:00:00,23.1,23.197,22.994,23.108,2831.45
2026-06-25 20:00:00,23.107,23.239,23.052,23.197,2590.13
2026-06-25 21:00:00,23.197,23.208,22.519,23.062,8602.99
2026-06-25 22:00:00,23.062,23.118,22.818,22.92,2354.06
2026-06-25 23:00:00,22.92,23.006,22.762,22.894,2772.4
2026-06-26 00:00:00,22.892,23.52,22.842,23.262,8221.88
2026-06-26 01:00:00,23.255,23.424,23.183,23.332,2595.42
2026-06-26 02:00:00,23.333,23.384,23.016,23.085,4969.43
2026-06-26 03:00:00,23.079,23.543,22.869,23.201,8735.27
2026-06-26 04:00:00,23.2,23.44,22.984,23.01,13854.7
2026-06-26 05:00:00,23.01,23.01,22.337,22.511,8564.14
2026-06-26 06:00:00,22.507,22.8,22.354,22.46,8671.15
2026-06-26 07:00:00,22.462,22.771,22.382,22.569,6380.17
2026-06-26 08:00:00,22.556,22.661,22.318,22.61,6769.66
2026-06-26 09:00:00,22.618,23.29,22.613,23.052,11282.11
2026-06-26 10:00:00,23.034,23.107,22.824,22.904,3297.9
2026-06-26 11:00:00,22.905,23.204,22.88,23.053,2402.36
2026-06-26 12:00:00,23.053,23.337,22.809,23.227,6107.79
2026-06-26 13:00:00,23.228,23.867,23.228,23.643,10990.03
2026-06-26 14:00:00,23.636,23.764,23.036,23.238,11002.47
2026-06-26 15:00:00,23.239,23.258,22.511,22.538,12003.18
2026-06-26 16:00:00,22.535,22.655,21.934,22.027,17675.57
2026-06-26 17:00:00,22.027,22.339,21.444,21.677,14632.19
2026-06-26 18:00:00,21.677,21.868,21.244,21.277,5745.59
2026-06-26 19:00:00,21.281,21.331,20.794,20.888,6657.21
2026-06-26 20:00:00,20.888,21.047,20.418,20.418,5258.39
2026-06-26 21:00:00,20.417,20.909,20.327,20.725,5594.08
2026-06-26 22:00:00,20.723,21.648,20.612,20.907,7111.57
2026-06-26 23:00:00,20.922,21.783,20.905,21.467,7373.03
2026-06-27 00:00:00,21.469,21.77,21.2,21.235,12765.97
2026-06-27 01:00:00,21.243,21.728,20.869,21.458,8066.56
2026-06-27 02:00:00,21.473,22.5,21.427,22.219,13821.85
2026-06-27 03:00:00,22.231,22.261,21.775,21.775,5113.74
2026-06-27 04:00:00,21.784,22.069,21.763,21.941,3156.28
2026-06-27 05:00:00,21.938,21.942,21.322,21.463,5135.59
2026-06-27 06:00:00,21.461,21.484,20.538,20.726,8477.66
2026-06-27 07:00:00,20.725,20.999,20.724,20.806,4290.96
2026-06-27 08:00:00,20.805,20.918,20.574,20.714,2692.73
2026-06-27 09:00:00,20.706,20.895,20.602,20.7,2561.81
2026-06-27 10:00:00,20.703,20.808,20.622,20.697,1889.94
2026-06-27 11:00:00,20.688,21.334,20.663,21.18,9721.11
2026-06-27 12:00:00,21.181,22.129,21.173,21.968,10279.35
2026-06-27 13:00:00,21.976,21.996,21.476,21.71,4210.61
2026-06-27 14:00:00,21.702,21.844,21.534,21.751,3774.84
2026-06-27 15:00:00,21.744,21.91,21.633,21.677,2519.9
2026-06-27 16:00:00,21.676,21.917,21.652,21.717,3673.45
2026-06-27 17:00:00,21.708,21.988,21.695,21.903,2822.31
2026-06-27 18:00:00,21.913,22.133,21.837,21.861,4177.85
2026-06-27 19:00:00,21.86,22.045,21.693,21.712,3017.25
2026-06-27 20:00:00,21.712,21.883,21.712,21.747,2190.24
2026-06-27 21:00:00,21.751,21.977,21.731,21.916,2911.72
2026-06-27 22:00:00,21.916,22.08,21.874,21.934,3822.49
2026-06-27 23:00:00,21.931,22.322,21.931,22.159,4714.27
2026-06-28 00:00:00,22.155,22.504,22.068,22.395,3172.57
2026-06-28 01:00:00,22.395,22.406,22.094,22.325,2678.1
2026-06-28 02:00:00,22.321,22.36,22.194,22.291,1648.2
2026-06-28 03:00:00,22.29,22.601,22.23,22.445,4751.55
2026-06-28 04:00:00,22.459,22.65,21.94,22.435,6066.38
2026-06-28 05:00:00,22.433,22.933,22.23,22.67,5980.61
2026-06-28 06:00:00,22.67,22.762,22.507,22.566,3394.96
2026-06-28 07:00:00,22.58,22.75,22.521,22.521,1789.43
2026-06-28 08:00:00,22.521,22.553,22.329,22.373,5574.92
2026-06-28 09:00:00,22.371,22.415,22.029,22.34,2630.85
2026-06-28 10:00:00,22.353,22.417,22.2,22.24,2080.45
2026-06-28 11:00:00,22.237,22.475,22.201,22.35,2354.45
2026-06-28 12:00:00,22.35,22.47,22.028,22.29,5347.64
2026-06-28 13:00:00,22.29,22.442,22.22,22.382,2260.48
2026-06-28 14:00:00,22.381,22.407,22.217,22.314,1180.99
2026-06-28 15:00:00,22.313,22.416,22.261,22.36,1103.91
2026-06-28 16:00:00,22.36,22.731,22.316,22.569,3335.86
2026-06-28 17:00:00,22.585,22.742,22.446,22.488,2142.22
2026-06-28 18:00:00,22.49,22.785,22.462,22.671,1265.83
2026-06-28 19:00:00,22.674,22.735,22.282,22.304,2658.82
2026-06-28 20:00:00,22.308,22.461,22.307,22.414,877.63
2026-06-28 21:00:00,22.428,22.448,22.285,22.285,864.74
2026-06-28 22:00:00,22.284,22.42,22.182,22.271,1516.35
2026-06-28 23:00:00,22.271,22.299,21.372,21.58,9918.33
2026-06-29 00:00:00,21.588,21.772,21.286,21.429,7309.56
2026-06-29 01:00:00,21.427,22.058,21.322,22.006,5349.01
2026-06-29 02:00:00,22.006,22.01,21.737,21.816,3441.0
2026-06-29 03:00:00,21.819,21.883,21.634,21.883,2566.22
2026-06-29 04:00:00,21.88,21.905,21.737,21.738,2244.92
2026-06-29 05:00:00,21.739,22.394,21.579,21.879,7856.81
2026-06-29 06:00:00,21.877,21.941,21.74,21.745,1842.63
2026-06-29 07:00:00,21.745,22.2,21.676,22.116,10917.45
2026-06-29 08:00:00,22.1,22.128,21.908,21.92,5297.85
2026-06-29 09:00:00,21.92,21.989,21.867,21.879,1147.88
2026-06-29 10:00:00,21.879,21.933,21.75,21.801,2333.03
2026-06-29 11:00:00,21.803,21.959,21.767,21.898,1261.3
2026-06-29 12:00:00,21.9,21.921,21.7,21.765,2774.12
2026-06-29 13:00:00,21.765,21.896,21.745,21.896,1983.03
2026-06-29 14:00:00,21.885,21.893,21.757,21.868,1603.87
2026-06-29 15:00:00,21.869,21.935,21.609,21.609,1336.97
2026-06-29 16:00:00,21.618,21.669,21.477,21.514,2147.51
2026-06-29 17:00:00,21.525,21.66,21.48,21.583,3105.75
2026-06-29 18:00:00,21.585,21.923,21.58,21.808,3227.48
2026-06-29 19:00:00,21.808,22.797,21.79,22.772,6404.57
2026-06-29 20:00:00,22.773,23.184,22.619,23.028,7679.9
2026-06-29 21:00:00,23.03,23.3,23.017,23.129,3922.61
2026-06-29 22:00:00,23.129,23.4,23.111,23.334,1933.93
2026-06-29 23:00:00,23.333,23.345,23.117,23.246,1998.97
2026-06-30 00:00:00,23.228,23.261,22.986,23.045,2706.58
2026-06-30 01:00:00,23.028,23.222,22.509,23.151,3584.96
2026-06-30 02:00:00,23.15,23.23,22.91,23.2,3471.29
2026-06-30 03:00:00,23.21,23.217,23.032,23.071,4827.42
2026-06-30 04:00:00,23.07,23.113,22.952,22.958,3191.95
2026-06-30 05:00:00,22.955,22.994,22.83,22.91,2093.81
2026-06-30 06:00:00,22.909,23.081,22.887,22.897,2906.52
2026-06-30 07:00:00,22.885,23.012,22.88,22.982,1700.56
2026-06-30 08:00:00,22.981,23.057,22.904,22.987,2657.56
2026-06-30 09:00:00,22.987,23.2,22.898,23.045,4152.19
2026-06-30 10:00:00,23.045,23.122,22.93,23.002,3190.94
2026-06-30 11:00:00,23.0,23.1,22.941,23.1,2824.86
2026-06-30 12:00:00,23.088,23.172,23.01,23.128,2458.28
2026-06-30 13:00:00,23.128,23.346,23.05,23.227,8308.74
2026-06-30 14:00:00,23.206,23.365,23.035,23.202,5668.39
2026-06-30 15:00:00,23.201,23.397,23.023,23.219,6477.12
2026-06-30 16:00:00,23.219,23.293,23.071,23.134,2708.02
2026-06-30 17:00:00,23.132,23.188,23.074,23.079,1681.19
2026-06-30 18:00:00,23.081,23.147,22.955,22.955,3294.44
2026-06-30 19:00:00,22.957,23.127,22.835,22.93,1608.73
2026-06-30 20:00:00,22.93,23.103,22.891,23.09,1436.49
2026-06-30 21:00:00,23.095,23.647,22.987,23.378,4861.33
2026-06-30 22:00:00,23.384,23.393,23.119,23.174,1353.44
2026-06-30 23:00:00,23.175,23.444,23.066,23.281,2253.69
2026-07-01 00:00:00,23.284,23.389,23.06,23.233,2560.29
2026-07-01 01:00:00,23.231,23.397,23.116,23.252,2134.73
2026-07-01 02:00:00,23.249,23.294,22.933,22.999,5011.08
2026-07-01 03:00:00,22.999,23.044,22.886,22.903,1122.84
2026-07-01 04:00:00,22.905,22.953,22.616,22.626,6249.1
2026-07-01 05:00:00,22.627,22.666,22.35,22.493,6301.07
2026-07-01 06:00:00,22.497,22.682,22.454,22.592,4232.13
2026-07-01 07:00:00,22.593,22.814,22.546,22.752,3476.68
2026-07-01 08:00:00,22.75,23.14,22.64,23.107,3938.74
2026-07-01 09:00:00,23.109,23.14,22.778,22.85,2435.23
2026-07-01 10:00:00,22.843,22.92,22.727,22.808,2495.33
2026-07-01 11:00:00,22.809,22.878,22.57,22.602,2305.83
2026-07-01 12:00:00,22.6,22.695,22.45,22.588,2892.22
2026-07-01 13:00:00,22.588,23.3,22.557,22.994,12036.44
2026-07-01 14:00:00,22.99,22.99,22.68,22.72,2516.81
2026-07-01 15:00:00,22.721,22.784,22.574,22.669,2494.93
2026-07-01 16:00:00,22.66,22.827,22.458,22.799,4016.67
2026-07-01 17:00:00,22.799,22.95,22.693,22.696,4632.17
2026-07-01 18:00:00,22.699,22.783,22.589,22.751,1328.63
2026-07-01 19:00:00,22.747,23.208,22.719,22.825,3756.21
2026-07-01 20:00:00,22.839,22.998,22.694,22.948,1949.17
2026-07-01 21:00:00,22.949,23.039,22.76,22.788,1561.21
2026-07-01 22:00:00,22.786,23.1,22.778,22.89,2928.17
2026-07-01 23:00:00,22.889,23.404,22.803,23.054,3840.19
2026-07-02 00:00:00,23.056,23.383,23.015,23.326,4552.49
2026-07-02 01:00:00,23.305,23.377,22.945,23.068,4094.63
2026-07-02 02:00:00,23.073,23.259,23.073,23.183,2696.81
2026-07-02 03:00:00,23.181,23.226,23.08,23.108,1654.76
2026-07-02 04:00:00,23.109,23.179,23.039,23.074,1714.29
2026-07-02 05:00:00,23.076,23.092,22.943,23.002,1501.98
2026-07-02 06:00:00,23.002,23.427,22.697,22.914,8437.01
2026-07-02 07:00:00,22.914,22.938,22.695,22.716,2307.12
2026-07-02 08:00:00,22.715,22.715,22.084,22.396,8121.59
2026-07-02 09:00:00,22.397,22.57,22.261,22.417,4072.41
2026-07-02 10:00:00,22.418,22.708,22.212,22.325,8226.42
2026-07-02 11:00:00,22.325,22.593,22.258,22.335,7253.97
2026-07-02 12:00:00,22.336,22.409,22.224,22.224,2711.08
2026-07-02 13:00:00,22.247,22.58,22.148,22.188,9283.27
2026-07-02 14:00:00,22.186,22.318,21.912,22.054,9281.12
2026-07-02 15:00:00,22.043,22.156,21.8,21.969,7806.36
2026-07-02 16:00:00,21.981,22.487,21.887,22.353,4563.47
2026-07-02 17:00:00,22.359,23.698,22.359,23.336,17275.06
2026-07-02 18:00:00,23.334,23.433,22.887,23.101,3673.32
2026-07-02 19:00:00,23.106,23.205,22.905,22.932,1988.93
2026-07-02 20:00:00,22.933,23.11,22.919,23.082,1002.82
2026-07-02 21:00:00,23.097,23.316,22.988,23.124,2156.24
2026-07-02 22:00:00,23.123,23.266,23.07,23.12,1475.67
2026-07-02 23:00:00,23.125,23.238,23.088,23.215,1147.28
2026-07-03 00:00:00,23.215,23.234,22.944,22.956,1401.56
2026-07-03 01:00:00,22.954,22.989,22.739,22.765,1704.85
2026-07-03 02:00:00,22.775,22.887,22.2,22.2,6546.75
2026-07-03 03:00:00,22.21,22.515,22.079,22.471,2895.79
2026-07-03 04:00:00,22.472,23.242,22.14,22.95,5291.01
2026-07-03 05:00:00,22.948,23.037,22.528,22.761,2889.1
2026-07-03 06:00:00,22.771,22.96,22.613,22.671,2014.7
2026-07-03 07:00:00,22.658,22.916,22.539,22.792,2425.32
2026-07-03 08:00:00,22.792,23.0,22.617,22.82,2778.96
2026-07-03 09:00:00,22.824,22.913,22.643,22.83,3492.17
2026-07-03 10:00:00,22.83,23.0,22.581,22.667,9046.08
2026-07-03 11:00:00,22.675,23.167,22.622,22.949,11798.96
2026-07-03 12:00:00,22.944,23.116,22.87,23.062,2950.32
2026-07-03 13:00:00,23.08,23.408,22.979,23.374,7086.95
2026-07-03 14:00:00,23.38,23.415,22.655,23.167,7926.78
2026-07-03 15:00:00,23.189,23.344,23.115,23.308,2986.51
2026-07-03 16:00:00,23.31,23.383,22.992,23.162,7479.49
2026-07-03 17:00:00,23.168,23.466,23.079,23.366,4556.94
2026-07-03 18:00:00,23.366,23.585,23.325,23.375,3050.74
2026-07-03 19:00:00,23.391,23.415,23.24,23.291,1981.29
2026-07-03 20:00:00,23.29,23.359,23.221,23.315,1467.79
2026-07-03 21:00:00,23.326,23.4,23.173,23.192,1451.32
2026-07-03 22:00:00,23.199,23.202,23.006,23.032,2656.76
2026-07-03 23:00:00,23.035,23.069,22.878,22.88,1447.53
2026-07-04 00:00:00,22.878,23.062,22.642,22.865,7302.53
2026-07-04 01:00:00,22.867,23.032,22.773,22.978,1665.09
2026-07-04 02:00:00,22.977,23.195,22.748,22.994,2927.54
2026-07-04 03:00:00,22.983,23.288,22.793,23.212,4226.54
2026-07-04 04:00:00,23.216,23.235,22.968,22.981,1030.8
2026-07-04 05:00:00,22.98,23.088,22.907,22.982,1153.37
2026-07-04 06:00:00,22.98,23.15,22.876,23.022,1668.46
2026-07-04 07:00:00,23.025,23.41,23.025,23.118,4016.33
2026-07-04 08:00:00,23.116,23.466,22.944,23.43,5870.2
2026-07-04 09:00:00,23.429,23.559,23.201,23.372,5770.46
2026-07-04 10:00:00,23.372,23.588,23.32,23.43,6145.68
2026-07-04 11:00:00,23.42,23.53,23.332,23.449,5698.83
2026-07-04 12:00:00,23.432,25.293,23.42,23.598,49648.84
2026-07-04 13:00:00,23.588,23.79,22.492,23.397,18834.05
2026-07-04 14:00:00,23.397,23.745,23.326,23.723,3547.41
2026-07-04 15:00:00,23.725,23.791,23.409,23.516,5086.69
2026-07-04 16:00:00,23.516,23.654,23.124,23.572,4259.7
2026-07-04 17:00:00,23.58,23.611,23.405,23.495,1516.64
2026-07-04 18:00:00,23.497,23.762,23.333,23.52,6883.67
2026-07-04 19:00:00,23.522,23.976,23.457,23.781,3893.05
2026-07-04 20:00:00,23.784,23.876,23.536,23.591,1312.17
2026-07-04 21:00:00,23.592,23.658,23.36,23.39,1087.13
2026-07-04 22:00:00,23.39,23.471,23.243,23.308,1637.93
2026-07-04 23:00:00,23.304,23.304,23.182,23.218,1557.1
2026-07-05 00:00:00,23.22,23.584,23.188,23.386,3894.11
2026-07-05 01:00:00,23.38,23.533,23.039,23.304,3988.23
2026-07-05 02:00:00,23.303,23.346,23.168,23.191,1597.58
2026-07-05 03:00:00,23.187,23.32,23.123,23.231,1678.39
2026-07-05 04:00:00,23.231,23.508,23.209,23.49,2277.97
2026-07-05 05:00:00,23.492,23.654,23.346,23.533,15018.55
2026-07-05 06:00:00,23.534,23.9,23.379,23.624,19433.11
2026-07-05 07:00:00,23.621,23.856,23.47,23.759,4060.91
2026-07-05 08:00:00,23.777,23.814,23.657,23.706,1758.71
2026-07-05 09:00:00,23.704,24.308,23.699,24.091,8829.28
2026-07-05 10:00:00,24.083,24.17,23.797,23.824,5821.83
2026-07-05 11:00:00,23.825,24.164,23.815,24.09,2527.51
2026-07-05 12:00:00,24.087,25.111,24.008,24.593,17076.49
2026-07-05 13:00:00,24.595,24.815,24.285,24.613,7060.32
2026-07-05 14:00:00,24.598,24.629,24.44,24.556,2957.81
2026-07-05 15:00:00,24.564,24.643,24.371,24.408,1581.35
2026-07-05 16:00:00,24.417,24.488,24.301,24.394,1548.31
2026-07-05 17:00:00,24.389,24.435,24.233,24.288,1869.72
2026-07-05 18:00:00,24.281,24.314,23.625,23.883,4882.56
2026-07-05 19:00:00,23.89,24.033,23.872,23.984,998.04
2026-07-05 20:00:00,23.984,24.117,23.954,24.023,1228.11
2026-07-05 21:00:00,24.024,24.189,24.008,24.138,927.45
2026-07-05 22:00:00,24.12,24.139,23.919,23.996,875.22
2026-07-05 23:00:00,23.997,24.14,23.926,24.052,2251.33
2026-07-06 00:00:00,24.049,24.839,24.018,24.449,6239.87
2026-07-06 01:00:00,24.448,24.594,24.388,24.533,3277.41
2026-07-06 02:00:00,24.526,24.63,24.421,24.547,2736.24
2026-07-06 03:00:00,24.544,25.555,24.519,24.944,23881.67
2026-07-06 04:00:00,24.951,25.188,24.31,25.18,17865.69
2026-07-06 05:00:00,25.183,25.299,24.843,25.217,13324.6
2026-07-06 06:00:00,25.217,25.339,25.075,25.242,5208.54
2026-07-06 07:00:00,25.252,26.093,25.251,25.763,13409.65
2026-07-06 08:00:00,25.774,26.001,25.55,25.85,8471.56
2026-07-06 09:00:00,25.84,28.092,25.745,27.705,51026.85
2026-07-06 10:00:00,27.727,27.78,26.924,27.381,22451.52
2026-07-06 11:00:00,27.389,27.829,27.34,27.776,8298.43
2026-07-06 12:00:00,27.757,27.785,27.384,27.69,15211.61
2026-07-06 13:00:00,27.689,28.471,27.539,28.112,34117.14
2026-07-06 14:00:00,28.111,28.741,28.05,28.558,31624.04
2026-07-06 15:00:00,28.56,28.959,27.57,28.732,44506.4
2026-07-06 16:00:00,28.72,28.98,27.678,27.933,25402.47
2026-07-06 17:00:00,27.933,28.228,27.521,27.609,9131.54
2026-07-06 18:00:00,27.616,28.648,27.517,28.353,7728.71
2026-07-06 19:00:00,28.359,28.443,28.064,28.064,3912.27
2026-07-06 20:00:00,28.076,28.342,28.0,28.112,3180.48
2026-07-06 21:00:00,28.113,28.315,27.678,27.709,5476.89
2026-07-06 22:00:00,27.713,27.899,27.574,27.615,2536.8
2026-07-06 23:00:00,27.618,27.896,27.61,27.88,3138.13
2026-07-07 00:00:00,27.877,28.12,27.57,27.665,6562.1
2026-07-07 01:00:00,27.643,27.763,27.407,27.612,4032.21
2026-07-07 02:00:00,27.611,27.836,27.41,27.701,5311.59
2026-07-07 03:00:00,27.701,27.906,27.456,27.698,13668.09
2026-07-07 04:00:00,27.698,27.881,27.627,27.756,3897.04
2026-07-07 05:00:00,27.774,28.318,27.538,28.009,4877.34
2026-07-07 06:00:00,28.007,28.212,27.593,27.88,6111.09
2026-07-07 07:00:00,27.874,28.037,27.809,27.982,2700.69
2026-07-07 08:00:00,27.979,28.215,27.883,28.041,3773.44
2026-07-07 09:00:00,28.044,28.29,27.859,28.176,3294.01
2026-07-07 10:00:00,28.176,28.213,27.702,27.775,2959.87
2026-07-07 11:00:00,27.777,29.066,27.414,28.973,18602.15
2026-07-07 12:00:00,28.968,29.35,27.652,28.627,36080.9
2026-07-07 13:00:00,28.626,29.071,27.7,28.321,22768.07
2026-07-07 14:00:00,28.314,29.007,28.026,28.329,13079.36
2026-07-07 15:00:00,28.313,28.92,28.148,28.763,10329.45
2026-07-07 16:00:00,28.762,28.875,28.321,28.674,7849.06
2026-07-07 17:00:00,28.674,29.302,28.614,29.003,10151.84
2026-07-07 18:00:00,29.004,29.325,28.739,28.859,10071.81
2026-07-07 19:00:00,28.865,29.15,28.8,28.842,4788.03
2026-07-07 20:00:00,28.841,29.173,28.834,29.086,3876.8
2026-07-07 21:00:00,29.085,29.188,28.523,28.686,5235.67
2026-07-07 22:00:00,28.692,28.867,28.588,28.72,1213.59
2026-07-07 23:00:00,28.697,28.879,28.03,28.085,7642.48
2026-07-08 00:00:00,28.086,28.51,27.911,27.949,5578.9
2026-07-08 01:00:00,27.956,28.375,27.928,28.221,4643.03
2026-07-08 02:00:00,28.218,28.41,28.137,28.398,2287.19
2026-07-08 03:00:00,28.388,28.388,28.003,28.047,2135.61
2026-07-08 04:00:00,28.044,28.136,27.861,28.094,4476.48
2026-07-08 05:00:00,28.093,28.598,28.038,28.264,4280.87
2026-07-08 06:00:00,28.273,28.449,28.031,28.145,3292.09
2026-07-08 07:00:00,28.145,28.375,27.832,28.206,3925.18
2026-07-08 08:00:00,28.205,28.533,27.958,28.092,5941.0
2026-07-08 09:00:00,28.094,28.334,28.057,28.12,2523.18
2026-07-08 10:00:00,28.131,28.483,28.034,28.124,16659.42
2026-07-08 11:00:00,28.11,28.84,28.0,28.781,25088.72
2026-07-08 12:00:00,28.76,29.8,28.424,28.703,25794.32
2026-07-08 13:00:00,28.714,29.068,28.373,28.833,30661.77
2026-07-08 14:00:00,28.831,29.604,28.287,29.441,35835.0
2026-07-08 15:00:00,29.44,29.88,28.822,29.485,27180.48
2026-07-08 16:00:00,29.496,29.66,28.979,29.055,13196.98
2026-07-08 17:00:00,29.038,29.204,28.747,28.75,4278.82
2026-07-08 18:00:00,28.747,28.979,28.725,28.861,3743.26
2026-07-08 19:00:00,28.848,29.149,28.726,29.032,3342.49
2026-07-08 20:00:00,29.033,29.105,28.722,28.799,1718.66
2026-07-08 21:00:00,28.8,29.007,28.762,28.942,1063.02
2026-07-08 22:00:00,28.975,29.429,28.957,28.987,3116.98
2026-07-08 23:00:00,28.977,29.233,28.977,29.09,997.63
2026-07-09 00:00:00,29.112,29.256,28.852,28.888,2961.99
2026-07-09 01:00:00,28.897,29.189,28.814,28.863,23433.51
2026-07-09 02:00:00,28.856,28.925,28.56,28.727,7243.87
2026-07-09 03:00:00,28.724,28.911,28.642,28.884,3265.82
2026-07-09 04:00:00,28.886,29.13,28.776,29.13,2758.91
2026-07-09 05:00:00,29.13,29.6,28.808,28.865,6647.89
2026-07-09 06:00:00,28.866,29.036,28.801,28.948,2619.84
2026-07-09 07:00:00,28.955,29.392,28.772,28.852,4750.15
2026-07-09 08:00:00,28.852,28.906,28.48,28.738,8535.88
2026-07-09 09:00:00,28.738,28.739,28.503,28.697,5179.1
2026-07-09 10:00:00,28.694,28.694,28.519,28.6,1469.6
2026-07-09 11:00:00,28.6,29.081,28.53,28.822,7635.5
2026-07-09 12:00:00,28.819,29.278,28.683,29.16,11311.48
2026-07-09 13:00:00,29.145,29.346,29.015,29.109,9847.79
2026-07-09 14:00:00,29.109,29.198,28.98,29.104,3520.77
2026-07-09 15:00:00,29.105,29.25,28.968,29.15,4979.71
2026-07-09 16:00:00,29.158,29.698,29.158,29.566,4335.89
2026-07-09 17:00:00,29.576,29.853,29.495,29.576,5989.1
2026-07-09 18:00:00,29.576,30.898,29.547,30.728,25884.6
2026-07-09 19:00:00,30.728,30.846,30.385,30.698,5537.56
2026-07-09 20:00:00,30.709,32.9,30.597,32.282,26922.17
2026-07-09 21:00:00,32.283,33.1,29.269,29.563,45728.17
2026-07-09 22:00:00,29.54,29.838,25.156,25.601,135665.94
2026-07-09 23:00:00,25.596,29.568,25.111,27.998,54022.12
2026-07-10 00:00:00,27.996,34.723,27.991,34.425,78521.82
2026-07-10 01:00:00,34.421,34.9,33.082,34.45,54026.43
2026-07-10 02:00:00,34.45,35.629,33.533,34.139,66997.64
2026-07-10 03:00:00,34.14,34.878,33.851,34.786,26041.04
2026-07-10 04:00:00,34.777,34.812,33.279,34.222,27840.12
2026-07-10 05:00:00,34.198,34.75,33.465,33.871,19956.71
2026-07-10 06:00:00,33.859,35.921,33.838,35.791,36636.87
2026-07-10 07:00:00,35.777,36.44,34.13,35.755,96766.09
2026-07-10 08:00:00,35.733,36.452,34.952,36.282,63576.63
2026-07-10 09:00:00,36.262,36.365,32.969,32.991,65379.92
2026-07-10 10:00:00,32.987,35.057,32.642,34.35,36285.0
2026-07-10 11:00:00,34.351,34.53,34.0,34.35,14055.12
2026-07-10 12:00:00,34.35,34.811,33.909,34.099,37936.86
2026-07-10 13:00:00,34.107,35.545,34.107,35.282,30003.29
2026-07-10 14:00:00,35.252,35.899,34.401,35.084,25605.0
2026-07-10 15:00:00,35.084,36.9,35.052,36.67,34832.6
2026-07-10 16:00:00,36.67,36.67,34.0,34.631,41293.95
2026-07-10 17:00:00,34.655,34.971,34.0,34.478,23858.03
2026-07-10 18:00:00,34.499,34.854,34.382,34.544,8042.06
2026-07-10 19:00:00,34.542,35.226,34.476,35.027,6558.52
2026-07-10 20:00:00,35.022,35.212,34.605,34.894,11623.01
2026-07-10 21:00:00,34.892,35.767,34.841,35.037,8338.78
2026-07-10 22:00:00,35.049,35.163,34.771,34.83,6169.35
2026-07-10 23:00:00,34.831,35.272,34.714,34.979,10598.38
2026-07-11 00:00:00,34.978,35.75,34.846,35.612,6204.14
2026-07-11 01:00:00,35.613,36.1,35.6,35.672,5720.4
2026-07-11 02:00:00,35.652,36.7,35.628,35.982,27170.21
2026-07-11 03:00:00,35.982,36.32,35.614,35.765,8695.06
2026-07-11 04:00:00,35.765,36.24,35.26,35.444,7221.87
2026-07-11 05:00:00,35.45,35.849,35.378,35.814,4379.48
2026-07-11 06:00:00,35.818,36.505,35.636,36.338,20723.08
2026-07-11 07:00:00,36.354,37.598,36.16,36.632,43797.29
2026-07-11 08:00:00,36.631,36.968,36.043,36.285,49154.27
2026-07-11 09:00:00,36.229,36.44,35.933,36.248,37521.73
2026-07-11 10:00:00,36.247,36.6,35.788,36.249,25844.89
2026-07-11 11:00:00,36.251,38.074,36.242,36.915,42153.06
2026-07-11 12:00:00,36.914,38.35,36.607,37.682,35965.04
2026-07-11 13:00:00,37.672,37.85,37.191,37.256,7993.07
2026-07-11 14:00:00,37.257,37.855,36.632,37.268,11653.01
2026-07-11 15:00:00,37.273,37.936,37.17,37.7,6261.4
2026-07-11 16:00:00,37.699,38.114,37.591,37.896,9906.17
2026-07-11 17:00:00,37.904,38.399,37.797,38.005,8290.81
2026-07-11 18:00:00,38.003,38.891,37.993,38.436,11004.54
2026-07-11 19:00:00,38.433,38.712,38.049,38.609,4962.98
2026-07-11 20:00:00,38.613,38.713,38.274,38.332,6366.26
2026-07-11 21:00:00,38.343,38.834,38.343,38.798,4197.83
2026-07-11 22:00:00,38.805,38.896,38.598,38.725,3779.63
2026-07-11 23:00:00,38.725,39.384,37.955,38.213,23692.79
2026-07-12 00:00:00,38.213,38.646,37.24,38.117,21162.52
2026-07-12 01:00:00,38.122,38.429,37.734,38.166,6635.71
2026-07-12 02:00:00,38.166,38.312,37.603,37.81,7915.42
2026-07-12 03:00:00,37.813,41.4,37.691,39.536,39365.07
2026-07-12 04:00:00,39.539,39.55,38.177,39.264,26524.49
2026-07-12 05:00:00,39.263,39.96,39.236,39.68,16082.05
2026-07-12 06:00:00,39.698,40.47,39.428,40.048,25248.31
2026-07-12 07:00:00,40.054,40.841,39.966,40.391,17120.93
2026-07-12 08:00:00,40.4,42.959,40.388,41.944,32673.49
2026-07-12 09:00:00,41.932,43.142,41.932,42.829,27563.56
2026-07-12 10:00:00,42.841,43.826,42.65,43.478,34053.14
2026-07-12 11:00:00,43.472,45.449,42.814,45.17,70782.8
2026-07-12 12:00:00,45.169,45.9,44.568,45.425,66307.08
2026-07-12 13:00:00,45.43,49.405,44.62,46.622,103238.41
2026-07-12 14:00:00,46.604,47.789,43.543,47.24,82893.02
2026-07-12 15:00:00,47.237,47.629,46.386,47.514,26905.23
2026-07-12 16:00:00,47.507,48.299,46.951,47.475,39656.84
2026-07-12 17:00:00,47.475,47.77,47.006,47.493,32505.17
2026-07-12 18:00:00,47.503,47.748,46.68,47.404,27767.28
2026-07-12 19:00:00,47.403,48.8,47.007,47.745,22161.2
2026-07-12 20:00:00,47.754,48.397,46.284,46.373,32505.73
2026-07-12 21:00:00,46.37,47.044,46.229,46.444,11318.77
2026-07-12 22:00:00,46.444,48.632,46.409,47.244,15450.45
2026-07-12 23:00:00,47.214,48.572,46.934,47.888,17117.55
2026-07-13 00:00:00,47.859,49.432,47.172,48.503,34811.76
2026-07-13 01:00:00,48.503,48.873,48.073,48.488,17037.77
2026-07-13 02:00:00,48.492,48.741,47.841,48.464,8252.66
2026-07-13 03:00:00,48.466,48.969,47.218,47.874,13891.45
2026-07-13 04:00:00,47.874,48.768,47.459,48.383,9781.2
2026-07-13 05:00:00,48.383,48.629,46.89,47.098,18975.18
2026-07-13 06:00:00,47.085,47.388,46.214,46.365,24016.25
2026-07-13 07:00:00,46.349,47.694,45.445,46.473,33980.19
2026-07-13 08:00:00,46.471,46.697,45.291,45.446,15468.82
2026-07-13 09:00:00,45.456,46.247,44.497,44.626,18316.27
2026-07-13 10:00:00,44.63,45.954,43.618,45.645,28408.06
2026-07-13 11:00:00,45.602,45.602,44.343,44.538,16823.26
2026-07-13 12:00:00,44.523,44.994,43.221,43.846,43987.13
2026-07-13 13:00:00,43.84,43.956,43.09,43.098,26642.16
2026-07-13 14:00:00,43.119,43.14,41.065,41.132,25386.21
2026-07-13 15:00:00,41.134,41.813,40.094,40.195,20476.34
2026-07-13 16:00:00,40.193,41.219,39.123,39.642,23938.75
2026-07-13 17:00:00,39.631,40.913,39.024,39.388,17830.14
2026-07-13 18:00:00,39.391,47.242,38.838,41.465,49522.58
2026-07-13 19:00:00,41.464,42.645,41.02,41.094,24794.87
2026-07-13 20:00:00,41.063,41.71,41.038,41.392,6134.52
2026-07-13 21:00:00,41.408,42.204,41.402,41.635,7364.26
2026-07-13 22:00:00,41.633,42.353,41.198,42.265,6693.66
2026-07-13 23:00:00,42.285,42.952,41.959,42.635,9530.33
2026-07-14 00:00:00,42.64,44.245,39.175,41.673,57943.34
2026-07-14 01:00:00,41.686,43.634,41.674,42.965,36577.27
2026-07-14 02:00:00,42.963,43.18,42.393,42.825,9949.84
2026-07-14 03:00:00,42.832,43.234,42.01,42.032,15466.0
2026-07-14 04:00:00,42.071,42.182,40.21,40.688,12784.16
2026-07-14 05:00:00,40.664,40.727,38.421,38.746,13343.38
2026-07-14 06:00:00,38.747,40.76,38.253,39.912,30188.05
2026-07-14 07:00:00,39.913,42.725,39.906,41.934,39468.35
2026-07-14 08:00:00,41.96,42.304,41.035,41.114,12211.07
2026-07-14 09:00:00,41.103,41.911,41.067,41.615,9522.83
2026-07-14 10:00:00,41.612,41.689,41.085,41.446,7100.3
2026-07-14 11:00:00,41.436,42.171,41.256,41.536,4522.41
2026-07-14 12:00:00,41.545,43.8,40.6,40.842,25745.23
2026-07-14 13:00:00,40.85,42.215,40.079,41.711,72218.95
2026-07-14 14:00:00,41.715,41.753,40.327,40.642,30138.14
2026-07-14 15:00:00,40.618,41.556,40.023,40.757,58223.13
2026-07-14 16:00:00,40.751,41.957,40.613,40.837,12411.02
2026-07-14 17:00:00,40.834,41.204,40.44,41.136,7412.51
2026-07-14 18:00:00,41.138,41.434,40.797,41.015,4421.92
2026-07-14 19:00:00,41.008,42.5,40.823,41.29,6976.7
2026-07-14 20:00:00,41.303,42.039,41.303,41.607,4097.18
2026-07-14 21:00:00,41.593,42.381,41.2,41.749,7717.22
2026-07-14 22:00:00,41.746,42.056,41.577,41.74,3758.11
2026-07-14 23:00:00,41.737,42.03,41.422,41.452,3848.23
2026-07-15 00:00:00,41.45,41.513,40.548,40.706,5879.34
2026-07-15 01:00:00,40.706,40.772,39.909,40.322,5786.06
2026-07-15 02:00:00,40.313,40.609,38.904,39.439,9379.66
2026-07-15 03:00:00,39.443,39.872,39.397,39.57,3820.0
2026-07-15 04:00:00,39.566,41.424,39.381,41.056,57721.98
2026-07-15 05:00:00,41.046,41.191,39.815,39.881,53749.52
2026-07-15 06:00:00,39.882,40.007,37.176,38.165,132091.84
2026-07-15 07:00:00,38.188,39.491,37.395,37.415,63519.33
2026-07-15 08:00:00,37.418,38.013,36.69,36.901,35555.06
2026-07-15 09:00:00,36.905,38.085,36.779,38.035,38490.59
2026-07-15 10:00:00,38.035,38.519,37.5,37.938,20270.23
2026-07-15 11:00:00,37.939,38.4,37.458,37.629,27972.06
2026-07-15 12:00:00,37.608,38.268,37.084,37.832,59386.04
2026-07-15 13:00:00,37.832,38.21,36.855,36.989,11560.32
2026-07-15 14:00:00,36.999,37.374,36.093,36.974,19135.95
2026-07-15 15:00:00,36.977,37.141,36.019,36.485,32554.62
2026-07-15 16:00:00,36.468,36.766,35.663,35.812,12140.74
2026-07-15 17:00:00,35.826,35.993,34.998,35.111,14296.39
2026-07-15 18:00:00,35.112,35.274,33.475,33.584,16206.41
2026-07-15 19:00:00,33.576,34.267,32.986,33.235,17365.52
2026-07-15 20:00:00,33.232,36.95,32.691,35.916,34089.89
2026-07-15 21:00:00,35.918,38.173,35.918,37.607,33243.47
2026-07-15 22:00:00,37.609,38.44,36.805,37.851,15537.35
2026-07-15 23:00:00,37.876,38.327,37.079,37.136,10817.37
2026-07-16 00:00:00,37.122,37.642,36.763,36.824,10642.64
2026-07-16 01:00:00,36.824,37.107,36.26,36.34,8693.15
2026-07-16 02:00:00,36.342,36.627,35.676,35.874,10064.12
2026-07-16 03:00:00,35.869,36.185,35.393,35.604,61927.04
2026-07-16 04:00:00,35.594,37.923,32.782,34.717,138579.28
2026-07-16 05:00:00,34.721,37.286,34.619,36.663,39582.47
2026-07-16 06:00:00,36.666,37.37,35.923,36.102,17239.58
2026-07-16 07:00:00,36.101,36.892,35.938,36.0,19463.11
2026-07-16 08:00:00,36.012,36.452,35.23,35.7,36730.09
2026-07-16 09:00:00,35.688,35.923,34.739,35.009,17042.79
2026-07-16 10:00:00,34.992,35.547,34.792,34.97,12262.0
2026-07-16 11:00:00,34.986,36.29,34.977,35.591,23112.6
2026-07-16 12:00:00,35.588,35.653,33.426,33.529,39969.68
2026-07-16 13:00:00,33.53,34.84,33.266,34.211,86614.64
2026-07-16 14:00:00,34.197,34.471,32.854,33.191,87271.44
2026-07-16 15:00:00,33.191,34.35,32.85,32.893,131192.09
2026-07-16 16:00:00,32.894,33.213,31.581,31.658,54828.14
2026-07-16 17:00:00,31.67,32.139,31.319,31.887,31965.91
2026-07-16 18:00:00,31.871,34.986,31.854,34.072,34243.49
2026-07-16 19:00:00,34.071,35.596,33.936,35.219,30991.6
2026-07-16 20:00:00,35.222,36.15,35.205,35.848,29875.33
2026-07-16 21:00:00,35.85,36.312,35.254,35.694,18176.11
2026-07-16 22:00:00,35.693,36.037,35.371,35.619,6862.65
2026-07-16 23:00:00,35.618,36.113,35.488,35.51,13615.52
2026-07-17 00:00:00,35.51,36.019,35.068,35.779,14904.88
2026-07-17 01:00:00,35.775,35.775,33.974,34.523,42897.44
2026-07-17 02:00:00,34.52,34.81,34.25,34.745,39615.85
2026-07-17 03:00:00,34.742,34.869,33.962,34.106,8877.55
2026-07-17 04:00:00,34.116,34.657,34.0,34.533,5259.7
2026-07-17 05:00:00,34.534,36.054,34.36,35.494,11670.98
2026-07-17 06:00:00,35.495,36.299,35.156,36.066,46434.43
2026-07-17 07:00:00,36.065,36.266,35.422,35.61,30898.57
2026-07-17 08:00:00,35.61,35.938,35.467,35.497,12286.34
2026-07-17 09:00:00,35.497,35.814,34.856,35.059,59429.5
2026-07-17 10:00:00,35.06,35.685,34.211,35.67,100998.76
2026-07-17 11:00:00,35.671,36.694,35.354,36.344,28710.95
2026-07-17 12:00:00,36.34,36.889,35.075,35.865,91501.39
2026-07-17 13:00:00,35.881,36.431,34.759,35.292,98864.53
2026-07-17 14:00:00,35.292,35.377,34.619,35.218,76454.28
2026-07-17 15:00:00,35.217,36.557,34.933,35.85,89031.51
2026-07-17 16:00:00,35.857,35.919,34.16,34.566,43570.49
2026-07-17 17:00:00,34.574,35.16,34.533,34.878,18861.39
2026-07-17 18:00:00,34.879,35.95,34.87,35.459,19047.89
2026-07-17 19:00:00,35.449,35.764,34.474,35.352,16677.37
2026-07-17 20:00:00,35.352,36.237,34.994,36.121,9220.26
2026-07-17 21:00:00,36.121,36.483,35.466,36.151,7438.43
2026-07-17 22:00:00,36.148,36.5,36.068,36.104,4854.78
2026-07-17 23:00:00,36.111,36.527,35.891,36.452,4279.62
2026-07-18 00:00:00,36.45,36.451,35.857,36.259,13718.04
2026-07-18 01:00:00,36.263,36.29,35.945,36.019,1013.8
