timestamp,open,high,low,close,volume
2025-05-06 00:00:00,1820.19,1820.9,1792.49,1806.35,48765.2187
2025-05-06 04:00:00,1806.35,1809.26,1797.78,1806.03,24102.5412
2025-05-06 08:00:00,1806.03,1806.1,1757.34,1769.92,79861.629
2025-05-06 12:00:00,1769.92,1779.68,1752.0,1770.09,85715.8416
2025-05-06 16:00:00,1770.09,1798.8,1762.16,1784.79,59655.6448
2025-05-06 20:00:00,1784.8,1819.41,1765.5,1817.0,86483.3698
2025-05-07 00:00:00,1817.0,1850.0,1814.59,1826.48,125977.3463
2025-05-07 04:00:00,1826.48,1838.43,1824.57,1838.24,38011.0468
2025-05-07 08:00:00,1838.23,1847.05,1830.51,1836.35,56688.7297
2025-05-07 12:00:00,1836.35,1837.1,1814.29,1817.31,78534.1832
2025-05-07 16:00:00,1817.32,1818.01,1787.01,1795.82,105311.2281
2025-05-07 20:00:00,1795.83,1825.44,1789.12,1811.11,51647.5364
2025-05-08 00:00:00,1811.11,1906.77,1808.71,1901.1,182304.831
2025-05-08 04:00:00,1901.09,1943.83,1892.2,1928.4,174077.6779
2025-05-08 08:00:00,1928.4,1968.72,1925.9,1957.63,155279.6357
2025-05-08 12:00:00,1957.64,2075.65,1954.27,2051.3,369909.7122
2025-05-08 16:00:00,2051.3,2140.0,2036.64,2117.83,238215.6027
2025-05-08 20:00:00,2117.83,2226.0,2111.6,2207.39,353365.2265
2025-05-09 00:00:00,2207.39,2245.03,2184.33,2205.06,197091.8523
2025-05-09 04:00:00,2205.06,2393.0,2202.8,2364.09,322754.4291
2025-05-09 08:00:00,2364.09,2490.77,2292.12,2351.29,688883.9006
2025-05-09 12:00:00,2351.29,2388.23,2271.5,2301.3,271184.0811
2025-05-09 16:00:00,2301.28,2355.2,2274.33,2331.57,129993.1001
2025-05-09 20:00:00,2331.58,2352.0,2322.65,2345.04,57133.675
2025-05-10 00:00:00,2345.04,2380.66,2317.0,2339.89,72245.2312
2025-05-10 04:00:00,2339.89,2417.13,2326.66,2400.0,121392.4906
2025-05-10 08:00:00,2400.01,2435.72,2360.0,2384.75,221266.4512
2025-05-10 12:00:00,2384.76,2448.88,2384.76,2433.46,138173.1596
2025-05-10 16:00:00,2433.46,2512.42,2428.93,2499.48,222169.8609
2025-05-10 20:00:00,2499.49,2600.0,2469.1,2583.23,204102.9671
2025-05-11 00:00:00,2583.22,2608.13,2504.27,2537.63,191294.7124
2025-05-11 04:00:00,2537.62,2562.47,2453.92,2473.22,187762.0232
2025-05-11 08:00:00,2473.22,2535.46,2472.2,2530.67,108511.1259
2025-05-11 12:00:00,2530.67,2532.09,2435.51,2462.51,152835.3762
2025-05-11 16:00:00,2462.55,2525.4,2440.25,2508.02,123750.4647
2025-05-11 20:00:00,2508.02,2528.52,2483.33,2514.57,67430.6864
2025-05-12 00:00:00,2514.58,2548.85,2490.75,2520.0,107789.0359
2025-05-12 04:00:00,2520.01,2624.0,2486.8,2554.77,244402.2228
2025-05-12 08:00:00,2554.78,2585.83,2522.0,2530.59,153519.4558
2025-05-12 12:00:00,2530.58,2576.29,2478.0,2486.92,278494.7566
2025-05-12 16:00:00,2486.91,2512.36,2406.63,2460.36,211087.0722
2025-05-12 20:00:00,2460.35,2500.36,2452.26,2495.47,73388.4
2025-05-13 00:00:00,2495.48,2495.79,2415.3,2424.8,110339.1684
2025-05-13 04:00:00,2424.8,2480.0,2420.0,2460.72,82218.1177
2025-05-13 08:00:00,2460.73,2525.5,2451.25,2513.39,115595.9445
2025-05-13 12:00:00,2513.39,2573.87,2491.81,2566.21,215856.7475
2025-05-13 16:00:00,2566.21,2738.5,2560.01,2690.94,347310.3376
2025-05-13 20:00:00,2690.93,2707.62,2654.21,2679.71,160035.3308
2025-05-14 00:00:00,2679.71,2725.99,2622.99,2646.82,257279.4041
2025-05-14 04:00:00,2646.82,2687.75,2636.59,2640.76,107100.5467
2025-05-14 08:00:00,2640.75,2645.95,2577.48,2624.94,186139.4657
2025-05-14 12:00:00,2624.93,2636.15,2559.19,2597.49,143036.0868
2025-05-14 16:00:00,2597.49,2617.5,2547.26,2605.1,91850.496
2025-05-14 20:00:00,2605.03,2614.05,2583.99,2609.74,44641.1129
2025-05-15 00:00:00,2609.75,2647.03,2566.91,2574.93,118326.6199
2025-05-15 04:00:00,2574.93,2596.49,2515.69,2531.0,117822.453
2025-05-15 08:00:00,2530.99,2567.65,2517.53,2554.71,110523.8637
2025-05-15 12:00:00,2554.71,2579.61,2476.03,2563.76,203590.318
2025-05-15 16:00:00,2563.77,2603.59,2511.77,2530.98,143149.7719
2025-05-15 20:00:00,2531.0,2564.33,2512.06,2548.69,75541.0067
2025-05-16 00:00:00,2548.7,2584.62,2534.2,2581.35,78973.7415
2025-05-16 04:00:00,2581.4,2619.99,2564.0,2601.5,102489.8746
2025-05-16 08:00:00,2601.5,2649.31,2558.12,2620.83,145031.4625
2025-05-16 12:00:00,2620.82,2623.25,2573.8,2594.93,148721.2722
2025-05-16 16:00:00,2594.93,2602.01,2570.0,2591.8,63870.4425
2025-05-16 20:00:00,2591.89,2592.74,2529.4,2537.12,66866.8986
2025-05-17 00:00:00,2537.13,2538.16,2452.6,2496.98,179817.7157
2025-05-17 04:00:00,2497.0,2513.51,2474.93,2492.89,69826.1384
2025-05-17 08:00:00,2492.9,2496.2,2466.59,2481.67,58703.2416
2025-05-17 12:00:00,2481.67,2486.64,2446.42,2474.48,68534.1761
2025-05-17 16:00:00,2474.48,2488.69,2448.27,2470.19,62248.9258
2025-05-17 20:00:00,2470.18,2495.45,2453.26,2475.08,55203.0806
2025-05-18 00:00:00,2475.09,2487.44,2467.75,2477.2,33903.8121
2025-05-18 04:00:00,2477.2,2515.44,2477.2,2509.3,46436.55
2025-05-18 08:00:00,2509.29,2528.55,2498.11,2501.75,60946.9309
2025-05-18 12:00:00,2501.74,2587.61,2488.02,2578.99,119513.8117
2025-05-18 16:00:00,2579.0,2584.0,2403.33,2408.2,270494.374
2025-05-18 20:00:00,2408.2,2511.27,2323.21,2497.78,278807.7064
2025-05-19 00:00:00,2497.78,2513.67,2379.8,2385.31,164347.1386
2025-05-19 04:00:00,2385.32,2413.11,2348.38,2403.74,148408.0227
2025-05-19 08:00:00,2403.74,2422.69,2390.12,2417.58,86572.2101
2025-05-19 12:00:00,2417.58,2473.7,2383.8,2466.63,153649.8023
2025-05-19 16:00:00,2466.63,2547.36,2450.86,2518.82,201749.9999
2025-05-19 20:00:00,2518.81,2534.52,2492.43,2528.14,107020.3494
2025-05-20 00:00:00,2528.14,2588.63,2510.72,2553.3,153200.7856
2025-05-20 04:00:00,2553.29,2578.0,2521.9,2532.3,99367.8058
2025-05-20 08:00:00,2532.3,2540.0,2492.58,2514.2,74634.3571
2025-05-20 12:00:00,2514.2,2515.38,2464.56,2482.79,117320.7002
2025-05-20 16:00:00,2482.78,2511.46,2442.4,2501.28,132395.1503
2025-05-20 20:00:00,2501.29,2541.03,2485.1,2524.19,100070.3757
2025-05-21 00:00:00,2524.19,2554.5,2509.0,2544.98,94538.6309
2025-05-21 04:00:00,2544.98,2615.95,2534.52,2551.87,184170.6385
2025-05-21 08:00:00,2551.87,2562.15,2515.38,2536.65,101973.1883
2025-05-21 12:00:00,2536.64,2582.18,2522.22,2567.01,196379.57
2025-05-21 16:00:00,2567.02,2615.34,2452.2,2512.79,394137.9188
2025-05-21 20:00:00,2512.75,2597.92,2486.25,2550.99,124690.3437
2025-05-22 00:00:00,2551.0,2647.8,2544.83,2629.24,193398.7709
2025-05-22 04:00:00,2629.24,2647.5,2602.78,2635.19,186391.5049
2025-05-22 08:00:00,2635.19,2692.99,2627.32,2650.75,187811.6911
2025-05-22 12:00:00,2650.75,2679.99,2623.14,2664.48,143113.8209
2025-05-22 16:00:00,2664.48,2676.3,2626.37,2634.51,81782.0817
2025-05-22 20:00:00,2634.68,2665.9,2627.85,2664.82,60057.7974
2025-05-23 00:00:00,2664.83,2734.23,2645.16,2722.0,187067.1541
2025-05-23 04:00:00,2722.0,2725.96,2651.35,2655.2,136416.5241
2025-05-23 08:00:00,2655.2,2689.21,2551.0,2566.79,174275.1796
2025-05-23 12:00:00,2566.78,2591.95,2498.3,2568.53,287915.0191
2025-05-23 16:00:00,2568.53,2587.18,2545.91,2560.98,95376.1828
2025-05-23 20:00:00,2560.97,2562.4,2503.66,2526.5,90392.3935
2025-05-24 00:00:00,2526.49,2556.73,2515.08,2549.99,57804.475
2025-05-24 04:00:00,2550.0,2563.5,2535.08,2546.99,35663.2606
2025-05-24 08:00:00,2546.99,2575.85,2545.22,2563.31,43777.2332
2025-05-24 12:00:00,2563.32,2565.41,2543.51,2555.64,43615.7389
2025-05-24 16:00:00,2555.64,2567.38,2543.86,2554.47,29640.3749
2025-05-24 20:00:00,2554.48,2556.57,2517.65,2530.4,47043.1518
2025-05-25 00:00:00,2530.41,2539.5,2476.0,2512.78,94625.0126
2025-05-25 04:00:00,2512.79,2518.75,2487.22,2494.39,34574.3928
2025-05-25 08:00:00,2494.4,2502.19,2463.0,2497.91,73532.6991
2025-05-25 12:00:00,2497.91,2524.9,2479.24,2511.7,62833.3505
2025-05-25 16:00:00,2511.69,2535.66,2496.1,2526.6,35833.8594
2025-05-25 20:00:00,2526.6,2554.26,2507.65,2551.22,58490.7155
2025-05-26 00:00:00,2551.22,2577.0,2536.84,2560.3,79035.4012
2025-05-26 04:00:00,2560.29,2599.0,2557.3,2580.8,62048.7781
2025-05-26 08:00:00,2580.79,2582.7,2553.24,2568.08,50205.7588
2025-05-26 12:00:00,2568.08,2574.43,2539.23,2565.99,74983.034
2025-05-26 16:00:00,2566.0,2573.3,2525.86,2541.22,54080.3119
2025-05-26 20:00:00,2541.21,2584.65,2536.57,2563.7,42617.8342
2025-05-27 00:00:00,2563.7,2573.5,2509.46,2549.25,69713.0364
2025-05-27 04:00:00,2549.26,2619.48,2548.99,2607.59,197681.4542
2025-05-27 08:00:00,2607.6,2655.0,2607.59,2652.64,142343.8069
2025-05-27 12:00:00,2652.64,2683.87,2633.36,2668.2,187321.8228
2025-05-27 16:00:00,2668.2,2712.36,2658.36,2687.53,134840.7342
2025-05-27 20:00:00,2687.53,2694.12,2652.26,2660.81,66530.0317
2025-05-28 00:00:00,2660.81,2661.79,2618.34,2645.37,90117.4687
2025-05-28 04:00:00,2645.38,2652.57,2623.85,2636.39,53442.2005
2025-05-28 08:00:00,2636.39,2659.01,2608.5,2656.99,79915.2726
2025-05-28 12:00:00,2656.99,2689.14,2613.2,2626.9,163925.6089
2025-05-28 16:00:00,2626.9,2664.35,2615.32,2617.79,97533.2399
2025-05-28 20:00:00,2617.8,2686.4,2612.04,2681.6,75161.8927
2025-05-29 00:00:00,2681.61,2788.0,2669.01,2762.5,229259.2567
2025-05-29 04:00:00,2762.5,2766.8,2701.28,2731.28,126662.7696
2025-05-29 08:00:00,2731.29,2744.42,2707.1,2715.83,87809.0759
2025-05-29 12:00:00,2715.82,2718.6,2621.92,2643.68,199941.4085
2025-05-29 16:00:00,2643.68,2673.48,2628.99,2650.12,102620.318
2025-05-29 20:00:00,2650.12,2668.95,2619.05,2631.39,65274.4258
2025-05-30 00:00:00,2631.39,2645.23,2557.07,2631.19,155006.0398
2025-05-30 04:00:00,2631.19,2649.23,2606.8,2618.26,98621.6797
2025-05-30 08:00:00,2618.27,2628.1,2588.16,2622.04,94347.7511
2025-05-30 12:00:00,2622.04,2626.3,2572.56,2598.21,158089.2625
2025-05-30 16:00:00,2598.21,2604.28,2533.2,2574.41,150402.1797
2025-05-30 20:00:00,2574.41,2589.85,2507.35,2531.34,106578.3436
2025-05-31 00:00:00,2531.35,2539.98,2475.33,2513.98,168287.9684
2025-05-31 04:00:00,2513.98,2526.5,2504.63,2521.11,44367.3462
2025-05-31 08:00:00,2521.11,2538.45,2508.04,2519.61,49679.8374
2025-05-31 12:00:00,2519.61,2550.14,2515.95,2536.3,66920.1415
2025-05-31 16:00:00,2536.29,2547.99,2523.36,2537.4,29163.6348
2025-05-31 20:00:00,2537.39,2550.34,2524.41,2528.06,36118.3238
2025-06-01 00:00:00,2528.06,2530.38,2492.0,2513.3,70533.988
2025-06-01 04:00:00,2513.3,2527.28,2505.87,2509.0,27878.1156
2025-06-01 08:00:00,2509.0,2510.75,2477.77,2497.35,54403.224
2025-06-01 12:00:00,2497.35,2524.99,2468.56,2523.23,59879.6014
2025-06-01 16:00:00,2523.23,2547.79,2493.49,2526.38,77247.3012
2025-06-01 20:00:00,2526.38,2547.59,2519.42,2539.21,42079.4786
2025-06-02 00:00:00,2539.2,2541.71,2485.65,2496.31,62064.6801
2025-06-02 04:00:00,2496.3,2513.97,2483.37,2506.94,46755.833
2025-06-02 08:00:00,2506.94,2515.92,2475.0,2480.94,72369.9377
2025-06-02 12:00:00,2480.93,2556.74,2477.88,2544.39,117634.5723
2025-06-02 16:00:00,2544.39,2565.56,2524.8,2532.44,84111.6306
2025-06-02 20:00:00,2532.45,2615.0,2532.2,2607.41,85953.32
2025-06-03 00:00:00,2607.42,2649.91,2589.3,2603.39,131030.6321
2025-06-03 04:00:00,2603.38,2620.75,2589.91,2609.99,51167.9653
2025-06-03 08:00:00,2610.0,2620.34,2594.79,2601.78,52849.5399
2025-06-03 12:00:00,2601.78,2655.38,2598.02,2623.58,102211.9356
2025-06-03 16:00:00,2623.58,2628.57,2602.56,2625.16,59674.1095
2025-06-03 20:00:00,2625.19,2625.61,2575.0,2593.36,57448.8615
2025-06-04 00:00:00,2593.35,2640.83,2583.5,2627.9,61798.9202
2025-06-04 04:00:00,2627.89,2644.77,2619.3,2627.74,62938.1514
2025-06-04 08:00:00,2627.75,2650.0,2624.0,2624.4,63468.9201
2025-06-04 12:00:00,2624.41,2679.88,2594.49,2667.93,172701.2856
2025-06-04 16:00:00,2667.92,2669.59,2622.22,2623.72,77307.5958
2025-06-04 20:00:00,2623.72,2625.1,2599.11,2607.68,64279.9483
2025-06-05 00:00:00,2607.68,2632.47,2601.25,2624.99,40676.0642
2025-06-05 04:00:00,2625.0,2634.46,2601.08,2604.08,61524.8808
2025-06-05 08:00:00,2604.09,2613.72,2580.88,2608.01,59838.8406
2025-06-05 12:00:00,2608.01,2640.86,2562.85,2589.43,182112.4377
2025-06-05 16:00:00,2589.44,2591.59,2506.4,2528.96,157136.102
2025-06-05 20:00:00,2528.96,2535.7,2391.66,2414.01,307649.7091
2025-06-06 00:00:00,2414.02,2457.12,2381.49,2455.71,152999.571
2025-06-06 04:00:00,2455.7,2468.55,2446.68,2455.64,89808.4824
2025-06-06 08:00:00,2455.64,2493.82,2454.01,2476.15,74073.1256
2025-06-06 12:00:00,2476.15,2531.36,2466.45,2509.63,148482.2253
2025-06-06 16:00:00,2509.62,2518.38,2483.22,2484.02,70686.2465
2025-06-06 20:00:00,2484.02,2507.06,2472.71,2476.1,42793.8466
2025-06-07 00:00:00,2476.1,2493.47,2457.0,2488.98,53068.2557
2025-06-07 04:00:00,2488.99,2502.0,2480.0,2491.28,46296.7577
2025-06-07 08:00:00,2491.27,2501.4,2482.11,2495.75,29169.0092
2025-06-07 12:00:00,2495.76,2523.61,2492.81,2519.75,56362.6484
2025-06-07 16:00:00,2519.75,2525.79,2506.69,2517.31,41024.5351
2025-06-07 20:00:00,2517.3,2544.36,2517.3,2524.63,38866.4682
2025-06-08 00:00:00,2524.64,2525.92,2508.08,2511.72,37219.908
2025-06-08 04:00:00,2511.72,2519.9,2508.32,2514.45,20757.6078
2025-06-08 08:00:00,2514.45,2521.13,2490.58,2513.51,56611.4709
2025-06-08 12:00:00,2513.5,2527.35,2500.21,2514.44,40763.927
2025-06-08 16:00:00,2514.44,2540.5,2512.62,2532.56,54196.2283
2025-06-08 20:00:00,2532.56,2548.63,2500.0,2509.83,56925.5719
2025-06-09 00:00:00,2509.84,2511.79,2482.15,2496.86,64068.886
2025-06-09 04:00:00,2496.85,2496.85,2477.73,2491.77,38565.8381
2025-06-09 08:00:00,2491.77,2547.17,2484.47,2541.79,105670.6597
2025-06-09 12:00:00,2541.78,2548.9,2509.94,2534.11,85277.028
2025-06-09 16:00:00,2534.11,2590.0,2534.1,2580.59,102931.886
2025-06-09 20:00:00,2580.58,2693.99,2575.72,2680.13,172212.0047
2025-06-10 00:00:00,2680.13,2726.78,2675.16,2688.88,195206.6267
2025-06-10 04:00:00,2688.89,2699.27,2655.61,2677.35,105454.7733
2025-06-10 08:00:00,2677.36,2798.76,2670.0,2773.64,225740.6996
2025-06-10 12:00:00,2773.64,2778.7,2690.0,2732.95,268487.1119
2025-06-10 16:00:00,2732.96,2806.0,2728.75,2773.68,164966.529
2025-06-10 20:00:00,2773.69,2827.0,2734.93,2816.4,178549.737
2025-06-11 00:00:00,2816.41,2834.86,2771.8,2791.06,101757.4584
2025-06-11 04:00:00,2791.07,2804.03,2780.15,2791.59,63641.1196
2025-06-11 08:00:00,2791.6,2793.57,2754.0,2772.25,77665.6327
2025-06-11 12:00:00,2772.26,2879.22,2764.1,2865.21,303126.4741
2025-06-11 16:00:00,2865.2,2875.72,2801.5,2813.35,187028.7991
2025-06-11 20:00:00,2813.32,2831.21,2743.75,2771.61,116991.4485
2025-06-12 00:00:00,2771.6,2784.83,2746.49,2765.08,90556.9862
2025-06-12 04:00:00,2765.08,2777.21,2733.68,2741.0,83213.918
2025-06-12 08:00:00,2740.99,2762.11,2720.38,2729.8,89210.6044
2025-06-12 12:00:00,2729.8,2773.21,2711.94,2719.79,146462.3222
2025-06-12 16:00:00,2719.79,2771.0,2690.93,2695.0,116051.0025
2025-06-12 20:00:00,2695.0,2703.6,2616.24,2642.65,174098.5424
2025-06-13 00:00:00,2642.66,2645.45,2436.98,2514.33,583148.633
2025-06-13 04:00:00,2514.32,2542.26,2492.0,2526.45,161519.4877
2025-06-13 08:00:00,2526.46,2545.55,2506.84,2545.4,115082.6187
2025-06-13 12:00:00,2545.41,2563.24,2502.9,2551.27,167730.5337
2025-06-13 16:00:00,2551.28,2585.2,2510.0,2527.72,118497.7656
2025-06-13 20:00:00,2527.72,2583.24,2524.19,2579.19,56197.2585
2025-06-14 00:00:00,2579.19,2579.43,2547.03,2548.76,64282.3801
2025-06-14 04:00:00,2548.76,2556.62,2525.72,2537.5,36813.2957
2025-06-14 08:00:00,2537.5,2539.79,2518.51,2538.52,40689.0778
2025-06-14 12:00:00,2538.51,2546.19,2504.95,2519.42,56895.4673
2025-06-14 16:00:00,2519.41,2526.11,2488.72,2507.5,88407.3102
2025-06-14 20:00:00,2507.5,2540.19,2496.58,2530.76,44351.3967
2025-06-15 00:00:00,2530.77,2540.99,2524.77,2530.1,26111.501
2025-06-15 04:00:00,2530.11,2553.08,2522.54,2528.61,46103.4273
2025-06-15 08:00:00,2528.61,2529.97,2508.45,2516.1,40898.7941
2025-06-15 12:00:00,2516.1,2554.96,2516.0,2541.81,63323.117
2025-06-15 16:00:00,2541.81,2559.51,2531.09,2536.79,44829.9693
2025-06-15 20:00:00,2536.79,2549.96,2492.0,2547.61,78434.8537
2025-06-16 00:00:00,2547.62,2579.0,2514.85,2568.25,87899.7186
2025-06-16 04:00:00,2568.25,2638.5,2566.61,2628.68,125755.977
2025-06-16 08:00:00,2628.69,2633.8,2592.6,2617.01,85218.9976
2025-06-16 12:00:00,2617.01,2657.9,2604.7,2632.25,113016.5695
2025-06-16 16:00:00,2632.24,2670.56,2627.62,2660.53,79211.7335
2025-06-16 20:00:00,2660.54,2680.34,2535.0,2544.17,189326.9918
2025-06-17 00:00:00,2544.17,2618.6,2524.54,2607.4,134766.9166
2025-06-17 04:00:00,2607.4,2610.49,2570.24,2582.26,71480.3659
2025-06-17 08:00:00,2582.25,2585.47,2541.6,2552.19,94184.3788
2025-06-17 12:00:00,2552.18,2567.97,2482.53,2499.0,163583.0522
2025-06-17 16:00:00,2499.01,2543.75,2453.8,2528.36,178174.7294
2025-06-17 20:00:00,2528.36,2534.36,2492.07,2509.95,73740.9652
2025-06-18 00:00:00,2509.95,2536.82,2504.55,2527.95,53251.4578
2025-06-18 04:00:00,2527.96,2546.91,2517.82,2533.55,43397.4947
2025-06-18 08:00:00,2533.54,2548.42,2488.27,2513.86,74243.8829
2025-06-18 12:00:00,2513.86,2538.7,2465.78,2508.96,143304.8759
2025-06-18 16:00:00,2508.96,2519.37,2467.12,2492.42,125864.4019
2025-06-18 20:00:00,2492.42,2537.48,2482.7,2525.0,64470.0686
2025-06-19 00:00:00,2525.0,2546.91,2506.2,2525.43,50666.9692
2025-06-19 04:00:00,2525.44,2531.23,2514.44,2518.99,25325.6687
2025-06-19 08:00:00,2518.99,2544.81,2518.99,2531.83,42387.306
2025-06-19 12:00:00,2531.82,2536.83,2490.0,2492.97,55400.4016
2025-06-19 16:00:00,2492.97,2523.0,2485.03,2504.87,39512.2462
2025-06-19 20:00:00,2504.87,2532.0,2502.99,2521.12,39353.4673
2025-06-20 00:00:00,2521.13,2531.49,2512.45,2517.19,31393.7018
2025-06-20 04:00:00,2517.2,2550.44,2503.64,2549.64,51587.8045
2025-06-20 08:00:00,2549.64,2569.0,2541.03,2549.65,67594.7504
2025-06-20 12:00:00,2549.64,2559.55,2487.56,2493.78,121310.6626
2025-06-20 16:00:00,2493.78,2496.2,2367.36,2414.85,287925.9928
2025-06-20 20:00:00,2414.84,2437.6,2381.96,2406.49,72214.9114
2025-06-21 00:00:00,2406.49,2432.11,2395.99,2425.59,40790.6059
2025-06-21 04:00:00,2425.59,2428.41,2419.0,2426.85,20369.1082
2025-06-21 08:00:00,2426.85,2448.8,2423.51,2442.75,51774.242
2025-06-21 12:00:00,2442.75,2445.2,2412.29,2423.59,49701.538
2025-06-21 16:00:00,2423.59,2428.23,2382.25,2384.76,59605.916
2025-06-21 20:00:00,2384.76,2409.42,2216.0,2295.73,274542.4539
2025-06-22 00:00:00,2295.72,2314.48,2246.25,2264.58,166578.0486
2025-06-22 04:00:00,2264.58,2298.22,2261.93,2270.68,57009.1072
2025-06-22 08:00:00,2270.69,2280.0,2236.05,2273.0,72607.0
2025-06-22 12:00:00,2273.0,2287.0,2156.21,2174.91,292034.3633
2025-06-22 16:00:00,2174.9,2219.95,2170.8,2183.78,89014.7447
2025-06-22 20:00:00,2183.79,2237.23,2111.89,2227.7,162912.5657
2025-06-23 00:00:00,2227.7,2260.42,2222.3,2234.68,68795.3555
2025-06-23 04:00:00,2234.67,2275.67,2227.89,2258.88,70994.6973
2025-06-23 08:00:00,2258.87,2274.7,2238.68,2253.37,49645.3616
2025-06-23 12:00:00,2253.38,2313.53,2232.45,2248.54,136331.6908
2025-06-23 16:00:00,2248.53,2325.16,2188.0,2312.77,220903.2916
2025-06-23 20:00:00,2312.77,2438.68,2303.79,2411.66,197913.4035
2025-06-24 00:00:00,2411.66,2418.09,2389.31,2398.51,77312.5382
2025-06-24 04:00:00,2398.51,2434.82,2391.2,2393.31,82496.9021
2025-06-24 08:00:00,2393.31,2449.14,2376.11,2409.44,111376.6709
2025-06-24 12:00:00,2409.44,2454.73,2402.89,2438.1,105117.6792
2025-06-24 16:00:00,2438.11,2482.04,2417.22,2434.24,105632.5355
2025-06-24 20:00:00,2434.23,2450.41,2430.7,2448.45,34824.3362
2025-06-25 00:00:00,2448.46,2468.69,2436.62,2444.38,42639.6986
2025-06-25 04:00:00,2444.38,2450.66,2424.21,2444.54,44534.8769
2025-06-25 08:00:00,2444.55,2448.47,2407.63,2428.95,83084.6157
2025-06-25 12:00:00,2428.96,2446.59,2389.69,2405.68,141883.7007
2025-06-25 16:00:00,2405.69,2440.0,2401.37,2432.79,61107.3493
2025-06-25 20:00:00,2432.79,2454.98,2408.02,2418.49,41644.4975
2025-06-26 00:00:00,2418.5,2520.92,2416.99,2488.78,136035.3947
2025-06-26 04:00:00,2488.79,2500.56,2467.14,2489.89,52296.5835
2025-06-26 08:00:00,2489.88,2500.4,2440.0,2450.36,65119.1136
2025-06-26 12:00:00,2450.35,2459.49,2409.51,2433.03,111170.2777
2025-06-26 16:00:00,2433.04,2442.91,2418.2,2435.87,40389.0057
2025-06-26 20:00:00,2435.86,2457.32,2394.32,2415.96,58693.6509
2025-06-27 00:00:00,2415.96,2448.84,2382.53,2446.97,77786.3549
2025-06-27 04:00:00,2446.98,2459.53,2434.63,2442.31,73097.8158
2025-06-27 08:00:00,2442.3,2463.54,2435.25,2447.25,65938.1952
2025-06-27 12:00:00,2447.25,2456.92,2414.15,2438.25,67273.5894
2025-06-27 16:00:00,2438.26,2449.44,2388.29,2412.67,58701.6025
2025-06-27 20:00:00,2412.67,2429.47,2411.54,2423.17,38677.2082
2025-06-28 00:00:00,2423.17,2423.91,2405.81,2420.93,22573.1079
2025-06-28 04:00:00,2420.93,2433.86,2417.86,2431.76,25863.0167
2025-06-28 08:00:00,2431.77,2432.44,2419.65,2427.42,35720.7253
2025-06-28 12:00:00,2427.42,2443.0,2420.0,2436.09,23960.841
2025-06-28 16:00:00,2436.1,2447.8,2431.64,2433.22,33334.2293
2025-06-28 20:00:00,2433.21,2442.21,2427.44,2435.62,14363.0657
2025-06-29 00:00:00,2435.62,2442.77,2424.65,2427.86,21222.2303
2025-06-29 04:00:00,2427.87,2440.5,2426.64,2440.5,14615.4811
2025-06-29 08:00:00,2440.51,2463.88,2438.33,2462.25,54997.0646
2025-06-29 12:00:00,2462.24,2463.48,2432.88,2436.68,38138.631
2025-06-29 16:00:00,2436.69,2442.55,2429.58,2437.96,21035.621
2025-06-29 20:00:00,2437.97,2525.0,2412.0,2500.09,134282.7777
2025-06-30 00:00:00,2500.09,2524.3,2495.17,2499.21,79654.3745
2025-06-30 04:00:00,2499.2,2505.31,2456.37,2480.59,66271.4295
2025-06-30 08:00:00,2480.6,2486.64,2446.68,2458.52,59663.3951
2025-06-30 12:00:00,2458.51,2488.0,2431.0,2474.78,95201.2301
2025-06-30 16:00:00,2474.77,2518.49,2461.88,2515.71,85849.3761
2025-06-30 20:00:00,2515.71,2522.17,2482.54,2485.47,53815.9087
2025-07-01 00:00:00,2485.47,2500.8,2477.44,2485.42,35064.2225
2025-07-01 04:00:00,2485.43,2485.91,2445.45,2465.03,57251.4543
2025-07-01 08:00:00,2465.03,2465.04,2440.0,2449.06,59693.7098
2025-07-01 12:00:00,2449.05,2456.55,2406.7,2423.54,96182.0218
2025-07-01 16:00:00,2423.54,2434.0,2400.0,2402.87,45021.1484
2025-07-01 20:00:00,2402.87,2418.57,2386.52,2405.01,58738.53
2025-07-02 00:00:00,2405.01,2432.41,2373.0,2430.55,51415.4396
2025-07-02 04:00:00,2430.55,2454.7,2425.47,2447.03,53917.342
2025-07-02 08:00:00,2447.03,2459.99,2441.7,2445.7,51333.2834
2025-07-02 12:00:00,2445.69,2502.85,2431.56,2498.81,100535.9703
2025-07-02 16:00:00,2498.82,2607.71,2495.03,2604.73,259492.6934
2025-07-02 20:00:00,2604.73,2619.28,2569.14,2570.41,118272.305
2025-07-03 00:00:00,2570.41,2587.54,2556.12,2561.23,66739.9117
2025-07-03 04:00:00,2561.22,2605.74,2559.34,2600.18,65796.6558
2025-07-03 08:00:00,2600.19,2616.96,2581.58,2597.59,83170.9032
2025-07-03 12:00:00,2597.58,2635.5,2565.46,2570.52,191424.4306
2025-07-03 16:00:00,2570.52,2592.43,2565.31,2586.02,62365.8684
2025-07-03 20:00:00,2586.02,2603.6,2585.69,2591.25,35445.8895
2025-07-04 00:00:00,2591.26,2603.17,2571.56,2577.93,39051.4838
2025-07-04 04:00:00,2577.93,2584.64,2530.3,2534.9,78695.4357
2025-07-04 08:00:00,2534.9,2558.66,2527.37,2549.21,48106.8639
2025-07-04 12:00:00,2549.2,2555.96,2498.36,2500.52,116758.4969
2025-07-04 16:00:00,2500.52,2503.5,2474.24,2482.58,130796.5218
2025-07-04 20:00:00,2482.57,2520.85,2481.21,2508.04,39184.2179
2025-07-05 00:00:00,2508.04,2524.92,2498.63,2518.24,25534.4243
2025-07-05 04:00:00,2518.24,2529.81,2512.63,2521.31,18659.4764
2025-07-05 08:00:00,2521.32,2526.45,2508.83,2518.11,22957.673
2025-07-05 12:00:00,2518.11,2521.98,2505.35,2507.67,30633.266
2025-07-05 16:00:00,2507.67,2512.95,2487.95,2505.74,41908.6321
2025-07-05 20:00:00,2505.73,2522.52,2498.28,2516.41,17504.624
2025-07-06 00:00:00,2516.42,2520.84,2509.47,2514.77,16689.3617
2025-07-06 04:00:00,2514.78,2526.66,2508.66,2517.85,22907.8942
2025-07-06 08:00:00,2517.85,2518.44,2503.5,2516.14,24935.4266
2025-07-06 12:00:00,2516.14,2570.0,2511.94,2558.72,80738.4177
2025-07-06 16:00:00,2558.71,2560.81,2523.33,2541.06,46446.2339
2025-07-06 20:00:00,2541.05,2605.0,2540.06,2570.35,85876.2978
2025-07-07 00:00:00,2570.35,2590.57,2550.46,2577.42,43450.6801
2025-07-07 04:00:00,2577.41,2580.64,2560.0,2578.34,31939.7374
2025-07-07 08:00:00,2578.33,2588.42,2552.57,2562.99,42870.5631
2025-07-07 12:00:00,2562.99,2569.12,2527.5,2533.81,87925.5273
2025-07-07 16:00:00,2533.81,2557.49,2512.0,2543.97,82559.972
2025-07-07 20:00:00,2543.97,2545.45,2523.33,2542.29,26961.0473
2025-07-08 00:00:00,2542.3,2554.56,2523.59,2538.34,45379.9257
2025-07-08 04:00:00,2538.33,2563.8,2532.0,2553.42,41418.5715
2025-07-08 08:00:00,2553.42,2585.38,2543.33,2575.15,47897.3718
2025-07-08 12:00:00,2575.16,2600.62,2557.86,2564.68,77029.4018
2025-07-08 16:00:00,2564.68,2628.21,2559.68,2610.61,124670.1733
2025-07-08 20:00:00,2610.61,2617.7,2596.85,2615.25,34520.288
2025-07-09 00:00:00,2615.25,2626.72,2589.78,2591.75,36059.8945
2025-07-09 04:00:00,2591.74,2647.0,2590.98,2624.86,65726.3541
2025-07-09 08:00:00,2624.86,2630.31,2604.37,2626.43,48393.0511
2025-07-09 12:00:00,2626.43,2674.81,2623.95,2656.83,174568.8613
2025-07-09 16:00:00,2656.84,2795.74,2652.41,2765.01,218869.8532
2025-07-09 20:00:00,2765.01,2783.16,2731.72,2768.74,142501.363
2025-07-10 00:00:00,2768.74,2798.0,2755.5,2776.13,83700.9931
2025-07-10 04:00:00,2776.13,2823.18,2765.53,2791.09,153381.5099
2025-07-10 08:00:00,2791.08,2797.0,2772.0,2778.69,80534.4173
2025-07-10 12:00:00,2778.69,2795.0,2758.78,2769.32,104583.5693
2025-07-10 16:00:00,2769.32,2840.69,2769.03,2816.21,174872.027
2025-07-10 20:00:00,2816.21,3000.0,2813.13,2951.29,354823.5534
2025-07-11 00:00:00,2951.29,2975.0,2913.75,2969.74,129986.2632
2025-07-11 04:00:00,2969.75,3029.55,2946.02,2968.49,205429.0153
2025-07-11 08:00:00,2968.81,3040.15,2963.51,2984.0,176478.9336
2025-07-11 12:00:00,2984.01,3009.64,2939.36,2951.09,183069.2994
2025-07-11 16:00:00,2951.09,3010.39,2936.46,3007.6,121178.0576
2025-07-11 20:00:00,3007.6,3010.0,2923.32,2958.22,90697.5998
2025-07-12 00:00:00,2958.21,2970.85,2932.0,2966.09,47769.6089
2025-07-12 04:00:00,2966.1,2977.94,2937.7,2962.85,54739.0406
2025-07-12 08:00:00,2962.84,2979.78,2957.51,2963.39,48317.1794
2025-07-12 12:00:00,2963.39,2967.59,2903.85,2916.05,113763.8372
2025-07-12 16:00:00,2916.05,2945.83,2910.49,2941.18,42874.7113
2025-07-12 20:00:00,2941.18,2948.0,2915.0,2943.28,41420.5103
2025-07-13 00:00:00,2943.29,2960.7,2936.49,2955.1,32411.5886
2025-07-13 04:00:00,2955.11,2967.97,2949.64,2962.94,29321.3817
2025-07-13 08:00:00,2962.95,2965.66,2944.49,2964.58,33777.469
2025-07-13 12:00:00,2964.57,3020.31,2958.92,2992.43,129614.6883
2025-07-13 16:00:00,2992.43,3010.65,2962.65,2989.45,59449.3596
2025-07-13 20:00:00,2989.46,2998.92,2940.24,2972.03,72759.0144
2025-07-14 00:00:00,2972.03,3051.26,2962.81,3037.36,125331.2348
2025-07-14 04:00:00,3037.35,3065.57,3016.91,3045.02,176067.3527
2025-07-14 08:00:00,3045.02,3083.0,3023.08,3051.72,153682.6878
2025-07-14 12:00:00,3051.71,3068.33,2993.2,3012.49,173256.291
2025-07-14 16:00:00,3012.48,3029.96,2983.0,3000.33,121773.2371
2025-07-14 20:00:00,3000.35,3018.88,2980.97,3013.62,65441.8462
2025-07-15 00:00:00,3013.61,3023.2,2932.46,2951.8,137032.5847
2025-07-15 04:00:00,2951.79,2995.89,2934.83,2977.49,98226.7001
2025-07-15 08:00:00,2977.5,2989.25,2958.84,2981.11,60092.5512
2025-07-15 12:00:00,2981.12,3067.43,2967.0,3039.93,244113.4454
2025-07-15 16:00:00,3039.94,3097.32,3032.35,3040.88,223763.2107
2025-07-15 20:00:00,3040.87,3144.14,3029.63,3137.89,100355.2456
2025-07-16 00:00:00,3137.9,3152.53,3103.17,3115.99,107060.7869
2025-07-16 04:00:00,3116.0,3175.0,3101.0,3162.45,110053.9263
2025-07-16 08:00:00,3162.44,3173.47,3143.81,3150.5,97381.3174
2025-07-16 12:00:00,3150.49,3265.44,3147.46,3244.49,278582.4246
2025-07-16 16:00:00,3244.48,3384.23,3235.0,3384.23,329179.6876
2025-07-16 20:00:00,3384.22,3425.0,3344.0,3371.35,213692.4403
2025-07-17 00:00:00,3371.35,3398.18,3310.77,3330.14,136566.2565
2025-07-17 04:00:00,3330.13,3468.0,3320.0,3447.9,159797.002
2025-07-17 08:00:00,3447.9,3480.19,3425.49,3433.29,156281.7676
2025-07-17 12:00:00,3433.3,3439.64,3361.2,3420.49,187960.2841
2025-07-17 16:00:00,3420.49,3455.54,3364.43,3412.33,143203.4818
2025-07-17 20:00:00,3412.32,3523.44,3372.51,3476.87,190257.0344
2025-07-18 00:00:00,3476.88,3626.57,3458.68,3596.4,250277.7388
2025-07-18 04:00:00,3596.4,3673.84,3576.0,3604.1,239600.3676
2025-07-18 08:00:00,3604.1,3628.12,3582.41,3610.24,150319.7932
2025-07-18 12:00:00,3610.23,3671.5,3530.0,3563.68,278381.8867
2025-07-18 16:00:00,3563.68,3624.8,3538.0,3551.59,121323.4152
2025-07-18 20:00:00,3551.59,3576.76,3477.58,3546.92,123920.1962
2025-07-19 00:00:00,3546.92,3599.0,3506.79,3592.98,79193.0349
2025-07-19 04:00:00,3592.97,3608.3,3567.05,3571.47,53185.9792
2025-07-19 08:00:00,3571.46,3578.38,3538.07,3552.75,63369.9911
2025-07-19 12:00:00,3552.75,3572.31,3526.44,3552.0,70947.4114
2025-07-19 16:00:00,3552.0,3581.92,3532.78,3577.61,63243.4261
2025-07-19 20:00:00,3577.61,3598.31,3539.0,3592.01,51852.0786
2025-07-20 00:00:00,3592.0,3694.99,3579.13,3658.01,120180.4935
2025-07-20 04:00:00,3658.01,3689.97,3633.18,3668.49,83643.0008
2025-07-20 08:00:00,3668.5,3766.45,3668.5,3756.71,196973.3489
2025-07-20 12:00:00,3756.7,3790.0,3724.94,3786.05,132622.0181
2025-07-20 16:00:00,3786.06,3824.56,3730.72,3749.93,184914.7826
2025-07-20 20:00:00,3749.93,3772.97,3681.6,3756.69,134022.9094
2025-07-21 00:00:00,3756.69,3766.28,3701.01,3757.37,101795.1978
2025-07-21 04:00:00,3757.38,3812.49,3747.38,3787.69,112872.7327
2025-07-21 08:00:00,3787.7,3837.0,3755.32,3808.69,138350.401
2025-07-21 12:00:00,3808.69,3860.0,3775.39,3810.37,179461.8476
2025-07-21 16:00:00,3810.37,3817.28,3719.0,3736.46,214277.1512
2025-07-21 20:00:00,3736.47,3779.48,3719.7,3762.33,65316.7231
2025-07-22 00:00:00,3762.32,3798.65,3696.18,3731.14,142115.4027
2025-07-22 04:00:00,3731.13,3734.01,3646.0,3676.91,170003.3783
2025-07-22 08:00:00,3676.91,3719.99,3616.54,3705.3,161764.7815
2025-07-22 12:00:00,3705.3,3728.53,3625.42,3718.11,204142.8732
2025-07-22 16:00:00,3718.11,3748.9,3655.19,3670.14,122042.4043
2025-07-22 20:00:00,3670.13,3751.0,3662.14,3746.21,70058.5464
2025-07-23 00:00:00,3746.21,3764.2,3712.45,3728.63,94168.634
2025-07-23 04:00:00,3728.63,3737.6,3663.91,3673.33,75662.4304
2025-07-23 08:00:00,3673.33,3698.0,3639.96,3671.99,85820.92
2025-07-23 12:00:00,3671.99,3680.68,3573.47,3644.22,267456.6077
2025-07-23 16:00:00,3644.21,3644.21,3552.0,3587.75,162389.0403
2025-07-23 20:00:00,3587.74,3634.93,3527.0,3628.29,114761.7701
2025-07-24 00:00:00,3628.29,3665.31,3612.57,3641.19,55247.2289
2025-07-24 04:00:00,3641.19,3657.57,3502.85,3591.9,160457.1539
2025-07-24 08:00:00,3591.9,3660.36,3580.79,3655.12,120812.1182
2025-07-24 12:00:00,3655.12,3771.0,3612.96,3730.76,206707.6566
2025-07-24 16:00:00,3730.77,3754.17,3666.74,3732.79,135066.6564
2025-07-24 20:00:00,3732.77,3743.44,3695.32,3706.94,71168.681
2025-07-25 00:00:00,3706.95,3708.21,3573.76,3596.0,174613.3279
2025-07-25 04:00:00,3596.01,3667.59,3580.0,3631.67,138812.6314
2025-07-25 08:00:00,3631.67,3747.0,3629.1,3721.37,150331.2639
2025-07-25 12:00:00,3721.37,3735.0,3601.56,3634.2,155344.4949
2025-07-25 16:00:00,3634.21,3659.75,3615.0,3641.14,78268.9365
2025-07-25 20:00:00,3641.15,3730.0,3639.5,3724.96,67236.0715
2025-07-26 00:00:00,3724.97,3767.13,3697.66,3739.51,73919.6127
2025-07-26 04:00:00,3739.5,3756.62,3731.53,3742.21,44556.8773
2025-07-26 08:00:00,3742.2,3782.83,3730.25,3739.36,110694.4458
2025-07-26 12:00:00,3739.37,3754.2,3715.58,3735.72,64440.8109
2025-07-26 16:00:00,3735.72,3756.06,3709.39,3750.5,53501.8339
2025-07-26 20:00:00,3750.5,3793.0,3733.49,3741.1,60146.1218
2025-07-27 00:00:00,3741.11,3787.8,3731.0,3774.03,41045.2346
2025-07-27 04:00:00,3774.03,3811.0,3763.0,3768.01,60429.0286
2025-07-27 08:00:00,3768.0,3842.95,3751.0,3815.26,90831.0542
2025-07-27 12:00:00,3815.26,3836.54,3791.48,3818.53,90376.2482
2025-07-27 16:00:00,3818.53,3868.08,3809.01,3828.32,109495.5836
2025-07-27 20:00:00,3828.33,3879.82,3816.01,3872.1,65175.3113
2025-07-28 00:00:00,3872.11,3907.4,3843.0,3879.81,101123.9194
2025-07-28 04:00:00,3879.81,3941.0,3868.34,3893.0,116692.6349
2025-07-28 08:00:00,3893.01,3901.94,3860.01,3879.79,61307.7424
2025-07-28 12:00:00,3879.8,3889.99,3773.33,3808.11,175985.1258
2025-07-28 16:00:00,3808.11,3822.8,3754.0,3797.36,100389.1324
2025-07-28 20:00:00,3797.37,3803.98,3765.88,3799.0,65496.1914
2025-07-29 00:00:00,3799.0,3821.48,3731.21,3791.9,98310.4444
2025-07-29 04:00:00,3791.91,3880.0,3775.77,3877.36,85485.2262
2025-07-29 08:00:00,3877.36,3886.44,3811.78,3825.9,82993.7615
2025-07-29 12:00:00,3825.89,3874.54,3747.0,3761.57,140877.5291
2025-07-29 16:00:00,3761.56,3797.0,3716.04,3765.89,117271.5126
2025-07-29 20:00:00,3765.89,3801.77,3739.14,3793.79,59271.9655
2025-07-30 00:00:00,3793.79,3828.71,3756.0,3817.47,65329.138
2025-07-30 04:00:00,3817.46,3834.03,3786.87,3811.44,52195.7236
2025-07-30 08:00:00,3811.44,3825.73,3744.16,3758.18,74284.4796
2025-07-30 12:00:00,3758.18,3832.0,3749.74,3797.25,90460.8437
2025-07-30 16:00:00,3797.25,3822.0,3677.65,3760.68,175379.9749
2025-07-30 20:00:00,3760.67,3811.93,3742.79,3810.0,67774.7405
2025-07-31 00:00:00,3810.0,3868.0,3801.53,3863.31,100247.8735
2025-07-31 04:00:00,3863.31,3878.67,3854.77,3863.81,57223.3568
2025-07-31 08:00:00,3863.81,3873.28,3826.3,3838.46,55333.2924
2025-07-31 12:00:00,3838.45,3845.09,3762.27,3788.38,109596.7847
2025-07-31 16:00:00,3788.39,3819.0,3735.0,3737.72,99597.7602
2025-07-31 20:00:00,3737.71,3758.56,3684.33,3698.39,94089.3827
2025-08-01 00:00:00,3698.39,3724.02,3616.66,3704.98,149144.9601
2025-08-01 04:00:00,3704.98,3704.98,3624.11,3650.74,100331.0096
2025-08-01 08:00:00,3650.73,3650.73,3585.69,3642.72,106483.8433
2025-08-01 12:00:00,3642.72,3675.85,3565.0,3616.1,152982.1001
2025-08-01 16:00:00,3616.1,3634.0,3515.13,3518.4,133452.712
2025-08-01 20:00:00,3518.42,3553.21,3431.75,3488.2,141474.5266
2025-08-02 00:00:00,3488.21,3532.3,3478.42,3528.79,76611.6359
2025-08-02 04:00:00,3528.79,3537.69,3455.0,3519.16,78666.8207
2025-08-02 08:00:00,3519.17,3524.25,3474.23,3508.67,52942.9471
2025-08-02 12:00:00,3508.67,3517.56,3451.43,3459.33,61057.5545
2025-08-02 16:00:00,3459.33,3481.64,3372.47,3383.2,155907.9965
2025-08-02 20:00:00,3383.2,3441.69,3368.29,3393.94,69008.7547
2025-08-03 00:00:00,3393.94,3452.29,3354.28,3444.12,70214.7952
2025-08-03 04:00:00,3444.13,3459.62,3433.98,3456.25,33125.7736
2025-08-03 08:00:00,3456.24,3516.31,3454.11,3485.46,58025.3762
2025-08-03 12:00:00,3485.45,3504.27,3454.34,3476.49,51259.7992
2025-08-03 16:00:00,3476.49,3515.0,3467.85,3496.74,46815.2855
2025-08-03 20:00:00,3496.75,3521.79,3483.5,3496.74,36906.6461
2025-08-04 00:00:00,3496.75,3576.07,3490.73,3556.8,75541.3278
2025-08-04 04:00:00,3556.79,3565.67,3520.69,3551.99,47698.2079
2025-08-04 08:00:00,3552.0,3574.47,3542.25,3555.7,45699.2755
2025-08-04 12:00:00,3555.71,3665.6,3551.1,3648.89,135330.5801
2025-08-04 16:00:00,3648.89,3718.54,3648.85,3669.73,85223.4994
2025-08-04 20:00:00,3669.73,3736.73,3661.21,3720.99,73857.0954
2025-08-05 00:00:00,3720.99,3722.24,3648.24,3651.94,75119.4199
2025-08-05 04:00:00,3651.94,3679.69,3601.53,3613.49,70853.7586
2025-08-05 08:00:00,3613.49,3694.06,3608.1,3673.79,67427.9027
2025-08-05 12:00:00,3673.8,3680.58,3555.0,3570.43,165645.9535
2025-08-05 16:00:00,3570.43,3612.26,3559.71,3571.66,64656.721
2025-08-05 20:00:00,3571.65,3624.56,3546.0,3612.0,45367.2032
2025-08-06 00:00:00,3612.01,3614.0,3564.19,3583.66,41403.6119
2025-08-06 04:00:00,3583.67,3662.0,3569.28,3639.82,70989.2724
2025-08-06 08:00:00,3639.81,3644.6,3607.54,3619.64,48235.9133
2025-08-06 12:00:00,3619.63,3669.38,3574.05,3664.69,102539.587
2025-08-06 16:00:00,3664.7,3698.6,3638.56,3683.65,63895.5877
2025-08-06 20:00:00,3683.66,3686.17,3652.38,3683.31,38245.9482
2025-08-07 00:00:00,3683.31,3716.61,3647.63,3656.78,56122.7246
2025-08-07 04:00:00,3656.78,3711.0,3655.09,3702.4,46356.287
2025-08-07 08:00:00,3702.41,3843.66,3702.41,3827.0,183717.2969
2025-08-07 12:00:00,3827.01,3865.64,3804.27,3837.01,151206.0077
2025-08-07 16:00:00,3837.01,3876.44,3780.54,3867.6,93776.6786
2025-08-07 20:00:00,3867.6,3927.77,3851.22,3910.31,100499.9924
2025-08-08 00:00:00,3910.3,3969.06,3880.0,3939.18,130547.2077
2025-08-08 04:00:00,3939.19,3939.34,3892.47,3915.97,66893.2103
2025-08-08 08:00:00,3915.98,3927.54,3884.44,3917.97,56015.1438
2025-08-08 12:00:00,3917.97,4012.0,3891.52,3954.56,249634.108
2025-08-08 16:00:00,3954.56,4065.86,3950.0,4060.99,161157.1735
2025-08-08 20:00:00,4060.98,4071.0,4006.9,4009.5,59053.1676
2025-08-09 00:00:00,4009.51,4053.01,4006.63,4051.01,54922.1013
2025-08-09 04:00:00,4051.02,4200.0,4045.0,4170.64,209400.9758
2025-08-09 08:00:00,4170.64,4246.65,4166.22,4190.0,132401.5516
2025-08-09 12:00:00,4190.0,4226.23,4153.17,4209.57,99517.9366
2025-08-09 16:00:00,4209.57,4271.45,4192.8,4258.57,81130.8834
2025-08-09 20:00:00,4258.57,4326.2,4242.87,4260.62,114558.6561
2025-08-10 00:00:00,4260.63,4332.6,4206.55,4242.74,133032.1075
2025-08-10 04:00:00,4242.73,4264.98,4176.0,4185.12,93255.556
2025-08-10 08:00:00,4185.12,4232.73,4160.0,4180.57,87280.442
2025-08-10 12:00:00,4180.58,4237.43,4153.07,4217.94,77277.583
2025-08-10 16:00:00,4217.94,4259.36,4214.45,4248.83,40487.6252
2025-08-10 20:00:00,4248.8,4254.54,4186.16,4250.57,63510.4968
2025-08-11 00:00:00,4250.58,4343.0,4238.52,4309.64,135191.5621
2025-08-11 04:00:00,4309.65,4349.81,4266.66,4273.69,91929.6929
2025-08-11 08:00:00,4273.69,4287.17,4170.02,4185.1,109276.4312
2025-08-11 12:00:00,4185.1,4332.17,4166.77,4329.74,176788.269
2025-08-11 16:00:00,4329.74,4366.46,4233.99,4259.39,127454.6271
2025-08-11 20:00:00,4259.38,4259.38,4190.0,4223.22,82023.4577
2025-08-12 00:00:00,4223.22,4311.12,4219.04,4286.09,69103.5726
2025-08-12 04:00:00,4286.09,4321.67,4267.41,4315.57,80593.4939
2025-08-12 08:00:00,4315.57,4332.32,4256.92,4290.94,74576.0882
2025-08-12 12:00:00,4290.94,4480.66,4278.01,4472.62,319555.8459
2025-08-12 16:00:00,4472.62,4518.89,4440.38,4516.97,155770.5931
2025-08-12 20:00:00,4516.97,4639.7,4504.54,4590.52,185688.4715
2025-08-13 00:00:00,4590.52,4656.24,4564.33,4647.0,118706.8508
2025-08-13 04:00:00,4646.99,4683.0,4608.21,4625.59,121530.1824
2025-08-13 08:00:00,4625.6,4715.75,4609.04,4690.33,143405.6489
2025-08-13 12:00:00,4690.28,4736.82,4616.0,4664.38,223447.5173
2025-08-13 16:00:00,4664.38,4750.0,4661.09,4738.99,178188.5048
2025-08-13 20:00:00,4738.98,4783.85,4697.34,4749.3,140652.7946
2025-08-14 00:00:00,4749.31,4779.0,4708.35,4774.08,110355.4978
2025-08-14 04:00:00,4774.09,4788.0,4716.0,4748.37,126732.0793
2025-08-14 08:00:00,4748.37,4766.66,4675.81,4718.17,152329.8792
2025-08-14 12:00:00,4718.18,4736.0,4451.33,4618.87,554409.1566
2025-08-14 16:00:00,4618.87,4623.62,4480.63,4537.63,205989.8934
2025-08-14 20:00:00,4537.64,4572.0,4453.13,4546.84,115632.539
2025-08-15 00:00:00,4546.84,4650.0,4537.32,4634.46,107623.8843
2025-08-15 04:00:00,4634.47,4662.6,4599.01,4640.16,91121.5734
2025-08-15 08:00:00,4640.15,4666.66,4612.31,4634.16,69832.2749
2025-08-15 12:00:00,4634.17,4672.67,4395.47,4430.86,301257.0493
2025-08-15 16:00:00,4430.87,4462.26,4369.46,4383.45,168479.3926
2025-08-15 20:00:00,4383.45,4490.73,4368.0,4439.47,142095.0846
2025-08-16 00:00:00,4439.47,4490.42,4423.53,4432.24,88860.8615
2025-08-16 04:00:00,4432.25,4465.22,4407.69,4451.83,49806.4097
2025-08-16 08:00:00,4451.84,4459.12,4372.54,4387.87,81613.2986
2025-08-16 12:00:00,4387.88,4427.92,4375.63,4400.42,70316.2787
2025-08-16 16:00:00,4400.41,4440.51,4390.58,4418.53,38344.5232
2025-08-16 20:00:00,4418.53,4437.88,4402.82,4421.99,29735.2167
2025-08-17 00:00:00,4422.0,4459.3,4393.98,4452.77,48880.8973
2025-08-17 04:00:00,4452.78,4491.0,4444.44,4467.12,79637.8047
2025-08-17 08:00:00,4467.12,4576.0,4458.64,4551.68,102669.3254
2025-08-17 12:00:00,4551.69,4565.49,4519.13,4561.99,52232.2505
2025-08-17 16:00:00,4561.99,4566.17,4427.44,4459.56,92723.5258
2025-08-17 20:00:00,4459.55,4533.95,4457.02,4472.33,66317.5792
2025-08-18 00:00:00,4472.34,4481.88,4278.13,4320.22,241372.5328
2025-08-18 04:00:00,4320.22,4348.44,4230.74,4257.47,139718.9458
2025-08-18 08:00:00,4257.47,4319.77,4225.86,4274.37,122837.6062
2025-08-18 12:00:00,4274.36,4370.26,4270.77,4345.52,155521.8682
2025-08-18 16:00:00,4345.52,4384.53,4299.44,4355.09,92501.2338
2025-08-18 20:00:00,4355.08,4388.65,4303.67,4312.99,71235.9401
2025-08-19 00:00:00,4312.99,4355.0,4213.21,4218.66,118747.775
2025-08-19 04:00:00,4218.65,4250.41,4193.77,4234.36,103979.9428
2025-08-19 08:00:00,4234.35,4317.41,4218.46,4308.93,72742.7152
2025-08-19 12:00:00,4308.94,4340.15,4169.42,4192.14,237188.0218
2025-08-19 16:00:00,4192.14,4206.33,4113.63,4142.0,191723.2518
2025-08-19 20:00:00,4142.0,4164.97,4067.34,4075.59,106841.0885
2025-08-20 00:00:00,4075.58,4158.32,4060.0,4140.92,114356.889
2025-08-20 04:00:00,4140.92,4211.74,4139.51,4185.22,75847.711
2025-08-20 08:00:00,4185.22,4242.0,4150.26,4195.3,95308.3674
2025-08-20 12:00:00,4195.29,4308.49,4106.37,4255.9,215624.9806
2025-08-20 16:00:00,4255.68,4364.77,4254.72,4346.65,159841.4222
2025-08-20 20:00:00,4346.64,4378.0,4320.53,4336.16,67345.5231
2025-08-21 00:00:00,4336.16,4340.26,4278.03,4295.23,84502.7984
2025-08-21 04:00:00,4295.24,4321.36,4270.89,4310.76,44223.1556
2025-08-21 08:00:00,4310.79,4315.01,4256.34,4278.52,66951.7258
2025-08-21 12:00:00,4278.53,4328.37,4226.98,4242.66,123952.4312
2025-08-21 16:00:00,4242.66,4274.38,4208.0,4224.1,66342.3596
2025-08-21 20:00:00,4224.1,4260.86,4204.2,4225.3,47863.9286
2025-08-22 00:00:00,4225.3,4314.89,4222.25,4278.93,77390.8514
2025-08-22 04:00:00,4278.93,4345.38,4272.55,4328.14,84613.359
2025-08-22 08:00:00,4328.13,4354.19,4273.75,4274.56,96665.0938
2025-08-22 12:00:00,4274.57,4668.18,4207.39,4616.08,510799.5805
2025-08-22 16:00:00,4616.09,4859.1,4616.09,4833.0,347174.1823
2025-08-22 20:00:00,4833.0,4887.59,4796.48,4832.07,161333.56826
2025-08-23 00:00:00,4832.07,4832.07,4659.7,4694.64,183495.7612
2025-08-23 04:00:00,4694.63,4765.54,4694.33,4713.88,102546.7853
2025-08-23 08:00:00,4713.89,4746.09,4690.72,4704.93,55489.6245
2025-08-23 12:00:00,4704.95,4768.9,4692.81,4751.0,93641.4714
2025-08-23 16:00:00,4750.99,4761.97,4727.8,4758.66,37902.4266
2025-08-23 20:00:00,4758.66,4797.34,4738.0,4778.4,39366.0198
2025-08-24 00:00:00,4778.4,4817.4,4753.42,4788.59,73990.7108
2025-08-24 04:00:00,4788.59,4800.01,4757.3,4758.7,44970.7774
2025-08-24 08:00:00,4758.7,4786.5,4720.0,4747.73,59259.8944
2025-08-24 12:00:00,4747.73,4829.74,4738.67,4798.32,122996.9799
2025-08-24 16:00:00,4798.31,4956.78,4744.2,4813.04,305250.74042
2025-08-24 20:00:00,4813.01,4824.31,4711.0,4780.15,174199.6755
2025-08-25 00:00:00,4780.15,4797.97,4670.0,4727.41,111875.813
2025-08-25 04:00:00,4727.41,4740.01,4581.55,4591.36,161725.1176
2025-08-25 08:00:00,4591.37,4615.05,4519.96,4600.08,168097.6886
2025-08-25 12:00:00,4600.08,4690.02,4585.56,4612.57,205755.3975
2025-08-25 16:00:00,4612.58,4645.54,4416.0,4420.34,146228.7221
2025-08-25 20:00:00,4420.34,4446.19,4334.13,4376.18,250234.4271
2025-08-26 00:00:00,4376.17,4451.72,4311.04,4402.58,172417.3867
2025-08-26 04:00:00,4402.58,4454.0,4393.86,4429.7,93610.1147
2025-08-26 08:00:00,4429.7,4465.86,4405.09,4427.24,81044.3995
2025-08-26 12:00:00,4427.24,4579.0,4405.84,4519.02,227815.4318
2025-08-26 16:00:00,4519.03,4598.28,4498.58,4596.7,170031.4537
2025-08-26 20:00:00,4596.69,4633.46,4563.21,4600.63,89831.4903
2025-08-27 00:00:00,4600.63,4626.82,4538.69,4603.55,103641.6975
2025-08-27 04:00:00,4603.56,4645.93,4560.22,4580.45,100967.802
2025-08-27 08:00:00,4580.46,4619.68,4550.01,4608.87,72044.2122
2025-08-27 12:00:00,4608.87,4663.93,4575.17,4657.57,132483.3513
2025-08-27 16:00:00,4657.58,4658.0,4535.01,4565.7,80996.8873
2025-08-27 20:00:00,4565.7,4614.0,4481.53,4506.71,116535.4108
2025-08-28 00:00:00,4506.71,4549.0,4467.63,4541.63,69573.9921
2025-08-28 04:00:00,4541.62,4600.85,4534.99,4596.82,57664.7504
2025-08-28 08:00:00,4596.82,4633.97,4581.28,4594.8,71841.8208
2025-08-28 12:00:00,4594.79,4616.02,4485.0,4504.01,141018.1746
2025-08-28 16:00:00,4504.01,4530.5,4436.34,4438.46,92574.3377
2025-08-28 20:00:00,4438.49,4515.78,4430.0,4511.21,52570.3271
2025-08-29 00:00:00,4511.2,4516.75,4434.79,4489.75,69637.5081
2025-08-29 04:00:00,4489.75,4497.0,4367.5,4381.03,118788.5306
2025-08-29 08:00:00,4381.03,4398.43,4318.57,4346.48,135466.2144
2025-08-29 12:00:00,4346.48,4454.4,4265.0,4316.09,215781.3752
2025-08-29 16:00:00,4316.1,4366.66,4296.13,4340.78,88846.0782
2025-08-29 20:00:00,4340.79,4379.55,4305.57,4360.18,50544.1712
2025-08-30 00:00:00,4360.18,4381.61,4257.2,4352.45,102136.5521
2025-08-30 04:00:00,4352.46,4415.61,4347.58,4402.39,97596.3012
2025-08-30 08:00:00,4402.39,4408.07,4378.41,4392.08,41144.3265
2025-08-30 12:00:00,4392.07,4393.48,4332.15,4376.35,53086.3116
2025-08-30 16:00:00,4376.24,4376.24,4335.82,4354.63,21764.9766
2025-08-30 20:00:00,4354.63,4378.66,4334.4,4373.7,24590.7146
2025-08-31 00:00:00,4373.7,4488.58,4372.63,4488.12,86870.5588
2025-08-31 04:00:00,4488.12,4491.46,4433.04,4450.84,46105.6365
2025-08-31 08:00:00,4450.84,4483.8,4440.47,4476.98,64280.1686
2025-08-31 12:00:00,4476.98,4498.47,4451.03,4485.27,74632.1358
2025-08-31 16:00:00,4485.28,4490.87,4454.89,4456.01,33871.4872
2025-08-31 20:00:00,4456.0,4477.1,4378.43,4391.83,50826.1992
2025-09-01 00:00:00,4391.83,4432.25,4360.0,4404.16,97484.5196
2025-09-01 04:00:00,4404.15,4464.0,4358.67,4463.29,82667.9879
2025-09-01 08:00:00,4463.29,4491.84,4381.99,4392.83,81553.9294
2025-09-01 12:00:00,4392.83,4423.78,4346.19,4362.01,65084.4647
2025-09-01 16:00:00,4362.01,4371.54,4309.69,4368.06,58822.6622
2025-09-01 20:00:00,4368.05,4368.15,4210.61,4314.5,128216.4757
2025-09-02 00:00:00,4314.5,4394.97,4290.98,4367.11,80296.0877
2025-09-02 04:00:00,4367.11,4416.78,4360.84,4377.53,63965.5878
2025-09-02 08:00:00,4377.53,4408.0,4340.98,4347.98,62250.6809
2025-09-02 12:00:00,4347.98,4397.44,4271.31,4295.66,179101.1244
2025-09-02 16:00:00,4295.65,4331.57,4257.85,4274.41,83144.9375
2025-09-02 20:00:00,4274.41,4337.4,4266.31,4326.5,55846.6329
2025-09-03 00:00:00,4326.49,4355.37,4283.23,4335.02,59970.9699
2025-09-03 04:00:00,4335.02,4342.59,4285.71,4310.21,45196.6997
2025-09-03 08:00:00,4310.2,4385.88,4300.01,4371.51,70248.1912
2025-09-03 12:00:00,4371.51,4486.98,4339.99,4480.03,163360.9229
2025-09-03 16:00:00,4480.02,4490.64,4455.42,4475.32,112106.49
2025-09-03 20:00:00,4475.32,4480.79,4436.6,4450.46,36208.4124
2025-09-04 00:00:00,4450.46,4482.05,4388.9,4398.03,101700.4604
2025-09-04 04:00:00,4398.03,4414.9,4355.29,4371.04,68607.1967
2025-09-04 08:00:00,4371.05,4433.85,4365.4,4407.03,66351.3837
2025-09-04 12:00:00,4407.04,4428.39,4293.06,4305.33,129618.4637
2025-09-04 16:00:00,4305.32,4323.79,4265.33,4275.92,63186.7386
2025-09-04 20:00:00,4275.92,4353.33,4272.3,4297.55,42331.4665
2025-09-05 00:00:00,4297.56,4335.69,4291.02,4328.88,45816.7221
2025-09-05 04:00:00,4328.89,4428.67,4316.57,4417.29,72860.7888
2025-09-05 08:00:00,4417.29,4426.31,4373.2,4417.39,81554.0064
2025-09-05 12:00:00,4417.38,4490.0,4256.03,4283.39,318985.246
2025-09-05 16:00:00,4283.4,4331.9,4272.35,4331.54,59666.9203
2025-09-05 20:00:00,4331.54,4343.03,4286.71,4307.45,45286.1918
2025-09-06 00:00:00,4307.46,4329.3,4302.77,4320.42,20383.2609
2025-09-06 04:00:00,4320.43,4320.43,4290.71,4312.26,18863.6631
2025-09-06 08:00:00,4312.27,4315.05,4286.08,4299.99,17622.5479
2025-09-06 12:00:00,4300.0,4308.39,4263.19,4270.24,44936.6069
2025-09-06 16:00:00,4270.23,4304.25,4236.0,4255.48,59382.7999
2025-09-06 20:00:00,4255.48,4288.0,4253.35,4273.14,29977.1899
2025-09-07 00:00:00,4273.15,4304.08,4270.81,4296.9,21924.9924
2025-09-07 04:00:00,4296.9,4307.2,4276.76,4294.56,20002.1344
2025-09-07 08:00:00,4294.57,4315.35,4291.65,4310.87,41022.6191
2025-09-07 12:00:00,4310.88,4311.23,4288.95,4299.38,27581.9045
2025-09-07 16:00:00,4299.39,4301.62,4270.81,4293.48,26890.3039
2025-09-07 20:00:00,4293.47,4336.02,4281.34,4306.19,32198.8829
2025-09-08 00:00:00,4306.19,4330.97,4279.0,4311.87,51316.817
2025-09-08 04:00:00,4311.87,4313.59,4287.68,4291.78,32212.3104
2025-09-08 08:00:00,4291.78,4337.77,4288.3,4312.41,81225.5367
2025-09-08 12:00:00,4312.42,4384.06,4306.19,4371.64,105874.0459
2025-09-08 16:00:00,4371.64,4373.43,4284.44,4293.0,59748.4888
2025-09-08 20:00:00,4293.0,4332.5,4281.8,4306.37,42505.2367
2025-09-09 00:00:00,4306.36,4316.03,4276.76,4306.63,48368.7809
2025-09-09 04:00:00,4306.62,4381.87,4302.5,4361.53,87658.4546
2025-09-09 08:00:00,4361.53,4366.77,4342.16,4347.34,47693.0197
2025-09-09 12:00:00,4347.33,4367.44,4277.06,4284.94,150845.4071
2025-09-09 16:00:00,4284.94,4299.99,4278.13,4295.0,41784.0676
2025-09-09 20:00:00,4295.0,4319.67,4281.0,4310.09,29136.0522
2025-09-10 00:00:00,4310.08,4326.09,4285.1,4320.44,43917.563
2025-09-10 04:00:00,4320.45,4333.28,4294.92,4329.82,50979.881
2025-09-10 08:00:00,4329.83,4335.02,4309.5,4331.31,60442.2299
2025-09-10 12:00:00,4331.3,4453.57,4330.0,4404.9,204214.2372
2025-09-10 16:00:00,4404.9,4409.31,4300.59,4322.72,108167.4643
2025-09-10 20:00:00,4322.71,4355.7,4320.75,4349.32,38912.5344
2025-09-11 00:00:00,4349.33,4408.0,4338.82,4404.1,49171.4106
2025-09-11 04:00:00,4404.11,4450.0,4395.05,4440.41,80121.8045
2025-09-11 08:00:00,4440.4,4442.47,4406.3,4429.8,51898.3732
2025-09-11 12:00:00,4429.81,4481.09,4350.01,4412.52,178527.7981
2025-09-11 16:00:00,4412.52,4441.5,4407.4,4423.73,35769.3949
2025-09-11 20:00:00,4423.73,4469.0,4415.4,4458.82,45770.8836
2025-09-12 00:00:00,4458.83,4539.0,4450.71,4505.55,102293.7078
2025-09-12 04:00:00,4505.55,4563.0,4500.01,4525.81,72173.8339
2025-09-12 08:00:00,4525.81,4536.53,4504.5,4520.76,39122.7204
2025-09-12 12:00:00,4520.76,4571.24,4504.11,4541.98,80075.7928
2025-09-12 16:00:00,4541.99,4660.0,4533.69,4657.18,102055.1911
2025-09-12 20:00:00,4657.19,4748.4,4630.24,4712.16,115056.2942
2025-09-13 00:00:00,4712.16,4769.36,4691.85,4756.81,99948.8795
2025-09-13 04:00:00,4756.8,4756.91,4702.33,4711.7,53829.5804
2025-09-13 08:00:00,4711.7,4738.58,4709.01,4719.53,42906.5137
2025-09-13 12:00:00,4719.53,4730.18,4645.0,4653.92,92866.3813
2025-09-13 16:00:00,4653.92,4667.92,4605.0,4638.21,72101.4936
2025-09-13 20:00:00,4638.21,4672.94,4637.35,4666.53,32740.8384
2025-09-14 00:00:00,4666.54,4692.36,4650.44,4663.22,35235.7663
2025-09-14 04:00:00,4663.22,4681.47,4634.0,4650.58,28423.3555
2025-09-14 08:00:00,4650.58,4674.38,4626.68,4635.0,26149.13
2025-09-14 12:00:00,4634.99,4644.74,4576.89,4582.22,126074.0988
2025-09-14 16:00:00,4582.23,4629.27,4579.36,4615.47,36584.1214
2025-09-14 20:00:00,4615.46,4636.51,4598.46,4604.49,25777.8485
2025-09-15 00:00:00,4604.48,4643.57,4580.1,4636.2,40470.4038
2025-09-15 04:00:00,4636.2,4670.28,4587.9,4597.37,73965.8632
2025-09-15 08:00:00,4597.37,4597.37,4498.22,4530.65,130686.3861
2025-09-15 12:00:00,4530.66,4541.92,4466.0,4500.01,94350.6605
2025-09-15 16:00:00,4500.01,4514.28,4474.04,4493.41,48005.1889
2025-09-15 20:00:00,4493.41,4529.99,4488.49,4523.74,24813.4662
2025-09-16 00:00:00,4523.74,4538.25,4503.0,4520.78,23762.6618
2025-09-16 04:00:00,4520.77,4536.21,4487.53,4512.86,36219.6541
2025-09-16 08:00:00,4512.87,4531.35,4493.31,4501.26,29726.7817
2025-09-16 12:00:00,4501.26,4512.49,4424.0,4468.2,109689.5711
2025-09-16 16:00:00,4468.19,4510.51,4447.03,4491.21,64203.9793
2025-09-16 20:00:00,4491.22,4525.4,4483.61,4501.29,29704.4619
2025-09-17 00:00:00,4501.3,4553.02,4492.99,4497.79,44974.6362
2025-09-17 04:00:00,4497.79,4557.67,4464.0,4544.07,68978.6327
2025-09-17 08:00:00,4544.07,4545.81,4479.0,4491.64,35585.1247
2025-09-17 12:00:00,4491.64,4513.46,4467.36,4489.54,43543.3845
2025-09-17 16:00:00,4489.53,4533.31,4412.0,4517.62,201430.1583
2025-09-17 20:00:00,4517.62,4616.77,4486.74,4590.53,82469.5197
2025-09-18 00:00:00,4590.54,4644.47,4580.27,4614.42,64147.7225
2025-09-18 04:00:00,4614.42,4619.99,4553.7,4574.75,48241.4781
2025-09-18 08:00:00,4574.75,4607.76,4568.59,4576.12,36532.7406
2025-09-18 12:00:00,4576.12,4625.0,4558.15,4599.34,62066.7091
2025-09-18 16:00:00,4599.35,4636.22,4581.03,4588.23,54659.6496
2025-09-18 20:00:00,4588.24,4605.65,4570.61,4587.66,25012.0771
2025-09-19 00:00:00,4587.66,4620.72,4542.27,4549.98,46833.9789
2025-09-19 04:00:00,4549.98,4559.15,4518.33,4539.06,48598.3711
2025-09-19 08:00:00,4539.06,4549.0,4507.93,4513.8,35221.8394
2025-09-19 12:00:00,4513.79,4544.44,4445.64,4474.93,121002.2486
2025-09-19 16:00:00,4474.93,4489.21,4435.7,4440.68,52976.9531
2025-09-19 20:00:00,4440.68,4478.21,4438.4,4468.59,26977.7571
2025-09-20 00:00:00,4468.59,4475.91,4454.45,4465.52,17981.8216
2025-09-20 04:00:00,4465.52,4484.81,4462.82,4483.22,16057.3768
2025-09-20 08:00:00,4483.21,4483.21,4456.43,4469.96,16915.9373
2025-09-20 12:00:00,4469.96,4507.19,4463.41,4498.2,29833.4577
2025-09-20 16:00:00,4498.21,4508.71,4470.0,4480.18,34323.1909
2025-09-20 20:00:00,4480.18,4501.39,4478.23,4480.42,15670.1287
2025-09-21 00:00:00,4480.41,4490.0,4458.0,4478.26,23270.3085
2025-09-21 04:00:00,4478.26,4492.24,4466.9,4477.78,17415.038
2025-09-21 08:00:00,4477.78,4479.57,4444.34,4460.57,22522.2855
2025-09-21 12:00:00,4460.58,4486.4,4460.32,4482.8,23238.0389
2025-09-21 16:00:00,4482.8,4498.16,4464.59,4494.4,34203.4693
2025-09-21 20:00:00,4494.4,4494.41,4443.0,4444.97,28700.686
2025-09-22 00:00:00,4444.98,4455.76,4261.6,4305.87,197204.8652
2025-09-22 04:00:00,4305.87,4310.49,4077.0,4193.38,216713.4996
2025-09-22 08:00:00,4193.38,4207.35,4136.47,4181.62,106293.2083
2025-09-22 12:00:00,4181.63,4219.34,4159.16,4167.88,87845.1542
2025-09-22 16:00:00,4167.88,4183.28,4122.0,4134.98,66207.1206
2025-09-22 20:00:00,4134.99,4207.91,4134.34,4199.08,33979.3869
2025-09-23 00:00:00,4199.09,4211.56,4114.39,4188.01,62240.6868
2025-09-23 04:00:00,4188.02,4215.78,4154.44,4205.24,50387.0735
2025-09-23 08:00:00,4205.23,4229.03,4178.27,4192.08,49069.2995
2025-09-23 12:00:00,4192.09,4211.5,4161.87,4181.01,67923.3258
2025-09-23 16:00:00,4181.01,4207.0,4137.7,4153.43,56635.5887
2025-09-23 20:00:00,4153.43,4190.86,4139.53,4164.26,28971.9314
2025-09-24 00:00:00,4164.25,4194.37,4129.24,4147.51,60731.1373
2025-09-24 04:00:00,4147.51,4184.22,4073.74,4175.08,91708.3675
2025-09-24 08:00:00,4175.08,4198.34,4164.66,4182.08,41367.3825
2025-09-24 12:00:00,4182.08,4206.9,4145.96,4166.18,75410.2601
2025-09-24 16:00:00,4166.17,4194.42,4155.0,4161.5,46228.0265
2025-09-24 20:00:00,4161.5,4172.23,4131.2,4152.81,38220.3932
2025-09-25 00:00:00,4152.81,4161.04,4022.0,4062.78,146839.1013
2025-09-25 04:00:00,4062.77,4071.08,3966.0,4009.18,161897.2918
2025-09-25 08:00:00,4009.17,4052.81,3991.39,4002.51,95222.3112
2025-09-25 12:00:00,4002.51,4022.87,3924.12,4003.26,211278.3785
2025-09-25 16:00:00,4003.27,4006.77,3815.0,3911.59,229844.5748
2025-09-25 20:00:00,3911.59,3937.2,3850.0,3874.36,85246.0375
2025-09-26 00:00:00,3874.35,3971.09,3867.65,3965.32,100004.6252
2025-09-26 04:00:00,3965.33,3976.98,3906.09,3938.11,113344.8842
2025-09-26 08:00:00,3938.11,3944.58,3873.0,3906.0,64785.9249
2025-09-26 12:00:00,3906.0,3985.41,3875.71,3946.0,139542.1374
2025-09-26 16:00:00,3945.98,4068.3,3942.94,4024.07,120662.6594
2025-09-26 20:00:00,4024.08,4039.56,4005.0,4032.24,37370.8548
2025-09-27 00:00:00,4032.24,4032.44,4005.74,4019.41,28037.3209
2025-09-27 04:00:00,4019.4,4027.85,4006.38,4007.93,16424.5113
2025-09-27 08:00:00,4007.92,4017.9,3972.98,4002.16,39530.1331
2025-09-27 12:00:00,4002.15,4039.01,3994.77,4018.92,34659.9793
2025-09-27 16:00:00,4018.92,4019.88,3980.98,4002.45,37164.2545
2025-09-27 20:00:00,4002.45,4033.23,4000.9,4018.38,16877.0647
2025-09-28 00:00:00,4018.39,4031.75,3994.27,4002.74,22549.9823
2025-09-28 04:00:00,4002.73,4019.87,3996.24,4014.32,15964.0227
2025-09-28 08:00:00,4014.32,4016.0,3984.45,3992.39,24299.9091
2025-09-28 12:00:00,3992.39,4029.48,3966.0,4021.69,47406.3129
2025-09-28 16:00:00,4021.68,4055.12,4021.68,4039.45,49060.9871
2025-09-28 20:00:00,4039.46,4144.88,4035.58,4142.16,81050.6448
2025-09-29 00:00:00,4142.16,4146.38,4103.81,4121.8,41433.1935
2025-09-29 04:00:00,4121.8,4123.99,4088.15,4108.25,37102.3136
2025-09-29 08:00:00,4108.26,4141.0,4095.0,4103.21,58678.3125
2025-09-29 12:00:00,4103.21,4205.59,4082.25,4164.8,124528.7518
2025-09-29 16:00:00,4164.81,4193.44,4128.53,4188.32,69503.2107
2025-09-29 20:00:00,4188.32,4235.86,4182.07,4215.07,49482.8963
2025-09-30 00:00:00,4215.07,4245.0,4188.03,4198.68,53170.266
2025-09-30 04:00:00,4198.69,4206.85,4169.38,4182.13,57421.8089
2025-09-30 08:00:00,4182.12,4183.21,4134.0,4165.39,56698.7314
2025-09-30 12:00:00,4165.38,4175.95,4094.59,4119.87,73946.4531
2025-09-30 16:00:00,4119.88,4170.43,4092.1,4160.1,85179.584
2025-09-30 20:00:00,4160.11,4201.52,4116.64,4145.15,64709.7738
2025-10-01 00:00:00,4145.15,4174.63,4124.12,4128.66,48730.697
2025-10-01 04:00:00,4128.65,4156.79,4123.08,4145.8,40423.0346
2025-10-01 08:00:00,4145.8,4329.0,4142.92,4298.2,174933.893
2025-10-01 12:00:00,4298.21,4344.0,4280.0,4327.23,97899.3215
2025-10-01 16:00:00,4327.24,4340.0,4288.64,4334.53,79548.398
2025-10-01 20:00:00,4334.52,4355.46,4287.5,4348.03,65491.0381
2025-10-02 00:00:00,4348.03,4399.11,4332.73,4376.3,100457.8046
2025-10-02 04:00:00,4376.3,4423.35,4358.26,4375.78,100115.3105
2025-10-02 08:00:00,4375.77,4395.98,4369.32,4378.93,35078.555
2025-10-02 12:00:00,4378.92,4443.0,4335.74,4437.09,132455.0483
2025-10-02 16:00:00,4437.1,4516.74,4426.12,4495.61,116624.1945
2025-10-02 20:00:00,4495.62,4497.87,4457.27,4484.35,41680.2442
2025-10-03 00:00:00,4484.35,4560.0,4461.01,4500.59,75124.2742
2025-10-03 04:00:00,4500.59,4510.79,4454.0,4462.33,56599.2094
2025-10-03 08:00:00,4462.32,4495.0,4428.0,4478.45,56813.7237
2025-10-03 12:00:00,4478.46,4541.66,4436.26,4534.75,97652.2957
2025-10-03 16:00:00,4534.75,4591.59,4450.62,4519.48,163628.1193
2025-10-03 20:00:00,4519.49,4542.97,4493.72,4512.87,35866.4044
2025-10-04 00:00:00,4512.88,4516.91,4463.17,4487.06,42001.2332
2025-10-04 04:00:00,4487.07,4517.93,4479.66,4498.29,29248.0201
2025-10-04 08:00:00,4498.28,4503.9,4479.93,4483.83,26306.8309
2025-10-04 12:00:00,4483.84,4511.71,4441.34,4455.05,49716.961
2025-10-04 16:00:00,4455.08,4476.46,4440.0,4467.12,33938.1125
2025-10-04 20:00:00,4467.13,4494.5,4467.13,4487.15,18521.5511
2025-10-05 00:00:00,4487.16,4575.0,4467.05,4531.54,109994.6239
2025-10-05 04:00:00,4531.55,4615.0,4529.0,4605.97,122504.7734
2025-10-05 08:00:00,4605.98,4618.17,4523.45,4551.06,147092.095
2025-10-05 12:00:00,4551.07,4551.07,4526.74,4532.0,44543.8238
2025-10-05 16:00:00,4532.0,4540.71,4482.06,4487.26,56477.4501
2025-10-05 20:00:00,4487.26,4523.48,4474.0,4514.32,25975.1952
2025-10-06 00:00:00,4514.32,4552.44,4488.25,4537.08,65211.5851
2025-10-06 04:00:00,4537.09,4577.8,4509.0,4533.19,54394.5922
2025-10-06 08:00:00,4533.2,4593.65,4533.2,4571.71,55734.3992
2025-10-06 12:00:00,4571.71,4693.8,4570.25,4673.39,142820.9472
2025-10-06 16:00:00,4673.39,4733.18,4659.99,4722.62,82331.19
2025-10-06 20:00:00,4722.61,4735.93,4672.56,4684.01,55707.9391
2025-10-07 00:00:00,4684.02,4698.99,4663.71,4690.59,42932.2933
2025-10-07 04:00:00,4690.59,4730.94,4665.03,4678.19,70809.1724
2025-10-07 08:00:00,4678.2,4713.17,4638.92,4708.81,69221.7102
2025-10-07 12:00:00,4708.82,4755.0,4477.43,4511.99,272531.478
2025-10-07 16:00:00,4511.99,4524.0,4446.13,4479.44,129849.5741
2025-10-07 20:00:00,4479.48,4517.09,4430.43,4447.7,55341.7039
2025-10-08 00:00:00,4447.7,4498.22,4433.68,4443.6,63178.9578
2025-10-08 04:00:00,4443.59,4465.5,4410.08,4463.48,68889.5212
2025-10-08 08:00:00,4463.48,4506.85,4458.22,4487.3,58000.7768
2025-10-08 12:00:00,4487.3,4522.6,4437.08,4447.14,90304.2777
2025-10-08 16:00:00,4447.15,4558.0,4439.0,4515.27,94654.6396
2025-10-08 20:00:00,4515.28,4539.31,4500.18,4525.72,24876.1556
2025-10-09 00:00:00,4525.72,4531.52,4398.17,4450.8,95180.185
2025-10-09 04:00:00,4450.8,4460.0,4411.0,4426.6,53292.3234
2025-10-09 08:00:00,4426.6,4426.69,4320.0,4373.05,135485.784
2025-10-09 12:00:00,4373.06,4413.76,4291.82,4314.79,119759.5748
2025-10-09 16:00:00,4314.78,4344.33,4265.06,4338.0,77400.7073
2025-10-09 20:00:00,4338.03,4383.0,4327.89,4368.09,34859.6084
2025-10-10 00:00:00,4368.09,4393.63,4342.98,4347.13,50255.5122
2025-10-10 04:00:00,4347.12,4377.14,4315.23,4323.39,54577.6885
2025-10-10 08:00:00,4323.4,4351.27,4313.39,4343.02,37120.3316
2025-10-10 12:00:00,4343.02,4390.46,4073.55,4103.11,286824.6116
2025-10-10 16:00:00,4103.1,4138.52,3950.69,3997.56,226757.7565
2025-10-10 20:00:00,3997.56,4380.0,3435.0,3829.72,838435.124
2025-10-11 00:00:00,3829.72,3878.3,3726.16,3792.26,251247.2349
2025-10-11 04:00:00,3792.27,3831.98,3733.7,3758.81,144423.69
2025-10-11 08:00:00,3758.82,3857.24,3749.13,3839.99,133875.2131
2025-10-11 12:00:00,3839.99,3855.06,3786.07,3825.13,82809.6458
2025-10-11 16:00:00,3825.14,3848.0,3731.03,3760.61,73573.5841
2025-10-11 20:00:00,3760.61,3766.66,3643.33,3746.79,103956.2903
2025-10-12 00:00:00,3746.8,3819.22,3694.74,3781.61,118058.8167
2025-10-12 04:00:00,3781.62,3844.5,3776.27,3827.99,69518.8814
2025-10-12 08:00:00,3827.98,3866.6,3806.34,3820.36,74514.0971
2025-10-12 12:00:00,3820.36,4080.0,3793.56,4034.59,256836.9601
2025-10-12 16:00:00,4034.59,4170.0,4034.58,4135.68,162787.2256
2025-10-12 20:00:00,4135.68,4197.7,4080.7,4152.29,129592.1711
2025-10-13 00:00:00,4152.29,4220.89,4124.54,4139.78,110123.4734
2025-10-13 04:00:00,4139.79,4198.0,4116.07,4178.3,74789.9991
2025-10-13 08:00:00,4178.29,4195.52,4042.29,4080.39,97647.4599
2025-10-13 12:00:00,4080.38,4180.0,4056.57,4135.0,171122.2317
2025-10-13 16:00:00,4135.01,4271.12,4129.14,4251.96,113706.8192
2025-10-13 20:00:00,4251.96,4292.0,4236.08,4240.85,55423.9414
2025-10-14 00:00:00,4240.86,4263.38,4137.63,4153.56,86464.5703
2025-10-14 04:00:00,4153.56,4160.75,3965.56,3981.19,180870.118
2025-10-14 08:00:00,3981.19,4014.61,3888.74,3971.85,163117.091
2025-10-14 12:00:00,3971.85,4088.79,3893.77,4085.4,252159.6744
2025-10-14 16:00:00,4085.41,4164.62,4048.49,4102.94,222833.5711
2025-10-14 20:00:00,4102.96,4144.54,4072.69,4125.02,57551.741
2025-10-15 00:00:00,4125.01,4145.73,4060.11,4080.7,93684.7803
2025-10-15 04:00:00,4080.7,4129.37,4072.0,4122.04,88151.9759
2025-10-15 08:00:00,4122.03,4217.6,4087.78,4099.9,121592.3636
2025-10-15 12:00:00,4099.89,4107.14,3959.33,3980.97,153858.654
2025-10-15 16:00:00,3980.98,4013.17,3929.66,3983.21,97017.747
2025-10-15 20:00:00,3983.21,3996.16,3926.74,3985.61,71776.1758
2025-10-16 00:00:00,3985.61,4036.84,3976.07,4014.85,77531.3247
2025-10-16 04:00:00,4014.85,4049.88,3979.36,4004.3,60755.4021
2025-10-16 08:00:00,4004.31,4078.96,3940.66,4061.85,93961.8468
2025-10-16 12:00:00,4061.86,4086.49,3892.0,3907.18,169535.94
2025-10-16 16:00:00,3907.17,3967.6,3851.11,3867.01,167547.364
2025-10-16 20:00:00,3867.14,3898.05,3826.04,3894.51,74472.7387
2025-10-17 00:00:00,3894.5,3950.45,3888.24,3933.25,59225.1015
2025-10-17 04:00:00,3933.26,3935.97,3752.89,3756.49,163147.1128
2025-10-17 08:00:00,3756.49,3817.7,3674.5,3778.54,292369.7055
2025-10-17 12:00:00,3778.53,3811.42,3714.0,3797.75,163163.9584
2025-10-17 16:00:00,3797.76,3850.36,3779.01,3827.76,94686.0652
2025-10-17 20:00:00,3827.77,3883.17,3818.25,3831.57,57535.1451
2025-10-18 00:00:00,3831.58,3882.28,3819.07,3870.57,48438.1674
2025-10-18 04:00:00,3870.56,3927.73,3841.3,3892.43,55461.1391
2025-10-18 08:00:00,3892.44,3906.0,3861.98,3881.99,53646.381
2025-10-18 12:00:00,3881.99,3893.38,3848.81,3877.89,37468.74
2025-10-18 16:00:00,3877.9,3898.83,3853.16,3893.64,29362.9797
2025-10-18 20:00:00,3893.63,3908.94,3869.62,3889.21,26333.2049
2025-10-19 00:00:00,3889.2,3906.57,3855.7,3906.29,40481.777
2025-10-19 04:00:00,3906.3,3921.61,3873.91,3888.01,48962.1048
2025-10-19 08:00:00,3888.01,3955.6,3827.04,3923.82,115957.7122
2025-10-19 12:00:00,3923.82,4002.08,3908.17,3978.65,91707.6925
2025-10-19 16:00:00,3978.65,4026.95,3958.71,3985.75,70651.9888
2025-10-19 20:00:00,3985.75,4030.94,3970.0,3982.58,40776.9792
2025-10-20 00:00:00,3982.58,4038.88,3908.73,4026.9,79570.2181
2025-10-20 04:00:00,4026.9,4085.3,4023.07,4055.03,102258.7982
2025-10-20 08:00:00,4055.03,4070.92,4012.21,4035.02,73033.7035
2025-10-20 12:00:00,4035.03,4049.51,4002.07,4003.98,117292.0188
2025-10-20 16:00:00,4003.99,4003.99,3922.0,3981.36,111593.2246
2025-10-20 20:00:00,3981.36,4003.2,3971.01,3979.22,27634.3669
2025-10-21 00:00:00,3979.22,3985.76,3918.39,3922.66,50471.432
2025-10-21 04:00:00,3922.66,3922.66,3840.24,3892.95,91272.5465
2025-10-21 08:00:00,3892.95,3897.77,3851.0,3890.07,46017.1815
2025-10-21 12:00:00,3890.06,4084.91,3852.06,4081.66,176194.3139
2025-10-21 16:00:00,4081.66,4110.0,3965.47,3995.69,143288.4239
2025-10-21 20:00:00,3995.7,4001.13,3858.0,3873.05,83350.2404
2025-10-22 00:00:00,3873.04,3889.27,3821.64,3859.57,73814.1182
2025-10-22 04:00:00,3859.58,3884.34,3838.31,3868.72,51818.2304
2025-10-22 08:00:00,3868.72,3868.91,3770.02,3829.0,84899.402
2025-10-22 12:00:00,3829.01,3876.92,3780.32,3841.76,179714.8431
2025-10-22 16:00:00,3841.76,3861.9,3784.0,3804.0,115522.1619
2025-10-22 20:00:00,3804.0,3816.5,3710.0,3805.53,87361.3349
2025-10-23 00:00:00,3805.53,3835.93,3796.54,3826.79,34230.4223
2025-10-23 04:00:00,3826.8,3897.0,3822.76,3881.01,59576.8113
2025-10-23 08:00:00,3881.02,3905.22,3859.0,3863.06,58633.7555
2025-10-23 12:00:00,3863.06,3887.35,3808.01,3876.94,185281.3843
2025-10-23 16:00:00,3876.95,3934.86,3845.0,3859.4,101157.9811
2025-10-23 20:00:00,3859.4,3860.1,3818.72,3856.8,38350.6636
2025-10-24 00:00:00,3856.8,3896.0,3845.86,3891.0,35863.7739
2025-10-24 04:00:00,3891.0,3989.2,3886.21,3949.22,86681.3532
2025-10-24 08:00:00,3949.22,3969.81,3925.83,3946.57,58504.1386
2025-10-24 12:00:00,3946.58,4026.39,3871.32,3888.92,164441.3184
2025-10-24 16:00:00,3888.92,3937.9,3866.43,3926.53,56593.0677
2025-10-24 20:00:00,3926.53,3945.23,3924.38,3934.88,23843.2865
2025-10-25 00:00:00,3934.88,3939.29,3912.4,3921.2,22578.8468
2025-10-25 04:00:00,3921.21,3960.57,3920.46,3928.92,29435.1292
2025-10-25 08:00:00,3928.93,3956.59,3927.7,3940.31,20459.0984
2025-10-25 12:00:00,3940.32,3956.41,3924.2,3932.71,24666.1248
2025-10-25 16:00:00,3932.72,3969.22,3927.74,3957.43,26582.6106
2025-10-25 20:00:00,3957.44,3964.76,3935.82,3953.82,14804.524
2025-10-26 00:00:00,3953.81,3961.87,3919.03,3931.82,29409.5093
2025-10-26 04:00:00,3931.82,3956.59,3928.83,3951.57,15902.0218
2025-10-26 08:00:00,3951.57,4054.97,3951.08,4044.99,81774.8231
2025-10-26 12:00:00,4044.98,4099.02,4040.66,4075.29,89022.6137
2025-10-26 16:00:00,4075.29,4080.25,4046.29,4067.94,37810.8531
2025-10-26 20:00:00,4067.94,4178.78,4054.11,4158.46,90778.2708
2025-10-27 00:00:00,4158.46,4225.55,4148.48,4205.08,94241.752
2025-10-27 04:00:00,4205.08,4253.72,4193.24,4201.36,78401.8513
2025-10-27 08:00:00,4201.36,4201.51,4133.0,4162.14,89992.0187
2025-10-27 12:00:00,4162.14,4188.0,4124.52,4172.96,95706.285
2025-10-27 16:00:00,4172.95,4233.48,4172.95,4193.96,60752.7981
2025-10-27 20:00:00,4193.95,4195.79,4095.0,4120.15,68036.524
2025-10-28 00:00:00,4120.16,4143.13,4069.8,4094.32,68080.5655
2025-10-28 04:00:00,4094.31,4127.0,4066.58,4117.24,46990.6463
2025-10-28 08:00:00,4117.25,4136.1,4104.23,4112.46,30177.84
2025-10-28 12:00:00,4112.45,4175.55,4071.28,4096.85,102498.671
2025-10-28 16:00:00,4096.86,4151.28,4027.0,4039.39,92255.2739
2025-10-28 20:00:00,4039.37,4042.49,3931.33,3979.2,132962.841
2025-10-29 00:00:00,3979.19,4008.89,3964.56,3997.66,40658.0185
2025-10-29 04:00:00,3997.66,4036.66,3996.0,4025.06,37966.5492
2025-10-29 08:00:00,4025.07,4027.17,3983.6,4011.01,41280.2623
2025-10-29 12:00:00,4011.01,4029.41,3941.61,3951.71,76342.3991
2025-10-29 16:00:00,3951.72,4018.46,3840.37,3905.71,221047.0208
2025-10-29 20:00:00,3905.7,3963.59,3874.01,3902.99,69158.0628
2025-10-30 00:00:00,3903.0,3948.74,3885.41,3934.58,44425.5166
2025-10-30 04:00:00,3934.58,3944.94,3839.5,3940.42,104896.3193
2025-10-30 08:00:00,3940.43,3940.43,3877.34,3881.1,41203.6122
2025-10-30 12:00:00,3881.1,3884.43,3758.37,3773.69,155241.5092
2025-10-30 16:00:00,3773.69,3802.37,3680.1,3686.93,126564.465
2025-10-30 20:00:00,3686.93,3807.21,3680.0,3805.09,59124.57
2025-10-31 00:00:00,3804.95,3860.79,3796.36,3829.16,57392.9838
2025-10-31 04:00:00,3829.16,3873.68,3821.67,3831.49,56050.6433
2025-10-31 08:00:00,3831.49,3883.13,3818.48,3874.01,45183.4569
2025-10-31 12:00:00,3874.01,3888.0,3831.95,3860.99,180403.514
2025-10-31 16:00:00,3860.99,3906.09,3804.74,3886.15,99468.1475
2025-10-31 20:00:00,3886.14,3893.29,3841.31,3847.99,40137.554
2025-11-01 00:00:00,3848.0,3864.43,3831.0,3861.38,21651.4808
2025-11-01 04:00:00,3861.38,3869.55,3852.96,3860.84,21459.9474
2025-11-01 08:00:00,3860.84,3882.94,3860.73,3877.79,25844.5104
2025-11-01 12:00:00,3877.79,3902.0,3858.11,3895.15,39015.657
2025-11-01 16:00:00,3895.15,3909.39,3862.92,3879.99,29432.8992
2025-11-01 20:00:00,3880.0,3891.6,3864.31,3873.77,15593.6678
2025-11-02 00:00:00,3873.78,3886.85,3861.71,3880.63,17627.7558
2025-11-02 04:00:00,3880.62,3918.23,3876.01,3906.73,30950.7174
2025-11-02 08:00:00,3906.73,3910.97,3853.76,3891.31,60294.5256
2025-11-02 12:00:00,3891.31,3895.41,3839.12,3853.33,46715.9245
2025-11-02 16:00:00,3853.32,3867.42,3840.64,3855.98,26684.7586
2025-11-02 20:00:00,3855.99,3916.27,3844.05,3906.58,33809.4723
2025-11-03 00:00:00,3906.58,3914.29,3728.09,3736.23,157359.3494
2025-11-03 04:00:00,3736.23,3765.46,3684.0,3714.58,125179.0758
2025-11-03 08:00:00,3714.54,3740.0,3662.88,3711.68,110785.3562
2025-11-03 12:00:00,3711.68,3748.64,3582.29,3588.89,253499.7906
2025-11-03 16:00:00,3588.89,3682.35,3564.13,3631.5,140180.7037
2025-11-03 20:00:00,3631.5,3636.69,3558.82,3603.83,90183.1095
2025-11-04 00:00:00,3603.84,3654.54,3567.27,3642.29,83473.0867
2025-11-04 04:00:00,3642.3,3647.95,3474.1,3494.56,288856.7767
2025-11-04 08:00:00,3494.56,3534.0,3460.3,3529.52,162419.5898
2025-11-04 12:00:00,3529.53,3587.66,3474.0,3507.58,184308.0177
2025-11-04 16:00:00,3507.59,3520.58,3226.16,3230.94,383940.2832
2025-11-04 20:00:00,3230.94,3304.49,3057.0,3287.05,465006.4838
2025-11-05 00:00:00,3287.05,3349.12,3166.66,3334.83,264027.8071
2025-11-05 04:00:00,3334.83,3354.6,3300.89,3331.08,81305.6097
2025-11-05 08:00:00,3331.09,3331.09,3274.54,3322.55,90433.4419
2025-11-05 12:00:00,3322.58,3399.19,3312.93,3398.36,145873.9775
2025-11-05 16:00:00,3398.37,3479.16,3370.82,3455.12,154429.2374
2025-11-05 20:00:00,3455.11,3480.46,3415.29,3424.29,73521.4396
2025-11-06 00:00:00,3424.29,3450.5,3375.13,3432.9,68886.5165
2025-11-06 04:00:00,3432.91,3456.46,3361.0,3380.42,80558.1783
2025-11-06 08:00:00,3380.4,3415.0,3366.99,3399.4,54543.3963
2025-11-06 12:00:00,3399.39,3404.78,3276.54,3300.0,155262.62
2025-11-06 16:00:00,3300.0,3352.37,3245.45,3325.8,149379.3244
2025-11-06 20:00:00,3325.86,3337.3,3287.77,3315.14,57733.6648
2025-11-07 00:00:00,3315.14,3365.32,3276.19,3345.12,92798.2841
2025-11-07 04:00:00,3345.12,3369.99,3319.59,3358.42,60593.1717
2025-11-07 08:00:00,3358.41,3360.67,3225.36,3259.97,95364.1996
2025-11-07 12:00:00,3259.97,3318.35,3194.2,3297.52,212483.9211
2025-11-07 16:00:00,3297.52,3450.0,3273.99,3443.6,152410.0563
2025-11-07 20:00:00,3443.6,3473.0,3430.23,3436.05,69767.7526
2025-11-08 00:00:00,3436.04,3467.64,3405.87,3454.19,61736.2906
2025-11-08 04:00:00,3454.18,3488.0,3418.6,3447.9,53657.0514
2025-11-08 08:00:00,3447.89,3473.42,3407.0,3413.03,40732.1757
2025-11-08 12:00:00,3413.02,3417.58,3370.36,3376.79,64962.4349
2025-11-08 16:00:00,3376.8,3408.16,3355.58,3389.35,48446.5338
2025-11-08 20:00:00,3389.34,3415.62,3381.09,3401.51,21997.8017
2025-11-09 00:00:00,3401.51,3403.97,3358.66,3375.8,32973.5859
2025-11-09 04:00:00,3375.8,3427.37,3370.19,3422.78,60679.8222
2025-11-09 08:00:00,3422.79,3435.13,3382.35,3428.37,67792.0122
2025-11-09 12:00:00,3428.38,3563.65,3424.64,3515.51,159673.4919
2025-11-09 16:00:00,3515.52,3580.0,3501.63,3580.0,64347.9999
2025-11-09 20:00:00,3580.0,3623.25,3562.38,3583.46,78631.1399
2025-11-10 00:00:00,3583.46,3658.98,3553.52,3627.47,122599.1998
2025-11-10 04:00:00,3627.48,3631.51,3589.46,3609.09,63239.7137
2025-11-10 08:00:00,3609.09,3631.32,3586.02,3610.57,72187.4013
2025-11-10 12:00:00,3610.57,3622.14,3508.0,3519.46,145646.9436
2025-11-10 16:00:00,3519.45,3576.1,3507.3,3558.55,142424.231
2025-11-10 20:00:00,3558.55,3584.04,3529.41,3567.85,49175.5404
2025-11-11 00:00:00,3567.85,3648.27,3552.84,3606.1,131855.9133
2025-11-11 04:00:00,3606.11,3610.48,3532.2,3544.67,125970.7804
2025-11-11 08:00:00,3544.67,3587.05,3543.55,3574.14,80646.1818
2025-11-11 12:00:00,3574.15,3594.33,3467.21,3481.1,159227.8319
2025-11-11 16:00:00,3481.11,3500.59,3446.02,3456.81,86290.0998
2025-11-11 20:00:00,3456.81,3461.79,3405.24,3417.76,76292.4675
2025-11-12 00:00:00,3417.76,3456.06,3410.0,3439.1,72507.7037
2025-11-12 04:00:00,3439.11,3458.07,3424.58,3428.23,68170.8257
2025-11-12 08:00:00,3428.24,3570.06,3428.24,3549.38,83166.3548
2025-11-12 12:00:00,3549.37,3588.19,3418.6,3427.85,138971.3904
2025-11-12 16:00:00,3427.85,3454.65,3371.65,3407.99,139071.2411
2025-11-12 20:00:00,3408.0,3439.62,3392.0,3414.92,51214.4211
2025-11-13 00:00:00,3414.91,3473.48,3377.68,3452.86,108782.8089
2025-11-13 04:00:00,3452.86,3565.84,3434.03,3538.74,124524.6547
2025-11-13 08:00:00,3538.74,3550.0,3476.06,3501.95,78146.7771
2025-11-13 12:00:00,3501.94,3511.31,3367.03,3386.85,187531.838
2025-11-13 16:00:00,3386.84,3398.24,3175.83,3197.69,312803.0433
2025-11-13 20:00:00,3197.69,3272.3,3154.22,3231.54,140200.0127
2025-11-14 00:00:00,3231.55,3251.88,3186.2,3227.93,122991.5222
2025-11-14 04:00:00,3227.94,3241.32,3104.66,3215.59,212560.654
2025-11-14 08:00:00,3215.6,3219.39,3116.82,3144.35,102244.5895
2025-11-14 12:00:00,3144.34,3234.49,3070.0,3196.7,278131.435
2025-11-14 16:00:00,3196.7,3256.71,3155.0,3207.86,95128.5571
2025-11-14 20:00:00,3207.87,3213.22,3090.0,3112.4,79389.3913
2025-11-15 00:00:00,3112.4,3194.0,3110.68,3179.16,62288.3831
2025-11-15 04:00:00,3179.17,3191.65,3159.03,3176.55,33474.0807
2025-11-15 08:00:00,3176.56,3177.98,3134.23,3152.52,39200.489
2025-11-15 12:00:00,3152.52,3197.37,3147.37,3186.05,47939.6289
2025-11-15 16:00:00,3186.05,3230.0,3162.78,3197.88,120649.7057
2025-11-15 20:00:00,3197.89,3200.68,3152.75,3167.88,34911.1908
2025-11-16 00:00:00,3167.87,3210.0,3131.78,3202.97,48534.5986
2025-11-16 04:00:00,3202.95,3220.62,3187.03,3219.55,31570.6106
2025-11-16 08:00:00,3219.54,3249.0,3160.36,3168.64,59004.6391
2025-11-16 12:00:00,3168.64,3182.6,3099.23,3105.44,112729.6532
2025-11-16 16:00:00,3105.45,3128.0,3026.0,3091.09,194474.7026
2025-11-16 20:00:00,3091.09,3117.21,3004.0,3095.29,124319.3768
2025-11-17 00:00:00,3095.29,3180.42,3069.0,3176.6,80383.5547
2025-11-17 04:00:00,3176.59,3208.52,3165.93,3198.44,63583.8256
2025-11-17 08:00:00,3198.44,3223.38,3179.88,3204.12,65732.1978
2025-11-17 12:00:00,3204.12,3210.88,3095.09,3121.04,189831.2757
2025-11-17 16:00:00,3121.04,3142.56,2972.88,2982.27,229892.4268
2025-11-17 20:00:00,2982.27,3032.53,2959.46,3031.44,133077.1483
2025-11-18 00:00:00,3031.44,3050.05,2946.56,3023.97,189127.367
2025-11-18 04:00:00,3023.97,3034.5,2958.08,3024.44,140899.4305
2025-11-18 08:00:00,3024.44,3074.45,3024.44,3058.01,116556.0331
2025-11-18 12:00:00,3058.0,3123.69,3022.09,3106.87,158180.756
2025-11-18 16:00:00,3106.87,3169.95,3099.39,3146.02,122085.9485
2025-11-18 20:00:00,3146.01,3150.43,3097.21,3123.66,39790.5707
2025-11-19 00:00:00,3123.65,3125.54,3069.59,3073.02,65254.2784
2025-11-19 04:00:00,3073.01,3087.71,2992.23,3084.96,105860.61
2025-11-19 08:00:00,3084.97,3112.55,3053.55,3083.51,68846.4676
2025-11-19 12:00:00,3083.51,3108.76,2967.0,2973.16,164573.8974
2025-11-19 16:00:00,2973.15,3000.0,2873.64,2881.66,207908.6399
2025-11-19 20:00:00,2881.66,3027.88,2875.0,3025.48,125482.8213
2025-11-20 00:00:00,3025.48,3058.0,3004.41,3038.98,87568.1898
2025-11-20 04:00:00,3038.99,3063.61,3006.89,3039.43,69770.7841
2025-11-20 08:00:00,3039.44,3044.75,2993.91,3023.98,63213.0443
2025-11-20 12:00:00,3023.99,3049.58,2952.39,2955.68,143692.7894
2025-11-20 16:00:00,2955.65,2961.28,2790.01,2847.9,451454.189
2025-11-20 20:00:00,2847.89,2905.93,2819.55,2834.22,96825.3752
2025-11-21 00:00:00,2834.21,2886.73,2772.84,2809.18,117232.8956
2025-11-21 04:00:00,2809.17,2832.66,2669.0,2720.17,282092.7968
2025-11-21 08:00:00,2720.17,2754.48,2663.01,2688.42,218825.5422
2025-11-21 12:00:00,2688.42,2781.83,2623.57,2705.32,294361.2964
2025-11-21 16:00:00,2705.31,2806.84,2675.0,2752.24,185971.9748
2025-11-21 20:00:00,2752.23,2777.01,2708.55,2765.85,81990.9027
2025-11-22 00:00:00,2765.86,2784.12,2739.76,2752.27,39805.8515
2025-11-22 04:00:00,2752.27,2771.0,2726.66,2756.21,43047.8794
2025-11-22 08:00:00,2756.21,2756.36,2704.33,2735.16,50191.6518
2025-11-22 12:00:00,2735.16,2754.45,2711.01,2738.92,49892.9894
2025-11-22 16:00:00,2738.92,2759.02,2735.2,2750.65,41469.8761
2025-11-22 20:00:00,2750.65,2799.01,2733.72,2770.12,40283.0607
2025-11-23 00:00:00,2770.12,2834.33,2768.29,2824.77,67882.0772
2025-11-23 04:00:00,2824.77,2852.17,2777.2,2793.7,96029.1604
2025-11-23 08:00:00,2793.7,2823.98,2793.69,2815.54,33197.5905
2025-11-23 12:00:00,2815.54,2858.16,2810.12,2836.5,100156.8545
2025-11-23 16:00:00,2836.49,2846.8,2786.63,2822.7,60022.7023
2025-11-23 20:00:00,2822.7,2845.0,2794.74,2802.16,52520.1885
2025-11-24 00:00:00,2802.16,2867.46,2763.0,2856.44,110955.2142
2025-11-24 04:00:00,2856.45,2885.75,2802.87,2830.27,98647.9404
2025-11-24 08:00:00,2830.26,2843.09,2788.0,2803.41,85563.0091
2025-11-24 12:00:00,2803.4,2860.37,2785.04,2846.47,128886.2566
2025-11-24 16:00:00,2846.47,2979.63,2842.82,2959.0,228159.1109
2025-11-24 20:00:00,2959.0,2987.0,2947.77,2953.38,63068.2239
2025-11-25 00:00:00,2953.38,2953.38,2904.39,2911.99,55807.6755
2025-11-25 04:00:00,2911.99,2943.03,2901.75,2902.77,44848.2311
2025-11-25 08:00:00,2902.77,2909.18,2865.09,2891.01,72825.3165
2025-11-25 12:00:00,2891.01,2934.0,2857.32,2895.45,106635.5734
2025-11-25 16:00:00,2895.46,2958.53,2872.09,2922.95,79721.8356
2025-11-25 20:00:00,2922.96,2980.82,2907.42,2959.36,67847.8207
2025-11-26 00:00:00,2959.36,2984.0,2922.08,2927.2,60791.5726
2025-11-26 04:00:00,2927.19,2954.67,2921.11,2944.52,43870.3746
2025-11-26 08:00:00,2944.52,2949.27,2902.12,2914.0,38855.2939
2025-11-26 12:00:00,2913.99,2947.4,2888.69,2927.41,69609.6989
2025-11-26 16:00:00,2927.4,3045.0,2926.37,3032.28,112464.2424
2025-11-26 20:00:00,3032.28,3035.91,3008.53,3026.56,38944.1436
2025-11-27 00:00:00,3026.56,3071.37,3004.61,3033.53,73556.5834
2025-11-27 04:00:00,3033.53,3053.98,3017.45,3033.9,33999.8307
2025-11-27 08:00:00,3033.89,3044.73,3017.78,3028.54,31351.503
2025-11-27 12:00:00,3028.54,3030.49,2985.78,3010.97,65626.4194
2025-11-27 16:00:00,3010.97,3039.99,3004.83,3032.02,41934.8963
2025-11-27 20:00:00,3032.01,3044.44,3003.88,3015.23,28511.1627
2025-11-28 00:00:00,3015.23,3023.97,2994.36,3008.63,38314.6775
2025-11-28 04:00:00,3008.64,3028.94,3000.7,3001.91,43556.1352
2025-11-28 08:00:00,3001.9,3077.77,3001.59,3034.02,74468.9509
2025-11-28 12:00:00,3034.02,3099.0,3026.32,3073.77,82965.601
2025-11-28 16:00:00,3073.78,3074.4,3011.22,3050.0,79747.0269
2025-11-28 20:00:00,3049.99,3059.48,3020.57,3031.15,27563.636
2025-11-29 00:00:00,3031.14,3052.64,3017.73,3022.6,24555.3461
2025-11-29 04:00:00,3022.61,3045.6,2992.5,3004.9,42551.9966
2025-11-29 08:00:00,3004.9,3011.41,2986.09,2999.82,37596.1744
2025-11-29 12:00:00,2999.82,3014.09,2986.4,3007.41,44737.3526
2025-11-29 16:00:00,3007.41,3011.31,2961.91,2988.47,54342.1646
2025-11-29 20:00:00,2988.47,2999.17,2982.49,2989.16,14121.096
2025-11-30 00:00:00,2989.17,3012.29,2975.3,3001.69,22703.9647
2025-11-30 04:00:00,3001.68,3008.9,2985.69,3005.22,14470.8245
2025-11-30 08:00:00,3005.22,3018.48,2999.94,3003.36,23291.3467
2025-11-30 12:00:00,3003.37,3053.02,3000.34,3028.69,60797.768
2025-11-30 16:00:00,3028.69,3049.34,3028.24,3034.71,26922.0897
2025-11-30 20:00:00,3034.71,3041.14,2989.06,2991.26,34536.4317
2025-12-01 00:00:00,2991.25,2999.47,2813.2,2825.77,199403.7391
2025-12-01 04:00:00,2825.77,2844.11,2806.71,2840.21,66691.2571
2025-12-01 08:00:00,2840.21,2854.35,2828.62,2838.35,154411.9934
2025-12-01 12:00:00,2838.36,2840.31,2716.04,2745.72,228178.0282
2025-12-01 16:00:00,2745.73,2758.02,2719.73,2740.8,92163.4609
2025-12-01 20:00:00,2740.8,2819.35,2739.89,2799.07,108154.5122
2025-12-02 00:00:00,2799.07,2825.11,2782.81,2804.55,40929.9746
2025-12-02 04:00:00,2804.55,2815.88,2796.88,2805.65,30185.3366
2025-12-02 08:00:00,2805.66,2834.5,2782.19,2826.18,41716.9565
2025-12-02 12:00:00,2826.18,3024.98,2816.82,3006.61,243912.6653
2025-12-02 16:00:00,3006.61,3033.76,2987.19,3015.83,104569.563
2025-12-02 20:00:00,3015.84,3021.27,2972.35,2996.07,62392.8626
2025-12-03 00:00:00,2996.07,3048.0,2985.58,3030.75,51276.0073
2025-12-03 04:00:00,3030.74,3085.56,3029.59,3057.44,83611.9153
2025-12-03 08:00:00,3057.44,3080.0,3043.75,3073.23,45464.5888
2025-12-03 12:00:00,3073.23,3145.68,3030.42,3086.12,172616.4318
2025-12-03 16:00:00,3086.13,3142.15,3064.36,3128.2,76818.9822
2025-12-03 20:00:00,3128.2,3214.99,3117.0,3188.36,123881.8892
2025-12-04 00:00:00,3188.39,3240.35,3174.19,3210.13,85059.4744
2025-12-04 04:00:00,3210.12,3219.62,3170.47,3190.1,76321.0501
2025-12-04 08:00:00,3190.1,3208.63,3175.51,3186.55,41332.4332
2025-12-04 12:00:00,3186.55,3224.38,3139.72,3208.15,109395.5365
2025-12-04 16:00:00,3208.15,3225.0,3066.37,3119.27,123840.9066
2025-12-04 20:00:00,3119.26,3152.07,3105.9,3133.26,50748.9979
2025-12-05 00:00:00,3133.26,3193.33,3132.45,3170.98,43830.0206
2025-12-05 04:00:00,3170.98,3182.88,3152.0,3173.94,36417.0727
2025-12-05 08:00:00,3173.95,3173.95,3107.82,3131.38,87970.9676
2025-12-05 12:00:00,3131.38,3157.99,3082.75,3106.34,131005.0997
2025-12-05 16:00:00,3106.35,3108.73,2983.08,3038.49,180132.3301
2025-12-05 20:00:00,3038.5,3049.34,3006.78,3021.78,51027.4079
2025-12-06 00:00:00,3021.77,3046.3,3012.58,3040.31,25507.0265
2025-12-06 04:00:00,3040.31,3042.78,3024.35,3026.25,18352.2563
2025-12-06 08:00:00,3026.25,3042.0,3013.25,3038.99,20383.7777
2025-12-06 12:00:00,3038.98,3069.0,3026.5,3041.69,43669.9804
2025-12-06 16:00:00,3041.69,3066.62,3025.0,3030.44,33248.8274
2025-12-06 20:00:00,3030.45,3054.31,3026.16,3038.06,18559.3805
2025-12-07 00:00:00,3038.06,3056.97,3032.47,3053.92,15546.9343
2025-12-07 04:00:00,3053.93,3058.01,3031.21,3037.29,13660.3566
2025-12-07 08:00:00,3037.28,3043.69,3024.07,3035.77,22816.8639
2025-12-07 12:00:00,3035.77,3053.49,2907.52,3027.01,146482.4681
2025-12-07 16:00:00,3027.0,3150.0,2999.63,3137.92,123703.2987
2025-12-07 20:00:00,3137.91,3147.36,3013.73,3059.85,68919.7534
2025-12-08 00:00:00,3059.86,3134.73,3040.87,3111.01,62439.9004
2025-12-08 04:00:00,3111.01,3140.5,3108.53,3134.31,65181.9052
2025-12-08 08:00:00,3134.31,3180.51,3125.1,3142.25,67113.0422
2025-12-08 12:00:00,3142.25,3178.42,3088.83,3101.54,125289.7961
2025-12-08 16:00:00,3101.54,3133.0,3075.38,3118.64,89209.1247
2025-12-08 20:00:00,3118.65,3153.0,3112.88,3124.16,43586.4521
2025-12-09 00:00:00,3124.16,3143.5,3090.8,3129.26,42586.4215
2025-12-09 04:00:00,3129.27,3131.42,3095.12,3123.0,45669.3221
2025-12-09 08:00:00,3123.0,3130.0,3093.0,3118.35,28056.408
2025-12-09 12:00:00,3118.35,3256.88,3098.58,3245.88,155154.1408
2025-12-09 16:00:00,3245.88,3397.85,3245.63,3357.88,241671.7299
2025-12-09 20:00:00,3357.87,3361.41,3285.0,3318.04,90721.9235
2025-12-10 00:00:00,3318.04,3328.2,3288.1,3309.73,45078.3976
2025-12-10 04:00:00,3309.73,3334.66,3306.92,3327.21,42144.1814
2025-12-10 08:00:00,3327.21,3376.0,3296.99,3318.39,73454.6194
2025-12-10 12:00:00,3318.39,3339.14,3304.45,3328.25,64308.9848
2025-12-10 16:00:00,3328.25,3435.0,3320.72,3390.71,186919.8911
2025-12-10 20:00:00,3390.67,3447.44,3317.37,3324.14,127679.3792
2025-12-11 00:00:00,3324.14,3327.37,3167.07,3191.42,138432.0124
2025-12-11 04:00:00,3191.42,3216.16,3180.93,3201.51,49737.3218
2025-12-11 08:00:00,3201.52,3213.0,3178.0,3192.75,38704.27
2025-12-11 12:00:00,3192.75,3210.0,3145.28,3179.25,92491.4111
2025-12-11 16:00:00,3179.24,3234.25,3155.0,3194.51,90002.7899
2025-12-11 20:00:00,3194.52,3273.4,3186.36,3237.39,94746.4339
2025-12-12 00:00:00,3237.38,3265.5,3185.2,3245.49,51913.2954
2025-12-12 04:00:00,3245.49,3265.0,3232.79,3246.55,34036.654
2025-12-12 08:00:00,3246.55,3255.7,3225.92,3242.59,38271.9698
2025-12-12 12:00:00,3242.59,3251.31,3058.12,3071.41,143185.8142
2025-12-12 16:00:00,3071.4,3099.88,3045.31,3073.74,142541.9537
2025-12-12 20:00:00,3073.74,3096.16,3067.61,3084.86,25736.7564
2025-12-13 00:00:00,3084.86,3095.24,3078.6,3089.85,16683.0837
2025-12-13 04:00:00,3089.86,3095.85,3084.11,3094.72,13025.1563
2025-12-13 08:00:00,3094.72,3135.68,3092.59,3119.35,35477.1325
2025-12-13 12:00:00,3119.36,3127.8,3095.12,3109.63,25324.4748
2025-12-13 16:00:00,3109.63,3116.37,3096.05,3108.41,23595.4427
2025-12-13 20:00:00,3108.41,3119.79,3079.0,3114.64,22360.4667
2025-12-14 00:00:00,3114.64,3129.54,3103.49,3118.96,17318.8749
2025-12-14 04:00:00,3118.97,3122.1,3104.59,3115.3,12759.8668
2025-12-14 08:00:00,3115.3,3119.9,3050.01,3084.84,55728.5888
2025-12-14 12:00:00,3084.84,3108.18,3070.42,3084.51,46359.2301
2025-12-14 16:00:00,3084.51,3107.89,3074.29,3093.71,88491.9595
2025-12-14 20:00:00,3093.71,3097.1,3024.44,3063.5,58399.8344
2025-12-15 00:00:00,3063.49,3150.92,3056.7,3108.68,68229.9045
2025-12-15 04:00:00,3108.68,3145.0,3104.02,3128.9,34378.0894
2025-12-15 08:00:00,3128.91,3177.5,3125.86,3156.73,45866.4503
2025-12-15 12:00:00,3156.73,3159.14,2986.05,3010.96,165313.3397
2025-12-15 16:00:00,3010.97,3017.77,2894.57,2940.3,146722.7896
2025-12-15 20:00:00,2940.29,2969.29,2916.67,2964.85,59999.382
2025-12-16 00:00:00,2964.85,2978.26,2922.64,2937.0,50152.4495
2025-12-16 04:00:00,2936.99,2951.45,2876.0,2924.11,65694.2387
2025-12-16 08:00:00,2924.1,2964.14,2920.02,2957.93,50801.8701
2025-12-16 12:00:00,2957.93,2981.87,2886.75,2963.31,117771.3622
2025-12-16 16:00:00,2963.31,2968.0,2912.15,2945.58,70556.5322
2025-12-16 20:00:00,2945.57,2965.73,2938.08,2962.3,23316.6632
2025-12-17 00:00:00,2962.3,2974.27,2938.38,2947.8,21063.3951
2025-12-17 04:00:00,2947.8,2953.98,2913.95,2947.92,40306.4414
2025-12-17 08:00:00,2947.92,2947.92,2908.56,2928.71,28398.9424
2025-12-17 12:00:00,2928.71,3030.92,2886.8,2904.66,202478.3788
2025-12-17 16:00:00,2904.65,2925.59,2791.02,2820.28,155552.7194
2025-12-17 20:00:00,2820.28,2837.8,2798.0,2833.49,49830.5391
2025-12-18 00:00:00,2833.5,2847.65,2821.34,2832.06,30115.801
2025-12-18 04:00:00,2832.06,2841.76,2822.98,2836.45,25308.1925
2025-12-18 08:00:00,2836.45,2864.46,2831.99,2859.09,30684.1722
2025-12-18 12:00:00,2859.1,2997.4,2854.47,2965.19,215481.281
2025-12-18 16:00:00,2965.19,2967.48,2775.19,2781.93,205062.6339
2025-12-18 20:00:00,2781.92,2838.25,2779.76,2828.57,88601.7191
2025-12-19 00:00:00,2828.56,2935.0,2808.63,2909.01,123898.4272
2025-12-19 04:00:00,2909.0,2984.33,2907.09,2951.73,96960.5859
2025-12-19 08:00:00,2951.72,2971.57,2938.01,2964.96,43082.5898
2025-12-19 12:00:00,2964.97,3020.0,2943.13,2964.99,149054.673
2025-12-19 16:00:00,2964.99,3007.06,2936.3,2985.02,93755.7291
2025-12-19 20:00:00,2985.02,3003.02,2974.72,2979.5,24950.5389
2025-12-20 00:00:00,2979.49,2994.41,2970.98,2989.41,12846.4551
2025-12-20 04:00:00,2989.42,2990.8,2964.17,2981.24,17802.9144
2025-12-20 08:00:00,2981.24,2990.2,2975.14,2987.13,14432.6945
2025-12-20 12:00:00,2987.14,2993.8,2967.44,2977.27,25699.3196
2025-12-20 16:00:00,2977.26,2981.4,2974.34,2978.05,13056.8688
2025-12-20 20:00:00,2978.06,2985.94,2972.85,2977.93,7945.521
2025-12-21 00:00:00,2977.93,2981.43,2961.42,2972.81,21624.4873
2025-12-21 04:00:00,2972.8,2982.54,2971.75,2981.09,6058.0404
2025-12-21 08:00:00,2981.09,3013.4,2977.61,2996.52,37511.9829
2025-12-21 12:00:00,2996.52,3005.46,2944.0,2974.68,47803.6499
2025-12-21 16:00:00,2974.69,2997.96,2967.74,2991.18,24256.6751
2025-12-21 20:00:00,2991.19,3012.27,2970.75,3002.02,24989.9711
2025-12-22 00:00:00,3002.03,3060.55,2972.48,3021.52,67518.0299
2025-12-22 04:00:00,3021.53,3042.87,3020.0,3029.67,23753.1837
2025-12-22 08:00:00,3029.66,3058.38,3025.11,3049.04,35463.9382
2025-12-22 12:00:00,3049.05,3077.39,3022.35,3052.59,70632.5652
2025-12-22 16:00:00,3052.59,3059.42,2974.23,2980.44,55772.3856
2025-12-22 20:00:00,2980.44,3015.37,2963.43,3009.49,45303.4607
2025-12-23 00:00:00,3009.48,3035.79,2971.56,2991.8,52521.8213
2025-12-23 04:00:00,2991.81,2999.97,2944.79,2964.89,70774.1346
2025-12-23 08:00:00,2964.88,2975.35,2952.26,2973.63,22052.4785
2025-12-23 12:00:00,2973.63,2974.47,2900.93,2928.59,96611.7545
2025-12-23 16:00:00,2928.59,2966.56,2908.95,2943.92,66566.6724
2025-12-23 20:00:00,2943.95,2988.44,2940.89,2965.02,77938.8857
2025-12-24 00:00:00,2965.03,2978.15,2921.03,2945.75,37427.1687
2025-12-24 04:00:00,2945.75,2958.73,2917.12,2932.68,35394.642
2025-12-24 08:00:00,2932.69,2939.84,2914.35,2925.02,29363.6813
2025-12-24 12:00:00,2925.02,2938.73,2888.7,2925.55,44957.6081
2025-12-24 16:00:00,2925.54,2954.39,2921.37,2945.72,32340.0522
2025-12-24 20:00:00,2945.73,2962.96,2941.73,2947.47,17552.4075
2025-12-25 00:00:00,2947.48,2956.89,2936.89,2947.15,13645.1601
2025-12-25 04:00:00,2947.16,2948.15,2938.12,2941.56,17963.7439
2025-12-25 08:00:00,2941.57,2946.82,2912.0,2924.88,26993.2817
2025-12-25 12:00:00,2924.88,2971.46,2920.0,2961.14,50360.9413
2025-12-25 16:00:00,2961.14,2967.65,2943.75,2956.41,40199.7035
2025-12-25 20:00:00,2956.41,2956.58,2891.2,2903.95,39558.4676
2025-12-26 00:00:00,2903.9,2994.38,2894.26,2964.92,85472.0655
2025-12-26 04:00:00,2964.92,2993.27,2952.59,2956.83,56536.7528
2025-12-26 08:00:00,2956.83,2976.53,2954.76,2964.75,27704.0127
2025-12-26 12:00:00,2964.76,2985.89,2894.49,2923.19,102372.8741
2025-12-26 16:00:00,2923.2,2935.12,2906.98,2925.99,29323.5571
2025-12-26 20:00:00,2925.99,2938.83,2921.49,2927.99,13421.7367
2025-12-27 00:00:00,2928.0,2933.7,2921.33,2933.4,12504.4062
2025-12-27 04:00:00,2933.39,2938.0,2928.11,2933.27,9579.6222
2025-12-27 08:00:00,2933.27,2940.79,2917.25,2930.88,22992.0865
2025-12-27 12:00:00,2930.88,2933.85,2925.25,2926.5,11659.5727
2025-12-27 16:00:00,2926.5,2930.82,2917.13,2930.82,12392.4561
2025-12-27 20:00:00,2930.81,2960.89,2928.89,2949.05,25912.2519
2025-12-28 00:00:00,2949.05,2951.86,2941.14,2943.58,13874.2237
2025-12-28 04:00:00,2943.57,2947.07,2929.5,2939.0,12300.1573
2025-12-28 08:00:00,2938.99,2947.34,2931.56,2944.09,18702.5796
2025-12-28 12:00:00,2944.09,2961.23,2937.78,2949.46,33669.6711
2025-12-28 16:00:00,2949.47,2954.72,2924.54,2933.61,29530.2686
2025-12-28 20:00:00,2933.6,2955.5,2928.89,2950.91,20757.2387
2025-12-29 00:00:00,2950.91,3048.45,2944.54,3043.75,101995.3642
2025-12-29 04:00:00,3043.75,3057.78,3010.74,3019.51,103030.9462
2025-12-29 08:00:00,3019.51,3026.51,2956.89,2959.91,84829.1665
2025-12-29 12:00:00,2959.9,2965.85,2910.25,2935.75,119862.5897
2025-12-29 16:00:00,2935.75,2946.0,2914.03,2932.48,51908.4218
2025-12-29 20:00:00,2932.47,2944.24,2926.04,2937.9,24332.694
2025-12-30 00:00:00,2937.91,2956.0,2919.44,2951.91,30076.5563
2025-12-30 04:00:00,2951.92,2959.0,2937.39,2950.79,26514.3134
2025-12-30 08:00:00,2950.79,3003.66,2950.2,2978.88,59053.3564
2025-12-30 12:00:00,2978.88,3009.8,2958.88,2989.77,93742.7732
2025-12-30 16:00:00,2989.78,2995.28,2944.76,2971.56,54745.6584
2025-12-30 20:00:00,2971.56,2975.96,2954.28,2973.69,22450.6302
2025-12-31 00:00:00,2973.69,2984.86,2961.89,2970.69,20321.8507
2025-12-31 04:00:00,2970.68,2980.0,2968.92,2976.98,17669.201
2025-12-31 08:00:00,2976.97,3003.64,2963.91,3002.2,54160.4918
2025-12-31 12:00:00,3002.2,3028.08,2968.0,2985.76,77365.9324
2025-12-31 16:00:00,2985.76,2997.4,2958.91,2971.15,38835.5156
2025-12-31 20:00:00,2971.16,2984.86,2963.43,2971.64,25376.5972
2026-01-01 00:00:00,2971.65,2988.96,2971.15,2980.0,14277.7037
2026-01-01 04:00:00,2979.99,2983.79,2972.99,2978.53,24119.3745
2026-01-01 08:00:00,2978.52,2993.2,2977.8,2989.69,18658.7012
2026-01-01 12:00:00,2989.7,2994.87,2977.74,2989.87,24220.7859
2026-01-01 16:00:00,2989.87,3005.98,2980.75,2995.42,28557.2596
2026-01-01 20:00:00,2995.42,3010.0,2987.54,3004.19,26254.6958
2026-01-02 00:00:00,3004.19,3035.0,2992.49,3022.53,40245.6068
2026-01-02 04:00:00,3022.53,3039.54,3009.02,3018.33,25581.588
2026-01-02 08:00:00,3018.32,3069.71,3015.95,3047.82,67146.8837
2026-01-02 12:00:00,3047.81,3109.0,3020.79,3086.64,103779.6548
2026-01-02 16:00:00,3086.64,3150.01,3079.23,3123.62,103511.24
2026-01-02 20:00:00,3123.63,3146.0,3111.52,3125.45,29626.2716
2026-01-03 00:00:00,3125.46,3136.71,3119.26,3125.56,21639.9351
2026-01-03 04:00:00,3125.56,3127.79,3076.0,3090.5,37848.5768
2026-01-03 08:00:00,3090.49,3110.56,3083.86,3098.49,24186.4409
2026-01-03 12:00:00,3098.5,3114.61,3093.47,3101.31,21597.531
2026-01-03 16:00:00,3101.32,3118.55,3098.33,3113.13,13958.2898
2026-01-03 20:00:00,3113.13,3131.0,3107.49,3127.11,15174.4522
2026-01-04 00:00:00,3127.11,3167.22,3126.35,3147.36,48314.7056
2026-01-04 04:00:00,3147.36,3163.19,3133.57,3141.29,39164.635
2026-01-04 08:00:00,3141.29,3148.3,3126.0,3139.54,25325.4415
2026-01-04 12:00:00,3139.55,3147.26,3118.75,3135.55,25571.0536
2026-01-04 16:00:00,3135.55,3143.6,3118.98,3132.72,22056.3594
2026-01-04 20:00:00,3132.72,3155.85,3130.85,3144.7,21143.8735
2026-01-05 00:00:00,3144.71,3220.82,3143.54,3185.86,78748.0623
2026-01-05 04:00:00,3185.86,3188.35,3135.31,3157.33,46393.4312
2026-01-05 08:00:00,3157.24,3183.64,3153.12,3180.27,35017.8247
2026-01-05 12:00:00,3180.28,3205.0,3135.02,3195.57,75457.2182
2026-01-05 16:00:00,3195.58,3229.99,3159.48,3223.07,84699.9838
2026-01-05 20:00:00,3223.07,3265.66,3220.0,3224.99,62130.1416
2026-01-06 00:00:00,3224.99,3247.3,3203.34,3225.1,41660.2045
2026-01-06 04:00:00,3225.1,3253.76,3211.37,3219.24,43424.5658
2026-01-06 08:00:00,3219.24,3242.98,3214.52,3238.08,31791.5748
2026-01-06 12:00:00,3238.09,3308.86,3230.0,3272.32,128299.7324
2026-01-06 16:00:00,3272.31,3279.36,3183.27,3223.57,114076.954
2026-01-06 20:00:00,3223.57,3301.6,3223.11,3296.84,53250.4751
2026-01-07 00:00:00,3296.83,3296.84,3239.44,3266.83,42293.9943
2026-01-07 04:00:00,3266.84,3271.81,3246.75,3255.31,22149.3916
2026-01-07 08:00:00,3255.31,3263.37,3196.23,3220.24,64927.4387
2026-01-07 12:00:00,3220.25,3229.05,3144.37,3164.7,91685.5827
2026-01-07 16:00:00,3164.71,3179.69,3125.42,3146.02,58204.1941
2026-01-07 20:00:00,3146.02,3181.78,3128.13,3168.72,42089.5211
2026-01-08 00:00:00,3168.72,3184.39,3133.56,3142.88,39920.8253
2026-01-08 04:00:00,3142.88,3161.24,3090.04,3128.28,59556.3234
2026-01-08 08:00:00,3128.29,3136.56,3096.68,3121.24,46446.0065
2026-01-08 12:00:00,3121.25,3121.49,3054.65,3104.2,115339.8326
2026-01-08 16:00:00,3104.19,3140.0,3090.2,3111.53,53648.4349
2026-01-08 20:00:00,3111.53,3130.38,3089.39,3106.65,28704.6778
2026-01-09 00:00:00,3106.66,3148.41,3081.34,3119.6,49958.428
2026-01-09 04:00:00,3119.6,3125.71,3110.39,3111.2,17294.1278
2026-01-09 08:00:00,3111.21,3115.37,3067.44,3090.36,40427.3691
2026-01-09 12:00:00,3090.36,3143.0,3058.69,3112.08,86674.2014
2026-01-09 16:00:00,3112.08,3145.45,3068.94,3080.6,56163.5771
2026-01-09 20:00:00,3080.6,3093.35,3065.23,3088.4,24069.7499
2026-01-10 00:00:00,3088.4,3094.61,3080.1,3086.51,10803.586
2026-01-10 04:00:00,3086.51,3093.38,3077.99,3092.77,20280.0951
2026-01-10 08:00:00,3092.77,3104.12,3087.37,3096.99,19119.5953
2026-01-10 12:00:00,3096.99,3104.01,3088.81,3095.64,12501.0934
2026-01-10 16:00:00,3095.63,3099.37,3090.08,3092.12,8420.0952
2026-01-10 20:00:00,3092.13,3093.3,3078.71,3086.72,11216.5896
2026-01-11 00:00:00,3086.72,3097.53,3084.46,3096.78,6690.1603
2026-01-11 04:00:00,3096.78,3102.42,3090.0,3095.32,10462.9255
2026-01-11 08:00:00,3095.32,3109.78,3092.7,3105.22,16569.4584
2026-01-11 12:00:00,3105.22,3131.0,3105.0,3118.22,35550.031
2026-01-11 16:00:00,3118.22,3147.27,3115.63,3124.36,36016.8437
2026-01-11 20:00:00,3124.36,3126.15,3092.59,3123.45,44091.8776
2026-01-12 00:00:00,3123.46,3171.49,3097.24,3152.55,72306.4411
2026-01-12 04:00:00,3152.56,3166.9,3133.52,3135.34,25464.2607
2026-01-12 08:00:00,3135.33,3147.62,3101.48,3115.43,40245.0871
2026-01-12 12:00:00,3115.43,3133.52,3065.55,3130.17,73683.7355
2026-01-12 16:00:00,3130.17,3146.66,3083.5,3121.83,57077.6791
2026-01-12 20:00:00,3121.82,3127.75,3083.54,3095.75,28596.2646
2026-01-13 00:00:00,3095.75,3119.01,3091.96,3116.14,22531.1335
2026-01-13 04:00:00,3116.14,3146.55,3112.46,3122.01,38274.2613
2026-01-13 08:00:00,3122.0,3148.33,3122.0,3133.95,33910.3954
2026-01-13 12:00:00,3133.95,3188.47,3130.0,3184.41,96545.2406
2026-01-13 16:00:00,3184.41,3218.61,3172.0,3215.9,73955.9338
2026-01-13 20:00:00,3215.91,3367.79,3190.56,3325.82,192565.317
2026-01-14 00:00:00,3325.83,3357.56,3315.15,3351.95,85543.415
2026-01-14 04:00:00,3351.94,3364.64,3322.01,3335.78,63136.2459
2026-01-14 08:00:00,3335.78,3342.64,3282.59,3286.22,58774.1212
2026-01-14 12:00:00,3286.22,3362.17,3280.48,3345.81,107556.326
2026-01-14 16:00:00,3345.81,3402.89,3315.51,3367.42,136432.6272
2026-01-14 20:00:00,3367.42,3392.94,3347.83,3354.92,51997.3406
2026-01-15 00:00:00,3354.92,3355.8,3278.0,3286.55,57564.0628
2026-01-15 04:00:00,3286.56,3335.15,3284.84,3330.0,36938.0988
2026-01-15 08:00:00,3329.99,3378.75,3320.17,3349.96,56429.5116
2026-01-15 12:00:00,3349.96,3384.19,3285.79,3330.65,109387.0046
2026-01-15 16:00:00,3330.66,3337.56,3273.72,3295.48,95663.6814
2026-01-15 20:00:00,3295.47,3323.32,3276.7,3318.69,34011.4768
2026-01-16 00:00:00,3318.7,3326.79,3291.89,3295.21,26232.6895
2026-01-16 04:00:00,3295.22,3316.99,3277.04,3309.41,39155.7934
2026-01-16 08:00:00,3309.42,3319.97,3293.33,3301.94,24987.7787
2026-01-16 12:00:00,3301.94,3318.61,3253.01,3264.18,65806.1923
2026-01-16 16:00:00,3264.17,3288.42,3259.83,3276.94,40718.886
2026-01-16 20:00:00,3276.94,3299.89,3264.42,3296.28,27020.4477
2026-01-17 00:00:00,3296.28,3297.34,3283.96,3289.32,11302.5507
2026-01-17 04:00:00,3289.33,3294.12,3285.99,3291.57,8025.4566
2026-01-17 08:00:00,3291.56,3305.32,3289.01,3302.72,19466.0816
2026-01-17 12:00:00,3302.72,3330.07,3299.77,3329.95,42521.6103
2026-01-17 16:00:00,3329.95,3330.26,3312.22,3316.36,27286.9449
2026-01-17 20:00:00,3316.36,3320.33,3297.44,3310.56,15722.3862
2026-01-18 00:00:00,3310.56,3319.5,3296.34,3316.16,14955.0073
2026-01-18 04:00:00,3316.15,3318.36,3306.4,3307.3,19441.7668
2026-01-18 08:00:00,3307.3,3326.2,3303.52,3322.0,26425.7891
2026-01-18 12:00:00,3322.0,3347.75,3314.64,3333.99,32494.8908
2026-01-18 16:00:00,3334.0,3368.82,3330.05,3346.56,28977.7552
2026-01-18 20:00:00,3346.56,3356.26,3278.86,3284.03,51059.0934
2026-01-19 00:00:00,3284.04,3284.58,3177.68,3212.29,189671.1361
2026-01-19 04:00:00,3212.28,3218.02,3187.88,3207.47,86267.3546
2026-01-19 08:00:00,3207.47,3231.27,3197.3,3223.91,62305.8434
2026-01-19 12:00:00,3223.91,3236.26,3202.85,3216.21,39678.1061
2026-01-19 16:00:00,3216.2,3227.17,3208.5,3219.95,20446.9647
2026-01-19 20:00:00,3219.95,3225.43,3165.38,3189.55,44171.1547
2026-01-20 00:00:00,3189.56,3200.5,3175.53,3188.67,31249.1524
2026-01-20 04:00:00,3188.68,3189.23,3109.37,3123.37,92886.9592
2026-01-20 08:00:00,3123.37,3123.84,3085.17,3109.88,80416.5277
2026-01-20 12:00:00,3109.88,3115.0,2995.33,3032.99,151528.8906
2026-01-20 16:00:00,3033.0,3042.92,2980.11,2996.49,80445.9788
2026-01-20 20:00:00,2996.49,3007.22,2920.0,2939.88,81638.97
2026-01-21 00:00:00,2939.88,2984.64,2921.89,2981.76,52743.8817
2026-01-21 04:00:00,2981.75,3002.0,2966.0,2970.6,43953.8509
2026-01-21 08:00:00,2970.6,2974.87,2938.0,2943.0,47857.5216
2026-01-21 12:00:00,2943.0,3026.83,2902.0,3002.69,152744.3548
2026-01-21 16:00:00,3002.69,3069.07,2866.11,3055.56,209234.4299
2026-01-21 20:00:00,3055.55,3057.72,2972.69,2982.27,71266.2092
2026-01-22 00:00:00,2982.28,3038.33,2980.73,3013.41,40907.9309
2026-01-22 04:00:00,3013.41,3027.9,3000.4,3000.94,30603.7031
2026-01-22 08:00:00,3000.94,3016.4,2977.22,2986.8,36510.9344
2026-01-22 12:00:00,2986.8,3010.18,2906.02,2942.01,106579.0097
2026-01-22 16:00:00,2942.02,2972.76,2923.99,2953.94,48457.5714
2026-01-22 20:00:00,2953.94,2959.16,2930.15,2952.69,28601.5854
2026-01-23 00:00:00,2952.7,2972.08,2946.22,2964.42,22069.3863
2026-01-23 04:00:00,2964.42,2984.71,2935.31,2948.49,46545.6544
2026-01-23 08:00:00,2948.58,2951.34,2914.93,2940.68,56738.2502
2026-01-23 12:00:00,2940.68,2965.06,2892.4,2952.75,74272.5747
2026-01-23 16:00:00,2952.66,3019.26,2938.46,2959.8,94167.9053
2026-01-23 20:00:00,2959.79,2963.69,2930.42,2956.41,24621.5608
2026-01-24 00:00:00,2956.41,2970.41,2949.27,2962.72,19180.1792
2026-01-24 04:00:00,2962.72,2966.86,2953.99,2957.34,16552.4734
2026-01-24 08:00:00,2957.34,2964.98,2954.77,2961.18,7645.161
2026-01-24 12:00:00,2961.17,2968.08,2943.84,2957.25,21086.4614
2026-01-24 16:00:00,2957.25,2968.49,2952.23,2953.93,14150.0816
2026-01-24 20:00:00,2953.94,2964.55,2949.23,2953.22,13468.5473
2026-01-25 00:00:00,2953.23,2960.29,2937.5,2942.6,14633.9687
2026-01-25 04:00:00,2942.59,2949.36,2935.01,2939.57,15127.5126
2026-01-25 08:00:00,2939.58,2948.11,2921.0,2937.54,26614.8719
2026-01-25 12:00:00,2937.54,2945.37,2922.08,2926.81,24962.6202
2026-01-25 16:00:00,2926.82,2927.78,2797.2,2812.96,193895.4063
2026-01-25 20:00:00,2812.96,2825.72,2787.0,2816.89,104952.1529
2026-01-26 00:00:00,2816.9,2898.76,2812.37,2850.68,103456.7027
2026-01-26 04:00:00,2850.69,2911.61,2849.91,2904.32,70449.5297
2026-01-26 08:00:00,2904.32,2934.4,2880.5,2892.15,58700.9528
2026-01-26 12:00:00,2892.15,2951.21,2875.77,2899.32,115201.556
2026-01-26 16:00:00,2899.32,2936.06,2885.97,2923.12,66316.68
2026-01-26 20:00:00,2923.11,2945.32,2895.82,2930.35,71043.916
2026-01-27 00:00:00,2930.35,2948.88,2912.44,2941.18,58753.8705
2026-01-27 04:00:00,2941.17,2957.04,2924.35,2929.11,52881.5063
2026-01-27 08:00:00,2929.11,2932.65,2899.77,2917.02,55309.1442
2026-01-27 12:00:00,2917.03,2943.63,2905.93,2937.45,67431.6111
2026-01-27 16:00:00,2937.46,2998.52,2918.09,2980.48,130629.9434
2026-01-27 20:00:00,2980.48,3035.08,2978.92,3026.77,113786.3233
2026-01-28 00:00:00,3026.77,3029.79,2996.55,3005.18,26992.6585
2026-01-28 04:00:00,3005.18,3018.33,2992.89,3005.07,34894.0853
2026-01-28 08:00:00,3005.07,3045.36,2986.59,3039.72,57899.7112
2026-01-28 12:00:00,3039.71,3045.78,2983.67,3008.25,79326.4621
2026-01-28 16:00:00,3008.25,3031.68,2989.41,3016.6,64622.6941
2026-01-28 20:00:00,3016.6,3038.45,2996.66,3010.78,32872.0437
2026-01-29 00:00:00,3010.78,3013.5,2944.48,2952.52,54242.7483
2026-01-29 04:00:00,2952.52,2965.69,2937.55,2961.54,30942.7833
2026-01-29 08:00:00,2961.54,2969.79,2923.77,2929.29,46623.7633
2026-01-29 12:00:00,2929.29,2939.0,2797.01,2824.32,140222.2492
2026-01-29 16:00:00,2824.31,2860.05,2754.53,2797.53,242269.3264
2026-01-29 20:00:00,2797.53,2827.59,2789.39,2822.59,46987.7274
2026-01-30 00:00:00,2822.6,2828.65,2689.0,2741.11,182314.4807
2026-01-30 04:00:00,2741.12,2774.83,2696.82,2740.16,103133.5444
2026-01-30 08:00:00,2740.17,2768.78,2710.0,2759.88,65278.2179
2026-01-30 12:00:00,2759.87,2766.53,2693.42,2729.47,123239.403
2026-01-30 16:00:00,2729.46,2761.46,2636.01,2742.4,205002.4188
2026-01-30 20:00:00,2742.39,2742.87,2664.82,2707.38,114311.5604
2026-01-31 00:00:00,2707.37,2714.64,2684.67,2695.86,31607.4725
2026-01-31 04:00:00,2695.86,2704.82,2668.2,2680.06,36477.2886
2026-01-31 08:00:00,2680.06,2683.49,2609.85,2640.72,101951.5948
2026-01-31 12:00:00,2640.72,2644.43,2510.01,2534.2,226209.6577
2026-01-31 16:00:00,2534.2,2551.26,2250.0,2382.82,562612.3808
2026-01-31 20:00:00,2382.83,2473.77,2355.24,2451.95,154239.3188
2026-02-01 00:00:00,2451.96,2475.98,2429.15,2445.46,92986.2376
2026-02-01 04:00:00,2445.46,2454.66,2393.46,2411.22,122634.216
2026-02-01 08:00:00,2411.22,2438.98,2376.1,2411.86,99830.5142
2026-02-01 12:00:00,2411.86,2412.47,2285.4,2315.39,215369.1339
2026-02-01 16:00:00,2315.47,2377.99,2284.17,2320.35,236454.4214
2026-02-01 20:00:00,2320.35,2349.24,2222.0,2270.15,259299.4235
2026-02-02 00:00:00,2270.16,2324.17,2166.14,2239.02,298359.9131
2026-02-02 04:00:00,2239.01,2268.0,2157.14,2228.93,301794.9407
2026-02-02 08:00:00,2228.93,2319.0,2228.93,2282.32,202430.0447
2026-02-02 12:00:00,2282.32,2396.62,2274.19,2372.71,260831.0106
2026-02-02 16:00:00,2372.71,2387.31,2327.68,2331.54,123749.5713
2026-02-02 20:00:00,2331.52,2355.55,2313.33,2347.02,61369.731
2026-02-03 00:00:00,2347.01,2359.88,2284.48,2344.03,92480.3296
2026-02-03 04:00:00,2343.99,2354.99,2298.44,2323.12,142937.5961
2026-02-03 08:00:00,2323.13,2332.57,2262.15,2276.68,125794.6591
2026-02-03 12:00:00,2276.68,2317.65,2251.94,2303.2,165687.0223
2026-02-03 16:00:00,2303.21,2303.4,2110.0,2205.28,499560.1202
2026-02-03 20:00:00,2205.27,2343.82,2188.25,2233.72,294639.6594
2026-02-04 00:00:00,2233.72,2295.74,2223.88,2283.37,94160.573
2026-02-04 04:00:00,2283.37,2293.99,2256.0,2283.85,78151.7651
2026-02-04 08:00:00,2283.84,2285.9,2221.47,2254.86,132402.8161
2026-02-04 12:00:00,2254.86,2263.3,2136.6,2151.83,322528.0764
2026-02-04 16:00:00,2151.84,2194.71,2076.68,2188.27,475231.0228
2026-02-04 20:00:00,2188.26,2192.7,2088.01,2148.26,162269.1766
2026-02-05 00:00:00,2148.25,2173.77,2097.94,2110.0,173253.3499
2026-02-05 04:00:00,2110.0,2125.26,2068.2,2091.4,232556.1529
2026-02-05 08:00:00,2091.5,2149.75,2061.96,2079.98,171883.2094
2026-02-05 12:00:00,2079.98,2106.51,1927.33,1961.12,487545.3296
2026-02-05 16:00:00,1961.12,2018.33,1913.76,1928.76,377522.1496
2026-02-05 20:00:00,1928.78,1943.06,1818.18,1826.83,509526.5037
2026-02-06 00:00:00,1826.83,1947.84,1747.8,1891.82,467955.4557
2026-02-06 04:00:00,1891.81,1975.75,1885.95,1899.42,267768.456
2026-02-06 08:00:00,1899.41,1939.35,1866.13,1932.68,372603.6313
2026-02-06 12:00:00,1932.67,2002.18,1914.88,1980.81,347876.9294
2026-02-06 16:00:00,1980.8,2090.13,1970.17,2065.63,408242.2928
2026-02-06 20:00:00,2065.63,2093.94,2039.93,2063.38,237864.7921
2026-02-07 00:00:00,2063.37,2086.0,2032.6,2080.81,123773.1219
2026-02-07 04:00:00,2080.8,2119.46,1994.57,2027.1,180822.7462
2026-02-07 08:00:00,2027.1,2032.6,1999.57,2018.77,90171.0894
2026-02-07 12:00:00,2018.77,2075.21,2009.82,2052.54,171743.7573
2026-02-07 16:00:00,2052.55,2121.7,2009.54,2091.29,500380.4324
2026-02-07 20:00:00,2091.29,2115.0,2073.0,2087.08,75725.3015
2026-02-08 00:00:00,2087.08,2107.44,2076.86,2078.77,55846.2385
2026-02-08 04:00:00,2078.78,2090.01,2064.1,2084.41,81901.8886
2026-02-08 08:00:00,2084.41,2137.57,2078.04,2132.35,92748.6006
2026-02-08 12:00:00,2132.36,2145.26,2097.57,2108.64,92209.4994
2026-02-08 16:00:00,2108.63,2129.73,2072.8,2126.77,60836.7024
2026-02-08 20:00:00,2126.79,2152.03,2071.6,2089.74,99294.322
2026-02-09 00:00:00,2089.73,2103.02,2055.01,2100.25,90227.1224
2026-02-09 04:00:00,2100.25,2102.03,2064.67,2065.74,63962.1613
2026-02-09 08:00:00,2065.74,2070.21,2013.25,2028.23,110228.8629
2026-02-09 12:00:00,2028.26,2073.47,2008.62,2061.61,123193.2243
2026-02-09 16:00:00,2061.61,2143.0,2047.78,2131.34,142688.2535
2026-02-09 20:00:00,2131.34,2147.73,2089.0,2105.02,95078.9325
2026-02-10 00:00:00,2105.02,2124.71,2052.14,2064.96,63762.6252
2026-02-10 04:00:00,2064.96,2074.35,1997.59,2007.47,195613.5569
2026-02-10 08:00:00,2007.47,2029.98,1995.83,2003.21,114586.795
2026-02-10 12:00:00,2003.2,2040.01,1989.38,2022.66,106821.103
2026-02-10 16:00:00,2022.67,2046.94,1996.18,2017.95,63309.8136
2026-02-10 20:00:00,2017.95,2022.85,1997.0,2022.67,30227.7971
2026-02-11 00:00:00,2022.67,2032.31,1998.0,2009.59,33194.1097
2026-02-11 04:00:00,2009.59,2011.23,1939.21,1950.89,100528.6786
2026-02-11 08:00:00,1950.9,1956.52,1932.02,1953.66,49832.9522
2026-02-11 12:00:00,1953.65,2015.81,1903.19,1929.46,190798.5893
2026-02-11 16:00:00,1929.46,1959.8,1908.8,1952.28,103334.7985
2026-02-11 20:00:00,1952.27,1988.07,1932.44,1941.18,51966.6894
2026-02-12 00:00:00,1941.19,1977.75,1941.19,1968.69,42186.6103
2026-02-12 04:00:00,1968.7,1983.0,1953.14,1968.07,52494.6941
2026-02-12 08:00:00,1968.07,2001.42,1957.25,1989.02,56917.0883
2026-02-12 12:00:00,1989.02,1996.3,1945.01,1948.47,80328.0854
2026-02-12 16:00:00,1948.48,1950.16,1897.24,1925.44,150050.4511
2026-02-12 20:00:00,1925.45,1952.61,1909.66,1947.85,45590.2177
2026-02-13 00:00:00,1947.85,1958.21,1927.63,1953.55,37154.7957
2026-02-13 04:00:00,1953.56,1955.8,1924.72,1935.75,43614.141
2026-02-13 08:00:00,1935.75,1969.26,1933.65,1960.04,62366.42
2026-02-13 12:00:00,1960.05,2050.58,1952.6,2034.93,155146.5792
2026-02-13 16:00:00,2034.92,2073.68,2031.42,2057.75,90215.9732
2026-02-13 20:00:00,2057.74,2059.65,2038.69,2048.72,37151.8607
2026-02-14 00:00:00,2048.72,2057.57,2042.37,2054.37,20999.1891
2026-02-14 04:00:00,2054.39,2060.49,2048.5,2057.21,20369.1955
2026-02-14 08:00:00,2057.2,2107.67,2057.04,2099.58,58856.9562
2026-02-14 12:00:00,2099.58,2100.39,2064.58,2087.43,55179.6359
2026-02-14 16:00:00,2087.42,2090.51,2067.27,2088.52,38770.8925
2026-02-14 20:00:00,2088.52,2098.89,2078.63,2086.59,26501.3663
2026-02-15 00:00:00,2086.59,2090.5,2030.9,2058.94,241490.3874
2026-02-15 04:00:00,2058.94,2103.32,2058.94,2091.41,80534.6926
2026-02-15 08:00:00,2091.41,2096.82,2054.36,2061.96,52092.5746
2026-02-15 12:00:00,2061.96,2068.63,1993.3,2011.29,115706.5194
2026-02-15 16:00:00,2011.29,2011.3,1928.88,1942.23,289683.7113
2026-02-15 20:00:00,1942.22,1974.51,1933.77,1966.58,55270.2099
2026-02-16 00:00:00,1966.59,1981.2,1948.76,1958.78,47402.3615
2026-02-16 04:00:00,1958.78,1978.64,1952.91,1971.13,38495.4814
2026-02-16 08:00:00,1971.14,1993.35,1957.12,1976.15,51619.9007
2026-02-16 12:00:00,1976.16,2023.51,1937.24,1956.65,110856.7205
2026-02-16 16:00:00,1956.65,1988.4,1956.31,1974.04,57117.5097
2026-02-16 20:00:00,1974.04,2004.02,1971.1,1998.33,45855.9695
2026-02-17 00:00:00,1998.34,2008.58,1979.7,1985.7,39980.2922
2026-02-17 04:00:00,1985.69,1998.48,1964.72,1985.91,44990.1813
2026-02-17 08:00:00,1985.91,1990.88,1961.71,1968.47,47256.3661
2026-02-17 12:00:00,1968.47,2002.7,1941.66,1968.58,117605.2683
2026-02-17 16:00:00,1968.59,2015.33,1954.03,1998.14,117627.2187
2026-02-17 20:00:00,1998.15,2004.0,1987.57,1991.66,38787.6161
2026-02-18 00:00:00,1991.67,2000.56,1968.68,1997.07,48694.6631
2026-02-18 04:00:00,1997.08,2023.52,1993.35,2018.07,37645.5204
2026-02-18 08:00:00,2018.06,2039.05,1976.57,1981.43,60451.9639
2026-02-18 12:00:00,1981.44,2010.3,1954.3,1985.48,108443.0065
2026-02-18 16:00:00,1985.48,1987.89,1923.78,1941.03,95520.9971
2026-02-18 20:00:00,1941.04,1956.79,1935.82,1955.91,42882.8576
2026-02-19 00:00:00,1955.9,1974.73,1950.5,1972.33,26076.3731
2026-02-19 04:00:00,1972.32,1987.55,1964.2,1981.76,34121.8946
2026-02-19 08:00:00,1981.76,1982.54,1948.16,1949.58,43208.626
2026-02-19 12:00:00,1949.59,1956.18,1911.49,1926.3,102895.4861
2026-02-19 16:00:00,1926.29,1947.52,1907.0,1941.34,63444.2011
2026-02-19 20:00:00,1941.33,1952.57,1934.79,1949.08,30510.4924
2026-02-20 00:00:00,1949.08,1964.54,1947.41,1954.85,28686.3728
2026-02-20 04:00:00,1954.85,1968.55,1931.01,1960.97,55966.1225
2026-02-20 08:00:00,1960.93,1973.86,1940.58,1943.98,58746.4014
2026-02-20 12:00:00,1943.99,1980.49,1922.97,1963.95,121943.2751
2026-02-20 16:00:00,1963.96,1981.18,1939.21,1963.69,94955.2126
2026-02-20 20:00:00,1963.69,1975.27,1961.6,1968.88,25956.1713
2026-02-21 00:00:00,1968.88,1970.7,1955.62,1959.03,16581.1973
2026-02-21 04:00:00,1959.03,1966.09,1956.21,1962.71,14321.5832
2026-02-21 08:00:00,1962.7,1988.6,1962.0,1977.02,40811.7456
2026-02-21 12:00:00,1977.02,1995.56,1969.49,1988.13,48823.033
2026-02-21 16:00:00,1988.13,1995.31,1976.41,1988.35,33339.759
2026-02-21 20:00:00,1988.34,1990.41,1970.0,1973.35,25296.5275
2026-02-22 00:00:00,1973.35,1982.99,1967.4,1974.71,20908.1331
2026-02-22 04:00:00,1974.71,1979.54,1970.2,1975.88,16211.4013
2026-02-22 08:00:00,1975.87,1983.13,1970.58,1980.78,17778.8113
2026-02-22 12:00:00,1980.79,1981.6,1943.53,1953.98,50424.8978
2026-02-22 16:00:00,1953.99,1955.56,1935.0,1943.74,29014.4909
2026-02-22 20:00:00,1943.73,1960.95,1939.81,1957.82,20987.9138
2026-02-23 00:00:00,1957.82,1958.33,1847.46,1862.87,167470.8913
2026-02-23 04:00:00,1862.88,1888.71,1853.34,1885.5,66206.0759
2026-02-23 08:00:00,1885.5,1928.19,1877.23,1915.3,69463.5612
2026-02-23 12:00:00,1915.29,1935.52,1892.68,1895.65,88300.1008
2026-02-23 16:00:00,1895.65,1900.18,1837.13,1857.19,118579.9054
2026-02-23 20:00:00,1857.19,1870.0,1846.8,1856.3,37338.9523
2026-02-24 00:00:00,1856.3,1869.58,1811.81,1832.03,79888.0694
2026-02-24 04:00:00,1832.03,1840.79,1813.77,1825.7,73536.267
2026-02-24 08:00:00,1825.7,1836.18,1815.22,1826.75,63530.8244
2026-02-24 12:00:00,1826.75,1850.29,1800.0,1847.59,111212.7497
2026-02-24 16:00:00,1847.59,1865.38,1838.36,1852.46,74379.3442
2026-02-24 20:00:00,1852.47,1864.11,1845.41,1851.94,35516.7737
2026-02-25 00:00:00,1851.95,1944.86,1846.74,1906.14,105259.2872
2026-02-25 04:00:00,1906.14,1914.35,1878.02,1893.31,54762.9592
2026-02-25 08:00:00,1893.32,1928.45,1890.27,1926.48,49526.3486
2026-02-25 12:00:00,1926.48,2028.7,1922.28,2013.73,159045.4848
2026-02-25 16:00:00,2013.69,2086.17,2013.36,2071.1,145026.7604
2026-02-25 20:00:00,2071.1,2148.39,2034.39,2057.48,169358.5976
2026-02-26 00:00:00,2057.48,2076.6,2039.37,2054.55,59037.3129
2026-02-26 04:00:00,2054.55,2082.81,2051.55,2053.37,61288.611
2026-02-26 08:00:00,2053.36,2083.33,2044.36,2057.66,57504.2592
2026-02-26 12:00:00,2057.65,2077.81,2011.56,2033.34,111408.8267
2026-02-26 16:00:00,2033.34,2037.78,1975.35,2030.14,119622.7569
2026-02-26 20:00:00,2030.13,2042.75,2018.33,2027.68,30921.5899
2026-02-27 00:00:00,2027.68,2049.48,2000.02,2045.39,54459.6079
2026-02-27 04:00:00,2045.39,2063.52,2022.16,2032.69,63087.8823
2026-02-27 08:00:00,2032.69,2045.93,1953.37,1962.08,92541.2853
2026-02-27 12:00:00,1962.08,1969.0,1938.82,1948.59,105123.5497
2026-02-27 16:00:00,1948.59,1948.86,1907.48,1921.1,64022.9582
2026-02-27 20:00:00,1921.11,1933.64,1887.0,1929.84,49451.9506
2026-02-28 00:00:00,1929.84,1937.17,1919.8,1924.49,21099.5553
2026-02-28 04:00:00,1924.49,1931.62,1835.36,1866.73,135260.6076
2026-02-28 08:00:00,1866.73,1881.0,1845.05,1863.31,66347.784
2026-02-28 12:00:00,1863.32,1915.95,1862.47,1898.88,91811.9835
2026-02-28 16:00:00,1898.87,1955.04,1886.02,1947.02,73171.577
2026-02-28 20:00:00,1947.03,1984.99,1938.76,1964.51,73989.4761
2026-03-01 00:00:00,1964.51,2054.8,1943.58,2023.29,128780.5667
2026-03-01 04:00:00,2023.29,2030.3,1989.0,2007.24,69926.2021
2026-03-01 08:00:00,2007.23,2010.18,1972.24,1983.32,51208.5737
2026-03-01 12:00:00,1983.32,2028.0,1968.6,1993.38,80414.5735
2026-03-01 16:00:00,1993.38,2009.38,1946.55,1953.9,99987.1454
2026-03-01 20:00:00,1953.89,1971.01,1907.41,1939.71,98879.785
2026-03-02 00:00:00,1939.71,1989.23,1937.42,1972.3,69056.6329
2026-03-02 04:00:00,1972.3,1983.6,1925.53,1941.66,58667.3787
2026-03-02 08:00:00,1941.65,1967.13,1920.0,1947.81,61905.2816
2026-03-02 12:00:00,1947.8,2065.48,1921.7,2047.33,181807.1215
2026-03-02 16:00:00,2047.33,2090.0,2017.15,2043.57,122416.9126
2026-03-02 20:00:00,2043.56,2058.59,2024.32,2027.35,83553.0476
2026-03-03 00:00:00,2027.34,2041.48,1998.0,2008.88,72387.9676
2026-03-03 04:00:00,2008.88,2019.4,1987.5,1996.33,54747.8134
2026-03-03 08:00:00,1996.32,2000.53,1939.1,1961.28,94656.1381
2026-03-03 12:00:00,1961.28,1990.07,1929.56,1969.22,138896.9913
2026-03-03 16:00:00,1969.21,2014.12,1958.76,1986.02,112467.8933
2026-03-03 20:00:00,1986.03,2001.63,1959.35,1982.8,36173.0497
2026-03-04 00:00:00,1982.81,1998.66,1945.08,1960.9,62339.7285
2026-03-04 04:00:00,1960.89,2010.0,1950.65,2006.55,52487.5859
2026-03-04 08:00:00,2006.55,2092.9,2000.47,2054.97,187331.0723
2026-03-04 12:00:00,2054.97,2157.67,2036.37,2150.23,202994.5808
2026-03-04 16:00:00,2150.23,2199.0,2129.13,2177.51,171810.7114
2026-03-04 20:00:00,2177.51,2179.66,2116.67,2127.28,60681.1363
2026-03-05 00:00:00,2127.28,2141.93,2107.5,2120.15,54056.4032
2026-03-05 04:00:00,2120.15,2144.2,2095.71,2104.96,54039.2126
2026-03-05 08:00:00,2104.96,2163.66,2093.63,2137.92,70522.7353
2026-03-05 12:00:00,2137.92,2142.95,2067.54,2086.96,124518.7575
2026-03-05 16:00:00,2086.95,2093.7,2054.75,2074.36,89377.0807
2026-03-05 20:00:00,2074.37,2099.36,2069.72,2072.86,39643.6233
2026-03-06 00:00:00,2072.86,2093.33,2061.79,2083.8,39076.4167
2026-03-06 04:00:00,2083.81,2087.66,2058.84,2082.83,45370.5524
2026-03-06 08:00:00,2082.83,2082.83,2045.79,2051.03,50661.1023
2026-03-06 12:00:00,2051.03,2062.12,1966.24,1978.01,172028.7426
2026-03-06 16:00:00,1978.0,1993.3,1955.95,1983.75,75044.6173
2026-03-06 20:00:00,1983.75,1989.91,1969.26,1978.68,29416.3256
2026-03-07 00:00:00,1978.68,1996.04,1971.79,1980.21,27984.3292
2026-03-07 04:00:00,1980.22,1984.19,1964.34,1982.94,40763.1763
2026-03-07 08:00:00,1982.94,1994.98,1975.38,1988.91,29519.2921
2026-03-07 12:00:00,1988.92,1990.95,1970.47,1981.04,29451.1976
2026-03-07 16:00:00,1981.03,1983.47,1948.09,1955.2,34963.6539
2026-03-07 20:00:00,1955.2,1974.27,1954.89,1969.59,21778.1709
2026-03-08 00:00:00,1969.6,1977.35,1935.73,1947.67,52276.8743
2026-03-08 04:00:00,1947.67,1960.41,1930.0,1955.23,53344.1715
2026-03-08 08:00:00,1955.22,1979.8,1944.85,1951.38,70951.6493
2026-03-08 12:00:00,1951.39,1954.67,1925.06,1943.32,83662.2406
2026-03-08 16:00:00,1943.32,1970.58,1928.08,1964.91,48151.6932
2026-03-08 20:00:00,1964.91,1971.95,1916.14,1937.1,82803.1028
2026-03-09 00:00:00,1937.11,2006.01,1929.65,1977.48,104584.2494
2026-03-09 04:00:00,1977.48,2014.26,1963.45,1983.9,83648.8027
2026-03-09 08:00:00,1983.91,2022.0,1978.92,1992.2,68130.8102
2026-03-09 12:00:00,1992.2,2032.84,1992.2,2022.63,115494.5461
2026-03-09 16:00:00,2022.64,2053.52,2005.76,2033.91,81118.9511
2026-03-09 20:00:00,2033.91,2037.3,1989.12,1992.98,97848.1288
2026-03-10 00:00:00,1992.97,2054.19,1991.0,2026.8,83033.8026
2026-03-10 04:00:00,2026.8,2059.69,2026.36,2051.0,60378.2851
2026-03-10 08:00:00,2051.0,2074.0,2051.0,2061.69,60450.0646
2026-03-10 12:00:00,2061.7,2085.73,2008.65,2079.35,139969.2004
2026-03-10 16:00:00,2079.34,2088.19,2027.16,2037.02,85631.607
2026-03-10 20:00:00,2037.02,2048.31,2018.0,2036.51,33948.9142
2026-03-11 00:00:00,2036.5,2041.71,2018.13,2021.17,36763.3501
2026-03-11 04:00:00,2021.17,2041.49,2007.17,2012.54,35827.9229
2026-03-11 08:00:00,2012.54,2033.96,2009.48,2017.8,36247.0984
2026-03-11 12:00:00,2017.8,2082.66,2012.81,2049.73,132152.8625
2026-03-11 16:00:00,2049.75,2085.58,2046.46,2076.06,76213.7444
2026-03-11 20:00:00,2076.05,2084.53,2045.2,2051.97,32856.2777
2026-03-12 00:00:00,2051.97,2058.16,2017.59,2023.38,44363.5344
2026-03-12 04:00:00,2023.39,2042.26,2019.33,2040.7,36224.657
2026-03-12 08:00:00,2040.69,2076.65,2038.42,2062.83,56474.7206
2026-03-12 12:00:00,2062.83,2095.0,2037.79,2072.33,112015.805
2026-03-12 16:00:00,2072.33,2078.09,2045.42,2069.59,63567.8353
2026-03-12 20:00:00,2069.6,2093.45,2054.99,2073.52,87861.2609
2026-03-13 00:00:00,2073.51,2148.8,2070.12,2118.85,126779.3388
2026-03-13 04:00:00,2118.86,2120.06,2090.0,2099.38,45196.2617
2026-03-13 08:00:00,2099.38,2133.3,2091.45,2121.02,66817.4737
2026-03-13 12:00:00,2121.02,2209.03,2120.52,2128.01,234537.6685
2026-03-13 16:00:00,2128.01,2143.33,2090.28,2102.48,84455.4942
2026-03-13 20:00:00,2102.48,2116.66,2078.5,2092.22,41870.803
2026-03-14 00:00:00,2092.21,2103.42,2081.39,2101.16,31321.7837
2026-03-14 04:00:00,2101.15,2106.09,2068.28,2077.46,38191.8421
2026-03-14 08:00:00,2077.46,2081.64,2061.6,2073.67,26861.5463
2026-03-14 12:00:00,2073.67,2080.65,2069.8,2074.72,22427.7115
2026-03-14 16:00:00,2074.72,2079.47,2069.19,2077.49,10772.0777
2026-03-14 20:00:00,2077.5,2099.69,2076.2,2096.16,22925.6209
2026-03-15 00:00:00,2096.16,2107.91,2083.35,2096.15,28619.3164
2026-03-15 04:00:00,2096.15,2115.95,2096.13,2105.64,22147.2871
2026-03-15 08:00:00,2105.64,2123.44,2105.64,2119.63,21019.7068
2026-03-15 12:00:00,2119.63,2119.83,2086.34,2093.79,45875.4183
2026-03-15 16:00:00,2093.79,2117.86,2088.84,2113.49,31467.5941
2026-03-15 20:00:00,2113.49,2202.87,2110.0,2178.3,131696.615
2026-03-16 00:00:00,2178.29,2253.48,2164.73,2235.67,133968.0991
2026-03-16 04:00:00,2235.67,2288.63,2235.67,2248.95,186961.7977
2026-03-16 08:00:00,2248.95,2280.0,2234.92,2269.94,89322.6948
2026-03-16 12:00:00,2269.94,2308.54,2255.04,2273.88,178036.6219
2026-03-16 16:00:00,2273.88,2348.06,2270.0,2330.92,127675.3126
2026-03-16 20:00:00,2330.92,2386.02,2323.68,2352.97,129928.2495
2026-03-17 00:00:00,2352.97,2376.66,2308.03,2320.0,159041.6195
2026-03-17 04:00:00,2320.01,2337.86,2294.15,2327.7,86783.2765
2026-03-17 08:00:00,2327.71,2335.35,2304.0,2326.82,59820.3103
2026-03-17 12:00:00,2326.81,2357.73,2304.27,2315.98,105064.0596
2026-03-17 16:00:00,2315.98,2342.7,2312.44,2320.22,50434.4264
2026-03-17 20:00:00,2320.22,2344.69,2316.78,2317.39,32687.4093
2026-03-18 00:00:00,2317.38,2350.0,2307.0,2340.61,39754.8685
2026-03-18 04:00:00,2340.61,2342.0,2311.53,2317.74,32757.9854
2026-03-18 08:00:00,2317.73,2333.62,2263.43,2269.34,70784.1433
2026-03-18 12:00:00,2269.33,2270.5,2168.97,2187.66,170394.1198
2026-03-18 16:00:00,2187.67,2220.0,2166.87,2185.85,99070.471
2026-03-18 20:00:00,2185.85,2206.88,2153.21,2203.39,75279.3007
2026-03-19 00:00:00,2203.39,2233.72,2187.24,2212.29,52579.6266
2026-03-19 04:00:00,2212.29,2213.11,2143.14,2166.68,79211.2867
2026-03-19 08:00:00,2166.68,2192.07,2158.09,2166.92,65786.0455
2026-03-19 12:00:00,2166.92,2167.48,2099.38,2118.81,165314.3215
2026-03-19 16:00:00,2118.81,2156.92,2104.87,2141.19,86393.2993
2026-03-19 20:00:00,2141.18,2155.62,2130.57,2137.81,41507.0994
2026-03-20 00:00:00,2137.82,2160.78,2132.69,2151.38,44494.7603
2026-03-20 04:00:00,2151.38,2159.24,2121.25,2150.54,43279.9495
2026-03-20 08:00:00,2150.53,2176.84,2131.56,2141.5,61690.4049
2026-03-20 12:00:00,2141.49,2152.74,2116.88,2134.01,68483.295
2026-03-20 16:00:00,2134.0,2144.76,2117.41,2132.91,45009.742
2026-03-20 20:00:00,2132.91,2168.0,2123.96,2146.22,37198.0261
2026-03-21 00:00:00,2146.21,2159.87,2144.24,2153.6,15716.7385
2026-03-21 04:00:00,2153.59,2161.34,2150.36,2155.67,16494.1831
2026-03-21 08:00:00,2155.67,2159.52,2149.57,2157.37,12040.1339
2026-03-21 12:00:00,2157.37,2168.27,2146.45,2155.12,19951.1534
2026-03-21 16:00:00,2155.13,2155.64,2142.01,2152.16,13965.6408
2026-03-21 20:00:00,2152.17,2157.0,2070.78,2084.87,54391.6149
2026-03-22 00:00:00,2084.86,2127.21,2050.12,2113.83,109521.6483
2026-03-22 04:00:00,2113.83,2122.94,2092.35,2093.38,32643.6328
2026-03-22 08:00:00,2093.4,2096.82,2066.97,2069.98,43062.5355
2026-03-22 12:00:00,2069.97,2092.63,2068.37,2083.1,34314.2881
2026-03-22 16:00:00,2083.1,2084.45,2054.35,2063.21,27972.3686
2026-03-22 20:00:00,2063.22,2074.16,2026.0,2053.89,65556.0839
2026-03-23 00:00:00,2053.9,2072.33,2035.69,2052.54,46093.4891
2026-03-23 04:00:00,2052.53,2072.11,2023.04,2044.72,57516.0292
2026-03-23 08:00:00,2044.73,2198.57,2028.2,2134.78,192147.2097
2026-03-23 12:00:00,2134.78,2192.44,2107.43,2128.45,199243.9292
2026-03-23 16:00:00,2128.46,2178.74,2117.77,2154.46,93011.0763
2026-03-23 20:00:00,2154.45,2166.81,2140.71,2152.03,26496.7034
2026-03-24 00:00:00,2152.03,2156.22,2124.26,2141.59,43067.6466
2026-03-24 04:00:00,2141.59,2170.65,2128.84,2165.61,46075.0579
2026-03-24 08:00:00,2165.61,2175.16,2147.36,2165.9,40140.7495
2026-03-24 12:00:00,2165.89,2170.52,2120.0,2135.15,80333.0075
2026-03-24 16:00:00,2135.15,2140.57,2103.02,2116.87,59554.7786
2026-03-24 20:00:00,2116.86,2163.7,2115.63,2156.23,47532.2327
2026-03-25 00:00:00,2156.22,2168.63,2146.35,2158.54,35228.5599
2026-03-25 04:00:00,2158.53,2179.73,2156.83,2164.57,38937.4198
2026-03-25 08:00:00,2164.57,2199.02,2164.57,2186.41,56767.0182
2026-03-25 12:00:00,2186.41,2198.16,2147.67,2162.56,76609.8458
2026-03-25 16:00:00,2162.56,2186.85,2155.93,2172.69,46113.5072
2026-03-25 20:00:00,2172.68,2183.5,2159.42,2169.02,21985.1746
2026-03-26 00:00:00,2169.02,2172.19,2144.05,2153.21,29526.6584
2026-03-26 04:00:00,2153.22,2154.58,2112.17,2123.64,49214.7706
2026-03-26 08:00:00,2123.64,2126.89,2062.94,2068.44,76476.7034
2026-03-26 12:00:00,2068.45,2093.79,2052.01,2070.4,74259.0218
2026-03-26 16:00:00,2070.4,2070.95,2034.54,2049.12,65545.1975
2026-03-26 20:00:00,2049.11,2080.42,2046.54,2060.43,42988.2721
2026-03-27 00:00:00,2060.43,2077.19,2056.8,2061.48,22743.3242
2026-03-27 04:00:00,2061.49,2072.36,2043.49,2066.23,52118.1988
2026-03-27 08:00:00,2066.24,2069.6,1983.02,1991.8,119274.8749
2026-03-27 12:00:00,1991.8,2010.45,1970.93,1991.32,108873.3737
2026-03-27 16:00:00,1991.32,1997.73,1974.48,1991.71,70350.7315
2026-03-27 20:00:00,1991.7,1996.31,1980.0,1992.75,21513.0217
2026-03-28 00:00:00,1992.76,1995.16,1983.17,1989.19,17995.8198
2026-03-28 04:00:00,1989.19,2008.35,1987.3,2007.07,18318.467
2026-03-28 08:00:00,2007.07,2008.34,1992.77,1997.64,18237.6229
2026-03-28 12:00:00,1997.64,2047.45,1992.25,2026.84,65210.0923
2026-03-28 16:00:00,2026.84,2030.23,2016.5,2020.56,12710.5504
2026-03-28 20:00:00,2020.57,2026.48,1989.64,1994.74,22359.2531
2026-03-29 00:00:00,1994.74,2019.65,1991.52,2011.1,16613.2608
2026-03-29 04:00:00,2011.1,2012.72,1997.67,2006.14,12828.4597
2026-03-29 08:00:00,2006.14,2008.16,1991.9,2003.78,15067.8231
2026-03-29 12:00:00,2003.78,2004.9,1983.56,1992.97,25232.6686
2026-03-29 16:00:00,1992.98,2003.61,1987.6,1995.89,16964.0358
2026-03-29 20:00:00,1995.89,2009.48,1938.82,1984.64,80020.4902
2026-03-30 00:00:00,1984.65,2043.5,1980.28,2035.88,70029.5862
2026-03-30 04:00:00,2035.88,2068.28,2035.88,2059.58,52260.9134
2026-03-30 08:00:00,2059.58,2081.65,2048.14,2071.28,50627.4687
2026-03-30 12:00:00,2071.29,2085.0,2044.25,2074.53,70195.1822
2026-03-30 16:00:00,2074.53,2074.99,2013.33,2023.7,60238.4065
2026-03-30 20:00:00,2023.7,2049.1,2013.92,2026.48,34952.8774
2026-03-31 00:00:00,2026.48,2092.34,2016.29,2066.71,66502.1402
2026-03-31 04:00:00,2066.71,2072.24,2042.31,2055.97,34849.5818
2026-03-31 08:00:00,2055.98,2059.2,2012.64,2041.2,62779.5377
2026-03-31 12:00:00,2041.21,2092.0,2035.02,2054.85,95949.4482
2026-03-31 16:00:00,2054.85,2124.03,2054.29,2096.54,126072.2648
2026-03-31 20:00:00,2096.54,2111.01,2088.35,2105.43,35744.9296
2026-04-01 00:00:00,2105.43,2117.79,2082.08,2102.91,37975.9983
2026-04-01 04:00:00,2102.91,2158.0,2100.35,2131.0,78179.0218
2026-04-01 08:00:00,2131.0,2142.93,2125.0,2135.32,46234.2524
2026-04-01 12:00:00,2135.32,2152.0,2108.72,2135.04,77261.013
2026-04-01 16:00:00,2135.04,2167.85,2123.58,2141.43,74639.0666
2026-04-01 20:00:00,2141.43,2165.42,2130.7,2140.35,84938.0258
2026-04-02 00:00:00,2140.35,2159.37,2046.48,2056.33,108784.5193
2026-04-02 04:00:00,2056.33,2058.45,2038.63,2056.09,45874.1458
2026-04-02 08:00:00,2056.09,2056.09,2024.73,2033.01,34776.9717
2026-04-02 12:00:00,2033.02,2072.22,2017.04,2059.6,88821.5481
2026-04-02 16:00:00,2059.59,2077.64,2043.65,2065.34,44924.9508
2026-04-02 20:00:00,2065.35,2074.16,2053.54,2057.17,23690.6966
2026-04-03 00:00:00,2057.18,2062.49,2040.66,2054.23,27862.5809
2026-04-03 04:00:00,2054.22,2075.17,2047.35,2065.85,24471.2575
2026-04-03 08:00:00,2065.84,2072.0,2053.46,2062.64,21397.6282
2026-04-03 12:00:00,2062.64,2081.76,2041.65,2051.26,34731.975
2026-04-03 16:00:00,2051.26,2056.54,2043.78,2052.68,12701.8429
2026-04-03 20:00:00,2052.69,2060.92,2049.23,2053.83,15101.3548
2026-04-04 00:00:00,2053.83,2053.86,2047.92,2050.05,7032.7972
2026-04-04 04:00:00,2050.05,2058.0,2048.41,2053.82,9175.3802
2026-04-04 08:00:00,2053.82,2055.44,2047.89,2051.84,11621.7432
2026-04-04 12:00:00,2051.84,2062.02,2044.63,2056.29,21445.1645
2026-04-04 16:00:00,2056.29,2084.0,2053.07,2064.71,25517.2179
2026-04-04 20:00:00,2064.71,2072.15,2059.6,2065.52,11712.1376
2026-04-05 00:00:00,2065.51,2065.63,2054.15,2056.64,8367.2542
2026-04-05 04:00:00,2056.64,2058.09,2027.75,2037.29,20196.3802
2026-04-05 08:00:00,2037.29,2052.53,2035.91,2042.32,8916.0507
2026-04-05 12:00:00,2042.31,2069.89,2021.5,2053.85,37354.6547
2026-04-05 16:00:00,2053.85,2069.95,2048.69,2062.37,21390.3714
2026-04-05 20:00:00,2062.38,2123.49,2050.0,2110.17,61128.6087
2026-04-06 00:00:00,2110.17,2147.24,2110.17,2129.35,65862.4144
2026-04-06 04:00:00,2129.35,2141.0,2120.04,2134.9,40132.1583
2026-04-06 08:00:00,2134.91,2174.79,2133.42,2151.53,64975.0888
2026-04-06 12:00:00,2151.53,2169.6,2137.76,2164.65,75911.3132
2026-04-06 16:00:00,2164.65,2168.72,2123.6,2144.25,56698.6975
2026-04-06 20:00:00,2144.25,2155.06,2087.5,2107.16,52474.6172
2026-04-07 00:00:00,2107.16,2120.14,2093.64,2108.37,34808.2346
2026-04-07 04:00:00,2108.37,2119.21,2096.69,2104.04,24073.3793
2026-04-07 08:00:00,2104.03,2133.83,2082.35,2089.58,52681.4772
2026-04-07 12:00:00,2089.58,2093.17,2060.24,2080.06,76548.9624
2026-04-07 16:00:00,2080.07,2116.65,2077.52,2113.39,55202.1323
2026-04-07 20:00:00,2113.39,2273.87,2110.68,2240.01,216780.6235
2026-04-08 00:00:00,2240.01,2251.39,2228.24,2234.68,71283.3269
2026-04-08 04:00:00,2234.68,2260.76,2234.68,2253.76,59756.0098
2026-04-08 08:00:00,2253.76,2263.35,2237.12,2247.23,52326.6102
2026-04-08 12:00:00,2247.23,2270.55,2186.61,2215.45,129483.0314
2026-04-08 16:00:00,2215.44,2239.5,2197.7,2211.04,53536.308
2026-04-08 20:00:00,2211.03,2222.55,2179.78,2190.0,38332.3458
2026-04-09 00:00:00,2190.0,2193.79,2162.0,2182.49,34908.9725
2026-04-09 04:00:00,2182.49,2188.99,2175.6,2181.14,24256.0905
2026-04-09 08:00:00,2181.14,2197.7,2176.37,2180.26,33344.5829
2026-04-09 12:00:00,2180.26,2225.0,2157.31,2217.99,76023.3606
2026-04-09 16:00:00,2218.0,2229.4,2193.0,2216.42,57199.04
2026-04-09 20:00:00,2216.42,2246.0,2183.33,2190.2,49585.9038
2026-04-10 00:00:00,2190.17,2204.1,2176.1,2186.06,33173.2947
2026-04-10 04:00:00,2186.05,2203.11,2176.4,2179.28,31613.9975
2026-04-10 08:00:00,2179.27,2224.28,2177.13,2215.65,47671.2334
2026-04-10 12:00:00,2215.66,2257.99,2208.18,2224.27,95750.7477
2026-04-10 16:00:00,2224.28,2256.0,2221.46,2253.17,37702.4223
2026-04-10 20:00:00,2253.17,2257.14,2235.41,2245.05,26987.3902
2026-04-11 00:00:00,2245.06,2252.15,2234.81,2237.17,19355.1058
2026-04-11 04:00:00,2237.18,2242.93,2229.0,2232.6,22477.3402
2026-04-11 08:00:00,2232.6,2249.31,2232.14,2246.11,22661.8276
2026-04-11 12:00:00,2246.12,2256.11,2233.72,2249.54,18996.8388
2026-04-11 16:00:00,2249.54,2329.93,2246.53,2315.96,89257.1086
2026-04-11 20:00:00,2315.96,2317.14,2276.47,2284.99,42037.1829
2026-04-12 00:00:00,2285.0,2288.57,2207.06,2213.71,91337.4612
2026-04-12 04:00:00,2213.7,2220.87,2208.32,2218.02,27644.0457
2026-04-12 08:00:00,2218.02,2219.04,2194.32,2204.62,26727.7633
2026-04-12 12:00:00,2204.62,2208.22,2175.0,2186.47,53590.6811
2026-04-12 16:00:00,2186.47,2207.23,2183.09,2198.27,21416.5101
2026-04-12 20:00:00,2198.27,2218.13,2183.99,2191.65,37440.4207
2026-04-13 00:00:00,2191.64,2209.05,2187.2,2194.36,26455.4785
2026-04-13 04:00:00,2194.36,2201.45,2182.22,2186.56,33191.7629
2026-04-13 08:00:00,2186.57,2195.34,2179.0,2187.33,20617.5554
2026-04-13 12:00:00,2187.33,2236.43,2175.68,2209.28,104259.3625
2026-04-13 16:00:00,2209.28,2268.88,2200.0,2262.33,64810.6588
2026-04-13 20:00:00,2262.33,2394.71,2247.5,2369.46,204536.0111
2026-04-14 00:00:00,2369.46,2378.06,2354.6,2365.5,74432.8525
2026-04-14 04:00:00,2365.5,2389.99,2354.76,2377.91,63856.121
2026-04-14 08:00:00,2377.92,2396.03,2367.61,2374.53,66171.3263
2026-04-14 12:00:00,2374.54,2415.5,2332.72,2364.63,155007.3984
2026-04-14 16:00:00,2364.62,2371.48,2302.9,2313.32,73170.8888
2026-04-14 20:00:00,2313.32,2332.35,2308.53,2322.44,27468.7971
2026-04-15 00:00:00,2322.44,2342.76,2317.56,2328.81,28901.5466
2026-04-15 04:00:00,2328.82,2338.23,2308.5,2316.62,31505.5439
2026-04-15 08:00:00,2316.62,2339.42,2312.15,2337.43,39774.7835
2026-04-15 12:00:00,2337.42,2349.46,2317.54,2332.04,55356.8376
2026-04-15 16:00:00,2332.03,2385.61,2329.1,2375.05,60038.6043
2026-04-15 20:00:00,2375.05,2380.45,2348.58,2359.95,52613.3218
2026-04-16 00:00:00,2359.94,2369.59,2345.04,2357.86,24372.7204
2026-04-16 04:00:00,2357.85,2364.0,2335.72,2341.52,33030.1056
2026-04-16 08:00:00,2341.52,2348.4,2328.64,2335.67,38717.9452
2026-04-16 12:00:00,2335.68,2351.8,2285.1,2339.01,122115.6918
2026-04-16 16:00:00,2339.01,2361.96,2309.96,2359.7,72519.8431
2026-04-16 20:00:00,2359.69,2364.68,2336.25,2348.17,38204.6316
2026-04-17 00:00:00,2348.16,2350.9,2323.83,2325.52,22001.9814
2026-04-17 04:00:00,2325.53,2342.02,2317.43,2334.16,31478.7638
2026-04-17 08:00:00,2334.15,2377.0,2332.98,2354.99,65874.4475
2026-04-17 12:00:00,2355.0,2456.93,2349.4,2441.96,220835.8864
2026-04-17 16:00:00,2441.96,2464.91,2415.41,2427.92,76798.3675
2026-04-17 20:00:00,2427.92,2444.34,2415.47,2419.0,74741.9149
2026-04-18 00:00:00,2419.0,2427.64,2399.54,2405.04,29072.7602
2026-04-18 04:00:00,2405.03,2413.54,2399.52,2403.71,14941.9954
2026-04-18 08:00:00,2403.71,2404.85,2343.44,2352.96,67979.8578
2026-04-18 12:00:00,2352.96,2369.66,2345.25,2363.64,57355.5128
2026-04-18 16:00:00,2363.64,2375.14,2339.92,2348.59,39182.5061
2026-04-18 20:00:00,2348.59,2359.5,2344.96,2350.32,13208.7565
2026-04-19 00:00:00,2350.33,2355.3,2332.1,2339.77,20291.3796
2026-04-19 04:00:00,2339.77,2346.11,2300.0,2316.03,54404.7518
2026-04-19 08:00:00,2316.03,2331.13,2306.42,2329.38,23275.524
2026-04-19 12:00:00,2329.38,2350.24,2315.29,2330.8,37666.7192
2026-04-19 16:00:00,2330.8,2331.34,2287.62,2299.65,53803.7087
2026-04-19 20:00:00,2299.66,2300.0,2252.72,2263.27,66644.7443
2026-04-20 00:00:00,2263.28,2294.3,2259.67,2286.56,30033.2489
2026-04-20 04:00:00,2286.55,2332.88,2263.18,2298.8,59476.1626
2026-04-20 08:00:00,2298.81,2320.0,2289.82,2308.42,37613.5655
2026-04-20 12:00:00,2308.42,2326.36,2278.38,2313.91,85434.5339
2026-04-20 16:00:00,2313.92,2344.19,2297.97,2331.78,53432.5029
2026-04-20 20:00:00,2331.78,2346.78,2307.74,2313.85,35010.0521
2026-04-21 00:00:00,2313.84,2326.64,2300.01,2311.62,22781.1909
2026-04-21 04:00:00,2311.62,2327.05,2304.06,2318.48,22945.3733
2026-04-21 08:00:00,2318.48,2338.75,2314.0,2320.45,30640.3683
2026-04-21 12:00:00,2320.45,2327.5,2290.35,2310.24,52118.0452
2026-04-21 16:00:00,2310.25,2332.0,2284.19,2298.41,62286.6088
2026-04-21 20:00:00,2298.42,2329.47,2296.04,2327.14,35874.3905
2026-04-22 00:00:00,2327.15,2379.66,2312.95,2363.62,66774.3839
2026-04-22 04:00:00,2363.63,2413.83,2358.41,2389.97,89349.9459
2026-04-22 08:00:00,2389.98,2400.78,2383.0,2398.44,41401.3724
2026-04-22 12:00:00,2398.44,2423.75,2390.9,2403.83,98738.8258
2026-04-22 16:00:00,2403.84,2413.75,2384.17,2397.79,50321.212
2026-04-22 20:00:00,2397.8,2406.11,2373.95,2374.07,33121.3859
2026-04-23 00:00:00,2374.08,2382.0,2331.5,2340.81,76206.1153
2026-04-23 04:00:00,2340.82,2358.93,2337.12,2344.43,39343.6563
2026-04-23 08:00:00,2344.43,2345.0,2305.61,2328.97,78151.0377
2026-04-23 12:00:00,2328.96,2343.58,2315.23,2333.26,52807.9001
2026-04-23 16:00:00,2333.26,2335.76,2285.42,2312.88,79023.7839
2026-04-23 20:00:00,2312.87,2338.79,2312.74,2330.26,31113.199
2026-04-24 00:00:00,2330.27,2337.5,2301.35,2308.64,27004.8932
2026-04-24 04:00:00,2308.63,2317.35,2300.22,2311.63,28648.9402
2026-04-24 08:00:00,2311.63,2332.26,2303.74,2328.1,35868.9201
2026-04-24 12:00:00,2328.1,2331.85,2301.61,2323.81,46811.7304
2026-04-24 16:00:00,2323.81,2325.0,2308.82,2321.6,24666.2517
2026-04-24 20:00:00,2321.59,2328.16,2307.2,2314.99,20886.8825
2026-04-25 00:00:00,2314.98,2321.36,2311.27,2318.43,7639.0588
2026-04-25 04:00:00,2318.44,2319.01,2313.3,2316.48,6328.1546
2026-04-25 08:00:00,2316.48,2323.21,2311.2,2313.64,11470.7972
2026-04-25 12:00:00,2313.65,2318.94,2303.0,2308.09,15641.4778
2026-04-25 16:00:00,2308.08,2313.98,2300.55,2310.06,19676.6866
2026-04-25 20:00:00,2310.06,2320.42,2308.85,2319.5,7383.0441
2026-04-26 00:00:00,2319.49,2320.06,2306.72,2310.0,10012.7252
2026-04-26 04:00:00,2309.99,2336.48,2308.97,2331.24,24981.3334
2026-04-26 08:00:00,2331.25,2337.68,2329.66,2335.95,12111.2365
2026-04-26 12:00:00,2335.96,2352.44,2324.19,2348.05,24507.8806
2026-04-26 16:00:00,2348.06,2376.35,2340.56,2367.4,35056.7538
2026-04-26 20:00:00,2367.4,2380.0,2348.47,2369.44,47921.6924
2026-04-27 00:00:00,2369.45,2404.37,2359.46,2394.85,48640.6352
2026-04-27 04:00:00,2394.85,2396.05,2312.71,2316.01,71679.7375
2026-04-27 08:00:00,2316.0,2325.52,2309.13,2320.39,29605.5066
2026-04-27 12:00:00,2320.39,2329.82,2266.09,2275.07,85871.4106
2026-04-27 16:00:00,2275.07,2292.91,2270.04,2289.14,46317.2928
2026-04-27 20:00:00,2289.15,2308.61,2284.66,2303.67,18249.2759
2026-04-28 00:00:00,2303.66,2310.88,2280.99,2290.94,21169.2851
2026-04-28 04:00:00,2290.93,2296.91,2270.53,2287.99,37016.4672
2026-04-28 08:00:00,2288.0,2291.64,2270.36,2275.32,32729.5921
2026-04-28 12:00:00,2275.32,2286.2,2258.24,2279.76,49767.4453
2026-04-28 16:00:00,2279.76,2305.55,2274.38,2301.96,33432.9185
2026-04-28 20:00:00,2301.96,2305.95,2284.15,2289.42,13816.5119
2026-04-29 00:00:00,2289.42,2316.36,2278.84,2311.52,39935.6458
2026-04-29 04:00:00,2311.53,2342.5,2309.33,2323.73,55138.2957
2026-04-29 08:00:00,2323.74,2346.95,2321.11,2331.74,34673.3128
2026-04-29 12:00:00,2331.74,2331.94,2263.1,2272.51,81070.1689
2026-04-29 16:00:00,2272.5,2285.92,2220.36,2233.7,105332.5164
2026-04-29 20:00:00,2233.69,2264.8,2230.49,2252.9,38928.1619
2026-04-30 00:00:00,2252.9,2279.0,2236.36,2253.24,36060.2185
2026-04-30 04:00:00,2253.24,2262.23,2231.64,2260.31,33378.8714
2026-04-30 08:00:00,2260.31,2273.7,2252.07,2258.18,30735.9241
2026-04-30 12:00:00,2258.18,2275.13,2245.82,2265.7,37871.9822
2026-04-30 16:00:00,2265.7,2267.16,2251.62,2261.99,17651.0886
2026-04-30 20:00:00,2261.98,2267.32,2252.42,2257.51,11496.1928
2026-05-01 00:00:00,2257.51,2295.0,2257.21,2282.87,26924.6936
2026-05-01 04:00:00,2282.87,2286.75,2272.09,2279.48,22911.8668
2026-05-01 08:00:00,2279.5,2293.0,2277.06,2286.45,18694.3189
2026-05-01 12:00:00,2286.46,2325.28,2284.15,2307.64,74814.7245
2026-05-01 16:00:00,2307.64,2314.21,2298.17,2304.85,26400.5038
2026-05-01 20:00:00,2304.85,2305.86,2278.98,2295.63,21336.4474
2026-05-02 00:00:00,2295.63,2308.34,2292.91,2304.44,10951.3606
2026-05-02 04:00:00,2304.43,2306.35,2296.62,2301.02,10106.3654
2026-05-02 08:00:00,2301.01,2307.78,2299.05,2302.1,8398.4598
2026-05-02 12:00:00,2302.09,2311.83,2301.36,2309.19,11671.861
2026-05-02 16:00:00,2309.18,2313.98,2304.08,2311.08,10993.0917
2026-05-02 20:00:00,2311.08,2343.6,2309.59,2316.97,33467.3339
2026-05-03 00:00:00,2316.97,2317.69,2299.38,2301.9,19468.8798
2026-05-03 04:00:00,2301.9,2314.01,2297.59,2309.28,11221.5322
2026-05-03 08:00:00,2309.28,2327.5,2307.49,2319.63,17555.1258
2026-05-03 12:00:00,2319.63,2333.91,2319.63,2328.44,21474.0931
2026-05-03 16:00:00,2328.45,2337.87,2322.38,2335.59,19196.1335
2026-05-03 20:00:00,2335.6,2356.92,2315.0,2322.65,62158.6698
2026-05-04 00:00:00,2322.65,2391.0,2309.24,2385.12,114327.9965
2026-05-04 04:00:00,2385.11,2398.93,2354.2,2362.8,69420.5189
2026-05-04 08:00:00,2362.79,2371.09,2314.25,2337.59,85731.0321
2026-05-04 12:00:00,2337.59,2381.8,2325.71,2350.1,103215.1931
2026-05-04 16:00:00,2350.11,2379.52,2336.63,2356.52,62301.4442
2026-05-04 20:00:00,2356.52,2365.91,2344.83,2347.16,18024.6137
2026-05-05 00:00:00,2347.17,2389.38,2344.93,2382.43,43369.6537
2026-05-05 04:00:00,2382.43,2390.74,2367.35,2380.59,49038.9405
2026-05-05 08:00:00,2380.59,2384.62,2366.76,2379.89,29380.9535
2026-05-05 12:00:00,2379.89,2399.5,2369.17,2381.31,78808.51
2026-05-05 16:00:00,2381.3,2383.38,2359.71,2371.94,40911.2728
2026-05-05 20:00:00,2371.94,2388.54,2354.34,2360.77,45127.4007
2026-05-06 00:00:00,2360.76,2380.87,2355.0,2376.8,33054.8032
2026-05-06 04:00:00,2376.81,2379.4,2355.0,2371.74,33514.6725
2026-05-06 08:00:00,2371.74,2423.74,2369.16,2410.47,113801.0466
2026-05-06 12:00:00,2410.47,2413.59,2346.68,2359.1,137462.5415
2026-05-06 16:00:00,2359.1,2367.47,2338.0,2348.5,59822.6802
2026-05-06 20:00:00,2348.49,2357.45,2338.28,2350.84,43011.5721
2026-05-07 00:00:00,2350.84,2352.3,2313.89,2322.39,63504.3173
2026-05-07 04:00:00,2322.39,2346.89,2317.8,2344.59,51518.0099
2026-05-07 08:00:00,2344.59,2346.6,2317.35,2329.94,54139.7818
2026-05-07 12:00:00,2329.94,2337.13,2285.95,2294.82,129506.9522
2026-05-07 16:00:00,2294.82,2304.0,2280.1,2295.98,98757.482
2026-05-07 20:00:00,2295.98,2302.57,2281.04,2291.06,72095.3946
2026-05-08 00:00:00,2291.06,2294.28,2265.61,2278.76,54369.0261
2026-05-08 04:00:00,2278.77,2284.54,2267.15,2281.35,73893.4649
2026-05-08 08:00:00,2281.37,2298.01,2280.15,2295.38,65719.1373
2026-05-08 12:00:00,2295.38,2302.0,2269.96,2293.2,85201.3421
2026-05-08 16:00:00,2293.2,2321.22,2286.42,2316.05,76484.5206
2026-05-08 20:00:00,2316.06,2319.15,2303.19,2307.06,65367.6672
2026-05-09 00:00:00,2307.07,2320.77,2304.19,2315.33,39168.7188
2026-05-09 04:00:00,2315.33,2325.33,2310.9,2314.69,51761.091
2026-05-09 08:00:00,2314.69,2320.53,2310.24,2314.57,25659.728
2026-05-09 12:00:00,2314.56,2318.27,2300.0,2317.63,31105.7798
2026-05-09 16:00:00,2317.64,2338.37,2315.29,2332.01,56917.6483
2026-05-09 20:00:00,2332.02,2333.47,2324.7,2326.44,25818.1911
2026-05-10 00:00:00,2326.43,2332.91,2318.33,2327.76,33278.1366
2026-05-10 04:00:00,2327.75,2332.09,2326.1,2327.36,26964.3516
2026-05-10 08:00:00,2327.36,2333.59,2319.0,2322.58,28879.9992
2026-05-10 12:00:00,2322.59,2351.66,2320.87,2347.56,51926.9775
2026-05-10 16:00:00,2347.56,2368.0,2340.11,2365.54,154424.5599
2026-05-10 20:00:00,2365.54,2382.53,2311.83,2371.27,102648.8375
2026-05-11 00:00:00,2371.26,2374.92,2320.01,2330.56,60324.2716
2026-05-11 04:00:00,2330.56,2342.44,2326.66,2330.54,35309.276
2026-05-11 08:00:00,2330.55,2339.9,2326.66,2335.8,21339.0861
2026-05-11 12:00:00,2335.8,2338.89,2304.0,2333.48,54288.2257
2026-05-11 16:00:00,2333.48,2344.35,2323.68,2340.43,43385.8646
2026-05-11 20:00:00,2340.44,2345.68,2335.08,2339.87,22315.3312
2026-05-12 00:00:00,2339.88,2340.85,2295.01,2309.37,46792.4896
2026-05-12 04:00:00,2309.36,2314.49,2291.63,2295.2,35381.7127
2026-05-12 08:00:00,2295.2,2296.27,2278.57,2287.01,60392.7982
2026-05-12 12:00:00,2287.02,2294.01,2256.67,2261.85,63665.2782
2026-05-12 16:00:00,2261.86,2287.43,2256.27,2285.09,29736.9338
2026-05-12 20:00:00,2285.1,2291.37,2273.88,2274.96,17011.8957
2026-05-13 00:00:00,2274.97,2303.77,2273.34,2301.77,25629.7121
2026-05-13 04:00:00,2301.76,2309.0,2295.63,2301.07,20242.608
2026-05-13 08:00:00,2301.07,2323.36,2299.0,2301.82,39654.7131
2026-05-13 12:00:00,2301.83,2307.54,2234.13,2236.49,101419.7434
2026-05-13 16:00:00,2236.48,2268.49,2235.48,2256.53,55259.29
2026-05-13 20:00:00,2256.53,2264.46,2251.0,2258.65,16249.6633
2026-05-14 00:00:00,2258.66,2269.37,2238.64,2242.14,28395.7613
2026-05-14 04:00:00,2242.14,2275.2,2239.54,2265.48,28603.5337
2026-05-14 08:00:00,2265.49,2270.99,2252.53,2253.81,31025.1104
2026-05-14 12:00:00,2253.81,2299.7,2246.13,2298.48,68751.7844
2026-05-14 16:00:00,2298.48,2319.33,2293.96,2298.34,71280.168
2026-05-14 20:00:00,2298.34,2301.67,2280.18,2283.25,28624.4781
2026-05-15 00:00:00,2283.26,2300.29,2260.45,2273.34,56947.0188
2026-05-15 04:00:00,2273.35,2273.91,2237.95,2265.11,50307.0238
2026-05-15 08:00:00,2265.11,2265.42,2250.0,2257.57,30771.6519
2026-05-15 12:00:00,2257.56,2260.72,2205.11,2222.85,98329.8622
2026-05-15 16:00:00,2222.86,2232.88,2218.9,2223.35,32854.539
2026-05-15 20:00:00,2223.35,2226.29,2215.0,2224.66,19326.455
2026-05-16 00:00:00,2224.65,2231.51,2223.53,2228.01,11176.8318
2026-05-16 04:00:00,2228.0,2228.96,2182.0,2194.81,52860.5816
2026-05-16 08:00:00,2194.81,2196.87,2162.55,2176.1,66188.9001
2026-05-16 12:00:00,2176.11,2188.16,2172.3,2180.0,38164.9832
2026-05-16 16:00:00,2180.0,2185.22,2170.5,2179.57,23176.1285
2026-05-16 20:00:00,2179.57,2183.54,2179.35,2180.77,7721.1509
2026-05-17 00:00:00,2180.77,2185.6,2167.98,2181.7,22317.4449
2026-05-17 04:00:00,2181.71,2195.0,2181.14,2186.64,17300.9882
2026-05-17 08:00:00,2186.63,2198.14,2183.12,2192.0,15590.7778
2026-05-17 12:00:00,2192.0,2198.04,2178.39,2186.51,18881.2867
2026-05-17 16:00:00,2186.51,2193.62,2176.63,2192.53,12368.2351
2026-05-17 20:00:00,2192.54,2194.82,2091.48,2131.0,88658.0822
2026-05-18 00:00:00,2131.0,2132.0,2104.99,2118.44,66934.9313
2026-05-18 04:00:00,2118.44,2125.83,2110.0,2120.82,32135.9981
2026-05-18 08:00:00,2120.82,2139.75,2110.5,2133.9,32838.4005
2026-05-18 12:00:00,2133.9,2157.24,2093.77,2107.48,113725.5324
2026-05-18 16:00:00,2107.49,2128.49,2077.23,2125.07,93607.2455
2026-05-18 20:00:00,2125.07,2142.67,2114.59,2130.08,42636.2854
2026-05-19 00:00:00,2130.08,2146.95,2118.6,2131.3,28665.0307
2026-05-19 04:00:00,2131.3,2145.0,2123.61,2140.97,24673.1361
2026-05-19 08:00:00,2140.97,2141.4,2106.77,2110.85,35095.6348
2026-05-19 12:00:00,2110.85,2127.53,2094.47,2110.19,55879.338
2026-05-19 16:00:00,2110.2,2125.07,2107.12,2113.15,24674.862
2026-05-19 20:00:00,2113.14,2120.59,2102.09,2111.93,17957.0734
2026-05-20 00:00:00,2111.93,2119.24,2103.29,2111.6,19314.4795
2026-05-20 04:00:00,2111.6,2136.5,2107.3,2129.74,35114.2894
2026-05-20 08:00:00,2129.75,2138.0,2124.28,2128.3,22183.4247
2026-05-20 12:00:00,2128.31,2149.0,2113.87,2136.75,58916.9837
2026-05-20 16:00:00,2136.76,2148.77,2124.1,2139.12,32155.664
2026-05-20 20:00:00,2139.12,2140.76,2118.45,2129.44,21403.4527
2026-05-21 00:00:00,2129.44,2157.5,2128.59,2145.76,27764.9747
2026-05-21 04:00:00,2145.76,2148.75,2124.25,2135.06,27168.5527
2026-05-21 08:00:00,2135.07,2148.33,2110.0,2115.27,41666.6187
2026-05-21 12:00:00,2115.28,2138.05,2105.15,2132.65,65871.6779
2026-05-21 16:00:00,2132.64,2153.75,2121.79,2142.83,55972.0073
2026-05-21 20:00:00,2142.84,2143.46,2127.27,2133.76,14445.2804
2026-05-22 00:00:00,2133.77,2141.39,2125.68,2137.88,14039.1024
2026-05-22 04:00:00,2137.89,2141.34,2122.22,2128.7,23434.8628
2026-05-22 08:00:00,2128.7,2133.34,2119.18,2130.78,30833.2166
2026-05-22 12:00:00,2130.78,2138.0,2112.47,2119.48,42385.9585
2026-05-22 16:00:00,2119.49,2130.0,2058.0,2065.54,71524.6579
2026-05-22 20:00:00,2065.54,2079.59,2057.79,2065.85,39565.4566
2026-05-23 00:00:00,2065.86,2072.0,2053.0,2070.78,35673.5475
2026-05-23 04:00:00,2070.78,2071.19,2009.3,2028.59,75799.2127
2026-05-23 08:00:00,2028.58,2036.01,2021.07,2031.48,34325.3716
2026-05-23 12:00:00,2031.48,2068.68,2027.35,2060.27,54590.2681
2026-05-23 16:00:00,2060.27,2083.64,2057.25,2077.33,39862.3851
2026-05-23 20:00:00,2077.34,2149.95,2074.84,2117.68,110295.4439
2026-05-24 00:00:00,2117.69,2127.28,2113.1,2119.04,29103.0509
2026-05-24 04:00:00,2119.05,2129.93,2113.65,2121.01,28463.348
2026-05-24 08:00:00,2121.02,2132.14,2119.05,2126.18,20978.1989
2026-05-24 12:00:00,2126.19,2126.58,2079.52,2095.84,53181.4865
2026-05-24 16:00:00,2095.83,2109.0,2095.22,2100.87,16390.0018
2026-05-24 20:00:00,2100.87,2107.0,2063.0,2099.85,49632.6744
2026-05-25 00:00:00,2099.86,2113.25,2092.57,2095.58,24131.108
2026-05-25 04:00:00,2095.59,2117.55,2092.26,2116.28,42000.3305
2026-05-25 08:00:00,2116.29,2124.1,2111.7,2114.95,21667.0316
2026-05-25 12:00:00,2114.95,2138.28,2112.25,2127.12,29687.9855
2026-05-25 16:00:00,2127.13,2141.98,2116.55,2121.43,23506.4643
2026-05-25 20:00:00,2121.42,2123.16,2102.35,2113.01,25435.678
2026-05-26 00:00:00,2113.01,2113.89,2084.52,2093.12,34695.0977
2026-05-26 04:00:00,2093.11,2104.65,2088.82,2095.61,22937.9606
2026-05-26 08:00:00,2095.61,2137.29,2094.1,2121.01,44588.5806
2026-05-26 12:00:00,2121.0,2140.49,2078.75,2087.36,93684.9119
2026-05-26 16:00:00,2087.36,2089.97,2055.06,2074.29,65909.5277
2026-05-26 20:00:00,2074.3,2078.78,2065.98,2073.77,20737.2311
2026-05-27 00:00:00,2073.77,2084.23,2068.9,2070.0,21987.0064
2026-05-27 04:00:00,2070.01,2084.16,2056.31,2083.78,27195.6917
2026-05-27 08:00:00,2083.77,2096.71,2078.26,2080.55,28746.5558
2026-05-27 12:00:00,2080.56,2097.4,2051.96,2071.38,79022.1167
2026-05-27 16:00:00,2071.39,2074.5,2043.31,2057.47,45395.4671
2026-05-27 20:00:00,2057.47,2066.14,2016.0,2024.84,65616.3196
2026-05-28 00:00:00,2024.83,2029.2,1972.0,1981.55,90607.5773
2026-05-28 04:00:00,1981.55,1996.78,1967.0,1995.56,74760.4299
2026-05-28 08:00:00,1995.56,1998.4,1984.85,1989.89,32953.9429
2026-05-28 12:00:00,1989.88,2002.5,1967.38,1990.65,75988.1864
2026-05-28 16:00:00,1990.65,2030.0,1985.22,2014.55,57298.3774
2026-05-28 20:00:00,2014.54,2024.63,2005.43,2009.9,32226.4072
2026-05-29 00:00:00,2009.89,2017.17,1997.24,2002.78,24310.5747
2026-05-29 04:00:00,2002.79,2021.51,1998.4,2007.62,34409.9182
2026-05-29 08:00:00,2007.61,2016.11,2002.35,2007.58,28724.0785
2026-05-29 12:00:00,2007.58,2046.59,1976.48,2031.62,101067.75
2026-05-29 16:00:00,2031.62,2044.29,2005.0,2016.96,67360.4166
2026-05-29 20:00:00,2016.96,2023.99,2007.0,2014.54,27272.957
2026-05-30 00:00:00,2014.54,2023.55,2010.69,2016.83,14645.2914
2026-05-30 04:00:00,2016.83,2020.56,2002.0,2016.32,22750.6464
2026-05-30 08:00:00,2016.32,2022.0,2013.92,2017.4,9329.3114
2026-05-30 12:00:00,2017.4,2032.0,2017.14,2026.61,22745.9664
2026-05-30 16:00:00,2026.63,2030.01,2019.5,2028.76,15670.4214
2026-05-30 20:00:00,2028.77,2031.41,2020.35,2022.44,12835.8979
2026-05-31 00:00:00,2022.44,2038.0,2020.83,2033.41,17706.4074
2026-05-31 04:00:00,2033.41,2034.99,2022.78,2024.01,11162.0752
2026-05-31 08:00:00,2024.02,2029.11,2015.34,2023.27,20999.1397
2026-05-31 12:00:00,2023.28,2026.5,2005.83,2010.52,29133.9281
2026-05-31 16:00:00,2010.52,2012.42,1993.75,1999.59,40644.485
2026-05-31 20:00:00,1999.58,2023.0,1999.58,2007.01,44089.4604
2026-06-01 00:00:00,2007.02,2021.5,1991.31,2009.09,73159.1205
2026-06-01 04:00:00,2009.09,2011.97,1971.7,1976.43,43590.1003
2026-06-01 08:00:00,1976.42,1990.11,1969.9,1981.44,49130.48
2026-06-01 12:00:00,1981.44,1994.39,1956.04,1968.45,90946.1743
2026-06-01 16:00:00,1968.45,2008.83,1958.79,2004.53,69908.5378
2026-06-01 20:00:00,2004.53,2009.2,1984.5,2006.73,47693.871
2026-06-02 00:00:00,2006.73,2006.78,1962.76,2003.94,46692.2407
2026-06-02 04:00:00,2003.94,2006.44,1973.88,1981.88,47532.952
2026-06-02 08:00:00,1981.89,1989.0,1966.69,1978.53,47617.4742
2026-06-02 12:00:00,1978.53,1982.75,1890.0,1914.81,165219.2852
2026-06-02 16:00:00,1914.81,1943.87,1881.01,1912.28,96022.4005
2026-06-02 20:00:00,1912.28,1919.01,1839.02,1859.84,153801.1892
2026-06-03 00:00:00,1859.84,1874.11,1816.92,1828.24,122790.4231
2026-06-03 04:00:00,1828.24,1884.41,1827.65,1878.39,90436.6511
2026-06-03 08:00:00,1878.39,1893.07,1869.95,1878.16,53244.0374
2026-06-03 12:00:00,1878.17,1880.0,1836.21,1837.21,78492.2555
2026-06-03 16:00:00,1837.22,1844.08,1795.23,1803.41,104394.7399
2026-06-03 20:00:00,1803.41,1852.2,1769.62,1813.05,135402.3748
2026-06-04 00:00:00,1813.05,1820.5,1717.28,1809.24,200046.0588
2026-06-04 04:00:00,1809.24,1818.0,1773.52,1777.45,82985.5515
2026-06-04 08:00:00,1777.44,1783.27,1730.13,1751.51,141386.8608
2026-06-04 12:00:00,1751.51,1794.43,1744.29,1777.02,111504.3967
2026-06-04 16:00:00,1777.03,1787.11,1754.0,1776.94,60544.5739
2026-06-04 20:00:00,1776.93,1783.02,1752.46,1770.77,51838.6634
2026-06-05 00:00:00,1770.76,1774.99,1722.36,1729.71,88171.1972
2026-06-05 04:00:00,1729.72,1747.8,1625.78,1679.21,313675.2275
2026-06-05 08:00:00,1679.22,1690.07,1659.43,1663.44,119418.6703
2026-06-05 12:00:00,1663.43,1677.7,1572.22,1583.29,304333.021
2026-06-05 16:00:00,1583.29,1612.89,1540.19,1574.06,267408.079
2026-06-05 20:00:00,1574.07,1619.3,1557.36,1583.4,164006.9658
2026-06-06 00:00:00,1583.4,1601.22,1555.28,1563.34,68604.3971
2026-06-06 04:00:00,1563.34,1581.62,1505.68,1575.14,182035.7945
2026-06-06 08:00:00,1575.14,1593.04,1535.68,1558.89,96734.7301
2026-06-06 12:00:00,1558.9,1575.82,1544.87,1560.45,107947.6889
2026-06-06 16:00:00,1560.45,1566.51,1547.05,1554.56,60854.9147
2026-06-06 20:00:00,1554.55,1570.06,1550.85,1569.69,42280.8419
2026-06-07 00:00:00,1569.68,1600.51,1564.1,1595.01,56783.117
2026-06-07 04:00:00,1595.0,1623.52,1585.0,1615.18,88472.2063
2026-06-07 08:00:00,1615.18,1648.7,1608.39,1630.12,79805.2925
2026-06-07 12:00:00,1630.12,1640.0,1607.0,1630.07,73035.7897
2026-06-07 16:00:00,1630.07,1638.0,1604.0,1613.11,60204.4464
2026-06-07 20:00:00,1613.1,1721.93,1609.43,1690.51,99979.739
2026-06-08 00:00:00,1690.5,1711.58,1670.94,1680.01,74470.0385
2026-06-08 04:00:00,1680.02,1683.49,1645.0,1673.47,73682.0193
2026-06-08 08:00:00,1673.46,1696.77,1657.21,1683.76,73745.4019
2026-06-08 12:00:00,1683.77,1706.22,1667.46,1691.59,129205.2984
2026-06-08 16:00:00,1691.59,1703.88,1675.8,1684.78,72641.0716
2026-06-08 20:00:00,1684.78,1714.5,1679.25,1690.49,56283.4824
2026-06-09 00:00:00,1690.48,1696.88,1654.63,1669.44,65616.5084
2026-06-09 04:00:00,1669.44,1696.41,1664.33,1679.86,55695.031
2026-06-09 08:00:00,1679.86,1680.64,1665.0,1671.96,39039.5622
2026-06-09 12:00:00,1671.96,1683.32,1633.84,1636.4,109750.9015
2026-06-09 16:00:00,1636.4,1658.64,1614.02,1657.33,81822.2362
2026-06-09 20:00:00,1657.33,1663.77,1630.36,1639.52,32222.9956
2026-06-10 00:00:00,1639.52,1646.91,1621.77,1630.82,27935.8341
2026-06-10 04:00:00,1630.82,1643.58,1616.33,1640.09,28762.4847
2026-06-10 08:00:00,1640.1,1640.89,1606.01,1620.05,50677.5242
2026-06-10 12:00:00,1620.06,1667.96,1615.91,1657.97,78993.1365
2026-06-10 16:00:00,1657.98,1658.73,1622.51,1630.15,55253.005
2026-06-10 20:00:00,1630.15,1636.21,1603.44,1621.59,49169.2974
2026-06-11 00:00:00,1621.6,1661.3,1621.6,1653.95,36288.0336
2026-06-11 04:00:00,1653.94,1663.14,1646.2,1654.41,36562.9666
2026-06-11 08:00:00,1654.4,1673.5,1654.28,1666.84,30402.7025
2026-06-11 12:00:00,1666.84,1666.88,1636.19,1645.55,55809.1021
2026-06-11 16:00:00,1645.56,1693.59,1632.71,1681.26,85215.6465
2026-06-11 20:00:00,1681.26,1683.29,1667.18,1673.46,34229.2691
2026-06-12 00:00:00,1673.46,1678.42,1660.93,1673.25,20659.4497
2026-06-12 04:00:00,1673.25,1682.0,1652.09,1662.12,30223.5752
2026-06-12 08:00:00,1662.12,1685.65,1662.12,1673.89,33152.9108
2026-06-12 12:00:00,1673.88,1691.07,1653.74,1660.08,63394.6373
2026-06-12 16:00:00,1660.08,1678.1,1657.38,1665.92,42191.8674
2026-06-12 20:00:00,1665.92,1668.01,1659.02,1666.41,12265.5698
2026-06-13 00:00:00,1666.42,1675.9,1663.36,1665.25,16399.5929
2026-06-13 04:00:00,1665.25,1677.74,1662.2,1676.38,16043.7279
2026-06-13 08:00:00,1676.38,1679.92,1672.8,1678.34,18492.0161
2026-06-13 12:00:00,1678.33,1686.56,1676.69,1682.15,19930.4374
2026-06-13 16:00:00,1682.14,1682.63,1671.44,1678.29,21369.3543
2026-06-13 20:00:00,1678.3,1697.28,1674.91,1681.18,14516.4791
2026-06-14 00:00:00,1681.19,1690.36,1678.83,1681.73,10407.9003
2026-06-14 04:00:00,1681.74,1682.66,1673.72,1675.91,15591.2044
2026-06-14 08:00:00,1675.91,1679.0,1669.15,1673.73,14816.273
2026-06-14 12:00:00,1673.73,1674.58,1654.9,1662.95,23932.5644
2026-06-14 16:00:00,1662.95,1668.57,1658.95,1665.43,17942.9787
2026-06-14 20:00:00,1665.44,1732.28,1662.67,1725.62,95319.0333
2026-06-15 00:00:00,1725.63,1733.04,1709.66,1720.78,46791.0843
2026-06-15 04:00:00,1720.78,1723.8,1715.95,1716.59,33173.3834
2026-06-15 08:00:00,1716.6,1769.0,1712.17,1764.67,86337.2957
2026-06-15 12:00:00,1764.67,1849.54,1760.28,1845.53,170759.7618
2026-06-15 16:00:00,1845.53,1847.13,1811.66,1821.89,78464.5018
2026-06-15 20:00:00,1821.88,1826.62,1782.82,1796.13,48609.2283
2026-06-16 00:00:00,1796.14,1802.09,1764.84,1779.16,50532.628
2026-06-16 04:00:00,1779.16,1783.32,1758.0,1774.24,50401.9351
2026-06-16 08:00:00,1774.25,1807.97,1773.25,1799.59,57224.9557
2026-06-16 12:00:00,1799.6,1839.77,1763.36,1782.44,123987.1567
2026-06-16 16:00:00,1782.43,1808.44,1773.03,1795.41,48137.7978
2026-06-16 20:00:00,1795.41,1800.48,1789.53,1792.99,23293.0757
2026-06-17 00:00:00,1793.0,1810.21,1778.99,1793.58,31174.503
2026-06-17 04:00:00,1793.58,1801.79,1778.71,1785.08,23610.2996
2026-06-17 08:00:00,1785.09,1786.15,1759.35,1763.92,35117.6055
2026-06-17 12:00:00,1763.93,1776.94,1741.05,1773.41,82129.4721
2026-06-17 16:00:00,1773.42,1796.08,1729.26,1734.72,126372.9648
2026-06-17 20:00:00,1734.73,1751.66,1725.34,1750.6,36093.2125
2026-06-18 00:00:00,1750.61,1762.99,1741.46,1744.17,30981.8033
2026-06-18 04:00:00,1744.17,1753.29,1722.24,1749.79,44003.2068
2026-06-18 08:00:00,1749.8,1753.61,1739.11,1743.31,47075.973
2026-06-18 12:00:00,1743.31,1753.06,1680.0,1682.23,94529.5977
2026-06-18 16:00:00,1682.23,1707.48,1671.79,1705.39,66020.9508
2026-06-18 20:00:00,1705.4,1717.23,1700.19,1711.11,29869.434
2026-06-19 00:00:00,1711.11,1719.51,1682.35,1697.69,37691.0234
2026-06-19 04:00:00,1697.7,1703.4,1686.0,1695.82,32582.5204
2026-06-19 08:00:00,1695.82,1699.82,1687.05,1691.74,19744.2088
2026-06-19 12:00:00,1691.74,1712.06,1679.11,1707.86,38540.4796
2026-06-19 16:00:00,1707.87,1711.76,1693.7,1701.2,22445.5251
2026-06-19 20:00:00,1701.21,1715.0,1698.89,1711.19,14074.4411
2026-06-20 00:00:00,1711.18,1718.0,1704.06,1708.17,14486.4039
2026-06-20 04:00:00,1708.18,1733.89,1706.51,1725.82,28639.3455
2026-06-20 08:00:00,1725.81,1731.76,1721.25,1727.18,13310.0526
2026-06-20 12:00:00,1727.18,1749.55,1708.11,1740.63,45563.7598
2026-06-20 16:00:00,1740.63,1740.91,1721.03,1729.27,23469.7503
2026-06-20 20:00:00,1729.27,1746.17,1726.53,1741.08,34322.509
2026-06-21 00:00:00,1741.08,1741.45,1733.51,1737.87,11485.9288
2026-06-21 04:00:00,1737.88,1741.41,1729.8,1732.36,19148.6555
2026-06-21 08:00:00,1732.36,1737.02,1718.56,1725.36,19610.1055
2026-06-21 12:00:00,1725.37,1732.57,1717.14,1730.72,18999.8619
2026-06-21 16:00:00,1730.71,1739.32,1721.67,1734.14,20185.3775
2026-06-21 20:00:00,1734.14,1735.34,1702.0,1706.94,34332.5397
2026-06-22 00:00:00,1706.94,1759.84,1706.94,1730.0,48245.9908
2026-06-22 04:00:00,1730.0,1751.58,1727.69,1746.34,31556.4356
2026-06-22 08:00:00,1746.34,1774.7,1743.56,1767.68,39953.9512
2026-06-22 12:00:00,1767.68,1779.9,1742.41,1744.74,64395.6052
2026-06-22 16:00:00,1744.75,1747.7,1729.15,1734.59,49656.142
2026-06-22 20:00:00,1734.59,1740.07,1717.02,1728.19,28849.0572
2026-06-23 00:00:00,1728.19,1736.25,1719.75,1729.9,18729.6756
2026-06-23 04:00:00,1729.91,1731.25,1680.52,1683.01,51916.6503
2026-06-23 08:00:00,1683.02,1684.8,1635.65,1660.9,71256.16
2026-06-23 12:00:00,1660.9,1672.0,1645.52,1659.78,48840.9545
2026-06-23 16:00:00,1659.78,1673.89,1650.0,1662.58,38682.1168
2026-06-23 20:00:00,1662.57,1672.92,1660.27,1667.13,18836.4548
2026-06-24 00:00:00,1667.13,1680.46,1658.18,1666.67,22390.5044
2026-06-24 04:00:00,1666.67,1679.57,1658.22,1673.12,24404.4994
2026-06-24 08:00:00,1673.13,1693.67,1655.76,1679.57,33696.0543
2026-06-24 12:00:00,1679.57,1681.29,1616.8,1618.08,88400.6962
2026-06-24 16:00:00,1618.08,1636.08,1552.95,1584.58,135306.743
2026-06-24 20:00:00,1584.59,1629.82,1580.0,1622.17,51529.843
2026-06-25 00:00:00,1622.18,1626.51,1614.69,1619.6,23937.0954
2026-06-25 04:00:00,1619.61,1660.54,1617.12,1657.19,63588.8033
2026-06-25 08:00:00,1657.2,1658.98,1628.05,1633.27,44025.3002
2026-06-25 12:00:00,1633.28,1650.38,1532.9,1570.01,198494.0295
2026-06-25 16:00:00,1570.01,1587.7,1554.6,1559.42,70320.4164
2026-06-25 20:00:00,1559.41,1583.65,1556.73,1567.84,40305.3602
2026-06-26 00:00:00,1567.86,1571.78,1512.0,1557.93,83566.0007
2026-06-26 04:00:00,1557.93,1586.5,1543.43,1581.12,68736.4863
2026-06-26 08:00:00,1581.12,1582.43,1541.01,1545.14,70838.7025
2026-06-26 12:00:00,1545.15,1588.23,1521.54,1580.14,120105.8574
2026-06-26 16:00:00,1580.13,1594.7,1570.32,1574.51,54249.7168
2026-06-26 20:00:00,1574.51,1583.4,1568.0,1578.68,26194.6756
2026-06-27 00:00:00,1578.68,1587.17,1571.55,1580.62,19128.5427
2026-06-27 04:00:00,1580.62,1586.38,1575.2,1585.71,15220.2854
2026-06-27 08:00:00,1585.72,1585.95,1579.0,1584.0,13455.5916
2026-06-27 12:00:00,1584.0,1611.02,1581.42,1605.68,34188.3622
2026-06-27 16:00:00,1605.68,1607.92,1573.36,1578.51,29623.6061
2026-06-27 20:00:00,1578.51,1585.69,1562.86,1573.99,19975.9718
2026-06-28 00:00:00,1574.0,1580.05,1569.07,1575.08,12159.2677
2026-06-28 04:00:00,1575.08,1577.34,1562.41,1575.96,21037.2582
2026-06-28 08:00:00,1575.96,1586.35,1572.23,1582.87,23867.9303
2026-06-28 12:00:00,1582.86,1588.82,1575.04,1580.89,23674.5553
2026-06-28 16:00:00,1580.9,1581.94,1556.81,1564.62,26775.6987
2026-06-28 20:00:00,1564.61,1582.29,1548.37,1571.96,32666.4315
2026-06-29 00:00:00,1571.96,1589.75,1550.43,1584.78,37339.7726
2026-06-29 04:00:00,1584.77,1589.08,1562.26,1580.16,24161.5922
2026-06-29 08:00:00,1580.17,1587.0,1569.85,1574.93,33233.37
2026-06-29 12:00:00,1574.93,1597.28,1557.35,1580.26,100601.0826
2026-06-29 16:00:00,1580.26,1637.58,1574.06,1625.6,80924.4923
2026-06-29 20:00:00,1625.6,1626.65,1607.41,1613.07,33708.6651
2026-06-30 00:00:00,1613.07,1614.41,1586.49,1587.18,34800.71
2026-06-30 04:00:00,1587.18,1596.25,1579.79,1592.51,25185.0878
2026-06-30 08:00:00,1592.51,1594.28,1575.85,1578.58,33797.8662
2026-06-30 12:00:00,1578.57,1578.58,1550.2,1565.18,74039.8113
2026-06-30 16:00:00,1565.19,1581.92,1561.84,1580.53,32530.1507
2026-06-30 20:00:00,1580.52,1582.98,1566.0,1572.01,21703.5782
2026-07-01 00:00:00,1572.0,1599.19,1552.92,1594.81,49726.9569
2026-07-01 04:00:00,1594.81,1604.02,1571.5,1578.36,39936.0774
2026-07-01 08:00:00,1578.36,1585.33,1567.13,1569.89,26168.9067
2026-07-01 12:00:00,1569.88,1631.0,1565.26,1620.09,94503.3823
2026-07-01 16:00:00,1620.1,1629.26,1607.17,1618.09,41221.2114
2026-07-01 20:00:00,1618.07,1646.26,1608.35,1609.58,54979.7763
2026-07-02 00:00:00,1609.59,1642.32,1597.22,1639.47,45157.4777
2026-07-02 04:00:00,1639.46,1639.94,1614.32,1615.97,39835.0073
2026-07-02 08:00:00,1615.97,1657.53,1615.08,1650.32,70678.134
2026-07-02 12:00:00,1650.31,1725.0,1647.66,1697.05,157423.2035
2026-07-02 16:00:00,1697.06,1707.14,1686.49,1700.15,38353.5213
2026-07-02 20:00:00,1700.15,1706.68,1692.13,1700.57,22006.1644
2026-07-03 00:00:00,1700.57,1718.97,1694.72,1706.43,34469.11
2026-07-03 04:00:00,1706.43,1722.21,1702.28,1717.77,30478.0143
2026-07-03 08:00:00,1717.77,1749.0,1715.68,1742.54,54522.5378
2026-07-03 12:00:00,1742.54,1753.29,1728.99,1731.24,53093.4088
2026-07-03 16:00:00,1731.24,1753.0,1727.87,1745.38,26376.499
2026-07-03 20:00:00,1745.39,1775.78,1743.61,1758.21,45477.2981
2026-07-04 00:00:00,1758.22,1764.0,1744.09,1753.92,18698.1782
2026-07-04 04:00:00,1753.91,1764.61,1751.72,1758.19,27472.9105
2026-07-04 08:00:00,1758.18,1765.55,1755.0,1758.24,17210.9322
2026-07-04 12:00:00,1758.23,1799.92,1758.23,1791.09,51998.9737
2026-07-04 16:00:00,1791.08,1807.65,1779.0,1792.83,55311.175
2026-07-04 20:00:00,1792.83,1795.81,1772.1,1780.64,20187.9801
2026-07-05 00:00:00,1780.64,1780.75,1757.0,1761.59,36440.4
2026-07-05 04:00:00,1761.58,1772.69,1760.07,1770.1,97257.2223
2026-07-05 08:00:00,1770.09,1773.27,1748.79,1760.08,175998.4611
2026-07-05 12:00:00,1760.08,1781.28,1756.03,1774.67,19997.987
2026-07-05 16:00:00,1774.66,1786.23,1770.31,1781.43,18203.54
2026-07-05 20:00:00,1781.44,1808.0,1769.29,1785.65,41775.8087
2026-07-06 00:00:00,1785.65,1799.02,1772.22,1779.71,28847.3588
2026-07-06 04:00:00,1779.7,1784.79,1764.42,1772.32,26903.8566
2026-07-06 08:00:00,1772.32,1778.6,1755.77,1759.64,33338.5309
2026-07-06 12:00:00,1759.64,1788.96,1728.95,1788.57,102182.4878
2026-07-06 16:00:00,1788.57,1805.0,1782.42,1792.76,60585.2426
2026-07-06 20:00:00,1792.76,1833.4,1787.26,1799.56,54021.8537
2026-07-07 00:00:00,1799.56,1810.16,1768.85,1771.56,37424.6442
2026-07-07 04:00:00,1771.55,1782.59,1757.57,1771.24,36953.6972
2026-07-07 08:00:00,1771.23,1785.0,1768.37,1780.77,27719.868
2026-07-07 12:00:00,1780.77,1803.03,1761.19,1797.45,65131.7844
2026-07-07 16:00:00,1797.45,1813.16,1773.5,1790.45,46598.5947
2026-07-07 20:00:00,1790.46,1793.12,1765.35,1771.45,27708.1368
2026-07-08 00:00:00,1771.45,1785.0,1741.21,1751.78,45660.413
2026-07-08 04:00:00,1751.74,1759.69,1745.01,1756.7,25382.1947
2026-07-08 08:00:00,1756.7,1758.7,1725.18,1747.95,56796.3744
2026-07-08 12:00:00,1747.95,1751.25,1713.44,1722.96,52233.5971
2026-07-08 16:00:00,1722.96,1746.52,1722.78,1740.98,31384.7131
2026-07-08 20:00:00,1740.99,1744.81,1731.41,1743.54,13773.9331
2026-07-09 00:00:00,1743.55,1756.79,1721.93,1730.7,27790.6064
2026-07-09 04:00:00,1730.7,1762.36,1730.35,1753.31,37627.1459
2026-07-09 08:00:00,1753.3,1758.68,1741.26,1744.02,20219.9949
2026-07-09 12:00:00,1744.02,1752.0,1733.36,1739.51,50758.7135
2026-07-09 16:00:00,1739.51,1759.82,1731.99,1748.51,23935.0548
2026-07-09 20:00:00,1748.51,1751.08,1741.56,1745.16,13373.7417
2026-07-10 00:00:00,1745.17,1779.68,1737.68,1776.12,45350.5313
2026-07-10 04:00:00,1776.13,1780.33,1768.57,1773.2,23853.2993
2026-07-10 08:00:00,1773.2,1802.99,1772.63,1801.22,46227.7286
2026-07-10 12:00:00,1801.22,1812.0,1775.0,1791.11,57199.9434
2026-07-10 16:00:00,1791.11,1799.53,1781.2,1792.68,26445.6486
2026-07-10 20:00:00,1792.68,1798.0,1789.6,1796.85,16528.6533
2026-07-11 00:00:00,1796.85,1799.29,1786.77,1796.5,16451.0616
2026-07-11 04:00:00,1796.5,1803.29,1794.6,1800.0,23003.1116
2026-07-11 08:00:00,1799.99,1803.52,1795.15,1800.48,13163.6509
2026-07-11 12:00:00,1800.47,1828.0,1798.42,1814.83,48962.5551
2026-07-11 16:00:00,1814.82,1830.0,1810.62,1824.38,44106.5907
2026-07-11 20:00:00,1824.38,1829.17,1786.58,1787.76,33016.4484
2026-07-12 00:00:00,1787.76,1813.67,1779.46,1811.53,30490.9328
2026-07-12 04:00:00,1811.53,1812.63,1789.44,1798.78,14481.5819
2026-07-12 08:00:00,1798.78,1808.94,1796.48,1803.77,13663.3791
2026-07-12 12:00:00,1803.77,1826.92,1803.0,1820.93,32674.8309
2026-07-12 16:00:00,1820.94,1824.39,1814.85,1821.4,27234.0306
2026-07-12 20:00:00,1821.4,1824.0,1797.63,1806.8,22528.2282
2026-07-13 00:00:00,1806.8,1846.0,1775.0,1780.55,99489.3232
2026-07-13 04:00:00,1780.54,1791.39,1773.99,1787.57,34173.7254
2026-07-13 08:00:00,1787.58,1793.56,1777.1,1780.74,24971.0007
2026-07-13 12:00:00,1780.74,1786.53,1762.44,1777.01,57606.1973
2026-07-13 16:00:00,1777.0,1780.73,1750.2,1774.92,49356.977
2026-07-13 20:00:00,1774.93,1778.05,1752.59,1776.72,29434.3962
2026-07-14 00:00:00,1776.71,1794.47,1773.41,1783.65,25835.8415
2026-07-14 04:00:00,1783.64,1793.26,1779.41,1781.21,23132.8984
2026-07-14 08:00:00,1781.21,1805.0,1779.0,1798.09,47517.0909
2026-07-14 12:00:00,1798.09,1888.8,1794.37,1875.22,193011.7605
2026-07-14 16:00:00,1875.22,1881.56,1860.56,1876.74,38959.9231
2026-07-14 20:00:00,1876.74,1896.14,1872.06,1891.87,40456.2576
2026-07-15 00:00:00,1891.87,1893.32,1864.38,1876.08,35148.8223
2026-07-15 04:00:00,1876.08,1891.89,1864.7,1870.04,36339.328
2026-07-15 08:00:00,1870.04,1886.59,1870.03,1884.62,35085.8935
2026-07-15 12:00:00,1884.62,1946.52,1879.25,1931.95,137284.8153
2026-07-15 16:00:00,1931.96,1937.0,1904.36,1924.15,55271.775
2026-07-15 20:00:00,1924.15,1930.71,1914.89,1917.86,20670.3352
2026-07-16 00:00:00,1917.86,1929.0,1908.12,1918.7,28168.2017
2026-07-16 04:00:00,1918.7,1929.48,1905.0,1910.63,29157.4136
2026-07-16 08:00:00,1910.64,1912.85,1875.56,1885.26,85450.7339
2026-07-16 12:00:00,1885.26,1894.38,1867.68,1881.88,63993.5576
2026-07-16 16:00:00,1881.89,1883.0,1862.57,1875.59,33323.5741
2026-07-16 20:00:00,1875.59,1881.59,1857.54,1864.71,31595.6054
2026-07-17 00:00:00,1864.71,1871.08,1843.2,1852.53,44486.8168
2026-07-17 04:00:00,1852.53,1853.08,1820.74,1828.52,45533.7226
2026-07-17 08:00:00,1828.52,1843.26,1821.41,1839.04,36870.4969
2026-07-17 12:00:00,1839.05,1840.58,1803.05,1830.88,72970.3255
2026-07-17 16:00:00,1830.89,1856.17,1825.32,1843.76,40978.7013
2026-07-17 20:00:00,1843.76,1846.65,1835.27,1841.93,12187.6925
2026-07-18 00:00:00,1841.94,1845.0,1839.86,1842.26,2503.0907
